node_id,lambda_size,w_size,upper_bound,lower_bound,no_pruning_windows,gain_factor
1,5,6,7,7,7,1.16667
1240,5,5,7,7,7,1.4
1241,6,7,7,7,7,1
1242,4,6,7,6,7,1.16667
166,9,7,7,7,7,1
2,8,7,7,7,7,1
3,7,7,7,7,7,1
4,2,4,6,4,7,1.75
454,4,6,7,6,7,1.16667
5,4,7,7,6,7,1
6,7,7,7,7,7,1
680,1,1,3,3,7,7
807,9,7,7,7,7,1
827,8,7,7,7,7,1
100,3,4,7,5,7,1.75
101,4,7,7,6,7,1
102,6,7,7,7,7,1
1000,4,6,7,6,7,1.16667
904,4,5,7,6,7,1.4
988,3,4,7,5,7,1.75
1001,2,3,6,4,7,2.33333
905,2,2,6,4,7,3.5
1002,2,2,6,4,7,3.5
991,5,6,7,7,7,1.16667
1003,4,6,7,6,7,1.16667
918,5,5,7,7,7,1.4
1005,6,7,7,7,7,1
308,4,6,7,6,7,1.16667
962,1,1,3,3,7,7
963,4,6,7,6,7,1.16667
1006,1,1,3,3,7,7
971,6,7,7,7,7,1
972,4,7,7,6,7,1
1007,9,7,7,7,7,1
1008,6,7,7,7,7,1
1224,5,6,7,7,7,1.16667
124,8,7,7,7,7,1
1362,9,7,7,7,7,1
1363,8,7,7,7,7,1
1565,1,1,3,3,7,7
1674,7,7,7,7,7,1
31,4,5,7,6,7,1.4
579,9,7,7,7,7,1
742,9,7,7,7,7,1
993,5,6,7,7,7,1.16667
1117,9,7,7,7,7,1
1167,8,7,7,7,7,1
1197,9,7,7,7,7,1
1338,2,3,6,4,7,2.33333
1686,1,1,3,3,7,7
1726,2,3,6,4,7,2.33333
1009,6,7,7,7,7,1
1567,3,5,7,5,7,1.4
103,2,4,6,4,7,1.75
41,7,7,7,7,7,1
668,5,6,7,7,7,1.16667
712,8,7,7,7,7,1
713,9,7,7,7,7,1
81,2,4,6,4,7,1.75
9,9,7,7,7,7,1
1010,1,1,3,3,7,7
1011,1,1,3,3,7,7
1079,4,5,7,6,7,1.4
1012,7,7,7,7,7,1
1013,9,7,7,7,7,1
178,9,7,7,7,7,1
1014,5,6,7,7,7,1.16667
1054,8,7,7,7,7,1
1105,2,2,6,4,7,3.5
478,2,3,6,4,7,2.33333
1015,3,4,7,5,7,1.75
1016,8,7,7,7,7,1
1039,7,7,7,7,7,1
778,9,7,7,7,7,1
1017,2,2,6,4,7,3.5
1018,4,6,7,6,7,1.16667
1019,1,1,3,3,7,7
1020,2,2,6,4,7,3.5
125,6,7,7,7,7,1
156,6,7,7,7,7,1
46,5,7,7,7,7,1
597,2,2,6,4,7,3.5
1068,1,1,3,3,7,7
1137,6,7,7,7,7,1
1021,7,7,7,7,7,1
87,5,7,7,7,7,1
925,5,6,7,7,7,1.16667
1022,1,1,3,3,7,7
1023,3,5,7,5,7,1.4
66,9,7,7,7,7,1
1028,5,7,7,7,7,1
1024,4,7,7,6,7,1
1025,9,7,7,7,7,1
1026,8,7,7,7,7,1
1151,7,7,7,7,7,1
1289,8,7,7,7,7,1
549,8,7,7,7,7,1
710,8,7,7,7,7,1
1071,4,7,7,6,7,1
1880,7,7,7,7,7,1
1110,7,7,7,7,7,1
1027,9,7,7,7,7,1
1177,9,7,7,7,7,1
1178,8,7,7,7,7,1
1181,7,7,7,7,7,1
1294,8,7,7,7,7,1
371,9,7,7,7,7,1
497,8,7,7,7,7,1
659,9,7,7,7,7,1
1029,7,7,7,7,7,1
1030,5,7,7,7,7,1
691,8,7,7,7,7,1
1074,2,4,6,4,7,1.75
1179,6,6,7,7,7,1.16667
1219,7,7,7,7,7,1
1220,8,7,7,7,7,1
748,8,7,7,7,7,1
130,9,7,7,7,7,1
148,8,7,7,7,7,1
214,7,7,7,7,7,1
68,4,4,7,6,7,1.75
1031,6,7,7,7,7,1
1032,7,7,7,7,7,1
1123,9,7,7,7,7,1
1124,2,3,6,4,7,2.33333
1125,8,7,7,7,7,1
1579,6,7,7,7,7,1
1599,3,3,7,5,7,2.33333
1679,5,7,7,7,7,1
958,5,7,7,7,7,1
1033,9,7,7,7,7,1
1034,2,4,6,4,7,1.75
570,3,3,7,5,7,2.33333
1035,9,7,7,7,7,1
117,5,6,7,7,7,1.16667
142,7,7,7,7,7,1
360,8,7,7,7,7,1
91,9,7,7,7,7,1
1036,7,7,7,7,7,1
1146,8,7,7,7,7,1
1244,9,7,7,7,7,1
155,8,7,7,7,7,1
1761,5,5,7,7,7,1.4
440,9,7,7,7,7,1
500,8,7,7,7,7,1
1037,2,3,6,4,7,2.33333
1038,2,2,6,4,7,3.5
1040,3,5,7,5,7,1.4
104,9,7,7,7,7,1
105,1,1,3,3,7,7
106,5,5,7,7,7,1.4
77,8,7,7,7,7,1
78,4,5,7,6,7,1.4
1126,3,6,7,5,7,1.16667
1041,2,2,6,4,7,3.5
1042,6,6,7,7,7,1.16667
661,9,7,7,7,7,1
1043,1,1,3,3,7,7
1044,4,5,7,6,7,1.4
1045,4,5,7,6,7,1.4
1142,1,1,3,3,7,7
1046,6,7,7,7,7,1
1047,3,3,7,5,7,2.33333
1092,5,6,7,7,7,1.16667
1100,8,7,7,7,7,1
1111,2,2,6,4,7,3.5
226,7,7,7,7,7,1
1048,1,1,3,3,7,7
227,8,7,7,7,7,1
1049,5,5,7,7,7,1.4
1050,4,4,7,6,7,1.75
1051,3,4,7,5,7,1.75
339,8,7,7,7,7,1
59,8,7,7,7,7,1
930,5,7,7,7,7,1
278,8,7,7,7,7,1
911,2,2,6,4,7,3.5
912,1,1,3,3,7,7
1060,1,1,3,3,7,7
1107,1,1,3,3,7,7
109,8,7,7,7,7,1
1130,4,6,7,6,7,1.16667
310,8,7,7,7,7,1
1052,5,6,7,7,7,1.16667
1053,3,5,7,5,7,1.4
256,9,7,7,7,7,1
651,9,7,7,7,7,1
1187,7,7,7,7,7,1
357,9,7,7,7,7,1
383,9,7,7,7,7,1
704,5,5,7,7,7,1.4
79,9,7,7,7,7,1
1055,8,7,7,7,7,1
1817,2,3,6,4,7,2.33333
1056,8,7,7,7,7,1
1388,5,7,7,7,7,1
1057,8,7,7,7,7,1
1214,9,7,7,7,7,1
516,8,7,7,7,7,1
573,9,7,7,7,7,1
1059,1,1,3,3,7,7
1058,2,2,6,4,7,3.5
16,1,1,3,3,7,7
170,5,5,7,7,7,1.4
199,9,7,7,7,7,1
1061,6,7,7,7,7,1
1215,5,6,7,7,7,1.16667
824,9,7,7,7,7,1
1062,6,7,7,7,7,1
1063,4,5,7,6,7,1.4
1064,5,7,7,7,7,1
1065,6,7,7,7,7,1
1150,3,3,7,5,7,2.33333
1282,3,3,7,5,7,2.33333
1408,8,7,7,7,7,1
1459,6,7,7,7,7,1
1630,2,4,6,4,7,1.75
229,9,7,7,7,7,1
237,9,7,7,7,7,1
53,9,7,7,7,7,1
673,9,7,7,7,7,1
1066,9,7,7,7,7,1
1274,5,6,7,7,7,1.16667
1400,7,7,7,7,7,1
1067,4,7,7,6,7,1
1069,2,4,6,4,7,1.75
1159,1,1,3,3,7,7
107,4,4,7,6,7,1.75
171,9,7,7,7,7,1
1070,6,7,7,7,7,1
379,1,1,3,3,7,7
641,8,7,7,7,7,1
1072,4,6,7,6,7,1.16667
1113,3,4,7,5,7,1.75
396,9,7,7,7,7,1
741,9,7,7,7,7,1
765,5,5,7,7,7,1.4
1073,5,6,7,7,7,1.16667
667,2,2,6,4,7,3.5
1075,3,4,7,5,7,1.75
1076,4,5,7,6,7,1.4
1077,4,6,7,6,7,1.16667
1078,1,1,3,3,7,7
108,8,7,7,7,7,1
110,2,3,6,4,7,2.33333
340,9,7,7,7,7,1
57,4,4,7,6,7,1.75
933,8,7,7,7,7,1
1080,6,7,7,7,7,1
153,8,7,7,7,7,1
1081,8,7,7,7,7,1
1082,8,7,7,7,7,1
1504,3,3,7,5,7,2.33333
336,4,6,7,6,7,1.16667
1088,9,7,7,7,7,1
1083,4,4,7,6,7,1.75
1084,1,1,3,3,7,7
1085,2,2,6,4,7,3.5
1104,8,7,7,7,7,1
1087,9,7,7,7,7,1
724,3,4,7,5,7,1.75
1908,9,7,7,7,7,1
1923,3,4,7,5,7,1.75
1089,2,4,6,4,7,1.75
1090,9,7,7,7,7,1
601,6,7,7,7,7,1
1097,2,4,6,4,7,1.75
1208,6,7,7,7,7,1
173,3,4,7,5,7,1.75
113,9,7,7,7,7,1
42,9,7,7,7,7,1
1091,4,6,7,6,7,1.16667
1093,4,6,7,6,7,1.16667
1094,1,1,3,3,7,7
1095,8,7,7,7,7,1
1096,1,1,3,3,7,7
1527,4,6,7,6,7,1.16667
637,9,7,7,7,7,1
714,4,5,7,6,7,1.4
719,4,5,7,6,7,1.4
1135,1,1,3,3,7,7
1099,8,7,7,7,7,1
1138,2,4,6,4,7,1.75
11,1,1,3,3,7,7
12,9,7,7,7,7,1
286,2,2,6,4,7,3.5
421,9,7,7,7,7,1
736,9,7,7,7,7,1
92,9,7,7,7,7,1
1101,8,7,7,7,7,1
1102,3,3,7,5,7,2.33333
1103,8,7,7,7,7,1
121,5,6,7,7,7,1.16667
1424,8,7,7,7,7,1
1549,8,7,7,7,7,1
447,8,7,7,7,7,1
1106,1,1,3,3,7,7
162,9,7,7,7,7,1
1108,9,7,7,7,7,1
1109,7,7,7,7,7,1
1194,8,7,7,7,7,1
165,9,7,7,7,7,1
270,6,6,7,7,7,1.16667
33,7,7,7,7,7,1
487,8,7,7,7,7,1
112,9,7,7,7,7,1
111,5,6,7,7,7,1.16667
185,8,7,7,7,7,1
223,9,7,7,7,7,1
224,8,7,7,7,7,1
519,9,7,7,7,7,1
84,5,7,7,7,7,1
1503,3,5,7,5,7,1.4
1903,7,7,7,7,7,1
1122,6,7,7,7,7,1
1141,6,7,7,7,7,1
1112,6,6,7,7,7,1.16667
1364,4,6,7,6,7,1.16667
1763,3,5,7,5,7,1.4
1114,8,7,7,7,7,1
1086,5,7,7,7,7,1
1115,2,2,6,4,7,3.5
1116,5,6,7,7,7,1.16667
127,9,7,7,7,7,1
1546,3,3,7,5,7,2.33333
201,8,7,7,7,7,1
545,9,7,7,7,7,1
789,9,7,7,7,7,1
1118,8,7,7,7,7,1
160,9,7,7,7,7,1
1119,1,1,3,3,7,7
140,4,6,7,6,7,1.16667
149,8,7,7,7,7,1
150,3,3,7,5,7,2.33333
1846,7,7,7,7,7,1
352,9,7,7,7,7,1
492,6,6,7,7,7,1.16667
508,7,7,7,7,7,1
522,9,7,7,7,7,1
822,6,7,7,7,7,1
1120,5,7,7,7,7,1
163,7,7,7,7,7,1
1121,5,5,7,7,7,1.4
141,1,1,3,3,7,7
1500,6,7,7,7,7,1
1690,1,1,3,3,7,7
88,8,7,7,7,7,1
1755,1,1,3,3,7,7
654,9,7,7,7,7,1
1127,3,3,7,5,7,2.33333
734,9,7,7,7,7,1
1128,4,6,7,6,7,1.16667
1129,2,3,6,4,7,2.33333
120,6,7,7,7,7,1
128,9,7,7,7,7,1
1309,3,3,7,5,7,2.33333
132,9,7,7,7,7,1
151,9,7,7,7,7,1
152,7,7,7,7,7,1
188,9,7,7,7,7,1
330,9,7,7,7,7,1
455,9,7,7,7,7,1
775,5,6,7,7,7,1.16667
948,4,4,7,6,7,1.75
949,3,3,7,5,7,2.33333
1131,9,7,7,7,7,1
1308,9,7,7,7,7,1
1645,9,7,7,7,7,1
1132,5,5,7,7,7,1.4
285,8,7,7,7,7,1
1133,2,3,6,4,7,2.33333
1134,3,5,7,5,7,1.4
1136,4,4,7,6,7,1.75
496,9,7,7,7,7,1
1139,2,2,6,4,7,3.5
1140,3,3,7,5,7,2.33333
114,8,7,7,7,7,1
168,2,4,6,4,7,1.75
45,8,7,7,7,7,1
183,6,6,7,7,7,1.16667
1143,6,7,7,7,7,1
1144,1,1,3,3,7,7
653,9,7,7,7,7,1
1166,9,7,7,7,7,1
1751,4,6,7,6,7,1.16667
1813,5,5,7,7,7,1.4
1147,6,7,7,7,7,1
1423,2,3,6,4,7,2.33333
1752,7,7,7,7,7,1
1148,8,7,7,7,7,1
314,7,7,7,7,7,1
1149,4,5,7,6,7,1.4
145,8,7,7,7,7,1
115,9,7,7,7,7,1
116,5,7,7,7,7,1
118,9,7,7,7,7,1
119,4,4,7,6,7,1.75
1502,1,1,3,3,7,7
1885,8,7,7,7,7,1
1898,7,7,7,7,7,1
1152,2,3,6,4,7,2.33333
1153,8,7,7,7,7,1
1154,2,2,6,4,7,3.5
1155,2,3,6,4,7,2.33333
1156,3,3,7,5,7,2.33333
71,7,7,7,7,7,1
1157,5,7,7,7,7,1
1158,4,6,7,6,7,1.16667
216,3,3,7,5,7,2.33333
1160,8,7,7,7,7,1
831,9,7,7,7,7,1
1162,3,5,7,5,7,1.4
1163,5,6,7,7,7,1.16667
289,7,7,7,7,7,1
1851,5,6,7,7,7,1.16667
449,9,7,7,7,7,1
849,9,7,7,7,7,1
968,8,7,7,7,7,1
1164,4,5,7,6,7,1.4
1165,2,4,6,4,7,1.75
792,8,7,7,7,7,1
1246,3,6,7,5,7,1.16667
1247,3,5,7,5,7,1.4
1248,1,1,3,3,7,7
1168,7,7,7,7,7,1
1169,7,7,7,7,7,1
1170,4,5,7,6,7,1.4
1252,7,7,7,7,7,1
1253,3,4,7,5,7,1.75
1254,4,6,7,6,7,1.16667
926,4,6,7,6,7,1.16667
251,9,7,7,7,7,1
252,4,6,7,6,7,1.16667
1351,2,3,6,4,7,2.33333
1591,2,3,6,4,7,2.33333
207,9,7,7,7,7,1
210,1,1,3,3,7,7
70,4,5,7,6,7,1.4
764,4,6,7,6,7,1.16667
818,5,7,7,7,7,1
980,1,1,3,3,7,7
1173,7,7,7,7,7,1
303,6,7,7,7,7,1
1172,1,1,3,3,7,7
1209,7,7,7,7,7,1
1620,4,6,7,6,7,1.16667
721,8,7,7,7,7,1
883,9,7,7,7,7,1
1174,7,7,7,7,7,1
1580,6,7,7,7,7,1
32,9,7,7,7,7,1
1175,8,7,7,7,7,1
1176,4,6,7,6,7,1.16667
482,9,7,7,7,7,1
586,9,7,7,7,7,1
1243,6,6,7,7,7,1.16667
1245,8,7,7,7,7,1
1372,6,7,7,7,7,1
503,9,7,7,7,7,1
537,9,7,7,7,7,1
1180,9,7,7,7,7,1
182,7,7,7,7,7,1
200,8,7,7,7,7,1
602,6,7,7,7,7,1
833,9,7,7,7,7,1
1185,4,7,7,6,7,1
1382,1,1,3,3,7,7
1383,6,7,7,7,7,1
1822,6,6,7,7,7,1.16667
448,8,7,7,7,7,1
1199,3,4,7,5,7,1.75
874,8,7,7,7,7,1
1182,3,3,7,5,7,2.33333
1145,4,4,7,6,7,1.75
1183,9,7,7,7,7,1
1184,8,7,7,7,7,1
1235,9,7,7,7,7,1
803,9,7,7,7,7,1
1186,6,7,7,7,7,1
1425,1,1,3,3,7,7
144,4,6,7,6,7,1.16667
36,9,7,7,7,7,1
913,9,7,7,7,7,1
1188,7,7,7,7,7,1
1189,2,3,6,4,7,2.33333
846,1,1,3,3,7,7
813,3,3,7,5,7,2.33333
175,5,6,7,7,7,1.16667
179,7,7,7,7,7,1
1191,8,7,7,7,7,1
1192,7,7,7,7,7,1
1312,1,1,3,3,7,7
1455,2,4,6,4,7,1.75
287,9,7,7,7,7,1
607,3,6,7,5,7,1.16667
1207,3,6,7,5,7,1.16667
1193,1,1,3,3,7,7
747,9,7,7,7,7,1
1195,7,7,7,7,7,1
1685,1,1,3,3,7,7
1196,5,7,7,7,7,1
1216,6,6,7,7,7,1.16667
1883,7,7,7,7,7,1
477,8,7,7,7,7,1
480,8,7,7,7,7,1
746,5,6,7,7,7,1.16667
48,6,6,7,7,7,1.16667
159,6,7,7,7,7,1
195,8,7,7,7,7,1
244,3,3,7,5,7,2.33333
34,9,7,7,7,7,1
63,1,1,3,3,7,7
701,6,6,7,7,7,1.16667
1200,8,7,7,7,7,1
1201,9,7,7,7,7,1
1231,8,7,7,7,7,1
1202,9,7,7,7,7,1
211,9,7,7,7,7,1
228,9,7,7,7,7,1
931,8,7,7,7,7,1
959,9,7,7,7,7,1
98,9,7,7,7,7,1
1203,5,5,7,7,7,1.4
1204,3,5,7,5,7,1.4
485,9,7,7,7,7,1
1205,8,7,7,7,7,1
1206,6,6,7,7,7,1.16667
1237,5,6,7,7,7,1.16667
17,9,7,7,7,7,1
235,8,7,7,7,7,1
520,4,4,7,6,7,1.75
1210,9,7,7,7,7,1
1211,5,6,7,7,7,1.16667
1212,8,7,7,7,7,1
1213,6,6,7,7,7,1.16667
1827,7,7,7,7,7,1
1234,7,7,7,7,7,1
1217,7,7,7,7,7,1
1218,6,7,7,7,7,1
260,9,7,7,7,7,1
122,9,7,7,7,7,1
123,5,7,7,7,7,1
189,9,7,7,7,7,1
317,3,5,7,5,7,1.4
403,6,7,7,7,7,1
525,3,3,7,5,7,2.33333
940,1,1,3,3,7,7
1171,3,3,7,5,7,2.33333
574,9,7,7,7,7,1
1221,9,7,7,7,7,1
187,9,7,7,7,7,1
1222,8,7,7,7,7,1
1223,4,6,7,6,7,1.16667
1352,5,5,7,7,7,1.4
1462,2,3,6,4,7,2.33333
1848,4,5,7,6,7,1.4
222,5,5,7,7,7,1.4
24,8,7,7,7,7,1
1225,1,1,3,3,7,7
688,3,4,7,5,7,1.75
1226,8,7,7,7,7,1
328,8,7,7,7,7,1
416,9,7,7,7,7,1
423,9,7,7,7,7,1
495,3,4,7,5,7,1.75
646,7,7,7,7,7,1
1227,1,1,3,3,7,7
1228,7,7,7,7,7,1
139,7,7,7,7,7,1
1230,5,7,7,7,7,1
1232,7,7,7,7,7,1
1233,1,1,3,3,7,7
194,5,5,7,7,7,1.4
463,7,7,7,7,7,1
393,9,7,7,7,7,1
1236,4,7,7,6,7,1
1238,2,3,6,4,7,2.33333
1239,7,7,7,7,7,1
720,9,7,7,7,7,1
1601,5,5,7,7,7,1.4
1478,4,6,7,6,7,1.16667
288,2,4,6,4,7,1.75
955,7,7,7,7,7,1
956,9,7,7,7,7,1
957,3,6,7,5,7,1.16667
409,9,7,7,7,7,1
268,6,7,7,7,7,1
1536,5,6,7,7,7,1.16667
1380,8,7,7,7,7,1
1395,7,7,7,7,7,1
1728,7,7,7,7,7,1
546,8,7,7,7,7,1
1396,6,7,7,7,7,1
731,9,7,7,7,7,1
1585,5,6,7,7,7,1.16667
1586,2,4,6,4,7,1.75
1624,8,7,7,7,7,1
1625,4,6,7,6,7,1.16667
367,3,4,7,5,7,1.75
1301,5,6,7,7,7,1.16667
608,5,7,7,7,7,1
1249,7,7,7,7,7,1
1250,5,7,7,7,7,1
126,9,7,7,7,7,1
240,6,6,7,7,7,1.16667
1251,5,7,7,7,7,1
242,9,7,7,7,7,1
1398,8,7,7,7,7,1
461,9,7,7,7,7,1
1401,8,7,7,7,7,1
1255,1,1,3,3,7,7
96,4,5,7,6,7,1.4
1256,2,2,6,4,7,3.5
1257,9,7,7,7,7,1
507,9,7,7,7,7,1
1268,5,6,7,7,7,1.16667
1597,9,7,7,7,7,1
1738,2,3,6,4,7,2.33333
231,2,2,6,4,7,3.5
1258,2,4,6,4,7,1.75
1259,1,1,3,3,7,7
1414,1,1,3,3,7,7
1610,1,1,3,3,7,7
269,8,7,7,7,7,1
7,2,2,6,4,7,3.5
716,3,3,7,5,7,2.33333
733,5,7,7,7,7,1
1260,3,5,7,5,7,1.4
1261,6,7,7,7,7,1
1777,8,7,7,7,7,1
671,8,7,7,7,7,1
1262,1,1,3,3,7,7
258,7,7,7,7,7,1
465,9,7,7,7,7,1
1263,2,3,6,4,7,2.33333
1264,6,7,7,7,7,1
1265,9,7,7,7,7,1
1582,8,7,7,7,7,1
1270,4,6,7,6,7,1.16667
1422,5,6,7,7,7,1.16667
1266,3,5,7,5,7,1.4
1771,2,2,6,4,7,3.5
1269,5,6,7,7,7,1.16667
798,9,7,7,7,7,1
1403,5,6,7,7,7,1.16667
250,5,7,7,7,7,1
1271,5,5,7,7,7,1.4
1281,8,7,7,7,7,1
1272,7,7,7,7,7,1
1273,7,7,7,7,7,1
885,8,7,7,7,7,1
1521,1,1,3,3,7,7
703,5,6,7,7,7,1.16667
1633,7,7,7,7,7,1
1275,9,7,7,7,7,1
1276,1,1,3,3,7,7
1277,2,2,6,4,7,3.5
1326,7,7,7,7,7,1
1319,1,1,3,3,7,7
1539,1,1,3,3,7,7
1278,5,5,7,7,7,1.4
1495,7,7,7,7,7,1
1496,2,3,6,4,7,2.33333
1279,1,1,3,3,7,7
1280,6,7,7,7,7,1
275,9,7,7,7,7,1
167,4,6,7,6,7,1.16667
40,2,2,6,4,7,3.5
669,4,6,7,6,7,1.16667
67,3,3,7,5,7,2.33333
1283,5,5,7,7,7,1.4
1284,7,7,7,7,7,1
1285,4,5,7,6,7,1.4
1286,7,7,7,7,7,1
1823,7,7,7,7,7,1
901,7,7,7,7,7,1
1357,4,6,7,6,7,1.16667
1773,2,2,6,4,7,3.5
1287,1,1,3,3,7,7
1288,2,3,6,4,7,2.33333
453,8,7,7,7,7,1
1456,4,4,7,6,7,1.75
1471,2,3,6,4,7,2.33333
1891,7,7,7,7,7,1
129,7,7,7,7,7,1
39,9,7,7,7,7,1
424,5,7,7,7,7,1
425,3,7,7,5,7,1
44,9,7,7,7,7,1
1290,8,7,7,7,7,1
1291,7,7,7,7,7,1
1627,7,7,7,7,7,1
1292,3,4,7,5,7,1.75
1293,4,6,7,6,7,1.16667
191,5,7,7,7,7,1
1295,5,6,7,7,7,1.16667
1296,6,6,7,7,7,1.16667
1297,4,6,7,6,7,1.16667
1494,1,1,3,3,7,7
1298,6,7,7,7,7,1
1825,1,1,3,3,7,7
1826,7,7,7,7,7,1
1299,5,6,7,7,7,1.16667
1300,1,1,3,3,7,7
1302,7,7,7,7,7,1
763,6,6,7,7,7,1.16667
882,9,7,7,7,7,1
13,9,7,7,7,7,1
14,9,7,7,7,7,1
280,9,7,7,7,7,1
801,9,7,7,7,7,1
147,8,7,7,7,7,1
54,8,7,7,7,7,1
643,9,7,7,7,7,1
1517,1,1,3,3,7,7
1551,4,6,7,6,7,1.16667
238,9,7,7,7,7,1
1303,5,6,7,7,7,1.16667
1526,1,1,3,3,7,7
1304,2,3,6,4,7,2.33333
1658,5,6,7,7,7,1.16667
1305,3,5,7,5,7,1.4
1306,2,2,6,4,7,3.5
860,8,7,7,7,7,1
1307,9,7,7,7,7,1
1808,7,7,7,7,7,1
450,5,7,7,7,7,1
862,9,7,7,7,7,1
1689,4,6,7,6,7,1.16667
560,9,7,7,7,7,1
705,2,2,6,4,7,3.5
131,9,7,7,7,7,1
234,9,7,7,7,7,1
49,8,7,7,7,7,1
75,5,5,7,7,7,1.4
1310,2,3,6,4,7,2.33333
1482,8,7,7,7,7,1
1786,3,3,7,5,7,2.33333
1311,9,7,7,7,7,1
1313,9,7,7,7,7,1
1314,5,7,7,7,7,1
1460,8,7,7,7,7,1
1493,1,1,3,3,7,7
1315,7,7,7,7,7,1
1316,1,1,3,3,7,7
1317,8,7,7,7,7,1
1318,8,7,7,7,7,1
1320,5,6,7,7,7,1.16667
1321,3,5,7,5,7,1.4
1643,7,7,7,7,7,1
1692,9,7,7,7,7,1
324,3,5,7,5,7,1.4
467,9,7,7,7,7,1
817,8,7,7,7,7,1
978,2,2,6,4,7,3.5
1642,8,7,7,7,7,1
1800,4,7,7,6,7,1
1322,3,5,7,5,7,1.4
1356,3,6,7,5,7,1.16667
1358,2,2,6,4,7,3.5
1323,8,7,7,7,7,1
1324,2,4,6,4,7,1.75
133,9,7,7,7,7,1
174,7,7,7,7,7,1
451,9,7,7,7,7,1
1404,1,1,3,3,7,7
1325,2,2,6,4,7,3.5
1327,9,7,7,7,7,1
1328,6,7,7,7,7,1
1329,3,4,7,5,7,1.75
1330,2,3,6,4,7,2.33333
134,2,3,6,4,7,2.33333
135,4,4,7,6,7,1.75
136,4,5,7,6,7,1.4
138,9,7,7,7,7,1
61,9,7,7,7,7,1
1331,1,1,3,3,7,7
318,6,7,7,7,7,1
538,9,7,7,7,7,1
863,5,5,7,7,7,1.4
1332,2,3,6,4,7,2.33333
1333,6,7,7,7,7,1
1334,4,4,7,6,7,1.75
777,7,7,7,7,7,1
1335,6,7,7,7,7,1
1336,2,3,6,4,7,2.33333
1337,3,3,7,5,7,2.33333
1411,2,3,6,4,7,2.33333
1412,2,3,6,4,7,2.33333
1688,3,4,7,5,7,1.75
1710,2,3,6,4,7,2.33333
1605,4,5,7,6,7,1.4
788,7,7,7,7,7,1
1339,8,7,7,7,7,1
1340,7,7,7,7,7,1
1341,2,3,6,4,7,2.33333
1342,3,4,7,5,7,1.75
1598,3,3,7,5,7,2.33333
1613,7,7,7,7,7,1
1343,8,7,7,7,7,1
1344,7,7,7,7,7,1
1345,6,7,7,7,7,1
1430,8,7,7,7,7,1
1618,7,7,7,7,7,1
1623,9,7,7,7,7,1
1346,2,3,6,4,7,2.33333
1347,3,5,7,5,7,1.4
1828,7,7,7,7,7,1
1829,7,7,7,7,7,1
908,2,3,6,4,7,2.33333
1348,4,5,7,6,7,1.4
473,7,7,7,7,7,1
633,8,7,7,7,7,1
1349,6,7,7,7,7,1
1350,8,7,7,7,7,1
233,7,7,7,7,7,1
1371,9,7,7,7,7,1
1469,1,1,3,3,7,7
1353,3,4,7,5,7,1.75
1354,6,6,7,7,7,1.16667
1589,5,6,7,7,7,1.16667
1590,8,7,7,7,7,1
1355,8,7,7,7,7,1
1733,8,7,7,7,7,1
1359,1,1,3,3,7,7
1360,4,5,7,6,7,1.4
1361,8,7,7,7,7,1
1524,4,6,7,6,7,1.16667
1365,4,6,7,6,7,1.16667
1366,8,7,7,7,7,1
1528,2,3,6,4,7,2.33333
1367,1,1,3,3,7,7
1368,3,5,7,5,7,1.4
1806,8,7,7,7,7,1
1807,6,7,7,7,7,1
1369,2,3,6,4,7,2.33333
137,7,7,7,7,7,1
1370,8,7,7,7,7,1
1373,8,7,7,7,7,1
1374,8,7,7,7,7,1
1444,3,6,7,5,7,1.16667
356,4,4,7,6,7,1.75
1543,2,2,6,4,7,3.5
1544,8,7,7,7,7,1
1375,2,4,6,4,7,1.75
1376,3,4,7,5,7,1.75
1377,2,3,6,4,7,2.33333
1602,9,7,7,7,7,1
1378,1,1,3,3,7,7
1379,2,4,6,4,7,1.75
1712,7,7,7,7,7,1
1381,6,7,7,7,7,1
583,7,7,7,7,7,1
1458,7,7,7,7,7,1
1384,1,1,3,3,7,7
1385,5,6,7,7,7,1.16667
1497,6,7,7,7,7,1
1593,4,5,7,6,7,1.4
1594,4,6,7,6,7,1.16667
1595,5,7,7,7,7,1
1387,6,7,7,7,7,1
1389,6,7,7,7,7,1
1390,6,7,7,7,7,1
621,9,7,7,7,7,1
1391,4,4,7,6,7,1.75
1392,2,3,6,4,7,2.33333
1393,8,7,7,7,7,1
1467,1,1,3,3,7,7
1468,3,3,7,5,7,2.33333
1394,8,7,7,7,7,1
1558,6,7,7,7,7,1
384,8,7,7,7,7,1
1397,8,7,7,7,7,1
1443,4,6,7,6,7,1.16667
1520,1,1,3,3,7,7
1399,3,4,7,5,7,1.75
257,9,7,7,7,7,1
203,5,5,7,7,7,1.4
412,9,7,7,7,7,1
502,8,7,7,7,7,1
581,3,3,7,5,7,2.33333
582,4,6,7,6,7,1.16667
74,9,7,7,7,7,1
842,7,7,7,7,7,1
851,5,7,7,7,7,1
852,5,5,7,7,7,1.4
588,6,7,7,7,7,1
1402,1,1,3,3,7,7
436,9,7,7,7,7,1
1406,9,7,7,7,7,1
1537,4,5,7,6,7,1.4
1407,1,1,3,3,7,7
1409,2,2,6,4,7,3.5
1410,3,3,7,5,7,2.33333
143,6,7,7,7,7,1
1463,2,3,6,4,7,2.33333
1413,1,1,3,3,7,7
1415,8,7,7,7,7,1
1568,9,7,7,7,7,1
1693,4,4,7,6,7,1.75
1878,4,5,7,6,7,1.4
685,9,7,7,7,7,1
1416,8,7,7,7,7,1
1417,4,5,7,6,7,1.4
1418,8,7,7,7,7,1
960,9,7,7,7,7,1
1419,2,3,6,4,7,2.33333
1420,1,1,3,3,7,7
1698,3,3,7,5,7,2.33333
225,2,4,6,4,7,1.75
43,3,5,7,5,7,1.4
1434,3,4,7,5,7,1.75
1421,8,7,7,7,7,1
1648,4,6,7,6,7,1.16667
446,7,7,7,7,7,1
85,6,6,7,7,7,1.16667
1426,4,6,7,6,7,1.16667
1427,4,7,7,6,7,1
880,8,7,7,7,7,1
1464,5,7,7,7,7,1
686,4,6,7,6,7,1.16667
1428,8,7,7,7,7,1
1429,3,4,7,5,7,1.75
535,3,4,7,5,7,1.75
810,3,6,7,5,7,1.16667
1621,9,7,7,7,7,1
1680,3,5,7,5,7,1.4
1681,6,7,7,7,7,1
296,4,5,7,6,7,1.4
1431,8,7,7,7,7,1
1481,6,7,7,7,7,1
1723,7,7,7,7,7,1
1432,7,7,7,7,7,1
370,4,7,7,6,7,1
1433,1,1,3,3,7,7
992,4,6,7,6,7,1.16667
1435,2,3,6,4,7,2.33333
1436,2,3,6,4,7,2.33333
1437,1,1,3,3,7,7
1438,9,7,7,7,7,1
484,5,7,7,7,7,1
1439,6,7,7,7,7,1
1440,8,7,7,7,7,1
1441,2,2,6,4,7,3.5
1718,4,6,7,6,7,1.16667
468,8,7,7,7,7,1
1554,3,3,7,5,7,2.33333
1486,2,2,6,4,7,3.5
1487,7,7,7,7,7,1
1488,7,7,7,7,7,1
1489,8,7,7,7,7,1
1446,2,3,6,4,7,2.33333
1447,4,5,7,6,7,1.4
1448,3,5,7,5,7,1.4
1449,4,6,7,6,7,1.16667
772,7,7,7,7,7,1
1098,8,7,7,7,7,1
146,2,2,6,4,7,3.5
1853,7,7,7,7,7,1
397,5,7,7,7,7,1
1450,4,7,7,6,7,1
1451,4,6,7,6,7,1.16667
1452,2,3,6,4,7,2.33333
1453,1,1,3,3,7,7
1454,2,3,6,4,7,2.33333
212,6,6,7,7,7,1.16667
1724,5,7,7,7,7,1
1797,4,6,7,6,7,1.16667
1457,3,5,7,5,7,1.4
1626,3,4,7,5,7,1.75
1461,8,7,7,7,7,1
1533,9,7,7,7,7,1
1581,8,7,7,7,7,1
1465,1,1,3,3,7,7
1466,7,7,7,7,7,1
902,7,7,7,7,7,1
1479,8,7,7,7,7,1
1753,8,7,7,7,7,1
595,9,7,7,7,7,1
1530,6,6,7,7,7,1.16667
897,7,7,7,7,7,1
1545,6,6,7,7,7,1.16667
373,6,7,7,7,7,1
1470,5,7,7,7,7,1
1472,9,7,7,7,7,1
1473,3,4,7,5,7,1.75
1745,1,1,3,3,7,7
1750,7,7,7,7,7,1
1474,1,1,3,3,7,7
1475,2,4,6,4,7,1.75
1661,3,5,7,5,7,1.4
1476,7,7,7,7,7,1
1714,1,1,3,3,7,7
1477,3,3,7,5,7,2.33333
459,7,7,7,7,7,1
1480,8,7,7,7,7,1
1811,4,5,7,6,7,1.4
1722,9,7,7,7,7,1
687,9,7,7,7,7,1
773,8,7,7,7,7,1
784,5,7,7,7,7,1
799,7,7,7,7,7,1
83,8,7,7,7,7,1
903,1,1,3,3,7,7
1483,5,7,7,7,7,1
1484,2,3,6,4,7,2.33333
1485,2,4,6,4,7,1.75
1515,2,3,6,4,7,2.33333
1644,5,6,7,7,7,1.16667
1553,9,7,7,7,7,1
1909,2,2,6,4,7,3.5
1490,2,3,6,4,7,2.33333
1729,6,7,7,7,7,1
1492,2,3,6,4,7,2.33333
1616,1,1,3,3,7,7
1617,4,5,7,6,7,1.4
89,8,7,7,7,7,1
1754,2,3,6,4,7,2.33333
808,9,7,7,7,7,1
737,7,7,7,7,7,1
1498,7,7,7,7,7,1
577,9,7,7,7,7,1
1499,4,7,7,6,7,1
1501,8,7,7,7,7,1
15,6,6,7,7,7,1.16667
1267,8,7,7,7,7,1
1791,9,7,7,7,7,1
1889,6,6,7,7,7,1.16667
1563,4,5,7,6,7,1.4
1614,3,3,7,5,7,2.33333
1615,6,7,7,7,7,1
1584,6,7,7,7,7,1
1587,3,4,7,5,7,1.75
1505,4,6,7,6,7,1.16667
1506,7,7,7,7,7,1
264,9,7,7,7,7,1
1507,2,4,6,4,7,1.75
1508,1,1,3,3,7,7
1509,1,1,3,3,7,7
1510,4,5,7,6,7,1.4
1511,5,7,7,7,7,1
184,6,7,7,7,7,1
381,1,1,3,3,7,7
382,1,1,3,3,7,7
881,1,1,3,3,7,7
1512,7,7,7,7,7,1
1513,5,6,7,7,7,1.16667
1514,5,7,7,7,7,1
1737,7,7,7,7,7,1
1516,6,7,7,7,7,1
717,3,5,7,5,7,1.4
1518,4,6,7,6,7,1.16667
1519,6,7,7,7,7,1
664,9,7,7,7,7,1
1639,1,1,3,3,7,7
1641,7,7,7,7,7,1
1522,8,7,7,7,7,1
1523,7,7,7,7,7,1
47,8,7,7,7,7,1
1532,6,7,7,7,7,1
1525,4,4,7,6,7,1.75
1890,3,6,7,5,7,1.16667
961,7,7,7,7,7,1
662,6,7,7,7,7,1
1529,9,7,7,7,7,1
872,8,7,7,7,7,1
313,8,7,7,7,7,1
354,5,6,7,7,7,1.16667
1531,2,3,6,4,7,2.33333
1557,9,7,7,7,7,1
1810,4,4,7,6,7,1.75
1534,2,3,6,4,7,2.33333
1535,2,3,6,4,7,2.33333
793,7,7,7,7,7,1
1572,2,3,6,4,7,2.33333
1538,4,7,7,6,7,1
815,9,7,7,7,7,1
154,1,1,3,3,7,7
1540,5,7,7,7,7,1
1541,6,7,7,7,7,1
1542,6,7,7,7,7,1
1638,5,7,7,7,7,1
1748,7,7,7,7,7,1
1666,7,7,7,7,7,1
1547,4,7,7,6,7,1
1548,8,7,7,7,7,1
1550,3,5,7,5,7,1.4
1592,7,7,7,7,7,1
514,9,7,7,7,7,1
1552,5,7,7,7,7,1
1555,4,6,7,6,7,1.16667
1556,6,7,7,7,7,1
1386,8,7,7,7,7,1
1559,6,7,7,7,7,1
1560,6,7,7,7,7,1
1571,5,6,7,7,7,1.16667
1670,4,5,7,6,7,1.4
1561,3,3,7,5,7,2.33333
1562,7,7,7,7,7,1
1564,9,7,7,7,7,1
1566,7,7,7,7,7,1
1569,4,6,7,6,7,1.16667
1570,2,3,6,4,7,2.33333
157,9,7,7,7,7,1
158,9,7,7,7,7,1
302,7,7,7,7,7,1
337,9,7,7,7,7,1
1573,5,7,7,7,7,1
1574,3,5,7,5,7,1.4
1575,2,3,6,4,7,2.33333
1576,9,7,7,7,7,1
1577,2,4,6,4,7,1.75
1578,9,7,7,7,7,1
1842,9,7,7,7,7,1
1879,3,3,7,5,7,2.33333
1892,5,7,7,7,7,1
299,9,7,7,7,7,1
987,8,7,7,7,7,1
1814,7,7,7,7,7,1
164,9,7,7,7,7,1
1583,5,7,7,7,7,1
927,5,6,7,7,7,1.16667
1588,2,3,6,4,7,2.33333
1899,5,5,7,7,7,1.4
186,8,7,7,7,7,1
301,6,7,7,7,7,1
334,9,7,7,7,7,1
1765,3,5,7,5,7,1.4
1683,7,7,7,7,7,1
1596,2,3,6,4,7,2.33333
456,9,7,7,7,7,1
161,7,7,7,7,7,1
1893,1,1,3,3,7,7
873,4,4,7,6,7,1.75
1600,8,7,7,7,7,1
1790,2,3,6,4,7,2.33333
1603,3,4,7,5,7,1.75
1662,6,7,7,7,7,1
1604,1,1,3,3,7,7
1606,5,7,7,7,7,1
612,7,7,7,7,7,1
706,8,7,7,7,7,1
1607,4,4,7,6,7,1.75
1608,9,7,7,7,7,1
1609,9,7,7,7,7,1
362,8,7,7,7,7,1
935,4,5,7,6,7,1.4
1611,4,7,7,6,7,1
1612,4,6,7,6,7,1.16667
1619,8,7,7,7,7,1
1774,5,6,7,7,7,1.16667
1678,2,3,6,4,7,2.33333
1622,4,5,7,6,7,1.4
483,7,7,7,7,7,1
1628,3,4,7,5,7,1.75
1629,2,2,6,4,7,3.5
1847,5,5,7,7,7,1.4
1631,7,7,7,7,7,1
728,9,7,7,7,7,1
1632,2,3,6,4,7,2.33333
1634,5,6,7,7,7,1.16667
1635,4,4,7,6,7,1.75
1636,8,7,7,7,7,1
1637,8,7,7,7,7,1
202,9,7,7,7,7,1
300,9,7,7,7,7,1
536,9,7,7,7,7,1
1743,1,1,3,3,7,7
1744,1,1,3,3,7,7
1871,9,7,7,7,7,1
1646,7,7,7,7,7,1
1647,3,4,7,5,7,1.75
1649,2,4,6,4,7,1.75
648,8,7,7,7,7,1
973,9,7,7,7,7,1
1650,4,6,7,6,7,1.16667
1651,7,7,7,7,7,1
1652,2,3,6,4,7,2.33333
1653,6,7,7,7,7,1
1654,7,7,7,7,7,1
1655,3,4,7,5,7,1.75
1656,6,7,7,7,7,1
1657,5,5,7,7,7,1.4
1711,9,7,7,7,7,1
1659,2,3,6,4,7,2.33333
305,3,4,7,5,7,1.75
307,3,5,7,5,7,1.4
345,6,6,7,7,7,1.16667
346,1,1,3,3,7,7
1660,7,7,7,7,7,1
1727,2,4,6,4,7,1.75
1663,4,7,7,6,7,1
1664,2,3,6,4,7,2.33333
1665,3,4,7,5,7,1.75
1668,9,7,7,7,7,1
1669,2,2,6,4,7,3.5
1671,3,6,7,5,7,1.16667
1672,5,6,7,7,7,1.16667
1673,1,1,3,3,7,7
1675,9,7,7,7,7,1
1676,6,7,7,7,7,1
1677,9,7,7,7,7,1
556,5,6,7,7,7,1.16667
1682,6,7,7,7,7,1
1684,9,7,7,7,7,1
864,6,7,7,7,7,1
1687,2,3,6,4,7,2.33333
1732,2,3,6,4,7,2.33333
169,6,6,7,7,7,1.16667
1691,3,5,7,5,7,1.4
1694,3,3,7,5,7,2.33333
1695,5,6,7,7,7,1.16667
1696,2,3,6,4,7,2.33333
1793,2,2,6,4,7,3.5
1697,4,7,7,6,7,1
1699,1,1,3,3,7,7
1700,1,1,3,3,7,7
18,8,7,7,7,7,1
1701,7,7,7,7,7,1
458,9,7,7,7,7,1
1702,7,7,7,7,7,1
1703,7,7,7,7,7,1
1704,7,7,7,7,7,1
1757,7,7,7,7,7,1
1705,3,4,7,5,7,1.75
879,7,7,7,7,7,1
1706,6,7,7,7,7,1
385,9,7,7,7,7,1
1707,4,5,7,6,7,1.4
1708,3,3,7,5,7,2.33333
1740,5,7,7,7,7,1
51,9,7,7,7,7,1
1713,6,6,7,7,7,1.16667
1715,9,7,7,7,7,1
1716,1,1,3,3,7,7
542,6,7,7,7,7,1
1717,2,4,6,4,7,1.75
1719,9,7,7,7,7,1
172,8,7,7,7,7,1
23,7,7,7,7,7,1
1720,1,1,3,3,7,7
1721,5,7,7,7,7,1
1725,1,1,3,3,7,7
702,1,1,3,3,7,7
855,4,5,7,6,7,1.4
907,3,3,7,5,7,2.33333
1730,3,4,7,5,7,1.75
1731,2,3,6,4,7,2.33333
1734,2,3,6,4,7,2.33333
1735,6,7,7,7,7,1
1709,5,5,7,7,7,1.4
1736,1,1,3,3,7,7
1739,2,2,6,4,7,3.5
795,4,4,7,6,7,1.75
176,2,2,6,4,7,3.5
177,5,5,7,7,7,1.4
1741,7,7,7,7,7,1
1742,2,3,6,4,7,2.33333
1746,4,7,7,6,7,1
1747,9,7,7,7,7,1
1749,2,4,6,4,7,1.75
180,6,6,7,7,7,1.16667
1779,1,1,3,3,7,7
1756,4,6,7,6,7,1.16667
1758,9,7,7,7,7,1
1759,2,3,6,4,7,2.33333
50,3,4,7,5,7,1.75
1760,7,7,7,7,7,1
1762,2,4,6,4,7,1.75
1764,1,1,3,3,7,7
1766,3,5,7,5,7,1.4
1767,3,3,7,5,7,2.33333
1768,5,6,7,7,7,1.16667
1769,5,7,7,7,7,1
1770,1,1,3,3,7,7
52,3,3,7,5,7,2.33333
1772,4,5,7,6,7,1.4
1812,4,4,7,6,7,1.75
1775,1,1,3,3,7,7
1776,2,4,6,4,7,1.75
1778,9,7,7,7,7,1
1780,1,1,3,3,7,7
1491,7,7,7,7,7,1
1781,4,6,7,6,7,1.16667
1782,9,7,7,7,7,1
1783,1,1,3,3,7,7
1784,2,3,6,4,7,2.33333
1785,7,7,7,7,7,1
1787,7,7,7,7,7,1
1788,1,1,3,3,7,7
1789,7,7,7,7,7,1
1916,4,6,7,6,7,1.16667
1794,7,7,7,7,7,1
1795,2,3,6,4,7,2.33333
1796,6,6,7,7,7,1.16667
1798,4,5,7,6,7,1.4
197,9,7,7,7,7,1
241,5,6,7,7,7,1.16667
281,9,7,7,7,7,1
1801,3,6,7,5,7,1.16667
1802,4,5,7,6,7,1.4
1803,3,6,7,5,7,1.16667
1804,2,3,6,4,7,2.33333
1805,4,6,7,6,7,1.16667
1809,6,7,7,7,7,1
181,1,1,3,3,7,7
819,5,6,7,7,7,1.16667
1815,3,6,7,5,7,1.16667
1816,3,6,7,5,7,1.16667
1818,7,7,7,7,7,1
1819,8,7,7,7,7,1
1820,9,7,7,7,7,1
1821,2,2,6,4,7,3.5
771,7,7,7,7,7,1
1830,6,7,7,7,7,1
1831,5,6,7,7,7,1.16667
649,9,7,7,7,7,1
1824,3,6,7,5,7,1.16667
1835,8,7,7,7,7,1
939,3,4,7,5,7,1.75
1836,5,5,7,7,7,1.4
254,5,5,7,7,7,1.4
1832,1,1,3,3,7,7
1833,1,1,3,3,7,7
1834,3,4,7,5,7,1.75
1837,4,5,7,6,7,1.4
312,8,7,7,7,7,1
1838,7,7,7,7,7,1
1839,3,4,7,5,7,1.75
432,6,7,7,7,7,1
539,7,7,7,7,7,1
8,3,3,7,5,7,2.33333
1840,4,6,7,6,7,1.16667
1841,5,7,7,7,7,1
283,7,7,7,7,7,1
1862,5,7,7,7,7,1
333,9,7,7,7,7,1
1843,6,7,7,7,7,1
1844,1,1,3,3,7,7
1845,1,1,3,3,7,7
1887,2,3,6,4,7,2.33333
372,8,7,7,7,7,1
783,8,7,7,7,7,1
1849,5,6,7,7,7,1.16667
1864,1,1,3,3,7,7
1869,9,7,7,7,7,1
208,2,3,6,4,7,2.33333
1852,5,5,7,7,7,1.4
470,3,3,7,5,7,2.33333
1855,3,4,7,5,7,1.75
1856,1,1,3,3,7,7
1868,7,7,7,7,7,1
976,7,7,7,7,7,1
1858,1,1,3,3,7,7
1859,7,7,7,7,7,1
1866,8,7,7,7,7,1
1867,4,4,7,6,7,1.75
700,8,7,7,7,7,1
861,4,6,7,6,7,1.16667
1860,4,5,7,6,7,1.4
825,9,7,7,7,7,1
1861,5,7,7,7,7,1
1863,5,7,7,7,7,1
1857,6,7,7,7,7,1
1865,1,1,3,3,7,7
1870,6,6,7,7,7,1.16667
1872,5,7,7,7,7,1
1873,1,1,3,3,7,7
1874,2,3,6,4,7,2.33333
1877,2,3,6,4,7,2.33333
1875,3,5,7,5,7,1.4
1876,3,3,7,5,7,2.33333
1906,6,7,7,7,7,1
462,8,7,7,7,7,1
829,6,6,7,7,7,1.16667
1881,6,7,7,7,7,1
1882,4,5,7,6,7,1.4
1884,1,1,3,3,7,7
1886,6,6,7,7,7,1.16667
1888,2,3,6,4,7,2.33333
1913,2,3,6,4,7,2.33333
190,4,4,7,6,7,1.75
402,4,6,7,6,7,1.16667
1894,5,5,7,7,7,1.4
1895,7,7,7,7,7,1
1896,2,3,6,4,7,2.33333
1897,7,7,7,7,7,1
1904,4,5,7,6,7,1.4
1919,8,7,7,7,7,1
19,5,7,7,7,7,1
20,3,4,7,5,7,1.75
21,7,7,7,7,7,1
22,1,1,3,3,7,7
193,9,7,7,7,7,1
411,2,4,6,4,7,1.75
490,4,5,7,6,7,1.4
828,7,7,7,7,7,1
1900,7,7,7,7,7,1
1901,2,3,6,4,7,2.33333
1902,4,5,7,6,7,1.4
1918,5,7,7,7,7,1
1905,1,1,3,3,7,7
1907,1,1,3,3,7,7
1910,7,7,7,7,7,1
1911,5,7,7,7,7,1
1912,5,6,7,7,7,1.16667
1914,2,4,6,4,7,1.75
725,9,7,7,7,7,1
1915,4,4,7,6,7,1.75
1917,3,3,7,5,7,2.33333
1920,7,7,7,7,7,1
192,3,3,7,5,7,2.33333
1922,5,7,7,7,7,1
1924,8,7,7,7,7,1
534,5,6,7,7,7,1.16667
56,8,7,7,7,7,1
837,3,4,7,5,7,1.75
850,1,1,3,3,7,7
196,5,6,7,7,7,1.16667
198,1,1,3,3,7,7
263,5,5,7,7,7,1.4
64,9,7,7,7,7,1
253,7,7,7,7,7,1
93,5,6,7,7,7,1.16667
418,8,7,7,7,7,1
419,6,7,7,7,7,1
246,8,7,7,7,7,1
262,6,7,7,7,7,1
681,5,7,7,7,7,1
999,4,5,7,6,7,1.4
204,8,7,7,7,7,1
205,2,3,6,4,7,2.33333
206,2,2,6,4,7,3.5
232,8,7,7,7,7,1
62,9,7,7,7,7,1
209,1,1,3,3,7,7
279,3,5,7,5,7,1.4
344,4,6,7,6,7,1.16667
366,6,7,7,7,7,1
531,1,1,3,3,7,7
28,6,7,7,7,7,1
213,6,7,7,7,7,1
38,7,7,7,7,7,1
215,4,4,7,6,7,1.75
217,1,1,3,3,7,7
80,1,1,3,3,7,7
218,3,5,7,5,7,1.4
219,9,7,7,7,7,1
598,1,1,3,3,7,7
220,7,7,7,7,7,1
221,5,6,7,7,7,1.16667
26,1,1,3,3,7,7
557,8,7,7,7,7,1
29,2,2,6,4,7,3.5
35,5,5,7,7,7,1.4
486,7,7,7,7,7,1
277,7,7,7,7,7,1
230,2,3,6,4,7,2.33333
30,8,7,7,7,7,1
471,8,7,7,7,7,1
99,4,5,7,6,7,1.4
236,7,7,7,7,7,1
820,2,2,6,4,7,3.5
90,8,7,7,7,7,1
239,8,7,7,7,7,1
363,3,3,7,5,7,2.33333
364,7,7,7,7,7,1
707,7,7,7,7,7,1
25,7,7,7,7,7,1
890,4,5,7,6,7,1.4
243,1,1,3,3,7,7
274,2,2,6,4,7,3.5
245,4,4,7,6,7,1.75
247,6,7,7,7,7,1
460,8,7,7,7,7,1
248,9,7,7,7,7,1
249,3,4,7,5,7,1.75
410,2,4,6,4,7,1.75
610,9,7,7,7,7,1
316,6,7,7,7,7,1
922,5,6,7,7,7,1.16667
584,2,3,6,4,7,2.33333
613,3,6,7,5,7,1.16667
95,5,7,7,7,7,1
644,8,7,7,7,7,1
65,8,7,7,7,7,1
255,8,7,7,7,7,1
569,7,7,7,7,7,1
1161,4,5,7,6,7,1.4
547,6,7,7,7,7,1
580,9,7,7,7,7,1
656,9,7,7,7,7,1
857,2,4,6,4,7,1.75
259,8,7,7,7,7,1
27,1,1,3,3,7,7
1229,3,3,7,5,7,2.33333
261,7,7,7,7,7,1
266,6,7,7,7,7,1
521,8,7,7,7,7,1
619,1,1,3,3,7,7
847,5,7,7,7,7,1
854,1,1,3,3,7,7
856,2,4,6,4,7,1.75
1850,3,5,7,5,7,1.4
541,4,6,7,6,7,1.16667
265,5,7,7,7,7,1
267,5,5,7,7,7,1.4
271,1,1,3,3,7,7
272,8,7,7,7,7,1
273,1,1,3,3,7,7
276,5,5,7,7,7,1.4
329,2,2,6,4,7,3.5
491,7,7,7,7,7,1
493,4,6,7,6,7,1.16667
915,5,7,7,7,7,1
891,9,7,7,7,7,1
563,9,7,7,7,7,1
647,7,7,7,7,7,1
282,2,2,6,4,7,3.5
284,4,6,7,6,7,1.16667
438,1,1,3,3,7,7
445,9,7,7,7,7,1
677,4,5,7,6,7,1.4
814,1,1,3,3,7,7
805,5,6,7,7,7,1.16667
291,5,7,7,7,7,1
292,1,1,3,3,7,7
293,1,1,3,3,7,7
349,3,5,7,5,7,1.4
910,9,7,7,7,7,1
294,2,4,6,4,7,1.75
295,5,7,7,7,7,1
297,1,1,3,3,7,7
315,5,7,7,7,7,1
375,7,7,7,7,7,1
298,4,4,7,6,7,1.75
335,8,7,7,7,7,1
774,5,7,7,7,7,1
739,9,7,7,7,7,1
304,5,6,7,7,7,1.16667
394,5,7,7,7,7,1
575,1,1,3,3,7,7
325,4,5,7,6,7,1.4
326,3,5,7,5,7,1.4
306,4,5,7,6,7,1.4
350,2,3,6,4,7,2.33333
351,2,4,6,4,7,1.75
551,4,5,7,6,7,1.4
552,7,7,7,7,7,1
565,1,1,3,3,7,7
615,5,7,7,7,7,1
309,4,6,7,6,7,1.16667
361,2,3,6,4,7,2.33333
58,2,2,6,4,7,3.5
311,1,1,3,3,7,7
513,5,6,7,7,7,1.16667
629,2,4,6,4,7,1.75
347,5,6,7,7,7,1.16667
348,1,1,3,3,7,7
589,7,7,7,7,7,1
909,1,1,3,3,7,7
942,5,6,7,7,7,1.16667
401,7,7,7,7,7,1
365,4,4,7,6,7,1.75
413,1,1,3,3,7,7
319,3,4,7,5,7,1.75
37,8,7,7,7,7,1
884,1,1,3,3,7,7
898,6,7,7,7,7,1
899,2,3,6,4,7,2.33333
320,7,7,7,7,7,1
321,5,6,7,7,7,1.16667
395,5,6,7,7,7,1.16667
399,6,7,7,7,7,1
322,5,6,7,7,7,1.16667
952,7,7,7,7,7,1
323,3,3,7,5,7,2.33333
865,2,4,6,4,7,1.75
785,3,3,7,5,7,2.33333
327,8,7,7,7,7,1
353,6,7,7,7,7,1
559,1,1,3,3,7,7
567,3,3,7,5,7,2.33333
609,7,7,7,7,7,1
332,3,5,7,5,7,1.4
900,8,7,7,7,7,1
331,2,2,6,4,7,3.5
735,1,1,3,3,7,7
645,2,2,6,4,7,3.5
753,7,7,7,7,7,1
338,5,6,7,7,7,1.16667
515,6,7,7,7,7,1
678,1,1,3,3,7,7
715,7,7,7,7,7,1
343,2,4,6,4,7,1.75
843,2,3,6,4,7,2.33333
945,5,6,7,7,7,1.16667
341,4,5,7,6,7,1.4
342,2,3,6,4,7,2.33333
358,8,7,7,7,7,1
916,3,3,7,5,7,2.33333
1854,6,6,7,7,7,1.16667
355,6,7,7,7,7,1
476,8,7,7,7,7,1
693,3,6,7,5,7,1.16667
488,7,7,7,7,7,1
359,3,3,7,5,7,2.33333
441,8,7,7,7,7,1
776,2,2,6,4,7,3.5
919,2,2,6,4,7,3.5
690,9,7,7,7,7,1
523,5,5,7,7,7,1.4
670,9,7,7,7,7,1
368,1,1,3,3,7,7
369,7,7,7,7,7,1
870,5,7,7,7,7,1
466,9,7,7,7,7,1
561,6,6,7,7,7,1.16667
1921,8,7,7,7,7,1
444,9,7,7,7,7,1
374,3,5,7,5,7,1.4
376,9,7,7,7,7,1
400,9,7,7,7,7,1
377,1,1,3,3,7,7
378,2,4,6,4,7,1.75
600,7,7,7,7,7,1
624,2,2,6,4,7,3.5
380,1,1,3,3,7,7
398,5,7,7,7,7,1
386,1,1,3,3,7,7
387,9,7,7,7,7,1
388,5,5,7,7,7,1.4
389,2,2,6,4,7,3.5
390,1,1,3,3,7,7
391,3,4,7,5,7,1.75
550,3,4,7,5,7,1.75
437,3,4,7,5,7,1.75
392,8,7,7,7,7,1
464,7,7,7,7,7,1
404,5,5,7,7,7,1.4
405,3,3,7,5,7,2.33333
406,1,1,3,3,7,7
407,6,7,7,7,7,1
408,7,7,7,7,7,1
414,6,6,7,7,7,1.16667
415,7,7,7,7,7,1
417,1,1,3,3,7,7
568,6,7,7,7,7,1
571,1,1,3,3,7,7
420,1,1,3,3,7,7
422,1,1,3,3,7,7
510,9,7,7,7,7,1
426,3,5,7,5,7,1.4
427,1,1,3,3,7,7
428,1,1,3,3,7,7
429,3,5,7,5,7,1.4
529,2,2,6,4,7,3.5
631,3,4,7,5,7,1.75
430,3,3,7,5,7,2.33333
431,2,2,6,4,7,3.5
433,4,6,7,6,7,1.16667
434,1,1,3,3,7,7
540,5,6,7,7,7,1.16667
543,9,7,7,7,7,1
841,2,2,6,4,7,3.5
947,3,5,7,5,7,1.4
435,9,7,7,7,7,1
439,8,7,7,7,7,1
443,9,7,7,7,7,1
655,9,7,7,7,7,1
674,9,7,7,7,7,1
442,4,6,7,6,7,1.16667
682,5,7,7,7,7,1
683,3,5,7,5,7,1.4
684,9,7,7,7,7,1
530,7,7,7,7,7,1
779,1,1,3,3,7,7
1190,4,4,7,6,7,1.75
1442,1,1,3,3,7,7
479,4,5,7,6,7,1.4
481,6,7,7,7,7,1
1198,2,4,6,4,7,1.75
452,9,7,7,7,7,1
1405,2,3,6,4,7,2.33333
853,6,7,7,7,7,1
457,8,7,7,7,7,1
914,9,7,7,7,7,1
611,1,1,3,3,7,7
676,5,7,7,7,7,1
886,6,7,7,7,7,1
469,2,3,6,4,7,2.33333
472,4,4,7,6,7,1.75
474,1,1,3,3,7,7
475,4,5,7,6,7,1.4
832,4,5,7,6,7,1.4
699,1,1,3,3,7,7
499,7,7,7,7,7,1
921,7,7,7,7,7,1
489,1,1,3,3,7,7
512,1,1,3,3,7,7
511,8,7,7,7,7,1
839,3,6,7,5,7,1.16667
587,3,3,7,5,7,2.33333
494,7,7,7,7,7,1
887,1,1,3,3,7,7
498,4,5,7,6,7,1.4
501,3,3,7,5,7,2.33333
594,1,1,3,3,7,7
504,3,5,7,5,7,1.4
505,4,6,7,6,7,1.16667
506,1,1,3,3,7,7
924,5,5,7,7,7,1.4
616,2,2,6,4,7,3.5
509,4,6,7,6,7,1.16667
578,7,7,7,7,7,1
599,5,6,7,7,7,1.16667
618,1,1,3,3,7,7
517,4,4,7,6,7,1.75
518,1,1,3,3,7,7
932,2,2,6,4,7,3.5
548,4,4,7,6,7,1.75
555,2,2,6,4,7,3.5
562,6,7,7,7,7,1
564,2,2,6,4,7,3.5
524,4,6,7,6,7,1.16667
526,4,6,7,6,7,1.16667
527,3,3,7,5,7,2.33333
528,3,4,7,5,7,1.75
532,1,1,3,3,7,7
603,5,5,7,7,7,1.4
533,1,1,3,3,7,7
888,3,6,7,5,7,1.16667
55,8,7,7,7,7,1
544,3,3,7,5,7,2.33333
73,3,5,7,5,7,1.4
553,1,1,3,3,7,7
554,1,1,3,3,7,7
558,6,7,7,7,7,1
632,4,4,7,6,7,1.75
636,6,7,7,7,7,1
809,3,3,7,5,7,2.33333
944,1,1,3,3,7,7
585,2,3,6,4,7,2.33333
614,5,6,7,7,7,1.16667
800,3,5,7,5,7,1.4
566,7,7,7,7,7,1
572,6,7,7,7,7,1
576,5,7,7,7,7,1
950,7,7,7,7,7,1
708,4,5,7,6,7,1.4
802,4,6,7,6,7,1.16667
946,8,7,7,7,7,1
754,7,7,7,7,7,1
590,5,7,7,7,7,1
591,1,1,3,3,7,7
592,2,2,6,4,7,3.5
593,5,6,7,7,7,1.16667
627,7,7,7,7,7,1
596,6,7,7,7,7,1
60,8,7,7,7,7,1
604,4,6,7,6,7,1.16667
605,8,7,7,7,7,1
606,2,4,6,4,7,1.75
738,5,7,7,7,7,1
781,1,1,3,3,7,7
620,5,5,7,7,7,1.4
617,1,1,3,3,7,7
622,9,7,7,7,7,1
848,9,7,7,7,7,1
623,9,7,7,7,7,1
625,2,3,6,4,7,2.33333
626,4,6,7,6,7,1.16667
628,3,5,7,5,7,1.4
630,2,4,6,4,7,1.75
634,8,7,7,7,7,1
635,9,7,7,7,7,1
638,8,7,7,7,7,1
639,9,7,7,7,7,1
640,9,7,7,7,7,1
876,5,6,7,7,7,1.16667
642,8,7,7,7,7,1
794,3,5,7,5,7,1.4
650,2,2,6,4,7,3.5
652,9,7,7,7,7,1
657,6,7,7,7,7,1
658,4,4,7,6,7,1.75
663,8,7,7,7,7,1
692,9,7,7,7,7,1
722,7,7,7,7,7,1
844,5,6,7,7,7,1.16667
723,5,5,7,7,7,1.4
759,8,7,7,7,7,1
730,2,2,6,4,7,3.5
660,2,2,6,4,7,3.5
665,3,5,7,5,7,1.4
666,2,3,6,4,7,2.33333
745,3,3,7,5,7,2.33333
744,7,7,7,7,7,1
711,2,2,6,4,7,3.5
672,6,7,7,7,7,1
889,3,6,7,5,7,1.16667
675,9,7,7,7,7,1
943,5,7,7,7,7,1
679,1,1,3,3,7,7
1792,7,7,7,7,7,1
830,7,7,7,7,7,1
838,9,7,7,7,7,1
917,4,7,7,6,7,1
689,5,6,7,7,7,1.16667
69,1,1,3,3,7,7
694,4,4,7,6,7,1.75
695,3,3,7,5,7,2.33333
696,7,7,7,7,7,1
697,5,6,7,7,7,1.16667
718,1,1,3,3,7,7
727,2,4,6,4,7,1.75
770,6,6,7,7,7,1.16667
698,3,3,7,5,7,2.33333
10,2,4,6,4,7,1.75
72,6,7,7,7,7,1
1640,8,7,7,7,7,1
709,8,7,7,7,7,1
791,4,6,7,6,7,1.16667
757,4,4,7,6,7,1.75
840,7,7,7,7,7,1
726,7,7,7,7,7,1
936,3,4,7,5,7,1.75
937,1,1,3,3,7,7
729,1,1,3,3,7,7
755,6,7,7,7,7,1
756,7,7,7,7,7,1
732,1,1,3,3,7,7
740,6,6,7,7,7,1.16667
768,2,2,6,4,7,3.5
787,9,7,7,7,7,1
743,6,7,7,7,7,1
892,3,4,7,5,7,1.75
893,7,7,7,7,7,1
749,9,7,7,7,7,1
750,2,3,6,4,7,2.33333
76,5,7,7,7,7,1
751,1,1,3,3,7,7
752,8,7,7,7,7,1
758,2,2,6,4,7,3.5
760,3,5,7,5,7,1.4
761,7,7,7,7,7,1
762,7,7,7,7,7,1
766,3,3,7,5,7,2.33333
767,5,5,7,7,7,1.4
769,3,5,7,5,7,1.4
929,7,7,7,7,7,1
780,4,6,7,6,7,1.16667
782,2,2,6,4,7,3.5
977,2,2,6,4,7,3.5
786,3,5,7,5,7,1.4
790,8,7,7,7,7,1
990,2,2,6,4,7,3.5
796,4,4,7,6,7,1.75
797,6,6,7,7,7,1.16667
82,7,7,7,7,7,1
804,1,1,3,3,7,7
806,7,7,7,7,7,1
816,7,7,7,7,7,1
811,2,3,6,4,7,2.33333
834,5,7,7,7,7,1
812,1,1,3,3,7,7
858,1,1,3,3,7,7
821,1,1,3,3,7,7
823,2,2,6,4,7,3.5
878,4,7,7,6,7,1
826,8,7,7,7,7,1
86,4,4,7,6,7,1.75
835,2,3,6,4,7,2.33333
836,2,2,6,4,7,3.5
845,1,1,3,3,7,7
869,3,5,7,5,7,1.4
877,2,4,6,4,7,1.75
859,5,6,7,7,7,1.16667
866,2,4,6,4,7,1.75
867,5,6,7,7,7,1.16667
868,9,7,7,7,7,1
1445,2,3,6,4,7,2.33333
871,3,3,7,5,7,2.33333
875,4,7,7,6,7,1
951,1,1,3,3,7,7
964,1,1,3,3,7,7
894,1,1,3,3,7,7
895,6,7,7,7,7,1
896,4,6,7,6,7,1.16667
906,4,6,7,6,7,1.16667
923,2,3,6,4,7,2.33333
920,6,7,7,7,7,1
982,2,3,6,4,7,2.33333
94,3,3,7,5,7,2.33333
928,4,6,7,6,7,1.16667
934,1,1,3,3,7,7
1667,4,7,7,6,7,1
974,6,7,7,7,7,1
938,6,7,7,7,7,1
290,1,1,3,3,7,7
941,6,7,7,7,7,1
97,6,7,7,7,7,1
953,6,7,7,7,7,1
954,5,6,7,7,7,1.16667
965,7,7,7,7,7,1
966,3,5,7,5,7,1.4
967,1,1,3,3,7,7
969,1,1,3,3,7,7
970,1,1,3,3,7,7
975,7,7,7,7,7,1
1799,7,7,7,7,7,1
979,2,2,6,4,7,3.5
981,7,7,7,7,7,1
983,9,7,7,7,7,1
984,3,5,7,5,7,1.4
985,1,1,3,3,7,7
986,1,1,3,3,7,7
1004,5,5,7,7,7,1.4
989,6,7,7,7,7,1
994,3,5,7,5,7,1.4
995,3,5,7,5,7,1.4
996,3,4,7,5,7,1.75
997,9,7,7,7,7,1
998,3,4,7,5,7,1.75
2454,3,5,7,5,7,1.4
1929,6,7,7,7,7,1
1948,3,4,7,5,7,1.75
2103,5,7,7,7,7,1
2289,5,7,7,7,7,1
2151,4,7,7,6,7,1
2303,1,2,3,3,7,3.5
2518,5,7,7,7,7,1
2005,7,7,7,7,7,1
2057,8,7,7,7,7,1
2285,1,2,3,3,7,3.5
2479,4,7,7,6,7,1
2472,6,7,7,7,7,1
2630,1,2,3,3,7,3.5
1944,8,7,7,7,7,1
2016,6,7,7,7,7,1
1932,6,7,7,7,7,1
1985,7,7,7,7,7,1
2594,3,7,7,5,7,1
1935,4,7,7,6,7,1
2001,1,2,3,3,7,3.5
2230,6,7,7,7,7,1
2179,6,7,7,7,7,1
2029,1,2,3,3,7,3.5
2043,1,2,3,3,7,3.5
2655,8,7,7,7,7,1
1933,8,7,7,7,7,1
2311,8,7,7,7,7,1
2465,3,5,7,5,7,1.4
1966,6,7,7,7,7,1
2396,4,7,7,6,7,1
1976,7,7,7,7,7,1
2111,6,7,7,7,7,1
2133,5,7,7,7,7,1
2310,6,7,7,7,7,1
2660,3,4,7,5,7,1.75
2007,5,7,7,7,7,1
2392,8,7,7,7,7,1
2188,7,7,7,7,7,1
2189,8,7,7,7,7,1
2287,2,3,6,4,7,2.33333
1963,8,7,7,7,7,1
2681,8,7,7,7,7,1
2692,2,4,6,4,7,1.75
2350,6,7,7,7,7,1
1971,8,7,7,7,7,1
2161,3,6,7,5,7,1.16667
2406,3,5,7,5,7,1.4
2582,3,7,7,5,7,1
2376,3,6,7,5,7,1.16667
2644,2,3,6,4,7,2.33333
2536,7,7,7,7,7,1
2042,2,4,6,4,7,1.75
2237,6,7,7,7,7,1
2266,8,7,7,7,7,1
2683,1,2,3,3,7,3.5
2003,6,7,7,7,7,1
2351,6,7,7,7,7,1
2457,2,3,6,4,7,2.33333
1990,8,7,7,7,7,1
1961,1,2,3,3,7,3.5
2155,7,7,7,7,7,1
2437,6,7,7,7,7,1
2232,5,7,7,7,7,1
2308,5,7,7,7,7,1
2374,7,7,7,7,7,1
2328,4,7,7,6,7,1
2364,5,7,7,7,7,1
2018,2,3,6,4,7,2.33333
2019,2,3,6,4,7,2.33333
2037,1,2,3,3,7,3.5
2022,3,4,7,5,7,1.75
2023,8,7,7,7,7,1
2136,5,6,7,7,7,1.16667
2245,5,6,7,7,7,1.16667
2292,6,7,7,7,7,1
2319,6,7,7,7,7,1
2180,6,7,7,7,7,1
2119,5,7,7,7,7,1
2172,7,7,7,7,7,1
2174,3,5,7,5,7,1.4
2435,3,4,7,5,7,1.75
2447,6,7,7,7,7,1
2163,8,7,7,7,7,1
2493,1,2,3,3,7,3.5
2695,3,5,7,5,7,1.4
2701,4,6,7,6,7,1.16667
2178,3,4,7,5,7,1.75
2367,4,6,7,6,7,1.16667
2379,8,7,7,7,7,1
2403,4,5,7,6,7,1.4
1973,7,7,7,7,7,1
2110,4,6,7,6,7,1.16667
2659,3,5,7,5,7,1.4
1999,1,2,3,3,7,3.5
2030,3,4,7,5,7,1.75
2275,3,5,7,5,7,1.4
2446,2,3,6,4,7,2.33333
1965,6,7,7,7,7,1
2545,4,7,7,6,7,1
2214,5,6,7,7,7,1.16667
2215,1,2,3,3,7,3.5
2233,8,7,7,7,7,1
2456,3,4,7,5,7,1.75
2315,3,6,7,5,7,1.16667
2316,6,7,7,7,7,1
2031,4,5,7,6,7,1.4
2318,4,7,7,6,7,1
2004,3,4,7,5,7,1.75
2061,1,2,3,3,7,3.5
2461,7,7,7,7,7,1
2201,1,2,3,3,7,3.5
2400,7,7,7,7,7,1
2054,3,7,7,5,7,1
2076,6,7,7,7,7,1
2099,6,7,7,7,7,1
2504,5,7,7,7,7,1
2505,1,2,3,3,7,3.5
2024,4,5,7,6,7,1.4
2035,5,6,7,7,7,1.16667
2225,6,7,7,7,7,1
1977,1,2,3,3,7,3.5
2332,3,6,7,5,7,1.16667
2049,5,7,7,7,7,1
2469,5,7,7,7,7,1
2470,3,6,7,5,7,1.16667
2471,6,7,7,7,7,1
2475,1,2,3,3,7,3.5
2142,6,7,7,7,7,1
2162,1,2,3,3,7,3.5
2309,7,7,7,7,7,1
2680,3,4,7,5,7,1.75
2682,5,7,7,7,7,1
2378,4,6,7,6,7,1.16667
2034,7,7,7,7,7,1
2482,1,2,3,3,7,3.5
2483,4,7,7,6,7,1
2514,4,6,7,6,7,1.16667
2486,3,6,7,5,7,1.16667
2549,5,7,7,7,7,1
2404,1,2,3,3,7,3.5
2371,6,7,7,7,7,1
2372,7,7,7,7,7,1
2373,5,6,7,7,7,1.16667
2498,4,6,7,6,7,1.16667
2492,5,7,7,7,7,1
2451,3,7,7,5,7,1
2036,1,2,3,3,7,3.5
2326,5,7,7,7,7,1
2496,7,7,7,7,7,1
2028,4,6,7,6,7,1.16667
2497,3,5,7,5,7,1.4
2317,7,7,7,7,7,1
2299,4,6,7,6,7,1.16667
2300,2,4,6,4,7,1.75
2614,3,4,7,5,7,1.75
2152,7,7,7,7,7,1
2298,1,2,3,3,7,3.5
2342,3,5,7,5,7,1.4
2008,5,7,7,7,7,1
2010,2,3,6,4,7,2.33333
2240,6,7,7,7,7,1
2603,1,2,3,3,7,3.5
2335,3,5,7,5,7,1.4
2618,4,7,7,6,7,1
1967,2,5,6,4,7,1.4
2651,2,3,6,4,7,2.33333
2598,3,4,7,5,7,1.75
2569,3,7,7,5,7,1
2579,3,6,7,5,7,1.16667
2210,5,7,7,7,7,1
2231,4,7,7,6,7,1
2272,4,6,7,6,7,1.16667
2082,3,6,7,5,7,1.16667
2293,4,7,7,6,7,1
2333,4,5,7,6,7,1.4
2257,6,7,7,7,7,1
2650,2,3,6,4,7,2.33333
2067,8,7,7,7,7,1
2499,4,7,7,6,7,1
2529,3,7,7,5,7,1
1997,7,7,7,7,7,1
2187,3,5,7,5,7,1.4
1939,7,7,7,7,7,1
2195,4,6,7,6,7,1.16667
2563,3,5,7,5,7,1.4
2255,8,7,7,7,7,1
2020,5,6,7,7,7,1.16667
2021,7,7,7,7,7,1
2051,7,7,7,7,7,1
2101,7,7,7,7,7,1
2121,6,7,7,7,7,1
2657,1,2,3,3,7,3.5
2086,5,7,7,7,7,1
1981,7,7,7,7,7,1
1982,2,4,6,4,7,1.75
2503,4,5,7,6,7,1.4
2506,3,5,7,5,7,1.4
1937,7,7,7,7,7,1
2522,3,4,7,5,7,1.75
2523,4,6,7,6,7,1.16667
2656,1,2,3,3,7,3.5
2539,2,4,6,4,7,1.75
2075,6,7,7,7,7,1
2341,3,7,7,5,7,1
2541,3,4,7,5,7,1.75
2381,2,4,6,4,7,1.75
2408,4,7,7,6,7,1
2494,1,2,3,3,7,3.5
2186,4,5,7,6,7,1.4
2508,4,7,7,6,7,1
2097,6,7,7,7,7,1
2513,8,7,7,7,7,1
2530,1,2,3,3,7,3.5
2538,3,4,7,5,7,1.75
2580,4,6,7,6,7,1.16667
2646,3,4,7,5,7,1.75
2572,3,4,7,5,7,1.75
2327,4,6,7,6,7,1.16667
2025,1,2,3,3,7,3.5
2197,1,2,3,3,7,3.5
2697,4,6,7,6,7,1.16667
2567,2,3,6,4,7,2.33333
1946,2,4,6,4,7,1.75
2062,3,5,7,5,7,1.4
2063,5,7,7,7,7,1
2193,7,7,7,7,7,1
2250,7,7,7,7,7,1
1959,2,3,6,4,7,2.33333
2370,7,7,7,7,7,1
2600,7,7,7,7,7,1
2512,4,5,7,6,7,1.4
1996,3,6,7,5,7,1.16667
2576,5,7,7,7,7,1
2577,2,3,6,4,7,2.33333
2015,5,7,7,7,7,1
2288,6,7,7,7,7,1
2687,2,4,6,4,7,1.75
2276,4,6,7,6,7,1.16667
2377,2,3,6,4,7,2.33333
2453,3,4,7,5,7,1.75
2460,1,2,3,3,7,3.5
2489,3,5,7,5,7,1.4
1945,5,7,7,7,7,1
2263,8,7,7,7,7,1
2449,1,2,3,3,7,3.5
2066,2,3,6,4,7,2.33333
2083,2,3,6,4,7,2.33333
2096,6,7,7,7,7,1
2413,7,7,7,7,7,1
2500,3,7,7,5,7,1
1960,8,7,7,7,7,1
2360,2,3,6,4,7,2.33333
2443,6,7,7,7,7,1
2558,6,7,7,7,7,1
2150,6,7,7,7,7,1
2313,5,7,7,7,7,1
2079,8,7,7,7,7,1
2134,6,7,7,7,7,1
2100,4,5,7,6,7,1.4
2132,5,7,7,7,7,1
2143,8,7,7,7,7,1
2537,6,7,7,7,7,1
2485,1,2,3,3,7,3.5
2071,5,7,7,7,7,1
2105,6,7,7,7,7,1
2145,6,7,7,7,7,1
2098,2,3,6,4,7,2.33333
2107,6,7,7,7,7,1
2394,1,2,3,3,7,3.5
2611,5,7,7,7,7,1
2668,2,5,6,4,7,1.4
2669,3,5,7,5,7,1.4
1928,8,7,7,7,7,1
2347,3,5,7,5,7,1.4
2124,3,5,7,5,7,1.4
1969,4,5,7,6,7,1.4
1931,5,7,7,7,7,1
1938,6,7,7,7,7,1
2507,2,4,6,4,7,1.75
2645,1,2,3,3,7,3.5
1940,3,6,7,5,7,1.16667
2679,5,7,7,7,7,1
2535,1,2,3,3,7,3.5
2170,8,7,7,7,7,1
2235,6,7,7,7,7,1
2236,1,2,3,3,7,3.5
1991,1,2,3,3,7,3.5
2662,4,6,7,6,7,1.16667
2654,1,2,3,3,7,3.5
2663,2,3,6,4,7,2.33333
2397,4,7,7,6,7,1
2691,4,6,7,6,7,1.16667
2466,7,7,7,7,7,1
2339,2,5,6,4,7,1.4
2442,5,7,7,7,7,1
2542,3,4,7,5,7,1.75
2543,1,2,3,3,7,3.5
2555,8,7,7,7,7,1
2462,6,7,7,7,7,1
1925,8,7,7,7,7,1
1926,8,7,7,7,7,1
2290,5,7,7,7,7,1
2291,3,5,7,5,7,1.4
1927,8,7,7,7,7,1
1930,6,7,7,7,7,1
2386,1,2,3,3,7,3.5
2565,6,7,7,7,7,1
2586,6,7,7,7,7,1
1934,5,7,7,7,7,1
2247,7,7,7,7,7,1
2698,3,5,7,5,7,1.4
1964,3,5,7,5,7,1.4
1936,4,7,7,6,7,1
2087,5,7,7,7,7,1
2088,5,7,7,7,7,1
2089,6,7,7,7,7,1
1951,5,6,7,7,7,1.16667
1941,5,6,7,7,7,1.16667
1942,5,6,7,7,7,1.16667
1943,2,3,6,4,7,2.33333
1955,4,5,7,6,7,1.4
1949,8,7,7,7,7,1
1950,4,6,7,6,7,1.16667
1952,1,2,3,3,7,3.5
1953,4,6,7,6,7,1.16667
1957,5,7,7,7,7,1
1958,6,7,7,7,7,1
2463,7,7,7,7,7,1
1962,1,2,3,3,7,3.5
1992,3,4,7,5,7,1.75
1968,5,6,7,7,7,1.16667
2642,2,4,6,4,7,1.75
1970,1,2,3,3,7,3.5
1954,4,7,7,6,7,1
1993,6,7,7,7,7,1
1972,2,4,6,4,7,1.75
2430,7,7,7,7,7,1
1974,2,4,6,4,7,1.75
1975,6,7,7,7,7,1
1978,4,5,7,6,7,1.4
1979,7,7,7,7,7,1
1980,4,6,7,6,7,1.16667
1987,5,7,7,7,7,1
1983,8,7,7,7,7,1
1984,6,7,7,7,7,1
1986,2,4,6,4,7,1.75
1989,5,7,7,7,7,1
1988,4,6,7,6,7,1.16667
2000,4,6,7,6,7,1.16667
1994,1,2,3,3,7,3.5
1995,1,2,3,3,7,3.5
1998,6,7,7,7,7,1
2060,1,2,3,3,7,3.5
2002,6,7,7,7,7,1
2053,4,6,7,6,7,1.16667
2006,8,7,7,7,7,1
2094,6,7,7,7,7,1
2011,5,7,7,7,7,1
2012,5,7,7,7,7,1
2013,6,7,7,7,7,1
2052,1,2,3,3,7,3.5
2065,1,2,3,3,7,3.5
2014,2,4,6,4,7,1.75
2017,1,2,3,3,7,3.5
2693,4,6,7,6,7,1.16667
2044,1,2,3,3,7,3.5
2171,2,4,6,4,7,1.75
2026,1,2,3,3,7,3.5
2027,1,2,3,3,7,3.5
2032,5,6,7,7,7,1.16667
2273,2,5,6,4,7,1.4
2033,7,7,7,7,7,1
2046,1,2,3,3,7,3.5
2038,3,4,7,5,7,1.75
2039,1,2,3,3,7,3.5
2040,7,7,7,7,7,1
2041,6,7,7,7,7,1
2009,3,6,7,5,7,1.16667
2055,6,7,7,7,7,1
2047,1,2,3,3,7,3.5
2048,3,4,7,5,7,1.75
2050,7,7,7,7,7,1
2108,4,6,7,6,7,1.16667
2431,6,7,7,7,7,1
2056,5,7,7,7,7,1
2058,5,7,7,7,7,1
2059,1,2,3,3,7,3.5
2102,6,7,7,7,7,1
2491,5,7,7,7,7,1
2064,4,7,7,6,7,1
2382,6,7,7,7,7,1
2123,4,7,7,6,7,1
2078,6,7,7,7,7,1
2068,2,3,6,4,7,2.33333
2069,5,7,7,7,7,1
2070,6,7,7,7,7,1
2077,6,7,7,7,7,1
2091,2,3,6,4,7,2.33333
2072,4,5,7,6,7,1.4
2073,6,7,7,7,7,1
2074,1,2,3,3,7,3.5
2330,6,7,7,7,7,1
2109,6,7,7,7,7,1
2137,4,7,7,6,7,1
2084,6,7,7,7,7,1
2085,5,7,7,7,7,1
2297,4,7,7,6,7,1
2139,6,7,7,7,7,1
2418,1,2,3,3,7,3.5
2138,6,7,7,7,7,1
2116,6,7,7,7,7,1
2090,8,7,7,7,7,1
2093,1,2,3,3,7,3.5
2092,6,7,7,7,7,1
2135,4,5,7,6,7,1.4
2117,1,2,3,3,7,3.5
2095,4,6,7,6,7,1.16667
2112,3,7,7,5,7,1
2113,2,3,6,4,7,2.33333
2115,1,2,3,3,7,3.5
2422,2,3,6,4,7,2.33333
2104,5,7,7,7,7,1
2106,2,5,6,4,7,1.4
2434,5,7,7,7,7,1
2118,2,4,6,4,7,1.75
2423,4,7,7,6,7,1
2444,4,6,7,6,7,1.16667
2670,7,7,7,7,7,1
2126,4,6,7,6,7,1.16667
2148,5,7,7,7,7,1
2114,1,2,3,3,7,3.5
2402,6,7,7,7,7,1
2248,2,4,6,4,7,1.75
2249,2,4,6,4,7,1.75
2120,5,7,7,7,7,1
2122,5,7,7,7,7,1
2401,5,7,7,7,7,1
2125,1,2,3,3,7,3.5
2127,2,3,6,4,7,2.33333
2128,1,2,3,3,7,3.5
2129,8,7,7,7,7,1
2130,3,5,7,5,7,1.4
2131,5,7,7,7,7,1
2140,3,6,7,5,7,1.16667
2141,3,6,7,5,7,1.16667
2329,3,6,7,5,7,1.16667
2624,3,6,7,5,7,1.16667
2144,1,2,3,3,7,3.5
2146,4,7,7,6,7,1
2147,1,2,3,3,7,3.5
2149,5,7,7,7,7,1
2153,3,6,7,5,7,1.16667
2154,4,7,7,6,7,1
2156,3,4,7,5,7,1.75
2157,6,7,7,7,7,1
2158,2,3,6,4,7,2.33333
2159,5,7,7,7,7,1
2160,6,7,7,7,7,1
1956,1,2,3,3,7,3.5
2268,4,6,7,6,7,1.16667
2164,2,5,6,4,7,1.4
2167,3,6,7,5,7,1.16667
2168,3,6,7,5,7,1.16667
2398,2,3,6,4,7,2.33333
2169,2,5,6,4,7,1.4
2271,3,6,7,5,7,1.16667
2173,2,4,6,4,7,1.75
2678,2,3,6,4,7,2.33333
2175,1,2,3,3,7,3.5
2176,3,6,7,5,7,1.16667
2177,5,7,7,7,7,1
2305,6,7,7,7,7,1
2331,3,7,7,5,7,1
2181,4,6,7,6,7,1.16667
2182,1,2,3,3,7,3.5
2183,2,4,6,4,7,1.75
2184,3,4,7,5,7,1.75
2345,1,2,3,3,7,3.5
2282,7,7,7,7,7,1
2190,1,2,3,3,7,3.5
2191,2,4,6,4,7,1.75
2194,1,2,3,3,7,3.5
2196,8,7,7,7,7,1
2540,5,6,7,7,7,1.16667
2198,1,2,3,3,7,3.5
2200,8,7,7,7,7,1
2202,1,2,3,3,7,3.5
2203,6,7,7,7,7,1
2204,2,3,6,4,7,2.33333
2205,2,4,6,4,7,1.75
2206,1,2,3,3,7,3.5
2207,7,7,7,7,7,1
2208,2,4,6,4,7,1.75
2211,3,6,7,5,7,1.16667
2209,8,7,7,7,7,1
2212,2,5,6,4,7,1.4
2213,7,7,7,7,7,1
2260,1,2,3,3,7,3.5
2216,4,7,7,6,7,1
2217,1,2,3,3,7,3.5
2218,7,7,7,7,7,1
2219,2,4,6,4,7,1.75
2220,2,3,6,4,7,2.33333
2391,8,7,7,7,7,1
2264,2,4,6,4,7,1.75
2223,3,4,7,5,7,1.75
2224,8,7,7,7,7,1
2244,7,7,7,7,7,1
2227,7,7,7,7,7,1
2226,2,3,6,4,7,2.33333
2228,2,3,6,4,7,2.33333
2229,3,4,7,5,7,1.75
2672,5,7,7,7,7,1
2234,5,6,7,7,7,1.16667
2246,1,2,3,3,7,3.5
2677,7,7,7,7,7,1
2238,6,7,7,7,7,1
2239,2,4,6,4,7,1.75
2241,5,7,7,7,7,1
2501,4,5,7,6,7,1.4
2502,7,7,7,7,7,1
2242,7,7,7,7,7,1
2243,6,7,7,7,7,1
2362,3,6,7,5,7,1.16667
2278,7,7,7,7,7,1
2267,1,2,3,3,7,3.5
2251,3,6,7,5,7,1.16667
2252,7,7,7,7,7,1
2253,4,6,7,6,7,1.16667
2254,1,2,3,3,7,3.5
2256,1,2,3,3,7,3.5
2258,2,4,6,4,7,1.75
2259,6,7,7,7,7,1
2261,1,2,3,3,7,3.5
2262,5,7,7,7,7,1
2265,1,2,3,3,7,3.5
2222,1,2,3,3,7,3.5
2269,2,4,6,4,7,1.75
2270,3,7,7,5,7,1
2274,2,3,6,4,7,2.33333
2277,6,7,7,7,7,1
2279,3,6,7,5,7,1.16667
2280,5,7,7,7,7,1
2281,6,7,7,7,7,1
2320,4,6,7,6,7,1.16667
2322,2,4,6,4,7,1.75
2467,8,7,7,7,7,1
2283,6,7,7,7,7,1
2284,4,7,7,6,7,1
2295,3,5,7,5,7,1.4
2304,2,4,6,4,7,1.75
2286,3,7,7,5,7,1
2294,5,7,7,7,7,1
2519,4,5,7,6,7,1.4
2296,7,7,7,7,7,1
2301,3,5,7,5,7,1.4
2474,1,2,3,3,7,3.5
2532,4,7,7,6,7,1
2302,1,2,3,3,7,3.5
2649,1,2,3,3,7,3.5
2306,2,5,6,4,7,1.4
2307,8,7,7,7,7,1
2312,6,7,7,7,7,1
2349,5,7,7,7,7,1
2664,2,3,6,4,7,2.33333
2314,2,4,6,4,7,1.75
2340,4,7,7,6,7,1
2559,5,7,7,7,7,1
2610,3,6,7,5,7,1.16667
2321,5,6,7,7,7,1.16667
2324,1,2,3,3,7,3.5
2325,1,2,3,3,7,3.5
2343,5,7,7,7,7,1
2334,2,5,6,4,7,1.4
2336,5,7,7,7,7,1
2337,1,2,3,3,7,3.5
2338,2,4,6,4,7,1.75
2346,2,5,6,4,7,1.4
2352,1,2,3,3,7,3.5
2353,2,4,6,4,7,1.75
2344,4,6,7,6,7,1.16667
2348,6,7,7,7,7,1
2358,5,7,7,7,7,1
2366,4,7,7,6,7,1
2354,3,4,7,5,7,1.75
2323,3,5,7,5,7,1.4
2355,4,7,7,6,7,1
2356,4,6,7,6,7,1.16667
2357,5,7,7,7,7,1
2676,5,6,7,7,7,1.16667
2359,4,7,7,6,7,1
2361,5,7,7,7,7,1
2363,5,7,7,7,7,1
2365,3,7,7,5,7,1
2368,7,7,7,7,7,1
2369,6,7,7,7,7,1
2375,2,4,6,4,7,1.75
2380,8,7,7,7,7,1
2383,4,6,7,6,7,1.16667
2384,4,6,7,6,7,1.16667
2385,2,4,6,4,7,1.75
2387,1,2,3,3,7,3.5
2388,3,6,7,5,7,1.16667
2389,1,2,3,3,7,3.5
2390,3,6,7,5,7,1.16667
2468,7,7,7,7,7,1
2393,4,6,7,6,7,1.16667
2395,4,6,7,6,7,1.16667
2399,3,4,7,5,7,1.75
2405,8,7,7,7,7,1
2407,3,6,7,5,7,1.16667
2409,6,7,7,7,7,1
2410,1,2,3,3,7,3.5
2411,2,4,6,4,7,1.75
2412,5,7,7,7,7,1
2416,2,5,6,4,7,1.4
2414,6,7,7,7,7,1
2415,6,7,7,7,7,1
2417,1,2,3,3,7,3.5
2419,3,4,7,5,7,1.75
2421,1,2,3,3,7,3.5
2420,2,3,6,4,7,2.33333
2424,2,3,6,4,7,2.33333
2425,3,4,7,5,7,1.75
2427,3,6,7,5,7,1.16667
2428,4,7,7,6,7,1
2433,2,5,6,4,7,1.4
2432,2,4,6,4,7,1.75
2436,1,2,3,3,7,3.5
2438,2,4,6,4,7,1.75
2439,3,6,7,5,7,1.16667
1947,1,2,3,3,7,3.5
2440,2,4,6,4,7,1.75
2632,2,3,6,4,7,2.33333
2445,5,7,7,7,7,1
2448,6,7,7,7,7,1
2450,4,6,7,6,7,1.16667
2452,5,7,7,7,7,1
2455,2,4,6,4,7,1.75
2613,5,6,7,7,7,1.16667
2458,3,4,7,5,7,1.75
2459,2,3,6,4,7,2.33333
2464,5,7,7,7,7,1
2487,6,7,7,7,7,1
2473,3,5,7,5,7,1.4
2476,8,7,7,7,7,1
2477,3,5,7,5,7,1.4
2478,7,7,7,7,7,1
2556,2,4,6,4,7,1.75
2480,2,4,6,4,7,1.75
2481,3,5,7,5,7,1.4
2484,2,4,6,4,7,1.75
2488,5,7,7,7,7,1
2490,4,5,7,6,7,1.4
2495,3,6,7,5,7,1.16667
2665,4,7,7,6,7,1
2684,2,5,6,4,7,1.4
2509,6,7,7,7,7,1
2510,3,4,7,5,7,1.75
2511,6,7,7,7,7,1
2601,4,7,7,6,7,1
2515,6,7,7,7,7,1
2516,3,4,7,5,7,1.75
2517,1,2,3,3,7,3.5
2520,6,7,7,7,7,1
2521,6,7,7,7,7,1
2524,4,7,7,6,7,1
2525,5,7,7,7,7,1
2526,4,6,7,6,7,1.16667
2527,6,7,7,7,7,1
2628,6,7,7,7,7,1
2629,5,7,7,7,7,1
2528,1,2,3,3,7,3.5
2531,2,4,6,4,7,1.75
2533,1,2,3,3,7,3.5
2534,6,7,7,7,7,1
2544,5,7,7,7,7,1
2546,6,7,7,7,7,1
2547,3,4,7,5,7,1.75
2548,2,4,6,4,7,1.75
2550,1,2,3,3,7,3.5
2551,7,7,7,7,7,1
2552,2,3,6,4,7,2.33333
2553,6,7,7,7,7,1
2554,1,2,3,3,7,3.5
2571,3,4,7,5,7,1.75
2557,5,7,7,7,7,1
2560,4,6,7,6,7,1.16667
2561,4,6,7,6,7,1.16667
2562,2,4,6,4,7,1.75
2564,4,7,7,6,7,1
2566,2,4,6,4,7,1.75
2568,5,7,7,7,7,1
2570,6,7,7,7,7,1
2573,2,4,6,4,7,1.75
2574,7,7,7,7,7,1
2575,4,5,7,6,7,1.4
2581,3,4,7,5,7,1.75
2583,4,7,7,6,7,1
2584,4,5,7,6,7,1.4
2585,3,6,7,5,7,1.16667
2587,6,7,7,7,7,1
2588,1,2,3,3,7,3.5
2589,2,4,6,4,7,1.75
2590,7,7,7,7,7,1
2617,4,7,7,6,7,1
2592,1,2,3,3,7,3.5
2593,6,7,7,7,7,1
2595,1,2,3,3,7,3.5
2596,4,6,7,6,7,1.16667
2597,5,6,7,7,7,1.16667
2599,4,5,7,6,7,1.4
2602,1,2,3,3,7,3.5
2604,2,3,6,4,7,2.33333
2605,4,5,7,6,7,1.4
2606,4,7,7,6,7,1
2607,5,7,7,7,7,1
2608,2,3,6,4,7,2.33333
2609,4,5,7,6,7,1.4
2612,7,7,7,7,7,1
2615,2,3,6,4,7,2.33333
2616,1,2,3,3,7,3.5
2619,3,7,7,5,7,1
2620,1,2,3,3,7,3.5
2621,1,2,3,3,7,3.5
2622,1,2,3,3,7,3.5
2623,1,2,3,3,7,3.5
2625,2,4,6,4,7,1.75
2626,6,7,7,7,7,1
2627,2,4,6,4,7,1.75
2631,5,7,7,7,7,1
2633,1,2,3,3,7,3.5
2634,3,4,7,5,7,1.75
2635,3,4,7,5,7,1.75
2636,3,5,7,5,7,1.4
2639,1,2,3,3,7,3.5
2640,5,6,7,7,7,1.16667
2641,3,4,7,5,7,1.75
2643,4,6,7,6,7,1.16667
2647,7,7,7,7,7,1
2648,6,7,7,7,7,1
2667,7,7,7,7,7,1
2652,7,7,7,7,7,1
2653,5,7,7,7,7,1
2658,3,7,7,5,7,1
2661,7,7,7,7,7,1
2666,2,5,6,4,7,1.4
2685,5,6,7,7,7,1.16667
2671,4,6,7,6,7,1.16667
2673,4,6,7,6,7,1.16667
2674,2,3,6,4,7,2.33333
2675,5,7,7,7,7,1
2688,3,5,7,5,7,1.4
2703,3,5,7,5,7,1.4
2686,6,7,7,7,7,1
2689,4,6,7,6,7,1.16667
2690,2,4,6,4,7,1.75
2694,4,6,7,6,7,1.16667
2696,1,2,3,3,7,3.5
2699,7,7,7,7,7,1
2700,2,3,6,4,7,2.33333
2702,4,6,7,6,7,1.16667
2704,2,3,6,4,7,2.33333
2705,2,5,6,4,7,1.4
2706,4,6,7,6,7,1.16667
2707,4,6,7,6,7,1.16667
2708,5,7,7,7,7,1
2081,1,2,3,3,7,3.5
2426,8,7,7,7,7,1
2045,2,4,6,4,7,1.75
2080,2,4,6,4,7,1.75
2578,3,5,7,5,7,1.4
2221,7,7,7,7,7,1
2591,4,5,7,6,7,1.4
2429,4,5,7,6,7,1.4
2638,1,2,3,3,7,3.5
2166,7,7,7,7,7,1
2637,2,5,6,4,7,1.4
2199,1,2,3,3,7,3.5
2192,5,6,7,7,7,1.16667
2441,3,6,7,5,7,1.16667
2165,4,7,7,6,7,1
2185,4,7,7,6,7,1
2851,7,7,7,7,7,1
2919,4,7,7,6,7,1
3018,7,7,7,7,7,1
2927,7,7,7,7,7,1
2972,3,7,7,5,7,1
2763,5,7,7,7,7,1
3000,2,4,6,4,7,1.75
3014,2,5,6,4,7,1.4
2985,2,4,6,4,7,1.75
2994,2,4,6,4,7,1.75
2854,3,7,7,5,7,1
2940,5,7,7,7,7,1
3006,4,7,7,6,7,1
2802,1,3,3,3,7,2.33333
2803,6,7,7,7,7,1
2722,7,7,7,7,7,1
2808,1,3,3,3,7,2.33333
2902,3,6,7,5,7,1.16667
3038,6,7,7,7,7,1
3043,1,3,3,3,7,2.33333
2942,2,5,6,4,7,1.4
2792,3,6,7,5,7,1.16667
2744,5,7,7,7,7,1
2745,4,7,7,6,7,1
2711,6,7,7,7,7,1
2992,3,6,7,5,7,1.16667
2930,7,7,7,7,7,1
2714,7,7,7,7,7,1
2778,5,7,7,7,7,1
3008,4,7,7,6,7,1
3024,6,7,7,7,7,1
2852,1,3,3,3,7,2.33333
2735,6,7,7,7,7,1
2963,1,3,3,3,7,2.33333
2939,2,6,6,4,7,1.16667
2916,6,7,7,7,7,1
2925,2,5,6,4,7,1.4
2814,4,6,7,6,7,1.16667
3036,1,3,3,3,7,2.33333
3037,7,7,7,7,7,1
2918,1,3,3,3,7,2.33333
2920,4,7,7,6,7,1
2921,1,3,3,3,7,2.33333
2964,6,7,7,7,7,1
2929,5,7,7,7,7,1
2917,3,6,7,5,7,1.16667
2953,2,5,6,4,7,1.4
2915,6,7,7,7,7,1
2966,6,7,7,7,7,1
2822,2,4,6,4,7,1.75
2824,3,5,7,5,7,1.4
2825,3,5,7,5,7,1.4
2928,2,5,6,4,7,1.4
2901,6,7,7,7,7,1
2932,1,3,3,3,7,2.33333
2826,4,6,7,6,7,1.16667
2821,2,5,6,4,7,1.4
2952,5,7,7,7,7,1
2995,7,7,7,7,7,1
2710,4,6,7,6,7,1.16667
2736,2,4,6,4,7,1.75
2760,2,5,6,4,7,1.4
2779,1,3,3,3,7,2.33333
2765,7,7,7,7,7,1
2819,5,7,7,7,7,1
3019,1,3,3,3,7,2.33333
2914,3,7,7,5,7,1
2969,7,7,7,7,7,1
2775,1,3,3,3,7,2.33333
2867,7,7,7,7,7,1
2881,3,5,7,5,7,1.4
3003,4,7,7,6,7,1
2776,1,3,3,3,7,2.33333
3011,4,6,7,6,7,1.16667
3020,2,4,6,4,7,1.75
2959,5,7,7,7,7,1
2962,1,3,3,3,7,2.33333
2907,2,5,6,4,7,1.4
2951,1,3,3,3,7,2.33333
2774,3,5,7,5,7,1.4
2974,3,7,7,5,7,1
2958,2,5,6,4,7,1.4
2834,2,5,6,4,7,1.4
2723,7,7,7,7,7,1
2872,6,7,7,7,7,1
2737,1,3,3,3,7,2.33333
2970,1,3,3,3,7,2.33333
2782,6,7,7,7,7,1
2968,2,5,6,4,7,1.4
2764,2,5,6,4,7,1.4
2954,3,6,7,5,7,1.16667
2949,2,5,6,4,7,1.4
2729,3,6,7,5,7,1.16667
2900,3,5,7,5,7,1.4
2906,3,6,7,5,7,1.16667
2946,1,3,3,3,7,2.33333
2740,2,5,6,4,7,1.4
2751,6,7,7,7,7,1
2752,4,7,7,6,7,1
2754,2,4,6,4,7,1.75
2947,2,5,6,4,7,1.4
2750,4,6,7,6,7,1.16667
2816,3,5,7,5,7,1.4
2818,3,7,7,5,7,1
2721,6,7,7,7,7,1
2933,4,6,7,6,7,1.16667
2934,7,7,7,7,7,1
2936,5,7,7,7,7,1
3022,1,3,3,3,7,2.33333
3028,1,3,3,3,7,2.33333
3034,2,5,6,4,7,1.4
2716,7,7,7,7,7,1
3048,6,7,7,7,7,1
3044,3,5,7,5,7,1.4
3050,3,6,7,5,7,1.16667
2892,4,7,7,6,7,1
2896,2,5,6,4,7,1.4
2855,1,3,3,3,7,2.33333
2856,3,5,7,5,7,1.4
2849,2,4,6,4,7,1.75
2804,4,6,7,6,7,1.16667
2997,1,3,3,3,7,2.33333
2738,7,7,7,7,7,1
2746,6,7,7,7,7,1
2773,7,7,7,7,7,1
2844,3,5,7,5,7,1.4
2739,6,7,7,7,7,1
2948,6,7,7,7,7,1
2984,6,7,7,7,7,1
2885,2,5,6,4,7,1.4
2883,4,7,7,6,7,1
2749,2,5,6,4,7,1.4
2712,2,4,6,4,7,1.75
2888,7,7,7,7,7,1
3025,3,5,7,5,7,1.4
2768,2,4,6,4,7,1.75
2809,1,3,3,3,7,2.33333
2787,2,5,6,4,7,1.4
2780,4,7,7,6,7,1
2724,2,4,6,4,7,1.75
2805,6,7,7,7,7,1
2858,1,3,3,3,7,2.33333
2859,1,3,3,3,7,2.33333
2742,3,6,7,5,7,1.16667
2839,1,3,3,3,7,2.33333
3017,1,3,3,3,7,2.33333
3040,1,3,3,3,7,2.33333
2983,3,6,7,5,7,1.16667
2993,4,7,7,6,7,1
2870,2,5,6,4,7,1.4
2926,3,6,7,5,7,1.16667
2874,3,6,7,5,7,1.16667
2868,4,7,7,6,7,1
2718,7,7,7,7,7,1
2923,3,6,7,5,7,1.16667
2876,6,7,7,7,7,1
2717,4,6,7,6,7,1.16667
2865,2,5,6,4,7,1.4
2755,5,7,7,7,7,1
3016,7,7,7,7,7,1
2734,3,5,7,5,7,1.4
2982,3,7,7,5,7,1
2998,2,5,6,4,7,1.4
2806,2,5,6,4,7,1.4
2807,2,5,6,4,7,1.4
2864,1,3,3,3,7,2.33333
2922,4,6,7,6,7,1.16667
2965,6,7,7,7,7,1
2956,6,7,7,7,7,1
2913,6,7,7,7,7,1
2950,4,7,7,6,7,1
2731,5,7,7,7,7,1
2945,2,5,6,4,7,1.4
2815,1,3,3,3,7,2.33333
2935,4,6,7,6,7,1.16667
2944,2,5,6,4,7,1.4
3012,2,5,6,4,7,1.4
3013,3,6,7,5,7,1.16667
3051,3,7,7,5,7,1
2838,3,6,7,5,7,1.16667
2709,1,3,3,3,7,2.33333
2713,7,7,7,7,7,1
2811,5,7,7,7,7,1
2715,4,7,7,6,7,1
2732,2,5,6,4,7,1.4
2730,7,7,7,7,7,1
2719,5,7,7,7,7,1
2720,2,5,6,4,7,1.4
2727,1,3,3,3,7,2.33333
2725,4,6,7,6,7,1.16667
2726,3,7,7,5,7,1
2810,6,7,7,7,7,1
2728,1,3,3,3,7,2.33333
2733,6,7,7,7,7,1
2741,5,7,7,7,7,1
2743,1,3,3,3,7,2.33333
2747,5,7,7,7,7,1
2748,2,4,6,4,7,1.75
2761,5,7,7,7,7,1
2770,5,7,7,7,7,1
2756,1,3,3,3,7,2.33333
2759,5,7,7,7,7,1
2757,1,3,3,3,7,2.33333
2762,1,3,3,3,7,2.33333
2791,7,7,7,7,7,1
2766,5,7,7,7,7,1
2767,4,6,7,6,7,1.16667
2769,2,4,6,4,7,1.75
2771,1,3,3,3,7,2.33333
2772,2,6,6,4,7,1.16667
2777,4,7,7,6,7,1
2841,2,4,6,4,7,1.75
2783,5,7,7,7,7,1
2784,3,5,7,5,7,1.4
2785,2,6,6,4,7,1.16667
2786,3,5,7,5,7,1.4
2788,1,3,3,3,7,2.33333
2789,2,5,6,4,7,1.4
2790,2,4,6,4,7,1.75
2793,4,7,7,6,7,1
2794,2,4,6,4,7,1.75
2795,2,5,6,4,7,1.4
2796,7,7,7,7,7,1
2797,6,7,7,7,7,1
2798,1,3,3,3,7,2.33333
2799,2,5,6,4,7,1.4
2800,5,7,7,7,7,1
2801,3,5,7,5,7,1.4
2812,3,7,7,5,7,1
2813,4,6,7,6,7,1.16667
2817,4,7,7,6,7,1
2820,3,6,7,5,7,1.16667
2827,3,7,7,5,7,1
2823,4,7,7,6,7,1
2828,2,6,6,4,7,1.16667
2829,1,3,3,3,7,2.33333
2830,1,3,3,3,7,2.33333
2831,2,4,6,4,7,1.75
2832,3,5,7,5,7,1.4
2833,3,7,7,5,7,1
2835,3,7,7,5,7,1
2836,7,7,7,7,7,1
2837,5,7,7,7,7,1
2840,3,5,7,5,7,1.4
2842,5,7,7,7,7,1
2843,5,7,7,7,7,1
2845,2,5,6,4,7,1.4
2846,4,6,7,6,7,1.16667
2853,1,3,3,3,7,2.33333
2857,1,3,3,3,7,2.33333
2860,6,7,7,7,7,1
2861,4,7,7,6,7,1
2862,4,7,7,6,7,1
2863,4,7,7,6,7,1
2866,2,4,6,4,7,1.75
2869,3,6,7,5,7,1.16667
2871,5,7,7,7,7,1
2873,1,3,3,3,7,2.33333
2875,4,6,7,6,7,1.16667
2877,1,3,3,3,7,2.33333
2878,4,7,7,6,7,1
2879,3,5,7,5,7,1.4
2880,2,5,6,4,7,1.4
2882,7,7,7,7,7,1
2884,2,6,6,4,7,1.16667
2886,3,6,7,5,7,1.16667
2887,6,7,7,7,7,1
2890,7,7,7,7,7,1
2889,2,5,6,4,7,1.4
2891,7,7,7,7,7,1
2897,4,6,7,6,7,1.16667
2893,3,5,7,5,7,1.4
2898,4,6,7,6,7,1.16667
2894,5,7,7,7,7,1
2899,1,3,3,3,7,2.33333
2903,7,7,7,7,7,1
2904,6,7,7,7,7,1
2905,3,6,7,5,7,1.16667
2908,4,6,7,6,7,1.16667
2909,5,7,7,7,7,1
2910,4,7,7,6,7,1
2911,6,7,7,7,7,1
2912,1,3,3,3,7,2.33333
2924,1,3,3,3,7,2.33333
2931,2,5,6,4,7,1.4
2943,4,7,7,6,7,1
2937,2,5,6,4,7,1.4
2938,1,3,3,3,7,2.33333
2941,2,4,6,4,7,1.75
2955,5,7,7,7,7,1
2957,7,7,7,7,7,1
2960,2,4,6,4,7,1.75
2961,1,3,3,3,7,2.33333
2967,1,3,3,3,7,2.33333
2971,6,7,7,7,7,1
2973,6,7,7,7,7,1
2975,4,6,7,6,7,1.16667
2976,3,5,7,5,7,1.4
2977,6,7,7,7,7,1
2978,1,3,3,3,7,2.33333
2979,3,5,7,5,7,1.4
2980,6,7,7,7,7,1
2981,2,5,6,4,7,1.4
2986,6,7,7,7,7,1
2987,4,7,7,6,7,1
2988,7,7,7,7,7,1
2989,1,3,3,3,7,2.33333
3001,6,7,7,7,7,1
3002,5,7,7,7,7,1
2990,5,7,7,7,7,1
2999,5,7,7,7,7,1
2996,6,7,7,7,7,1
2991,2,4,6,4,7,1.75
3007,2,6,6,4,7,1.16667
3005,5,7,7,7,7,1
3009,3,6,7,5,7,1.16667
3015,2,4,6,4,7,1.75
3021,3,6,7,5,7,1.16667
3026,5,7,7,7,7,1
3023,7,7,7,7,7,1
3027,1,3,3,3,7,2.33333
3029,5,7,7,7,7,1
3030,2,4,6,4,7,1.75
3031,1,3,3,3,7,2.33333
3032,1,3,3,3,7,2.33333
3033,1,3,3,3,7,2.33333
3041,1,3,3,3,7,2.33333
3042,2,5,6,4,7,1.4
3035,4,6,7,6,7,1.16667
3039,1,3,3,3,7,2.33333
3046,1,3,3,3,7,2.33333
3045,1,3,3,3,7,2.33333
3047,3,6,7,5,7,1.16667
3049,6,7,7,7,7,1
3052,1,3,3,3,7,2.33333
3053,2,5,6,4,7,1.4
3004,7,7,7,7,7,1
2753,2,5,6,4,7,1.4
3010,5,7,7,7,7,1
2781,3,5,7,5,7,1.4
2848,3,5,7,5,7,1.4
2850,1,3,3,3,7,2.33333
2758,3,5,7,5,7,1.4
2895,1,3,3,3,7,2.33333
2847,6,7,7,7,7,1
3100,1,3,3,3,7,2.33333
3089,1,3,3,3,7,2.33333
3365,4,6,7,6,7,1.16667
3104,2,5,6,4,7,1.4
3138,3,6,7,5,7,1.16667
3056,6,6,7,7,7,1.16667
3066,5,6,7,7,7,1.16667
3234,4,6,7,6,7,1.16667
3459,2,5,6,4,7,1.4
3224,1,3,3,3,7,2.33333
3422,6,6,7,7,7,1.16667
3341,1,3,3,3,7,2.33333
3236,1,3,3,3,7,2.33333
3243,4,6,7,6,7,1.16667
3159,3,5,7,5,7,1.4
3160,3,6,7,5,7,1.16667
3204,6,6,7,7,7,1.16667
3465,6,6,7,7,7,1.16667
3342,4,6,7,6,7,1.16667
3151,5,6,7,7,7,1.16667
3185,1,3,3,3,7,2.33333
3064,2,4,6,4,7,1.75
3065,2,5,6,4,7,1.4
3146,5,6,7,7,7,1.16667
3181,1,3,3,3,7,2.33333
3242,5,6,7,7,7,1.16667
3245,5,6,7,7,7,1.16667
3330,4,6,7,6,7,1.16667
3324,4,6,7,6,7,1.16667
3201,6,6,7,7,7,1.16667
3212,2,5,6,4,7,1.4
3261,5,6,7,7,7,1.16667
3380,5,6,7,7,7,1.16667
3481,3,6,7,5,7,1.16667
3130,2,6,6,4,7,1.16667
3167,3,5,7,5,7,1.4
3150,6,6,7,7,7,1.16667
3184,3,6,7,5,7,1.16667
3460,5,6,7,7,7,1.16667
3464,2,4,6,4,7,1.75
3448,4,6,7,6,7,1.16667
3449,6,6,7,7,7,1.16667
3450,4,6,7,6,7,1.16667
3098,5,6,7,7,7,1.16667
3127,1,3,3,3,7,2.33333
3143,3,6,7,5,7,1.16667
3388,1,3,3,3,7,2.33333
3490,4,6,7,6,7,1.16667
3293,2,4,6,4,7,1.75
3373,2,5,6,4,7,1.4
3413,2,5,6,4,7,1.4
3057,6,6,7,7,7,1.16667
3385,2,5,6,4,7,1.4
3232,6,6,7,7,7,1.16667
3315,2,5,6,4,7,1.4
3259,4,6,7,6,7,1.16667
3193,3,5,7,5,7,1.4
3114,4,6,7,6,7,1.16667
3260,6,6,7,7,7,1.16667
3278,4,6,7,6,7,1.16667
3358,3,6,7,5,7,1.16667
3169,5,6,7,7,7,1.16667
3178,2,5,6,4,7,1.4
3468,4,6,7,6,7,1.16667
3103,4,6,7,6,7,1.16667
3108,6,6,7,7,7,1.16667
3369,5,6,7,7,7,1.16667
3386,1,3,3,3,7,2.33333
3112,5,6,7,7,7,1.16667
3124,6,6,7,7,7,1.16667
3474,2,4,6,4,7,1.75
3512,2,4,6,4,7,1.75
3139,1,3,3,3,7,2.33333
3257,1,3,3,3,7,2.33333
3510,2,4,6,4,7,1.75
3322,5,6,7,7,7,1.16667
3240,4,6,7,6,7,1.16667
3499,2,5,6,4,7,1.4
3116,3,5,7,5,7,1.4
3135,6,6,7,7,7,1.16667
3340,4,6,7,6,7,1.16667
3368,2,6,6,4,7,1.16667
3080,2,6,6,4,7,1.16667
3436,3,6,7,5,7,1.16667
3364,1,3,3,3,7,2.33333
3366,1,3,3,3,7,2.33333
3122,5,6,7,7,7,1.16667
3411,1,3,3,3,7,2.33333
3106,6,6,7,7,7,1.16667
3170,3,6,7,5,7,1.16667
3476,4,6,7,6,7,1.16667
3400,4,6,7,6,7,1.16667
3306,2,5,6,4,7,1.4
3298,1,3,3,3,7,2.33333
3299,5,6,7,7,7,1.16667
3381,2,4,6,4,7,1.75
3370,4,6,7,6,7,1.16667
3359,5,6,7,7,7,1.16667
3457,4,6,7,6,7,1.16667
3174,3,5,7,5,7,1.4
3195,6,6,7,7,7,1.16667
3090,5,6,7,7,7,1.16667
3128,2,4,6,4,7,1.75
3347,4,6,7,6,7,1.16667
3272,5,6,7,7,7,1.16667
3054,2,4,6,4,7,1.75
3461,2,4,6,4,7,1.75
3309,5,6,7,7,7,1.16667
3235,5,6,7,7,7,1.16667
3099,4,6,7,6,7,1.16667
3274,4,6,7,6,7,1.16667
3346,4,6,7,6,7,1.16667
3473,5,6,7,7,7,1.16667
3227,6,6,7,7,7,1.16667
3488,4,6,7,6,7,1.16667
3494,2,5,6,4,7,1.4
3495,4,6,7,6,7,1.16667
3145,2,5,6,4,7,1.4
3382,1,3,3,3,7,2.33333
3192,2,6,6,4,7,1.16667
3194,4,6,7,6,7,1.16667
3396,5,6,7,7,7,1.16667
3200,5,6,7,7,7,1.16667
3387,2,4,6,4,7,1.75
3379,2,5,6,4,7,1.4
3263,2,4,6,4,7,1.75
3484,4,6,7,6,7,1.16667
3241,2,4,6,4,7,1.75
3173,1,3,3,3,7,2.33333
3390,2,5,6,4,7,1.4
3120,4,6,7,6,7,1.16667
3497,5,6,7,7,7,1.16667
3367,3,6,7,5,7,1.16667
3166,1,3,3,3,7,2.33333
3265,1,3,3,3,7,2.33333
3276,4,6,7,6,7,1.16667
3431,6,6,7,7,7,1.16667
3394,2,4,6,4,7,1.75
3395,5,6,7,7,7,1.16667
3393,5,6,7,7,7,1.16667
3273,1,3,3,3,7,2.33333
3428,2,5,6,4,7,1.4
3469,2,5,6,4,7,1.4
3156,5,6,7,7,7,1.16667
3168,3,5,7,5,7,1.4
3287,4,6,7,6,7,1.16667
3206,2,4,6,4,7,1.75
3214,3,5,7,5,7,1.4
3414,1,3,3,3,7,2.33333
3286,2,4,6,4,7,1.75
3283,3,5,7,5,7,1.4
3073,5,6,7,7,7,1.16667
3323,3,6,7,5,7,1.16667
3111,5,6,7,7,7,1.16667
3132,2,4,6,4,7,1.75
3321,1,3,3,3,7,2.33333
3470,5,6,7,7,7,1.16667
3475,2,5,6,4,7,1.4
3233,4,6,7,6,7,1.16667
3429,4,6,7,6,7,1.16667
3262,5,6,7,7,7,1.16667
3356,3,5,7,5,7,1.4
3384,4,6,7,6,7,1.16667
3266,4,6,7,6,7,1.16667
3275,1,3,3,3,7,2.33333
3319,3,6,7,5,7,1.16667
3500,2,5,6,4,7,1.4
3374,2,4,6,4,7,1.75
3118,2,6,6,4,7,1.16667
3442,2,6,6,4,7,1.16667
3443,5,6,7,7,7,1.16667
3377,3,5,7,5,7,1.4
3123,5,6,7,7,7,1.16667
3091,3,6,7,5,7,1.16667
3419,5,6,7,7,7,1.16667
3215,6,6,7,7,7,1.16667
3270,4,6,7,6,7,1.16667
3509,3,5,7,5,7,1.4
3305,4,6,7,6,7,1.16667
3318,2,5,6,4,7,1.4
3482,3,6,7,5,7,1.16667
3511,2,5,6,4,7,1.4
3491,2,5,6,4,7,1.4
3407,3,5,7,5,7,1.4
3316,3,6,7,5,7,1.16667
3507,1,3,3,3,7,2.33333
3109,5,6,7,7,7,1.16667
3279,2,5,6,4,7,1.4
3289,1,3,3,3,7,2.33333
3432,2,4,6,4,7,1.75
3231,3,5,7,5,7,1.4
3249,3,5,7,5,7,1.4
3058,4,6,7,6,7,1.16667
3164,2,4,6,4,7,1.75
3203,2,6,6,4,7,1.16667
3375,1,3,3,3,7,2.33333
3371,4,6,7,6,7,1.16667
3478,2,5,6,4,7,1.4
3228,1,3,3,3,7,2.33333
3307,3,5,7,5,7,1.4
3378,1,3,3,3,7,2.33333
3295,5,6,7,7,7,1.16667
3504,5,6,7,7,7,1.16667
3372,5,6,7,7,7,1.16667
3121,2,5,6,4,7,1.4
3083,6,6,7,7,7,1.16667
3069,3,5,7,5,7,1.4
3079,5,6,7,7,7,1.16667
3418,2,4,6,4,7,1.75
3455,3,5,7,5,7,1.4
3454,2,6,6,4,7,1.16667
3189,6,6,7,7,7,1.16667
3191,1,3,3,3,7,2.33333
3102,4,6,7,6,7,1.16667
3403,3,6,7,5,7,1.16667
3211,3,6,7,5,7,1.16667
3134,2,4,6,4,7,1.75
3101,4,6,7,6,7,1.16667
3230,5,6,7,7,7,1.16667
3337,3,5,7,5,7,1.4
3339,5,6,7,7,7,1.16667
3226,1,3,3,3,7,2.33333
3097,2,5,6,4,7,1.4
3335,4,6,7,6,7,1.16667
3471,2,5,6,4,7,1.4
3355,2,5,6,4,7,1.4
3267,4,6,7,6,7,1.16667
3268,1,3,3,3,7,2.33333
3296,2,4,6,4,7,1.75
3297,2,5,6,4,7,1.4
3280,1,3,3,3,7,2.33333
3401,2,5,6,4,7,1.4
3250,4,6,7,6,7,1.16667
3256,3,6,7,5,7,1.16667
3237,4,6,7,6,7,1.16667
3238,3,5,7,5,7,1.4
3107,4,6,7,6,7,1.16667
3317,6,6,7,7,7,1.16667
3258,2,4,6,4,7,1.75
3472,2,5,6,4,7,1.4
3329,3,5,7,5,7,1.4
3338,5,6,7,7,7,1.16667
3162,4,6,7,6,7,1.16667
3137,4,6,7,6,7,1.16667
3244,6,6,7,7,7,1.16667
3149,2,5,6,4,7,1.4
3421,4,6,7,6,7,1.16667
3165,1,3,3,3,7,2.33333
3399,3,5,7,5,7,1.4
3059,3,6,7,5,7,1.16667
3402,5,6,7,7,7,1.16667
3425,3,5,7,5,7,1.4
3063,2,4,6,4,7,1.75
3331,3,6,7,5,7,1.16667
3229,4,6,7,6,7,1.16667
3087,1,3,3,3,7,2.33333
3180,4,6,7,6,7,1.16667
3202,1,3,3,3,7,2.33333
3105,3,5,7,5,7,1.4
3141,2,5,6,4,7,1.4
3290,2,4,6,4,7,1.75
3501,2,4,6,4,7,1.75
3197,3,5,7,5,7,1.4
3198,2,4,6,4,7,1.75
3152,3,6,7,5,7,1.16667
3161,6,6,7,7,7,1.16667
3055,1,3,3,3,7,2.33333
3119,2,4,6,4,7,1.75
3412,1,3,3,3,7,2.33333
3300,2,4,6,4,7,1.75
3489,1,3,3,3,7,2.33333
3163,4,6,7,6,7,1.16667
3077,5,6,7,7,7,1.16667
3085,6,6,7,7,7,1.16667
3093,1,3,3,3,7,2.33333
3327,1,3,3,3,7,2.33333
3190,2,4,6,4,7,1.75
3208,1,3,3,3,7,2.33333
3308,2,5,6,4,7,1.4
3277,4,6,7,6,7,1.16667
3349,2,5,6,4,7,1.4
3325,3,6,7,5,7,1.16667
3357,4,6,7,6,7,1.16667
3336,2,5,6,4,7,1.4
3179,1,3,3,3,7,2.33333
3282,1,3,3,3,7,2.33333
3383,3,6,7,5,7,1.16667
3508,1,3,3,3,7,2.33333
3062,6,6,7,7,7,1.16667
3060,1,3,3,3,7,2.33333
3061,2,4,6,4,7,1.75
3084,5,6,7,7,7,1.16667
3067,3,6,7,5,7,1.16667
3068,1,3,3,3,7,2.33333
3070,1,3,3,3,7,2.33333
3071,4,6,7,6,7,1.16667
3078,1,3,3,3,7,2.33333
3095,2,5,6,4,7,1.4
3072,3,5,7,5,7,1.4
3074,1,3,3,3,7,2.33333
3075,1,3,3,3,7,2.33333
3076,5,6,7,7,7,1.16667
3086,1,3,3,3,7,2.33333
3081,5,6,7,7,7,1.16667
3082,2,4,6,4,7,1.75
3096,2,5,6,4,7,1.4
3088,1,3,3,3,7,2.33333
3094,1,3,3,3,7,2.33333
3092,2,4,6,4,7,1.75
3110,1,3,3,3,7,2.33333
3113,4,6,7,6,7,1.16667
3115,1,3,3,3,7,2.33333
3466,3,5,7,5,7,1.4
3117,1,3,3,3,7,2.33333
3125,3,5,7,5,7,1.4
3126,6,6,7,7,7,1.16667
3220,4,6,7,6,7,1.16667
3129,2,4,6,4,7,1.75
3131,4,6,7,6,7,1.16667
3133,3,6,7,5,7,1.16667
3207,2,4,6,4,7,1.75
3136,3,6,7,5,7,1.16667
3140,1,3,3,3,7,2.33333
3142,1,3,3,3,7,2.33333
3144,1,3,3,3,7,2.33333
3147,5,6,7,7,7,1.16667
3148,3,5,7,5,7,1.4
3153,2,4,6,4,7,1.75
3154,5,6,7,7,7,1.16667
3155,6,6,7,7,7,1.16667
3176,5,6,7,7,7,1.16667
3157,3,6,7,5,7,1.16667
3158,1,3,3,3,7,2.33333
3175,3,5,7,5,7,1.4
3183,1,3,3,3,7,2.33333
3171,1,3,3,3,7,2.33333
3172,2,4,6,4,7,1.75
3177,2,5,6,4,7,1.4
3182,5,6,7,7,7,1.16667
3186,3,5,7,5,7,1.4
3187,1,3,3,3,7,2.33333
3188,3,5,7,5,7,1.4
3196,3,5,7,5,7,1.4
3312,6,6,7,7,7,1.16667
3199,4,6,7,6,7,1.16667
3213,5,6,7,7,7,1.16667
3225,5,6,7,7,7,1.16667
3205,1,3,3,3,7,2.33333
3209,2,4,6,4,7,1.75
3210,2,4,6,4,7,1.75
3216,1,3,3,3,7,2.33333
3217,3,5,7,5,7,1.4
3218,3,5,7,5,7,1.4
3219,5,6,7,7,7,1.16667
3221,3,6,7,5,7,1.16667
3222,6,6,7,7,7,1.16667
3223,2,5,6,4,7,1.4
3239,2,4,6,4,7,1.75
3246,6,6,7,7,7,1.16667
3247,6,6,7,7,7,1.16667
3248,3,6,7,5,7,1.16667
3251,1,3,3,3,7,2.33333
3252,2,4,6,4,7,1.75
3253,5,6,7,7,7,1.16667
3254,3,5,7,5,7,1.4
3255,1,3,3,3,7,2.33333
3264,2,4,6,4,7,1.75
3281,4,6,7,6,7,1.16667
3269,3,5,7,5,7,1.4
3271,5,6,7,7,7,1.16667
3350,3,5,7,5,7,1.4
3487,2,5,6,4,7,1.4
3284,1,3,3,3,7,2.33333
3285,4,6,7,6,7,1.16667
3292,2,5,6,4,7,1.4
3288,1,3,3,3,7,2.33333
3291,1,3,3,3,7,2.33333
3294,1,3,3,3,7,2.33333
3301,3,5,7,5,7,1.4
3302,3,6,7,5,7,1.16667
3303,4,6,7,6,7,1.16667
3304,2,4,6,4,7,1.75
3310,2,5,6,4,7,1.4
3311,3,6,7,5,7,1.16667
3313,3,6,7,5,7,1.16667
3314,3,5,7,5,7,1.4
3320,1,3,3,3,7,2.33333
3326,6,6,7,7,7,1.16667
3328,3,6,7,5,7,1.16667
3332,2,5,6,4,7,1.4
3333,1,3,3,3,7,2.33333
3334,2,4,6,4,7,1.75
3351,1,3,3,3,7,2.33333
3343,2,4,6,4,7,1.75
3344,3,5,7,5,7,1.4
3345,5,6,7,7,7,1.16667
3348,6,6,7,7,7,1.16667
3353,3,5,7,5,7,1.4
3352,2,5,6,4,7,1.4
3360,1,3,3,3,7,2.33333
3361,5,6,7,7,7,1.16667
3362,4,6,7,6,7,1.16667
3363,3,5,7,5,7,1.4
3376,2,4,6,4,7,1.75
3430,2,4,6,4,7,1.75
3389,2,4,6,4,7,1.75
3410,3,5,7,5,7,1.4
3391,4,6,7,6,7,1.16667
3392,3,5,7,5,7,1.4
3424,1,3,3,3,7,2.33333
3397,1,3,3,3,7,2.33333
3398,2,5,6,4,7,1.4
3435,2,4,6,4,7,1.75
3404,1,3,3,3,7,2.33333
3405,1,3,3,3,7,2.33333
3406,6,6,7,7,7,1.16667
3408,5,6,7,7,7,1.16667
3409,2,4,6,4,7,1.75
3420,2,4,6,4,7,1.75
3434,1,3,3,3,7,2.33333
3415,2,4,6,4,7,1.75
3416,5,6,7,7,7,1.16667
3417,3,6,7,5,7,1.16667
3423,4,6,7,6,7,1.16667
3426,3,6,7,5,7,1.16667
3427,2,4,6,4,7,1.75
3433,2,5,6,4,7,1.4
3437,3,6,7,5,7,1.16667
3438,3,5,7,5,7,1.4
3439,2,4,6,4,7,1.75
3440,3,5,7,5,7,1.4
3441,6,6,7,7,7,1.16667
3444,2,4,6,4,7,1.75
3445,3,6,7,5,7,1.16667
3446,4,6,7,6,7,1.16667
3447,4,6,7,6,7,1.16667
3467,4,6,7,6,7,1.16667
3451,5,6,7,7,7,1.16667
3452,3,5,7,5,7,1.4
3453,3,5,7,5,7,1.4
3456,4,6,7,6,7,1.16667
3458,6,6,7,7,7,1.16667
3462,6,6,7,7,7,1.16667
3463,5,6,7,7,7,1.16667
3477,3,5,7,5,7,1.4
3479,4,6,7,6,7,1.16667
3480,2,5,6,4,7,1.4
3483,2,5,6,4,7,1.4
3485,1,3,3,3,7,2.33333
3486,2,5,6,4,7,1.4
3496,1,3,3,3,7,2.33333
3498,5,6,7,7,7,1.16667
3492,1,3,3,3,7,2.33333
3493,1,3,3,3,7,2.33333
3502,2,5,6,4,7,1.4
3503,5,6,7,7,7,1.16667
3505,2,5,6,4,7,1.4
3506,4,6,7,6,7,1.16667
3514,3,6,7,5,7,1.16667
3515,3,6,7,5,7,1.16667
3354,1,3,3,3,7,2.33333
3513,1,3,3,3,7,2.33333
3871,5,5,7,7,7,1.4
3882,2,4,6,4,7,1.75
3547,5,5,7,7,7,1.4
3754,5,5,7,7,7,1.4
3575,4,5,7,6,7,1.4
3714,4,5,7,6,7,1.4
3922,3,5,7,5,7,1.4
3548,5,5,7,7,7,1.4
3713,4,5,7,6,7,1.4
3733,1,3,3,3,7,2.33333
3734,2,5,6,4,7,1.4
3709,2,5,6,4,7,1.4
3805,4,5,7,6,7,1.4
3902,3,5,7,5,7,1.4
3694,1,3,3,3,7,2.33333
3911,1,3,3,3,7,2.33333
3799,3,5,7,5,7,1.4
3913,5,5,7,7,7,1.4
3707,2,4,6,4,7,1.75
3648,2,4,6,4,7,1.75
3681,2,5,6,4,7,1.4
3705,3,5,7,5,7,1.4
3624,1,3,3,3,7,2.33333
3644,4,5,7,6,7,1.4
3654,5,5,7,7,7,1.4
3883,1,3,3,3,7,2.33333
3614,2,4,6,4,7,1.75
3602,4,5,7,6,7,1.4
3555,4,5,7,6,7,1.4
3748,1,3,3,3,7,2.33333
3571,3,5,7,5,7,1.4
3722,3,5,7,5,7,1.4
3899,3,5,7,5,7,1.4
3658,3,5,7,5,7,1.4
3628,3,5,7,5,7,1.4
3642,4,5,7,6,7,1.4
3569,2,4,6,4,7,1.75
3574,4,5,7,6,7,1.4
3609,3,5,7,5,7,1.4
3751,3,5,7,5,7,1.4
3540,5,5,7,7,7,1.4
3717,1,3,3,3,7,2.33333
3601,5,5,7,7,7,1.4
3767,2,5,6,4,7,1.4
3561,4,5,7,6,7,1.4
3840,3,5,7,5,7,1.4
3579,5,5,7,7,7,1.4
3843,2,5,6,4,7,1.4
3760,1,3,3,3,7,2.33333
3861,4,5,7,6,7,1.4
3856,3,5,7,5,7,1.4
3851,3,5,7,5,7,1.4
3735,3,5,7,5,7,1.4
3684,3,5,7,5,7,1.4
3565,3,5,7,5,7,1.4
3636,1,3,3,3,7,2.33333
3646,2,4,6,4,7,1.75
3647,5,5,7,7,7,1.4
3695,5,5,7,7,7,1.4
3518,5,5,7,7,7,1.4
3556,3,5,7,5,7,1.4
3552,2,4,6,4,7,1.75
3553,2,4,6,4,7,1.75
3858,4,5,7,6,7,1.4
3562,3,5,7,5,7,1.4
3770,2,5,6,4,7,1.4
3795,2,5,6,4,7,1.4
3736,3,5,7,5,7,1.4
3640,2,5,6,4,7,1.4
3639,1,3,3,3,7,2.33333
3848,2,4,6,4,7,1.75
3863,3,5,7,5,7,1.4
3864,1,3,3,3,7,2.33333
3865,5,5,7,7,7,1.4
3756,4,5,7,6,7,1.4
3801,4,5,7,6,7,1.4
3649,3,5,7,5,7,1.4
3691,1,3,3,3,7,2.33333
3874,2,5,6,4,7,1.4
3688,2,5,6,4,7,1.4
3898,1,3,3,3,7,2.33333
3520,5,5,7,7,7,1.4
3727,1,3,3,3,7,2.33333
3753,3,5,7,5,7,1.4
3762,5,5,7,7,7,1.4
3810,1,3,3,3,7,2.33333
3593,5,5,7,7,7,1.4
3842,3,5,7,5,7,1.4
3853,1,3,3,3,7,2.33333
3560,3,5,7,5,7,1.4
3870,3,5,7,5,7,1.4
3794,1,3,3,3,7,2.33333
3739,3,5,7,5,7,1.4
3525,5,5,7,7,7,1.4
3889,2,5,6,4,7,1.4
3771,4,5,7,6,7,1.4
3763,1,3,3,3,7,2.33333
3761,2,4,6,4,7,1.75
3577,3,5,7,5,7,1.4
3737,3,5,7,5,7,1.4
3917,2,4,6,4,7,1.75
3523,4,5,7,6,7,1.4
3655,3,5,7,5,7,1.4
3702,3,5,7,5,7,1.4
3664,3,5,7,5,7,1.4
3859,2,5,6,4,7,1.4
3823,4,5,7,6,7,1.4
3825,2,5,6,4,7,1.4
3926,5,5,7,7,7,1.4
3833,5,5,7,7,7,1.4
3623,5,5,7,7,7,1.4
3909,1,3,3,3,7,2.33333
3755,4,5,7,6,7,1.4
3677,2,4,6,4,7,1.75
3678,2,5,6,4,7,1.4
3766,3,5,7,5,7,1.4
3719,1,3,3,3,7,2.33333
3720,1,3,3,3,7,2.33333
3721,2,5,6,4,7,1.4
3596,3,5,7,5,7,1.4
3524,5,5,7,7,7,1.4
3918,5,5,7,7,7,1.4
3880,3,5,7,5,7,1.4
3783,1,3,3,3,7,2.33333
3768,2,5,6,4,7,1.4
3814,3,5,7,5,7,1.4
3821,2,5,6,4,7,1.4
3835,5,5,7,7,7,1.4
3706,4,5,7,6,7,1.4
3915,1,3,3,3,7,2.33333
3603,4,5,7,6,7,1.4
3725,2,5,6,4,7,1.4
3927,5,5,7,7,7,1.4
3543,2,5,6,4,7,1.4
3550,1,3,3,3,7,2.33333
3566,4,5,7,6,7,1.4
3715,3,5,7,5,7,1.4
3676,4,5,7,6,7,1.4
3627,2,4,6,4,7,1.75
3637,2,5,6,4,7,1.4
3888,4,5,7,6,7,1.4
3850,1,3,3,3,7,2.33333
3632,1,3,3,3,7,2.33333
3867,5,5,7,7,7,1.4
3869,5,5,7,7,7,1.4
3872,1,3,3,3,7,2.33333
3749,3,5,7,5,7,1.4
3581,1,3,3,3,7,2.33333
3597,1,3,3,3,7,2.33333
3815,2,4,6,4,7,1.75
3600,5,5,7,7,7,1.4
3673,3,5,7,5,7,1.4
3633,3,5,7,5,7,1.4
3607,2,4,6,4,7,1.75
3800,2,5,6,4,7,1.4
3672,3,5,7,5,7,1.4
3616,3,5,7,5,7,1.4
3534,5,5,7,7,7,1.4
3650,5,5,7,7,7,1.4
3697,3,5,7,5,7,1.4
3544,4,5,7,6,7,1.4
3726,3,5,7,5,7,1.4
3744,2,5,6,4,7,1.4
3689,3,5,7,5,7,1.4
3608,4,5,7,6,7,1.4
3576,3,5,7,5,7,1.4
3572,3,5,7,5,7,1.4
3711,2,5,6,4,7,1.4
3772,4,5,7,6,7,1.4
3521,3,5,7,5,7,1.4
3522,2,4,6,4,7,1.75
3564,1,3,3,3,7,2.33333
3813,3,5,7,5,7,1.4
3629,3,5,7,5,7,1.4
3630,4,5,7,6,7,1.4
3631,2,4,6,4,7,1.75
3692,1,3,3,3,7,2.33333
3811,2,5,6,4,7,1.4
3916,2,4,6,4,7,1.75
3789,3,5,7,5,7,1.4
3806,1,3,3,3,7,2.33333
3807,2,5,6,4,7,1.4
3834,2,4,6,4,7,1.75
3788,3,5,7,5,7,1.4
3841,3,5,7,5,7,1.4
3546,1,3,3,3,7,2.33333
3764,2,4,6,4,7,1.75
3845,2,5,6,4,7,1.4
3545,3,5,7,5,7,1.4
3724,4,5,7,6,7,1.4
3838,4,5,7,6,7,1.4
3847,2,5,6,4,7,1.4
3860,2,5,6,4,7,1.4
3732,2,5,6,4,7,1.4
3598,5,5,7,7,7,1.4
3549,4,5,7,6,7,1.4
3730,2,5,6,4,7,1.4
3618,3,5,7,5,7,1.4
3904,1,3,3,3,7,2.33333
3663,3,5,7,5,7,1.4
3668,1,3,3,3,7,2.33333
3846,1,3,3,3,7,2.33333
3866,3,5,7,5,7,1.4
3852,3,5,7,5,7,1.4
3666,3,5,7,5,7,1.4
3563,4,5,7,6,7,1.4
3921,5,5,7,7,7,1.4
3599,3,5,7,5,7,1.4
3580,3,5,7,5,7,1.4
3625,1,3,3,3,7,2.33333
3844,4,5,7,6,7,1.4
3700,4,5,7,6,7,1.4
3836,3,5,7,5,7,1.4
3718,3,5,7,5,7,1.4
3837,3,5,7,5,7,1.4
3750,4,5,7,6,7,1.4
3519,3,5,7,5,7,1.4
3683,2,4,6,4,7,1.75
3708,4,5,7,6,7,1.4
3862,5,5,7,7,7,1.4
3588,3,5,7,5,7,1.4
3595,4,5,7,6,7,1.4
3919,4,5,7,6,7,1.4
3742,4,5,7,6,7,1.4
3703,2,4,6,4,7,1.75
3775,2,4,6,4,7,1.75
3930,1,3,3,3,7,2.33333
3573,2,4,6,4,7,1.75
3731,3,5,7,5,7,1.4
3680,4,5,7,6,7,1.4
3855,3,5,7,5,7,1.4
3568,4,5,7,6,7,1.4
3682,2,4,6,4,7,1.75
3827,1,3,3,3,7,2.33333
3690,2,4,6,4,7,1.75
3557,1,3,3,3,7,2.33333
3890,4,5,7,6,7,1.4
3782,5,5,7,7,7,1.4
3662,3,5,7,5,7,1.4
3877,2,4,6,4,7,1.75
3912,2,5,6,4,7,1.4
3854,1,3,3,3,7,2.33333
3670,2,5,6,4,7,1.4
3797,3,5,7,5,7,1.4
3886,2,4,6,4,7,1.75
3645,5,5,7,7,7,1.4
3786,2,5,6,4,7,1.4
3792,1,3,3,3,7,2.33333
3699,1,3,3,3,7,2.33333
3516,1,3,3,3,7,2.33333
3517,1,3,3,3,7,2.33333
3530,5,5,7,7,7,1.4
3533,5,5,7,7,7,1.4
3558,3,5,7,5,7,1.4
3526,3,5,7,5,7,1.4
3527,2,4,6,4,7,1.75
3528,3,5,7,5,7,1.4
3529,5,5,7,7,7,1.4
3537,2,4,6,4,7,1.75
3536,1,3,3,3,7,2.33333
3532,4,5,7,6,7,1.4
3535,4,5,7,6,7,1.4
3538,3,5,7,5,7,1.4
3541,5,5,7,7,7,1.4
3542,2,5,6,4,7,1.4
3551,2,5,6,4,7,1.4
3554,3,5,7,5,7,1.4
3559,3,5,7,5,7,1.4
3567,3,5,7,5,7,1.4
3570,3,5,7,5,7,1.4
3578,2,5,6,4,7,1.4
3582,3,5,7,5,7,1.4
3583,3,5,7,5,7,1.4
3584,4,5,7,6,7,1.4
3585,1,3,3,3,7,2.33333
3586,4,5,7,6,7,1.4
3587,3,5,7,5,7,1.4
3592,5,5,7,7,7,1.4
3589,3,5,7,5,7,1.4
3590,3,5,7,5,7,1.4
3591,1,3,3,3,7,2.33333
3594,4,5,7,6,7,1.4
3604,5,5,7,7,7,1.4
3605,4,5,7,6,7,1.4
3826,4,5,7,6,7,1.4
3610,1,3,3,3,7,2.33333
3611,4,5,7,6,7,1.4
3693,4,5,7,6,7,1.4
3612,2,4,6,4,7,1.75
3613,2,5,6,4,7,1.4
3615,2,4,6,4,7,1.75
3617,2,5,6,4,7,1.4
3619,2,5,6,4,7,1.4
3620,2,5,6,4,7,1.4
3621,1,3,3,3,7,2.33333
3622,3,5,7,5,7,1.4
3626,1,3,3,3,7,2.33333
3634,4,5,7,6,7,1.4
3635,1,3,3,3,7,2.33333
3638,3,5,7,5,7,1.4
3641,4,5,7,6,7,1.4
3643,2,4,6,4,7,1.75
3651,3,5,7,5,7,1.4
3652,5,5,7,7,7,1.4
3653,2,4,6,4,7,1.75
3738,3,5,7,5,7,1.4
3656,3,5,7,5,7,1.4
3657,1,3,3,3,7,2.33333
3659,2,4,6,4,7,1.75
3923,2,5,6,4,7,1.4
3660,1,3,3,3,7,2.33333
3661,2,5,6,4,7,1.4
3667,1,3,3,3,7,2.33333
3665,4,5,7,6,7,1.4
3669,2,4,6,4,7,1.75
3879,3,5,7,5,7,1.4
3671,1,3,3,3,7,2.33333
3675,2,5,6,4,7,1.4
3679,3,5,7,5,7,1.4
3687,3,5,7,5,7,1.4
3696,4,5,7,6,7,1.4
3698,2,5,6,4,7,1.4
3701,1,3,3,3,7,2.33333
3704,1,3,3,3,7,2.33333
3710,4,5,7,6,7,1.4
3712,2,5,6,4,7,1.4
3716,3,5,7,5,7,1.4
3723,3,5,7,5,7,1.4
3728,4,5,7,6,7,1.4
3729,4,5,7,6,7,1.4
3740,4,5,7,6,7,1.4
3741,2,5,6,4,7,1.4
3743,5,5,7,7,7,1.4
3745,2,5,6,4,7,1.4
3746,3,5,7,5,7,1.4
3747,4,5,7,6,7,1.4
3824,1,3,3,3,7,2.33333
3757,4,5,7,6,7,1.4
3758,1,3,3,3,7,2.33333
3759,2,5,6,4,7,1.4
3796,3,5,7,5,7,1.4
3832,4,5,7,6,7,1.4
3765,1,3,3,3,7,2.33333
3769,3,5,7,5,7,1.4
3777,2,5,6,4,7,1.4
3781,1,3,3,3,7,2.33333
3773,1,3,3,3,7,2.33333
3774,4,5,7,6,7,1.4
3776,4,5,7,6,7,1.4
3804,1,3,3,3,7,2.33333
3778,4,5,7,6,7,1.4
3779,2,4,6,4,7,1.75
3780,3,5,7,5,7,1.4
3790,1,3,3,3,7,2.33333
3784,3,5,7,5,7,1.4
3785,5,5,7,7,7,1.4
3787,2,5,6,4,7,1.4
3791,4,5,7,6,7,1.4
3793,1,3,3,3,7,2.33333
3901,1,3,3,3,7,2.33333
3802,2,5,6,4,7,1.4
3803,3,5,7,5,7,1.4
3808,4,5,7,6,7,1.4
3809,2,5,6,4,7,1.4
3812,1,3,3,3,7,2.33333
3816,3,5,7,5,7,1.4
3817,1,3,3,3,7,2.33333
3818,1,3,3,3,7,2.33333
3819,2,5,6,4,7,1.4
3820,3,5,7,5,7,1.4
3876,2,5,6,4,7,1.4
3822,4,5,7,6,7,1.4
3828,2,5,6,4,7,1.4
3829,3,5,7,5,7,1.4
3830,5,5,7,7,7,1.4
3831,3,5,7,5,7,1.4
3839,3,5,7,5,7,1.4
3849,5,5,7,7,7,1.4
3857,5,5,7,7,7,1.4
3873,5,5,7,7,7,1.4
3897,5,5,7,7,7,1.4
3868,2,4,6,4,7,1.75
3875,2,5,6,4,7,1.4
3878,3,5,7,5,7,1.4
3881,1,3,3,3,7,2.33333
3884,4,5,7,6,7,1.4
3885,1,3,3,3,7,2.33333
3887,2,5,6,4,7,1.4
3891,2,4,6,4,7,1.75
3892,1,3,3,3,7,2.33333
3893,4,5,7,6,7,1.4
3894,1,3,3,3,7,2.33333
3895,2,5,6,4,7,1.4
3896,3,5,7,5,7,1.4
3900,3,5,7,5,7,1.4
3905,1,3,3,3,7,2.33333
3907,1,3,3,3,7,2.33333
3908,4,5,7,6,7,1.4
3910,1,3,3,3,7,2.33333
3914,3,5,7,5,7,1.4
3920,1,3,3,3,7,2.33333
3924,4,5,7,6,7,1.4
3925,4,5,7,6,7,1.4
3928,3,5,7,5,7,1.4
3929,2,5,6,4,7,1.4
3931,1,3,3,3,7,2.33333
3932,1,3,3,3,7,2.33333
3539,1,3,3,3,7,2.33333
3752,3,5,7,5,7,1.4
3798,3,5,7,5,7,1.4
3531,1,3,3,3,7,2.33333
3906,2,4,6,4,7,1.75
3606,2,4,6,4,7,1.75
3685,2,5,6,4,7,1.4
3686,1,3,3,3,7,2.33333
3674,2,4,6,4,7,1.75
3903,5,5,7,7,7,1.4
4086,2,4,6,4,7,1.75
4001,4,4,7,6,7,1.75
3990,4,4,7,6,7,1.75
4095,2,4,6,4,7,1.75
3943,2,4,6,4,7,1.75
3960,3,4,7,5,7,1.75
4186,2,4,6,4,7,1.75
4188,2,4,6,4,7,1.75
3949,3,4,7,5,7,1.75
4114,2,4,6,4,7,1.75
4185,1,3,3,3,7,2.33333
4019,4,4,7,6,7,1.75
4143,1,3,3,3,7,2.33333
4194,3,4,7,5,7,1.75
4180,2,4,6,4,7,1.75
4122,1,3,3,3,7,2.33333
4179,2,4,6,4,7,1.75
4191,2,4,6,4,7,1.75
4088,1,3,3,3,7,2.33333
4113,2,4,6,4,7,1.75
4141,3,4,7,5,7,1.75
4176,3,4,7,5,7,1.75
4233,1,3,3,3,7,2.33333
4120,4,4,7,6,7,1.75
4126,3,4,7,5,7,1.75
4127,1,3,3,3,7,2.33333
4033,1,3,3,3,7,2.33333
3951,4,4,7,6,7,1.75
4032,1,3,3,3,7,2.33333
4031,4,4,7,6,7,1.75
3964,2,4,6,4,7,1.75
4265,2,4,6,4,7,1.75
3936,1,3,3,3,7,2.33333
4009,2,4,6,4,7,1.75
4043,3,4,7,5,7,1.75
4111,1,3,3,3,7,2.33333
4061,1,3,3,3,7,2.33333
4062,3,4,7,5,7,1.75
4016,1,3,3,3,7,2.33333
4222,2,4,6,4,7,1.75
4110,1,3,3,3,7,2.33333
4184,1,3,3,3,7,2.33333
3999,2,4,6,4,7,1.75
4212,1,3,3,3,7,2.33333
4139,4,4,7,6,7,1.75
4063,4,4,7,6,7,1.75
4175,2,4,6,4,7,1.75
3988,3,4,7,5,7,1.75
4003,4,4,7,6,7,1.75
4183,4,4,7,6,7,1.75
4128,2,4,6,4,7,1.75
4215,4,4,7,6,7,1.75
4217,3,4,7,5,7,1.75
4208,3,4,7,5,7,1.75
4174,2,4,6,4,7,1.75
4055,1,3,3,3,7,2.33333
4084,2,4,6,4,7,1.75
4190,3,4,7,5,7,1.75
4189,2,4,6,4,7,1.75
4018,4,4,7,6,7,1.75
4231,2,4,6,4,7,1.75
4224,3,4,7,5,7,1.75
4152,3,4,7,5,7,1.75
4067,1,3,3,3,7,2.33333
4187,3,4,7,5,7,1.75
4082,4,4,7,6,7,1.75
4079,1,3,3,3,7,2.33333
4035,3,4,7,5,7,1.75
4229,2,4,6,4,7,1.75
4240,2,4,6,4,7,1.75
4142,3,4,7,5,7,1.75
4074,2,4,6,4,7,1.75
4234,4,4,7,6,7,1.75
4244,3,4,7,5,7,1.75
4225,2,4,6,4,7,1.75
3945,3,4,7,5,7,1.75
3950,2,4,6,4,7,1.75
4100,2,4,6,4,7,1.75
4026,3,4,7,5,7,1.75
4092,2,4,6,4,7,1.75
4205,3,4,7,5,7,1.75
4219,3,4,7,5,7,1.75
4195,2,4,6,4,7,1.75
4228,2,4,6,4,7,1.75
4201,2,4,6,4,7,1.75
4168,2,4,6,4,7,1.75
4169,2,4,6,4,7,1.75
4047,4,4,7,6,7,1.75
4112,3,4,7,5,7,1.75
4209,2,4,6,4,7,1.75
4196,2,4,6,4,7,1.75
4064,2,4,6,4,7,1.75
4054,4,4,7,6,7,1.75
4105,4,4,7,6,7,1.75
4107,4,4,7,6,7,1.75
3940,4,4,7,6,7,1.75
4030,3,4,7,5,7,1.75
4075,3,4,7,5,7,1.75
3991,3,4,7,5,7,1.75
4044,1,3,3,3,7,2.33333
4263,4,4,7,6,7,1.75
3987,3,4,7,5,7,1.75
4006,4,4,7,6,7,1.75
4056,2,4,6,4,7,1.75
3996,2,4,6,4,7,1.75
3989,4,4,7,6,7,1.75
4060,4,4,7,6,7,1.75
3962,4,4,7,6,7,1.75
3963,1,3,3,3,7,2.33333
4007,4,4,7,6,7,1.75
3948,1,3,3,3,7,2.33333
4132,2,4,6,4,7,1.75
4258,2,4,6,4,7,1.75
4262,1,3,3,3,7,2.33333
4129,1,3,3,3,7,2.33333
4133,1,3,3,3,7,2.33333
4243,3,4,7,5,7,1.75
4091,3,4,7,5,7,1.75
4093,2,4,6,4,7,1.75
4200,4,4,7,6,7,1.75
4005,2,4,6,4,7,1.75
4202,2,4,6,4,7,1.75
3941,3,4,7,5,7,1.75
3942,2,4,6,4,7,1.75
3952,3,4,7,5,7,1.75
3954,3,4,7,5,7,1.75
4085,1,3,3,3,7,2.33333
4101,1,3,3,3,7,2.33333
4034,2,4,6,4,7,1.75
4166,1,3,3,3,7,2.33333
3937,2,4,6,4,7,1.75
4040,4,4,7,6,7,1.75
4255,2,4,6,4,7,1.75
3965,4,4,7,6,7,1.75
4247,4,4,7,6,7,1.75
4148,2,4,6,4,7,1.75
4211,3,4,7,5,7,1.75
3935,3,4,7,5,7,1.75
3947,3,4,7,5,7,1.75
3973,3,4,7,5,7,1.75
4144,3,4,7,5,7,1.75
3972,3,4,7,5,7,1.75
4045,2,4,6,4,7,1.75
4046,3,4,7,5,7,1.75
4151,2,4,6,4,7,1.75
4010,2,4,6,4,7,1.75
4020,2,4,6,4,7,1.75
4012,3,4,7,5,7,1.75
4210,3,4,7,5,7,1.75
4227,2,4,6,4,7,1.75
4237,3,4,7,5,7,1.75
4089,3,4,7,5,7,1.75
4090,3,4,7,5,7,1.75
4177,3,4,7,5,7,1.75
4192,3,4,7,5,7,1.75
4131,3,4,7,5,7,1.75
4220,3,4,7,5,7,1.75
3938,2,4,6,4,7,1.75
3959,1,3,3,3,7,2.33333
4108,3,4,7,5,7,1.75
4157,1,3,3,3,7,2.33333
4036,2,4,6,4,7,1.75
4081,3,4,7,5,7,1.75
4214,2,4,6,4,7,1.75
3966,4,4,7,6,7,1.75
4068,4,4,7,6,7,1.75
4250,3,4,7,5,7,1.75
4251,3,4,7,5,7,1.75
4147,2,4,6,4,7,1.75
4103,1,3,3,3,7,2.33333
4087,3,4,7,5,7,1.75
4260,1,3,3,3,7,2.33333
4207,2,4,6,4,7,1.75
4159,2,4,6,4,7,1.75
4050,3,4,7,5,7,1.75
3971,1,3,3,3,7,2.33333
3944,1,3,3,3,7,2.33333
4106,3,4,7,5,7,1.75
4156,3,4,7,5,7,1.75
4028,4,4,7,6,7,1.75
4071,3,4,7,5,7,1.75
4254,2,4,6,4,7,1.75
3946,4,4,7,6,7,1.75
4059,3,4,7,5,7,1.75
4136,2,4,6,4,7,1.75
4162,3,4,7,5,7,1.75
3976,3,4,7,5,7,1.75
4173,2,4,6,4,7,1.75
4146,1,3,3,3,7,2.33333
4121,1,3,3,3,7,2.33333
4104,2,4,6,4,7,1.75
4256,2,4,6,4,7,1.75
4155,3,4,7,5,7,1.75
4153,3,4,7,5,7,1.75
4017,3,4,7,5,7,1.75
4096,3,4,7,5,7,1.75
4004,3,4,7,5,7,1.75
4022,1,3,3,3,7,2.33333
3967,4,4,7,6,7,1.75
4130,3,4,7,5,7,1.75
3934,4,4,7,6,7,1.75
4172,2,4,6,4,7,1.75
4182,3,4,7,5,7,1.75
4099,1,3,3,3,7,2.33333
4253,1,3,3,3,7,2.33333
4098,4,4,7,6,7,1.75
3979,2,4,6,4,7,1.75
4242,2,4,6,4,7,1.75
4008,3,4,7,5,7,1.75
3975,2,4,6,4,7,1.75
4013,3,4,7,5,7,1.75
3993,3,4,7,5,7,1.75
4257,3,4,7,5,7,1.75
3978,4,4,7,6,7,1.75
4049,2,4,6,4,7,1.75
3995,3,4,7,5,7,1.75
3933,2,4,6,4,7,1.75
4199,2,4,6,4,7,1.75
4124,3,4,7,5,7,1.75
4125,3,4,7,5,7,1.75
3984,2,4,6,4,7,1.75
4014,1,3,3,3,7,2.33333
4057,4,4,7,6,7,1.75
4076,4,4,7,6,7,1.75
4069,3,4,7,5,7,1.75
4070,2,4,6,4,7,1.75
4078,4,4,7,6,7,1.75
4080,4,4,7,6,7,1.75
4221,3,4,7,5,7,1.75
4238,2,4,6,4,7,1.75
3939,1,3,3,3,7,2.33333
3953,3,4,7,5,7,1.75
3955,2,4,6,4,7,1.75
3956,4,4,7,6,7,1.75
3957,3,4,7,5,7,1.75
3958,2,4,6,4,7,1.75
3961,2,4,6,4,7,1.75
3998,2,4,6,4,7,1.75
4023,1,3,3,3,7,2.33333
4024,2,4,6,4,7,1.75
4027,1,3,3,3,7,2.33333
3968,2,4,6,4,7,1.75
3969,1,3,3,3,7,2.33333
3970,4,4,7,6,7,1.75
3974,3,4,7,5,7,1.75
4000,3,4,7,5,7,1.75
3977,3,4,7,5,7,1.75
3980,1,3,3,3,7,2.33333
3981,1,3,3,3,7,2.33333
3982,4,4,7,6,7,1.75
3983,2,4,6,4,7,1.75
3985,2,4,6,4,7,1.75
3986,1,3,3,3,7,2.33333
3992,3,4,7,5,7,1.75
3994,3,4,7,5,7,1.75
3997,1,3,3,3,7,2.33333
4002,2,4,6,4,7,1.75
4011,1,3,3,3,7,2.33333
4015,3,4,7,5,7,1.75
4025,1,3,3,3,7,2.33333
4029,3,4,7,5,7,1.75
4042,2,4,6,4,7,1.75
4037,1,3,3,3,7,2.33333
4038,3,4,7,5,7,1.75
4039,2,4,6,4,7,1.75
4041,3,4,7,5,7,1.75
4048,2,4,6,4,7,1.75
4058,4,4,7,6,7,1.75
4065,1,3,3,3,7,2.33333
4051,4,4,7,6,7,1.75
4052,3,4,7,5,7,1.75
4053,4,4,7,6,7,1.75
4077,2,4,6,4,7,1.75
4066,1,3,3,3,7,2.33333
4072,2,4,6,4,7,1.75
4073,2,4,6,4,7,1.75
4083,1,3,3,3,7,2.33333
4094,2,4,6,4,7,1.75
4097,1,3,3,3,7,2.33333
4102,1,3,3,3,7,2.33333
4109,1,3,3,3,7,2.33333
4115,4,4,7,6,7,1.75
4116,1,3,3,3,7,2.33333
4117,3,4,7,5,7,1.75
4118,1,3,3,3,7,2.33333
4119,1,3,3,3,7,2.33333
4123,1,3,3,3,7,2.33333
4140,1,3,3,3,7,2.33333
4134,4,4,7,6,7,1.75
4135,3,4,7,5,7,1.75
4137,3,4,7,5,7,1.75
4138,1,3,3,3,7,2.33333
4145,4,4,7,6,7,1.75
4149,1,3,3,3,7,2.33333
4245,4,4,7,6,7,1.75
4246,3,4,7,5,7,1.75
4261,4,4,7,6,7,1.75
4150,3,4,7,5,7,1.75
4158,2,4,6,4,7,1.75
4160,4,4,7,6,7,1.75
4161,2,4,6,4,7,1.75
4163,2,4,6,4,7,1.75
4164,4,4,7,6,7,1.75
4167,3,4,7,5,7,1.75
4170,2,4,6,4,7,1.75
4171,2,4,6,4,7,1.75
4178,2,4,6,4,7,1.75
4181,1,3,3,3,7,2.33333
4193,4,4,7,6,7,1.75
4197,3,4,7,5,7,1.75
4198,1,3,3,3,7,2.33333
4203,1,3,3,3,7,2.33333
4204,3,4,7,5,7,1.75
4206,2,4,6,4,7,1.75
4216,3,4,7,5,7,1.75
4213,1,3,3,3,7,2.33333
4226,3,4,7,5,7,1.75
4218,3,4,7,5,7,1.75
4223,1,3,3,3,7,2.33333
4230,3,4,7,5,7,1.75
4232,3,4,7,5,7,1.75
4235,1,3,3,3,7,2.33333
4236,2,4,6,4,7,1.75
4239,4,4,7,6,7,1.75
4241,2,4,6,4,7,1.75
4248,1,3,3,3,7,2.33333
4249,3,4,7,5,7,1.75
4267,1,3,3,3,7,2.33333
4252,1,3,3,3,7,2.33333
4266,3,4,7,5,7,1.75
4268,2,4,6,4,7,1.75
4259,1,3,3,3,7,2.33333
4264,2,4,6,4,7,1.75
4269,4,4,7,6,7,1.75
4154,1,3,3,3,7,2.33333
4165,2,4,6,4,7,1.75
4021,1,3,3,3,7,2.33333
4477,2,3,6,4,7,2.33333
4540,3,3,7,5,7,2.33333
4542,3,3,7,5,7,2.33333
4362,3,3,7,5,7,2.33333
4546,2,3,6,4,7,2.33333
4396,3,3,7,5,7,2.33333
4508,2,3,6,4,7,2.33333
4476,2,3,6,4,7,2.33333
4605,3,3,7,5,7,2.33333
4308,3,3,7,5,7,2.33333
4417,2,3,6,4,7,2.33333
4295,3,3,7,5,7,2.33333
4296,3,3,7,5,7,2.33333
4328,3,3,7,5,7,2.33333
4531,3,3,7,5,7,2.33333
4532,2,3,6,4,7,2.33333
4533,3,3,7,5,7,2.33333
4281,3,3,7,5,7,2.33333
4442,2,3,6,4,7,2.33333
4437,1,3,3,3,7,2.33333
4457,1,3,3,3,7,2.33333
4498,2,3,6,4,7,2.33333
4626,1,3,3,3,7,2.33333
4439,2,3,6,4,7,2.33333
4298,2,3,6,4,7,2.33333
4270,3,3,7,5,7,2.33333
4547,3,3,7,5,7,2.33333
4312,1,3,3,3,7,2.33333
4357,3,3,7,5,7,2.33333
4541,1,3,3,3,7,2.33333
4505,3,3,7,5,7,2.33333
4596,2,3,6,4,7,2.33333
4410,3,3,7,5,7,2.33333
4480,1,3,3,3,7,2.33333
4536,3,3,7,5,7,2.33333
4475,3,3,7,5,7,2.33333
4528,2,3,6,4,7,2.33333
4491,2,3,6,4,7,2.33333
4307,3,3,7,5,7,2.33333
4283,3,3,7,5,7,2.33333
4585,3,3,7,5,7,2.33333
4313,3,3,7,5,7,2.33333
4285,2,3,6,4,7,2.33333
4604,3,3,7,5,7,2.33333
4534,3,3,7,5,7,2.33333
4522,2,3,6,4,7,2.33333
4490,3,3,7,5,7,2.33333
4512,3,3,7,5,7,2.33333
4454,1,3,3,3,7,2.33333
4321,3,3,7,5,7,2.33333
4369,1,3,3,3,7,2.33333
4516,2,3,6,4,7,2.33333
4373,3,3,7,5,7,2.33333
4302,3,3,7,5,7,2.33333
4351,1,3,3,3,7,2.33333
4322,1,3,3,3,7,2.33333
4390,1,3,3,3,7,2.33333
4324,3,3,7,5,7,2.33333
4326,1,3,3,3,7,2.33333
4317,1,3,3,3,7,2.33333
4271,2,3,6,4,7,2.33333
4333,3,3,7,5,7,2.33333
4500,2,3,6,4,7,2.33333
4379,3,3,7,5,7,2.33333
4514,1,3,3,3,7,2.33333
4487,2,3,6,4,7,2.33333
4327,3,3,7,5,7,2.33333
4353,3,3,7,5,7,2.33333
4394,3,3,7,5,7,2.33333
4395,2,3,6,4,7,2.33333
4404,3,3,7,5,7,2.33333
4414,2,3,6,4,7,2.33333
4548,3,3,7,5,7,2.33333
4579,1,3,3,3,7,2.33333
4586,2,3,6,4,7,2.33333
4594,3,3,7,5,7,2.33333
4449,2,3,6,4,7,2.33333
4450,2,3,6,4,7,2.33333
4456,2,3,6,4,7,2.33333
4622,1,3,3,3,7,2.33333
4440,3,3,7,5,7,2.33333
4277,3,3,7,5,7,2.33333
4284,3,3,7,5,7,2.33333
4340,3,3,7,5,7,2.33333
4471,3,3,7,5,7,2.33333
4574,3,3,7,5,7,2.33333
4610,3,3,7,5,7,2.33333
4419,2,3,6,4,7,2.33333
4355,1,3,3,3,7,2.33333
4489,2,3,6,4,7,2.33333
4582,2,3,6,4,7,2.33333
4611,3,3,7,5,7,2.33333
4446,2,3,6,4,7,2.33333
4617,1,3,3,3,7,2.33333
4346,1,3,3,3,7,2.33333
4550,1,3,3,3,7,2.33333
4323,3,3,7,5,7,2.33333
4628,3,3,7,5,7,2.33333
4292,1,3,3,3,7,2.33333
4360,3,3,7,5,7,2.33333
4372,2,3,6,4,7,2.33333
4303,3,3,7,5,7,2.33333
4637,3,3,7,5,7,2.33333
4287,3,3,7,5,7,2.33333
4511,3,3,7,5,7,2.33333
4288,1,3,3,3,7,2.33333
4558,3,3,7,5,7,2.33333
4416,2,3,6,4,7,2.33333
4424,1,3,3,3,7,2.33333
4426,1,3,3,3,7,2.33333
4501,3,3,7,5,7,2.33333
4567,2,3,6,4,7,2.33333
4397,1,3,3,3,7,2.33333
4443,3,3,7,5,7,2.33333
4565,2,3,6,4,7,2.33333
4342,1,3,3,3,7,2.33333
4472,2,3,6,4,7,2.33333
4316,1,3,3,3,7,2.33333
4331,3,3,7,5,7,2.33333
4409,1,3,3,3,7,2.33333
4496,1,3,3,3,7,2.33333
4616,3,3,7,5,7,2.33333
4494,3,3,7,5,7,2.33333
4435,3,3,7,5,7,2.33333
4311,2,3,6,4,7,2.33333
4329,1,3,3,3,7,2.33333
4289,2,3,6,4,7,2.33333
4361,2,3,6,4,7,2.33333
4564,3,3,7,5,7,2.33333
4559,2,3,6,4,7,2.33333
4562,2,3,6,4,7,2.33333
4575,1,3,3,3,7,2.33333
4280,2,3,6,4,7,2.33333
4338,3,3,7,5,7,2.33333
4319,3,3,7,5,7,2.33333
4336,3,3,7,5,7,2.33333
4356,3,3,7,5,7,2.33333
4484,2,3,6,4,7,2.33333
4423,2,3,6,4,7,2.33333
4588,3,3,7,5,7,2.33333
4349,2,3,6,4,7,2.33333
4553,2,3,6,4,7,2.33333
4624,3,3,7,5,7,2.33333
4463,1,3,3,3,7,2.33333
4560,2,3,6,4,7,2.33333
4598,3,3,7,5,7,2.33333
4607,2,3,6,4,7,2.33333
4552,2,3,6,4,7,2.33333
4612,2,3,6,4,7,2.33333
4406,1,3,3,3,7,2.33333
4330,2,3,6,4,7,2.33333
4286,2,3,6,4,7,2.33333
4401,3,3,7,5,7,2.33333
4341,2,3,6,4,7,2.33333
4354,1,3,3,3,7,2.33333
4569,3,3,7,5,7,2.33333
4411,1,3,3,3,7,2.33333
4318,3,3,7,5,7,2.33333
4519,1,3,3,3,7,2.33333
4343,1,3,3,3,7,2.33333
4603,3,3,7,5,7,2.33333
4474,1,3,3,3,7,2.33333
4459,3,3,7,5,7,2.33333
4538,3,3,7,5,7,2.33333
4539,3,3,7,5,7,2.33333
4530,3,3,7,5,7,2.33333
4365,2,3,6,4,7,2.33333
4370,1,3,3,3,7,2.33333
4380,2,3,6,4,7,2.33333
4445,3,3,7,5,7,2.33333
4378,3,3,7,5,7,2.33333
4386,2,3,6,4,7,2.33333
4339,2,3,6,4,7,2.33333
4398,2,3,6,4,7,2.33333
4615,3,3,7,5,7,2.33333
4641,2,3,6,4,7,2.33333
4469,3,3,7,5,7,2.33333
4488,2,3,6,4,7,2.33333
4297,1,3,3,3,7,2.33333
4274,3,3,7,5,7,2.33333
4568,2,3,6,4,7,2.33333
4583,2,3,6,4,7,2.33333
4507,1,3,3,3,7,2.33333
4566,2,3,6,4,7,2.33333
4482,2,3,6,4,7,2.33333
4504,1,3,3,3,7,2.33333
4455,1,3,3,3,7,2.33333
4444,2,3,6,4,7,2.33333
4461,3,3,7,5,7,2.33333
4293,3,3,7,5,7,2.33333
4451,3,3,7,5,7,2.33333
4282,3,3,7,5,7,2.33333
4412,2,3,6,4,7,2.33333
4304,2,3,6,4,7,2.33333
4290,2,3,6,4,7,2.33333
4315,1,3,3,3,7,2.33333
4606,2,3,6,4,7,2.33333
4291,3,3,7,5,7,2.33333
4608,3,3,7,5,7,2.33333
4452,2,3,6,4,7,2.33333
4515,3,3,7,5,7,2.33333
4513,3,3,7,5,7,2.33333
4441,2,3,6,4,7,2.33333
4399,2,3,6,4,7,2.33333
4593,3,3,7,5,7,2.33333
4458,2,3,6,4,7,2.33333
4273,3,3,7,5,7,2.33333
4391,2,3,6,4,7,2.33333
4638,3,3,7,5,7,2.33333
4306,1,3,3,3,7,2.33333
4551,3,3,7,5,7,2.33333
4438,3,3,7,5,7,2.33333
4402,3,3,7,5,7,2.33333
4537,3,3,7,5,7,2.33333
4272,3,3,7,5,7,2.33333
4275,1,3,3,3,7,2.33333
4276,3,3,7,5,7,2.33333
4278,1,3,3,3,7,2.33333
4279,2,3,6,4,7,2.33333
4581,3,3,7,5,7,2.33333
4294,1,3,3,3,7,2.33333
4299,1,3,3,3,7,2.33333
4300,2,3,6,4,7,2.33333
4301,1,3,3,3,7,2.33333
4305,3,3,7,5,7,2.33333
4309,3,3,7,5,7,2.33333
4310,1,3,3,3,7,2.33333
4314,2,3,6,4,7,2.33333
4320,2,3,6,4,7,2.33333
4325,1,3,3,3,7,2.33333
4332,2,3,6,4,7,2.33333
4334,2,3,6,4,7,2.33333
4335,2,3,6,4,7,2.33333
4337,2,3,6,4,7,2.33333
4348,3,3,7,5,7,2.33333
4344,3,3,7,5,7,2.33333
4345,1,3,3,3,7,2.33333
4572,2,3,6,4,7,2.33333
4573,2,3,6,4,7,2.33333
4352,3,3,7,5,7,2.33333
4602,2,3,6,4,7,2.33333
4358,1,3,3,3,7,2.33333
4359,2,3,6,4,7,2.33333
4364,1,3,3,3,7,2.33333
4366,1,3,3,3,7,2.33333
4367,3,3,7,5,7,2.33333
4368,3,3,7,5,7,2.33333
4371,2,3,6,4,7,2.33333
4374,3,3,7,5,7,2.33333
4375,3,3,7,5,7,2.33333
4376,1,3,3,3,7,2.33333
4377,1,3,3,3,7,2.33333
4381,1,3,3,3,7,2.33333
4382,3,3,7,5,7,2.33333
4383,2,3,6,4,7,2.33333
4384,2,3,6,4,7,2.33333
4385,3,3,7,5,7,2.33333
4388,1,3,3,3,7,2.33333
4389,1,3,3,3,7,2.33333
4392,1,3,3,3,7,2.33333
4393,2,3,6,4,7,2.33333
4403,1,3,3,3,7,2.33333
4405,1,3,3,3,7,2.33333
4400,1,3,3,3,7,2.33333
4407,1,3,3,3,7,2.33333
4408,2,3,6,4,7,2.33333
4422,2,3,6,4,7,2.33333
4434,1,3,3,3,7,2.33333
4413,1,3,3,3,7,2.33333
4415,1,3,3,3,7,2.33333
4418,1,3,3,3,7,2.33333
4420,1,3,3,3,7,2.33333
4421,3,3,7,5,7,2.33333
4425,1,3,3,3,7,2.33333
4427,1,3,3,3,7,2.33333
4428,1,3,3,3,7,2.33333
4429,1,3,3,3,7,2.33333
4430,2,3,6,4,7,2.33333
4431,1,3,3,3,7,2.33333
4432,1,3,3,3,7,2.33333
4433,1,3,3,3,7,2.33333
4436,2,3,6,4,7,2.33333
4467,3,3,7,5,7,2.33333
4447,2,3,6,4,7,2.33333
4448,2,3,6,4,7,2.33333
4460,3,3,7,5,7,2.33333
4462,2,3,6,4,7,2.33333
4464,2,3,6,4,7,2.33333
4465,2,3,6,4,7,2.33333
4466,1,3,3,3,7,2.33333
4630,3,3,7,5,7,2.33333
4468,2,3,6,4,7,2.33333
4470,2,3,6,4,7,2.33333
4473,3,3,7,5,7,2.33333
4478,2,3,6,4,7,2.33333
4479,2,3,6,4,7,2.33333
4481,1,3,3,3,7,2.33333
4483,2,3,6,4,7,2.33333
4485,2,3,6,4,7,2.33333
4486,2,3,6,4,7,2.33333
4497,1,3,3,3,7,2.33333
4492,3,3,7,5,7,2.33333
4499,2,3,6,4,7,2.33333
4502,1,3,3,3,7,2.33333
4503,3,3,7,5,7,2.33333
4509,2,3,6,4,7,2.33333
4510,3,3,7,5,7,2.33333
4517,1,3,3,3,7,2.33333
4518,2,3,6,4,7,2.33333
4520,3,3,7,5,7,2.33333
4521,2,3,6,4,7,2.33333
4523,3,3,7,5,7,2.33333
4524,1,3,3,3,7,2.33333
4525,1,3,3,3,7,2.33333
4526,2,3,6,4,7,2.33333
4527,3,3,7,5,7,2.33333
4529,1,3,3,3,7,2.33333
4535,3,3,7,5,7,2.33333
4549,2,3,6,4,7,2.33333
4543,2,3,6,4,7,2.33333
4544,3,3,7,5,7,2.33333
4545,3,3,7,5,7,2.33333
4554,3,3,7,5,7,2.33333
4555,3,3,7,5,7,2.33333
4556,1,3,3,3,7,2.33333
4557,3,3,7,5,7,2.33333
4561,2,3,6,4,7,2.33333
4563,2,3,6,4,7,2.33333
4570,2,3,6,4,7,2.33333
4571,2,3,6,4,7,2.33333
4576,3,3,7,5,7,2.33333
4577,1,3,3,3,7,2.33333
4578,2,3,6,4,7,2.33333
4580,2,3,6,4,7,2.33333
4584,2,3,6,4,7,2.33333
4629,3,3,7,5,7,2.33333
4587,1,3,3,3,7,2.33333
4589,2,3,6,4,7,2.33333
4590,2,3,6,4,7,2.33333
4591,2,3,6,4,7,2.33333
4592,3,3,7,5,7,2.33333
4595,2,3,6,4,7,2.33333
4597,1,3,3,3,7,2.33333
4599,1,3,3,3,7,2.33333
4600,1,3,3,3,7,2.33333
4601,1,3,3,3,7,2.33333
4347,1,3,3,3,7,2.33333
4609,3,3,7,5,7,2.33333
4633,1,3,3,3,7,2.33333
4613,3,3,7,5,7,2.33333
4614,2,3,6,4,7,2.33333
4631,2,3,6,4,7,2.33333
4618,3,3,7,5,7,2.33333
4619,1,3,3,3,7,2.33333
4620,1,3,3,3,7,2.33333
4621,3,3,7,5,7,2.33333
4632,2,3,6,4,7,2.33333
4623,1,3,3,3,7,2.33333
4625,3,3,7,5,7,2.33333
4627,1,3,3,3,7,2.33333
4634,3,3,7,5,7,2.33333
4635,2,3,6,4,7,2.33333
4636,1,3,3,3,7,2.33333
4639,2,3,6,4,7,2.33333
4640,2,3,6,4,7,2.33333
4642,2,3,6,4,7,2.33333
4643,1,3,3,3,7,2.33333
4493,3,3,7,5,7,2.33333
4506,1,3,3,3,7,2.33333
4644,2,3,6,4,7,2.33333
4453,2,3,6,4,7,2.33333
4350,1,3,3,3,7,2.33333
4363,1,3,3,3,7,2.33333
4387,3,3,7,5,7,2.33333
4495,1,3,3,3,7,2.33333
4645,1,3,3,3,7,2.33333
5260,1,2,3,3,7,3.5
6206,1,2,3,3,7,3.5
5840,2,2,6,4,7,3.5
4796,2,2,6,4,7,3.5
5186,1,2,3,3,7,3.5
4963,1,2,3,3,7,3.5
5417,1,2,3,3,7,3.5
5528,1,2,3,3,7,3.5
5532,2,2,6,4,7,3.5
5660,2,2,6,4,7,3.5
6083,2,2,6,4,7,3.5
4934,2,2,6,4,7,3.5
5670,1,2,3,3,7,3.5
5311,2,2,6,4,7,3.5
6386,1,2,3,3,7,3.5
5035,2,2,6,4,7,3.5
6030,2,2,6,4,7,3.5
5887,1,2,3,3,7,3.5
4767,1,2,3,3,7,3.5
4757,2,2,6,4,7,3.5
4793,1,2,3,3,7,3.5
5101,1,2,3,3,7,3.5
6343,1,2,3,3,7,3.5
5673,2,2,6,4,7,3.5
4826,1,2,3,3,7,3.5
4879,2,2,6,4,7,3.5
5009,1,2,3,3,7,3.5
5697,2,2,6,4,7,3.5
4678,2,2,6,4,7,3.5
4868,1,2,3,3,7,3.5
5004,1,2,3,3,7,3.5
5250,2,2,6,4,7,3.5
5365,2,2,6,4,7,3.5
5366,1,2,3,3,7,3.5
4837,2,2,6,4,7,3.5
6327,1,2,3,3,7,3.5
6004,2,2,6,4,7,3.5
6005,2,2,6,4,7,3.5
6446,1,2,3,3,7,3.5
5891,2,2,6,4,7,3.5
4787,1,2,3,3,7,3.5
5071,1,2,3,3,7,3.5
4648,2,2,6,4,7,3.5
6441,2,2,6,4,7,3.5
6443,1,2,3,3,7,3.5
6460,1,2,3,3,7,3.5
5543,1,2,3,3,7,3.5
5689,2,2,6,4,7,3.5
5721,1,2,3,3,7,3.5
5001,1,2,3,3,7,3.5
5031,1,2,3,3,7,3.5
6394,1,2,3,3,7,3.5
5121,1,2,3,3,7,3.5
5122,2,2,6,4,7,3.5
6411,1,2,3,3,7,3.5
6387,1,2,3,3,7,3.5
6504,1,2,3,3,7,3.5
6330,2,2,6,4,7,3.5
5155,1,2,3,3,7,3.5
5970,1,2,3,3,7,3.5
6194,2,2,6,4,7,3.5
4921,1,2,3,3,7,3.5
4659,1,2,3,3,7,3.5
5659,2,2,6,4,7,3.5
4935,1,2,3,3,7,3.5
5075,2,2,6,4,7,3.5
6259,1,2,3,3,7,3.5
5507,2,2,6,4,7,3.5
5550,2,2,6,4,7,3.5
5667,2,2,6,4,7,3.5
4658,1,2,3,3,7,3.5
4690,1,2,3,3,7,3.5
5289,1,2,3,3,7,3.5
5291,1,2,3,3,7,3.5
4748,2,2,6,4,7,3.5
6078,2,2,6,4,7,3.5
4886,1,2,3,3,7,3.5
4947,2,2,6,4,7,3.5
5049,1,2,3,3,7,3.5
4691,2,2,6,4,7,3.5
4717,2,2,6,4,7,3.5
5288,1,2,3,3,7,3.5
5290,2,2,6,4,7,3.5
6239,1,2,3,3,7,3.5
6463,1,2,3,3,7,3.5
4761,2,2,6,4,7,3.5
5026,2,2,6,4,7,3.5
5521,1,2,3,3,7,3.5
5573,1,2,3,3,7,3.5
6275,2,2,6,4,7,3.5
6355,1,2,3,3,7,3.5
6363,1,2,3,3,7,3.5
5835,2,2,6,4,7,3.5
6050,2,2,6,4,7,3.5
6159,2,2,6,4,7,3.5
5172,2,2,6,4,7,3.5
5623,1,2,3,3,7,3.5
5449,2,2,6,4,7,3.5
5168,1,2,3,3,7,3.5
4881,1,2,3,3,7,3.5
4882,1,2,3,3,7,3.5
4883,2,2,6,4,7,3.5
5942,2,2,6,4,7,3.5
4865,1,2,3,3,7,3.5
5651,2,2,6,4,7,3.5
5057,1,2,3,3,7,3.5
5178,1,2,3,3,7,3.5
5253,1,2,3,3,7,3.5
5002,1,2,3,3,7,3.5
5136,2,2,6,4,7,3.5
5455,2,2,6,4,7,3.5
5998,2,2,6,4,7,3.5
5653,1,2,3,3,7,3.5
4887,2,2,6,4,7,3.5
5988,1,2,3,3,7,3.5
4914,1,2,3,3,7,3.5
5159,1,2,3,3,7,3.5
5053,1,2,3,3,7,3.5
5333,1,2,3,3,7,3.5
4738,1,2,3,3,7,3.5
5704,1,2,3,3,7,3.5
4668,2,2,6,4,7,3.5
4924,1,2,3,3,7,3.5
4827,1,2,3,3,7,3.5
5198,2,2,6,4,7,3.5
4928,1,2,3,3,7,3.5
4929,1,2,3,3,7,3.5
4980,2,2,6,4,7,3.5
4657,2,2,6,4,7,3.5
4743,1,2,3,3,7,3.5
5531,1,2,3,3,7,3.5
6089,1,2,3,3,7,3.5
5671,1,2,3,3,7,3.5
5850,2,2,6,4,7,3.5
5117,2,2,6,4,7,3.5
4996,1,2,3,3,7,3.5
4937,2,2,6,4,7,3.5
5242,1,2,3,3,7,3.5
6378,1,2,3,3,7,3.5
5459,1,2,3,3,7,3.5
5037,1,2,3,3,7,3.5
5657,2,2,6,4,7,3.5
5326,2,2,6,4,7,3.5
4721,1,2,3,3,7,3.5
4941,1,2,3,3,7,3.5
5061,1,2,3,3,7,3.5
5393,2,2,6,4,7,3.5
5588,1,2,3,3,7,3.5
5430,2,2,6,4,7,3.5
5297,1,2,3,3,7,3.5
5243,2,2,6,4,7,3.5
5244,1,2,3,3,7,3.5
5120,1,2,3,3,7,3.5
5662,1,2,3,3,7,3.5
5305,1,2,3,3,7,3.5
5676,1,2,3,3,7,3.5
4681,1,2,3,3,7,3.5
5736,2,2,6,4,7,3.5
4989,1,2,3,3,7,3.5
5340,1,2,3,3,7,3.5
5264,2,2,6,4,7,3.5
5669,1,2,3,3,7,3.5
4771,2,2,6,4,7,3.5
4833,1,2,3,3,7,3.5
4834,2,2,6,4,7,3.5
4949,2,2,6,4,7,3.5
5277,1,2,3,3,7,3.5
5211,2,2,6,4,7,3.5
4676,2,2,6,4,7,3.5
4702,2,2,6,4,7,3.5
5767,2,2,6,4,7,3.5
5578,1,2,3,3,7,3.5
5606,1,2,3,3,7,3.5
5220,1,2,3,3,7,3.5
5334,1,2,3,3,7,3.5
6322,1,2,3,3,7,3.5
4855,1,2,3,3,7,3.5
5322,1,2,3,3,7,3.5
5382,1,2,3,3,7,3.5
5386,1,2,3,3,7,3.5
5931,2,2,6,4,7,3.5
5312,2,2,6,4,7,3.5
5176,2,2,6,4,7,3.5
5177,1,2,3,3,7,3.5
4804,2,2,6,4,7,3.5
5345,1,2,3,3,7,3.5
5418,1,2,3,3,7,3.5
5320,1,2,3,3,7,3.5
5349,1,2,3,3,7,3.5
5350,2,2,6,4,7,3.5
6345,1,2,3,3,7,3.5
6403,1,2,3,3,7,3.5
6404,1,2,3,3,7,3.5
5234,1,2,3,3,7,3.5
5740,2,2,6,4,7,3.5
6295,1,2,3,3,7,3.5
5033,1,2,3,3,7,3.5
5784,2,2,6,4,7,3.5
6254,2,2,6,4,7,3.5
6255,2,2,6,4,7,3.5
5389,1,2,3,3,7,3.5
5515,2,2,6,4,7,3.5
5980,1,2,3,3,7,3.5
5182,1,2,3,3,7,3.5
5480,1,2,3,3,7,3.5
5978,1,2,3,3,7,3.5
5072,1,2,3,3,7,3.5
5904,1,2,3,3,7,3.5
5197,1,2,3,3,7,3.5
5407,2,2,6,4,7,3.5
6367,1,2,3,3,7,3.5
5272,1,2,3,3,7,3.5
5628,2,2,6,4,7,3.5
4962,1,2,3,3,7,3.5
5219,1,2,3,3,7,3.5
5775,2,2,6,4,7,3.5
5325,1,2,3,3,7,3.5
5431,1,2,3,3,7,3.5
5563,2,2,6,4,7,3.5
5469,1,2,3,3,7,3.5
4981,1,2,3,3,7,3.5
4975,1,2,3,3,7,3.5
4976,1,2,3,3,7,3.5
5827,2,2,6,4,7,3.5
4995,1,2,3,3,7,3.5
5650,2,2,6,4,7,3.5
5199,2,2,6,4,7,3.5
5201,2,2,6,4,7,3.5
5443,1,2,3,3,7,3.5
4769,2,2,6,4,7,3.5
4983,2,2,6,4,7,3.5
4859,2,2,6,4,7,3.5
6303,1,2,3,3,7,3.5
4778,2,2,6,4,7,3.5
4734,2,2,6,4,7,3.5
5420,2,2,6,4,7,3.5
6296,1,2,3,3,7,3.5
5711,1,2,3,3,7,3.5
5352,1,2,3,3,7,3.5
5458,1,2,3,3,7,3.5
5446,1,2,3,3,7,3.5
5760,1,2,3,3,7,3.5
6456,1,2,3,3,7,3.5
5405,1,2,3,3,7,3.5
5615,1,2,3,3,7,3.5
6253,2,2,6,4,7,3.5
4890,1,2,3,3,7,3.5
4664,2,2,6,4,7,3.5
4701,2,2,6,4,7,3.5
4712,2,2,6,4,7,3.5
5682,2,2,6,4,7,3.5
5820,2,2,6,4,7,3.5
5252,1,2,3,3,7,3.5
5504,1,2,3,3,7,3.5
5505,1,2,3,3,7,3.5
5255,1,2,3,3,7,3.5
6000,2,2,6,4,7,3.5
5086,1,2,3,3,7,3.5
5743,1,2,3,3,7,3.5
4873,2,2,6,4,7,3.5
6006,2,2,6,4,7,3.5
5545,1,2,3,3,7,3.5
6228,1,2,3,3,7,3.5
5387,2,2,6,4,7,3.5
5741,1,2,3,3,7,3.5
5278,2,2,6,4,7,3.5
5390,2,2,6,4,7,3.5
5391,2,2,6,4,7,3.5
6396,2,2,6,4,7,3.5
6521,1,2,3,3,7,3.5
5313,2,2,6,4,7,3.5
5630,1,2,3,3,7,3.5
5383,2,2,6,4,7,3.5
5705,1,2,3,3,7,3.5
5580,1,2,3,3,7,3.5
5493,1,2,3,3,7,3.5
5109,1,2,3,3,7,3.5
5765,2,2,6,4,7,3.5
5224,1,2,3,3,7,3.5
4936,1,2,3,3,7,3.5
4955,1,2,3,3,7,3.5
4876,2,2,6,4,7,3.5
5611,2,2,6,4,7,3.5
5180,1,2,3,3,7,3.5
5183,2,2,6,4,7,3.5
4906,1,2,3,3,7,3.5
6300,1,2,3,3,7,3.5
5935,1,2,3,3,7,3.5
5908,2,2,6,4,7,3.5
6157,2,2,6,4,7,3.5
5846,1,2,3,3,7,3.5
6422,1,2,3,3,7,3.5
4919,1,2,3,3,7,3.5
4764,2,2,6,4,7,3.5
6216,1,2,3,3,7,3.5
5332,1,2,3,3,7,3.5
5269,1,2,3,3,7,3.5
5374,1,2,3,3,7,3.5
5394,1,2,3,3,7,3.5
5597,1,2,3,3,7,3.5
5474,1,2,3,3,7,3.5
5265,1,2,3,3,7,3.5
4900,2,2,6,4,7,3.5
5303,1,2,3,3,7,3.5
5167,1,2,3,3,7,3.5
5348,1,2,3,3,7,3.5
6457,2,2,6,4,7,3.5
5492,1,2,3,3,7,3.5
5380,1,2,3,3,7,3.5
5575,1,2,3,3,7,3.5
6417,1,2,3,3,7,3.5
5315,2,2,6,4,7,3.5
5832,2,2,6,4,7,3.5
4650,2,2,6,4,7,3.5
5777,1,2,3,3,7,3.5
5933,2,2,6,4,7,3.5
6039,2,2,6,4,7,3.5
6497,1,2,3,3,7,3.5
5945,1,2,3,3,7,3.5
6125,2,2,6,4,7,3.5
6478,1,2,3,3,7,3.5
5282,2,2,6,4,7,3.5
5017,1,2,3,3,7,3.5
5022,2,2,6,4,7,3.5
4863,2,2,6,4,7,3.5
4864,1,2,3,3,7,3.5
6477,1,2,3,3,7,3.5
5138,2,2,6,4,7,3.5
6307,2,2,6,4,7,3.5
5762,2,2,6,4,7,3.5
6080,2,2,6,4,7,3.5
5843,2,2,6,4,7,3.5
6114,2,2,6,4,7,3.5
5609,1,2,3,3,7,3.5
6410,2,2,6,4,7,3.5
5903,2,2,6,4,7,3.5
4840,2,2,6,4,7,3.5
4841,2,2,6,4,7,3.5
6277,1,2,3,3,7,3.5
6018,2,2,6,4,7,3.5
6400,2,2,6,4,7,3.5
4751,2,2,6,4,7,3.5
5028,1,2,3,3,7,3.5
5485,1,2,3,3,7,3.5
5524,1,2,3,3,7,3.5
5957,1,2,3,3,7,3.5
5018,1,2,3,3,7,3.5
5023,1,2,3,3,7,3.5
6009,2,2,6,4,7,3.5
4753,2,2,6,4,7,3.5
4725,2,2,6,4,7,3.5
4656,2,2,6,4,7,3.5
5217,2,2,6,4,7,3.5
5766,1,2,3,3,7,3.5
6537,1,2,3,3,7,3.5
5782,2,2,6,4,7,3.5
4673,2,2,6,4,7,3.5
4708,1,2,3,3,7,3.5
5962,1,2,3,3,7,3.5
4777,2,2,6,4,7,3.5
4781,2,2,6,4,7,3.5
6098,1,2,3,3,7,3.5
4801,2,2,6,4,7,3.5
4852,2,2,6,4,7,3.5
4829,1,2,3,3,7,3.5
5684,2,2,6,4,7,3.5
5656,1,2,3,3,7,3.5
5192,1,2,3,3,7,3.5
4760,2,2,6,4,7,3.5
5699,2,2,6,4,7,3.5
4649,2,2,6,4,7,3.5
5958,1,2,3,3,7,3.5
5339,1,2,3,3,7,3.5
4942,2,2,6,4,7,3.5
4755,2,2,6,4,7,3.5
6273,1,2,3,3,7,3.5
6509,2,2,6,4,7,3.5
4867,1,2,3,3,7,3.5
4828,1,2,3,3,7,3.5
4737,2,2,6,4,7,3.5
6263,2,2,6,4,7,3.5
5257,1,2,3,3,7,3.5
5258,1,2,3,3,7,3.5
4939,1,2,3,3,7,3.5
4940,1,2,3,3,7,3.5
6117,2,2,6,4,7,3.5
5712,1,2,3,3,7,3.5
4795,1,2,3,3,7,3.5
6022,2,2,6,4,7,3.5
6466,1,2,3,3,7,3.5
4803,2,2,6,4,7,3.5
5643,1,2,3,3,7,3.5
4854,2,2,6,4,7,3.5
6405,1,2,3,3,7,3.5
5209,1,2,3,3,7,3.5
4830,1,2,3,3,7,3.5
4913,1,2,3,3,7,3.5
6187,2,2,6,4,7,3.5
4901,2,2,6,4,7,3.5
5776,1,2,3,3,7,3.5
5056,1,2,3,3,7,3.5
5717,1,2,3,3,7,3.5
5216,1,2,3,3,7,3.5
5043,1,2,3,3,7,3.5
5344,2,2,6,4,7,3.5
5284,1,2,3,3,7,3.5
5553,1,2,3,3,7,3.5
5522,2,2,6,4,7,3.5
6059,1,2,3,3,7,3.5
5541,1,2,3,3,7,3.5
6281,1,2,3,3,7,3.5
6193,2,2,6,4,7,3.5
5286,1,2,3,3,7,3.5
5287,1,2,3,3,7,3.5
5552,1,2,3,3,7,3.5
5517,1,2,3,3,7,3.5
6204,1,2,3,3,7,3.5
5557,1,2,3,3,7,3.5
5045,1,2,3,3,7,3.5
5445,1,2,3,3,7,3.5
4772,2,2,6,4,7,3.5
5409,1,2,3,3,7,3.5
5465,1,2,3,3,7,3.5
5438,1,2,3,3,7,3.5
5734,1,2,3,3,7,3.5
5681,2,2,6,4,7,3.5
5226,1,2,3,3,7,3.5
5276,1,2,3,3,7,3.5
5496,1,2,3,3,7,3.5
5454,1,2,3,3,7,3.5
5947,1,2,3,3,7,3.5
5708,1,2,3,3,7,3.5
6315,1,2,3,3,7,3.5
5506,1,2,3,3,7,3.5
5523,1,2,3,3,7,3.5
4812,2,2,6,4,7,3.5
6013,1,2,3,3,7,3.5
5627,1,2,3,3,7,3.5
5586,1,2,3,3,7,3.5
4916,1,2,3,3,7,3.5
6278,1,2,3,3,7,3.5
4923,1,2,3,3,7,3.5
5564,1,2,3,3,7,3.5
5384,1,2,3,3,7,3.5
6552,2,2,6,4,7,3.5
6252,2,2,6,4,7,3.5
6325,1,2,3,3,7,3.5
4735,2,2,6,4,7,3.5
4790,1,2,3,3,7,3.5
4813,1,2,3,3,7,3.5
5490,1,2,3,3,7,3.5
6110,1,2,3,3,7,3.5
5083,1,2,3,3,7,3.5
5169,1,2,3,3,7,3.5
5271,2,2,6,4,7,3.5
5613,1,2,3,3,7,3.5
5300,2,2,6,4,7,3.5
6232,2,2,6,4,7,3.5
4951,1,2,3,3,7,3.5
5137,1,2,3,3,7,3.5
6085,2,2,6,4,7,3.5
6086,1,2,3,3,7,3.5
5668,2,2,6,4,7,3.5
4762,2,2,6,4,7,3.5
5464,1,2,3,3,7,3.5
6351,1,2,3,3,7,3.5
6037,1,2,3,3,7,3.5
4754,2,2,6,4,7,3.5
5422,1,2,3,3,7,3.5
4831,2,2,6,4,7,3.5
6393,1,2,3,3,7,3.5
5359,2,2,6,4,7,3.5
4788,1,2,3,3,7,3.5
4729,2,2,6,4,7,3.5
5825,1,2,3,3,7,3.5
5934,2,2,6,4,7,3.5
6115,2,2,6,4,7,3.5
6116,2,2,6,4,7,3.5
4683,1,2,3,3,7,3.5
4904,1,2,3,3,7,3.5
5529,1,2,3,3,7,3.5
6052,2,2,6,4,7,3.5
5248,1,2,3,3,7,3.5
4794,2,2,6,4,7,3.5
4917,2,2,6,4,7,3.5
5702,1,2,3,3,7,3.5
6302,2,2,6,4,7,3.5
4695,2,2,6,4,7,3.5
4819,1,2,3,3,7,3.5
4703,2,2,6,4,7,3.5
4836,2,2,6,4,7,3.5
4911,1,2,3,3,7,3.5
6073,2,2,6,4,7,3.5
6213,1,2,3,3,7,3.5
5753,2,2,6,4,7,3.5
5103,2,2,6,4,7,3.5
4785,2,2,6,4,7,3.5
4758,2,2,6,4,7,3.5
6304,2,2,6,4,7,3.5
5241,2,2,6,4,7,3.5
5262,2,2,6,4,7,3.5
5896,1,2,3,3,7,3.5
4902,1,2,3,3,7,3.5
5432,1,2,3,3,7,3.5
5421,2,2,6,4,7,3.5
5292,1,2,3,3,7,3.5
4846,1,2,3,3,7,3.5
6279,1,2,3,3,7,3.5
4988,1,2,3,3,7,3.5
5974,2,2,6,4,7,3.5
5066,1,2,3,3,7,3.5
4933,1,2,3,3,7,3.5
4956,1,2,3,3,7,3.5
4987,1,2,3,3,7,3.5
6191,1,2,3,3,7,3.5
5826,1,2,3,3,7,3.5
5362,1,2,3,3,7,3.5
5539,1,2,3,3,7,3.5
4763,2,2,6,4,7,3.5
4824,2,2,6,4,7,3.5
5914,2,2,6,4,7,3.5
6144,2,2,6,4,7,3.5
5370,2,2,6,4,7,3.5
5038,1,2,3,3,7,3.5
5654,2,2,6,4,7,3.5
4733,1,2,3,3,7,3.5
5863,2,2,6,4,7,3.5
5912,1,2,3,3,7,3.5
4714,1,2,3,3,7,3.5
5992,1,2,3,3,7,3.5
6048,1,2,3,3,7,3.5
4954,2,2,6,4,7,3.5
6496,1,2,3,3,7,3.5
4872,2,2,6,4,7,3.5
5768,1,2,3,3,7,3.5
4802,2,2,6,4,7,3.5
4966,2,2,6,4,7,3.5
4862,2,2,6,4,7,3.5
5997,2,2,6,4,7,3.5
6012,2,2,6,4,7,3.5
6505,1,2,3,3,7,3.5
5577,2,2,6,4,7,3.5
5994,2,2,6,4,7,3.5
5844,2,2,6,4,7,3.5
6014,1,2,3,3,7,3.5
4821,2,2,6,4,7,3.5
6002,2,2,6,4,7,3.5
5839,1,2,3,3,7,3.5
5191,2,2,6,4,7,3.5
6227,1,2,3,3,7,3.5
5852,1,2,3,3,7,3.5
4839,2,2,6,4,7,3.5
5837,1,2,3,3,7,3.5
6276,2,2,6,4,7,3.5
6329,1,2,3,3,7,3.5
6529,1,2,3,3,7,3.5
4792,1,2,3,3,7,3.5
4871,1,2,3,3,7,3.5
6222,2,2,6,4,7,3.5
5857,2,2,6,4,7,3.5
6332,2,2,6,4,7,3.5
6412,1,2,3,3,7,3.5
6413,1,2,3,3,7,3.5
4780,1,2,3,3,7,3.5
5034,1,2,3,3,7,3.5
5758,1,2,3,3,7,3.5
5973,1,2,3,3,7,3.5
5928,2,2,6,4,7,3.5
4903,1,2,3,3,7,3.5
4853,2,2,6,4,7,3.5
5416,1,2,3,3,7,3.5
5468,2,2,6,4,7,3.5
5976,2,2,6,4,7,3.5
5895,2,2,6,4,7,3.5
4799,1,2,3,3,7,3.5
4957,1,2,3,3,7,3.5
5696,2,2,6,4,7,3.5
4835,2,2,6,4,7,3.5
5940,2,2,6,4,7,3.5
6017,2,2,6,4,7,3.5
5726,1,2,3,3,7,3.5
5596,1,2,3,3,7,3.5
4716,2,2,6,4,7,3.5
5861,1,2,3,3,7,3.5
5527,1,2,3,3,7,3.5
5425,1,2,3,3,7,3.5
5145,1,2,3,3,7,3.5
5153,1,2,3,3,7,3.5
4905,1,2,3,3,7,3.5
5048,1,2,3,3,7,3.5
5069,1,2,3,3,7,3.5
4945,1,2,3,3,7,3.5
4979,1,2,3,3,7,3.5
4969,2,2,6,4,7,3.5
4925,1,2,3,3,7,3.5
4964,1,2,3,3,7,3.5
5969,2,2,6,4,7,3.5
5412,1,2,3,3,7,3.5
4715,1,2,3,3,7,3.5
6199,2,2,6,4,7,3.5
6241,1,2,3,3,7,3.5
6437,1,2,3,3,7,3.5
5385,1,2,3,3,7,3.5
5144,1,2,3,3,7,3.5
5039,1,2,3,3,7,3.5
5403,1,2,3,3,7,3.5
5554,2,2,6,4,7,3.5
4869,1,2,3,3,7,3.5
5263,2,2,6,4,7,3.5
5626,1,2,3,3,7,3.5
6511,1,2,3,3,7,3.5
5179,1,2,3,3,7,3.5
5363,2,2,6,4,7,3.5
5909,2,2,6,4,7,3.5
6357,2,2,6,4,7,3.5
5949,2,2,6,4,7,3.5
5731,1,2,3,3,7,3.5
5193,1,2,3,3,7,3.5
6237,1,2,3,3,7,3.5
5971,2,2,6,4,7,3.5
4805,1,2,3,3,7,3.5
5195,1,2,3,3,7,3.5
4875,1,2,3,3,7,3.5
4885,1,2,3,3,7,3.5
6001,2,2,6,4,7,3.5
6249,2,2,6,4,7,3.5
6023,1,2,3,3,7,3.5
4728,1,2,3,3,7,3.5
4784,2,2,6,4,7,3.5
6350,1,2,3,3,7,3.5
4746,2,2,6,4,7,3.5
4816,1,2,3,3,7,3.5
5810,1,2,3,3,7,3.5
4776,2,2,6,4,7,3.5
4779,1,2,3,3,7,3.5
6156,1,2,3,3,7,3.5
5967,1,2,3,3,7,3.5
5968,1,2,3,3,7,3.5
5457,1,2,3,3,7,3.5
6095,2,2,6,4,7,3.5
4667,1,2,3,3,7,3.5
4692,1,2,3,3,7,3.5
4680,2,2,6,4,7,3.5
6136,2,2,6,4,7,3.5
4689,2,2,6,4,7,3.5
6154,1,2,3,3,7,3.5
5999,1,2,3,3,7,3.5
4811,1,2,3,3,7,3.5
4808,2,2,6,4,7,3.5
4815,2,2,6,4,7,3.5
6053,2,2,6,4,7,3.5
5097,1,2,3,3,7,3.5
5040,1,2,3,3,7,3.5
5041,2,2,6,4,7,3.5
5751,1,2,3,3,7,3.5
4740,1,2,3,3,7,3.5
5161,1,2,3,3,7,3.5
5679,2,2,6,4,7,3.5
5680,2,2,6,4,7,3.5
4679,2,2,6,4,7,3.5
6007,2,2,6,4,7,3.5
5943,2,2,6,4,7,3.5
5646,1,2,3,3,7,3.5
4999,1,2,3,3,7,3.5
5722,2,2,6,4,7,3.5
6267,1,2,3,3,7,3.5
5099,1,2,3,3,7,3.5
5979,1,2,3,3,7,3.5
5714,2,2,6,4,7,3.5
5787,1,2,3,3,7,3.5
4730,1,2,3,3,7,3.5
5688,2,2,6,4,7,3.5
6388,2,2,6,4,7,3.5
5701,2,2,6,4,7,3.5
5160,1,2,3,3,7,3.5
5206,1,2,3,3,7,3.5
4684,1,2,3,3,7,3.5
5052,2,2,6,4,7,3.5
5428,1,2,3,3,7,3.5
5447,1,2,3,3,7,3.5
4884,1,2,3,3,7,3.5
5880,2,2,6,4,7,3.5
6066,2,2,6,4,7,3.5
4665,2,2,6,4,7,3.5
4920,2,2,6,4,7,3.5
6336,1,2,3,3,7,3.5
6354,2,2,6,4,7,3.5
4870,2,2,6,4,7,3.5
5877,1,2,3,3,7,3.5
5884,1,2,3,3,7,3.5
4750,2,2,6,4,7,3.5
6042,2,2,6,4,7,3.5
6247,1,2,3,3,7,3.5
5239,1,2,3,3,7,3.5
4961,1,2,3,3,7,3.5
6225,1,2,3,3,7,3.5
6111,1,2,3,3,7,3.5
5156,2,2,6,4,7,3.5
5157,1,2,3,3,7,3.5
5620,1,2,3,3,7,3.5
5228,2,2,6,4,7,3.5
5648,1,2,3,3,7,3.5
5205,1,2,3,3,7,3.5
5353,1,2,3,3,7,3.5
5805,2,2,6,4,7,3.5
5859,2,2,6,4,7,3.5
5166,1,2,3,3,7,3.5
6371,2,2,6,4,7,3.5
5730,2,2,6,4,7,3.5
6151,1,2,3,3,7,3.5
5091,1,2,3,3,7,3.5
6179,1,2,3,3,7,3.5
4889,2,2,6,4,7,3.5
5491,1,2,3,3,7,3.5
6167,2,2,6,4,7,3.5
5695,2,2,6,4,7,3.5
5790,1,2,3,3,7,3.5
5664,1,2,3,3,7,3.5
6439,1,2,3,3,7,3.5
5692,2,2,6,4,7,3.5
5225,1,2,3,3,7,3.5
5308,1,2,3,3,7,3.5
5862,2,2,6,4,7,3.5
5977,2,2,6,4,7,3.5
6028,2,2,6,4,7,3.5
5579,2,2,6,4,7,3.5
4807,2,2,6,4,7,3.5
4806,2,2,6,4,7,3.5
4739,1,2,3,3,7,3.5
4810,2,2,6,4,7,3.5
5727,1,2,3,3,7,3.5
6258,1,2,3,3,7,3.5
5964,2,2,6,4,7,3.5
4696,1,2,3,3,7,3.5
4697,1,2,3,3,7,3.5
5959,2,2,6,4,7,3.5
6423,2,2,6,4,7,3.5
6506,2,2,6,4,7,3.5
5919,2,2,6,4,7,3.5
6188,1,2,3,3,7,3.5
6189,2,2,6,4,7,3.5
6190,1,2,3,3,7,3.5
5514,1,2,3,3,7,3.5
5878,2,2,6,4,7,3.5
5879,1,2,3,3,7,3.5
5785,2,2,6,4,7,3.5
4722,1,2,3,3,7,3.5
6391,2,2,6,4,7,3.5
6293,1,2,3,3,7,3.5
5716,1,2,3,3,7,3.5
4838,2,2,6,4,7,3.5
6163,1,2,3,3,7,3.5
5092,2,2,6,4,7,3.5
5301,1,2,3,3,7,3.5
4809,1,2,3,3,7,3.5
5842,2,2,6,4,7,3.5
5893,1,2,3,3,7,3.5
6223,1,2,3,3,7,3.5
5821,2,2,6,4,7,3.5
5533,2,2,6,4,7,3.5
6514,1,2,3,3,7,3.5
5902,1,2,3,3,7,3.5
5558,1,2,3,3,7,3.5
6256,2,2,6,4,7,3.5
6447,2,2,6,4,7,3.5
4866,1,2,3,3,7,3.5
5542,2,2,6,4,7,3.5
4655,1,2,3,3,7,3.5
4912,2,2,6,4,7,3.5
5185,1,2,3,3,7,3.5
4938,1,2,3,3,7,3.5
6003,2,2,6,4,7,3.5
5139,1,2,3,3,7,3.5
5171,1,2,3,3,7,3.5
5165,1,2,3,3,7,3.5
5488,1,2,3,3,7,3.5
6084,2,2,6,4,7,3.5
4707,2,2,6,4,7,3.5
5511,1,2,3,3,7,3.5
5196,1,2,3,3,7,3.5
5285,1,2,3,3,7,3.5
4984,1,2,3,3,7,3.5
5693,1,2,3,3,7,3.5
4742,2,2,6,4,7,3.5
5100,2,2,6,4,7,3.5
5672,1,2,3,3,7,3.5
5189,2,2,6,4,7,3.5
6214,2,2,6,4,7,3.5
6215,2,2,6,4,7,3.5
6286,2,2,6,4,7,3.5
6415,1,2,3,3,7,3.5
5872,2,2,6,4,7,3.5
6082,2,2,6,4,7,3.5
5806,1,2,3,3,7,3.5
6321,1,2,3,3,7,3.5
5960,2,2,6,4,7,3.5
4768,2,2,6,4,7,3.5
4842,1,2,3,3,7,3.5
6020,2,2,6,4,7,3.5
5890,1,2,3,3,7,3.5
5985,2,2,6,4,7,3.5
4774,2,2,6,4,7,3.5
6333,1,2,3,3,7,3.5
4646,1,2,3,3,7,3.5
4647,2,2,6,4,7,3.5
4651,2,2,6,4,7,3.5
4666,1,2,3,3,7,3.5
6010,2,2,6,4,7,3.5
6045,1,2,3,3,7,3.5
6046,2,2,6,4,7,3.5
6384,2,2,6,4,7,3.5
6368,1,2,3,3,7,3.5
6289,2,2,6,4,7,3.5
6088,1,2,3,3,7,3.5
4880,2,2,6,4,7,3.5
6027,1,2,3,3,7,3.5
6358,1,2,3,3,7,3.5
4814,1,2,3,3,7,3.5
5162,1,2,3,3,7,3.5
5342,1,2,3,3,7,3.5
5709,2,2,6,4,7,3.5
5568,2,2,6,4,7,3.5
6280,2,2,6,4,7,3.5
4874,1,2,3,3,7,3.5
4893,1,2,3,3,7,3.5
5698,1,2,3,3,7,3.5
5728,1,2,3,3,7,3.5
5750,1,2,3,3,7,3.5
6305,1,2,3,3,7,3.5
6074,1,2,3,3,7,3.5
5809,1,2,3,3,7,3.5
5892,1,2,3,3,7,3.5
5881,2,2,6,4,7,3.5
4698,2,2,6,4,7,3.5
4747,1,2,3,3,7,3.5
5663,1,2,3,3,7,3.5
5710,1,2,3,3,7,3.5
4891,2,2,6,4,7,3.5
4971,1,2,3,3,7,3.5
5922,2,2,6,4,7,3.5
4944,1,2,3,3,7,3.5
6364,2,2,6,4,7,3.5
5677,1,2,3,3,7,3.5
6395,2,2,6,4,7,3.5
6314,1,2,3,3,7,3.5
5748,1,2,3,3,7,3.5
5452,1,2,3,3,7,3.5
5509,2,2,6,4,7,3.5
4670,1,2,3,3,7,3.5
6019,2,2,6,4,7,3.5
6430,2,2,6,4,7,3.5
5259,1,2,3,3,7,3.5
5343,1,2,3,3,7,3.5
5497,2,2,6,4,7,3.5
5950,1,2,3,3,7,3.5
6054,2,2,6,4,7,3.5
5298,1,2,3,3,7,3.5
6200,2,2,6,4,7,3.5
4675,2,2,6,4,7,3.5
6262,2,2,6,4,7,3.5
6147,2,2,6,4,7,3.5
4661,2,2,6,4,7,3.5
4662,2,2,6,4,7,3.5
5807,1,2,3,3,7,3.5
5814,1,2,3,3,7,3.5
6224,1,2,3,3,7,3.5
6226,2,2,6,4,7,3.5
4843,2,2,6,4,7,3.5
6121,1,2,3,3,7,3.5
5916,2,2,6,4,7,3.5
5917,2,2,6,4,7,3.5
5871,2,2,6,4,7,3.5
6392,2,2,6,4,7,3.5
6486,1,2,3,3,7,3.5
6271,1,2,3,3,7,3.5
4727,1,2,3,3,7,3.5
4732,2,2,6,4,7,3.5
5956,1,2,3,3,7,3.5
6317,2,2,6,4,7,3.5
5831,2,2,6,4,7,3.5
5512,2,2,6,4,7,3.5
6462,1,2,3,3,7,3.5
5951,2,2,6,4,7,3.5
5952,1,2,3,3,7,3.5
5953,1,2,3,3,7,3.5
5954,1,2,3,3,7,3.5
6040,2,2,6,4,7,3.5
4741,1,2,3,3,7,3.5
4652,2,2,6,4,7,3.5
4653,2,2,6,4,7,3.5
4797,2,2,6,4,7,3.5
4654,2,2,6,4,7,3.5
5324,1,2,3,3,7,3.5
5347,2,2,6,4,7,3.5
5829,2,2,6,4,7,3.5
4669,2,2,6,4,7,3.5
4660,1,2,3,3,7,3.5
4694,1,2,3,3,7,3.5
4766,2,2,6,4,7,3.5
4818,2,2,6,4,7,3.5
4822,1,2,3,3,7,3.5
4765,1,2,3,3,7,3.5
4663,1,2,3,3,7,3.5
4731,2,2,6,4,7,3.5
4687,2,2,6,4,7,3.5
4723,2,2,6,4,7,3.5
4705,2,2,6,4,7,3.5
6360,1,2,3,3,7,3.5
4789,2,2,6,4,7,3.5
4671,1,2,3,3,7,3.5
4672,1,2,3,3,7,3.5
4704,2,2,6,4,7,3.5
4710,1,2,3,3,7,3.5
6448,1,2,3,3,7,3.5
6235,1,2,3,3,7,3.5
4674,2,2,6,4,7,3.5
4682,2,2,6,4,7,3.5
4677,2,2,6,4,7,3.5
6285,2,2,6,4,7,3.5
4686,2,2,6,4,7,3.5
4688,1,2,3,3,7,3.5
4685,2,2,6,4,7,3.5
5897,1,2,3,3,7,3.5
5898,1,2,3,3,7,3.5
4693,1,2,3,3,7,3.5
4724,2,2,6,4,7,3.5
5828,1,2,3,3,7,3.5
4706,2,2,6,4,7,3.5
4699,2,2,6,4,7,3.5
4700,2,2,6,4,7,3.5
4711,2,2,6,4,7,3.5
5860,1,2,3,3,7,3.5
5867,1,2,3,3,7,3.5
6381,1,2,3,3,7,3.5
4709,2,2,6,4,7,3.5
4713,1,2,3,3,7,3.5
4718,1,2,3,3,7,3.5
4719,1,2,3,3,7,3.5
4720,1,2,3,3,7,3.5
6072,1,2,3,3,7,3.5
4844,2,2,6,4,7,3.5
5434,1,2,3,3,7,3.5
5780,1,2,3,3,7,3.5
4726,1,2,3,3,7,3.5
5885,1,2,3,3,7,3.5
6165,1,2,3,3,7,3.5
6209,2,2,6,4,7,3.5
6210,2,2,6,4,7,3.5
6011,1,2,3,3,7,3.5
4736,1,2,3,3,7,3.5
6454,2,2,6,4,7,3.5
6455,2,2,6,4,7,3.5
5397,1,2,3,3,7,3.5
4744,1,2,3,3,7,3.5
4745,1,2,3,3,7,3.5
4752,2,2,6,4,7,3.5
4749,2,2,6,4,7,3.5
4759,2,2,6,4,7,3.5
4786,1,2,3,3,7,3.5
4756,2,2,6,4,7,3.5
5685,2,2,6,4,7,3.5
4770,1,2,3,3,7,3.5
4773,2,2,6,4,7,3.5
4775,2,2,6,4,7,3.5
4783,2,2,6,4,7,3.5
5042,2,2,6,4,7,3.5
4782,2,2,6,4,7,3.5
4791,1,2,3,3,7,3.5
4798,1,2,3,3,7,3.5
4800,2,2,6,4,7,3.5
4823,2,2,6,4,7,3.5
5675,1,2,3,3,7,3.5
6029,1,2,3,3,7,3.5
6356,1,2,3,3,7,3.5
6311,1,2,3,3,7,3.5
4817,1,2,3,3,7,3.5
5047,2,2,6,4,7,3.5
5834,2,2,6,4,7,3.5
5845,2,2,6,4,7,3.5
4820,2,2,6,4,7,3.5
4825,2,2,6,4,7,3.5
4832,1,2,3,3,7,3.5
5321,1,2,3,3,7,3.5
6316,2,2,6,4,7,3.5
5955,2,2,6,4,7,3.5
4845,1,2,3,3,7,3.5
5732,1,2,3,3,7,3.5
4847,1,2,3,3,7,3.5
4848,2,2,6,4,7,3.5
4849,1,2,3,3,7,3.5
4850,2,2,6,4,7,3.5
5889,2,2,6,4,7,3.5
4851,1,2,3,3,7,3.5
4856,2,2,6,4,7,3.5
5781,1,2,3,3,7,3.5
4858,2,2,6,4,7,3.5
5770,1,2,3,3,7,3.5
4860,1,2,3,3,7,3.5
4861,2,2,6,4,7,3.5
5005,1,2,3,3,7,3.5
5920,1,2,3,3,7,3.5
5923,2,2,6,4,7,3.5
5665,1,2,3,3,7,3.5
4877,1,2,3,3,7,3.5
4878,1,2,3,3,7,3.5
5584,1,2,3,3,7,3.5
4888,1,2,3,3,7,3.5
4892,1,2,3,3,7,3.5
4894,1,2,3,3,7,3.5
4895,1,2,3,3,7,3.5
4897,1,2,3,3,7,3.5
4898,1,2,3,3,7,3.5
4899,1,2,3,3,7,3.5
5610,1,2,3,3,7,3.5
4907,1,2,3,3,7,3.5
4908,1,2,3,3,7,3.5
4909,1,2,3,3,7,3.5
4910,1,2,3,3,7,3.5
5926,1,2,3,3,7,3.5
6097,2,2,6,4,7,3.5
4915,1,2,3,3,7,3.5
4918,1,2,3,3,7,3.5
5111,1,2,3,3,7,3.5
4922,1,2,3,3,7,3.5
4926,2,2,6,4,7,3.5
4927,1,2,3,3,7,3.5
5073,1,2,3,3,7,3.5
4930,2,2,6,4,7,3.5
4931,1,2,3,3,7,3.5
4932,2,2,6,4,7,3.5
4943,1,2,3,3,7,3.5
4946,1,2,3,3,7,3.5
4948,1,2,3,3,7,3.5
4950,1,2,3,3,7,3.5
4952,1,2,3,3,7,3.5
4953,1,2,3,3,7,3.5
5899,2,2,6,4,7,3.5
6347,1,2,3,3,7,3.5
4958,1,2,3,3,7,3.5
4959,2,2,6,4,7,3.5
4960,2,2,6,4,7,3.5
5649,1,2,3,3,7,3.5
5779,1,2,3,3,7,3.5
6208,2,2,6,4,7,3.5
5003,1,2,3,3,7,3.5
4965,1,2,3,3,7,3.5
4967,1,2,3,3,7,3.5
4968,1,2,3,3,7,3.5
5081,1,2,3,3,7,3.5
5096,1,2,3,3,7,3.5
4970,1,2,3,3,7,3.5
4972,1,2,3,3,7,3.5
4973,1,2,3,3,7,3.5
4974,1,2,3,3,7,3.5
5354,2,2,6,4,7,3.5
5355,1,2,3,3,7,3.5
4977,1,2,3,3,7,3.5
4978,1,2,3,3,7,3.5
4982,1,2,3,3,7,3.5
4985,1,2,3,3,7,3.5
4986,1,2,3,3,7,3.5
6131,2,2,6,4,7,3.5
4990,1,2,3,3,7,3.5
4991,1,2,3,3,7,3.5
4992,1,2,3,3,7,3.5
4993,1,2,3,3,7,3.5
4994,1,2,3,3,7,3.5
5113,1,2,3,3,7,3.5
5135,1,2,3,3,7,3.5
4997,1,2,3,3,7,3.5
4998,1,2,3,3,7,3.5
5000,1,2,3,3,7,3.5
5006,1,2,3,3,7,3.5
5007,2,2,6,4,7,3.5
5008,2,2,6,4,7,3.5
5010,1,2,3,3,7,3.5
5718,1,2,3,3,7,3.5
5011,1,2,3,3,7,3.5
5012,1,2,3,3,7,3.5
5013,1,2,3,3,7,3.5
5014,1,2,3,3,7,3.5
5015,2,2,6,4,7,3.5
5016,1,2,3,3,7,3.5
5019,2,2,6,4,7,3.5
5020,2,2,6,4,7,3.5
5841,1,2,3,3,7,3.5
5021,1,2,3,3,7,3.5
5024,1,2,3,3,7,3.5
5025,1,2,3,3,7,3.5
5027,1,2,3,3,7,3.5
5029,1,2,3,3,7,3.5
5030,2,2,6,4,7,3.5
5032,2,2,6,4,7,3.5
5036,1,2,3,3,7,3.5
5044,1,2,3,3,7,3.5
5046,2,2,6,4,7,3.5
5050,1,2,3,3,7,3.5
5051,1,2,3,3,7,3.5
6282,1,2,3,3,7,3.5
5054,1,2,3,3,7,3.5
5055,1,2,3,3,7,3.5
5058,2,2,6,4,7,3.5
5059,1,2,3,3,7,3.5
5098,1,2,3,3,7,3.5
5062,1,2,3,3,7,3.5
5063,1,2,3,3,7,3.5
5064,2,2,6,4,7,3.5
5065,1,2,3,3,7,3.5
5067,1,2,3,3,7,3.5
5068,1,2,3,3,7,3.5
5070,1,2,3,3,7,3.5
5074,1,2,3,3,7,3.5
5076,1,2,3,3,7,3.5
5077,1,2,3,3,7,3.5
5078,1,2,3,3,7,3.5
5079,1,2,3,3,7,3.5
5080,1,2,3,3,7,3.5
5082,1,2,3,3,7,3.5
5093,1,2,3,3,7,3.5
5084,1,2,3,3,7,3.5
5085,1,2,3,3,7,3.5
5087,1,2,3,3,7,3.5
5088,1,2,3,3,7,3.5
5089,1,2,3,3,7,3.5
5090,1,2,3,3,7,3.5
5094,1,2,3,3,7,3.5
5095,1,2,3,3,7,3.5
5102,1,2,3,3,7,3.5
5104,1,2,3,3,7,3.5
5105,1,2,3,3,7,3.5
5106,1,2,3,3,7,3.5
5107,1,2,3,3,7,3.5
5108,1,2,3,3,7,3.5
5461,1,2,3,3,7,3.5
5110,1,2,3,3,7,3.5
5112,1,2,3,3,7,3.5
5114,1,2,3,3,7,3.5
5115,1,2,3,3,7,3.5
5116,1,2,3,3,7,3.5
5118,1,2,3,3,7,3.5
5119,1,2,3,3,7,3.5
5123,1,2,3,3,7,3.5
5124,1,2,3,3,7,3.5
5125,1,2,3,3,7,3.5
5126,1,2,3,3,7,3.5
5127,1,2,3,3,7,3.5
5128,1,2,3,3,7,3.5
5129,2,2,6,4,7,3.5
5130,1,2,3,3,7,3.5
5131,1,2,3,3,7,3.5
5132,1,2,3,3,7,3.5
5133,1,2,3,3,7,3.5
5134,1,2,3,3,7,3.5
5140,1,2,3,3,7,3.5
5141,1,2,3,3,7,3.5
5142,1,2,3,3,7,3.5
5143,1,2,3,3,7,3.5
5146,1,2,3,3,7,3.5
5147,1,2,3,3,7,3.5
5148,1,2,3,3,7,3.5
5149,1,2,3,3,7,3.5
5150,1,2,3,3,7,3.5
5151,1,2,3,3,7,3.5
5152,1,2,3,3,7,3.5
5154,1,2,3,3,7,3.5
5158,1,2,3,3,7,3.5
5487,1,2,3,3,7,3.5
5163,1,2,3,3,7,3.5
5164,1,2,3,3,7,3.5
5595,1,2,3,3,7,3.5
5170,1,2,3,3,7,3.5
5173,1,2,3,3,7,3.5
5174,1,2,3,3,7,3.5
5175,1,2,3,3,7,3.5
5210,1,2,3,3,7,3.5
6093,2,2,6,4,7,3.5
5466,1,2,3,3,7,3.5
5181,1,2,3,3,7,3.5
5184,1,2,3,3,7,3.5
5187,1,2,3,3,7,3.5
5188,1,2,3,3,7,3.5
5190,1,2,3,3,7,3.5
5194,2,2,6,4,7,3.5
5200,1,2,3,3,7,3.5
6021,2,2,6,4,7,3.5
5202,1,2,3,3,7,3.5
5203,2,2,6,4,7,3.5
5204,2,2,6,4,7,3.5
5408,1,2,3,3,7,3.5
5423,1,2,3,3,7,3.5
5207,1,2,3,3,7,3.5
5208,1,2,3,3,7,3.5
5212,1,2,3,3,7,3.5
5213,1,2,3,3,7,3.5
5601,1,2,3,3,7,3.5
5214,2,2,6,4,7,3.5
5215,2,2,6,4,7,3.5
5218,1,2,3,3,7,3.5
5221,2,2,6,4,7,3.5
5222,1,2,3,3,7,3.5
5223,1,2,3,3,7,3.5
5227,1,2,3,3,7,3.5
5229,1,2,3,3,7,3.5
5230,1,2,3,3,7,3.5
5231,1,2,3,3,7,3.5
5467,1,2,3,3,7,3.5
5232,2,2,6,4,7,3.5
5233,1,2,3,3,7,3.5
5235,1,2,3,3,7,3.5
5236,1,2,3,3,7,3.5
5237,1,2,3,3,7,3.5
5238,1,2,3,3,7,3.5
5341,1,2,3,3,7,3.5
5240,1,2,3,3,7,3.5
5245,1,2,3,3,7,3.5
5246,1,2,3,3,7,3.5
5247,1,2,3,3,7,3.5
5470,1,2,3,3,7,3.5
5249,2,2,6,4,7,3.5
5251,1,2,3,3,7,3.5
5254,1,2,3,3,7,3.5
5256,2,2,6,4,7,3.5
5283,2,2,6,4,7,3.5
5941,1,2,3,3,7,3.5
5261,1,2,3,3,7,3.5
5266,1,2,3,3,7,3.5
5267,1,2,3,3,7,3.5
5268,1,2,3,3,7,3.5
5346,1,2,3,3,7,3.5
6490,2,2,6,4,7,3.5
5270,1,2,3,3,7,3.5
5273,2,2,6,4,7,3.5
5274,1,2,3,3,7,3.5
5275,1,2,3,3,7,3.5
5317,1,2,3,3,7,3.5
5318,1,2,3,3,7,3.5
5336,1,2,3,3,7,3.5
5279,2,2,6,4,7,3.5
5280,1,2,3,3,7,3.5
5281,1,2,3,3,7,3.5
5556,1,2,3,3,7,3.5
5293,1,2,3,3,7,3.5
5294,1,2,3,3,7,3.5
5295,1,2,3,3,7,3.5
5296,1,2,3,3,7,3.5
5299,1,2,3,3,7,3.5
5302,1,2,3,3,7,3.5
5304,2,2,6,4,7,3.5
5306,2,2,6,4,7,3.5
5307,1,2,3,3,7,3.5
5323,1,2,3,3,7,3.5
5534,1,2,3,3,7,3.5
5309,1,2,3,3,7,3.5
5310,1,2,3,3,7,3.5
5700,1,2,3,3,7,3.5
5314,1,2,3,3,7,3.5
5316,2,2,6,4,7,3.5
5551,1,2,3,3,7,3.5
5319,1,2,3,3,7,3.5
5489,1,2,3,3,7,3.5
5327,1,2,3,3,7,3.5
5328,1,2,3,3,7,3.5
5329,1,2,3,3,7,3.5
5330,2,2,6,4,7,3.5
5331,1,2,3,3,7,3.5
5335,1,2,3,3,7,3.5
5367,2,2,6,4,7,3.5
5368,1,2,3,3,7,3.5
5337,1,2,3,3,7,3.5
5338,1,2,3,3,7,3.5
5608,1,2,3,3,7,3.5
5599,1,2,3,3,7,3.5
5351,2,2,6,4,7,3.5
5357,2,2,6,4,7,3.5
5358,1,2,3,3,7,3.5
5360,2,2,6,4,7,3.5
5361,1,2,3,3,7,3.5
5364,1,2,3,3,7,3.5
6326,1,2,3,3,7,3.5
5616,2,2,6,4,7,3.5
5369,1,2,3,3,7,3.5
5371,1,2,3,3,7,3.5
5372,1,2,3,3,7,3.5
5373,1,2,3,3,7,3.5
5375,1,2,3,3,7,3.5
5376,1,2,3,3,7,3.5
5377,1,2,3,3,7,3.5
5378,1,2,3,3,7,3.5
5379,1,2,3,3,7,3.5
5381,1,2,3,3,7,3.5
5520,1,2,3,3,7,3.5
5388,1,2,3,3,7,3.5
5392,2,2,6,4,7,3.5
5932,2,2,6,4,7,3.5
5395,1,2,3,3,7,3.5
5396,1,2,3,3,7,3.5
5398,1,2,3,3,7,3.5
5400,1,2,3,3,7,3.5
5401,1,2,3,3,7,3.5
5402,1,2,3,3,7,3.5
5404,1,2,3,3,7,3.5
5406,1,2,3,3,7,3.5
6032,1,2,3,3,7,3.5
5410,1,2,3,3,7,3.5
5411,2,2,6,4,7,3.5
5413,1,2,3,3,7,3.5
5589,2,2,6,4,7,3.5
5414,1,2,3,3,7,3.5
5415,1,2,3,3,7,3.5
5419,2,2,6,4,7,3.5
5525,1,2,3,3,7,3.5
5424,1,2,3,3,7,3.5
5426,1,2,3,3,7,3.5
5427,1,2,3,3,7,3.5
5450,1,2,3,3,7,3.5
5451,1,2,3,3,7,3.5
5429,2,2,6,4,7,3.5
5486,1,2,3,3,7,3.5
5433,2,2,6,4,7,3.5
5435,2,2,6,4,7,3.5
5436,1,2,3,3,7,3.5
5437,1,2,3,3,7,3.5
5439,1,2,3,3,7,3.5
5440,1,2,3,3,7,3.5
5441,1,2,3,3,7,3.5
5442,1,2,3,3,7,3.5
5444,1,2,3,3,7,3.5
5448,1,2,3,3,7,3.5
5453,1,2,3,3,7,3.5
5600,2,2,6,4,7,3.5
5456,2,2,6,4,7,3.5
5460,1,2,3,3,7,3.5
5462,1,2,3,3,7,3.5
5463,2,2,6,4,7,3.5
5471,1,2,3,3,7,3.5
5472,1,2,3,3,7,3.5
5473,1,2,3,3,7,3.5
5475,1,2,3,3,7,3.5
5476,1,2,3,3,7,3.5
5477,2,2,6,4,7,3.5
5478,2,2,6,4,7,3.5
5479,1,2,3,3,7,3.5
5481,1,2,3,3,7,3.5
5482,1,2,3,3,7,3.5
5483,2,2,6,4,7,3.5
5484,1,2,3,3,7,3.5
6444,1,2,3,3,7,3.5
5494,1,2,3,3,7,3.5
5495,1,2,3,3,7,3.5
5498,2,2,6,4,7,3.5
5499,1,2,3,3,7,3.5
5500,1,2,3,3,7,3.5
5501,1,2,3,3,7,3.5
5502,2,2,6,4,7,3.5
5503,2,2,6,4,7,3.5
5570,2,2,6,4,7,3.5
5783,1,2,3,3,7,3.5
5508,1,2,3,3,7,3.5
5510,1,2,3,3,7,3.5
5513,1,2,3,3,7,3.5
5516,1,2,3,3,7,3.5
5518,2,2,6,4,7,3.5
5519,1,2,3,3,7,3.5
5526,1,2,3,3,7,3.5
5581,1,2,3,3,7,3.5
5530,1,2,3,3,7,3.5
5535,1,2,3,3,7,3.5
5536,1,2,3,3,7,3.5
5537,1,2,3,3,7,3.5
5538,1,2,3,3,7,3.5
5540,1,2,3,3,7,3.5
5544,1,2,3,3,7,3.5
5546,1,2,3,3,7,3.5
5547,2,2,6,4,7,3.5
5548,2,2,6,4,7,3.5
5719,2,2,6,4,7,3.5
6346,2,2,6,4,7,3.5
5549,2,2,6,4,7,3.5
5555,1,2,3,3,7,3.5
5560,2,2,6,4,7,3.5
5559,2,2,6,4,7,3.5
5561,1,2,3,3,7,3.5
5562,1,2,3,3,7,3.5
6060,1,2,3,3,7,3.5
5565,1,2,3,3,7,3.5
5566,2,2,6,4,7,3.5
5567,2,2,6,4,7,3.5
5569,2,2,6,4,7,3.5
5571,2,2,6,4,7,3.5
5572,2,2,6,4,7,3.5
5574,1,2,3,3,7,3.5
5576,1,2,3,3,7,3.5
5582,1,2,3,3,7,3.5
5583,1,2,3,3,7,3.5
5585,1,2,3,3,7,3.5
5587,1,2,3,3,7,3.5
5590,1,2,3,3,7,3.5
5591,1,2,3,3,7,3.5
5592,1,2,3,3,7,3.5
5593,1,2,3,3,7,3.5
5594,1,2,3,3,7,3.5
5598,1,2,3,3,7,3.5
6180,1,2,3,3,7,3.5
5602,1,2,3,3,7,3.5
5603,1,2,3,3,7,3.5
5604,2,2,6,4,7,3.5
5605,1,2,3,3,7,3.5
5607,1,2,3,3,7,3.5
5612,1,2,3,3,7,3.5
5617,1,2,3,3,7,3.5
5618,1,2,3,3,7,3.5
5619,1,2,3,3,7,3.5
6112,2,2,6,4,7,3.5
5621,1,2,3,3,7,3.5
5622,1,2,3,3,7,3.5
5624,1,2,3,3,7,3.5
5625,2,2,6,4,7,3.5
5629,1,2,3,3,7,3.5
5631,2,2,6,4,7,3.5
5632,1,2,3,3,7,3.5
5633,1,2,3,3,7,3.5
5634,2,2,6,4,7,3.5
5636,1,2,3,3,7,3.5
5637,2,2,6,4,7,3.5
5614,1,2,3,3,7,3.5
5638,1,2,3,3,7,3.5
5639,2,2,6,4,7,3.5
5640,2,2,6,4,7,3.5
5641,1,2,3,3,7,3.5
5642,2,2,6,4,7,3.5
5644,2,2,6,4,7,3.5
5645,1,2,3,3,7,3.5
5647,1,2,3,3,7,3.5
5652,2,2,6,4,7,3.5
5655,2,2,6,4,7,3.5
5658,1,2,3,3,7,3.5
5661,1,2,3,3,7,3.5
6438,1,2,3,3,7,3.5
5666,1,2,3,3,7,3.5
5798,1,2,3,3,7,3.5
5674,1,2,3,3,7,3.5
5720,1,2,3,3,7,3.5
5678,1,2,3,3,7,3.5
5801,2,2,6,4,7,3.5
5683,1,2,3,3,7,3.5
5737,2,2,6,4,7,3.5
5686,2,2,6,4,7,3.5
5687,1,2,3,3,7,3.5
5746,1,2,3,3,7,3.5
5690,1,2,3,3,7,3.5
5691,1,2,3,3,7,3.5
5723,1,2,3,3,7,3.5
5694,1,2,3,3,7,3.5
5703,2,2,6,4,7,3.5
5706,1,2,3,3,7,3.5
5707,1,2,3,3,7,3.5
5713,1,2,3,3,7,3.5
5715,1,2,3,3,7,3.5
5724,2,2,6,4,7,3.5
5725,1,2,3,3,7,3.5
5729,2,2,6,4,7,3.5
6370,1,2,3,3,7,3.5
5733,1,2,3,3,7,3.5
5735,1,2,3,3,7,3.5
5738,2,2,6,4,7,3.5
5739,2,2,6,4,7,3.5
5742,2,2,6,4,7,3.5
5744,1,2,3,3,7,3.5
5745,1,2,3,3,7,3.5
5747,1,2,3,3,7,3.5
5749,1,2,3,3,7,3.5
5752,1,2,3,3,7,3.5
5754,1,2,3,3,7,3.5
5755,1,2,3,3,7,3.5
5756,1,2,3,3,7,3.5
5757,1,2,3,3,7,3.5
5759,1,2,3,3,7,3.5
5761,2,2,6,4,7,3.5
5763,1,2,3,3,7,3.5
5764,1,2,3,3,7,3.5
6094,2,2,6,4,7,3.5
5769,1,2,3,3,7,3.5
5771,1,2,3,3,7,3.5
5772,2,2,6,4,7,3.5
5773,1,2,3,3,7,3.5
5774,1,2,3,3,7,3.5
5778,1,2,3,3,7,3.5
6472,2,2,6,4,7,3.5
6532,1,2,3,3,7,3.5
6533,1,2,3,3,7,3.5
5786,1,2,3,3,7,3.5
5788,1,2,3,3,7,3.5
5789,1,2,3,3,7,3.5
5791,2,2,6,4,7,3.5
5792,2,2,6,4,7,3.5
5793,1,2,3,3,7,3.5
5794,1,2,3,3,7,3.5
5795,1,2,3,3,7,3.5
5796,1,2,3,3,7,3.5
5797,1,2,3,3,7,3.5
5799,1,2,3,3,7,3.5
5800,1,2,3,3,7,3.5
5802,2,2,6,4,7,3.5
5803,2,2,6,4,7,3.5
5804,2,2,6,4,7,3.5
5858,2,2,6,4,7,3.5
5888,2,2,6,4,7,3.5
5808,1,2,3,3,7,3.5
5811,1,2,3,3,7,3.5
5812,1,2,3,3,7,3.5
5813,2,2,6,4,7,3.5
5815,2,2,6,4,7,3.5
5816,2,2,6,4,7,3.5
5817,1,2,3,3,7,3.5
5818,2,2,6,4,7,3.5
6211,1,2,3,3,7,3.5
5822,1,2,3,3,7,3.5
5823,1,2,3,3,7,3.5
5824,2,2,6,4,7,3.5
5833,2,2,6,4,7,3.5
5836,1,2,3,3,7,3.5
5838,2,2,6,4,7,3.5
5913,2,2,6,4,7,3.5
5847,1,2,3,3,7,3.5
5848,1,2,3,3,7,3.5
5906,1,2,3,3,7,3.5
5849,2,2,6,4,7,3.5
5851,2,2,6,4,7,3.5
5853,1,2,3,3,7,3.5
5854,1,2,3,3,7,3.5
5855,1,2,3,3,7,3.5
5856,1,2,3,3,7,3.5
6153,1,2,3,3,7,3.5
6183,2,2,6,4,7,3.5
5864,1,2,3,3,7,3.5
5865,1,2,3,3,7,3.5
5866,1,2,3,3,7,3.5
5868,1,2,3,3,7,3.5
5869,2,2,6,4,7,3.5
5873,2,2,6,4,7,3.5
6103,2,2,6,4,7,3.5
6479,2,2,6,4,7,3.5
6480,2,2,6,4,7,3.5
5874,1,2,3,3,7,3.5
5875,1,2,3,3,7,3.5
5876,1,2,3,3,7,3.5
5900,2,2,6,4,7,3.5
5901,2,2,6,4,7,3.5
5882,2,2,6,4,7,3.5
5883,1,2,3,3,7,3.5
5886,2,2,6,4,7,3.5
6308,2,2,6,4,7,3.5
6361,1,2,3,3,7,3.5
6535,2,2,6,4,7,3.5
5894,2,2,6,4,7,3.5
6119,2,2,6,4,7,3.5
5990,2,2,6,4,7,3.5
5905,2,2,6,4,7,3.5
5907,2,2,6,4,7,3.5
6284,2,2,6,4,7,3.5
5910,2,2,6,4,7,3.5
5911,1,2,3,3,7,3.5
5915,1,2,3,3,7,3.5
5966,2,2,6,4,7,3.5
5918,1,2,3,3,7,3.5
6120,1,2,3,3,7,3.5
5989,1,2,3,3,7,3.5
5921,1,2,3,3,7,3.5
5924,2,2,6,4,7,3.5
5925,2,2,6,4,7,3.5
5927,2,2,6,4,7,3.5
5929,2,2,6,4,7,3.5
5930,2,2,6,4,7,3.5
5936,2,2,6,4,7,3.5
5937,2,2,6,4,7,3.5
5938,1,2,3,3,7,3.5
5939,2,2,6,4,7,3.5
6068,1,2,3,3,7,3.5
6182,1,2,3,3,7,3.5
5944,1,2,3,3,7,3.5
5946,1,2,3,3,7,3.5
5948,2,2,6,4,7,3.5
6051,1,2,3,3,7,3.5
6429,1,2,3,3,7,3.5
6534,1,2,3,3,7,3.5
5961,1,2,3,3,7,3.5
5963,2,2,6,4,7,3.5
5965,1,2,3,3,7,3.5
5972,1,2,3,3,7,3.5
5975,2,2,6,4,7,3.5
6243,2,2,6,4,7,3.5
6148,2,2,6,4,7,3.5
5981,2,2,6,4,7,3.5
5982,1,2,3,3,7,3.5
5983,2,2,6,4,7,3.5
5984,1,2,3,3,7,3.5
5986,1,2,3,3,7,3.5
5987,1,2,3,3,7,3.5
5991,2,2,6,4,7,3.5
5993,1,2,3,3,7,3.5
5996,2,2,6,4,7,3.5
6091,1,2,3,3,7,3.5
6264,2,2,6,4,7,3.5
6512,1,2,3,3,7,3.5
6008,1,2,3,3,7,3.5
6015,1,2,3,3,7,3.5
6016,2,2,6,4,7,3.5
6406,1,2,3,3,7,3.5
6024,2,2,6,4,7,3.5
6025,1,2,3,3,7,3.5
6026,2,2,6,4,7,3.5
6031,2,2,6,4,7,3.5
6033,2,2,6,4,7,3.5
6034,2,2,6,4,7,3.5
6035,1,2,3,3,7,3.5
6036,1,2,3,3,7,3.5
6038,1,2,3,3,7,3.5
6041,2,2,6,4,7,3.5
6043,1,2,3,3,7,3.5
6044,1,2,3,3,7,3.5
6047,1,2,3,3,7,3.5
6049,1,2,3,3,7,3.5
6197,2,2,6,4,7,3.5
6198,2,2,6,4,7,3.5
6294,2,2,6,4,7,3.5
6055,1,2,3,3,7,3.5
6056,1,2,3,3,7,3.5
6057,1,2,3,3,7,3.5
6058,1,2,3,3,7,3.5
6061,1,2,3,3,7,3.5
6062,1,2,3,3,7,3.5
6431,2,2,6,4,7,3.5
6063,1,2,3,3,7,3.5
6064,2,2,6,4,7,3.5
6065,1,2,3,3,7,3.5
6071,2,2,6,4,7,3.5
6067,2,2,6,4,7,3.5
6069,2,2,6,4,7,3.5
6075,1,2,3,3,7,3.5
6076,1,2,3,3,7,3.5
6077,1,2,3,3,7,3.5
6079,1,2,3,3,7,3.5
6081,1,2,3,3,7,3.5
6087,1,2,3,3,7,3.5
6090,1,2,3,3,7,3.5
6092,2,2,6,4,7,3.5
6096,2,2,6,4,7,3.5
6099,2,2,6,4,7,3.5
6100,1,2,3,3,7,3.5
6101,2,2,6,4,7,3.5
6102,1,2,3,3,7,3.5
6104,2,2,6,4,7,3.5
6105,2,2,6,4,7,3.5
6106,1,2,3,3,7,3.5
6107,1,2,3,3,7,3.5
6108,2,2,6,4,7,3.5
6109,2,2,6,4,7,3.5
6436,2,2,6,4,7,3.5
6467,2,2,6,4,7,3.5
6113,2,2,6,4,7,3.5
6118,1,2,3,3,7,3.5
6122,1,2,3,3,7,3.5
6123,2,2,6,4,7,3.5
6124,1,2,3,3,7,3.5
6127,2,2,6,4,7,3.5
6128,1,2,3,3,7,3.5
6129,1,2,3,3,7,3.5
6130,2,2,6,4,7,3.5
6132,2,2,6,4,7,3.5
6491,1,2,3,3,7,3.5
6133,2,2,6,4,7,3.5
6134,1,2,3,3,7,3.5
6135,1,2,3,3,7,3.5
6137,2,2,6,4,7,3.5
6138,1,2,3,3,7,3.5
6139,2,2,6,4,7,3.5
6519,1,2,3,3,7,3.5
6140,2,2,6,4,7,3.5
6141,2,2,6,4,7,3.5
6142,2,2,6,4,7,3.5
6143,1,2,3,3,7,3.5
6145,1,2,3,3,7,3.5
6146,2,2,6,4,7,3.5
6149,2,2,6,4,7,3.5
6150,1,2,3,3,7,3.5
6152,2,2,6,4,7,3.5
6155,2,2,6,4,7,3.5
6158,1,2,3,3,7,3.5
6160,2,2,6,4,7,3.5
6161,2,2,6,4,7,3.5
6162,2,2,6,4,7,3.5
6164,1,2,3,3,7,3.5
6166,2,2,6,4,7,3.5
6168,2,2,6,4,7,3.5
6169,2,2,6,4,7,3.5
6170,2,2,6,4,7,3.5
6171,1,2,3,3,7,3.5
6172,2,2,6,4,7,3.5
6173,2,2,6,4,7,3.5
6174,2,2,6,4,7,3.5
6175,2,2,6,4,7,3.5
6176,2,2,6,4,7,3.5
6177,2,2,6,4,7,3.5
6178,1,2,3,3,7,3.5
6181,2,2,6,4,7,3.5
6184,2,2,6,4,7,3.5
6185,2,2,6,4,7,3.5
6186,1,2,3,3,7,3.5
6340,2,2,6,4,7,3.5
6339,2,2,6,4,7,3.5
6192,2,2,6,4,7,3.5
6301,1,2,3,3,7,3.5
6195,2,2,6,4,7,3.5
6196,1,2,3,3,7,3.5
6323,1,2,3,3,7,3.5
4896,2,2,6,4,7,3.5
6201,1,2,3,3,7,3.5
6202,1,2,3,3,7,3.5
6203,2,2,6,4,7,3.5
6205,1,2,3,3,7,3.5
6536,2,2,6,4,7,3.5
6207,2,2,6,4,7,3.5
6334,1,2,3,3,7,3.5
6408,1,2,3,3,7,3.5
6409,2,2,6,4,7,3.5
6212,1,2,3,3,7,3.5
6217,1,2,3,3,7,3.5
6218,1,2,3,3,7,3.5
6219,1,2,3,3,7,3.5
6220,1,2,3,3,7,3.5
6221,1,2,3,3,7,3.5
6353,1,2,3,3,7,3.5
6473,1,2,3,3,7,3.5
6499,1,2,3,3,7,3.5
6229,1,2,3,3,7,3.5
6230,2,2,6,4,7,3.5
6231,1,2,3,3,7,3.5
6290,2,2,6,4,7,3.5
6494,1,2,3,3,7,3.5
6524,2,2,6,4,7,3.5
6372,1,2,3,3,7,3.5
6233,2,2,6,4,7,3.5
6234,1,2,3,3,7,3.5
6236,1,2,3,3,7,3.5
6238,1,2,3,3,7,3.5
6240,1,2,3,3,7,3.5
6242,1,2,3,3,7,3.5
6244,1,2,3,3,7,3.5
6449,1,2,3,3,7,3.5
6245,2,2,6,4,7,3.5
6246,1,2,3,3,7,3.5
6248,2,2,6,4,7,3.5
6250,2,2,6,4,7,3.5
6251,2,2,6,4,7,3.5
6257,1,2,3,3,7,3.5
6260,1,2,3,3,7,3.5
6261,1,2,3,3,7,3.5
6265,2,2,6,4,7,3.5
6266,2,2,6,4,7,3.5
6551,2,2,6,4,7,3.5
6268,1,2,3,3,7,3.5
6269,1,2,3,3,7,3.5
6272,1,2,3,3,7,3.5
6274,1,2,3,3,7,3.5
6510,1,2,3,3,7,3.5
6283,1,2,3,3,7,3.5
6287,1,2,3,3,7,3.5
6291,2,2,6,4,7,3.5
6292,1,2,3,3,7,3.5
6297,1,2,3,3,7,3.5
6298,1,2,3,3,7,3.5
6299,2,2,6,4,7,3.5
6306,1,2,3,3,7,3.5
6309,2,2,6,4,7,3.5
6310,2,2,6,4,7,3.5
6312,1,2,3,3,7,3.5
6487,2,2,6,4,7,3.5
6313,1,2,3,3,7,3.5
6376,1,2,3,3,7,3.5
6318,2,2,6,4,7,3.5
6319,1,2,3,3,7,3.5
6320,2,2,6,4,7,3.5
6324,1,2,3,3,7,3.5
6328,1,2,3,3,7,3.5
6331,1,2,3,3,7,3.5
6335,1,2,3,3,7,3.5
6337,2,2,6,4,7,3.5
6338,2,2,6,4,7,3.5
6401,2,2,6,4,7,3.5
6402,1,2,3,3,7,3.5
6341,1,2,3,3,7,3.5
6342,2,2,6,4,7,3.5
6344,1,2,3,3,7,3.5
6348,2,2,6,4,7,3.5
6349,2,2,6,4,7,3.5
6352,1,2,3,3,7,3.5
6359,1,2,3,3,7,3.5
6362,2,2,6,4,7,3.5
6365,1,2,3,3,7,3.5
6366,1,2,3,3,7,3.5
6369,1,2,3,3,7,3.5
6373,1,2,3,3,7,3.5
6374,1,2,3,3,7,3.5
6375,1,2,3,3,7,3.5
6377,1,2,3,3,7,3.5
6379,2,2,6,4,7,3.5
6380,1,2,3,3,7,3.5
6382,1,2,3,3,7,3.5
6383,2,2,6,4,7,3.5
6385,1,2,3,3,7,3.5
6389,1,2,3,3,7,3.5
6390,2,2,6,4,7,3.5
6397,1,2,3,3,7,3.5
6398,1,2,3,3,7,3.5
6399,1,2,3,3,7,3.5
6453,1,2,3,3,7,3.5
6407,2,2,6,4,7,3.5
6476,2,2,6,4,7,3.5
6414,2,2,6,4,7,3.5
6416,1,2,3,3,7,3.5
6418,1,2,3,3,7,3.5
6484,1,2,3,3,7,3.5
6419,2,2,6,4,7,3.5
6420,1,2,3,3,7,3.5
6421,1,2,3,3,7,3.5
6424,2,2,6,4,7,3.5
6425,1,2,3,3,7,3.5
6426,1,2,3,3,7,3.5
6427,2,2,6,4,7,3.5
6428,2,2,6,4,7,3.5
6432,2,2,6,4,7,3.5
6433,1,2,3,3,7,3.5
6434,1,2,3,3,7,3.5
6435,2,2,6,4,7,3.5
6554,1,2,3,3,7,3.5
6440,2,2,6,4,7,3.5
6442,1,2,3,3,7,3.5
6445,1,2,3,3,7,3.5
6450,1,2,3,3,7,3.5
6451,1,2,3,3,7,3.5
6452,1,2,3,3,7,3.5
6458,2,2,6,4,7,3.5
6459,1,2,3,3,7,3.5
5399,1,2,3,3,7,3.5
6461,1,2,3,3,7,3.5
6464,1,2,3,3,7,3.5
6468,1,2,3,3,7,3.5
6469,1,2,3,3,7,3.5
6470,2,2,6,4,7,3.5
6471,1,2,3,3,7,3.5
6474,1,2,3,3,7,3.5
6475,1,2,3,3,7,3.5
6527,1,2,3,3,7,3.5
6531,2,2,6,4,7,3.5
5870,1,2,3,3,7,3.5
6481,2,2,6,4,7,3.5
6482,1,2,3,3,7,3.5
6483,1,2,3,3,7,3.5
6485,1,2,3,3,7,3.5
6488,1,2,3,3,7,3.5
6489,1,2,3,3,7,3.5
6492,2,2,6,4,7,3.5
6493,2,2,6,4,7,3.5
6495,1,2,3,3,7,3.5
6498,2,2,6,4,7,3.5
6500,1,2,3,3,7,3.5
6501,2,2,6,4,7,3.5
6502,2,2,6,4,7,3.5
6503,1,2,3,3,7,3.5
6507,1,2,3,3,7,3.5
6508,1,2,3,3,7,3.5
5830,1,2,3,3,7,3.5
6513,1,2,3,3,7,3.5
6515,1,2,3,3,7,3.5
6516,2,2,6,4,7,3.5
6517,1,2,3,3,7,3.5
6518,1,2,3,3,7,3.5
6520,2,2,6,4,7,3.5
6522,2,2,6,4,7,3.5
6523,2,2,6,4,7,3.5
6525,1,2,3,3,7,3.5
6526,1,2,3,3,7,3.5
6528,1,2,3,3,7,3.5
6530,1,2,3,3,7,3.5
6538,1,2,3,3,7,3.5
6539,2,2,6,4,7,3.5
6540,1,2,3,3,7,3.5
6541,1,2,3,3,7,3.5
6542,2,2,6,4,7,3.5
6543,2,2,6,4,7,3.5
6544,2,2,6,4,7,3.5
6545,1,2,3,3,7,3.5
6546,1,2,3,3,7,3.5
6547,2,2,6,4,7,3.5
6548,1,2,3,3,7,3.5
6549,1,2,3,3,7,3.5
6550,1,2,3,3,7,3.5
6553,1,2,3,3,7,3.5
5060,1,2,3,3,7,3.5
6070,1,2,3,3,7,3.5
5635,1,2,3,3,7,3.5
5819,1,2,3,3,7,3.5
5356,1,2,3,3,7,3.5
6288,1,2,3,3,7,3.5
5995,1,2,3,3,7,3.5
6465,1,2,3,3,7,3.5
6270,2,2,6,4,7,3.5
6126,2,2,6,4,7,3.5
4857,1,2,3,3,7,3.5
6605,1,1,3,3,7,7
6561,1,1,3,3,7,7
6602,1,1,3,3,7,7
6816,1,1,3,3,7,7
6827,1,1,3,3,7,7
6957,1,1,3,3,7,7
6691,1,1,3,3,7,7
7197,1,1,3,3,7,7
6741,1,1,3,3,7,7
7154,1,1,3,3,7,7
6738,1,1,3,3,7,7
7227,1,1,3,3,7,7
6931,1,1,3,3,7,7
6930,1,1,3,3,7,7
7060,1,1,3,3,7,7
6627,1,1,3,3,7,7
6874,1,1,3,3,7,7
6687,1,1,3,3,7,7
7163,1,1,3,3,7,7
7262,1,1,3,3,7,7
6775,1,1,3,3,7,7
7096,1,1,3,3,7,7
6555,1,1,3,3,7,7
6821,1,1,3,3,7,7
7069,1,1,3,3,7,7
6754,1,1,3,3,7,7
6584,1,1,3,3,7,7
6731,1,1,3,3,7,7
6707,1,1,3,3,7,7
7020,1,1,3,3,7,7
7049,1,1,3,3,7,7
6860,1,1,3,3,7,7
6978,1,1,3,3,7,7
6825,1,1,3,3,7,7
7214,1,1,3,3,7,7
7187,1,1,3,3,7,7
6940,1,1,3,3,7,7
6891,1,1,3,3,7,7
6595,1,1,3,3,7,7
6983,1,1,3,3,7,7
6577,1,1,3,3,7,7
6581,1,1,3,3,7,7
6566,1,1,3,3,7,7
6846,1,1,3,3,7,7
7123,1,1,3,3,7,7
7057,1,1,3,3,7,7
7221,1,1,3,3,7,7
6952,1,1,3,3,7,7
6617,1,1,3,3,7,7
7279,1,1,3,3,7,7
6949,1,1,3,3,7,7
6814,1,1,3,3,7,7
6562,1,1,3,3,7,7
6710,1,1,3,3,7,7
6904,1,1,3,3,7,7
7153,1,1,3,3,7,7
7078,1,1,3,3,7,7
7105,1,1,3,3,7,7
7246,1,1,3,3,7,7
7247,1,1,3,3,7,7
7108,1,1,3,3,7,7
6685,1,1,3,3,7,7
7034,1,1,3,3,7,7
7207,1,1,3,3,7,7
7118,1,1,3,3,7,7
7121,1,1,3,3,7,7
7248,1,1,3,3,7,7
6951,1,1,3,3,7,7
6556,1,1,3,3,7,7
6692,1,1,3,3,7,7
7199,1,1,3,3,7,7
6572,1,1,3,3,7,7
6695,1,1,3,3,7,7
6722,1,1,3,3,7,7
6823,1,1,3,3,7,7
7277,1,1,3,3,7,7
6902,1,1,3,3,7,7
7059,1,1,3,3,7,7
6606,1,1,3,3,7,7
6594,1,1,3,3,7,7
6941,1,1,3,3,7,7
7073,1,1,3,3,7,7
6786,1,1,3,3,7,7
7021,1,1,3,3,7,7
6644,1,1,3,3,7,7
7014,1,1,3,3,7,7
6582,1,1,3,3,7,7
7132,1,1,3,3,7,7
6884,1,1,3,3,7,7
7300,1,1,3,3,7,7
6631,1,1,3,3,7,7
6723,1,1,3,3,7,7
6903,1,1,3,3,7,7
6623,1,1,3,3,7,7
6929,1,1,3,3,7,7
7056,1,1,3,3,7,7
6925,1,1,3,3,7,7
6679,1,1,3,3,7,7
6587,1,1,3,3,7,7
7200,1,1,3,3,7,7
7186,1,1,3,3,7,7
6668,1,1,3,3,7,7
6873,1,1,3,3,7,7
6942,1,1,3,3,7,7
6899,1,1,3,3,7,7
6698,1,1,3,3,7,7
6699,1,1,3,3,7,7
6664,1,1,3,3,7,7
6585,1,1,3,3,7,7
6811,1,1,3,3,7,7
6676,1,1,3,3,7,7
6883,1,1,3,3,7,7
6636,1,1,3,3,7,7
7139,1,1,3,3,7,7
6700,1,1,3,3,7,7
7062,1,1,3,3,7,7
7081,1,1,3,3,7,7
6815,1,1,3,3,7,7
6879,1,1,3,3,7,7
6619,1,1,3,3,7,7
7249,1,1,3,3,7,7
7222,1,1,3,3,7,7
6939,1,1,3,3,7,7
6985,1,1,3,3,7,7
6704,1,1,3,3,7,7
6950,1,1,3,3,7,7
6999,1,1,3,3,7,7
6822,1,1,3,3,7,7
6557,1,1,3,3,7,7
6734,1,1,3,3,7,7
6990,1,1,3,3,7,7
6991,1,1,3,3,7,7
7254,1,1,3,3,7,7
6703,1,1,3,3,7,7
7091,1,1,3,3,7,7
6824,1,1,3,3,7,7
7141,1,1,3,3,7,7
6628,1,1,3,3,7,7
7043,1,1,3,3,7,7
7031,1,1,3,3,7,7
7250,1,1,3,3,7,7
6900,1,1,3,3,7,7
6708,1,1,3,3,7,7
6588,1,1,3,3,7,7
6586,1,1,3,3,7,7
6766,1,1,3,3,7,7
6740,1,1,3,3,7,7
6870,1,1,3,3,7,7
6812,1,1,3,3,7,7
7055,1,1,3,3,7,7
6615,1,1,3,3,7,7
6616,1,1,3,3,7,7
6914,1,1,3,3,7,7
6915,1,1,3,3,7,7
6560,1,1,3,3,7,7
6665,1,1,3,3,7,7
6596,1,1,3,3,7,7
6650,1,1,3,3,7,7
6832,1,1,3,3,7,7
6905,1,1,3,3,7,7
6945,1,1,3,3,7,7
6737,1,1,3,3,7,7
6830,1,1,3,3,7,7
6576,1,1,3,3,7,7
6660,1,1,3,3,7,7
6701,1,1,3,3,7,7
6919,1,1,3,3,7,7
7152,1,1,3,3,7,7
7195,1,1,3,3,7,7
6831,1,1,3,3,7,7
6593,1,1,3,3,7,7
6848,1,1,3,3,7,7
6974,1,1,3,3,7,7
7068,1,1,3,3,7,7
7074,1,1,3,3,7,7
6632,1,1,3,3,7,7
6806,1,1,3,3,7,7
7084,1,1,3,3,7,7
6826,1,1,3,3,7,7
7194,1,1,3,3,7,7
7072,1,1,3,3,7,7
6733,1,1,3,3,7,7
6768,1,1,3,3,7,7
6840,1,1,3,3,7,7
7155,1,1,3,3,7,7
6864,1,1,3,3,7,7
6854,1,1,3,3,7,7
6753,1,1,3,3,7,7
7286,1,1,3,3,7,7
6603,1,1,3,3,7,7
7079,1,1,3,3,7,7
7000,1,1,3,3,7,7
6742,1,1,3,3,7,7
6790,1,1,3,3,7,7
7225,1,1,3,3,7,7
7230,1,1,3,3,7,7
7285,1,1,3,3,7,7
7170,1,1,3,3,7,7
6712,1,1,3,3,7,7
7208,1,1,3,3,7,7
7213,1,1,3,3,7,7
7274,1,1,3,3,7,7
7289,1,1,3,3,7,7
6633,1,1,3,3,7,7
6921,1,1,3,3,7,7
6696,1,1,3,3,7,7
7273,1,1,3,3,7,7
7094,1,1,3,3,7,7
7174,1,1,3,3,7,7
6863,1,1,3,3,7,7
7206,1,1,3,3,7,7
6645,1,1,3,3,7,7
7276,1,1,3,3,7,7
7107,1,1,3,3,7,7
7184,1,1,3,3,7,7
6559,1,1,3,3,7,7
6995,1,1,3,3,7,7
7269,1,1,3,3,7,7
6720,1,1,3,3,7,7
6898,1,1,3,3,7,7
6958,1,1,3,3,7,7
7038,1,1,3,3,7,7
6977,1,1,3,3,7,7
6785,1,1,3,3,7,7
6788,1,1,3,3,7,7
6843,1,1,3,3,7,7
7297,1,1,3,3,7,7
7070,1,1,3,3,7,7
6913,1,1,3,3,7,7
7160,1,1,3,3,7,7
7077,1,1,3,3,7,7
6637,1,1,3,3,7,7
7051,1,1,3,3,7,7
6777,1,1,3,3,7,7
7138,1,1,3,3,7,7
6791,1,1,3,3,7,7
7252,1,1,3,3,7,7
7058,1,1,3,3,7,7
6689,1,1,3,3,7,7
7030,1,1,3,3,7,7
7177,1,1,3,3,7,7
6776,1,1,3,3,7,7
6842,1,1,3,3,7,7
6640,1,1,3,3,7,7
6850,1,1,3,3,7,7
7240,1,1,3,3,7,7
6881,1,1,3,3,7,7
6683,1,1,3,3,7,7
6654,1,1,3,3,7,7
6730,1,1,3,3,7,7
7173,1,1,3,3,7,7
7127,1,1,3,3,7,7
6716,1,1,3,3,7,7
7183,1,1,3,3,7,7
7255,1,1,3,3,7,7
6570,1,1,3,3,7,7
6680,1,1,3,3,7,7
7015,1,1,3,3,7,7
7294,1,1,3,3,7,7
6589,1,1,3,3,7,7
6955,1,1,3,3,7,7
6725,1,1,3,3,7,7
6841,1,1,3,3,7,7
6845,1,1,3,3,7,7
7136,1,1,3,3,7,7
6861,1,1,3,3,7,7
6935,1,1,3,3,7,7
7236,1,1,3,3,7,7
6694,1,1,3,3,7,7
6599,1,1,3,3,7,7
6682,1,1,3,3,7,7
7012,1,1,3,3,7,7
7102,1,1,3,3,7,7
7137,1,1,3,3,7,7
7063,1,1,3,3,7,7
7122,1,1,3,3,7,7
6671,1,1,3,3,7,7
6744,1,1,3,3,7,7
6573,1,1,3,3,7,7
6574,1,1,3,3,7,7
6575,1,1,3,3,7,7
6868,1,1,3,3,7,7
7050,1,1,3,3,7,7
6611,1,1,3,3,7,7
6828,1,1,3,3,7,7
6855,1,1,3,3,7,7
7089,1,1,3,3,7,7
7095,1,1,3,3,7,7
7218,1,1,3,3,7,7
6735,1,1,3,3,7,7
6889,1,1,3,3,7,7
6971,1,1,3,3,7,7
7172,1,1,3,3,7,7
6648,1,1,3,3,7,7
6851,1,1,3,3,7,7
6877,1,1,3,3,7,7
6924,1,1,3,3,7,7
7244,1,1,3,3,7,7
7075,1,1,3,3,7,7
7182,1,1,3,3,7,7
7099,1,1,3,3,7,7
6986,1,1,3,3,7,7
6620,1,1,3,3,7,7
7106,1,1,3,3,7,7
7125,1,1,3,3,7,7
6563,1,1,3,3,7,7
6887,1,1,3,3,7,7
6820,1,1,3,3,7,7
6653,1,1,3,3,7,7
6953,1,1,3,3,7,7
6894,1,1,3,3,7,7
7047,1,1,3,3,7,7
7092,1,1,3,3,7,7
6583,1,1,3,3,7,7
6590,1,1,3,3,7,7
6767,1,1,3,3,7,7
6936,1,1,3,3,7,7
6907,1,1,3,3,7,7
6908,1,1,3,3,7,7
6614,1,1,3,3,7,7
6651,1,1,3,3,7,7
6693,1,1,3,3,7,7
7282,1,1,3,3,7,7
6765,1,1,3,3,7,7
6896,1,1,3,3,7,7
6681,1,1,3,3,7,7
7224,1,1,3,3,7,7
6886,1,1,3,3,7,7
6608,1,1,3,3,7,7
7002,1,1,3,3,7,7
6558,1,1,3,3,7,7
7017,1,1,3,3,7,7
7283,1,1,3,3,7,7
7299,1,1,3,3,7,7
7053,1,1,3,3,7,7
6961,1,1,3,3,7,7
7296,1,1,3,3,7,7
7176,1,1,3,3,7,7
7117,1,1,3,3,7,7
6994,1,1,3,3,7,7
7061,1,1,3,3,7,7
7205,1,1,3,3,7,7
7241,1,1,3,3,7,7
7071,1,1,3,3,7,7
6813,1,1,3,3,7,7
6852,1,1,3,3,7,7
6817,1,1,3,3,7,7
7233,1,1,3,3,7,7
7228,1,1,3,3,7,7
6579,1,1,3,3,7,7
6564,1,1,3,3,7,7
6652,1,1,3,3,7,7
6618,1,1,3,3,7,7
6678,1,1,3,3,7,7
7119,1,1,3,3,7,7
7150,1,1,3,3,7,7
6839,1,1,3,3,7,7
6638,1,1,3,3,7,7
7076,1,1,3,3,7,7
6641,1,1,3,3,7,7
7235,1,1,3,3,7,7
6772,1,1,3,3,7,7
6568,1,1,3,3,7,7
6569,1,1,3,3,7,7
6567,1,1,3,3,7,7
6857,1,1,3,3,7,7
7040,1,1,3,3,7,7
6662,1,1,3,3,7,7
6882,1,1,3,3,7,7
6610,1,1,3,3,7,7
6571,1,1,3,3,7,7
6769,1,1,3,3,7,7
6810,1,1,3,3,7,7
7048,1,1,3,3,7,7
7033,1,1,3,3,7,7
7064,1,1,3,3,7,7
6937,1,1,3,3,7,7
6856,1,1,3,3,7,7
6917,1,1,3,3,7,7
7270,1,1,3,3,7,7
6989,1,1,3,3,7,7
6598,1,1,3,3,7,7
6963,1,1,3,3,7,7
7179,1,1,3,3,7,7
6916,1,1,3,3,7,7
7067,1,1,3,3,7,7
6946,1,1,3,3,7,7
7126,1,1,3,3,7,7
7115,1,1,3,3,7,7
7166,1,1,3,3,7,7
6715,1,1,3,3,7,7
6686,1,1,3,3,7,7
6726,1,1,3,3,7,7
6858,1,1,3,3,7,7
6808,1,1,3,3,7,7
7065,1,1,3,3,7,7
6739,1,1,3,3,7,7
6673,1,1,3,3,7,7
6578,1,1,3,3,7,7
6970,1,1,3,3,7,7
7161,1,1,3,3,7,7
7292,1,1,3,3,7,7
7212,1,1,3,3,7,7
6918,1,1,3,3,7,7
7046,1,1,3,3,7,7
6592,1,1,3,3,7,7
6809,1,1,3,3,7,7
6829,1,1,3,3,7,7
7178,1,1,3,3,7,7
6706,1,1,3,3,7,7
6872,1,1,3,3,7,7
6932,1,1,3,3,7,7
7210,1,1,3,3,7,7
6847,1,1,3,3,7,7
6604,1,1,3,3,7,7
6757,1,1,3,3,7,7
7245,1,1,3,3,7,7
6565,1,1,3,3,7,7
6711,1,1,3,3,7,7
6972,1,1,3,3,7,7
7001,1,1,3,3,7,7
7290,1,1,3,3,7,7
7010,1,1,3,3,7,7
6880,1,1,3,3,7,7
7243,1,1,3,3,7,7
6580,1,1,3,3,7,7
6760,1,1,3,3,7,7
6591,1,1,3,3,7,7
6597,1,1,3,3,7,7
6600,1,1,3,3,7,7
6601,1,1,3,3,7,7
6607,1,1,3,3,7,7
6609,1,1,3,3,7,7
6674,1,1,3,3,7,7
6612,1,1,3,3,7,7
6613,1,1,3,3,7,7
6688,1,1,3,3,7,7
6621,1,1,3,3,7,7
6622,1,1,3,3,7,7
6624,1,1,3,3,7,7
6625,1,1,3,3,7,7
6876,1,1,3,3,7,7
6626,1,1,3,3,7,7
6629,1,1,3,3,7,7
6630,1,1,3,3,7,7
6778,1,1,3,3,7,7
6634,1,1,3,3,7,7
6635,1,1,3,3,7,7
7232,1,1,3,3,7,7
6639,1,1,3,3,7,7
6642,1,1,3,3,7,7
6643,1,1,3,3,7,7
6646,1,1,3,3,7,7
6647,1,1,3,3,7,7
6649,1,1,3,3,7,7
7104,1,1,3,3,7,7
6967,1,1,3,3,7,7
6655,1,1,3,3,7,7
6656,1,1,3,3,7,7
6657,1,1,3,3,7,7
6658,1,1,3,3,7,7
6661,1,1,3,3,7,7
6659,1,1,3,3,7,7
6838,1,1,3,3,7,7
7239,1,1,3,3,7,7
6663,1,1,3,3,7,7
6666,1,1,3,3,7,7
6667,1,1,3,3,7,7
6669,1,1,3,3,7,7
6670,1,1,3,3,7,7
6672,1,1,3,3,7,7
6675,1,1,3,3,7,7
6677,1,1,3,3,7,7
6684,1,1,3,3,7,7
6690,1,1,3,3,7,7
6697,1,1,3,3,7,7
6702,1,1,3,3,7,7
6705,1,1,3,3,7,7
6709,1,1,3,3,7,7
6713,1,1,3,3,7,7
6865,1,1,3,3,7,7
6714,1,1,3,3,7,7
6717,1,1,3,3,7,7
6718,1,1,3,3,7,7
6719,1,1,3,3,7,7
6721,1,1,3,3,7,7
6724,1,1,3,3,7,7
6727,1,1,3,3,7,7
6728,1,1,3,3,7,7
6729,1,1,3,3,7,7
6732,1,1,3,3,7,7
6736,1,1,3,3,7,7
7193,1,1,3,3,7,7
6743,1,1,3,3,7,7
6745,1,1,3,3,7,7
6746,1,1,3,3,7,7
6747,1,1,3,3,7,7
6748,1,1,3,3,7,7
6749,1,1,3,3,7,7
6750,1,1,3,3,7,7
6751,1,1,3,3,7,7
6752,1,1,3,3,7,7
6755,1,1,3,3,7,7
6756,1,1,3,3,7,7
6758,1,1,3,3,7,7
6759,1,1,3,3,7,7
7128,1,1,3,3,7,7
6761,1,1,3,3,7,7
6762,1,1,3,3,7,7
6763,1,1,3,3,7,7
6764,1,1,3,3,7,7
6770,1,1,3,3,7,7
6771,1,1,3,3,7,7
6773,1,1,3,3,7,7
6774,1,1,3,3,7,7
6779,1,1,3,3,7,7
6780,1,1,3,3,7,7
6781,1,1,3,3,7,7
6782,1,1,3,3,7,7
6783,1,1,3,3,7,7
6784,1,1,3,3,7,7
6789,1,1,3,3,7,7
7253,1,1,3,3,7,7
6792,1,1,3,3,7,7
6793,1,1,3,3,7,7
6794,1,1,3,3,7,7
6795,1,1,3,3,7,7
6796,1,1,3,3,7,7
6797,1,1,3,3,7,7
6798,1,1,3,3,7,7
6799,1,1,3,3,7,7
6800,1,1,3,3,7,7
6801,1,1,3,3,7,7
7267,1,1,3,3,7,7
7298,1,1,3,3,7,7
6802,1,1,3,3,7,7
6803,1,1,3,3,7,7
6804,1,1,3,3,7,7
6805,1,1,3,3,7,7
6807,1,1,3,3,7,7
6976,1,1,3,3,7,7
7090,1,1,3,3,7,7
6818,1,1,3,3,7,7
6819,1,1,3,3,7,7
6893,1,1,3,3,7,7
6833,1,1,3,3,7,7
6834,1,1,3,3,7,7
6835,1,1,3,3,7,7
6836,1,1,3,3,7,7
6837,1,1,3,3,7,7
6844,1,1,3,3,7,7
6849,1,1,3,3,7,7
6853,1,1,3,3,7,7
6859,1,1,3,3,7,7
6885,1,1,3,3,7,7
6862,1,1,3,3,7,7
6866,1,1,3,3,7,7
6867,1,1,3,3,7,7
6869,1,1,3,3,7,7
6871,1,1,3,3,7,7
6892,1,1,3,3,7,7
6875,1,1,3,3,7,7
6878,1,1,3,3,7,7
6888,1,1,3,3,7,7
6895,1,1,3,3,7,7
6897,1,1,3,3,7,7
6901,1,1,3,3,7,7
6926,1,1,3,3,7,7
6906,1,1,3,3,7,7
6909,1,1,3,3,7,7
6910,1,1,3,3,7,7
6911,1,1,3,3,7,7
6912,1,1,3,3,7,7
6920,1,1,3,3,7,7
6922,1,1,3,3,7,7
6923,1,1,3,3,7,7
6927,1,1,3,3,7,7
6928,1,1,3,3,7,7
7044,1,1,3,3,7,7
6933,1,1,3,3,7,7
6934,1,1,3,3,7,7
6938,1,1,3,3,7,7
6943,1,1,3,3,7,7
6944,1,1,3,3,7,7
6947,1,1,3,3,7,7
6948,1,1,3,3,7,7
6954,1,1,3,3,7,7
6956,1,1,3,3,7,7
6959,1,1,3,3,7,7
6960,1,1,3,3,7,7
6964,1,1,3,3,7,7
6965,1,1,3,3,7,7
6966,1,1,3,3,7,7
6968,1,1,3,3,7,7
6969,1,1,3,3,7,7
7159,1,1,3,3,7,7
6973,1,1,3,3,7,7
6975,1,1,3,3,7,7
6979,1,1,3,3,7,7
6980,1,1,3,3,7,7
6981,1,1,3,3,7,7
6982,1,1,3,3,7,7
6984,1,1,3,3,7,7
7041,1,1,3,3,7,7
6987,1,1,3,3,7,7
6988,1,1,3,3,7,7
6992,1,1,3,3,7,7
6993,1,1,3,3,7,7
7083,1,1,3,3,7,7
6996,1,1,3,3,7,7
6997,1,1,3,3,7,7
6998,1,1,3,3,7,7
7003,1,1,3,3,7,7
7268,1,1,3,3,7,7
7004,1,1,3,3,7,7
7005,1,1,3,3,7,7
7006,1,1,3,3,7,7
7007,1,1,3,3,7,7
7008,1,1,3,3,7,7
7009,1,1,3,3,7,7
7011,1,1,3,3,7,7
7013,1,1,3,3,7,7
7016,1,1,3,3,7,7
7018,1,1,3,3,7,7
7019,1,1,3,3,7,7
7022,1,1,3,3,7,7
7023,1,1,3,3,7,7
7024,1,1,3,3,7,7
7025,1,1,3,3,7,7
7026,1,1,3,3,7,7
7027,1,1,3,3,7,7
7028,1,1,3,3,7,7
7029,1,1,3,3,7,7
7032,1,1,3,3,7,7
7035,1,1,3,3,7,7
7036,1,1,3,3,7,7
7037,1,1,3,3,7,7
7039,1,1,3,3,7,7
7042,1,1,3,3,7,7
7045,1,1,3,3,7,7
7120,1,1,3,3,7,7
7052,1,1,3,3,7,7
7054,1,1,3,3,7,7
7066,1,1,3,3,7,7
7080,1,1,3,3,7,7
7082,1,1,3,3,7,7
7085,1,1,3,3,7,7
7086,1,1,3,3,7,7
7087,1,1,3,3,7,7
7088,1,1,3,3,7,7
7093,1,1,3,3,7,7
7097,1,1,3,3,7,7
7098,1,1,3,3,7,7
7100,1,1,3,3,7,7
7101,1,1,3,3,7,7
7103,1,1,3,3,7,7
7109,1,1,3,3,7,7
7110,1,1,3,3,7,7
7111,1,1,3,3,7,7
7280,1,1,3,3,7,7
7112,1,1,3,3,7,7
7113,1,1,3,3,7,7
7114,1,1,3,3,7,7
7116,1,1,3,3,7,7
7124,1,1,3,3,7,7
7129,1,1,3,3,7,7
7130,1,1,3,3,7,7
7131,1,1,3,3,7,7
7133,1,1,3,3,7,7
7134,1,1,3,3,7,7
7135,1,1,3,3,7,7
7192,1,1,3,3,7,7
7140,1,1,3,3,7,7
7142,1,1,3,3,7,7
7143,1,1,3,3,7,7
7144,1,1,3,3,7,7
7145,1,1,3,3,7,7
7146,1,1,3,3,7,7
7147,1,1,3,3,7,7
7148,1,1,3,3,7,7
7149,1,1,3,3,7,7
6890,1,1,3,3,7,7
7151,1,1,3,3,7,7
7156,1,1,3,3,7,7
7157,1,1,3,3,7,7
7158,1,1,3,3,7,7
7162,1,1,3,3,7,7
7164,1,1,3,3,7,7
7165,1,1,3,3,7,7
7167,1,1,3,3,7,7
7168,1,1,3,3,7,7
7169,1,1,3,3,7,7
7171,1,1,3,3,7,7
7175,1,1,3,3,7,7
7180,1,1,3,3,7,7
7181,1,1,3,3,7,7
7188,1,1,3,3,7,7
7185,1,1,3,3,7,7
7189,1,1,3,3,7,7
7190,1,1,3,3,7,7
7191,1,1,3,3,7,7
7196,1,1,3,3,7,7
7198,1,1,3,3,7,7
7201,1,1,3,3,7,7
7202,1,1,3,3,7,7
7203,1,1,3,3,7,7
7204,1,1,3,3,7,7
7209,1,1,3,3,7,7
7223,1,1,3,3,7,7
7211,1,1,3,3,7,7
7215,1,1,3,3,7,7
7216,1,1,3,3,7,7
7217,1,1,3,3,7,7
7251,1,1,3,3,7,7
7219,1,1,3,3,7,7
7220,1,1,3,3,7,7
7226,1,1,3,3,7,7
7238,1,1,3,3,7,7
7229,1,1,3,3,7,7
7231,1,1,3,3,7,7
7234,1,1,3,3,7,7
7237,1,1,3,3,7,7
7242,1,1,3,3,7,7
7256,1,1,3,3,7,7
7257,1,1,3,3,7,7
7258,1,1,3,3,7,7
7259,1,1,3,3,7,7
7260,1,1,3,3,7,7
7261,1,1,3,3,7,7
7263,1,1,3,3,7,7
7264,1,1,3,3,7,7
7265,1,1,3,3,7,7
7266,1,1,3,3,7,7
7271,1,1,3,3,7,7
7272,1,1,3,3,7,7
7275,1,1,3,3,7,7
7278,1,1,3,3,7,7
7281,1,1,3,3,7,7
7284,1,1,3,3,7,7
7287,1,1,3,3,7,7
7288,1,1,3,3,7,7
7291,1,1,3,3,7,7
7293,1,1,3,3,7,7
7295,1,1,3,3,7,7
7301,1,1,3,3,7,7
6787,1,1,3,3,7,7
6962,1,1,3,3,7,7
