1 1240 1
1 1241 1
1 1242 1
1 166 1
1 2 1
1 3 1
1 4 1
1 454 1
1 5 1
1 6 1
1 680 1
1 807 1
1 827 1
100 101 1
100 102 1
1000 904 1
1000 988 1
1001 905 1
1002 991 1
1003 918 1
1005 308 1
1005 962 1
1005 963 1
1006 971 1
1006 972 1
1007 1002 1
1007 1008 1
1007 1008 1
1007 1224 1
1007 124 1
1007 1362 1
1007 1363 1
1007 1565 1
1007 1674 1
1007 31 1
1007 579 1
1007 742 1
1007 993 1
1008 1117 1
1008 1167 1
1008 1197 1
1008 1338 1
1008 1686 1
1008 1726 1
1008 742 1
1009 1567 1
101 103 1
101 41 1
101 41 1
101 668 1
101 712 1
101 713 1
101 81 1
101 9 1
1010 1011 1
1011 1079 1
1012 1013 1
1013 178 1
1014 1054 1
1014 1105 1
1014 478 1
1015 1016 1
1016 1039 1
1016 778 1
1017 1018 1
1019 1020 1
102 125 1
102 156 1
102 46 1
102 597 1
1020 1068 1
1020 1137 1
1021 87 1
1021 925 1
1022 1023 1
1022 66 1
1023 1028 1
1024 1025 1
1024 1026 1
1024 1151 1
1024 1224 1
1024 1289 1
1024 549 1
1024 710 1
1024 991 1
1025 1026 1
1025 1071 1
1025 1880 1
1025 549 1
1026 1110 1
1027 1177 1
1027 1178 1
1027 1181 1
1027 1294 1
1027 371 1
1027 497 1
1027 659 1
1028 1022 1
1028 1029 1
1028 1030 1
1028 1181 1
1028 691 1
1029 1022 1
1029 1074 1
1029 1179 1
1029 1219 1
1029 1220 1
1029 748 1
103 130 1
103 148 1
103 214 1
103 68 1
1030 1022 1
1030 1029 1
1030 1074 1
1030 66 1
1031 1032 1
1032 1123 1
1032 1124 1
1032 1125 1
1032 1579 1
1032 1599 1
1032 1679 1
1032 958 1
1033 1034 1
1033 570 1
1034 1033 1
1035 117 1
1035 142 1
1035 360 1
1035 680 1
1035 91 1
1036 1146 1
1036 1244 1
1036 155 1
1036 1761 1
1036 440 1
1036 500 1
1037 1038 1
1039 1040 1
104 105 1
104 106 1
104 77 1
104 78 1
1040 1126 1
1041 1042 1
1042 661 1
1043 1044 1
1043 1045 1
1044 1142 1
1046 1047 1
1047 1092 1
1047 1100 1
1047 1111 1
1047 226 1
1048 227 1
1049 1050 1
1049 1051 1
1049 339 1
1049 59 1
1049 930 1
105 278 1
105 911 1
105 912 1
1050 1060 1
1050 1107 1
1050 339 1
1050 59 1
1050 930 1
1051 109 1
1051 1107 1
1051 1130 1
1051 310 1
1051 930 1
1052 1053 1
1052 256 1
1052 651 1
1054 1187 1
1054 357 1
1054 383 1
1054 478 1
1054 704 1
1054 79 1
1055 1817 1
1056 1388 1
1056 497 1
1057 1214 1
1057 516 1
1057 573 1
1059 1021 1
1059 1058 1
106 16 1
106 170 1
106 199 1
1060 109 1
1061 1014 1
1061 1054 1
1061 1215 1
1061 66 1
1061 824 1
1062 1063 1
1063 1047 1
1063 1092 1
1063 1100 1
1064 1042 1
1065 1042 1
1065 1063 1
1065 1064 1
1065 1150 1
1065 1282 1
1065 1408 1
1065 1459 1
1065 1630 1
1065 229 1
1065 237 1
1065 53 1
1065 673 1
1066 1032 1
1066 1059 1
1066 1274 1
1066 1400 1
1066 87 1
1067 1020 1
1067 1068 1
1067 1069 1
1069 1142 1
1069 1159 1
107 171 1
1070 379 1
1070 641 1
1071 1024 1
1071 1026 1
1071 549 1
1072 1113 1
1072 396 1
1072 741 1
1072 765 1
1073 667 1
1074 1022 1
1074 1023 1
1074 1075 1
1074 66 1
1075 824 1
1076 1077 1
1078 1079 1
108 109 1
108 110 1
108 166 1
108 339 1
108 340 1
108 340 1
108 57 1
108 933 1
1080 153 1
1081 1007 1
1081 1073 1
1081 1082 1
1081 1362 1
1081 1504 1
1081 336 1
1081 659 1
1082 1073 1
1082 1088 1
1082 336 1
1083 1084 1
1085 1104 1
1087 1065 1
1087 724 1
1088 1081 1
1088 1081 1
1088 1151 1
1088 1908 1
1088 1923 1
1089 1090 1
1089 601 1
109 1050 1
109 1097 1
109 110 1
109 1208 1
109 173 1
109 3 1
109 339 1
109 454 1
109 59 1
109 59 1
109 59 1
109 680 1
1090 1028 1
1090 1056 1
1090 113 1
1090 42 1
1090 601 1
1091 1047 1
1091 1092 1
1091 226 1
1092 1111 1
1093 1031 1
1093 1032 1
1093 991 1
1094 1095 1
1094 1096 1
1095 1096 1
1095 1117 1
1095 1527 1
1095 357 1
1095 637 1
1095 651 1
1095 714 1
1095 719 1
1096 1037 1
1096 1135 1
1097 1049 1
1097 1051 1
1097 1060 1
1097 59 1
1097 930 1
1099 1138 1
11 12 1
110 108 1
110 173 1
110 57 1
110 59 1
1100 1111 1
1100 226 1
1100 286 1
1100 421 1
1100 736 1
1100 92 1
1101 1102 1
1101 1103 1
1103 1117 1
1104 121 1
1104 1424 1
1104 1549 1
1104 447 1
1104 742 1
1105 1054 1
1106 162 1
1107 1049 1
1107 109 1
1107 1097 1
1107 310 1
1107 339 1
1108 1109 1
1108 1194 1
1108 130 1
1108 165 1
1108 270 1
1108 33 1
1108 357 1
1108 487 1
1109 112 1
111 112 1
111 185 1
111 223 1
111 224 1
111 519 1
111 84 1
1110 1024 1
1110 1071 1
1110 1503 1
1110 1903 1
1111 1063 1
1111 1122 1
1111 1141 1
1112 1113 1
1112 1364 1
1112 1763 1
1112 396 1
1112 741 1
1112 765 1
1113 396 1
1113 765 1
1114 1086 1
1115 1040 1
1116 1019 1
1116 1020 1
1116 1067 1
1117 1109 1
1117 127 1
1117 1546 1
1117 165 1
1117 173 1
1117 201 1
1117 545 1
1117 789 1
1118 1073 1
1118 1081 1
1118 1082 1
1118 160 1
1118 1674 1
1118 336 1
1119 497 1
112 140 1
112 149 1
112 150 1
112 1846 1
112 352 1
112 492 1
112 508 1
112 522 1
112 661 1
112 822 1
1120 163 1
1121 1122 1
1123 1031 1
1123 141 1
1123 1500 1
1123 1690 1
1123 88 1
1123 958 1
1124 1093 1
1124 958 1
1125 1031 1
1125 1093 1
1125 141 1
1125 1755 1
1125 87 1
1125 958 1
1126 1015 1
1126 654 1
1127 734 1
1128 1129 1
113 1028 1
113 103 1
113 120 1
113 128 1
113 1309 1
113 132 1
113 151 1
113 152 1
113 188 1
113 330 1
113 455 1
113 691 1
113 775 1
113 778 1
113 948 1
113 949 1
1130 109 1
1130 1107 1
1130 310 1
1130 339 1
1131 1308 1
1131 1645 1
1131 637 1
1132 1131 1
1132 285 1
1133 1043 1
1133 1069 1
1133 1126 1
1134 1039 1
1134 1044 1
1135 1038 1
1136 121 1
1138 496 1
1139 1140 1
114 101 1
114 130 1
114 152 1
114 156 1
114 168 1
114 41 1
114 45 1
114 712 1
114 713 1
1140 163 1
1141 1047 1
1141 1062 1
1141 1091 1
1141 183 1
1143 1137 1
1143 1144 1
1143 653 1
1144 1127 1
1146 1166 1
1146 1751 1
1146 1813 1
1146 2 1
1146 827 1
1147 1423 1
1147 1752 1
1147 396 1
1148 153 1
1148 314 1
1149 1148 1
1149 145 1
1149 42 1
1149 496 1
115 116 1
115 117 1
115 118 1
115 119 1
115 120 1
115 148 1
115 226 1
1150 1063 1
1151 1007 1
1151 1081 1
1151 1081 1
1151 1082 1
1151 1118 1
1151 1502 1
1151 1885 1
1151 1898 1
1151 710 1
1152 1153 1
1154 1019 1
1155 1045 1
1156 71 1
1157 1104 1
1157 1158 1
1157 216 1
1160 1057 1
1160 1241 1
1160 3 1
1160 42 1
1160 447 1
1160 637 1
1160 831 1
1162 1163 1
1162 289 1
1163 1851 1
1163 289 1
1163 449 1
1163 849 1
1163 968 1
1164 352 1
1165 792 1
1166 1054 1
1166 1246 1
1166 1247 1
1166 1248 1
1166 127 1
1166 357 1
1166 742 1
1167 1166 1
1167 1168 1
1167 1169 1
1167 1170 1
1167 1252 1
1167 1253 1
1167 1254 1
1167 2 1
1168 926 1
1169 251 1
1169 252 1
117 1351 1
117 1591 1
117 207 1
117 210 1
117 668 1
117 70 1
117 764 1
117 818 1
117 91 1
117 980 1
1170 1054 1
1170 1173 1
1170 303 1
1170 79 1
1172 1165 1
1173 1016 1
1173 1054 1
1173 1209 1
1173 127 1
1173 1620 1
1173 721 1
1173 883 1
1174 1580 1
1174 32 1
1174 79 1
1175 1176 1
1177 1057 1
1177 482 1
1177 586 1
1178 1057 1
1178 1242 1
1178 1243 1
1178 1245 1
1178 1372 1
1178 199 1
1178 229 1
1178 455 1
1178 487 1
1178 497 1
1178 503 1
1178 537 1
1178 573 1
1178 673 1
1178 818 1
1179 1180 1
1179 447 1
118 182 1
118 200 1
118 396 1
118 602 1
118 833 1
1180 1029 1
1180 1185 1
1180 1214 1
1180 1382 1
1180 1383 1
1180 1822 1
1180 448 1
1180 497 1
1181 1090 1
1181 1199 1
1181 1294 1
1181 874 1
1182 1145 1
1183 1108 1
1183 1184 1
1183 721 1
1183 742 1
1183 968 1
1184 1235 1
1184 803 1
1185 1029 1
1185 383 1
1186 1424 1
1186 1425 1
1186 144 1
1186 36 1
1186 913 1
1187 1146 1
1187 1209 1
1188 1189 1
1188 846 1
1189 813 1
119 175 1
119 179 1
1191 1192 1
1191 1312 1
1191 1455 1
1191 183 1
1191 287 1
1191 607 1
1192 1207 1
1193 747 1
1194 130 1
1194 1308 1
1194 256 1
1194 286 1
1194 33 1
1195 1174 1
1195 1685 1
1196 1216 1
1196 742 1
1196 79 1
1197 1184 1
1197 127 1
1197 2 1
1197 968 1
1199 1883 1
1199 477 1
1199 480 1
1199 691 1
1199 746 1
12 48 1
120 159 1
120 195 1
120 244 1
120 34 1
120 63 1
120 701 1
1200 112 1
1200 1201 1
1201 114 1
1201 1231 1
1202 211 1
1202 228 1
1202 330 1
1202 36 1
1202 931 1
1202 959 1
1202 98 1
1203 1204 1
1203 485 1
1204 1199 1
1205 1206 1
1206 1237 1
1207 1173 1
1207 1191 1
1209 1216 1
1209 79 1
1209 931 1
121 1085 1
121 1086 1
121 17 1
121 235 1
121 251 1
121 34 1
121 520 1
121 71 1
1210 1008 1
1210 1166 1
1210 252 1
1210 968 1
1211 1163 1
1211 1212 1
1212 1162 1
1212 1163 1
1213 1145 1
1213 1176 1
1214 1027 1
1214 1177 1
1214 1178 1
1214 1827 1
1214 478 1
1215 1234 1
1216 1168 1
1216 1169 1
1216 926 1
1217 1179 1
1217 1218 1
1217 260 1
122 123 1
122 124 1
122 189 1
122 317 1
122 403 1
122 525 1
122 940 1
1220 1171 1
1220 1185 1
1220 383 1
1220 574 1
1221 187 1
1222 1223 1
1224 1093 1
1224 1110 1
1224 1352 1
1224 1462 1
1224 1848 1
1224 222 1
1224 24 1
1224 673 1
1225 688 1
1226 112 1
1226 1183 1
1226 328 1
1226 328 1
1226 416 1
1226 423 1
1226 495 1
1226 646 1
1227 66 1
1228 1179 1
1228 1219 1
123 139 1
123 237 1
1230 1201 1
1231 1200 1
1231 1230 1
1232 1233 1
1232 194 1
1232 463 1
1234 393 1
1234 480 1
1235 2 1
1235 704 1
1236 1218 1
1237 1193 1
1237 1205 1
1238 1239 1
1238 720 1
1239 1601 1
124 1478 1
124 150 1
124 288 1
124 500 1
124 519 1
124 704 1
124 955 1
124 956 1
124 957 1
1240 1400 1
1240 409 1
1241 268 1
1241 3 1
1242 1536 1
1243 1244 1
1243 1245 1
1244 1380 1
1244 1395 1
1244 1728 1
1244 228 1
1244 500 1
1244 546 1
1244 931 1
1244 955 1
1245 1202 1
1245 1396 1
1245 199 1
1245 229 1
1245 357 1
1245 731 1
1246 1585 1
1246 1586 1
1246 654 1
1247 1624 1
1247 1625 1
1247 367 1
1248 1301 1
1248 608 1
1249 1250 1
1249 525 1
125 100 1
125 126 1
125 127 1
125 128 1
1250 240 1
1250 933 1
1251 242 1
1252 1398 1
1252 461 1
1253 1282 1
1254 1401 1
1254 1455 1
1255 142 1
1255 96 1
1256 1257 1
1256 507 1
1257 1268 1
1257 1597 1
1257 1738 1
1257 231 1
1257 803 1
1258 1259 1
1259 1414 1
1259 1610 1
126 1200 1
126 156 1
126 224 1
126 269 1
126 477 1
126 522 1
126 7 1
126 716 1
126 733 1
1260 1261 1
1261 1777 1
1261 671 1
1262 258 1
1262 465 1
1262 714 1
1263 1264 1
1263 1265 1
1264 1146 1
1264 1582 1
1265 1270 1
1265 1422 1
1266 1771 1
1268 1269 1
1268 798 1
127 101 1
127 1054 1
127 1108 1
127 1183 1
127 1196 1
127 130 1
127 1403 1
127 156 1
127 250 1
127 41 1
127 712 1
127 713 1
127 84 1
127 883 1
1270 1263 1
1270 1264 1
1270 1271 1
1271 1281 1
1271 256 1
1272 1273 1
1272 1274 1
1272 885 1
1273 1521 1
1273 703 1
1274 1633 1
1275 1276 1
1275 1277 1
1276 1277 1
1276 1326 1
1277 1319 1
1277 1539 1
1278 1495 1
1278 1496 1
1278 516 1
1278 747 1
1279 1280 1
1279 275 1
128 102 1
128 114 1
128 167 1
128 40 1
128 668 1
128 669 1
1281 1191 1
1281 1263 1
1282 67 1
1283 1284 1
1283 1285 1
1283 1286 1
1283 1823 1
1283 79 1
1283 901 1
1284 1459 1
1285 1357 1
1285 1424 1
1285 92 1
1286 1773 1
1287 1238 1
1287 1288 1
1287 453 1
1288 1239 1
1288 1456 1
1288 1471 1
1289 1178 1
1289 1241 1
1289 1891 1
129 130 1
129 328 1
129 39 1
129 424 1
129 425 1
129 44 1
129 733 1
1290 1291 1
1291 1395 1
1291 1627 1
1292 1293 1
1293 1565 1
1293 191 1
1294 1160 1
1294 124 1
1294 3 1
1294 45 1
1294 455 1
1294 637 1
1295 1248 1
1295 1256 1
1295 1296 1
1295 1297 1
1297 1494 1
1298 1036 1
1298 1825 1
1298 1826 1
1298 214 1
1299 1300 1
1299 1301 1
1299 1302 1
1299 763 1
1299 882 1
13 14 1
13 14 1
13 14 1
13 188 1
13 211 1
13 275 1
13 280 1
13 280 1
13 461 1
13 503 1
13 801 1
13 98 1
130 101 1
130 1117 1
130 126 1
130 126 1
130 128 1
130 1308 1
130 132 1
130 147 1
130 152 1
130 156 1
130 251 1
130 256 1
130 33 1
130 41 1
130 41 1
130 54 1
130 643 1
130 712 1
130 713 1
130 789 1
130 84 1
130 9 1
130 98 1
1300 1517 1
1301 1178 1
1301 1551 1
1302 1167 1
1302 1279 1
1302 1283 1
1302 1823 1
1302 238 1
1302 901 1
1303 1526 1
1304 1658 1
1304 425 1
1305 1306 1
1306 736 1
1306 860 1
1306 885 1
1307 1308 1
1307 1395 1
1307 1808 1
1307 450 1
1307 659 1
1307 862 1
1308 1108 1
1308 1202 1
1308 1252 1
1308 14 1
1308 1495 1
1308 1689 1
1308 1728 1
1308 200 1
1308 256 1
1308 455 1
1308 560 1
1308 659 1
1308 659 1
1308 705 1
1309 1304 1
1309 421 1
131 234 1
131 49 1
131 75 1
1310 1284 1
1310 1482 1
1310 1786 1
1310 237 1
1311 1265 1
1311 1312 1
1311 1313 1
1311 703 1
1314 124 1
1314 1460 1
1314 1493 1
1314 646 1
1315 1316 1
1315 1317 1
1315 1318 1
1315 1319 1
1315 1320 1
1315 1321 1
1318 1317 1
1318 1643 1
1318 1692 1
132 1202 1
132 139 1
132 211 1
132 269 1
132 324 1
132 44 1
132 465 1
132 467 1
132 495 1
132 659 1
132 817 1
132 978 1
1320 1316 1
1320 1692 1
1321 1642 1
1321 1800 1
1322 1356 1
1322 1358 1
1323 1324 1
1323 133 1
1323 174 1
1323 451 1
1324 1271 1
1324 1281 1
1324 1404 1
1325 1317 1
1327 121 1
1327 1328 1
1329 1330 1
133 134 1
133 135 1
133 136 1
133 138 1
133 61 1
1331 318 1
1331 538 1
1331 863 1
1332 1333 1
1332 1334 1
1333 1191 1
1333 1311 1
1333 1674 1
1333 1880 1
1333 24 1
1333 777 1
1335 525 1
1336 1337 1
1336 1338 1
1337 1411 1
1337 1412 1
1337 1688 1
1337 1710 1
1338 1605 1
1338 788 1
1339 1277 1
1339 1340 1
1340 1275 1
1340 1319 1
1341 1342 1
1342 1598 1
1342 1613 1
1343 1344 1
1343 1345 1
1343 955 1
1344 1036 1
1344 1430 1
1345 1618 1
1345 1623 1
1346 1347 1
1346 179 1
1346 1828 1
1346 1829 1
1346 908 1
1348 473 1
1348 633 1
1349 1350 1
135 175 1
135 233 1
135 32 1
1350 1371 1
1351 1031 1
1351 1352 1
1352 1469 1
1353 1354 1
1354 1589 1
1354 1590 1
1355 1356 1
1356 1733 1
1358 1359 1
1358 1360 1
1358 1361 1
1359 1524 1
1359 409 1
136 195 1
1361 1360 1
1361 608 1
1362 1363 1
1363 1088 1
1363 1151 1
1363 1224 1
1363 1674 1
1365 1366 1
1365 144 1
1366 1528 1
1367 1368 1
1368 1806 1
1368 1807 1
1369 1290 1
137 138 1
1370 1371 1
1370 1372 1
1370 1373 1
1370 1374 1
1371 1372 1
1371 1374 1
1371 1444 1
1372 1251 1
1372 1289 1
1372 1444 1
1372 356 1
1373 1260 1
1373 1543 1
1373 1544 1
1375 1146 1
1375 1263 1
1375 1332 1
1376 1377 1
1377 1602 1
1377 173 1
1378 1195 1
1378 1379 1
1379 1712 1
138 1192 1
138 36 1
138 824 1
138 913 1
1380 1298 1
1380 1381 1
1380 583 1
1381 1243 1
1381 1458 1
1381 1597 1
1381 450 1
1382 516 1
1382 574 1
1383 1382 1
1383 448 1
1383 574 1
1384 1385 1
1384 874 1
1385 1497 1
1385 1551 1
1385 1593 1
1385 1594 1
1385 1595 1
1387 1388 1
1387 601 1
1388 1090 1
1389 1390 1
139 140 1
139 147 1
139 1527 1
139 621 1
1391 1344 1
1391 1345 1
1391 1392 1
1391 1393 1
1392 1305 1
1392 1467 1
1392 1468 1
1393 1036 1
1393 1430 1
1393 1599 1
1394 1376 1
1394 1395 1
1395 1146 1
1395 1558 1
1395 955 1
1396 1244 1
1396 384 1
1397 1396 1
1397 546 1
1397 803 1
1397 955 1
1398 1262 1
1398 1443 1
1398 1520 1
1399 1035 1
1399 453 1
14 1160 1
14 1178 1
14 1245 1
14 13 1
14 13 1
14 207 1
14 257 1
14 280 1
14 280 1
14 455 1
14 53 1
14 537 1
14 637 1
14 731 1
140 111 1
140 1180 1
140 131 1
140 203 1
140 285 1
140 412 1
140 421 1
140 423 1
140 502 1
140 581 1
140 582 1
140 74 1
140 842 1
140 851 1
140 852 1
1400 588 1
1401 1402 1
1401 1403 1
1401 228 1
1401 731 1
1403 1546 1
1403 436 1
1406 1537 1
1407 1620 1
1408 1365 1
1408 258 1
1409 1336 1
1409 1410 1
1409 1411 1
1409 1412 1
1409 993 1
141 1031 1
141 1093 1
141 142 1
141 143 1
141 144 1
141 88 1
1410 1338 1
1410 1462 1
1410 1463 1
1412 1411 1
1412 788 1
1413 1414 1
1414 1520 1
1415 1568 1
1415 1693 1
1415 1878 1
1415 1891 1
1415 685 1
1416 92 1
1417 1344 1
1417 1391 1
1417 1418 1
1417 960 1
1418 1343 1
1418 1400 1
1418 1623 1
1418 849 1
1418 959 1
1419 1420 1
142 1469 1
142 1698 1
142 225 1
142 36 1
142 43 1
142 668 1
142 818 1
142 87 1
142 91 1
142 96 1
1420 1434 1
1421 1422 1
1421 1423 1
1422 1423 1
1422 256 1
1423 1648 1
1423 451 1
1424 144 1
1424 446 1
1424 85 1
1424 913 1
1425 111 1
1425 1295 1
1425 160 1
1425 763 1
1426 1427 1
1426 36 1
1426 482 1
1426 880 1
1427 1464 1
1427 195 1
1427 686 1
1428 1429 1
143 108 1
143 142 1
143 151 1
143 173 1
143 339 1
143 535 1
143 57 1
143 59 1
143 680 1
143 810 1
1430 1418 1
1430 1621 1
1430 1680 1
1430 1681 1
1430 203 1
1430 296 1
1430 92 1
1431 1481 1
1431 1723 1
1432 370 1
1433 1434 1
1434 992 1
1435 1436 1
1437 1438 1
1437 484 1
1438 32 1
1439 1440 1
1439 1441 1
144 142 1
144 1718 1
1440 468 1
1440 959 1
1441 183 1
1441 92 1
1443 1554 1
1443 238 1
1444 1374 1
1444 1486 1
1444 1487 1
1444 1488 1
1444 1489 1
1446 1447 1
1447 1151 1
1447 1504 1
1448 1449 1
1448 772 1
1449 731 1
145 1098 1
145 146 1
145 1853 1
145 397 1
1450 1361 1
1450 1451 1
1451 1254 1
1451 1327 1
1452 1238 1
1452 182 1
1452 448 1
1453 1454 1
1454 212 1
1455 1379 1
1455 1724 1
1455 1797 1
1455 224 1
1456 1457 1
1457 1224 1
1458 1244 1
1458 1626 1
146 1054 1
146 1072 1
146 1112 1
146 1113 1
146 1210 1
146 127 1
146 191 1
1460 1461 1
1461 124 1
1461 1533 1
1461 1581 1
1462 710 1
1463 1411 1
1463 1436 1
1464 1302 1
1464 36 1
1465 570 1
1466 1245 1
1466 1426 1
1466 902 1
1467 1479 1
1467 1753 1
1467 595 1
1468 1530 1
1468 155 1
1468 897 1
1469 1351 1
1469 764 1
147 148 1
147 152 1
147 1545 1
147 373 1
147 477 1
147 53 1
1470 1471 1
1470 1472 1
1470 1473 1
1470 182 1
1470 453 1
1471 1352 1
1471 1363 1
1472 1287 1
1472 1399 1
1472 1471 1
1472 720 1
1473 1601 1
1473 1745 1
1473 1750 1
1473 925 1
1474 1475 1
1475 1279 1
1475 1661 1
1476 1025 1
1476 1333 1
1476 1714 1
1476 1898 1
1476 356 1
1477 1478 1
1477 459 1
1478 1370 1
1478 1374 1
1479 1272 1
1479 1393 1
1479 1480 1
1479 1481 1
1479 1811 1
1479 451 1
148 1722 1
148 45 1
148 46 1
148 496 1
148 687 1
148 773 1
148 784 1
148 789 1
148 799 1
148 83 1
148 903 1
1480 92 1
1481 1298 1
1481 1598 1
1481 885 1
1482 1248 1
1483 1454 1
1483 1484 1
1485 238 1
1486 1371 1
1486 1478 1
1488 1371 1
1488 1374 1
1488 1515 1
1488 1644 1
1489 1372 1
1489 1372 1
1489 1553 1
1489 1909 1
1489 356 1
149 1381 1
149 1530 1
1490 1729 1
1490 849 1
1492 1400 1
1493 1009 1
1493 646 1
1494 1253 1
1494 1258 1
1494 1528 1
1494 1616 1
1494 1617 1
1495 1728 1
1495 673 1
1495 89 1
1496 1495 1
1496 1754 1
1496 808 1
1497 1304 1
1497 737 1
1497 824 1
1498 1331 1
1498 538 1
1498 577 1
1498 863 1
1499 1500 1
1499 1501 1
15 1266 1
15 1267 1
15 16 1
150 1791 1
150 1889 1
1500 1501 1
1500 1563 1
1500 1614 1
1500 1615 1
1501 1584 1
1502 1409 1
1502 1503 1
1503 1446 1
1503 1587 1
1504 1502 1
1504 1587 1
1505 1178 1
1505 1506 1
1505 98 1
1506 264 1
1506 955 1
1507 1508 1
1509 1510 1
1509 1511 1
151 184 1
151 381 1
151 382 1
151 881 1
1510 1388 1
1511 1090 1
1511 1510 1
1512 1261 1
1512 1513 1
1512 1514 1
1514 1349 1
1514 1350 1
1514 1737 1
1515 1444 1
1515 1516 1
1517 717 1
1518 1166 1
1518 1280 1
1518 1464 1
1519 1363 1
152 101 1
152 126 1
152 129 1
152 130 1
152 184 1
152 373 1
152 41 1
152 41 1
152 668 1
152 712 1
152 713 1
152 84 1
152 9 1
1520 467 1
1520 664 1
1521 1639 1
1521 1641 1
1522 1523 1
1523 330 1
1523 47 1
1524 1532 1
1525 1309 1
1525 1890 1
1525 252 1
1525 961 1
1526 195 1
1526 719 1
1527 1284 1
1527 1528 1
1527 586 1
1528 1285 1
1528 662 1
1529 1328 1
1529 1403 1
1529 872 1
153 1099 1
153 111 1
153 115 1
153 313 1
153 354 1
1530 1391 1
1530 1466 1
1530 500 1
1531 1339 1
1531 1354 1
1531 1532 1
1532 1557 1
1533 1314 1
1533 1355 1
1533 1579 1
1533 1810 1
1533 459 1
1534 1260 1
1534 1389 1
1535 1146 1
1536 1537 1
1536 793 1
1537 1572 1
1537 516 1
1537 6 1
1537 793 1
1537 818 1
1537 89 1
1538 1399 1
1538 1406 1
1538 815 1
1538 833 1
1539 1319 1
154 155 1
1540 1056 1
1540 1541 1
1540 1542 1
1542 1638 1
1542 1748 1
1543 1261 1
1543 1512 1
1544 1487 1
1545 1258 1
1545 1451 1
1545 1666 1
1546 1256 1
1546 1297 1
1546 654 1
1547 1548 1
1547 1549 1
1547 1550 1
1548 1592 1
1549 1592 1
1549 514 1
155 124 1
155 1418 1
155 201 1
155 207 1
155 931 1
1550 1548 1
1550 1549 1
1551 1384 1
1551 1474 1
1551 574 1
1552 1477 1
1552 1478 1
1552 1553 1
1553 1515 1
1554 1095 1
1555 1095 1
1555 1299 1
1555 1556 1
1555 482 1
1557 1360 1
1557 1524 1
1558 1386 1
1559 1560 1
156 101 1
156 101 1
156 128 1
156 130 1
156 130 1
156 152 1
156 152 1
156 1571 1
156 41 1
156 7 1
156 712 1
156 713 1
156 83 1
156 84 1
156 85 1
156 85 1
156 9 1
1560 15 1
1560 1670 1
1561 1 1
1562 1066 1
1563 1125 1
1563 1483 1
1564 1559 1
1566 258 1
1566 560 1
1568 1151 1
1568 1314 1
1568 1476 1
1568 1493 1
1568 1674 1
1568 1898 1
1569 1570 1
157 158 1
157 159 1
157 159 1
157 185 1
157 302 1
157 337 1
1571 1448 1
1571 260 1
1572 1238 1
1572 1399 1
1572 448 1
1572 815 1
1572 833 1
1573 1574 1
1575 1576 1
1576 1692 1
1577 117 1
1577 1457 1
1578 1007 1
1578 1240 1
1578 1289 1
1578 1322 1
1578 1842 1
1578 1879 1
1578 1892 1
1578 24 1
1578 299 1
1578 987 1
1579 1342 1
1579 1479 1
1579 1814 1
158 159 1
158 164 1
158 165 1
1580 1259 1
1581 1025 1
1581 1314 1
1581 1362 1
1581 1810 1
1581 931 1
1582 1265 1
1582 1270 1
1582 1583 1
1584 927 1
1585 1712 1
1585 370 1
1585 719 1
1586 1296 1
1586 1310 1
1586 1555 1
1587 1224 1
1587 160 1
1588 1151 1
1588 1178 1
1589 1276 1
1589 1319 1
1589 1340 1
1589 1539 1
1589 1899 1
1589 549 1
159 17 1
159 185 1
159 186 1
159 301 1
159 302 1
159 302 1
159 334 1
1590 1353 1
1591 1577 1
1591 166 1
1591 1765 1
1592 1104 1
1592 1547 1
1594 1449 1
1594 1683 1
1594 874 1
1595 778 1
1596 1123 1
1596 1224 1
1596 1347 1
1597 1036 1
1597 1244 1
1597 1327 1
1597 1505 1
1597 440 1
1597 456 1
1597 662 1
1598 1599 1
1598 883 1
1599 1490 1
160 1578 1
160 1581 1
160 161 1
160 162 1
160 1885 1
160 1893 1
160 24 1
160 256 1
160 500 1
160 654 1
160 714 1
160 788 1
160 873 1
1600 1562 1
1600 960 1
1601 1457 1
1601 1577 1
1601 1790 1
1602 1603 1
1603 1290 1
1603 1386 1
1603 1558 1
1603 1662 1
1604 1605 1
1605 1412 1
1605 1446 1
1606 133 1
1606 138 1
1606 612 1
1606 706 1
1607 1253 1
1607 1608 1
1607 383 1
1608 260 1
1609 1341 1
161 336 1
161 362 1
161 935 1
1611 1333 1
1611 1404 1
1611 1752 1
1612 1613 1
1613 1479 1
1613 1599 1
1614 1615 1
1617 144 1
1617 1450 1
1617 165 1
1618 1036 1
1618 1396 1
1618 1619 1
1619 1391 1
1619 1458 1
1619 1480 1
1619 1774 1
162 42 1
1620 1678 1
1620 519 1
1620 874 1
1621 1416 1
1621 1530 1
1621 1622 1
1621 1623 1
1621 897 1
1622 1481 1
1622 483 1
1623 1622 1
1625 1407 1
1626 1306 1
1626 1619 1
1628 1629 1
163 1847 1
163 734 1
1630 1403 1
1630 1631 1
1630 824 1
1630 874 1
1631 1620 1
1631 728 1
1632 1093 1
1632 1409 1
1632 1446 1
1633 1066 1
1634 1297 1
1634 1635 1
1635 1257 1
1636 1308 1
1636 1637 1
1636 560 1
1637 1108 1
1637 560 1
1637 659 1
1637 673 1
1638 1511 1
1638 1540 1
1638 1541 1
164 157 1
164 185 1
164 186 1
164 202 1
164 300 1
164 536 1
164 764 1
1641 1273 1
1642 1643 1
1643 1743 1
1643 1744 1
1644 1477 1
1644 1645 1
1645 126 1
1645 1578 1
1645 1871 1
1645 1909 1
1646 1647 1
1648 1313 1
1648 61 1
1649 507 1
165 1196 1
165 1210 1
165 157 1
165 164 1
165 224 1
165 334 1
165 456 1
165 477 1
165 648 1
165 789 1
165 880 1
165 973 1
1650 1566 1
1650 370 1
1651 1606 1
1651 1652 1
1651 1653 1
1651 1654 1
1652 1264 1
1652 1313 1
1652 706 1
1653 1652 1
1653 1654 1
1653 188 1
1654 451 1
1655 1291 1
1655 1656 1
1657 1523 1
1657 47 1
1658 1711 1
1658 288 1
1658 716 1
1659 1355 1
1659 148 1
166 109 1
166 1346 1
166 141 1
166 142 1
166 144 1
166 179 1
166 1829 1
166 3 1
166 305 1
166 307 1
166 345 1
166 346 1
166 680 1
166 818 1
166 87 1
166 88 1
166 908 1
1660 1661 1
1661 1727 1
1663 1007 1
1664 1434 1
1665 1621 1
1665 860 1
1666 1302 1
1666 1475 1
1668 1669 1
167 129 1
167 168 1
1671 1451 1
1671 1672 1
1671 1673 1
1674 1362 1
1674 1476 1
1674 1588 1
1674 24 1
1674 673 1
1675 1676 1
1675 1677 1
1675 1678 1
1676 1166 1
1676 461 1
1676 85 1
1677 1248 1
1677 1566 1
1677 461 1
1677 519 1
1677 556 1
1677 643 1
1677 968 1
1678 1167 1
1678 736 1
1679 1431 1
168 102 1
168 125 1
168 46 1
1680 1681 1
1680 1682 1
1681 1682 1
1681 612 1
1682 203 1
1682 296 1
1683 1566 1
1683 1585 1
1684 1104 1
1684 1547 1
1684 1548 1
1684 1550 1
1685 1259 1
1685 201 1
1685 864 1
1686 1446 1
1686 1502 1
1686 1604 1
1687 1688 1
1688 1495 1
1688 1732 1
169 123 1
1691 1365 1
1691 1494 1
1692 1275 1
1692 1325 1
1694 1317 1
1695 160 1
1695 1696 1
1695 507 1
1696 1256 1
1696 1793 1
1697 1370 1
1697 1373 1
1699 1349 1
1699 1700 1
17 18 1
17 300 1
17 301 1
17 302 1
170 171 1
1700 1553 1
1700 24 1
1701 1286 1
1701 458 1
1702 1462 1
1703 1704 1
1704 1367 1
1704 1757 1
1705 1298 1
1705 1341 1
1705 879 1
1706 1678 1
1706 385 1
1707 1708 1
1708 1560 1
1708 1740 1
171 106 1
171 12 1
171 222 1
171 33 1
171 51 1
171 79 1
1710 1411 1
1710 1435 1
1711 1246 1
1713 1352 1
1713 1483 1
1714 1024 1
1714 1151 1
1714 1604 1
1715 1276 1
1715 1317 1
1715 1340 1
1716 542 1
1717 1718 1
1719 933 1
172 1104 1
172 1529 1
172 1597 1
172 23 1
172 5 1
172 91 1
1720 1317 1
1720 1354 1
1720 1590 1
1720 1721 1
1721 1353 1
1721 1354 1
1722 1355 1
1723 1342 1
1723 1623 1
1725 1224 1
1726 1410 1
1726 1447 1
1727 1738 1
1728 1202 1
1728 1397 1
1728 1645 1
1728 1885 1
1728 637 1
1728 673 1
1728 798 1
1728 931 1
1729 1032 1
1729 1598 1
1729 1599 1
173 108 1
173 142 1
173 143 1
173 151 1
173 212 1
173 339 1
173 57 1
173 59 1
173 59 1
173 702 1
173 703 1
173 810 1
173 855 1
173 87 1
173 907 1
173 96 1
1730 1495 1
1730 1731 1
1732 1411 1
1732 1730 1
1732 1734 1
1733 1722 1
1734 1587 1
1735 1675 1
1735 1709 1
1736 1436 1
1736 1688 1
1739 1482 1
1739 795 1
174 104 1
174 115 1
174 175 1
174 176 1
174 177 1
174 178 1
1740 1394 1
1740 1669 1
1741 1742 1
1745 1614 1
1746 1265 1
1746 1747 1
1747 1147 1
1747 1313 1
1747 1324 1
1747 1648 1
1749 1296 1
1749 1546 1
175 115 1
175 179 1
175 180 1
1750 1456 1
1750 1457 1
1750 1469 1
1750 1471 1
1751 1263 1
1752 1652 1
1752 1653 1
1753 1609 1
1753 1723 1
1754 1457 1
1754 448 1
1754 720 1
1754 89 1
1755 1779 1
1756 1434 1
1758 1376 1
1758 1759 1
176 16 1
176 50 1
1760 1146 1
1760 1716 1
1761 1380 1
1761 1622 1
1762 1387 1
1764 1723 1
1765 1745 1
1765 764 1
1766 1767 1
1768 1763 1
1769 1624 1
1769 1770 1
177 104 1
177 12 1
177 131 1
177 52 1
1770 1717 1
1772 1298 1
1772 1363 1
1772 1473 1
1772 1601 1
1772 1745 1
1772 1825 1
1772 214 1
1772 764 1
1772 958 1
1774 1381 1
1774 1480 1
1774 1579 1
1774 1812 1
1775 1437 1
1776 1464 1
1776 1555 1
1776 207 1
1778 1271 1
1778 1281 1
1778 1312 1
1778 1583 1
178 1012 1
178 32 1
178 357 1
1780 1491 1
1780 736 1
1781 172 1
1781 872 1
1782 574 1
1783 595 1
1784 992 1
1785 1532 1
1786 1174 1
1786 1529 1
1786 1595 1
1787 1389 1
1788 1389 1
1788 1514 1
1789 124 1
1789 160 1
179 1028 1
179 50 1
179 59 1
179 75 1
179 907 1
179 908 1
1790 1457 1
1790 1470 1
1791 124 1
1791 1432 1
1791 1916 1
1791 706 1
1791 959 1
1793 1678 1
1794 1104 1
1794 1607 1
1795 1796 1
1798 1009 1
18 170 1
18 48 1
18 49 1
180 119 1
180 135 1
180 176 1
180 179 1
180 18 1
180 197 1
180 241 1
180 281 1
180 396 1
1801 1473 1
1801 453 1
1801 958 1
1802 310 1
1803 1727 1
1804 1756 1
1804 1784 1
1805 1281 1
1805 1778 1
1806 1479 1
1808 595 1
1809 955 1
181 118 1
181 124 1
181 182 1
181 54 1
181 819 1
1810 1461 1
1810 459 1
1810 931 1
1810 955 1
1811 1814 1
1812 1813 1
1813 1814 1
1814 1146 1
1814 1355 1
1814 1815 1
1815 1395 1
1815 1533 1
1815 1809 1
1816 1579 1
1816 1774 1
1818 686 1
1819 1578 1
1819 252 1
1819 356 1
182 1456 1
182 1601 1
182 183 1
182 227 1
182 228 1
182 229 1
182 602 1
1820 1821 1
1820 771 1
1821 1830 1
1821 1831 1
1821 649 1
1822 1214 1
1822 480 1
1822 691 1
1823 200 1
1823 436 1
1823 79 1
1823 901 1
1824 1398 1
1824 231 1
1825 1835 1
1825 214 1
1825 939 1
1826 1825 1
1826 1835 1
1826 939 1
1827 1180 1
1827 1199 1
1827 446 1
1827 478 1
1827 480 1
1828 166 1
1828 1836 1
1828 680 1
1828 907 1
1829 1828 1
1829 1836 1
1829 59 1
1829 907 1
1829 908 1
183 1065 1
183 1070 1
183 254 1
183 47 1
183 724 1
183 913 1
1830 1820 1
1830 1831 1
1830 649 1
1831 1820 1
1831 701 1
1832 1833 1
1834 1346 1
1834 179 1
1834 1829 1
1834 59 1
1835 1772 1
1836 1346 1
1836 179 1
1836 1834 1
1836 680 1
1837 312 1
1838 1578 1
1838 1819 1
1838 252 1
1838 356 1
1839 1149 1
1839 1853 1
184 168 1
184 250 1
184 432 1
184 539 1
184 8 1
1840 1841 1
1840 194 1
1840 283 1
1841 1232 1
1841 1862 1
1842 1819 1
1842 1838 1
1842 333 1
1843 714 1
1844 818 1
1844 96 1
1845 654 1
1846 1103 1
1846 1143 1
1846 126 1
1846 456 1
1846 519 1
1847 1818 1
1848 1887 1
1848 222 1
1848 24 1
1848 372 1
1848 783 1
1849 1398 1
1849 1864 1
1849 1869 1
185 1525 1
185 158 1
185 159 1
185 1608 1
185 165 1
185 208 1
185 264 1
185 519 1
185 808 1
1852 520 1
1853 470 1
1855 1856 1
1856 1868 1
1856 976 1
1858 1859 1
1859 1866 1
1859 1867 1
186 157 1
186 165 1
186 185 1
186 281 1
186 700 1
186 861 1
1860 1840 1
1860 1862 1
1860 825 1
1861 686 1
1862 1840 1
1862 283 1
1863 1857 1
1863 976 1
1864 1845 1
1865 1188 1
1865 846 1
1867 1398 1
1867 1555 1
1867 874 1
1869 1855 1
1869 1866 1
1869 187 1
1869 654 1
187 1857 1
187 188 1
187 231 1
187 470 1
187 54 1
1870 1398 1
1870 1858 1
1870 1859 1
1871 1131 1
1871 659 1
1872 1873 1
1872 1874 1
1872 685 1
1874 1877 1
1875 1199 1
1876 1415 1
1877 1878 1
1878 1906 1
1879 1645 1
188 113 1
188 135 1
188 138 1
188 14 1
188 197 1
188 200 1
188 237 1
188 237 1
188 257 1
188 384 1
188 462 1
188 519 1
188 687 1
188 728 1
188 798 1
188 829 1
1880 1489 1
1880 1892 1
1880 24 1
1881 373 1
1882 1289 1
1882 372 1
1883 1827 1
1883 1875 1
1883 691 1
1884 126 1
1885 1886 1
1886 1888 1
1886 710 1
1886 777 1
1887 1913 1
1889 124 1
1889 704 1
1889 706 1
1889 736 1
189 1335 1
189 190 1
189 32 1
189 402 1
1890 185 1
1890 235 1
1890 264 1
1891 160 1
1892 1025 1
1892 1495 1
1892 1882 1
1892 242 1
1894 1895 1
1896 1372 1
1896 1476 1
1896 1897 1
1897 1885 1
1897 1904 1
1897 1919 1
1898 160 1
1898 1891 1
1898 1899 1
1899 1903 1
19 20 1
19 21 1
19 22 1
19 7 1
19 8 1
190 18 1
190 193 1
190 270 1
190 411 1
190 412 1
190 490 1
190 545 1
190 828 1
1900 161 1
1901 1902 1
1902 1895 1
1902 1918 1
1903 1848 1
1903 1900 1
1904 1872 1
1904 1905 1
1905 1415 1
1907 92 1
1908 1874 1
191 1466 1
191 686 1
1910 1461 1
1910 1581 1
1911 775 1
1912 1900 1
1913 1894 1
1914 1117 1
1914 725 1
1915 1903 1
1916 124 1
1916 882 1
1917 1918 1
1919 1848 1
1919 1886 1
1919 1896 1
1919 1915 1
1919 1920 1
192 193 1
192 495 1
1920 1901 1
1920 1922 1
1924 1846 1
1924 53 1
193 534 1
193 56 1
193 74 1
194 138 1
194 1860 1
194 283 1
194 837 1
194 850 1
195 1167 1
195 1292 1
195 196 1
195 197 1
195 198 1
195 207 1
195 913 1
196 117 1
196 174 1
196 178 1
197 244 1
197 263 1
197 396 1
198 48 1
198 64 1
198 912 1
199 1506 1
199 180 1
199 253 1
199 384 1
199 77 1
199 93 1
2 1117 1
2 1166 1
2 3 1
2 303 1
2 926 1
20 156 1
20 167 1
20 184 1
200 1108 1
200 1194 1
200 130 1
200 1302 1
200 153 1
200 171 1
200 285 1
200 33 1
200 33 1
200 418 1
200 419 1
200 54 1
200 79 1
200 79 1
200 901 1
201 140 1
201 1440 1
201 1649 1
201 1650 1
201 202 1
202 1163 1
202 1846 1
202 246 1
202 262 1
202 263 1
202 416 1
202 522 1
202 61 1
202 681 1
202 741 1
202 968 1
203 1680 1
203 612 1
203 999 1
204 196 1
204 205 1
205 268 1
205 450 1
205 451 1
205 579 1
205 588 1
206 70 1
207 104 1
207 132 1
207 183 1
207 211 1
207 232 1
207 254 1
207 330 1
207 36 1
207 579 1
207 62 1
207 731 1
207 773 1
207 98 1
208 159 1
208 164 1
208 165 1
209 210 1
21 102 1
21 115 1
21 129 1
21 142 1
21 279 1
21 344 1
21 366 1
21 531 1
21 851 1
21 999 1
210 241 1
210 70 1
211 1027 1
211 1245 1
211 132 1
211 188 1
211 228 1
211 28 1
211 330 1
211 371 1
211 455 1
211 659 1
211 98 1
212 108 1
212 110 1
212 1501 1
212 57 1
213 139 1
214 1826 1
214 1835 1
214 224 1
214 38 1
215 216 1
216 1085 1
216 199 1
216 251 1
217 40 1
217 80 1
218 193 1
218 219 1
218 598 1
22 20 1
22 217 1
220 221 1
220 222 1
222 107 1
222 195 1
222 26 1
223 1283 1
223 1302 1
223 156 1
223 200 1
223 436 1
223 51 1
223 84 1
224 1283 1
224 1365 1
224 202 1
224 22 1
224 373 1
224 412 1
224 560 1
224 80 1
224 92 1
225 166 1
225 88 1
226 1062 1
226 1111 1
226 1173 1
226 1191 1
226 286 1
226 456 1
226 48 1
226 62 1
226 872 1
226 883 1
226 973 1
227 1148 1
227 1167 1
227 251 1
227 258 1
227 357 1
227 42 1
227 556 1
227 557 1
227 873 1
228 1728 1
228 177 1
228 207 1
228 211 1
228 29 1
228 35 1
228 371 1
228 383 1
228 458 1
228 486 1
228 500 1
228 507 1
228 537 1
228 705 1
228 92 1
229 232 1
229 257 1
229 277 1
229 278 1
229 36 1
229 62 1
23 1 1
23 2 1
23 3 1
230 231 1
230 232 1
231 160 1
231 1610 1
231 1863 1
231 1864 1
231 30 1
231 471 1
231 482 1
231 714 1
231 803 1
232 1186 1
232 1593 1
232 226 1
232 256 1
232 257 1
232 28 1
232 497 1
232 98 1
233 105 1
233 222 1
233 29 1
233 43 1
234 136 1
234 99 1
235 252 1
235 370 1
235 440 1
235 54 1
235 643 1
235 662 1
235 772 1
235 961 1
236 1 1
236 6 1
236 820 1
236 849 1
236 89 1
236 90 1
236 91 1
237 1683 1
237 227 1
237 229 1
237 231 1
237 256 1
237 64 1
237 801 1
237 85 1
237 880 1
237 902 1
238 147 1
238 1650 1
238 224 1
238 239 1
238 240 1
238 357 1
238 363 1
238 364 1
238 461 1
238 643 1
238 707 1
238 716 1
24 1118 1
24 1314 1
24 142 1
24 21 1
24 222 1
24 25 1
24 372 1
24 890 1
240 190 1
240 253 1
241 131 1
241 135 1
241 206 1
242 1477 1
242 149 1
242 155 1
242 160 1
243 32 1
243 51 1
244 241 1
244 274 1
245 35 1
245 70 1
246 247 1
246 460 1
246 549 1
246 583 1
247 160 1
247 231 1
248 189 1
248 249 1
248 410 1
248 537 1
248 61 1
248 610 1
25 30 1
25 316 1
25 922 1
25 93 1
250 148 1
250 44 1
251 1104 1
251 248 1
251 252 1
251 461 1
251 584 1
251 613 1
251 728 1
251 742 1
251 789 1
251 95 1
252 1146 1
252 1151 1
252 1196 1
252 1197 1
252 1578 1
252 1842 1
252 246 1
252 32 1
252 336 1
252 356 1
252 357 1
252 459 1
252 461 1
252 462 1
252 503 1
252 644 1
252 65 1
252 736 1
252 987 1
254 228 1
254 28 1
254 35 1
255 1581 1
255 174 1
255 197 1
255 569 1
256 1161 1
256 1651 1
256 1791 1
256 180 1
256 183 1
256 195 1
256 200 1
256 243 1
256 33 1
256 36 1
256 42 1
256 455 1
256 48 1
256 547 1
256 580 1
256 63 1
256 651 1
256 654 1
256 656 1
256 803 1
256 959 1
257 211 1
257 226 1
257 545 1
257 580 1
257 63 1
257 714 1
257 801 1
258 1252 1
258 21 1
258 224 1
258 432 1
258 731 1
258 857 1
258 872 1
259 198 1
26 27 1
260 1 1
260 1146 1
260 1218 1
260 1228 1
260 1229 1
260 154 1
260 1660 1
260 261 1
260 748 1
260 89 1
261 190 1
261 193 1
261 266 1
261 412 1
261 492 1
261 521 1
261 619 1
261 847 1
261 854 1
261 856 1
262 1529 1
262 1850 1
262 520 1
262 541 1
262 815 1
263 18 1
263 251 1
263 255 1
263 265 1
263 281 1
263 396 1
263 47 1
263 48 1
264 1178 1
264 1525 1
264 205 1
264 235 1
264 252 1
264 257 1
264 28 1
264 579 1
264 588 1
264 926 1
264 960 1
266 21 1
266 24 1
266 36 1
266 880 1
267 209 1
268 1754 1
269 101 1
269 125 1
269 127 1
269 130 1
269 152 1
269 156 1
269 373 1
269 40 1
269 712 1
27 107 1
27 222 1
270 1117 1
271 18 1
272 266 1
273 235 1
275 14 1
275 256 1
275 330 1
275 440 1
275 467 1
275 483 1
275 62 1
275 659 1
275 801 1
275 801 1
276 188 1
276 195 1
276 32 1
276 33 1
277 329 1
277 330 1
277 491 1
277 492 1
277 493 1
278 142 1
278 254 1
278 266 1
278 33 1
278 44 1
278 612 1
278 913 1
278 915 1
278 98 1
278 980 1
279 175 1
28 190 1
28 261 1
28 29 1
28 411 1
28 412 1
28 56 1
28 74 1
28 891 1
280 130 1
280 14 1
280 14 1
280 440 1
280 455 1
280 53 1
280 546 1
280 563 1
280 659 1
280 801 1
281 12 1
281 120 1
281 18 1
281 18 1
281 182 1
281 198 1
281 49 1
281 63 1
281 647 1
281 701 1
282 66 1
283 113 1
283 1841 1
283 1860 1
284 285 1
285 111 1
285 224 1
285 238 1
285 33 1
285 418 1
285 419 1
285 438 1
285 445 1
285 45 1
285 644 1
285 677 1
285 773 1
285 814 1
285 902 1
286 1192 1
286 1207 1
286 200 1
286 436 1
287 199 1
287 231 1
287 281 1
287 43 1
287 641 1
287 98 1
288 1292 1
288 1293 1
288 1555 1
289 1212 1
289 218 1
289 224 1
289 545 1
289 805 1
291 25 1
291 292 1
291 293 1
291 316 1
291 349 1
291 78 1
291 910 1
294 295 1
294 296 1
294 297 1
294 99 1
295 314 1
295 315 1
295 316 1
295 344 1
295 375 1
295 396 1
295 397 1
296 1680 1
296 1681 1
296 203 1
296 295 1
296 297 1
296 316 1
296 999 1
297 295 1
297 314 1
297 315 1
298 161 1
298 299 1
299 161 1
299 1838 1
299 252 1
299 333 1
299 362 1
3 1 1
3 1035 1
3 117 1
3 1181 1
3 1242 1
3 172 1
3 236 1
3 4 1
3 542 1
3 59 1
3 6 1
3 602 1
3 680 1
3 89 1
3 91 1
30 256 1
30 31 1
30 483 1
30 502 1
30 54 1
30 573 1
30 651 1
30 653 1
30 654 1
300 1407 1
300 1630 1
300 301 1
300 302 1
300 334 1
300 467 1
300 579 1
300 771 1
301 120 1
301 335 1
301 774 1
302 334 1
302 519 1
302 579 1
302 647 1
302 739 1
303 1173 1
303 1174 1
303 252 1
303 304 1
303 345 1
303 394 1
303 575 1
304 325 1
304 326 1
304 328 1
305 306 1
305 307 1
305 308 1
306 129 1
306 313 1
306 328 1
306 350 1
306 351 1
306 551 1
306 552 1
306 565 1
307 306 1
307 308 1
307 308 1
307 313 1
307 363 1
307 66 1
307 962 1
308 303 1
308 306 1
308 313 1
308 345 1
308 575 1
308 615 1
308 963 1
309 310 1
309 59 1
31 1131 1
31 1728 1
310 1 1
310 1097 1
310 181 1
310 361 1
310 453 1
310 58 1
310 59 1
310 59 1
310 6 1
310 6 1
310 793 1
310 818 1
310 819 1
311 312 1
311 313 1
312 311 1
312 513 1
312 629 1
313 166 1
313 305 1
313 311 1
313 345 1
313 347 1
313 348 1
313 589 1
314 294 1
314 315 1
314 316 1
314 47 1
314 496 1
314 99 1
315 294 1
315 344 1
315 349 1
315 99 1
316 294 1
316 349 1
316 349 1
316 909 1
316 922 1
316 93 1
316 942 1
317 401 1
317 402 1
317 403 1
317 61 1
318 1348 1
318 238 1
318 365 1
318 413 1
318 473 1
318 538 1
319 108 1
319 110 1
319 143 1
32 1357 1
32 164 1
32 172 1
32 33 1
32 34 1
32 35 1
32 36 1
32 37 1
32 468 1
32 61 1
32 884 1
32 897 1
32 898 1
32 899 1
320 317 1
320 321 1
321 317 1
321 395 1
321 399 1
321 61 1
322 277 1
322 330 1
322 621 1
322 952 1
322 973 1
323 330 1
323 352 1
323 865 1
324 132 1
324 277 1
324 302 1
324 323 1
324 352 1
324 579 1
324 647 1
324 785 1
325 303 1
325 326 1
325 327 1
325 328 1
326 303 1
326 327 1
326 353 1
326 354 1
326 559 1
327 353 1
328 112 1
328 1226 1
328 326 1
328 327 1
328 567 1
328 609 1
328 646 1
328 733 1
328 852 1
329 322 1
329 323 1
329 323 1
329 324 1
329 332 1
329 67 1
33 1308 1
33 200 1
33 42 1
33 43 1
33 468 1
33 773 1
33 79 1
33 900 1
33 901 1
33 902 1
330 1657 1
330 187 1
330 211 1
330 227 1
330 237 1
330 246 1
330 252 1
330 352 1
330 371 1
330 455 1
330 460 1
330 461 1
330 461 1
330 462 1
330 47 1
330 483 1
330 556 1
330 569 1
330 659 1
330 67 1
330 8 1
330 803 1
330 913 1
331 324 1
331 330 1
331 332 1
331 67 1
331 8 1
332 1178 1
332 1252 1
332 323 1
332 324 1
332 330 1
332 607 1
332 67 1
332 772 1
332 8 1
333 1578 1
333 298 1
333 299 1
333 356 1
334 157 1
334 159 1
334 165 1
334 185 1
334 335 1
334 477 1
334 508 1
334 739 1
334 973 1
335 159 1
335 17 1
335 301 1
335 302 1
335 735 1
336 1073 1
336 1088 1
336 298 1
336 333 1
336 645 1
336 65 1
336 667 1
336 753 1
337 159 1
337 17 1
337 300 1
337 301 1
337 302 1
337 335 1
337 338 1
337 514 1
337 515 1
337 678 1
337 715 1
338 301 1
338 302 1
338 335 1
338 357 1
339 1051 1
339 1060 1
339 1097 1
339 142 1
339 143 1
339 143 1
339 143 1
339 173 1
339 319 1
339 340 1
339 343 1
339 382 1
339 535 1
339 843 1
339 907 1
339 908 1
339 930 1
339 945 1
34 278 1
34 47 1
34 48 1
34 890 1
340 110 1
340 1429 1
340 143 1
340 1713 1
340 319 1
340 360 1
340 88 1
341 320 1
341 321 1
341 342 1
341 358 1
342 320 1
342 321 1
342 358 1
343 110 1
343 340 1
344 294 1
344 297 1
344 314 1
344 42 1
344 916 1
344 99 1
345 1854 1
345 305 1
345 307 1
345 308 1
345 346 1
345 353 1
346 306 1
346 308 1
346 313 1
346 351 1
347 313 1
347 348 1
348 313 1
348 347 1
349 25 1
349 294 1
349 296 1
349 314 1
349 344 1
349 910 1
349 942 1
35 12 1
35 163 1
350 166 1
350 305 1
350 345 1
350 346 1
351 305 1
351 313 1
352 1677 1
352 329 1
352 331 1
352 332 1
352 53 1
352 621 1
352 654 1
352 656 1
352 659 1
352 716 1
352 8 1
352 862 1
352 952 1
353 304 1
353 308 1
353 325 1
354 304 1
354 325 1
354 328 1
354 353 1
354 633 1
354 685 1
354 98 1
355 238 1
355 318 1
355 356 1
356 148 1
356 1581 1
356 1842 1
356 21 1
356 238 1
356 299 1
356 365 1
356 366 1
356 577 1
356 851 1
357 1008 1
357 115 1
357 1173 1
357 1174 1
357 1235 1
357 1466 1
357 476 1
357 693 1
357 707 1
357 716 1
358 317 1
358 320 1
358 321 1
358 488 1
359 360 1
359 58 1
359 59 1
36 1173 1
36 1194 1
36 1526 1
36 1658 1
36 188 1
36 207 1
36 24 1
36 441 1
36 573 1
36 579 1
36 686 1
36 728 1
36 775 1
36 776 1
36 883 1
36 919 1
360 108 1
360 1288 1
360 166 1
360 309 1
360 690 1
360 691 1
360 720 1
360 87 1
361 309 1
361 359 1
361 523 1
361 670 1
361 87 1
362 252 1
362 333 1
362 336 1
362 65 1
363 308 1
363 318 1
363 355 1
363 356 1
363 365 1
363 962 1
363 963 1
364 318 1
364 355 1
365 238 1
365 248 1
365 355 1
365 364 1
366 355 1
367 368 1
369 370 1
369 48 1
37 35 1
370 132 1
370 58 1
370 59 1
370 607 1
370 810 1
370 870 1
370 907 1
370 908 1
371 1027 1
371 1164 1
371 211 1
371 211 1
371 228 1
371 232 1
371 275 1
371 330 1
371 372 1
371 373 1
371 537 1
371 580 1
371 659 1
371 67 1
371 704 1
371 879 1
371 98 1
371 98 1
372 1224 1
372 1891 1
372 222 1
372 242 1
372 466 1
372 561 1
373 126 1
373 127 1
373 130 1
373 152 1
373 1631 1
373 1884 1
373 190 1
373 1921 1
373 352 1
373 372 1
373 444 1
373 523 1
373 61 1
373 725 1
373 854 1
373 9 1
374 375 1
374 376 1
375 376 1
375 399 1
375 400 1
376 400 1
377 378 1
378 600 1
378 624 1
379 112 1
379 380 1
38 39 1
38 40 1
38 41 1
380 121 1
380 121 1
380 541 1
381 143 1
381 173 1
381 398 1
381 59 1
381 96 1
382 143 1
382 381 1
382 398 1
382 536 1
383 1014 1
383 1171 1
383 384 1
383 385 1
383 42 1
383 705 1
383 85 1
384 1380 1
384 1397 1
384 264 1
384 42 1
384 440 1
384 450 1
384 500 1
384 574 1
384 728 1
385 1482 1
385 447 1
385 486 1
385 503 1
385 664 1
385 85 1
386 387 1
386 388 1
387 21 1
387 366 1
387 577 1
388 410 1
388 531 1
389 390 1
389 391 1
39 202 1
39 53 1
39 728 1
390 550 1
391 377 1
391 390 1
391 437 1
392 1172 1
392 393 1
393 480 1
393 89 1
395 396 1
395 397 1
396 18 1
396 281 1
396 310 1
396 375 1
396 397 1
396 399 1
396 453 1
396 6 1
396 765 1
396 818 1
396 833 1
397 314 1
397 374 1
397 42 1
398 173 1
398 339 1
398 535 1
398 96 1
399 146 1
399 295 1
399 400 1
399 714 1
399 961 1
4 172 1
4 236 1
4 89 1
4 91 1
40 101 1
40 114 1
40 127 1
40 130 1
40 156 1
40 269 1
40 669 1
400 1883 1
400 232 1
400 295 1
400 383 1
400 447 1
400 447 1
400 480 1
400 497 1
401 402 1
401 403 1
402 1415 1
402 248 1
402 403 1
402 463 1
402 464 1
403 1009 1
403 108 1
403 1249 1
403 1415 1
403 402 1
403 463 1
403 464 1
403 525 1
404 405 1
404 406 1
404 407 1
406 405 1
408 406 1
409 1 1
409 1322 1
409 410 1
41 100 1
41 126 1
41 128 1
41 147 1
41 156 1
41 269 1
41 269 1
41 40 1
41 477 1
41 81 1
41 9 1
410 473 1
411 193 1
411 261 1
412 111 1
412 193 1
412 223 1
412 285 1
412 411 1
412 490 1
412 814 1
413 248 1
413 409 1
414 415 1
414 416 1
414 417 1
415 508 1
415 568 1
416 112 1
416 1201 1
416 1677 1
416 202 1
416 373 1
416 653 1
417 415 1
417 568 1
417 571 1
418 419 1
419 286 1
419 438 1
42 113 1
42 1181 1
42 145 1
42 316 1
42 400 1
42 446 1
42 455 1
42 456 1
42 458 1
42 478 1
42 89 1
42 980 1
420 421 1
420 422 1
420 423 1
421 1065 1
421 373 1
421 423 1
421 510 1
421 53 1
421 582 1
422 140 1
423 328 1
423 852 1
424 425 1
424 426 1
425 1280 1
425 228 1
425 6 1
426 129 1
427 428 1
427 429 1
428 529 1
428 631 1
429 428 1
429 631 1
43 131 1
43 198 1
430 431 1
430 432 1
430 433 1
430 434 1
431 432 1
431 433 1
431 539 1
431 540 1
432 1224 1
432 539 1
432 539 1
432 540 1
432 543 1
432 841 1
432 947 1
433 432 1
433 434 1
433 539 1
433 540 1
433 543 1
435 285 1
435 286 1
435 418 1
435 436 1
436 1283 1
436 1302 1
436 1525 1
436 200 1
436 200 1
437 261 1
437 378 1
437 389 1
438 435 1
438 436 1
439 14 1
439 332 1
439 371 1
439 440 1
439 447 1
439 53 1
439 54 1
439 556 1
439 557 1
439 621 1
439 728 1
44 1112 1
44 126 1
44 1364 1
44 19 1
44 443 1
44 45 1
44 46 1
44 655 1
44 674 1
44 92 1
440 13 1
440 132 1
440 14 1
440 439 1
440 439 1
440 462 1
440 487 1
440 547 1
440 557 1
440 580 1
440 728 1
440 968 1
440 98 1
441 132 1
441 442 1
441 45 1
441 48 1
441 556 1
441 643 1
441 682 1
441 683 1
442 139 1
442 507 1
443 112 1
443 371 1
443 372 1
443 444 1
443 445 1
443 445 1
443 563 1
443 684 1
443 822 1
444 561 1
445 1132 1
445 132 1
445 277 1
445 461 1
445 492 1
445 530 1
445 561 1
445 563 1
445 609 1
445 779 1
445 822 1
446 1149 1
446 115 1
446 1822 1
446 384 1
446 393 1
446 447 1
446 448 1
446 449 1
446 662 1
446 691 1
447 1057 1
447 1176 1
447 1190 1
447 1387 1
447 1442 1
447 1443 1
447 228 1
447 42 1
447 449 1
447 455 1
447 478 1
447 479 1
447 481 1
447 507 1
447 89 1
448 1198 1
448 1382 1
448 393 1
448 497 1
448 66 1
448 827 1
448 89 1
449 1846 1
449 1851 1
449 275 1
449 385 1
449 456 1
449 482 1
449 574 1
449 92 1
45 1285 1
45 132 1
45 152 1
45 300 1
45 535 1
45 643 1
45 67 1
45 687 1
45 882 1
450 1396 1
450 1397 1
450 451 1
450 452 1
450 659 1
450 92 1
451 115 1
451 1521 1
451 1611 1
451 1815 1
451 264 1
451 452 1
451 703 1
451 92 1
452 264 1
452 579 1
453 118 1
453 1405 1
453 1406 1
453 181 1
453 182 1
453 454 1
453 6 1
453 819 1
454 1 1
454 602 1
454 807 1
454 853 1
454 874 1
455 1027 1
455 1160 1
455 1181 1
455 1241 1
455 1307 1
455 1308 1
455 165 1
455 211 1
455 231 1
455 3 1
455 302 1
455 324 1
455 330 1
455 383 1
455 384 1
455 384 1
455 446 1
455 456 1
455 457 1
455 458 1
455 461 1
455 519 1
455 560 1
455 574 1
455 579 1
455 673 1
455 684 1
455 728 1
455 831 1
455 913 1
455 914 1
456 1104 1
456 202 1
456 449 1
456 458 1
456 482 1
456 483 1
456 484 1
456 968 1
457 1522 1
457 484 1
457 573 1
457 574 1
458 1266 1
458 449 1
458 487 1
458 574 1
459 126 1
459 1461 1
459 1552 1
459 246 1
459 460 1
459 462 1
459 569 1
46 214 1
46 217 1
46 224 1
46 250 1
46 41 1
460 461 1
460 549 1
460 569 1
460 583 1
461 1131 1
461 1132 1
461 13 1
461 1597 1
461 1677 1
461 1709 1
461 246 1
461 285 1
461 31 1
461 330 1
461 455 1
461 459 1
461 462 1
461 465 1
461 643 1
461 659 1
461 880 1
461 968 1
462 130 1
462 211 1
462 246 1
462 293 1
462 330 1
462 371 1
462 441 1
462 460 1
462 465 1
462 470 1
462 557 1
462 569 1
462 569 1
462 573 1
462 583 1
462 621 1
463 122 1
463 317 1
463 464 1
464 122 1
464 401 1
464 403 1
465 1112 1
465 188 1
465 277 1
465 357 1
465 466 1
465 54 1
465 693 1
465 84 1
465 880 1
465 882 1
465 913 1
465 913 1
465 952 1
466 493 1
466 523 1
467 1055 1
467 1056 1
467 1178 1
467 1245 1
467 256 1
467 468 1
467 48 1
467 516 1
467 519 1
467 651 1
468 1440 1
468 256 1
468 462 1
468 580 1
468 611 1
468 676 1
468 79 1
468 803 1
468 885 1
468 886 1
468 899 1
468 959 1
468 959 1
469 261 1
47 256 1
47 33 1
47 36 1
47 495 1
47 717 1
47 719 1
47 763 1
470 1149 1
470 1839 1
470 471 1
470 914 1
471 462 1
472 473 1
473 612 1
473 633 1
473 863 1
474 466 1
474 475 1
475 112 1
475 522 1
475 523 1
475 565 1
475 832 1
476 238 1
476 477 1
476 699 1
477 1203 1
477 152 1
477 156 1
477 165 1
477 269 1
477 334 1
477 373 1
477 467 1
477 485 1
477 508 1
477 516 1
477 85 1
477 973 1
478 1061 1
478 11 1
478 1180 1
478 1822 1
478 457 1
478 485 1
478 486 1
478 487 1
478 66 1
479 384 1
479 385 1
479 457 1
479 478 1
479 573 1
48 131 1
48 197 1
48 245 1
48 49 1
48 499 1
48 64 1
480 1875 1
480 446 1
480 478 1
480 481 1
480 484 1
480 691 1
480 831 1
480 92 1
481 228 1
481 400 1
481 457 1
481 484 1
481 574 1
481 827 1
482 1525 1
482 1526 1
482 1849 1
482 446 1
482 457 1
482 480 1
482 487 1
482 586 1
482 641 1
482 654 1
483 1341 1
483 1345 1
483 1396 1
483 237 1
483 322 1
483 450 1
483 545 1
483 546 1
483 841 1
483 883 1
483 897 1
484 156 1
484 393 1
484 478 1
484 92 1
485 228 1
485 383 1
485 480 1
486 455 1
486 92 1
486 92 1
486 921 1
487 1307 1
487 1308 1
487 1636 1
487 1637 1
487 330 1
487 36 1
487 385 1
487 447 1
487 455 1
487 455 1
487 465 1
487 481 1
487 560 1
487 573 1
487 736 1
488 489 1
489 512 1
49 12 1
49 263 1
49 50 1
49 51 1
49 52 1
490 261 1
490 28 1
491 465 1
491 511 1
492 445 1
492 465 1
492 491 1
492 511 1
492 519 1
492 839 1
493 491 1
493 492 1
493 587 1
494 235 1
494 495 1
494 496 1
495 1361 1
495 1427 1
495 462 1
495 499 1
495 53 1
495 600 1
495 607 1
495 737 1
495 88 1
496 139 1
496 256 1
496 30 1
496 32 1
496 725 1
496 862 1
496 886 1
496 887 1
497 1057 1
497 1090 1
497 1214 1
497 42 1
497 449 1
497 467 1
497 573 1
497 66 1
497 690 1
498 495 1
498 499 1
498 500 1
499 468 1
5 236 1
5 4 1
5 6 1
50 107 1
500 1245 1
500 139 1
500 1397 1
500 155 1
500 1618 1
500 1761 1
500 441 1
500 560 1
501 129 1
501 367 1
501 502 1
501 503 1
502 1308 1
502 443 1
502 476 1
502 495 1
502 508 1
502 594 1
502 595 1
502 716 1
502 842 1
503 1027 1
503 1117 1
503 13 1
503 14 1
503 252 1
503 368 1
503 586 1
503 594 1
504 407 1
505 1407 1
505 185 1
505 506 1
505 717 1
505 924 1
506 616 1
507 138 1
507 1432 1
507 495 1
507 498 1
508 334 1
508 443 1
508 477 1
508 509 1
508 510 1
508 563 1
508 684 1
508 74 1
508 842 1
508 973 1
509 415 1
509 571 1
51 1302 1
51 135 1
51 182 1
51 1823 1
51 200 1
51 256 1
51 275 1
51 285 1
51 33 1
51 33 1
51 79 1
510 1117 1
510 1231 1
510 416 1
510 516 1
510 519 1
510 568 1
510 684 1
510 733 1
510 863 1
511 465 1
511 466 1
512 341 1
512 488 1
512 578 1
513 1837 1
513 312 1
513 629 1
514 1592 1
514 1684 1
514 599 1
514 742 1
515 618 1
516 1383 1
516 1494 1
516 1495 1
516 1496 1
516 1497 1
516 259 1
516 448 1
516 517 1
516 518 1
516 66 1
516 808 1
516 818 1
516 932 1
517 570 1
518 102 1
518 519 1
519 121 1
519 224 1
519 466 1
519 487 1
519 495 1
519 548 1
519 563 1
519 586 1
519 661 1
519 684 1
519 725 1
519 725 1
520 541 1
521 475 1
521 519 1
521 522 1
521 523 1
522 202 1
522 492 1
522 555 1
522 562 1
522 563 1
522 564 1
522 565 1
523 112 1
523 126 1
523 474 1
523 534 1
523 56 1
523 587 1
523 710 1
523 856 1
524 442 1
524 496 1
525 1428 1
525 317 1
525 402 1
525 402 1
525 670 1
526 390 1
526 527 1
526 528 1
527 193 1
527 528 1
528 261 1
528 469 1
528 567 1
529 427 1
53 127 1
53 129 1
53 13 1
53 132 1
53 152 1
53 225 1
53 373 1
53 426 1
53 439 1
53 502 1
53 510 1
53 510 1
53 656 1
53 8 1
53 84 1
53 85 1
530 188 1
530 277 1
531 532 1
532 603 1
532 610 1
533 534 1
534 562 1
535 151 1
535 285 1
535 381 1
535 382 1
536 143 1
536 1650 1
536 173 1
536 339 1
536 381 1
536 398 1
536 59 1
537 1518 1
537 228 1
537 256 1
537 318 1
537 322 1
537 371 1
537 413 1
537 468 1
537 538 1
537 546 1
537 580 1
537 621 1
537 827 1
537 98 1
537 98 1
538 413 1
538 473 1
538 577 1
538 603 1
539 151 1
539 881 1
539 888 1
54 275 1
54 439 1
54 440 1
54 55 1
54 56 1
54 6 1
54 659 1
54 801 1
54 880 1
54 882 1
540 1104 1
540 160 1
540 32 1
540 430 1
540 543 1
542 109 1
542 454 1
542 6 1
543 430 1
543 431 1
543 434 1
543 557 1
543 841 1
543 857 1
543 864 1
543 973 1
544 365 1
544 538 1
545 1100 1
545 39 1
545 416 1
545 455 1
545 546 1
545 74 1
545 798 1
545 831 1
545 832 1
546 1036 1
546 1268 1
546 1308 1
546 1343 1
546 1505 1
546 1554 1
546 1597 1
546 1618 1
546 455 1
546 456 1
546 573 1
546 882 1
547 231 1
547 48 1
548 533 1
549 1026 1
549 330 1
549 459 1
549 462 1
549 73 1
551 306 1
551 552 1
552 1005 1
552 306 1
552 307 1
552 308 1
552 551 1
553 337 1
553 514 1
553 515 1
554 442 1
554 468 1
554 537 1
555 516 1
555 534 1
555 563 1
555 595 1
556 1245 1
556 1303 1
556 1304 1
556 211 1
556 45 1
556 882 1
557 432 1
557 500 1
557 502 1
557 54 1
557 554 1
557 556 1
557 580 1
557 659 1
557 841 1
557 857 1
558 507 1
56 188 1
56 190 1
56 261 1
56 412 1
56 468 1
56 567 1
56 632 1
56 636 1
56 74 1
56 803 1
56 809 1
56 832 1
56 842 1
56 944 1
560 1108 1
560 124 1
560 383 1
560 439 1
560 545 1
560 546 1
560 659 1
560 955 1
560 956 1
560 957 1
561 371 1
561 530 1
561 585 1
561 586 1
562 475 1
562 563 1
563 140 1
563 280 1
563 519 1
563 545 1
563 609 1
563 614 1
563 671 1
563 684 1
563 854 1
564 534 1
564 632 1
565 328 1
565 519 1
565 521 1
565 562 1
565 609 1
565 609 1
565 800 1
566 112 1
566 190 1
566 261 1
566 412 1
566 445 1
566 56 1
566 563 1
566 74 1
566 822 1
567 469 1
567 522 1
567 609 1
567 645 1
568 414 1
569 1488 1
569 1516 1
569 461 1
569 549 1
569 579 1
569 583 1
569 728 1
57 142 1
57 143 1
57 173 1
57 173 1
57 370 1
57 58 1
57 59 1
57 59 1
57 680 1
57 680 1
57 681 1
57 833 1
57 907 1
57 908 1
570 464 1
570 476 1
570 477 1
571 414 1
571 572 1
572 414 1
572 415 1
572 510 1
573 1027 1
573 1214 1
573 207 1
573 371 1
573 449 1
573 467 1
573 483 1
573 487 1
573 497 1
573 580 1
573 580 1
573 601 1
573 687 1
574 1029 1
574 1160 1
574 1180 1
574 1180 1
574 1548 1
574 1610 1
574 383 1
574 400 1
574 42 1
574 42 1
574 448 1
574 516 1
574 573 1
574 653 1
575 345 1
575 576 1
576 66 1
577 21 1
577 366 1
577 473 1
577 633 1
578 358 1
578 488 1
578 489 1
579 145 1
579 1839 1
579 1853 1
579 439 1
579 440 1
579 450 1
579 455 1
579 455 1
579 470 1
579 577 1
579 586 1
579 647 1
579 931 1
58 108 1
58 1208 1
58 143 1
58 166 1
58 173 1
58 309 1
58 339 1
58 57 1
58 59 1
58 59 1
58 680 1
58 702 1
58 703 1
58 87 1
58 945 1
58 950 1
580 1117 1
580 140 1
580 257 1
580 285 1
580 443 1
580 45 1
580 502 1
580 537 1
580 537 1
580 557 1
580 563 1
580 573 1
580 621 1
580 708 1
580 802 1
580 879 1
580 882 1
582 422 1
583 1257 1
583 252 1
583 470 1
583 549 1
583 73 1
583 932 1
584 389 1
585 373 1
585 491 1
585 519 1
586 14 1
586 1401 1
586 185 1
586 302 1
586 373 1
586 443 1
586 455 1
586 503 1
586 503 1
586 585 1
586 66 1
586 880 1
587 465 1
587 474 1
587 511 1
588 1416 1
588 450 1
588 817 1
588 92 1
588 946 1
588 978 1
589 166 1
59 1051 1
59 1060 1
59 1107 1
59 1130 1
59 166 1
59 173 1
59 1828 1
59 212 1
59 339 1
59 339 1
59 361 1
59 382 1
59 398 1
59 455 1
59 58 1
59 58 1
59 680 1
59 680 1
59 681 1
59 754 1
59 87 1
59 907 1
59 930 1
590 591 1
592 593 1
594 570 1
594 595 1
595 1298 1
595 1307 1
595 1392 1
595 1417 1
595 1753 1
595 451 1
595 627 1
596 516 1
596 597 1
597 476 1
597 595 1
598 326 1
599 553 1
6 1035 1
6 118 1
6 1262 1
6 139 1
6 142 1
6 182 1
6 3 1
6 4 1
6 453 1
6 454 1
6 680 1
6 818 1
6 91 1
60 1377 1
60 1386 1
60 173 1
60 61 1
600 527 1
600 717 1
600 742 1
601 1119 1
601 113 1
601 1607 1
601 1672 1
601 1762 1
601 384 1
601 42 1
601 448 1
601 456 1
601 485 1
601 574 1
601 763 1
601 92 1
602 109 1
602 310 1
602 453 1
602 542 1
602 6 1
602 818 1
602 833 1
602 89 1
603 318 1
603 365 1
603 409 1
603 413 1
604 369 1
605 407 1
606 607 1
606 608 1
607 1166 1
607 1262 1
607 1432 1
607 468 1
608 1432 1
608 1482 1
609 1224 1
609 129 1
609 306 1
609 492 1
609 493 1
609 562 1
609 738 1
609 781 1
609 788 1
61 1535 1
61 179 1
61 264 1
61 320 1
61 342 1
61 358 1
61 653 1
61 960 1
610 186 1
610 537 1
610 544 1
611 160 1
611 554 1
612 1364 1
612 1430 1
612 1682 1
612 1763 1
612 443 1
612 593 1
612 620 1
614 533 1
614 555 1
614 564 1
615 308 1
615 353 1
616 505 1
616 617 1
618 337 1
62 42 1
62 63 1
62 64 1
620 410 1
621 322 1
621 500 1
621 557 1
621 622 1
621 659 1
621 848 1
621 952 1
623 21 1
623 532 1
623 577 1
624 261 1
624 390 1
624 437 1
624 600 1
625 387 1
625 577 1
626 251 1
626 584 1
627 126 1
627 502 1
628 629 1
629 312 1
629 513 1
63 182 1
63 183 1
630 53 1
631 427 1
633 1498 1
633 318 1
633 354 1
633 538 1
634 557 1
635 1407 1
635 1617 1
635 1738 1
635 596 1
637 1081 1
637 1243 1
637 138 1
637 148 1
637 1578 1
637 183 1
637 1871 1
637 199 1
637 432 1
637 461 1
637 66 1
638 1191 1
638 1262 1
638 288 1
638 639 1
638 640 1
638 641 1
639 641 1
639 664 1
639 772 1
64 12 1
64 286 1
64 98 1
640 1055 1
640 639 1
640 664 1
641 1262 1
641 1303 1
641 495 1
641 640 1
641 772 1
641 876 1
642 643 1
642 644 1
643 1677 1
643 30 1
643 36 1
643 439 1
643 456 1
643 461 1
643 487 1
643 556 1
643 573 1
643 714 1
643 773 1
643 968 1
643 973 1
644 1890 1
644 264 1
644 573 1
644 683 1
644 794 1
645 523 1
645 646 1
646 1567 1
646 1568 1
646 577 1
646 741 1
646 852 1
646 932 1
647 120 1
647 120 1
647 300 1
647 300 1
647 648 1
647 649 1
648 164 1
649 1820 1
649 186 1
65 161 1
65 298 1
65 299 1
65 66 1
650 643 1
651 1554 1
651 1824 1
651 436 1
651 44 1
651 652 1
651 653 1
651 654 1
651 655 1
651 656 1
651 657 1
651 658 1
651 885 1
652 686 1
653 1200 1
653 1283 1
653 1546 1
653 160 1
653 1884 1
653 231 1
653 654 1
653 656 1
653 662 1
653 663 1
653 67 1
653 692 1
654 126 1
654 1555 1
654 1597 1
654 187 1
654 231 1
654 352 1
654 421 1
654 45 1
654 653 1
654 656 1
654 661 1
654 662 1
654 663 1
654 891 1
655 652 1
655 658 1
655 658 1
655 674 1
655 686 1
655 721 1
655 722 1
655 724 1
656 1554 1
656 160 1
656 231 1
656 416 1
656 492 1
656 495 1
656 653 1
656 684 1
656 692 1
656 842 1
656 844 1
657 652 1
657 658 1
657 658 1
657 674 1
657 721 1
657 722 1
657 724 1
658 674 1
658 723 1
658 759 1
659 1202 1
659 1728 1
659 462 1
659 467 1
659 487 1
659 54 1
659 543 1
659 557 1
659 637 1
659 673 1
659 731 1
66 112 1
66 1382 1
66 1833 1
66 478 1
66 557 1
66 684 1
66 730 1
66 785 1
66 789 1
66 824 1
66 93 1
66 96 1
660 661 1
660 662 1
660 663 1
661 1041 1
661 1055 1
661 1064 1
661 1065 1
661 1357 1
661 202 1
661 653 1
661 654 1
661 660 1
661 662 1
661 724 1
662 144 1
662 1624 1
662 1650 1
662 653 1
662 654 1
662 660 1
662 661 1
663 653 1
663 654 1
663 660 1
664 121 1
664 123 1
664 1309 1
664 1310 1
664 300 1
664 641 1
665 666 1
665 667 1
666 746 1
666 747 1
667 1081 1
667 1088 1
667 745 1
668 1035 1
668 1036 1
668 130 1
668 156 1
668 269 1
668 3 1
668 40 1
668 6 1
668 669 1
668 680 1
668 81 1
669 101 1
669 127 1
669 130 1
669 152 1
669 156 1
67 114 1
67 132 1
67 1408 1
67 277 1
67 322 1
67 323 1
67 371 1
67 862 1
67 885 1
67 952 1
670 1335 1
670 523 1
670 671 1
670 744 1
670 933 1
671 711 1
672 148 1
672 673 1
673 1131 1
673 1308 1
673 1308 1
673 1424 1
673 1645 1
673 1663 1
673 372 1
673 439 1
673 560 1
673 637 1
673 664 1
673 685 1
673 705 1
673 777 1
673 889 1
674 657 1
674 723 1
674 759 1
675 676 1
676 32 1
676 56 1
676 731 1
676 809 1
676 886 1
676 898 1
676 943 1
676 944 1
677 573 1
677 676 1
678 649 1
678 679 1
68 20 1
68 22 1
68 44 1
680 1208 1
680 1346 1
680 142 1
680 143 1
680 166 1
680 166 1
680 179 1
680 1829 1
680 1834 1
680 3 1
680 339 1
680 370 1
680 58 1
680 59 1
680 59 1
680 681 1
680 754 1
680 810 1
680 818 1
680 87 1
680 91 1
680 91 1
681 143 1
681 173 1
681 352 1
681 58 1
681 702 1
681 703 1
681 716 1
681 725 1
683 1792 1
683 580 1
684 140 1
684 302 1
684 373 1
684 580 1
684 586 1
684 830 1
684 838 1
685 1407 1
685 148 1
685 1848 1
685 370 1
685 516 1
685 637 1
685 672 1
685 888 1
686 1304 1
686 1464 1
686 1518 1
686 163 1
686 1847 1
686 44 1
686 651 1
686 674 1
687 441 1
687 556 1
687 643 1
687 917 1
688 360 1
688 689 1
688 690 1
688 691 1
689 360 1
69 103 1
69 269 1
69 9 1
690 1089 1
690 1119 1
690 691 1
691 1090 1
691 1180 1
691 1875 1
691 400 1
691 42 1
691 480 1
691 601 1
691 689 1
691 792 1
691 793 1
692 104 1
692 1065 1
693 476 1
693 699 1
694 600 1
694 695 1
694 696 1
694 697 1
695 696 1
695 718 1
695 727 1
696 192 1
697 695 1
697 770 1
697 88 1
698 188 1
699 238 1
699 465 1
699 707 1
7 10 1
7 8 1
7 9 1
70 71 1
70 72 1
700 120 1
700 281 1
700 647 1
700 701 1
701 1821 1
701 1830 1
701 186 1
701 649 1
701 771 1
702 59 1
702 680 1
702 754 1
703 1521 1
703 1639 1
703 1640 1
703 1641 1
703 680 1
703 702 1
704 1146 1
704 1166 1
704 1167 1
704 1174 1
704 150 1
704 706 1
704 736 1
704 789 1
704 882 1
704 882 1
705 1108 1
705 1257 1
705 1636 1
705 1637 1
705 439 1
705 461 1
705 560 1
705 560 1
705 706 1
705 736 1
705 862 1
706 124 1
706 150 1
706 1611 1
706 1648 1
706 1746 1
706 704 1
706 882 1
707 1407 1
707 476 1
707 693 1
707 716 1
707 888 1
708 709 1
709 791 1
71 77 1
710 1241 1
710 1476 1
710 1876 1
710 563 1
711 567 1
711 670 1
711 753 1
712 128 1
712 40 1
712 41 1
712 668 1
712 669 1
713 40 1
713 41 1
713 81 1
714 1072 1
714 1843 1
714 256 1
714 257 1
714 30 1
714 396 1
714 482 1
714 543 1
714 638 1
714 643 1
714 651 1
714 654 1
714 656 1
714 659 1
714 765 1
714 968 1
716 112 1
716 202 1
716 227 1
716 465 1
716 476 1
716 519 1
716 693 1
716 699 1
717 1285 1
717 718 1
717 719 1
717 720 1
718 696 1
718 697 1
719 1556 1
719 288 1
719 714 1
719 742 1
720 1198 1
720 1283 1
720 1287 1
720 1288 1
720 47 1
720 477 1
720 719 1
720 757 1
721 1108 1
721 1146 1
721 251 1
721 658 1
721 674 1
721 722 1
721 723 1
721 724 1
721 840 1
722 658 1
722 674 1
722 723 1
722 724 1
723 655 1
723 657 1
723 734 1
723 759 1
724 1041 1
724 1042 1
724 1064 1
724 113 1
724 658 1
724 674 1
725 126 1
725 352 1
725 726 1
726 1406 1
726 36 1
726 730 1
726 731 1
726 936 1
726 937 1
727 757 1
728 1631 1
728 251 1
728 289 1
728 330 1
728 439 1
728 44 1
728 440 1
728 455 1
728 729 1
728 931 1
73 246 1
73 252 1
73 330 1
73 459 1
73 460 1
73 461 1
73 462 1
73 74 1
730 185 1
730 252 1
730 264 1
730 755 1
730 756 1
730 849 1
731 1307 1
731 1308 1
731 188 1
731 199 1
731 371 1
731 580 1
731 580 1
731 621 1
731 883 1
732 285 1
733 306 1
733 475 1
733 609 1
733 738 1
733 828 1
733 838 1
733 842 1
734 1016 1
734 1044 1
734 1884 1
734 53 1
734 655 1
734 674 1
734 721 1
736 1087 1
736 1408 1
736 150 1
736 1600 1
736 1676 1
736 195 1
736 232 1
736 278 1
736 287 1
736 704 1
736 706 1
736 882 1
736 92 1
737 192 1
737 447 1
737 717 1
737 727 1
737 763 1
738 328 1
739 157 1
739 185 1
739 337 1
739 740 1
74 112 1
74 190 1
74 411 1
74 412 1
74 443 1
74 475 1
74 477 1
74 684 1
74 830 1
740 17 1
740 768 1
740 787 1
741 14 1
741 146 1
741 1597 1
741 399 1
741 477 1
741 567 1
741 637 1
741 788 1
741 803 1
741 961 1
742 1209 1
742 1547 1
742 1550 1
742 1592 1
742 1673 1
742 1684 1
742 720 1
742 737 1
742 931 1
743 445 1
743 563 1
743 74 1
743 744 1
743 842 1
744 122 1
744 609 1
744 892 1
744 893 1
745 665 1
745 666 1
745 746 1
745 747 1
745 748 1
746 1203 1
746 477 1
746 485 1
746 667 1
747 1472 1
747 1496 1
747 665 1
747 667 1
747 833 1
748 1145 1
748 1179 1
748 574 1
748 666 1
748 746 1
748 747 1
749 302 1
749 750 1
75 49 1
75 76 1
75 77 1
75 78 1
75 79 1
751 752 1
752 337 1
752 740 1
754 143 1
754 1529 1
754 1678 1
754 58 1
754 681 1
757 1065 1
757 695 1
757 737 1
757 770 1
758 646 1
758 753 1
759 655 1
759 721 1
759 724 1
759 734 1
76 61 1
760 580 1
761 726 1
761 762 1
763 1300 1
763 1482 1
763 1724 1
763 720 1
764 1347 1
764 1351 1
764 1591 1
765 146 1
765 399 1
765 687 1
765 961 1
766 735 1
766 767 1
766 768 1
768 752 1
769 647 1
77 12 1
77 215 1
77 216 1
770 600 1
770 695 1
771 1830 1
771 1831 1
772 237 1
772 638 1
772 673 1
773 200 1
773 51 1
773 901 1
776 1177 1
776 495 1
776 686 1
777 148 1
777 1876 1
777 637 1
777 672 1
777 784 1
777 929 1
778 202 1
778 232 1
778 330 1
778 583 1
778 664 1
778 772 1
778 776 1
779 336 1
779 711 1
78 120 1
78 133 1
78 99 1
780 644 1
781 523 1
781 563 1
781 779 1
782 207 1
783 148 1
783 1912 1
783 672 1
783 685 1
784 637 1
784 783 1
785 324 1
785 66 1
785 946 1
785 977 1
785 978 1
786 649 1
786 787 1
788 1409 1
788 1502 1
788 1726 1
789 1108 1
789 1197 1
789 730 1
789 731 1
789 755 1
789 83 1
79 1008 1
79 1168 1
79 1184 1
79 223 1
79 237 1
79 28 1
79 436 1
79 51 1
79 51 1
790 235 1
790 45 1
790 505 1
790 643 1
790 882 1
790 990 1
791 148 1
791 687 1
791 765 1
791 790 1
791 83 1
792 1206 1
792 360 1
792 688 1
793 1802 1
793 268 1
793 360 1
793 454 1
793 688 1
793 689 1
795 47 1
795 484 1
796 774 1
797 786 1
798 1202 1
798 1244 1
798 188 1
798 523 1
798 743 1
798 743 1
8 20 1
8 277 1
8 322 1
8 323 1
8 324 1
8 67 1
8 67 1
8 68 1
8 69 1
80 81 1
80 82 1
800 129 1
800 306 1
800 328 1
800 738 1
801 1027 1
801 211 1
801 257 1
801 440 1
801 455 1
801 465 1
801 467 1
801 673 1
801 84 1
803 1008 1
803 113 1
803 1168 1
803 1268 1
803 1269 1
803 252 1
803 840 1
804 751 1
806 740 1
807 1035 1
807 310 1
807 815 1
807 816 1
807 853 1
808 1238 1
808 1278 1
808 157 1
808 159 1
808 28 1
808 334 1
808 739 1
808 818 1
809 468 1
809 803 1
809 810 1
809 811 1
81 114 1
81 127 1
81 130 1
81 156 1
81 20 1
81 269 1
81 40 1
81 669 1
810 57 1
810 58 1
810 59 1
810 840 1
810 945 1
811 834 1
811 840 1
812 813 1
813 1188 1
813 858 1
813 858 1
814 223 1
815 448 1
815 454 1
815 747 1
815 816 1
815 833 1
815 91 1
816 1 1
816 454 1
816 874 1
817 132 1
817 188 1
817 588 1
818 1 1
818 1035 1
818 118 1
818 1278 1
818 1791 1
818 453 1
818 6 1
818 6 1
818 668 1
818 680 1
818 819 1
818 833 1
819 118 1
819 602 1
819 833 1
82 184 1
82 19 1
82 22 1
820 730 1
820 821 1
821 236 1
821 730 1
822 733 1
823 824 1
824 1022 1
824 1028 1
824 1030 1
824 1074 1
824 778 1
824 878 1
825 1840 1
825 826 1
826 194 1
826 837 1
827 260 1
827 400 1
827 42 1
827 447 1
827 872 1
828 126 1
829 477 1
829 510 1
829 830 1
829 831 1
83 1202 1
83 127 1
83 425 1
83 465 1
83 483 1
83 756 1
83 84 1
83 85 1
83 86 1
830 743 1
830 839 1
830 844 1
831 1202 1
831 373 1
831 42 1
831 516 1
831 828 1
832 373 1
832 521 1
832 656 1
833 142 1
833 181 1
833 1844 1
833 310 1
833 453 1
834 810 1
834 835 1
834 836 1
835 810 1
835 811 1
836 809 1
836 811 1
836 840 1
837 850 1
838 817 1
838 831 1
838 863 1
839 261 1
839 566 1
839 684 1
839 733 1
84 130 1
84 183 1
84 373 1
84 425 1
84 555 1
84 654 1
84 801 1
840 1183 1
840 704 1
840 834 1
841 1398 1
841 227 1
841 238 1
841 258 1
841 872 1
841 873 1
842 443 1
842 443 1
842 445 1
842 563 1
842 580 1
842 798 1
843 173 1
843 212 1
844 126 1
844 74 1
845 813 1
845 846 1
846 1188 1
846 813 1
847 445 1
847 475 1
848 439 1
848 54 1
849 1211 1
849 1212 1
849 450 1
849 820 1
849 821 1
849 869 1
85 130 1
85 147 1
85 214 1
85 354 1
85 373 1
85 38 1
85 41 1
85 67 1
851 407 1
852 1226 1
852 186 1
852 577 1
852 851 1
852 861 1
853 1 1
853 815 1
853 816 1
854 190 1
854 443 1
854 830 1
854 831 1
855 339 1
855 843 1
856 566 1
856 743 1
856 847 1
857 864 1
858 1189 1
858 877 1
859 860 1
86 114 1
86 217 1
860 883 1
860 897 1
861 862 1
862 1108 1
862 1178 1
862 1637 1
862 455 1
862 496 1
862 579 1
862 673 1
863 318 1
863 538 1
863 656 1
863 844 1
864 1635 1
864 1739 1
864 227 1
864 262 1
864 432 1
864 841 1
865 329 1
866 646 1
867 868 1
87 1058 1
87 1059 1
87 143 1
87 1445 1
87 310 1
87 57 1
87 58 1
87 702 1
87 703 1
87 88 1
870 1585 1
870 1630 1
870 323 1
870 329 1
870 574 1
870 865 1
870 871 1
871 323 1
871 329 1
871 865 1
872 557 1
872 742 1
872 857 1
872 864 1
872 873 1
873 1087 1
873 258 1
873 557 1
874 1160 1
874 1301 1
874 1866 1
874 258 1
874 543 1
874 59 1
874 651 1
874 754 1
874 807 1
874 815 1
875 859 1
876 132 1
876 227 1
876 322 1
876 83 1
876 865 1
877 845 1
877 846 1
879 1626 1
879 651 1
879 67 1
879 704 1
879 731 1
879 955 1
88 142 1
88 1591 1
88 166 1
88 360 1
88 87 1
88 933 1
88 951 1
880 1195 1
880 188 1
880 455 1
880 503 1
880 557 1
880 728 1
880 801 1
880 882 1
880 932 1
881 184 1
881 432 1
881 888 1
881 947 1
882 1791 1
882 371 1
882 441 1
882 465 1
882 643 1
882 687 1
882 731 1
882 801 1
882 880 1
882 883 1
883 1016 1
883 138 1
883 1431 1
883 1626 1
883 195 1
883 371 1
883 446 1
883 483 1
883 580 1
883 955 1
884 468 1
884 496 1
884 676 1
884 885 1
884 886 1
884 887 1
885 1467 1
885 1490 1
885 1491 1
885 1492 1
885 32 1
885 468 1
885 468 1
885 543 1
885 860 1
885 886 1
885 959 1
886 32 1
886 887 1
886 897 1
886 898 1
887 468 1
887 898 1
887 964 1
888 151 1
888 432 1
888 947 1
889 124 1
889 560 1
89 109 1
89 1190 1
89 1452 1
89 2 1
89 23 1
89 3 1
89 392 1
89 453 1
89 454 1
89 574 1
89 6 1
89 6 1
89 827 1
89 90 1
89 91 1
891 1448 1
891 1650 1
891 659 1
892 670 1
892 893 1
893 670 1
893 940 1
893 987 1
894 791 1
895 896 1
896 900 1
897 1626 1
897 468 1
897 885 1
897 898 1
897 899 1
897 964 1
898 468 1
898 496 1
898 884 1
898 899 1
898 964 1
899 496 1
899 884 1
899 885 1
899 886 1
899 964 1
9 113 1
9 114 1
9 269 1
9 477 1
90 2 1
90 3 1
90 5 1
900 895 1
900 939 1
901 200 1
901 436 1
901 51 1
901 51 1
902 1174 1
902 1676 1
902 1677 1
902 200 1
902 467 1
902 51 1
902 773 1
902 901 1
903 66 1
904 664 1
905 557 1
906 486 1
907 1346 1
907 1834 1
907 59 1
907 950 1
908 1828 1
908 1836 1
908 58 1
908 59 1
908 680 1
908 810 1
908 907 1
908 907 1
908 950 1
909 25 1
909 291 1
909 910 1
91 1 1
91 1 1
91 109 1
91 1160 1
91 2 1
91 23 1
91 3 1
91 3 1
91 5 1
91 6 1
91 747 1
91 818 1
91 818 1
91 874 1
910 25 1
910 316 1
910 922 1
912 915 1
913 1065 1
913 1070 1
913 1173 1
913 188 1
913 287 1
913 495 1
913 736 1
913 841 1
913 931 1
914 1177 1
914 885 1
915 21 1
915 916 1
917 557 1
917 923 1
918 407 1
918 919 1
918 920 1
919 982 1
92 1458 1
92 1881 1
92 483 1
92 497 1
92 921 1
92 93 1
92 94 1
92 973 1
920 266 1
920 982 1
921 228 1
922 291 1
922 93 1
922 942 1
923 709 1
924 904 1
925 1059 1
925 1066 1
925 142 1
925 1456 1
925 87 1
925 926 1
925 927 1
925 928 1
925 929 1
925 930 1
926 1170 1
926 1184 1
926 130 1
926 61 1
926 934 1
926 935 1
927 926 1
927 934 1
927 935 1
927 958 1
928 926 1
928 927 1
928 929 1
928 930 1
928 934 1
929 1899 1
929 927 1
929 934 1
929 935 1
929 958 1
93 115 1
93 349 1
93 77 1
93 909 1
93 942 1
930 109 1
930 310 1
930 926 1
930 929 1
930 958 1
931 1146 1
931 1307 1
931 1597 1
931 1806 1
931 1810 1
931 1812 1
931 1815 1
931 1910 1
931 2 1
931 207 1
931 252 1
931 459 1
931 583 1
931 803 1
931 803 1
931 840 1
931 968 1
932 1567 1
932 1568 1
932 1667 1
932 461 1
932 974 1
933 142 1
933 166 1
933 189 1
933 340 1
933 360 1
933 764 1
934 925 1
934 935 1
935 1110 1
935 928 1
937 959 1
937 961 1
937 988 1
938 895 1
938 896 1
938 939 1
939 1298 1
939 1835 1
94 290 1
940 670 1
940 744 1
940 892 1
940 941 1
941 122 1
941 892 1
942 291 1
942 910 1
943 56 1
943 944 1
944 468 1
944 809 1
945 143 1
945 370 1
945 57 1
945 908 1
946 588 1
946 785 1
947 539 1
95 96 1
95 97 1
950 143 1
950 173 1
950 339 1
950 370 1
950 57 1
950 680 1
950 945 1
951 108 1
951 360 1
951 933 1
952 537 1
952 621 1
952 862 1
953 954 1
955 1355 1
955 1392 1
955 1400 1
955 1619 1
955 1811 1
955 384 1
955 451 1
955 483 1
955 500 1
955 673 1
956 889 1
957 673 1
957 889 1
957 955 1
958 1031 1
958 1031 1
958 1093 1
958 1224 1
958 141 1
958 925 1
958 925 1
958 935 1
959 1426 1
959 1440 1
959 1609 1
959 468 1
959 580 1
959 664 1
959 790 1
959 885 1
959 924 1
96 1287 1
96 131 1
96 1363 1
96 1519 1
96 382 1
96 535 1
96 536 1
96 57 1
96 59 1
96 74 1
96 818 1
96 833 1
960 1418 1
960 1430 1
960 1431 1
961 1072 1
961 1112 1
961 185 1
961 264 1
961 714 1
961 726 1
961 730 1
962 552 1
962 963 1
963 307 1
963 552 1
964 676 1
964 885 1
964 886 1
965 890 1
966 894 1
967 142 1
967 344 1
967 76 1
968 1146 1
968 1546 1
968 165 1
968 1677 1
968 1846 1
968 1851 1
968 357 1
968 449 1
968 461 1
968 643 1
968 714 1
968 728 1
968 880 1
969 970 1
97 239 1
971 707 1
971 772 1
971 972 1
973 1556 1
973 165 1
973 334 1
973 446 1
973 477 1
973 508 1
973 719 1
973 891 1
973 954 1
974 569 1
975 202 1
975 28 1
975 653 1
975 808 1
975 891 1
975 976 1
976 187 1
976 28 1
976 808 1
977 785 1
978 132 1
978 1461 1
978 1799 1
978 356 1
978 588 1
978 785 1
979 266 1
98 1016 1
98 1027 1
98 1065 1
98 1245 1
98 130 1
98 1466 1
98 211 1
98 264 1
98 275 1
98 275 1
98 280 1
98 280 1
98 330 1
98 330 1
98 371 1
98 537 1
98 633 1
98 659 1
98 704 1
98 705 1
98 706 1
98 801 1
98 880 1
98 99 1
981 285 1
981 33 1
981 773 1
981 902 1
982 42 1
982 983 1
983 105 1
983 915 1
984 961 1
985 986 1
986 1004 1
986 965 1
987 1842 1
987 299 1
987 32 1
987 670 1
987 892 1
987 940 1
987 941 1
987 978 1
988 959 1
989 440 1
99 296 1
99 297 1
99 316 1
99 49 1
991 1224 1
991 1446 1
991 1604 1
991 992 1
991 993 1
992 1329 1
992 1337 1
992 1736 1
993 1002 1
993 1412 1
993 1435 1
993 1504 1
993 1730 1
993 992 1
994 505 1
994 936 1
995 187 1
995 237 1
995 516 1
996 231 1
997 403 1
997 978 1
998 1174 1
998 201 1
998 971 1
998 972 1
999 1430 1
999 1680 1
999 1682 1
999 911 1
1 1214 2
1 1217 2
1 2454 2
1 448 2
1 808 2
1 819 2
100 1929 2
100 47 2
100 586 2
1002 991 2
1004 1948 2
1004 291 2
1005 1021 2
1005 1066 2
1005 513 2
1007 1002 2
1007 1333 2
1007 185 2
1007 1872 2
1007 1882 2
1007 2103 2
1007 446 2
1007 841 2
1012 1070 2
1012 1095 2
1013 1027 2
1013 573 2
1013 880 2
1015 1055 2
1015 1201 2
1015 2289 2
1015 721 2
1016 2151 2
1016 465 2
1016 635 2
1016 728 2
1016 731 2
1020 1087 2
1020 1153 2
1020 1866 2
1020 396 2
1021 1066 2
1021 1286 2
1021 1637 2
1021 2303 2
1025 148 2
1025 1872 2
1025 1908 2
1025 242 2
1025 2518 2
1025 300 2
1026 1415 2
1027 1016 2
1027 1307 2
1027 1361 2
1027 1791 2
1027 1791 2
1027 195 2
1027 261 2
1027 446 2
1027 496 2
1027 538 2
1027 573 2
1027 968 2
1028 1029 2
1028 1145 2
1028 2005 2
1029 1105 2
1029 1171 2
1029 345 2
1032 1343 2
1032 1373 2
1032 1418 2
1032 2057 2
1032 595 2
1032 955 2
1033 2285 2
1033 2479 2
1033 463 2
1033 55 2
1035 92 2
1036 1524 2
1036 2472 2
1036 2630 2
104 115 2
104 12 2
104 1944 2
1041 2016 2
1041 226 2
1042 1064 2
1042 1100 2
1047 1092 2
1047 1141 2
1049 177 2
1049 1932 2
1049 29 2
1050 1985 2
1050 958 2
1054 392 2
1054 688 2
1055 140 2
1055 2594 2
1055 275 2
1055 639 2
1055 721 2
1056 1935 2
1056 2001 2
1056 665 2
1057 1027 2
1057 1177 2
1057 446 2
1057 720 2
106 241 2
106 35 2
1064 275 2
1064 287 2
1066 1181 2
1066 1722 2
1066 552 2
107 37 2
1070 1095 2
1073 2230 2
1075 2179 2
108 1693 2
108 248 2
1082 161 2
1082 2029 2
1082 2043 2
1082 694 2
1082 697 2
1082 873 2
1085 1180 2
1085 1635 2
1085 650 2
1087 1201 2
1087 1866 2
1087 2655 2
1087 396 2
1088 1568 2
1088 1578 2
1088 161 2
1088 1933 2
1088 2311 2
1088 2465 2
109 1483 2
109 1966 2
109 339 2
109 57 2
109 59 2
109 87 2
109 87 2
1090 574 2
1092 1101 2
1092 1103 2
1092 1121 2
1093 1239 2
1093 1501 2
1093 2396 2
1093 925 2
1098 1180 2
1098 1623 2
1098 1839 2
1098 1853 2
1098 1924 2
1098 1976 2
1098 446 2
1098 446 2
1099 2111 2
1099 900 2
1100 2133 2
1100 641 2
1100 652 2
1100 674 2
1100 734 2
1103 1088 2
1103 1141 2
1103 2310 2
1104 1684 2
1104 2660 2
1104 573 2
1104 622 2
1104 800 2
1105 1028 2
1105 2007 2
1105 2392 2
1108 1178 2
1108 1202 2
1108 2188 2
1108 2189 2
1108 503 2
1108 537 2
1108 560 2
1108 673 2
1109 1108 2
1109 1117 2
1110 1898 2
1110 2287 2
1110 840 2
1112 1245 2
1112 1636 2
1112 439 2
1113 1963 2
1113 2681 2
1113 2692 2
1113 396 2
1114 2350 2
1117 1108 2
1117 1971 2
1117 2161 2
1117 364 2
112 2406 2
112 313 2
112 412 2
112 510 2
112 587 2
112 684 2
112 789 2
1120 1015 2
1120 639 2
1120 721 2
1121 2582 2
1123 1406 2
1123 1456 2
1123 685 2
1125 1066 2
1125 1722 2
113 1186 2
1131 1308 2
1131 1933 2
1131 2465 2
1131 659 2
1131 777 2
1132 2376 2
1136 1098 2
1136 1853 2
1136 1976 2
1136 2644 2
1136 446 2
1137 639 2
114 152 2
114 40 2
1141 1092 2
1141 1101 2
1141 639 2
1145 1029 2
1145 1029 2
1145 1090 2
1145 1883 2
1146 1654 2
1146 2311 2
1146 2536 2
1147 1146 2
1148 1195 2
1148 2042 2
115 170 2
1153 1087 2
1153 1623 2
1153 2655 2
1154 1041 2
1157 113 2
1160 1243 2
1160 1692 2
1160 242 2
1160 798 2
1163 2237 2
1163 2266 2
1163 2683 2
1163 412 2
1164 1440 2
1164 1826 2
1164 2003 2
1166 1186 2
1166 1327 2
1166 1328 2
1166 1666 2
1166 2351 2
1166 514 2
1166 942 2
1166 968 2
1167 2457 2
1167 3 2
1169 1117 2
1169 1554 2
1169 635 2
117 204 2
117 37 2
1170 1228 2
1170 242 2
1170 516 2
1171 1203 2
1171 1990 2
1173 1695 2
1173 641 2
1173 664 2
1174 487 2
1174 503 2
1174 720 2
1175 1615 2
1175 1961 2
1175 2155 2
1175 251 2
1175 793 2
1177 1098 2
1177 1301 2
1177 145 2
1177 190 2
1177 1932 2
1177 21 2
1177 211 2
1177 226 2
1177 32 2
1177 446 2
1177 455 2
1177 455 2
1177 497 2
1177 704 2
1178 1025 2
1178 1088 2
1178 1728 2
1178 1871 2
1178 2437 2
1178 300 2
1178 393 2
1178 507 2
1178 560 2
1178 569 2
1178 64 2
1178 741 2
1179 2007 2
1179 345 2
1179 748 2
1180 1098 2
1180 1136 2
1180 1839 2
1180 1976 2
1180 2232 2
1180 2308 2
1180 375 2
1180 446 2
1180 71 2
1181 1178 2
1181 2437 2
1181 643 2
1182 2374 2
1182 392 2
1183 324 2
1186 162 2
1186 1635 2
1186 187 2
1186 211 2
1186 231 2
1186 2328 2
1186 2364 2
1187 1226 2
1187 2018 2
1187 2019 2
1187 2037 2
1187 437 2
1187 566 2
1188 1285 2
1188 658 2
119 15 2
119 199 2
1190 1182 2
1191 1212 2
1191 1269 2
1191 1651 2
1191 2022 2
1191 2023 2
1191 2136 2
1191 219 2
1191 2245 2
1191 2292 2
1191 2319 2
1191 440 2
1191 495 2
1191 737 2
1192 148 2
1192 2180 2
1192 921 2
1194 1544 2
1194 2003 2
1194 2119 2
1194 228 2
1194 285 2
1194 436 2
1194 664 2
1195 1252 2
1195 1302 2
1195 201 2
1195 2172 2
1195 2174 2
1195 2435 2
1195 256 2
1195 287 2
1195 449 2
1195 503 2
1195 514 2
1195 576 2
1195 89 2
1197 1169 2
1197 2161 2
1197 364 2
1197 716 2
1197 728 2
12 1932 2
12 517 2
120 158 2
120 184 2
120 241 2
120 2447 2
1201 1041 2
1201 1055 2
1201 1120 2
1201 2655 2
1201 396 2
1201 639 2
1202 1191 2
1202 1308 2
1202 1651 2
1202 1676 2
1202 264 2
1202 278 2
1202 287 2
1202 560 2
1202 862 2
1203 1170 2
1203 242 2
1203 685 2
1205 1171 2
1205 1179 2
1209 150 2
1209 1846 2
1209 387 2
1209 423 2
1209 659 2
1210 148 2
1210 1525 2
1210 2163 2
1210 2493 2
1210 429 2
1210 692 2
1210 726 2
1210 730 2
1210 730 2
1211 1380 2
1211 2695 2
1211 573 2
1211 891 2
1212 238 2
1212 264 2
1212 2701 2
1212 306 2
1213 1236 2
1214 1990 2
1214 807 2
1217 400 2
1217 874 2
1218 345 2
1218 448 2
1219 392 2
122 1675 2
122 2178 2
122 2367 2
122 2379 2
122 2403 2
122 362 2
122 525 2
122 670 2
122 842 2
122 862 2
122 987 2
1220 1170 2
1220 1203 2
1220 1205 2
1220 260 2
1220 485 2
1220 516 2
1220 748 2
1221 158 2
1221 1973 2
1221 335 2
1221 354 2
1221 649 2
1221 774 2
1221 833 2
1222 112 2
1222 132 2
1222 1600 2
1222 202 2
1222 2110 2
1222 2659 2
1222 42 2
1222 778 2
1226 636 2
1226 684 2
1226 829 2
1228 1203 2
1228 1220 2
1228 242 2
1228 393 2
1228 89 2
1234 1054 2
1234 1219 2
1234 1999 2
1234 2005 2
1234 2030 2
1234 400 2
1234 574 2
1234 691 2
1234 792 2
1235 2275 2
1235 642 2
1236 2446 2
1239 1093 2
1239 1483 2
1239 1501 2
1239 1828 2
1239 1965 2
1239 2396 2
1239 453 2
1239 57 2
1239 925 2
124 1195 2
124 1692 2
124 188 2
124 229 2
124 231 2
124 2545 2
124 387 2
124 519 2
124 560 2
124 563 2
124 586 2
124 595 2
124 653 2
124 659 2
124 684 2
124 913 2
1242 392 2
1242 393 2
1242 446 2
1243 1148 2
1243 1191 2
1243 2214 2
1243 2215 2
1243 2233 2
1243 237 2
1243 432 2
1243 462 2
1243 539 2
1243 540 2
1244 1401 2
1244 500 2
1244 500 2
1245 1380 2
1245 456 2
1245 457 2
1245 462 2
1245 487 2
1245 560 2
1245 653 2
1249 1250 2
1249 2456 2
1250 570 2
1252 1301 2
1252 1635 2
1252 2315 2
1252 2316 2
1252 725 2
1257 124 2
1257 483 2
1257 586 2
1257 741 2
126 1529 2
126 2031 2
126 264 2
126 516 2
126 844 2
126 953 2
1261 1350 2
1261 1368 2
1264 1480 2
1264 2318 2
1264 458 2
1264 637 2
1264 736 2
1265 1264 2
1265 1264 2
1265 133 2
1265 219 2
1265 440 2
1265 610 2
1267 1264 2
1267 1792 2
1267 34 2
1268 1778 2
1269 1245 2
127 14 2
127 152 2
127 40 2
127 68 2
127 712 2
1272 1715 2
1272 1729 2
1273 1056 2
1273 1587 2
1275 2004 2
1275 2061 2
1275 2461 2
128 1123 2
128 833 2
128 976 2
1280 2201 2
1281 1265 2
1281 2400 2
1281 868 2
1283 1286 2
1283 371 2
1283 482 2
1283 482 2
1283 542 2
1284 2054 2
1284 2076 2
1284 2099 2
1284 883 2
1285 1556 2
1285 2504 2
1285 2505 2
1285 658 2
1286 1792 2
1289 356 2
1289 372 2
1292 15 2
1294 324 2
1294 458 2
1294 817 2
1294 946 2
1294 978 2
1296 1166 2
1296 158 2
1296 1635 2
1296 1797 2
1296 2024 2
1296 2035 2
1296 514 2
1298 1032 2
1298 2225 2
13 180 2
13 257 2
13 275 2
13 731 2
13 801 2
130 127 2
130 1650 2
130 1977 2
130 269 2
130 40 2
130 41 2
130 623 2
130 712 2
130 801 2
1301 2315 2
1301 2332 2
1301 2351 2
1301 36 2
1302 1243 2
1302 1711 2
1306 1326 2
1306 2049 2
1307 2454 2
1307 2469 2
1307 519 2
1308 1178 2
1308 1191 2
1308 1191 2
1308 1243 2
1308 1243 2
1308 1301 2
1308 275 2
1308 458 2
1308 465 2
1308 583 2
1308 895 2
1309 2022 2
1309 795 2
131 115 2
131 180 2
131 62 2
1313 1323 2
1313 1752 2
1313 459 2
1315 1353 2
1315 2470 2
1315 2471 2
1317 148 2
132 1016 2
132 1183 2
132 1581 2
132 193 2
132 211 2
132 251 2
132 261 2
132 278 2
132 371 2
132 387 2
132 54 2
132 580 2
132 817 2
132 946 2
132 977 2
132 978 2
132 98 2
1321 1244 2
1321 1343 2
1321 542 2
1323 1265 2
1323 1268 2
1323 1422 2
1325 1318 2
1325 2475 2
1326 1785 2
1327 1296 2
1327 158 2
1327 1592 2
1327 1684 2
1327 1684 2
1327 536 2
1328 1623 2
1328 2142 2
1328 2162 2
1328 2309 2
1328 2400 2
1328 2680 2
1328 2682 2
1328 287 2
1329 2378 2
133 138 2
133 77 2
1333 1415 2
1333 1904 2
1339 2034 2
1339 2482 2
1339 2483 2
1342 2514 2
1342 595 2
1343 1397 2
1343 251 2
1343 483 2
1343 803 2
1343 883 2
1344 1181 2
1344 1244 2
1344 1397 2
1344 623 2
1345 1373 2
1345 1418 2
1345 1479 2
1345 860 2
1345 879 2
1349 2486 2
135 237 2
1350 1370 2
1350 1657 2
1350 1789 2
1354 1785 2
1354 2549 2
1355 1027 2
1355 1307 2
1355 496 2
136 107 2
136 179 2
136 517 2
1360 2475 2
1361 1307 2
1361 1355 2
1361 2404 2
1362 1674 2
1362 2371 2
1362 2372 2
1362 2373 2
1362 24 2
1363 62 2
1364 1112 2
1364 467 2
1364 61 2
1368 1737 2
1368 1741 2
1368 2498 2
137 184 2
137 212 2
1370 1389 2
1370 1544 2
1370 2492 2
1371 53 2
1373 1458 2
1373 1481 2
1373 955 2
1374 1516 2
1374 2451 2
1376 1290 2
138 1197 2
138 216 2
138 384 2
138 486 2
138 569 2
138 622 2
1380 1243 2
1380 1244 2
1380 1334 2
1380 264 2
1380 371 2
1380 385 2
1380 583 2
1380 803 2
1386 1668 2
1386 463 2
1388 2036 2
1388 66 2
1389 1261 2
139 1651 2
139 789 2
1391 228 2
1393 2309 2
1393 595 2
1393 860 2
1394 1618 2
1394 1669 2
1394 2326 2
1394 2496 2
1395 736 2
1397 1132 2
1397 384 2
1397 483 2
1397 879 2
1398 595 2
14 127 2
14 2028 2
14 211 2
14 275 2
14 643 2
14 952 2
14 98 2
140 1819 2
140 1976 2
140 2189 2
1400 2496 2
1400 2497 2
1400 525 2
1401 456 2
1403 1222 2
1403 503 2
1403 595 2
1406 1456 2
1406 2317 2
1406 685 2
1406 819 2
1408 1025 2
1408 1131 2
1408 579 2
1408 673 2
1408 777 2
1408 861 2
1415 1209 2
1415 150 2
1415 1903 2
1415 2309 2
1415 356 2
1418 1626 2
1418 860 2
1418 955 2
1422 1313 2
1422 2536 2
1424 2043 2
1424 725 2
1424 864 2
1424 873 2
1428 1252 2
1428 1438 2
1428 2299 2
1428 2300 2
1428 2316 2
1429 231 2
143 109 2
143 1966 2
143 57 2
1430 1629 2
1430 2614 2
1430 42 2
1430 754 2
1431 1393 2
1431 1416 2
1431 1564 2
1431 1761 2
1431 671 2
1431 885 2
1434 1214 2
1434 1748 2
1438 1007 2
1438 2152 2
1438 2298 2
1438 2315 2
1438 2316 2
1438 2342 2
1439 1441 2
1439 2 2
1439 2008 2
1439 2028 2
1439 90 2
1440 1194 2
1440 147 2
1440 1929 2
1440 322 2
1440 47 2
1441 2010 2
1441 2028 2
1441 2240 2
145 1098 2
145 1818 2
145 1839 2
145 1839 2
145 314 2
1456 819 2
1456 976 2
1458 1274 2
1458 1431 2
1458 1761 2
1458 2603 2
146 160 2
146 231 2
146 2335 2
146 714 2
146 765 2
146 842 2
1461 1657 2
1466 1631 2
1466 418 2
1468 2618 2
147 1929 2
147 47 2
1470 1722 2
1470 1829 2
1470 1967 2
1470 2651 2
1470 57 2
1470 59 2
1472 1167 2
1472 2598 2
1472 819 2
1472 9 2
1476 148 2
1476 935 2
1478 173 2
1478 2569 2
1478 2579 2
1479 1562 2
1479 189 2
1479 595 2
148 1166 2
148 1202 2
148 1333 2
148 1663 2
148 1730 2
148 1904 2
148 2163 2
148 2180 2
148 2210 2
148 2454 2
148 2465 2
148 285 2
148 400 2
148 692 2
148 730 2
148 777 2
1480 1397 2
1480 450 2
1480 451 2
1480 500 2
1481 1721 2
1481 860 2
1482 2231 2
1482 2272 2
1483 1965 2
1483 1967 2
1483 2082 2
1483 339 2
1486 1374 2
1486 1644 2
1486 1789 2
1487 1486 2
1487 1544 2
1488 160 2
1489 24 2
1489 256 2
1489 546 2
149 1393 2
149 1657 2
149 1677 2
149 185 2
149 2057 2
149 2293 2
149 2333 2
149 714 2
149 92 2
1491 1214 2
1491 1217 2
1491 448 2
1491 807 2
15 197 2
15 254 2
15 256 2
150 2257 2
150 2309 2
150 423 2
150 542 2
1500 453 2
1500 57 2
1501 1093 2
1501 1175 2
1501 1222 2
1501 1239 2
1501 1500 2
1501 1519 2
1501 2650 2
1501 57 2
1505 1380 2
1505 1391 2
1505 2400 2
1505 264 2
1505 495 2
1505 64 2
1506 171 2
1506 2067 2
1510 1175 2
1510 1501 2
1510 2155 2
1512 1807 2
1512 2499 2
1512 2529 2
1513 1349 2
1513 2498 2
1516 1871 2
1516 2451 2
1516 2492 2
1519 1175 2
1519 1510 2
1519 1997 2
1519 2187 2
152 130 2
152 1440 2
152 1939 2
152 2195 2
152 227 2
152 557 2
152 713 2
152 83 2
1522 1021 2
1522 371 2
1522 720 2
1523 1283 2
1523 1522 2
1523 18 2
1523 720 2
1524 1842 2
1524 2472 2
1524 2563 2
1525 2255 2
1525 704 2
1525 803 2
1529 2020 2
1529 2021 2
1529 416 2
1529 563 2
153 71 2
153 974 2
1530 1344 2
1530 1431 2
1530 1489 2
1530 149 2
1530 2057 2
1532 1317 2
1532 2563 2
1533 160 2
1533 255 2
1533 300 2
1536 1175 2
1536 1501 2
1536 1519 2
1541 1273 2
1543 1807 2
1544 1284 2
1544 1693 2
1544 2051 2
1544 2076 2
1544 2101 2
1544 2111 2
1544 2121 2
1546 622 2
1548 2657 2
1548 471 2
155 1600 2
1552 1374 2
1552 1487 2
1552 1644 2
1553 1487 2
1553 1552 2
1554 2086 2
1554 914 2
1555 1398 2
1556 1285 2
1556 1981 2
1556 1982 2
1556 2503 2
1556 2505 2
1556 2506 2
1556 658 2
1557 1533 2
1559 41 2
1559 448 2
156 114 2
156 41 2
1560 1376 2
1560 525 2
1561 1937 2
1562 1729 2
1562 1787 2
1562 2522 2
1562 450 2
1562 451 2
1562 92 2
1568 1131 2
1568 1505 2
1568 1773 2
1568 2523 2
1568 2656 2
1568 815 2
1569 2539 2
157 1221 2
157 17 2
157 1973 2
157 2075 2
157 2341 2
157 24 2
157 300 2
157 649 2
157 806 2
157 806 2
1571 138 2
1571 227 2
1571 300 2
1571 595 2
1571 640 2
1573 2541 2
1576 1753 2
1578 1728 2
1578 1871 2
1579 885 2
158 1166 2
158 157 2
158 184 2
158 1973 2
158 1973 2
158 2024 2
158 2035 2
158 2075 2
158 310 2
158 334 2
158 335 2
158 739 2
158 833 2
158 942 2
1581 1461 2
1581 1657 2
1581 1728 2
1581 1882 2
1581 2381 2
1581 2408 2
1581 242 2
1581 252 2
1581 684 2
1582 2494 2
1587 1541 2
1589 1360 2
1589 2162 2
1589 2461 2
159 2179 2
159 2186 2
159 302 2
159 335 2
159 345 2
1590 1315 2
1590 1326 2
1590 2508 2
160 1211 2
160 1243 2
160 1289 2
160 157 2
160 1674 2
160 238 2
160 255 2
160 258 2
160 92 2
1600 1787 2
1603 1602 2
1608 1826 2
1608 2097 2
1608 895 2
1609 1195 2
1609 1562 2
1609 2152 2
1609 736 2
1609 885 2
1609 960 2
161 1900 2
161 1908 2
161 2022 2
161 2042 2
161 2513 2
161 2530 2
161 2538 2
161 2580 2
161 2646 2
161 2656 2
161 763 2
1613 1715 2
1613 2572 2
1615 1510 2
1615 2155 2
1615 793 2
1618 330 2
1619 1243 2
1619 1597 2
1619 931 2
162 1157 2
162 2327 2
1620 2025 2
1620 2142 2
1620 2161 2
1620 2197 2
1620 260 2
1620 627 2
1621 1275 2
1621 1318 2
1621 1339 2
1621 1360 2
1621 1842 2
1621 2563 2
1622 1812 2
1622 204 2
1622 2697 2
1623 1020 2
1623 1087 2
1623 1136 2
1623 1177 2
1623 1180 2
1623 1180 2
1623 1195 2
1623 1620 2
1623 1924 2
1623 1976 2
1623 246 2
1623 383 2
1623 44 2
1623 482 2
1623 496 2
1624 2151 2
1624 2197 2
1624 261 2
1624 2682 2
1626 1345 2
1626 1479 2
1626 2567 2
1626 671 2
1629 1606 2
163 115 2
163 1946 2
1631 1544 2
1631 2062 2
1631 2063 2
1631 883 2
1633 1997 2
1635 153 2
1635 1546 2
1635 1609 2
1635 1853 2
1635 2161 2
1635 2193 2
1635 2250 2
1635 2328 2
1635 281 2
1636 452 2
1636 612 2
1637 1771 2
1638 66 2
164 1221 2
164 1489 2
164 157 2
164 17 2
164 1959 2
164 300 2
164 300 2
164 301 2
164 301 2
164 327 2
164 335 2
164 648 2
164 806 2
1640 1430 2
1640 1760 2
1642 1340 2
1642 2508 2
1644 1251 2
1644 1374 2
1644 1553 2
1644 2370 2
1644 2569 2
1645 1131 2
1645 1488 2
1645 1909 2
1645 2103 2
1647 2600 2
1648 1747 2
1648 2512 2
165 715 2
165 774 2
1650 1996 2
1651 2576 2
1651 2577 2
1651 507 2
1653 741 2
1654 1147 2
1654 1218 2
1654 214 2
1654 2536 2
1655 60 2
1657 1371 2
1657 1568 2
166 2015 2
166 325 2
1660 1194 2
1660 2076 2
1660 500 2
1660 902 2
1662 1393 2
1663 777 2
1666 1283 2
1666 2351 2
1666 640 2
1668 204 2
1669 1657 2
1669 1773 2
1674 1110 2
1674 2287 2
1674 2288 2
1674 634 2
1675 1252 2
1675 1328 2
1675 1393 2
1675 1546 2
1675 1609 2
1675 2161 2
1675 2687 2
1675 595 2
1675 724 2
1675 862 2
1675 89 2
1675 983 2
1676 1202 2
1677 185 2
1677 714 2
1677 882 2
1683 130 2
1683 1976 2
1683 227 2
1683 2276 2
1683 497 2
1683 998 2
1684 1296 2
1684 1548 2
1684 2660 2
1684 536 2
1688 2377 2
1688 707 2
1692 1178 2
1692 1264 2
1692 457 2
1692 560 2
1692 637 2
1693 122 2
1693 2453 2
1695 2057 2
17 1221 2
17 157 2
17 158 2
17 2460 2
17 300 2
17 335 2
17 649 2
17 752 2
17 774 2
170 197 2
170 244 2
1702 1900 2
1702 2489 2
1704 1512 2
1704 2499 2
1705 1416 2
1707 41 2
1709 2 2
1709 2028 2
1709 2240 2
171 106 2
171 177 2
171 1823 2
171 1945 2
171 2003 2
171 222 2
171 2263 2
171 29 2
171 33 2
171 33 2
171 436 2
171 51 2
171 901 2
1712 1401 2
1712 400 2
1713 108 2
1713 2449 2
1715 1274 2
1715 1395 2
1715 1418 2
1719 1799 2
1719 2066 2
1719 2083 2
1719 2096 2
1719 2111 2
172 1439 2
172 1439 2
172 1709 2
172 2010 2
172 2028 2
172 2413 2
172 323 2
172 566 2
172 952 2
1721 1787 2
1722 1470 2
1722 59 2
1723 1395 2
1728 1007 2
1728 1871 2
1728 1872 2
1729 1599 2
1730 1663 2
1733 1361 2
1733 2454 2
1737 1513 2
174 115 2
174 276 2
1740 1603 2
1741 1704 2
1741 2500 2
1747 1582 2
1747 868 2
1748 1960 2
1748 1999 2
175 138 2
175 28 2
1753 1320 2
1753 1340 2
1758 1669 2
1758 1773 2
176 1946 2
176 76 2
1760 1606 2
1760 2360 2
1760 2443 2
1760 265 2
1761 1298 2
1761 1373 2
1761 483 2
1765 1066 2
1765 1125 2
1765 1722 2
1767 2558 2
177 2150 2
177 79 2
1773 2326 2
1773 956 2
1774 1785 2
1774 2034 2
1774 2461 2
1778 1582 2
178 177 2
178 28 2
1782 151 2
1782 2313 2
1782 583 2
1782 742 2
1782 830 2
1785 1318 2
1787 1272 2
1787 1418 2
1789 1370 2
179 131 2
179 314 2
179 92 2
1791 1013 2
1791 1177 2
1791 211 2
1791 226 2
1791 32 2
1791 324 2
1791 467 2
1791 557 2
1791 573 2
1791 885 2
1792 546 2
1792 720 2
1793 2079 2
1793 482 2
1793 507 2
1793 51 2
1793 902 2
1794 1401 2
1794 2134 2
1797 736 2
1799 2100 2
1799 2132 2
1799 2143 2
1799 463 2
18 1055 2
18 1120 2
18 1283 2
18 1522 2
18 2289 2
18 2537 2
18 49 2
180 13 2
180 37 2
180 49 2
1805 2377 2
1806 1416 2
1806 960 2
1807 1741 2
1807 1789 2
1809 2485 2
1810 2493 2
1812 1313 2
1812 459 2
1818 145 2
1818 314 2
1819 186 2
1819 460 2
1819 461 2
1819 462 2
1819 538 2
1819 569 2
1819 743 2
1819 968 2
182 14 2
182 257 2
182 278 2
1820 157 2
1820 164 2
1820 1959 2
1820 806 2
1823 2071 2
1823 2101 2
1823 2105 2
1823 2132 2
1823 2145 2
1823 2145 2
1826 1194 2
1826 1284 2
1826 2003 2
1826 2098 2
1826 2107 2
1826 2394 2
1826 418 2
1826 9 2
1826 959 2
1827 242 2
1827 2453 2
1827 2611 2
1827 2668 2
1827 2669 2
1828 1500 2
1828 1501 2
1828 1829 2
1828 2650 2
1829 1239 2
1829 1500 2
1829 1965 2
1829 453 2
1829 907 2
183 106 2
183 175 2
183 1928 2
183 724 2
1830 2347 2
1835 1544 2
1835 1939 2
1835 2124 2
1837 1969 2
1837 312 2
1838 1931 2
1838 1933 2
1838 1938 2
1838 2507 2
1838 299 2
1839 1177 2
1839 145 2
1839 1853 2
1839 2644 2
1839 2645 2
1839 314 2
184 335 2
1840 1940 2
1840 360 2
1840 933 2
1841 2230 2
1841 825 2
1842 1937 2
1846 1917 2
1846 2679 2
1846 387 2
1847 1103 2
1848 2535 2
185 2170 2
185 285 2
185 692 2
185 714 2
1851 2235 2
1851 2236 2
1852 326 2
1853 1098 2
1853 1186 2
1853 1623 2
1853 1924 2
1853 2644 2
1853 446 2
1853 71 2
186 1931 2
186 659 2
186 771 2
1860 1841 2
1860 1991 2
1866 1153 2
1866 1623 2
1866 2655 2
1868 2662 2
1869 2654 2
1869 2663 2
187 1222 2
187 140 2
187 2178 2
187 2397 2
187 2691 2
187 330 2
187 44 2
187 958 2
187 961 2
1870 653 2
1871 1088 2
1871 1486 2
1871 173 2
1871 2370 2
1871 242 2
1871 2465 2
1871 2466 2
1871 697 2
1872 2466 2
1878 1081 2
1878 1838 2
1878 2535 2
188 1016 2
188 1364 2
188 274 2
188 407 2
188 456 2
188 496 2
188 61 2
188 66 2
188 704 2
188 968 2
1880 685 2
1881 1871 2
1881 373 2
1882 1025 2
1882 1489 2
1883 1050 2
1883 1090 2
1883 1985 2
1883 485 2
1883 958 2
1886 2535 2
189 1210 2
189 1613 2
189 1715 2
189 252 2
189 730 2
189 803 2
1891 1088 2
1891 1880 2
1891 1904 2
1891 2466 2
1891 710 2
1894 1026 2
1894 160 2
1894 1886 2
1894 1922 2
1894 2339 2
1894 2442 2
1894 336 2
1894 783 2
1897 1923 2
1898 1151 2
1898 1880 2
1898 2542 2
1899 1880 2
1899 238 2
190 1186 2
190 21 2
190 226 2
190 465 2
190 537 2
190 567 2
1900 1923 2
1900 2489 2
1900 2543 2
1900 2555 2
1902 2555 2
1903 1605 2
1903 1848 2
1903 1880 2
1903 783 2
1904 1110 2
1904 1289 2
1904 356 2
1908 1131 2
1908 1568 2
1908 1663 2
1908 1730 2
1908 2656 2
1910 33 2
1910 580 2
1910 741 2
1910 788 2
1915 1886 2
1917 112 2
1917 161 2
1919 1374 2
1919 2103 2
1920 1848 2
1920 2462 2
1920 2555 2
1922 1782 2
1922 2313 2
1923 1589 2
1923 161 2
1923 1903 2
1923 929 2
1924 1020 2
1924 1087 2
1924 1136 2
1924 1153 2
1924 1180 2
1924 1201 2
1924 1623 2
1924 1866 2
1924 2328 2
1925 1298 2
1925 1466 2
1925 1926 2
1925 2290 2
1925 2291 2
1925 467 2
1925 542 2
1926 1927 2
1927 1264 2
1927 1267 2
1927 2170 2
1927 723 2
1928 1191 2
1928 163 2
1928 219 2
1928 33 2
1928 47 2
1928 824 2
1929 152 2
1929 47 2
193 255 2
193 412 2
193 461 2
193 519 2
193 74 2
1930 2386 2
1930 463 2
1931 1933 2
1931 1938 2
1931 299 2
1931 31 2
1932 119 2
1932 233 2
1932 2565 2
1932 2586 2
1933 1908 2
1933 1938 2
1933 2656 2
1933 299 2
1933 333 2
1934 1210 2
1934 202 2
1934 2163 2
1934 2163 2
1934 2247 2
1934 238 2
1934 264 2
1934 2698 2
1934 285 2
1935 1219 2
1935 1964 2
1935 689 2
1935 792 2
1936 1937 2
1938 31 2
1938 65 2
1939 1440 2
1939 147 2
1939 1929 2
1939 203 2
1939 2083 2
1939 2087 2
1939 2088 2
1939 2089 2
1939 557 2
1940 1951 2
1940 360 2
1941 203 2
1941 79 2
1942 171 2
1942 199 2
1943 754 2
1944 1955 2
1944 233 2
1944 75 2
1945 241 2
1945 244 2
1945 47 2
1945 92 2
1946 241 2
1946 94 2
1948 232 2
1949 1950 2
195 226 2
195 256 2
1950 1760 2
1950 2292 2
1951 1840 2
1952 1840 2
1952 1940 2
1952 1951 2
1953 241 2
1955 1004 2
1955 1049 2
1955 241 2
1955 291 2
1957 1430 2
1957 1943 2
1958 234 2
1959 1221 2
1959 157 2
1959 17 2
1959 300 2
1959 301 2
196 246 2
1960 2463 2
1960 574 2
1961 1434 2
1961 831 2
1962 1991 2
1962 1992 2
1962 283 2
1962 589 2
1963 200 2
1963 2681 2
1963 285 2
1963 765 2
1963 782 2
1963 990 2
1964 1990 2
1965 109 2
1965 1501 2
1965 1966 2
1965 1967 2
1965 453 2
1966 109 2
1966 1967 2
1966 1967 2
1966 1968 2
1966 2642 2
1966 339 2
1966 87 2
1967 109 2
1967 109 2
1967 143 2
1967 1470 2
1967 1968 2
1967 2642 2
1967 2651 2
1967 339 2
1967 57 2
1967 59 2
1968 1483 2
1968 59 2
1969 1970 2
1969 321 2
1969 358 2
1969 358 2
197 1506 2
197 1942 2
197 1954 2
197 2096 2
197 2136 2
1970 1837 2
1970 1969 2
1970 312 2
1970 358 2
1970 358 2
1971 1973 2
1971 1993 2
1971 2151 2
1971 385 2
1971 563 2
1972 994 2
1973 1566 2
1973 158 2
1973 158 2
1973 17 2
1973 1993 2
1973 1993 2
1973 2075 2
1973 2430 2
1973 334 2
1973 354 2
1973 79 2
1973 819 2
1973 833 2
1973 9 2
1974 248 2
1975 819 2
1976 1108 2
1976 1650 2
1976 1853 2
1976 1977 2
1976 202 2
1976 446 2
1977 1650 2
1977 1683 2
1977 497 2
1978 1960 2
1978 1979 2
1980 1969 2
1980 1969 2
1980 1970 2
1980 321 2
1980 488 2
1980 578 2
1981 1987 2
1983 1050 2
1983 1883 2
1983 1984 2
1983 689 2
1984 1883 2
1984 1985 2
1985 1983 2
1985 689 2
1986 1650 2
1986 1976 2
1986 1977 2
1987 1989 2
1988 1556 2
1988 1982 2
1988 1987 2
1988 1989 2
1989 1556 2
1989 1982 2
199 1523 2
199 2076 2
1990 1203 2
1990 2000 2
1990 831 2
1991 2230 2
1991 248 2
1991 593 2
1991 825 2
1992 1991 2
1992 366 2
1992 589 2
1993 1973 2
1993 2075 2
1993 334 2
1994 1995 2
1994 597 2
1995 251 2
1996 130 2
1996 1976 2
1996 1986 2
1997 1383 2
1997 1501 2
1997 1510 2
1997 1536 2
1997 2155 2
1997 793 2
1998 1719 2
1998 200 2
1998 2107 2
1998 285 2
1998 418 2
2 14 2
2 172 2
2 2010 2
2 2240 2
2 277 2
2 371 2
200 1631 2
200 2060 2
200 2089 2
200 2099 2
200 2107 2
200 285 2
200 418 2
2002 1175 2
2003 1440 2
2003 2053 2
2003 2067 2
2003 2097 2
2003 228 2
2003 231 2
2003 436 2
2003 9 2
2004 2049 2
2005 1029 2
2005 1105 2
2005 1105 2
2005 1234 2
2005 2007 2
2005 2030 2
2005 480 2
2005 689 2
2005 690 2
2005 792 2
2006 2007 2
2006 345 2
2006 983 2
2007 2030 2
2007 345 2
2007 691 2
2008 2028 2
201 1620 2
201 1793 2
201 1939 2
201 200 2
201 2003 2
201 2079 2
201 2094 2
201 2263 2
201 231 2
2010 1439 2
2010 1709 2
2010 2008 2
2010 23 2
2010 322 2
2010 323 2
2010 952 2
2011 510 2
2012 2013 2
2012 277 2
2013 2052 2
2013 2065 2
2013 416 2
2013 475 2
2014 2015 2
2014 325 2
2014 551 2
2015 1005 2
2015 1021 2
2015 1066 2
2015 304 2
2015 306 2
2015 325 2
2015 354 2
2015 394 2
2015 576 2
2016 1201 2
2016 664 2
2017 2020 2
2017 416 2
2018 2019 2
2019 416 2
2019 443 2
2019 829 2
202 1163 2
202 1195 2
202 1848 2
202 2193 2
202 2235 2
202 2693 2
202 486 2
202 623 2
202 704 2
202 710 2
202 789 2
2020 2021 2
2020 510 2
2021 2018 2
2022 757 2
2023 1082 2
2023 1148 2
2023 2044 2
2023 795 2
2024 1684 2
2024 942 2
2025 1623 2
2025 1624 2
2025 2013 2
2025 2031 2
2025 2161 2
2025 2171 2
2025 277 2
2025 504 2
2026 645 2
2026 753 2
2027 1179 2
2027 2007 2
2028 1439 2
2028 172 2
2028 2010 2
2028 2010 2
2028 2240 2
2028 23 2
2028 323 2
2028 352 2
2028 586 2
2029 757 2
2029 770 2
203 117 2
203 195 2
203 948 2
2030 1105 2
2030 2005 2
2030 2005 2
2030 2007 2
2030 345 2
2030 392 2
2030 470 2
2030 480 2
2030 792 2
2031 2037 2
2031 2171 2
2032 193 2
2032 227 2
2032 2273 2
2032 462 2
2033 2034 2
2034 2046 2
2035 1166 2
2035 1327 2
2035 1684 2
2035 2024 2
2036 1388 2
2036 601 2
2036 66 2
2037 2018 2
2037 510 2
2038 2039 2
2039 2034 2
204 33 2
2040 770 2
2041 1309 2
2041 697 2
2041 763 2
2042 1191 2
2042 2040 2
2042 710 2
2043 2009 2
2043 2032 2
2043 2055 2
2043 725 2
2043 864 2
2044 2040 2
2044 770 2
2044 795 2
2044 96 2
2046 2038 2
2047 261 2
2047 490 2
2047 56 2
2048 2047 2
2048 412 2
2048 490 2
2050 2051 2
2050 2150 2
2051 1099 2
2051 1302 2
2051 1711 2
2051 201 2
2051 201 2
2051 2105 2
2052 1226 2
2052 636 2
2053 2054 2
2053 51 2
2053 896 2
2054 2108 2
2054 2431 2
2055 1082 2
2055 1424 2
2055 2056 2
2055 872 2
2056 2043 2
2056 725 2
2056 864 2
2057 1173 2
2057 1298 2
2057 1431 2
2057 201 2
2057 2063 2
2057 33 2
2057 418 2
2057 638 2
2057 778 2
2058 2059 2
2058 2263 2
2058 901 2
2059 2102 2
2061 2491 2
2062 1284 2
2062 1823 2
2062 197 2
2062 2094 2
2062 2119 2
2062 959 2
2063 2064 2
2063 2066 2
2063 2067 2
2063 2382 2
2064 2123 2
2065 587 2
2065 798 2
2066 2057 2
2066 2078 2
2066 2088 2
2066 2382 2
2067 228 2
2067 33 2
2068 373 2
2068 522 2
2068 728 2
2068 84 2
2069 1608 2
2069 2060 2
2069 2078 2
207 1272 2
207 195 2
207 278 2
207 462 2
207 580 2
207 98 2
2070 2071 2
2070 436 2
2071 1823 2
2071 199 2
2071 2077 2
2071 2078 2
2071 2091 2
2071 255 2
2072 564 2
2073 2074 2
2074 1939 2
2074 199 2
2074 1998 2
2074 1998 2
2075 164 2
2075 2330 2
2075 327 2
2075 715 2
2076 199 2
2076 2074 2
2076 403 2
2076 468 2
2076 883 2
2076 959 2
2076 981 2
2077 2101 2
2078 2077 2
2078 2109 2
2078 2137 2
2079 1033 2
2079 1660 2
2079 1799 2
2079 1925 2
2079 2136 2
2079 2326 2
2079 265 2
2079 968 2
2082 453 2
2083 2063 2
2083 2088 2
2083 2096 2
2084 1993 2
2084 2085 2
2084 2297 2
2084 337 2
2085 165 2
2085 184 2
2085 2084 2
2085 335 2
2085 376 2
2086 1169 2
2086 1197 2
2086 635 2
2086 716 2
2087 2083 2
2087 2119 2
2087 2139 2
2087 2418 2
2087 51 2
2088 2105 2
2088 2111 2
2088 2132 2
2088 2138 2
2089 2116 2
2090 1100 2
2090 2093 2
2091 2057 2
2091 2092 2
2091 809 2
2091 981 2
2092 2087 2
2092 2135 2
2093 1100 2
2093 2133 2
2093 734 2
2094 1631 2
2094 203 2
2094 2071 2
2094 2117 2
2094 981 2
2095 444 2
2095 580 2
2096 2067 2
2096 2097 2
2096 2138 2
2097 1194 2
2097 1466 2
2097 1826 2
2097 2111 2
2097 2112 2
2097 2113 2
2097 436 2
2097 51 2
2098 2099 2
2098 2100 2
2099 228 2
21 1177 2
21 257 2
21 503 2
21 545 2
21 640 2
2100 1998 2
2100 435 2
2100 51 2
2100 883 2
2101 1302 2
2101 2069 2
2101 2094 2
2101 2100 2
2101 2109 2
2101 2115 2
2101 2422 2
2102 286 2
2103 238 2
2103 2465 2
2103 491 2
2103 624 2
2104 1100 2
2104 2093 2
2104 734 2
2105 171 2
2105 2094 2
2105 2431 2
2106 1660 2
2106 200 2
2106 2434 2
2107 2050 2
2107 2076 2
2107 2089 2
2107 2100 2
2107 2110 2
2107 2111 2
2108 1799 2
2108 2003 2
2108 2116 2
2108 2118 2
2108 2418 2
2108 2423 2
2108 435 2
2109 1823 2
2109 2101 2
2109 2444 2
211 1177 2
211 132 2
211 2670 2
211 278 2
211 278 2
211 280 2
211 330 2
211 371 2
211 371 2
211 455 2
211 461 2
211 580 2
211 801 2
211 801 2
211 880 2
211 973 2
2110 2061 2
2110 2112 2
2111 2126 2
2111 959 2
2112 2073 2
2112 228 2
2112 436 2
2113 2137 2
2113 2148 2
2113 2382 2
2113 809 2
2113 896 2
2114 171 2
2114 199 2
2116 1284 2
2116 2091 2
2116 2117 2
2116 2138 2
2116 2402 2
2117 2063 2
2118 2053 2
2119 1380 2
2119 160 2
2119 171 2
2119 1998 2
2119 2074 2
2119 235 2
2119 2404 2
212 120 2
212 2248 2
212 2249 2
2120 2108 2
2120 2121 2
2120 2122 2
2121 2119 2
2121 2126 2
2122 1544 2
2122 2064 2
2122 2073 2
2122 2087 2
2122 2401 2
2123 2091 2
2123 2110 2
2123 2124 2
2125 1608 2
2125 981 2
2126 2083 2
2126 2091 2
2126 2120 2
2126 436 2
2126 809 2
2127 2128 2
2127 2129 2
2129 112 2
2129 502 2
2130 286 2
2131 256 2
2132 203 2
2132 2091 2
2132 2100 2
2132 418 2
2133 2104 2
2133 674 2
2134 164 2
2134 400 2
2134 436 2
2135 171 2
2138 2063 2
2138 2077 2
2138 2105 2
2138 2116 2
2138 2434 2
2139 2422 2
2140 2141 2
2140 572 2
2141 415 2
2142 157 2
2142 164 2
2142 164 2
2142 2329 2
2142 2624 2
2142 627 2
2142 648 2
2143 1826 2
2143 2097 2
2144 415 2
2145 2077 2
2145 2092 2
2145 2101 2
2145 398 2
2145 418 2
2145 436 2
2146 2063 2
2146 2083 2
2146 2135 2
2147 2137 2
2149 1284 2
2149 2111 2
2149 2116 2
2149 2147 2
2149 2150 2
2150 155 2
2150 2069 2
2150 901 2
2151 1166 2
2151 132 2
2151 1328 2
2151 1782 2
2151 2152 2
2151 2189 2
2151 640 2
2152 256 2
2152 385 2
2152 574 2
2153 755 2
2153 765 2
2154 159 2
2154 262 2
2155 1501 2
2155 1536 2
2156 2153 2
2157 2156 2
2158 2159 2
2158 2160 2
2159 820 2
2159 953 2
216 180 2
216 1956 2
216 2268 2
216 25 2
216 29 2
216 910 2
2160 953 2
2161 1971 2
2161 2178 2
2161 407 2
2162 21 2
2162 2151 2
2162 2164 2
2162 2189 2
2163 285 2
2163 714 2
2163 726 2
2163 730 2
2163 773 2
2164 1307 2
2164 1620 2
2164 2174 2
2167 1192 2
2167 1624 2
2167 2162 2
2167 2168 2
2168 2164 2
2168 2172 2
2168 2180 2
2168 2397 2
2168 2398 2
2168 461 2
2169 782 2
2170 149 2
2170 1677 2
2170 2271 2
2170 285 2
2170 456 2
2170 461 2
2170 705 2
2170 736 2
2170 98 2
2171 646 2
2172 1328 2
2172 1819 2
2172 44 2
2172 622 2
2172 789 2
2173 496 2
2173 676 2
2173 885 2
2173 886 2
2173 950 2
2174 148 2
2174 2167 2
2174 2168 2
2174 2678 2
2174 2680 2
2174 42 2
2175 905 2
2176 2177 2
2177 687 2
2178 1675 2
2178 2180 2
2178 260 2
2178 830 2
2178 852 2
2178 943 2
2179 2154 2
2179 2186 2
2179 2305 2
2179 2329 2
2179 2331 2
2179 262 2
2179 774 2
2179 787 2
218 615 2
2180 2172 2
2180 2678 2
2180 921 2
2181 2176 2
2182 2176 2
2182 790 2
2183 820 2
2184 2158 2
2184 2159 2
2184 820 2
2186 2345 2
2186 345 2
2186 649 2
2186 749 2
2186 787 2
2187 1510 2
2188 138 2
2188 387 2
2188 423 2
2188 605 2
2188 605 2
2189 122 2
2189 1307 2
2189 1623 2
2189 202 2
2189 2180 2
219 150 2
219 161 2
219 1928 2
219 2245 2
219 2282 2
219 2537 2
219 824 2
219 878 2
2190 2191 2
2191 2153 2
2193 1211 2
2193 1252 2
2193 2695 2
2193 278 2
2193 462 2
2194 2164 2
2194 421 2
2194 921 2
2195 114 2
2195 127 2
2195 130 2
2195 156 2
2195 40 2
2195 41 2
2195 668 2
2196 1197 2
2196 1317 2
2196 2469 2
2196 2540 2
2196 659 2
2196 827 2
2197 1166 2
2197 1819 2
2197 2167 2
2198 820 2
220 232 2
2200 756 2
2201 2202 2
2203 862 2
2204 905 2
2205 504 2
2205 832 2
2206 2157 2
2207 1640 2
2207 2208 2
2207 2318 2
2207 451 2
2207 55 2
2207 703 2
2208 2211 2
2209 114 2
2209 130 2
2209 269 2
2209 41 2
2209 668 2
2209 713 2
2212 882 2
2213 2202 2
2215 2260 2
2215 547 2
2216 2217 2
2217 2170 2
2218 2219 2
2218 2220 2
2218 249 2
2219 2231 2
2219 249 2
2219 284 2
222 1362 2
222 1955 2
222 232 2
222 2373 2
222 2391 2
222 276 2
222 32 2
2220 1482 2
2220 2264 2
2223 2224 2
2223 327 2
2224 2244 2
2225 2227 2
2226 1298 2
2227 2228 2
2228 2423 2
2229 1235 2
2229 642 2
223 158 2
223 184 2
223 2447 2
2230 2032 2
2230 2215 2
2230 825 2
2231 2272 2
2231 2672 2
2231 399 2
2231 97 2
2233 193 2
2233 432 2
2233 539 2
2233 540 2
2234 2224 2
2235 2246 2
2235 2247 2
2235 2514 2
2235 2677 2
2235 516 2
2236 2266 2
2237 202 2
2237 2238 2
2237 412 2
2237 915 2
2238 1163 2
2238 187 2
2238 2679 2
2238 915 2
2239 863 2
224 1148 2
224 96 2
2240 323 2
2241 1064 2
2241 2501 2
2241 2502 2
2242 1925 2
2242 2243 2
2244 113 2
2244 2362 2
2244 327 2
2244 423 2
2245 1928 2
2245 2278 2
2245 2576 2
2246 1851 2
2246 2266 2
2246 2267 2
2247 1851 2
2247 2236 2
2247 289 2
2247 968 2
2248 2249 2
2249 120 2
2249 184 2
2250 1180 2
2250 1839 2
2250 1853 2
2250 2328 2
2250 237 2
2250 2645 2
2250 376 2
2251 1064 2
2252 2239 2
2252 987 2
2253 2219 2
2253 2220 2
2254 1683 2
2255 189 2
2255 252 2
2255 432 2
2255 539 2
2255 704 2
2256 432 2
2257 1298 2
2258 150 2
2258 2228 2
2259 895 2
226 1027 2
226 1243 2
226 1308 2
226 138 2
226 1791 2
226 183 2
226 2016 2
226 254 2
226 287 2
226 354 2
226 638 2
226 664 2
226 736 2
2261 447 2
2261 455 2
2262 2258 2
2263 1194 2
2263 1675 2
2263 1782 2
2263 1797 2
2263 2126 2
2263 959 2
2264 2253 2
2264 2272 2
2265 2032 2
2265 2222 2
2266 2247 2
2266 2701 2
2267 1851 2
2267 2235 2
2267 2236 2
2267 2266 2
2268 281 2
2268 349 2
2269 988 2
227 1025 2
227 1178 2
227 1283 2
227 130 2
227 1440 2
227 1939 2
227 1976 2
227 1996 2
227 320 2
227 330 2
227 519 2
227 557 2
2270 150 2
2272 284 2
2273 432 2
2274 543 2
2275 2229 2
2275 642 2
2275 917 2
2277 1286 2
2278 1267 2
2278 1925 2
2278 2217 2
2278 2279 2
228 1007 2
228 1025 2
228 1166 2
228 12 2
228 1244 2
228 200 2
228 2050 2
228 2067 2
228 2067 2
228 2139 2
228 276 2
228 436 2
228 447 2
228 542 2
228 803 2
228 981 2
2280 987 2
2281 990 2
2282 1191 2
2282 2320 2
2282 2322 2
2282 2467 2
2282 265 2
2283 2284 2
2283 2285 2
2284 118 2
2284 2295 2
2285 149 2
2285 2304 2
2285 723 2
2286 1674 2
2286 2287 2
2286 2288 2
2287 2288 2
2287 507 2
2287 634 2
2287 840 2
2288 1110 2
2289 1120 2
229 1460 2
229 1928 2
229 227 2
229 455 2
229 637 2
229 956 2
2290 2079 2
2290 2326 2
2291 118 2
2291 1290 2
2292 2293 2
2292 2294 2
2292 2295 2
2293 1033 2
2293 1191 2
2293 2519 2
2294 1033 2
2294 2320 2
2295 1760 2
2295 968 2
2296 2084 2
2296 752 2
2296 786 2
2296 806 2
2297 2296 2
2297 700 2
2297 752 2
2298 1252 2
2298 2299 2
2298 2300 2
2299 1252 2
2299 2300 2
2299 2332 2
23 1439 2
23 172 2
23 2008 2
23 90 2
23 952 2
2300 1252 2
2300 1301 2
2300 1438 2
2300 2316 2
2301 1005 2
2301 1021 2
2301 2303 2
2301 2474 2
2301 2532 2
2301 520 2
2302 2301 2
2302 520 2
2303 1005 2
2303 218 2
2303 2649 2
2303 303 2
2304 1191 2
2305 1075 2
2305 1221 2
2306 160 2
2306 714 2
2307 778 2
2308 2328 2
2308 71 2
2309 1209 2
2309 387 2
2309 423 2
2309 507 2
231 2057 2
231 2131 2
231 278 2
231 30 2
231 44 2
231 486 2
231 653 2
231 654 2
231 936 2
2310 1088 2
2310 2311 2
2310 2312 2
2311 1103 2
2311 1654 2
2311 2349 2
2312 1846 2
2312 2235 2
2312 2349 2
2313 1894 2
2313 2339 2
2313 2664 2
2313 336 2
2314 2311 2
2314 2312 2
2315 1428 2
2315 2299 2
2315 2300 2
2315 2351 2
2316 1301 2
2316 2298 2
2316 2315 2
2316 2332 2
2316 2342 2
2317 1456 2
2317 685 2
2317 819 2
2318 2319 2
2318 2320 2
2319 1212 2
2319 131 2
2319 1927 2
2319 2340 2
2319 2559 2
2319 440 2
232 1191 2
232 124 2
232 231 2
232 2610 2
232 653 2
232 913 2
2320 1950 2
2320 736 2
2321 633 2
2322 1265 2
2322 2291 2
2322 2340 2
2322 55 2
2324 2321 2
2324 2325 2
2324 306 2
2325 2321 2
2325 2343 2
2325 605 2
2326 2278 2
2327 1114 2
2327 2328 2
2327 974 2
2328 1098 2
2328 1136 2
2328 1180 2
2328 1623 2
2328 1839 2
2328 2644 2
2328 2645 2
2329 2305 2
2329 2330 2
2329 2331 2
2330 1221 2
2330 2179 2
2330 576 2
2331 2330 2
2332 1252 2
2332 2300 2
2332 2342 2
2333 1364 2
2333 2170 2
2333 265 2
2333 704 2
2334 2233 2
2334 2336 2
2334 539 2
2335 285 2
2335 714 2
2336 1243 2
2336 432 2
2337 2338 2
2337 749 2
2338 2346 2
2338 2352 2
2339 1782 2
2339 1922 2
234 240 2
234 50 2
234 72 2
2340 2079 2
2340 2207 2
2340 723 2
2341 2353 2
2342 1252 2
2342 1428 2
2342 2298 2
2342 2299 2
2342 2351 2
2343 605 2
2343 633 2
2344 2294 2
2345 2352 2
2346 2186 2
2347 2341 2
2347 2348 2
2347 771 2
2348 2358 2
2348 2366 2
2349 1088 2
2349 1103 2
235 160 2
235 673 2
2351 1252 2
2351 1428 2
2351 1794 2
2351 2299 2
2351 2300 2
2351 2316 2
2351 2332 2
2351 2624 2
2352 2346 2
2352 649 2
2353 157 2
2354 2323 2
2355 2307 2
2355 2356 2
2355 2357 2
2356 2307 2
2356 2357 2
2357 2307 2
2357 2676 2
2358 2359 2
2360 2323 2
2360 2344 2
2360 34 2
2361 1674 2
2361 2286 2
2361 507 2
2361 634 2
2363 157 2
2363 2353 2
2363 771 2
2364 1635 2
2364 1635 2
2364 1839 2
2364 1853 2
2364 2250 2
2364 2328 2
2364 237 2
2365 1831 2
2367 2368 2
2367 2369 2
2367 893 2
2368 2369 2
2368 941 2
2369 122 2
2369 2379 2
2369 892 2
2369 941 2
237 1085 2
237 1180 2
237 153 2
237 2172 2
237 2174 2
237 2350 2
237 256 2
237 449 2
237 487 2
237 71 2
237 98 2
2370 1251 2
2370 1750 2
2371 1035 2
2371 2372 2
2371 2373 2
2371 704 2
2371 721 2
2372 222 2
2372 2391 2
2373 2391 2
2373 77 2
2374 1234 2
2374 2005 2
2374 2005 2
2374 2007 2
2374 2030 2
2374 2392 2
2374 481 2
2375 459 2
2376 193 2
2376 2377 2
2377 1132 2
2378 202 2
2378 2664 2
2378 2691 2
2378 432 2
2379 2367 2
2379 2368 2
238 1476 2
238 2252 2
238 549 2
238 720 2
238 741 2
238 789 2
238 915 2
2380 1099 2
2380 2143 2
2380 500 2
2381 2375 2
2381 252 2
2382 200 2
2382 621 2
2383 320 2
2384 463 2
2385 1566 2
2386 2089 2
2387 161 2
2388 1257 2
2388 1329 2
2388 1430 2
2388 2389 2
2389 202 2
2389 2435 2
239 161 2
239 2387 2
2390 977 2
2391 1362 2
2391 2371 2
2391 2468 2
2392 2005 2
2392 2005 2
2392 2030 2
2392 2374 2
2393 1361 2
2393 1750 2
2394 2083 2
2394 2150 2
2395 1624 2
2395 1917 2
2395 1971 2
2395 2151 2
2395 514 2
2396 1093 2
2396 1239 2
2396 925 2
2399 1228 2
24 1882 2
24 2009 2
24 462 2
24 733 2
2400 1393 2
2401 2402 2
2402 2120 2
2405 1283 2
2407 2381 2
2408 2375 2
2408 2407 2
2409 1007 2
2409 1104 2
2409 1283 2
241 184 2
2410 196 2
2411 400 2
2412 1108 2
2412 1109 2
2412 1117 2
2413 172 2
2413 2416 2
2414 449 2
2415 2132 2
2416 2413 2
2416 566 2
2417 1589 2
2417 834 2
2418 1835 2
2418 1939 2
2419 362 2
242 1191 2
242 1220 2
242 1257 2
242 14 2
242 1408 2
242 1578 2
242 1827 2
242 2453 2
242 2611 2
242 2668 2
242 2669 2
242 673 2
242 685 2
2421 2408 2
2421 2420 2
2422 1544 2
2422 2054 2
2422 2431 2
2423 2121 2
2424 1675 2
2424 2309 2
2424 2425 2
2425 139 2
2425 895 2
2427 1431 2
2427 711 2
2428 1631 2
2428 2062 2
2430 159 2
2430 1959 2
2430 721 2
2433 834 2
2434 2051 2
2434 2394 2
2435 2370 2
2435 2432 2
2436 1495 2
2437 393 2
2437 477 2
2438 1495 2
2438 2398 2
2438 2427 2
2439 2406 2
244 1049 2
244 1941 2
244 1947 2
2440 2442 2
2440 459 2
2442 1362 2
2442 1415 2
2442 459 2
2443 2632 2
2445 2057 2
2445 2263 2
2447 1566 2
2447 158 2
2447 184 2
2447 771 2
2448 2092 2
2448 2118 2
2448 2150 2
245 33 2
2450 807 2
2451 1789 2
2451 2452 2
2451 2453 2
2452 1251 2
2452 1552 2
2452 1553 2
2453 1488 2
2453 1827 2
2453 242 2
2453 2492 2
2453 2611 2
2453 2669 2
2455 2613 2
2456 234 2
2457 1472 2
2457 310 2
2458 1364 2
2458 2459 2
2458 823 2
2459 1430 2
246 138 2
246 1819 2
246 1819 2
246 186 2
246 2252 2
246 231 2
246 287 2
246 330 2
246 330 2
246 460 2
246 549 2
246 583 2
246 609 2
2460 1809 2
2461 2061 2
2462 1915 2
2464 2371 2
2465 1645 2
2466 1110 2
2466 1578 2
2466 1880 2
2466 1885 2
2467 1647 2
2467 2245 2
2467 2468 2
2468 2530 2
2469 1524 2
2469 1937 2
2469 2563 2
2470 2487 2
2471 1277 2
2471 2461 2
2472 1842 2
2473 1005 2
2473 218 2
2473 2301 2
2473 2474 2
2473 2649 2
2473 513 2
2474 1005 2
2474 2532 2
2475 1590 2
2475 2461 2
2476 2477 2
2476 2478 2
248 1962 2
248 2556 2
248 283 2
248 318 2
2480 227 2
2481 1807 2
2484 1618 2
2486 1569 2
2486 2539 2
2488 2468 2
2489 161 2
2489 1920 2
2489 929 2
249 2220 2
2490 1753 2
2490 2491 2
2491 1785 2
2494 1648 2
2495 1400 2
2496 2291 2
2497 1758 2
2497 204 2
2498 1349 2
2498 1487 2
2498 2499 2
2498 2500 2
25 2268 2
25 315 2
25 910 2
2500 1704 2
2500 1757 2
2501 2282 2
2503 1285 2
2503 1556 2
2503 2504 2
2503 2505 2
2503 2506 2
2503 658 2
2503 848 2
2504 2506 2
2504 658 2
2506 1285 2
2506 1285 2
2506 2503 2
2506 2665 2
2506 2684 2
2506 848 2
2507 1897 2
2508 1277 2
2508 1785 2
2509 2512 2
251 140 2
251 1935 2
251 2068 2
251 563 2
251 566 2
251 659 2
251 66 2
2510 1267 2
2511 2486 2
2512 2513 2
2513 2601 2
2515 721 2
2516 2517 2
2517 1371 2
2518 1488 2
2518 1645 2
2519 2520 2
252 1525 2
252 1581 2
252 1581 2
252 1609 2
252 1819 2
252 1898 2
252 1903 2
252 246 2
252 362 2
252 439 2
252 462 2
252 730 2
2520 219 2
2520 2646 2
2521 2371 2
2521 2464 2
2522 1910 2
2522 2567 2
2522 560 2
2523 1657 2
2523 546 2
2524 2525 2
2526 2527 2
2527 2628 2
2527 2629 2
2528 1910 2
253 240 2
253 463 2
2531 1654 2
2532 2473 2
2533 1291 2
2534 1576 2
2535 2462 2
2536 1147 2
2537 161 2
2537 1928 2
2537 2538 2
2538 219 2
2538 2537 2
2538 2646 2
254 275 2
2540 1317 2
2540 1937 2
2540 2469 2
2540 496 2
2542 1026 2
2542 1151 2
2542 2462 2
2542 2543 2
2544 1360 2
2545 655 2
2546 1927 2
2546 2547 2
2546 2548 2
255 1430 2
255 1460 2
255 1750 2
255 24 2
255 64 2
2550 1036 2
2551 1758 2
2551 2484 2
2551 2510 2
2552 2553 2
2552 2554 2
2554 2571 2
2555 1908 2
2555 783 2
2556 1009 2
2557 579 2
2558 1629 2
2558 1927 2
2559 1582 2
2559 2494 2
256 1016 2
256 1027 2
256 1104 2
256 135 2
256 1418 2
256 204 2
256 2057 2
256 226 2
256 287 2
256 35 2
256 418 2
256 486 2
256 486 2
256 704 2
256 841 2
256 901 2
2560 1311 2
2560 1606 2
2560 1640 2
2560 2558 2
2560 703 2
2561 1740 2
2562 1590 2
2563 1842 2
2564 2529 2
2565 1701 2
2565 464 2
2566 2489 2
2567 1418 2
2567 189 2
2568 118 2
2568 2550 2
2569 1488 2
2569 1645 2
2569 2518 2
2569 514 2
257 13 2
257 187 2
257 1942 2
257 207 2
257 256 2
257 322 2
257 467 2
257 6 2
257 64 2
257 67 2
257 70 2
257 778 2
257 801 2
2570 1191 2
2570 131 2
2570 2245 2
2570 2571 2
2571 2488 2
2572 1562 2
2572 189 2
2573 1910 2
2573 2516 2
2574 2531 2
2575 2516 2
2576 2278 2
2577 2467 2
2577 2525 2
2577 2570 2
2579 173 2
258 1007 2
258 1899 2
2580 2542 2
2581 2574 2
2581 685 2
2583 2525 2
2584 2049 2
2584 2585 2
2587 1886 2
2587 1895 2
2588 1317 2
2588 1361 2
2588 409 2
2589 2590 2
259 1364 2
259 175 2
259 467 2
259 70 2
259 90 2
2590 2617 2
2592 2577 2
2593 2283 2
2595 2596 2
2597 1668 2
2598 1167 2
2598 2457 2
2598 310 2
2598 819 2
2598 9 2
2598 91 2
2599 2493 2
260 1029 2
260 1186 2
260 383 2
260 537 2
2600 1364 2
2602 1917 2
2603 879 2
2604 2485 2
2604 2605 2
2605 39 2
2606 2527 2
2607 2538 2
2608 1141 2
2609 1430 2
261 138 2
261 2031 2
261 2048 2
261 2140 2
261 252 2
261 256 2
261 477 2
261 490 2
261 530 2
261 563 2
261 736 2
261 798 2
2611 1827 2
2611 242 2
2611 2453 2
2611 2590 2
2611 2612 2
2611 2669 2
2614 1583 2
2614 1747 2
2614 1778 2
2614 2207 2
2615 161 2
2616 551 2
2617 1430 2
2617 2611 2
2617 2618 2
2618 1311 2
2618 1629 2
2619 1368 2
2619 1807 2
262 159 2
2620 1809 2
2621 1737 2
2621 2622 2
2623 131 2
2624 1283 2
2624 1328 2
2624 1623 2
2624 2134 2
2624 627 2
2624 676 2
2625 229 2
2626 1281 2
2626 703 2
2627 1737 2
263 1211 2
263 961 2
2631 1036 2
2631 1589 2
2631 2472 2
2633 214 2
2634 1344 2
2635 1047 2
2636 49 2
2639 1291 2
264 1707 2
264 1813 2
264 2573 2
264 457 2
264 79 2
264 808 2
264 819 2
264 849 2
264 915 2
2640 2641 2
2642 109 2
2642 143 2
2642 57 2
2643 622 2
2644 1186 2
2644 1623 2
2644 1853 2
2644 2328 2
2644 71 2
2645 2364 2
2646 219 2
2646 2537 2
2647 1566 2
2647 334 2
2647 833 2
2648 2643 2
2649 1005 2
2649 513 2
2649 615 2
265 1925 2
265 1925 2
265 1950 2
265 2291 2
265 2667 2
265 542 2
2650 1239 2
2650 1500 2
2650 1829 2
2650 57 2
2651 1470 2
2651 1967 2
2651 339 2
2651 59 2
2652 2653 2
2654 1869 2
2655 1020 2
2655 1623 2
2655 1924 2
2656 1131 2
2658 1398 2
2660 1327 2
2661 1327 2
2661 2110 2
2663 651 2
2664 1163 2
2664 2247 2
2665 2666 2
2666 2684 2
2666 2685 2
2667 1466 2
2667 2079 2
2668 1827 2
2668 242 2
2669 1827 2
2669 242 2
2669 2453 2
2669 2611 2
267 216 2
267 2268 2
267 25 2
267 315 2
267 999 2
2670 211 2
2671 573 2
2672 399 2
2672 97 2
2673 1851 2
2673 2674 2
2675 2357 2
2675 2676 2
2676 2506 2
2676 2665 2
2676 2666 2
2677 202 2
2677 2378 2
2678 2162 2
2679 2688 2
2680 2395 2
2681 2692 2
2681 396 2
2681 765 2
2681 782 2
2682 2168 2
2683 2703 2
2684 2357 2
2684 2665 2
2684 2676 2
2685 2357 2
2685 2665 2
2685 2675 2
2685 2684 2
2686 1211 2
2686 2193 2
2686 263 2
2686 2673 2
2686 449 2
2687 300 2
2687 482 2
2688 1212 2
2688 2689 2
269 152 2
269 40 2
269 712 2
2690 1113 2
2690 1963 2
2690 2681 2
2690 782 2
2692 396 2
2692 765 2
2692 782 2
2693 2694 2
2695 2674 2
2695 573 2
2696 1846 2
2697 1313 2
2697 1812 2
2698 2673 2
2698 2691 2
2698 2695 2
2698 968 2
2699 2231 2
2699 399 2
2700 202 2
2700 2701 2
2702 2703 2
2702 968 2
2703 2694 2
2704 2235 2
2704 961 2
2705 2704 2
2705 961 2
2706 1851 2
2706 2313 2
2706 2705 2
2706 289 2
2707 1846 2
2707 2688 2
2708 2689 2
275 1041 2
275 1154 2
275 1243 2
275 13 2
275 255 2
275 278 2
275 287 2
275 440 2
275 487 2
275 545 2
275 580 2
275 724 2
275 801 2
275 918 2
275 98 2
275 98 2
276 207 2
276 64 2
277 140 2
277 1675 2
277 2 2
277 2019 2
277 2065 2
277 237 2
277 261 2
277 400 2
277 523 2
277 545 2
278 1202 2
278 132 2
278 1675 2
278 1928 2
278 211 2
278 226 2
278 228 2
278 257 2
278 371 2
278 455 2
278 53 2
278 580 2
278 580 2
278 580 2
278 659 2
278 676 2
278 92 2
278 98 2
28 174 2
28 182 2
28 517 2
280 1245 2
280 275 2
280 278 2
280 580 2
280 98 2
281 1114 2
281 216 2
281 224 2
281 267 2
281 28 2
281 349 2
281 354 2
281 999 2
283 1841 2
283 1974 2
283 1991 2
283 1991 2
283 620 2
283 826 2
285 1210 2
285 1440 2
285 146 2
285 149 2
285 1677 2
285 2163 2
285 2306 2
285 329 2
285 418 2
285 436 2
285 692 2
285 714 2
285 726 2
285 730 2
285 730 2
285 741 2
285 842 2
285 874 2
285 9 2
285 961 2
286 1099 2
286 1793 2
286 201 2
287 1027 2
287 1041 2
287 1055 2
287 1104 2
287 195 2
287 28 2
287 622 2
287 623 2
287 627 2
287 724 2
289 1308 2
289 2694 2
289 2704 2
289 573 2
29 131 2
29 77 2
291 203 2
291 232 2
291 948 2
299 1938 2
299 2032 2
299 246 2
299 462 2
299 65 2
3 1 2
3 1472 2
3 808 2
3 9 2
30 232 2
30 654 2
300 1195 2
300 1222 2
300 1328 2
300 1675 2
300 1793 2
300 1820 2
300 1959 2
300 301 2
300 335 2
300 715 2
301 1221 2
301 164 2
301 2075 2
301 300 2
301 648 2
302 159 2
302 159 2
302 2075 2
302 301 2
302 648 2
303 2301 2
303 2302 2
303 520 2
304 2014 2
304 306 2
304 551 2
304 576 2
306 2014 2
306 2321 2
306 2325 2
306 2343 2
306 576 2
31 1933 2
31 333 2
310 1167 2
310 1470 2
310 1472 2
310 1566 2
310 1973 2
310 2647 2
310 3 2
310 57 2
310 9 2
310 91 2
312 1969 2
312 1980 2
314 145 2
314 1818 2
314 1839 2
314 94 2
315 216 2
315 281 2
315 999 2
318 1962 2
318 283 2
318 366 2
32 276 2
32 440 2
32 483 2
32 676 2
32 803 2
32 886 2
32 886 2
32 922 2
320 2383 2
320 323 2
320 329 2
320 547 2
321 1837 2
321 1970 2
321 312 2
321 358 2
322 14 2
322 1439 2
322 1440 2
322 172 2
322 2008 2
322 23 2
322 330 2
322 352 2
322 371 2
322 467 2
322 90 2
322 952 2
323 1709 2
323 2 2
323 320 2
324 1294 2
324 132 2
324 588 2
325 2015 2
325 304 2
327 1221 2
327 158 2
327 1973 2
327 2224 2
327 2234 2
327 301 2
327 310 2
327 354 2
329 285 2
329 320 2
33 1194 2
33 1608 2
33 188 2
33 2061 2
33 2067 2
33 61 2
33 75 2
33 922 2
330 1177 2
330 1364 2
330 1397 2
330 1657 2
330 17 2
330 1791 2
330 2178 2
330 2395 2
330 257 2
330 461 2
330 789 2
330 798 2
330 852 2
330 913 2
330 943 2
330 968 2
333 1838 2
333 1931 2
333 299 2
334 158 2
334 1971 2
334 310 2
334 327 2
334 455 2
334 647 2
334 79 2
335 120 2
335 159 2
335 164 2
335 164 2
335 1820 2
335 186 2
335 2179 2
335 2329 2
335 455 2
335 519 2
336 1782 2
336 2339 2
336 758 2
337 2296 2
337 806 2
339 109 2
339 143 2
339 1965 2
339 1966 2
339 1967 2
339 1967 2
339 2642 2
339 2651 2
339 59 2
339 87 2
34 1760 2
340 360 2
341 1969 2
341 1970 2
341 578 2
345 1145 2
345 2005 2
345 2179 2
345 2374 2
345 260 2
345 383 2
349 216 2
349 25 2
349 267 2
349 315 2
349 999 2
352 14 2
352 1439 2
352 172 2
352 172 2
352 2008 2
352 330 2
352 467 2
352 67 2
352 684 2
352 790 2
352 842 2
352 90 2
352 952 2
353 345 2
354 158 2
354 165 2
354 178 2
354 199 2
354 262 2
354 2647 2
354 334 2
354 552 2
354 79 2
356 1110 2
356 122 2
356 1333 2
356 148 2
356 2252 2
356 538 2
356 610 2
356 863 2
357 289 2
358 1980 2
358 312 2
358 341 2
359 2420 2
359 2421 2
359 362 2
36 163 2
36 201 2
36 207 2
36 956 2
360 108 2
360 1713 2
360 1951 2
360 464 2
362 122 2
362 2421 2
364 1169 2
364 1554 2
364 635 2
364 716 2
364 914 2
366 248 2
366 593 2
369 1589 2
37 1049 2
371 1021 2
371 1202 2
371 132 2
371 1523 2
371 2028 2
371 211 2
371 211 2
371 278 2
371 280 2
371 466 2
371 482 2
371 580 2
371 580 2
371 636 2
371 74 2
371 801 2
371 92 2
371 952 2
372 1624 2
372 455 2
372 560 2
372 827 2
373 1148 2
373 224 2
373 281 2
373 737 2
373 74 2
375 376 2
376 1180 2
376 2084 2
376 2232 2
376 2296 2
376 797 2
376 806 2
383 1205 2
383 122 2
383 1220 2
383 66 2
383 842 2
384 1264 2
384 1344 2
384 1619 2
384 228 2
384 676 2
385 1294 2
385 1676 2
385 2168 2
385 2393 2
385 2395 2
385 2409 2
385 278 2
385 537 2
385 622 2
385 640 2
385 651 2
387 1307 2
387 150 2
387 202 2
387 2167 2
387 2188 2
387 421 2
387 423 2
387 579 2
387 579 2
389 2052 2
39 2493 2
39 788 2
392 1203 2
392 1213 2
392 1234 2
392 2005 2
392 470 2
392 688 2
392 747 2
392 792 2
392 792 2
392 958 2
393 1203 2
393 1220 2
393 242 2
393 392 2
393 42 2
393 477 2
393 747 2
394 166 2
394 325 2
396 1153 2
396 1623 2
396 1636 2
396 2655 2
396 2690 2
396 765 2
398 2094 2
399 975 2
40 152 2
40 68 2
40 712 2
400 1178 2
400 1571 2
400 1883 2
400 251 2
400 574 2
400 635 2
403 1950 2
403 228 2
407 2152 2
407 2164 2
407 557 2
407 827 2
409 1524 2
409 1532 2
409 2472 2
41 152 2
41 2531 2
41 269 2
41 40 2
41 68 2
41 712 2
412 202 2
412 2047 2
412 261 2
412 56 2
412 915 2
415 2081 2
416 477 2
416 798 2
416 831 2
418 1963 2
418 201 2
418 2066 2
418 256 2
418 436 2
418 809 2
418 9 2
418 961 2
418 981 2
42 1257 2
42 1571 2
42 1623 2
42 1624 2
42 2437 2
42 477 2
421 1195 2
421 1675 2
421 237 2
421 53 2
421 577 2
421 610 2
421 646 2
421 851 2
423 202 2
423 2223 2
423 2234 2
423 327 2
423 387 2
423 579 2
423 851 2
429 285 2
429 726 2
430 519 2
430 543 2
432 2032 2
432 2222 2
432 2334 2
432 2400 2
432 540 2
432 557 2
435 1631 2
435 177 2
435 200 2
435 2062 2
435 2067 2
435 2089 2
435 418 2
435 901 2
436 1194 2
436 1440 2
436 1963 2
436 1998 2
436 2079 2
436 2107 2
436 2107 2
436 2109 2
436 2263 2
436 874 2
436 959 2
436 981 2
437 2012 2
439 1183 2
439 124 2
439 132 2
439 1791 2
439 54 2
439 98 2
44 1117 2
44 190 2
44 2161 2
44 2162 2
44 260 2
44 736 2
440 149 2
440 1791 2
440 211 2
440 2291 2
440 2426 2
440 467 2
440 801 2
440 803 2
440 882 2
441 990 2
443 2017 2
443 2068 2
443 564 2
443 580 2
443 609 2
443 844 2
444 466 2
445 112 2
445 1187 2
445 1529 2
445 415 2
445 477 2
445 491 2
446 1177 2
446 1839 2
446 1853 2
446 1924 2
446 2328 2
446 2644 2
446 392 2
446 393 2
446 516 2
446 573 2
446 720 2
447 1489 2
447 211 2
447 574 2
447 601 2
447 623 2
447 800 2
447 983 2
448 2522 2
448 807 2
448 874 2
449 2152 2
449 2313 2
449 246 2
449 2673 2
449 2674 2
449 2706 2
449 371 2
449 538 2
449 569 2
45 643 2
450 1619 2
450 897 2
450 92 2
451 1311 2
451 2559 2
451 450 2
451 92 2
452 1480 2
452 1562 2
452 450 2
452 451 2
453 1483 2
453 1828 2
453 2650 2
453 88 2
455 1108 2
455 1177 2
455 186 2
455 226 2
455 256 2
455 447 2
455 458 2
455 461 2
455 487 2
455 537 2
455 659 2
455 968 2
456 1025 2
456 1104 2
456 1112 2
456 1257 2
456 2193 2
456 2671 2
456 34 2
456 487 2
456 560 2
456 579 2
456 579 2
456 913 2
456 968 2
457 1191 2
457 1505 2
457 384 2
457 849 2
458 275 2
458 560 2
458 741 2
459 1025 2
459 1055 2
459 1622 2
459 2407 2
459 277 2
459 467 2
459 569 2
459 569 2
460 330 2
460 461 2
460 583 2
460 741 2
460 758 2
460 861 2
461 124 2
461 185 2
461 202 2
461 246 2
461 2465 2
461 252 2
461 255 2
461 299 2
461 462 2
461 537 2
461 56 2
461 623 2
461 692 2
462 1408 2
462 2045 2
462 226 2
462 242 2
462 246 2
462 2643 2
462 330 2
462 330 2
462 400 2
462 460 2
462 523 2
462 583 2
462 742 2
462 758 2
462 798 2
463 1033 2
463 1799 2
463 1930 2
463 253 2
464 2556 2
464 987 2
464 997 2
465 1308 2
465 496 2
465 537 2
465 557 2
465 610 2
465 852 2
466 2095 2
466 564 2
466 586 2
466 74 2
467 1013 2
467 1267 2
467 172 2
467 32 2
467 330 2
467 330 2
467 330 2
467 545 2
467 659 2
467 676 2
467 704 2
467 736 2
467 882 2
467 952 2
467 968 2
468 2174 2
468 252 2
468 496 2
468 676 2
468 950 2
47 152 2
47 227 2
47 275 2
47 878 2
470 2005 2
470 689 2
470 792 2
471 1212 2
475 126 2
475 2011 2
476 1013 2
477 2012 2
479 2521 2
48 133 2
48 2311 2
480 2374 2
480 2392 2
480 2393 2
480 690 2
482 1007 2
482 1245 2
482 1867 2
482 1971 2
482 227 2
482 237 2
482 261 2
482 2682 2
482 503 2
482 53 2
482 586 2
482 673 2
482 704 2
483 2057 2
483 384 2
483 440 2
483 450 2
483 456 2
483 500 2
483 798 2
483 803 2
483 882 2
485 2411 2
485 400 2
486 1296 2
486 482 2
486 656 2
486 731 2
486 777 2
486 830 2
487 1025 2
487 1178 2
487 124 2
487 278 2
487 385 2
487 458 2
487 579 2
487 720 2
487 736 2
488 1969 2
488 1970 2
488 341 2
49 131 2
49 220 2
49 28 2
490 193 2
490 412 2
490 74 2
491 2080 2
491 2081 2
495 160 2
495 289 2
495 638 2
496 1307 2
496 1733 2
496 32 2
496 546 2
496 731 2
497 1027 2
497 130 2
497 1976 2
497 1986 2
497 1996 2
497 21 2
497 227 2
497 446 2
497 516 2
497 710 2
50 1942 2
50 253 2
50 35 2
500 1257 2
500 1619 2
500 200 2
500 2076 2
500 2097 2
500 2107 2
500 2113 2
500 2448 2
500 384 2
500 467 2
500 731 2
500 741 2
500 900 2
502 56 2
502 653 2
503 1109 2
503 1117 2
503 190 2
503 487 2
503 519 2
503 537 2
503 545 2
503 569 2
503 586 2
503 66 2
503 98 2
504 2171 2
504 2321 2
504 2324 2
504 2325 2
504 421 2
504 590 2
504 646 2
504 832 2
505 1972 2
507 1110 2
507 2288 2
507 2624 2
507 407 2
507 640 2
51 138 2
51 197 2
51 2003 2
51 2057 2
51 2067 2
51 255 2
51 47 2
51 638 2
510 190 2
510 251 2
513 2474 2
513 615 2
514 1327 2
514 300 2
516 1027 2
516 1203 2
516 1654 2
516 1741 2
516 1810 2
516 623 2
517 1947 2
519 1177 2
519 186 2
519 497 2
519 623 2
519 655 2
519 673 2
519 684 2
519 778 2
519 862 2
519 913 2
520 2303 2
521 2193 2
522 443 2
522 519 2
523 251 2
523 563 2
523 609 2
523 829 2
525 579 2
53 126 2
53 1533 2
53 207 2
53 226 2
53 2578 2
53 62 2
530 2081 2
536 1166 2
536 1794 2
536 2024 2
536 2035 2
536 514 2
536 638 2
537 1108 2
537 1676 2
537 252 2
537 280 2
537 456 2
537 465 2
537 487 2
537 580 2
537 610 2
537 623 2
537 801 2
537 852 2
537 92 2
538 132 2
538 2188 2
538 330 2
538 504 2
538 605 2
538 827 2
539 2221 2
539 2222 2
539 432 2
539 543 2
54 621 2
540 2336 2
540 557 2
542 1302 2
542 1343 2
542 1466 2
542 1505 2
542 2079 2
542 2667 2
542 387 2
542 931 2
543 1243 2
543 2233 2
545 1016 2
545 1151 2
545 1195 2
545 124 2
545 275 2
545 461 2
545 497 2
545 583 2
545 913 2
545 952 2
546 1186 2
546 1267 2
546 1657 2
546 1771 2
546 1791 2
547 193 2
549 1576 2
549 196 2
549 2410 2
55 2319 2
551 306 2
551 576 2
552 1005 2
552 2015 2
552 325 2
555 572 2
556 952 2
557 147 2
557 1791 2
557 1929 2
557 2191 2
557 2334 2
557 2336 2
557 465 2
557 47 2
557 543 2
557 573 2
557 610 2
557 62 2
557 66 2
557 682 2
557 692 2
557 852 2
558 938 2
56 193 2
56 2048 2
56 261 2
56 462 2
56 798 2
560 1112 2
560 1117 2
560 1202 2
560 126 2
560 246 2
560 2480 2
560 455 2
560 487 2
560 487 2
560 64 2
560 720 2
560 741 2
563 124 2
563 187 2
563 2021 2
563 2168 2
563 251 2
563 277 2
563 468 2
563 477 2
563 537 2
563 545 2
563 560 2
563 566 2
563 731 2
563 914 2
566 172 2
566 2103 2
566 2416 2
566 684 2
567 2017 2
567 2019 2
567 684 2
569 1243 2
569 1397 2
569 2026 2
569 2032 2
569 2152 2
569 2440 2
569 252 2
569 299 2
569 459 2
569 460 2
569 462 2
569 507 2
569 728 2
57 1829 2
57 1965 2
57 1966 2
57 339 2
57 453 2
57 907 2
570 2591 2
573 1027 2
573 2200 2
573 2309 2
573 467 2
573 476 2
573 497 2
573 557 2
573 66 2
573 880 2
573 913 2
573 913 2
574 1056 2
574 1883 2
574 211 2
574 2261 2
574 455 2
574 485 2
574 496 2
574 721 2
574 92 2
576 787 2
577 421 2
577 504 2
577 610 2
577 646 2
577 92 2
578 1969 2
578 1970 2
578 358 2
578 488 2
579 1112 2
579 1976 2
579 465 2
579 545 2
579 586 2
579 60 2
579 623 2
579 635 2
579 736 2
579 736 2
58 1483 2
580 132 2
580 211 2
580 211 2
580 278 2
580 322 2
580 352 2
580 371 2
580 440 2
580 519 2
580 595 2
580 637 2
580 801 2
580 84 2
583 1027 2
583 1819 2
583 1976 2
583 2429 2
583 252 2
583 299 2
583 461 2
583 545 2
583 549 2
583 569 2
583 621 2
583 92 2
586 1675 2
586 2 2
586 322 2
586 371 2
586 373 2
586 444 2
586 545 2
586 563 2
586 6 2
586 67 2
586 913 2
587 56 2
588 324 2
588 817 2
588 946 2
588 977 2
588 978 2
589 1991 2
589 248 2
589 318 2
589 366 2
59 1470 2
59 1483 2
59 1722 2
59 1966 2
59 2651 2
59 339 2
59 339 2
590 605 2
590 851 2
593 1962 2
593 1974 2
593 1992 2
593 283 2
593 318 2
593 589 2
595 1555 2
595 1665 2
595 1675 2
595 1849 2
595 237 2
595 2557 2
595 2638 2
595 461 2
595 62 2
595 623 2
595 652 2
595 654 2
595 725 2
595 879 2
597 1587 2
6 257 2
6 586 2
60 107 2
60 1701 2
60 2495 2
601 2036 2
601 211 2
601 2261 2
601 455 2
601 574 2
601 623 2
601 66 2
601 885 2
605 2188 2
605 2324 2
605 306 2
605 387 2
605 504 2
605 538 2
605 577 2
605 633 2
609 2019 2
609 519 2
609 852 2
61 104 2
61 275 2
61 75 2
61 90 2
610 1927 2
610 1971 2
610 257 2
610 421 2
610 537 2
610 545 2
610 557 2
610 577 2
610 579 2
610 852 2
610 92 2
62 1623 2
62 188 2
62 2164 2
62 257 2
62 278 2
62 64 2
62 664 2
62 742 2
620 825 2
621 199 2
621 2076 2
621 2132 2
621 231 2
621 260 2
621 275 2
621 324 2
621 439 2
621 500 2
621 641 2
621 913 2
621 92 2
621 981 2
622 2178 2
622 2393 2
622 583 2
622 830 2
622 921 2
623 130 2
623 1623 2
623 1675 2
623 190 2
623 211 2
623 2261 2
623 2605 2
623 263 2
623 387 2
623 421 2
623 423 2
623 455 2
623 461 2
623 519 2
623 53 2
623 537 2
623 605 2
623 704 2
624 2140 2
627 1623 2
627 449 2
627 731 2
633 2324 2
633 2325 2
633 306 2
633 504 2
634 1110 2
634 840 2
635 1197 2
635 1546 2
635 1554 2
635 1571 2
635 456 2
635 885 2
636 566 2
636 684 2
636 829 2
637 1131 2
637 1160 2
637 1202 2
637 1202 2
637 124 2
637 1505 2
637 2235 2
637 2455 2
637 507 2
637 731 2
637 778 2
638 1173 2
638 1186 2
638 2053 2
638 641 2
638 664 2
639 1015 2
639 1103 2
64 1257 2
64 188 2
64 207 2
64 2152 2
64 257 2
64 462 2
64 465 2
64 742 2
64 956 2
640 1173 2
640 1257 2
640 1328 2
640 2687 2
640 638 2
640 664 2
640 778 2
641 1103 2
641 1137 2
641 1695 2
641 621 2
641 664 2
642 917 2
643 14 2
643 1557 2
643 330 2
643 45 2
645 753 2
646 2031 2
646 2188 2
646 387 2
646 623 2
646 832 2
647 120 2
647 159 2
647 164 2
648 1195 2
648 2075 2
648 2330 2
648 337 2
648 740 2
649 164 2
649 1820 2
649 2297 2
649 2338 2
649 2345 2
649 749 2
65 1838 2
65 1931 2
65 2387 2
65 239 2
65 333 2
650 1186 2
651 1174 2
651 487 2
651 537 2
652 674 2
653 1398 2
653 1869 2
653 30 2
653 371 2
653 482 2
653 502 2
653 654 2
653 655 2
654 124 2
654 874 2
655 124 2
655 232 2
655 30 2
655 654 2
656 2021 2
656 2193 2
656 372 2
656 400 2
656 778 2
658 1285 2
658 1556 2
658 2503 2
659 1212 2
659 1264 2
659 1645 2
659 2370 2
659 455 2
659 519 2
659 573 2
659 66 2
659 673 2
659 777 2
659 880 2
66 1388 2
66 1638 2
66 2036 2
66 2151 2
66 560 2
66 601 2
66 621 2
66 952 2
661 1100 2
661 1793 2
661 2643 2
661 841 2
664 1041 2
664 1201 2
664 1695 2
664 1928 2
664 2057 2
664 207 2
664 228 2
664 275 2
664 287 2
664 33 2
664 418 2
664 70 2
664 714 2
665 1234 2
665 1748 2
668 114 2
668 127 2
668 156 2
668 269 2
668 40 2
668 41 2
668 712 2
67 172 2
67 172 2
67 2028 2
67 23 2
67 322 2
67 330 2
67 352 2
67 371 2
67 467 2
670 2367 2
670 2379 2
671 1480 2
671 803 2
673 1131 2
673 1581 2
673 2193 2
673 335 2
673 455 2
673 458 2
673 649 2
673 659 2
673 777 2
674 2090 2
674 2104 2
674 734 2
675 1280 2
676 1791 2
676 32 2
676 32 2
676 440 2
676 447 2
676 476 2
676 496 2
676 803 2
676 803 2
676 882 2
676 886 2
676 898 2
676 913 2
676 950 2
68 130 2
68 2195 2
68 668 2
68 713 2
682 2200 2
684 1195 2
684 352 2
684 372 2
684 437 2
684 466 2
684 497 2
684 563 2
684 563 2
684 579 2
685 1151 2
685 1170 2
685 128 2
685 1350 2
685 1897 2
685 393 2
685 819 2
685 976 2
687 799 2
688 1234 2
688 1935 2
689 1050 2
689 1054 2
689 1219 2
689 1883 2
689 1984 2
689 2030 2
689 392 2
689 958 2
690 2392 2
690 792 2
691 2005 2
691 2030 2
692 1210 2
692 1434 2
692 1677 2
692 1934 2
692 285 2
692 429 2
692 665 2
692 714 2
692 726 2
692 730 2
694 1191 2
694 161 2
697 1309 2
697 2044 2
70 245 2
700 752 2
700 787 2
703 1606 2
704 182 2
704 189 2
704 1927 2
704 2521 2
704 387 2
704 423 2
704 462 2
704 462 2
704 479 2
704 55 2
704 730 2
704 736 2
704 798 2
704 92 2
705 98 2
707 148 2
707 459 2
709 2166 2
71 1186 2
71 1635 2
71 1839 2
71 2232 2
71 2250 2
71 2327 2
71 2328 2
71 2364 2
71 281 2
71 375 2
710 1039 2
710 1166 2
710 160 2
710 1609 2
710 161 2
710 1782 2
710 486 2
710 569 2
710 763 2
710 795 2
711 1397 2
711 2395 2
712 152 2
712 2209 2
712 68 2
712 713 2
713 114 2
713 127 2
713 130 2
713 2195 2
713 269 2
713 41 2
713 668 2
714 2156 2
714 2170 2
714 692 2
714 765 2
714 842 2
715 2075 2
716 1117 2
716 1169 2
716 1554 2
716 635 2
716 914 2
720 1021 2
720 1177 2
720 1202 2
720 1252 2
720 1286 2
720 226 2
720 264 2
720 371 2
720 497 2
720 516 2
720 651 2
721 1201 2
721 158 2
721 1973 2
721 2464 2
721 2521 2
721 623 2
721 639 2
721 704 2
722 652 2
723 1950 2
723 2136 2
723 2293 2
723 456 2
724 1064 2
724 1195 2
724 2162 2
724 42 2
724 482 2
724 89 2
725 1082 2
725 1197 2
725 2055 2
725 387 2
725 456 2
725 462 2
725 872 2
726 1210 2
726 148 2
726 1934 2
726 285 2
726 730 2
726 730 2
728 1307 2
728 2025 2
728 627 2
728 66 2
730 148 2
730 1525 2
730 1934 2
730 2183 2
730 2255 2
730 285 2
730 692 2
730 773 2
730 803 2
731 1108 2
731 1197 2
731 13 2
731 1692 2
731 2193 2
731 483 2
731 623 2
731 673 2
731 741 2
731 798 2
731 849 2
733 741 2
734 2090 2
736 1195 2
736 1212 2
736 1245 2
736 188 2
736 2025 2
736 2170 2
736 2227 2
736 2283 2
736 2567 2
736 2572 2
736 259 2
736 263 2
736 330 2
736 456 2
736 560 2
736 623 2
736 849 2
736 860 2
736 90 2
737 2040 2
737 2042 2
737 694 2
739 2515 2
739 721 2
74 1226 2
74 2047 2
74 246 2
74 412 2
74 728 2
741 1210 2
741 124 2
741 2306 2
741 2335 2
741 242 2
741 2637 2
741 336 2
741 586 2
741 637 2
741 714 2
741 765 2
741 789 2
741 798 2
741 842 2
741 861 2
741 861 2
742 1166 2
742 1296 2
742 2197 2
742 2432 2
742 252 2
742 482 2
742 486 2
742 536 2
743 2032 2
743 246 2
743 741 2
744 2367 2
744 941 2
747 1242 2
747 89 2
748 89 2
749 2338 2
749 337 2
75 12 2
75 49 2
752 158 2
752 1973 2
752 2075 2
752 2430 2
752 302 2
752 337 2
752 376 2
752 787 2
753 2045 2
753 336 2
756 2199 2
756 952 2
757 2023 2
757 2044 2
757 694 2
758 1408 2
758 569 2
758 733 2
758 74 2
758 861 2
76 1946 2
761 264 2
761 790 2
763 1148 2
763 2040 2
765 2192 2
765 2306 2
765 2335 2
765 2690 2
768 2441 2
77 222 2
77 2372 2
770 1309 2
770 1881 2
770 763 2
771 157 2
773 285 2
774 1075 2
774 2331 2
777 1025 2
777 1025 2
777 1244 2
777 1308 2
777 1546 2
777 1581 2
777 1908 2
777 601 2
777 637 2
778 1166 2
778 2051 2
778 2196 2
778 2355 2
778 2356 2
778 2357 2
778 2395 2
778 456 2
778 638 2
778 664 2
778 728 2
782 396 2
782 765 2
783 1900 2
783 2489 2
783 2535 2
785 817 2
785 977 2
785 978 2
787 2075 2
787 2084 2
787 2154 2
787 2296 2
787 2297 2
787 262 2
787 337 2
787 345 2
787 376 2
788 1810 2
788 2578 2
789 196 2
789 260 2
789 277 2
789 372 2
789 462 2
789 563 2
789 707 2
789 736 2
789 753 2
789 778 2
79 1221 2
79 1505 2
79 158 2
79 2647 2
79 327 2
79 37 2
79 92 2
790 324 2
790 573 2
790 952 2
790 953 2
792 1219 2
792 2005 2
792 2030 2
792 2374 2
792 689 2
792 689 2
792 793 2
792 958 2
793 1501 2
793 1510 2
793 1519 2
793 1536 2
793 2030 2
793 2155 2
795 2041 2
795 696 2
797 165 2
797 2142 2
798 1257 2
798 1257 2
798 1495 2
798 1971 2
798 2013 2
798 372 2
8 631 2
801 13 2
801 130 2
801 14 2
801 204 2
801 211 2
801 275 2
801 278 2
801 537 2
801 64 2
801 973 2
801 98 2
803 1210 2
803 1505 2
803 1791 2
803 2255 2
803 32 2
803 467 2
803 704 2
803 885 2
806 1221 2
806 157 2
806 1959 2
806 2085 2
806 2297 2
806 301 2
806 335 2
806 376 2
806 752 2
806 764 2
806 797 2
807 449 2
807 495 2
807 874 2
808 819 2
808 96 2
809 33 2
813 1188 2
813 2503 2
813 2506 2
815 2484 2
817 1294 2
817 132 2
817 588 2
817 74 2
817 785 2
819 1167 2
819 158 2
819 1971 2
819 1973 2
819 2430 2
819 2457 2
819 310 2
819 833 2
819 9 2
819 91 2
820 2159 2
820 2160 2
820 2165 2
820 714 2
820 953 2
823 2509 2
824 2502 2
825 1860 2
825 283 2
825 826 2
826 620 2
829 1187 2
83 1440 2
83 147 2
83 1939 2
83 227 2
83 557 2
830 112 2
830 1222 2
830 53 2
831 2011 2
831 2012 2
831 574 2
831 692 2
831 844 2
832 2025 2
832 2171 2
833 1123 2
833 1406 2
833 1566 2
833 2317 2
833 327 2
833 334 2
833 354 2
833 685 2
833 976 2
834 1222 2
834 1495 2
834 2173 2
834 32 2
834 468 2
834 803 2
834 914 2
836 2427 2
836 711 2
838 567 2
838 74 2
84 443 2
84 609 2
840 2288 2
840 2361 2
841 1013 2
841 385 2
842 1222 2
842 160 2
842 2306 2
842 2335 2
842 385 2
842 42 2
842 640 2
844 656 2
848 813 2
849 1480 2
849 188 2
849 2304 2
849 265 2
849 3 2
849 384 2
849 42 2
849 741 2
849 79 2
849 91 2
851 51 2
851 605 2
852 356 2
852 465 2
852 537 2
852 557 2
852 610 2
852 646 2
852 863 2
852 943 2
861 186 2
861 462 2
861 56 2
861 569 2
862 264 2
862 357 2
862 371 2
862 545 2
862 564 2
862 580 2
862 586 2
862 742 2
862 790 2
863 2252 2
863 330 2
864 1082 2
864 2055 2
864 872 2
868 1265 2
87 143 2
87 1483 2
87 1965 2
87 1967 2
87 1968 2
87 2642 2
87 339 2
87 59 2
872 873 2
873 864 2
874 1214 2
874 1491 2
874 1998 2
874 200 2
874 9 2
878 161 2
878 219 2
879 1321 2
88 1239 2
88 1483 2
880 1027 2
880 14 2
880 190 2
880 211 2
880 421 2
880 467 2
880 659 2
882 1677 2
882 1934 2
882 2153 2
882 32 2
882 322 2
882 331 2
882 885 2
883 1321 2
883 1373 2
883 2094 2
883 2415 2
883 51 2
883 879 2
883 900 2
885 1729 2
885 207 2
885 440 2
885 468 2
885 483 2
885 676 2
885 676 2
885 834 2
885 886 2
886 468 2
886 496 2
886 676 2
886 834 2
886 950 2
89 1179 2
89 1218 2
89 122 2
89 2189 2
89 393 2
89 446 2
89 640 2
891 1007 2
891 542 2
891 731 2
892 122 2
892 2368 2
892 670 2
893 122 2
893 2369 2
895 2060 2
895 2087 2
895 789 2
895 851 2
895 939 2
896 2107 2
896 2108 2
896 2109 2
896 2405 2
897 1391 2
897 1418 2
898 32 2
9 1167 2
9 1194 2
9 1214 2
9 1491 2
9 200 2
9 2457 2
9 2515 2
9 285 2
9 436 2
9 436 2
9 448 2
9 807 2
9 819 2
9 91 2
90 1364 2
90 172 2
90 188 2
90 2010 2
90 2028 2
90 467 2
900 2074 2
900 2109 2
900 2113 2
901 1826 2
901 2078 2
901 2105 2
901 2106 2
901 2113 2
902 436 2
905 148 2
907 1470 2
907 310 2
91 1472 2
91 264 2
91 3 2
91 808 2
910 267 2
910 281 2
910 349 2
910 999 2
913 1013 2
913 1283 2
913 1791 2
913 227 2
913 231 2
913 30 2
913 455 2
913 456 2
913 467 2
913 53 2
913 653 2
913 655 2
913 707 2
914 112 2
914 2086 2
914 2433 2
915 1163 2
915 1212 2
915 1934 2
915 202 2
915 720 2
917 1235 2
918 275 2
918 72 2
92 1055 2
92 1344 2
92 1380 2
92 1480 2
92 228 2
92 2464 2
92 371 2
92 452 2
92 537 2
92 546 2
92 577 2
92 610 2
92 75 2
92 879 2
92 93 2
921 1782 2
921 2168 2
921 2174 2
921 2197 2
921 610 2
921 720 2
922 12 2
925 1093 2
925 1239 2
925 2396 2
929 1886 2
929 1900 2
93 1944 2
93 204 2
93 221 2
93 244 2
931 1202 2
931 1480 2
931 79 2
931 913 2
933 1940 2
933 1951 2
933 1952 2
933 61 2
935 148 2
935 1904 2
935 1919 2
935 710 2
936 441 2
938 1329 2
938 2083 2
938 900 2
939 2087 2
939 851 2
94 12 2
94 1945 2
94 244 2
94 35 2
94 93 2
941 122 2
941 2379 2
941 892 2
942 1296 2
942 1327 2
942 1684 2
942 2035 2
942 536 2
942 742 2
943 1191 2
943 1202 2
943 122 2
943 2239 2
943 2252 2
946 1294 2
946 132 2
946 588 2
948 175 2
948 204 2
948 92 2
950 803 2
950 834 2
952 322 2
952 545 2
952 580 2
952 586 2
952 66 2
952 67 2
952 90 2
953 1810 2
953 2158 2
953 2184 2
953 2185 2
953 448 2
955 913 2
956 1376 2
956 183 2
956 2291 2
956 60 2
958 1219 2
958 1983 2
958 1985 2
958 2398 2
958 2429 2
958 306 2
958 689 2
959 1719 2
959 1761 2
959 2003 2
959 2067 2
959 2132 2
959 2415 2
959 902 2
959 960 2
96 1871 2
96 2022 2
96 696 2
96 91 2
960 1564 2
960 1715 2
960 1729 2
961 1162 2
961 1963 2
961 2693 2
961 436 2
961 9 2
968 149 2
968 1707 2
968 1976 2
968 2313 2
968 2326 2
968 2613 2
968 2686 2
968 440 2
968 557 2
968 98 2
97 2264 2
97 399 2
97 975 2
972 2254 2
973 211 2
973 801 2
974 1 2
974 1157 2
974 1214 2
974 1491 2
974 448 2
975 2231 2
975 2672 2
975 2699 2
976 1123 2
976 1406 2
976 2317 2
977 132 2
977 588 2
977 785 2
978 1294 2
978 132 2
978 588 2
978 785 2
98 1257 2
98 1308 2
98 132 2
98 1380 2
98 1583 2
98 21 2
98 2170 2
98 2323 2
98 257 2
98 275 2
98 278 2
98 34 2
98 440 2
98 456 2
98 487 2
98 496 2
98 503 2
98 53 2
98 580 2
981 2061 2
981 2139 2
981 256 2
981 500 2
981 809 2
983 2007 2
983 446 2
983 462 2
987 122 2
987 2239 2
987 2403 2
987 356 2
987 744 2
991 1007 2
991 992 2
991 993 2
992 1007 2
993 1002 2
994 505 2
998 2254 2
999 216 2
999 2268 2
999 25 2
1001 2851 3
1004 241 3
1004 918 3
1007 1489 3
1007 777 3
1009 1799 3
1012 651 3
1013 798 3
1013 913 3
1021 1891 3
1021 2919 3
1021 720 3
1025 1289 3
1025 1489 3
1025 1578 3
1025 1919 3
1025 1919 3
1026 1136 3
1026 1919 3
1026 2555 3
1026 3018 3
1026 784 3
1026 920 3
1027 1032 3
1027 1108 3
1027 124 3
1027 673 3
1030 383 3
1030 42 3
1032 1108 3
1032 1244 3
1032 1533 3
1032 242 3
1032 275 3
1032 2927 3
1032 673 3
1032 818 3
1033 340 3
1035 1891 3
1035 334 3
1036 2487 3
1036 2972 3
1039 224 3
1039 2655 3
1039 2763 3
1039 674 3
1039 722 3
104 115 3
104 1973 3
104 207 3
104 244 3
104 375 3
104 485 3
1042 1064 3
1042 1100 3
1042 3000 3
1045 1230 3
1045 2643 3
1045 3014 3
1046 1042 3
1046 1055 3
1046 661 3
1047 1063 3
1047 1103 3
1053 2250 3
1053 2985 3
1053 395 3
1054 1214 3
1054 1921 3
1054 2005 3
1054 2296 3
1054 792 3
1054 793 3
1054 827 3
1054 827 3
1055 652 3
1055 661 3
106 70 3
1061 1220 3
1061 2030 3
1061 393 3
1061 996 3
1062 1047 3
1062 2994 3
1063 1062 3
1063 1101 3
1063 1143 3
1063 3000 3
1064 183 3
1066 1272 3
1066 1344 3
1066 860 3
107 1942 3
107 197 3
1072 138 3
1072 2854 3
1073 2282 3
1073 2940 3
1073 706 3
1077 478 3
1077 690 3
1086 1053 3
1086 2250 3
1086 2985 3
1086 989 3
1087 1039 3
1087 1201 3
1087 715 3
1088 1025 3
1088 1026 3
1088 1408 3
1088 1919 3
1088 1919 3
1088 2392 3
1088 242 3
1088 685 3
1088 777 3
1088 788 3
109 143 3
109 1828 3
109 908 3
1090 2186 3
1098 197 3
1098 49 3
1099 1544 3
1099 2069 3
1099 2088 3
1099 3006 3
1100 1046 3
1100 1055 3
1100 1064 3
1100 1116 3
1100 1200 3
1100 287 3
1100 507 3
1100 674 3
1100 759 3
1100 983 3
1101 1047 3
1101 1062 3
1101 3000 3
1103 1062 3
1103 1063 3
1103 1141 3
1103 515 3
1104 1617 3
1104 1852 3
1104 1942 3
1104 2024 3
1104 316 3
1104 61 3
1104 627 3
1108 1308 3
1108 1373 3
1108 487 3
1108 659 3
111 2802 3
111 2803 3
111 523 3
111 557 3
111 568 3
111 687 3
111 842 3
1110 2442 3
1112 452 3
1112 707 3
1114 1086 3
1114 2308 3
1114 2364 3
1114 71 3
1114 989 3
1116 1039 3
1116 1055 3
1116 1201 3
1116 661 3
1116 715 3
1117 112 3
1118 1289 3
1118 1372 3
1118 1880 3
1118 783 3
1118 929 3
112 1200 3
112 251 3
112 2722 3
112 2808 3
112 862 3
1121 1847 3
1121 983 3
1122 1141 3
1123 1966 3
1123 690 3
1123 819 3
113 1631 3
113 17 3
113 2121 3
113 399 3
113 436 3
1131 1025 3
1131 1408 3
1131 1882 3
1131 777 3
1136 2902 3
1136 515 3
114 128 3
114 130 3
114 152 3
114 3038 3
114 3043 3
1141 1047 3
1141 226 3
1141 3000 3
1141 494 3
1143 1101 3
1143 2994 3
1145 193 3
1145 2005 3
1145 2179 3
1145 383 3
1146 1265 3
1146 2536 3
1147 1599 3
1147 2536 3
1147 2942 3
1148 1197 3
1148 1684 3
1149 1853 3
1149 314 3
115 106 3
1151 1372 3
1158 1713 3
1158 1980 3
1158 358 3
116 281 3
1160 1344 3
1160 1871 3
1166 2792 3
1166 942 3
1168 1572 3
1168 59 3
1173 1201 3
1173 1231 3
1173 778 3
1175 1054 3
1175 1219 3
1175 2005 3
1175 827 3
1177 229 3
1177 64 3
1177 685 3
1178 1118 3
1178 1397 3
1178 1476 3
1178 2311 3
1178 457 3
1178 64 3
118 2496 3
1180 1149 3
1180 1853 3
1180 2644 3
1180 579 3
1183 2744 3
1183 2745 3
1183 641 3
1184 1148 3
1184 238 3
1184 545 3
1184 687 3
1184 880 3
1185 2005 3
1185 2030 3
1185 2711 3
1185 996 3
1187 466 3
1187 563 3
1187 74 3
1188 2503 3
1188 2992 3
119 1958 3
1191 2527 3
1191 2930 3
1194 113 3
1194 201 3
1194 2382 3
1195 1328 3
1197 2127 3
1197 2714 3
1197 364 3
12 115 3
12 2070 3
12 278 3
12 93 3
120 647 3
1200 1121 3
1200 1847 3
1200 2722 3
1200 610 3
1200 968 3
1200 983 3
1201 1039 3
1201 1231 3
1201 124 3
1201 2405 3
1201 2643 3
1201 778 3
1202 1027 3
1202 1533 3
1202 1636 3
1202 188 3
1202 257 3
1202 371 3
1202 455 3
1202 467 3
1202 622 3
1208 60 3
121 1222 3
121 2180 3
1210 148 3
1210 1657 3
1210 2778 3
1211 3008 3
1212 2691 3
1212 908 3
1214 1234 3
1214 1921 3
1214 2392 3
1214 691 3
1219 1054 3
1219 1968 3
1219 691 3
1219 793 3
122 1428 3
122 670 3
122 987 3
1220 1088 3
1220 1090 3
1220 2358 3
1220 2392 3
1221 104 3
1221 2075 3
1221 2330 3
1221 334 3
1221 335 3
1221 649 3
1222 1104 3
1222 1296 3
1222 1328 3
1222 1675 3
1222 2168 3
1222 2180 3
1222 2189 3
1222 3024 3
1222 385 3
1230 2643 3
1231 1695 3
1231 638 3
1231 641 3
1231 778 3
1234 1362 3
1234 145 3
1234 1990 3
1234 2030 3
1234 2392 3
1235 2852 3
1235 959 3
124 1697 3
124 1711 3
124 280 3
124 330 3
124 455 3
124 458 3
124 560 3
124 621 3
124 676 3
124 731 3
124 885 3
1243 1418 3
1243 17 3
1243 1806 3
1243 2735 3
1244 462 3
1244 487 3
1244 637 3
1244 798 3
1245 1235 3
1245 124 3
1245 1480 3
1245 1871 3
1245 2176 3
1245 2196 3
1245 278 3
1245 280 3
1245 545 3
125 1929 3
125 68 3
1250 525 3
1251 1339 3
1252 602 3
1252 818 3
1252 89 3
1257 1178 3
1257 1480 3
1257 2311 3
1257 849 3
1257 853 3
126 2210 3
126 45 3
1261 1372 3
1261 1460 3
1261 2963 3
1264 133 3
1264 2136 3
1264 256 3
1264 2939 3
1265 1147 3
1265 2512 3
1265 742 3
1267 2916 3
1267 2925 3
1267 48 3
1269 2814 3
127 114 3
127 223 3
127 3036 3
127 3037 3
127 39 3
127 41 3
127 712 3
127 713 3
1270 1266 3
1270 2916 3
1273 2572 3
1273 960 3
1274 1530 3
1275 1492 3
1275 2483 3
128 127 3
128 223 3
128 269 3
128 39 3
128 41 3
128 712 3
1281 2918 3
1284 2138 3
1284 2405 3
1286 1021 3
1286 2916 3
1289 148 3
1289 710 3
1289 784 3
1290 2559 3
1291 2605 3
1296 1852 3
1296 627 3
1298 1930 3
1298 2218 3
13 1027 3
13 1244 3
13 1791 3
13 275 3
13 537 3
13 673 3
13 913 3
13 98 3
130 127 3
130 197 3
130 223 3
130 2413 3
130 39 3
130 41 3
130 51 3
1302 199 3
1305 483 3
1307 1763 3
1307 1812 3
1307 2196 3
1308 1245 3
1308 1380 3
1308 1397 3
1308 1581 3
1308 371 3
1309 737 3
1309 770 3
131 237 3
131 2636 3
131 517 3
131 721 3
131 77 3
1311 2920 3
1311 2921 3
1313 1599 3
1313 1812 3
1313 459 3
1315 1340 3
1315 2461 3
1317 1618 3
1318 1307 3
1318 2964 3
132 124 3
132 1245 3
132 257 3
132 452 3
132 545 3
132 560 3
132 573 3
132 913 3
132 92 3
1323 2920 3
1326 1487 3
1328 1222 3
1328 1675 3
1328 2180 3
133 107 3
133 1941 3
133 2170 3
133 219 3
133 256 3
1333 1903 3
1334 2611 3
1335 2929 3
1335 570 3
1339 1757 3
1339 2541 3
1340 1355 3
1340 1715 3
1341 1281 3
1341 2391 3
1343 1505 3
1344 1136 3
1344 1257 3
1344 1373 3
1344 1406 3
1344 1428 3
1344 1871 3
1344 1949 3
1344 2902 3
1344 704 3
1344 920 3
1345 1273 3
1345 1370 3
1345 1530 3
1345 1564 3
1345 1619 3
1345 228 3
1345 384 3
1349 1633 3
1349 1737 3
135 1104 3
1350 1741 3
1350 1742 3
1350 1757 3
1350 2917 3
1350 600 3
1354 2496 3
1354 2953 3
1355 2915 3
1356 1036 3
1356 2034 3
1360 2966 3
1360 2972 3
1362 1578 3
1362 1891 3
1362 2296 3
1363 219 3
1363 53 3
1366 2822 3
1366 2824 3
1366 2825 3
1369 2614 3
1370 1597 3
1370 264 3
1370 671 3
1371 1693 3
1371 1789 3
1372 2555 3
1373 1202 3
1373 264 3
1374 1110 3
1374 1317 3
1374 1618 3
1374 1891 3
1374 356 3
1377 118 3
1377 1354 3
138 1112 3
138 1440 3
138 1963 3
138 35 3
138 765 3
1380 1480 3
1389 2640 3
139 1202 3
139 160 3
139 673 3
1390 1326 3
1390 1633 3
1391 1257 3
1391 1380 3
1391 2311 3
1393 883 3
1394 1377 3
1394 1701 3
1394 1932 3
1396 1334 3
1397 1373 3
1397 1480 3
1397 2196 3
1397 64 3
1398 653 3
14 580 3
1400 118 3
1400 1377 3
1400 2928 3
1401 653 3
1401 961 3
1405 818 3
1406 142 3
1406 1983 3
1406 2901 3
1406 515 3
1408 1308 3
1408 1894 3
1408 238 3
1408 3018 3
1408 637 3
1408 777 3
1408 788 3
1415 401 3
1415 61 3
1415 987 3
1416 1370 3
1416 149 3
1416 228 3
1416 264 3
1416 671 3
1417 1757 3
1417 2932 3
1418 1272 3
1418 1273 3
1418 1562 3
1418 1703 3
1418 2023 3
1418 256 3
142 1456 3
142 2015 3
142 9 3
1421 1146 3
1421 182 3
1421 36 3
1421 48 3
1428 1252 3
1428 2551 3
1428 402 3
1428 808 3
1428 9 3
143 1501 3
143 398 3
143 908 3
1430 2245 3
1430 2927 3
1431 1305 3
1438 2090 3
1438 2826 3
1438 507 3
1438 652 3
1438 663 3
144 68 3
1440 1963 3
1440 2107 3
1440 51 3
1440 641 3
1440 731 3
145 1054 3
145 1214 3
145 2296 3
145 827 3
1450 1366 3
1450 2821 3
1450 2822 3
1456 1032 3
1456 1035 3
1456 1472 3
1456 310 3
1456 818 3
1456 819 3
1456 872 3
1456 91 3
1458 2319 3
1458 885 3
1458 931 3
1461 1478 3
1461 1733 3
1461 189 3
1466 337 3
1466 352 3
1466 515 3
1472 1035 3
1472 91 3
1476 929 3
1479 1272 3
1479 155 3
1479 1562 3
1479 1600 3
148 1025 3
148 1871 3
148 2156 3
148 450 3
148 692 3
148 875 3
1480 1553 3
1480 1747 3
1480 1768 3
1480 546 3
1481 1431 3
1481 1657 3
1481 384 3
1487 1349 3
1487 1633 3
1488 1317 3
1488 1478 3
1488 2952 3
1489 1178 3
1489 1244 3
1489 1645 3
1489 1885 3
1489 2317 3
1489 461 3
1489 462 3
149 2227 3
149 440 3
149 483 3
149 583 3
149 92 3
1495 161 3
1495 788 3
1498 2803 3
1498 2995 3
1499 340 3
15 104 3
15 2710 3
150 2391 3
150 2920 3
150 451 3
1501 109 3
1501 87 3
151 2736 3
1512 1787 3
1512 595 3
1512 955 3
1513 1326 3
1513 1789 3
1514 885 3
152 128 3
152 2209 3
152 713 3
1522 1021 3
1522 2342 3
1524 1261 3
1529 1851 3
1529 399 3
153 162 3
153 162 3
153 1719 3
1530 228 3
1530 264 3
1531 2461 3
1532 1613 3
1532 2469 3
1532 681 3
1532 853 3
1533 1108 3
1533 1244 3
1533 371 3
1533 487 3
1533 637 3
1534 1569 3
1544 1461 3
1544 1514 3
1544 1552 3
1544 1631 3
1544 1998 3
1544 24 3
1544 687 3
1549 1747 3
155 1440 3
155 1729 3
155 201 3
155 2963 3
155 32 3
1552 1461 3
1552 160 3
1553 1391 3
1553 1393 3
1557 1290 3
1561 2932 3
1562 1066 3
1564 1343 3
1564 1808 3
1564 885 3
1568 1544 3
1568 2736 3
1568 2760 3
1568 2779 3
157 120 3
157 1221 3
157 164 3
157 1993 3
157 2075 3
157 2305 3
157 335 3
1570 2565 3
1572 1828 3
1572 2651 3
1572 2765 3
1576 1633 3
1578 1728 3
1578 1885 3
1578 238 3
1579 1066 3
158 2648 3
1580 233 3
1581 1131 3
1581 1244 3
1581 1533 3
1582 1323 3
1582 2391 3
1584 1641 3
1584 2819 3
1584 3019 3
1584 310 3
1589 2914 3
1589 2969 3
159 17 3
159 1973 3
159 1993 3
159 2297 3
159 2661 3
159 2775 3
159 334 3
159 627 3
1592 1549 3
1592 2370 3
1592 2867 3
1592 2881 3
160 1025 3
160 1733 3
160 1919 3
160 199 3
160 238 3
160 467 3
160 622 3
1600 1273 3
1600 1418 3
1600 1431 3
1602 2496 3
1605 1894 3
1605 1900 3
1605 2587 3
1608 3003 3
1609 1393 3
161 2580 3
161 356 3
161 935 3
1618 1516 3
1618 1742 3
1619 1305 3
1619 1512 3
1619 1787 3
1619 2057 3
1619 803 3
162 19 3
162 267 3
162 2776 3
162 3011 3
162 3020 3
1621 1360 3
1621 2959 3
1622 1313 3
1622 1812 3
1622 459 3
1623 2189 3
1623 237 3
1623 396 3
1623 44 3
1623 482 3
1623 557 3
1624 385 3
1628 2962 3
163 1421 3
163 178 3
163 260 3
1631 178 3
1631 2003 3
1635 1114 3
1635 1853 3
1635 71 3
1635 989 3
1636 1307 3
1636 1763 3
1636 2196 3
1636 2907 3
1637 542 3
164 1221 3
1640 2567 3
1640 2951 3
1641 1584 3
1641 2819 3
1641 3019 3
1641 310 3
1643 1275 3
1644 1317 3
1644 1374 3
1645 1178 3
1645 1397 3
1645 1581 3
1645 637 3
1645 673 3
1646 1582 3
1646 2391 3
1646 2509 3
165 1820 3
1654 2942 3
1657 1245 3
1657 1431 3
1657 1458 3
1657 148 3
1657 1808 3
1657 2774 3
1657 2974 3
1657 452 3
1657 692 3
166 1456 3
166 819 3
1668 2958 3
1670 1290 3
1670 815 3
1675 1195 3
1675 2151 3
1675 2168 3
1675 2180 3
1675 2189 3
1675 2834 3
1675 385 3
1677 2723 3
1677 441 3
1677 465 3
1677 831 3
1681 2940 3
1683 201 3
1684 1166 3
1684 2872 3
1692 2487 3
1693 2499 3
1695 1201 3
1695 2643 3
1695 640 3
1695 664 3
1697 1317 3
1697 1777 3
1697 500 3
1697 720 3
17 1103 3
17 1221 3
17 1466 3
17 155 3
17 186 3
17 260 3
17 2737 3
17 334 3
170 241 3
1701 2953 3
1702 1362 3
1702 784 3
1703 1579 3
1703 1600 3
1703 956 3
171 1544 3
171 2091 3
171 2138 3
171 275 3
171 486 3
1711 32 3
1711 357 3
1711 66 3
1711 914 3
1713 313 3
1713 578 3
1715 2461 3
1719 113 3
1719 122 3
1719 2100 3
1719 2105 3
1719 2415 3
1719 418 3
1721 1621 3
1721 2534 3
1721 2970 3
1722 2644 3
1722 340 3
1722 59 3
1728 461 3
1728 783 3
1729 1479 3
1733 1544 3
1733 1552 3
1733 1742 3
1735 1981 3
1735 2763 3
1735 2782 3
1735 848 3
1737 2968 3
1738 2764 3
174 517 3
1740 1949 3
1740 2954 3
1741 1326 3
1741 2481 3
1742 1374 3
1742 1644 3
1747 1763 3
1752 1313 3
1753 1589 3
1753 2949 3
1757 2599 3
1758 1270 3
1758 1400 3
1760 1640 3
1760 2360 3
1760 2962 3
1761 1514 3
1761 255 3
1766 1490 3
1768 1380 3
1768 1391 3
1768 1490 3
1768 583 3
1768 803 3
177 2729 3
177 2900 3
177 2906 3
1774 2461 3
1774 2946 3
1777 2917 3
1778 2458 3
1778 2520 3
178 1201 3
178 2076 3
178 219 3
178 48 3
178 88 3
1782 139 3
1782 188 3
1782 500 3
1782 622 3
1787 1458 3
1787 24 3
1787 483 3
1789 2541 3
179 153 3
179 1580 3
179 256 3
179 2740 3
179 2776 3
179 92 3
1791 440 3
1791 458 3
1791 66 3
1791 742 3
1792 1354 3
1792 1377 3
1792 1758 3
1792 2523 3
18 2458 3
18 723 3
180 1955 3
1800 2969 3
1806 1273 3
1806 1703 3
1807 1326 3
1808 1274 3
1808 149 3
1808 228 3
1808 879 3
1808 931 3
1811 1814 3
1811 2751 3
1811 2752 3
1811 2754 3
1812 1361 3
1812 2326 3
1812 2752 3
1812 2947 3
1813 1243 3
1814 2750 3
1819 1931 3
1819 330 3
1819 461 3
1819 462 3
1819 583 3
182 183 3
1820 739 3
1820 797 3
1820 806 3
1823 2050 3
1823 2088 3
1823 2380 3
1826 1099 3
1826 2076 3
1827 2816 3
1827 2818 3
1827 890 3
1828 1501 3
1828 398 3
1828 908 3
183 1122 3
183 226 3
183 36 3
183 48 3
1830 2075 3
1835 2108 3
1835 228 3
1835 51 3
1837 880 3
1838 272 3
1838 333 3
1842 1530 3
1842 1609 3
1846 1098 3
1846 2035 3
1846 2193 3
1846 2701 3
1846 2721 3
1846 2933 3
1846 2934 3
1846 2936 3
1846 3022 3
1847 1100 3
1847 1103 3
1848 1897 3
1851 2704 3
1851 289 3
1851 444 3
1851 449 3
1851 610 3
1852 1617 3
1852 552 3
1853 1086 3
1853 1098 3
1853 314 3
1853 49 3
1853 71 3
1855 557 3
186 300 3
186 302 3
186 465 3
1866 1959 3
1866 2142 3
1867 482 3
1868 1398 3
1868 3028 3
1869 1868 3
1869 277 3
1869 874 3
187 202 3
187 289 3
1870 30 3
1871 1025 3
1871 1131 3
1871 1289 3
1871 1373 3
1871 2466 3
1871 467 3
1871 560 3
1871 673 3
1871 849 3
1871 92 3
1872 3034 3
1878 3018 3
188 1202 3
188 160 3
188 182 3
188 228 3
188 2716 3
188 300 3
188 302 3
188 673 3
1880 1897 3
1880 2361 3
1880 3048 3
1882 1408 3
1882 637 3
1882 673 3
1885 2466 3
1886 1915 3
1886 3018 3
1886 3044 3
189 138 3
189 1418 3
189 1719 3
189 2079 3
189 2453 3
189 51 3
189 997 3
1891 204 3
1891 2086 3
1891 2342 3
1892 1110 3
1892 1933 3
1894 1026 3
1894 1900 3
1894 1919 3
1894 2555 3
1894 2580 3
1894 788 3
1897 2542 3
1898 1899 3
1899 1118 3
1899 685 3
19 153 3
19 2900 3
19 61 3
190 416 3
190 798 3
1900 1908 3
1900 2489 3
1900 788 3
1903 1917 3
1903 685 3
1904 1897 3
1904 1903 3
1904 929 3
1906 1904 3
1908 1333 3
1908 2587 3
1908 3034 3
1910 496 3
1912 1900 3
1915 1906 3
1915 2442 3
1915 3034 3
1915 3048 3
1918 2587 3
1918 3050 3
1919 1007 3
1919 1408 3
1919 148 3
1919 1871 3
1919 1885 3
1919 77 3
1921 1362 3
1921 2296 3
1921 2392 3
1921 2892 3
1921 2896 3
1921 827 3
1926 1428 3
1926 2551 3
1926 860 3
1927 1428 3
1927 1926 3
1927 2551 3
1927 2855 3
1927 2856 3
1927 467 3
1928 2520 3
1928 2629 3
1929 68 3
1929 83 3
193 2129 3
193 2221 3
193 2849 3
193 45 3
193 824 3
1931 2408 3
1931 2804 3
1931 299 3
1931 2997 3
1931 31 3
1931 73 3
1932 2559 3
1933 1118 3
1933 1289 3
1933 1838 3
1933 1938 3
1933 362 3
1934 2703 3
1934 573 3
1937 1597 3
1937 2311 3
1937 681 3
1938 460 3
1939 2097 3
1939 2122 3
1941 107 3
1941 78 3
1941 910 3
1942 133 3
1942 171 3
1942 92 3
1944 2525 3
1949 1926 3
1949 2551 3
195 1363 3
195 1421 3
195 163 3
195 207 3
195 736 3
1950 2170 3
1951 1940 3
1953 316 3
1955 517 3
1959 334 3
1960 2738 3
1965 818 3
1966 819 3
1968 1054 3
1968 691 3
1968 792 3
1968 793 3
1969 104 3
1969 1221 3
1969 79 3
197 189 3
197 207 3
197 234 3
197 2413 3
197 3003 3
197 42 3
197 500 3
197 710 3
1971 400 3
1971 961 3
1973 1221 3
1973 1969 3
1973 262 3
1973 2775 3
1973 334 3
1973 375 3
1973 79 3
1976 164 3
1976 586 3
1980 578 3
1981 1183 3
1981 2676 3
1981 848 3
1983 1026 3
1985 2746 3
199 1025 3
199 1719 3
199 222 3
199 228 3
199 435 3
199 93 3
1990 2711 3
1990 659 3
1990 787 3
1993 1221 3
1993 17 3
1993 647 3
1998 199 3
200 1004 3
200 1421 3
200 189 3
200 197 3
200 2067 3
200 207 3
200 2121 3
200 2773 3
200 500 3
200 981 3
2003 200 3
2005 1219 3
2005 1968 3
2005 2844 3
2005 392 3
2005 393 3
2005 691 3
2005 771 3
2005 792 3
2005 827 3
2006 1145 3
2006 2179 3
2006 2296 3
2006 2739 3
2006 383 3
2009 1931 3
2009 460 3
201 178 3
201 2094 3
201 2107 3
2012 129 3
2015 1032 3
2015 1405 3
2015 1456 3
2015 2255 3
2015 2598 3
2015 819 3
2016 1466 3
2019 53 3
2019 831 3
202 1846 3
202 2313 3
2023 1562 3
2024 321 3
2024 942 3
203 2077 3
203 2097 3
2030 1054 3
2030 1214 3
2030 145 3
2030 1921 3
2030 2296 3
2030 345 3
2030 392 3
2030 827 3
2034 17 3
2034 1937 3
2034 2948 3
204 1021 3
204 1522 3
204 163 3
204 2086 3
204 232 3
204 35 3
204 49 3
2040 1309 3
2040 737 3
2041 696 3
2041 737 3
2041 757 3
2050 2067 3
2050 2984 3
2051 2067 3
2051 275 3
2053 2051 3
2053 2071 3
2053 2105 3
2053 2138 3
2053 256 3
2058 2087 3
2062 201 3
2062 2097 3
2066 2003 3
2066 981 3
2067 1099 3
2067 1631 3
2068 2129 3
2068 728 3
2069 2109 3
2069 2111 3
207 171 3
207 2079 3
207 278 3
207 34 3
207 47 3
207 721 3
2070 2126 3
2071 171 3
2072 1112 3
2075 2885 3
2075 649 3
2075 787 3
2076 1194 3
2076 1201 3
2076 2053 3
2076 2066 3
2076 2092 3
2077 2111 3
2078 2058 3
2078 2098 3
2079 200 3
2079 981 3
2084 2883 3
2087 2228 3
2089 113 3
2089 1835 3
2089 2119 3
2089 809 3
2090 2749 3
2090 30 3
2090 661 3
2090 759 3
2092 2119 3
2092 883 3
2094 1939 3
2094 2062 3
2094 2111 3
2094 2422 3
2096 2107 3
2096 2402 3
2099 1823 3
2099 2113 3
2099 2143 3
2100 2053 3
2100 2070 3
2100 2105 3
2101 197 3
2101 2066 3
2101 2077 3
2101 2126 3
2102 2120 3
2105 200 3
2105 2057 3
2105 2066 3
2105 621 3
2108 2382 3
2109 201 3
2109 2100 3
2109 2149 3
211 487 3
2111 12 3
2113 1608 3
2119 33 3
2121 2113 3
2121 418 3
2122 2062 3
2122 2063 3
2126 33 3
2127 34 3
2127 728 3
2127 968 3
2129 567 3
2129 728 3
213 1827 3
213 77 3
213 785 3
213 890 3
2130 2073 3
2132 1835 3
2132 2083 3
2132 2150 3
2133 232 3
2133 654 3
2133 655 3
2133 722 3
2133 722 3
2136 2340 3
2138 1719 3
2138 2263 3
2138 621 3
2139 171 3
2139 558 3
2141 1187 3
2141 399 3
2142 1993 3
2142 334 3
2150 1939 3
2151 1195 3
2151 1222 3
2151 482 3
2158 2160 3
2158 2712 3
2158 682 3
216 179 3
216 314 3
2160 682 3
2160 799 3
2166 2200 3
2168 1195 3
2168 2151 3
2168 482 3
2170 1146 3
2170 1265 3
2170 2536 3
2172 1148 3
2172 2888 3
2172 2892 3
2172 914 3
2179 2849 3
2180 1195 3
2180 1675 3
2180 2151 3
2180 2168 3
2180 3025 3
2180 385 3
2181 2768 3
2184 808 3
2186 1061 3
2187 2809 3
2188 1851 3
2189 2151 3
2189 2180 3
2189 2682 3
219 2629 3
219 736 3
2193 2674 3
2193 289 3
2193 968 3
2196 1344 3
2196 1480 3
2196 1645 3
2196 1747 3
2196 704 3
2200 148 3
2200 573 3
2203 709 3
2207 1481 3
2207 1512 3
2207 265 3
2207 2667 3
2207 384 3
2207 885 3
2209 130 3
2210 2181 3
2210 2787 3
2213 2780 3
222 106 3
222 116 3
222 174 3
222 2724 3
2221 2129 3
2221 2805 3
2224 1722 3
2226 2227 3
2226 2856 3
2227 2858 3
2227 2859 3
223 2209 3
223 269 3
223 3038 3
223 3043 3
223 713 3
2233 151 3
2233 1568 3
2233 2742 3
2235 1851 3
2235 2674 3
2237 1846 3
2237 2266 3
2237 2707 3
2237 2839 3
2237 3017 3
2238 2193 3
2238 2237 3
2238 2266 3
2238 2677 3
2238 3040 3
2238 449 3
224 2655 3
224 42 3
2242 2262 3
2243 2855 3
2247 2983 3
2247 2993 3
2247 3 3
2247 3008 3
2247 444 3
2247 521 3
2247 89 3
2250 1114 3
2250 1623 3
2250 61 3
2250 71 3
2250 989 3
2252 439 3
2255 1405 3
2255 1965 3
2255 2598 3
2255 2819 3
226 1047 3
226 1657 3
226 219 3
226 34 3
226 803 3
2262 2290 3
2262 2311 3
2262 2870 3
2263 1631 3
2263 199 3
2263 2071 3
2263 435 3
2263 900 3
2266 2247 3
2266 2677 3
2266 2707 3
2278 2467 3
2278 2468 3
2278 2926 3
228 1553 3
228 1631 3
228 1842 3
228 2551 3
228 2572 3
228 281 3
228 483 3
228 486 3
228 517 3
2282 1264 3
2282 266 3
2283 256 3
2283 44 3
2284 2243 3
2284 256 3
229 163 3
229 237 3
229 461 3
2290 2295 3
2290 2874 3
2293 2600 3
2293 2868 3
2295 2856 3
2295 736 3
2296 1061 3
2296 1234 3
2296 165 3
2296 2005 3
2296 2392 3
2296 691 3
2296 77 3
2297 1973 3
2297 627 3
2297 648 3
2297 700 3
2305 749 3
2307 734 3
2311 1480 3
2311 1532 3
2311 1597 3
2311 1613 3
2311 1871 3
2311 2196 3
2311 2226 3
2311 264 3
2311 98 3
2313 2689 3
2317 467 3
2317 560 3
2317 64 3
2317 849 3
2319 1564 3
2319 2552 3
2319 2610 3
232 1039 3
232 1100 3
232 2607 3
232 722 3
232 759 3
2321 187 3
2321 2188 3
2321 2718 3
2321 328 3
2321 423 3
2321 817 3
2326 1267 3
2326 1313 3
2326 1622 3
2326 2923 3
2328 17 3
2328 400 3
233 92 3
2330 467 3
2330 480 3
2333 2876 3
2333 542 3
234 2717 3
234 2929 3
2340 1950 3
2340 2354 3
2340 2856 3
2342 1021 3
2344 2136 3
2344 2667 3
2349 1045 3
2349 2670 3
2354 2874 3
2358 1090 3
236 1440 3
236 765 3
236 808 3
236 923 3
2360 2242 3
2360 2865 3
2361 1415 3
2363 1990 3
2363 42 3
2363 787 3
2364 1053 3
2364 2985 3
2364 395 3
2364 989 3
2367 744 3
2368 2379 3
2368 2755 3
2368 670 3
237 12 3
2370 778 3
2377 2617 3
2378 2193 3
2379 122 3
2379 2755 3
2379 941 3
238 111 3
238 1289 3
238 2188 3
238 3018 3
238 77 3
2382 2100 3
2382 2122 3
2382 2422 3
2384 3016 3
2384 398 3
239 1819 3
239 1931 3
239 1931 3
239 2804 3
239 299 3
239 2997 3
239 330 3
2392 1054 3
2392 145 3
2392 392 3
2392 827 3
24 1025 3
240 2734 3
240 43 3
2400 1580 3
2401 2444 3
2403 514 3
2405 124 3
2405 33 3
2406 401 3
2408 2982 3
2413 1466 3
2413 1529 3
2413 352 3
2413 500 3
2413 731 3
2413 832 3
2419 1938 3
2419 2998 3
242 1289 3
242 148 3
242 1728 3
242 1871 3
242 1871 3
242 1882 3
242 1885 3
242 2453 3
242 2626 3
242 2806 3
242 2807 3
242 487 3
2422 558 3
2425 1298 3
2425 1930 3
2426 2340 3
2426 2864 3
2426 2870 3
2428 1835 3
2430 2075 3
2430 648 3
2430 739 3
2431 2096 3
2431 2116 3
2431 558 3
2434 1939 3
244 316 3
2442 1674 3
2442 1899 3
2443 133 3
2444 2063 3
2448 1930 3
245 178 3
2453 1644 3
2453 1733 3
2453 242 3
2453 2626 3
2453 2669 3
2453 2807 3
2459 2527 3
2461 1340 3
2462 935 3
2465 1313 3
2465 1622 3
2465 459 3
2466 1025 3
2466 1489 3
2466 242 3
2468 2225 3
2469 1531 3
2472 2948 3
2476 2922 3
2478 2241 3
2478 2965 3
248 1250 3
248 1415 3
248 153 3
248 360 3
2481 2640 3
2487 1721 3
2487 2956 3
2488 239 3
2488 2547 3
2490 1692 3
2490 1753 3
2490 1785 3
2490 2914 3
2499 1389 3
2499 1777 3
2499 2932 3
2501 2245 3
2501 723 3
2502 2636 3
2502 824 3
2503 2992 3
2503 658 3
2509 1313 3
2509 2278 3
2509 2646 3
251 112 3
251 193 3
251 456 3
2511 1576 3
2513 2520 3
2513 2552 3
2515 2885 3
2519 2571 3
252 1819 3
252 239 3
252 330 3
252 462 3
2520 1466 3
2520 2629 3
2523 1266 3
2524 2525 3
2524 2576 3
2524 807 3
2525 2478 3
2526 2527 3
2527 2323 3
2527 2628 3
2527 296 3
253 316 3
2534 2913 3
2534 2946 3
2536 1480 3
2536 1636 3
2536 1763 3
2536 2196 3
2537 2245 3
2537 2538 3
2537 2950 3
254 12 3
254 174 3
254 2731 3
254 47 3
254 70 3
254 79 3
2540 2469 3
2541 1389 3
2542 1903 3
2546 2290 3
2546 2609 3
255 2207 3
255 956 3
2551 1066 3
2551 1723 3
2551 1842 3
2551 860 3
2552 131 3
2552 2501 3
2552 89 3
2555 1088 3
2555 1118 3
2555 1408 3
2555 1903 3
2555 238 3
2555 3018 3
2555 3048 3
2555 77 3
2558 1066 3
2558 1243 3
2558 1656 3
2559 2597 3
256 117 3
256 1842 3
256 2262 3
256 2731 3
256 2984 3
256 384 3
256 92 3
2560 1291 3
2560 1949 3
2561 1668 3
2561 2958 3
2564 1339 3
2564 1371 3
2564 1737 3
2564 2565 3
2565 1642 3
2565 2511 3
2567 2962 3
257 132 3
257 189 3
257 207 3
257 45 3
257 461 3
257 573 3
257 610 3
257 913 3
257 92 3
257 973 3
2572 1370 3
2572 1564 3
2572 868 3
2576 1944 3
2576 2478 3
2577 133 3
2580 929 3
2587 2462 3
2590 1767 3
2590 2611 3
2591 1250 3
2591 248 3
2591 525 3
2591 670 3
2593 1265 3
2597 1290 3
2597 1627 3
2598 2819 3
2599 2499 3
260 104 3
260 35 3
260 47 3
2600 2583 3
2607 1466 3
2607 2426 3
2607 2520 3
2608 183 3
2609 2950 3
2610 1928 3
2610 2513 3
2614 1394 3
2614 2928 3
2615 2501 3
262 159 3
262 2647 3
2626 242 3
2626 2453 3
2626 2669 3
2626 2945 3
2626 612 3
2629 1265 3
2629 131 3
264 149 3
264 371 3
264 92 3
2640 1251 3
2640 1513 3
2643 1231 3
2643 2349 3
2643 2670 3
2643 638 3
2643 640 3
2643 778 3
2644 340 3
2644 59 3
2647 159 3
2647 2297 3
2647 2661 3
2647 627 3
2648 158 3
2648 2792 3
2648 2815 3
2648 321 3
2648 942 3
265 2859 3
265 2864 3
2651 1168 3
2651 930 3
2655 1087 3
2655 1201 3
266 456 3
2662 1859 3
2663 1366 3
2663 1450 3
2663 2824 3
2664 2935 3
2664 2944 3
2667 623 3
2669 2453 3
2669 2626 3
2669 2806 3
2669 2807 3
267 153 3
267 19 3
267 2900 3
2670 1045 3
2670 1230 3
2670 3012 3
2670 3013 3
2670 3014 3
2673 3008 3
2676 1735 3
2676 2744 3
2676 2745 3
2676 2763 3
2676 641 3
2677 2247 3
2678 1924 3
2681 1440 3
2682 2174 3
2682 482 3
2686 2703 3
269 114 3
269 130 3
269 152 3
269 2209 3
269 3038 3
269 3043 3
269 713 3
2693 3040 3
2700 3051 3
2701 187 3
2701 2238 3
2701 2677 3
2702 2312 3
2703 2193 3
2704 1163 3
2704 2378 3
2706 2674 3
2706 2694 3
2706 2704 3
2706 968 3
2707 2664 3
2707 2838 3
2708 1212 3
2709 2321 3
2710 135 3
2710 316 3
2711 193 3
2711 659 3
2711 787 3
2712 682 3
2712 755 3
2712 799 3
2713 2811 3
2713 443 3
2713 473 3
2714 461 3
2715 1123 3
2715 1966 3
2716 104 3
2716 2732 3
2716 922 3
2717 106 3
2717 2730 3
2717 517 3
2718 1851 3
2718 509 3
2718 562 3
2719 2158 3
2719 2160 3
2719 2712 3
2719 682 3
272 1931 3
272 2804 3
272 333 3
2720 399 3
2720 477 3
2720 511 3
2720 798 3
2721 19 3
2721 197 3
2721 267 3
2721 99 3
2722 112 3
2722 1184 3
2722 2727 3
2722 412 3
2722 828 3
2722 842 3
2723 2247 3
2723 2713 3
2723 580 3
2723 643 3
2724 241 3
2725 1955 3
2726 522 3
2727 2810 3
2727 557 3
2727 684 3
2727 968 3
2727 98 3
2728 1529 3
2728 523 3
2729 224 3
2729 281 3
2729 2900 3
2729 2906 3
2729 396 3
2731 15 3
2733 1180 3
2733 1853 3
2733 514 3
2733 579 3
2735 1244 3
2735 1581 3
2735 2563 3
2736 2233 3
2736 2742 3
2739 2296 3
2739 2746 3
2740 153 3
2740 216 3
2740 910 3
2741 826 3
2742 2743 3
2742 432 3
2742 891 3
2744 1735 3
2744 1981 3
2744 2745 3
2744 658 3
2745 1735 3
2745 2763 3
2745 658 3
2746 2006 3
2746 2296 3
2746 747 3
2747 2741 3
2747 2748 3
2748 2741 3
2748 2761 3
2748 2770 3
2749 2133 3
2749 498 3
2749 651 3
2749 652 3
2749 653 3
2749 661 3
2749 674 3
2749 759 3
275 1244 3
275 13 3
275 1302 3
275 1533 3
275 2053 3
275 264 3
275 280 3
275 801 3
275 92 3
2750 1811 3
2750 2751 3
2750 2752 3
2751 1814 3
2751 2752 3
2751 2754 3
2752 1814 3
2752 2465 3
2752 459 3
2754 2750 3
2755 941 3
2756 2759 3
2756 826 3
2757 2761 3
2757 2762 3
2759 2747 3
2759 2762 3
2759 2791 3
2759 825 3
276 200 3
276 237 3
276 37 3
276 965 3
2760 2743 3
2762 2741 3
2762 2747 3
2763 1100 3
2763 1981 3
2763 2133 3
2763 232 3
2763 2744 3
2763 277 3
2763 330 3
2763 641 3
2764 125 3
2764 68 3
2765 1828 3
2765 2651 3
2765 930 3
2766 2767 3
2767 144 3
2767 1738 3
2768 2159 3
2769 2757 3
2769 2770 3
2769 826 3
277 1623 3
277 1870 3
277 256 3
277 477 3
277 662 3
2771 2780 3
2771 441 3
2772 148 3
2773 189 3
2773 197 3
2773 207 3
2773 981 3
2775 262 3
2775 627 3
2776 216 3
2776 2740 3
2776 314 3
2777 2181 3
2777 2841 3
2779 2742 3
278 1108 3
278 1202 3
278 211 3
278 32 3
278 37 3
278 546 3
2782 1183 3
2782 2676 3
2782 2744 3
2782 641 3
2782 848 3
2783 2738 3
2783 360 3
2784 355 3
2785 2786 3
2788 2575 3
2789 2779 3
2790 60 3
2792 1166 3
2792 2648 3
2792 536 3
2793 609 3
2794 2795 3
2795 2307 3
2795 734 3
2796 443 3
2797 2321 3
2797 538 3
2798 111 3
2798 2799 3
2798 568 3
2798 609 3
2799 111 3
2799 1498 3
2799 2713 3
2799 523 3
2799 568 3
2799 609 3
2799 609 3
280 132 3
280 275 3
280 330 3
280 487 3
280 801 3
2800 2321 3
2800 328 3
2800 423 3
2801 2800 3
2801 538 3
2802 2793 3
2802 2798 3
2802 2799 3
2802 2803 3
2802 2811 3
2803 2713 3
2803 2798 3
2803 2799 3
2803 2995 3
2803 609 3
2804 1933 3
2804 31 3
2805 415 3
2805 56 3
2805 74 3
2806 242 3
2806 2669 3
2806 2807 3
2807 242 3
2807 2453 3
2807 2669 3
2807 2806 3
2808 112 3
2809 2299 3
281 1401 3
281 195 3
281 264 3
281 2667 3
281 514 3
281 64 3
281 931 3
2810 2727 3
2811 1498 3
2811 2799 3
2811 523 3
2811 568 3
2811 609 3
2812 2797 3
2812 2800 3
2813 738 3
2815 2648 3
2816 213 3
2817 1195 3
2818 785 3
2819 1405 3
2819 1584 3
2819 1641 3
2819 1965 3
2819 3019 3
2820 412 3
2821 1366 3
2821 2663 3
2821 2827 3
2822 2821 3
2822 2825 3
2822 2827 3
2823 1055 3
2823 2749 3
2824 1450 3
2824 2822 3
2824 2825 3
2825 2827 3
2826 759 3
2828 2013 3
2829 2830 3
2831 112 3
2831 190 3
2832 2068 3
2832 567 3
2832 656 3
2833 2829 3
2835 1623 3
2835 385 3
2836 623 3
2837 1529 3
2839 1846 3
2839 2237 3
2839 2266 3
2839 2707 3
2840 2297 3
2840 700 3
2841 2213 3
2842 557 3
2843 1221 3
2844 2296 3
2845 1657 3
2845 799 3
2846 2185 3
2849 1145 3
2849 2006 3
2849 771 3
2853 1061 3
2853 1090 3
2853 2844 3
2854 236 3
2855 1950 3
2856 2868 3
2857 236 3
2859 2170 3
2859 2293 3
2860 1264 3
2861 2152 3
2861 2862 3
2863 2659 3
2864 1593 3
2864 2858 3
2865 2290 3
2866 1072 3
2866 2857 3
2866 765 3
2867 1549 3
2868 266 3
2868 34 3
2869 138 3
287 1847 3
287 62 3
287 622 3
287 639 3
287 653 3
287 734 3
287 983 3
2870 2290 3
2870 2340 3
2870 248 3
2871 500 3
2872 1327 3
2872 2152 3
2873 138 3
2873 1440 3
2874 2242 3
2874 2295 3
2874 2864 3
2875 514 3
2876 1265 3
2877 30 3
2878 2243 3
2879 2860 3
2880 1583 3
2880 973 3
2882 234 3
2883 376 3
2885 2884 3
2885 376 3
2886 2515 3
2887 2890 3
2888 1684 3
2888 880 3
2889 2890 3
289 1211 3
289 2193 3
289 2235 3
289 2237 3
289 2247 3
289 2983 3
289 968 3
2890 1148 3
2890 2648 3
2890 914 3
2891 2897 3
2891 376 3
2893 2648 3
2896 1166 3
2896 2180 3
2897 2430 3
2898 2894 3
2899 2590 3
2900 162 3
2900 2721 3
2900 396 3
2900 99 3
2901 1026 3
2901 1344 3
2902 1026 3
2902 1406 3
2902 1983 3
2902 2901 3
2902 515 3
2903 451 3
2904 2903 3
2905 98 3
2906 2900 3
2908 723 3
2909 736 3
291 189 3
291 245 3
291 486 3
291 94 3
2910 177 3
2910 2900 3
2910 2906 3
2911 1187 3
2911 2912 3
2911 74 3
2912 466 3
2913 2914 3
2914 1531 3
2914 1800 3
2915 1590 3
2917 1741 3
2919 1266 3
2919 1891 3
2919 2923 3
2919 60 3
2920 2590 3
2921 1767 3
2921 2962 3
2923 1267 3
2923 2924 3
2923 720 3
2925 2597 3
2925 2605 3
2927 2245 3
2928 1270 3
2928 1792 3
2928 2496 3
2930 2443 3
2930 2577 3
2930 2636 3
2930 2931 3
2932 1460 3
2932 1534 3
2932 2599 3
2933 2934 3
2933 2935 3
2933 2936 3
2934 2936 3
2934 2943 3
2934 2944 3
2935 1846 3
2935 2943 3
2935 2944 3
2936 2935 3
2936 2943 3
2936 2944 3
2937 1760 3
2938 2478 3
2938 2519 3
2939 2632 3
2939 2930 3
2939 623 3
2941 514 3
2942 1648 3
2943 1846 3
2943 2933 3
2943 2944 3
2944 1846 3
2945 1396 3
2945 1654 3
2945 1778 3
2946 1643 3
2946 1715 3
2947 1361 3
2949 1643 3
2951 2611 3
2952 1644 3
2952 2453 3
2953 118 3
2953 1602 3
2954 1369 3
2955 1599 3
2955 1778 3
2956 1036 3
2956 2957 3
2960 1291 3
2961 1394 3
2961 1557 3
2963 2511 3
2964 496 3
2965 1468 3
2966 1532 3
2966 2540 3
2967 1583 3
2967 2918 3
2969 2913 3
2970 1360 3
2970 1531 3
2970 2956 3
2971 1418 3
2973 2921 3
2975 2225 3
2975 2600 3
2975 2965 3
2975 2976 3
2977 1643 3
2977 1753 3
2977 2508 3
2977 2978 3
2978 1785 3
2979 1760 3
2980 1582 3
2980 2571 3
2980 2576 3
2980 2600 3
2980 2965 3
2981 931 3
2982 1938 3
2983 968 3
2984 1284 3
2985 1114 3
2985 1635 3
2985 1853 3
2985 2250 3
2985 395 3
2986 1464 3
2986 1631 3
2987 359 3
2988 2989 3
2989 3001 3
2989 3002 3
299 1819 3
299 187 3
299 252 3
299 31 3
299 842 3
2990 2998 3
2990 2999 3
2990 359 3
2992 658 3
2993 202 3
2994 1103 3
2995 2799 3
2995 2811 3
2995 473 3
2995 523 3
2996 2135 3
2997 2419 3
2998 2997 3
2999 2982 3
3 602 3
3 808 3
3 9 3
30 1963 3
30 2749 3
300 673 3
3000 1047 3
3001 239 3
3001 2408 3
3001 2991 3
3001 3007 3
3002 1933 3
3003 2099 3
3005 2996 3
3008 968 3
3009 2999 3
3011 2900 3
3012 2349 3
3012 2643 3
3012 3014 3
3013 1045 3
3013 1230 3
3013 3012 3
3014 2643 3
3015 1617 3
3015 2180 3
3015 2896 3
3016 2384 3
3016 398 3
3018 1088 3
3018 1151 3
3018 1894 3
3018 1906 3
3018 77 3
3019 1584 3
3019 1641 3
3019 2819 3
3019 310 3
302 467 3
302 485 3
302 673 3
3020 153 3
3020 2900 3
3021 1077 3
3021 478 3
3022 2237 3
3022 2839 3
3022 3017 3
3022 3026 3
3023 882 3
3024 1296 3
3026 2237 3
3026 2839 3
3026 3017 3
3027 1867 3
3029 1859 3
3029 1870 3
3030 3031 3
3030 882 3
3032 3033 3
3033 3041 3
3033 3042 3
3033 674 3
3034 1895 3
3034 1917 3
3035 2700 3
3036 152 3
3036 2209 3
3036 3038 3
3036 3043 3
3036 713 3
3037 114 3
3037 2209 3
3037 269 3
3037 3043 3
3038 127 3
3038 128 3
3038 2209 3
3039 3040 3
3041 3046 3
3042 3046 3
3042 674 3
3043 127 3
3043 128 3
3043 130 3
3043 39 3
3043 41 3
3043 712 3
3045 3032 3
3045 3033 3
3045 3042 3
3046 3033 3
3046 3045 3
3047 2708 3
3048 1476 3
3048 1904 3
3048 2361 3
3049 1908 3
3049 2587 3
3050 1902 3
3050 1920 3
3050 3052 3
3053 1848 3
31 2009 3
31 239 3
31 252 3
31 2988 3
31 2990 3
31 330 3
310 1032 3
310 1406 3
310 142 3
310 1584 3
310 1641 3
310 3019 3
310 818 3
310 872 3
313 1158 3
313 578 3
314 1098 3
314 153 3
314 162 3
314 2733 3
314 2740 3
314 42 3
314 514 3
316 15 3
316 2717 3
32 88 3
32 997 3
321 2024 3
321 2648 3
321 536 3
328 2188 3
328 2722 3
328 2797 3
328 2812 3
328 423 3
328 725 3
328 832 3
330 1245 3
330 132 3
330 1791 3
330 1931 3
330 452 3
330 461 3
330 487 3
330 537 3
330 583 3
330 849 3
333 1933 3
333 362 3
334 1456 3
334 1472 3
334 159 3
334 1866 3
334 1973 3
334 2297 3
334 2647 3
334 2661 3
334 485 3
335 1993 3
337 1136 3
337 19 3
337 1976 3
337 519 3
338 1711 3
338 1791 3
338 2723 3
339 143 3
339 1501 3
339 1828 3
339 398 3
34 1177 3
34 256 3
34 265 3
34 266 3
34 423 3
34 522 3
34 64 3
34 931 3
340 1249 3
340 2224 3
340 59 3
345 1061 3
345 1185 3
345 393 3
35 2170 3
35 2724 3
352 704 3
355 2640 3
355 443 3
355 522 3
355 543 3
356 783 3
357 338 3
357 458 3
357 914 3
358 313 3
359 2999 3
359 3002 3
359 462 3
360 189 3
360 2738 3
360 401 3
362 1838 3
362 1933 3
362 2982 3
362 3004 3
364 1184 3
37 275 3
371 1032 3
371 373 3
371 441 3
371 461 3
371 461 3
371 467 3
371 623 3
371 643 3
371 731 3
371 789 3
373 147 3
373 2766 3
373 610 3
375 1114 3
375 1221 3
375 334 3
375 79 3
376 1830 3
376 2084 3
376 2430 3
376 2886 3
383 1791 3
383 2005 3
383 573 3
383 659 3
384 1431 3
384 1530 3
384 1564 3
384 1619 3
384 1808 3
384 483 3
384 956 3
385 1195 3
385 1328 3
385 2168 3
385 482 3
387 1184 3
387 423 3
387 521 3
39 114 3
39 2209 3
39 223 3
39 269 3
39 3036 3
39 3037 3
39 3038 3
39 41 3
39 713 3
392 1185 3
392 1220 3
392 2711 3
393 1185 3
393 1220 3
393 2392 3
393 2711 3
393 996 3
395 1114 3
395 1853 3
395 2016 3
395 2250 3
395 71 3
396 177 3
396 2224 3
396 2326 3
396 2496 3
396 2729 3
396 456 3
396 60 3
398 109 3
398 2384 3
398 3016 3
398 87 3
399 2127 3
399 2663 3
399 2714 3
399 654 3
400 1401 3
400 2364 3
401 2591 3
402 1249 3
403 248 3
403 360 3
403 401 3
409 1715 3
409 2487 3
41 152 3
41 269 3
41 3036 3
41 3037 3
41 3038 3
415 56 3
416 112 3
418 197 3
418 275 3
419 18 3
42 1180 3
42 1683 3
42 1942 3
42 1990 3
42 2250 3
42 237 3
42 2405 3
42 2733 3
42 2986 3
42 648 3
42 649 3
42 725 3
421 684 3
421 862 3
423 112 3
423 2413 3
423 2797 3
423 2801 3
423 2812 3
423 817 3
423 832 3
43 1958 3
432 151 3
432 1568 3
432 2743 3
435 179 3
435 1823 3
435 2101 3
435 2263 3
436 2051 3
436 2107 3
436 2119 3
436 2984 3
439 13 3
439 2252 3
439 440 3
44 1177 3
44 1430 3
44 2926 3
440 13 3
440 1808 3
440 2426 3
440 265 3
440 330 3
440 676 3
440 885 3
441 2753 3
441 461 3
441 659 3
441 789 3
443 2796 3
443 445 3
443 562 3
443 577 3
443 684 3
444 251 3
444 545 3
444 577 3
444 716 3
445 519 3
449 2694 3
45 1117 3
45 832 3
450 803 3
451 2921 3
452 124 3
452 1245 3
452 280 3
455 1032 3
455 1108 3
455 913 3
456 2247 3
456 2247 3
456 2673 3
456 2993 3
456 312 3
456 42 3
456 573 3
456 653 3
456 736 3
456 98 3
457 913 3
458 1308 3
458 1533 3
458 1711 3
458 338 3
458 742 3
459 1812 3
460 2804 3
460 2988 3
460 2990 3
460 362 3
461 1677 3
461 2466 3
461 252 3
461 299 3
461 31 3
461 452 3
461 457 3
461 523 3
461 583 3
461 623 3
461 659 3
461 731 3
462 1344 3
462 1931 3
462 239 3
462 299 3
462 31 3
462 359 3
462 371 3
462 45 3
462 461 3
462 546 3
462 583 3
462 643 3
462 659 3
462 968 3
464 403 3
465 1197 3
465 2095 3
465 302 3
465 586 3
465 673 3
465 862 3
466 1677 3
466 2141 3
466 563 3
466 838 3
467 1160 3
467 1677 3
467 1782 3
467 1791 3
467 188 3
467 2340 3
467 278 3
467 2843 3
467 480 3
467 545 3
467 586 3
467 622 3
467 704 3
467 731 3
467 736 3
47 1421 3
47 178 3
47 188 3
47 48 3
47 824 3
473 1498 3
473 2799 3
473 2803 3
473 609 3
477 586 3
477 716 3
48 1270 3
48 182 3
48 226 3
48 487 3
480 1221 3
482 1675 3
482 1870 3
482 2180 3
482 2189 3
482 385 3
483 1345 3
483 2572 3
485 1969 3
485 1973 3
485 375 3
485 503 3
485 749 3
487 1027 3
487 124 3
487 13 3
487 1308 3
487 132 3
487 211 3
487 452 3
487 455 3
487 560 3
49 1149 3
49 117 3
49 1636 3
49 170 3
49 579 3
491 587 3
494 1141 3
496 1244 3
496 1533 3
496 1581 3
496 2469 3
498 1055 3
498 661 3
498 734 3
500 113 3
500 1711 3
500 1768 3
500 514 3
500 621 3
500 671 3
500 673 3
502 567 3
503 467 3
507 2090 3
507 2826 3
507 652 3
507 722 3
509 2728 3
509 477 3
51 1363 3
51 200 3
51 2077 3
51 2079 3
51 2402 3
51 2413 3
51 2422 3
51 2773 3
51 3010 3
51 70 3
51 731 3
510 461 3
510 557 3
511 2720 3
514 1098 3
514 2659 3
514 2781 3
514 312 3
515 1026 3
515 1983 3
515 234 3
515 2644 3
515 281 3
515 2901 3
517 12 3
519 1307 3
519 164 3
519 1812 3
519 443 3
519 649 3
521 1197 3
521 2671 3
521 456 3
521 829 3
521 831 3
522 257 3
522 656 3
523 1498 3
523 2793 3
523 2799 3
523 2802 3
523 2803 3
523 2803 3
523 2811 3
523 299 3
523 725 3
525 1415 3
525 15 3
536 1296 3
536 1617 3
536 2792 3
536 2896 3
536 3025 3
536 321 3
537 1791 3
537 439 3
537 913 3
538 2800 3
538 328 3
542 1264 3
542 1760 3
542 1925 3
542 2284 3
543 2713 3
543 557 3
543 573 3
545 1117 3
545 1677 3
545 2723 3
545 280 3
545 789 3
546 1393 3
546 1597 3
557 2127 3
557 2780 3
557 635 3
558 2097 3
558 2111 3
558 2150 3
56 193 3
56 74 3
560 1257 3
560 1269 3
560 2196 3
560 452 3
562 1851 3
562 34 3
562 399 3
562 973 3
563 129 3
563 2713 3
563 3008 3
563 465 3
563 586 3
568 2793 3
568 2803 3
569 1308 3
57 2715 3
57 819 3
573 132 3
573 202 3
573 2200 3
573 2266 3
573 257 3
573 2718 3
573 462 3
573 467 3
573 913 3
574 1929 3
574 373 3
574 83 3
577 562 3
579 1853 3
580 1791 3
580 2317 3
580 330 3
580 439 3
580 537 3
580 673 3
580 98 3
583 1931 3
583 252 3
583 31 3
586 1187 3
586 1677 3
586 2709 3
586 337 3
586 519 3
586 610 3
586 715 3
59 1499 3
59 1572 3
59 2224 3
59 2765 3
59 930 3
595 1479 3
595 1619 3
595 1723 3
60 1270 3
60 1758 3
60 2523 3
600 1561 3
602 1428 3
602 2247 3
602 808 3
609 111 3
609 1498 3
609 2802 3
609 2803 3
609 2811 3
609 2995 3
609 523 3
61 1250 3
61 222 3
61 2328 3
61 2591 3
61 2721 3
61 623 3
61 637 3
610 188 3
610 257 3
610 371 3
610 461 3
612 2939 3
612 623 3
614 2837 3
614 412 3
62 115 3
62 254 3
621 113 3
621 178 3
621 2067 3
621 2076 3
621 371 3
621 399 3
621 440 3
621 452 3
621 725 3
622 139 3
622 188 3
622 287 3
622 673 3
623 1112 3
623 1180 3
623 1677 3
623 2072 3
623 441 3
623 462 3
623 968 3
627 1222 3
627 1852 3
627 262 3
627 3025 3
635 53 3
635 656 3
635 684 3
635 728 3
637 1245 3
637 1373 3
637 1581 3
637 1846 3
637 1871 3
637 2317 3
637 278 3
637 710 3
638 1173 3
638 1695 3
638 640 3
638 664 3
64 14 3
64 1489 3
64 188 3
64 204 3
64 2196 3
64 49 3
640 1231 3
640 664 3
640 778 3
641 1100 3
641 1173 3
641 1683 3
641 1695 3
641 1735 3
641 2744 3
641 640 3
641 661 3
641 664 3
643 1677 3
643 193 3
643 2774 3
643 441 3
643 461 3
643 580 3
643 623 3
643 789 3
644 2156 3
648 2840 3
648 2884 3
648 649 3
648 700 3
649 1030 3
649 157 3
649 164 3
649 2297 3
649 2840 3
65 2927 3
651 30 3
651 396 3
651 399 3
651 654 3
652 2090 3
652 2133 3
652 2749 3
652 30 3
652 651 3
652 654 3
652 674 3
652 722 3
652 734 3
652 759 3
653 2090 3
653 30 3
653 30 3
653 30 3
653 399 3
653 651 3
653 651 3
653 654 3
653 674 3
654 113 3
654 2749 3
654 651 3
654 882 3
655 1055 3
655 2749 3
655 2823 3
655 30 3
656 1234 3
656 2068 3
656 2330 3
658 1735 3
658 2763 3
658 2782 3
659 1027 3
659 1645 3
659 1791 3
659 2363 3
659 242 3
659 371 3
659 467 3
659 573 3
659 637 3
659 643 3
659 656 3
659 789 3
66 357 3
66 742 3
661 1042 3
661 1055 3
661 1064 3
661 2823 3
661 507 3
661 652 3
661 663 3
661 759 3
662 34 3
663 2826 3
663 507 3
663 652 3
664 1201 3
664 1231 3
664 2076 3
670 941 3
670 997 3
671 883 3
671 956 3
673 1007 3
673 1308 3
673 1408 3
673 160 3
673 455 3
673 457 3
673 467 3
673 659 3
673 913 3
674 2090 3
674 2133 3
674 232 3
674 30 3
674 3045 3
674 3046 3
674 654 3
674 655 3
674 722 3
674 722 3
675 1245 3
676 803 3
676 885 3
68 1738 3
681 1597 3
681 1613 3
681 2311 3
682 794 3
682 799 3
684 2013 3
684 2141 3
684 251 3
684 522 3
684 543 3
685 1220 3
685 1892 3
685 2224 3
685 392 3
685 393 3
685 42 3
687 1235 3
687 355 3
687 828 3
691 1054 3
691 1234 3
691 1362 3
691 145 3
691 1921 3
691 2030 3
691 2392 3
691 792 3
692 1210 3
692 257 3
692 450 3
692 563 3
692 803 3
696 1309 3
696 763 3
700 1030 3
700 649 3
704 1466 3
704 2311 3
704 2333 3
704 2413 3
704 34 3
704 395 3
704 9 3
704 98 3
706 2290 3
706 704 3
706 742 3
707 1112 3
707 738 3
71 1086 3
712 114 3
712 152 3
712 223 3
712 269 3
712 3036 3
712 3037 3
712 41 3
712 713 3
713 128 3
713 130 3
713 3038 3
713 3043 3
715 1039 3
715 1153 3
715 1976 3
715 649 3
716 2718 3
716 387 3
720 1286 3
720 1440 3
720 155 3
720 48 3
720 641 3
722 1100 3
722 2090 3
722 30 3
722 654 3
722 655 3
722 759 3
725 1711 3
725 500 3
725 521 3
725 641 3
726 515 3
728 2141 3
728 2720 3
728 521 3
728 656 3
73 2991 3
73 362 3
731 1202 3
731 1244 3
731 130 3
731 197 3
731 440 3
731 621 3
731 637 3
731 676 3
734 2749 3
734 2823 3
734 639 3
736 1264 3
736 1593 3
736 885 3
737 696 3
737 763 3
738 2813 3
738 707 3
739 2084 3
739 2885 3
739 2891 3
739 774 3
74 2129 3
74 2141 3
74 2221 3
74 466 3
74 838 3
741 961 3
742 1073 3
742 2723 3
742 914 3
743 687 3
743 728 3
743 98 3
747 2296 3
749 302 3
749 503 3
749 647 3
75 254 3
75 2716 3
755 2158 3
755 2160 3
755 2719 3
755 794 3
757 1309 3
757 2040 3
757 770 3
759 1039 3
759 1438 3
759 2090 3
759 2133 3
759 507 3
759 652 3
759 653 3
759 663 3
759 674 3
759 674 3
759 722 3
761 2771 3
763 1309 3
763 770 3
769 2848 3
77 1026 3
77 1088 3
77 12 3
77 1408 3
77 1827 3
77 1894 3
77 200 3
77 241 3
77 2746 3
77 747 3
77 890 3
770 2040 3
770 2041 3
770 737 3
771 1145 3
771 2006 3
774 157 3
774 165 3
774 1820 3
777 1489 3
777 1581 3
777 1645 3
777 1871 3
777 1882 3
777 685 3
778 1695 3
778 2659 3
778 2863 3
778 2875 3
778 641 3
78 170 3
78 200 3
78 204 3
783 1374 3
783 1898 3
783 2466 3
784 1088 3
784 1408 3
784 1578 3
784 1891 3
784 238 3
784 2555 3
784 77 3
785 1827 3
787 2883 3
787 824 3
788 1026 3
788 1919 3
788 2555 3
788 784 3
789 1677 3
789 2321 3
789 2787 3
789 2850 3
789 328 3
789 461 3
789 462 3
789 623 3
79 104 3
79 1221 3
79 200 3
79 334 3
79 34 3
79 485 3
79 75 3
790 643 3
790 762 3
792 793 3
793 1175 3
794 2158 3
794 2160 3
794 2712 3
797 165 3
797 833 3
798 112 3
798 1645 3
798 2720 3
798 493 3
799 2158 3
799 2719 3
799 755 3
801 275 3
801 280 3
803 1210 3
803 124 3
803 148 3
803 440 3
803 560 3
803 731 3
806 2296 3
806 833 3
807 2292 3
808 1252 3
808 2247 3
808 9 3
808 959 3
809 895 3
813 2992 3
813 658 3
817 1851 3
817 862 3
818 142 3
818 1428 3
818 2015 3
818 2255 3
818 2598 3
818 2819 3
818 3 3
818 602 3
818 808 3
818 819 3
818 89 3
818 9 3
819 1032 3
819 1406 3
819 142 3
819 1456 3
819 2715 3
819 9 3
824 1234 3
824 1990 3
824 2363 3
824 2512 3
824 2593 3
824 2711 3
825 2741 3
825 2747 3
825 2756 3
826 2748 3
826 2757 3
826 2758 3
827 1214 3
827 1219 3
827 2296 3
827 691 3
827 792 3
829 519 3
83 125 3
83 147 3
831 1529 3
831 465 3
831 510 3
831 577 3
832 2321 3
832 2797 3
832 2800 3
832 2801 3
832 538 3
832 573 3
833 334 3
833 819 3
838 2141 3
838 2911 3
839 728 3
842 2722 3
842 491 3
848 2744 3
848 2745 3
848 2763 3
848 641 3
848 658 3
849 1160 3
849 14 3
849 1609 3
849 2311 3
849 883 3
853 1597 3
853 1937 3
853 681 3
860 1927 3
860 1949 3
862 1677 3
862 2723 3
862 842 3
862 995 3
868 1393 3
868 1530 3
868 1657 3
87 339 3
872 1406 3
872 2015 3
872 819 3
872 9 3
879 1274 3
879 1530 3
88 1194 3
88 621 3
880 1166 3
880 1711 3
880 1791 3
880 2172 3
880 2887 3
880 357 3
882 482 3
883 1397 3
883 2069 3
883 264 3
883 2984 3
885 1481 3
885 2413 3
885 731 3
885 803 3
885 9 3
89 1428 3
89 602 3
89 9 3
890 2816 3
891 432 3
895 1631 3
895 2984 3
9 1123 3
9 1252 3
9 1466 3
9 2247 3
9 2413 3
9 310 3
9 602 3
9 736 3
9 819 3
900 113 3
900 1544 3
900 199 3
901 2163 3
901 2204 3
901 557 3
902 1928 3
902 2458 3
902 2610 3
908 2691 3
908 2693 3
908 339 3
908 87 3
91 1035 3
91 166 3
91 833 3
910 162 3
910 179 3
910 233 3
910 314 3
913 13 3
913 13 3
913 132 3
913 257 3
913 537 3
913 569 3
913 573 3
913 798 3
913 92 3
914 1791 3
914 2894 3
914 2895 3
914 364 3
914 880 3
918 228 3
918 2717 3
918 999 3
92 132 3
92 133 3
92 1380 3
92 1597 3
92 197 3
92 2311 3
92 257 3
92 913 3
920 2901 3
920 2902 3
920 515 3
922 115 3
922 179 3
922 276 3
923 138 3
923 2281 3
929 1906 3
929 2542 3
93 1955 3
93 47 3
930 1168 3
930 1828 3
931 1177 3
931 183 3
931 595 3
935 3050 3
938 2116 3
938 2986 3
938 2996 3
941 122 3
941 987 3
942 1166 3
942 2024 3
942 2648 3
943 2132 3
945 2266 3
945 2838 3
945 2839 3
955 1458 3
955 256 3
955 931 3
956 1609 3
956 483 3
956 931 3
959 2847 3
959 762 3
960 153 3
960 255 3
960 464 3
960 987 3
961 1869 3
961 2266 3
961 2378 3
961 251 3
961 653 3
965 2960 3
965 2961 3
968 371 3
968 441 3
968 509 3
968 643 3
968 716 3
968 789 3
973 1265 3
973 2283 3
973 299 3
973 656 3
974 396 3
974 961 3
98 149 3
98 1791 3
98 197 3
98 257 3
98 37 3
98 387 3
98 439 3
98 440 3
98 467 3
98 556 3
981 171 3
981 189 3
981 436 3
981 51 3
983 1847 3
987 2591 3
987 464 3
987 670 3
989 2985 3
989 71 3
99 162 3
99 19 3
99 267 3
99 3020 3
995 1197 3
995 257 3
995 684 3
995 725 3
996 2005 3
996 2030 3
996 2711 3
997 122 3
999 1941 3
10 114 4
100 183 4
100 1929 4
100 2195 4
100 250 4
100 669 4
100 712 4
100 713 4
1003 213 4
1003 3100 4
1003 396 4
1003 99 4
1005 2042 4
1005 3089 4
1005 353 4
1005 354 4
1005 633 4
1005 646 4
1005 763 4
1007 1131 4
1007 1489 4
1007 160 4
1007 1645 4
1007 3365 4
1008 2542 4
101 128 4
101 147 4
101 156 4
101 269 4
101 3037 4
101 3038 4
101 444 4
101 47 4
101 712 4
1013 1095 4
1013 1201 4
1013 1571 4
1013 595 4
1013 64 4
1013 913 4
1016 1057 4
1016 536 4
1016 641 4
1016 913 4
102 127 4
102 1676 4
102 2 4
102 2195 4
102 3104 4
102 3138 4
102 373 4
1021 2814 4
1023 3056 4
1023 574 4
1024 3066 4
1025 1131 4
1025 132 4
1025 1623 4
1025 235 4
1025 242 4
1025 2478 4
1025 333 4
1025 92 4
1026 1432 4
1026 1900 4
1026 1900 4
1026 2103 4
1026 2103 4
1026 2466 4
1026 2580 4
1026 3018 4
1026 3050 4
1026 3234 4
1026 3459 4
1026 499 4
1027 113 4
1027 132 4
1027 48 4
1027 487 4
1027 519 4
1027 659 4
1027 731 4
1027 807 4
1028 2154 4
1028 2358 4
103 444 4
1031 1125 4
1032 2278 4
1032 416 4
1032 902 4
1033 1335 4
1033 17 4
1033 2170 4
1033 2574 4
1033 55 4
1035 1523 4
1035 2916 4
1035 60 4
1036 1361 4
1039 1101 4
1039 1173 4
1039 3224 4
1039 722 4
104 1327 4
104 229 4
104 241 4
104 36 4
104 910 4
1042 1116 4
1042 226 4
1046 1067 4
1046 2016 4
1046 734 4
1054 1090 4
1054 2142 4
1054 302 4
1055 1062 4
1055 1067 4
1055 1116 4
1055 1173 4
1055 132 4
1055 207 4
1055 226 4
1055 3422 4
1055 638 4
1055 772 4
1055 778 4
1056 246 4
1056 605 4
1056 968 4
1057 1180 4
1057 1202 4
1057 165 4
1057 17 4
1057 2336 4
1057 449 4
1057 573 4
1057 833 4
106 2717 4
1061 1214 4
1061 2154 4
1061 771 4
1061 792 4
1062 1103 4
1065 1257 4
1065 2655 4
1065 462 4
1065 497 4
1066 1244 4
1066 2319 4
1066 2521 4
1066 3341 4
1067 1039 4
1067 1042 4
1067 1101 4
1067 3013 4
1067 3236 4
1071 1497 4
1071 3243 4
1072 2681 4
1072 2869 4
1072 765 4
1074 1061 4
1074 3159 4
1074 3160 4
1074 958 4
1077 1054 4
1077 2005 4
1077 2142 4
108 3204 4
108 340 4
108 88 4
1080 1148 4
1080 1393 4
1080 458 4
1080 66 4
1080 742 4
1081 2361 4
1082 221 4
1082 268 4
1082 2959 4
1087 1201 4
1087 3465 4
1087 715 4
1088 1885 4
1088 1906 4
1090 1077 4
1090 1131 4
1090 164 4
1090 1979 4
1090 2363 4
1090 42 4
1090 448 4
1090 787 4
1092 1067 4
1092 1100 4
1092 226 4
1092 3000 4
1095 1231 4
1095 2016 4
1095 3342 4
1095 913 4
1100 3000 4
1100 3151 4
1100 3185 4
1101 1092 4
1101 1100 4
1101 2289 4
1101 2670 4
1101 3013 4
1103 1092 4
1103 1100 4
1103 1141 4
1103 237 4
1103 515 4
1104 1197 4
1104 1548 4
1104 165 4
1104 1684 4
1104 2315 4
1104 3064 4
1104 3065 4
1104 3146 4
1104 3181 4
1104 3242 4
1104 3245 4
1104 3330 4
1104 387 4
1104 64 4
1104 742 4
1108 1202 4
1108 1397 4
1108 207 4
1108 2172 4
1108 357 4
1108 519 4
1108 704 4
1110 1476 4
1110 3050 4
1113 765 4
1114 237 4
1116 1046 4
1116 1067 4
1116 1231 4
1117 188 4
1117 2412 4
1117 2464 4
1117 3324 4
1117 455 4
1118 2555 4
112 1209 4
112 2188 4
112 2311 4
112 251 4
112 256 4
112 277 4
112 2796 4
112 466 4
112 545 4
112 56 4
112 56 4
112 572 4
112 830 4
1123 1031 4
1123 121 4
1125 1123 4
1125 121 4
1125 1241 4
1125 3201 4
1125 3212 4
1125 3261 4
1125 3380 4
113 1180 4
113 1581 4
113 1719 4
113 2057 4
113 207 4
113 2152 4
113 2233 4
113 3481 4
113 516 4
113 621 4
113 840 4
113 997 4
1131 1782 4
1131 1997 4
1131 2002 4
1131 228 4
1131 312 4
1131 385 4
1131 637 4
1131 659 4
1131 673 4
1131 777 4
1136 482 4
114 101 4
114 1031 4
114 1123 4
114 1125 4
114 128 4
114 1769 4
114 21 4
114 2209 4
114 223 4
114 3037 4
114 3130 4
114 3261 4
114 39 4
1141 1062 4
1141 1100 4
1141 1116 4
1141 1231 4
1141 3167 4
1143 1101 4
1145 1061 4
1145 3159 4
1145 958 4
1146 2572 4
1146 956 4
1147 2255 4
1147 2277 4
1147 2278 4
1148 112 4
1148 1177 4
1148 1327 4
1148 1393 4
1148 1635 4
1148 2464 4
1148 3150 4
1148 3184 4
1148 446 4
1148 580 4
1148 612 4
1148 66 4
1148 742 4
1149 1136 4
1149 1623 4
1149 3460 4
115 138 4
115 207 4
115 278 4
115 3464 4
115 49 4
115 64 4
1151 1289 4
1151 1880 4
1151 1894 4
1151 2442 4
1151 3066 4
1153 1087 4
1153 256 4
1153 715 4
1157 1201 4
1157 237 4
1160 1057 4
1160 1393 4
1160 42 4
1160 496 4
1166 2351 4
1167 1200 4
1167 1803 4
1167 3448 4
1167 3449 4
1167 3450 4
1167 3481 4
1167 902 4
1167 959 4
1168 2264 4
1168 3098 4
1173 638 4
1173 664 4
1173 759 4
1173 778 4
1174 3127 4
1174 3143 4
1174 502 4
1176 1151 4
1176 1894 4
1177 2392 4
1177 3388 4
1177 400 4
1177 465 4
1177 580 4
1177 583 4
1177 720 4
1177 833 4
1178 1397 4
1178 1885 4
1178 2600 4
118 255 4
118 965 4
1180 165 4
1180 17 4
1180 1976 4
1180 2350 4
1180 2364 4
1180 3490 4
1180 455 4
1180 71 4
1180 989 4
1181 1963 4
1181 2317 4
1183 3293 4
1184 1033 4
1184 1104 4
1184 1148 4
1184 1186 4
1184 1308 4
1184 14 4
1184 17 4
1184 1747 4
1184 2170 4
1184 2574 4
1184 456 4
1184 461 4
1184 639 4
1184 801 4
1184 976 4
1186 1177 4
1186 383 4
1186 462 4
1186 673 4
1186 725 4
119 234 4
1191 1344 4
1191 2930 4
1191 3373 4
1192 1566 4
1192 2464 4
1196 3413 4
1197 1529 4
1197 1548 4
1197 2351 4
1197 2905 4
1197 508 4
12 974 4
120 2598 4
120 266 4
120 3057 4
120 647 4
1200 1095 4
1200 1231 4
1200 130 4
1200 1660 4
1200 2626 4
1200 3104 4
1200 3385 4
1200 46 4
1200 736 4
1201 1065 4
1201 1200 4
1201 1230 4
1201 1511 4
1201 1571 4
1201 1839 4
1201 256 4
1201 2655 4
1201 400 4
1201 416 4
1201 514 4
1201 715 4
1202 1057 4
1202 1160 4
1202 1180 4
1202 124 4
1202 17 4
1202 2714 4
1202 3232 4
1202 3315 4
1202 500 4
1202 522 4
1202 959 4
1205 2739 4
1205 685 4
121 114 4
121 2015 4
121 2301 4
121 3380 4
121 543 4
121 552 4
1210 2160 4
1210 2163 4
1210 441 4
1210 557 4
1210 790 4
1212 2934 4
1214 2296 4
1214 2296 4
1214 2330 4
1214 2849 4
1214 601 4
1214 77 4
1219 1061 4
1219 3159 4
1219 3160 4
1219 958 4
122 1428 4
122 2368 4
122 2379 4
122 408 4
122 893 4
1221 165 4
1221 1830 4
1221 1866 4
1221 1993 4
1221 2358 4
1221 2844 4
1221 3259 4
1221 647 4
1221 797 4
1222 112 4
1223 3193 4
1226 2011 4
1226 586 4
123 580 4
123 801 4
1230 1055 4
1230 1087 4
1230 1153 4
1230 1200 4
1230 3422 4
1231 1042 4
1231 1046 4
1231 1200 4
1231 1230 4
1231 2016 4
1231 2016 4
1231 226 4
1231 3385 4
1231 734 4
1232 1862 4
1235 187 4
1235 2160 4
1235 2163 4
1235 2163 4
1235 3114 4
1235 3260 4
1235 3261 4
1235 3278 4
1235 3358 4
1239 3169 4
1239 3178 4
124 2090 4
124 2718 4
124 3468 4
124 407 4
124 543 4
1241 1519 4
1241 1713 4
1243 1180 4
1243 164 4
1244 2572 4
1245 673 4
1247 1366 4
1247 2675 4
1247 54 4
125 3103 4
1257 1186 4
1257 130 4
1257 1481 4
1257 1597 4
1257 1937 4
1257 299 4
1257 635 4
1257 661 4
1257 731 4
1257 731 4
1257 9 4
126 2413 4
1261 3108 4
1261 3369 4
1264 137 4
1265 1147 4
1265 3386 4
1267 1707 4
1267 720 4
1269 1146 4
1269 1564 4
1269 2572 4
127 114 4
127 114 4
127 129 4
127 130 4
127 2209 4
127 269 4
127 3037 4
127 3112 4
127 3124 4
127 3474 4
127 3512 4
127 46 4
127 959 4
1270 1286 4
1270 1522 4
1273 2980 4
1274 228 4
1275 1621 4
128 127 4
128 2135 4
128 269 4
128 3038 4
128 3139 4
128 3257 4
128 3510 4
128 669 4
128 712 4
128 81 4
128 9 4
1281 1778 4
1286 1927 4
1286 2170 4
1286 3322 4
1286 736 4
1289 1081 4
1289 1151 4
1289 1176 4
1289 1372 4
1289 1894 4
1289 3240 4
1289 3499 4
129 3116 4
129 41 4
129 510 4
129 586 4
1290 1707 4
1290 1805 4
1291 1949 4
1294 1027 4
1294 516 4
1296 462 4
13 1202 4
13 1791 4
13 1791 4
13 280 4
13 440 4
13 462 4
13 467 4
13 53 4
13 537 4
13 913 4
130 1403 4
130 2631 4
130 269 4
130 3037 4
130 3135 4
130 330 4
130 483 4
130 500 4
130 621 4
130 731 4
130 973 4
1302 1733 4
1302 681 4
1307 1613 4
1307 2957 4
1308 1027 4
1308 13 4
1308 1343 4
1308 238 4
1308 458 4
1308 495 4
1308 519 4
1308 583 4
1308 62 4
1308 731 4
1308 862 4
1308 880 4
131 1191 4
131 246 4
1313 1104 4
1313 1417 4
1313 1778 4
1313 2626 4
1314 1715 4
1314 2959 4
1314 3340 4
1315 1642 4
1315 2913 4
1317 2964 4
1317 3368 4
1318 1667 4
132 1025 4
132 211 4
132 237 4
132 275 4
132 3080 4
132 416 4
132 439 4
132 467 4
132 467 4
132 487 4
132 487 4
132 53 4
132 573 4
132 586 4
132 621 4
132 659 4
132 66 4
132 673 4
132 801 4
132 92 4
132 981 4
1322 2049 4
1322 2540 4
1322 2631 4
1326 3436 4
1327 120 4
1327 1527 4
1327 158 4
1327 2464 4
1327 2598 4
1327 2661 4
1327 3057 4
1327 3150 4
1327 328 4
1327 3364 4
1327 595 4
133 3386 4
133 35 4
133 66 4
1334 612 4
1335 1033 4
1339 1036 4
1339 2472 4
1340 1715 4
1340 2490 4
1343 1323 4
1344 2710 4
1344 3366 4
1344 55 4
1344 868 4
1349 1350 4
1349 1806 4
1349 2452 4
1349 2541 4
1349 3122 4
135 199 4
1350 1428 4
1350 1553 4
1350 1768 4
1350 1806 4
1350 1926 4
1350 2498 4
1350 542 4
1354 1932 4
1355 2470 4
1355 2534 4
1355 2966 4
1361 1257 4
1361 2631 4
1361 2915 4
1361 3411 4
1361 731 4
1362 1110 4
1362 1289 4
1363 345 4
1364 1466 4
1364 1637 4
1364 2311 4
1364 556 4
1366 2090 4
1366 2104 4
1366 2307 4
1366 2357 4
1366 3106 4
1366 3170 4
1366 3476 4
1366 658 4
1366 663 4
1366 674 4
137 2170 4
137 2278 4
1370 1633 4
1370 2492 4
1370 2511 4
1371 149 4
1371 1785 4
1372 1489 4
1372 1645 4
1374 2361 4
1374 2555 4
1374 3400 4
1374 600 4
138 1184 4
138 151 4
138 161 4
138 207 4
138 254 4
138 2667 4
138 3306 4
138 462 4
138 61 4
138 639 4
138 64 4
138 77 4
1380 1395 4
1380 257 4
1380 3298 4
1380 3299 4
1380 457 4
1380 458 4
1381 1806 4
1383 2392 4
1383 3381 4
1383 400 4
1387 1542 4
1387 1638 4
1387 516 4
1389 1349 4
1389 1704 4
1389 3369 4
1389 3370 4
139 1148 4
139 1177 4
139 968 4
1391 118 4
1391 1393 4
1393 155 4
1393 1619 4
1393 1702 4
1393 2196 4
1393 338 4
1393 461 4
1393 48 4
1393 637 4
1393 897 4
1394 3359 4
1395 458 4
1396 228 4
1396 255 4
1396 384 4
1397 1027 4
1397 1202 4
1397 500 4
1398 3457 4
1398 652 4
14 1013 4
14 1095 4
14 1201 4
14 238 4
14 28 4
14 3174 4
14 3195 4
14 500 4
14 519 4
14 522 4
14 573 4
14 574 4
14 595 4
14 798 4
14 838 4
14 862 4
1400 3090 4
1401 2393 4
1401 387 4
1401 983 4
1403 1440 4
1403 147 4
1403 1711 4
1403 2557 4
1403 3112 4
1403 3128 4
1403 373 4
1406 1456 4
1406 1949 4
1406 21 4
1406 2521 4
1406 3341 4
1406 3347 4
1406 89 4
1408 1151 4
1408 1880 4
1408 1903 4
1408 3272 4
1408 460 4
1415 933 4
1415 987 4
1416 1417 4
1416 1654 4
1417 2618 4
1418 1431 4
142 1406 4
142 21 4
1421 1344 4
1421 1803 4
1421 2536 4
1421 3054 4
1421 344 4
1421 3450 4
1421 3461 4
1421 706 4
1424 507 4
1428 1768 4
1428 3309 4
1428 408 4
1430 2509 4
1431 1178 4
1431 1562 4
1431 3235 4
1432 2007 4
1432 3099 4
1432 681 4
1432 747 4
1432 808 4
1438 1660 4
1438 447 4
1438 536 4
1439 172 4
1439 352 4
144 9 4
1440 100 4
1440 1963 4
1440 741 4
1440 83 4
1440 988 4
145 132 4
145 2030 4
145 3274 4
1456 1472 4
1456 2301 4
1456 325 4
1456 327 4
1456 448 4
1456 91 4
1458 1761 4
1459 3346 4
1459 874 4
1461 1533 4
1461 1768 4
1461 226 4
1461 459 4
1461 48 4
1461 66 4
1461 931 4
1466 1197 4
1466 1298 4
1466 1683 4
1466 1927 4
1466 3473 4
1472 1406 4
1472 448 4
1472 91 4
1476 1118 4
1476 1674 4
1476 1908 4
1479 1272 4
1479 1418 4
1479 1564 4
1479 483 4
1479 560 4
148 2163 4
148 2442 4
148 3066 4
148 557 4
1480 1274 4
1480 1719 4
1480 637 4
1481 455 4
1482 1963 4
1482 2272 4
1482 2574 4
1482 2699 4
1482 97 4
1487 1807 4
1487 2492 4
1487 3370 4
1489 1088 4
1489 160 4
1489 1782 4
1489 442 4
149 674 4
149 778 4
149 965 4
1491 1181 4
1491 1963 4
1497 3227 4
1498 3488 4
1498 3494 4
1498 3495 4
15 2371 4
15 3145 4
1506 2380 4
1506 883 4
1507 3381 4
1507 3382 4
151 1223 4
151 1871 4
151 2056 4
151 3192 4
151 3193 4
151 3194 4
1510 3396 4
1511 1023 4
1511 1968 4
1511 446 4
1511 497 4
1516 2750 4
1516 2952 4
1519 1713 4
1519 3200 4
152 3038 4
152 47 4
152 668 4
1522 1286 4
1522 3387 4
1523 2916 4
1527 34 4
1527 910 4
1527 965 4
1529 156 4
1529 185 4
1529 223 4
1529 259 4
1529 3195 4
1529 32 4
1529 407 4
1529 418 4
1529 510 4
1529 636 4
1529 661 4
1529 801 4
153 162 4
153 189 4
153 1958 4
153 2730 4
153 279 4
153 61 4
153 744 4
1530 1768 4
1530 451 4
1532 113 4
1533 2224 4
1533 2518 4
1533 459 4
1538 1239 4
1540 1090 4
1540 1979 4
1540 3379 4
1540 448 4
1541 120 4
1541 3263 4
1541 327 4
1542 1090 4
1542 1748 4
1542 3484 4
1542 516 4
1542 831 4
1544 1645 4
1547 2861 4
1547 2863 4
1548 1117 4
1548 1184 4
1548 1657 4
1548 1684 4
1548 2867 4
1548 64 4
1548 66 4
1549 1547 4
1549 2370 4
1549 3241 4
155 1711 4
1553 1261 4
1553 1787 4
1555 3468 4
1556 2307 4
1557 1167 4
1557 1290 4
1557 2495 4
1557 2521 4
1557 3090 4
1557 3173 4
1557 661 4
1558 1291 4
1558 3390 4
156 129 4
156 2277 4
156 2860 4
156 3120 4
156 3497 4
156 482 4
1560 3367 4
1560 60 4
1562 1479 4
1564 1656 4
1564 1785 4
1566 1257 4
1566 1711 4
1566 1971 4
1566 2305 4
1566 3166 4
1566 327 4
1568 1007 4
157 185 4
157 1973 4
157 3259 4
157 3265 4
157 3276 4
1571 1095 4
1571 14 4
1571 2152 4
1571 3431 4
1573 3359 4
1576 1590 4
1576 2033 4
1576 2490 4
1578 1007 4
1578 1728 4
158 1571 4
158 2152 4
158 2385 4
158 335 4
158 3394 4
158 3395 4
158 649 4
158 749 4
1581 1131 4
1581 1408 4
1581 1532 4
1581 1937 4
1581 637 4
1581 673 4
1581 777 4
1582 3393 4
1589 1777 4
1589 2023 4
159 3273 4
159 338 4
1590 1315 4
1590 3428 4
1595 1005 4
1595 3449 4
1595 3469 4
1597 1937 4
1597 2631 4
1597 455 4
1597 468 4
1597 885 4
1597 965 4
160 1885 4
160 442 4
1600 1243 4
1600 1729 4
1600 264 4
1600 383 4
1602 1066 4
1602 1560 4
1602 906 4
1608 2351 4
1609 1274 4
1609 1458 4
1609 2836 4
1609 3156 4
1609 3168 4
161 1081 4
161 1289 4
161 2152 4
161 3287 4
161 3499 4
161 742 4
1611 2570 4
1613 1257 4
1613 1361 4
1613 1597 4
1613 2311 4
1613 2631 4
1617 2405 4
1617 522 4
1618 1553 4
1618 160 4
1618 3400 4
1619 1579 4
1619 1597 4
1619 1640 4
1619 2972 4
1619 330 4
1619 736 4
162 3206 4
1621 1937 4
1621 2948 4
1623 1975 4
1623 2005 4
1623 2030 4
1623 2606 4
1623 2667 4
1623 281 4
1623 3214 4
1623 3272 4
1623 3414 4
1623 3460 4
1623 44 4
1623 560 4
1627 1558 4
1627 1668 4
1631 2354 4
1631 2710 4
1631 2903 4
1635 1136 4
1635 1608 4
1635 2232 4
1635 237 4
1635 681 4
1636 2478 4
1637 1032 4
1638 831 4
164 1057 4
164 165 4
164 299 4
164 337 4
164 649 4
164 797 4
1640 1564 4
1640 803 4
1641 1026 4
1641 3234 4
1642 2969 4
1643 3286 4
1645 1408 4
1645 1894 4
1645 2361 4
165 1383 4
165 161 4
165 1973 4
165 1997 4
165 2006 4
165 2351 4
165 312 4
165 36 4
165 536 4
1653 2216 4
1653 3283 4
1654 1334 4
1654 2558 4
1656 1777 4
1656 2617 4
1657 1148 4
1657 1684 4
1657 1711 4
1657 451 4
1657 66 4
166 108 4
166 3204 4
166 88 4
1660 1712 4
1660 2079 4
1660 2135 4
1660 2380 4
1660 507 4
1660 523 4
1661 3073 4
1661 693 4
1666 1998 4
1667 2490 4
167 39 4
1674 1894 4
1674 2804 4
1674 3018 4
1674 685 4
1675 3323 4
1676 130 4
1676 3104 4
1676 3111 4
1676 3130 4
1676 3132 4
1677 211 4
1677 461 4
1677 643 4
1677 659 4
1679 1026 4
1679 3048 4
168 1403 4
1682 2358 4
1682 2501 4
1682 2600 4
1682 3321 4
1683 3243 4
1683 3470 4
1683 3475 4
1684 1104 4
1684 1184 4
1684 1197 4
1684 165 4
1684 2861 4
1684 3146 4
1684 3233 4
1684 3242 4
1684 673 4
1684 728 4
1692 1036 4
1692 1667 4
1692 2471 4
1692 2977 4
1692 3429 4
17 1160 4
17 1623 4
17 2170 4
17 2574 4
17 3262 4
17 42 4
17 700 4
17 739 4
17 74 4
17 92 4
1702 1160 4
1702 2196 4
1704 2541 4
1706 149 4
1706 189 4
1706 2282 4
1706 2513 4
1706 2629 4
171 1939 4
171 2067 4
171 2405 4
171 2626 4
171 3356 4
171 959 4
1711 10 4
1711 171 4
1711 200 4
1711 201 4
1711 3112 4
1711 338 4
1711 36 4
1711 455 4
1711 897 4
1711 98 4
1712 1025 4
1713 1125 4
1713 2738 4
1713 2773 4
1713 3201 4
1713 3212 4
1713 360 4
1713 825 4
1715 1576 4
1715 2207 4
1715 2491 4
1715 2959 4
1717 173 4
1717 972 4
1719 1200 4
1719 1597 4
1719 3384 4
1719 426 4
1719 449 4
1719 61 4
1719 883 4
172 2008 4
172 322 4
172 952 4
1722 89 4
1722 91 4
1724 2307 4
1724 3266 4
1724 3275 4
1728 1313 4
1728 1993 4
1728 238 4
1728 28 4
1728 333 4
1728 573 4
1729 1066 4
1729 2023 4
173 2276 4
1733 1645 4
174 131 4
174 17 4
174 1911 4
174 2364 4
174 3319 4
174 3500 4
1741 1703 4
1741 1808 4
1747 1479 4
1747 3374 4
1747 3384 4
1747 61 4
1748 2392 4
1748 3381 4
1749 223 4
1749 3118 4
175 115 4
175 1421 4
175 1924 4
175 2900 4
175 965 4
1753 2913 4
1753 3442 4
1753 3443 4
1758 3377 4
1760 1582 4
1761 264 4
1768 118 4
1768 1481 4
1768 3309 4
1768 965 4
1769 1676 4
1769 3123 4
1774 1715 4
1774 2977 4
1777 483 4
1778 1344 4
178 1177 4
178 188 4
178 207 4
178 653 4
1782 132 4
1782 2134 4
1782 778 4
1782 803 4
1782 886 4
1785 1479 4
1787 1374 4
1787 2750 4
179 1082 4
179 3091 4
1791 13 4
1791 13 4
1791 132 4
1791 278 4
1791 280 4
1791 371 4
1791 53 4
1791 659 4
1791 880 4
1791 913 4
1792 1707 4
1794 1747 4
1794 44 4
180 2717 4
1803 1595 4
1807 1370 4
1807 1741 4
1808 1251 4
1808 1703 4
1808 1807 4
1808 3419 4
1809 1032 4
1809 1637 4
1809 416 4
1811 2750 4
1811 2751 4
1811 3122 4
1812 1307 4
1812 2631 4
1814 1811 4
1814 2596 4
1814 3122 4
1819 1838 4
1819 299 4
1819 330 4
1819 461 4
1819 461 4
1819 462 4
1819 549 4
1820 165 4
1820 2891 4
1824 1869 4
183 1403 4
183 1440 4
183 2766 4
183 712 4
1830 1984 4
1830 2844 4
1830 3215 4
1838 272 4
1838 330 4
1838 333 4
1839 1114 4
1839 12 4
1839 1230 4
1839 1635 4
1839 202 4
1839 3270 4
1839 3509 4
184 199 4
184 316 4
1841 247 4
1842 1343 4
1842 1396 4
1842 1719 4
1849 1857 4
185 1719 4
1852 1456 4
1852 2015 4
1852 327 4
1853 1149 4
1853 1186 4
1853 1623 4
1857 124 4
1857 1867 4
1861 2655 4
1862 1841 4
1862 320 4
1863 1398 4
1863 3030 4
1867 1859 4
1868 1855 4
1869 124 4
1869 874 4
187 3278 4
187 642 4
187 816 4
1871 1007 4
1871 1025 4
1871 1131 4
1871 1374 4
1871 1568 4
1871 1581 4
1871 333 4
1871 569 4
188 1104 4
188 178 4
188 193 4
188 207 4
188 385 4
188 447 4
188 47 4
188 66 4
188 736 4
188 838 4
188 913 4
1880 1008 4
1880 1794 4
1880 2361 4
1880 3066 4
1880 3306 4
1880 913 4
1883 2264 4
1885 1308 4
1885 1906 4
189 1482 4
189 1733 4
189 207 4
189 227 4
189 2413 4
189 248 4
189 257 4
189 2699 4
189 500 4
1894 1898 4
1894 2369 4
1894 3066 4
1894 3240 4
1897 1289 4
1898 1674 4
1898 3499 4
1898 788 4
190 2723 4
190 3305 4
1900 1024 4
1900 1081 4
1900 1582 4
1900 2103 4
1900 2804 4
1900 3318 4
1900 3482 4
1900 929 4
1903 3511 4
1906 1007 4
1906 1308 4
1906 1489 4
1906 1728 4
1908 1912 4
191 3124 4
1910 459 4
1910 931 4
1911 1186 4
1911 2308 4
1912 672 4
1914 1148 4
1916 171 4
1918 3049 4
1919 1374 4
1919 1674 4
1919 685 4
1921 1186 4
1921 1207 4
1921 165 4
1921 228 4
1921 2393 4
1922 3491 4
1924 1214 4
1924 2330 4
1924 2716 4
1924 3407 4
1924 393 4
1925 1184 4
1925 1458 4
1925 17 4
1926 1350 4
1926 2224 4
1926 3108 4
1927 1597 4
1927 171 4
1927 2170 4
1927 2560 4
1927 2904 4
1927 2905 4
1927 588 4
1927 736 4
1927 92 4
1927 98 4
1928 1191 4
1928 1927 4
1928 2426 4
1928 2574 4
1928 3316 4
1928 519 4
1929 1403 4
1929 183 4
1929 2766 4
1929 3038 4
1929 3507 4
193 277 4
193 586 4
1930 153 4
1933 1578 4
1933 1838 4
1933 1871 4
1933 1938 4
1933 2600 4
1933 2804 4
1933 3109 4
1933 3279 4
1933 3289 4
1933 330 4
1933 583 4
1933 807 4
1937 122 4
1937 1361 4
1937 1532 4
1937 1613 4
1937 2152 4
1937 2964 4
1937 3368 4
1937 3432 4
1937 840 4
1938 272 4
1938 2982 4
1938 3109 4
1938 333 4
1939 113 4
1939 250 4
1939 426 4
1941 222 4
1941 49 4
1944 2278 4
1944 2468 4
1944 2478 4
1944 2927 4
1949 1066 4
1949 1668 4
1949 2319 4
1949 2495 4
1949 3347 4
1949 65 4
1954 754 4
1957 49 4
1958 153 4
1958 189 4
1958 248 4
1958 2591 4
1958 2667 4
1958 279 4
1958 3231 4
1958 3249 4
1958 933 4
196 2770 4
196 3090 4
1960 2006 4
1960 2006 4
1960 2372 4
1960 246 4
1963 1210 4
1963 2317 4
1963 2574 4
1963 285 4
1963 651 4
1963 862 4
1963 988 4
1964 3272 4
1965 1584 4
1965 3058 4
1965 310 4
1968 1180 4
1969 2006 4
1969 2006 4
1969 3056 4
1969 334 4
1969 647 4
197 1013 4
197 300 4
197 312 4
197 314 4
1971 1973 4
1971 2006 4
1971 2305 4
1971 2647 4
1971 3215 4
1971 327 4
1971 334 4
1971 681 4
1973 1541 4
1973 185 4
1973 1969 4
1973 2330 4
1973 2447 4
1973 647 4
1973 833 4
1975 2152 4
1975 2161 4
1975 2336 4
1975 302 4
1975 3164 4
1975 3203 4
1975 334 4
1975 3375 4
1975 720 4
1975 983 4
1976 1383 4
1976 1511 4
1979 1180 4
1979 3371 4
1979 448 4
1980 358 4
1983 3478 4
1984 1028 4
1984 2358 4
1989 1556 4
199 1941 4
199 2041 4
199 3228 4
199 3307 4
199 3365 4
199 757 4
1990 1387 4
1990 1542 4
1990 1638 4
1990 3378 4
1993 1294 4
1993 158 4
1993 2330 4
1993 2574 4
1993 302 4
1993 3295 4
1993 649 4
1997 1023 4
1997 1243 4
1997 1511 4
1997 446 4
1997 447 4
1997 456 4
1997 482 4
1997 831 4
1998 2056 4
2 1439 4
2 152 4
2 23 4
200 171 4
2002 165 4
2002 3504 4
2005 1623 4
2005 2030 4
2005 3272 4
2006 1177 4
2006 1383 4
2006 1973 4
2006 3056 4
2006 327 4
2006 334 4
2006 383 4
2006 392 4
2006 681 4
2007 3372 4
2008 2 4
2008 322 4
2008 952 4
201 1087 4
201 1432 4
201 1791 4
201 2351 4
201 3099 4
201 3121 4
201 370 4
201 608 4
201 681 4
201 883 4
2011 3083 4
2011 684 4
2013 112 4
2013 132 4
2013 2129 4
2013 3069 4
2013 3079 4
2013 3079 4
2013 798 4
2013 831 4
2015 114 4
2015 1456 4
2015 2301 4
2015 327 4
2015 448 4
2015 720 4
2016 1042 4
2016 226 4
2016 734 4
2016 734 4
2016 959 4
202 1853 4
202 2050 4
2021 1523 4
2021 2916 4
2021 2919 4
2023 1562 4
2024 1197 4
2024 2892 4
2024 968 4
2030 145 4
2030 1623 4
2030 2005 4
2030 2296 4
2030 3272 4
2034 1326 4
2034 2472 4
2034 2977 4
2034 3418 4
204 115 4
204 3387 4
204 720 4
2040 1005 4
2040 3455 4
2040 538 4
2040 552 4
2040 737 4
2041 1035 4
2041 696 4
2042 3454 4
2042 3455 4
2042 727 4
2049 2540 4
2049 2956 4
2049 407 4
2050 2216 4
2056 1104 4
2056 138 4
2056 471 4
2057 436 4
2067 2136 4
207 1025 4
207 1027 4
207 104 4
207 1202 4
207 132 4
207 178 4
207 1791 4
207 188 4
207 2238 4
207 278 4
207 3298 4
207 439 4
207 447 4
207 487 4
207 500 4
207 77 4
207 79 4
207 872 4
207 891 4
2079 959 4
2090 124 4
2090 1398 4
2090 149 4
2090 1824 4
2090 1869 4
2090 211 4
2090 3170 4
2090 652 4
2090 655 4
2100 3321 4
2103 1025 4
2103 1679 4
2103 2368 4
2103 2988 4
2103 3189 4
2103 3191 4
2103 3234 4
2104 1398 4
2104 2090 4
2104 652 4
2104 663 4
2104 674 4
211 132 4
211 1677 4
211 1791 4
211 1791 4
211 1819 4
211 2090 4
211 275 4
211 278 4
211 439 4
211 461 4
211 595 4
211 659 4
211 98 4
2116 1660 4
2129 2723 4
2129 3080 4
2129 416 4
2129 829 4
213 234 4
2134 1252 4
2134 1635 4
2134 201 4
2134 2718 4
2135 2380 4
2136 508 4
214 3102 4
2142 1090 4
2142 2515 4
2142 338 4
2143 145 4
2143 1818 4
2152 122 4
2152 1532 4
2152 1581 4
2152 2792 4
2152 3403 4
2152 61 4
2152 913 4
2152 983 4
2154 3215 4
2154 771 4
2155 1713 4
2155 3201 4
2160 1963 4
2160 285 4
2161 158 4
2161 302 4
2163 1963 4
2163 285 4
2163 3211 4
2163 3260 4
2163 642 4
2170 2980 4
2170 44 4
2170 74 4
2172 462 4
2172 728 4
2183 692 4
2184 32 4
2184 610 4
2184 654 4
2186 1984 4
2186 2844 4
2188 452 4
2188 92 4
2189 1202 4
2189 1975 4
2189 736 4
2189 862 4
2189 983 4
2191 148 4
2193 188 4
2195 147 4
2195 156 4
2195 2209 4
2195 250 4
2196 1146 4
2196 1160 4
2196 1391 4
2196 1597 4
2196 92 4
2196 956 4
220 1104 4
220 1421 4
220 175 4
220 1954 4
220 278 4
220 2900 4
2200 2156 4
2200 2159 4
2203 3134 4
2203 709 4
2203 761 4
2207 1082 4
2207 1281 4
2207 1313 4
2207 1314 4
2207 1631 4
2207 3366 4
2207 55 4
2207 703 4
2209 100 4
2209 101 4
2209 128 4
2209 269 4
2209 3037 4
2209 3038 4
2209 3101 4
2209 3120 4
2209 668 4
2209 9 4
221 2716 4
2211 1623 4
2218 1302 4
2218 803 4
2224 1147 4
2224 1910 4
2224 2257 4
2224 2277 4
2224 2391 4
2224 3108 4
2225 1646 4
223 113 4
223 128 4
223 2209 4
223 3037 4
223 3116 4
223 3130 4
223 39 4
223 436 4
223 523 4
223 725 4
223 9 4
223 9 4
2232 1180 4
2232 2250 4
2232 2308 4
2232 295 4
2232 3230 4
2232 681 4
2232 71 4
2233 1025 4
2233 1608 4
2233 560 4
2238 495 4
2243 3337 4
2244 1157 4
2244 197 4
2244 2232 4
2244 227 4
2244 228 4
2244 2733 4
2244 3274 4
2244 89 4
2245 1611 4
2245 3339 4
2247 1197 4
2247 1201 4
2247 1529 4
2247 728 4
2250 1635 4
2250 3230 4
2250 3270 4
2250 449 4
2250 71 4
2251 2216 4
2252 1819 4
2252 246 4
2252 549 4
2253 2264 4
2253 284 4
2253 3226 4
2255 1791 4
2255 2224 4
2255 2351 4
2257 1147 4
2257 2277 4
226 1046 4
226 1200 4
226 1201 4
226 1480 4
226 2016 4
226 965 4
2264 2272 4
2264 2672 4
2264 3097 4
2266 1212 4
2266 2934 4
2266 2936 4
2268 316 4
2269 32 4
2269 610 4
2269 654 4
227 2612 4
227 3099 4
227 3235 4
227 3335 4
227 451 4
227 989 4
2271 88 4
2272 2574 4
2272 824 4
2276 1466 4
2276 1683 4
2276 1717 4
2276 3471 4
2276 3475 4
2276 972 4
2277 2278 4
2278 2224 4
2278 2255 4
2278 2467 4
2278 2468 4
2278 2590 4
2278 2611 4
2278 2661 4
2278 815 4
228 1016 4
228 1207 4
228 2079 4
228 426 4
2280 1581 4
2280 462 4
2282 2458 4
2289 1067 4
2289 2670 4
2289 3224 4
229 207 4
229 64 4
2290 2922 4
2290 3355 4
2292 2476 4
2296 1214 4
2296 2030 4
2296 2348 4
2296 2849 4
2296 690 4
2297 1090 4
2297 787 4
2299 1294 4
2299 1313 4
2299 432 4
2299 900 4
23 1439 4
23 172 4
23 2008 4
23 352 4
2301 1852 4
2305 2647 4
2305 3215 4
2305 327 4
2307 2744 4
2307 2782 4
2307 3106 4
2307 3266 4
2307 3267 4
2307 3268 4
2307 3268 4
2307 3293 4
2307 3296 4
2307 3297 4
2307 877 4
2308 1635 4
2308 2244 4
2308 3280 4
2308 71 4
2309 371 4
2309 516 4
2309 981 4
2311 1032 4
2311 1197 4
2311 1201 4
2311 1257 4
2311 1937 4
2311 560 4
2311 639 4
2311 731 4
2315 188 4
2317 2930 4
2319 1406 4
2319 2521 4
2319 3401 4
2319 542 4
232 3250 4
232 49 4
2321 2797 4
2327 2586 4
2327 3377 4
2330 185 4
2330 1866 4
2330 2515 4
2330 601 4
2330 647 4
2330 748 4
2330 77 4
2330 824 4
234 1926 4
234 61 4
234 803 4
234 853 4
2343 2321 4
2343 2715 4
2343 318 4
2343 582 4
2348 1028 4
235 1202 4
235 496 4
235 959 4
2350 237 4
2350 2985 4
2351 507 4
2351 725 4
2354 2207 4
2354 2710 4
2356 1247 4
2356 1366 4
2356 2675 4
2357 2782 4
2357 3268 4
2358 2186 4
2359 383 4
236 709 4
2361 1151 4
2361 1372 4
2362 661 4
2363 1061 4
2363 2297 4
2363 337 4
2364 133 4
2364 17 4
2364 2733 4
2364 3280 4
2367 2403 4
2367 3256 4
2367 463 4
2368 1641 4
2368 2369 4
2368 2379 4
2368 893 4
2368 987 4
2369 1151 4
2369 1176 4
2369 2755 4
2369 3016 4
237 1056 4
237 1177 4
237 1177 4
237 1201 4
237 1719 4
237 201 4
237 2232 4
237 2232 4
237 2250 4
237 2362 4
237 2364 4
237 2661 4
237 314 4
237 376 4
237 515 4
237 517 4
237 673 4
237 681 4
237 98 4
2370 3237 4
2370 3238 4
2370 387 4
2370 95 4
2372 1214 4
2372 1924 4
2372 2006 4
2374 1074 4
2374 1145 4
2374 3160 4
2374 958 4
2379 2369 4
2379 2755 4
2379 3107 4
2379 987 4
238 1578 4
238 228 4
238 2321 4
2380 1239 4
2380 1506 4
2380 1538 4
2380 185 4
2380 2116 4
2380 2244 4
2380 725 4
2385 1975 4
2385 2161 4
2385 752 4
239 1746 4
239 2225 4
239 2975 4
2390 2606 4
2391 1926 4
2391 234 4
2391 3108 4
2391 3401 4
2392 1205 4
2392 2005 4
2392 2739 4
2392 3484 4
2392 3490 4
2392 383 4
24 160 4
24 242 4
240 119 4
2405 1108 4
2405 1711 4
2405 256 4
2405 2894 4
2405 610 4
2405 673 4
2405 959 4
2409 2438 4
2409 2439 4
2409 637 4
241 120 4
241 1327 4
241 34 4
241 36 4
241 910 4
241 920 4
2412 3317 4
2413 189 4
2413 2203 4
2413 557 4
2414 545 4
2419 1933 4
2419 2381 4
242 1533 4
242 1618 4
242 2103 4
242 2518 4
242 637 4
242 777 4
2427 2218 4
2427 681 4
2430 120 4
2430 3258 4
2430 3259 4
2430 771 4
2432 3472 4
2439 1016 4
2439 3156 4
2439 3319 4
2439 3329 4
2440 3001 4
2440 583 4
2441 648 4
2442 1645 4
2447 1221 4
2447 749 4
2452 1251 4
2452 1806 4
2452 3370 4
2458 219 4
2458 246 4
2458 754 4
2458 824 4
246 1819 4
246 1838 4
246 2006 4
246 503 4
246 549 4
246 573 4
246 586 4
246 720 4
2461 1275 4
2461 1715 4
2461 2977 4
2461 3429 4
2463 1748 4
2463 2738 4
2463 2773 4
2464 1021 4
2464 1057 4
2464 3146 4
2464 79 4
2466 929 4
2467 2980 4
2467 3338 4
2467 807 4
2468 1308 4
2468 2513 4
2468 2661 4
2468 2927 4
2468 807 4
2469 1937 4
2469 2948 4
247 1232 4
247 3162 4
2471 2915 4
2476 2538 4
2476 2976 4
2478 132 4
2478 239 4
2478 2409 4
2478 2860 4
2478 2975 4
2478 3322 4
248 122 4
248 1958 4
248 2667 4
248 279 4
248 2929 4
2486 1026 4
249 1482 4
249 97 4
2490 1036 4
2490 2491 4
2491 1774 4
2492 1807 4
2492 2541 4
2496 1394 4
2496 1602 4
2498 1261 4
250 130 4
250 185 4
250 2 4
250 2195 4
250 3137 4
250 3507 4
250 669 4
250 959 4
2501 1651 4
2504 1989 4
2504 2782 4
2504 3106 4
2506 2504 4
2506 2782 4
2506 3106 4
2506 3244 4
2509 2527 4
251 1025 4
251 1177 4
251 2714 4
251 3080 4
251 3149 4
251 3319 4
251 385 4
251 416 4
251 443 4
251 511 4
251 560 4
251 64 4
251 731 4
251 880 4
2512 2216 4
2513 2980 4
2514 1558 4
2514 3421 4
2515 1054 4
2515 1541 4
2515 1866 4
2515 1973 4
2515 2005 4
2515 300 4
2515 647 4
2518 199 4
2518 24 4
2519 1944 4
2519 2468 4
2519 2570 4
2520 1430 4
2520 2245 4
2520 2600 4
2520 44 4
2521 1949 4
2521 3173 4
2521 542 4
2523 3165 4
2525 2571 4
2527 1680 4
2527 1681 4
2527 2502 4
253 563 4
2534 2956 4
2534 2959 4
2536 2317 4
2536 2955 4
2536 3399 4
2536 868 4
2537 161 4
254 920 4
2540 1317 4
2540 1812 4
2540 1937 4
2540 2469 4
2542 2587 4
2544 1307 4
2548 1680 4
2548 2646 4
255 883 4
2553 1938 4
2555 1362 4
2555 148 4
2555 3059 4
2555 788 4
2557 2 4
2557 3111 4
2557 693 4
2557 713 4
2557 713 4
2558 1265 4
2558 1416 4
2558 3373 4
2559 1146 4
2559 1371 4
2559 1418 4
2559 1431 4
2559 264 4
256 1178 4
256 1192 4
256 1230 4
256 200 4
256 2655 4
256 959 4
2565 1373 4
2565 2511 4
2565 3369 4
257 1027 4
257 1177 4
257 1197 4
257 400 4
257 496 4
257 725 4
257 728 4
257 891 4
2570 2225 4
2570 2467 4
2570 2537 4
2572 1431 4
2572 955 4
2574 1055 4
2574 1136 4
2574 1482 4
2574 1782 4
2574 189 4
2574 2170 4
2574 2253 4
2574 259 4
2574 3226 4
2574 432 4
2574 498 4
2574 500 4
2574 74 4
2574 803 4
2578 1055 4
2580 1922 4
2586 3402 4
2587 2555 4
2587 3018 4
2587 3287 4
259 1557 4
259 171 4
259 736 4
2590 1752 4
2590 2611 4
2591 153 4
2591 408 4
2591 960 4
2593 2292 4
2596 2750 4
2598 104 4
2598 241 4
2598 266 4
2598 3057 4
2598 910 4
2599 1381 4
2599 1489 4
2599 3425 4
260 229 4
260 754 4
260 918 4
2600 1611 4
2601 902 4
2605 1602 4
2605 3090 4
2606 1680 4
2606 2509 4
2606 296 4
2606 736 4
2607 3063 4
2609 2940 4
261 3331 4
261 373 4
261 586 4
2612 3099 4
2612 3229 4
2612 3235 4
2612 451 4
2617 227 4
2617 2551 4
2617 2612 4
2617 3335 4
2617 451 4
2617 483 4
2625 3359 4
2626 127 4
2626 1646 4
2626 2079 4
2629 149 4
2629 232 4
2629 2458 4
2629 723 4
2631 1257 4
2631 1317 4
2631 1355 4
2631 1532 4
2631 1937 4
2631 2152 4
2631 2311 4
2631 483 4
2631 605 4
2631 731 4
2631 840 4
2631 973 4
264 1564 4
264 1777 4
264 1927 4
2640 1704 4
2647 164 4
2647 2447 4
2647 295 4
2647 302 4
2647 3087 4
2647 749 4
2647 833 4
2648 2405 4
2648 416 4
2648 661 4
2648 704 4
2652 2875 4
2655 1087 4
2655 1153 4
266 104 4
266 294 4
266 36 4
266 965 4
2661 1148 4
2661 1623 4
2661 1944 4
2661 1975 4
2661 201 4
2661 2152 4
2661 2836 4
2661 3164 4
2661 3180 4
2661 3431 4
2661 452 4
2661 462 4
2661 639 4
2661 725 4
2661 92 4
2667 1958 4
2667 202 4
2667 237 4
2667 248 4
2667 2607 4
2667 279 4
2670 3224 4
2672 249 4
2672 3098 4
2672 810 4
2675 1366 4
268 115 4
268 179 4
268 1924 4
268 221 4
268 2716 4
2681 3202 4
2681 3307 4
269 114 4
269 127 4
269 3105 4
269 3139 4
269 3139 4
269 3141 4
269 3474 4
269 352 4
269 46 4
269 502 4
269 621 4
269 669 4
269 81 4
2699 1782 4
2699 201 4
2699 2612 4
2699 2617 4
2699 3121 4
2699 3227 4
2699 608 4
2699 803 4
2710 2207 4
2710 2903 4
2713 2831 4
2713 636 4
2714 1108 4
2714 1566 4
2714 1617 4
2714 3083 4
2715 2321 4
2715 238 4
2715 318 4
2716 268 4
2716 3091 4
2718 449 4
272 1933 4
272 2991 4
272 3109 4
272 3290 4
272 789 4
2721 61 4
2723 2813 4
2723 3305 4
2723 443 4
2723 636 4
2730 3206 4
2733 1911 4
2733 2308 4
2733 237 4
2733 295 4
2733 3501 4
2733 71 4
2735 1461 4
2735 1533 4
2735 1910 4
2735 2224 4
2738 360 4
2738 825 4
2739 393 4
2739 685 4
2742 3193 4
2742 3197 4
2742 3198 4
2744 3268 4
2744 3476 4
2744 658 4
2746 1219 4
2746 345 4
2746 958 4
2747 1232 4
2747 3152 4
2747 596 4
275 13 4
275 132 4
275 1782 4
275 222 4
275 352 4
275 656 4
2750 1814 4
2751 2596 4
2755 2367 4
2755 2368 4
2755 2368 4
2755 2379 4
2755 2403 4
2755 670 4
2755 670 4
2761 3161 4
2761 826 4
2765 1965 4
2765 3055 4
2765 339 4
2766 1440 4
2766 147 4
2769 247 4
2769 2761 4
277 2103 4
277 2831 4
2770 3090 4
2773 360 4
2774 790 4
2777 2774 4
278 115 4
278 138 4
278 138 4
278 211 4
278 229 4
278 371 4
278 455 4
278 462 4
278 53 4
278 545 4
278 586 4
278 62 4
278 79 4
2782 1366 4
2782 1556 4
2782 1989 4
2782 2307 4
2782 3244 4
2782 3268 4
2786 3119 4
279 153 4
279 1958 4
279 248 4
279 2667 4
2791 1841 4
2791 441 4
2791 826 4
2792 3150 4
2792 3184 4
2792 3412 4
2792 983 4
2794 3300 4
2796 112 4
2796 3489 4
2797 2343 4
2797 238 4
2797 2715 4
2797 3163 4
2797 582 4
28 53 4
28 897 4
280 13 4
280 132 4
280 1791 4
280 275 4
280 53 4
280 913 4
2803 3080 4
2804 1071 4
2804 1679 4
2804 1838 4
2804 1938 4
2804 272 4
2804 3048 4
2804 333 4
2805 2013 4
2805 3077 4
2805 3085 4
2805 3093 4
281 3460 4
2810 1511 4
2810 165 4
2810 246 4
2813 2723 4
2814 2464 4
283 1693 4
2831 466 4
2836 1548 4
2836 1566 4
2836 3327 4
2836 496 4
2837 3190 4
284 1482 4
284 1883 4
284 1983 4
284 2264 4
284 3097 4
284 3226 4
2842 643 4
2844 3208 4
2846 2213 4
2847 2163 4
2847 875 4
2849 2154 4
285 1210 4
285 441 4
2851 816 4
2860 2468 4
2860 2920 4
2861 1104 4
2861 3233 4
2862 3245 4
2863 2370 4
2867 2189 4
2869 2681 4
2869 2690 4
2869 3202 4
2869 765 4
287 1013 4
287 1016 4
287 201 4
2871 2100 4
2871 2652 4
2875 2439 4
2875 3299 4
2875 3308 4
2875 605 4
2881 2875 4
2882 514 4
2888 42 4
2890 1344 4
2890 1654 4
2890 3373 4
2890 344 4
2891 700 4
2892 1186 4
2892 1327 4
2892 1617 4
2894 2311 4
2894 3146 4
2894 3181 4
2897 165 4
2900 3054 4
2900 344 4
2903 1344 4
2903 1529 4
2903 2207 4
2903 3366 4
2903 55 4
2904 137 4
2904 2903 4
2904 3277 4
2905 3349 4
2905 588 4
2906 153 4
2908 1945 4
2908 3325 4
2909 264 4
291 3011 4
291 316 4
2911 563 4
2911 829 4
2913 1318 4
2913 1326 4
2916 2919 4
2916 2923 4
2919 1267 4
2920 1927 4
2922 2512 4
2923 1523 4
2923 1707 4
2923 2021 4
2923 720 4
2926 1681 4
2926 2922 4
2927 2468 4
2927 2661 4
2929 3357 4
2930 612 4
2930 736 4
294 1957 4
294 49 4
2941 1104 4
2941 1548 4
2941 1684 4
2941 742 4
295 2244 4
295 3087 4
295 71 4
2950 1582 4
2952 1544 4
2955 2890 4
2956 1355 4
2957 1613 4
2957 2544 4
2957 3368 4
2959 1621 4
2959 3340 4
296 2476 4
296 2509 4
296 2526 4
2960 1291 4
2964 2544 4
2964 3368 4
2966 1322 4
2969 1318 4
2969 2913 4
2971 1761 4
2972 1395 4
2972 1927 4
2975 2391 4
2977 1339 4
2980 2468 4
2982 2553 4
2982 2988 4
2985 2308 4
2985 3336 4
2988 1026 4
2988 1900 4
2988 2553 4
2988 2804 4
2988 65 4
299 1177 4
299 1201 4
299 1529 4
299 246 4
299 460 4
299 66 4
299 720 4
299 789 4
299 831 4
2991 1838 4
2991 1933 4
2991 1938 4
2991 2804 4
2991 333 4
2995 3083 4
2995 3179 4
2995 56 4
2995 728 4
300 1056 4
300 1057 4
300 1131 4
300 157 4
300 2439 4
300 301 4
300 3282 4
300 467 4
300 749 4
3000 1055 4
3001 3289 4
3001 583 4
3004 1838 4
3004 1933 4
3004 1938 4
3004 2804 4
3004 2991 4
3008 1055 4
3008 1173 4
3008 638 4
3008 640 4
301 1993 4
301 3282 4
301 334 4
3011 291 4
3011 316 4
3013 3224 4
3013 3236 4
3016 1289 4
3016 1894 4
3018 1151 4
3018 1880 4
3018 1898 4
3018 1903 4
3018 3066 4
302 300 4
302 335 4
302 648 4
302 752 4
3020 1003 4
3020 213 4
3020 3091 4
3020 99 4
3021 1432 4
3021 3372 4
3024 3383 4
3025 1148 4
3025 1202 4
3025 385 4
3030 657 4
3037 128 4
3037 269 4
3037 3038 4
3037 3139 4
3037 39 4
3037 9 4
3038 127 4
3038 269 4
3038 3139 4
3038 3508 4
3038 712 4
3038 81 4
3038 9 4
3038 9 4
3048 1026 4
3048 2988 4
3054 220 4
3054 344 4
3055 310 4
3055 339 4
3056 1511 4
3056 1997 4
3056 2372 4
3056 3062 4
3056 446 4
3056 447 4
3057 104 4
3057 131 4
3057 241 4
3057 36 4
3058 1584 4
3058 310 4
3058 57 4
3059 1026 4
3059 2587 4
3059 3018 4
3060 197 4
3061 61 4
3062 2372 4
3063 1180 4
3065 3077 4
3065 3079 4
3065 3083 4
3065 3084 4
3066 1374 4
3066 2442 4
3066 2555 4
3066 2587 4
3066 3059 4
3067 693 4
3068 3069 4
3068 3070 4
3068 3071 4
3069 2803 4
3069 3065 4
3069 3080 4
3070 2805 4
3070 3078 4
3071 3070 4
3071 3095 4
3072 3073 4
3072 693 4
3073 1661 4
3074 179 4
3074 221 4
3074 2716 4
3075 3069 4
3075 3076 4
3075 3077 4
3075 3078 4
3076 3083 4
3076 3084 4
3076 3085 4
3077 3085 4
3077 3086 4
3078 3068 4
3078 3080 4
3078 3081 4
3078 3082 4
3079 3075 4
3079 3076 4
3079 568 4
3079 798 4
3080 2013 4
3080 3068 4
3080 3081 4
3080 3082 4
3081 2803 4
3081 2805 4
3082 3071 4
3082 3076 4
3083 190 4
3083 3077 4
3083 3079 4
3083 3085 4
3084 3068 4
3084 3082 4
3084 3095 4
3084 3096 4
3085 2013 4
3085 3070 4
3085 3075 4
3086 3068 4
3086 3085 4
3087 485 4
3088 1975 4
3088 2647 4
3088 295 4
3088 3087 4
3088 647 4
3089 303 4
3089 325 4
3089 357 4
3090 1560 4
3090 3094 4
3090 3377 4
3091 1003 4
3091 1082 4
3091 213 4
3091 268 4
3091 3074 4
3091 396 4
3091 99 4
3092 3084 4
3093 2803 4
3093 3065 4
3093 3086 4
3095 112 4
3095 3079 4
3095 3081 4
3095 3093 4
3095 3096 4
3095 491 4
3095 563 4
3095 568 4
3096 3065 4
3096 3086 4
3096 3093 4
3097 1168 4
3097 2672 4
3097 3098 4
3097 3478 4
3098 2264 4
3098 2264 4
3098 2272 4
3098 810 4
3098 97 4
3099 2617 4
3099 2699 4
3099 3227 4
3099 3335 4
3099 547 4
310 1026 4
310 1432 4
310 1584 4
310 2765 4
310 3459 4
310 453 4
310 57 4
3100 3020 4
3100 3091 4
3100 396 4
3101 127 4
3101 152 4
3101 3138 4
3103 152 4
3103 167 4
3103 668 4
3105 3103 4
3106 1556 4
3106 1989 4
3106 2307 4
3106 2357 4
3106 2782 4
3106 3244 4
3106 3300 4
3106 54 4
3106 658 4
3107 2368 4
3107 2369 4
3108 1926 4
3108 1926 4
3108 234 4
3108 542 4
3109 1838 4
3109 2804 4
3109 3004 4
3110 130 4
3111 2 4
3111 870 4
3112 130 4
3112 1929 4
3112 2209 4
3112 250 4
3112 256 4
3112 83 4
3113 114 4
3113 152 4
3113 2209 4
3113 3038 4
3114 1623 4
3114 2712 4
3114 643 4
3115 1466 4
3115 1717 4
3115 2276 4
3115 2432 4
3115 3466 4
3115 998 4
3116 3037 4
3117 220 4
3117 260 4
3118 1403 4
312 1511 4
312 1979 4
312 488 4
312 628 4
3120 1403 4
3120 256 4
3120 269 4
3121 370 4
3122 1370 4
3122 1808 4
3122 2492 4
3122 2511 4
3122 2750 4
3122 2751 4
3123 713 4
3124 10 4
3124 1403 4
3124 38 4
3125 3126 4
3126 2786 4
3126 3220 4
3126 973 4
3127 352 4
3128 1769 4
3129 1174 4
3129 502 4
313 892 4
3130 171 4
3130 269 4
3130 435 4
3130 713 4
3130 81 4
3130 9 4
3131 130 4
3131 712 4
3132 114 4
3132 223 4
3132 38 4
3133 2774 4
3133 3207 4
3134 692 4
3134 799 4
3135 1200 4
3135 168 4
3135 47 4
3135 621 4
3136 573 4
3137 214 4
3138 144 4
3139 101 4
3139 127 4
3139 2209 4
3139 3102 4
3139 3474 4
3139 3512 4
3139 81 4
314 1201 4
314 145 4
314 2143 4
3140 687 4
3141 214 4
3142 1929 4
3142 6 4
3143 6 4
3144 41 4
3146 1548 4
3146 1711 4
3146 2315 4
3146 2836 4
3146 498 4
3147 3148 4
3149 132 4
3149 828 4
3150 1975 4
3150 2152 4
3150 2661 4
3150 3164 4
3150 3180 4
3151 1101 4
3151 3000 4
3152 1862 4
3152 2791 4
3153 2713 4
3153 277 4
3154 1039 4
3154 657 4
3155 3176 4
3155 3190 4
3155 728 4
3155 74 4
3156 1296 4
3156 2718 4
3157 596 4
3158 3095 4
3159 1061 4
3159 3160 4
316 2268 4
316 291 4
316 3011 4
3160 3175 4
3160 958 4
3161 3183 4
3162 1862 4
3162 2761 4
3163 2321 4
3163 2343 4
3163 238 4
3163 318 4
3163 582 4
3164 1327 4
3164 2152 4
3164 2792 4
3164 983 4
3165 60 4
3166 742 4
3167 1055 4
3167 3000 4
3169 1538 4
3169 2380 4
3170 163 4
3170 2104 4
3170 652 4
3170 655 4
3171 3172 4
3174 522 4
3174 831 4
3175 2374 4
3175 792 4
3176 277 4
3176 477 4
3177 1239 4
3178 1538 4
3178 2380 4
3178 3169 4
3178 3177 4
3179 2837 4
3179 817 4
318 2321 4
318 238 4
318 371 4
3180 1148 4
3180 2152 4
3180 3164 4
3181 1257 4
3181 3168 4
3181 476 4
3182 3183 4
3184 1975 4
3184 2661 4
3184 3150 4
3185 1062 4
3185 1143 4
3186 2648 4
3186 2892 4
3187 586 4
3187 862 4
3188 491 4
3189 2221 4
3189 3190 4
3189 728 4
3190 2221 4
3190 2995 4
3190 743 4
3191 74 4
3192 3196 4
3192 3235 4
3193 3192 4
3193 495 4
3194 495 4
3194 891 4
3195 2160 4
3195 2185 4
3195 3312 4
3195 798 4
3196 2742 4
3196 3193 4
3196 3198 4
3197 3196 4
3197 891 4
3198 1223 4
3198 151 4
3198 3192 4
3198 3194 4
3199 3213 4
32 1557 4
32 2079 4
32 2184 4
32 2269 4
32 3225 4
32 401 4
32 960 4
320 1841 4
320 2747 4
3200 1125 4
3200 3201 4
3201 1519 4
3202 1113 4
3202 2690 4
3203 3088 4
3203 508 4
3203 647 4
3204 340 4
3205 725 4
3206 153 4
3206 2906 4
3206 397 4
3209 3210 4
3212 1241 4
3212 1519 4
3215 1566 4
3215 334 4
3215 833 4
3216 692 4
3217 1090 4
3217 337 4
3218 3169 4
3219 2413 4
322 144 4
322 2 4
322 9 4
322 952 4
3220 143 4
3220 3209 4
3221 482 4
3222 234 4
3222 2652 4
3223 1026 4
3223 1641 4
3223 2103 4
3223 2368 4
3224 1067 4
3224 1101 4
3224 3236 4
3225 32 4
3225 589 4
3225 610 4
3225 654 4
3226 2264 4
3227 1071 4
3227 2612 4
3227 2617 4
3227 451 4
3228 1958 4
3228 199 4
3228 3307 4
3229 542 4
3229 840 4
3230 1635 4
3230 71 4
3231 3228 4
3231 3232 4
3232 1958 4
3232 2100 4
3232 278 4
3232 3228 4
3232 3249 4
3232 807 4
3233 3241 4
3233 3242 4
3234 3223 4
3234 499 4
3235 1308 4
3235 249 4
3235 2574 4
3235 2699 4
3235 3226 4
3235 3227 4
3235 97 4
3236 2670 4
3237 1548 4
3237 1592 4
3238 2863 4
3239 2152 4
3240 1151 4
3240 1176 4
3240 2369 4
3241 161 4
3241 3242 4
3242 2861 4
3242 64 4
3243 1674 4
3243 2804 4
3243 3115 4
3243 3227 4
3243 971 4
3244 1556 4
3244 1989 4
3245 1548 4
3245 1684 4
3245 2941 4
3245 3146 4
3245 742 4
3246 3247 4
3247 2882 4
3248 2152 4
3248 3239 4
3248 357 4
3249 303 4
3249 3231 4
325 1005 4
325 1852 4
325 2301 4
3250 2159 4
3251 1960 4
3251 3252 4
3253 1547 4
3253 3245 4
3254 3255 4
3254 648 4
3255 1820 4
3255 3276 4
3256 2367 4
3256 463 4
3257 1660 4
3257 2380 4
3258 3259 4
3258 771 4
3258 833 4
3259 165 4
3259 3276 4
3260 3278 4
3260 3278 4
3260 3358 4
3260 642 4
3260 816 4
3261 121 4
3261 2163 4
3261 3260 4
3261 3278 4
3263 1866 4
3263 376 4
3263 797 4
3264 3254 4
3265 649 4
3265 833 4
3266 3268 4
3267 1724 4
3267 3281 4
3268 1366 4
3268 1724 4
3268 3106 4
3268 3281 4
3269 1264 4
3269 3277 4
327 1177 4
327 185 4
327 1969 4
327 1973 4
327 3215 4
327 325 4
327 681 4
327 700 4
3270 2244 4
3270 3271 4
3272 1581 4
3272 1623 4
3272 1964 4
3272 2005 4
3272 2030 4
3272 462 4
3274 2364 4
3275 3268 4
3275 877 4
3276 771 4
3276 833 4
3277 2546 4
3277 3350 4
3278 2163 4
3278 642 4
3278 642 4
3278 816 4
3279 583 4
328 3166 4
328 3168 4
328 3487 4
328 3488 4
328 3494 4
328 3495 4
328 639 4
328 968 4
3280 661 4
3280 71 4
3281 2307 4
3281 3275 4
3282 164 4
3282 334 4
3282 337 4
3283 250 4
3284 1593 4
3285 3286 4
3286 2879 4
3286 3292 4
3287 239 4
3287 272 4
3287 3290 4
3287 929 4
3288 2224 4
3288 89 4
3289 2440 4
3290 161 4
3290 239 4
3290 789 4
3291 2430 4
3291 2515 4
3291 647 4
3293 1843 4
3293 641 4
3294 466 4
3294 56 4
3295 1393 4
3295 1928 4
3295 2315 4
3298 189 4
3298 2370 4
3298 3299 4
330 1016 4
330 1112 4
330 1257 4
330 1274 4
330 1327 4
330 2172 4
330 256 4
330 272 4
330 421 4
330 446 4
330 462 4
330 500 4
330 789 4
330 789 4
330 789 4
3301 387 4
3302 1195 4
3302 3303 4
3304 3294 4
3306 2867 4
3307 199 4
3307 2681 4
3307 3228 4
3308 174 4
3309 3310 4
3310 1768 4
3311 1178 4
3313 1343 4
3314 2438 4
3317 3324 4
3320 1350 4
3320 1428 4
3320 1768 4
3320 3309 4
3321 545 4
3321 634 4
3324 2412 4
3326 261 4
3326 42 4
3328 2358 4
3328 2600 4
3329 1794 4
333 1131 4
333 1933 4
333 242 4
333 3109 4
333 659 4
333 673 4
3330 1684 4
3330 742 4
3332 2238 4
3332 3314 4
3333 3304 4
3333 830 4
3333 831 4
3334 129 4
3334 190 4
3335 2699 4
3335 451 4
3336 2308 4
3336 2350 4
3337 3351 4
3339 2467 4
334 1566 4
334 159 4
334 1973 4
334 2305 4
334 3088 4
334 3203 4
334 327 4
334 3273 4
334 376 4
334 447 4
334 455 4
334 482 4
334 681 4
334 833 4
334 983 4
3340 2207 4
3341 1949 4
3342 1459 4
3342 3343 4
3342 653 4
3343 1459 4
3343 3346 4
3343 653 4
3344 151 4
3344 1997 4
3344 2263 4
3344 2648 4
3344 622 4
3345 2527 4
3345 296 4
3346 1095 4
3346 3342 4
3347 3341 4
3347 65 4
3348 1489 4
3348 442 4
3349 1927 4
3349 2294 4
335 1975 4
3351 156 4
3353 3352 4
3357 402 4
3358 187 4
3358 3278 4
3359 1558 4
3360 1386 4
3360 3361 4
3362 3363 4
3364 3394 4
3365 1533 4
3365 24 4
3365 2518 4
3366 1631 4
3366 2354 4
3366 2710 4
3367 1557 4
3368 2540 4
3369 1370 4
3369 671 4
337 159 4
337 2297 4
337 2447 4
337 2647 4
337 300 4
337 302 4
337 3273 4
3370 1349 4
3371 601 4
3373 1265 4
3373 1344 4
3373 2955 4
3374 1479 4
3374 384 4
3375 1327 4
3375 3376 4
3376 3430 4
3377 1400 4
3377 2586 4
3378 1387 4
3378 1542 4
3378 1638 4
3378 484 4
3378 831 4
3379 1090 4
3379 3381 4
3379 601 4
338 461 4
338 66 4
338 897 4
3380 114 4
3380 3261 4
3380 543 4
3381 1056 4
3381 1979 4
3381 3382 4
3382 1056 4
3382 3396 4
3384 1579 4
3384 2559 4
3384 483 4
3385 1055 4
3385 1116 4
3385 3422 4
3386 1416 4
3386 2890 4
3388 983 4
3389 2470 4
3389 2959 4
339 1584 4
339 1965 4
339 3058 4
339 310 4
3390 1291 4
3390 1394 4
3390 1627 4
3390 3410 4
3391 2590 4
3391 2611 4
3392 1103 4
3392 1136 4
3393 1646 4
3393 1752 4
3393 3424 4
3395 2152 4
3397 1805 4
3397 3398 4
3399 1313 4
34 1327 4
34 965 4
340 166 4
340 360 4
3400 1645 4
3400 1733 4
3400 600 4
3401 1582 4
3402 1290 4
3403 158 4
3403 3435 4
3404 3405 4
3406 1393 4
3406 496 4
3407 1921 4
3407 344 4
3408 1281 4
3408 2558 4
3408 2626 4
3409 3024 4
3409 3395 4
341 1980 4
341 312 4
341 313 4
3411 2469 4
3411 2534 4
3413 3420 4
3414 2661 4
3414 3431 4
3414 3434 4
3415 3416 4
3416 3407 4
3416 3412 4
3417 1326 4
3422 1116 4
3422 1200 4
3423 3024 4
3424 1311 4
3425 1703 4
3425 1741 4
3425 2627 4
3426 1576 4
3427 3405 4
343 3125 4
3430 3375 4
3432 1621 4
3433 2391 4
3435 2792 4
3435 2890 4
3436 2969 4
3437 3438 4
3438 3423 4
3439 3396 4
344 1527 4
344 1957 4
344 220 4
344 965 4
3440 1668 4
3440 2496 4
3441 1307 4
3441 1812 4
3444 1762 4
3445 1532 4
3445 2956 4
3446 3388 4
3447 1657 4
3447 2617 4
3448 1595 4
3448 3461 4
3448 3467 4
3448 424 4
345 1219 4
345 958 4
3450 3448 4
3450 3467 4
3451 2006 4
3451 2392 4
3451 477 4
3452 2040 4
3452 737 4
3453 1595 4
3454 3455 4
3454 696 4
3455 3469 4
3455 737 4
3455 763 4
3455 770 4
3456 1527 4
3456 266 4
3456 344 4
3456 965 4
3457 2090 4
3458 808 4
3459 3458 4
3459 808 4
3460 1853 4
3462 1398 4
3463 1398 4
3465 1153 4
3465 1201 4
3465 256 4
3465 2655 4
3465 715 4
3466 3473 4
3467 1167 4
3467 3449 4
3467 425 4
3468 1863 4
3469 2042 4
3469 3454 4
3469 737 4
3470 3115 4
3471 1683 4
3471 3472 4
3471 3473 4
3473 971 4
3474 101 4
3474 128 4
3474 2209 4
3474 223 4
3474 3037 4
3474 39 4
3474 9 4
3475 2432 4
3475 3471 4
3475 971 4
3477 3454 4
3477 770 4
3479 3480 4
3482 3483 4
3483 1915 4
3483 2462 4
3484 299 4
3485 1008 4
3485 1912 4
3485 1920 4
3486 2796 4
3486 328 4
3486 3487 4
3486 3488 4
3486 3489 4
3487 1498 4
3487 2796 4
3487 3488 4
3487 3495 4
3488 2796 4
3488 3496 4
3488 3498 4
3489 1498 4
3489 328 4
3489 3487 4
3489 3494 4
3489 3495 4
3490 1131 4
3490 1243 4
3490 1979 4
3491 1915 4
3492 803 4
3493 100 4
3494 2796 4
3494 3488 4
3494 3498 4
3495 3488 4
3495 3494 4
3495 3496 4
3495 3498 4
3496 328 4
3496 3487 4
3497 128 4
3497 191 4
3498 328 4
3498 3487 4
3498 3496 4
3499 1081 4
3499 1118 4
3499 2542 4
35 1809 4
35 2317 4
35 2930 4
3501 3502 4
3501 3503 4
3504 1090 4
3504 1201 4
3505 125 4
3505 2209 4
3505 3506 4
3506 2195 4
3507 100 4
3507 669 4
3507 713 4
3508 156 4
3508 3137 4
3510 3135 4
3510 38 4
3511 1408 4
3514 2393 4
3515 3037 4
3515 3101 4
352 127 4
352 13 4
352 172 4
352 2 4
352 2008 4
352 280 4
352 6 4
352 98 4
353 303 4
353 3089 4
353 325 4
353 633 4
354 325 4
354 633 4
356 1408 4
356 1581 4
356 1898 4
356 461 4
356 685 4
357 1005 4
357 2862 4
357 330 4
357 353 4
357 455 4
357 462 4
357 563 4
358 312 4
358 892 4
36 112 4
36 1327 4
36 237 4
36 2598 4
36 2631 4
36 465 4
36 573 4
360 122 4
360 2463 4
360 825 4
360 88 4
360 892 4
362 246 4
362 460 4
362 462 4
369 189 4
369 2272 4
369 461 4
37 72 4
370 3099 4
370 606 4
371 1027 4
371 1177 4
371 1226 4
371 1245 4
371 13 4
371 1728 4
371 197 4
371 211 4
371 2714 4
371 275 4
371 45 4
371 461 4
371 503 4
371 586 4
371 586 4
371 742 4
371 98 4
372 3327 4
372 74 4
373 127 4
373 129 4
373 1427 4
373 2195 4
373 3135 4
373 74 4
376 157 4
376 2189 4
376 2250 4
376 2515 4
376 3230 4
376 3265 4
376 647 4
376 681 4
38 3101 4
38 3104 4
38 84 4
383 1090 4
383 1660 4
383 1791 4
383 2296 4
383 3451 4
383 392 4
383 477 4
383 56 4
383 635 4
383 913 4
384 1785 4
384 483 4
384 803 4
384 965 4
385 2351 4
385 2875 4
385 3146 4
385 3168 4
385 328 4
385 849 4
387 1016 4
387 3344 4
387 3406 4
387 45 4
387 456 4
387 508 4
387 605 4
387 684 4
39 100 4
39 128 4
39 2195 4
39 269 4
39 3038 4
39 3105 4
39 3139 4
39 81 4
39 870 4
39 9 4
392 2392 4
392 3451 4
392 477 4
393 1205 4
393 1214 4
393 2005 4
393 2330 4
393 2392 4
393 601 4
393 77 4
393 89 4
396 1245 4
396 1380 4
396 3020 4
396 546 4
397 153 4
397 162 4
397 2730 4
397 2906 4
400 1054 4
400 1098 4
400 1243 4
400 156 4
400 2002 4
400 302 4
400 3166 4
400 461 4
400 465 4
400 622 4
407 1184 4
407 2957 4
407 3441 4
407 387 4
407 449 4
407 742 4
408 1595 4
408 3453 4
408 401 4
408 61 4
409 118 4
409 1747 4
409 955 4
41 47 4
412 1148 4
412 2631 4
412 2718 4
412 373 4
412 577 4
412 580 4
412 610 4
412 621 4
412 661 4
416 452 4
416 522 4
416 563 4
416 580 4
42 1057 4
42 1209 4
42 1230 4
42 1272 4
42 1609 4
42 2363 4
42 299 4
42 61 4
42 748 4
421 1635 4
421 725 4
421 736 4
421 886 4
421 973 4
423 2301 4
423 557 4
424 425 4
425 1803 4
425 3450 4
425 3461 4
426 223 4
426 2626 4
426 661 4
432 1104 4
432 449 4
435 1660 4
435 223 4
435 2380 4
435 2626 4
436 1065 4
436 228 4
436 32 4
436 435 4
439 1027 4
439 132 4
439 275 4
439 278 4
439 280 4
439 467 4
44 2143 4
44 2391 4
44 3339 4
44 400 4
440 1597 4
440 280 4
440 352 4
440 371 4
440 483 4
440 731 4
440 98 4
441 1963 4
441 2160 4
441 2163 4
441 232 4
442 778 4
443 251 4
443 3304 4
443 3305 4
443 371 4
443 475 4
443 573 4
443 798 4
444 2836 4
444 621 4
445 1226 4
445 3187 4
445 371 4
445 444 4
446 1023 4
446 1057 4
446 2405 4
446 497 4
447 1033 4
447 1184 4
447 1424 4
447 1511 4
447 1548 4
447 17 4
447 1997 4
447 2170 4
447 2574 4
447 456 4
447 503 4
447 659 4
447 742 4
447 801 4
448 1406 4
448 142 4
448 1722 4
448 3371 4
448 3379 4
448 720 4
448 89 4
448 91 4
449 1065 4
449 2050 4
449 455 4
449 456 4
449 467 4
449 79 4
451 118 4
451 1619 4
451 1777 4
451 2278 4
451 496 4
452 237 4
453 1026 4
453 1432 4
453 3458 4
453 3459 4
455 1057 4
455 1160 4
455 1257 4
455 1791 4
455 1997 4
455 211 4
455 447 4
455 574 4
455 66 4
455 731 4
455 742 4
456 1108 4
456 124 4
456 1928 4
456 207 4
456 28 4
456 300 4
456 334 4
456 36 4
456 440 4
456 455 4
456 482 4
456 500 4
456 885 4
456 928 4
457 455 4
457 48 4
457 560 4
458 1108 4
458 1393 4
458 1657 4
458 338 4
458 461 4
458 560 4
458 673 4
459 2224 4
46 128 4
46 1403 4
46 256 4
46 3104 4
46 713 4
46 9 4
460 1581 4
460 1819 4
460 246 4
460 3272 4
460 461 4
461 1080 4
461 1578 4
461 1581 4
461 1677 4
461 1782 4
461 1819 4
461 207 4
461 211 4
461 211 4
461 256 4
461 275 4
461 362 4
461 385 4
461 462 4
461 465 4
461 487 4
461 537 4
461 62 4
461 643 4
461 66 4
461 79 4
461 880 4
461 914 4
462 1308 4
462 1566 4
462 17 4
462 1819 4
462 2252 4
462 2311 4
462 246 4
462 2661 4
462 3186 4
462 543 4
462 635 4
462 704 4
463 2367 4
463 3256 4
464 960 4
464 997 4
465 1184 4
465 1184 4
465 1711 4
465 251 4
465 338 4
465 371 4
465 385 4
465 387 4
465 605 4
465 648 4
465 968 4
466 3153 4
466 519 4
466 656 4
467 1202 4
467 1231 4
467 124 4
467 1395 4
467 1782 4
467 1791 4
467 235 4
467 251 4
467 275 4
467 2972 4
467 352 4
467 371 4
467 371 4
467 371 4
467 383 4
467 439 4
467 44 4
467 446 4
467 461 4
467 461 4
467 500 4
467 500 4
467 623 4
467 734 4
467 98 4
468 456 4
468 483 4
468 500 4
47 1929 4
47 237 4
471 1057 4
473 605 4
475 522 4
476 188 4
476 299 4
476 412 4
476 560 4
476 684 4
477 2006 4
477 2103 4
477 277 4
477 2831 4
48 2196 4
48 849 4
482 1207 4
482 189 4
482 300 4
482 3133 4
482 447 4
482 637 4
482 742 4
483 1597 4
483 330 4
483 412 4
483 500 4
483 621 4
483 9 4
483 928 4
483 973 4
484 1387 4
484 1990 4
485 2647 4
485 295 4
485 3088 4
487 13 4
487 132 4
487 1791 4
487 211 4
487 2458 4
487 280 4
487 560 4
487 573 4
487 92 4
488 341 4
49 1327 4
49 138 4
49 1527 4
49 266 4
49 278 4
49 34 4
49 3456 4
49 61 4
49 64 4
49 723 4
49 910 4
49 965 4
49 965 4
490 636 4
491 3079 4
491 490 4
495 151 4
495 3196 4
495 3314 4
495 385 4
495 891 4
496 1391 4
496 1597 4
496 1702 4
496 2233 4
496 396 4
496 455 4
496 455 4
496 537 4
496 595 4
496 98 4
497 1023 4
497 1997 4
497 257 4
497 3166 4
497 456 4
498 1782 4
498 2299 4
498 275 4
498 461 4
498 467 4
498 897 4
499 2103 4
499 2368 4
499 3223 4
5 115 4
5 3318 4
5 56 4
50 2721 4
500 1027 4
500 1257 4
500 1313 4
500 132 4
500 1597 4
500 189 4
500 440 4
500 456 4
500 580 4
500 580 4
500 583 4
500 79 4
500 880 4
500 897 4
500 98 4
502 114 4
502 127 4
502 352 4
502 801 4
503 124 4
503 400 4
503 92 4
507 1148 4
507 637 4
508 1466 4
508 188 4
508 1975 4
508 2189 4
508 2860 4
508 3025 4
508 330 4
508 831 4
508 983 4
51 2050 4
51 2170 4
510 261 4
510 3305 4
510 511 4
510 798 4
511 251 4
511 510 4
514 1623 4
514 2370 4
515 1136 4
515 2574 4
516 1180 4
516 1638 4
516 3301 4
516 3378 4
517 920 4
519 1108 4
519 112 4
519 1197 4
519 13 4
519 1397 4
519 14 4
519 2013 4
519 251 4
519 251 4
519 2714 4
519 372 4
519 383 4
519 443 4
519 465 4
519 500 4
519 560 4
519 828 4
522 300 4
522 519 4
522 643 4
522 862 4
523 456 4
523 997 4
53 1393 4
53 207 4
53 211 4
53 371 4
53 439 4
53 440 4
53 467 4
536 113 4
536 1623 4
536 2836 4
536 824 4
537 13 4
537 211 4
537 237 4
537 595 4
537 913 4
537 98 4
538 737 4
54 1366 4
54 2356 4
54 2675 4
54 3106 4
542 1066 4
542 1350 4
542 1637 4
542 1809 4
542 1949 4
542 2612 4
542 3108 4
542 3341 4
542 3347 4
542 65 4
543 1125 4
543 1177 4
543 1184 4
543 1192 4
543 3261 4
543 577 4
543 610 4
545 1117 4
545 112 4
545 1684 4
545 202 4
545 2911 4
545 383 4
545 443 4
545 563 4
545 74 4
545 831 4
545 862 4
546 149 4
546 384 4
546 467 4
547 1432 4
547 201 4
547 3121 4
547 681 4
549 1838 4
549 330 4
55 1033 4
55 1631 4
55 2354 4
55 2710 4
55 3366 4
551 2163 4
551 3211 4
552 2015 4
552 2301 4
552 3469 4
552 423 4
552 538 4
552 646 4
556 1657 4
557 1235 4
557 2163 4
557 441 4
557 573 4
56 14 4
56 3179 4
56 412 4
56 573 4
560 1393 4
560 2718 4
560 2972 4
560 579 4
560 623 4
560 64 4
560 880 4
560 897 4
563 2172 4
563 2193 4
563 36 4
563 56 4
563 579 4
563 636 4
568 3081 4
57 1584 4
57 2765 4
57 3055 4
572 822 4
573 126 4
573 132 4
573 139 4
573 1578 4
573 1933 4
573 237 4
573 2413 4
573 3126 4
573 357 4
573 461 4
573 462 4
573 487 4
573 519 4
573 522 4
573 610 4
573 62 4
573 692 4
573 801 4
573 92 4
574 1252 4
574 1975 4
574 1997 4
574 1997 4
574 2718 4
574 3056 4
574 742 4
577 412 4
577 543 4
577 725 4
577 973 4
579 1440 4
579 1963 4
579 2464 4
579 330 4
580 1013 4
580 14 4
580 257 4
580 456 4
580 741 4
582 2321 4
582 238 4
582 2715 4
583 2419 4
583 412 4
583 476 4
583 987 4
586 1184 4
586 1677 4
586 275 4
586 497 4
586 500 4
586 503 4
586 545 4
586 580 4
586 610 4
586 801 4
586 92 4
588 3351 4
588 92 4
589 2281 4
589 3195 4
595 1117 4
595 1391 4
595 1571 4
595 2196 4
595 278 4
595 451 4
595 496 4
595 500 4
595 543 4
595 560 4
595 580 4
595 639 4
595 66 4
596 2769 4
596 3161 4
6 1711 4
6 214 4
6 84 4
60 1792 4
60 2605 4
60 3090 4
60 3367 4
600 1787 4
600 3108 4
601 1979 4
601 2006 4
601 2372 4
601 3062 4
601 448 4
601 77 4
605 1192 4
605 387 4
605 467 4
605 473 4
605 656 4
605 92 4
606 1432 4
606 201 4
606 2699 4
608 547 4
608 606 4
61 1761 4
61 253 4
61 2578 4
61 259 4
61 278 4
61 3146 4
61 3384 4
61 357 4
61 360 4
61 62 4
61 987 4
610 1117 4
610 1184 4
610 1184 4
610 17 4
610 2184 4
610 2269 4
610 3225 4
610 412 4
610 416 4
610 497 4
610 543 4
610 545 4
610 651 4
610 654 4
610 885 4
62 207 4
62 299 4
62 49 4
62 545 4
62 64 4
62 77 4
62 79 4
621 1177 4
621 1200 4
621 127 4
621 1529 4
621 156 4
621 2631 4
621 287 4
621 373 4
621 439 4
621 487 4
621 659 4
621 913 4
622 1871 4
623 1027 4
623 1200 4
623 139 4
623 461 4
623 461 4
623 519 4
623 545 4
627 344 4
628 1980 4
628 341 4
633 303 4
633 3089 4
633 325 4
633 357 4
634 3232 4
634 3235 4
634 330 4
635 1660 4
635 400 4
635 545 4
635 560 4
635 79 4
636 261 4
636 3095 4
636 3158 4
636 3294 4
637 1025 4
637 1160 4
637 17 4
637 1794 4
637 1871 4
637 275 4
637 457 4
637 465 4
637 659 4
637 891 4
638 664 4
638 772 4
638 778 4
639 1104 4
639 2631 4
639 536 4
639 801 4
64 197 4
64 2861 4
64 588 4
64 66 4
64 673 4
64 77 4
640 1055 4
640 1173 4
640 638 4
640 772 4
641 1012 4
641 1013 4
641 1183 4
641 798 4
642 1235 4
642 3260 4
642 3261 4
642 3358 4
642 644 4
643 1226 4
643 1677 4
643 461 4
643 543 4
643 557 4
643 659 4
643 773 4
644 1235 4
646 1595 4
646 2041 4
646 3469 4
646 696 4
646 696 4
647 1866 4
647 1971 4
647 1975 4
647 2006 4
647 2189 4
647 334 4
647 508 4
647 833 4
648 3258 4
648 400 4
649 2330 4
649 2447 4
649 2647 4
649 300 4
649 337 4
649 749 4
65 1406 4
65 1938 4
65 2319 4
65 2982 4
65 3341 4
651 579 4
651 714 4
651 862 4
651 984 4
652 1366 4
652 674 4
652 778 4
653 1095 4
653 259 4
653 330 4
653 3346 4
653 483 4
653 500 4
653 654 4
653 736 4
653 874 4
654 2184 4
654 2269 4
654 2866 4
654 3225 4
654 651 4
655 149 4
655 2104 4
656 132 4
656 251 4
656 456 4
656 495 4
656 545 4
656 62 4
656 66 4
657 1039 4
657 3023 4
658 2782 4
658 3268 4
659 124 4
659 1308 4
659 1677 4
659 1711 4
659 1871 4
659 188 4
659 1933 4
659 211 4
659 211 4
659 2714 4
659 302 4
659 487 4
659 643 4
659 673 4
66 1057 4
66 1166 4
66 132 4
66 1393 4
66 164 4
66 165 4
66 1684 4
66 1711 4
66 174 4
66 237 4
66 300 4
66 396 4
66 465 4
66 465 4
66 515 4
66 545 4
66 897 4
661 1617 4
661 1660 4
661 171 4
661 2244 4
661 256 4
661 2733 4
661 500 4
661 725 4
663 1398 4
663 149 4
663 1863 4
663 2090 4
663 655 4
664 1055 4
664 640 4
668 114 4
668 1200 4
668 3102 4
668 373 4
668 712 4
669 2854 4
670 122 4
670 2367 4
670 2379 4
670 893 4
670 987 4
671 1516 4
671 2498 4
672 1476 4
672 1895 4
672 1908 4
672 3485 4
672 356 4
673 1025 4
673 1548 4
673 1711 4
673 1871 4
673 2255 4
673 2272 4
673 257 4
673 487 4
673 543 4
673 981 4
674 1398 4
674 2090 4
674 3170 4
674 663 4
681 1177 4
681 1969 4
681 1973 4
681 2218 4
681 2699 4
681 606 4
681 71 4
684 112 4
684 193 4
684 300 4
684 373 4
684 56 4
684 66 4
684 736 4
685 1897 4
685 2392 4
685 2587 4
685 393 4
685 89 4
687 126 4
690 2296 4
692 178 4
692 2774 4
692 736 4
693 1661 4
693 2557 4
693 3067 4
693 3072 4
697 2042 4
697 3453 4
697 408 4
697 552 4
700 3255 4
700 3262 4
703 3373 4
703 3408 4
704 1201 4
704 3168 4
704 456 4
706 1191 4
709 2200 4
709 2851 4
71 113 4
71 1635 4
71 2232 4
71 2244 4
71 237 4
712 127 4
712 129 4
712 130 4
712 1403 4
712 144 4
712 2 4
712 223 4
712 2766 4
712 3101 4
712 3112 4
712 3139 4
712 322 4
712 3512 4
712 81 4
712 83 4
712 973 4
713 102 4
713 3112 4
713 3493 4
713 6 4
714 1440 4
714 1963 4
714 579 4
714 741 4
714 755 4
715 1230 4
715 256 4
715 2655 4
720 1027 4
720 114 4
720 1294 4
720 142 4
720 1707 4
720 21 4
720 2279 4
720 2904 4
720 574 4
720 64 4
720 807 4
722 3154 4
723 1191 4
725 1719 4
725 201 4
725 2057 4
725 236 4
725 421 4
725 508 4
725 577 4
726 761 4
727 3452 4
727 763 4
728 1327 4
728 188 4
728 2072 4
728 251 4
728 2661 4
728 656 4
728 659 4
731 130 4
731 1597 4
731 1613 4
731 1711 4
731 1937 4
731 200 4
731 330 4
731 412 4
731 483 4
731 497 4
731 500 4
731 653 4
731 959 4
731 98 4
734 1042 4
734 1200 4
734 1201 4
736 1562 4
736 178 4
736 2170 4
736 299 4
736 723 4
736 731 4
736 946 4
736 98 4
739 1541 4
74 1184 4
74 1226 4
74 14 4
74 447 4
74 830 4
741 1056 4
741 1202 4
741 1963 4
741 455 4
741 583 4
741 586 4
741 651 4
741 988 4
742 1184 4
742 1186 4
742 1197 4
742 1202 4
742 1548 4
742 1684 4
742 2152 4
742 2317 4
742 330 4
742 334 4
742 3354 4
742 387 4
742 456 4
742 573 4
742 610 4
742 623 4
743 2011 4
743 2221 4
744 2591 4
744 933 4
747 3021 4
748 1090 4
748 2297 4
748 383 4
749 164 4
749 1993 4
749 300 4
749 302 4
749 302 4
749 400 4
752 1975 4
752 335 4
754 220 4
754 3117 4
757 2041 4
757 696 4
759 3154 4
763 3477 4
763 408 4
763 697 4
765 2681 4
765 2690 4
77 2372 4
77 49 4
77 61 4
770 1005 4
770 697 4
771 165 4
771 2296 4
771 2348 4
771 2409 4
771 2430 4
772 3008 4
772 664 4
773 3207 4
777 1088 4
777 1871 4
777 2103 4
778 1489 4
778 2090 4
778 2104 4
778 3008 4
778 3170 4
778 655 4
778 663 4
778 664 4
778 674 4
780 3352 4
780 3353 4
783 1886 4
783 1900 4
787 1214 4
787 1820 4
787 337 4
788 1118 4
788 1289 4
788 1408 4
788 672 4
789 161 4
789 1819 4
789 239 4
789 2478 4
789 3287 4
789 330 4
789 460 4
789 461 4
789 487 4
789 771 4
79 1177 4
79 138 4
79 1911 4
79 204 4
79 229 4
79 278 4
79 62 4
79 64 4
79 741 4
790 2203 4
790 2818 4
792 1219 4
792 2374 4
792 3159 4
797 1973 4
797 2330 4
797 2515 4
797 3265 4
797 647 4
798 1013 4
798 3083 4
798 3158 4
798 3327 4
798 466 4
798 830 4
798 913 4
799 1235 4
799 2786 4
801 112 4
801 132 4
801 1380 4
801 371 4
801 371 4
801 573 4
801 580 4
801 635 4
801 92 4
803 1302 4
803 1323 4
803 1482 4
803 1579 4
803 189 4
803 1963 4
803 2427 4
803 500 4
803 543 4
803 681 4
803 897 4
807 1294 4
807 1582 4
807 2358 4
807 516 4
808 1026 4
808 126 4
81 114 4
81 127 4
81 130 4
81 1403 4
81 2209 4
81 223 4
81 3474 4
81 3507 4
810 1168 4
810 3097 4
815 1147 4
815 2257 4
815 2277 4
816 3358 4
816 642 4
817 3155 4
82 127 4
822 2221 4
824 131 4
824 1819 4
824 1945 4
824 219 4
824 246 4
824 2661 4
824 3299 4
824 516 4
824 563 4
824 659 4
824 897 4
824 92 4
826 3157 4
828 443 4
828 475 4
828 573 4
828 862 4
829 2013 4
829 3080 4
829 416 4
83 100 4
83 101 4
83 147 4
83 1929 4
83 214 4
830 1529 4
830 2013 4
830 838 4
831 1090 4
831 1387 4
831 1748 4
831 251 4
831 3294 4
831 3312 4
831 484 4
831 516 4
831 563 4
831 829 4
833 1027 4
833 1566 4
833 164 4
833 164 4
833 1820 4
833 1971 4
833 2006 4
833 2430 4
833 300 4
833 3264 4
833 327 4
833 327 4
833 649 4
833 681 4
833 700 4
838 3312 4
838 545 4
838 563 4
84 1676 4
84 3037 4
84 373 4
840 122 4
840 1532 4
840 2152 4
840 2612 4
840 542 4
847 2837 4
848 1183 4
848 3293 4
849 1104 4
849 1160 4
849 1395 4
849 1657 4
849 1711 4
853 500 4
853 803 4
853 897 4
860 3384 4
862 1440 4
862 174 4
862 278 4
862 3232 4
862 573 4
862 643 4
862 714 4
862 741 4
868 1421 4
868 3386 4
870 952 4
872 197 4
872 238 4
872 574 4
872 891 4
874 1095 4
874 3342 4
874 3462 4
875 692 4
875 790 4
877 1724 4
877 3266 4
877 3281 4
88 1361 4
88 340 4
880 1711 4
880 256 4
880 338 4
880 465 4
880 482 4
880 496 4
880 515 4
880 519 4
880 53 4
880 580 4
880 595 4
880 849 4
882 2208 4
882 3195 4
883 1506 4
883 1564 4
883 1939 4
883 2380 4
883 451 4
885 3492 4
885 487 4
885 507 4
885 731 4
885 803 4
885 928 4
886 976 4
89 1456 4
89 1472 4
89 1635 4
89 2414 4
891 2742 4
891 659 4
891 801 4
891 897 4
892 1980 4
892 341 4
892 628 4
893 2379 4
893 2755 4
893 987 4
897 1080 4
897 234 4
897 458 4
897 880 4
9 127 4
9 130 4
9 130 4
9 1929 4
9 3101 4
9 3113 4
9 3139 4
9 330 4
9 653 4
9 669 4
9 712 4
9 731 4
9 81 4
90 1439 4
90 172 4
90 2008 4
90 322 4
90 352 4
900 2315 4
902 1529 4
902 1945 4
902 2278 4
902 2380 4
902 621 4
906 1066 4
91 89 4
910 120 4
910 1327 4
910 1327 4
910 266 4
910 34 4
910 965 4
913 1012 4
913 113 4
913 1148 4
913 1202 4
913 13 4
913 1343 4
913 14 4
913 1791 4
913 180 4
913 202 4
913 235 4
913 280 4
913 287 4
913 537 4
914 1711 4
914 849 4
915 3199 4
92 132 4
92 1619 4
92 1677 4
92 2714 4
92 278 4
92 2972 4
92 383 4
92 48 4
92 487 4
92 545 4
92 560 4
92 573 4
92 579 4
92 64 4
92 742 4
92 801 4
92 913 4
920 1327 4
920 1942 4
920 49 4
920 910 4
921 2892 4
921 2894 4
921 385 4
928 1597 4
928 500 4
929 1915 4
929 3491 4
929 3513 4
931 1533 4
931 2735 4
931 459 4
933 153 4
933 2591 4
933 32 4
933 960 4
933 997 4
946 178 4
946 653 4
952 1439 4
952 2 4
952 3128 4
952 352 4
955 880 4
956 118 4
956 1391 4
956 1458 4
958 1219 4
958 3175 4
958 792 4
959 1557 4
959 200 4
959 251 4
959 467 4
959 641 4
959 883 4
959 913 4
960 189 4
960 32 4
961 32 4
961 610 4
961 862 4
965 1244 4
965 1257 4
965 1391 4
965 1527 4
965 1957 4
965 241 4
965 294 4
965 3054 4
965 344 4
965 920 4
968 1200 4
968 1684 4
968 2351 4
968 921 4
97 2672 4
971 3471 4
972 173 4
972 3115 4
973 130 4
973 2722 4
973 421 4
973 577 4
973 621 4
973 675 4
973 731 4
973 9 4
974 1114 4
974 2224 4
976 2718 4
976 64 4
976 720 4
98 1286 4
98 13 4
98 1927 4
98 275 4
98 456 4
98 465 4
98 637 4
98 64 4
98 673 4
98 741 4
98 742 4
98 880 4
98 955 4
981 1380 4
981 1711 4
981 237 4
981 2370 4
981 36 4
981 543 4
983 1013 4
983 1148 4
983 1177 4
983 1327 4
983 14 4
983 1975 4
983 2661 4
983 3088 4
983 3150 4
983 3180 4
983 3184 4
983 3420 4
983 447 4
984 1210 4
984 2791 4
984 988 4
987 1930 4
987 2381 4
987 2591 4
987 933 4
987 997 4
988 579 4
988 651 4
988 714 4
988 862 4
989 259 4
989 400 4
989 482 4
99 213 4
99 396 4
997 153 4
997 1958 4
997 902 4
997 960 4
998 1717 4
998 173 4
998 2276 4
1007 1757 5
1007 1838 5
1007 461 5
1008 2716 5
1008 3234 5
1012 1134 5
1013 330 5
1013 383 5
1013 913 5
1014 3871 5
1014 3882 5
1016 1466 5
1016 1556 5
1016 251 5
1016 465 5
1016 534 5
1018 2270 5
102 589 5
102 664 5
1025 1080 5
1025 1108 5
1025 132 5
1025 147 5
1025 1711 5
1025 24 5
1025 242 5
1025 242 5
1025 2555 5
1025 595 5
1025 637 5
1025 685 5
1026 1008 5
1026 1035 5
1026 1081 5
1026 1110 5
1026 1118 5
1026 1362 5
1026 1931 5
1026 272 5
1026 3 5
1026 333 5
1026 499 5
1026 893 5
1027 1489 5
1027 1928 5
1027 322 5
1027 452 5
1027 482 5
1027 538 5
1027 64 5
1027 720 5
1027 840 5
1027 89 5
1027 913 5
1029 2711 5
1029 66 5
1030 337 5
1030 66 5
1031 1123 5
1031 685 5
1032 1618 5
1032 2536 5
1033 1466 5
1033 153 5
1033 2311 5
1033 234 5
1033 3547 5
1033 959 5
1035 1130 5
1035 1597 5
1035 3 5
1035 452 5
1035 92 5
1039 1183 5
1039 1408 5
1039 1818 5
1039 197 5
1039 610 5
104 3456 5
104 910 5
1046 1122 5
1046 2016 5
1046 661 5
1053 2351 5
1053 3754 5
1053 6 5
1054 1175 5
1054 1175 5
1054 1205 5
1054 1983 5
1054 337 5
1054 3575 5
1055 1231 5
1055 3714 5
1055 396 5
1056 1205 5
1056 1638 5
1056 1983 5
1056 2372 5
1056 3922 5
1056 833 5
1057 1160 5
1057 455 5
1057 673 5
1057 720 5
1061 1206 5
1064 1580 5
1065 1052 5
1065 1141 5
1065 132 5
1065 2016 5
1066 1344 5
1066 309 5
1070 251 5
1071 634 5
1071 778 5
1073 179 5
1073 2527 5
1073 268 5
108 122 5
108 2882 5
108 3548 5
108 360 5
108 360 5
108 670 5
1080 1197 5
1080 1684 5
1080 2872 5
1080 64 5
1081 1333 5
1081 1903 5
1081 2103 5
1081 3713 5
1081 685 5
1082 1168 5
1082 2055 5
1082 2380 5
1082 2804 5
1082 3018 5
1082 3733 5
1082 3734 5
1082 725 5
1082 864 5
1087 1039 5
1087 1230 5
1087 1818 5
1087 2655 5
1088 1026 5
1088 1123 5
1088 1374 5
1088 1408 5
1088 1415 5
1088 1931 5
1088 272 5
1088 2804 5
1088 3018 5
1088 710 5
1089 1830 5
109 448 5
1090 1175 5
1090 1979 5
1090 3451 5
1090 481 5
1090 601 5
1090 691 5
1091 3709 5
1095 3805 5
1099 1939 5
1099 200 5
1099 201 5
1099 2076 5
1099 2380 5
1099 2405 5
1100 1881 5
1100 3902 5
1101 1296 5
1103 1167 5
1103 1466 5
1103 188 5
1104 1613 5
1104 1684 5
1104 2653 5
1104 2872 5
1104 3233 5
1104 3694 5
1104 789 5
1108 1035 5
1108 124 5
1108 1308 5
1108 1711 5
1108 1782 5
1108 1791 5
1108 200 5
1108 2255 5
1108 2574 5
1108 2667 5
1108 2718 5
1108 330 5
1108 371 5
1108 456 5
1108 471 5
1108 538 5
1108 557 5
1108 637 5
1108 664 5
1108 92 5
1109 1168 5
1109 3911 5
1110 161 5
1110 1674 5
1110 1892 5
1110 1900 5
1110 3108 5
1112 149 5
1116 1052 5
1116 1398 5
1117 1108 5
1117 1167 5
1117 1197 5
1117 130 5
1117 1625 5
1117 1684 5
1117 2103 5
1117 2718 5
1117 3799 5
1117 3913 5
1117 476 5
1117 664 5
1117 687 5
1117 849 5
1118 1026 5
1118 1131 5
1118 1362 5
1118 160 5
1118 1838 5
1118 2097 5
1118 24 5
1118 272 5
1118 3001 5
1118 3018 5
1118 3707 5
1118 499 5
1118 549 5
112 147 5
112 1846 5
112 261 5
112 2911 5
112 3153 5
112 3260 5
112 3648 5
112 477 5
112 543 5
112 557 5
112 56 5
112 789 5
112 803 5
112 822 5
1120 2189 5
1120 3681 5
1122 1116 5
1122 1881 5
1122 224 5
1122 3465 5
1123 2392 5
1123 3451 5
1123 685 5
1123 685 5
1125 1787 5
1125 330 5
1126 3705 5
1128 1401 5
1128 487 5
1128 652 5
113 1180 5
113 1637 5
113 2089 5
113 24 5
113 393 5
113 456 5
113 467 5
113 480 5
113 601 5
1130 3624 5
1130 3644 5
1131 1178 5
1131 1438 5
1131 1581 5
1131 1891 5
1131 2177 5
1131 3654 5
1131 3883 5
1131 462 5
1131 573 5
1131 637 5
1131 673 5
1134 207 5
114 3112 5
114 3135 5
114 9 5
1141 721 5
1141 734 5
1146 1479 5
1146 409 5
1148 1548 5
1149 262 5
1149 3274 5
1149 3614 5
1149 76 5
115 138 5
115 229 5
115 2402 5
115 268 5
115 79 5
1151 238 5
1151 3016 5
1151 3049 5
1160 1108 5
1160 1925 5
1160 1937 5
1160 300 5
1160 412 5
1160 569 5
1160 623 5
1160 749 5
1166 1296 5
1166 1426 5
1166 1466 5
1166 1925 5
1166 251 5
1166 3150 5
1166 3602 5
1166 621 5
1166 959 5
1167 127 5
1167 2106 5
1167 2290 5
1167 2909 5
1167 3754 5
1167 664 5
1168 1197 5
1168 2055 5
1168 2310 5
1168 3555 5
1168 872 5
1174 1186 5
1174 2351 5
1174 3748 5
1174 643 5
1174 772 5
1174 880 5
1175 1165 5
1175 1214 5
1175 2374 5
1175 3571 5
1175 3722 5
1175 746 5
1177 1056 5
1177 1180 5
1177 130 5
1177 238 5
1177 3548 5
1177 456 5
1177 508 5
1178 1007 5
1178 1025 5
1178 113 5
1178 1181 5
1178 641 5
118 409 5
1180 2006 5
1180 2392 5
1180 257 5
1180 400 5
1180 601 5
1180 649 5
1180 89 5
1181 113 5
1181 1180 5
1181 14 5
1181 477 5
1183 1065 5
1183 1087 5
1183 14 5
1183 1597 5
1183 197 5
1183 2090 5
1183 2307 5
1183 3077 5
1183 3465 5
1183 352 5
1183 465 5
1183 519 5
1183 586 5
1183 654 5
1183 983 5
1184 1927 5
1184 2143 5
1184 2278 5
1184 2311 5
1184 3215 5
1184 3326 5
1184 503 5
1185 1206 5
1186 1428 5
1186 1623 5
1186 707 5
1187 112 5
1187 315 5
1187 510 5
1191 1927 5
1191 219 5
1191 2468 5
1192 1930 5
1194 113 5
1194 1939 5
1194 2003 5
1194 2053 5
1194 895 5
1195 1684 5
1195 2478 5
1195 639 5
1197 1166 5
1197 1202 5
1197 238 5
1197 3899 5
1197 574 5
1197 983 5
12 3658 5
120 2330 5
120 649 5
120 797 5
1200 2311 5
1200 2722 5
1200 414 5
1200 468 5
1200 833 5
1201 1294 5
1201 1466 5
1201 2574 5
1201 330 5
1201 516 5
1201 595 5
1202 1025 5
1202 2170 5
1202 2283 5
1202 385 5
1202 455 5
1202 497 5
1202 500 5
1202 538 5
1202 623 5
1202 720 5
1202 731 5
1202 731 5
1204 1220 5
1204 1990 5
1205 2006 5
1205 446 5
1205 446 5
1205 574 5
1205 747 5
1206 1090 5
1206 2746 5
1208 32 5
1209 202 5
1209 3799 5
121 1672 5
121 2301 5
121 963 5
1210 232 5
1210 2355 5
1210 2681 5
1210 3628 5
1210 790 5
1210 882 5
1214 1054 5
1214 1089 5
1214 1822 5
1214 1968 5
1214 2331 5
1214 2366 5
1214 260 5
1214 3571 5
1214 3922 5
1214 574 5
1215 257 5
1216 2095 5
1217 1220 5
1217 1985 5
1218 3642 5
1219 1217 5
1219 3722 5
122 108 5
122 1466 5
122 166 5
122 2379 5
122 259 5
122 3247 5
122 360 5
122 605 5
122 933 5
122 987 5
1220 1234 5
1220 1472 5
1220 1983 5
1220 300 5
1220 383 5
1220 400 5
1220 827 5
1221 164 5
1221 1984 5
1221 2296 5
1221 2359 5
1221 2711 5
1221 3264 5
1221 337 5
1221 3569 5
1221 771 5
1221 787 5
1222 199 5
1222 2582 5
1226 112 5
1226 1529 5
1226 3574 5
1226 3609 5
1226 471 5
1226 621 5
1226 623 5
1226 684 5
1228 3722 5
1228 3751 5
123 193 5
123 3540 5
123 465 5
123 623 5
1230 197 5
1230 224 5
1231 1183 5
1231 224 5
1231 330 5
1231 3328 5
1231 3465 5
1231 3717 5
1231 641 5
1231 807 5
1232 259 5
1232 596 5
1232 817 5
1234 1175 5
1234 1204 5
1234 1990 5
1234 383 5
1235 236 5
1235 692 5
1235 761 5
1237 1061 5
124 2090 5
124 235 5
124 334 5
124 3601 5
124 66 5
1243 1174 5
1243 487 5
1243 626 5
1243 66 5
1243 720 5
1243 976 5
1244 1564 5
1244 579 5
1244 957 5
1246 3767 5
1249 3561 5
1249 408 5
1254 1166 5
1254 1246 5
1254 132 5
1254 1556 5
1254 627 5
1257 1244 5
1257 1340 5
1257 1633 5
1257 1777 5
1257 2643 5
1257 671 5
126 2847 5
126 3136 5
126 644 5
126 862 5
1261 1390 5
1264 440 5
1264 467 5
1265 3408 5
1267 1574 5
1267 1707 5
1267 2021 5
127 1117 5
127 128 5
127 130 5
127 2207 5
127 223 5
127 3038 5
127 3135 5
127 426 5
127 731 5
127 880 5
1272 1355 5
1272 2461 5
1272 2469 5
1272 2966 5
1273 2488 5
1273 2922 5
1275 2491 5
1275 2876 5
1275 3840 5
128 114 5
128 3037 5
128 3038 5
128 38 5
128 712 5
1280 1401 5
1280 1625 5
1280 1658 5
1281 219 5
1281 2478 5
1284 2092 5
1284 2107 5
1284 2138 5
1284 3004 5
1289 1151 5
1289 1408 5
1289 1922 5
1289 82 5
129 1421 5
129 234 5
129 278 5
129 3579 5
129 492 5
129 842 5
1290 1523 5
1290 1612 5
1290 1792 5
1290 3843 5
1291 1290 5
1293 627 5
1294 132 5
1294 1533 5
1294 447 5
1294 455 5
1294 516 5
1294 807 5
1295 1769 5
1295 3760 5
1296 1438 5
1296 2896 5
1296 983 5
1297 961 5
1299 1366 5
1299 1989 5
1299 2307 5
13 211 5
13 275 5
13 280 5
13 371 5
13 371 5
13 503 5
13 537 5
13 801 5
13 98 5
130 171 5
130 1747 5
130 200 5
130 2067 5
130 32 5
130 330 5
130 455 5
130 456 5
130 462 5
130 537 5
130 801 5
130 880 5
130 913 5
130 973 5
1302 2053 5
1302 2643 5
1302 2750 5
1302 418 5
1303 3754 5
1303 607 5
1303 976 5
1307 1600 5
1307 1613 5
1307 2049 5
1307 3441 5
1308 1177 5
1308 1374 5
1308 1746 5
1308 3018 5
1308 330 5
1308 387 5
1308 452 5
1308 468 5
1308 798 5
131 1778 5
1313 133 5
1313 1344 5
1313 1750 5
1313 2311 5
1313 2317 5
1313 2371 5
1313 2570 5
1313 357 5
1313 448 5
1315 2490 5
1317 1007 5
1317 1460 5
1317 2569 5
1318 1400 5
1318 1640 5
1318 3861 5
1318 451 5
1318 61 5
132 1183 5
132 1294 5
132 147 5
132 2574 5
132 259 5
132 3369 5
132 455 5
132 500 5
132 731 5
132 959 5
1321 24 5
1321 2959 5
1322 2914 5
1323 1397 5
1323 1842 5
1324 3856 5
1326 1390 5
1326 3122 5
1327 1025 5
1327 158 5
1327 2890 5
1327 330 5
1327 3363 5
1327 595 5
1327 64 5
133 1529 5
133 330 5
1333 2286 5
1339 1789 5
1339 2498 5
1340 1397 5
1340 1619 5
1340 1806 5
1340 1842 5
1340 956 5
1344 1311 5
1344 1466 5
1344 1523 5
1344 1752 5
1344 3419 5
1344 741 5
1349 1339 5
1349 2498 5
1349 3851 5
1350 1481 5
1350 3400 5
1355 2540 5
1355 3389 5
1357 1295 5
1357 3012 5
1360 1721 5
1360 3735 5
1361 1117 5
1361 1461 5
1361 334 5
1361 720 5
1361 92 5
1362 1081 5
1362 1983 5
1362 2555 5
1362 3684 5
1363 1875 5
1365 536 5
1366 1183 5
1366 1210 5
1366 1556 5
1366 1843 5
1366 1989 5
1366 2090 5
1366 2307 5
1366 2684 5
1366 3023 5
1366 3106 5
1366 3565 5
1366 3636 5
1366 3646 5
1366 3647 5
1366 3695 5
1366 534 5
1366 663 5
1366 663 5
1366 759 5
1366 778 5
1368 1737 5
1368 3370 5
137 2468 5
137 2509 5
1372 148 5
1372 1906 5
1372 2555 5
1373 1480 5
1373 1530 5
1373 3861 5
1374 1024 5
1374 1289 5
1374 1568 5
1374 2003 5
1374 2138 5
1374 234 5
1374 2442 5
138 140 5
138 1637 5
138 229 5
138 266 5
138 910 5
138 914 5
1380 1396 5
1380 1530 5
1380 1925 5
1380 1926 5
1380 455 5
1381 450 5
1383 1090 5
1385 655 5
1387 484 5
1388 484 5
1389 1326 5
139 1108 5
139 3518 5
139 366 5
139 449 5
139 589 5
1390 2452 5
1393 1108 5
1393 457 5
1393 467 5
1393 569 5
1394 1701 5
1395 1027 5
1395 1160 5
1396 1340 5
1396 3861 5
1397 1479 5
1397 1619 5
1397 3384 5
1397 595 5
1398 1649 5
1398 3154 5
1398 721 5
1398 721 5
1398 722 5
14 132 5
14 228 5
14 251 5
14 259 5
14 275 5
14 412 5
14 510 5
14 731 5
14 828 5
140 1819 5
140 2995 5
140 3312 5
1400 2955 5
1401 3309 5
1401 803 5
1406 1027 5
1406 228 5
1406 3556 5
1408 3232 5
1408 3552 5
1408 3553 5
1415 1939 5
1415 2591 5
1415 900 5
1415 960 5
1416 3858 5
1417 2565 5
1417 868 5
1418 1768 5
142 1008 5
142 1294 5
142 423 5
1421 1416 5
1421 2307 5
1421 2836 5
1424 1082 5
1424 2055 5
1424 2056 5
1424 2310 5
1424 639 5
1426 976 5
1427 2658 5
1427 449 5
1427 536 5
1428 1533 5
1428 237 5
1428 3342 5
1428 366 5
1428 461 5
1428 748 5
1430 1222 5
1431 2956 5
1431 3389 5
1432 1026 5
1432 1451 5
1432 1937 5
1432 2153 5
1432 2307 5
1432 547 5
1432 608 5
1432 808 5
1438 1186 5
1438 3099 5
1438 3150 5
1438 3602 5
1438 83 5
1439 257 5
1440 1293 5
1440 226 5
1440 455 5
1443 891 5
1444 868 5
145 3562 5
1451 3770 5
1451 496 5
1451 741 5
1451 778 5
1455 151 5
1455 1617 5
1455 1925 5
1455 3328 5
1455 742 5
1458 1646 5
1459 3795 5
1460 1544 5
1460 1871 5
1461 1393 5
1461 1926 5
1461 3736 5
1464 627 5
1466 1497 5
1466 2283 5
1466 2317 5
1466 235 5
1466 309 5
1466 322 5
1466 573 5
1466 66 5
1466 66 5
147 2351 5
147 3449 5
147 661 5
147 675 5
147 773 5
147 778 5
1472 1204 5
1472 3640 5
1476 1906 5
1479 1564 5
1479 1602 5
1479 1815 5
1479 3861 5
148 2103 5
148 238 5
148 2713 5
148 3109 5
148 862 5
1480 2224 5
1480 330 5
1480 637 5
1481 3400 5
1482 132 5
1482 138 5
1482 1769 5
1482 2316 5
1482 259 5
1483 1472 5
1483 310 5
1483 3639 5
1483 3642 5
1483 927 5
1489 1361 5
1489 161 5
1489 272 5
1489 330 5
1489 538 5
1489 557 5
1489 589 5
149 1393 5
149 1461 5
149 1597 5
149 1660 5
149 1733 5
149 214 5
149 2930 5
149 334 5
149 563 5
149 66 5
1491 1125 5
1491 3201 5
1491 807 5
1495 1900 5
1495 1903 5
1498 3848 5
1498 3863 5
1498 3864 5
1498 3865 5
1500 340 5
1500 720 5
1501 2015 5
1501 448 5
1506 1719 5
1506 1998 5
1506 2053 5
1506 2105 5
1506 2380 5
151 1181 5
151 1280 5
151 1295 5
151 3193 5
151 3756 5
1511 1387 5
1511 1638 5
1514 1747 5
1514 2242 5
1514 403 5
1518 2670 5
1523 1066 5
1523 1466 5
1523 1612 5
1523 2916 5
1523 309 5
1523 66 5
1529 2013 5
1529 233 5
1529 3195 5
1529 328 5
1529 3801 5
1529 414 5
1529 522 5
1529 56 5
1529 653 5
1529 798 5
1529 862 5
153 162 5
153 166 5
153 2268 5
153 259 5
153 2930 5
153 318 5
153 3649 5
1530 1480 5
1530 1926 5
1530 483 5
1533 1186 5
1533 142 5
1533 1488 5
1533 1544 5
1533 3365 5
1533 748 5
1533 885 5
1540 1542 5
1544 1482 5
1544 1580 5
1544 1613 5
1544 201 5
1544 2518 5
1544 959 5
1545 1518 5
1548 1013 5
1548 1362 5
1548 1566 5
1548 157 5
1548 1623 5
1548 1657 5
1548 2861 5
1548 519 5
1548 742 5
1549 2863 5
1549 3146 5
1549 3691 5
155 643 5
1551 1365 5
1553 1339 5
1553 1702 5
1556 3106 5
1556 3244 5
1556 3281 5
1557 1560 5
1557 3874 5
1558 1386 5
1559 1627 5
1559 3359 5
1560 914 5
1564 1318 5
1564 1400 5
1566 1053 5
1566 449 5
1566 891 5
1568 1192 5
1568 1308 5
1568 132 5
1568 2263 5
1568 692 5
157 17 5
157 1993 5
157 1993 5
157 300 5
1574 3688 5
1576 3898 5
1578 1007 5
1578 1025 5
1578 1118 5
1578 1178 5
1578 160 5
1578 2555 5
1578 685 5
1579 1326 5
1580 1137 5
1580 1398 5
1580 1666 5
1580 288 5
1581 1025 5
1581 362 5
1581 583 5
1581 637 5
1581 659 5
1582 1430 5
1582 2481 5
1582 3520 5
1582 3858 5
1582 824 5
1585 1660 5
1585 2467 5
1585 45 5
1590 1146 5
1590 1380 5
1590 1925 5
1590 409 5
1592 1747 5
1592 3222 5
1593 442 5
1593 557 5
1593 692 5
1594 1794 5
1595 1594 5
1595 3342 5
1595 3756 5
1597 1443 5
1597 1937 5
1597 330 5
1597 385 5
1597 457 5
1597 638 5
160 1025 5
160 1131 5
160 1880 5
160 258 5
160 538 5
160 720 5
1600 1418 5
1600 1609 5
1600 1800 5
1602 1340 5
1602 1777 5
1602 1842 5
1602 560 5
1608 1466 5
1608 2003 5
1608 201 5
1608 2067 5
1608 2699 5
1608 3727 5
1608 3753 5
1608 3762 5
1608 3810 5
1608 831 5
1608 878 5
1609 651 5
161 1514 5
161 3108 5
161 3593 5
161 3842 5
161 672 5
1612 1707 5
1612 783 5
1613 2189 5
1613 2964 5
1613 30 5
1613 662 5
1615 2155 5
1615 3458 5
1615 815 5
1617 1782 5
1617 385 5
1618 2478 5
1618 3853 5
1619 1380 5
1619 1787 5
1619 3384 5
1619 352 5
162 1080 5
162 2730 5
162 316 5
1621 1360 5
1621 1692 5
1622 1421 5
1622 1618 5
1622 2536 5
1623 2631 5
1624 1964 5
1624 2007 5
1624 3560 5
1624 394 5
1625 3193 5
1627 3361 5
163 1881 5
163 226 5
163 610 5
163 639 5
1633 1582 5
1633 2481 5
1633 3858 5
1634 3123 5
1636 162 5
1637 1184 5
1637 1381 5
1637 3870 5
1638 1387 5
1638 447 5
1638 484 5
164 1056 5
164 113 5
164 1131 5
164 120 5
164 2002 5
164 237 5
164 376 5
164 720 5
164 748 5
164 752 5
164 787 5
164 849 5
1640 1343 5
1641 2443 5
1641 3794 5
1643 1315 5
1643 2876 5
1645 1007 5
1645 1025 5
1645 1578 5
1645 3018 5
1645 673 5
1645 788 5
1646 264 5
1649 2316 5
165 2658 5
165 3111 5
165 3739 5
165 700 5
165 983 5
1650 3525 5
1650 91 5
1650 946 5
1651 1971 5
1651 2509 5
1651 2927 5
1654 1618 5
1654 3285 5
1657 1400 5
1657 1600 5
1657 162 5
1657 2872 5
1657 3146 5
1657 330 5
1657 692 5
1658 2624 5
166 122 5
166 2079 5
166 248 5
166 2882 5
166 3058 5
166 341 5
166 3548 5
166 360 5
166 549 5
166 670 5
166 987 5
1660 1975 5
1660 494 5
1662 385 5
1663 1374 5
1666 1401 5
1666 2653 5
1666 3253 5
1668 3889 5
1671 2311 5
1671 3771 5
1672 2180 5
1672 3763 5
1674 1118 5
1674 1151 5
1674 1333 5
1674 2097 5
1674 2313 5
1674 3243 5
1677 211 5
1677 2718 5
1677 461 5
1677 605 5
1677 623 5
1677 653 5
1677 789 5
1679 1819 5
1683 1257 5
1683 226 5
1683 3761 5
1684 1548 5
1684 162 5
1684 2875 5
1684 3556 5
1689 1081 5
169 1117 5
169 188 5
1692 2471 5
1697 1829 5
1697 516 5
17 1108 5
17 1548 5
17 164 5
17 228 5
17 2319 5
17 2496 5
17 2984 5
17 352 5
17 3577 5
17 447 5
17 573 5
1701 1324 5
1701 1792 5
1701 3843 5
1701 3856 5
1706 270 5
1706 2716 5
1706 3057 5
1707 1290 5
171 1103 5
171 1464 5
171 1623 5
171 1998 5
171 2076 5
171 2145 5
171 622 5
171 692 5
1711 1104 5
1711 130 5
1711 1548 5
1711 162 5
1711 1684 5
1711 3146 5
1711 3737 5
1711 387 5
1711 456 5
1711 482 5
1711 514 5
1711 573 5
1711 61 5
1711 692 5
1711 742 5
1712 1518 5
1713 2463 5
1713 2773 5
1713 825 5
1715 1881 5
1715 3917 5
1715 950 5
1718 1357 5
1718 607 5
1719 113 5
1719 1506 5
1719 1597 5
1719 1747 5
1719 1815 5
1719 1998 5
1719 2079 5
1719 2368 5
1719 248 5
1719 2876 5
1719 2904 5
1719 3004 5
1719 3523 5
1719 3655 5
1719 3702 5
172 234 5
172 25 5
172 278 5
172 322 5
172 519 5
172 521 5
172 621 5
172 77 5
172 79 5
172 952 5
1721 3418 5
1722 237 5
1722 3372 5
1722 59 5
1723 1260 5
1723 868 5
1728 1118 5
1728 1679 5
1728 1819 5
1728 1931 5
1728 3290 5
1733 1035 5
1733 2930 5
1733 387 5
1733 457 5
1733 840 5
1735 3664 5
1737 1349 5
1737 1370 5
1748 2002 5
1748 3484 5
1751 1291 5
1751 1394 5
1751 3359 5
1752 2558 5
1752 2990 5
1756 1689 5
1758 3859 5
1760 3369 5
1761 1609 5
1768 1458 5
1768 1606 5
1768 1657 5
1768 1777 5
1768 2170 5
1769 229 5
1769 3823 5
1769 3825 5
1769 385 5
1777 3242 5
1777 595 5
1778 1191 5
178 1497 5
178 201 5
178 275 5
178 3926 5
178 534 5
1781 710 5
1782 1489 5
1782 2716 5
1782 3602 5
1782 383 5
1782 462 5
1782 736 5
1782 833 5
1787 1491 5
1787 1925 5
1787 454 5
1789 3851 5
179 268 5
179 965 5
1791 1117 5
1791 1197 5
1791 2255 5
1791 280 5
1791 299 5
1791 3083 5
1791 330 5
1791 3833 5
1791 497 5
1791 653 5
1791 731 5
1791 876 5
1791 913 5
1791 959 5
1792 3843 5
1794 1128 5
1794 1459 5
1794 1671 5
1796 1081 5
18 2576 5
1801 3623 5
1806 1066 5
1806 1146 5
1806 1371 5
1806 2170 5
1807 3909 5
1808 1318 5
1808 1418 5
1808 1600 5
1808 1656 5
1808 483 5
1811 1814 5
1811 2751 5
1811 3577 5
1814 2750 5
1814 2751 5
1814 3577 5
1815 1035 5
1815 1108 5
1815 1373 5
1815 149 5
1815 2930 5
1816 900 5
1818 1183 5
1818 224 5
1818 2655 5
1819 1177 5
1819 1931 5
1819 1931 5
1819 24 5
1819 2890 5
1819 3004 5
1819 3018 5
1819 3079 5
1819 333 5
1819 3755 5
1819 461 5
1819 670 5
1819 736 5
1820 2430 5
1820 2886 5
1820 3264 5
1820 354 5
1820 3677 5
1820 3678 5
1820 647 5
1820 649 5
1820 833 5
1820 963 5
1823 1099 5
1823 1506 5
1823 883 5
1826 171 5
1826 197 5
1826 2076 5
1826 2105 5
1826 2149 5
1826 436 5
1827 104 5
1827 1461 5
1827 220 5
1827 3766 5
1828 1472 5
1828 1500 5
1829 2015 5
1829 2871 5
1829 2882 5
1829 3062 5
1829 720 5
1835 1823 5
1837 2783 5
1837 2791 5
1837 355 5
1838 1026 5
1838 24 5
1838 3234 5
1838 673 5
1840 2882 5
1842 1619 5
1842 1787 5
1842 255 5
1842 2930 5
1842 3384 5
1842 3719 5
1842 3720 5
1842 3721 5
1842 956 5
1843 1299 5
1843 1989 5
1843 2255 5
1843 3767 5
1843 385 5
1843 536 5
1843 543 5
1843 897 5
1843 913 5
1846 186 5
1846 2281 5
1846 2306 5
1846 285 5
1846 3225 5
1846 654 5
185 797 5
1852 1005 5
1852 162 5
1854 2532 5
186 3596 5
1861 1122 5
1861 1231 5
1862 153 5
1862 247 5
1862 247 5
1862 3182 5
1863 30 5
1863 736 5
1863 870 5
1866 165 5
1868 1869 5
1869 1243 5
1869 1385 5
1869 3462 5
1869 874 5
187 102 5
187 112 5
187 1210 5
187 1846 5
187 202 5
187 2163 5
187 2177 5
187 2238 5
187 2281 5
187 2778 5
187 285 5
187 538 5
187 714 5
187 859 5
1871 1008 5
1871 1317 5
1871 148 5
1871 3018 5
1871 673 5
1875 2331 5
1875 2359 5
188 278 5
188 2920 5
188 3524 5
188 436 5
188 440 5
188 477 5
188 561 5
188 563 5
188 736 5
1880 1289 5
1880 1408 5
1880 1906 5
1880 272 5
1881 1055 5
1881 1141 5
1881 1231 5
1881 1861 5
1881 396 5
1883 2006 5
1883 2844 5
1885 1024 5
1885 1374 5
1886 1895 5
1886 672 5
1889 1184 5
1889 1927 5
1889 2309 5
1889 3918 5
1889 706 5
189 2773 5
189 825 5
1890 1846 5
1890 1997 5
1890 654 5
1891 242 5
1891 258 5
1891 3883 5
1891 777 5
1892 1476 5
1892 1900 5
1892 2442 5
1895 1894 5
1895 1897 5
1895 2286 5
1897 161 5
1897 1920 5
1898 3880 5
1900 1026 5
1900 1081 5
1900 1224 5
1900 1838 5
1900 3234 5
1903 1333 5
1903 1362 5
1903 2286 5
1903 2466 5
1906 1871 5
1906 1892 5
1908 1581 5
1908 1891 5
1908 242 5
1908 3883 5
191 3783 5
1919 1110 5
1919 1489 5
1919 1906 5
1919 2286 5
1921 3435 5
1921 3768 5
1921 3814 5
1921 3821 5
1921 3835 5
1922 1151 5
1922 3049 5
1922 3706 5
1924 1921 5
1924 232 5
1924 3915 5
1925 1530 5
1925 1636 5
1925 2218 5
1925 2231 5
1925 2413 5
1925 2574 5
1925 2574 5
1925 259 5
1925 2631 5
1925 2648 5
1925 2904 5
1925 3603 5
1925 659 5
1925 736 5
1925 983 5
1926 1373 5
1926 1997 5
1926 3018 5
1926 447 5
1926 807 5
1927 1066 5
1927 1889 5
1927 2143 5
1927 2231 5
1927 232 5
1927 3326 5
1927 334 5
1927 467 5
1927 671 5
1927 736 5
1927 895 5
1928 1191 5
1928 155 5
1928 2278 5
1928 3111 5
1928 455 5
1928 902 5
193 1226 5
193 211 5
193 2129 5
193 412 5
193 519 5
193 90 5
1930 1837 5
1930 2413 5
1930 2431 5
1930 318 5
1930 3195 5
1931 1008 5
1931 1082 5
1931 1581 5
1931 1838 5
1931 1900 5
1931 24 5
1931 2555 5
1931 3004 5
1931 3018 5
1931 362 5
1931 583 5
1931 637 5
1931 685 5
1932 1612 5
1934 2312 5
1934 3725 5
1934 449 5
1935 1501 5
1935 3640 5
1936 1120 5
1936 2024 5
1937 1432 5
1937 24 5
1937 2959 5
1937 3927 5
1937 455 5
1937 547 5
1937 569 5
1937 608 5
1937 659 5
1939 113 5
1939 1302 5
1939 2053 5
1939 2067 5
1939 2097 5
1939 981 5
1944 2468 5
1944 281 5
1949 161 5
1949 1646 5
1949 2568 5
1949 3108 5
1949 3242 5
1949 3593 5
195 1421 5
195 3705 5
195 3805 5
195 580 5
195 635 5
1958 1073 5
1958 1415 5
1958 179 5
1958 2591 5
1958 283 5
1958 3543 5
1958 366 5
1960 2277 5
1963 130 5
1963 1398 5
1963 1408 5
1963 187 5
1963 227 5
1963 2681 5
1963 2714 5
1963 3771 5
1963 387 5
1963 452 5
1963 654 5
1963 657 5
1963 726 5
1963 741 5
1964 2142 5
1964 3550 5
1964 3566 5
1966 2371 5
1967 2845 5
1969 2309 5
1969 234 5
197 3715 5
197 640 5
197 983 5
1971 2164 5
1971 654 5
1975 1197 5
1975 536 5
1979 1383 5
1979 1540 5
1979 3371 5
1981 897 5
1983 2006 5
1983 2244 5
1983 485 5
1983 880 5
1984 337 5
1984 485 5
1984 649 5
1984 787 5
1985 1175 5
1985 1214 5
1985 1472 5
1985 2374 5
1985 447 5
1987 2506 5
1987 3281 5
1987 662 5
1989 1366 5
1989 2307 5
1989 3106 5
1989 3281 5
1989 3676 5
199 113 5
199 2097 5
199 2138 5
199 3431 5
199 3658 5
199 89 5
1993 17 5
1993 2515 5
1993 334 5
1996 1649 5
1996 638 5
1996 775 5
1997 1177 5
1997 1184 5
1997 2006 5
1997 238 5
1997 246 5
1997 3123 5
1997 497 5
1998 1415 5
1998 1506 5
1998 1719 5
1998 2064 5
1998 2111 5
2 610 5
200 2071 5
200 692 5
2002 1363 5
2002 1875 5
2003 2097 5
2003 2405 5
2006 1056 5
2006 1408 5
2006 1926 5
2006 1983 5
2006 2002 5
2006 237 5
2006 257 5
2006 3451 5
2006 383 5
2006 393 5
2006 748 5
2006 807 5
2007 1964 5
2007 3566 5
201 130 5
201 1438 5
201 199 5
201 2067 5
201 383 5
201 447 5
201 500 5
201 959 5
2013 3574 5
2015 109 5
2015 1935 5
2015 307 5
2015 576 5
2015 633 5
2015 927 5
202 1235 5
202 1934 5
202 2163 5
202 2235 5
202 2247 5
202 3260 5
202 3627 5
202 3628 5
202 3637 5
202 994 5
2021 1523 5
2021 204 5
2021 3814 5
2021 3821 5
2021 3888 5
2021 416 5
2023 1600 5
2024 1101 5
2024 3194 5
2024 3299 5
2033 1272 5
2033 1360 5
2033 2471 5
2033 2472 5
2033 3436 5
2034 1036 5
2034 2977 5
2034 3850 5
204 1560 5
2041 2021 5
2041 416 5
2041 508 5
2041 737 5
2049 1322 5
2049 1613 5
2049 2207 5
2049 2964 5
2049 3406 5
2049 3719 5
2049 652 5
2051 2146 5
2051 2431 5
2051 2986 5
2053 2057 5
2053 2070 5
2053 2087 5
2053 3632 5
2055 2311 5
2055 3755 5
2055 3756 5
2055 725 5
2055 872 5
2056 1168 5
2056 864 5
2057 132 5
2057 1939 5
2057 352 5
2057 387 5
2058 2112 5
2063 1099 5
2063 1194 5
2063 2096 5
2063 2102 5
2063 2150 5
2064 199 5
2064 2076 5
2064 2119 5
2067 132 5
2067 17 5
2067 2057 5
2067 2071 5
2067 2089 5
2067 2145 5
2067 2380 5
2067 3194 5
2067 471 5
2067 543 5
2067 959 5
2067 981 5
2069 12 5
2069 197 5
2069 2120 5
207 2444 5
207 778 5
2070 2120 5
2070 25 5
2070 883 5
2071 1506 5
2071 2079 5
2071 2089 5
2071 959 5
2073 2149 5
2073 895 5
2076 113 5
2076 2101 5
2076 2105 5
2076 2405 5
2078 2092 5
2078 2259 5
2078 2401 5
2078 2448 5
2079 1103 5
2079 1374 5
2079 153 5
2079 2063 5
2079 228 5
2079 247 5
2079 2791 5
2079 605 5
2085 1014 5
2085 3867 5
2085 3869 5
2086 3872 5
2087 2054 5
2087 2259 5
2087 558 5
2088 2092 5
2088 3749 5
2089 1835 5
2089 2003 5
2089 2123 5
2089 2405 5
2089 2405 5
2089 51 5
2090 1184 5
2090 1782 5
2090 654 5
2090 663 5
2090 848 5
2094 2102 5
2094 2149 5
2095 3581 5
2095 3597 5
2095 74 5
2096 197 5
2097 1826 5
2097 2053 5
2097 2294 5
2097 2431 5
2097 3243 5
2097 3658 5
2097 3707 5
2097 500 5
2099 1998 5
2099 2149 5
2099 2405 5
2099 895 5
21 1108 5
21 1820 5
21 2041 5
21 257 5
21 281 5
21 696 5
21 720 5
2100 1930 5
2101 1069 5
2101 228 5
2101 883 5
2102 1194 5
2102 1568 5
2102 1799 5
2102 2069 5
2102 2089 5
2102 2100 5
2102 33 5
2103 270 5
2103 2797 5
2103 2973 5
2103 318 5
2103 3314 5
2103 455 5
2103 466 5
2103 493 5
2103 522 5
2103 609 5
2103 659 5
2103 712 5
2104 30 5
2104 652 5
2105 155 5
2105 199 5
2105 2097 5
2105 2984 5
2106 61 5
2107 2097 5
2107 2143 5
2107 2146 5
2107 2984 5
2107 2986 5
2107 3655 5
2107 900 5
2108 197 5
2108 200 5
2108 2069 5
2108 2120 5
2109 2092 5
2109 2116 5
2109 2135 5
2109 3010 5
211 132 5
211 1677 5
211 195 5
211 2247 5
211 373 5
211 456 5
211 580 5
211 580 5
211 653 5
211 653 5
211 789 5
211 801 5
211 801 5
211 98 5
2111 2109 5
2111 2148 5
2116 2062 5
2116 2070 5
2116 2122 5
2119 1544 5
2119 2102 5
2119 2130 5
2119 2448 5
2119 959 5
2120 2101 5
2120 2138 5
2120 3658 5
2121 1568 5
2121 1711 5
2121 1827 5
2121 1835 5
2121 2096 5
2121 2106 5
2121 2119 5
2121 2150 5
2121 2431 5
2121 3815 5
2121 435 5
2122 2069 5
2122 2107 5
2122 2121 5
2122 2150 5
2122 2986 5
2122 51 5
2123 938 5
2126 115 5
2129 3600 5
2130 1284 5
2130 2448 5
2132 2121 5
2134 3655 5
2135 2087 5
2135 2431 5
2137 2097 5
2138 12 5
2138 1826 5
2138 2116 5
2139 2087 5
2140 129 5
2140 521 5
2142 1624 5
2142 2007 5
2143 1889 5
2143 3274 5
2143 3918 5
2143 97 5
2145 2402 5
2146 2109 5
2146 2402 5
2146 2448 5
2146 2986 5
2148 199 5
2148 2079 5
2148 2984 5
2149 1194 5
2149 2097 5
2149 3673 5
2149 435 5
2150 1284 5
2150 256 5
2150 2984 5
2150 3658 5
2150 419 5
2151 1997 5
2152 3150 5
2152 3237 5
2152 3248 5
2152 3430 5
2153 1026 5
2153 1035 5
2153 88 5
2154 1089 5
2154 1205 5
2155 2819 5
2157 3126 5
2157 3260 5
2157 3633 5
2159 1967 5
2159 816 5
2160 2181 5
2160 802 5
2163 3260 5
2163 3607 5
2163 429 5
2163 790 5
2163 816 5
2163 859 5
2164 1089 5
2164 3156 5
2164 3800 5
2165 2213 5
2170 1257 5
2170 1397 5
2170 149 5
2170 1800 5
2170 1889 5
2170 1925 5
2170 2143 5
2170 2574 5
2170 3918 5
2170 731 5
2172 563 5
2172 713 5
2177 1210 5
2177 2780 5
2177 3672 5
2177 441 5
2177 589 5
2177 761 5
2177 984 5
2179 1014 5
2179 2085 5
2179 3867 5
218 3616 5
2181 1131 5
2186 3215 5
2188 1108 5
2188 1677 5
2188 352 5
2188 3534 5
2188 538 5
2188 741 5
2188 851 5
2189 2233 5
219 1544 5
219 2053 5
219 2509 5
219 612 5
2196 595 5
220 104 5
220 36 5
2200 285 5
2200 3633 5
2203 2200 5
2203 3650 5
2203 3697 5
2207 1307 5
2207 1613 5
2207 2257 5
2207 2909 5
2209 127 5
2209 128 5
2209 223 5
2209 9 5
2210 126 5
2212 285 5
2213 148 5
2213 2851 5
2216 1018 5
2216 1927 5
2216 3283 5
2218 1066 5
2218 2574 5
2218 976 5
2224 1617 5
2224 2896 5
2224 543 5
2227 2583 5
223 128 5
223 3037 5
223 38 5
223 712 5
2230 3246 5
2231 2218 5
2231 2574 5
2231 2631 5
2233 123 5
2233 2713 5
2233 3705 5
2235 3544 5
2237 2993 5
2237 3726 5
224 1055 5
224 1881 5
224 197 5
224 2655 5
224 983 5
2241 2513 5
2242 161 5
2242 1949 5
2242 1969 5
2242 2568 5
2242 3520 5
2242 403 5
2243 2207 5
2243 2344 5
2244 1008 5
2244 2372 5
2247 1108 5
2247 124 5
2247 187 5
2247 2121 5
2247 2677 5
2247 2765 5
2247 3201 5
2247 3372 5
2247 3458 5
2247 692 5
2255 1202 5
2255 1619 5
2255 1927 5
2255 3384 5
2255 452 5
2255 560 5
2255 595 5
2257 1430 5
2257 2290 5
2257 2920 5
2257 824 5
2259 1826 5
226 1070 5
226 1843 5
226 3422 5
226 455 5
2263 1506 5
2263 1544 5
2263 2122 5
2263 900 5
2266 3544 5
2268 162 5
2268 2730 5
2268 3649 5
227 1200 5
227 1302 5
227 1782 5
227 2392 5
227 880 5
227 897 5
2272 1548 5
2272 2574 5
2272 436 5
2277 2882 5
2277 2903 5
2277 3523 5
2277 3561 5
2278 1191 5
2278 127 5
2278 219 5
2278 2242 5
2278 878 5
2278 895 5
228 1033 5
228 2121 5
228 2380 5
228 2545 5
228 3497 5
228 3744 5
228 476 5
228 560 5
228 563 5
228 921 5
2281 187 5
2281 1890 5
2281 3225 5
2281 714 5
2281 765 5
2282 1184 5
2282 824 5
2283 2270 5
2284 2874 5
2284 2878 5
2284 3688 5
2286 161 5
2289 3681 5
2289 3705 5
2289 651 5
229 2086 5
229 3823 5
229 580 5
229 6 5
229 610 5
229 79 5
229 910 5
229 913 5
2290 3689 5
2294 1674 5
2294 2313 5
2296 1090 5
2296 1984 5
2296 2330 5
2296 2348 5
2296 3608 5
2296 480 5
2296 599 5
23 2718 5
2301 3576 5
2306 187 5
2306 285 5
2306 654 5
2306 714 5
2307 1366 5
2307 1556 5
2307 1989 5
2307 2782 5
2307 3281 5
2307 3770 5
2307 3771 5
2309 1101 5
2309 1184 5
2309 1408 5
2309 1927 5
2309 234 5
2309 2397 5
2309 2624 5
2309 2744 5
2309 2887 5
2309 3326 5
2310 2055 5
2310 3572 5
2310 725 5
2310 864 5
2311 1265 5
2311 1622 5
2311 3277 5
2311 3711 5
2311 442 5
2311 456 5
2311 622 5
2311 791 5
2312 3544 5
2312 449 5
2313 1118 5
2313 2097 5
2313 3001 5
2316 1660 5
2316 2716 5
2316 3772 5
2316 400 5
2317 138 5
2317 140 5
2317 1711 5
2317 1819 5
2317 2121 5
2317 219 5
2317 232 5
2317 3350 5
2317 496 5
2318 1608 5
2318 2699 5
2318 3727 5
2319 3509 5
232 2281 5
232 2681 5
232 3350 5
232 765 5
232 902 5
2321 3521 5
2321 3522 5
2326 1313 5
2326 133 5
2326 2626 5
2327 2496 5
2328 2006 5
2328 220 5
2328 3012 5
2329 3215 5
233 300 5
2330 164 5
2330 2341 5
2330 2897 5
2330 66 5
2331 2348 5
2331 383 5
2339 2311 5
2339 524 5
234 115 5
234 172 5
234 2242 5
234 2263 5
234 2278 5
234 2413 5
234 2416 5
234 25 5
234 3161 5
234 318 5
234 366 5
234 463 5
2341 2365 5
2343 355 5
2343 466 5
2343 522 5
2343 775 5
2344 1574 5
2344 2257 5
2348 164 5
2348 1820 5
2348 185 5
2348 752 5
2348 787 5
235 1071 5
235 3564 5
235 436 5
235 507 5
235 973 5
2351 3813 5
2351 436 5
2355 1366 5
2355 2684 5
2355 3629 5
2355 3630 5
2355 3631 5
2358 3215 5
2359 649 5
236 2177 5
236 816 5
2361 2466 5
2363 1984 5
2365 701 5
2368 2310 5
2368 2317 5
2368 2903 5
2368 2984 5
2368 2988 5
2368 3737 5
2369 1026 5
2369 1118 5
237 147 5
237 312 5
237 357 5
237 393 5
237 45 5
237 482 5
237 627 5
237 74 5
237 741 5
237 748 5
2370 1684 5
2370 3692 5
2371 2521 5
2371 357 5
2374 1236 5
238 1057 5
238 1289 5
238 1645 5
238 1880 5
238 1892 5
238 213 5
238 440 5
2380 1619 5
2380 171 5
2380 2053 5
2380 2263 5
2380 3811 5
2380 3916 5
2380 59 5
2380 661 5
2384 270 5
2384 312 5
2391 1654 5
2391 1722 5
2391 2819 5
2391 3372 5
2391 3858 5
2392 1008 5
2392 1205 5
2392 1214 5
2392 2006 5
2392 2437 5
2392 246 5
2392 2716 5
2392 3108 5
2392 393 5
2392 579 5
2392 833 5
2396 2400 5
2396 2699 5
2397 1408 5
2397 2582 5
2397 3303 5
2397 3552 5
2397 3789 5
24 1281 5
24 1578 5
24 2957 5
24 3290 5
2400 661 5
2401 2119 5
2401 2139 5
2402 1506 5
2402 2070 5
2402 2108 5
2402 2120 5
2402 883 5
2405 2057 5
2405 2132 5
2405 2380 5
2405 2448 5
2405 3581 5
2405 436 5
2405 500 5
2405 74 5
2412 1117 5
2413 2170 5
2413 247 5
2413 270 5
2413 3317 5
2413 3556 5
2413 635 5
2413 736 5
2413 862 5
2416 234 5
2416 25 5
2416 79 5
242 1131 5
242 1871 5
242 3018 5
242 64 5
242 659 5
242 673 5
242 673 5
242 685 5
242 720 5
242 777 5
2423 1284 5
2426 2317 5
2426 3441 5
2430 3262 5
2431 2107 5
2431 2123 5
2431 3003 5
2431 3010 5
2431 3632 5
2434 1464 5
2437 1214 5
2442 1151 5
2442 1289 5
2442 2555 5
2443 3806 5
2443 3807 5
2443 3834 5
2444 1826 5
2444 2116 5
2444 2120 5
2444 2121 5
2444 2150 5
2444 2263 5
2445 1081 5
2445 1617 5
2445 3788 5
2448 113 5
2448 2094 5
2448 2111 5
2448 2259 5
2448 435 5
2452 1261 5
246 1581 5
246 1931 5
246 1983 5
246 2006 5
246 330 5
246 462 5
246 880 5
2461 2034 5
2461 2977 5
2461 3850 5
2462 2466 5
2462 3841 5
2462 3842 5
2462 929 5
2463 2372 5
2463 3546 5
2463 793 5
2463 831 5
2466 2587 5
2466 3016 5
2467 1191 5
2467 137 5
2467 1944 5
2467 2509 5
2467 2527 5
2467 2927 5
2467 3269 5
2467 3763 5
2467 3764 5
2467 44 5
2467 971 5
2468 2467 5
2468 2527 5
2468 3339 5
2468 3858 5
2468 824 5
2469 1355 5
2469 2956 5
2469 2966 5
2469 3845 5
247 3182 5
247 3545 5
247 817 5
2471 1621 5
2472 1431 5
2472 2469 5
2472 2969 5
2472 3845 5
2476 1651 5
2476 2537 5
2476 3724 5
2478 2391 5
248 153 5
248 2079 5
248 247 5
248 825 5
2483 560 5
2487 1066 5
2487 264 5
2488 131 5
2490 1643 5
2491 2969 5
2491 3838 5
2492 1807 5
2496 1264 5
2496 3322 5
2496 3688 5
2498 1368 5
2499 3847 5
25 115 5
25 172 5
25 2416 5
25 2681 5
25 90 5
2500 1579 5
2500 3425 5
2501 1313 5
2502 2227 5
2502 2609 5
2506 54 5
2506 897 5
2508 1753 5
2508 2915 5
2508 3860 5
2509 1430 5
2509 1944 5
2509 2467 5
2509 2537 5
2509 2927 5
2509 824 5
251 1166 5
251 2722 5
251 287 5
251 465 5
251 467 5
251 56 5
251 580 5
251 586 5
251 653 5
251 92 5
2512 130 5
2512 1747 5
2513 807 5
2515 301 5
2518 1488 5
2518 1533 5
2519 3732 5
2520 1746 5
2520 2576 5
2520 44 5
2521 2876 5
2521 2901 5
2521 426 5
2524 2546 5
2527 2502 5
2527 2927 5
2529 1389 5
2529 1807 5
2529 3122 5
253 234 5
2532 615 5
2534 1621 5
2534 2471 5
2534 2956 5
2534 3389 5
2536 24 5
2536 3853 5
2537 2965 5
2540 2966 5
2540 3406 5
2545 1117 5
2545 30 5
2545 897 5
2546 1809 5
2549 3860 5
255 1787 5
255 1927 5
255 546 5
255 61 5
2551 362 5
2551 9 5
2555 1088 5
2555 1110 5
2555 1131 5
2555 1906 5
2555 2286 5
2555 242 5
2555 3018 5
2555 637 5
2555 637 5
2555 685 5
2555 685 5
2555 710 5
2558 1760 5
2558 2564 5
256 1533 5
256 1823 5
256 2368 5
256 2444 5
256 255 5
256 2984 5
256 3369 5
2564 1417 5
2564 2611 5
2568 1323 5
2568 3598 5
2568 385 5
2568 926 5
2569 1460 5
2569 1871 5
257 1883 5
257 400 5
257 543 5
257 653 5
257 743 5
2570 2576 5
2574 1108 5
2574 1201 5
2574 1202 5
2574 1202 5
2574 1482 5
2574 1711 5
2574 2272 5
2574 2413 5
2574 259 5
2574 3111 5
2574 330 5
2574 334 5
2574 467 5
2574 496 5
2574 500 5
2574 543 5
2574 566 5
2574 621 5
2574 635 5
2574 731 5
2574 736 5
2574 976 5
2576 1582 5
2576 2519 5
2576 3350 5
2583 2292 5
2583 3520 5
2586 1324 5
2586 1394 5
2586 1932 5
2586 3361 5
2586 3377 5
259 189 5
259 2413 5
259 2574 5
259 2770 5
259 3525 5
259 3549 5
259 500 5
259 736 5
259 862 5
259 91 5
259 946 5
259 987 5
2590 1066 5
2591 234 5
2591 283 5
2591 960 5
2599 1326 5
2599 3425 5
260 2392 5
260 574 5
260 605 5
2600 2513 5
2600 2570 5
261 2013 5
261 3600 5
261 3600 5
261 416 5
261 426 5
261 74 5
2612 557 5
2619 1349 5
2619 2451 5
262 552 5
2626 1983 5
2626 3393 5
2628 3730 5
2631 1066 5
2631 1649 5
2631 2218 5
2631 2574 5
264 1533 5
264 2170 5
264 256 5
264 3447 5
264 451 5
264 849 5
2643 1450 5
2643 897 5
2648 1438 5
2648 1455 5
2648 1684 5
2648 2667 5
2648 3618 5
2652 3062 5
2653 3241 5
2653 3253 5
2655 1039 5
2655 197 5
2655 983 5
2658 3772 5
2661 1975 5
2661 3904 5
2665 3629 5
2665 3630 5
2665 3631 5
2666 1735 5
2666 3663 5
2667 1166 5
2667 1455 5
2667 3603 5
2670 1120 5
2670 2289 5
2670 651 5
2672 3348 5
2677 187 5
2677 2934 5
2679 187 5
268 1958 5
268 234 5
268 25 5
268 2681 5
268 965 5
2681 1035 5
2681 3 5
2681 449 5
2681 453 5
2681 589 5
2681 610 5
2681 765 5
2681 88 5
2681 961 5
2684 1210 5
2684 3106 5
2684 3668 5
2699 3814 5
270 1033 5
270 153 5
270 1837 5
270 2343 5
270 2793 5
270 3189 5
270 3555 5
270 3846 5
270 3866 5
270 466 5
270 609 5
270 712 5
270 842 5
2708 3725 5
2708 3726 5
2711 1175 5
2711 1985 5
2711 2296 5
2711 3451 5
2711 66 5
2711 752 5
2713 123 5
2713 1819 5
2713 2797 5
2713 2813 5
2713 3077 5
2713 318 5
2713 3852 5
2713 538 5
2713 712 5
2714 112 5
2714 1216 5
2714 2013 5
2714 261 5
2714 278 5
2714 519 5
2714 822 5
2716 142 5
2716 1706 5
2716 1816 5
2716 2372 5
2716 3057 5
2716 3825 5
2716 586 5
2718 1108 5
2718 1148 5
2718 1677 5
2718 1890 5
2718 25 5
2718 385 5
2718 496 5
2718 742 5
2718 920 5
2719 3125 5
272 1408 5
272 1933 5
272 2555 5
272 2998 5
272 3004 5
2720 2714 5
2720 508 5
2722 1529 5
2722 2233 5
2722 412 5
2722 475 5
2722 580 5
2722 862 5
2723 328 5
2723 3488 5
2729 2372 5
2729 2392 5
2730 2910 5
2730 3666 5
2735 421 5
2738 1713 5
2738 825 5
2741 1615 5
2741 2463 5
2741 793 5
2744 1545 5
2745 1366 5
2745 1989 5
2745 2307 5
2745 3695 5
275 1027 5
275 13 5
275 151 5
275 1597 5
275 178 5
275 2105 5
275 371 5
275 371 5
275 383 5
275 467 5
275 482 5
275 53 5
275 580 5
275 692 5
275 801 5
275 959 5
2750 1317 5
2750 1811 5
2750 1871 5
2750 2569 5
2750 2751 5
2750 2752 5
2751 2752 5
2751 3122 5
2751 3577 5
2752 1814 5
2752 3577 5
2763 1366 5
2763 2357 5
2763 2506 5
2765 602 5
277 3083 5
277 586 5
2770 248 5
2770 3548 5
2773 1713 5
2773 189 5
2773 2738 5
2773 2783 5
2774 2169 5
2777 2210 5
2777 643 5
2778 452 5
278 115 5
278 138 5
278 1529 5
278 229 5
278 251 5
278 324 5
278 352 5
278 461 5
278 503 5
278 53 5
278 566 5
278 580 5
278 736 5
278 85 5
2780 2160 5
2780 2212 5
2780 3220 5
2782 1556 5
2782 3106 5
2782 3676 5
2783 1033 5
2783 1713 5
2783 2479 5
2783 2773 5
2783 320 5
2783 3523 5
2783 3563 5
2783 463 5
2791 312 5
2791 3161 5
2791 3921 5
2791 670 5
2793 2343 5
2793 2803 5
2793 3314 5
2793 3326 5
2793 387 5
2793 646 5
2796 445 5
2797 2800 5
2797 3326 5
2797 433 5
2797 466 5
2799 2793 5
2799 3326 5
2799 3599 5
28 2837 5
28 2995 5
280 13 5
280 1791 5
280 371 5
280 439 5
280 621 5
2800 2797 5
2800 424 5
2800 47 5
2803 3186 5
2803 3599 5
2803 523 5
2804 1308 5
2804 1931 5
2804 2555 5
281 2041 5
281 2467 5
281 2509 5
281 508 5
281 696 5
2813 462 5
2819 2380 5
2819 3200 5
2819 3811 5
2819 59 5
283 234 5
283 549 5
283 960 5
2836 2813 5
2836 3580 5
2836 3596 5
2836 508 5
2837 112 5
2843 2055 5
2847 3625 5
285 1890 5
285 2281 5
285 259 5
285 3844 5
285 507 5
285 714 5
285 817 5
2851 2157 5
2851 3844 5
2851 644 5
2851 917 5
2860 3322 5
2860 723 5
2861 3242 5
2861 3684 5
2861 742 5
2861 849 5
2863 2152 5
2867 1592 5
2867 1747 5
2867 2872 5
2867 2881 5
2868 2136 5
287 1016 5
287 1065 5
287 1116 5
287 1398 5
287 3189 5
287 3465 5
287 45 5
287 639 5
287 731 5
287 90 5
2872 1104 5
2872 1548 5
2872 1684 5
2872 1711 5
2872 3146 5
2872 3253 5
2872 3692 5
2872 514 5
2872 514 5
2872 742 5
2874 2496 5
2874 2920 5
2875 2370 5
2876 2290 5
2876 3700 5
2876 3840 5
2878 1925 5
2878 451 5
2879 2216 5
2879 2874 5
288 1718 5
288 3271 5
2881 1104 5
2881 2872 5
2882 270 5
2882 347 5
2882 360 5
2882 933 5
2886 165 5
2886 3264 5
2886 700 5
2887 3299 5
2887 37 5
2887 3836 5
2888 2233 5
2888 3799 5
2888 882 5
289 2934 5
289 448 5
2890 158 5
2890 416 5
2891 1820 5
2891 3677 5
2894 1166 5
2894 1636 5
2896 1131 5
2896 1166 5
2896 1617 5
2897 120 5
2897 157 5
2897 2447 5
2900 316 5
2900 3718 5
2901 1966 5
2901 2371 5
2903 1018 5
2903 2243 5
2903 3062 5
2904 1184 5
2904 1187 5
2904 1927 5
2909 706 5
2910 2900 5
2910 3718 5
2911 2129 5
2911 3836 5
2911 3837 5
2911 477 5
2913 3838 5
2914 1881 5
2914 2371 5
2914 2948 5
2914 3917 5
2914 448 5
2914 950 5
2916 3090 5
2916 60 5
2920 1202 5
2927 1191 5
2930 1380 5
2930 2170 5
2930 255 5
2934 2193 5
2934 2266 5
2934 3051 5
2936 2266 5
2940 1681 5
2940 2931 5
2943 3544 5
2952 2568 5
2955 1564 5
2955 1590 5
2955 595 5
2956 1355 5
2956 3845 5
2957 2948 5
2957 3432 5
2957 3927 5
2959 2957 5
2964 1307 5
2965 2227 5
2966 1355 5
2966 2033 5
2969 867 5
2971 451 5
2971 860 5
2973 1723 5
2976 2478 5
2976 2501 5
2977 3227 5
2977 3850 5
2980 1184 5
2980 2509 5
2980 44 5
2984 149 5
2984 2069 5
2984 2111 5
2984 2122 5
2986 2069 5
2986 2121 5
2986 3010 5
2986 661 5
2988 1897 5
2988 2310 5
2988 2361 5
2988 2587 5
2988 2804 5
2988 3572 5
299 1791 5
2993 1934 5
2995 1197 5
2995 315 5
2995 798 5
2995 882 5
2996 3749 5
2996 3750 5
2998 1933 5
2998 2988 5
2998 3109 5
3 1125 5
3 1432 5
3 453 5
3 453 5
30 1366 5
30 1857 5
30 21 5
30 227 5
30 3023 5
30 3519 5
30 3565 5
30 449 5
30 662 5
30 663 5
30 952 5
300 157 5
300 17 5
300 1993 5
300 376 5
300 447 5
3003 2051 5
3003 2119 5
3003 2149 5
3004 1679 5
3004 1728 5
3004 24 5
3004 2988 5
3004 2998 5
3004 3109 5
3005 1357 5
3005 901 5
301 157 5
301 1993 5
301 2897 5
301 3683 5
301 578 5
301 648 5
3010 2097 5
3010 558 5
3012 1365 5
3012 3760 5
3016 1151 5
3016 1289 5
3016 3066 5
3016 3518 5
3016 3708 5
3016 82 5
3018 1026 5
3018 1088 5
3018 1118 5
3018 1131 5
3018 1186 5
3018 1362 5
3018 1408 5
3018 1428 5
3018 1931 5
3018 1997 5
3018 2006 5
3018 24 5
3018 2555 5
3018 685 5
302 3215 5
302 3259 5
302 684 5
3023 1366 5
3023 3154 5
3023 3636 5
3023 3646 5
3023 3647 5
3023 651 5
3023 652 5
3023 654 5
3023 654 5
3023 759 5
3023 848 5
3023 848 5
3037 114 5
3037 3112 5
3037 38 5
3037 712 5
3038 114 5
3038 3037 5
3038 38 5
3038 712 5
3048 499 5
3048 549 5
3049 1289 5
3049 3016 5
3049 3706 5
3051 2266 5
3051 2936 5
3056 516 5
3056 574 5
3057 1706 5
3057 2716 5
3058 1035 5
3058 1218 5
3058 3623 5
3062 1008 5
3062 2871 5
3062 3479 5
3066 1489 5
3066 1900 5
3066 1919 5
3069 3862 5
3077 123 5
3077 2796 5
3077 3195 5
3077 416 5
3077 74 5
3079 112 5
3079 14 5
3079 188 5
3079 251 5
3079 605 5
3079 72 5
308 2301 5
3081 412 5
3083 1183 5
3083 28 5
3083 2911 5
3083 3303 5
3083 445 5
3083 502 5
3084 3076 5
3084 3085 5
3084 3588 5
3084 3595 5
3085 526 5
309 1344 5
309 741 5
3090 1291 5
3090 3377 5
3090 60 5
3099 139 5
310 453 5
3106 1183 5
3106 1231 5
3106 130 5
3106 2307 5
3106 2355 5
3106 3244 5
3106 3629 5
3106 3663 5
3106 3664 5
3106 3676 5
3107 272 5
3108 142 5
3108 1514 5
3108 2242 5
3108 2316 5
3108 2729 5
3108 403 5
3109 171 5
3109 1880 5
3109 272 5
3111 622 5
3112 127 5
3112 128 5
3112 223 5
3112 3135 5
3112 9 5
312 122 5
312 17 5
312 2277 5
312 2783 5
312 3919 5
312 628 5
3122 1261 5
3122 1390 5
3122 1811 5
3122 1814 5
3122 2500 5
3123 1357 5
3124 1151 5
3124 3706 5
3126 2200 5
3126 2203 5
3126 3697 5
3126 761 5
3126 799 5
3131 1660 5
3131 2372 5
3131 3742 5
3131 3755 5
3131 872 5
3135 128 5
3135 3038 5
3135 712 5
3136 3672 5
3136 726 5
3146 162 5
3146 1684 5
3146 3703 5
3147 228 5
3147 921 5
3150 1131 5
3150 2224 5
3153 2129 5
3153 3083 5
3153 572 5
3154 1366 5
3154 1366 5
3154 2090 5
3154 3636 5
3154 651 5
3154 657 5
3154 674 5
3155 186 5
3155 613 5
3156 3168 5
316 153 5
316 2730 5
316 3666 5
3161 3182 5
3161 3247 5
3161 366 5
3161 3921 5
318 1158 5
318 189 5
318 1958 5
318 2591 5
318 2797 5
318 3247 5
318 466 5
3180 1177 5
3182 2413 5
3182 320 5
3182 3921 5
3182 817 5
3186 2799 5
3186 523 5
3188 2140 5
3188 530 5
3189 112 5
3189 3079 5
3189 3153 5
3189 822 5
3193 3196 5
3194 2247 5
3194 3775 5
3194 3930 5
3195 149 5
3195 2051 5
3195 2057 5
3195 2380 5
3195 3312 5
3195 3573 5
3195 3609 5
3195 3731 5
3195 728 5
3196 151 5
32 1099 5
32 1134 5
32 1466 5
32 1862 5
32 2230 5
32 2594 5
32 2986 5
32 3194 5
32 320 5
32 3853 5
32 471 5
32 641 5
320 1232 5
320 1862 5
320 2277 5
320 3549 5
320 596 5
3200 1615 5
3200 2155 5
3201 1787 5
3201 3458 5
3204 108 5
3204 166 5
3204 166 5
3204 340 5
3204 88 5
3207 2780 5
3210 2774 5
3211 126 5
3211 2200 5
3215 1205 5
3215 2366 5
3215 3259 5
3215 621 5
3215 684 5
3215 849 5
3217 1214 5
3217 648 5
3217 649 5
322 1027 5
322 1197 5
322 251 5
322 278 5
322 519 5
322 545 5
3220 3199 5
3222 1104 5
3222 2867 5
3222 3680 5
3225 187 5
3225 1890 5
3225 2306 5
3227 2472 5
3227 3426 5
3227 3855 5
3232 2309 5
3232 3568 5
3234 1026 5
3234 1931 5
3234 333 5
3237 1684 5
3237 2863 5
3238 1666 5
3238 2653 5
324 352 5
3241 1104 5
3241 3146 5
3242 1066 5
3242 357 5
3242 3684 5
3243 2294 5
3243 2313 5
3243 3001 5
3243 3707 5
3244 1366 5
3244 2307 5
3244 2745 5
3244 2782 5
3244 3676 5
3244 3695 5
3246 234 5
3246 3548 5
3247 32 5
325 345 5
325 351 5
325 552 5
3253 3238 5
3254 1820 5
3254 1973 5
3254 2430 5
3254 3682 5
3259 623 5
3260 2166 5
3260 3607 5
3260 816 5
3260 859 5
3262 1820 5
3262 185 5
3262 3254 5
3264 165 5
3264 2447 5
3264 2883 5
3269 189 5
3269 2628 5
3269 451 5
327 1966 5
327 2521 5
327 3254 5
3271 3827 5
3274 76 5
3276 301 5
3276 3682 5
3276 648 5
3277 2922 5
328 1706 5
328 3488 5
328 3488 5
328 3498 5
328 3690 5
328 372 5
328 473 5
328 798 5
3281 1366 5
3281 1981 5
3281 2506 5
3281 2745 5
3281 2782 5
3281 3557 5
3281 897 5
3283 127 5
3283 2277 5
3283 2311 5
3285 1344 5
3285 3520 5
3285 3890 5
3286 3283 5
3287 238 5
3290 1679 5
3290 1819 5
3290 3004 5
3290 3018 5
3295 275 5
3296 2666 5
3296 3664 5
3296 3782 5
3299 2894 5
33 1099 5
33 2380 5
330 1025 5
330 1080 5
330 1167 5
330 1177 5
330 1197 5
330 139 5
330 1581 5
330 1593 5
330 17 5
330 1815 5
330 1819 5
330 1931 5
330 2247 5
330 2351 5
330 333 5
330 357 5
330 440 5
330 455 5
330 461 5
330 462 5
330 467 5
330 467 5
330 543 5
330 545 5
330 621 5
330 635 5
330 897 5
330 913 5
3303 1430 5
3309 1424 5
3312 129 5
3312 444 5
3312 56 5
3312 656 5
3314 270 5
3314 466 5
3314 609 5
3314 712 5
3317 248 5
3317 605 5
332 3662 5
332 6 5
332 6 5
332 90 5
332 90 5
3322 2874 5
3322 736 5
3324 605 5
3325 1202 5
3325 98 5
3326 1889 5
3326 2170 5
3326 270 5
3326 2713 5
3326 3186 5
3326 3314 5
3326 355 5
3326 3918 5
3326 522 5
3326 609 5
3326 712 5
3328 3602 5
3328 536 5
333 1008 5
333 1581 5
333 1900 5
333 362 5
333 583 5
3338 3108 5
3338 3479 5
3339 1944 5
3339 2224 5
3339 2467 5
3339 2476 5
334 1201 5
334 1308 5
334 1593 5
334 1782 5
334 242 5
334 300 5
334 447 5
334 452 5
334 622 5
334 731 5
3342 195 5
3345 2527 5
3348 2380 5
3348 604 5
3350 1636 5
3350 2980 5
3357 366 5
3361 1751 5
3369 1582 5
3369 3195 5
3369 914 5
337 1029 5
337 1180 5
337 1202 5
337 599 5
337 649 5
337 659 5
337 66 5
3370 1326 5
3370 2452 5
3370 2500 5
3371 1090 5
3371 1383 5
3371 1542 5
3372 2765 5
3372 2819 5
3372 3811 5
3374 1368 5
3377 1758 5
338 1362 5
338 2296 5
338 3242 5
338 3684 5
3384 1787 5
3384 2487 5
3387 1345 5
3387 931 5
3391 1313 5
3391 1633 5
3391 3877 5
3393 1778 5
3393 2311 5
3393 3912 5
3395 2661 5
3395 983 5
3396 1056 5
3396 1510 5
3396 3854 5
3396 601 5
34 234 5
34 25 5
34 268 5
340 108 5
340 109 5
340 166 5
340 360 5
340 3623 5
340 3670 5
3400 1007 5
3400 1757 5
3402 1394 5
3402 1558 5
3402 1627 5
3402 3859 5
3406 1307 5
3406 2207 5
3406 2964 5
3407 3376 5
3408 133 5
341 997 5
3416 3431 5
3416 344 5
3418 2977 5
3422 1360 5
3422 1443 5
3422 1842 5
3422 1881 5
3422 2914 5
3422 3797 5
3422 3917 5
3422 83 5
3425 1370 5
3425 1552 5
3425 1741 5
3426 2471 5
3426 2956 5
3426 2966 5
3430 1327 5
3432 1272 5
3432 1621 5
3432 2469 5
3432 2472 5
3432 3855 5
3436 2461 5
3437 983 5
3439 1056 5
3439 3886 5
344 3427 5
3440 3821 5
3440 3843 5
3440 783 5
3441 2544 5
3441 2964 5
3449 1254 5
345 1005 5
345 1852 5
3451 1090 5
3451 2392 5
3451 2392 5
3451 393 5
3451 393 5
3451 89 5
3456 910 5
3458 2765 5
3458 2819 5
3458 3200 5
3458 3645 5
3465 1055 5
3465 1087 5
3465 1230 5
3465 1818 5
3465 1861 5
3465 224 5
3465 2272 5
3465 468 5
3465 610 5
3467 1649 5
3467 3786 5
3467 3795 5
3468 202 5
3468 808 5
3468 994 5
347 166 5
347 312 5
347 629 5
3470 445 5
3473 3792 5
3473 621 5
3479 1489 5
3479 2361 5
3479 2372 5
3479 2392 5
3482 1886 5
3488 444 5
3488 473 5
3488 504 5
3488 609 5
3495 3488 5
3497 3662 5
3497 3797 5
3498 2723 5
3498 3699 5
3498 504 5
35 1675 5
35 3799 5
3504 246 5
3504 3164 5
3509 1574 5
3509 1719 5
351 1005 5
351 1852 5
351 345 5
3516 3517 5
3518 1151 5
3518 1922 5
3518 2405 5
3518 3124 5
3518 443 5
3518 789 5
3518 822 5
352 1025 5
352 129 5
352 149 5
352 1711 5
352 172 5
352 251 5
352 322 5
352 3731 5
352 39 5
352 455 5
352 545 5
352 586 5
352 621 5
352 635 5
352 659 5
352 738 5
352 862 5
3520 1344 5
3520 1752 5
3520 2242 5
3521 3522 5
3521 3530 5
3521 582 5
3521 590 5
3522 3533 5
3522 590 5
3523 1177 5
3523 2384 5
3523 3547 5
3523 3558 5
3524 2888 5
3525 1027 5
3525 1650 5
3525 259 5
3525 275 5
3525 91 5
3525 946 5
3526 1243 5
3527 3528 5
3527 3529 5
3528 3530 5
3528 3537 5
3529 3528 5
3529 3534 5
3529 3536 5
3529 3537 5
353 541 5
3530 3522 5
3530 3529 5
3530 3533 5
3530 582 5
3532 3527 5
3532 3529 5
3532 3530 5
3532 3533 5
3533 3529 5
3533 3530 5
3533 3535 5
3533 3536 5
3533 3537 5
3533 3538 5
3534 2188 5
3534 3521 5
3534 3522 5
3534 3527 5
3534 3530 5
3534 3530 5
3534 3533 5
3535 2321 5
3535 3521 5
3535 3530 5
3536 3527 5
3536 3532 5
3537 3527 5
3537 3530 5
3537 3532 5
3537 3534 5
3538 3528 5
3538 3532 5
3538 3534 5
354 121 5
354 2301 5
354 963 5
3541 1706 5
3542 448 5
3543 179 5
3544 2237 5
3544 2708 5
3544 289 5
3544 2936 5
3544 3051 5
3545 122 5
3545 3161 5
3546 2741 5
3547 2791 5
3547 3161 5
3547 3182 5
3547 3556 5
3548 1722 5
3548 2079 5
3548 2151 5
3548 2882 5
3548 3204 5
3548 355 5
3548 360 5
3548 933 5
3549 1960 5
3549 2413 5
3549 3561 5
3549 3563 5
355 1719 5
355 2103 5
355 2103 5
355 270 5
355 2793 5
355 2882 5
355 318 5
355 3314 5
355 3326 5
355 3545 5
355 3558 5
355 466 5
355 493 5
355 725 5
3550 2142 5
3550 3551 5
3550 394 5
3551 1624 5
3551 2007 5
3551 3560 5
3551 394 5
3552 3232 5
3552 3553 5
3552 3568 5
3553 2309 5
3553 2397 5
3553 3232 5
3553 3568 5
3554 1862 5
3555 1719 5
3555 444 5
3555 445 5
3556 2648 5
3556 355 5
3557 1987 5
3558 2079 5
3558 2277 5
3558 670 5
3559 1987 5
3559 662 5
3560 1964 5
3560 2007 5
3561 3555 5
3561 61 5
3562 1149 5
3563 1033 5
3563 189 5
3563 3556 5
3563 670 5
3564 471 5
3565 1299 5
3565 1366 5
3565 1843 5
3565 1989 5
3565 3023 5
3565 3106 5
3565 655 5
3565 662 5
3566 1624 5
3566 2142 5
3566 3551 5
3567 3552 5
3567 3553 5
3568 1408 5
3568 2397 5
3568 3567 5
357 1362 5
357 1432 5
357 220 5
357 2911 5
357 338 5
357 3684 5
357 742 5
357 833 5
3570 1216 5
3570 414 5
3571 1054 5
3574 2995 5
3574 656 5
3574 798 5
3575 1214 5
3575 3571 5
3576 1820 5
3576 354 5
3577 2750 5
3577 2879 5
3578 3495 5
3580 188 5
3581 1216 5
3582 3583 5
3583 3581 5
3584 1820 5
3584 1830 5
3584 2330 5
3584 2359 5
3584 3678 5
3584 701 5
3585 3586 5
3585 3587 5
3586 3582 5
3586 3592 5
3587 3195 5
3588 2140 5
3588 530 5
3588 561 5
3589 3573 5
3589 414 5
3590 1830 5
3590 701 5
3590 752 5
3591 2348 5
3592 3585 5
3592 492 5
3593 1514 5
3593 2242 5
3593 2952 5
3593 3090 5
3593 3108 5
3593 3598 5
3593 385 5
3594 2140 5
3594 3595 5
3595 3579 5
3596 3085 5
3597 492 5
3597 521 5
3598 1514 5
3598 1949 5
3598 2952 5
3598 3593 5
3598 918 5
3599 523 5
3599 568 5
36 104 5
36 1827 5
36 3456 5
360 166 5
360 3204 5
360 347 5
360 670 5
360 987 5
3600 193 5
3600 3081 5
3600 412 5
3602 1296 5
3602 2667 5
3603 1455 5
3603 3602 5
3603 471 5
3604 1057 5
3604 3705 5
3604 471 5
3605 2532 5
3605 394 5
3607 187 5
3607 202 5
3607 642 5
3608 1222 5
3608 1936 5
3608 3328 5
3608 3603 5
3608 3618 5
3608 3826 5
3608 471 5
3609 477 5
3609 656 5
3609 728 5
3610 574 5
3611 1428 5
3611 3147 5
3611 3693 5
3611 486 5
3611 637 5
3612 218 5
3613 3614 5
3613 551 5
3614 552 5
3615 511 5
3616 308 5
3616 3617 5
3617 3612 5
3618 1296 5
3618 3328 5
3619 303 5
3619 551 5
362 1244 5
362 330 5
362 583 5
362 720 5
362 789 5
362 957 5
3620 1205 5
3621 2154 5
3622 3619 5
3623 1483 5
3623 2015 5
3624 1501 5
3625 2753 5
3627 3468 5
3627 3637 5
3628 1235 5
3628 2159 5
3628 2213 5
3628 3468 5
3628 3626 5
3628 3627 5
3628 3637 5
3628 643 5
3628 917 5
3628 994 5
3629 2355 5
3629 3106 5
3631 3106 5
3631 3629 5
3632 2089 5
3633 236 5
3633 862 5
3634 1130 5
3634 927 5
3635 2077 5
3636 3565 5
3636 3646 5
3637 994 5
3638 3639 5
3638 516 5
3639 166 5
3639 3634 5
364 270 5
364 447 5
3640 3058 5
3641 1829 5
3642 1035 5
3643 2077 5
3643 2382 5
3644 3651 5
3645 1615 5
3646 3565 5
3646 662 5
3647 3154 5
3647 3565 5
3647 3646 5
3648 2166 5
3648 756 5
3650 147 5
3650 3126 5
3651 3058 5
3651 815 5
3652 3653 5
3652 3738 5
3654 859 5
3656 2969 5
3657 2079 5
3658 1284 5
3658 2444 5
3659 147 5
366 17 5
366 2311 5
366 283 5
366 3182 5
366 3547 5
366 3923 5
366 960 5
366 997 5
3660 3661 5
3660 3662 5
3661 3660 5
3661 3662 5
3662 1449 5
3662 151 5
3662 332 5
3662 3660 5
3662 3661 5
3663 1735 5
3663 3631 5
3663 3664 5
3663 3667 5
3663 3782 5
3664 2355 5
3664 3668 5
3664 3782 5
3665 1967 5
3665 3126 5
3665 790 5
3666 2268 5
3667 2355 5
3667 3106 5
3667 3106 5
3667 3630 5
3668 1210 5
3668 2355 5
3668 2355 5
3668 3106 5
3668 3667 5
3669 2148 5
3669 2986 5
3669 883 5
3670 3879 5
3670 815 5
3671 900 5
3672 2203 5
3672 236 5
3673 2121 5
3675 3679 5
3675 468 5
3675 676 5
3675 834 5
3675 898 5
3676 1366 5
3676 1556 5
3676 2745 5
3677 3678 5
3677 647 5
3677 649 5
3678 647 5
3678 649 5
3679 496 5
3679 803 5
3679 834 5
3679 886 5
3680 1592 5
3682 2430 5
3682 2897 5
3682 3683 5
3682 648 5
3682 739 5
3683 1973 5
3683 3276 5
3683 578 5
3684 897 5
3687 1574 5
3687 3325 5
3688 451 5
3689 2257 5
3689 2283 5
3689 2903 5
369 3083 5
369 334 5
3690 2723 5
3690 3488 5
3690 3699 5
3691 1684 5
3691 2152 5
3691 3146 5
3691 3238 5
3692 3233 5
3693 3147 5
3694 2653 5
3695 1556 5
3695 1989 5
3695 2307 5
3695 3106 5
3695 3281 5
3696 1820 5
3696 3677 5
3696 647 5
3697 3650 5
3697 687 5
3697 790 5
3697 816 5
3698 2216 5
3698 3687 5
3699 2723 5
3699 3488 5
3699 504 5
37 1178 5
37 2894 5
3700 17 5
3701 449 5
3701 452 5
3702 2207 5
3702 3283 5
3703 2370 5
3703 2875 5
3703 3691 5
3704 3242 5
3705 2055 5
3705 3713 5
3705 461 5
3705 476 5
3706 1289 5
3706 3016 5
3706 3708 5
3707 2313 5
3707 3001 5
3708 1922 5
3708 3124 5
3708 3518 5
371 1197 5
371 13 5
371 130 5
371 2722 5
371 456 5
371 461 5
371 467 5
371 487 5
371 537 5
371 580 5
371 586 5
371 64 5
3710 610 5
3712 130 5
3712 2216 5
3712 3277 5
3712 3711 5
3713 1126 5
3713 121 5
3713 2545 5
3715 1055 5
3715 1134 5
3715 3713 5
3716 2288 5
3718 2730 5
3719 3720 5
3719 3721 5
372 2188 5
3720 1360 5
3720 3422 5
3720 3735 5
3721 1360 5
3721 3422 5
3721 3720 5
3722 2374 5
3722 383 5
3723 228 5
3724 1273 5
3724 2965 5
3725 2993 5
3726 187 5
3726 2993 5
3727 2699 5
3728 202 5
3728 2193 5
3729 947 5
373 412 5
373 801 5
3731 2067 5
3731 61 5
3734 610 5
3735 1842 5
3735 3719 5
3739 1866 5
3739 2886 5
3739 3264 5
374 3262 5
3740 2392 5
3740 748 5
3741 2546 5
3742 1174 5
3742 2006 5
3742 3743 5
3743 1174 5
3743 227 5
3743 2272 5
3743 3123 5
3743 3748 5
3743 502 5
3744 396 5
3744 92 5
3745 3431 5
3746 2922 5
3747 2488 5
3747 2519 5
3748 3742 5
3751 1175 5
3751 1217 5
3751 1985 5
3751 2374 5
3751 383 5
3751 481 5
3751 485 5
3753 1835 5
3753 2445 5
3753 3824 5
3754 139 5
3754 1432 5
3754 3467 5
3754 456 5
3754 605 5
3755 1081 5
3755 1280 5
3756 1672 5
3756 178 5
3756 2233 5
3756 229 5
3756 45 5
3757 1131 5
3757 2090 5
3758 1280 5
3758 2643 5
3759 1089 5
3759 1209 5
3759 805 5
376 1220 5
376 157 5
376 1993 5
376 3276 5
376 833 5
3760 3796 5
3761 1174 5
3761 2658 5
3761 3762 5
3762 1890 5
3763 1197 5
3764 3832 5
3765 2309 5
3765 2396 5
3767 3754 5
3768 1921 5
3769 3193 5
3770 1254 5
3770 195 5
3770 3777 5
3770 673 5
3771 1302 5
3771 3781 5
3771 3792 5
3772 1997 5
3772 3662 5
3772 3773 5
3774 3775 5
3774 634 5
3776 539 5
3777 1597 5
3777 2400 5
3777 3804 5
3778 3779 5
3779 369 5
3780 1148 5
3780 2055 5
3780 487 5
3780 824 5
3780 833 5
3781 436 5
3781 686 5
3782 1595 5
3782 1683 5
3782 686 5
3783 3790 5
3784 3785 5
3784 3786 5
3785 1863 5
3785 3773 5
3785 3795 5
3786 1297 5
3786 1459 5
3786 400 5
3787 1438 5
3788 3705 5
3789 133 5
3789 1529 5
3790 2631 5
3790 2658 5
3790 3005 5
3791 160 5
3791 3788 5
3791 3792 5
3792 1408 5
3792 1482 5
3792 1545 5
3792 3755 5
3792 3811 5
3793 3794 5
3794 3806 5
3794 3807 5
3795 3792 5
3796 1128 5
3797 2643 5
3797 3761 5
3799 2478 5
3799 369 5
3799 3901 5
38 2209 5
38 3112 5
3801 2397 5
3801 690 5
3802 3803 5
3803 1293 5
3803 3767 5
3804 3473 5
3805 1254 5
3805 3770 5
3805 3777 5
3807 1641 5
3807 3793 5
3807 3806 5
3807 3834 5
3808 3809 5
3808 872 5
3809 1295 5
3809 1769 5
3809 3309 5
3810 1666 5
3811 2391 5
3811 3193 5
3811 3916 5
3812 2024 5
3812 641 5
3813 1254 5
3813 3805 5
3813 661 5
3814 1921 5
3814 2021 5
3814 2699 5
3816 1128 5
3816 652 5
3817 3772 5
3818 1963 5
3819 1081 5
3820 1890 5
3821 1394 5
3821 1921 5
3821 2021 5
3821 2586 5
3821 3876 5
3822 3757 5
3822 539 5
3823 1455 5
3823 1816 5
3823 900 5
3824 1401 5
3824 882 5
3826 888 5
3828 1450 5
3828 536 5
3828 736 5
3829 1459 5
3829 201 5
383 1181 5
383 1472 5
383 1769 5
383 1990 5
383 2326 5
383 2363 5
383 2392 5
383 3215 5
383 3451 5
383 485 5
383 536 5
383 579 5
383 648 5
383 736 5
3830 2478 5
3830 2672 5
3830 690 5
3831 2049 5
3831 652 5
3832 1666 5
3834 1641 5
3834 3794 5
3835 1921 5
3836 1109 5
3839 355 5
384 1318 5
384 1343 5
384 2196 5
3840 1721 5
3841 1362 5
3841 1886 5
3841 3066 5
3842 1489 5
3842 1897 5
3842 2988 5
3843 1523 5
3843 1612 5
3844 3126 5
3845 1621 5
3845 3389 5
3846 2995 5
3847 1778 5
3847 3419 5
3848 3069 5
3848 3849 5
3848 3863 5
3848 3864 5
3848 3865 5
3849 3069 5
3849 3864 5
3849 3865 5
3849 577 5
385 1117 5
385 211 5
385 3556 5
385 3598 5
385 394 5
385 500 5
385 543 5
385 742 5
385 918 5
385 961 5
3850 3426 5
3851 1339 5
3851 1579 5
3852 1117 5
3852 1168 5
3853 1819 5
3853 219 5
3853 736 5
3854 1540 5
3854 2372 5
3854 2463 5
3855 1360 5
3855 2033 5
3857 3873 5
3857 3897 5
3857 441 5
3857 726 5
3858 2499 5
3858 868 5
3859 2586 5
3860 2034 5
3860 2915 5
3861 1480 5
3861 483 5
3862 1498 5
3862 3848 5
3862 3849 5
3862 3863 5
3862 3864 5
3862 3865 5
3863 3069 5
3863 3849 5
3863 3864 5
3863 3865 5
3864 3069 5
3864 414 5
3864 577 5
3865 3069 5
3865 3864 5
3865 414 5
3865 577 5
3867 1014 5
3867 3868 5
3867 3869 5
3868 2085 5
3868 3871 5
3868 3882 5
3869 3868 5
3869 3871 5
3869 690 5
387 1027 5
387 122 5
387 2681 5
387 2793 5
387 449 5
387 467 5
387 610 5
387 692 5
387 728 5
387 973 5
3870 24 5
3871 2085 5
3871 2179 5
3871 3867 5
3872 1117 5
3872 2887 5
3873 790 5
3874 2916 5
3875 2466 5
3876 1394 5
3876 2496 5
3876 3377 5
3878 2911 5
3878 2995 5
3879 1796 5
3880 2988 5
3881 270 5
3882 2085 5
3882 2179 5
3882 3871 5
3883 659 5
3883 673 5
3884 1197 5
3885 270 5
3886 2002 5
3886 3484 5
3887 3850 5
3888 60 5
3890 1265 5
3890 3391 5
3891 1383 5
3891 831 5
3892 2876 5
3893 3394 5
3894 355 5
3895 133 5
3895 1654 5
3895 3896 5
3896 133 5
3896 1416 5
3896 1633 5
3897 2212 5
3897 3844 5
3897 682 5
3899 3881 5
39 2121 5
3900 3438 5
3902 1122 5
3902 2016 5
3905 3892 5
3907 2911 5
3907 725 5
3908 942 5
3910 2496 5
3912 1582 5
3912 2481 5
3912 3285 5
3914 783 5
3914 929 5
3916 1722 5
3916 2391 5
3916 3372 5
3917 950 5
3918 1184 5
3920 1859 5
3921 366 5
3921 3923 5
3922 1722 5
3922 237 5
3922 2463 5
3922 746 5
3923 2791 5
3923 3161 5
3923 3182 5
3924 2079 5
3924 2986 5
3925 17 5
3925 312 5
3926 418 5
3926 61 5
3927 1321 5
3928 1735 5
3928 2666 5
3928 3296 5
3928 3663 5
3928 3664 5
3929 499 5
393 1181 5
393 1205 5
393 2392 5
393 383 5
393 446 5
393 497 5
393 748 5
393 89 5
3930 3931 5
3932 24 5
3932 2957 5
394 1202 5
394 1925 5
394 3608 5
396 1122 5
396 1231 5
396 213 5
396 224 5
396 3465 5
398 2123 5
398 3635 5
400 1178 5
400 2006 5
400 2844 5
400 300 5
400 376 5
400 447 5
400 447 5
400 477 5
400 536 5
400 749 5
400 761 5
400 849 5
400 89 5
401 3246 5
401 3247 5
403 161 5
403 1949 5
403 3593 5
403 3598 5
407 1529 5
408 1428 5
408 3547 5
408 997 5
409 1380 5
409 255 5
411 2129 5
411 261 5
411 74 5
412 139 5
412 211 5
412 261 5
412 387 5
412 480 5
412 664 5
414 1711 5
414 270 5
414 3195 5
414 3573 5
414 3848 5
414 3849 5
414 521 5
416 455 5
416 646 5
416 696 5
416 712 5
416 728 5
416 828 5
418 1691 5
418 2138 5
418 3754 5
418 664 5
419 1192 5
419 468 5
419 731 5
419 885 5
42 1057 5
42 1202 5
42 1875 5
42 2330 5
42 497 5
42 659 5
42 752 5
42 833 5
421 1460 5
421 364 5
423 1533 5
424 2800 5
426 1202 5
426 3081 5
426 451 5
429 790 5
433 2797 5
433 47 5
435 122 5
435 1826 5
435 2067 5
435 2079 5
435 2089 5
435 2578 5
435 3926 5
436 1128 5
436 2003 5
436 2105 5
436 3930 5
436 573 5
436 635 5
436 638 5
439 275 5
439 467 5
439 621 5
44 2292 5
44 2583 5
440 1195 5
440 1197 5
440 1200 5
440 2247 5
440 235 5
440 330 5
440 543 5
440 579 5
440 98 5
441 2203 5
441 3136 5
441 3211 5
441 3628 5
442 17 5
442 2612 5
443 172 5
444 1226 5
444 3609 5
444 3881 5
444 475 5
445 2412 5
445 269 5
445 270 5
445 3539 5
445 412 5
445 465 5
445 510 5
445 573 5
446 1054 5
446 1123 5
446 1388 5
446 1983 5
446 2392 5
446 3056 5
446 3451 5
446 574 5
446 685 5
447 1131 5
447 1387 5
447 1511 5
447 1548 5
447 1979 5
447 573 5
447 788 5
448 1035 5
448 357 5
449 1963 5
449 228 5
449 3077 5
449 3079 5
449 3628 5
449 726 5
449 741 5
449 833 5
449 961 5
449 961 5
449 968 5
449 971 5
45 1210 5
45 123 5
45 2103 5
45 2888 5
45 466 5
45 503 5
45 573 5
45 687 5
45 692 5
45 741 5
450 113 5
451 1458 5
451 1600 5
451 1949 5
451 2278 5
451 3520 5
452 1025 5
452 1027 5
452 132 5
452 1971 5
452 2995 5
452 461 5
452 496 5
452 64 5
452 692 5
452 828 5
452 961 5
452 961 5
452 98 5
453 1026 5
453 947 5
454 1491 5
455 1160 5
455 127 5
455 1294 5
455 132 5
455 1395 5
455 1440 5
455 147 5
455 149 5
455 1564 5
455 1719 5
455 2397 5
455 2930 5
455 3781 5
455 419 5
455 42 5
455 483 5
455 496 5
455 580 5
455 637 5
455 637 5
455 656 5
455 741 5
456 1025 5
456 1108 5
456 1197 5
456 1466 5
456 1489 5
456 157 5
456 164 5
456 178 5
456 2079 5
456 235 5
456 387 5
456 467 5
456 635 5
456 643 5
456 741 5
456 801 5
457 1108 5
457 1815 5
457 458 5
457 92 5
458 371 5
458 452 5
458 569 5
458 64 5
461 1080 5
461 1088 5
461 1108 5
461 13 5
461 132 5
461 1482 5
461 1677 5
461 1711 5
461 1711 5
461 1933 5
461 199 5
461 2189 5
461 2255 5
461 246 5
461 259 5
461 275 5
461 385 5
461 500 5
461 560 5
461 623 5
461 653 5
461 659 5
461 725 5
461 742 5
461 789 5
462 1055 5
462 1166 5
462 1581 5
462 193 5
462 1931 5
462 2224 5
462 2648 5
462 362 5
462 579 5
462 641 5
462 778 5
463 189 5
463 2463 5
465 275 5
465 278 5
465 302 5
465 3077 5
465 445 5
465 467 5
465 545 5
465 623 5
465 636 5
465 692 5
466 2103 5
466 2713 5
466 3326 5
466 3524 5
466 355 5
466 522 5
466 522 5
466 775 5
467 164 5
467 1733 5
467 1927 5
467 2278 5
467 2574 5
467 278 5
467 280 5
467 3215 5
467 376 5
467 383 5
467 537 5
467 580 5
467 586 5
467 621 5
467 634 5
467 66 5
467 673 5
467 801 5
467 862 5
467 913 5
467 92 5
467 98 5
468 1186 5
468 2574 5
468 366 5
468 3679 5
468 3743 5
468 455 5
468 467 5
468 471 5
468 496 5
468 676 5
468 731 5
468 834 5
468 885 5
468 898 5
47 2800 5
47 433 5
471 2247 5
471 2887 5
471 3930 5
471 621 5
473 3578 5
473 3690 5
473 443 5
473 504 5
475 1529 5
475 2722 5
475 477 5
475 519 5
475 56 5
475 862 5
476 1013 5
476 1791 5
476 201 5
476 2400 5
476 3608 5
476 471 5
476 643 5
477 113 5
477 1178 5
477 1180 5
477 1226 5
477 1226 5
477 1684 5
477 2072 5
477 3800 5
477 601 5
477 656 5
477 842 5
477 89 5
480 1185 5
480 157 5
480 467 5
481 1985 5
481 2711 5
482 1246 5
482 1366 5
482 731 5
483 1343 5
483 2224 5
483 468 5
483 496 5
483 741 5
484 1511 5
485 1054 5
485 1056 5
485 1875 5
485 2006 5
485 383 5
485 42 5
486 228 5
486 3693 5
487 1027 5
487 1148 5
487 1489 5
487 500 5
487 720 5
487 798 5
487 89 5
487 976 5
492 3076 5
492 3570 5
492 3581 5
492 738 5
493 3326 5
493 775 5
494 1280 5
494 3780 5
494 3783 5
496 2067 5
496 2255 5
496 2283 5
496 237 5
496 3752 5
496 419 5
496 468 5
496 471 5
496 476 5
496 659 5
496 801 5
497 1131 5
497 1181 5
497 3056 5
497 3328 5
497 446 5
497 447 5
497 461 5
497 516 5
497 538 5
499 2103 5
499 2369 5
499 2973 5
499 549 5
500 14 5
500 1482 5
500 1544 5
500 487 5
500 537 5
500 801 5
500 92 5
500 971 5
502 104 5
502 112 5
502 1174 5
502 3748 5
502 519 5
502 521 5
502 973 5
503 1184 5
503 1440 5
503 172 5
503 352 5
503 371 5
503 447 5
503 545 5
503 635 5
503 79 5
503 913 5
503 952 5
504 3495 5
504 3578 5
504 3690 5
504 443 5
504 609 5
504 707 5
507 1593 5
507 2247 5
508 21 5
508 2995 5
508 416 5
508 595 5
508 737 5
51 1194 5
51 1835 5
51 418 5
510 1684 5
510 2796 5
510 56 5
510 563 5
511 14 5
514 1104 5
514 1548 5
514 1684 5
514 2881 5
514 3694 5
515 1149 5
515 2143 5
515 3274 5
515 76 5
516 1057 5
516 1472 5
516 1801 5
516 1997 5
516 229 5
516 310 5
516 364 5
516 3644 5
516 383 5
516 446 5
516 447 5
516 447 5
516 659 5
519 1548 5
519 1636 5
519 251 5
519 510 5
519 725 5
519 74 5
519 828 5
521 1117 5
521 129 5
521 3077 5
522 2103 5
522 2713 5
522 2797 5
522 318 5
522 3314 5
522 3326 5
522 609 5
522 712 5
522 712 5
523 2793 5
523 2799 5
523 609 5
524 604 5
526 3155 5
526 561 5
53 1197 5
53 455 5
53 913 5
530 2718 5
530 3076 5
530 3174 5
530 561 5
534 1095 5
534 880 5
536 1258 5
536 201 5
536 2224 5
536 2648 5
536 2667 5
536 3193 5
536 538 5
537 130 5
537 130 5
537 275 5
537 500 5
537 580 5
537 621 5
537 801 5
537 880 5
537 92 5
538 1000 5
538 1025 5
538 1296 5
538 13 5
538 1846 5
538 1925 5
538 1945 5
538 2188 5
538 330 5
538 387 5
538 452 5
538 742 5
539 1712 5
539 3742 5
539 574 5
54 2357 5
54 3106 5
541 421 5
543 1125 5
543 160 5
543 1719 5
543 412 5
543 440 5
543 741 5
543 91 5
545 1184 5
545 172 5
545 188 5
545 2796 5
545 3077 5
545 330 5
545 352 5
545 3798 5
545 467 5
545 566 5
545 654 5
545 803 5
545 862 5
545 952 5
546 1590 5
547 1432 5
547 1937 5
547 608 5
549 1958 5
549 234 5
549 2369 5
549 248 5
549 2591 5
549 318 5
55 1033 5
551 1149 5
551 353 5
557 187 5
557 237 5
557 251 5
557 3531 5
557 687 5
557 791 5
557 842 5
557 973 5
557 98 5
56 257 5
56 2722 5
56 659 5
560 1380 5
560 1619 5
560 1640 5
560 1733 5
560 3111 5
560 3384 5
560 3422 5
560 720 5
561 3084 5
563 17 5
563 2 5
563 387 5
563 502 5
563 526 5
563 610 5
563 753 5
563 968 5
566 511 5
566 573 5
566 920 5
568 2793 5
568 523 5
572 2103 5
572 3189 5
573 1057 5
573 1183 5
573 1214 5
573 1235 5
573 126 5
573 149 5
573 1619 5
573 165 5
573 2079 5
573 211 5
573 2722 5
573 42 5
573 45 5
573 456 5
573 673 5
573 673 5
574 1117 5
574 1997 5
574 2296 5
574 2467 5
574 30 5
574 3797 5
574 480 5
574 497 5
574 516 5
574 748 5
576 968 5
577 3848 5
577 3862 5
577 3863 5
579 1529 5
579 2006 5
579 237 5
579 330 5
579 3451 5
579 393 5
579 507 5
579 557 5
579 610 5
579 748 5
580 13 5
580 1308 5
580 193 5
580 2713 5
580 352 5
580 439 5
580 455 5
580 465 5
580 468 5
580 537 5
580 621 5
580 684 5
580 801 5
580 983 5
582 2321 5
582 3534 5
582 623 5
583 1819 5
583 246 5
583 330 5
583 462 5
583 789 5
586 14 5
586 21 5
586 2713 5
586 2722 5
586 322 5
586 3259 5
586 352 5
586 371 5
586 465 5
586 465 5
586 53 5
586 580 5
586 623 5
586 684 5
589 1071 5
589 2778 5
589 3211 5
589 3219 5
589 449 5
589 610 5
589 66 5
589 687 5
59 3372 5
59 3916 5
590 3534 5
590 3535 5
590 582 5
595 1013 5
595 1025 5
595 1183 5
595 330 5
595 409 5
595 452 5
595 461 5
595 64 5
595 870 5
596 247 5
596 3182 5
599 338 5
6 1166 5
6 1556 5
6 332 5
6 332 5
6 440 5
6 500 5
6 90 5
6 90 5
60 1267 5
600 1308 5
601 1178 5
601 1979 5
601 3371 5
601 3906 5
602 2247 5
602 3201 5
602 3458 5
604 1593 5
604 235 5
604 2574 5
604 622 5
605 123 5
605 130 5
605 1684 5
605 23 5
605 2412 5
605 2995 5
607 1782 5
607 3422 5
608 1432 5
608 1937 5
608 547 5
609 3186 5
609 3326 5
609 3498 5
609 355 5
609 473 5
609 568 5
609 707 5
609 712 5
61 1497 5
61 166 5
61 1782 5
61 1808 5
61 1949 5
61 2071 5
61 2406 5
61 256 5
61 264 5
61 285 5
61 464 5
61 496 5
61 849 5
61 933 5
610 1197 5
610 1439 5
610 17 5
610 186 5
610 1963 5
610 226 5
610 2836 5
610 3580 5
610 3710 5
610 387 5
610 436 5
610 443 5
610 476 5
610 538 5
610 545 5
610 623 5
610 654 5
610 664 5
610 687 5
610 726 5
610 726 5
610 741 5
612 2317 5
613 3580 5
613 3596 5
615 3605 5
615 3606 5
62 910 5
621 1160 5
621 1996 5
621 2574 5
621 278 5
621 330 5
621 383 5
621 465 5
621 467 5
621 467 5
621 503 5
621 659 5
621 801 5
621 952 5
622 1489 5
622 171 5
622 178 5
622 2106 5
622 3926 5
622 833 5
623 1057 5
623 1202 5
623 1677 5
623 242 5
623 251 5
623 2574 5
623 3079 5
623 3215 5
623 3465 5
623 371 5
623 461 5
623 462 5
623 465 5
623 53 5
623 573 5
623 582 5
623 586 5
623 610 5
623 637 5
623 643 5
623 731 5
627 3467 5
627 3777 5
628 347 5
629 2079 5
629 628 5
633 576 5
633 968 5
634 1662 5
634 2296 5
635 1108 5
635 1126 5
635 123 5
635 1769 5
635 1843 5
635 1925 5
635 1963 5
635 211 5
635 2170 5
635 2224 5
635 461 5
635 503 5
635 543 5
635 731 5
635 862 5
635 98 5
635 98 5
635 983 5
635 983 5
636 2722 5
636 416 5
636 56 5
637 1082 5
637 1104 5
637 1131 5
637 1373 5
637 1533 5
637 1645 5
637 1871 5
637 1891 5
637 242 5
637 242 5
637 2804 5
637 3018 5
637 440 5
637 557 5
637 673 5
638 83 5
639 2718 5
639 721 5
64 115 5
64 160 5
64 1927 5
64 278 5
64 461 5
64 910 5
640 197 5
641 139 5
641 165 5
641 2396 5
641 3106 5
641 462 5
641 534 5
641 778 5
642 187 5
642 2163 5
642 3260 5
642 859 5
643 1108 5
643 1131 5
643 3633 5
643 589 5
644 1235 5
644 3844 5
644 761 5
646 112 5
646 2793 5
647 301 5
647 337 5
647 3584 5
647 649 5
648 2331 5
648 2366 5
648 3685 5
648 3686 5
648 771 5
649 1030 5
649 1054 5
649 2330 5
649 2447 5
649 2897 5
649 3584 5
649 3696 5
649 797 5
651 1120 5
651 1231 5
651 1398 5
651 30 5
651 3681 5
651 641 5
651 674 5
651 721 5
651 725 5
652 1366 5
652 1366 5
652 2090 5
652 30 5
652 3154 5
652 759 5
653 130 5
653 1440 5
653 1529 5
653 1677 5
653 1791 5
653 2090 5
653 211 5
653 251 5
653 257 5
653 461 5
653 801 5
653 98 5
654 124 5
654 1863 5
654 187 5
654 285 5
654 452 5
654 652 5
654 655 5
655 30 5
655 3462 5
655 662 5
656 129 5
656 234 5
656 287 5
656 328 5
656 455 5
656 466 5
656 521 5
656 572 5
657 722 5
659 1166 5
659 1308 5
659 160 5
659 1777 5
659 1908 5
659 2 5
659 2188 5
659 2240 5
659 3083 5
659 3215 5
659 369 5
659 383 5
659 42 5
659 467 5
659 557 5
659 573 5
659 66 5
659 673 5
659 789 5
659 801 5
659 973 5
66 1095 5
66 1200 5
66 1344 5
66 1566 5
66 1782 5
66 1984 5
66 309 5
66 3215 5
66 3759 5
66 383 5
66 436 5
66 557 5
66 621 5
66 649 5
66 725 5
66 741 5
66 913 5
661 1016 5
661 1116 5
661 3194 5
661 471 5
661 959 5
662 1366 5
662 1981 5
662 3281 5
662 3557 5
662 3636 5
662 622 5
662 721 5
662 848 5
663 2104 5
663 3023 5
663 654 5
663 655 5
663 759 5
664 129 5
664 187 5
664 1939 5
664 2177 5
664 421 5
664 436 5
664 538 5
664 589 5
670 108 5
670 1158 5
670 166 5
670 1862 5
670 32 5
670 538 5
670 88 5
670 893 5
670 933 5
671 118 5
671 1564 5
671 595 5
671 926 5
671 956 5
672 1898 5
672 710 5
673 1025 5
673 1461 5
673 1578 5
673 1891 5
673 1908 5
673 242 5
673 42 5
673 487 5
673 497 5
673 516 5
673 623 5
673 64 5
673 720 5
673 777 5
673 831 5
673 98 5
674 657 5
674 722 5
676 3679 5
676 834 5
676 886 5
676 898 5
682 790 5
684 139 5
684 193 5
684 211 5
684 2722 5
684 3259 5
684 3312 5
684 465 5
684 56 5
684 664 5
684 842 5
684 880 5
685 1008 5
685 1026 5
685 1131 5
685 1205 5
685 1645 5
685 1674 5
685 1838 5
685 1871 5
685 1900 5
685 1900 5
685 333 5
685 3451 5
685 747 5
685 808 5
685 89 5
686 130 5
686 1303 5
687 112 5
687 3126 5
687 3857 5
687 644 5
687 682 5
687 726 5
687 773 5
687 882 5
687 98 5
690 1014 5
690 2085 5
690 278 5
690 3348 5
690 89 5
692 1108 5
692 1131 5
692 1200 5
692 275 5
692 39 5
692 435 5
692 465 5
692 468 5
692 643 5
692 661 5
692 761 5
696 2021 5
696 2041 5
700 3262 5
700 3682 5
701 1820 5
701 2891 5
701 3584 5
701 3677 5
701 3678 5
701 647 5
706 2277 5
706 2904 5
706 467 5
707 1863 5
707 3488 5
707 3498 5
707 3690 5
707 3699 5
707 383 5
707 468 5
709 2847 5
709 3126 5
709 644 5
710 1118 5
710 3018 5
710 3482 5
712 2103 5
712 2172 5
712 2793 5
712 2797 5
712 3112 5
712 355 5
712 355 5
712 364 5
712 38 5
712 466 5
712 466 5
712 493 5
712 605 5
712 775 5
712 9 5
713 557 5
714 1846 5
714 1890 5
714 3225 5
720 109 5
720 1294 5
720 142 5
720 1470 5
720 1472 5
720 1634 5
720 1820 5
720 201 5
720 272 5
720 275 5
720 2927 5
720 3209 5
720 3670 5
720 371 5
720 423 5
720 447 5
720 500 5
720 516 5
720 538 5
720 595 5
720 849 5
720 849 5
720 89 5
720 927 5
720 952 5
721 1065 5
721 1116 5
721 163 5
721 1963 5
721 287 5
721 30 5
721 3154 5
721 3465 5
721 610 5
721 651 5
721 722 5
721 734 5
722 3154 5
723 2878 5
723 426 5
725 1053 5
725 1168 5
725 1169 5
725 2056 5
725 2574 5
725 2686 5
725 2995 5
725 3866 5
725 461 5
725 519 5
725 651 5
725 872 5
725 98 5
726 1131 5
726 2681 5
726 3790 5
726 741 5
726 961 5
726 992 5
728 1226 5
728 1439 5
728 2714 5
728 579 5
731 127 5
731 1482 5
731 1711 5
731 1791 5
731 242 5
731 2574 5
731 278 5
731 483 5
731 736 5
731 741 5
731 741 5
731 92 5
731 983 5
733 808 5
734 163 5
734 849 5
736 1016 5
736 1131 5
736 1184 5
736 1202 5
736 1202 5
736 127 5
736 2090 5
736 2170 5
736 2284 5
736 2309 5
736 330 5
736 3465 5
736 635 5
736 706 5
736 731 5
736 862 5
736 98 5
737 21 5
737 696 5
738 130 5
738 1677 5
738 235 5
738 563 5
739 2430 5
74 2836 5
74 3174 5
74 3597 5
74 3600 5
74 364 5
74 412 5
74 436 5
74 753 5
741 1066 5
741 1466 5
741 1523 5
741 1846 5
741 2574 5
741 2681 5
741 387 5
741 419 5
741 468 5
741 862 5
741 885 5
741 913 5
742 1548 5
742 1608 5
742 1684 5
742 1782 5
742 3603 5
742 3662 5
742 849 5
742 983 5
743 352 5
746 1204 5
746 1219 5
746 1234 5
746 1472 5
746 3751 5
747 1031 5
747 3451 5
747 393 5
747 446 5
747 685 5
748 2392 5
748 2392 5
748 2437 5
748 312 5
748 3451 5
748 383 5
748 637 5
749 1220 5
749 1221 5
749 1820 5
749 185 5
749 2359 5
749 3276 5
749 376 5
752 1029 5
752 2330 5
752 300 5
752 787 5
753 426 5
753 545 5
759 1366 5
759 2104 5
759 655 5
759 663 5
76 145 5
76 3562 5
761 1443 5
761 187 5
761 2718 5
761 3743 5
761 421 5
761 580 5
761 954 5
762 3213 5
762 709 5
77 172 5
77 1926 5
771 1214 5
771 2366 5
772 2631 5
772 3791 5
772 981 5
773 449 5
775 1257 5
775 2103 5
775 2103 5
775 2713 5
775 330 5
775 3326 5
775 522 5
775 635 5
777 1088 5
777 1578 5
777 1581 5
778 1012 5
778 1231 5
778 1466 5
778 207 5
778 227 5
778 3106 5
778 3348 5
778 3525 5
778 3813 5
778 651 5
780 3776 5
780 3790 5
780 772 5
783 1523 5
783 1920 5
783 60 5
784 2310 5
784 2368 5
784 2988 5
787 1875 5
787 2296 5
787 3569 5
788 1885 5
788 3108 5
788 605 5
789 1819 5
789 246 5
789 330 5
789 3312 5
789 333 5
789 684 5
789 961 5
79 1585 5
79 172 5
79 2416 5
79 278 5
79 3818 5
79 545 5
79 62 5
790 3169 5
790 3633 5
790 3650 5
790 756 5
797 164 5
797 2330 5
797 2348 5
797 3276 5
798 1027 5
798 1160 5
798 1209 5
798 188 5
798 1937 5
798 2722 5
798 28 5
798 475 5
798 522 5
798 572 5
798 635 5
798 659 5
798 684 5
799 2845 5
801 130 5
801 132 5
801 280 5
801 352 5
801 371 5
801 412 5
801 439 5
801 500 5
801 537 5
801 537 5
801 580 5
801 580 5
801 92 5
801 98 5
802 3126 5
802 682 5
802 954 5
803 235 5
803 3675 5
803 3705 5
803 3757 5
803 610 5
803 728 5
803 886 5
807 2296 5
807 3018 5
807 3201 5
807 330 5
807 3611 5
807 447 5
807 465 5
807 516 5
807 543 5
808 1031 5
808 1035 5
808 1123 5
808 202 5
808 2153 5
808 2681 5
808 3626 5
808 3627 5
808 3628 5
808 747 5
815 109 5
815 1829 5
815 2463 5
815 2741 5
816 202 5
816 2719 5
816 3650 5
816 3873 5
816 642 5
816 726 5
816 859 5
816 953 5
817 1862 5
817 2413 5
817 320 5
817 61 5
82 3049 5
82 3124 5
82 3518 5
82 3706 5
822 372 5
822 465 5
822 572 5
822 656 5
824 1297 5
824 18 5
824 219 5
824 2527 5
824 3106 5
825 2773 5
825 2783 5
825 2882 5
825 318 5
825 3545 5
825 3555 5
827 1968 5
827 574 5
828 112 5
828 1529 5
83 228 5
83 6 5
831 1090 5
831 1383 5
831 1769 5
831 228 5
831 3371 5
833 1071 5
833 1160 5
833 1220 5
833 124 5
833 1466 5
833 165 5
833 1660 5
833 17 5
833 1997 5
833 2330 5
833 2447 5
833 2897 5
833 621 5
833 775 5
834 496 5
834 803 5
834 886 5
838 3312 5
840 1393 5
840 1530 5
840 637 5
842 172 5
842 3077 5
842 3488 5
842 728 5
848 3154 5
848 3646 5
848 3647 5
848 759 5
849 1202 5
849 1533 5
849 1548 5
849 160 5
849 227 5
849 255 5
849 3822 5
849 623 5
849 637 5
849 673 5
849 89 5
849 897 5
849 913 5
85 2574 5
85 269 5
851 2188 5
860 1800 5
862 13 5
862 1925 5
862 211 5
862 2170 5
862 251 5
862 2574 5
862 2574 5
862 3136 5
862 3633 5
862 3674 5
862 445 5
862 465 5
862 510 5
862 580 5
862 589 5
862 636 5
862 644 5
862 731 5
862 816 5
862 983 5
864 1424 5
864 872 5
867 3656 5
868 3903 5
869 2166 5
869 3628 5
870 138 5
870 780 5
872 1082 5
872 1424 5
872 2310 5
872 3822 5
876 1597 5
876 3525 5
878 1482 5
878 2468 5
878 3769 5
88 1026 5
88 1035 5
88 108 5
88 122 5
88 1432 5
88 340 5
880 1174 5
880 1177 5
880 164 5
880 17 5
880 1997 5
880 684 5
882 139 5
882 14 5
882 3757 5
882 644 5
882 822 5
882 917 5
882 954 5
883 1323 5
883 1619 5
883 2069 5
883 2101 5
883 2119 5
883 2138 5
885 255 5
885 256 5
885 264 5
885 483 5
885 731 5
885 849 5
886 3675 5
886 468 5
888 151 5
888 3193 5
888 634 5
889 1244 5
889 2551 5
89 1123 5
89 1178 5
89 1406 5
89 2672 5
89 446 5
89 595 5
89 747 5
891 1166 5
891 913 5
893 1118 5
893 2369 5
893 987 5
895 113 5
895 1264 5
895 1925 5
895 2089 5
895 2096 5
895 2097 5
895 2270 5
895 2380 5
895 706 5
896 2089 5
896 2131 5
896 2138 5
897 1039 5
897 3242 5
897 3559 5
897 357 5
897 662 5
898 496 5
898 803 5
898 834 5
9 128 5
9 223 5
9 3038 5
9 3135 5
9 889 5
90 332 5
90 332 5
90 416 5
90 6 5
90 6 5
90 85 5
900 1939 5
900 201 5
900 2057 5
900 2094 5
900 2097 5
900 2116 5
900 3295 5
902 139 5
91 1125 5
91 1650 5
91 259 5
91 3525 5
910 115 5
910 278 5
913 1027 5
913 1183 5
913 149 5
913 1623 5
913 1791 5
913 1843 5
913 2574 5
913 280 5
913 467 5
913 519 5
913 635 5
914 1025 5
914 421 5
914 595 5
917 1235 5
917 692 5
918 2568 5
918 2952 5
918 3593 5
92 1016 5
92 1243 5
92 1489 5
92 149 5
92 17 5
92 213 5
92 500 5
92 537 5
92 560 5
92 573 5
92 801 5
921 3693 5
926 118 5
926 2255 5
926 956 5
927 3641 5
927 815 5
929 1898 5
929 2988 5
931 1345 5
931 1522 5
933 108 5
933 122 5
933 166 5
933 2277 5
933 2929 5
933 670 5
933 987 5
938 1099 5
938 1823 5
938 2405 5
938 435 5
938 558 5
946 1650 5
946 259 5
946 3525 5
947 310 5
950 1881 5
950 3422 5
952 2307 5
952 251 5
952 278 5
952 322 5
952 324 5
952 371 5
952 586 5
952 641 5
953 1131 5
954 2851 5
956 1146 5
956 409 5
957 2551 5
957 9 5
959 1082 5
959 1099 5
959 1428 5
959 1544 5
959 1719 5
959 1939 5
959 455 5
960 248 5
960 549 5
961 1000 5
961 573 5
961 876 5
963 3576 5
965 1073 5
965 1958 5
968 1187 5
968 1684 5
968 188 5
968 2193 5
968 2235 5
97 2107 5
971 952 5
973 2188 5
973 278 5
973 456 5
973 502 5
973 741 5
975 3765 5
976 1927 5
976 2231 5
976 2631 5
976 3761 5
98 1184 5
98 1426 5
98 1927 5
98 1927 5
98 2496 5
98 275 5
98 275 5
98 280 5
98 280 5
98 334 5
98 440 5
98 467 5
98 496 5
98 503 5
98 53 5
98 537 5
98 579 5
98 621 5
98 635 5
98 673 5
98 687 5
98 736 5
98 798 5
981 1243 5
981 191 5
981 195 5
981 200 5
981 2089 5
981 2448 5
981 775 5
983 1087 5
983 1202 5
983 1818 5
983 1975 5
983 229 5
983 259 5
983 3465 5
983 394 5
983 476 5
983 610 5
983 736 5
983 742 5
983 789 5
984 3701 5
987 166 5
987 1837 5
987 2791 5
987 320 5
987 670 5
987 933 5
992 610 5
997 283 5
1 91 6
1 925 6
1007 1025 6
1007 1131 6
1007 1701 6
1007 1926 6
1007 333 6
1007 3593 6
1007 637 6
1007 673 6
1008 1578 6
1008 783 6
1013 1027 6
1013 1065 6
1013 1183 6
1013 287 6
1013 436 6
1013 653 6
1014 3867 6
1014 3869 6
1014 3871 6
1014 3871 6
1014 3882 6
1014 689 6
1014 690 6
1016 1782 6
1016 2316 6
1018 144 6
1018 4086 6
1021 1406 6
1021 204 6
1021 931 6
1021 960 6
1025 1033 6
1025 1131 6
1025 1197 6
1025 1401 6
1025 1581 6
1025 1645 6
1025 1891 6
1025 1925 6
1025 1927 6
1025 211 6
1025 272 6
1025 2890 6
1025 3272 6
1025 330 6
1025 460 6
1025 496 6
1025 583 6
1025 673 6
1025 673 6
1025 789 6
1026 1081 6
1026 128 6
1026 1362 6
1026 1408 6
1026 1903 6
1026 1933 6
1026 2813 6
1026 3240 6
1026 685 6
1026 719 6
1027 1025 6
1027 1557 6
1027 1791 6
1027 1925 6
1027 211 6
1027 452 6
1027 487 6
1027 720 6
1027 720 6
1027 798 6
1029 3871 6
1029 446 6
1031 1538 6
1031 212 6
1031 3634 6
1032 149 6
1035 383 6
1035 384 6
1035 4001 6
1035 546 6
1035 637 6
1035 685 6
1035 91 6
1039 1087 6
1039 224 6
1039 3151 6
1039 3465 6
1039 661 6
1039 661 6
104 116 6
104 138 6
104 1933 6
104 207 6
104 237 6
104 79 6
1040 1231 6
1040 3465 6
1040 641 6
1040 983 6
1046 778 6
1052 1044 6
1054 1180 6
1054 2296 6
1054 2374 6
1054 2392 6
1054 383 6
1054 447 6
1054 740 6
1054 833 6
1055 1100 6
1055 640 6
1055 640 6
1056 1214 6
1056 447 6
1056 484 6
1057 1180 6
1057 1529 6
1057 1548 6
1057 1854 6
1057 260 6
1057 42 6
1057 467 6
1057 516 6
1057 573 6
1057 605 6
1057 673 6
1062 640 6
1065 778 6
1065 778 6
1066 1576 6
1066 1975 6
1066 2170 6
1066 2189 6
1066 2196 6
1066 3518 6
1066 3990 6
1067 639 6
1070 3740 6
1076 1014 6
1076 827 6
108 2715 6
108 3204 6
108 89 6
108 933 6
1080 165 6
1080 3330 6
1080 4095 6
1081 1118 6
1081 1408 6
1081 1478 6
1081 1903 6
1081 2369 6
1081 3059 6
1081 3240 6
1081 3240 6
1081 3943 6
1081 3960 6
1081 4186 6
1082 2221 6
1082 3600 6
1086 113 6
1087 1153 6
1087 1231 6
1087 207 6
1087 639 6
1087 715 6
1088 1026 6
1088 1081 6
1088 1362 6
1088 158 6
1088 1581 6
1088 1871 6
1088 3004 6
1088 4188 6
1088 719 6
109 1123 6
109 1352 6
109 1536 6
109 1722 6
109 1750 6
109 3026 6
109 3949 6
109 4114 6
109 4185 6
109 499 6
1090 1541 6
1090 1979 6
1090 312 6
1095 1040 6
1095 1231 6
1097 4019 6
1098 237 6
1098 989 6
1099 200 6
1099 2053 6
1099 2070 6
1099 2415 6
1099 3658 6
1100 1062 6
1100 1101 6
1101 1055 6
1101 3151 6
1103 1971 6
1103 2016 6
1103 2090 6
1103 663 6
1103 674 6
1104 1529 6
1104 1711 6
1104 1747 6
1104 2872 6
1104 742 6
1108 1226 6
1108 14 6
1108 165 6
1108 2040 6
1108 211 6
1108 211 6
1108 229 6
1108 280 6
1108 34 6
1108 387 6
1108 449 6
1108 455 6
1108 467 6
1108 537 6
1108 538 6
1108 623 6
1108 74 6
1108 741 6
1108 838 6
1108 913 6
1108 973 6
1108 98 6
1109 1025 6
1109 1117 6
1109 3324 6
1109 414 6
1109 416 6
1109 586 6
1109 71 6
1112 1035 6
1112 1479 6
1114 2250 6
1114 4143 6
1117 1245 6
1117 1791 6
1117 2255 6
1117 239 6
1117 2718 6
1117 3324 6
1117 38 6
1117 45 6
1117 487 6
1117 605 6
1117 66 6
1117 721 6
1118 1025 6
1118 1026 6
1118 1088 6
1118 1645 6
1118 1880 6
1118 1891 6
1118 3004 6
1118 3842 6
1118 4194 6
112 1197 6
112 2713 6
112 278 6
112 2811 6
112 2836 6
112 330 6
112 330 6
112 421 6
112 462 6
112 508 6
112 557 6
112 656 6
112 684 6
1122 639 6
1123 4180 6
1125 1242 6
1125 3644 6
1125 818 6
113 1234 6
113 2350 6
113 337 6
113 4122 6
113 747 6
113 748 6
113 959 6
1130 2765 6
1130 4179 6
1131 1118 6
1131 122 6
1131 1533 6
1131 2244 6
1131 242 6
1131 2988 6
1131 3083 6
1131 333 6
1131 3384 6
1131 387 6
1131 4191 6
1131 467 6
1131 573 6
1131 637 6
1137 1013 6
1138 1619 6
1138 4088 6
1146 1842 6
1146 1949 6
1146 3702 6
1148 1166 6
1148 1585 6
1148 272 6
115 104 6
115 199 6
115 207 6
115 278 6
115 62 6
115 910 6
1151 2466 6
1153 1201 6
1153 1231 6
1153 207 6
1153 224 6
1157 1911 6
1157 237 6
116 772 6
1160 1112 6
1160 387 6
1160 471 6
1160 913 6
1166 1148 6
1166 1160 6
1166 1401 6
1166 1706 6
1166 201 6
1166 53 6
1166 721 6
1166 981 6
1167 127 6
1167 1432 6
1167 3073 6
1167 3515 6
1167 3702 6
1167 53 6
1168 1081 6
1168 2334 6
1168 2466 6
1168 25 6
1168 3602 6
1168 4113 6
1169 156 6
1169 1931 6
1169 1975 6
1173 4141 6
1173 638 6
1173 772 6
1173 778 6
1175 1217 6
1177 1201 6
1177 1624 6
1177 3395 6
1177 649 6
1178 1181 6
1178 1289 6
1178 1374 6
1178 1808 6
1178 310 6
1178 3458 6
1178 393 6
1178 4176 6
1178 4179 6
1179 164 6
1179 739 6
118 1406 6
118 1559 6
118 4233 6
1180 1097 6
1180 1205 6
1180 1214 6
1180 1542 6
1180 164 6
1180 1985 6
1180 2006 6
1180 400 6
1180 4120 6
1180 480 6
1180 827 6
1181 1241 6
1181 393 6
1181 89 6
1183 1013 6
1183 1677 6
1183 211 6
1183 3106 6
1183 3244 6
1183 573 6
1183 780 6
1183 798 6
1183 862 6
1183 880 6
1184 3311 6
1184 3602 6
1184 519 6
1184 538 6
1186 1098 6
1186 1782 6
1186 3460 6
1186 989 6
1187 278 6
1188 1677 6
1188 1843 6
1188 4126 6
1188 4127 6
1191 219 6
1191 741 6
1192 2349 6
1192 2631 6
1194 1099 6
1194 1099 6
1194 436 6
1196 1921 6
1197 1104 6
1197 1327 6
1197 1548 6
1197 178 6
1197 187 6
1197 2006 6
1197 2247 6
1197 2413 6
1197 251 6
1197 4033 6
1197 440 6
1197 461 6
1197 66 6
1197 741 6
1197 778 6
1198 2392 6
12 1796 6
1200 1039 6
1200 1231 6
1201 1070 6
1201 1087 6
1201 1383 6
1201 1533 6
1201 164 6
1201 1791 6
1201 2067 6
1201 207 6
1201 2888 6
1201 3835 6
1201 400 6
1201 538 6
1201 715 6
1202 1027 6
1202 452 6
1202 461 6
1202 673 6
1202 815 6
1202 98 6
1206 1883 6
1206 3871 6
1206 392 6
1206 748 6
1208 1654 6
1209 1054 6
1209 2310 6
1209 3951 6
1209 893 6
1210 1623 6
1210 252 6
1210 4032 6
1210 452 6
1210 859 6
1212 2934 6
1213 1180 6
1213 2739 6
1213 3871 6
1213 4031 6
1213 689 6
1213 748 6
1213 792 6
1214 1054 6
1214 1180 6
1214 1234 6
1214 1711 6
1214 3460 6
1214 3571 6
1214 4019 6
1214 833 6
1216 2714 6
1216 842 6
1217 1076 6
1217 1180 6
1217 1206 6
1217 2005 6
1217 3964 6
122 1819 6
122 1891 6
122 388 6
122 414 6
122 798 6
1220 1029 6
1220 446 6
1220 480 6
1221 2085 6
1221 2711 6
1221 2843 6
1221 4265 6
1221 690 6
1221 787 6
1222 2395 6
1222 622 6
1224 3841 6
1224 3960 6
1226 1108 6
1226 456 6
1226 817 6
1228 1213 6
1228 3751 6
1228 383 6
1228 740 6
1231 2655 6
1231 3422 6
1231 3465 6
1231 641 6
1231 721 6
1232 1889 6
1232 2277 6
1234 1542 6
1234 2746 6
1234 3964 6
1234 447 6
1234 689 6
1235 1623 6
1235 1623 6
1235 2177 6
1235 2203 6
1235 236 6
1235 3023 6
1235 3278 6
1235 3695 6
1235 3857 6
1235 3936 6
1235 4009 6
1235 4043 6
1235 4111 6
1235 789 6
1235 973 6
1237 3722 6
1237 480 6
1237 740 6
1239 1537 6
1239 1722 6
1239 2166 6
1239 3240 6
1239 339 6
1239 3645 6
1241 1294 6
1241 3623 6
1241 4061 6
1241 4062 6
1242 1406 6
1242 310 6
1242 87 6
1243 2509 6
1243 258 6
1243 2731 6
1243 4016 6
1243 831 6
1244 1564 6
1244 926 6
1245 371 6
1245 966 6
1249 1503 6
1250 941 6
1252 1397 6
1252 1438 6
1252 1645 6
1252 2351 6
1252 2600 6
1252 3309 6
1252 89 6
1252 997 6
1257 1244 6
1257 2196 6
1257 2262 6
1257 3369 6
1257 690 6
126 1188 6
126 2203 6
126 2247 6
126 2888 6
126 3267 6
126 3503 6
126 421 6
126 441 6
126 441 6
126 756 6
126 762 6
126 789 6
126 859 6
126 862 6
1265 4222 6
1267 560 6
1267 92 6
1268 2476 6
1268 2576 6
127 112 6
127 2667 6
127 2888 6
127 3225 6
127 3481 6
127 505 6
127 692 6
127 79 6
127 862 6
127 961 6
1271 272 6
1271 2995 6
1271 536 6
1271 583 6
1271 886 6
1272 1715 6
1275 1146 6
1275 149 6
1275 483 6
1278 1123 6
1278 1501 6
128 1088 6
128 1885 6
128 2681 6
128 2813 6
128 2887 6
128 3505 6
128 4110 6
128 563 6
128 610 6
128 621 6
128 84 6
128 961 6
1281 1562 6
1281 2391 6
1281 868 6
1284 2064 6
1284 938 6
1289 3018 6
1289 4184 6
129 188 6
129 2020 6
129 3083 6
129 3449 6
129 3999 6
129 545 6
129 605 6
129 865 6
129 973 6
1290 1021 6
1290 3598 6
1291 1244 6
1291 1344 6
1294 1363 6
1294 637 6
1294 647 6
1294 807 6
1294 833 6
13 1027 6
13 1108 6
13 211 6
13 275 6
13 275 6
13 275 6
13 275 6
13 280 6
13 280 6
13 280 6
13 371 6
13 439 6
13 500 6
13 537 6
13 801 6
13 913 6
130 1791 6
130 2631 6
130 462 6
130 483 6
130 586 6
130 605 6
1301 2351 6
1301 3062 6
1307 1361 6
1307 879 6
1308 1008 6
1308 1131 6
1308 1197 6
1308 1202 6
1308 1522 6
1308 2247 6
1308 333 6
1308 516 6
1308 673 6
131 2716 6
1311 4212 6
1313 3408 6
1313 3890 6
1314 1829 6
1315 1257 6
1315 1418 6
1315 1564 6
1317 1308 6
1318 2913 6
132 1167 6
132 211 6
132 223 6
132 455 6
132 950 6
1320 2977 6
1320 3443 6
1323 1315 6
1323 1729 6
1323 2196 6
1327 741 6
1328 4139 6
133 2316 6
133 458 6
1333 1880 6
1333 4063 6
1333 4175 6
1335 3367 6
1339 1479 6
1339 1768 6
1339 546 6
1340 1240 6
1343 1722 6
1343 1747 6
1343 1925 6
1344 1275 6
1344 1479 6
1344 1927 6
1344 3593 6
1344 440 6
1344 92 6
1347 3058 6
1347 3201 6
1347 3623 6
1348 3486 6
1348 3988 6
1348 4003 6
1348 4183 6
1350 1522 6
1350 2317 6
1350 92 6
1352 2715 6
1352 747 6
1355 1937 6
1355 2966 6
1355 2977 6
1362 1026 6
1362 1081 6
1362 1088 6
1362 1289 6
1362 1489 6
1362 1944 6
1362 242 6
1363 268 6
1363 3 6
1363 793 6
1366 1843 6
1366 4128 6
1366 54 6
1366 848 6
1370 1390 6
1370 1787 6
1370 1872 6
1370 2492 6
1371 3890 6
1372 1488 6
1373 1007 6
1373 1757 6
1374 1737 6
1374 1814 6
1374 671 6
138 115 6
138 1706 6
138 64 6
138 736 6
138 913 6
1380 1350 6
1380 2626 6
1380 579 6
1380 731 6
1380 92 6
1383 484 6
1383 516 6
1386 1927 6
1386 4215 6
1387 4217 6
1388 447 6
1390 4208 6
1393 1117 6
1393 2426 6
1393 815 6
1394 2613 6
1395 960 6
1396 384 6
1397 1380 6
1397 1479 6
1397 2351 6
1397 3062 6
1397 3801 6
14 586 6
1401 2400 6
1401 731 6
1401 891 6
1401 981 6
1406 1792 6
1406 3598 6
1406 807 6
1408 1025 6
1408 1118 6
1408 2309 6
1408 238 6
1408 3232 6
1408 3240 6
1408 798 6
1415 1362 6
1415 1476 6
1415 2783 6
1415 3048 6
1415 4174 6
1416 1315 6
1416 2207 6
1416 2255 6
1416 560 6
1418 1066 6
1418 1396 6
1418 1416 6
1418 1576 6
1418 2196 6
1418 483 6
1421 1018 6
1421 1777 6
1421 178 6
1421 3431 6
1421 4055 6
1421 440 6
1421 868 6
1422 1007 6
1422 1289 6
1424 165 6
1424 418 6
1430 2520 6
1430 2570 6
1430 2980 6
1431 1355 6
1431 1785 6
1431 3340 6
1432 3743 6
1438 1191 6
1438 1201 6
1438 2351 6
1438 272 6
1438 3062 6
1439 2028 6
1439 23 6
1439 3135 6
1439 3803 6
1439 387 6
144 1927 6
144 2277 6
144 4084 6
1447 1615 6
1447 454 6
1448 1451 6
1451 2281 6
1457 1713 6
1457 4176 6
1457 4190 6
1460 1645 6
1472 1239 6
1472 3638 6
1476 1906 6
1478 4174 6
1479 1619 6
148 1289 6
148 1307 6
148 2964 6
148 4186 6
148 47 6
1480 1146 6
1480 1344 6
1480 1701 6
1480 1842 6
1480 2034 6
1482 1201 6
1482 2450 6
1482 2916 6
1483 4185 6
1488 1422 6
1489 1110 6
1489 1333 6
1489 1372 6
1489 1415 6
1489 148 6
1489 1871 6
1489 207 6
1489 950 6
149 3593 6
149 659 6
1491 1301 6
1491 1397 6
1491 1438 6
1491 3309 6
1500 1125 6
1500 1802 6
1501 2376 6
1503 4189 6
1503 941 6
1505 53 6
1505 897 6
1506 1026 6
1506 1998 6
151 387 6
151 4018 6
151 560 6
151 683 6
1511 4231 6
1512 1374 6
1512 2697 6
1514 4208 6
1516 1533 6
1516 3018 6
1522 1160 6
1522 1380 6
1522 487 6
1523 1290 6
1523 1406 6
1529 1548 6
1529 1843 6
1529 1927 6
1529 2247 6
1529 2796 6
1529 2888 6
1529 508 6
1529 53 6
1529 545 6
1529 563 6
1529 583 6
1529 728 6
1529 968 6
1533 1885 6
1533 2023 6
1533 3999 6
1533 4224 6
1533 560 6
1536 1457 6
1536 1519 6
1536 1601 6
1536 4190 6
1537 310 6
1538 1239 6
1538 1802 6
1538 2082 6
1538 3458 6
1538 3638 6
1542 2005 6
1542 3571 6
1542 3575 6
1544 2064 6
1544 3655 6
1544 855 6
1545 1235 6
1545 1366 6
1545 651 6
1545 780 6
1547 2152 6
1548 1080 6
1548 1104 6
1548 1424 6
1548 1711 6
1548 1711 6
1548 1747 6
1548 2890 6
1548 3222 6
1548 3237 6
1548 3830 6
1548 503 6
1548 514 6
1548 622 6
1548 635 6
1548 656 6
1549 1547 6
1549 178 6
1550 3253 6
1550 742 6
1553 1533 6
1553 2452 6
1555 2090 6
1557 1245 6
1557 1317 6
1557 538 6
1557 623 6
1557 849 6
1558 1335 6
1559 1394 6
1559 3421 6
156 1578 6
156 223 6
156 2555 6
156 3926 6
1562 2391 6
1562 885 6
1563 1483 6
1563 59 6
1564 1416 6
1564 2496 6
1567 2585 6
1567 2959 6
1568 1826 6
1568 2102 6
1568 258 6
157 165 6
157 185 6
1576 1602 6
1576 2496 6
1576 2955 6
1576 3227 6
1576 3242 6
1578 1169 6
1578 223 6
1578 3518 6
1578 3926 6
158 1026 6
158 1885 6
158 2555 6
158 2804 6
158 3018 6
158 3227 6
158 685 6
158 719 6
1581 1007 6
1581 1081 6
1581 1131 6
1581 1308 6
1581 3240 6
1581 333 6
1581 549 6
1581 673 6
1582 2559 6
1582 2927 6
1582 3122 6
1582 3393 6
1583 4152 6
1584 1239 6
1585 1608 6
1585 228 6
1585 891 6
1589 2207 6
1590 2461 6
1590 2959 6
1592 1548 6
1592 259 6
1592 3222 6
1595 3448 6
1595 3450 6
1595 4067 6
1597 1267 6
1597 130 6
1597 1350 6
1597 2317 6
1597 2373 6
1597 239 6
1597 2631 6
1597 692 6
1597 885 6
160 1460 6
160 4191 6
160 783 6
1600 1418 6
1600 1723 6
1600 2196 6
1601 1457 6
1601 339 6
1602 1291 6
1602 1396 6
1602 1564 6
1602 409 6
1602 860 6
1606 1066 6
1608 113 6
1608 12 6
1608 3604 6
1608 622 6
1609 3393 6
161 160 6
161 238 6
161 2699 6
1611 2876 6
1613 2948 6
1613 2957 6
1615 1125 6
1615 3 6
1615 3645 6
1615 4187 6
1615 516 6
1619 1522 6
1619 2255 6
1619 2626 6
1619 53 6
162 4082 6
1620 1186 6
1620 3460 6
1620 989 6
1621 1240 6
1621 1643 6
1621 2956 6
1623 126 6
1623 2177 6
1623 2203 6
1623 236 6
1623 285 6
1623 4009 6
1623 4079 6
1623 500 6
1623 642 6
1623 741 6
1623 800 6
1624 3584 6
1624 385 6
1624 4035 6
1627 1394 6
1627 304 6
1627 3367 6
1636 1582 6
1636 2426 6
1637 113 6
1637 138 6
1637 2890 6
164 1993 6
164 2007 6
164 2392 6
164 302 6
164 312 6
164 400 6
164 448 6
164 649 6
164 739 6
1640 1311 6
1640 1313 6
1640 2750 6
1640 4229 6
1641 1636 6
1642 1315 6
1642 1323 6
1642 1343 6
1642 1416 6
1642 264 6
1643 2461 6
1645 1871 6
1645 2518 6
1645 3018 6
1645 4224 6
1645 637 6
1645 673 6
1645 777 6
1645 783 6
1646 2444 6
1646 895 6
1648 1235 6
1648 1623 6
1648 2153 6
1648 2200 6
1648 482 6
165 1117 6
165 128 6
165 1592 6
165 178 6
165 1822 6
165 1935 6
165 1976 6
165 2647 6
165 3326 6
165 357 6
165 3604 6
165 400 6
165 481 6
165 537 6
165 742 6
165 774 6
1654 1371 6
1654 2391 6
1654 2973 6
1654 4222 6
1656 4240 6
166 122 6
166 927 6
1662 1394 6
1662 2586 6
1662 3367 6
1662 3421 6
1666 1624 6
1666 2373 6
1666 400 6
1668 3390 6
1674 3048 6
1675 1328 6
1675 200 6
1675 2193 6
1675 3083 6
1675 4035 6
1675 4142 6
1675 622 6
1677 1025 6
1677 1027 6
1677 1183 6
1677 1235 6
1677 1927 6
1677 3106 6
1677 3106 6
1677 4074 6
1677 455 6
1677 54 6
1677 655 6
1677 664 6
1677 687 6
1677 9 6
1677 983 6
1682 2537 6
1684 1548 6
1684 2379 6
1684 514 6
1684 742 6
169 1044 6
169 721 6
1692 2033 6
1692 4234 6
17 2667 6
17 3137 6
17 334 6
17 4244 6
17 449 6
17 720 6
1701 1926 6
1701 2111 6
1701 2277 6
1701 2317 6
1701 457 6
1701 725 6
1703 1178 6
1703 4225 6
1704 1178 6
1704 1422 6
1704 1871 6
1706 104 6
1706 1791 6
1706 199 6
1706 207 6
1706 278 6
1706 3999 6
1706 503 6
1706 62 6
171 1568 6
171 2071 6
1711 1097 6
1711 1180 6
1711 132 6
1711 1684 6
1711 17 6
1711 1791 6
1711 2413 6
1711 3237 6
1711 387 6
1711 451 6
1711 465 6
1711 563 6
1711 635 6
1711 656 6
1711 721 6
1711 880 6
1711 914 6
1711 92 6
1712 1191 6
1713 1123 6
1713 1499 6
1713 1536 6
1713 1577 6
1713 1750 6
1713 347 6
1715 1355 6
1715 3340 6
1719 19 6
1719 1998 6
1719 2139 6
1719 2380 6
1719 3896 6
1719 436 6
1719 868 6
172 1108 6
172 128 6
172 2637 6
172 462 6
172 605 6
172 801 6
1722 1239 6
1722 1935 6
1722 1965 6
1722 2166 6
1722 2819 6
1722 310 6
1722 3204 6
1722 3369 6
1722 3447 6
1722 3490 6
1722 3945 6
1722 3950 6
1722 4215 6
1722 499 6
1723 1573 6
1724 4100 6
1724 848 6
1733 1422 6
1733 997 6
1735 1103 6
1735 2090 6
1735 2307 6
1735 4026 6
1735 759 6
1737 1512 6
1737 2492 6
1740 1257 6
1747 1592 6
1747 1684 6
1747 1711 6
1747 4092 6
1747 514 6
1747 742 6
1748 2000 6
1750 4180 6
1750 4205 6
1752 1311 6
1752 1719 6
1753 1318 6
1753 4219 6
1757 4224 6
1757 4225 6
1758 926 6
1768 1949 6
1768 2034 6
1768 3227 6
1768 409 6
1768 451 6
1772 1352 6
1772 1750 6
1772 340 6
1772 4185 6
1772 4195 6
1777 1636 6
1777 2067 6
1777 2973 6
1777 3408 6
1778 1582 6
178 1595 6
178 3450 6
178 3469 6
178 456 6
178 476 6
1782 104 6
1782 2316 6
1782 2400 6
1782 2439 6
1782 385 6
1782 385 6
1782 4018 6
1782 471 6
1782 634 6
1782 95 6
1782 981 6
1785 3340 6
1787 1241 6
1787 3623 6
1787 4061 6
1787 4062 6
1787 4228 6
1789 1007 6
1789 1161 6
1789 671 6
1791 1183 6
1791 127 6
1791 211 6
1791 371 6
1791 455 6
1791 487 6
1791 510 6
1791 605 6
1791 637 6
1791 653 6
1791 98 6
1792 118 6
1792 1290 6
1792 3361 6
1796 4201 6
1799 883 6
18 2570 6
18 3520 6
18 754 6
18 910 6
1802 1 6
1802 3634 6
1802 87 6
1803 3326 6
1808 1872 6
1814 1757 6
1814 1808 6
1814 3425 6
1818 1466 6
1819 1891 6
1819 272 6
1819 3272 6
1819 798 6
1819 798 6
182 1093 6
1820 1975 6
1820 1997 6
1820 3215 6
1820 749 6
1820 89 6
1822 1205 6
1822 1214 6
1822 400 6
1823 1099 6
1823 201 6
1823 256 6
1823 33 6
1823 436 6
1826 33 6
1828 1722 6
1828 3026 6
1828 3949 6
1829 1519 6
1829 2966 6
1829 3722 6
1829 815 6
1831 4139 6
1835 1506 6
1835 1823 6
1835 4168 6
1835 4169 6
1836 2447 6
1836 2884 6
1836 648 6
184 1082 6
184 2129 6
184 2681 6
184 3057 6
184 844 6
1842 1397 6
1842 1524 6
1842 1701 6
1843 172 6
1843 3762 6
1843 462 6
1843 643 6
185 165 6
1853 237 6
1854 1076 6
1854 1213 6
1854 3312 6
1854 4047 6
1854 742 6
1862 3152 6
1862 3545 6
1863 3462 6
1863 651 6
1869 30 6
1869 4112 6
187 202 6
187 2847 6
187 285 6
1871 1131 6
1871 1516 6
1871 1906 6
1871 3004 6
1871 637 6
1872 1789 6
1872 3425 6
1872 4208 6
1872 4209 6
188 1216 6
188 211 6
188 2718 6
188 371 6
188 387 6
188 400 6
188 500 6
188 610 6
188 801 6
188 861 6
1880 1933 6
1880 4189 6
1880 4194 6
1880 4196 6
1881 1087 6
1883 1214 6
1883 334 6
1883 4031 6
1883 574 6
1883 689 6
1883 833 6
1885 1008 6
1885 1088 6
1885 158 6
1885 160 6
1885 1645 6
1885 1871 6
1885 1975 6
1885 242 6
1885 2518 6
1885 255 6
1885 2887 6
1885 3066 6
1885 3227 6
1885 685 6
1886 1908 6
1886 4189 6
1889 2277 6
189 1250 6
189 248 6
189 250 6
189 313 6
189 366 6
189 826 6
1891 1289 6
1891 1645 6
1891 1871 6
1891 1908 6
1891 1931 6
1891 242 6
1891 673 6
1891 798 6
1895 1919 6
1895 3066 6
1895 4063 6
1898 1415 6
1898 1516 6
1898 4224 6
1900 1110 6
1900 2555 6
1903 1151 6
1903 3234 6
1903 336 6
1903 3842 6
1903 4064 6
1906 1081 6
1906 161 6
1906 2466 6
1906 4184 6
1908 1025 6
1908 1118 6
1908 1645 6
1908 1871 6
1908 1895 6
1908 242 6
1911 1086 6
1911 2364 6
1911 2733 6
1911 71 6
1919 1908 6
1919 3016 6
1919 3108 6
1924 1201 6
1924 2463 6
1925 1035 6
1925 1168 6
1925 1854 6
1925 1938 6
1925 2133 6
1925 2170 6
1925 2532 6
1925 3447 6
1925 3918 6
1925 421 6
1925 503 6
1925 519 6
1925 736 6
1926 1619 6
1926 2626 6
1926 3062 6
1926 3108 6
1926 3443 6
1926 451 6
1926 731 6
1926 955 6
1927 1025 6
1927 1027 6
1927 1117 6
1927 1244 6
1927 1619 6
1927 1925 6
1927 1931 6
1927 2170 6
1927 2878 6
1927 2988 6
1927 736 6
1928 1166 6
1928 1191 6
1928 1201 6
1928 2311 6
1928 2527 6
1928 510 6
1928 92 6
193 2103 6
193 2129 6
193 261 6
193 2888 6
193 443 6
193 491 6
1930 3738 6
1930 987 6
1931 122 6
1931 156 6
1931 1719 6
1931 1819 6
1931 1975 6
1931 3004 6
1931 3312 6
1931 388 6
1931 3990 6
1931 449 6
1931 549 6
1931 798 6
1933 122 6
1933 1819 6
1933 1931 6
1933 2462 6
1933 2990 6
1933 3830 6
1933 4175 6
1933 459 6
1933 560 6
1935 1057 6
1935 310 6
1935 3490 6
1935 3945 6
1935 42 6
1936 2231 6
1936 634 6
1936 649 6
1937 2957 6
1937 3443 6
1938 1131 6
1938 1931 6
1938 2995 6
1938 4054 6
1938 497 6
1939 1608 6
1939 2067 6
1944 1243 6
1944 2509 6
1944 3339 6
1949 1418 6
1949 2170 6
1949 2903 6
1949 2930 6
1949 2995 6
195 1197 6
195 537 6
195 983 6
1954 304 6
1954 4105 6
1954 4107 6
1960 1201 6
1960 1383 6
1960 2738 6
1960 2783 6
1960 3922 6
1963 187 6
1963 202 6
1963 2281 6
1963 2681 6
1963 387 6
1963 904 6
1963 961 6
1965 109 6
1965 3406 6
1965 3458 6
1965 3950 6
1965 448 6
197 2116 6
1971 1735 6
1971 2103 6
1971 652 6
1971 961 6
1973 752 6
1975 156 6
1975 158 6
1975 219 6
1975 2555 6
1975 2555 6
1975 2804 6
1975 3215 6
1975 338 6
1975 3446 6
1975 3518 6
1975 375 6
1975 685 6
1975 833 6
1976 172 6
1976 300 6
1976 914 6
1981 3106 6
1981 3244 6
1981 3562 6
1981 3695 6
1981 3940 6
1983 400 6
1983 579 6
1983 71 6
1985 1206 6
1985 1214 6
1985 1217 6
1985 4030 6
1987 1988 6
1987 2307 6
1987 2833 6
1988 3244 6
1988 3782 6
1988 4075 6
1988 653 6
199 1826 6
199 207 6
199 278 6
199 62 6
199 910 6
1990 1204 6
1990 1228 6
1990 2392 6
1990 3867 6
1993 2447 6
1993 599 6
1993 774 6
1993 787 6
1997 1388 6
1997 228 6
1997 299 6
1997 3215 6
1997 447 6
1998 1568 6
1998 1719 6
1998 2263 6
1998 2320 6
1998 2380 6
1998 436 6
2 172 6
2 3991 6
2 421 6
2 456 6
2 462 6
2 483 6
2 623 6
2 879 6
200 1194 6
200 300 6
200 3003 6
200 418 6
200 721 6
200 849 6
200 883 6
2000 2463 6
2000 4217 6
2002 2372 6
2003 3004 6
2005 1234 6
2005 1883 6
2005 4001 6
2006 2005 6
2006 2437 6
2006 2843 6
2006 4044 6
2006 42 6
2006 740 6
2006 833 6
2007 1179 6
2007 739 6
2008 90 6
201 1257 6
201 1939 6
201 2067 6
201 4263 6
2012 128 6
2012 1885 6
2013 2911 6
2013 416 6
2016 2049 6
2016 4026 6
2016 652 6
2016 759 6
202 1209 6
202 2255 6
202 2681 6
202 285 6
202 449 6
202 637 6
202 913 6
2020 1216 6
2020 238 6
2020 3987 6
2020 4006 6
2020 4056 6
2021 1021 6
2021 1406 6
2021 931 6
2023 1576 6
2023 1706 6
2023 264 6
2023 3996 6
2028 2008 6
2028 23 6
2028 3989 6
2028 4060 6
2032 1408 6
2032 2397 6
2032 3568 6
2032 3962 6
2032 3963 6
2034 1576 6
204 960 6
2040 1108 6
2049 1103 6
2049 1320 6
2049 1613 6
2049 2948 6
2049 4026 6
2050 2150 6
2051 2105 6
2051 2111 6
2051 634 6
2051 95 6
2055 449 6
2056 1209 6
2056 3951 6
2056 499 6
2057 1939 6
2057 2101 6
2057 2405 6
2058 1192 6
2058 938 6
2064 4007 6
2067 1482 6
2067 1506 6
2067 1818 6
2067 2101 6
2067 2916 6
2067 3312 6
2067 3948 6
2067 461 6
2067 503 6
2067 736 6
2067 895 6
2069 1544 6
207 116 6
207 1231 6
207 165 6
207 211 6
207 224 6
207 2574 6
207 2655 6
207 2716 6
207 440 6
207 539 6
207 623 6
207 635 6
207 64 6
207 692 6
207 721 6
207 910 6
207 92 6
2070 2079 6
2071 1998 6
2071 2067 6
2073 2107 6
2073 2448 6
2075 2180 6
2075 2189 6
2076 2145 6
2078 2108 6
2079 2111 6
2079 436 6
2079 558 6
2079 656 6
2079 664 6
2084 1221 6
2084 4132 6
2084 4258 6
2084 700 6
2084 774 6
2084 787 6
2085 4258 6
2085 4262 6
2085 767 6
2085 806 6
2087 2405 6
2088 2434 6
2089 3948 6
2090 1188 6
2090 1971 6
2090 2016 6
2090 2049 6
2090 30 6
2090 3646 6
2090 4129 6
2090 4133 6
2090 4243 6
2090 657 6
2090 663 6
2090 674 6
2092 2431 6
2094 2122 6
2096 2149 6
2096 3838 6
2097 3006 6
2099 1998 6
2099 3658 6
2099 51 6
2101 1608 6
2101 197 6
2101 2070 6
2101 2079 6
2102 2149 6
2102 2984 6
2105 2121 6
2105 2263 6
2107 2448 6
2109 1719 6
2109 2089 6
2109 3655 6
2109 896 6
211 1183 6
211 207 6
211 251 6
211 2574 6
211 280 6
211 2888 6
211 3754 6
211 412 6
211 467 6
211 580 6
211 580 6
211 623 6
211 880 6
211 92 6
211 98 6
211 98 6
2110 259 6
2110 3242 6
2110 3684 6
2110 4091 6
2110 503 6
2111 1818 6
2111 1927 6
2111 2097 6
2111 4093 6
2111 558 6
2111 895 6
2116 2121 6
2116 435 6
2119 2382 6
212 108 6
212 1472 6
212 4200 6
2120 113 6
2120 1799 6
2121 1157 6
2121 12 6
2121 2069 6
2122 2986 6
2123 1799 6
2126 2123 6
2129 1082 6
2129 186 6
2129 2221 6
2129 3600 6
2129 4005 6
2129 56 6
2131 4202 6
2133 1079 6
2133 1466 6
2133 1818 6
2133 2247 6
2133 3562 6
2133 3700 6
2133 3941 6
2133 3942 6
2133 3952 6
2133 3954 6
2133 4143 6
2133 53 6
2134 1016 6
2134 1666 6
2134 435 6
2136 1138 6
2136 3283 6
2136 4085 6
2136 4101 6
2138 1099 6
2138 959 6
2139 2134 6
2139 3658 6
2143 1180 6
2143 1197 6
2143 1835 6
2143 2070 6
2143 2362 6
2143 33 6
2143 337 6
2143 4202 6
2143 51 6
2145 200 6
2145 3003 6
2145 435 6
2145 436 6
2148 3669 6
2148 558 6
2149 2138 6
2149 3652 6
2150 2094 6
2152 1549 6
2152 1924 6
2152 2653 6
2152 3146 6
2153 1210 6
2153 865 6
2155 2568 6
2155 3200 6
2155 925 6
2157 441 6
2157 45 6
2160 1623 6
2160 643 6
2161 1971 6
2161 2682 6
2163 2380 6
2163 790 6
2166 1239 6
2166 1722 6
2166 2819 6
2166 339 6
2168 1675 6
2168 1971 6
2168 2682 6
2170 1323 6
2170 2023 6
2170 2242 6
2170 3062 6
2170 3269 6
2170 4101 6
2170 421 6
2172 447 6
2172 508 6
2172 725 6
2177 1210 6
2177 1648 6
2177 236 6
2177 482 6
2177 642 6
2177 800 6
2179 3868 6
2180 2835 6
2189 1328 6
2189 2075 6
2189 2388 6
2189 4034 6
2189 4166 6
2189 943 6
219 200 6
219 2292 6
2193 1184 6
2193 2414 6
2193 3830 6
2193 573 6
2196 2207 6
2200 1210 6
2200 1623 6
2200 2177 6
2200 236 6
2200 4009 6
2200 800 6
2203 112 6
2203 1235 6
2203 1448 6
2203 2210 6
2203 3029 6
2203 3195 6
2203 3937 6
2203 4040 6
2203 642 6
2203 664 6
2207 1243 6
2207 1244 6
2207 1315 6
2207 1421 6
2207 2136 6
2207 2930 6
2207 3062 6
2207 3227 6
2207 449 6
2209 2192 6
2209 496 6
2209 563 6
2209 610 6
2209 92 6
2210 687 6
2214 194 6
2214 2230 6
2218 1271 6
2218 234 6
2218 886 6
2221 3600 6
2221 844 6
2224 1637 6
2225 754 6
2227 3302 6
2227 409 6
223 1066 6
223 1169 6
223 1931 6
223 387 6
223 3990 6
223 4255 6
2230 3965 6
2230 4247 6
2231 1308 6
2231 1782 6
2231 2409 6
2231 330 6
2232 3962 6
2233 1108 6
2233 1482 6
2233 983 6
2234 2207 6
2234 2371 6
2234 2901 6
2234 542 6
2237 3201 6
2237 3406 6
2237 3458 6
2237 3645 6
224 1087 6
224 1200 6
224 1201 6
224 1231 6
224 715 6
2240 1889 6
2240 913 6
2242 1949 6
2242 2309 6
2242 3918 6
2242 3918 6
2243 144 6
2243 4088 6
2244 1186 6
2244 1620 6
2244 3562 6
2244 4018 6
2244 4148 6
2247 1027 6
2247 1197 6
2247 1202 6
2247 1466 6
2247 17 6
2247 3999 6
2247 4211 6
2247 452 6
2247 462 6
2247 519 6
2247 563 6
2247 673 6
2247 687 6
2250 337 6
2250 4120 6
2250 42 6
2252 239 6
2252 2553 6
2252 2987 6
2252 789 6
2255 1016 6
2255 1438 6
2255 1949 6
2255 1983 6
2255 2296 6
2255 237 6
2255 2909 6
2255 3608 6
2255 452 6
2255 455 6
2255 560 6
2255 656 6
2255 753 6
2262 690 6
2263 2071 6
2263 2099 6
2263 2109 6
2263 436 6
2266 1212 6
2266 2677 6
2266 961 6
227 1568 6
227 2612 6
227 64 6
2277 2170 6
2277 2909 6
2277 397 6
2277 55 6
2278 1925 6
2278 2277 6
2278 2532 6
228 1148 6
228 2051 6
2281 128 6
2281 1843 6
2281 3106 6
2281 3225 6
2281 790 6
2281 848 6
2283 132 6
2283 496 6
2283 92 6
2288 640 6
2293 1018 6
2293 4088 6
2296 1221 6
2296 1252 6
2296 2414 6
2296 2843 6
2296 3195 6
2296 327 6
2296 748 6
2296 787 6
23 1439 6
23 165 6
23 2008 6
23 605 6
23 90 6
2307 1981 6
2307 1988 6
2307 3244 6
2307 3935 6
2307 54 6
2309 2714 6
2309 384 6
2309 891 6
2310 3947 6
2310 893 6
2311 500 6
2316 1438 6
2316 1491 6
2316 161 6
2316 2134 6
2316 2233 6
2316 2699 6
2316 3801 6
2317 131 6
2317 1393 6
2317 467 6
2317 798 6
2320 1998 6
2320 2380 6
2320 436 6
2321 3533 6
2321 3973 6
2327 3421 6
2330 2075 6
2330 2296 6
2330 3276 6
2330 599 6
2334 4113 6
2336 1168 6
2336 540 6
234 1271 6
234 184 6
234 2143 6
234 435 6
234 987 6
2340 2876 6
2340 3791 6
2343 238 6
2343 2812 6
2343 355 6
2343 513 6
2343 593 6
2344 1018 6
2344 1138 6
2344 1167 6
2344 706 6
2348 1221 6
235 237 6
2350 4019 6
2351 1491 6
2351 3309 6
2355 4128 6
2355 4144 6
2355 664 6
236 482 6
236 642 6
2367 1009 6
2368 1706 6
2368 2247 6
2368 446 6
2368 463 6
2369 1168 6
2369 3059 6
2369 3943 6
2369 3960 6
237 1027 6
237 1117 6
237 1623 6
237 1712 6
237 2392 6
237 2624 6
237 3098 6
237 3271 6
237 536 6
237 900 6
2370 2867 6
2370 2872 6
2370 742 6
2371 2372 6
2371 542 6
2372 2234 6
2372 2463 6
2372 3062 6
2372 665 6
2373 1180 6
2373 1489 6
2374 1228 6
2374 691 6
2376 1971 6
2379 2023 6
2379 2247 6
2379 3326 6
238 1871 6
238 2797 6
238 3962 6
238 3972 6
238 3987 6
238 4045 6
238 4046 6
238 4056 6
238 4151 6
238 839 6
2380 1271 6
2380 1719 6
2380 1998 6
2380 2281 6
2380 2320 6
2380 435 6
2380 436 6
2380 755 6
2383 259 6
2383 4010 6
2383 817 6
2383 9 6
2388 4019 6
239 1131 6
239 1608 6
239 272 6
239 362 6
239 460 6
239 461 6
239 510 6
239 573 6
239 65 6
239 731 6
239 789 6
2391 1636 6
2392 1213 6
2392 1213 6
2392 1960 6
2392 2296 6
2392 3451 6
2392 3504 6
2392 485 6
2392 748 6
2392 833 6
2395 4020 6
2397 1408 6
2397 2309 6
2397 238 6
2397 3568 6
2400 201 6
2402 2102 6
2405 2109 6
2405 2138 6
2407 1933 6
2409 1186 6
2409 807 6
2413 127 6
2413 2383 6
2413 4012 6
2413 510 6
2415 2145 6
242 1025 6
242 1118 6
242 1871 6
242 238 6
242 255 6
242 3018 6
242 673 6
2423 2096 6
2426 634 6
2428 436 6
2430 3262 6
2430 4258 6
2437 691 6
2439 3348 6
2439 369 6
2445 3295 6
2445 3503 6
2447 1221 6
2447 1836 6
2447 2075 6
2447 2884 6
2447 2897 6
2447 4139 6
2447 648 6
2447 649 6
2447 787 6
2448 2069 6
2448 2259 6
2452 1178 6
2452 1422 6
2452 997 6
246 2252 6
246 235 6
246 239 6
246 4210 6
246 461 6
246 789 6
246 789 6
2461 4227 6
2461 4237 6
2462 1333 6
2463 1387 6
2463 2773 6
2463 2773 6
2463 347 6
2466 1081 6
2466 1415 6
2466 2369 6
2466 3960 6
2467 1430 6
2467 2468 6
2467 2593 6
2467 3345 6
2467 4089 6
2467 4090 6
2468 219 6
2468 507 6
247 2791 6
247 3157 6
247 320 6
2471 1340 6
2471 2472 6
2472 2876 6
2472 2915 6
2476 2478 6
2476 2537 6
2476 2600 6
2476 2731 6
2476 2980 6
2476 4177 6
2478 4192 6
2479 403 6
248 1250 6
248 1489 6
248 189 6
248 250 6
248 61 6
248 744 6
248 987 6
2487 4219 6
2488 162 6
2488 451 6
2492 1544 6
2492 4208 6
2492 4209 6
2492 671 6
2496 955 6
25 115 6
25 184 6
25 2990 6
25 4018 6
250 189 6
250 248 6
250 61 6
250 826 6
2504 3676 6
2504 4131 6
251 1117 6
251 14 6
251 188 6
251 3312 6
251 387 6
251 42 6
251 467 6
251 580 6
251 595 6
251 605 6
251 623 6
251 635 6
251 913 6
2513 1651 6
2513 3747 6
2518 242 6
252 1623 6
252 2177 6
252 2200 6
252 285 6
2520 2488 6
2520 2965 6
2527 131 6
2527 902 6
2532 2714 6
2532 2904 6
2532 510 6
2534 615 6
2536 1313 6
2536 1461 6
2536 3877 6
2536 3896 6
2540 1589 6
2540 1937 6
2540 2956 6
2546 1636 6
2546 2426 6
255 1533 6
255 160 6
255 1645 6
255 2518 6
2551 113 6
2551 1131 6
2553 1933 6
2553 239 6
2553 2987 6
2555 1066 6
2555 1169 6
2555 1885 6
2555 1903 6
2555 1931 6
2555 223 6
2555 3018 6
2555 3066 6
2555 685 6
2559 3122 6
256 219 6
256 257 6
256 3653 6
256 605 6
2568 1241 6
2568 1787 6
2568 4062 6
2568 925 6
257 2718 6
257 387 6
257 477 6
2574 1027 6
2574 1201 6
2574 1201 6
2574 1677 6
2574 1927 6
2574 207 6
2574 211 6
2574 2407 6
2574 278 6
2574 2796 6
2574 2916 6
2574 387 6
2574 455 6
2574 731 6
2574 880 6
2574 9 6
2574 92 6
2574 983 6
2574 983 6
2576 18 6
2576 2241 6
2576 2570 6
2576 2922 6
2579 806 6
258 4016 6
258 831 6
258 857 6
2586 4220 6
2587 1920 6
2587 929 6
259 1548 6
259 165 6
259 3237 6
259 3481 6
259 456 6
259 53 6
259 605 6
259 817 6
259 9 6
259 92 6
2593 2930 6
260 1054 6
260 2006 6
260 2843 6
260 42 6
260 497 6
260 827 6
2600 2332 6
2600 2927 6
2600 451 6
261 2129 6
261 2723 6
261 2836 6
261 56 6
2612 370 6
2612 3938 6
2613 304 6
2613 4233 6
2624 476 6
2626 1339 6
2626 1530 6
2626 2496 6
2626 579 6
2628 4089 6
2631 468 6
2631 692 6
2637 865 6
264 1600 6
264 3242 6
2643 1173 6
2643 640 6
2643 772 6
2647 157 6
2647 300 6
2647 301 6
265 3830 6
2652 3959 6
2653 1549 6
2653 3222 6
2653 4108 6
2655 1087 6
2655 1201 6
2655 224 6
2661 3024 6
2661 3362 6
2661 4157 6
2667 621 6
2675 1987 6
2675 2307 6
2675 3782 6
2677 1212 6
2677 2934 6
2677 416 6
2681 187 6
2681 1963 6
2681 234 6
2681 25 6
2681 387 6
2681 449 6
2681 66 6
2682 2168 6
2685 1735 6
2685 2675 6
2685 3782 6
2685 3935 6
2697 2498 6
2697 283 6
2697 671 6
2699 2064 6
2699 4007 6
2699 4036 6
270 2343 6
270 355 6
270 3603 6
270 4046 6
2711 1213 6
2711 2296 6
2711 3751 6
2713 3083 6
2713 728 6
2714 14 6
2714 2255 6
2714 2413 6
2714 414 6
2714 510 6
2714 656 6
2714 830 6
2716 116 6
2716 3747 6
2716 772 6
2716 824 6
2718 1057 6
2718 1711 6
2718 239 6
2718 357 6
2718 455 6
2718 465 6
2718 494 6
2718 798 6
2718 865 6
2718 98 6
2719 3126 6
2719 3633 6
272 112 6
272 1197 6
272 246 6
272 278 6
272 3272 6
272 330 6
272 4081 6
272 42 6
272 460 6
272 460 6
272 461 6
272 462 6
272 467 6
272 519 6
272 687 6
272 879 6
2721 1194 6
2721 2050 6
2722 1226 6
2722 2713 6
2722 2726 6
2722 728 6
2723 3574 6
2726 193 6
2729 1675 6
2729 2138 6
2729 2888 6
2730 162 6
2730 3666 6
2730 754 6
2731 2509 6
2731 2927 6
2733 3270 6
2733 3271 6
2733 3962 6
2738 1713 6
2738 1984 6
2738 2463 6
2738 2746 6
2739 1035 6
2739 383 6
2739 3867 6
2739 685 6
2739 747 6
2744 3873 6
2744 643 6
2746 1214 6
2746 1234 6
2746 1519 6
2746 2005 6
2746 689 6
275 13 6
275 13 6
275 1557 6
275 1939 6
275 280 6
275 280 6
275 280 6
275 371 6
275 371 6
275 439 6
275 439 6
275 913 6
2750 4214 6
2759 247 6
2759 2747 6
2765 108 6
2765 1457 6
2765 1601 6
2765 3638 6
2765 602 6
2772 3503 6
2773 108 6
2773 347 6
2773 825 6
278 112 6
278 1187 6
278 138 6
278 2233 6
278 234 6
278 2574 6
278 4018 6
278 461 6
278 467 6
278 573 6
278 62 6
278 687 6
2782 1981 6
2782 3244 6
2782 3342 6
2783 464 6
2791 189 6
2791 313 6
2791 3182 6
2791 366 6
2791 3921 6
2791 3966 6
2796 193 6
2796 2255 6
2796 2574 6
2796 272 6
2796 98 6
2797 2812 6
2797 593 6
280 13 6
280 13 6
280 275 6
280 275 6
280 371 6
280 439 6
280 456 6
280 635 6
280 801 6
280 913 6
280 98 6
2800 3533 6
2800 4003 6
2804 2555 6
2805 3084 6
2805 3518 6
2805 3588 6
281 2888 6
2810 2376 6
2810 304 6
2811 129 6
2811 2722 6
2811 2726 6
2811 510 6
2811 728 6
2812 238 6
2812 270 6
2812 3972 6
2812 4068 6
2812 593 6
2813 1088 6
2813 158 6
2813 2887 6
2817 2075 6
2819 109 6
2819 1722 6
2819 2166 6
2819 339 6
2819 3623 6
2819 3940 6
2823 4250 6
2823 4251 6
2823 654 6
2827 3463 6
2828 112 6
2828 2722 6
283 1512 6
283 2277 6
2833 1988 6
2833 2307 6
2833 2504 6
2833 4074 6
2833 4075 6
2835 4147 6
2836 1197 6
2836 2067 6
2836 3155 6
2836 3574 6
2836 423 6
2836 579 6
2836 92 6
2837 3579 6
2837 3600 6
2837 444 6
2842 1843 6
2842 3633 6
2843 1054 6
2843 2348 6
2843 2437 6
2843 690 6
285 1210 6
285 2177 6
285 3515 6
285 387 6
285 482 6
285 859 6
2851 3260 6
2862 1104 6
287 1044 6
287 1052 6
287 1183 6
287 169 6
2872 1548 6
2872 1711 6
2872 2875 6
2872 4103 6
2872 514 6
2872 742 6
2874 2293 6
2875 3680 6
2876 1621 6
2876 2111 6
2876 2570 6
2878 1018 6
2878 2136 6
2882 1104 6
2882 1592 6
2884 1836 6
2884 2447 6
2884 648 6
2886 3262 6
2886 374 6
2887 1026 6
2887 1088 6
2887 3227 6
2888 127 6
2888 211 6
2888 238 6
2888 4087 6
2888 456 6
2888 465 6
2888 586 6
2888 637 6
2888 833 6
2890 1197 6
2890 3362 6
2890 3608 6
2890 4105 6
2890 950 6
2894 3303 6
2897 1973 6
2897 4260 6
2901 2207 6
2901 3062 6
2903 2242 6
2903 2995 6
2904 2278 6
2904 2309 6
2904 3520 6
2909 2242 6
2909 2278 6
2909 4093 6
2915 1798 6
2916 1201 6
2916 3835 6
2922 1268 6
2922 2292 6
2922 2476 6
2922 2488 6
2922 2965 6
2927 1268 6
2927 2468 6
2927 4089 6
2927 4090 6
2927 902 6
2930 1032 6
2930 1275 6
2930 1343 6
2934 2266 6
2940 4192 6
2955 1386 6
2956 1314 6
2956 1340 6
2956 1829 6
2957 2049 6
2957 2964 6
2964 1361 6
2964 1431 6
2964 2544 6
2966 615 6
2969 1340 6
2969 2534 6
2969 3656 6
2969 867 6
2971 1668 6
2973 1208 6
2973 4207 6
2974 3330 6
2974 914 6
2977 1715 6
2977 2966 6
2977 3340 6
2977 840 6
2984 1939 6
2984 201 6
2984 2067 6
2984 257 6
2987 1931 6
2987 1933 6
2987 239 6
2987 2407 6
2987 362 6
2988 1925 6
2988 3608 6
2988 447 6
299 3215 6
299 462 6
2990 400 6
2990 4159 6
2990 497 6
2995 104 6
2995 2170 6
2995 2242 6
2995 4054 6
2995 519 6
2995 563 6
2995 566 6
2996 1777 6
3 1035 6
3 1241 6
3 448 6
3 453 6
3 516 6
3 9 6
30 1677 6
30 2090 6
30 2823 6
30 3154 6
30 330 6
30 3989 6
30 421 6
30 643 6
30 653 6
30 654 6
30 663 6
300 1166 6
300 165 6
300 185 6
300 720 6
3002 2471 6
3003 2070 6
3004 1081 6
3004 1408 6
3004 1578 6
3004 1608 6
3004 242 6
3005 1393 6
3005 2150 6
3006 2073 6
3006 2119 6
301 157 6
301 1831 6
301 185 6
301 1976 6
301 2075 6
301 300 6
301 4139 6
301 4262 6
3016 1118 6
3016 1903 6
3016 4064 6
3016 4194 6
3018 1026 6
3018 128 6
3018 1533 6
3018 1885 6
3018 1885 6
3018 1975 6
3018 2012 6
3018 2804 6
3018 3066 6
3018 719 6
302 1993 6
302 2075 6
302 2447 6
302 649 6
3023 1235 6
3023 1868 6
3023 1988 6
3023 3029 6
3023 3462 6
3024 3383 6
3026 1722 6
3026 3949 6
3026 499 6
3029 1183 6
3029 3106 6
3029 654 6
3037 3213 6
304 1954 6
304 2376 6
304 3917 6
304 4050 6
304 4105 6
304 60 6
3048 1476 6
3048 1489 6
3048 161 6
3056 1383 6
3057 25 6
3057 2681 6
3058 930 6
3059 3943 6
3062 1007 6
3062 1252 6
3062 1491 6
3062 1701 6
3062 1949 6
3062 2234 6
3062 2316 6
3062 2871 6
3062 2903 6
3062 2995 6
3062 3309 6
3062 451 6
3066 1118 6
3066 158 6
3066 1975 6
3066 2804 6
3066 672 6
3066 685 6
3073 1117 6
3083 122 6
3083 2796 6
3083 412 6
3083 462 6
3083 466 6
3083 56 6
3083 560 6
3083 562 6
3083 684 6
3084 491 6
3085 2722 6
3085 4006 6
3085 4012 6
3085 817 6
3090 3361 6
3090 453 6
3090 60 6
3090 783 6
3091 109 6
3091 2679 6
3091 2819 6
3091 927 6
3095 2221 6
3097 2064 6
3097 3971 6
3098 635 6
310 3295 6
310 3372 6
310 339 6
310 3490 6
310 3503 6
310 3634 6
310 3944 6
310 3945 6
310 4176 6
310 925 6
3102 165 6
3102 605 6
3104 259 6
3104 4106 6
3104 664 6
3104 950 6
3106 1183 6
3106 1183 6
3106 1677 6
3106 2307 6
3106 2782 6
3106 3244 6
3106 54 6
3106 54 6
3106 778 6
3108 1362 6
3108 1900 6
3108 3018 6
3108 685 6
3109 462 6
3114 4156 6
312 1960 6
312 2738 6
3124 3785 6
3124 4028 6
3124 412 6
3124 656 6
3125 4071 6
3126 112 6
3126 1235 6
3126 2177 6
3126 2192 6
313 3161 6
313 3182 6
313 3204 6
313 825 6
3135 502 6
3138 1025 6
3145 1733 6
3146 2653 6
3146 4103 6
3146 4108 6
3151 1055 6
3152 3182 6
3152 320 6
3154 2823 6
3154 674 6
3155 261 6
3155 2723 6
3157 2791 6
3157 3152 6
3160 2738 6
3160 42 6
3161 2791 6
3161 825 6
3163 582 6
317 129 6
3176 3490 6
3176 3540 6
3176 3567 6
3176 4254 6
3176 826 6
3180 1327 6
3182 3161 6
3182 3547 6
3182 825 6
3189 728 6
3194 3943 6
3195 1184 6
3195 2105 6
3195 2120 6
3195 2722 6
3195 2851 6
3195 2984 6
3195 471 6
3195 816 6
32 2667 6
32 3679 6
32 3924 6
32 4214 6
32 496 6
32 834 6
32 898 6
320 2759 6
320 3946 6
3200 1787 6
3200 2568 6
3201 1035 6
3201 1536 6
3201 2765 6
3201 3058 6
3201 3406 6
3201 3458 6
3201 4190 6
3201 448 6
3201 91 6
3204 109 6
3204 1828 6
3204 2122 6
3204 2368 6
3204 3026 6
3204 339 6
3204 340 6
3204 3561 6
3204 3949 6
3204 933 6
3204 933 6
3215 337 6
3215 375 6
3215 421 6
3215 447 6
3215 455 6
3215 467 6
3215 833 6
3215 833 6
322 952 6
3220 112 6
3221 1623 6
3222 1104 6
3222 1684 6
3222 1747 6
3222 2872 6
3222 64 6
3225 1963 6
3225 3515 6
3227 1244 6
3227 128 6
3227 1323 6
3227 1722 6
3227 2012 6
3227 3018 6
3227 61 6
3230 1234 6
3230 494 6
3230 913 6
3232 2032 6
3232 2397 6
3232 3962 6
3232 3963 6
3233 2110 6
3233 357 6
3234 1722 6
3234 1935 6
3234 310 6
3234 4059 6
3235 886 6
3237 1080 6
3237 2110 6
3237 3684 6
3237 968 6
3240 1088 6
3240 1093 6
3240 1168 6
3240 1242 6
3240 3004 6
3240 3960 6
3240 516 6
3242 3684 6
3244 1183 6
3244 2675 6
3244 2782 6
3244 3106 6
3244 3342 6
3244 4126 6
3244 4136 6
3244 4162 6
3245 2653 6
3246 1033 6
3247 1033 6
3247 3246 6
3253 1549 6
3253 1666 6
3253 3680 6
3256 3976 6
3256 577 6
3260 2213 6
3260 3261 6
3260 992 6
3261 1843 6
3261 643 6
3262 4173 6
3266 1987 6
3266 1988 6
3266 3244 6
3266 3695 6
3267 2090 6
3267 4146 6
3269 1701 6
3269 2909 6
327 1021 6
327 1523 6
327 2330 6
327 3262 6
327 4173 6
327 599 6
327 648 6
3270 2731 6
3270 4121 6
3271 1157 6
3271 42 6
3272 1408 6
3272 3256 6
3272 330 6
3274 3509 6
3276 2296 6
3276 648 6
3276 797 6
3278 1623 6
328 3494 6
328 4104 6
328 4104 6
328 4256 6
3283 2340 6
3283 3687 6
3285 1265 6
3295 2445 6
3295 310 6
3295 3490 6
3295 3503 6
3295 649 6
3295 708 6
3295 981 6
3299 1186 6
3299 95 6
33 2003 6
33 201 6
33 2138 6
330 1408 6
330 1557 6
330 1597 6
330 30 6
330 3593 6
330 605 6
330 610 6
330 798 6
3302 4019 6
3303 400 6
3309 1166 6
3309 1438 6
3309 1585 6
3309 2316 6
3309 3801 6
3311 3943 6
3311 4155 6
3312 1548 6
3312 188 6
3312 3124 6
3312 3573 6
3312 684 6
3312 817 6
3312 831 6
3313 4153 6
3317 270 6
3317 4017 6
3322 4096 6
3323 4018 6
3324 3913 6
3326 3073 6
3326 3124 6
3326 3124 6
3326 3312 6
3326 3527 6
3326 3530 6
3326 387 6
3326 4004 6
3326 412 6
3326 539 6
3326 586 6
3326 595 6
3326 635 6
3326 661 6
333 449 6
333 659 6
333 710 6
3330 1711 6
3330 3233 6
3330 4095 6
3330 741 6
3335 3326 6
3338 1098 6
3338 1186 6
3338 1620 6
3338 202 6
3338 2227 6
3338 3460 6
3339 1243 6
3339 2502 6
3339 2731 6
334 1178 6
334 1181 6
334 387 6
334 4022 6
334 42 6
334 447 6
334 481 6
334 545 6
334 647 6
3340 1355 6
3340 2534 6
3340 2966 6
3342 2281 6
3342 2307 6
3342 3106 6
3342 3695 6
3342 4129 6
3345 1191 6
3347 3098 6
3347 720 6
3348 2388 6
3348 2819 6
3348 369 6
3348 3940 6
3348 855 6
335 1975 6
335 3215 6
335 79 6
335 833 6
3352 3967 6
3358 3106 6
3359 2613 6
336 1931 6
336 3004 6
336 4059 6
336 4063 6
3361 1290 6
3365 1637 6
3365 2890 6
3365 458 6
3367 1559 6
3367 3421 6
3369 2170 6
3369 860 6
337 1975 6
337 335 6
337 3962 6
337 4130 6
337 749 6
337 79 6
337 791 6
3372 339 6
3372 3651 6
3372 3934 6
338 337 6
338 749 6
338 79 6
3380 128 6
3380 3326 6
3384 1711 6
3384 404 6
339 1239 6
339 1722 6
339 2166 6
339 2819 6
339 3934 6
339 3949 6
339 499 6
339 602 6
339 991 6
3391 3122 6
3393 3903 6
3395 2668 6
3396 1090 6
3396 1511 6
3396 1541 6
3396 4231 6
340 108 6
3403 3150 6
3406 1307 6
3406 1613 6
3406 3458 6
3406 91 6
3408 1641 6
3408 2391 6
3408 4207 6
3416 1924 6
3421 404 6
3422 224 6
3423 4091 6
3425 1488 6
3431 1281 6
3431 1461 6
3431 1562 6
3431 1636 6
3431 1818 6
3431 3184 6
3438 1196 6
3438 3150 6
344 2890 6
3441 1146 6
3441 1339 6
3441 1479 6
3441 1602 6
3441 1619 6
3441 1842 6
3443 2472 6
3443 3108 6
3443 615 6
3448 178 6
3448 3450 6
3450 1421 6
3450 3469 6
3451 1035 6
3451 2739 6
3451 383 6
3458 1035 6
3458 448 6
3460 1098 6
3460 1180 6
3460 1711 6
3460 1981 6
3460 2244 6
3460 989 6
3465 1013 6
3465 1095 6
3465 1137 6
3465 1192 6
3465 1200 6
3465 224 6
3465 3422 6
3465 418 6
3465 734 6
3465 983 6
3469 1421 6
347 2463 6
3476 4126 6
3476 653 6
3479 4172 6
3479 672 6
3481 128 6
3481 456 6
3486 4003 6
3486 4182 6
3488 3495 6
3488 3498 6
3488 4099 6
3488 4104 6
3488 4256 6
3490 310 6
3490 3234 6
3490 3295 6
3490 3567 6
3490 3944 6
3490 3945 6
3490 4253 6
3490 4254 6
3490 826 6
3494 3488 6
3495 3488 6
3495 3488 6
3495 3494 6
3495 3498 6
3495 4098 6
3495 4104 6
3495 4104 6
3495 4256 6
3498 3488 6
3498 3495 6
3498 4104 6
3498 4256 6
3503 2445 6
3503 310 6
3503 3295 6
3503 3659 6
3504 312 6
3505 1025 6
3505 352 6
3509 4143 6
3515 17 6
3518 1169 6
3518 1931 6
3518 2555 6
3518 3979 6
3518 684 6
3518 74 6
352 465 6
352 467 6
352 538 6
352 656 6
3520 1273 6
3520 2488 6
3520 2628 6
3520 4242 6
3524 1711 6
3524 1927 6
3524 3124 6
3524 3312 6
3524 3326 6
3525 2344 6
3527 3533 6
3527 4004 6
3529 3326 6
3529 3527 6
3529 4254 6
3529 826 6
3530 238 6
3530 3537 6
3530 3987 6
3530 4045 6
3530 4056 6
3532 4008 6
3532 410 6
3532 423 6
3533 3530 6
3533 3975 6
3533 4013 6
3533 577 6
3534 3326 6
3534 3527 6
3534 3529 6
3534 3533 6
3534 3537 6
3534 3993 6
3537 3326 6
3537 3527 6
3541 824 6
3545 2747 6
3547 189 6
3547 1925 6
3547 2242 6
3547 2277 6
3547 3921 6
3547 825 6
3548 108 6
355 238 6
355 2812 6
355 3972 6
355 513 6
355 593 6
3555 3317 6
3561 1415 6
3561 463 6
3562 2731 6
3562 4122 6
3562 515 6
3562 579 6
3567 3529 6
3567 4257 6
3568 1408 6
3568 238 6
357 3135 6
357 3137 6
357 3242 6
357 3330 6
357 3684 6
3571 3964 6
3573 3586 6
3573 3978 6
3574 261 6
3575 1175 6
3575 1180 6
3575 1234 6
3575 1985 6
3575 2005 6
3575 2746 6
3579 830 6
3579 85 6
358 578 6
3580 2140 6
3580 838 6
3592 3540 6
3592 3849 6
3592 3862 6
3592 4049 6
3593 1275 6
3593 1701 6
3593 1926 6
3593 3108 6
3595 2995 6
3595 3195 6
3598 327 6
3598 3361 6
36 635 6
36 902 6
360 933 6
3600 2129 6
3600 56 6
3601 1559 6
3602 1983 6
3602 42 6
3602 661 6
3603 3991 6
3603 719 6
3604 1294 6
3604 1438 6
3604 1666 6
3605 2812 6
3607 3936 6
3607 3937 6
3607 610 6
3607 66 6
3608 2244 6
3608 460 6
3608 465 6
362 2023 6
362 2252 6
362 246 6
362 2553 6
362 3995 6
3623 2155 6
3623 2568 6
3623 3200 6
3623 339 6
3623 3933 6
3623 815 6
3633 3654 6
3633 762 6
3633 790 6
3634 1538 6
3634 815 6
3634 87 6
3638 1601 6
3638 3623 6
3643 2077 6
3644 3458 6
3644 3645 6
3645 1 6
3645 1431 6
3645 1965 6
3645 2540 6
3645 2948 6
3645 3201 6
3645 3240 6
3645 3458 6
3645 447 6
3645 453 6
3645 87 6
3645 9 6
3646 652 6
3646 655 6
3647 2090 6
3647 3646 6
3647 657 6
3647 759 6
3650 3213 6
3651 310 6
3651 3934 6
3653 2067 6
3653 2089 6
3653 2401 6
3654 3633 6
3654 954 6
3656 3927 6
3658 1799 6
3658 200 6
3659 882 6
366 1930 6
366 313 6
366 3182 6
366 670 6
366 987 6
3665 128 6
3666 162 6
3669 256 6
3673 1284 6
3676 1724 6
3676 848 6
3680 1104 6
3680 514 6
3684 165 6
3684 1711 6
3684 3233 6
3684 4091 6
3687 2277 6
3689 2344 6
3689 2874 6
369 547 6
369 74 6
3695 2307 6
3695 2782 6
3695 3244 6
3695 4074 6
3695 662 6
3695 664 6
3696 1177 6
3696 3584 6
370 47 6
3700 3525 6
3702 4085 6
3702 706 6
371 13 6
371 14 6
371 211 6
371 2247 6
371 251 6
371 275 6
371 280 6
371 421 6
371 439 6
371 456 6
371 545 6
371 580 6
371 653 6
371 801 6
371 862 6
371 880 6
3710 2020 6
3710 3530 6
3714 3952 6
372 412 6
372 580 6
372 623 6
3722 1601 6
3722 2006 6
3722 2437 6
3722 2765 6
3722 4176 6
3722 485 6
3724 2576 6
3738 2053 6
3739 2891 6
3739 740 6
3739 752 6
3740 1201 6
3743 502 6
3747 2940 6
3749 1797 6
375 1820 6
375 337 6
375 79 6
3751 1990 6
3751 2739 6
3751 3867 6
3751 792 6
3754 211 6
3754 3137 6
3754 4244 6
3756 1383 6
3756 1960 6
376 2891 6
376 4199 6
3762 1183 6
3762 4127 6
3762 4144 6
3762 692 6
3775 2051 6
3775 383 6
3778 2189 6
3782 4124 6
3782 4125 6
3791 2170 6
3791 4096 6
3801 1301 6
3801 1438 6
3801 1491 6
3803 3326 6
3803 39 6
3803 84 6
3823 1393 6
3826 2407 6
3826 2836 6
3826 471 6
3826 838 6
383 1029 6
383 1220 6
383 1237 6
383 2309 6
383 237 6
383 3431 6
383 3451 6
383 393 6
383 446 6
383 446 6
383 563 6
383 691 6
3830 1706 6
3830 1820 6
3830 622 6
3833 2376 6
3835 2067 6
3835 2574 6
3835 543 6
3838 2105 6
384 1416 6
384 1768 6
384 1925 6
384 560 6
3841 3984 6
3841 4014 6
3848 2221 6
3848 3312 6
3848 3580 6
3849 4057 6
3849 4076 6
385 1624 6
385 300 6
385 4018 6
385 4147 6
385 421 6
385 64 6
385 833 6
3858 2973 6
3861 931 6
3862 4076 6
3863 2812 6
3863 4069 6
3863 4070 6
3865 3540 6
3865 4078 6
3865 4080 6
3867 1090 6
3867 2179 6
3867 2392 6
3867 3451 6
3867 3869 6
3867 3871 6
3867 3882 6
3867 690 6
3868 1014 6
3868 3867 6
3869 2179 6
3869 3868 6
3869 690 6
387 1027 6
387 1108 6
387 1167 6
387 122 6
387 17 6
387 17 6
387 187 6
387 202 6
387 259 6
387 2888 6
387 3295 6
387 383 6
387 455 6
387 519 6
387 74 6
387 861 6
387 913 6
387 938 6
3871 164 6
3871 2005 6
3871 3868 6
3871 392 6
3871 739 6
3873 1108 6
3873 1235 6
3873 13 6
3873 211 6
3873 275 6
3873 519 6
3873 573 6
3873 580 6
3873 882 6
3873 913 6
3877 3408 6
3877 4221 6
3877 868 6
388 1933 6
3882 2179 6
3882 3869 6
3882 690 6
3886 1748 6
3890 4221 6
3891 3396 6
3896 3433 6
39 2 6
3902 1087 6
3902 639 6
3906 2372 6
3906 2463 6
3906 4238 6
3913 1109 6
3914 4196 6
3917 2376 6
3917 4050 6
3918 1949 6
3918 2255 6
3918 2309 6
3918 2903 6
3918 2995 6
3918 3547 6
3919 358 6
3919 488 6
392 1076 6
392 164 6
392 1883 6
392 2006 6
392 334 6
3921 2463 6
3921 3182 6
3921 366 6
3922 1090 6
3922 1924 6
3922 3504 6
3924 664 6
3926 223 6
3926 2555 6
3926 3518 6
3927 867 6
393 2739 6
393 334 6
393 3451 6
393 447 6
393 685 6
393 747 6
393 89 6
3933 2819 6
3933 3940 6
3933 855 6
3934 1079 6
3934 2133 6
3934 310 6
3934 3941 6
3934 3942 6
3935 1735 6
3935 2675 6
3935 3782 6
3936 2203 6
3936 482 6
3936 642 6
3937 3278 6
3937 3936 6
3938 227 6
3938 3939 6
3939 227 6
3939 2612 6
3940 3562 6
3940 507 6
3940 515 6
3941 1079 6
3941 3714 6
3941 3942 6
3941 3952 6
3941 3954 6
3942 1079 6
3942 3714 6
3942 3952 6
3942 3954 6
3943 1168 6
3943 2466 6
3943 3240 6
3944 1722 6
3944 1935 6
3944 3234 6
3945 3234 6
3945 3944 6
3946 3157 6
3947 2056 6
3947 3951 6
3947 499 6
3949 1722 6
3949 1965 6
3949 3950 6
3949 499 6
3950 109 6
3950 1828 6
3950 3204 6
3951 1897 6
3951 2310 6
3951 3479 6
3951 499 6
3952 3934 6
3952 3953 6
3952 3954 6
3953 2133 6
3953 3714 6
3953 3934 6
3954 3714 6
3954 3934 6
3954 3953 6
3955 3956 6
3955 3957 6
3955 3958 6
3956 3958 6
3956 3961 6
3958 3957 6
3959 1529 6
3959 2110 6
396 1056 6
396 239 6
396 3230 6
396 3861 6
3960 1168 6
3960 3059 6
3960 3841 6
3960 3943 6
3960 3998 6
3961 3955 6
3961 3957 6
3961 3958 6
3962 1180 6
3962 1853 6
3962 237 6
3962 3568 6
3963 1408 6
3963 2309 6
3963 2397 6
3964 1214 6
3964 2746 6
3964 3575 6
3965 1209 6
3965 2214 6
3965 2310 6
3965 3947 6
3965 4023 6
3965 4024 6
3965 4027 6
3966 2747 6
3966 3545 6
3968 3897 6
3968 4 6
3969 2110 6
3970 2166 6
3971 2064 6
3971 2699 6
3972 2343 6
3972 270 6
3972 3256 6
3972 3973 6
3972 4046 6
3972 4151 6
3973 2813 6
3973 3163 6
3973 3326 6
3973 3529 6
3973 3534 6
3973 3537 6
3973 866 6
3974 193 6
3974 2103 6
3974 521 6
3975 3976 6
3976 3973 6
3976 4000 6
3977 2 6
3977 865 6
3980 713 6
3981 505 6
3982 643 6
3982 961 6
3983 505 6
3984 1224 6
3984 3960 6
3985 3973 6
3986 2090 6
3986 657 6
3987 3710 6
3987 3988 6
3987 839 6
3988 3972 6
3988 3993 6
3989 2 6
3989 90 6
399 187 6
399 1963 6
399 202 6
399 285 6
3990 156 6
3990 1578 6
3990 2555 6
3990 511 6
3991 352 6
3992 3982 6
3992 3983 6
3992 904 6
3993 3987 6
3994 465 6
3995 2023 6
3995 3996 6
3995 3997 6
3996 362 6
3996 3997 6
3997 362 6
3998 1224 6
3998 3984 6
3999 3604 6
3999 400 6
3999 502 6
4 1245 6
4 992 6
400 1057 6
400 113 6
400 1131 6
400 1180 6
400 1608 6
400 1854 6
400 2392 6
400 2392 6
400 260 6
400 4047 6
400 42 6
400 447 6
400 497 6
400 503 6
400 574 6
400 574 6
400 574 6
400 622 6
4000 2800 6
4001 1542 6
4001 2739 6
4001 2746 6
4001 3451 6
4001 3575 6
4001 685 6
4002 3272 6
4002 3973 6
4003 3534 6
4003 4182 6
4003 423 6
4003 577 6
4004 3530 6
4004 3533 6
4004 3534 6
4004 3973 6
4006 2726 6
4006 491 6
4006 838 6
4006 842 6
4007 3971 6
4008 2321 6
4008 3528 6
4008 3534 6
4009 236 6
4009 642 6
4010 3137 6
4011 3532 6
4011 3975 6
4012 2726 6
4012 3095 6
4012 3573 6
4012 414 6
4012 74 6
4012 831 6
4013 3972 6
4015 3573 6
4016 1568 6
4016 831 6
4017 3555 6
4018 1098 6
4018 1186 6
4018 2067 6
4018 2407 6
4018 3235 6
4018 3460 6
4018 3826 6
4018 4019 6
4019 3460 6
4019 3778 6
4019 3940 6
4019 4122 6
4019 4153 6
4022 2006 6
4022 2392 6
4023 3965 6
4023 4024 6
4023 4025 6
4024 3965 6
4024 4023 6
4024 4025 6
4024 4027 6
4025 4023 6
4025 4024 6
4025 4027 6
4026 2090 6
4026 663 6
4026 674 6
4027 3965 6
4027 4024 6
4027 4025 6
4028 3312 6
4029 4042 6
4029 966 6
403 283 6
4030 1076 6
4030 164 6
4031 1217 6
4031 2006 6
4031 3215 6
4034 2180 6
4034 2835 6
4034 4147 6
4035 1328 6
4035 385 6
4036 4221 6
4037 1623 6
4038 1197 6
4039 973 6
404 1627 6
4041 1584 6
4044 2023 6
4044 2379 6
4044 2988 6
4045 2020 6
4045 3710 6
4045 4046 6
4045 839 6
4046 2020 6
4046 238 6
4046 2812 6
4046 3530 6
4046 355 6
4046 4151 6
4046 593 6
4047 104 6
4048 4049 6
4049 3176 6
4049 3540 6
4049 4058 6
4049 4065 6
4051 3862 6
4051 3865 6
4051 4052 6
4051 4053 6
4053 3176 6
4053 3849 6
4054 1684 6
4054 2143 6
4054 2172 6
4055 1595 6
4055 178 6
4056 4045 6
4056 839 6
4057 4058 6
4057 4253 6
4057 4254 6
4058 3862 6
4058 4077 6
4058 4080 6
4059 1903 6
4059 3016 6
4060 726 6
4060 910 6
4061 3623 6
4062 2155 6
4062 3200 6
4062 3623 6
4063 1903 6
4063 1919 6
4063 3016 6
4063 4064 6
4063 685 6
4064 3234 6
4064 336 6
4065 4051 6
4066 3469 6
4066 4055 6
4066 4067 6
4067 1421 6
4067 3448 6
4068 3863 6
4068 4069 6
4069 2812 6
4069 3605 6
4069 4070 6
4070 2812 6
4072 3605 6
4072 3863 6
4072 4068 6
4072 4069 6
4073 2209 6
4074 1869 6
4074 2307 6
4074 3244 6
4074 3266 6
4074 4075 6
4074 662 6
4074 848 6
4075 1987 6
4075 2307 6
4076 3865 6
4076 4049 6
4077 3176 6
4077 4052 6
4077 4078 6
4078 4052 6
408 122 6
408 2479 6
4080 3176 6
4080 4051 6
4080 4077 6
4080 4078 6
4081 1711 6
4081 2408 6
4081 2990 6
4081 2999 6
4082 2730 6
4082 3666 6
4082 754 6
4083 4051 6
4084 4085 6
4084 4086 6
4085 2243 6
4085 467 6
4087 1608 6
4087 32 6
4087 885 6
4087 950 6
4088 1018 6
4089 1191 6
4089 1191 6
4089 2922 6
4089 3345 6
4089 736 6
4089 902 6
409 1112 6
409 1386 6
409 1480 6
409 278 6
4090 3345 6
4091 1327 6
4091 1684 6
4091 3233 6
4092 2862 6
4093 2136 6
4094 32 6
4094 496 6
4094 803 6
4094 834 6
4094 898 6
4095 1548 6
4095 3062 6
4095 3233 6
4095 357 6
4096 144 6
4097 3468 6
4098 3494 6
4099 328 6
4099 3495 6
410 3528 6
410 3710 6
4100 2504 6
4100 2833 6
4101 2247 6
4101 4084 6
4101 706 6
4102 1712 6
4102 2867 6
4102 4092 6
4103 2653 6
4104 328 6
4104 3488 6
4104 3494 6
4104 3495 6
4104 3498 6
4104 4099 6
4104 4256 6
4105 1562 6
4105 1954 6
4105 304 6
4105 3365 6
4105 4107 6
4107 1954 6
4107 4105 6
4108 1549 6
4108 4103 6
4109 1424 6
4111 1869 6
4112 1188 6
4112 2355 6
4112 3244 6
4112 3476 6
4114 2679 6
4114 927 6
4115 4116 6
4115 651 6
4115 654 6
4117 2203 6
4117 4111 6
4117 4118 6
4118 1987 6
4118 2744 6
4118 30 6
4118 4124 6
4119 848 6
412 1108 6
412 188 6
412 193 6
412 251 6
412 3312 6
412 3312 6
412 3326 6
412 3524 6
412 371 6
412 508 6
412 610 6
412 801 6
4120 1086 6
4120 113 6
4122 4120 6
4122 4130 6
4122 66 6
4123 3267 6
4123 3782 6
4124 3342 6
4125 3476 6
4126 1857 6
4126 2355 6
4126 3342 6
4127 3267 6
4127 651 6
4128 2281 6
4128 2504 6
4128 2675 6
4128 3476 6
4129 4140 6
4130 2364 6
4130 2897 6
4130 301 6
4131 1188 6
4131 2355 6
4131 4119 6
4133 126 6
4133 3244 6
4134 1029 6
4134 1179 6
4134 2007 6
4134 3871 6
4135 651 6
4136 1188 6
4136 4137 6
4136 643 6
4136 651 6
4137 1677 6
4138 4126 6
4138 4127 6
4139 1328 6
4139 2167 6
4139 4142 6
414 112 6
414 1529 6
414 2413 6
414 251 6
414 3146 6
414 423 6
4140 2090 6
4140 3023 6
4140 662 6
4141 2643 6
4141 638 6
4142 1675 6
4143 448 6
4143 579 6
4144 1366 6
4144 1857 6
4144 2090 6
4145 4131 6
4146 1188 6
4146 1869 6
4146 4137 6
4147 1624 6
4149 1451 6
4149 3244 6
4149 4131 6
415 4245 6
415 4246 6
415 4261 6
4150 2355 6
4150 3476 6
4151 2343 6
4151 2812 6
4151 593 6
4155 3194 6
4155 383 6
4157 1975 6
4158 3200 6
4159 462 6
416 112 6
416 113 6
416 2828 6
416 3595 6
416 421 6
416 656 6
4160 1257 6
4160 2103 6
4160 2227 6
4161 1166 6
4161 384 6
4161 4158 6
4161 451 6
4162 3695 6
4162 4074 6
4163 1818 6
4164 112 6
4164 3943 6
4167 1794 6
4167 3230 6
4167 3323 6
4167 805 6
4168 1971 6
4170 673 6
4171 2408 6
4171 4081 6
4171 462 6
4172 1333 6
4172 1880 6
4172 1918 6
4173 599 6
4173 797 6
4174 4063 6
4175 2466 6
4176 1031 6
4176 1802 6
4176 3458 6
4176 808 6
4176 87 6
4178 2437 6
4178 2711 6
4179 1031 6
4179 108 6
4179 1538 6
4179 1829 6
418 19 6
418 2071 6
4180 109 6
4180 1483 6
4180 1563 6
4181 1347 6
4181 1713 6
4181 340 6
4182 1348 6
4182 4183 6
4182 423 6
4183 3486 6
4183 4003 6
4183 423 6
4186 1362 6
4186 2466 6
4186 3108 6
4186 4175 6
4187 808 6
4187 818 6
4188 1891 6
4188 242 6
4189 1026 6
4189 3016 6
4190 1352 6
4190 3722 6
4191 1568 6
4192 2513 6
4192 2576 6
4193 1719 6
4195 360 6
4195 747 6
4197 316 6
4198 2513 6
4199 1221 6
4199 1831 6
42 1057 6
42 1180 6
42 1482 6
42 2731 6
42 3562 6
42 3604 6
42 421 6
42 447 6
42 573 6
42 731 6
42 748 6
42 748 6
42 827 6
42 98 6
4202 1466 6
4202 200 6
4203 933 6
4204 1348 6
4204 3486 6
4204 4003 6
4204 4182 6
4204 4183 6
4206 3010 6
4206 3653 6
4207 1654 6
4207 2536 6
4207 32 6
4207 603 6
4208 1370 6
4208 4216 6
4209 1806 6
421 1197 6
421 129 6
421 129 6
421 1557 6
421 1701 6
421 1791 6
421 201 6
421 2233 6
421 272 6
421 4011 6
421 462 6
421 467 6
421 53 6
421 543 6
421 605 6
421 683 6
421 801 6
421 849 6
4210 1395 6
4211 1184 6
4211 586 6
4212 1640 6
4212 3393 6
4213 2002 6
4213 3886 6
4213 665 6
4214 1208 6
4214 1313 6
4214 1778 6
4214 4226 6
4215 1606 6
4215 956 6
4217 1960 6
4217 2372 6
4218 4219 6
4220 1656 6
4221 1371 6
4221 868 6
4222 3858 6
4223 1703 6
4223 1704 6
4223 2697 6
4224 1808 6
4225 1161 6
4225 1374 6
4225 1704 6
4225 1808 6
4225 1850 6
4227 1036 6
4228 1161 6
4228 1390 6
4228 2498 6
423 1348 6
423 2836 6
423 3155 6
423 3574 6
423 387 6
423 3973 6
423 4081 6
423 4204 6
423 445 6
423 503 6
423 538 6
423 577 6
423 736 6
423 838 6
4230 2196 6
4231 1090 6
4231 3906 6
4232 1872 6
4232 3425 6
4234 1240 6
4234 1643 6
4234 2461 6
4235 1390 6
4236 1806 6
4239 1567 6
4239 2549 6
4241 1609 6
4243 3023 6
4244 259 6
4245 4246 6
4245 633 6
4246 633 6
4247 2214 6
4247 3965 6
4248 4249 6
4249 4260 6
4249 4267 6
4250 4251 6
4250 4252 6
4251 4252 6
4252 2823 6
4252 4266 6
4253 3529 6
4253 4257 6
4254 3567 6
4254 4253 6
4254 826 6
4255 127 6
4256 328 6
4256 3488 6
4256 3495 6
4256 3498 6
4256 4104 6
4257 3176 6
4257 4254 6
4258 4268 6
4259 2430 6
4259 4260 6
4262 2084 6
4262 4199 6
4262 767 6
4263 946 6
4264 2084 6
4265 1831 6
4265 4262 6
4265 767 6
4266 2823 6
4266 4250 6
4269 4250 6
433 1168 6
433 2334 6
433 2336 6
433 4113 6
435 1271 6
435 1719 6
435 2218 6
435 2415 6
435 418 6
435 886 6
436 1998 6
436 2320 6
436 2380 6
436 4255 6
436 536 6
439 13 6
439 275 6
439 275 6
439 280 6
439 371 6
439 537 6
439 801 6
44 2593 6
44 2940 6
44 4089 6
44 902 6
440 130 6
440 1675 6
440 1925 6
440 2170 6
440 2247 6
440 2496 6
440 2631 6
440 3326 6
440 3593 6
440 462 6
440 885 6
440 946 6
443 566 6
444 830 6
445 261 6
445 503 6
446 1054 6
446 1166 6
446 1237 6
446 3999 6
446 4054 6
447 1178 6
447 1181 6
447 1214 6
447 1519 6
447 164 6
447 1820 6
447 2296 6
447 2392 6
447 246 6
447 2746 6
447 385 6
447 400 6
447 42 6
447 477 6
447 481 6
447 573 6
447 661 6
447 747 6
447 753 6
447 833 6
447 976 6
448 113 6
448 1388 6
448 1997 6
448 2133 6
448 2237 6
448 3562 6
448 447 6
448 91 6
449 1109 6
449 1146 6
449 1619 6
449 1963 6
449 2876 6
449 387 6
449 399 6
449 462 6
449 500 6
449 961 6
45 129 6
45 2 6
45 2247 6
45 30 6
45 36 6
45 537 6
451 1138 6
451 1184 6
451 151 6
451 1548 6
451 1701 6
451 2023 6
451 2207 6
451 2282 6
451 3593 6
451 3995 6
451 412 6
451 447 6
451 736 6
451 742 6
451 891 6
452 112 6
452 1317 6
452 1597 6
452 2203 6
452 3199 6
452 3261 6
452 371 6
452 98 6
453 1035 6
453 1538 6
453 463 6
453 89 6
453 91 6
453 993 6
454 1035 6
454 1093 6
454 91 6
455 1025 6
455 1197 6
455 132 6
455 132 6
455 1927 6
455 1997 6
455 251 6
455 299 6
455 3665 6
455 487 6
455 500 6
455 566 6
455 574 6
455 623 6
455 635 6
455 9 6
455 983 6
456 129 6
456 178 6
456 1931 6
456 2263 6
456 259 6
456 275 6
456 2796 6
456 2888 6
456 387 6
456 455 6
456 467 6
456 53 6
456 635 6
456 673 6
456 720 6
456 801 6
457 1747 6
457 546 6
458 2890 6
459 239 6
459 246 6
459 3004 6
460 122 6
460 1408 6
460 2990 6
460 330 6
460 462 6
460 789 6
461 1257 6
461 1308 6
461 1533 6
461 1581 6
461 1677 6
461 1928 6
461 246 6
461 2890 6
461 460 6
461 462 6
461 623 6
461 64 6
461 861 6
462 1025 6
462 1529 6
462 2379 6
462 239 6
462 2408 6
462 246 6
462 4081 6
462 503 6
462 56 6
462 579 6
462 635 6
462 721 6
462 778 6
462 789 6
463 313 6
463 3402 6
463 366 6
463 941 6
464 1503 6
464 2479 6
465 1533 6
465 3138 6
465 3989 6
465 508 6
465 572 6
465 721 6
465 728 6
466 193 6
467 1108 6
467 1167 6
467 13 6
467 1623 6
467 2067 6
467 251 6
467 251 6
467 275 6
467 280 6
467 2995 6
467 330 6
467 352 6
467 3873 6
467 421 6
467 456 6
467 461 6
467 53 6
467 635 6
467 659 6
467 838 6
468 32 6
468 3679 6
468 4087 6
468 4094 6
468 440 6
468 483 6
47 2023 6
47 227 6
47 2612 6
47 3938 6
47 3939 6
471 265 6
471 3348 6
471 369 6
471 547 6
476 1080 6
476 1147 6
476 1711 6
476 440 6
476 595 6
476 975 6
477 1205 6
477 3085 6
477 334 6
477 3974 6
477 443 6
477 89 6
480 113 6
480 383 6
481 1076 6
481 1181 6
481 1883 6
481 3871 6
481 477 6
482 1235 6
482 126 6
482 1623 6
482 1869 6
482 2177 6
482 2200 6
482 252 6
482 3278 6
482 3873 6
482 3937 6
482 651 6
482 800 6
482 800 6
482 859 6
483 1386 6
483 1723 6
483 440 6
483 451 6
483 955 6
484 3056 6
487 1245 6
487 1308 6
487 2255 6
488 358 6
488 578 6
49 47 6
491 510 6
492 387 6
492 563 6
494 1675 6
494 2332 6
494 3313 6
496 1167 6
496 1719 6
496 3679 6
496 4087 6
496 468 6
496 487 6
497 731 6
497 827 6
499 1828 6
499 1965 6
499 2310 6
499 3204 6
499 3950 6
499 3965 6
499 893 6
500 1013 6
500 1557 6
500 2 6
500 2076 6
500 352 6
500 3523 6
500 455 6
500 487 6
500 623 6
500 741 6
500 975 6
502 257 6
502 3524 6
502 4010 6
502 456 6
503 300 6
503 3155 6
503 333 6
503 3574 6
503 460 6
503 914 6
505 3992 6
505 904 6
507 1835 6
507 1971 6
507 369 6
507 471 6
508 1931 6
508 2796 6
508 3994 6
508 421 6
508 778 6
51 1608 6
51 2405 6
510 131 6
510 188 6
510 1925 6
510 2023 6
510 2247 6
510 2574 6
510 3518 6
510 3918 6
510 421 6
510 492 6
510 586 6
510 586 6
510 635 6
510 725 6
510 9 6
510 973 6
511 186 6
511 4005 6
513 238 6
513 2797 6
513 3972 6
513 4046 6
514 1104 6
514 1104 6
514 1197 6
514 1548 6
514 1549 6
514 1711 6
514 3222 6
514 3680 6
515 1981 6
515 4018 6
515 4019 6
516 1056 6
516 2232 6
516 2350 6
516 2362 6
516 3056 6
516 3098 6
516 421 6
516 53 6
516 573 6
519 1117 6
519 112 6
519 129 6
519 1928 6
519 2247 6
519 278 6
519 3873 6
519 412 6
519 416 6
519 656 6
522 414 6
53 1197 6
53 1226 6
53 127 6
53 30 6
53 32 6
53 3525 6
53 383 6
53 387 6
53 45 6
53 451 6
53 510 6
53 656 6
53 720 6
53 880 6
530 728 6
530 74 6
536 1168 6
536 1438 6
536 1712 6
536 503 6
536 833 6
537 1108 6
537 1197 6
537 13 6
537 439 6
537 580 6
537 728 6
537 952 6
537 98 6
538 1201 6
538 13 6
538 261 6
538 2723 6
538 2836 6
538 357 6
538 605 6
54 2203 6
54 2307 6
54 3106 6
54 654 6
54 862 6
54 973 6
540 2334 6
540 433 6
542 2372 6
542 3062 6
543 1201 6
543 1438 6
543 2055 6
543 2067 6
543 237 6
543 2413 6
543 2916 6
543 3326 6
545 112 6
545 127 6
545 129 6
545 14 6
545 17 6
545 1711 6
545 387 6
545 456 6
545 510 6
545 586 6
546 1275 6
546 1701 6
547 507 6
549 461 6
55 128 6
55 2277 6
55 3754 6
557 187 6
557 3126 6
557 4033 6
557 692 6
557 838 6
558 1192 6
56 193 6
56 3348 6
56 3524 6
56 414 6
56 502 6
560 1842 6
560 1928 6
560 207 6
560 2172 6
560 2718 6
560 2930 6
560 834 6
560 861 6
560 885 6
561 2911 6
561 492 6
562 2020 6
562 414 6
563 1184 6
563 1197 6
563 2231 6
563 2574 6
563 259 6
563 2718 6
563 39 6
563 456 6
563 53 6
563 545 6
563 586 6
563 649 6
563 656 6
563 742 6
563 801 6
563 817 6
563 82 6
563 838 6
563 9 6
563 98 6
566 1529 6
566 188 6
566 3083 6
566 519 6
566 563 6
572 2796 6
572 56 6
573 1226 6
573 1235 6
573 1294 6
573 1623 6
573 1623 6
573 3873 6
573 653 6
573 654 6
573 720 6
573 773 6
573 92 6
574 113 6
574 113 6
574 1180 6
574 1388 6
574 165 6
574 1820 6
574 1822 6
574 1997 6
574 2392 6
574 827 6
577 1348 6
577 3486 6
577 3975 6
577 3993 6
577 4182 6
579 1438 6
579 1522 6
579 1597 6
579 165 6
579 1711 6
579 2133 6
579 272 6
579 3509 6
579 410 6
579 440 6
579 467 6
579 643 6
579 817 6
580 2 6
580 211 6
580 237 6
580 330 6
580 371 6
580 3873 6
580 537 6
580 573 6
580 586 6
580 610 6
580 623 6
582 2813 6
583 2023 6
583 510 6
583 595 6
586 112 6
586 129 6
586 130 6
586 14 6
586 2247 6
586 421 6
586 421 6
586 563 6
586 563 6
586 579 6
586 64 6
586 684 6
586 842 6
586 862 6
586 975 6
59 927 6
593 238 6
593 270 6
593 3972 6
593 513 6
595 1782 6
595 447 6
595 610 6
595 731 6
595 778 6
595 891 6
599 648 6
602 1347 6
602 3058 6
602 4200 6
605 1782 6
605 2143 6
605 3750 6
605 4010 6
605 456 6
605 465 6
605 497 6
605 545 6
605 563 6
605 610 6
605 635 6
605 664 6
61 248 6
61 250 6
61 826 6
610 1222 6
610 172 6
610 3679 6
610 371 6
610 400 6
610 412 6
610 455 6
610 476 6
610 505 6
610 579 6
610 623 6
610 721 6
610 801 6
610 98 6
615 1240 6
615 1320 6
615 2948 6
62 138 6
62 207 6
621 132 6
621 946 6
622 228 6
622 2987 6
622 3465 6
622 476 6
622 605 6
622 950 6
623 1117 6
623 13 6
623 207 6
623 211 6
623 3215 6
623 421 6
623 455 6
623 466 6
623 467 6
623 500 6
623 538 6
623 580 6
623 64 6
623 741 6
623 761 6
623 849 6
623 849 6
623 92 6
623 92 6
623 98 6
633 4261 6
634 112 6
634 3299 6
634 64 6
635 1108 6
635 13 6
635 2 6
635 211 6
635 3873 6
635 421 6
635 467 6
635 502 6
635 595 6
635 647 6
635 720 6
635 731 6
635 74 6
635 778 6
637 1025 6
637 1057 6
637 1118 6
637 1308 6
637 1339 6
637 1684 6
637 1908 6
637 242 6
637 272 6
637 3441 6
637 384 6
637 468 6
637 710 6
637 777 6
638 2643 6
638 640 6
639 1055 6
639 2288 6
64 104 6
64 1080 6
64 1197 6
64 1202 6
64 1549 6
64 1928 6
64 278 6
64 452 6
64 53 6
64 579 6
64 62 6
64 815 6
64 98 6
640 1100 6
640 4141 6
640 772 6
640 778 6
641 1881 6
641 734 6
642 1235 6
642 1235 6
642 1648 6
642 2200 6
642 3278 6
642 3607 6
642 482 6
642 800 6
643 127 6
643 2247 6
643 2380 6
643 3126 6
643 3342 6
643 36 6
643 3607 6
643 573 6
643 726 6
643 924 6
644 573 6
644 755 6
647 1711 6
647 3823 6
647 387 6
647 456 6
648 1836 6
648 2447 6
648 2884 6
648 4173 6
648 752 6
649 1608 6
649 1993 6
649 3584 6
649 3696 6
649 516 6
649 787 6
649 806 6
65 272 6
65 461 6
65 462 6
651 1235 6
651 1863 6
651 3266 6
651 4112 6
651 482 6
652 1103 6
652 2090 6
652 3647 6
652 3986 6
652 663 6
652 759 6
652 759 6
653 1108 6
653 1183 6
653 1201 6
653 172 6
653 30 6
653 3106 6
653 580 6
653 862 6
653 880 6
653 882 6
653 973 6
654 2675 6
654 30 6
654 30 6
654 3266 6
654 4119 6
654 456 6
654 573 6
654 663 6
654 761 6
655 2090 6
655 2785 6
655 3647 6
656 1117 6
656 129 6
656 132 6
656 1976 6
656 2995 6
656 352 6
656 3595 6
656 545 6
656 563 6
656 566 6
656 572 6
656 973 6
657 3646 6
657 652 6
659 1025 6
659 1184 6
659 1350 6
659 1397 6
659 2888 6
659 3083 6
659 3215 6
659 421 6
659 421 6
659 483 6
659 610 6
659 610 6
659 637 6
659 710 6
66 1889 6
66 2240 6
66 2681 6
66 337 6
66 3607 6
661 151 6
661 2368 6
661 494 6
661 579 6
661 893 6
662 4125 6
662 4127 6
662 4162 6
662 848 6
663 1735 6
663 2049 6
663 2823 6
664 2090 6
665 2002 6
671 1512 6
671 4223 6
672 2587 6
672 3049 6
673 1317 6
673 1393 6
673 1701 6
673 1871 6
673 1908 6
673 278 6
673 3194 6
673 3593 6
673 4155 6
673 42 6
673 461 6
673 516 6
673 580 6
673 637 6
673 637 6
673 659 6
673 720 6
673 777 6
673 833 6
674 1735 6
674 1971 6
674 2016 6
674 2049 6
674 30 6
674 652 6
674 654 6
683 3299 6
683 649 6
684 257 6
684 257 6
684 53 6
684 817 6
685 1415 6
685 1674 6
685 2555 6
685 3018 6
685 3451 6
687 1183 6
687 1625 6
687 1927 6
687 278 6
687 3762 6
687 3873 6
687 4115 6
687 653 6
689 1854 6
689 3575 6
689 3964 6
689 4001 6
689 4030 6
689 481 6
690 193 6
690 2179 6
690 2296 6
690 2711 6
691 2392 6
691 3451 6
691 3722 6
692 126 6
692 127 6
692 207 6
692 2163 6
692 2763 6
692 285 6
692 440 6
692 482 6
692 483 6
692 573 6
692 643 6
692 790 6
692 92 6
706 2111 6
706 3689 6
706 4093 6
708 1186 6
708 2231 6
708 891 6
71 4044 6
71 446 6
71 451 6
710 1007 6
710 1025 6
713 1117 6
713 2718 6
713 656 6
713 9 6
715 1153 6
715 1231 6
715 207 6
715 2655 6
715 721 6
717 1432 6
719 1885 6
719 2012 6
719 2813 6
719 3099 6
719 630 6
720 1057 6
720 1294 6
720 1557 6
720 1791 6
720 2079 6
720 2413 6
720 268 6
720 32 6
720 487 6
720 516 6
720 560 6
720 579 6
720 635 6
720 793 6
720 973 6
721 1052 6
721 1087 6
721 1201 6
721 2655 6
721 2718 6
721 287 6
721 976 6
725 1007 6
725 1271 6
725 317 6
725 3449 6
725 385 6
725 465 6
725 833 6
725 92 6
726 352 6
726 687 6
726 865 6
728 1108 6
728 130 6
728 14 6
728 14 6
728 412 6
728 443 6
731 1925 6
731 280 6
731 440 6
731 451 6
731 455 6
731 455 6
731 456 6
731 579 6
731 673 6
731 98 6
734 1095 6
736 116 6
736 188 6
736 2467 6
736 449 6
736 753 6
736 772 6
736 98 6
739 1029 6
739 2180 6
74 1054 6
74 1108 6
74 1782 6
74 1820 6
74 193 6
74 2013 6
74 3083 6
74 3524 6
74 3994 6
74 4006 6
74 461 6
74 56 6
74 983 6
740 260 6
740 376 6
740 691 6
741 1711 6
741 178 6
741 2255 6
741 371 6
741 476 6
741 880 6
742 1548 6
742 2110 6
742 3222 6
742 741 6
744 318 6
744 960 6
744 987 6
747 1772 6
747 3058 6
748 1014 6
748 1054 6
748 1057 6
748 1214 6
748 1215 6
748 1220 6
748 2392 6
748 260 6
748 3215 6
748 383 6
748 400 6
748 447 6
748 497 6
748 827 6
748 833 6
749 1975 6
749 3215 6
752 301 6
752 4173 6
752 4267 6
752 701 6
753 1131 6
753 2713 6
753 416 6
753 466 6
753 508 6
754 2546 6
755 4029 6
756 610 6
759 2090 6
759 2090 6
759 3986 6
759 4026 6
759 663 6
759 674 6
760 1648 6
761 1875 6
761 2166 6
761 3126 6
761 455 6
761 859 6
762 1235 6
762 1648 6
762 644 6
764 1 6
764 740 6
767 3259 6
772 104 6
772 207 6
773 557 6
774 302 6
777 1007 6
777 333 6
777 659 6
778 122 6
778 1677 6
778 2643 6
778 4141 6
778 510 6
778 734 6
778 772 6
778 849 6
780 1988 6
780 4125 6
783 1406 6
783 1578 6
783 1885 6
783 3018 6
783 404 6
783 60 6
787 2711 6
787 690 6
787 806 6
789 2 6
789 239 6
789 272 6
789 2987 6
789 362 6
789 461 6
789 65 6
789 790 6
79 115 6
79 1706 6
79 199 6
79 3215 6
79 502 6
79 64 6
79 74 6
79 749 6
79 833 6
790 2160 6
790 675 6
790 677 6
791 1853 6
791 2244 6
792 1228 6
792 1990 6
792 3867 6
793 1035 6
793 182 6
797 2330 6
797 374 6
797 376 6
797 4199 6
797 648 6
798 1025 6
798 1201 6
798 1933 6
798 3272 6
798 388 6
798 460 6
798 467 6
798 519 6
798 545 6
798 653 6
798 66 6
798 913 6
800 1235 6
800 1623 6
800 252 6
800 4009 6
800 816 6
800 859 6
801 13 6
801 211 6
801 280 6
801 371 6
801 371 6
801 439 6
801 545 6
801 586 6
803 2888 6
803 3679 6
803 4087 6
803 496 6
803 595 6
803 673 6
805 4154 6
806 164 6
806 1993 6
806 2447 6
806 302 6
806 599 6
806 752 6
807 1027 6
807 1035 6
807 1242 6
807 2600 6
807 454 6
807 720 6
807 886 6
807 925 6
808 1125 6
808 1239 6
808 1242 6
808 3240 6
808 447 6
808 925 6
815 1031 6
815 1130 6
815 4179 6
815 798 6
816 1648 6
816 187 6
816 3873 6
816 482 6
817 193 6
817 798 6
818 1406 6
818 1615 6
818 3 6
818 91 6
824 1925 6
824 3345 6
824 902 6
825 189 6
825 2463 6
825 2791 6
825 366 6
825 3921 6
825 3921 6
826 189 6
826 250 6
826 2747 6
826 2791 6
826 3567 6
826 4253 6
826 4257 6
826 61 6
827 1057 6
827 1180 6
827 1205 6
827 164 6
827 1822 6
827 1883 6
827 1985 6
827 2005 6
830 14 6
831 1568 6
831 165 6
831 1935 6
831 227 6
831 3095 6
831 3518 6
831 857 6
833 1108 6
833 17 6
833 1924 6
833 2067 6
833 2296 6
833 299 6
833 337 6
833 338 6
833 375 6
833 400 6
833 42 6
833 496 6
833 720 6
833 827 6
834 1675 6
834 3679 6
838 1711 6
838 2677 6
838 656 6
839 2020 6
84 3073 6
84 9 6
840 1272 6
840 2534 6
840 987 6
842 443 6
844 1082 6
844 2129 6
848 2833 6
848 3695 6
848 4100 6
848 4117 6
848 4135 6
848 4162 6
848 643 6
848 653 6
849 1117 6
849 13 6
849 188 6
849 2890 6
849 387 6
849 635 6
849 720 6
855 1646 6
855 2148 6
855 2819 6
855 3623 6
857 1243 6
857 1568 6
857 227 6
859 1623 6
859 2177 6
859 2200 6
859 252 6
860 1257 6
860 1722 6
861 112 6
861 1197 6
861 2990 6
861 92 6
862 1108 6
862 1210 6
862 1235 6
862 30 6
862 53 6
862 684 6
862 687 6
862 882 6
865 2719 6
865 3607 6
866 2813 6
866 3163 6
866 582 6
867 3656 6
868 2973 6
868 3408 6
87 1500 6
87 1537 6
87 3 6
87 453 6
87 89 6
87 91 6
879 148 6
879 1564 6
879 4018 6
879 789 6
88 1519 6
88 1829 6
88 2715 6
880 1013 6
880 1025 6
880 1108 6
880 1108 6
880 1201 6
880 1327 6
880 1505 6
880 2392 6
880 2574 6
880 447 6
880 456 6
880 623 6
880 731 6
880 741 6
880 798 6
882 2675 6
882 573 6
882 580 6
883 1099 6
883 1415 6
883 2145 6
883 234 6
883 2415 6
883 435 6
883 981 6
885 1131 6
885 1208 6
885 2631 6
885 692 6
886 234 6
886 385 6
89 1178 6
89 1538 6
89 334 6
89 447 6
89 481 6
89 519 6
891 2332 6
891 3465 6
893 2056 6
893 3951 6
893 4018 6
895 2063 6
895 3689 6
896 197 6
897 300 6
897 834 6
898 3679 6
898 4087 6
898 496 6
898 803 6
898 834 6
9 1035 6
9 1927 6
9 3201 6
9 3505 6
9 453 6
9 635 6
9 817 6
9 87 6
90 1439 6
90 2028 6
900 2121 6
900 3005 6
900 34 6
901 1797 6
902 1191 6
902 219 6
902 4090 6
904 127 6
904 3981 6
904 3982 6
904 3983 6
91 2237 6
91 3 6
91 3 6
91 3458 6
91 3645 6
91 3645 6
91 4187 6
91 9 6
910 104 6
910 4060 6
913 1108 6
913 1202 6
913 1257 6
913 13 6
913 130 6
913 1791 6
913 2240 6
913 251 6
913 2626 6
913 275 6
913 280 6
913 387 6
913 3873 6
914 1184 6
914 23 6
914 514 6
914 630 6
914 64 6
92 1482 6
92 1597 6
92 1684 6
92 1782 6
92 207 6
92 211 6
92 223 6
92 2574 6
92 299 6
92 3237 6
92 330 6
92 460 6
92 483 6
92 497 6
92 623 6
92 64 6
92 692 6
92 742 6
924 285 6
925 1787 6
925 3623 6
925 3644 6
925 4061 6
925 4062 6
926 1768 6
926 2170 6
927 109 6
930 1278 6
930 88 6
931 1290 6
933 108 6
933 1335 6
933 2463 6
933 2773 6
933 340 6
938 1544 6
938 2073 6
938 2078 6
941 2755 6
941 3204 6
941 360 6
941 670 6
946 2209 6
946 3269 6
95 2309 6
95 3943 6
950 272 6
950 32 6
950 468 6
950 53 6
950 605 6
950 803 6
950 834 6
950 92 6
952 322 6
952 537 6
955 1032 6
955 560 6
956 1066 6
956 1112 6
956 1418 6
956 2496 6
956 3369 6
956 409 6
959 201 6
959 2071 6
959 418 6
960 189 6
960 403 6
961 1212 6
961 2681 6
961 4165 6
965 783 6
968 1080 6
968 1197 6
968 259 6
968 3969 6
968 741 6
973 1108 6
973 14 6
973 2778 6
973 3633 6
973 371 6
973 54 6
973 56 6
973 563 6
973 580 6
973 728 6
973 862 6
975 2055 6
975 2311 6
976 1482 6
976 3679 6
976 725 6
976 849 6
98 112 6
98 1711 6
98 172 6
98 1791 6
98 1925 6
98 1927 6
98 1933 6
98 275 6
98 387 6
98 4 6
98 4021 6
98 455 6
98 456 6
98 467 6
98 53 6
98 537 6
98 610 6
98 635 6
98 637 6
98 687 6
98 74 6
98 92 6
981 1016 6
981 1257 6
981 1482 6
981 228 6
981 3679 6
981 384 6
981 647 6
983 1025 6
983 1027 6
983 1166 6
983 1231 6
983 1421 6
983 1927 6
983 2255 6
983 2316 6
983 2574 6
983 423 6
983 440 6
983 467 6
983 537 6
983 92 6
987 2033 6
987 463 6
989 2244 6
989 237 6
989 3338 6
991 1031 6
991 602 6
992 3106 6
993 1125 6
993 1538 6
997 408 6
997 933 6
997 960 6
1 1363 7
1 1615 7
1 3644 7
1 4477 7
1007 132 7
1007 1582 7
1007 1747 7
1007 1926 7
1007 255 7
1007 264 7
1007 3240 7
1007 3771 7
1007 710 7
1008 1088 7
1008 1178 7
1008 2 7
1008 3240 7
1008 637 7
1008 748 7
101 152 7
101 223 7
101 39 7
101 4540 7
101 4542 7
101 46 7
1013 1166 7
1013 207 7
1013 3713 7
1013 720 7
1013 803 7
1013 879 7
1014 1076 7
1014 690 7
1016 807 7
1016 83 7
102 3135 7
102 4362 7
102 712 7
1025 1308 7
1025 1711 7
1025 1711 7
1025 1791 7
1025 1796 7
1025 1933 7
1025 2076 7
1025 371 7
1025 371 7
1025 455 7
1025 461 7
1025 741 7
1025 798 7
1025 914 7
1025 92 7
1025 98 7
1026 1169 7
1026 158 7
1026 2076 7
1026 2555 7
1026 33 7
1026 3708 7
1027 2765 7
1027 452 7
1027 731 7
1027 807 7
1027 818 7
1027 913 7
1028 1624 7
1029 1217 7
1029 1228 7
1029 2392 7
1029 3867 7
1029 4030 7
1029 485 7
1030 2296 7
1030 337 7
1033 2380 7
1033 467 7
1034 1033 7
1035 1008 7
1035 1066 7
1035 142 7
1035 2170 7
1035 2259 7
1035 3108 7
1035 516 7
1051 1363 7
1051 1802 7
1051 2765 7
1054 746 7
1056 1179 7
1056 1383 7
1056 1960 7
1056 2006 7
1056 2810 7
1056 3056 7
1056 3484 7
1056 4030 7
1057 1029 7
1057 1206 7
1057 2374 7
1057 3056 7
1057 3108 7
1057 3593 7
1061 1180 7
1061 1220 7
1061 2392 7
1061 485 7
1065 1580 7
1065 721 7
1066 440 7
1066 741 7
1076 2179 7
1076 2919 7
1076 4546 7
108 991 7
1080 1327 7
1081 3101 7
1082 124 7
1082 2055 7
1082 2259 7
1082 2310 7
1082 3752 7
1082 720 7
1082 778 7
1083 2067 7
1087 1117 7
1087 1153 7
1087 1201 7
1087 3465 7
1087 366 7
1088 1095 7
1088 1131 7
1088 1578 7
1088 1908 7
1088 1997 7
1088 3934 7
1088 3990 7
1088 4396 7
1088 685 7
109 1278 7
109 4508 7
109 933 7
1090 1201 7
1090 1228 7
1090 2374 7
1090 393 7
1090 485 7
1095 2887 7
1095 3990 7
1095 4396 7
1095 465 7
1095 482 7
1095 876 7
1098 2328 7
1098 4018 7
1099 171 7
1101 537 7
1104 1548 7
1104 1549 7
1104 1997 7
1104 514 7
1108 1025 7
1108 1027 7
1108 1791 7
1108 211 7
1108 2574 7
1108 280 7
1108 280 7
1108 2836 7
1108 371 7
1108 371 7
1108 412 7
1108 537 7
1108 580 7
1108 801 7
1108 913 7
1109 3884 7
111 3592 7
111 4028 7
1114 2328 7
1114 515 7
1117 1231 7
1117 1623 7
1117 1925 7
1117 1927 7
1117 2090 7
1117 272 7
1117 3085 7
1117 3232 7
1117 3755 7
1117 387 7
1117 387 7
1117 4003 7
1117 801 7
1117 822 7
1117 910 7
1118 1957 7
1118 4001 7
112 14 7
112 172 7
112 2 7
112 2031 7
112 2160 7
112 2521 7
112 3085 7
112 352 7
112 387 7
112 414 7
112 456 7
112 508 7
112 53 7
112 530 7
112 586 7
112 588 7
112 838 7
1123 18 7
1123 2765 7
1123 4476 7
1123 91 7
1123 953 7
1125 1178 7
1125 1241 7
1125 2555 7
113 1056 7
113 1179 7
113 393 7
113 481 7
1131 1245 7
1131 1355 7
1131 1578 7
1131 1826 7
1131 1871 7
1131 1908 7
1131 2076 7
1131 2555 7
1131 2574 7
1131 573 7
1131 849 7
1132 1933 7
114 127 7
114 299 7
114 3037 7
114 387 7
114 4605 7
1143 1153 7
1143 3465 7
1146 330 7
1148 1997 7
1148 2055 7
1148 421 7
1148 4308 7
115 104 7
115 1675 7
115 2722 7
115 3230 7
115 3838 7
115 4417 7
115 77 7
115 77 7
1153 3465 7
1153 4269 7
1160 1178 7
1160 1205 7
1160 1597 7
1160 1842 7
1160 497 7
1160 746 7
1163 2677 7
1164 3170 7
1164 3422 7
1164 652 7
1166 1007 7
1166 2232 7
1166 2631 7
1166 3604 7
1166 400 7
1166 4295 7
1166 496 7
1166 748 7
1167 114 7
1167 1440 7
1167 1450 7
1167 2316 7
1167 4296 7
1167 4328 7
1167 4531 7
1167 456 7
1167 557 7
1167 981 7
1167 997 7
1168 1424 7
1168 2310 7
1169 1088 7
1169 1095 7
1169 3380 7
1169 36 7
1169 3990 7
1169 461 7
1169 736 7
117 1563 7
1170 1090 7
1170 1228 7
1170 448 7
1173 3762 7
1173 452 7
1173 64 7
1174 1548 7
1174 1706 7
1174 3742 7
1174 4532 7
1174 4533 7
1174 6 7
1174 621 7
1174 623 7
1174 64 7
1177 1201 7
1177 127 7
1177 2006 7
1177 2409 7
1177 3525 7
1177 357 7
1177 3913 7
1177 461 7
1177 573 7
1177 803 7
1177 833 7
1177 92 7
1178 1035 7
1178 1051 7
1178 1160 7
1178 1167 7
1178 1241 7
1178 1257 7
1178 1362 7
1178 3240 7
1178 3242 7
1178 3271 7
1178 3623 7
1178 3708 7
1178 4001 7
1178 710 7
1178 783 7
1178 808 7
1178 89 7
1179 1030 7
1179 3056 7
1179 748 7
1179 748 7
1179 787 7
1179 827 7
118 1290 7
118 2939 7
1180 1054 7
1180 1213 7
1180 2392 7
1180 383 7
1180 3867 7
1181 151 7
1181 2006 7
1181 439 7
1183 1438 7
1183 1556 7
1183 1719 7
1183 1735 7
1183 2307 7
1183 3143 7
1183 3520 7
1183 3630 7
1183 798 7
1183 897 7
1183 913 7
1183 983 7
1184 1177 7
1184 2172 7
1184 3650 7
1184 4073 7
1184 487 7
1184 610 7
1184 692 7
1184 753 7
1185 827 7
1186 2055 7
1186 487 7
1188 1989 7
1188 3695 7
1188 3782 7
1191 234 7
1191 3215 7
1191 349 7
1191 3802 7
1191 54 7
1192 1823 7
1192 2116 7
1192 2618 7
1192 2986 7
1197 1184 7
1197 129 7
1197 2247 7
1197 299 7
1197 42 7
1197 461 7
1197 798 7
1199 485 7
12 1087 7
12 224 7
12 3465 7
12 366 7
12 77 7
1200 1164 7
1200 3170 7
1200 3422 7
1201 1056 7
1201 1087 7
1201 12 7
1201 1226 7
1201 1313 7
1201 165 7
1201 1747 7
1201 1960 7
1201 202 7
1201 2101 7
1201 224 7
1201 2464 7
1201 2478 7
1201 2549 7
1201 272 7
1201 3018 7
1201 3098 7
1201 3227 7
1201 3326 7
1201 3940 7
1201 4281 7
1201 4442 7
1201 461 7
1201 610 7
1201 637 7
1201 664 7
1201 833 7
1202 1025 7
1202 1131 7
1202 1166 7
1202 1355 7
1202 487 7
1202 500 7
1203 1199 7
1203 1822 7
1203 825 7
1205 2005 7
1205 393 7
1205 4001 7
1205 4153 7
1205 89 7
1206 2392 7
1206 3867 7
1206 4030 7
1206 4031 7
1206 4437 7
1208 2326 7
1210 126 7
1210 2719 7
1210 3844 7
1210 3857 7
1210 610 7
1210 682 7
1210 687 7
1211 187 7
1212 2708 7
1213 1057 7
1213 1985 7
1213 3869 7
1213 4031 7
1214 2055 7
1214 3295 7
1214 3908 7
1216 2011 7
1216 2413 7
1216 3077 7
1216 510 7
1217 1203 7
1217 2739 7
1217 400 7
1218 3219 7
122 2067 7
122 32 7
122 3250 7
122 643 7
122 664 7
1220 1054 7
1220 1090 7
1220 2392 7
1220 497 7
1220 516 7
1221 185 7
1221 335 7
1221 701 7
1226 2722 7
1226 357 7
1226 4457 7
1226 4498 7
1226 4626 7
1226 509 7
1226 521 7
1228 1491 7
1228 2155 7
1228 260 7
1228 485 7
1228 516 7
1228 746 7
123 2911 7
123 4439 7
1231 207 7
1232 1976 7
1232 32 7
1232 3245 7
1232 3548 7
1232 61 7
1232 66 7
1232 670 7
1235 326 7
1235 335 7
1235 4298 7
1235 692 7
1235 914 7
1236 691 7
1239 1130 7
1239 3201 7
1239 340 7
1239 808 7
1239 993 7
124 1169 7
124 1202 7
124 1254 7
124 1308 7
124 1675 7
124 256 7
124 418 7
124 64 7
124 673 7
1241 1363 7
1241 1473 7
1241 3623 7
1241 925 7
1244 264 7
1244 3593 7
1244 579 7
1245 1007 7
1245 13 7
1245 132 7
1245 1623 7
1245 188 7
1245 1925 7
1245 1926 7
1245 207 7
1245 255 7
1245 2574 7
1245 461 7
1245 801 7
1246 1440 7
1246 2796 7
1246 4270 7
125 128 7
125 152 7
125 3037 7
125 39 7
125 4547 7
1250 321 7
1250 488 7
1251 4224 7
1252 1488 7
1252 1644 7
1252 242 7
1252 595 7
1253 4312 7
1253 971 7
1254 4019 7
1257 1302 7
1257 14 7
1257 2170 7
1257 2973 7
1257 451 7
1257 807 7
126 1677 7
126 207 7
126 228 7
126 2297 7
126 326 7
126 449 7
1265 1298 7
1267 1560 7
1267 3090 7
1267 453 7
1268 2731 7
127 2681 7
127 3038 7
127 3135 7
127 349 7
127 38 7
127 4357 7
127 4541 7
127 46 7
127 595 7
127 621 7
1271 299 7
1271 3774 7
1271 3890 7
1275 1356 7
128 101 7
128 147 7
128 3112 7
128 3113 7
128 3120 7
128 621 7
1280 1191 7
1280 25 7
1280 4270 7
1281 1777 7
1281 2607 7
1283 3833 7
1283 95 7
1284 425 7
1285 3695 7
1285 4505 7
1285 897 7
1286 2021 7
1289 3835 7
1289 3951 7
129 4596 7
129 519 7
129 74 7
129 753 7
1294 1027 7
1295 1449 7
1295 3608 7
1295 4295 7
1298 1927 7
1298 467 7
1298 710 7
1298 736 7
1299 1285 7
1299 1843 7
1299 3559 7
13 1025 7
13 1108 7
13 1791 7
13 272 7
13 371 7
13 461 7
13 98 7
130 1245 7
130 1712 7
130 195 7
130 1963 7
130 251 7
130 251 7
130 2574 7
130 3143 7
130 3215 7
130 3940 7
130 414 7
130 973 7
130 983 7
1301 1438 7
1301 2316 7
1302 1794 7
1302 272 7
1303 1630 7
1303 2006 7
1307 1245 7
1307 3018 7
1307 500 7
1307 720 7
1308 1025 7
1308 1393 7
1308 1908 7
1308 3650 7
1308 3705 7
1308 487 7
1308 720 7
1308 734 7
1308 798 7
131 2225 7
131 2593 7
1311 1723 7
1311 3520 7
1311 4221 7
1313 2257 7
1313 255 7
1313 3541 7
1314 2487 7
1317 1460 7
1317 569 7
1318 2915 7
1318 3417 7
132 1027 7
132 1926 7
132 255 7
132 3317 7
132 371 7
132 803 7
132 831 7
132 92 7
132 921 7
1323 1026 7
1323 1753 7
1326 1370 7
1326 2697 7
1327 1921 7
1327 2652 7
1327 4410 7
1327 4480 7
133 237 7
133 24 7
133 4536 7
1335 2497 7
1339 1808 7
1343 1007 7
1343 1397 7
1343 1479 7
1350 1489 7
1352 3641 7
1352 4475 7
1352 4528 7
1355 64 7
1355 798 7
1355 849 7
1355 98 7
1357 1254 7
1361 2207 7
1361 3735 7
1362 1007 7
1363 793 7
1365 3785 7
1366 3813 7
137 499 7
137 824 7
1371 1723 7
1371 4491 7
1373 1390 7
1373 1513 7
1374 1289 7
1374 2145 7
1374 2521 7
1375 4221 7
1379 1869 7
1379 3342 7
138 1926 7
138 2555 7
138 605 7
138 783 7
1380 2196 7
1380 3593 7
1380 452 7
1381 1814 7
1381 2751 7
1381 458 7
1383 1203 7
1383 2739 7
1383 312 7
1383 3484 7
1383 825 7
1385 2233 7
1386 2613 7
1390 1702 7
1393 124 7
1393 1355 7
1393 207 7
1394 1612 7
1394 1758 7
1394 2597 7
1394 304 7
1395 1286 7
1395 2021 7
1397 1621 7
1397 2023 7
1397 519 7
1398 1475 7
1398 1482 7
1398 1595 7
1398 1727 7
1399 447 7
1399 808 7
1399 925 7
14 1430 7
14 2836 7
14 36 7
14 561 7
14 684 7
1400 3598 7
1401 3731 7
1401 3756 7
1401 638 7
1406 1345 7
1406 2735 7
1406 3644 7
1406 4477 7
1406 793 7
1408 4307 7
1416 2611 7
1416 3419 7
1416 4491 7
1418 1201 7
1418 1257 7
1418 2170 7
1418 860 7
142 1181 7
142 720 7
1421 1621 7
1421 1869 7
1421 238 7
1421 2796 7
1422 1553 7
1422 569 7
1424 1082 7
1424 4283 7
1424 864 7
1424 872 7
1426 3805 7
1428 1301 7
1428 2316 7
1428 3242 7
1428 3801 7
1430 1794 7
1430 1944 7
1430 2467 7
1430 2502 7
1430 2525 7
1430 950 7
1431 3340 7
1432 3099 7
1438 1428 7
1438 147 7
1438 3143 7
1438 4041 7
1440 2328 7
1440 3525 7
1440 53 7
1440 6 7
1443 1677 7
1443 976 7
1449 1095 7
1449 36 7
1449 3787 7
145 115 7
145 133 7
145 237 7
145 314 7
145 3460 7
145 4018 7
145 4585 7
1450 2400 7
1458 1489 7
1459 3770 7
1459 4313 7
1460 1553 7
1461 1636 7
1461 2391 7
1461 2443 7
1461 3406 7
1461 3535 7
1464 3450 7
1464 3454 7
1466 1568 7
1466 1939 7
1466 2903 7
1466 3101 7
1466 3830 7
1466 959 7
147 191 7
147 2255 7
147 2767 7
147 3135 7
147 383 7
147 4285 7
147 4604 7
147 696 7
1470 108 7
1470 1239 7
1470 747 7
1472 109 7
1473 993 7
1475 1421 7
1475 3757 7
1475 891 7
1479 423 7
148 1088 7
148 1131 7
148 1645 7
148 1908 7
148 3150 7
148 3215 7
148 71 7
1480 1380 7
1480 1926 7
1480 2549 7
1480 731 7
1482 1235 7
1482 1671 7
1482 3771 7
1482 595 7
1482 891 7
1485 1365 7
1485 3244 7
1488 248 7
1488 3066 7
1488 569 7
1489 1645 7
1489 2429 7
149 1035 7
149 1747 7
149 2255 7
149 330 7
149 595 7
1491 2006 7
1491 3871 7
1491 4534 7
1497 1794 7
1498 3077 7
1498 3582 7
1498 4257 7
1498 4522 7
1500 1470 7
1500 4490 7
1500 4512 7
1501 1675 7
1501 4454 7
1506 2986 7
1506 3753 7
151 3462 7
151 449 7
1512 1733 7
1512 2697 7
1516 1644 7
1518 4321 7
1519 1601 7
1519 310 7
1519 360 7
1519 4176 7
152 269 7
152 3120 7
152 4542 7
152 4547 7
1522 118 7
1522 1400 7
1522 1406 7
1529 112 7
1529 1202 7
1529 1226 7
1529 14 7
1529 2011 7
1529 3326 7
1529 3524 7
1529 371 7
1529 414 7
1529 543 7
1529 753 7
1529 849 7
1529 880 7
153 162 7
153 1944 7
153 2927 7
153 3514 7
1532 1785 7
1532 2876 7
1532 4234 7
1533 1245 7
1533 132 7
1533 1926 7
1533 3319 7
1533 449 7
1537 1239 7
1537 1473 7
1544 2063 7
1544 3010 7
1544 855 7
1545 1007 7
1545 187 7
1545 3099 7
1547 2867 7
1547 4369 7
1548 148 7
1548 1549 7
1548 1684 7
1548 1711 7
1548 1908 7
1548 2763 7
1548 2872 7
1548 3108 7
1548 3150 7
1549 1684 7
1549 2872 7
1549 3222 7
1549 514 7
155 3743 7
155 862 7
1550 1712 7
1550 2867 7
1553 1644 7
1553 242 7
1556 2307 7
1556 848 7
1557 1286 7
1557 664 7
1557 742 7
1558 3359 7
1559 610 7
1560 327 7
1560 3598 7
1562 1007 7
1562 2255 7
1563 3642 7
1564 1380 7
1564 1480 7
1564 202 7
1564 2467 7
1564 563 7
1564 637 7
1564 659 7
1566 1623 7
1568 2071 7
1568 2405 7
157 1221 7
157 159 7
157 2085 7
157 2891 7
157 334 7
157 335 7
157 701 7
157 833 7
1576 1737 7
1576 671 7
1578 148 7
1578 1908 7
1578 685 7
158 1327 7
158 2555 7
158 4410 7
158 4480 7
158 574 7
158 833 7
1580 1357 7
1581 2408 7
1581 3009 7
1582 1600 7
1586 824 7
159 185 7
159 334 7
159 833 7
1590 1643 7
1590 4516 7
1592 1747 7
1592 2862 7
1592 4373 7
1594 1280 7
1594 3770 7
1594 653 7
1595 1963 7
1595 4302 7
1597 1035 7
1597 1174 7
1597 1480 7
1597 53 7
1597 573 7
1597 595 7
1597 720 7
1597 913 7
1600 483 7
1601 1352 7
1601 1500 7
1607 3788 7
1607 3805 7
1607 696 7
1608 199 7
1608 2373 7
1608 2631 7
1608 3457 7
1608 946 7
1609 3990 7
1609 4214 7
1609 509 7
1615 1966 7
1615 309 7
1615 4477 7
1615 516 7
1618 1653 7
1618 1723 7
1619 1178 7
1619 2930 7
1619 3108 7
1619 955 7
162 1430 7
162 153 7
162 4351 7
162 499 7
1621 1178 7
1621 1479 7
1621 1926 7
1621 483 7
1623 259 7
1623 3342 7
1623 383 7
1623 736 7
1624 2179 7
1624 3203 7
1624 395 7
1624 819 7
1630 2445 7
1630 3462 7
1630 848 7
1631 201 7
1631 3757 7
1634 3756 7
1634 4322 7
1636 2317 7
1636 2391 7
1637 1636 7
1637 281 7
164 1221 7
164 157 7
164 1866 7
164 2006 7
164 2891 7
164 4030 7
164 627 7
164 740 7
1641 1371 7
1641 1618 7
1641 1746 7
1641 3858 7
1642 1513 7
1642 1569 7
1643 2033 7
1644 1460 7
1645 1131 7
1645 1350 7
1645 1578 7
1645 1757 7
1645 1814 7
1645 1871 7
1646 1036 7
1646 2097 7
1646 2134 7
1646 3010 7
165 1975 7
165 300 7
165 4390 7
1651 2476 7
1653 281 7
1653 612 7
1658 1235 7
1658 3470 7
1662 3406 7
1666 4324 7
1667 1643 7
1667 2487 7
1667 2969 7
1668 1558 7
1671 4326 7
1672 207 7
1675 3230 7
1675 3524 7
1675 4307 7
1676 127 7
1677 1183 7
1677 1928 7
1677 2 7
1677 3136 7
1677 3782 7
1677 4115 7
1677 54 7
1677 557 7
1684 1104 7
1684 1327 7
1684 1548 7
1684 2652 7
1684 2872 7
1684 3680 7
1684 3835 7
1684 487 7
169 1290 7
169 2497 7
1692 1532 7
1692 1937 7
1692 2957 7
1695 1186 7
1695 3788 7
17 165 7
17 327 7
17 335 7
17 4173 7
17 53 7
1702 3066 7
1703 1161 7
1704 1373 7
1704 1576 7
1704 1737 7
1706 3742 7
1706 4532 7
1709 132 7
1709 1459 7
1709 237 7
1709 4317 7
1709 447 7
1709 849 7
171 1194 7
171 1719 7
171 200 7
171 2071 7
171 2099 7
171 2101 7
171 3098 7
171 33 7
171 3523 7
1711 1104 7
1711 1169 7
1711 1183 7
1711 1495 7
1711 2247 7
1711 2872 7
1711 461 7
1711 516 7
1711 721 7
1711 815 7
1711 880 7
1712 1173 7
1715 1567 7
1719 188 7
1719 36 7
1719 3890 7
1719 692 7
172 1117 7
172 112 7
172 127 7
172 1908 7
172 2 7
172 2240 7
172 251 7
172 2763 7
172 352 7
172 545 7
172 90 7
1722 4200 7
1723 3393 7
1723 3855 7
1727 1174 7
1727 4271 7
1728 4333 7
1735 1677 7
1735 2307 7
1735 2992 7
1735 3762 7
1735 54 7
1735 848 7
1737 671 7
174 115 7
174 3057 7
1741 1513 7
1746 1609 7
1746 1723 7
1747 3422 7
1747 3441 7
1747 4108 7
1747 950 7
1750 108 7
1750 1123 7
1752 1311 7
1752 2326 7
1753 264 7
1753 926 7
1757 1350 7
1757 1489 7
1765 109 7
1765 4190 7
1772 3641 7
1772 4500 7
1776 468 7
1777 1653 7
1777 2607 7
1777 2904 7
1777 710 7
1778 3890 7
178 188 7
178 1928 7
178 2677 7
1782 2400 7
1782 2445 7
1782 507 7
1782 710 7
1785 1692 7
1785 1937 7
1785 2454 7
1787 283 7
1789 1422 7
1789 2917 7
1791 1108 7
1791 280 7
1791 537 7
1791 545 7
1791 789 7
1791 801 7
1791 801 7
1791 913 7
1791 92 7
1794 2927 7
1794 395 7
1794 4379 7
1796 2373 7
1796 959 7
1798 2956 7
1798 4239 7
1799 1930 7
1799 418 7
18 2468 7
18 2765 7
18 3201 7
1802 1500 7
1802 2765 7
1802 310 7
1808 1702 7
1808 4514 7
1809 162 7
1809 4089 7
1814 248 7
1814 2735 7
182 855 7
1820 1221 7
1820 157 7
1820 2891 7
1820 701 7
1822 1029 7
1822 1185 7
1823 200 7
1823 3652 7
1826 3195 7
1826 900 7
1828 3623 7
1828 4487 7
1829 1240 7
1829 1356 7
1829 1937 7
1829 2033 7
1836 4199 7
1841 4327 7
1841 837 7
1842 1201 7
1842 1871 7
1842 1927 7
1842 299 7
1842 3009 7
1843 3695 7
1843 4505 7
1843 897 7
1846 2237 7
1846 238 7
1846 2702 7
1846 2708 7
1846 449 7
185 157 7
185 157 7
185 164 7
185 1820 7
185 2085 7
185 2891 7
1851 1212 7
1851 2706 7
1851 5 7
1851 968 7
1854 1711 7
1854 2305 7
1854 305 7
1854 4410 7
186 193 7
186 3232 7
186 3592 7
186 3600 7
186 3706 7
186 4080 7
186 4596 7
186 521 7
1860 3966 7
1860 4353 7
1860 596 7
1861 133 7
1861 2288 7
1861 4394 7
1861 4395 7
1861 4404 7
1863 124 7
1863 1623 7
1863 2090 7
1866 1976 7
1866 2296 7
1869 2255 7
1869 3143 7
1869 595 7
187 202 7
187 2705 7
187 285 7
187 4322 7
187 741 7
1870 3023 7
1871 148 7
1871 1480 7
1871 1908 7
1871 685 7
188 1167 7
188 1197 7
188 1307 7
188 1557 7
188 227 7
188 2723 7
188 3018 7
188 623 7
188 720 7
188 920 7
1883 400 7
1883 42 7
1883 497 7
1889 1033 7
1889 1298 7
1889 1925 7
1889 1998 7
1889 275 7
1889 440 7
1889 467 7
189 1178 7
189 1313 7
189 1925 7
189 2073 7
189 270 7
189 2791 7
189 3317 7
189 3554 7
189 956 7
189 96 7
1890 2132 7
1908 1088 7
1908 1235 7
1908 124 7
1908 1645 7
1908 1926 7
1908 1927 7
1908 2555 7
1908 412 7
1908 748 7
191 3450 7
1910 1286 7
1910 1557 7
1910 2551 7
1910 742 7
1921 3150 7
1921 4249 7
1925 1245 7
1925 1479 7
1925 1621 7
1925 3316 7
1925 455 7
1925 736 7
1925 98 7
1926 1008 7
1926 1088 7
1926 1160 7
1926 1244 7
1926 207 7
1926 2196 7
1926 2904 7
1926 748 7
1927 1117 7
1927 1355 7
1927 1623 7
1927 1889 7
1927 1889 7
1927 2320 7
1927 275 7
1927 3608 7
1927 3608 7
1927 467 7
1927 66 7
1927 736 7
1927 98 7
1928 1623 7
1928 3754 7
1928 92 7
1928 921 7
1928 959 7
1929 147 7
1929 4285 7
1929 83 7
193 2723 7
193 28 7
193 3077 7
193 4049 7
193 4057 7
193 4183 7
193 566 7
193 684 7
193 728 7
1931 4047 7
1933 2892 7
1933 3309 7
1933 357 7
1933 577 7
1933 950 7
1934 2677 7
1937 1532 7
1937 2957 7
1937 3099 7
1939 200 7
1939 2051 7
1939 959 7
1944 1794 7
1944 4379 7
1944 499 7
1949 451 7
1949 637 7
1949 955 7
195 330 7
1953 304 7
1957 220 7
1957 229 7
1957 257 7
1957 64 7
1963 1000 7
1963 102 7
1963 1254 7
1963 3777 7
1963 849 7
1966 1406 7
1966 793 7
197 136 7
197 2070 7
197 4414 7
1971 2414 7
1975 1993 7
1975 806 7
1976 2296 7
1976 302 7
1976 4270 7
1976 4271 7
1976 536 7
1979 1383 7
1981 1735 7
1981 4018 7
1981 54 7
1983 2515 7
1983 3220 7
1983 4548 7
1985 227 7
1985 260 7
1985 3869 7
1985 3991 7
1985 4487 7
1985 574 7
1989 2782 7
1989 3782 7
199 104 7
199 115 7
199 12 7
199 174 7
199 2109 7
199 2259 7
199 77 7
1990 1217 7
1993 17 7
1993 327 7
1993 335 7
1993 806 7
1997 1007 7
1997 1908 7
1997 1908 7
1997 1979 7
1997 1985 7
1997 300 7
1997 910 7
1998 2380 7
1998 467 7
2 112 7
2 1677 7
2 2028 7
2 3776 7
2 477 7
2 545 7
2 580 7
2 639 7
2 64 7
2 673 7
20 147 7
200 1099 7
200 1166 7
200 122 7
200 2067 7
200 2076 7
200 2101 7
200 2121 7
200 3520 7
200 3771 7
200 563 7
200 883 7
200 900 7
2005 1179 7
2005 2296 7
2005 393 7
2005 89 7
2006 1029 7
2006 113 7
2006 1175 7
2006 1179 7
2006 1213 7
2006 1257 7
2006 2143 7
2006 2372 7
2006 25 7
2006 3240 7
2006 3406 7
2006 3593 7
2006 4001 7
2006 42 7
2006 685 7
2006 748 7
2006 827 7
2006 950 7
201 171 7
201 2763 7
201 2986 7
201 3743 7
201 3762 7
201 891 7
2011 193 7
2011 2805 7
2011 412 7
2011 508 7
202 207 7
202 2192 7
202 2247 7
202 2935 7
202 2943 7
202 3130 7
202 53 7
202 563 7
202 589 7
202 98 7
2020 4579 7
2020 4586 7
2021 1557 7
2021 1910 7
2023 1343 7
2023 1621 7
2023 931 7
2028 172 7
2028 3989 7
2028 90 7
2028 952 7
2031 443 7
2031 4594 7
2032 2189 7
2032 2310 7
2032 4449 7
2032 4450 7
2032 4456 7
2032 465 7
2033 1937 7
2035 4622 7
2035 945 7
2040 1630 7
2040 2157 7
2040 400 7
2040 98 7
2050 398 7
2050 4440 7
2051 200 7
2051 33 7
2051 418 7
2051 736 7
2054 1930 7
2054 2139 7
2055 1056 7
2055 1424 7
2055 256 7
2055 2699 7
2055 4283 7
2055 864 7
2055 872 7
2057 219 7
2057 2551 7
2063 2054 7
2067 1026 7
2067 1192 7
2067 1711 7
2067 1933 7
2067 2069 7
2067 219 7
2067 227 7
2067 2380 7
2067 2867 7
2067 3593 7
2067 621 7
2067 92 7
2069 2099 7
2069 2112 7
207 112 7
207 1957 7
207 220 7
207 229 7
207 257 7
207 64 7
207 798 7
207 801 7
207 950 7
2070 2145 7
2071 2143 7
2071 32 7
2073 2063 7
2073 25 7
2073 259 7
2075 4139 7
2075 752 7
2076 1194 7
2076 1568 7
2076 201 7
2076 202 7
2076 256 7
2076 3326 7
2078 1835 7
2078 2448 7
2079 1183 7
2079 1194 7
2079 171 7
2079 2099 7
2079 214 7
2085 159 7
2085 833 7
2088 2087 7
2089 2076 7
2090 30 7
2090 30 7
2090 30 7
2090 4277 7
2090 652 7
2090 654 7
2090 655 7
2090 663 7
2094 2092 7
2094 2131 7
2097 2105 7
2097 2139 7
21 4284 7
21 56 7
21 725 7
2101 171 7
2101 1796 7
2101 2259 7
2101 227 7
2101 3752 7
2101 605 7
2102 1823 7
2105 3652 7
2107 2139 7
2109 1890 7
2109 2089 7
2109 2120 7
211 1108 7
211 1791 7
211 371 7
211 3873 7
211 412 7
211 456 7
211 610 7
211 659 7
211 801 7
2112 1826 7
2116 200 7
2116 201 7
2116 2138 7
2119 2102 7
2119 2109 7
2119 2120 7
212 1601 7
212 815 7
2121 1183 7
2121 456 7
2121 900 7
2123 2096 7
2123 2107 7
2123 2448 7
2124 2996 7
2129 4340 7
2129 4471 7
2132 2109 7
2134 1192 7
2134 1615 7
2134 310 7
2134 3752 7
2137 2094 7
2137 2148 7
2137 3005 7
2138 2054 7
2138 2131 7
2138 2150 7
2138 3006 7
2141 3596 7
2141 4574 7
2141 4610 7
2141 465 7
2143 1082 7
2143 124 7
2143 1608 7
2143 2067 7
2143 2079 7
2143 2380 7
2143 3520 7
2143 807 7
2145 1719 7
2145 2402 7
2146 1608 7
2146 2116 7
2148 1544 7
2149 1799 7
2149 2003 7
215 304 7
2150 2107 7
2150 3652 7
2150 4419 7
2155 1491 7
2155 4030 7
2157 3126 7
2160 1131 7
2160 4355 7
2160 687 7
2163 3873 7
2170 4164 7
2170 503 7
2172 2867 7
2172 2901 7
2172 4001 7
2172 487 7
2176 112 7
2179 2305 7
2179 2331 7
2179 2919 7
2179 3871 7
2179 4134 7
2188 3529 7
2188 4489 7
2188 4582 7
2188 4610 7
2188 4611 7
2189 2478 7
2189 3232 7
2189 4446 7
219 131 7
219 1548 7
219 1939 7
219 200 7
219 234 7
219 3523 7
219 418 7
219 595 7
2193 2694 7
2193 4617 7
2196 1533 7
2196 202 7
2196 637 7
2196 955 7
220 229 7
220 62 7
2200 143 7
2200 4346 7
2203 4145 7
2203 644 7
2203 692 7
2209 1167 7
2209 269 7
2209 39 7
2209 4550 7
2214 2230 7
2214 3816 7
2221 2233 7
2221 227 7
2221 2699 7
2225 2593 7
2227 1934 7
2227 3348 7
223 3038 7
223 41 7
223 4542 7
223 712 7
2230 3816 7
2230 4247 7
2232 1008 7
2232 1186 7
2232 201 7
2232 3449 7
2233 2699 7
2233 3176 7
2233 3782 7
2233 4098 7
2233 539 7
2233 543 7
2233 803 7
2234 251 7
2234 2901 7
2234 4417 7
2234 563 7
2234 898 7
2235 2238 7
2237 187 7
2237 2702 7
2237 2706 7
2237 2708 7
2237 968 7
2238 3544 7
2238 3728 7
224 1087 7
224 1153 7
224 1164 7
224 1200 7
224 950 7
2240 2028 7
2240 352 7
2242 2170 7
2244 1098 7
2244 187 7
2244 2328 7
2244 2733 7
2244 3230 7
2244 4018 7
2244 989 7
2247 1131 7
2247 1393 7
2247 2673 7
2247 3604 7
2247 465 7
2247 557 7
2247 659 7
2247 673 7
2247 801 7
225 1109 7
225 3913 7
2250 3623 7
2252 1081 7
2252 3101 7
2252 65 7
2255 1246 7
2255 1458 7
2255 1529 7
2255 1602 7
2255 2392 7
2255 3705 7
2255 4454 7
2255 659 7
2255 741 7
2255 921 7
2255 959 7
2259 171 7
2259 2051 7
2259 2067 7
2259 2079 7
2259 2146 7
2259 219 7
2259 4202 7
2262 1562 7
2263 151 7
2263 4323 7
2266 2677 7
2266 2693 7
2266 2694 7
2266 4628 7
2266 707 7
227 1082 7
227 1201 7
227 158 7
227 1997 7
227 2463 7
227 2699 7
227 436 7
227 539 7
227 640 7
227 833 7
2273 4284 7
2273 539 7
2278 115 7
228 132 7
228 1728 7
228 1823 7
228 3342 7
228 3762 7
228 4292 7
228 479 7
228 787 7
228 92 7
2280 4360 7
2280 4372 7
2282 131 7
2283 1660 7
2283 2984 7
2288 133 7
2288 4536 7
229 257 7
229 79 7
229 910 7
2291 3861 7
2296 1179 7
2296 164 7
2296 327 7
2296 4487 7
2305 305 7
2305 4410 7
2307 1178 7
2307 1677 7
2307 1735 7
2307 1981 7
2307 3244 7
2307 3762 7
2307 3762 7
2307 3785 7
2307 4115 7
2307 54 7
2307 543 7
2307 848 7
2309 2711 7
2309 365 7
2309 4303 7
2309 708 7
2310 1424 7
2310 2055 7
2310 4283 7
2311 3299 7
2312 1212 7
2312 285 7
2312 399 7
2312 4617 7
2312 4637 7
2312 573 7
2313 2312 7
2313 2553 7
2313 3001 7
2313 388 7
2313 4287 7
2316 1438 7
2316 2373 7
2316 2676 7
2316 3786 7
2317 1181 7
2317 133 7
2317 2311 7
2317 2443 7
2317 3535 7
232 1651 7
2320 1889 7
2320 275 7
2320 3628 7
2320 3992 7
2320 924 7
2326 4511 7
2328 1401 7
2328 1981 7
2328 237 7
2328 3777 7
2328 4019 7
2328 686 7
233 2716 7
2331 1624 7
2331 2346 7
2331 3203 7
2335 1963 7
2336 2699 7
2336 3887 7
2336 3965 7
2336 4288 7
2336 4558 7
2346 1624 7
2346 2179 7
2346 4134 7
2346 819 7
2347 4416 7
2347 4424 7
2347 4426 7
235 3244 7
235 387 7
235 4298 7
235 457 7
2350 4501 7
2351 634 7
236 3503 7
237 1090 7
237 1098 7
237 1202 7
237 1401 7
237 1443 7
237 158 7
237 1981 7
237 1997 7
237 2244 7
237 2892 7
237 3230 7
237 3593 7
237 3934 7
237 543 7
237 989 7
237 989 7
2371 132 7
2371 479 7
2371 92 7
2372 2555 7
2372 3240 7
2372 334 7
2372 3908 7
2372 447 7
2373 115 7
2373 1186 7
2373 314 7
2373 3230 7
2373 3230 7
2373 3503 7
2373 3940 7
2373 579 7
2373 77 7
2374 1206 7
2374 1979 7
2374 3867 7
2378 2943 7
2378 3544 7
2379 1026 7
2379 333 7
238 807 7
2380 1506 7
2380 1939 7
2380 2320 7
2380 440 7
2380 4567 7
2380 946 7
2382 2150 7
239 2076 7
239 2551 7
239 3018 7
239 577 7
239 66 7
2391 133 7
2391 24 7
2392 1029 7
2392 1090 7
2392 1170 7
2392 1177 7
2392 1179 7
2392 1201 7
2392 1202 7
2392 1228 7
2392 1228 7
2392 1985 7
2392 1985 7
2392 2296 7
2392 3016 7
2392 3056 7
2392 3056 7
2392 3458 7
2392 3484 7
2392 447 7
2392 447 7
2392 486 7
2392 627 7
2392 833 7
24 1636 7
24 710 7
2400 4298 7
2401 2150 7
2402 2121 7
2405 1823 7
2405 2402 7
2408 4397 7
2413 14 7
2413 1529 7
2415 1194 7
2415 199 7
242 1460 7
242 1644 7
242 1814 7
2426 2525 7
2426 706 7
2429 1719 7
2429 44 7
2430 2084 7
2430 4199 7
2433 3838 7
2437 2739 7
2443 1381 7
2443 4105 7
2445 2143 7
2445 2716 7
2445 3608 7
2448 2382 7
2454 1692 7
2454 1937 7
2454 2957 7
246 975 7
2463 1383 7
2463 2392 7
2463 4001 7
2467 2477 7
2467 2513 7
2467 4443 7
2467 754 7
2468 137 7
2468 2476 7
2468 2477 7
2468 2606 7
2468 2930 7
2468 74 7
2469 1798 7
247 3161 7
247 3966 7
2473 4565 7
2476 1430 7
2476 4443 7
2476 989 7
2477 754 7
2477 754 7
2477 824 7
2478 1253 7
2478 2032 7
2478 232 7
2478 2647 7
2478 2711 7
2478 2904 7
248 1487 7
248 1733 7
2497 304 7
2497 3402 7
25 1125 7
25 132 7
25 1719 7
250 1131 7
250 1201 7
250 188 7
250 4342 7
2502 3406 7
251 112 7
251 130 7
251 1529 7
251 1623 7
251 257 7
251 2574 7
251 261 7
251 3079 7
251 3215 7
251 3312 7
251 3317 7
251 352 7
251 36 7
251 561 7
251 561 7
251 563 7
251 659 7
251 728 7
2511 1513 7
2513 1682 7
2513 2570 7
2515 2719 7
2515 3220 7
2521 1118 7
2521 202 7
2521 3835 7
2521 4018 7
2525 234 7
2525 2927 7
253 2077 7
253 2721 7
2549 1146 7
2549 2196 7
2549 3108 7
2549 92 7
255 1201 7
255 1397 7
255 1533 7
255 3833 7
255 432 7
255 659 7
255 849 7
2551 1939 7
2551 2021 7
2553 333 7
2553 388 7
2553 4287 7
2555 1088 7
2555 148 7
2555 1645 7
2555 2379 7
2555 3026 7
2555 3240 7
2555 4472 7
2557 1174 7
2557 1706 7
2557 419 7
2557 4532 7
256 1823 7
256 2089 7
256 2101 7
256 2984 7
256 3918 7
256 4202 7
256 4316 7
256 4331 7
256 4409 7
256 891 7
2561 3601 7
257 193 7
257 220 7
257 2722 7
257 444 7
257 64 7
257 79 7
257 898 7
257 910 7
2570 2590 7
2574 1025 7
2574 1245 7
2574 13 7
2574 130 7
2574 1791 7
2574 211 7
2574 251 7
2574 280 7
2574 3215 7
2574 371 7
2574 537 7
2574 623 7
2574 635 7
2574 801 7
2574 92 7
2574 98 7
258 725 7
2584 1458 7
2586 463 7
259 251 7
259 579 7
259 605 7
2593 2590 7
2597 1386 7
2597 1560 7
260 115 7
260 1990 7
260 2373 7
260 3230 7
260 3451 7
2601 131 7
2601 2478 7
2606 4496 7
2607 1568 7
2607 1653 7
2607 2536 7
261 14 7
261 193 7
261 4057 7
261 4616 7
261 656 7
261 822 7
2612 3201 7
2612 457 7
2613 1394 7
2613 2597 7
2617 1361 7
2617 2957 7
2617 4494 7
2618 2134 7
2628 1430 7
2629 1636 7
2629 2225 7
2629 36 7
263 3726 7
263 4435 7
263 449 7
263 731 7
2631 2557 7
2631 357 7
2631 3785 7
2631 400 7
264 1323 7
264 1926 7
2647 1566 7
2647 387 7
2647 4311 7
2647 610 7
2647 638 7
2647 921 7
2652 742 7
2655 1087 7
2655 1153 7
2655 12 7
2655 224 7
2655 3713 7
2658 4311 7
2658 4329 7
2662 4243 7
2665 3832 7
2665 3928 7
2665 4289 7
2667 1466 7
2667 2143 7
2670 1153 7
2670 4361 7
2671 263 7
2671 3026 7
2671 456 7
2673 1211 7
2673 3026 7
2675 1981 7
2675 2307 7
2675 4115 7
2675 54 7
2676 440 7
2676 913 7
2677 2694 7
2679 2313 7
2679 4622 7
2681 1566 7
2681 2851 7
2681 4342 7
2681 692 7
2681 709 7
2681 772 7
2685 2665 7
2685 3832 7
2688 3047 7
2688 4564 7
269 3038 7
269 3103 7
269 3113 7
269 4604 7
269 713 7
2691 4559 7
2693 4435 7
2694 2686 7
2695 2679 7
2695 2689 7
2695 4562 7
2695 915 7
2698 1934 7
2699 3338 7
2699 3965 7
2699 443 7
2699 83 7
270 32 7
2701 2378 7
2702 263 7
2702 2934 7
2702 3008 7
2702 3726 7
2702 449 7
2702 456 7
2705 1211 7
2706 1212 7
2706 1846 7
2706 3008 7
2706 3726 7
2707 4575 7
2708 2705 7
2708 449 7
2711 2040 7
2711 3604 7
2713 129 7
2713 2714 7
2713 4353 7
2713 566 7
2714 1201 7
2714 2032 7
2714 237 7
2714 239 7
2714 3077 7
2714 3533 7
2714 4489 7
2714 4574 7
2714 492 7
2714 646 7
2714 822 7
2716 2225 7
2716 235 7
2716 2476 7
2716 681 7
2716 956 7
2718 1013 7
2718 1173 7
2718 1184 7
2718 1933 7
2718 299 7
2718 306 7
2718 421 7
2718 778 7
2719 1983 7
2719 4548 7
2719 709 7
272 1013 7
272 1169 7
272 1202 7
272 1307 7
272 1401 7
272 275 7
272 3018 7
272 3018 7
272 45 7
272 461 7
272 543 7
272 801 7
272 880 7
2722 188 7
2722 2413 7
2722 2478 7
2722 2555 7
2722 261 7
2722 3524 7
2722 409 7
2722 421 7
2722 465 7
2722 508 7
2722 53 7
2722 566 7
2723 2805 7
2723 3071 7
2723 3085 7
2723 387 7
2723 3962 7
2723 4457 7
2723 530 7
2723 614 7
2723 801 7
2725 4280 7
2730 153 7
2731 2973 7
2731 3004 7
2731 3024 7
2731 4192 7
2731 4443 7
2733 1302 7
2733 349 7
2733 4311 7
2735 1345 7
2735 1381 7
2735 4028 7
2735 4338 7
2738 1940 7
2738 3563 7
2739 2006 7
2739 2155 7
2739 3893 7
2739 393 7
2739 393 7
2739 400 7
2739 89 7
2741 3182 7
2745 2685 7
2747 2759 7
2747 4319 7
275 1033 7
275 1869 7
275 189 7
275 2380 7
275 440 7
275 467 7
2751 1814 7
2751 2735 7
2759 1860 7
2759 4051 7
2761 3182 7
2761 3549 7
2761 3866 7
2761 3966 7
2761 4003 7
2765 1294 7
2765 3 7
2765 3458 7
2765 3940 7
2765 4490 7
2765 720 7
2766 269 7
2767 1929 7
2770 189 7
2770 2759 7
2770 4336 7
2773 2392 7
2773 3458 7
278 1366 7
278 1957 7
278 220 7
278 257 7
278 352 7
278 580 7
278 983 7
2782 3244 7
2782 3695 7
2791 2309 7
2791 2738 7
2791 2770 7
2791 2770 7
2791 317 7
2791 3921 7
2791 408 7
2791 4319 7
2791 4353 7
2791 4356 7
2796 1095 7
2796 129 7
2796 193 7
2796 357 7
2796 4078 7
2796 4522 7
2796 455 7
2796 4574 7
2796 530 7
28 2805 7
28 412 7
280 1108 7
280 1791 7
280 211 7
280 371 7
280 635 7
280 801 7
280 913 7
2803 4053 7
2803 4484 7
2803 465 7
2805 2722 7
2805 3077 7
2805 3706 7
2805 4423 7
2805 4457 7
281 64 7
2810 2392 7
2810 3540 7
2810 4579 7
2810 4588 7
2811 609 7
2818 2200 7
2818 4349 7
2818 879 7
2820 1609 7
2820 4336 7
2820 684 7
2820 838 7
2826 2090 7
2826 3647 7
2826 4553 7
2826 4624 7
2836 112 7
2836 2723 7
2836 2791 7
2836 3081 7
2836 3085 7
2836 3305 7
2836 365 7
2836 3862 7
2836 4463 7
2836 563 7
2836 656 7
2836 838 7
2838 4560 7
2838 4598 7
2838 4607 7
2842 2515 7
2842 2719 7
2842 3220 7
2842 3970 7
2842 726 7
2847 441 7
285 2073 7
285 45 7
285 53 7
285 573 7
2860 3524 7
2860 4060 7
2867 1057 7
2867 1712 7
2867 536 7
2867 633 7
287 1177 7
287 1252 7
287 1548 7
287 1782 7
287 2309 7
287 2676 7
287 3108 7
2872 1104 7
2872 3680 7
2872 514 7
2876 1226 7
2876 1275 7
2876 1719 7
2876 1785 7
2876 2915 7
2882 3246 7
2882 401 7
2887 1169 7
2887 1177 7
2887 1711 7
2887 36 7
2887 3990 7
2887 4396 7
2888 849 7
289 1211 7
289 2671 7
2890 1529 7
2890 543 7
2891 335 7
2891 701 7
2891 806 7
2892 3073 7
2892 4271 7
2898 3555 7
2901 1186 7
2901 3611 7
2901 3835 7
2901 4082 7
2901 448 7
2901 497 7
2903 45 7
2903 664 7
2904 1244 7
2904 1281 7
2904 2426 7
2904 3524 7
2911 123 7
2911 4439 7
2911 822 7
2913 1715 7
2915 1667 7
2915 4219 7
2917 1808 7
2917 4216 7
2919 3867 7
2919 690 7
2927 1430 7
2927 162 7
2927 2391 7
2927 2468 7
2930 1160 7
2930 1178 7
2930 2549 7
2930 3108 7
2933 2238 7
2934 202 7
2934 2247 7
2934 2686 7
2935 1163 7
2935 610 7
2936 3526 7
2936 4552 7
2936 4612 7
2943 1846 7
2948 1240 7
2948 2469 7
2948 4516 7
2950 2467 7
2954 1400 7
2954 3598 7
2956 2487 7
2956 3002 7
2957 1431 7
2957 1532 7
2957 2487 7
2957 4494 7
2964 1361 7
2964 3735 7
2965 1950 7
2965 2520 7
2966 2977 7
2966 4234 7
2966 828 7
2969 1798 7
2969 2990 7
2969 4081 7
2969 4406 7
2971 1758 7
2971 319 7
2972 4330 7
2972 720 7
2973 1953 7
2973 215 7
2973 3724 7
2973 610 7
2977 1431 7
2977 3340 7
2977 3445 7
2977 4234 7
298 2999 7
2980 2965 7
2982 2280 7
2982 4360 7
2983 2936 7
2983 4552 7
2984 12 7
2984 1719 7
2984 2057 7
2984 2121 7
2984 96 7
2986 2096 7
2986 720 7
2986 725 7
2986 778 7
2988 4239 7
299 1167 7
299 138 7
299 1393 7
299 2233 7
299 3406 7
299 643 7
299 673 7
2990 3001 7
2990 4286 7
2990 4286 7
2990 4401 7
2992 1183 7
2992 1556 7
2992 2307 7
2992 3762 7
2993 4435 7
2995 519 7
2995 831 7
2999 1931 7
2999 2988 7
2999 2990 7
2999 4341 7
2999 4354 7
3 1123 7
3 1363 7
3 1406 7
3 18 7
3 807 7
3 91 7
30 3463 7
30 4553 7
30 4569 7
30 653 7
30 655 7
30 674 7
30 789 7
30 874 7
300 1201 7
300 237 7
300 3056 7
300 461 7
300 833 7
3001 1081 7
3001 2252 7
3001 3101 7
3002 1318 7
3002 1715 7
3002 2969 7
3002 4219 7
3004 4107 7
3005 2131 7
3005 3838 7
3005 938 7
3006 3838 7
3007 4286 7
3008 263 7
3008 2708 7
3008 3026 7
3009 2990 7
3009 4081 7
3009 4286 7
3010 2101 7
3016 3056 7
3016 3458 7
3016 989 7
3018 1088 7
3018 1117 7
3018 1131 7
3018 1393 7
3018 1645 7
3018 1908 7
3018 1933 7
3018 207 7
3018 2714 7
3018 3338 7
3018 3533 7
3018 500 7
3018 51 7
3018 635 7
3018 66 7
3018 710 7
3018 720 7
3018 801 7
302 164 7
302 1866 7
302 2296 7
3023 537 7
3026 2312 7
3026 333 7
3026 3726 7
3026 449 7
3029 1188 7
3029 2782 7
3035 4562 7
3037 250 7
3037 269 7
3037 3103 7
3037 3112 7
3037 3506 7
3038 101 7
3038 3101 7
304 2586 7
304 2731 7
304 2973 7
3047 915 7
3048 4063 7
305 4410 7
305 4411 7
3051 3035 7
3056 1214 7
3056 1985 7
3056 1997 7
3056 2392 7
3056 3057 7
3056 4018 7
3056 447 7
3057 115 7
3057 1289 7
3057 1374 7
3057 199 7
3057 2392 7
3057 2521 7
3057 2773 7
306 3797 7
306 4318 7
306 824 7
3062 1438 7
3062 2242 7
3062 2316 7
3062 3801 7
3062 383 7
3066 1487 7
3066 1814 7
3066 3838 7
3066 4519 7
3066 569 7
3067 1706 7
3067 3742 7
3071 193 7
3071 2836 7
3071 3083 7
3071 4343 7
3071 4449 7
3071 4603 7
3071 842 7
3073 1928 7
3073 4271 7
3073 496 7
3076 1117 7
3076 2723 7
3076 2791 7
3077 251 7
3077 2811 7
3077 3085 7
3077 3962 7
3077 4474 7
3077 656 7
3077 847 7
3079 3529 7
3079 3849 7
3079 4078 7
3079 444 7
3080 522 7
3081 561 7
3083 115 7
3083 2020 7
3083 2714 7
3083 399 7
3083 4459 7
3083 4596 7
3083 465 7
3083 838 7
3084 4603 7
3084 4626 7
3085 1226 7
3085 2 7
3085 3076 7
3085 3498 7
3085 4049 7
3085 838 7
309 1125 7
3090 1406 7
3090 169 7
3090 749 7
3098 1181 7
3098 1393 7
3098 51 7
3099 1432 7
3099 1937 7
310 1051 7
310 1178 7
310 1473 7
310 2250 7
310 3240 7
310 3623 7
310 764 7
3101 3037 7
3101 362 7
3102 128 7
3102 41 7
3102 4538 7
3103 3135 7
3103 4538 7
3103 4539 7
3103 4540 7
3106 1183 7
3106 3029 7
3106 3630 7
3106 54 7
3107 3965 7
3108 1842 7
3111 1609 7
3111 2723 7
3111 4336 7
3112 127 7
3112 132 7
3112 2159 7
3112 3130 7
3112 3135 7
3112 32 7
3112 4540 7
3112 46 7
3112 664 7
3113 4530 7
3113 4539 7
3113 4547 7
3113 712 7
3113 712 7
3118 4365 7
312 1057 7
312 1250 7
312 1979 7
3120 41 7
3120 4538 7
3122 2751 7
3123 1791 7
3123 959 7
3124 1529 7
3124 2218 7
3124 2426 7
3124 2860 7
3124 2890 7
3124 3429 7
3124 3524 7
3124 4370 7
3124 543 7
3124 706 7
3124 853 7
3126 112 7
3126 675 7
313 620 7
3130 147 7
3130 2076 7
3130 250 7
3130 3098 7
3130 3934 7
3130 709 7
3133 2185 7
3135 3101 7
3135 4541 7
3136 1197 7
3136 2203 7
3136 2213 7
314 158 7
314 1921 7
3143 1443 7
3143 275 7
3146 1327 7
3146 4380 7
3147 53 7
3147 623 7
3150 1327 7
3150 158 7
3150 1928 7
3150 36 7
3150 4323 7
3150 92 7
3151 133 7
3151 4269 7
3152 3966 7
3152 4319 7
3155 3077 7
3155 357 7
3155 510 7
3156 3593 7
3156 3990 7
3156 753 7
3156 803 7
3161 1860 7
3161 2791 7
3162 3866 7
3169 773 7
317 1940 7
317 259 7
3176 123 7
3176 186 7
3176 2129 7
3176 3312 7
3176 3830 7
3176 4340 7
3176 466 7
3176 826 7
3182 3545 7
3182 4336 7
3182 4338 7
3182 825 7
3182 826 7
3189 2722 7
3189 3085 7
3189 3155 7
3189 656 7
3192 188 7
3195 2288 7
3195 451 7
3195 508 7
3195 753 7
32 1232 7
32 188 7
32 3101 7
32 3548 7
32 4445 7
32 537 7
32 670 7
32 959 7
32 98 7
3201 1123 7
3201 1177 7
3201 2380 7
3201 3 7
3201 3940 7
3201 4378 7
3201 4386 7
3201 4475 7
3201 88 7
3201 91 7
3203 2346 7
3203 819 7
3204 1719 7
321 312 7
3211 1210 7
3211 2847 7
3211 3873 7
3211 4339 7
3215 130 7
3215 132 7
3215 1623 7
3215 251 7
3215 2574 7
3215 2647 7
3215 2718 7
3215 519 7
3215 643 7
3215 659 7
3215 66 7
3215 66 7
3215 719 7
3220 2719 7
3220 726 7
3222 1104 7
3222 1548 7
3222 1711 7
3222 2872 7
3225 2335 7
3225 595 7
3225 610 7
3225 654 7
3227 956 7
3229 2380 7
3229 419 7
3230 1098 7
3230 127 7
3230 1432 7
3230 145 7
3230 314 7
3230 3271 7
3230 4018 7
3230 989 7
3232 2129 7
3232 3176 7
3232 466 7
3233 1548 7
3240 1399 7
3240 25 7
3240 3593 7
3240 3960 7
3240 448 7
3240 486 7
3240 602 7
3240 685 7
3242 1036 7
3242 931 7
3244 1104 7
3244 1183 7
3244 1556 7
3244 2992 7
3244 3106 7
3244 3457 7
3244 3695 7
3244 3762 7
3245 1976 7
3245 66 7
3246 1550 7
3250 1066 7
3250 579 7
3250 741 7
3253 1104 7
3253 4373 7
3253 514 7
326 202 7
326 3967 7
3260 642 7
327 165 7
327 1975 7
327 2735 7
327 3821 7
327 4173 7
327 4390 7
3271 1459 7
3271 971 7
328 3071 7
3281 2090 7
3281 482 7
3295 132 7
3295 710 7
3299 235 7
33 1025 7
33 1796 7
33 2380 7
330 130 7
330 1343 7
330 1621 7
330 171 7
330 2023 7
330 2860 7
330 2904 7
330 3124 7
330 706 7
330 913 7
3309 456 7
3312 112 7
3312 129 7
3312 1529 7
3312 2722 7
3312 2722 7
3312 371 7
3312 412 7
3312 4340 7
3312 508 7
3312 508 7
3312 74 7
3316 1925 7
3317 259 7
3317 2761 7
3317 3162 7
3317 383 7
3317 4076 7
3317 510 7
3317 579 7
3317 830 7
3319 132 7
3319 3299 7
3324 132 7
3324 3317 7
3324 753 7
3326 2067 7
3326 2722 7
3326 387 7
3326 467 7
3326 476 7
3326 71 7
3326 82 7
3328 2902 7
3328 480 7
3328 805 7
333 1026 7
333 3956 7
333 4398 7
3331 2695 7
3331 4615 7
3331 4641 7
3338 2400 7
3338 3099 7
3339 4469 7
334 1090 7
334 1175 7
334 1252 7
334 185 7
334 2 7
334 228 7
334 275 7
334 36 7
334 42 7
334 623 7
334 989 7
3340 4234 7
3342 3460 7
3346 1169 7
3346 385 7
3346 4295 7
335 1615 7
335 164 7
335 185 7
335 2250 7
335 2777 7
335 310 7
335 3654 7
335 4390 7
3359 1394 7
3368 1829 7
3368 3927 7
337 1179 7
337 2296 7
3380 1117 7
3380 3481 7
3384 1406 7
3384 169 7
339 1722 7
339 3729 7
339 4200 7
3393 1636 7
3393 1746 7
3393 4221 7
34 14 7
34 25 7
340 4190 7
3402 118 7
3402 3601 7
3406 1827 7
3406 2713 7
3406 3835 7
3406 444 7
3406 673 7
3406 885 7
3417 1240 7
3417 298 7
3419 1281 7
3419 1777 7
3419 1933 7
3421 2496 7
3422 1747 7
3422 224 7
3422 3170 7
3422 652 7
3422 803 7
3422 950 7
3429 885 7
3431 2610 7
3441 1007 7
3441 1087 7
3441 2224 7
3441 931 7
3442 1567 7
3443 2392 7
3443 2915 7
3443 3016 7
3443 3458 7
3445 4488 7
3448 4297 7
3449 1671 7
3450 1443 7
3450 30 7
3450 36 7
3450 686 7
3451 4030 7
3454 1869 7
3454 2 7
3454 3448 7
3454 3802 7
3456 1191 7
3457 2090 7
3458 3056 7
3458 310 7
3458 3201 7
3458 3623 7
3458 3940 7
3458 453 7
3458 989 7
3460 1709 7
3460 2255 7
3460 3230 7
3460 36 7
3460 77 7
3462 1302 7
3462 418 7
3465 1153 7
3465 1201 7
3465 2867 7
3465 3593 7
3465 366 7
3465 3713 7
3465 4269 7
3465 476 7
3470 3788 7
3473 2445 7
3473 719 7
3484 1090 7
3484 227 7
349 126 7
349 2255 7
349 3449 7
3497 1401 7
3497 1997 7
3497 2233 7
3497 228 7
3497 487 7
3497 876 7
3498 4098 7
3498 838 7
3503 1201 7
3503 2203 7
3503 2842 7
3503 3112 7
3503 4274 7
3506 101 7
3506 2209 7
3506 223 7
3506 3135 7
3506 3135 7
3506 4538 7
3514 162 7
3514 2730 7
3514 4351 7
3518 4568 7
352 112 7
352 1178 7
352 130 7
352 2 7
352 2028 7
352 251 7
352 545 7
352 952 7
3520 1430 7
3520 201 7
3520 2138 7
3520 3830 7
3520 4443 7
3520 778 7
3523 500 7
3524 111 7
3524 2468 7
3524 2714 7
3524 3592 7
3524 4060 7
3524 414 7
3524 563 7
3524 586 7
3524 656 7
3524 706 7
3524 74 7
3525 1167 7
3525 139 7
3525 1963 7
3525 4531 7
3525 6 7
3525 621 7
3525 83 7
3526 4583 7
3526 4612 7
3529 372 7
3529 566 7
3530 684 7
3533 1088 7
3533 1169 7
3533 239 7
3533 3708 7
3533 577 7
3533 66 7
3534 3081 7
3534 4078 7
3534 4340 7
3534 4343 7
3534 4507 7
3535 2854 7
3535 3135 7
3535 3506 7
3535 38 7
3541 1636 7
3544 2193 7
3544 2701 7
3545 2791 7
3547 3555 7
3548 1232 7
3548 2134 7
3548 310 7
3548 32 7
3548 335 7
3548 3555 7
3548 3934 7
3548 488 7
3548 61 7
3548 670 7
3548 825 7
3549 355 7
355 2761 7
355 3866 7
3551 1854 7
3554 2791 7
3554 3921 7
3554 408 7
3555 358 7
3555 825 7
3559 1285 7
3559 1843 7
3559 3695 7
3560 3566 7
3563 1719 7
3563 259 7
3563 317 7
3563 4566 7
3563 557 7
3566 375 7
3566 4258 7
357 1177 7
357 1197 7
357 1548 7
357 2032 7
357 3189 7
357 3530 7
357 3608 7
357 3813 7
357 64 7
357 728 7
357 863 7
3579 3589 7
3579 4482 7
3582 1226 7
3589 4504 7
3592 2735 7
3592 3079 7
3592 4028 7
3593 1548 7
3593 1926 7
3593 2372 7
3593 2892 7
3593 2904 7
3593 2930 7
3593 3604 7
3593 396 7
3593 4215 7
3593 595 7
3593 685 7
3594 186 7
3594 3534 7
3596 1226 7
3599 566 7
3599 753 7
36 2032 7
36 287 7
36 3448 7
36 3608 7
36 3926 7
36 4455 7
36 519 7
36 721 7
36 741 7
36 775 7
360 340 7
360 3641 7
3600 2266 7
3600 3156 7
3600 3990 7
3600 415 7
3600 4444 7
3600 4461 7
3601 2396 7
3603 1166 7
3603 287 7
3604 1545 7
3604 2006 7
3604 2892 7
3604 3215 7
3604 3830 7
3608 1054 7
3608 1169 7
3608 219 7
3608 287 7
3608 3326 7
362 2252 7
362 3001 7
3623 3548 7
3623 3934 7
3623 3940 7
3628 3982 7
3628 3992 7
3628 4293 7
3630 1677 7
3634 117 7
3634 4195 7
3634 453 7
364 1393 7
364 956 7
3641 1750 7
3642 4190 7
3644 1241 7
3644 764 7
3644 807 7
3644 91 7
3645 1289 7
3645 1314 7
3645 1361 7
3645 1601 7
3645 339 7
3645 3835 7
3645 3951 7
3645 4488 7
3647 4026 7
3647 651 7
3647 654 7
365 2803 7
3650 335 7
3652 3523 7
3654 143 7
3658 3005 7
366 1201 7
366 224 7
366 2655 7
366 3130 7
366 3195 7
366 330 7
366 4269 7
3661 742 7
3662 1366 7
3662 1776 7
3680 1548 7
3680 1549 7
3680 1711 7
3680 3222 7
3684 4091 7
3695 3029 7
3695 3106 7
3695 3782 7
3695 897 7
37 115 7
37 12 7
37 199 7
3705 1366 7
3705 2972 7
3706 444 7
3706 4451 7
3708 1088 7
3708 1095 7
3708 1169 7
3708 189 7
3708 2887 7
3708 330 7
371 1108 7
371 1108 7
371 1202 7
371 211 7
371 211 7
371 2574 7
371 280 7
371 280 7
371 3524 7
371 387 7
371 414 7
371 519 7
371 537 7
371 537 7
371 623 7
371 801 7
372 3232 7
372 3305 7
372 3599 7
372 510 7
372 545 7
372 822 7
3721 4218 7
3724 215 7
3724 2731 7
3726 1846 7
3726 289 7
3726 456 7
3726 741 7
3728 2312 7
3729 1218 7
3729 3219 7
3729 339 7
3729 4200 7
3729 4282 7
3729 59 7
3729 88 7
3731 133 7
3731 515 7
3735 2617 7
3742 2557 7
3743 207 7
3743 3525 7
3743 387 7
3743 425 7
3743 4303 7
3743 879 7
3747 2391 7
3747 44 7
375 4412 7
3750 2448 7
3752 1131 7
3752 114 7
3754 1426 7
3754 178 7
3754 3143 7
3755 1658 7
3756 872 7
3757 2373 7
3757 30 7
3762 1183 7
3762 1556 7
3762 1735 7
3762 2307 7
3762 54 7
3762 848 7
3767 1459 7
3767 3808 7
3769 3755 7
3770 1607 7
3770 3819 7
3770 4304 7
3770 848 7
3771 3782 7
3771 3798 7
3771 419 7
3771 640 7
3771 803 7
3772 425 7
3772 897 7
3774 357 7
3774 539 7
3776 3143 7
3776 3342 7
3776 736 7
3777 191 7
3782 1183 7
3782 2745 7
3782 2763 7
3782 2782 7
3782 30 7
3782 3029 7
3782 3244 7
3782 3630 7
3782 3832 7
3782 4289 7
3782 4290 7
3782 4304 7
3782 54 7
3785 1595 7
3786 1385 7
3786 534 7
3787 1191 7
3788 1658 7
3788 4311 7
3797 2307 7
3797 2373 7
3797 3786 7
3798 2189 7
38 3225 7
38 505 7
38 816 7
3801 1438 7
3801 2316 7
3802 195 7
3802 3754 7
3808 155 7
3808 503 7
3813 2328 7
3813 3448 7
3816 4247 7
3816 540 7
3819 3755 7
3821 975 7
3822 4302 7
3822 801 7
3826 3406 7
3828 4406 7
3828 941 7
383 1027 7
383 1438 7
383 1928 7
383 2437 7
383 251 7
383 3056 7
383 334 7
383 497 7
383 579 7
383 825 7
3830 2380 7
3830 3247 7
3830 435 7
3832 2745 7
3832 4290 7
3832 4315 7
3833 2612 7
3833 3295 7
3835 148 7
3835 1957 7
3835 400 7
3838 2139 7
384 1313 7
3844 2160 7
3844 2203 7
3844 3211 7
3849 4586 7
385 1054 7
385 2055 7
385 257 7
385 306 7
385 574 7
385 849 7
3855 2326 7
3856 319 7
3858 1265 7
3858 1618 7
3858 1746 7
3861 975 7
3862 4423 7
3862 74 7
3865 3540 7
3865 4606 7
3866 3549 7
3867 3869 7
3867 3869 7
3867 4291 7
3867 4546 7
3867 690 7
3869 2179 7
3869 2919 7
3869 3871 7
3869 4031 7
3869 4291 7
387 1025 7
387 1082 7
387 1167 7
387 1728 7
387 202 7
387 275 7
387 371 7
387 510 7
387 610 7
387 64 7
387 656 7
387 692 7
387 725 7
387 950 7
3871 1014 7
3871 1203 7
3871 1214 7
3871 1228 7
3871 2155 7
3871 690 7
3873 1025 7
3873 1210 7
3873 1677 7
3873 2574 7
3873 643 7
3873 790 7
388 2990 7
388 3001 7
388 3001 7
388 362 7
3884 225 7
3888 1668 7
3888 463 7
3890 3393 7
3890 4214 7
3890 710 7
3893 2155 7
3893 2810 7
3896 2611 7
3896 4230 7
3897 2818 7
39 3113 7
39 3506 7
39 4539 7
39 467 7
39 773 7
3903 1640 7
3908 746 7
391 4053 7
391 465 7
3913 1109 7
3913 1184 7
3913 1202 7
3913 1927 7
3913 36 7
3913 3884 7
3918 219 7
3918 778 7
392 1199 7
392 2392 7
392 2810 7
392 3871 7
392 4534 7
3921 189 7
3924 2380 7
3925 193 7
3925 328 7
3925 4098 7
3925 4444 7
3926 228 7
3926 3525 7
3926 3662 7
3926 973 7
3927 1240 7
3927 330 7
3928 2745 7
3928 3782 7
3928 3832 7
393 1056 7
393 1179 7
393 1228 7
393 2006 7
393 392 7
393 481 7
3934 1008 7
3934 122 7
3934 1908 7
3934 1926 7
3934 1981 7
3934 2134 7
3934 2244 7
3934 2250 7
3934 275 7
3934 310 7
3934 3230 7
3940 1123 7
3940 1401 7
3940 207 7
3940 2189 7
3940 3 7
3940 3503 7
3940 4148 7
3940 4307 7
3940 91 7
3940 953 7
3946 4319 7
3946 4327 7
3946 825 7
3946 826 7
395 1908 7
3951 1374 7
3951 1957 7
3951 2521 7
3956 298 7
3956 4398 7
396 1397 7
396 457 7
3960 1008 7
3960 1178 7
3960 1362 7
3960 3056 7
3962 2723 7
3962 2836 7
3962 4327 7
3962 4579 7
3962 4608 7
3962 508 7
3962 566 7
3965 2233 7
3965 443 7
3966 3182 7
3966 357 7
3966 4338 7
3966 465 7
3967 2157 7
3970 3261 7
3978 1498 7
3978 193 7
398 2054 7
3982 2320 7
3982 3992 7
3982 924 7
3989 172 7
3989 2 7
3989 352 7
3989 90 7
399 2934 7
399 4226 7
399 456 7
399 573 7
399 74 7
3990 1026 7
3990 3533 7
3990 3708 7
3990 4049 7
3990 415 7
3990 4396 7
3990 4452 7
3990 707 7
3992 4293 7
3992 924 7
3995 974 7
400 1090 7
400 1175 7
400 1179 7
400 1283 7
400 1548 7
400 2006 7
400 2392 7
400 3073 7
400 4001 7
400 42 7
400 479 7
400 539 7
400 595 7
400 595 7
400 827 7
4001 1374 7
4001 1883 7
4001 1927 7
4001 2521 7
4001 2892 7
4001 3951 7
4001 444 7
4001 497 7
4001 601 7
4001 721 7
4001 748 7
4001 89 7
4003 4515 7
4003 847 7
4006 3085 7
4006 4257 7
4006 4336 7
4015 414 7
4018 237 7
4018 237 7
4019 1623 7
4019 1981 7
4019 1981 7
4019 237 7
4019 4296 7
4026 4277 7
4026 4569 7
4026 759 7
4028 3524 7
4028 4058 7
4028 4338 7
4028 4513 7
4029 3926 7
4029 83 7
4030 1203 7
4030 1213 7
4030 1985 7
4030 2006 7
4030 2392 7
4030 3867 7
4030 3871 7
4030 4031 7
4030 787 7
4031 2374 7
4038 1210 7
4039 802 7
404 2735 7
4040 3126 7
4040 3844 7
4041 1428 7
4041 3062 7
4047 298 7
4047 3272 7
4047 4343 7
4049 444 7
4049 4441 7
4049 753 7
4051 4183 7
4051 610 7
4053 4568 7
4054 1931 7
4057 28 7
4057 2805 7
4057 412 7
4057 74 7
4057 838 7
4058 111 7
4058 3083 7
4058 3524 7
4058 3592 7
4058 4586 7
4060 2904 7
4060 3124 7
4060 330 7
4060 803 7
4063 4399 7
4068 4051 7
4068 838 7
4073 1210 7
4076 132 7
4076 3324 7
4076 753 7
4078 186 7
4078 4593 7
408 189 7
4080 372 7
4080 444 7
4080 548 7
4081 2009 7
4081 4397 7
4082 2234 7
4082 2278 7
4089 1636 7
409 1066 7
409 1564 7
409 1582 7
409 1597 7
4098 4006 7
4098 4058 7
4098 466 7
41 4538 7
41 4547 7
41 46 7
4105 789 7
4107 2731 7
4115 1981 7
4115 2307 7
4115 3762 7
412 112 7
412 129 7
412 1393 7
412 1529 7
412 251 7
412 261 7
412 3326 7
412 3524 7
412 461 7
412 500 7
412 530 7
412 610 7
412 635 7
412 838 7
4120 2308 7
4120 2350 7
4134 1624 7
4134 1854 7
4134 3203 7
414 1197 7
414 1226 7
414 193 7
414 193 7
414 3085 7
414 412 7
414 412 7
414 586 7
4148 4281 7
4153 2414 7
4155 622 7
416 1201 7
416 4105 7
416 635 7
416 830 7
4160 4458 7
4164 605 7
4167 2902 7
4173 165 7
4173 1975 7
4173 1993 7
4173 335 7
4173 4390 7
4176 1601 7
4176 212 7
4176 3201 7
4176 3458 7
4176 91 7
4177 3826 7
4177 399 7
418 1082 7
418 200 7
418 2101 7
418 2309 7
418 4414 7
418 500 7
4183 4245 7
4183 4449 7
4183 4568 7
4183 4606 7
4190 1472 7
4192 1953 7
4192 2973 7
4192 2980 7
4192 3724 7
4193 2428 7
4195 815 7
4199 376 7
42 1178 7
42 1179 7
42 1245 7
42 219 7
42 4001 7
42 4001 7
42 601 7
42 66 7
42 673 7
42 728 7
42 748 7
42 827 7
42 897 7
42 98 7
42 981 7
4200 339 7
4200 3729 7
4200 4273 7
4200 4282 7
4200 453 7
4200 59 7
4202 1007 7
421 1065 7
421 1791 7
421 1925 7
421 2311 7
421 272 7
421 3085 7
421 4331 7
421 449 7
421 586 7
421 605 7
421 659 7
4214 1778 7
4215 1244 7
4215 1343 7
4215 264 7
4215 2904 7
4220 2971 7
4221 1416 7
4222 2606 7
4222 2611 7
4222 3408 7
4224 2697 7
423 1533 7
423 1619 7
423 2930 7
423 409 7
423 519 7
4230 1609 7
4230 1752 7
4230 1760 7
4232 1789 7
4234 2469 7
4239 2990 7
4239 4286 7
4239 4287 7
4245 2032 7
4245 2266 7
4245 3071 7
4245 4261 7
4245 4391 7
4245 4471 7
4246 4245 7
4247 4638 7
4249 158 7
4249 314 7
4249 3150 7
425 1863 7
425 4306 7
425 4318 7
425 4551 7
425 973 7
4257 1226 7
4257 2266 7
4257 2820 7
4258 4438 7
4261 4391 7
4261 4402 7
4269 1087 7
4269 1201 7
4269 224 7
4269 421 7
4269 4537 7
4270 2676 7
4270 3604 7
4270 4019 7
4270 4271 7
4270 4297 7
4271 3830 7
4272 4277 7
4272 759 7
4273 1722 7
4273 339 7
4274 1201 7
4274 4275 7
4275 2373 7
4276 2090 7
4276 30 7
4276 654 7
4277 4278 7
4277 4553 7
4277 4624 7
4277 651 7
4277 652 7
4277 674 7
4278 4279 7
4279 759 7
4280 3601 7
4281 3940 7
4282 3729 7
4282 4200 7
4282 59 7
4283 1082 7
4283 1168 7
4283 864 7
4284 2336 7
4284 258 7
4284 3235 7
4284 433 7
4284 4581 7
4284 539 7
4284 539 7
4284 543 7
4286 1842 7
4286 2988 7
4286 4287 7
4287 2990 7
4287 2990 7
4287 3001 7
4287 3007 7
4287 4286 7
4288 2273 7
4288 3887 7
4288 4284 7
4289 2745 7
4289 3928 7
4289 4290 7
4290 2685 7
4291 1206 7
4291 2374 7
4291 4030 7
4292 692 7
4293 2320 7
4293 3982 7
4294 3126 7
4295 2805 7
4295 3661 7
4295 3788 7
4295 753 7
4295 842 7
4296 1475 7
4296 385 7
4296 4298 7
4297 1385 7
4297 2328 7
4299 4300 7
4300 124 7
4300 1630 7
4300 367 7
4301 3832 7
4302 130 7
4302 1357 7
4302 4531 7
4303 1016 7
4303 1566 7
4303 235 7
4303 3150 7
4303 3798 7
4303 468 7
4304 1997 7
4304 3600 7
4304 4257 7
4304 4463 7
4305 126 7
4305 3822 7
4305 4306 7
4305 778 7
4306 1379 7
4306 1459 7
4306 3926 7
4307 1450 7
4308 1253 7
4308 1459 7
4308 1580 7
4309 1794 7
4309 3346 7
4310 1545 7
4310 3462 7
4311 1295 7
4311 1485 7
4313 1284 7
4313 130 7
4313 3776 7
4313 424 7
4313 4330 7
4313 66 7
4313 973 7
4314 1586 7
4315 2718 7
4315 367 7
4316 235 7
4316 586 7
4317 2233 7
4317 3802 7
4317 4270 7
4319 1841 7
4319 194 7
4319 2761 7
4319 313 7
4319 4327 7
4319 826 7
4319 837 7
432 3098 7
432 3319 7
4320 2040 7
4321 2711 7
4321 4322 7
4322 3819 7
4323 1186 7
4323 1485 7
4324 3819 7
4325 710 7
4326 3755 7
4326 3832 7
4326 4332 7
4327 194 7
4327 2820 7
4327 3152 7
4327 3161 7
4327 3545 7
4327 4295 7
4327 4319 7
4327 596 7
4327 825 7
4327 826 7
4328 200 7
4328 3743 7
4328 3756 7
433 2230 7
433 2336 7
433 4247 7
433 540 7
433 543 7
4330 275 7
4330 3460 7
4333 1631 7
4333 256 7
4333 710 7
4334 3772 7
4335 1485 7
4336 247 7
4336 3498 7
4336 3925 7
4336 3966 7
4336 4057 7
4336 509 7
4336 817 7
4336 826 7
4336 826 7
4337 1842 7
4337 549 7
4338 111 7
4338 247 7
4338 247 7
4338 3152 7
4338 3524 7
4338 3966 7
4338 4058 7
4338 4336 7
4338 4348 7
4338 817 7
4338 826 7
4340 1226 7
4340 123 7
4340 3176 7
4340 3232 7
4340 3582 7
4340 3990 7
4340 826 7
4341 3272 7
4342 1245 7
4342 2160 7
4342 4039 7
4343 3189 7
4343 473 7
4344 1842 7
4344 3956 7
4345 193 7
4345 261 7
4345 74 7
4348 2791 7
4349 3211 7
435 1280 7
435 2076 7
435 4572 7
435 4573 7
4351 2730 7
4352 2176 7
4353 2747 7
4353 3084 7
4353 4602 7
4356 3182 7
4358 4359 7
436 3271 7
436 4308 7
436 720 7
436 971 7
4360 4372 7
4361 848 7
4362 2281 7
4364 378 7
4365 4366 7
4367 2170 7
4367 4378 7
4368 2612 7
4368 3201 7
4369 1712 7
4369 2867 7
4370 419 7
4371 1153 7
4371 4361 7
4372 3287 7
4373 2862 7
4374 4375 7
4376 4374 7
4376 4375 7
4376 4377 7
4379 1313 7
4379 153 7
4379 162 7
4379 1682 7
4379 2255 7
4379 2927 7
4381 62 7
4382 4361 7
4382 848 7
4383 378 7
4383 4364 7
4384 4374 7
4384 4376 7
4384 4377 7
4384 4385 7
4385 3189 7
4385 4374 7
4385 4377 7
4388 378 7
4388 4364 7
4388 4383 7
4388 4389 7
439 467 7
4390 17 7
4390 1975 7
4390 1993 7
4391 4246 7
4392 4199 7
4393 4139 7
4393 767 7
4394 4395 7
4395 4404 7
4396 1169 7
4396 3533 7
4397 941 7
44 2716 7
44 563 7
440 1201 7
440 1298 7
440 1925 7
440 1926 7
440 1927 7
440 1927 7
440 1998 7
440 452 7
440 721 7
4401 1581 7
4402 4245 7
4402 4246 7
4402 4403 7
4403 4245 7
4404 4394 7
4405 2408 7
4406 4400 7
4407 4393 7
4407 767 7
4407 786 7
4408 2969 7
4408 3828 7
4409 778 7
441 1210 7
4410 314 7
4410 3150 7
4410 3551 7
4410 4249 7
4410 4411 7
4411 1854 7
4412 4134 7
4412 4422 7
4412 4434 7
4413 3560 7
4414 124 7
4415 375 7
4415 4412 7
4415 4416 7
4416 375 7
4417 2901 7
4417 4082 7
4417 448 7
4418 2148 7
4418 2401 7
4418 4419 7
4418 855 7
4419 2073 7
4419 2137 7
4419 2401 7
4419 2448 7
4420 2346 7
4420 3203 7
4421 4385 7
4421 562 7
4421 822 7
4422 295 7
4422 4415 7
4423 2011 7
4423 4421 7
4423 562 7
4424 4413 7
4424 4425 7
4425 4426 7
4426 4413 7
4427 4428 7
4428 4429 7
443 2221 7
443 2233 7
443 2336 7
4430 1236 7
4431 4432 7
4432 4427 7
4433 4424 7
4434 4415 7
4434 4422 7
4435 2235 7
4436 1183 7
4439 123 7
4439 2911 7
444 1166 7
444 4053 7
444 4467 7
444 74 7
4440 1834 7
4440 2555 7
4440 4455 7
4441 4183 7
4442 1082 7
4442 18 7
4444 445 7
4445 189 7
4445 270 7
4446 2262 7
4446 507 7
4447 2055 7
4447 4448 7
4448 471 7
4449 3706 7
4449 4006 7
4449 4098 7
445 4049 7
445 4245 7
445 633 7
4450 3600 7
4450 4451 7
4450 509 7
4451 4098 7
4451 444 7
4452 4451 7
4454 2973 7
4455 3441 7
4456 186 7
4456 3111 7
4456 566 7
4457 2233 7
4457 445 7
4457 4451 7
4460 18 7
4461 3990 7
4461 444 7
4461 4462 7
4463 1226 7
4463 4245 7
4464 1971 7
4465 3855 7
4466 754 7
4467 2309 7
4467 3176 7
4467 3232 7
4467 4630 7
4467 522 7
4468 3724 7
4469 3855 7
447 1623 7
447 2296 7
447 278 7
447 3908 7
447 393 7
447 485 7
447 637 7
447 659 7
447 673 7
447 746 7
447 833 7
4470 3498 7
4470 3706 7
4470 4257 7
4471 328 7
4471 4340 7
4471 4467 7
4471 826 7
4473 972 7
4474 838 7
4475 4476 7
4475 991 7
4476 1447 7
4476 3458 7
4477 1828 7
4478 548 7
4479 1373 7
4479 1737 7
448 1090 7
448 115 7
448 1241 7
448 2234 7
448 2278 7
448 2392 7
448 2765 7
448 4082 7
4480 1921 7
4480 4249 7
4480 4410 7
4481 4234 7
4482 4504 7
4483 3589 7
4484 4485 7
4484 4486 7
4486 2309 7
4486 4497 7
4487 447 7
4487 833 7
4488 2957 7
4488 2977 7
4488 4489 7
4489 2796 7
4489 2957 7
4489 3340 7
449 112 7
449 1401 7
449 2671 7
449 371 7
449 3782 7
449 505 7
449 563 7
449 610 7
449 807 7
449 968 7
4490 212 7
4490 89 7
4491 1281 7
4491 3903 7
4491 603 7
4492 2032 7
4494 1361 7
4494 2964 7
4494 3735 7
4496 4221 7
4497 2836 7
4497 3080 7
4497 444 7
4498 3594 7
4498 391 7
4498 4484 7
4498 4499 7
4499 3071 7
45 1257 7
45 3767 7
45 687 7
45 773 7
45 875 7
4500 1352 7
4501 2308 7
4502 4503 7
4503 4218 7
4504 4483 7
4504 550 7
4505 1299 7
4505 3695 7
4507 129 7
4507 3962 7
4509 2913 7
451 1131 7
451 1178 7
451 1621 7
451 1654 7
451 2023 7
451 2225 7
451 384 7
451 396 7
451 96 7
4510 269 7
4510 3103 7
4512 1519 7
4512 212 7
4512 3458 7
4512 602 7
4513 4058 7
4513 4338 7
4515 566 7
4516 4239 7
4517 933 7
4518 1612 7
452 1564 7
452 36 7
452 580 7
452 833 7
452 849 7
452 910 7
4520 2803 7
4520 3232 7
4520 4521 7
4522 3077 7
4523 127 7
4523 3037 7
4523 3535 7
4523 39 7
4524 1553 7
4524 160 7
4525 1760 7
4525 2606 7
4525 3369 7
4526 340 7
4527 4492 7
4528 166 7
4529 4475 7
453 1400 7
453 1537 7
453 2613 7
453 310 7
453 3240 7
453 4273 7
453 764 7
4530 39 7
4530 713 7
4532 3742 7
4532 4533 7
4533 3742 7
4534 1203 7
4534 627 7
4535 9 7
4536 1861 7
4536 4269 7
4536 4537 7
4537 133 7
4537 2288 7
4537 3151 7
4539 3101 7
4539 41 7
4539 4530 7
4539 4549 7
4540 127 7
4540 3101 7
4541 101 7
4541 269 7
4541 3038 7
4541 3102 7
4541 3112 7
4541 4542 7
4541 46 7
4542 3113 7
4542 39 7
4542 713 7
4543 4544 7
4544 4535 7
4545 4543 7
4545 4544 7
4546 1014 7
4546 2179 7
4546 2919 7
4546 3869 7
4547 128 7
4547 3112 7
4547 3506 7
4547 4540 7
4547 4550 7
4548 2515 7
4548 2842 7
4548 3220 7
4548 3830 7
4548 726 7
4549 223 7
4549 3120 7
4549 3506 7
4549 4540 7
455 1308 7
455 1711 7
455 1925 7
455 3450 7
4550 3038 7
4552 3526 7
4552 4575 7
4552 4612 7
4553 652 7
4554 2810 7
4554 3081 7
4554 372 7
4555 4556 7
4557 3530 7
4558 227 7
4558 3965 7
4559 4561 7
456 187 7
456 2312 7
456 3026 7
456 3771 7
456 507 7
456 537 7
456 580 7
456 610 7
456 673 7
456 692 7
4560 4561 7
4561 2838 7
4561 4598 7
4562 2035 7
4563 4564 7
4565 2723 7
4565 4588 7
4566 39 7
4566 435 7
4567 250 7
4567 920 7
4568 1498 7
4568 472 7
4568 707 7
4569 651 7
4569 652 7
457 149 7
457 384 7
457 409 7
457 560 7
4570 4571 7
4571 753 7
4572 1782 7
4573 2079 7
4574 1226 7
4575 1162 7
4575 4560 7
4576 3498 7
4577 1951 7
4577 4578 7
4578 1951 7
4579 3083 7
4580 1212 7
4580 202 7
4580 2934 7
4581 21 7
4581 258 7
4582 2759 7
4583 2936 7
4583 2983 7
4583 4584 7
4584 2936 7
4584 4552 7
4585 4582 7
4585 4629 7
4585 562 7
4586 600 7
4587 3530 7
4587 3849 7
4589 528 7
4590 3596 7
4590 4579 7
4591 2707 7
4591 4578 7
4592 3083 7
4593 3962 7
4593 4051 7
4594 1498 7
4594 3518 7
4595 3112 7
4595 4548 7
4596 145 7
4597 2691 7
4597 4598 7
4599 4600 7
4599 4601 7
46 128 7
46 152 7
46 3120 7
46 4549 7
460 4347 7
4600 4599 7
4601 4599 7
4602 4570 7
4602 4603 7
4603 1978 7
4603 443 7
4604 147 7
4605 3037 7
4608 2188 7
4608 4507 7
4609 4277 7
4609 651 7
4609 654 7
4609 759 7
461 1186 7
461 1711 7
461 2574 7
461 272 7
461 2887 7
461 2890 7
461 3018 7
461 623 7
461 692 7
461 833 7
4610 112 7
4610 4633 7
4611 4613 7
4612 4575 7
4613 4614 7
4613 753 7
4614 4631 7
4615 2313 7
4615 2679 7
4616 4353 7
4617 2677 7
4618 435 7
4619 4620 7
4621 4559 7
4622 4556 7
4622 4632 7
4623 2688 7
4624 4553 7
4624 655 7
4625 2031 7
4625 521 7
4625 831 7
4627 2770 7
4628 2686 7
463 1573 7
463 1668 7
4630 3081 7
4630 4565 7
4630 4610 7
4631 4028 7
4631 4576 7
4631 521 7
4633 2810 7
4633 3155 7
4633 4582 7
4634 4590 7
4635 3051 7
4635 4636 7
4637 3544 7
4637 573 7
4639 4640 7
4641 2313 7
4641 2679 7
4641 4615 7
4642 4561 7
4643 2713 7
4643 4631 7
465 1381 7
465 1529 7
465 275 7
465 3076 7
465 414 7
465 4493 7
465 452 7
465 482 7
465 831 7
466 3498 7
466 4340 7
466 707 7
467 1466 7
467 1889 7
467 1927 7
467 2320 7
467 2380 7
467 439 7
467 440 7
467 440 7
467 605 7
467 635 7
468 1016 7
468 456 7
468 487 7
468 92 7
471 112 7
471 2309 7
471 4177 7
472 2723 7
472 4585 7
473 444 7
473 4499 7
473 561 7
476 1057 7
476 1440 7
476 155 7
476 1684 7
476 1927 7
476 42 7
476 4308 7
476 444 7
476 456 7
477 112 7
479 132 7
479 3693 7
479 4298 7
479 4307 7
479 4333 7
479 921 7
480 1220 7
480 383 7
481 2006 7
481 748 7
482 1870 7
482 278 7
482 357 7
482 383 7
483 1007 7
483 3429 7
485 1822 7
485 2006 7
485 3893 7
485 393 7
485 400 7
485 825 7
486 1125 7
486 2372 7
486 3016 7
486 3593 7
487 1025 7
487 299 7
487 3232 7
487 3757 7
487 387 7
487 725 7
487 748 7
488 321 7
49 1268 7
49 220 7
492 2723 7
492 3077 7
492 3540 7
492 4098 7
494 1380 7
494 2351 7
494 3724 7
494 3778 7
496 1533 7
496 1854 7
496 1933 7
496 211 7
496 3813 7
496 801 7
497 1179 7
497 1180 7
497 1529 7
497 2006 7
497 3150 7
497 480 7
497 487 7
499 1430 7
499 153 7
499 4379 7
5 2266 7
5 4637 7
500 1108 7
500 13 7
500 2067 7
500 2143 7
500 621 7
500 623 7
500 720 7
503 421 7
503 4315 7
507 2255 7
508 129 7
508 14 7
508 1529 7
508 172 7
508 414 7
508 510 7
508 530 7
508 753 7
509 4452 7
51 1283 7
51 199 7
51 2101 7
51 255 7
51 387 7
510 112 7
510 132 7
510 261 7
510 2796 7
510 2796 7
510 2805 7
510 2836 7
510 3324 7
510 4076 7
510 605 7
510 635 7
510 728 7
511 357 7
511 4028 7
511 510 7
511 753 7
514 1548 7
514 1549 7
514 1550 7
514 1684 7
514 4108 7
516 1027 7
516 1170 7
516 182 7
516 2765 7
516 309 7
516 4487 7
516 659 7
516 720 7
519 1035 7
519 12 7
519 124 7
519 129 7
519 1684 7
519 2255 7
519 2930 7
519 3083 7
519 3406 7
519 508 7
519 721 7
519 725 7
519 736 7
519 798 7
519 955 7
521 3534 7
521 3865 7
521 4497 7
521 4522 7
522 357 7
522 4485 7
522 4506 7
522 4507 7
528 3534 7
528 4644 7
53 130 7
53 172 7
53 214 7
53 2209 7
53 3326 7
53 387 7
53 457 7
53 467 7
53 563 7
53 64 7
53 653 7
530 492 7
530 510 7
530 545 7
534 3777 7
534 4315 7
534 4327 7
534 4441 7
535 1210 7
535 3126 7
536 1727 7
536 3245 7
536 3603 7
536 3604 7
536 4302 7
537 1108 7
537 1108 7
537 13 7
537 211 7
537 280 7
537 412 7
537 580 7
537 623 7
537 692 7
537 98 7
538 188 7
538 1927 7
538 400 7
538 497 7
539 1057 7
539 1684 7
539 2233 7
539 2336 7
539 2336 7
539 3965 7
539 443 7
539 4558 7
539 468 7
54 1183 7
54 1677 7
54 2307 7
54 3769 7
54 3786 7
54 4115 7
54 4302 7
54 983 7
540 2230 7
540 2336 7
540 4284 7
540 433 7
540 539 7
543 1066 7
543 122 7
543 1254 7
543 21 7
543 2336 7
543 258 7
543 3250 7
543 4581 7
543 461 7
543 539 7
543 56 7
543 849 7
545 172 7
545 2 7
545 2031 7
545 352 7
545 443 7
545 456 7
545 566 7
545 580 7
546 1711 7
548 365 7
548 4485 7
549 1842 7
549 4341 7
55 920 7
550 3579 7
550 3589 7
550 4482 7
550 4483 7
557 2238 7
557 25 7
557 250 7
557 3023 7
557 3029 7
557 3211 7
557 3326 7
557 874 7
56 4284 7
560 1397 7
560 3441 7
560 4379 7
560 580 7
561 129 7
561 1498 7
561 257 7
561 2723 7
561 577 7
561 728 7
562 2413 7
562 4385 7
562 530 7
562 632 7
563 188 7
563 250 7
563 2723 7
563 3189 7
563 334 7
563 562 7
563 728 7
563 830 7
566 193 7
566 251 7
566 2713 7
566 3084 7
566 3155 7
566 3176 7
566 3524 7
566 4058 7
566 412 7
566 4340 7
566 4452 7
566 4474 7
566 562 7
566 632 7
566 863 7
569 4519 7
573 1027 7
573 1212 7
573 130 7
573 1851 7
573 187 7
573 2170 7
573 2266 7
573 237 7
573 2673 7
573 456 7
573 623 7
573 673 7
573 734 7
573 833 7
573 897 7
574 1057 7
574 1177 7
574 2233 7
574 237 7
574 3056 7
574 334 7
574 833 7
577 2714 7
577 822 7
579 251 7
579 3230 7
579 3593 7
579 4215 7
579 543 7
579 659 7
579 989 7
580 1791 7
580 197 7
580 211 7
580 211 7
580 2521 7
580 2574 7
580 30 7
580 4330 7
580 456 7
580 610 7
580 635 7
580 637 7
580 673 7
586 1529 7
586 371 7
586 508 7
586 545 7
586 801 7
588 4453 7
589 3211 7
589 3844 7
589 387 7
589 643 7
589 644 7
59 3729 7
59 3729 7
59 4200 7
59 4282 7
595 1869 7
595 3108 7
595 3457 7
595 3708 7
595 586 7
595 673 7
596 3545 7
6 1308 7
6 2972 7
6 4029 7
6 4302 7
6 913 7
600 4626 7
601 1205 7
601 2006 7
601 746 7
602 2765 7
602 3645 7
603 2904 7
603 3431 7
605 1183 7
605 17 7
605 1782 7
605 200 7
605 2170 7
605 2836 7
605 299 7
605 3312 7
605 3326 7
605 4263 7
605 440 7
605 456 7
609 2791 7
609 3081 7
609 4350 7
609 4498 7
61 1232 7
61 3548 7
61 670 7
610 1163 7
610 1197 7
610 1684 7
610 2255 7
610 300 7
610 3085 7
610 372 7
610 3762 7
610 38 7
610 3940 7
610 444 7
610 537 7
612 1281 7
612 1618 7
612 1641 7
615 1715 7
615 4234 7
62 1957 7
62 207 7
62 257 7
62 278 7
62 3684 7
62 399 7
62 4363 7
62 79 7
620 4319 7
620 4327 7
620 837 7
621 171 7
621 200 7
621 3124 7
621 3135 7
621 4007 7
621 436 7
621 4387 7
621 725 7
622 2426 7
622 4447 7
623 1183 7
623 1245 7
623 130 7
623 1440 7
623 2 7
623 2247 7
623 2574 7
623 272 7
623 3023 7
623 421 7
623 503 7
623 653 7
623 734 7
623 789 7
623 798 7
623 801 7
623 913 7
623 92 7
623 983 7
627 1056 7
632 4385 7
632 838 7
633 4471 7
633 92 7
634 1083 7
634 4442 7
635 1108 7
635 1108 7
635 211 7
635 211 7
635 421 7
635 467 7
635 605 7
637 1025 7
637 1308 7
637 1385 7
637 1654 7
637 931 7
638 1727 7
638 3225 7
638 831 7
64 1380 7
64 1675 7
64 2380 7
64 299 7
64 3233 7
64 4381 7
64 449 7
64 487 7
64 673 7
64 79 7
640 1221 7
642 2275 7
643 112 7
643 189 7
643 2203 7
643 3136 7
643 3844 7
643 573 7
643 605 7
643 773 7
643 875 7
643 882 7
644 2159 7
644 2160 7
644 3169 7
644 3873 7
646 3176 7
646 3232 7
646 3232 7
646 3582 7
646 4340 7
646 826 7
649 2372 7
649 3908 7
65 1081 7
651 1859 7
651 4026 7
651 4272 7
651 654 7
652 1200 7
652 2826 7
652 4276 7
652 655 7
652 759 7
653 1025 7
653 1201 7
653 1245 7
653 287 7
653 30 7
653 3023 7
653 371 7
653 476 7
653 537 7
653 692 7
653 789 7
654 2090 7
654 2090 7
654 3029 7
654 449 7
654 595 7
654 759 7
655 4609 7
655 654 7
656 1026 7
656 112 7
656 2805 7
656 414 7
656 421 7
656 503 7
656 508 7
656 51 7
656 53 7
656 605 7
659 1027 7
659 1177 7
659 1623 7
659 1791 7
659 189 7
659 259 7
659 3326 7
659 573 7
659 586 7
659 789 7
659 801 7
659 92 7
659 956 7
66 1030 7
66 1117 7
66 1179 7
66 1854 7
66 1925 7
66 2296 7
66 2307 7
66 2714 7
66 2888 7
66 3604 7
66 3913 7
66 421 7
66 4270 7
66 621 7
66 725 7
66 787 7
661 1013 7
661 3465 7
663 4277 7
663 4278 7
664 1177 7
664 165 7
664 214 7
664 4263 7
670 1232 7
670 32 7
670 3548 7
670 61 7
671 4495 7
673 1007 7
673 1035 7
673 1871 7
673 272 7
673 516 7
673 53 7
673 588 7
673 654 7
673 659 7
673 720 7
673 862 7
674 2826 7
674 4026 7
674 4277 7
674 4609 7
675 3897 7
681 151 7
682 687 7
684 1216 7
684 1498 7
684 3155 7
684 4456 7
684 4457 7
684 4489 7
684 530 7
684 863 7
685 1205 7
685 2005 7
685 3018 7
685 393 7
685 486 7
685 89 7
685 989 7
686 3123 7
687 4073 7
687 589 7
687 726 7
687 790 7
690 1076 7
690 2179 7
690 3869 7
690 4546 7
691 1228 7
692 178 7
692 2079 7
692 3018 7
692 3650 7
692 39 7
692 580 7
692 623 7
692 725 7
692 983 7
696 419 7
696 4312 7
701 185 7
701 806 7
706 2860 7
706 4060 7
707 3978 7
707 4470 7
707 4593 7
708 4453 7
708 480 7
709 2040 7
709 2851 7
709 692 7
710 1008 7
710 1177 7
710 3240 7
710 3431 7
710 3960 7
710 4222 7
710 622 7
712 250 7
712 3037 7
712 3112 7
712 4541 7
713 128 7
713 223 7
713 3037 7
713 712 7
719 178 7
719 4316 7
720 1027 7
720 1117 7
720 1177 7
720 1245 7
720 2146 7
720 3215 7
720 3520 7
720 418 7
720 516 7
720 53 7
720 833 7
720 833 7
720 849 7
720 92 7
720 983 7
721 2714 7
721 287 7
721 421 7
721 4271 7
721 653 7
721 778 7
725 2143 7
725 3245 7
725 3652 7
725 4581 7
725 4595 7
725 500 7
725 56 7
726 1210 7
726 2719 7
726 3857 7
726 643 7
728 1169 7
728 2723 7
728 2805 7
728 3079 7
728 3312 7
728 3774 7
728 4421 7
731 1466 7
731 42 7
734 2676 7
734 2796 7
734 3772 7
736 1025 7
736 1117 7
736 1432 7
736 1637 7
736 172 7
736 1782 7
736 1854 7
736 1889 7
736 1927 7
736 1933 7
736 387 7
736 400 7
736 440 7
736 476 7
736 623 7
736 66 7
739 2084 7
739 4393 7
74 28 7
74 2995 7
74 3348 7
74 387 7
74 412 7
74 545 7
740 1866 7
740 2296 7
741 1480 7
741 1529 7
741 1711 7
741 1846 7
741 2255 7
741 272 7
741 543 7
741 579 7
742 1327 7
742 1523 7
742 1684 7
742 3146 7
742 3743 7
746 1199 7
746 1205 7
746 3893 7
746 400 7
746 4001 7
746 42 7
747 3201 7
748 1088 7
748 1271 7
748 1883 7
748 1997 7
748 2067 7
748 393 7
748 400 7
748 497 7
752 4139 7
752 4407 7
752 767 7
753 186 7
753 2723 7
753 2901 7
753 3083 7
753 334 7
753 3913 7
753 4594 7
753 466 7
753 510 7
753 566 7
753 778 7
754 3520 7
756 1677 7
759 4276 7
759 651 7
759 674 7
762 126 7
764 1447 7
764 1473 7
764 2765 7
767 2075 7
767 4139 7
77 145 7
77 3057 7
77 314 7
77 3230 7
77 37 7
772 910 7
773 127 7
773 687 7
773 950 7
775 132 7
775 1709 7
775 3873 7
775 741 7
778 1711 7
778 3073 7
778 3108 7
778 334 7
778 621 7
783 3227 7
783 595 7
786 2075 7
786 4139 7
786 752 7
787 1029 7
787 1030 7
787 1179 7
787 2005 7
787 2374 7
787 2392 7
789 30 7
789 412 7
789 503 7
789 653 7
79 207 7
79 220 7
79 910 7
790 3970 7
790 953 7
792 1217 7
793 3644 7
793 818 7
793 925 7
796 4424 7
796 4425 7
796 4433 7
798 1117 7
798 1202 7
798 124 7
798 371 7
798 538 7
798 623 7
798 728 7
798 734 7
801 1201 7
801 1791 7
801 227 7
801 2574 7
801 2574 7
801 580 7
801 580 7
801 623 7
801 635 7
801 92 7
802 3873 7
803 1148 7
803 2 7
803 2426 7
803 2718 7
803 2904 7
803 3018 7
803 3124 7
803 330 7
803 3422 7
803 539 7
803 610 7
803 706 7
803 950 7
803 973 7
805 202 7
806 164 7
806 165 7
806 1820 7
806 185 7
806 327 7
806 4173 7
806 4390 7
807 1473 7
807 479 7
807 516 7
807 681 7
807 925 7
808 3623 7
815 108 7
815 1363 7
815 360 7
816 1963 7
816 3982 7
817 4576 7
818 1125 7
818 1966 7
818 3 7
818 807 7
819 2331 7
819 4420 7
822 2836 7
822 2911 7
822 3080 7
822 365 7
822 566 7
822 577 7
824 131 7
824 2628 7
824 499 7
825 1214 7
825 1841 7
825 247 7
825 2739 7
825 4336 7
825 4338 7
825 826 7
825 837 7
826 1841 7
826 2129 7
826 247 7
826 3232 7
826 355 7
826 3966 7
826 4338 7
826 596 7
827 1180 7
827 4271 7
827 480 7
827 497 7
827 748 7
827 989 7
828 3645 7
828 4494 7
83 147 7
83 1782 7
83 3743 7
83 4285 7
830 132 7
830 3324 7
830 510 7
830 831 7
831 1201 7
831 1608 7
831 2400 7
831 4076 7
831 444 7
831 566 7
831 753 7
833 1025 7
833 1177 7
833 1383 7
833 165 7
833 185 7
833 237 7
833 3808 7
833 455 7
833 664 7
837 194 7
837 313 7
837 3946 7
837 826 7
838 1201 7
838 1529 7
838 2713 7
838 2714 7
838 3594 7
838 4295 7
838 4520 7
838 562 7
838 863 7
842 4049 7
847 1226 7
848 1183 7
848 1398 7
848 1782 7
848 2670 7
848 3244 7
848 436 7
848 4371 7
849 1007 7
849 1025 7
849 1245 7
849 132 7
849 1440 7
849 2247 7
849 2890 7
849 30 7
849 371 7
85 3754 7
852 2317 7
852 3535 7
853 2380 7
855 1890 7
855 2073 7
856 2759 7
86 696 7
860 2170 7
862 1597 7
862 2 7
862 278 7
862 2888 7
862 573 7
862 876 7
863 186 7
863 2714 7
863 3189 7
863 4385 7
863 4506 7
864 1168 7
864 2310 7
868 3890 7
872 1168 7
872 1177 7
872 32 7
872 4645 7
872 864 7
875 687 7
875 726 7
876 54 7
878 2980 7
879 1197 7
879 1308 7
879 2719 7
879 3213 7
879 3473 7
879 692 7
88 108 7
88 1472 7
88 339 7
88 4195 7
88 747 7
880 461 7
880 914 7
882 441 7
883 1194 7
883 171 7
883 435 7
885 4367 7
89 1 7
89 1160 7
89 1406 7
89 1802 7
89 393 7
89 42 7
891 4019 7
891 4312 7
891 4409 7
891 500 7
897 1299 7
897 1735 7
897 3762 7
897 3762 7
897 4505 7
897 848 7
898 1489 7
9 4543 7
9 4544 7
9 4545 7
90 2 7
90 2240 7
900 171 7
900 1939 7
901 2431 7
91 1125 7
91 1178 7
91 18 7
91 2765 7
91 4477 7
910 1148 7
910 1623 7
910 172 7
910 1927 7
910 1957 7
910 220 7
910 278 7
910 291 7
910 421 7
910 53 7
910 635 7
910 66 7
913 1108 7
913 1791 7
913 1842 7
913 280 7
913 2972 7
913 3023 7
913 461 7
913 476 7
913 537 7
913 692 7
914 1711 7
914 272 7
914 3743 7
914 654 7
914 849 7
915 2679 7
915 3331 7
917 2275 7
917 3260 7
917 642 7
92 1174 7
92 1254 7
92 130 7
92 1619 7
92 1791 7
92 1842 7
92 1927 7
92 1963 7
92 2172 7
92 2309 7
92 2574 7
92 3693 7
92 4284 7
92 479 7
92 519 7
92 623 7
92 728 7
92 753 7
92 801 7
92 833 7
92 876 7
92 913 7
92 913 7
920 263 7
920 34 7
920 456 7
920 974 7
921 148 7
921 228 7
921 2371 7
921 3326 7
921 400 7
922 232 7
924 3628 7
924 4293 7
925 2765 7
925 3644 7
925 91 7
926 1785 7
93 278 7
931 1418 7
931 1747 7
931 2380 7
931 272 7
933 1352 7
938 201 7
941 4400 7
945 4556 7
945 4562 7
946 2478 7
946 272 7
946 2972 7
946 3473 7
946 4535 7
946 4545 7
946 557 7
95 131 7
95 2051 7
95 3235 7
950 1747 7
950 2121 7
950 224 7
950 3422 7
950 708 7
950 803 7
952 172 7
952 2240 7
952 3989 7
952 90 7
953 18 7
953 2166 7
953 2200 7
953 2765 7
953 3458 7
953 802 7
955 1257 7
955 2549 7
955 3108 7
955 741 7
956 1178 7
956 387 7
956 421 7
956 926 7
958 340 7
959 1025 7
959 1568 7
959 2057 7
959 2067 7
959 2676 7
959 275 7
960 1049 7
960 2551 7
968 1211 7
968 289 7
968 2934 7
968 573 7
971 1167 7
971 2400 7
971 3771 7
973 2719 7
973 4346 7
973 543 7
973 910 7
974 259 7
974 32 7
975 1523 7
975 2735 7
98 1108 7
98 1117 7
98 1791 7
98 187 7
98 1889 7
98 2247 7
98 3525 7
98 371 7
98 467 7
98 496 7
98 537 7
98 681 7
98 736 7
981 1284 7
981 3705 7
981 461 7
983 447 7
983 537 7
983 623 7
983 653 7
983 913 7
987 1667 7
987 1692 7
987 2033 7
987 4516 7
989 2006 7
989 2973 7
989 3057 7
989 3230 7
989 3271 7
989 3443 7
989 3465 7
989 3934 7
989 3940 7
989 4018 7
989 4019 7
989 803 7
991 1854 7
993 87 7
997 1339 7
997 1422 7
997 1512 7
997 3195 7
997 451 7
1 1051 8
1003 2606 8
1003 3355 8
1003 744 8
1004 163 8
1005 1252 8
1005 1393 8
1005 1472 8
1007 1503 8
1007 1689 8
1007 1808 8
1007 204 8
1007 24 8
1007 298 8
1007 3062 8
1007 455 8
1007 659 8
1007 815 8
1007 993 8
1008 1007 8
1008 1026 8
1008 112 8
1008 462 8
1008 519 8
1008 5260 8
1008 993 8
1009 122 8
1009 464 8
1012 6206 8
1013 1548 8
1013 287 8
1013 400 8
1013 412 8
1016 1200 8
1016 5840 8
102 128 8
102 3120 8
1021 1603 8
1021 4796 8
1021 5186 8
1024 1289 8
1024 1412 8
1024 1784 8
1024 4963 8
1024 5417 8
1025 112 8
1025 1308 8
1025 132 8
1025 440 8
1025 476 8
1025 586 8
1025 637 8
1025 687 8
1025 803 8
1026 1008 8
1026 1308 8
1026 1826 8
1026 1885 8
1026 197 8
1026 200 8
1026 2531 8
1026 2996 8
1026 3044 8
1026 3108 8
1026 33 8
1026 5528 8
1026 5532 8
1026 673 8
1027 1025 8
1027 1711 8
1027 1985 8
1027 237 8
1027 251 8
1027 3215 8
1027 4487 8
1027 449 8
1027 467 8
1027 476 8
1027 5660 8
1027 605 8
1027 623 8
1027 803 8
1028 975 8
1029 2392 8
1029 260 8
1029 2647 8
1029 2739 8
1029 3867 8
1029 6083 8
1029 621 8
1029 720 8
1029 792 8
1031 3945 8
1031 4512 8
1032 423 8
1032 637 8
1033 4155 8
1033 4934 8
1035 1027 8
1035 1178 8
1035 1711 8
1035 189 8
1035 1965 8
1035 202 8
1035 255 8
1035 264 8
1035 4062 8
1035 4487 8
1035 5670 8
1035 720 8
1035 955 8
104 1438 8
104 2006 8
104 25 8
104 2606 8
104 2751 8
104 2891 8
104 3608 8
104 3741 8
104 3861 8
104 3934 8
104 5311 8
104 965 8
1042 1948 8
1042 195 8
1044 1013 8
1044 287 8
1044 330 8
1044 364 8
1044 4333 8
1044 6386 8
1044 653 8
1045 1037 8
1045 4382 8
1045 5035 8
1046 1100 8
1046 1102 8
1046 2594 8
1046 6030 8
1049 3122 8
1051 1239 8
1051 1754 8
1052 1177 8
1052 2253 8
1052 3101 8
1052 5887 8
1054 1221 8
1054 2348 8
1054 2392 8
1054 260 8
1054 2711 8
1054 393 8
1054 42 8
1054 4767 8
1054 621 8
1054 787 8
1054 806 8
1055 1137 8
1055 4757 8
1056 1013 8
1056 1179 8
1056 1728 8
1056 1748 8
1056 199 8
1056 2006 8
1056 2372 8
1056 2372 8
1056 281 8
1056 3056 8
1056 467 8
1056 573 8
1056 601 8
1056 827 8
1056 956 8
1057 2006 8
1057 334 8
1057 383 8
1057 4041 8
1057 42 8
1057 4534 8
1057 4793 8
1057 4796 8
1057 497 8
1057 5101 8
1057 66 8
1057 689 8
1061 480 8
1062 1881 8
1063 1985 8
1063 2891 8
1063 6343 8
1063 696 8
1063 715 8
1063 778 8
1064 4318 8
1065 1177 8
1066 1479 8
1066 1564 8
1066 2573 8
1066 3085 8
1066 4062 8
1066 508 8
1066 741 8
1070 1095 8
1070 4114 8
1070 64 8
1071 235 8
1071 622 8
1075 2365 8
1077 1218 8
1079 3013 8
1079 3954 8
1079 5673 8
108 1352 8
108 1472 8
108 340 8
108 3458 8
108 3623 8
108 4528 8
1080 1549 8
1080 3237 8
1080 536 8
1081 1896 8
1081 1908 8
1081 2466 8
1081 272 8
1081 3272 8
1081 3429 8
1081 3993 8
1081 460 8
1081 4826 8
1081 4879 8
1081 860 8
1081 861 8
1082 1168 8
1082 1267 8
1082 1597 8
1082 2055 8
1082 42 8
1082 605 8
1083 2207 8
1083 2284 8
1083 2284 8
1083 2966 8
1083 2966 8
1083 4089 8
1086 2730 8
1086 3736 8
1087 1201 8
1087 224 8
1087 715 8
1087 778 8
1088 104 8
1088 1081 8
1088 1131 8
1088 1578 8
1088 1578 8
1088 1643 8
1088 1874 8
1088 1880 8
1088 1908 8
1088 1908 8
1088 2378 8
1088 2462 8
1088 2466 8
1088 2568 8
1088 2836 8
1088 2901 8
1088 3050 8
1088 3066 8
1088 3271 8
1088 4479 8
1088 5009 8
1088 5697 8
1088 685 8
1088 784 8
1088 91 8
109 142 8
109 143 8
109 143 8
109 1828 8
109 2819 8
109 3934 8
109 4205 8
109 453 8
109 4678 8
109 927 8
1090 4868 8
1091 1141 8
1091 12 8
1091 4333 8
1091 5004 8
1091 5250 8
1091 5365 8
1091 5366 8
1091 721 8
1092 3713 8
1093 1051 8
1093 1125 8
1093 1681 8
1093 1730 8
1093 88 8
1093 956 8
1095 1866 8
1095 2316 8
1098 3392 8
1098 4120 8
1098 4501 8
1099 171 8
1099 435 8
110 3201 8
110 485 8
1100 4837 8
1101 1055 8
1101 6327 8
1102 6004 8
1102 6005 8
1103 104 8
1103 1128 8
1103 1518 8
1103 1928 8
1103 2596 8
1103 333 8
1103 4269 8
1103 6446 8
1103 66 8
1103 728 8
1103 753 8
1104 1549 8
1104 2368 8
1104 514 8
1108 13 8
1108 1791 8
1108 1988 8
1108 280 8
1108 371 8
1108 371 8
1108 421 8
1108 455 8
1108 456 8
1108 580 8
1108 731 8
1108 801 8
1108 849 8
1108 98 8
1109 3884 8
1109 503 8
1109 5891 8
111 328 8
111 3498 8
111 4787 8
1110 1904 8
1110 1906 8
1110 2462 8
1110 3879 8
1114 145 8
1114 989 8
1117 1025 8
1117 1056 8
1117 1183 8
1117 1202 8
1117 1355 8
1117 1927 8
1117 2995 8
1117 3018 8
1117 330 8
1117 3429 8
1117 3608 8
1117 3927 8
1117 4060 8
1117 4060 8
1117 444 8
1117 465 8
1117 467 8
1117 537 8
1117 623 8
1117 659 8
1117 673 8
1117 983 8
1118 1289 8
1118 1880 8
1118 2860 8
1118 3049 8
1118 3050 8
1118 5071 8
112 1169 8
112 1548 8
112 239 8
112 2714 8
112 3073 8
112 3076 8
112 3540 8
112 452 8
112 4648 8
112 510 8
112 53 8
112 580 8
112 803 8
1120 366 8
1121 3908 8
1121 4211 8
1121 6441 8
1121 6443 8
1122 3902 8
1122 4307 8
1122 6460 8
1123 1352 8
1123 2765 8
1123 340 8
1123 4205 8
1123 90 8
1124 5543 8
1125 1123 8
1125 1701 8
1125 3058 8
1125 3458 8
1125 394 8
1125 747 8
1125 90 8
1126 3714 8
1126 5689 8
1126 5721 8
1127 5365 8
1128 3422 8
1129 3385 8
1129 3829 8
113 1056 8
113 1179 8
113 1623 8
113 2986 8
113 3543 8
113 436 8
113 436 8
113 939 8
1131 1489 8
1131 1578 8
1131 1908 8
1131 3960 8
1131 5697 8
1131 637 8
1131 685 8
1132 1178 8
1132 5001 8
1132 5031 8
1133 5365 8
1133 6394 8
1137 1015 8
1137 2288 8
114 127 8
114 232 8
114 3113 8
1140 5121 8
1140 5122 8
1141 2888 8
1141 383 8
1141 5004 8
1141 6411 8
1146 1066 8
1146 1416 8
1146 569 8
1146 731 8
115 448 8
115 731 8
1150 6387 8
1151 1495 8
1151 1796 8
1151 3572 8
1152 1063 8
1152 6504 8
1153 287 8
1153 436 8
1155 4124 8
1155 6330 8
1156 1902 8
1156 5155 8
1157 4120 8
116 5970 8
1160 1054 8
1160 1294 8
1160 133 8
1160 1772 8
1160 2196 8
1160 3056 8
1160 455 8
1160 467 8
1160 742 8
1160 806 8
1160 833 8
1161 4224 8
1163 2378 8
1163 2677 8
1163 2703 8
1163 5 8
1164 1881 8
1164 25 8
1164 3423 8
1164 4059 8
1164 4307 8
1164 6194 8
1164 71 8
1166 1117 8
1166 1168 8
1166 1500 8
1166 2648 8
1166 2681 8
1166 3645 8
1166 3830 8
1167 4567 8
1168 1881 8
1168 234 8
1168 3443 8
1168 4283 8
1168 4558 8
1168 4921 8
1169 1184 8
1169 2467 8
1169 257 8
1169 3018 8
1169 3839 8
1169 387 8
1169 4659 8
1169 914 8
117 1066 8
117 118 8
1173 1153 8
1173 724 8
1174 4510 8
1174 668 8
1175 1205 8
1175 1542 8
1175 260 8
1175 383 8
1175 3871 8
1175 5659 8
1175 748 8
1176 1029 8
1176 1213 8
1176 1234 8
1176 3575 8
1176 4935 8
1176 5075 8
1177 1057 8
1177 228 8
1177 2392 8
1177 287 8
1177 399 8
1177 400 8
1177 6259 8
1177 637 8
1178 1051 8
1178 1093 8
1178 1214 8
1178 1269 8
1178 1418 8
1178 2255 8
1178 2555 8
1178 3212 8
1178 3309 8
1178 4321 8
1178 453 8
1178 497 8
1178 748 8
1178 808 8
1178 956 8
1179 112 8
1179 1175 8
1179 1983 8
1179 2006 8
1179 2006 8
1179 2738 8
1179 400 8
1179 4001 8
118 1066 8
118 1670 8
118 2456 8
118 2597 8
118 5507 8
1180 1205 8
1180 1214 8
1180 1985 8
1180 3056 8
1180 3056 8
1180 400 8
1180 4001 8
1180 4487 8
1180 55 8
1181 1056 8
1181 142 8
1181 234 8
1181 2372 8
1181 3740 8
1181 499 8
1181 5550 8
1183 207 8
1183 2307 8
1183 2898 8
1183 3106 8
1183 5667 8
1183 5887 8
1183 731 8
1184 2 8
1184 2789 8
1184 3774 8
1184 950 8
1187 1216 8
1187 4353 8
1187 4658 8
1187 4690 8
1187 4690 8
1187 5289 8
1187 5291 8
1189 4748 8
1190 1228 8
1190 2155 8
1190 2392 8
1190 4030 8
1191 1636 8
1191 49 8
1192 1557 8
1192 1666 8
1192 1794 8
1192 468 8
1194 1099 8
1194 2984 8
1195 1623 8
1195 2395 8
1196 3204 8
1196 397 8
1196 4368 8
1196 4396 8
1196 471 8
1196 6078 8
1197 3650 8
1197 3650 8
1197 643 8
1197 859 8
12 1201 8
12 170 8
12 1835 8
12 1911 8
12 1957 8
12 25 8
12 2526 8
12 287 8
12 34 8
12 3745 8
12 4886 8
120 1820 8
120 2883 8
120 4139 8
120 4947 8
120 5049 8
120 700 8
120 701 8
1200 224 8
1200 4269 8
1201 1088 8
1201 1120 8
1201 129 8
1201 1440 8
1201 169 8
1201 1866 8
1201 1976 8
1201 2288 8
1201 3150 8
1201 508 8
1201 715 8
1201 931 8
1202 165 8
1202 1925 8
1202 1985 8
1202 2006 8
1202 2348 8
1202 2711 8
1202 300 8
1202 3083 8
1202 3124 8
1202 334 8
1202 3520 8
1202 3604 8
1202 387 8
1202 447 8
1202 622 8
1202 623 8
1202 739 8
1202 833 8
1202 983 8
1203 4534 8
1205 383 8
1205 400 8
1205 480 8
1206 1218 8
1208 2634 8
1209 646 8
1209 825 8
1210 1459 8
1210 1881 8
1210 3023 8
1210 3654 8
1210 4487 8
1210 557 8
1211 2706 8
1211 3035 8
1211 79 8
1211 968 8
1212 1846 8
1212 2673 8
1212 741 8
1212 891 8
1213 1228 8
1214 1177 8
1214 1217 8
1214 1562 8
1214 1979 8
1214 334 8
1214 3893 8
1214 4001 8
1214 42 8
1214 4210 8
1214 71 8
1214 752 8
1214 806 8
1214 89 8
1215 2006 8
1215 2738 8
1216 1187 8
1216 3085 8
1216 4658 8
1216 466 8
1216 4690 8
1216 4691 8
1216 4717 8
1216 5288 8
1216 5289 8
1216 5289 8
1216 5290 8
1216 530 8
1216 6239 8
1216 6463 8
1216 74 8
1216 829 8
1216 838 8
1217 792 8
1218 6083 8
1219 1181 8
1219 1222 8
1219 2250 8
1219 2392 8
1219 314 8
1219 4761 8
122 1249 8
122 2379 8
122 2755 8
122 313 8
122 744 8
122 941 8
1220 1229 8
1220 157 8
1220 2359 8
1220 3175 8
1220 3215 8
1221 1214 8
1221 159 8
1221 164 8
1221 2084 8
1221 2392 8
1221 358 8
1221 446 8
1221 467 8
1221 752 8
1222 1328 8
1222 1623 8
1222 5026 8
1223 4469 8
1223 783 8
1224 1081 8
1224 4180 8
1224 4879 8
1224 5521 8
1224 5573 8
1224 993 8
1226 3538 8
1226 3994 8
1226 4574 8
1226 6275 8
1226 6355 8
1226 6363 8
1226 74 8
1228 1176 8
1228 2372 8
1228 4761 8
1228 5075 8
123 2048 8
123 415 8
123 4304 8
1230 1866 8
1230 2133 8
1230 4487 8
1230 5835 8
1230 6386 8
1232 104 8
1232 1063 8
1232 1066 8
1232 1523 8
1232 1835 8
1232 2380 8
1232 3448 8
1232 66 8
1234 1057 8
1234 1175 8
1234 1542 8
1234 1638 8
1234 1983 8
1234 1990 8
1234 4534 8
1235 259 8
1235 3908 8
1235 6050 8
1235 6159 8
1235 643 8
1238 1790 8
1239 1125 8
1239 1500 8
1239 4282 8
124 1056 8
124 1214 8
124 130 8
124 2316 8
124 2677 8
124 3085 8
124 451 8
124 573 8
124 64 8
124 788 8
1240 1643 8
1240 1785 8
1240 2049 8
1241 1440 8
1241 2715 8
1241 5172 8
1241 5623 8
1242 2715 8
1242 766 8
1244 1044 8
1244 1160 8
1244 1166 8
1244 1297 8
1244 1393 8
1244 1401 8
1244 2467 8
1244 25 8
1244 3062 8
1244 4215 8
1244 497 8
1244 5449 8
1245 1027 8
1245 1925 8
1245 239 8
1245 2735 8
1245 3124 8
1245 552 8
1245 573 8
1245 753 8
1245 910 8
1249 153 8
1249 1659 8
1249 2563 8
1249 5168 8
1249 941 8
125 352 8
125 4538 8
125 4881 8
125 4882 8
125 4883 8
125 5942 8
125 871 8
1252 1244 8
1252 1350 8
1252 1393 8
1252 2033 8
1252 2351 8
1252 3230 8
1254 1696 8
1254 1986 8
1254 4865 8
1254 995 8
1257 2483 8
1257 5651 8
1257 803 8
126 3133 8
126 3873 8
1261 2948 8
1265 1423 8
1265 1641 8
1265 1927 8
1265 2242 8
1265 3230 8
1265 5057 8
1265 736 8
1267 155 8
1267 2111 8
1267 3090 8
1268 1332 8
1269 1362 8
1269 1528 8
1269 4963 8
1269 5009 8
127 112 8
127 152 8
127 3038 8
127 3073 8
127 3135 8
127 3757 8
127 4303 8
127 4547 8
127 670 8
1270 1559 8
1270 1644 8
1270 5178 8
1270 5253 8
1271 2189 8
1271 3859 8
1271 4229 8
1271 447 8
1271 5002 8
1273 1430 8
1273 2468 8
1273 5136 8
1274 1679 8
1274 5455 8
1275 1418 8
1278 1399 8
128 127 8
128 3105 8
128 5942 8
128 5998 8
1280 3811 8
1281 5653 8
1282 147 8
1282 1709 8
1282 352 8
1282 4865 8
1282 4887 8
1282 5988 8
1283 4914 8
1285 4505 8
1286 1480 8
1286 1662 8
1286 2391 8
1286 2676 8
1286 848 8
1288 3722 8
1288 5159 8
1289 1007 8
1289 1088 8
1289 158 8
1289 1796 8
1289 1895 8
1289 3044 8
1289 3044 8
1289 3059 8
1289 499 8
1289 5009 8
1289 5053 8
1289 5333 8
1289 685 8
129 1192 8
129 3540 8
129 3579 8
129 4367 8
129 4594 8
129 4738 8
129 728 8
1291 5704 8
1293 1881 8
1294 1070 8
1294 132 8
1294 1482 8
1294 285 8
1294 3316 8
1294 440 8
1294 440 8
1294 455 8
1294 543 8
1295 1303 8
1295 4313 8
1295 4668 8
1297 1100 8
1297 1141 8
1297 1164 8
1297 2253 8
1297 3429 8
1298 4924 8
1299 1304 8
1299 3695 8
1299 4827 8
1299 5198 8
1299 5198 8
1299 897 8
13 211 8
13 275 8
13 280 8
13 280 8
13 371 8
13 580 8
13 635 8
13 801 8
130 1027 8
130 1174 8
130 1711 8
130 2240 8
130 3215 8
130 3319 8
130 357 8
130 461 8
130 537 8
130 537 8
130 545 8
130 586 8
130 673 8
130 720 8
130 862 8
130 973 8
130 98 8
1301 2551 8
1301 3234 8
1301 4041 8
1301 827 8
1302 4164 8
1302 681 8
1303 4302 8
1303 4668 8
1304 5198 8
1305 2981 8
1305 4928 8
1305 4929 8
1307 1361 8
1307 1598 8
1307 227 8
1307 2544 8
1307 298 8
1308 1007 8
1308 1008 8
1308 1202 8
1308 1842 8
1308 1885 8
1308 2711 8
1308 3044 8
1308 3150 8
1308 3708 8
1308 444 8
1308 455 8
1308 456 8
1308 4980 8
1308 516 8
1308 637 8
1308 673 8
1308 860 8
1308 913 8
1308 913 8
1308 98 8
131 1623 8
131 174 8
131 1809 8
131 48 8
1310 4657 8
1310 4743 8
1311 1429 8
1311 2564 8
1311 2807 8
1313 104 8
1313 1619 8
1313 189 8
1313 5531 8
1313 6089 8
1313 671 8
1314 1264 8
1314 1393 8
1314 1937 8
1317 1252 8
1317 1481 8
1318 1621 8
1318 3927 8
132 1294 8
132 14 8
132 3018 8
132 3316 8
132 4060 8
132 476 8
132 53 8
132 545 8
1320 2471 8
1320 5671 8
1323 1479 8
1326 160 8
1326 2569 8
1327 2659 8
1327 5850 8
1328 1222 8
1329 1026 8
1329 1131 8
1329 2819 8
1329 3729 8
1329 3960 8
133 1777 8
133 1908 8
133 47 8
133 5117 8
1330 4996 8
1332 4937 8
1333 1110 8
1333 1118 8
1333 2925 8
1333 3090 8
1333 5242 8
1335 1009 8
1335 2479 8
1337 1446 8
1338 5521 8
1339 748 8
134 6378 8
1342 2953 8
1342 5459 8
1344 4206 8
1344 4796 8
1344 5037 8
1345 169 8
1345 2021 8
1345 5657 8
1347 5326 8
1348 3837 8
1348 4721 8
1350 1131 8
1350 1326 8
1350 160 8
1350 3535 8
1350 3608 8
1351 1452 8
1352 3645 8
1352 4187 8
1353 4286 8
1354 2641 8
1355 118 8
1355 1240 8
1355 2006 8
1355 2207 8
1361 1393 8
1361 2544 8
1361 2957 8
1361 543 8
1362 1007 8
1362 1008 8
1362 1504 8
1362 1904 8
1362 2462 8
1362 3960 8
1362 4941 8
1362 5061 8
1362 5393 8
1362 5588 8
1362 993 8
1363 1965 8
1363 5430 8
1364 1611 8
1364 1747 8
1364 2930 8
1365 1443 8
1366 1672 8
1366 1677 8
1366 4026 8
1366 4135 8
1366 54 8
137 1191 8
137 219 8
137 2224 8
137 3345 8
137 4192 8
137 4924 8
1371 2735 8
1371 3365 8
1371 5297 8
1372 1289 8
1372 1326 8
1372 1374 8
1372 1579 8
1372 1789 8
1372 1933 8
1372 242 8
1372 2462 8
1372 777 8
1373 1178 8
1373 1458 8
1373 3927 8
1374 1026 8
1374 1151 8
1374 1317 8
1374 1489 8
1374 160 8
1374 1796 8
1374 2956 8
1376 2954 8
1376 5243 8
1376 5244 8
138 1184 8
138 1927 8
138 202 8
138 207 8
138 229 8
138 246 8
138 257 8
138 62 8
1380 1240 8
1380 2966 8
1381 2391 8
1381 333 8
1381 458 8
1381 98 8
1385 3805 8
1385 686 8
1386 15 8
1386 1612 8
1386 960 8
1387 1388 8
1388 1090 8
1389 1741 8
1389 3066 8
1390 1576 8
1390 4224 8
1390 5120 8
1390 5662 8
1392 5305 8
1393 1264 8
1393 133 8
1393 497 8
1394 3090 8
1394 3601 8
1394 5676 8
1396 1651 8
1396 1806 8
1396 92 8
1397 3062 8
1398 2133 8
1398 4318 8
1398 759 8
1399 1966 8
1399 3641 8
14 1160 8
14 1169 8
14 1925 8
14 2714 8
14 3124 8
14 3326 8
14 3326 8
14 387 8
14 3990 8
14 421 8
14 983 8
1400 3361 8
1401 1169 8
1401 1191 8
1403 1440 8
1403 1440 8
1403 1676 8
1403 2545 8
1403 373 8
1403 3989 8
1403 4295 8
1403 4681 8
1403 502 8
1403 5736 8
1406 1125 8
1406 2196 8
1406 2351 8
1406 272 8
1406 89 8
1408 1008 8
1408 1008 8
1408 1131 8
1408 1581 8
1408 1674 8
1408 1885 8
1408 3057 8
1408 5260 8
1408 673 8
1410 1362 8
1410 1912 8
1410 3499 8
1410 4989 8
1411 2773 8
1411 5340 8
1412 1605 8
1412 1796 8
1412 3572 8
1415 1578 8
1415 2079 8
1415 2462 8
1415 3049 8
1415 360 8
1415 5264 8
1415 831 8
1416 3062 8
1416 560 8
1418 1373 8
1418 2023 8
1418 304 8
1418 731 8
1419 2340 8
142 3934 8
142 3940 8
142 602 8
1421 1164 8
1421 3450 8
1421 5669 8
1422 1757 8
1423 2499 8
1424 1082 8
1424 1168 8
1424 4771 8
1424 725 8
1424 725 8
1424 873 8
1427 1280 8
1428 1146 8
1428 166 8
1428 2255 8
1428 2783 8
1428 3108 8
1428 3541 8
1428 3708 8
1428 408 8
1428 4332 8
143 1698 8
143 1698 8
143 2170 8
143 2819 8
143 2819 8
143 3229 8
143 3638 8
143 3641 8
143 3642 8
143 4833 8
143 4834 8
1430 2468 8
1430 2502 8
1430 4949 8
1430 499 8
1430 5120 8
1430 5136 8
1430 5136 8
1430 703 8
1431 1355 8
1431 1380 8
1432 607 8
1432 608 8
1434 1419 8
1434 1726 8
1434 3951 8
1435 1504 8
1435 1784 8
1435 3240 8
1435 5277 8
1436 1463 8
1436 1674 8
1436 5211 8
1438 1117 8
1438 1408 8
1438 1722 8
1438 2015 8
1438 2901 8
1438 3500 8
1438 3708 8
1438 5037 8
1438 5417 8
1440 1127 8
1440 1676 8
1440 2545 8
1440 2545 8
1440 3757 8
1440 4295 8
1440 4394 8
1440 4676 8
1440 4702 8
1440 4757 8
1440 502 8
1440 5669 8
1440 5767 8
1440 742 8
1444 1281 8
1445 4512 8
1446 1024 8
1446 1224 8
1446 1447 8
1446 1463 8
1446 3951 8
1447 5578 8
145 1624 8
145 3024 8
145 375 8
145 989 8
1452 2642 8
1452 4190 8
1454 1238 8
1454 5606 8
1457 182 8
1457 3642 8
1458 1723 8
1458 3441 8
1459 3346 8
1459 3772 8
1459 4311 8
1459 482 8
1459 686 8
1460 2876 8
1460 2887 8
1460 2956 8
1460 3645 8
1460 579 8
1461 2391 8
1461 24 8
1461 2890 8
1462 1503 8
1462 1726 8
1462 5211 8
1463 1726 8
1463 4989 8
147 1254 8
1470 2819 8
1470 3204 8
1471 1242 8
1471 5220 8
1471 5334 8
1471 6322 8
1472 2739 8
1472 685 8
1473 3623 8
1473 448 8
1477 1371 8
1477 2735 8
1477 4207 8
1479 1178 8
1479 1602 8
148 1088 8
148 1118 8
148 1125 8
148 1131 8
148 1489 8
148 1908 8
148 1912 8
148 685 8
1480 124 8
1480 234 8
1480 330 8
1480 673 8
1480 720 8
1480 848 8
1482 2143 8
1482 2574 8
1482 3406 8
1482 4855 8
1483 5322 8
1484 3958 8
1487 1372 8
1487 1488 8
1487 1814 8
1487 1885 8
1487 2948 8
1488 1161 8
1488 1807 8
1488 248 8
1488 2948 8
1489 1131 8
1489 1160 8
1489 1289 8
1489 1578 8
1489 1597 8
1489 452 8
1489 487 8
1489 659 8
149 1271 8
149 1308 8
149 1965 8
149 3520 8
149 637 8
149 671 8
1491 3306 8
1491 748 8
1495 1476 8
1495 3240 8
1496 2819 8
1496 3651 8
1496 5382 8
1496 5386 8
1497 367 8
1498 3232 8
1498 3533 8
1498 3534 8
1498 3978 8
1498 5931 8
1499 1473 8
1499 4528 8
1499 5312 8
15 3150 8
15 5176 8
15 5177 8
15 921 8
1500 3058 8
1500 4438 8
1500 4804 8
1501 1160 8
1501 1908 8
1501 260 8
1501 3459 8
1501 4476 8
1501 860 8
1503 1362 8
1503 2489 8
1503 4826 8
1503 5345 8
1503 5418 8
1503 659 8
1504 5277 8
1506 2145 8
1506 2146 8
151 51 8
151 537 8
1511 1748 8
1512 1389 8
1512 2923 8
1513 2619 8
1513 5320 8
1515 5349 8
1515 5350 8
1518 6345 8
1518 6403 8
1518 6404 8
1519 1470 8
1519 5234 8
1519 933 8
152 4105 8
1523 3888 8
1523 5740 8
1523 741 8
1525 1634 8
1525 3755 8
1525 6295 8
1527 3649 8
1528 1289 8
1528 2340 8
1528 3998 8
1528 5033 8
1528 5053 8
1528 5061 8
1529 1177 8
1529 2 8
1529 207 8
1529 251 8
1529 251 8
1529 2723 8
1529 419 8
1529 519 8
1529 580 8
153 162 8
153 171 8
153 2079 8
153 220 8
153 4460 8
153 513 8
153 725 8
153 744 8
1532 207 8
1533 14 8
1533 2034 8
1533 3147 8
1533 455 8
1536 3623 8
1536 453 8
1540 1234 8
1541 120 8
1541 1820 8
1541 2142 8
1541 2883 8
1541 647 8
1542 1214 8
1542 446 8
1544 2092 8
1544 2145 8
1544 855 8
1545 1718 8
1545 2307 8
1545 2503 8
1545 662 8
1548 133 8
1548 1401 8
1548 1711 8
1548 385 8
1548 461 8
1548 519 8
1548 541 8
1549 2882 8
1549 5784 8
155 172 8
155 2079 8
155 3103 8
1551 3784 8
1551 6254 8
1551 6255 8
1552 4738 8
1552 5389 8
1553 1559 8
1553 5178 8
1557 1235 8
1557 1244 8
1557 187 8
1557 330 8
1557 4479 8
1557 605 8
1558 1291 8
1558 2784 8
1558 2958 8
1558 3670 8
1558 5515 8
1559 956 8
156 3124 8
156 3135 8
156 5980 8
1560 1627 8
1560 2925 8
1560 5182 8
1560 5480 8
1562 459 8
1563 1519 8
1563 4476 8
1564 1421 8
1564 1609 8
1564 1684 8
1564 1723 8
1564 2 8
1564 2568 8
1564 334 8
1564 423 8
1564 5978 8
1566 363 8
1566 4375 8
1568 1608 8
1568 418 8
1568 5072 8
157 1836 8
157 185 8
157 2084 8
157 2521 8
157 2883 8
157 3147 8
157 3215 8
157 4793 8
157 480 8
157 767 8
1571 4648 8
1571 5904 8
1575 4218 8
1575 5197 8
1575 5407 8
1576 2977 8
1578 148 8
1578 1581 8
1578 160 8
1578 1782 8
1578 1792 8
1578 1908 8
1578 1933 8
1578 3814 8
1578 637 8
1578 685 8
1579 1349 8
1579 2977 8
158 1026 8
158 1854 8
158 2555 8
158 3044 8
158 3566 8
158 796 8
1580 3798 8
1580 6367 8
1581 1131 8
1581 1885 8
1581 2999 8
1581 3004 8
1581 3538 8
1581 362 8
1581 388 8
1581 5272 8
1581 583 8
1581 637 8
1582 1373 8
1582 4518 8
1583 2391 8
1584 1935 8
1584 2568 8
1584 3056 8
1584 3177 8
1584 5628 8
1585 2231 8
1587 1632 8
1587 1710 8
1588 1289 8
1588 1476 8
1588 4826 8
1588 4962 8
1588 5219 8
159 165 8
159 771 8
1590 1355 8
1590 1785 8
1590 5775 8
1591 1454 8
1591 5325 8
1596 1351 8
1596 5431 8
1597 1361 8
1597 1428 8
1597 2255 8
1597 3108 8
1597 3429 8
1597 452 8
1597 731 8
1597 840 8
1598 1343 8
1598 1361 8
1598 227 8
1598 24 8
160 1088 8
160 1362 8
160 1374 8
160 1408 8
160 1481 8
160 1489 8
160 242 8
160 3018 8
160 362 8
160 637 8
160 685 8
1600 2914 8
1601 1829 8
1601 3641 8
1601 5563 8
1602 1146 8
1602 1792 8
1602 1891 8
1602 3398 8
1602 5657 8
1602 92 8
1603 2497 8
1603 4796 8
1603 5469 8
1605 1008 8
1605 1436 8
1605 1504 8
1605 666 8
1606 1850 8
1606 2942 8
1606 2955 8
1606 4981 8
1607 4975 8
1607 4976 8
1608 113 8
1608 171 8
1608 2382 8
1608 2402 8
1608 2405 8
1608 3005 8
1608 418 8
1608 51 8
1608 5827 8
1609 1637 8
1609 4221 8
1609 462 8
161 1900 8
161 1908 8
161 447 8
161 4995 8
1611 1323 8
1611 889 8
1612 1560 8
1612 3598 8
1613 1431 8
1613 1598 8
1613 2207 8
1613 2311 8
1613 5650 8
1613 681 8
1614 5199 8
1614 5201 8
1614 5443 8
1615 1051 8
1615 1387 8
1615 4321 8
1615 4477 8
1615 453 8
1615 4769 8
1615 4983 8
1618 1562 8
1618 3918 8
1618 4221 8
1619 1066 8
1619 1146 8
1619 1416 8
1619 2868 8
1619 3108 8
1619 3700 8
1619 3913 8
1619 4859 8
1619 6303 8
1619 833 8
1619 97 8
162 1086 8
162 1921 8
162 2143 8
162 2443 8
162 2468 8
162 2478 8
162 2600 8
1621 1798 8
1621 2049 8
1623 1195 8
1623 1222 8
1623 1950 8
1623 257 8
1623 2791 8
1623 300 8
1623 3541 8
1623 3835 8
1623 385 8
1623 456 8
1623 4778 8
1623 579 8
1623 79 8
1624 268 8
1624 314 8
1624 739 8
1625 1295 8
1625 1303 8
1625 4302 8
1626 1350 8
1627 1794 8
1627 2890 8
1627 4734 8
1631 127 8
1631 2814 8
1631 5420 8
1632 1435 8
1632 1462 8
1632 2332 8
1634 3755 8
1634 6295 8
1634 6296 8
1636 1381 8
1636 2224 8
1636 2391 8
1636 3541 8
1636 4164 8
1636 4379 8
1636 706 8
1637 2904 8
1637 5711 8
1638 1935 8
1638 3175 8
1638 833 8
164 1057 8
164 1491 8
164 157 8
164 1997 8
164 2348 8
164 2441 8
164 2661 8
164 3056 8
164 334 8
164 3584 8
164 383 8
164 393 8
164 394 8
164 4001 8
164 447 8
164 750 8
164 752 8
164 819 8
1640 1265 8
1640 1444 8
1640 4036 8
1641 2564 8
1641 3337 8
1642 1422 8
1643 4367 8
1644 5352 8
1644 5458 8
1645 1081 8
1645 1408 8
1645 1872 8
1645 2342 8
1645 3429 8
1646 3010 8
1647 104 8
1647 1681 8
1647 230 8
1647 396 8
165 1029 8
165 1066 8
165 1221 8
165 157 8
165 2084 8
165 2647 8
165 3835 8
165 451 8
165 480 8
165 638 8
165 649 8
1651 2600 8
1651 3393 8
1651 3870 8
1652 459 8
1653 1196 8
1653 2526 8
1653 268 8
1653 3204 8
1653 3391 8
1653 4379 8
1656 5446 8
1658 5760 8
1658 5760 8
1658 6456 8
1659 2563 8
1659 5168 8
166 1399 8
166 5563 8
1660 2067 8
1662 1557 8
1662 2551 8
1662 921 8
1663 2442 8
1664 788 8
1665 3121 8
1665 32 8
1665 676 8
1665 731 8
1666 1252 8
1667 5405 8
1667 5615 8
1668 1523 8
1668 2521 8
1668 2752 8
1668 2925 8
1668 396 8
167 3120 8
1672 1551 8
1672 3784 8
1672 4135 8
1672 6253 8
1674 1289 8
1674 1438 8
1674 237 8
1674 2392 8
1674 2716 8
1674 3572 8
1674 4059 8
1674 4448 8
1674 4890 8
1674 991 8
1675 120 8
1675 2189 8
1675 2682 8
1675 4034 8
1675 700 8
1676 3757 8
1676 4547 8
1676 4664 8
1676 4701 8
1676 4702 8
1676 4712 8
1677 3630 8
1677 5682 8
1677 5820 8
1678 1525 8
1679 1552 8
1679 2518 8
1679 4738 8
1679 5305 8
1679 5389 8
1681 2725 8
1681 5311 8
1681 965 8
1682 4192 8
1683 3466 8
1684 1104 8
1684 2110 8
1684 2653 8
1684 2872 8
1684 460 8
1684 514 8
1687 4508 8
1688 2351 8
1689 1412 8
1689 1605 8
1689 1734 8
1689 1919 8
1689 5260 8
169 3357 8
169 721 8
169 783 8
169 975 8
1692 1066 8
1692 2380 8
1692 3445 8
1692 3862 8
1692 5252 8
1692 65 8
1694 5504 8
1694 5505 8
1695 1173 8
1695 3542 8
1696 775 8
1697 2253 8
1698 109 8
1698 117 8
1698 1239 8
1698 1536 8
1698 2819 8
1698 2819 8
1698 485 8
1698 5255 8
17 2105 8
17 939 8
170 6000 8
1701 129 8
1701 1674 8
1701 1726 8
1701 3234 8
1701 362 8
1701 364 8
1701 5417 8
1701 685 8
1702 1576 8
1702 1737 8
1702 1898 8
1702 2697 8
1703 5320 8
1704 1487 8
1704 1789 8
1704 1885 8
1704 1938 8
1704 2033 8
1705 5086 8
1706 2557 8
1706 4532 8
1706 5743 8
1708 1394 8
1708 1612 8
1708 2021 8
1708 2872 8
1708 309 8
1708 3090 8
1708 3245 8
1709 125 8
1709 2143 8
1709 4298 8
1709 4873 8
1709 4883 8
1709 4887 8
1709 86 8
171 1013 8
171 1796 8
171 197 8
171 2076 8
171 2150 8
171 256 8
171 299 8
171 3108 8
171 4211 8
171 435 8
171 623 8
1710 1435 8
1711 1080 8
1711 1108 8
1711 1927 8
1711 2400 8
1711 2652 8
1711 272 8
1711 3018 8
1711 32 8
1711 3645 8
1711 3921 8
1711 421 8
1711 440 8
1711 468 8
1711 543 8
1711 635 8
1711 92 8
1711 928 8
1711 950 8
1715 1066 8
1715 673 8
1718 1545 8
1718 3297 8
1719 17 8
1719 178 8
1719 1925 8
1719 2079 8
1719 2224 8
1719 259 8
1719 436 8
1719 4445 8
1719 5827 8
1719 659 8
172 1025 8
172 1027 8
172 1183 8
172 2380 8
172 3103 8
172 3189 8
172 334 8
172 3884 8
172 412 8
172 418 8
172 6006 8
172 775 8
172 803 8
172 983 8
1721 2508 8
1721 4239 8
1722 1701 8
1722 3845 8
1722 5545 8
1723 828 8
1724 2833 8
1724 3267 8
1724 4117 8
1724 4150 8
1724 4162 8
1726 3998 8
1726 5417 8
1728 3018 8
1728 32 8
1728 448 8
1728 56 8
1728 6228 8
1728 742 8
1729 2807 8
1729 3441 8
1730 5340 8
1730 5387 8
1732 5312 8
1733 1965 8
1733 451 8
1734 1008 8
1734 1504 8
1734 3960 8
1737 2529 8
1741 1273 8
1741 1430 8
1741 2468 8
1741 5136 8
1741 5458 8
1747 2930 8
1747 2973 8
1747 3062 8
1747 3543 8
1747 671 8
1747 673 8
1748 3056 8
175 5741 8
1750 2920 8
1750 400 8
1753 1557 8
1753 3735 8
1753 5197 8
1753 5278 8
1754 1802 8
1756 1784 8
1757 3370 8
1759 5390 8
1759 5391 8
1760 2242 8
1760 3918 8
1760 3918 8
1760 868 8
1763 1381 8
1763 1636 8
1763 333 8
1763 98 8
1769 3141 8
1769 6 8
1769 6396 8
177 131 8
177 215 8
1772 360 8
1774 4488 8
1774 5278 8
1777 1168 8
1777 2255 8
1777 2379 8
1777 2499 8
1777 3524 8
1777 36 8
1778 1281 8
1778 2559 8
178 220 8
178 2405 8
178 256 8
178 3465 8
178 36 8
178 366 8
178 4469 8
178 4757 8
178 5767 8
178 64 8
178 92 8
1781 3077 8
1781 473 8
1782 1071 8
1782 235 8
1782 2376 8
1782 272 8
1782 3348 8
1782 622 8
1782 748 8
1782 828 8
1782 891 8
1784 1462 8
1784 1463 8
1784 1674 8
1784 1734 8
1786 6521 8
1789 1579 8
1789 4479 8
179 1049 8
179 2725 8
179 2731 8
179 3543 8
1790 1454 8
1790 4180 8
1791 211 8
1791 275 8
1791 280 8
1791 2836 8
1791 421 8
1791 439 8
1791 461 8
1791 635 8
1791 98 8
1791 983 8
1792 3500 8
1794 1666 8
1794 2336 8
1794 3825 8
1794 5313 8
1795 4995 8
1795 5630 8
1796 32 8
1796 5383 8
1796 710 8
1797 1015 8
1797 3705 8
1798 1318 8
1798 5705 8
18 1942 8
18 5580 8
1800 2534 8
1801 4179 8
1802 1 8
1802 1966 8
1802 448 8
1802 89 8
1804 5383 8
1804 5493 8
1805 2589 8
1805 4448 8
1805 5109 8
1806 1729 8
1807 5765 8
1808 1035 8
1808 1323 8
1808 2023 8
1808 3520 8
1809 1816 8
1809 2225 8
1809 2513 8
1809 5224 8
1810 1339 8
1810 3122 8
1810 3227 8
1810 3426 8
1810 4738 8
1810 4936 8
1810 4955 8
1810 5120 8
1813 1603 8
1813 3295 8
1813 4876 8
1813 5313 8
1813 5611 8
1814 1381 8
1814 2569 8
1815 1692 8
1815 5180 8
1816 303 8
1816 5183 8
1817 1695 8
1817 4141 8
1818 1045 8
1818 1976 8
1818 1976 8
1818 2289 8
1818 3476 8
1818 3740 8
1818 4307 8
1819 1581 8
1819 239 8
1819 272 8
1819 2999 8
1819 362 8
1819 487 8
1819 623 8
182 1179 8
1820 157 8
1820 337 8
1820 4906 8
1820 700 8
1820 769 8
1823 2145 8
1824 1869 8
1824 3457 8
1826 2996 8
1828 143 8
1828 1698 8
1828 309 8
1828 453 8
1829 3219 8
1829 339 8
1829 3644 8
1829 4512 8
1829 742 8
1829 79 8
1829 879 8
1829 91 8
183 6300 8
183 961 8
1830 3964 8
1831 5935 8
1835 2101 8
1835 2134 8
1835 4414 8
1836 1221 8
1836 358 8
1838 1081 8
1838 1578 8
1838 2442 8
1838 4286 8
1838 460 8
184 115 8
184 5908 8
184 6157 8
1841 5846 8
1842 246 8
1842 298 8
1842 3018 8
1842 416 8
1843 1299 8
1843 3695 8
1846 2935 8
1846 3728 8
1846 915 8
1847 6422 8
1848 1912 8
1849 4243 8
185 1221 8
185 157 8
185 164 8
185 2084 8
185 77 8
1850 3393 8
1850 4919 8
1854 1615 8
1854 164 8
1854 2006 8
1854 2969 8
1854 3566 8
1854 3608 8
1854 4215 8
1854 486 8
1854 750 8
1854 819 8
1857 3463 8
1859 3457 8
186 4028 8
186 577 8
1860 3595 8
1860 4098 8
1866 1070 8
1866 4026 8
1866 4251 8
1868 3463 8
1868 657 8
1869 1459 8
1869 1870 8
1869 3782 8
1869 3808 8
1869 4764 8
187 2101 8
187 2257 8
187 233 8
187 456 8
1870 759 8
1871 1374 8
1871 1489 8
1871 1906 8
1871 5588 8
1872 1081 8
1872 1081 8
1872 1224 8
1872 1578 8
1872 1919 8
1872 2560 8
1872 3016 8
1872 5458 8
1872 6216 8
1872 929 8
1874 1891 8
1874 2368 8
1874 5332 8
1874 5455 8
1876 1588 8
1876 2442 8
1877 1895 8
1877 1896 8
1877 4189 8
1877 5269 8
1879 2462 8
1879 5891 8
1879 783 8
188 1398 8
188 1782 8
188 2196 8
188 237 8
188 251 8
188 3524 8
188 3593 8
188 3862 8
188 414 8
188 421 8
188 4243 8
188 656 8
188 955 8
1880 1289 8
1880 1605 8
1880 3879 8
1880 5697 8
1881 1117 8
1881 1231 8
1881 1244 8
1881 1695 8
1881 3098 8
1881 51 8
1881 605 8
1881 6460 8
1881 721 8
1881 913 8
1881 983 8
1882 1025 8
1883 1822 8
1883 2746 8
1883 574 8
1885 1025 8
1885 1882 8
1885 3018 8
1885 333 8
1885 3619 8
1885 673 8
1885 685 8
1888 1874 8
1888 2286 8
1888 3034 8
1888 3243 8
1889 2207 8
1889 2426 8
1889 4511 8
189 153 8
189 248 8
189 2755 8
189 366 8
189 453 8
189 4618 8
189 463 8
189 560 8
1891 1289 8
1891 1897 8
1891 3148 8
1891 5374 8
1892 3001 8
1892 5394 8
1892 784 8
1895 1978 8
1895 3842 8
1895 471 8
1895 5597 8
1895 935 8
1896 1110 8
1896 3049 8
1896 3880 8
1896 5474 8
1897 1880 8
1899 5265 8
1899 5418 8
19 2249 8
1900 1891 8
1901 4900 8
1901 5303 8
1903 1110 8
1903 1289 8
1903 1880 8
1903 3044 8
1903 3050 8
1903 4826 8
1903 5167 8
1903 5348 8
1904 1891 8
1904 1903 8
1904 3059 8
1904 3483 8
1904 5588 8
1906 1489 8
1906 153 8
1906 2920 8
1906 3499 8
1908 1160 8
1908 148 8
1908 160 8
1908 1838 8
1908 1872 8
1908 2555 8
1908 5061 8
1908 5071 8
1908 637 8
1908 637 8
191 3112 8
1910 1344 8
1911 116 8
1911 170 8
1911 1853 8
1911 1941 8
1911 220 8
1911 3736 8
1911 639 8
1911 6457 8
1912 1088 8
1912 1118 8
1912 1813 8
1912 3204 8
1912 4876 8
1912 5492 8
1912 604 8
1916 1147 8
1916 1202 8
1916 5117 8
1918 5380 8
1919 1081 8
1919 1462 8
1919 1489 8
1919 1784 8
1919 3016 8
1919 5575 8
1919 777 8
192 3490 8
192 6417 8
1920 1804 8
1920 5315 8
1921 2901 8
1921 2903 8
1921 4796 8
1921 5177 8
1922 4196 8
1924 1086 8
1924 1921 8
1924 2730 8
1925 1202 8
1925 1245 8
1925 1265 8
1925 1350 8
1925 14 8
1925 1460 8
1925 1636 8
1925 1927 8
1925 2904 8
1925 2920 8
1925 2920 8
1925 3316 8
1925 3524 8
1925 4060 8
1925 436 8
1925 455 8
1925 467 8
1925 600 8
1925 706 8
1925 736 8
1925 9 8
1925 98 8
1925 983 8
1926 1489 8
1926 1927 8
1926 246 8
1926 3925 8
1926 3934 8
1927 2006 8
1927 2143 8
1927 233 8
1927 275 8
1927 2904 8
1927 3215 8
1927 440 8
1927 467 8
1927 487 8
1927 623 8
1927 9 8
1927 983 8
1927 983 8
1928 1271 8
1928 1583 8
1928 1623 8
1928 1777 8
1928 2400 8
1928 36 8
1928 4379 8
1928 725 8
1928 872 8
1928 902 8
1928 902 8
1929 2767 8
1929 5832 8
193 258 8
193 3990 8
193 4471 8
1932 12 8
1932 25 8
1932 2731 8
1932 4886 8
1933 1339 8
1933 3016 8
1933 3156 8
1933 3287 8
1933 4378 8
1933 461 8
1933 462 8
1933 4650 8
1934 2694 8
1934 4628 8
1937 3009 8
1937 5777 8
1938 272 8
1938 3215 8
1938 4378 8
1938 605 8
1938 609 8
1939 2137 8
194 313 8
194 4327 8
194 4613 8
194 5933 8
194 6039 8
1941 2143 8
1941 4837 8
1941 6000 8
1941 78 8
1942 1623 8
1942 207 8
1944 3698 8
1944 6497 8
1945 175 8
1945 2262 8
1945 2262 8
1945 4089 8
1945 4089 8
1946 5945 8
1948 12 8
1949 15 8
1949 25 8
1949 2568 8
1949 2568 8
1953 1949 8
1953 3441 8
1954 3601 8
1955 6125 8
1955 6478 8
1957 1421 8
1958 1232 8
1958 2064 8
1958 32 8
1958 4445 8
1958 5282 8
1958 670 8
196 4239 8
196 5017 8
196 5022 8
1960 1979 8
1960 408 8
1960 4863 8
1960 4864 8
1960 593 8
1963 1166 8
1963 187 8
1963 2681 8
1963 789 8
1963 789 8
1963 870 8
1965 1181 8
1965 1564 8
1965 1711 8
1965 3062 8
1965 3638 8
1965 602 8
1965 741 8
1965 833 8
1965 931 8
1966 1 8
1966 1615 8
1966 1829 8
1966 3623 8
1966 3642 8
197 1099 8
197 113 8
197 1194 8
197 200 8
197 2076 8
197 4513 8
197 6477 8
1971 115 8
1971 183 8
1971 3645 8
1971 4035 8
1971 4147 8
1971 6300 8
1971 910 8
1972 1232 8
1973 2341 8
1973 5138 8
1973 6307 8
1976 1120 8
1976 1164 8
1976 178 8
1976 5762 8
1976 6327 8
1976 6330 8
1978 1196 8
1978 471 8
1979 1180 8
1979 1748 8
1979 2463 8
1980 3919 8
1980 488 8
1981 2244 8
1981 237 8
1981 3940 8
1982 6080 8
1983 2647 8
1983 334 8
1983 4040 8
1983 5843 8
1985 1228 8
1985 1958 8
1985 2006 8
1985 2373 8
1985 260 8
1985 334 8
1985 3947 8
1985 4379 8
1985 691 8
1985 827 8
1986 1696 8
1986 775 8
1986 995 8
1988 1108 8
199 2121 8
199 2952 8
199 2984 8
199 3006 8
199 6114 8
1990 1029 8
1990 1175 8
1990 1214 8
1990 2315 8
1990 2374 8
1990 3062 8
1990 446 8
1992 3844 8
1992 589 8
1992 631 8
1997 1674 8
1997 1748 8
1997 2372 8
1997 2746 8
1997 2901 8
1997 447 8
1997 497 8
1997 516 8
1997 950 8
2 1184 8
2 1529 8
2 3830 8
2 412 8
2 418 8
2 456 8
2 545 8
2 621 8
2 74 8
2 983 8
200 171 8
200 2101 8
200 2259 8
200 2986 8
200 2996 8
200 3101 8
200 418 8
2003 2138 8
2003 2146 8
2004 5609 8
2005 1054 8
2005 1057 8
2005 1202 8
2005 2363 8
2005 2399 8
2005 3215 8
2005 4804 8
2005 787 8
2006 1057 8
2006 130 8
2006 1477 8
2006 1623 8
2006 2021 8
2006 237 8
2006 251 8
2006 259 8
2006 2647 8
2006 300 8
2006 4001 8
2006 4030 8
2006 42 8
2006 4761 8
2006 748 8
2006 748 8
2008 1282 8
2008 3737 8
2008 4883 8
2008 6 8
201 1087 8
201 2003 8
201 2380 8
2011 3079 8
2011 3305 8
2011 545 8
2012 238 8
2012 2797 8
2012 4069 8
2012 4072 8
2012 4734 8
2012 6410 8
2014 4947 8
2014 806 8
2016 3831 8
202 2701 8
202 394 8
202 4089 8
202 418 8
2020 4449 8
2021 251 8
2021 2641 8
2021 2872 8
2021 3009 8
2021 3245 8
2021 3330 8
2021 3604 8
2022 3452 8
2022 5903 8
2023 1925 8
2023 4440 8
2023 519 8
2023 955 8
203 136 8
2031 4840 8
2031 4841 8
2032 2309 8
2032 251 8
2032 3076 8
2032 3232 8
2032 4340 8
2032 6277 8
2033 1350 8
2033 1814 8
2033 1885 8
2035 4562 8
2035 4564 8
2038 1600 8
204 1733 8
204 1747 8
2040 6018 8
2041 6400 8
2045 2988 8
2045 5017 8
2048 3990 8
2048 415 8
2048 707 8
2049 1715 8
2049 3520 8
205 2979 8
205 3807 8
205 4241 8
2050 1782 8
2051 1568 8
2051 2094 8
2051 2134 8
2055 1424 8
2055 1564 8
2055 4751 8
2055 728 8
2055 807 8
2056 3943 8
2056 4771 8
2057 1254 8
2064 2111 8
2064 2405 8
2064 5407 8
2067 171 8
2067 418 8
207 2189 8
207 2731 8
207 3204 8
207 3601 8
207 37 8
207 3884 8
207 394 8
207 62 8
207 637 8
207 64 8
207 673 8
207 79 8
207 950 8
2070 1799 8
2070 1835 8
2070 197 8
2070 2984 8
2070 3108 8
2070 4419 8
2073 2107 8
2073 2122 8
2075 2084 8
2075 2441 8
2075 2739 8
2075 337 8
2075 446 8
2075 488 8
2075 647 8
2075 827 8
2076 3003 8
2077 5028 8
2078 2097 8
2078 558 8
2079 32 8
2079 4445 8
208 2142 8
208 488 8
2080 822 8
2080 847 8
2082 5485 8
2082 5524 8
2084 1221 8
2084 358 8
2084 5957 8
2086 2746 8
2086 956 8
2089 1506 8
2089 1823 8
2089 2380 8
2089 3242 8
2090 2749 8
2090 3647 8
2090 3647 8
2090 595 8
2090 654 8
2090 654 8
2090 663 8
2090 759 8
2090 874 8
2092 2259 8
2092 2405 8
2094 2423 8
2094 3003 8
2094 895 8
2096 2078 8
2096 5018 8
2097 2122 8
2097 5023 8
2099 201 8
2099 3655 8
2099 6009 8
21 2317 8
21 2476 8
21 4753 8
2101 1099 8
2101 468 8
2101 959 8
2102 201 8
2102 2137 8
2102 2148 8
2104 4725 8
2105 1796 8
2105 1939 8
2105 199 8
2105 2089 8
2105 4193 8
211 1108 8
211 13 8
211 13 8
211 13 8
211 280 8
211 280 8
211 280 8
211 421 8
211 580 8
211 635 8
2110 1711 8
2110 2652 8
2110 4373 8
2111 2934 8
2111 3548 8
2111 4193 8
2111 5407 8
212 262 8
212 4656 8
212 5217 8
212 843 8
2121 1939 8
2121 200 8
2121 200 8
2121 2102 8
2121 2111 8
2121 803 8
2122 1646 8
2124 2077 8
2129 1209 8
2129 3232 8
2129 825 8
213 6000 8
2132 2064 8
2133 1079 8
2133 1143 8
2133 1230 8
2133 1398 8
2133 4487 8
2133 5766 8
2134 1712 8
2134 2143 8
2134 2996 8
2134 3655 8
2137 197 8
2137 2380 8
2138 1544 8
2138 2145 8
2138 3738 8
2139 2051 8
2139 2096 8
2139 3652 8
2142 120 8
2142 164 8
2142 2075 8
2142 2661 8
2142 4139 8
2142 4139 8
2142 6537 8
2142 774 8
2143 1245 8
2143 1294 8
2143 1608 8
2143 1719 8
2143 1823 8
2143 1925 8
2143 2209 8
2143 2574 8
2143 2667 8
2143 330 8
2143 4060 8
2143 436 8
2143 4402 8
2143 4530 8
2143 4572 8
2143 914 8
2143 975 8
2143 98 8
2145 3738 8
215 1054 8
215 12 8
215 1932 8
215 220 8
215 2694 8
2150 1835 8
2150 2003 8
2151 2189 8
2151 2189 8
2152 1327 8
2152 5850 8
2154 2843 8
2154 3869 8
2154 749 8
2155 2332 8
2155 5782 8
2163 285 8
2163 557 8
2163 773 8
2166 3665 8
2166 4042 8
2167 1222 8
2167 2180 8
2170 1178 8
2170 1323 8
2170 1619 8
2170 1925 8
2170 1925 8
2170 2681 8
2170 2930 8
2170 384 8
2170 409 8
2170 742 8
2171 2205 8
2171 4204 8
2171 4673 8
2171 4708 8
2171 4721 8
2171 5962 8
2173 496 8
2174 3982 8
2178 2889 8
2178 4331 8
2178 4777 8
2178 4781 8
2178 98 8
2180 2189 8
2180 2682 8
2187 2784 8
2188 4058 8
2189 1169 8
2189 1675 8
2189 1704 8
2189 2089 8
2189 2151 8
2189 2478 8
2189 385 8
2189 4192 8
2189 449 8
219 1477 8
219 2245 8
219 2927 8
219 2952 8
219 499 8
219 508 8
2192 6098 8
2192 953 8
2193 2266 8
2193 2943 8
2193 3544 8
2193 945 8
2195 2412 8
2195 269 8
2195 3837 8
2195 3962 8
2195 4046 8
2195 4801 8
2196 1619 8
220 12 8
220 12 8
220 137 8
220 1932 8
220 259 8
220 4886 8
220 5970 8
2200 4282 8
2200 4852 8
2205 4829 8
2207 1083 8
2207 1598 8
2207 1889 8
2207 2876 8
2207 2908 8
2207 2908 8
2207 3830 8
2207 4219 8
2209 2423 8
2209 4206 8
2209 4408 8
2209 5684 8
2209 5998 8
221 3057 8
221 3395 8
2211 760 8
2211 953 8
2214 596 8
2218 2409 8
2218 5656 8
2218 97 8
2221 3312 8
2221 3990 8
2221 465 8
2223 5192 8
2224 1082 8
2224 1093 8
2224 1201 8
2224 124 8
2224 1652 8
2224 3541 8
2224 4230 8
2224 4332 8
2225 131 8
2225 1950 8
2225 2476 8
2225 2950 8
2225 3711 8
2225 4089 8
2225 499 8
2227 706 8
2229 3260 8
223 4244 8
2230 2214 8
2230 248 8
2231 2218 8
2233 258 8
2233 3085 8
2233 47 8
2233 543 8
2235 2193 8
2235 2934 8
2235 2943 8
2235 3026 8
2235 4555 8
2235 4621 8
2237 2679 8
2237 4641 8
224 1040 8
224 1079 8
224 1127 8
224 1201 8
224 1201 8
224 1271 8
224 193 8
224 6030 8
224 641 8
224 652 8
224 664 8
224 715 8
224 778 8
224 950 8
2240 285 8
2240 3124 8
2240 3925 8
2240 3934 8
2240 557 8
2240 610 8
2240 868 8
2241 2576 8
2241 3731 8
2242 3520 8
2242 4089 8
2242 66 8
2244 1724 8
2244 2307 8
2244 3940 8
2244 395 8
2244 4018 8
2244 4117 8
2244 989 8
2245 137 8
2245 2467 8
2245 4192 8
2245 499 8
2247 2163 8
2247 3126 8
2247 4760 8
2247 762 8
2248 958 8
2249 240 8
2250 5699 8
2251 1921 8
2252 1933 8
2252 1938 8
2253 4649 8
2253 5958 8
2255 1609 8
2255 1619 8
2255 1711 8
2255 1829 8
2255 219 8
2255 246 8
2255 3250 8
2255 330 8
2255 496 8
2255 5339 8
2255 543 8
2255 671 8
2255 741 8
2255 898 8
2257 2723 8
2257 2905 8
2258 3807 8
2259 113 8
2259 2111 8
2259 2986 8
2259 2986 8
2259 3652 8
2259 436 8
2259 4942 8
226 1122 8
2262 2319 8
2262 2322 8
2262 260 8
2262 2672 8
2262 4459 8
2262 4459 8
2263 171 8
2263 2105 8
2263 2146 8
2263 33 8
2266 2703 8
2266 2943 8
2266 4435 8
2266 4561 8
2266 5 8
227 1021 8
227 219 8
227 2409 8
227 3789 8
227 4755 8
227 879 8
227 956 8
2271 2467 8
2271 2868 8
2271 4192 8
2276 3472 8
2278 1827 8
2278 2467 8
2278 3541 8
2278 807 8
228 153 8
228 162 8
228 169 8
228 3927 8
2280 1081 8
2280 1933 8
2282 1619 8
2282 2513 8
2282 6303 8
2284 1286 8
2284 2227 8
2286 3243 8
2286 5167 8
2288 1881 8
2289 1015 8
2289 1045 8
2289 1976 8
2289 4371 8
2289 4757 8
2289 6273 8
2289 6509 8
229 207 8
229 257 8
229 37 8
229 62 8
2291 3859 8
2292 1430 8
2293 1265 8
2294 1548 8
2294 2524 8
2296 1054 8
2296 1202 8
2296 2005 8
2296 2005 8
2296 2437 8
2296 393 8
2296 4793 8
2296 66 8
2296 787 8
2299 1726 8
2299 3234 8
2299 3344 8
2299 4963 8
2299 4963 8
2299 4995 8
2299 4996 8
23 2057 8
23 3473 8
23 4867 8
2304 4828 8
2305 1983 8
2305 2075 8
2305 2891 8
2305 3058 8
2305 681 8
2307 1545 8
2307 2356 8
2307 3106 8
2307 3267 8
2307 3832 8
2307 4115 8
2307 4737 8
2307 5667 8
2309 3232 8
2309 3312 8
2309 400 8
2309 6263 8
2309 74 8
2310 2966 8
2311 2483 8
2311 681 8
2311 885 8
2312 2235 8
2312 3544 8
2312 4584 8
2313 1211 8
2313 3008 8
2313 4621 8
2314 5257 8
2314 5258 8
2315 2316 8
2315 4939 8
2315 4940 8
2316 133 8
2316 1393 8
2316 3713 8
2316 42 8
2316 4769 8
2316 497 8
2316 788 8
2317 1160 8
2317 239 8
2317 242 8
2317 3593 8
2317 447 8
2318 2376 8
2318 898 8
2319 215 8
2319 265 8
2319 3688 8
232 3431 8
232 38 8
232 6117 8
2322 1208 8
2322 3325 8
2323 2860 8
2326 1444 8
2326 3859 8
233 1944 8
233 44 8
2330 165 8
2332 2507 8
2332 4996 8
2333 1889 8
2336 2467 8
2338 774 8
234 242 8
234 330 8
234 62 8
234 70 8
2340 4464 8
2340 5053 8
2340 5712 8
2341 2661 8
2341 327 8
2342 1511 8
2342 3561 8
2342 5382 8
2343 3026 8
2343 4000 8
2343 4284 8
2343 4637 8
2343 4691 8
2343 4795 8
2348 2005 8
2348 2075 8
2348 2142 8
2348 2154 8
2348 2296 8
2348 2296 8
2348 2366 8
2348 2711 8
2348 393 8
2348 774 8
2349 1152 8
235 1169 8
235 1719 8
235 4468 8
235 4751 8
235 507 8
2350 314 8
2350 6022 8
2351 4332 8
2351 788 8
2353 3590 8
2356 1183 8
2356 3106 8
2356 6466 8
2357 2307 8
2358 2348 8
2359 480 8
2361 1088 8
2361 3053 8
2363 1057 8
2363 2399 8
2365 767 8
2366 2358 8
2366 4803 8
2366 5643 8
2368 1166 8
2368 1548 8
2368 3111 8
2368 388 8
2368 4295 8
2369 2368 8
237 132 8
237 1564 8
237 1623 8
237 2244 8
237 241 8
237 259 8
237 2903 8
237 3230 8
237 3799 8
237 383 8
237 4018 8
237 476 8
237 4854 8
237 647 8
237 975 8
237 989 8
2370 1711 8
2370 2240 8
2370 2867 8
2370 3604 8
2370 3934 8
2372 104 8
2372 1057 8
2372 1222 8
2372 1301 8
2372 3056 8
2372 3708 8
2372 3934 8
2372 4130 8
2372 447 8
2372 4534 8
2372 4761 8
2372 484 8
2372 601 8
2373 1981 8
2373 237 8
2373 3934 8
2373 3940 8
2373 4769 8
2374 1029 8
2374 2305 8
2374 2392 8
2374 4030 8
2374 6405 8
2375 4054 8
2376 1578 8
2376 3271 8
2376 468 8
2376 5209 8
2376 5846 8
2376 6228 8
2376 831 8
2378 3544 8
2378 4615 8
2379 3547 8
2379 4026 8
2379 4648 8
238 1212 8
238 1408 8
238 2797 8
238 3116 8
238 3899 8
238 4046 8
238 4046 8
238 4284 8
238 4594 8
238 460 8
238 4751 8
2380 1012 8
2380 1823 8
2380 187 8
2380 2 8
2380 33 8
2380 4215 8
2380 4830 8
2382 1026 8
2382 2380 8
2383 251 8
239 1645 8
239 1828 8
239 1854 8
239 272 8
239 272 8
239 2987 8
239 299 8
239 3058 8
239 3156 8
239 371 8
239 459 8
239 461 8
239 462 8
239 772 8
2390 2319 8
2390 4913 8
2391 1146 8
2391 1168 8
2391 1286 8
2391 1286 8
2391 1701 8
2391 459 8
2391 741 8
2392 1029 8
2392 1180 8
2392 1584 8
2392 1623 8
2392 1983 8
2392 1997 8
2392 2006 8
2392 237 8
2392 2374 8
2392 2555 8
2392 259 8
2392 2716 8
2392 2791 8
2392 334 8
2392 334 8
2392 3451 8
2392 393 8
2392 4130 8
2392 485 8
2392 497 8
2393 2450 8
2395 1195 8
2399 2296 8
2399 771 8
24 1652 8
24 2959 8
24 364 8
24 849 8
2400 6187 8
2400 956 8
2405 1939 8
2405 2903 8
2405 5407 8
2405 64 8
2407 4901 8
2409 2253 8
2409 4164 8
241 2734 8
2411 833 8
2412 238 8
2412 3116 8
2412 3574 8
2412 3706 8
2412 3710 8
2412 3837 8
2412 3973 8
2412 3973 8
2412 4046 8
2412 4046 8
2412 4801 8
2412 4801 8
2412 4801 8
2412 609 8
2414 260 8
242 1088 8
242 1245 8
242 138 8
242 1406 8
242 1438 8
242 1794 8
242 1900 8
242 2196 8
242 2555 8
242 2574 8
242 3001 8
242 3593 8
242 423 8
242 451 8
242 720 8
242 801 8
2423 17 8
2423 2051 8
2426 1183 8
2426 1889 8
2426 3023 8
2426 5776 8
2427 2612 8
2427 4270 8
2430 208 8
2430 2792 8
2431 2058 8
2435 97 8
2437 1050 8
2437 1057 8
2437 2005 8
2437 2363 8
2437 2848 8
2441 2348 8
2441 2661 8
2441 3584 8
2442 1415 8
2442 196 8
2442 272 8
2442 3016 8
2442 462 8
2442 4650 8
2443 1364 8
2443 1611 8
2443 2942 8
2443 3447 8
2443 5056 8
2447 1221 8
2447 157 8
2448 1835 8
2448 2259 8
2451 2913 8
2452 2947 8
2454 1240 8
2454 1431 8
2456 1655 8
2456 2561 8
2456 5507 8
246 1619 8
246 3645 8
246 414 8
246 64 8
246 731 8
2461 2969 8
2462 1333 8
2462 1896 8
2462 3044 8
2462 3243 8
2462 672 8
2463 1511 8
2463 513 8
2464 1933 8
2464 2867 8
2464 3062 8
2464 4227 8
2464 60 8
2466 5071 8
2466 5393 8
2466 5474 8
2467 1623 8
2467 1666 8
2467 1971 8
2467 2973 8
2467 2980 8
2467 47 8
2467 989 8
2468 153 8
2468 2478 8
2468 4460 8
2471 1318 8
2471 2461 8
2471 2549 8
2471 4509 8
2472 1600 8
2472 5717 8
2473 577 8
2473 851 8
2476 131 8
2476 824 8
2478 1184 8
2478 153 8
2478 2468 8
2478 2600 8
2479 403 8
248 2214 8
248 403 8
248 670 8
248 744 8
2480 5216 8
2483 1613 8
2486 1897 8
2486 3842 8
2486 5043 8
2487 5671 8
2488 3741 8
2489 5344 8
2491 5284 8
2491 5545 8
2495 2500 8
2496 1670 8
2496 3856 8
2496 4211 8
2497 3367 8
2497 5553 8
2499 133 8
2499 2973 8
2499 3918 8
25 1851 8
25 1957 8
25 215 8
25 2673 8
25 268 8
25 3743 8
25 3747 8
25 4215 8
25 4333 8
25 4924 8
25 5522 8
25 6059 8
250 124 8
2500 1389 8
2500 5352 8
2500 5541 8
2502 1889 8
2502 2600 8
2502 2600 8
2502 2629 8
2502 2920 8
2503 1545 8
2503 3832 8
2503 6281 8
2504 1724 8
2504 2833 8
2504 4150 8
2504 6193 8
2507 1701 8
2507 4941 8
2508 4239 8
2508 5286 8
2508 5287 8
2509 2525 8
2509 868 8
251 1177 8
251 2011 8
251 2383 8
251 2714 8
251 2796 8
251 287 8
251 3077 8
251 3079 8
251 330 8
251 3312 8
251 3335 8
251 3524 8
251 399 8
251 416 8
251 42 8
251 510 8
251 53 8
251 563 8
251 563 8
251 659 8
251 720 8
251 731 8
2511 1579 8
2511 1807 8
2511 2697 8
2511 2913 8
2511 4001 8
2511 4232 8
2511 444 8
2511 833 8
2513 1037 8
2513 131 8
2515 3650 8
2516 1728 8
2518 1274 8
2518 5552 8
2521 3313 8
2521 396 8
2521 4803 8
2522 5517 8
2523 6204 8
2524 1945 8
2524 2245 8
2525 2526 8
2525 2527 8
2525 2860 8
2526 2509 8
2527 3408 8
2527 5557 8
2529 1702 8
253 2118 8
253 5045 8
2531 1389 8
2531 5352 8
2536 1652 8
2536 2242 8
2536 2242 8
2536 24 8
2536 32 8
2536 440 8
2536 5445 8
2536 98 8
2537 965 8
2544 227 8
2545 1403 8
2545 1403 8
2545 3111 8
2545 3380 8
2545 373 8
2545 4772 8
2545 5409 8
2546 3800 8
2549 5671 8
255 2573 8
255 4062 8
255 5670 8
255 710 8
255 931 8
2551 2021 8
2553 3287 8
2555 1026 8
2555 1553 8
2555 1674 8
2555 1997 8
2555 237 8
2555 2986 8
2555 3001 8
2555 3062 8
2555 3443 8
2555 3965 8
2555 3990 8
2555 5465 8
2556 5438 8
2557 127 8
2557 1403 8
2557 3742 8
2557 5734 8
2557 5942 8
2558 2427 8
2558 5681 8
2559 5350 8
256 1026 8
256 1184 8
256 200 8
256 2070 8
256 3838 8
2560 1415 8
2560 2209 8
2560 5226 8
2560 5276 8
2561 5446 8
2562 1342 8
2562 2187 8
2562 2784 8
2562 2814 8
2563 5496 8
2566 5454 8
2568 1093 8
2568 1532 8
2568 1584 8
2568 165 8
2568 3148 8
2568 3443 8
2568 3945 8
2568 600 8
2568 824 8
2569 1374 8
2569 1460 8
2569 2956 8
257 1117 8
257 1482 8
257 2 8
257 207 8
257 207 8
257 272 8
257 2920 8
257 416 8
257 456 8
257 466 8
257 62 8
257 862 8
257 910 8
257 92 8
257 983 8
2570 3732 8
2573 1270 8
2573 1342 8
2573 3309 8
2574 1027 8
2574 1108 8
2574 1294 8
2574 1791 8
2574 1820 8
2574 211 8
2574 211 8
2574 275 8
2574 280 8
2574 330 8
2574 3873 8
2574 3873 8
2574 412 8
2574 421 8
2574 439 8
2574 92 8
2574 971 8
2574 983 8
2575 1794 8
2576 3745 8
2579 5947 8
258 47 8
258 539 8
258 725 8
2580 1333 8
2580 3491 8
2581 1810 8
2582 3740 8
2582 5708 8
2582 6315 8
2582 6327 8
2583 824 8
2586 2496 8
2587 1270 8
2587 1923 8
2587 5506 8
2589 2390 8
259 1623 8
259 1719 8
259 189 8
259 383 8
259 4060 8
259 4445 8
259 455 8
259 537 8
259 92 8
2590 2927 8
2590 5523 8
2593 2277 8
2593 2600 8
2593 451 8
2593 754 8
2594 2250 8
2594 4812 8
2594 6013 8
2596 1777 8
2596 2012 8
2596 2021 8
2596 2559 8
2596 3122 8
2596 541 8
2596 5627 8
2597 5243 8
260 115 8
260 1176 8
260 1206 8
260 164 8
260 3575 8
260 691 8
2600 2468 8
2600 251 8
2600 3357 8
2600 4460 8
2601 2865 8
2606 1184 8
2606 2537 8
2606 3741 8
2607 1850 8
2607 703 8
2612 1202 8
2612 4386 8
2612 5681 8
2613 1291 8
2613 3402 8
2618 5586 8
2626 1480 8
2626 1597 8
2628 4936 8
2629 1430 8
2629 3541 8
263 3728 8
2634 3322 8
2634 4916 8
2635 6278 8
2635 6386 8
2636 2525 8
2636 4923 8
264 1747 8
264 298 8
2640 157 8
2640 3842 8
2640 4237 8
2640 496 8
2641 1389 8
2641 1670 8
2641 1925 8
2641 2067 8
2641 2765 8
2641 5541 8
2641 5564 8
2642 4190 8
2642 5384 8
2647 142 8
2647 1491 8
2647 2374 8
2647 2392 8
2647 2739 8
2647 393 8
2647 446 8
2647 91 8
2648 242 8
2652 1684 8
2652 1711 8
2652 2111 8
2652 2861 8
2652 3326 8
2653 1960 8
2655 1087 8
2655 1201 8
2655 638 8
2655 6552 8
2655 715 8
2660 6252 8
2661 2075 8
2661 647 8
2661 774 8
2661 833 8
2662 4243 8
2662 654 8
2667 171 8
2667 187 8
2669 5109 8
267 1297 8
267 177 8
2670 2582 8
2671 1211 8
2671 1851 8
2671 2706 8
2671 289 8
2671 421 8
2673 1851 8
2676 127 8
2676 1480 8
2676 287 8
2676 6325 8
2676 721 8
2677 2235 8
2677 36 8
2677 3728 8
2677 465 8
2677 466 8
2677 725 8
2679 3331 8
2679 3726 8
2679 4641 8
268 104 8
268 1114 8
268 1620 8
268 2716 8
2680 385 8
2681 1500 8
2681 187 8
2681 3201 8
2681 3645 8
2681 3830 8
2681 4003 8
2681 448 8
2681 4804 8
2681 4830 8
2681 928 8
2682 1675 8
2682 482 8
2685 2307 8
2685 4737 8
2686 289 8
2686 573 8
2687 4034 8
2688 3026 8
2688 3726 8
2689 2838 8
269 713 8
2691 1163 8
2692 469 8
2693 741 8
2694 2686 8
2694 2701 8
2694 2933 8
2694 3725 8
2694 950 8
2695 2035 8
2695 3047 8
2695 4562 8
2697 1576 8
2699 5449 8
2699 833 8
270 3921 8
270 573 8
270 742 8
2703 2193 8
2703 3728 8
2706 2686 8
2707 4563 8
2708 4584 8
2708 521 8
2708 968 8
2710 1921 8
2710 2251 8
2711 1029 8
2711 164 8
2711 2005 8
2711 2330 8
2711 2647 8
2711 3215 8
2711 787 8
2713 202 8
2713 423 8
2713 472 8
2713 4735 8
2713 4790 8
2713 4813 8
2713 66 8
2713 74 8
2713 838 8
2713 863 8
2714 1216 8
2714 14 8
2714 3077 8
2714 3112 8
2714 4515 8
2714 728 8
2715 1471 8
2715 4180 8
2715 5490 8
2716 138 8
2716 1711 8
2716 1997 8
2716 219 8
2716 4796 8
2717 6110 8
2718 1166 8
2718 1177 8
2718 2021 8
2718 207 8
2718 3593 8
2718 364 8
2718 3799 8
2718 914 8
272 1192 8
272 124 8
272 1623 8
272 1933 8
272 2189 8
272 2255 8
272 2765 8
272 2765 8
272 299 8
272 3272 8
272 333 8
272 387 8
272 3884 8
272 418 8
272 459 8
272 4650 8
272 5083 8
272 53 8
272 56 8
272 731 8
272 861 8
2721 241 8
2721 43 8
2722 1027 8
2722 2011 8
2722 251 8
2722 2796 8
2722 2803 8
2722 3079 8
2722 3312 8
2722 334 8
2722 3592 8
2722 4060 8
2722 4625 8
2722 508 8
2722 5169 8
2722 519 8
2722 530 8
2723 2032 8
2723 2320 8
2723 2820 8
2723 3538 8
2723 4493 8
2723 519 8
2723 5271 8
2723 545 8
2723 5613 8
2723 580 8
2723 621 8
2723 801 8
2725 1093 8
2725 1957 8
2725 6009 8
2730 3736 8
2731 202 8
2731 2629 8
2731 268 8
2731 2716 8
2731 303 8
2731 4443 8
2731 5183 8
2731 5300 8
2731 824 8
2732 6232 8
2732 890 8
2733 3270 8
2733 4803 8
2734 113 8
2735 2351 8
2735 299 8
2735 3312 8
2735 3365 8
2735 4951 8
2735 772 8
2738 1237 8
2738 5137 8
2739 1057 8
2739 1214 8
2739 2372 8
2739 3991 8
2739 4031 8
2739 792 8
2740 263 8
2741 3162 8
2741 3317 8
2741 4017 8
2741 593 8
2741 596 8
2742 879 8
2744 1987 8
2744 6080 8
2745 6085 8
2745 6086 8
2746 1054 8
2746 1179 8
2746 5668 8
2749 3154 8
2749 3647 8
2749 4762 8
2749 663 8
275 1108 8
275 1719 8
275 2 8
275 211 8
275 2574 8
275 2574 8
275 3989 8
275 4060 8
275 412 8
275 436 8
275 439 8
275 573 8
275 635 8
275 801 8
275 803 8
275 98 8
275 98 8
2751 237 8
2752 1814 8
2755 5464 8
2755 744 8
2755 941 8
2758 6351 8
2759 4356 8
2761 2741 8
2761 3921 8
2761 3921 8
2761 408 8
2764 712 8
2765 1125 8
2765 1557 8
2765 1829 8
2765 2305 8
2765 287 8
2765 447 8
2765 4855 8
2765 6037 8
2765 88 8
2765 880 8
2766 2767 8
277 4515 8
2773 1093 8
2773 1919 8
2778 687 8
2780 3126 8
2780 4754 8
2781 1758 8
2781 1810 8
2784 2814 8
2784 5422 8
2789 1244 8
2789 989 8
2791 189 8
2791 237 8
2791 259 8
2791 3182 8
2791 383 8
2791 4060 8
2791 4353 8
2791 817 8
2792 2835 8
2793 4614 8
2793 4831 8
2793 4841 8
2795 5667 8
2795 6393 8
2796 132 8
2796 1529 8
2796 1529 8
2796 251 8
2796 2723 8
2796 2820 8
2796 3077 8
2796 3085 8
2796 3305 8
2796 4585 8
2796 508 8
2796 5359 8
2796 684 8
2796 801 8
2797 2195 8
2797 2343 8
2797 238 8
2797 2412 8
2797 2412 8
2797 2412 8
2797 3710 8
2797 3837 8
2797 3962 8
2797 3973 8
2797 3987 8
2797 4046 8
2797 4046 8
2797 4204 8
2797 4594 8
2797 4788 8
2797 4795 8
2797 4801 8
280 1108 8
280 13 8
280 211 8
280 2574 8
280 2574 8
280 275 8
280 371 8
280 3873 8
280 580 8
280 635 8
280 801 8
2800 4729 8
2800 5825 8
2801 3976 8
2801 5934 8
2801 6115 8
2801 6116 8
2801 997 8
2803 2032 8
2803 2080 8
2803 2714 8
2803 2811 8
2803 3079 8
2803 3156 8
2803 416 8
2803 466 8
2805 2714 8
2805 3524 8
2805 4683 8
2805 728 8
2807 4904 8
281 1265 8
281 1945 8
281 232 8
281 2746 8
281 3456 8
281 447 8
2810 4452 8
2810 5529 8
2811 2723 8
2811 2793 8
2811 372 8
2811 568 8
2814 5422 8
2816 1578 8
2816 2376 8
2816 6052 8
2817 1675 8
2817 2687 8
2817 385 8
2819 109 8
2819 143 8
2819 1828 8
2819 2642 8
2819 2910 8
2819 339 8
2819 3449 8
2819 3638 8
2819 3933 8
2819 4477 8
2819 4678 8
2819 5217 8
2819 5219 8
2819 5248 8
2819 59 8
2820 4028 8
2820 4794 8
2821 3154 8
2821 3629 8
2821 4917 8
2821 5702 8
2821 6302 8
2823 1244 8
2823 4019 8
2824 2825 8
2824 4762 8
2824 657 8
2825 4436 8
2826 4695 8
2826 4725 8
2826 4819 8
2827 2090 8
283 5662 8
283 987 8
2832 4703 8
2832 492 8
2833 3935 8
2833 4136 8
2833 4162 8
2833 4836 8
2833 4911 8
2834 1328 8
2835 2189 8
2835 4132 8
2836 2021 8
2836 3077 8
2836 3223 8
2836 334 8
2836 3862 8
2836 4006 8
2836 4012 8
2836 4145 8
2836 416 8
2836 444 8
2836 444 8
2836 510 8
2836 545 8
2836 6073 8
2838 2993 8
2838 4591 8
2838 6213 8
284 5753 8
2840 1196 8
2840 1895 8
2840 1978 8
2840 448 8
2840 5597 8
2842 1197 8
2842 2515 8
2842 4040 8
2843 2348 8
2843 4803 8
2843 771 8
2846 126 8
2848 689 8
285 1197 8
285 1210 8
285 1482 8
285 153 8
285 1926 8
285 1992 8
285 2370 8
285 2574 8
285 32 8
285 36 8
285 3934 8
285 4487 8
285 557 8
285 92 8
285 950 8
2851 3970 8
2851 643 8
2851 643 8
2856 3121 8
2856 330 8
2860 1682 8
2860 1921 8
2860 2251 8
2860 2513 8
2860 2710 8
2860 2979 8
2860 3858 8
2860 402 8
2860 4924 8
2861 1104 8
2861 1684 8
2863 3146 8
2867 1080 8
2867 2391 8
2867 357 8
2867 4367 8
2867 536 8
2868 6303 8
2869 4144 8
287 1091 8
287 1103 8
287 1173 8
287 256 8
287 3429 8
287 3823 8
287 3903 8
287 476 8
287 605 8
287 6411 8
287 692 8
287 721 8
2872 3330 8
2872 3330 8
2872 407 8
2872 461 8
2872 914 8
2876 1344 8
2876 1598 8
2876 1810 8
2876 1945 8
2876 4167 8
2876 4177 8
2876 4509 8
2876 5496 8
2876 748 8
2880 5103 8
2882 2867 8
2882 3246 8
2882 3247 8
2885 2014 8
2885 649 8
2885 806 8
2887 1117 8
2887 2111 8
2887 272 8
2887 4755 8
2887 4785 8
2887 621 8
2887 913 8
2888 1169 8
2888 171 8
2888 1782 8
2888 1971 8
2888 3839 8
2888 4331 8
2888 4659 8
2889 4758 8
289 2935 8
289 521 8
2890 3200 8
2890 4734 8
2890 5391 8
2891 2014 8
2891 2765 8
2891 3623 8
2891 4335 8
2898 1230 8
2898 6304 8
2901 104 8
2901 1668 8
2901 3230 8
2901 4001 8
2901 4796 8
2901 5241 8
2901 5262 8
2901 5896 8
2903 1147 8
2903 1636 8
2903 2322 8
2903 2710 8
2903 272 8
2903 2905 8
2903 2996 8
2903 3605 8
2903 3918 8
2903 3918 8
2903 868 8
2903 956 8
2904 1265 8
2904 1925 8
2904 2316 8
2904 2319 8
2904 3524 8
2904 4060 8
2904 4221 8
2904 467 8
2904 4934 8
2904 659 8
2904 742 8
2904 9 8
2904 983 8
2905 2257 8
2905 2600 8
2905 706 8
2906 1911 8
2906 1948 8
2906 3895 8
2906 5970 8
2908 2242 8
2908 3918 8
2909 3349 8
2909 4902 8
2910 3219 8
2910 3933 8
2914 1815 8
2914 5252 8
2914 5432 8
2915 1737 8
2916 1759 8
2916 5421 8
2917 2641 8
2917 5292 8
2920 1430 8
2923 2568 8
2923 5670 8
2925 1708 8
2926 138 8
2926 5311 8
2927 2570 8
2927 2628 8
2927 4936 8
2927 5523 8
2928 5459 8
2929 166 8
2929 2755 8
2929 513 8
2929 670 8
2929 744 8
2930 1066 8
2930 1619 8
2930 1808 8
2930 337 8
2930 4846 8
2930 542 8
2930 560 8
2933 1934 8
2933 2193 8
2933 2235 8
2933 2935 8
2933 3544 8
2933 3725 8
2933 4555 8
2934 124 8
2934 1339 8
2934 202 8
2934 2313 8
2935 1846 8
2935 2235 8
2935 2934 8
2935 2934 8
2935 2943 8
2935 3250 8
2935 456 8
2936 4598 8
2937 6279 8
2942 4981 8
2943 2266 8
2943 2703 8
2943 2933 8
2943 5 8
2944 2035 8
2945 3858 8
2945 4988 8
2949 1667 8
295 1219 8
295 1620 8
295 268 8
295 3230 8
295 5974 8
295 599 8
2950 2476 8
2950 2593 8
2952 4379 8
2953 5066 8
2954 1021 8
2954 2484 8
2957 1307 8
2957 1598 8
2957 879 8
2959 2207 8
2959 3602 8
2959 3927 8
2964 1422 8
2964 1757 8
2964 3370 8
2966 1272 8
2966 2454 8
2966 2718 8
2966 3083 8
2966 4751 8
2966 983 8
2968 4933 8
2969 2038 8
2969 2111 8
2973 2012 8
2973 2536 8
2973 5391 8
2975 2593 8
2975 769 8
2977 1789 8
2977 1807 8
2977 4479 8
2977 997 8
2979 4956 8
298 1397 8
298 1937 8
298 2930 8
298 3024 8
298 3443 8
298 4901 8
298 637 8
2980 1682 8
2980 2271 8
2980 5136 8
2981 4987 8
2983 6191 8
2984 1099 8
2984 197 8
2984 2105 8
2986 1026 8
2986 113 8
2986 1289 8
2986 1568 8
2986 158 8
2986 200 8
2986 2996 8
2986 3543 8
2986 3652 8
2986 3965 8
2986 418 8
2986 436 8
2986 436 8
2986 5827 8
2987 65 8
2987 741 8
2988 298 8
2988 4901 8
2988 5651 8
299 138 8
299 1460 8
299 177 8
299 1819 8
299 1854 8
299 188 8
299 1938 8
299 2823 8
299 3004 8
299 3234 8
299 334 8
299 3714 8
299 3884 8
299 4054 8
299 4158 8
299 4287 8
299 459 8
299 462 8
299 4650 8
299 583 8
299 73 8
2990 1408 8
2990 1872 8
2990 2536 8
2990 5711 8
2993 2689 8
2993 3250 8
2993 4591 8
2995 3595 8
2995 673 8
2995 880 8
2996 113 8
2996 2263 8
2996 228 8
2996 2405 8
2996 3006 8
2996 3543 8
2996 3605 8
2996 621 8
2999 3004 8
2999 73 8
3 1066 8
3 118 8
3 1809 8
3 3058 8
3 3934 8
3 394 8
3 4182 8
3 4234 8
3 681 8
30 3463 8
30 3762 8
30 653 8
30 653 8
30 789 8
300 1027 8
300 1202 8
300 157 8
300 185 8
300 447 8
300 66 8
300 739 8
300 739 8
300 806 8
3001 1081 8
3001 1908 8
3001 2368 8
3001 2466 8
3001 3156 8
3001 3965 8
3001 3990 8
3001 5315 8
3001 637 8
3002 196 8
3002 2988 8
3002 4341 8
3002 5022 8
3002 5826 8
3004 583 8
3005 2076 8
3006 2415 8
3008 1851 8
3008 289 8
3008 573 8
3008 915 8
301 1836 8
3011 6232 8
3013 2133 8
3013 224 8
3013 5673 8
3014 287 8
3014 6278 8
3016 2462 8
3016 3044 8
3016 3490 8
3016 5264 8
3016 5362 8
3016 5539 8
3018 1008 8
3018 1308 8
3018 1623 8
3018 2143 8
3018 2189 8
3018 251 8
3018 257 8
3018 272 8
3018 330 8
3018 3645 8
3018 4211 8
3018 461 8
3018 467 8
3018 476 8
3018 510 8
3018 53 8
3018 537 8
3018 605 8
3018 659 8
3018 659 8
3018 66 8
3018 673 8
3018 801 8
3018 910 8
3021 1473 8
3021 807 8
3023 3808 8
3023 3857 8
3023 4763 8
3023 4764 8
3023 789 8
3024 2033 8
3024 224 8
3024 2999 8
3024 375 8
3024 549 8
3026 2193 8
3026 2266 8
3026 2695 8
3026 3047 8
3026 4435 8
3026 4563 8
3029 3782 8
3029 4112 8
3029 4657 8
3029 4824 8
303 1809 8
303 5183 8
3035 202 8
3035 2677 8
3035 2708 8
3037 3506 8
3037 46 8
3037 5914 8
3037 5998 8
304 1146 8
304 1313 8
304 4230 8
304 673 8
304 78 8
3042 2826 8
3042 6144 8
3044 1007 8
3044 1008 8
3044 1026 8
3044 1118 8
3044 1872 8
3044 2442 8
3044 2555 8
3044 2986 8
3044 4063 8
3044 5155 8
3044 5394 8
3044 815 8
3047 4564 8
3048 1269 8
3048 3998 8
3048 5053 8
3049 3016 8
3049 4191 8
3049 4399 8
3049 5370 8
3049 5394 8
3050 2361 8
3050 4826 8
3050 5071 8
3056 1179 8
3056 1219 8
3056 2463 8
3056 3062 8
3056 3396 8
3056 3960 8
3056 4321 8
3056 4487 8
3056 455 8
3056 5037 8
3056 5038 8
3057 789 8
3058 1066 8
3058 118 8
3058 2765 8
3058 2891 8
3058 3645 8
3058 681 8
3058 807 8
3059 1110 8
3059 242 8
3059 2773 8
3059 3951 8
3059 3951 8
3059 4826 8
3059 5348 8
3059 783 8
3062 1007 8
3062 1027 8
3062 1108 8
3062 237 8
3062 237 8
3062 24 8
3062 2716 8
3062 3903 8
3062 4001 8
3062 4321 8
3062 455 8
3062 4734 8
3062 671 8
3066 1110 8
3066 1333 8
3066 2514 8
3066 3889 8
3067 5654 8
3071 238 8
3071 2723 8
3071 3973 8
3071 4046 8
3071 4204 8
3073 2722 8
3073 3232 8
3073 3326 8
3073 3524 8
3073 3540 8
3073 4733 8
3073 4751 8
3073 508 8
3073 5863 8
3073 742 8
3076 2803 8
3076 3085 8
3076 4080 8
3076 4467 8
3076 563 8
3076 566 8
3076 5912 8
3076 656 8
3077 1529 8
3077 1781 8
3077 3083 8
3077 3195 8
3077 3488 8
3077 3579 8
3077 372 8
3077 4714 8
3077 473 8
3077 522 8
3077 586 8
3077 610 8
3077 656 8
3077 74 8
3079 112 8
3079 1216 8
3079 251 8
3079 2836 8
3079 3865 8
3079 4613 8
3079 530 8
3079 753 8
308 5992 8
308 6048 8
3081 3865 8
3081 4608 8
3081 526 8
3083 1202 8
3083 257 8
3083 3312 8
3083 3524 8
3083 3524 8
3083 3540 8
3083 3592 8
3083 4076 8
3084 4954 8
3085 1406 8
3085 1619 8
3085 2713 8
3085 2796 8
3085 3201 8
3085 3529 8
3085 3540 8
3085 421 8
3085 445 8
3085 510 8
3085 545 8
3085 710 8
3085 728 8
309 1266 8
309 793 8
3090 5676 8
3096 6496 8
3096 863 8
3098 1482 8
3098 1585 8
3098 1711 8
3098 4872 8
3098 5768 8
31 1081 8
310 1330 8
3101 1044 8
3101 17 8
3101 1796 8
3101 2980 8
3101 3929 8
3101 4379 8
3101 4547 8
3101 5827 8
3103 127 8
3103 1403 8
3103 1769 8
3103 2496 8
3103 3114 8
3103 3645 8
3105 713 8
3106 1724 8
3106 2307 8
3106 2357 8
3106 3267 8
3106 3663 8
3106 4115 8
3106 4150 8
3106 54 8
3106 5667 8
3108 1131 8
3108 1168 8
3108 1374 8
3108 138 8
3108 2006 8
3108 2209 8
3108 2718 8
3108 3124 8
3108 3835 8
3108 4471 8
3108 605 8
3108 828 8
3109 161 8
3109 1938 8
3109 3001 8
3109 4378 8
3109 461 8
3111 1440 8
3111 2555 8
3111 3001 8
3111 3757 8
3111 3990 8
3111 4295 8
3111 4295 8
3111 4712 8
3112 114 8
3112 214 8
3112 3246 8
3112 387 8
3112 41 8
3112 4544 8
3112 4605 8
3112 4802 8
3112 563 8
3112 973 8
3113 3120 8
3113 3124 8
3116 2195 8
3116 2412 8
3116 2797 8
3116 3574 8
3116 4204 8
3116 4244 8
3116 4954 8
3116 4954 8
3116 4966 8
3116 6 8
312 313 8
312 3919 8
3120 3124 8
3120 3525 8
3120 4862 8
3120 5997 8
3120 6012 8
3120 6396 8
3120 83 8
3121 1482 8
3121 1728 8
3121 6505 8
3121 840 8
3121 928 8
3122 1381 8
3122 2752 8
3122 3227 8
3122 4236 8
3122 5577 8
3123 4308 8
3124 1202 8
3124 1245 8
3124 14 8
3124 1709 8
3124 2370 8
3124 285 8
3124 3073 8
3124 3316 8
3124 3326 8
3124 3524 8
3124 3925 8
3124 4096 8
3124 414 8
3124 440 8
3124 455 8
3124 468 8
3124 5994 8
3124 950 8
3126 3654 8
3126 4760 8
3126 643 8
313 194 8
313 283 8
313 3919 8
313 4327 8
313 4613 8
3131 4323 8
3133 5844 8
3133 6014 8
3135 1403 8
3135 4821 8
3135 5942 8
3135 6002 8
3135 86 8
3137 1557 8
3137 191 8
3137 269 8
3137 3038 8
3137 4244 8
3138 4821 8
314 1098 8
314 295 8
314 375 8
314 395 8
314 5839 8
314 989 8
3141 125 8
3143 2412 8
3143 3706 8
3143 3837 8
3147 5191 8
3149 5931 8
3149 6227 8
3150 2316 8
3150 3260 8
3150 334 8
3150 66 8
3150 715 8
3150 742 8
3151 5852 8
3151 734 8
3151 778 8
3154 3647 8
3154 4272 8
3154 4553 8
3154 4569 8
3154 4762 8
3154 4839 8
3154 4839 8
3154 652 8
3154 674 8
3155 5837 8
3155 6276 8
3155 6329 8
3155 6529 8
3156 1925 8
3156 2368 8
3156 2380 8
3156 2723 8
3156 3076 8
3156 3246 8
3156 3836 8
3156 3965 8
3156 4792 8
3156 4864 8
3156 4871 8
3156 4872 8
3159 164 8
3159 3056 8
3159 6222 8
316 1292 8
3161 5857 8
3162 2741 8
3162 596 8
3163 3529 8
3163 3534 8
3163 609 8
3167 3151 8
3167 6332 8
3169 2166 8
3169 557 8
3170 6412 8
3170 6413 8
3175 1030 8
3175 2746 8
3175 4780 8
3176 3083 8
3176 3189 8
3176 3312 8
3176 3540 8
3176 753 8
3177 1289 8
3177 5009 8
3177 5034 8
3178 5758 8
318 670 8
3182 3966 8
3182 4353 8
3189 2805 8
3189 2836 8
3189 3083 8
3189 3155 8
3189 3312 8
3189 3540 8
3189 3579 8
3189 3592 8
3189 456 8
3189 477 8
3189 503 8
3189 557 8
3189 563 8
3189 5973 8
3189 801 8
3189 847 8
319 4528 8
319 637 8
3195 2080 8
3195 2836 8
3195 5928 8
32 153 8
32 189 8
32 2131 8
32 259 8
32 4368 8
32 4445 8
32 496 8
32 670 8
32 803 8
32 928 8
320 2791 8
320 4338 8
320 826 8
3200 2391 8
3200 2612 8
3200 891 8
3201 1082 8
3201 1460 8
3201 1601 8
3201 2973 8
3201 3240 8
3201 3301 8
3201 3645 8
3201 3835 8
3201 4164 8
3201 4490 8
3201 516 8
3204 104 8
3204 1406 8
3204 1813 8
3204 256 8
3204 396 8
3204 4528 8
3204 4678 8
3204 88 8
3212 2300 8
3214 687 8
3215 1054 8
3215 1056 8
3215 1117 8
3215 1202 8
3215 1533 8
3215 165 8
3215 2392 8
3215 251 8
3215 2722 8
3215 2887 8
3215 3056 8
3215 3884 8
3215 452 8
3215 480 8
3215 605 8
3215 621 8
3215 649 8
3215 659 8
3215 690 8
3215 720 8
3215 787 8
3215 787 8
3215 801 8
3218 3637 8
3218 644 8
3219 143 8
3219 1829 8
3219 2819 8
3219 2819 8
3219 339 8
3219 339 8
3219 3830 8
3219 4852 8
3223 4903 8
3225 2320 8
3225 4853 8
3225 924 8
3229 4007 8
3229 4634 8
3229 4855 8
3229 5416 8
3229 5468 8
3229 5976 8
3230 1624 8
3230 1911 8
3230 2086 8
3230 2244 8
3230 2699 8
3230 3056 8
3230 3934 8
3230 3934 8
3230 649 8
3231 5895 8
3232 2713 8
3232 3957 8
3232 4182 8
3232 4356 8
3232 4462 8
3232 4557 8
3232 4593 8
3232 4799 8
3232 4813 8
3232 509 8
3232 6263 8
3232 825 8
3234 1044 8
3234 1674 8
3234 2299 8
3234 2340 8
3234 3004 8
3234 3774 8
3234 4448 8
3234 4876 8
3234 4941 8
3234 4957 8
3234 4963 8
3235 3201 8
3235 5696 8
3237 1166 8
3237 3156 8
3237 4863 8
3240 1007 8
3240 1008 8
3240 1125 8
3240 117 8
3240 1462 8
3240 1536 8
3240 3109 8
3240 788 8
3240 993 8
3242 1477 8
3242 1692 8
3242 3927 8
3242 421 8
3243 1118 8
3243 1710 8
3243 3059 8
3244 4835 8
3245 2872 8
3245 3330 8
3245 407 8
3246 2935 8
3246 3247 8
3247 4871 8
3249 241 8
3250 165 8
3250 1810 8
3250 2838 8
3250 3913 8
3250 4561 8
3250 4612 8
3259 2084 8
3259 5935 8
3260 5940 8
3260 6017 8
3261 2515 8
3262 4410 8
3266 3106 8
3267 2244 8
3267 4125 8
3267 6080 8
327 1618 8
327 2716 8
327 833 8
3271 2816 8
3272 1838 8
3272 1933 8
3272 2280 8
3272 2442 8
3272 4487 8
3272 5071 8
3272 861 8
3274 2765 8
3277 2271 8
3277 2467 8
3277 5726 8
3278 126 8
3279 1224 8
328 3488 8
328 510 8
3287 1026 8
3287 336 8
3287 4186 8
3287 4378 8
3287 461 8
3295 1912 8
3295 3204 8
3295 3744 8
3295 4876 8
3295 5611 8
3295 604 8
3297 1718 8
33 200 8
33 3392 8
330 1117 8
330 1294 8
330 1925 8
330 238 8
330 281 8
330 287 8
330 2904 8
330 3018 8
330 3057 8
330 4060 8
330 476 8
330 496 8
330 659 8
330 692 8
330 721 8
330 731 8
330 783 8
330 789 8
3302 5255 8
3303 5596 8
3305 2836 8
3305 3076 8
3305 3156 8
3305 4365 8
3305 4683 8
3305 4716 8
3305 530 8
3305 5861 8
3306 5527 8
3307 5425 8
3308 5145 8
3309 1035 8
3309 1533 8
3309 2224 8
3310 1056 8
3310 2351 8
3310 2735 8
3310 3947 8
3310 5033 8
3310 5037 8
3312 188 8
3312 250 8
3312 3124 8
3312 3195 8
3312 3524 8
3312 3540 8
3312 3592 8
3312 4076 8
3312 4215 8
3312 4340 8
3312 563 8
3312 605 8
3312 684 8
3312 728 8
3312 913 8
3315 1438 8
3315 448 8
3316 1294 8
3316 132 8
3316 1925 8
3316 3124 8
3316 440 8
3316 983 8
3317 2761 8
3317 3921 8
3317 408 8
3317 825 8
3319 1257 8
3319 2612 8
3322 2669 8
3325 4934 8
3326 3018 8
3326 3108 8
3326 3215 8
3326 3456 8
3326 3524 8
3326 3535 8
3326 3540 8
3326 3645 8
3326 414 8
3326 4487 8
3326 462 8
3326 577 8
3326 98 8
3329 5153 8
333 1025 8
333 1408 8
333 3018 8
333 4105 8
333 508 8
333 610 8
333 637 8
333 673 8
3330 1548 8
3330 2370 8
3331 2688 8
3332 2299 8
3332 4733 8
3332 4905 8
3332 5033 8
3332 5033 8
3332 685 8
3335 2810 8
3335 3229 8
3335 5425 8
3335 898 8
3336 1098 8
3336 395 8
3337 2589 8
3337 5048 8
3337 5069 8
3339 2467 8
3339 4192 8
3339 499 8
334 1027 8
334 1177 8
334 1202 8
334 1355 8
334 159 8
334 1638 8
334 164 8
334 165 8
334 1927 8
334 2305 8
334 2392 8
334 2789 8
334 3056 8
334 4001 8
334 447 8
334 476 8
334 637 8
334 720 8
334 739 8
334 742 8
334 833 8
3340 2207 8
3340 2487 8
3344 1701 8
3344 3234 8
3344 3234 8
3344 3332 8
3344 4945 8
3344 4979 8
3344 4996 8
3344 5033 8
3345 2245 8
3345 2927 8
3345 3339 8
3345 3355 8
3346 1869 8
3346 3023 8
3346 3772 8
3346 4764 8
3347 3270 8
3348 235 8
3348 4969 8
3349 4925 8
3353 4307 8
3353 4657 8
3356 265 8
3357 162 8
3357 2468 8
3357 2478 8
3357 2765 8
3357 5628 8
3358 2787 8
336 1933 8
336 1938 8
336 2252 8
336 3109 8
3362 3416 8
3365 1477 8
3365 4951 8
3367 5577 8
3369 189 8
3369 3322 8
3369 4964 8
337 1029 8
337 120 8
337 1482 8
337 165 8
337 2296 8
337 2348 8
337 2348 8
337 2441 8
337 2647 8
337 5969 8
337 647 8
337 659 8
337 66 8
337 701 8
3371 2002 8
3371 2463 8
3372 1239 8
3372 1241 8
3372 5430 8
3373 5412 8
3379 1491 8
3380 1403 8
3380 1403 8
3380 1440 8
3380 4391 8
3380 4715 8
3380 6199 8
3380 6241 8
3380 6437 8
3385 1150 8
3385 5366 8
339 143 8
339 1829 8
339 2910 8
339 3219 8
339 3642 8
339 3830 8
339 4852 8
339 5384 8
339 5385 8
3392 2350 8
3393 2576 8
3393 2607 8
3393 2942 8
3395 1653 8
3396 3379 8
3396 5144 8
3398 2568 8
3398 3150 8
3398 3500 8
3398 4293 8
3398 4734 8
3399 5039 8
34 1944 8
34 215 8
34 267 8
34 64 8
340 108 8
340 1750 8
340 3729 8
340 88 8
3400 1381 8
3400 2565 8
3406 3108 8
3406 647 8
3406 789 8
3408 2509 8
3410 5403 8
3410 5628 8
3413 3416 8
3416 3446 8
3416 5782 8
3417 4239 8
3419 149 8
3419 3443 8
3419 440 8
342 1980 8
342 488 8
3422 1103 8
3423 4059 8
3426 4494 8
3428 5554 8
3429 2253 8
3429 2311 8
3429 3004 8
3429 3234 8
3429 3938 8
3429 4869 8
3429 840 8
3429 885 8
3431 3249 8
3431 3416 8
3431 5263 8
3436 5626 8
3437 4229 8
3437 6511 8
3441 1582 8
3441 1806 8
3441 2641 8
3441 409 8
3441 457 8
3443 1026 8
3443 1081 8
3443 1178 8
3443 1289 8
3443 158 8
3443 2089 8
3443 2986 8
3443 3056 8
3443 3814 8
3443 3965 8
3443 4041 8
3445 5179 8
3445 5363 8
3446 3362 8
3446 3416 8
3447 1364 8
3447 1611 8
3447 5056 8
3448 1103 8
3448 4010 8
3449 143 8
3449 3642 8
3449 59 8
3451 260 8
3452 6018 8
3453 2022 8
3453 3455 8
3455 5909 8
3455 737 8
3456 971 8
3458 2876 8
3458 3644 8
3460 3230 8
3460 4274 8
3462 651 8
3463 188 8
3463 2090 8
3465 1117 8
3465 1153 8
3465 1201 8
3465 130 8
3465 1675 8
3465 1881 8
3465 259 8
3465 2876 8
3465 399 8
3466 4473 8
3467 1607 8
3467 4975 8
347 620 8
3470 1658 8
3470 4305 8
3471 3475 8
3472 1683 8
3472 6357 8
3473 2008 8
3473 2057 8
3473 4298 8
3475 1683 8
3475 335 8
3476 2307 8
3476 2685 8
3476 3715 8
3476 4162 8
3476 4361 8
3476 6327 8
3477 5903 8
3477 5949 8
3478 4859 8
3478 5731 8
3482 3951 8
3482 5193 8
3482 788 8
3483 1118 8
3483 3066 8
3484 1511 8
3484 1748 8
3487 5962 8
3488 1498 8
3488 3077 8
3488 372 8
3488 4673 8
3488 4708 8
3490 3001 8
3490 6237 8
3491 1333 8
3491 4196 8
3491 5242 8
3495 4076 8
3497 2057 8
3497 5971 8
3497 6 8
3497 880 8
3498 3149 8
3498 328 8
3498 4787 8
3498 4805 8
3499 3482 8
3499 5374 8
3499 5532 8
3499 5588 8
3499 5697 8
350 4658 8
350 5289 8
350 6463 8
3500 3835 8
3502 1560 8
3502 1624 8
3502 4440 8
3502 5001 8
3502 5480 8
3503 709 8
3504 1131 8
3504 3431 8
3506 3141 8
3506 39 8
3506 4618 8
3506 668 8
3511 3480 8
3511 5195 8
3518 2836 8
3518 3595 8
3518 4284 8
3518 543 8
3518 656 8
3518 725 8
3518 822 8
352 1709 8
352 172 8
352 2008 8
352 3497 8
352 4862 8
352 4873 8
352 4875 8
352 4885 8
352 6001 8
352 775 8
352 876 8
3520 1192 8
3520 1715 8
3520 1753 8
3520 207 8
3520 272 8
3520 2903 8
3520 409 8
3520 42 8
3521 5976 8
3521 6249 8
3524 1117 8
3524 1117 8
3524 1529 8
3524 1927 8
3524 3124 8
3524 330 8
3524 3540 8
3524 414 8
3524 445 8
3524 4471 8
3524 621 8
3524 656 8
3524 659 8
3524 913 8
3525 1282 8
3525 352 8
3525 4873 8
3525 4875 8
3525 4887 8
3525 6023 8
3528 3993 8
3528 4000 8
3528 538 8
3529 4105 8
3529 577 8
3529 590 8
3529 838 8
3530 3534 8
3530 4105 8
3530 4728 8
3530 4784 8
3530 646 8
3530 832 8
3532 6350 8
3532 6417 8
3533 238 8
3533 3163 8
3533 330 8
3533 3326 8
3533 4013 8
3533 4581 8
3533 851 8
3533 852 8
3533 920 8
3533 999 8
3534 3533 8
3534 3999 8
3534 4008 8
3534 423 8
3534 4487 8
3534 4656 8
3534 472 8
3534 4728 8
3534 862 8
3535 1027 8
3535 1810 8
3535 250 8
3535 3710 8
3535 456 8
3535 460 8
3535 623 8
3535 646 8
3535 74 8
3538 2343 8
3538 3232 8
3538 4590 8
3538 4746 8
3538 4816 8
3538 5810 8
3540 188 8
3540 3524 8
3540 3592 8
3540 3852 8
3540 3884 8
3540 4076 8
3540 4078 8
3540 4471 8
3540 4703 8
3540 656 8
3541 131 8
3541 1395 8
3541 2502 8
3541 4089 8
3541 4210 8
3541 4734 8
3542 1817 8
3542 1881 8
3542 4776 8
3542 4779 8
3542 6156 8
3542 778 8
3543 1093 8
3543 1611 8
3543 2092 8
3543 2443 8
3543 2725 8
3543 5056 8
3544 1163 8
3544 2934 8
3544 2935 8
3544 4561 8
3547 2761 8
3547 3357 8
3547 3921 8
3547 4017 8
3547 825 8
3548 189 8
3548 1979 8
3548 2791 8
3548 3925 8
3548 447 8
3548 5708 8
3549 4338 8
3549 463 8
3549 670 8
3549 960 8
3556 3530 8
3558 1777 8
3558 2722 8
3558 4096 8
3558 4554 8
3558 621 8
3559 1299 8
3559 1843 8
3560 5967 8
3560 5968 8
3561 2587 8
3561 960 8
3563 172 8
3563 2370 8
3563 4402 8
3563 579 8
3563 595 8
3563 741 8
3565 5457 8
3566 164 8
3566 819 8
3568 4344 8
3568 473 8
3568 6095 8
357 3156 8
357 3608 8
357 3884 8
357 530 8
3570 4667 8
3572 1410 8
3572 1446 8
3572 1587 8
3572 1605 8
3572 1710 8
3572 1756 8
3572 710 8
3572 993 8
3574 2797 8
3574 3987 8
3574 4954 8
3574 4966 8
3575 295 8
3575 314 8
3575 480 8
3576 308 8
3578 4080 8
3578 414 8
3579 3077 8
3579 3589 8
3579 4690 8
3579 4692 8
3579 522 8
3579 530 8
3579 733 8
3579 743 8
358 2075 8
358 301 8
358 342 8
358 3919 8
358 4680 8
358 578 8
3583 6136 8
3584 2075 8
3584 2142 8
3584 337 8
3584 4906 8
3584 774 8
3586 822 8
3586 863 8
3587 3305 8
3587 4667 8
3587 4689 8
3587 6154 8
3589 3189 8
3589 3579 8
3589 5999 8
3589 733 8
3589 743 8
3592 4046 8
3592 4076 8
3592 4078 8
3592 4588 8
3592 4794 8
3592 738 8
3593 104 8
3593 1088 8
3593 1857 8
3593 188 8
3593 188 8
3593 2196 8
3593 2901 8
3593 3062 8
3593 3762 8
3593 3835 8
3593 64 8
3593 91 8
3594 1860 8
3594 3085 8
3594 3865 8
3594 4792 8
3594 4811 8
3595 3195 8
3595 372 8
3595 4808 8
3595 4815 8
3595 526 8
3595 74 8
3598 227 8
3598 2496 8
3598 309 8
3598 3090 8
36 1117 8
36 1191 8
36 1719 8
36 220 8
36 251 8
36 259 8
36 385 8
36 4215 8
36 476 8
36 6053 8
36 77 8
36 89 8
360 318 8
360 3204 8
3600 4245 8
3600 4557 8
3601 92 8
3602 1103 8
3602 287 8
3602 5097 8
3604 1925 8
3604 2872 8
3604 3680 8
3604 4733 8
3605 2064 8
3605 2111 8
3605 2405 8
3608 1549 8
3608 2699 8
3608 2973 8
3608 4234 8
3608 706 8
3609 4692 8
361 234 8
3611 177 8
3611 267 8
3611 3558 8
3611 4019 8
3613 3616 8
3613 5040 8
3613 5041 8
3616 5041 8
3617 5751 8
3618 3556 8
3619 2594 8
362 1489 8
362 1871 8
362 1908 8
362 299 8
362 459 8
362 4740 8
362 496 8
362 73 8
3620 6083 8
3623 109 8
3623 1308 8
3623 1352 8
3623 142 8
3623 1460 8
3623 1965 8
3623 1966 8
3623 2305 8
3623 2681 8
3623 2765 8
3623 3201 8
3623 3641 8
3623 4230 8
3623 5161 8
3623 681 8
3623 928 8
3629 2824 8
3629 6302 8
363 633 8
3630 54 8
3633 3774 8
3634 4490 8
3634 747 8
3637 5679 8
3637 5680 8
3638 1239 8
3638 1698 8
3638 1965 8
3638 3641 8
3638 4833 8
3638 4834 8
364 1007 8
364 1308 8
364 1701 8
364 2340 8
364 3018 8
364 3062 8
364 3716 8
364 4941 8
364 4996 8
364 538 8
3641 1239 8
3641 1352 8
3641 1698 8
3641 1802 8
3642 2819 8
3642 3058 8
3642 3458 8
3642 3644 8
3642 4833 8
3642 5563 8
3644 1125 8
3644 1178 8
3645 1066 8
3645 118 8
3645 1500 8
3645 1728 8
3645 188 8
3645 1963 8
3645 2196 8
3645 242 8
3645 2681 8
3645 272 8
3645 3 8
3645 3593 8
3645 3623 8
3645 3623 8
3645 387 8
3645 4152 8
3645 4804 8
3645 659 8
3645 79 8
3645 946 8
3645 993 8
3647 2090 8
3647 3154 8
3647 4277 8
3647 4277 8
3647 4624 8
3647 4679 8
3647 4839 8
3647 651 8
3647 652 8
3647 652 8
3647 652 8
3647 657 8
3649 3541 8
365 4667 8
365 491 8
3650 1983 8
3650 5843 8
3650 692 8
3651 2819 8
3651 3729 8
3652 113 8
3652 6007 8
3654 2165 8
3654 3873 8
3655 2101 8
3655 3003 8
3656 5097 8
366 1164 8
366 1201 8
366 4307 8
366 744 8
366 971 8
366 997 8
3663 2307 8
3663 3935 8
3664 3832 8
3664 6281 8
3664 662 8
3665 5943 8
367 3926 8
367 5646 8
3670 2573 8
3670 5422 8
3672 1992 8
3675 1711 8
3675 4087 8
3675 834 8
3676 2744 8
3676 3106 8
3676 4137 8
3678 4999 8
3679 32 8
3679 803 8
3680 5722 8
3681 6267 8
3685 1836 8
3685 2447 8
3688 5099 8
3688 5099 8
3689 1729 8
369 3348 8
369 3348 8
3693 3313 8
3693 710 8
3695 5198 8
3695 5979 8
3697 3857 8
3697 4748 8
3698 2290 8
3698 2870 8
37 257 8
37 64 8
37 79 8
37 910 8
3700 2257 8
3700 2868 8
3702 2279 8
3705 1101 8
3705 3740 8
3705 4757 8
3706 4328 8
3708 1025 8
3708 1985 8
3708 387 8
3708 3960 8
3709 5714 8
3709 5787 8
371 1025 8
371 1108 8
371 13 8
371 130 8
371 1529 8
371 2723 8
371 280 8
371 3808 8
371 3873 8
371 447 8
371 456 8
371 573 8
371 580 8
371 586 8
371 653 8
371 801 8
371 98 8
371 98 8
371 983 8
3710 2343 8
3710 238 8
3710 3143 8
3710 3528 8
3710 3706 8
3710 423 8
3710 4284 8
3710 4730 8
3710 4746 8
3710 4801 8
3710 579 8
3711 769 8
3712 2488 8
3713 1070 8
3713 4251 8
3714 1126 8
3714 2823 8
3714 3774 8
3714 3954 8
3714 4846 8
3714 5688 8
3714 5721 8
3715 1976 8
3716 6388 8
372 1216 8
372 3077 8
372 3488 8
372 3994 8
372 4808 8
372 492 8
372 526 8
372 5701 8
3722 5159 8
3722 5160 8
3722 5206 8
3725 4637 8
3728 1951 8
3728 2266 8
3728 2933 8
3728 2934 8
3728 2935 8
3728 2943 8
3728 2943 8
3729 1722 8
373 4684 8
373 85 8
3731 5052 8
3734 4219 8
3735 4218 8
3735 5428 8
3735 5447 8
3736 116 8
3736 162 8
3736 220 8
3737 1709 8
3737 352 8
3737 4884 8
3737 5880 8
3737 6066 8
3738 883 8
3740 1219 8
3741 3712 8
3742 5743 8
3743 104 8
3743 2731 8
3744 1668 8
3744 739 8
3745 1682 8
3745 2467 8
3745 2546 8
3745 499 8
3745 754 8
3746 2277 8
3746 2636 8
3747 1619 8
3747 1950 8
3747 2295 8
3747 3700 8
3749 2077 8
375 1114 8
375 145 8
375 295 8
3750 3010 8
3753 799 8
3753 895 8
3754 1427 8
3754 3811 8
3754 4300 8
3755 6295 8
3755 6296 8
3757 1403 8
3757 1403 8
3757 2545 8
3757 2545 8
3757 2557 8
3757 3380 8
3757 3380 8
3757 4295 8
3757 4665 8
3757 502 8
3757 53 8
3759 3308 8
3759 4920 8
376 314 8
376 6336 8
3762 30 8
3762 6354 8
3766 136 8
3766 207 8
3766 396 8
3769 1365 8
3769 3756 8
3772 3808 8
3772 4763 8
3772 4764 8
3774 1169 8
3774 3940 8
3774 4648 8
3774 4659 8
3774 4755 8
3774 4870 8
3776 4309 8
3776 5877 8
3778 3200 8
3778 741 8
3780 3706 8
3780 5884 8
3782 188 8
3782 3029 8
3782 904 8
3784 1672 8
3784 4135 8
3784 6254 8
3784 6255 8
3784 6255 8
3785 3803 8
3789 2718 8
3789 3604 8
3789 4750 8
3789 579 8
3791 1282 8
3791 1709 8
3796 6042 8
3798 6247 8
3799 1403 8
3799 2973 8
3799 66 8
3799 742 8
3799 914 8
3799 973 8
3800 2509 8
3801 5145 8
3801 5239 8
3805 1459 8
3805 686 8
3807 2979 8
3808 1459 8
3808 1525 8
3808 1678 8
3808 3346 8
3808 371 8
3808 4763 8
3808 686 8
3809 4296 8
3814 2713 8
3814 276 8
3814 3200 8
3820 4029 8
3820 4298 8
3820 4882 8
3820 871 8
3823 3558 8
3823 4961 8
3825 130 8
3825 536 8
3826 260 8
3826 2672 8
3829 6225 8
383 1175 8
383 1178 8
383 2006 8
383 2006 8
383 2392 8
383 400 8
383 400 8
383 4001 8
383 480 8
383 601 8
383 748 8
383 827 8
3830 1500 8
3830 1963 8
3830 2910 8
3830 3645 8
3830 3933 8
3830 4804 8
3830 805 8
3831 6030 8
3831 6111 8
3832 2307 8
3832 2503 8
3832 2503 8
3832 2833 8
3832 4100 8
3832 4835 8
3832 6281 8
3832 662 8
3832 662 8
3833 3608 8
3835 1244 8
3835 1532 8
3835 1602 8
3835 1792 8
3835 256 8
3835 2568 8
3835 2765 8
3835 5827 8
3835 921 8
3836 1440 8
3836 2867 8
3837 2412 8
3837 2797 8
3837 3574 8
3837 3899 8
3837 3973 8
3837 4673 8
3837 4788 8
3837 4966 8
3837 844 8
3838 2109 8
3839 1184 8
3839 3774 8
3839 914 8
384 1418 8
384 1421 8
384 1808 8
384 3670 8
3840 5156 8
3840 5157 8
3840 5620 8
3841 1110 8
3841 2466 8
3841 5228 8
3843 5243 8
3844 285 8
3844 3672 8
3845 1774 8
3845 4218 8
3845 5197 8
3847 1263 8
3849 2188 8
3849 4078 8
3849 473 8
3849 753 8
385 1623 8
385 2189 8
385 2395 8
385 2680 8
385 2682 8
385 2687 8
385 2817 8
385 610 8
385 914 8
3851 1261 8
3851 1372 8
3851 1488 8
3851 2948 8
3852 3073 8
3852 3108 8
3852 3124 8
3852 3326 8
3855 1423 8
3855 4236 8
3855 4951 8
3856 2613 8
3856 3421 8
3856 5648 8
3856 5704 8
3857 1210 8
3857 285 8
3857 644 8
3857 789 8
3858 2509 8
3858 4221 8
3858 4870 8
3859 1376 8
3859 2641 8
3860 3602 8
3860 5205 8
3862 165 8
3862 2805 8
3862 3312 8
3862 3849 8
3862 656 8
3865 2995 8
3865 3592 8
3867 1029 8
3867 6083 8
3869 2348 8
3869 2358 8
387 1117 8
387 112 8
387 1406 8
387 3124 8
387 3538 8
387 364 8
387 4004 8
387 423 8
387 447 8
387 623 8
387 872 8
3870 1323 8
3870 3437 8
3870 589 8
3871 3900 8
3871 392 8
3871 4134 8
3871 4546 8
3871 5353 8
3871 5805 8
3871 5859 8
3873 211 8
3873 2574 8
3873 371 8
3873 412 8
3873 421 8
3873 456 8
3873 537 8
3873 816 8
3873 98 8
3875 5166 8
3875 5383 8
3876 2497 8
3878 3836 8
3878 6371 8
3878 973 8
3879 1891 8
3879 1895 8
3879 2466 8
3879 2486 8
3879 5393 8
388 5730 8
388 6151 8
3880 1876 8
3880 1877 8
3884 1244 8
3884 3018 8
3884 3326 8
3884 3326 8
3884 3524 8
3884 3604 8
3884 3852 8
3884 387 8
3884 4215 8
3884 537 8
3884 623 8
3884 635 8
3884 862 8
3884 98 8
3888 1670 8
3888 3090 8
3888 3874 8
3889 1512 8
3890 2255 8
3890 5091 8
3890 5531 8
3893 2006 8
3895 2590 8
3895 3437 8
3895 703 8
3897 2165 8
3897 6179 8
3899 2195 8
3899 2797 8
3899 2797 8
3899 3071 8
3899 3116 8
3899 3962 8
3899 4801 8
3899 4954 8
3899 4966 8
39 191 8
39 3113 8
3900 1175 8
3900 1214 8
3900 2155 8
3900 2465 8
3900 3446 8
3902 1016 8
3902 1150 8
3902 1153 8
3902 215 8
3903 2391 8
3903 989 8
3908 1190 8
3908 164 8
3908 4402 8
3908 5628 8
3913 1109 8
3913 2414 8
3913 2718 8
3913 2966 8
3913 3072 8
3913 3073 8
3913 3520 8
3913 3608 8
3913 3884 8
3913 456 8
3913 5891 8
3914 5242 8
3914 5697 8
3918 1265 8
3918 1281 8
3918 1921 8
3918 2170 8
3918 2251 8
3918 2322 8
3918 2904 8
3918 4448 8
3918 4448 8
3919 1056 8
3919 220 8
3919 358 8
3919 4231 8
3919 488 8
3919 5522 8
3919 578 8
3919 960 8
392 2155 8
392 393 8
392 4534 8
392 746 8
392 827 8
3921 1166 8
3921 2759 8
3921 357 8
3921 3966 8
3921 408 8
3921 4336 8
3921 4889 8
3921 593 8
3923 3556 8
3925 1960 8
3925 259 8
3925 2791 8
3925 4096 8
3925 736 8
3925 817 8
3925 950 8
3927 24 8
3927 2836 8
3927 2876 8
3927 3443 8
3927 3520 8
3927 3814 8
3927 448 8
3927 4487 8
3927 708 8
3929 3108 8
3929 4513 8
393 108 8
393 1180 8
393 1214 8
393 1472 8
393 165 8
393 185 8
393 1985 8
393 2005 8
393 2711 8
393 2739 8
393 337 8
393 3900 8
393 4804 8
393 55 8
393 5699 8
393 787 8
3933 3219 8
3933 3961 8
3933 4852 8
3933 5491 8
3933 925 8
3933 991 8
3934 1438 8
3934 1809 8
3934 2086 8
3934 2391 8
3934 2392 8
3934 3124 8
3934 3593 8
3934 3940 8
3934 3940 8
3934 395 8
3934 66 8
3934 950 8
3935 2307 8
3935 2307 8
3935 2685 8
3935 3476 8
3935 4100 8
3935 4115 8
3938 840 8
3938 891 8
394 1123 8
394 124 8
394 1406 8
394 158 8
394 1615 8
394 796 8
3940 237 8
3940 2379 8
3940 3230 8
3940 3460 8
3940 3623 8
3940 4018 8
3940 6167 8
3941 3952 8
3941 5695 8
3942 5790 8
3943 4558 8
3945 1591 8
3945 2568 8
3945 5664 8
3946 194 8
3946 6439 8
3947 1024 8
3947 3443 8
3947 3960 8
3947 921 8
3949 125 8
3949 4873 8
395 237 8
395 295 8
395 3230 8
395 3747 8
395 4018 8
395 739 8
395 989 8
3951 1151 8
3951 1289 8
3951 5253 8
3951 993 8
3952 3709 8
3952 5692 8
3953 1818 8
3953 2288 8
3953 4537 8
3954 1143 8
3954 2133 8
3954 224 8
3954 3953 8
3954 652 8
3955 5225 8
3955 5308 8
3956 3957 8
3956 4098 8
3956 4344 8
3956 4467 8
3956 5857 8
3956 5862 8
3956 5976 8
3956 5977 8
3956 6028 8
3957 2032 8
3957 4340 8
3957 5977 8
3957 5977 8
3957 6028 8
3957 6028 8
3957 6095 8
396 1181 8
396 1653 8
396 2733 8
396 5449 8
396 5579 8
396 5580 8
3960 1008 8
3960 1689 8
3960 4041 8
3960 4379 8
3960 673 8
3961 5384 8
3962 2412 8
3962 3116 8
3962 3574 8
3962 3973 8
3962 4046 8
3962 4801 8
3965 2368 8
3965 2555 8
3965 3111 8
3965 4295 8
3965 4872 8
3966 2759 8
3966 320 8
3966 4348 8
3966 826 8
3967 4106 8
397 3741 8
3970 3133 8
3972 2800 8
3972 5825 8
3973 1498 8
3973 3116 8
3973 3163 8
3973 3574 8
3973 3899 8
3973 3978 8
3973 4046 8
3973 4801 8
3973 4805 8
3973 4807 8
3973 4966 8
3973 577 8
3973 96 8
3974 1081 8
3974 4826 8
3976 6115 8
3976 997 8
3977 1403 8
3978 193 8
3978 3594 8
3978 3973 8
3978 4805 8
3978 4806 8
3978 4807 8
3978 4807 8
3978 4816 8
3978 96 8
3982 2174 8
3982 904 8
3984 5242 8
3987 2412 8
3987 3116 8
3987 3837 8
3987 3962 8
3987 4046 8
3987 4801 8
3987 4954 8
3987 538 8
3988 4739 8
3989 14 8
3989 2714 8
3989 275 8
3989 3038 8
3989 456 8
3989 623 8
399 1052 8
399 1065 8
399 2262 8
399 573 8
399 610 8
399 646 8
399 720 8
399 898 8
3990 123 8
3990 172 8
3990 3073 8
3990 3822 8
3990 3978 8
3990 4304 8
3990 4872 8
3990 610 8
3990 646 8
3991 2374 8
3993 1224 8
3993 1872 8
3993 2990 8
3993 3532 8
3993 3974 8
3993 4004 8
3993 4013 8
3993 423 8
3993 4401 8
3994 3595 8
3994 4808 8
3994 4810 8
3994 492 8
3994 5727 8
3998 1406 8
3998 3344 8
3998 4963 8
3998 4979 8
3998 685 8
3998 783 8
3999 1244 8
3999 1271 8
400 1057 8
400 112 8
400 1175 8
400 1175 8
400 1257 8
400 164 8
400 188 8
400 2006 8
400 2315 8
400 3893 8
400 4001 8
400 4170 8
400 510 8
400 601 8
400 673 8
400 708 8
400 748 8
400 827 8
4000 387 8
4000 4002 8
4001 1054 8
4001 118 8
4001 1221 8
4001 3913 8
4001 42 8
4001 42 8
4001 467 8
4001 4738 8
4001 748 8
4001 806 8
4001 827 8
4001 983 8
4002 3973 8
4002 4730 8
4003 2836 8
4003 3225 8
4003 3973 8
4003 3982 8
4003 538 8
4003 557 8
4003 643 8
4003 904 8
4004 4000 8
4004 4002 8
4004 6258 8
4006 3195 8
4006 4716 8
4006 6073 8
4007 4603 8
4008 577 8
4008 646 8
401 3577 8
4010 5964 8
4010 696 8
4012 4689 8
4012 4696 8
4012 4696 8
4012 4697 8
4012 4703 8
4013 6258 8
4013 862 8
4015 5359 8
4015 562 8
4015 5959 8
4015 6423 8
4015 6506 8
4017 2761 8
4017 3317 8
4017 3921 8
4017 408 8
4018 2373 8
4018 318 8
4018 3230 8
4018 3934 8
4019 2253 8
402 4241 8
402 4955 8
402 4956 8
4020 4142 8
4026 1044 8
4026 2369 8
4026 3170 8
4026 3429 8
4026 3713 8
4026 4537 8
4028 1216 8
4028 186 8
4028 3176 8
4028 4340 8
4028 4471 8
4028 577 8
4028 829 8
4028 830 8
4029 5919 8
4029 871 8
403 2755 8
403 4826 8
4030 1029 8
4030 1221 8
4030 2006 8
4030 2392 8
4030 2739 8
4030 3919 8
4030 392 8
4030 4001 8
4030 485 8
4030 746 8
4031 2374 8
4031 4780 8
4031 6405 8
4035 2834 8
4036 1271 8
4036 1723 8
4036 4964 8
404 1266 8
404 1345 8
4040 1197 8
4040 1210 8
4040 148 8
4040 3650 8
4040 3665 8
4040 643 8
4041 1181 8
4041 1985 8
4041 2372 8
4041 4379 8
4041 827 8
4043 4867 8
4046 2412 8
4046 2797 8
4046 3116 8
4046 3143 8
4046 3592 8
4046 3595 8
4046 3710 8
4046 3710 8
4046 372 8
4046 3837 8
4046 3899 8
4046 3899 8
4046 3973 8
4046 3994 8
4046 4206 8
4046 4795 8
4046 4801 8
4046 4801 8
4046 4801 8
4046 510 8
4046 609 8
4047 5810 8
405 6188 8
405 6189 8
405 6190 8
4050 5514 8
4052 4954 8
4052 5878 8
4052 5879 8
4053 5785 8
4054 706 8
4057 1209 8
4057 2129 8
4057 3232 8
4057 646 8
4058 193 8
4058 4356 8
4058 465 8
4059 1100 8
4059 1289 8
4059 1297 8
4059 3234 8
4060 130 8
4060 132 8
4060 1711 8
4060 2380 8
4060 259 8
4060 3465 8
4060 3524 8
4060 3548 8
4060 3925 8
4060 418 8
4060 456 8
4060 510 8
4060 621 8
4060 621 8
4060 817 8
4060 9 8
4060 983 8
4062 1270 8
4062 153 8
4062 1602 8
4062 2234 8
4062 2568 8
4062 2573 8
4063 1903 8
4063 3050 8
4063 685 8
4064 1878 8
4064 4175 8
4068 2012 8
4068 4722 8
4069 4072 8
4069 6391 8
407 1708 8
407 2021 8
4071 6293 8
4071 816 8
4072 4068 8
4072 6391 8
4075 3762 8
4076 3176 8
4076 3189 8
4076 3495 8
4076 4078 8
4076 5716 8
4076 636 8
4076 753 8
4078 2796 8
4078 3065 8
4078 3083 8
4078 3176 8
4078 3189 8
4078 3312 8
4078 3862 8
4078 3994 8
4078 4574 8
4078 753 8
408 1080 8
408 2379 8
408 2741 8
408 3357 8
408 3547 8
408 593 8
408 825 8
4080 2811 8
4080 4592 8
4080 4838 8
4080 614 8
4080 6163 8
4080 646 8
4081 2375 8
4081 5092 8
4082 4469 8
4086 5009 8
4087 1482 8
4087 1728 8
4089 1636 8
4089 2282 8
4089 736 8
409 1416 8
409 1418 8
409 264 8
4090 5958 8
4093 3747 8
4093 4925 8
4094 3335 8
4094 5301 8
4095 1548 8
4095 2872 8
4096 177 8
4096 2240 8
4096 285 8
4096 3934 8
4096 4537 8
4096 736 8
4098 3594 8
4098 4809 8
4098 5842 8
4098 5893 8
4098 6223 8
4100 2833 8
4100 4136 8
4100 4835 8
4100 4836 8
4100 4911 8
4105 1562 8
4105 3973 8
4105 4008 8
4105 5832 8
4105 590 8
4106 1963 8
4106 2242 8
4106 2723 8
4106 904 8
4107 34 8
4112 2357 8
4112 4115 8
4114 3150 8
4114 5835 8
4115 2357 8
4115 5821 8
4117 2307 8
4117 3267 8
412 1117 8
412 112 8
412 172 8
412 211 8
412 257 8
412 2718 8
412 3524 8
412 4295 8
412 503 8
412 519 8
412 801 8
4120 295 8
4120 5533 8
4124 3476 8
4124 5751 8
4124 6514 8
4126 2745 8
4126 5902 8
4130 393 8
4130 748 8
4131 5558 8
4132 2189 8
4132 2430 8
4134 5805 8
4135 6253 8
4135 6254 8
4135 6255 8
4135 6256 8
4136 4835 8
4137 4125 8
4139 1675 8
4139 2682 8
4139 6447 8
414 112 8
414 1609 8
414 2391 8
414 250 8
414 3150 8
414 4462 8
414 4734 8
414 803 8
4141 1695 8
4141 3542 8
4141 640 8
4142 2167 8
4142 2180 8
4144 904 8
4145 2170 8
4145 710 8
4145 936 8
4147 1328 8
4147 4035 8
415 4261 8
415 4471 8
415 4557 8
415 4866 8
415 646 8
415 707 8
4150 2833 8
4152 2414 8
4152 4255 8
4155 1298 8
4155 5542 8
4155 706 8
4156 3114 8
4158 1052 8
416 149 8
416 219 8
416 2233 8
416 3083 8
416 3195 8
416 333 8
416 3814 8
416 466 8
416 656 8
416 728 8
4160 2262 8
4160 3197 8
4161 1207 8
4161 1283 8
4162 2307 8
4162 2685 8
4162 3106 8
4162 3267 8
4162 3935 8
4162 3935 8
4162 4655 8
4162 4737 8
4162 4912 8
4164 275 8
4164 4155 8
4167 1501 8
4167 4247 8
4170 182 8
4170 53 8
4171 298 8
4175 5185 8
4176 1473 8
4176 3201 8
4177 2193 8
4177 2294 8
4177 2878 8
4177 4152 8
418 1728 8
418 2073 8
418 2101 8
418 2131 8
418 2259 8
418 4595 8
418 465 8
418 4938 8
418 4942 8
418 673 8
4180 5220 8
4182 1209 8
4183 4257 8
4183 4451 8
4183 6003 8
4186 1892 8
4186 5139 8
4186 5195 8
4186 935 8
4187 1123 8
4187 930 8
4188 1196 8
4188 1872 8
4188 1895 8
4188 1978 8
4188 3984 8
4188 5171 8
419 3429 8
419 913 8
4192 2513 8
4192 3345 8
4193 2382 8
4194 1118 8
4194 3066 8
4196 1848 8
4196 5165 8
4196 5488 8
4196 831 8
4197 6084 8
42 1178 8
42 1214 8
42 1234 8
42 164 8
42 174 8
42 1997 8
42 2006 8
42 2023 8
42 246 8
42 2716 8
42 383 8
42 393 8
42 400 8
42 447 8
42 455 8
42 482 8
42 4846 8
42 497 8
42 913 8
42 92 8
42 983 8
4200 1457 8
4200 448 8
4201 2996 8
4201 3006 8
4201 3655 8
4204 2205 8
4204 2412 8
4204 3899 8
4204 3973 8
4204 4080 8
4204 4707 8
4204 4721 8
4204 4829 8
4204 566 8
4204 5931 8
4204 844 8
4205 1 8
4205 3642 8
4205 993 8
4206 1872 8
4206 2343 8
4206 238 8
4206 3710 8
4206 5511 8
4207 3365 8
4209 1339 8
421 1169 8
421 13 8
421 13 8
421 130 8
421 1791 8
421 1963 8
421 251 8
421 2702 8
421 275 8
421 280 8
421 3312 8
421 371 8
421 3873 8
421 414 8
421 500 8
421 563 8
421 586 8
421 621 8
421 684 8
421 98 8
4210 2510 8
4210 5196 8
4211 1235 8
4211 155 8
4211 3535 8
4211 4338 8
4211 826 8
4215 204 8
4215 2111 8
4216 5662 8
4219 1721 8
4219 2461 8
4220 3150 8
4220 5285 8
4221 1444 8
4224 1372 8
4224 1807 8
4224 2451 8
4226 1416 8
4226 1805 8
4227 1600 8
4227 2966 8
4227 5717 8
4228 2913 8
4229 1305 8
4229 4036 8
4229 4984 8
4229 5693 8
423 1245 8
423 138 8
423 1715 8
423 3018 8
423 3232 8
423 3528 8
423 3538 8
423 4000 8
423 4590 8
423 4730 8
423 4742 8
423 576 8
4230 1842 8
4230 3441 8
4230 384 8
4230 4916 8
4230 5057 8
4232 1544 8
4232 1737 8
4232 2529 8
4234 1066 8
4234 1308 8
4234 1320 8
4234 1340 8
4234 4367 8
4234 4648 8
4234 524 8
4236 2596 8
4236 4567 8
4236 4951 8
4237 2584 8
4237 5428 8
4238 455 8
4239 3002 8
4239 4287 8
4239 5100 8
4239 5615 8
424 5672 8
4241 1950 8
4242 2322 8
4242 2634 8
4242 4987 8
4243 654 8
4244 2209 8
4244 3120 8
4245 4058 8
4245 415 8
4245 4402 8
4245 4421 8
4245 4557 8
4245 4866 8
4245 5189 8
4245 6214 8
4245 6215 8
4245 707 8
4246 3521 8
4246 4098 8
4246 5862 8
4246 6249 8
4247 248 8
4250 6286 8
4251 1366 8
4251 6415 8
4257 4304 8
4257 5872 8
4263 1167 8
4263 1668 8
4264 6082 8
4265 5806 8
4265 6321 8
4266 1440 8
4266 5960 8
4266 6415 8
4268 1221 8
4268 2075 8
4268 5806 8
4269 1016 8
4269 224 8
4270 2988 8
4270 3938 8
4270 5651 8
4272 3154 8
4272 4569 8
4272 4762 8
4272 4762 8
4272 4768 8
4272 4842 8
4273 1037 8
4273 4124 8
4273 5708 8
4273 6020 8
4274 124 8
4276 2749 8
4276 5890 8
4277 4276 8
4277 5985 8
4277 651 8
4277 674 8
4279 4725 8
4281 1853 8
4281 2350 8
4282 3638 8
4282 3641 8
4282 4774 8
4282 4834 8
4282 4852 8
4282 6333 8
4283 1424 8
4283 2055 8
4283 4447 8
4283 873 8
4284 193 8
4284 2233 8
4284 4581 8
4284 4691 8
4284 4795 8
4286 4239 8
4287 1532 8
4287 1819 8
4287 196 8
4287 239 8
4287 298 8
4287 5022 8
4287 6322 8
4291 1220 8
4291 3175 8
4293 1921 8
4295 2545 8
4295 2555 8
4295 3001 8
4295 3156 8
4295 3990 8
4295 412 8
4295 502 8
4296 1310 8
4296 4646 8
4296 4647 8
4296 4651 8
4296 4651 8
4296 4651 8
4296 4651 8
4296 4666 8
4298 172 8
4298 3525 8
4298 3737 8
4298 3949 8
4298 4883 8
4298 6 8
4298 6010 8
4298 6045 8
4298 6046 8
4298 871 8
43 240 8
4302 1295 8
4302 1303 8
4302 4313 8
4302 4668 8
4302 4668 8
4303 1174 8
4303 3757 8
4303 623 8
4304 2048 8
4304 415 8
4304 4247 8
4304 4385 8
4304 4471 8
4304 982 8
4305 1658 8
4307 5835 8
4308 85 8
4309 1282 8
4309 172 8
4309 3525 8
4309 3737 8
4309 4867 8
4309 4875 8
4309 4887 8
4311 1459 8
4313 1303 8
4313 1625 8
4318 1095 8
4319 3946 8
4319 5933 8
4319 6384 8
4321 1428 8
4321 1615 8
4321 2316 8
4321 3835 8
4321 3947 8
4321 400 8
4321 4769 8
4321 5480 8
4323 4308 8
4324 1091 8
4324 1091 8
4324 1297 8
4324 1297 8
4324 195 8
4324 6368 8
4327 415 8
4327 4319 8
4327 5933 8
4327 6289 8
4327 6384 8
4328 2412 8
4328 3143 8
4328 4046 8
4328 4788 8
4328 4801 8
4330 6088 8
4331 2718 8
4331 3067 8
4332 1056 8
4332 1688 8
4332 4446 8
4332 4733 8
4332 4962 8
4332 4979 8
4332 4989 8
4332 793 8
4333 1052 8
4333 224 8
4333 267 8
4333 3774 8
4333 4404 8
4333 6413 8
4333 76 8
4335 1164 8
4335 1241 8
4335 1440 8
4336 2761 8
4336 4462 8
4336 5857 8
4338 3182 8
4338 3966 8
4338 4211 8
4338 4353 8
4338 463 8
4338 4880 8
4338 670 8
4338 987 8
4340 2309 8
4340 3176 8
4340 3232 8
4340 3994 8
4340 4336 8
4340 659 8
4340 74 8
4340 753 8
4340 822 8
4341 1842 8
4341 893 8
4344 4098 8
4344 4467 8
4344 4603 8
4344 4872 8
4344 6027 8
4344 6028 8
4344 6358 8
4348 2761 8
4348 3921 8
435 1194 8
435 197 8
435 2984 8
435 4942 8
4352 3169 8
4353 1216 8
4353 320 8
4353 3966 8
4353 4691 8
4353 826 8
4356 2761 8
4356 4340 8
4356 4348 8
4356 822 8
4357 2163 8
4357 4760 8
436 1284 8
436 1927 8
436 2092 8
436 2259 8
436 3652 8
436 440 8
436 467 8
436 883 8
4360 1874 8
4360 3001 8
4361 1155 8
4362 3225 8
4367 1854 8
4367 2461 8
4367 4751 8
4368 2840 8
4368 4188 8
4368 4814 8
4368 4876 8
4368 5162 8
4368 5342 8
4368 5709 8
437 5568 8
437 831 8
4374 6280 8
4374 6439 8
4375 363 8
4375 5040 8
4375 633 8
4378 2252 8
4378 336 8
4378 461 8
4378 549 8
4379 153 8
4379 2089 8
4379 3056 8
4379 3708 8
4382 1818 8
4382 4124 8
4382 4757 8
4382 715 8
4382 971 8
4385 4098 8
4385 4183 8
4386 4368 8
4387 330 8
4387 4874 8
4387 4893 8
4387 5698 8
4387 5728 8
4387 5750 8
4387 731 8
439 1108 8
439 13 8
439 2574 8
439 280 8
439 412 8
439 421 8
439 537 8
439 862 8
4391 6199 8
4391 6215 8
4391 6241 8
4396 1598 8
4396 1895 8
4396 2840 8
4396 4368 8
4396 6305 8
4398 6074 8
4399 1877 8
4399 1892 8
4399 5171 8
4399 5269 8
44 1201 8
44 1273 8
44 1430 8
44 1741 8
44 1928 8
44 2476 8
44 2478 8
44 3558 8
44 4460 8
44 5136 8
44 71 8
440 1160 8
440 1294 8
440 14 8
440 1636 8
440 1719 8
440 1925 8
440 1927 8
440 3018 8
440 3316 8
440 467 8
440 537 8
440 64 8
440 659 8
440 803 8
440 983 8
4401 2990 8
4401 5809 8
4401 5892 8
4402 1557 8
4402 2111 8
4402 5189 8
4404 224 8
4404 3024 8
4408 1938 8
4410 2005 8
4414 2145 8
4419 2064 8
4421 659 8
443 4452 8
443 473 8
443 577 8
443 5881 8
4435 2343 8
4435 2936 8
4435 3544 8
4435 4552 8
4435 4563 8
4438 1829 8
444 1684 8
444 2089 8
444 257 8
444 277 8
444 3085 8
444 4696 8
444 4697 8
444 4698 8
444 4747 8
444 563 8
444 632 8
4440 5663 8
4440 5710 8
4442 4891 8
4443 1560 8
4443 1651 8
4443 1944 8
4443 2225 8
4443 2391 8
4443 4971 8
4443 5922 8
4445 153 8
4445 285 8
4446 4332 8
4446 4944 8
4446 793 8
4448 1289 8
4448 2634 8
4448 4059 8
4448 4890 8
445 188 8
445 2836 8
445 3085 8
445 3085 8
445 4616 8
445 684 8
4451 5872 8
4451 6364 8
4452 4486 8
4452 473 8
4452 822 8
4458 4920 8
4459 1916 8
4459 1916 8
446 1177 8
446 1190 8
446 1214 8
446 1511 8
446 1985 8
446 1990 8
446 2392 8
446 334 8
446 3919 8
446 4177 8
446 485 8
446 5677 8
446 815 8
4460 2478 8
4460 2716 8
4460 3357 8
4460 499 8
4461 1498 8
4461 6395 8
4462 4484 8
4462 6314 8
4464 1419 8
4464 2340 8
4467 2020 8
4467 3229 8
4467 4603 8
4467 4608 8
4467 4872 8
4467 5468 8
4468 2207 8
4468 337 8
4468 4007 8
4468 5748 8
4469 2032 8
4469 2310 8
4469 5031 8
4469 64 8
447 1056 8
447 1056 8
447 113 8
447 1179 8
447 1214 8
447 133 8
447 1540 8
447 1965 8
447 2086 8
447 3215 8
447 3608 8
447 371 8
447 400 8
447 42 8
447 53 8
447 580 8
447 637 8
447 643 8
447 659 8
447 66 8
447 89 8
4471 123 8
4471 2309 8
4471 3073 8
4471 3124 8
4471 3176 8
4471 3326 8
4471 3852 8
4471 3990 8
4471 4340 8
4471 646 8
4471 982 8
4472 5001 8
4472 5452 8
4473 1683 8
4473 335 8
4475 212 8
4475 3933 8
4476 109 8
4476 5509 8
4477 1363 8
4477 1828 8
4477 2765 8
4477 339 8
4477 516 8
4477 59 8
4477 833 8
4478 2713 8
4479 1576 8
4479 2233 8
4479 3150 8
4479 4224 8
448 1472 8
448 2551 8
448 2760 8
448 3201 8
448 3623 8
448 3641 8
448 3645 8
448 3645 8
448 496 8
448 516 8
448 88 8
4482 466 8
4482 4670 8
4482 4690 8
4483 4670 8
4486 443 8
4486 6019 8
4486 6430 8
4487 1007 8
4487 1081 8
4487 1181 8
4487 1230 8
4487 1711 8
4487 2133 8
4487 2442 8
4487 2463 8
4487 2647 8
4487 3023 8
4487 3215 8
4487 3857 8
4487 414 8
4487 586 8
4487 721 8
4488 5259 8
449 1704 8
449 2312 8
449 2378 8
449 2703 8
449 364 8
449 968 8
4490 1470 8
4492 6019 8
4492 6275 8
4492 6276 8
4493 4816 8
4493 527 8
4494 1810 8
4494 5343 8
450 1035 8
450 2903 8
450 3927 8
4500 933 8
4501 4120 8
4501 4120 8
4501 5533 8
4505 1843 8
4509 1600 8
451 1201 8
451 1244 8
451 149 8
451 2023 8
451 2316 8
451 2426 8
451 298 8
451 3108 8
451 3535 8
451 3593 8
451 4518 8
451 833 8
4510 125 8
4510 1929 8
4510 3124 8
4511 4870 8
4511 4902 8
4511 4903 8
4511 4904 8
4512 1051 8
4512 1802 8
4512 5497 8
4513 5950 8
4513 6054 8
4513 939 8
4515 3076 8
4515 3305 8
4515 3587 8
4515 4012 8
4515 444 8
4515 632 8
4516 2563 8
4516 5496 8
4518 2930 8
4518 956 8
452 1202 8
452 1827 8
452 1927 8
4520 4080 8
4523 128 8
4523 2143 8
4526 5298 8
4527 4493 8
4528 747 8
453 1093 8
453 1536 8
453 3644 8
453 4187 8
453 4205 8
453 4205 8
453 4512 8
453 5298 8
453 5312 8
453 671 8
453 720 8
453 818 8
4530 3135 8
4530 4618 8
4530 6200 8
4532 3112 8
4533 4802 8
4534 1057 8
4534 2437 8
4534 2848 8
4534 5782 8
4535 3112 8
4536 1016 8
4536 5840 8
4537 5958 8
4539 4510 8
454 742 8
4540 147 8
4540 3506 8
4542 223 8
4542 3037 8
4542 4244 8
4542 4538 8
4544 2545 8
4544 4675 8
4544 6262 8
4544 739 8
4545 4862 8
4547 191 8
4547 4530 8
4547 712 8
4548 1235 8
4548 172 8
4548 3967 8
4548 4040 8
4548 904 8
455 1013 8
455 1027 8
455 104 8
455 1167 8
455 133 8
455 165 8
455 1881 8
455 1925 8
455 24 8
455 287 8
455 3103 8
455 3108 8
455 3124 8
455 330 8
455 364 8
455 440 8
455 496 8
455 913 8
455 971 8
455 983 8
4551 4531 8
4551 6147 8
4553 4661 8
4553 4662 8
4553 4695 8
4553 5807 8
4554 5169 8
4554 5814 8
4555 2193 8
4555 2933 8
4555 3026 8
4557 3312 8
4557 3956 8
4557 4245 8
4557 5857 8
4558 1082 8
4558 1424 8
4558 4771 8
4558 725 8
4559 2993 8
456 1027 8
456 1212 8
456 1820 8
456 1846 8
456 2574 8
456 2574 8
456 2718 8
456 3884 8
456 3884 8
456 3989 8
456 561 8
456 586 8
456 586 8
456 621 8
456 973 8
4560 2936 8
4560 4435 8
4560 6224 8
4561 2838 8
4561 2935 8
4561 2993 8
4561 3250 8
4561 4435 8
4561 4607 8
4561 4637 8
4562 2944 8
4562 3026 8
4562 3726 8
4563 2266 8
4563 2935 8
4563 4561 8
4563 4583 8
4563 4637 8
4563 6226 8
4564 2695 8
4564 3026 8
4567 1719 8
4567 1910 8
4567 2079 8
4567 5297 8
4567 5511 8
4567 725 8
4569 3154 8
4569 4272 8
4569 4695 8
4569 4762 8
4569 4768 8
4569 4843 8
4569 4917 8
457 4215 8
4572 162 8
4574 4629 8
4574 4815 8
4574 5959 8
4576 6121 8
4578 6191 8
4578 6226 8
458 2224 8
458 885 8
4580 4564 8
4581 258 8
4581 3518 8
4581 3710 8
4581 4003 8
4581 4008 8
4581 47 8
4581 539 8
4581 543 8
4583 2707 8
4584 2193 8
4584 3544 8
4585 5271 8
4588 3071 8
4588 4808 8
459 1581 8
459 1618 8
459 299 8
459 4287 8
459 461 8
459 462 8
459 4650 8
459 583 8
459 73 8
4590 2793 8
4590 3534 8
4590 4614 8
4590 472 8
4590 5916 8
4590 5917 8
4592 863 8
4593 473 8
4593 5650 8
4593 5871 8
4594 2012 8
4594 4722 8
4594 74 8
4598 4435 8
4598 4560 8
4598 4563 8
46 102 8
46 2143 8
46 3113 8
46 3120 8
46 39 8
460 1933 8
460 2280 8
460 2511 8
460 2990 8
460 2999 8
460 3272 8
460 330 8
460 334 8
460 3443 8
460 3533 8
460 3602 8
460 6392 8
460 880 8
4602 4707 8
4603 3956 8
4603 4634 8
4603 5468 8
4603 6486 8
4604 4605 8
4605 3112 8
4605 3137 8
4605 3506 8
4605 4712 8
4605 4772 8
4607 3250 8
4607 4591 8
4607 6213 8
4607 6271 8
4608 2995 8
4608 4809 8
4609 5890 8
461 130 8
461 1791 8
461 1819 8
461 1938 8
461 2252 8
461 2652 8
461 2676 8
461 299 8
461 3018 8
461 336 8
461 3789 8
461 3836 8
461 4287 8
461 462 8
461 4650 8
461 4871 8
461 610 8
461 92 8
4610 4659 8
4610 4727 8
4610 4732 8
4612 2838 8
4612 4591 8
4613 1860 8
4613 4585 8
4613 5857 8
4614 5916 8
4614 5917 8
4614 5956 8
4614 6317 8
4615 1934 8
4615 2235 8
4615 2266 8
4615 2312 8
4615 2933 8
4615 3725 8
4615 4555 8
4616 3076 8
4616 3305 8
4616 4683 8
4616 847 8
4618 127 8
4618 3456 8
4618 5831 8
4618 872 8
462 1007 8
462 1081 8
462 160 8
462 1819 8
462 2233 8
462 246 8
462 2555 8
462 272 8
462 3018 8
462 3272 8
462 4650 8
462 4650 8
462 66 8
4621 2193 8
4624 2821 8
4625 5512 8
4628 6462 8
4629 4513 8
4629 5950 8
4629 5951 8
4629 5952 8
4629 5953 8
4629 5954 8
463 1249 8
463 1503 8
463 403 8
463 670 8
463 987 8
4630 6040 8
4630 6040 8
4632 4562 8
4634 3956 8
4634 5468 8
4635 2944 8
4637 2266 8
4637 2313 8
4637 3026 8
4637 3544 8
4637 4555 8
4637 4563 8
4637 4628 8
4637 945 8
4638 4610 8
4638 4659 8
4638 4741 8
464 3561 8
4641 2688 8
4641 3331 8
4641 3726 8
4642 4607 8
4644 2723 8
4644 5359 8
4646 4296 8
4646 4296 8
4646 4651 8
4646 4651 8
4646 4652 8
4646 4653 8
4647 4657 8
4648 1013 8
4648 1244 8
4648 1271 8
4648 178 8
4648 224 8
4648 299 8
4648 4227 8
4648 4649 8
4648 6225 8
4648 721 8
4649 1271 8
4649 4269 8
465 14 8
465 1623 8
465 1938 8
465 3201 8
465 3600 8
465 4340 8
465 4462 8
465 476 8
465 731 8
4650 1081 8
4650 1819 8
4650 4239 8
4650 4286 8
4650 4487 8
4650 861 8
4651 1310 8
4651 3809 8
4651 4296 8
4651 4652 8
4651 4653 8
4651 4653 8
4651 4657 8
4651 4797 8
4652 4651 8
4652 4651 8
4652 4653 8
4652 4657 8
4652 4666 8
4652 4797 8
4653 4646 8
4653 4647 8
4653 4651 8
4653 4651 8
4653 4652 8
4653 4652 8
4653 4652 8
4653 4657 8
4654 1288 8
4654 3722 8
4654 4476 8
4654 5324 8
4654 5347 8
4655 1724 8
4655 2244 8
4655 3267 8
4656 131 8
4656 5829 8
4656 5895 8
4656 920 8
4657 4646 8
4657 4646 8
4657 4651 8
4657 4653 8
4657 4797 8
4658 1216 8
4658 4690 8
4658 4692 8
4658 5289 8
4658 5291 8
4659 3836 8
4659 3839 8
4659 4664 8
4659 4727 8
4659 914 8
466 2511 8
466 2722 8
466 3189 8
466 3524 8
466 3579 8
466 3595 8
466 4001 8
466 4515 8
466 4669 8
466 4683 8
466 4691 8
466 476 8
466 519 8
466 5973 8
4660 4544 8
4661 4553 8
4661 4662 8
4661 4694 8
4661 4694 8
4661 4766 8
4661 4818 8
4661 4819 8
4661 4822 8
4661 722 8
4662 2090 8
4662 3154 8
4662 4553 8
4662 4661 8
4662 4661 8
4662 4694 8
4662 4765 8
4662 5985 8
4662 652 8
4662 663 8
4662 722 8
4663 4664 8
4663 4665 8
4664 1403 8
4664 3073 8
4664 4610 8
4664 4638 8
4664 4681 8
4664 4684 8
4664 4731 8
4665 4687 8
4666 4723 8
4667 3587 8
4667 4703 8
4667 4705 8
4667 4716 8
4667 6360 8
4668 4313 8
4668 4789 8
4669 4670 8
467 1054 8
467 1214 8
467 130 8
467 130 8
467 1482 8
467 1719 8
467 1728 8
467 1925 8
467 2006 8
467 2143 8
467 2876 8
467 3215 8
467 3465 8
467 4060 8
467 621 8
467 659 8
467 801 8
467 806 8
467 98 8
4671 4515 8
4671 4672 8
4672 4012 8
4672 4689 8
4672 4704 8
4672 4705 8
4672 4710 8
4672 6448 8
4673 111 8
4673 1348 8
4673 2205 8
4673 328 8
4673 3498 8
4673 4204 8
4673 4721 8
4673 4787 8
4673 4787 8
4673 4829 8
4673 577 8
4673 6235 8
4673 844 8
4673 844 8
4674 4675 8
4674 4676 8
4675 4701 8
4676 2545 8
4676 3380 8
4676 4682 8
4677 3305 8
4677 4006 8
4677 4667 8
4677 491 8
4677 6154 8
4678 109 8
4678 1196 8
4678 2819 8
4678 396 8
4678 6285 8
4679 3647 8
468 1169 8
468 14 8
468 1597 8
468 1927 8
468 3114 8
468 3645 8
468 3679 8
468 440 8
468 519 8
468 885 8
468 885 8
468 950 8
468 950 8
4680 312 8
4680 3919 8
4681 4682 8
4682 1676 8
4682 4665 8
4682 4675 8
4682 4686 8
4682 4688 8
4682 4702 8
4683 3305 8
4683 3518 8
4683 3595 8
4683 4515 8
4683 4515 8
4683 563 8
4684 4544 8
4684 4685 8
4686 2545 8
4686 4684 8
4687 4688 8
4688 85 8
4689 444 8
4689 4696 8
469 5897 8
469 5898 8
4690 350 8
4690 4691 8
4690 4692 8
4691 1187 8
4691 1216 8
4691 238 8
4691 3609 8
4691 4206 8
4691 4690 8
4691 5288 8
4691 5290 8
4692 1187 8
4692 4670 8
4693 4669 8
4694 4661 8
4694 4695 8
4694 4695 8
4694 4724 8
4694 4725 8
4694 4765 8
4694 4766 8
4694 4766 8
4695 4662 8
4695 4724 8
4695 5828 8
4695 5985 8
4696 4006 8
4696 4515 8
4696 4672 8
4697 3587 8
4697 4672 8
4697 4689 8
4697 4696 8
4698 4671 8
4698 4706 8
4698 4716 8
4699 466 8
4699 4691 8
47 1005 8
47 1252 8
47 1393 8
47 161 8
47 2278 8
47 278 8
47 3518 8
47 3541 8
47 4284 8
47 543 8
47 5978 8
4700 4012 8
4701 4676 8
4701 4685 8
4701 4702 8
4701 4712 8
4701 4772 8
4701 502 8
4702 4676 8
4702 4711 8
4702 85 8
4703 2832 8
4703 3077 8
4703 3085 8
4703 3305 8
4703 3518 8
4703 444 8
4703 4616 8
4703 4704 8
4703 4705 8
4703 4706 8
4704 5860 8
4704 5861 8
4705 4012 8
4705 4689 8
4705 4697 8
4705 6360 8
4706 365 8
4706 491 8
4706 5867 8
4707 1348 8
4707 4673 8
4707 4708 8
4707 6381 8
4708 1348 8
4708 2205 8
4708 3498 8
4708 3837 8
4708 4673 8
4708 4673 8
4708 4721 8
4708 4787 8
4708 844 8
4709 4696 8
4709 4710 8
471 2840 8
471 4188 8
471 4368 8
471 4396 8
471 503 8
471 5597 8
4711 4701 8
4711 4712 8
4712 1403 8
4712 2545 8
4712 3138 8
4712 3757 8
4712 4295 8
4712 4674 8
4713 3579 8
4713 4699 8
4714 2836 8
4714 491 8
4716 3570 8
4716 4667 8
4716 4677 8
4716 4700 8
4717 4669 8
4717 522 8
4718 632 8
4719 4660 8
4719 4685 8
4719 4686 8
472 3232 8
472 3538 8
472 405 8
472 423 8
472 6190 8
4720 3380 8
4721 4204 8
4721 4673 8
4721 4829 8
4721 6072 8
4721 844 8
4722 2012 8
4722 2012 8
4722 2797 8
4722 4482 8
4722 4699 8
4723 4296 8
4723 4651 8
4724 4662 8
4724 4694 8
4724 4725 8
4724 4765 8
4724 4844 8
4724 5434 8
4724 5780 8
4725 4624 8
4725 4662 8
4725 4724 8
4725 4765 8
4725 5434 8
4725 5807 8
4726 3609 8
4726 4482 8
4727 4638 8
4727 4731 8
4728 4008 8
4729 1348 8
4729 21 8
4729 4801 8
473 1781 8
473 3077 8
473 3232 8
473 4078 8
473 4486 8
473 5701 8
473 5871 8
473 5885 8
473 6165 8
473 822 8
4730 4004 8
4730 581 8
4730 6209 8
4730 6210 8
4731 4610 8
4731 4659 8
4731 4732 8
4732 4638 8
4732 4664 8
4732 4727 8
4733 4274 8
4734 1921 8
4734 2491 8
4734 2901 8
4734 3500 8
4734 5390 8
4734 6011 8
4735 104 8
4735 2934 8
4735 476 8
4736 761 8
4737 3935 8
4737 6454 8
4737 6455 8
4738 2518 8
4738 2903 8
4738 5397 8
4738 721 8
4740 2067 8
4740 3799 8
4741 4659 8
4741 4727 8
4741 4732 8
4742 3538 8
4742 3993 8
4743 4744 8
4743 4744 8
4744 4743 8
4745 4013 8
4745 4752 8
4746 3993 8
4746 4742 8
4747 2023 8
4747 4001 8
4747 989 8
4748 954 8
4749 2718 8
4749 4750 8
4749 4750 8
4749 798 8
4750 2889 8
4750 4331 8
4750 4749 8
4750 4759 8
4750 4759 8
4750 4759 8
4750 4786 8
4751 1704 8
4751 2056 8
4751 2969 8
4751 3679 8
4751 4558 8
4751 849 8
4751 872 8
4751 989 8
4752 4013 8
4753 3973 8
4755 4749 8
4755 4750 8
4756 1548 8
4756 2903 8
4756 872 8
4757 1818 8
4757 6415 8
4758 129 8
4758 2380 8
4758 4750 8
4758 4784 8
4758 577 8
4758 66 8
4758 748 8
4759 1498 8
4759 4749 8
4759 4755 8
4759 4785 8
476 1008 8
476 1013 8
476 1044 8
476 1245 8
476 1308 8
476 149 8
476 172 8
476 30 8
476 357 8
476 3989 8
476 455 8
476 5685 8
476 580 8
476 653 8
476 653 8
476 742 8
476 789 8
4760 2163 8
4760 2780 8
4760 4548 8
4760 762 8
4760 773 8
4761 1181 8
4761 1222 8
4761 2738 8
4761 2739 8
4761 3740 8
4762 3154 8
4762 4272 8
4762 4569 8
4762 4662 8
4762 4725 8
4762 4768 8
4763 1525 8
4763 1634 8
4763 3346 8
4763 4764 8
4763 6296 8
4763 653 8
4763 686 8
4764 3808 8
4764 653 8
4764 686 8
4765 2749 8
4765 4662 8
4765 4766 8
4765 4766 8
4765 4766 8
4766 4661 8
4766 4661 8
4766 4662 8
4766 4694 8
4766 4694 8
4766 657 8
4766 722 8
4768 4272 8
4768 4569 8
4768 4762 8
4769 1307 8
4769 242 8
4769 400 8
4769 4796 8
477 3579 8
477 466 8
477 743 8
4770 4679 8
4771 2055 8
4771 3229 8
4771 3943 8
4771 4167 8
4771 873 8
4772 1403 8
4772 3138 8
4772 3380 8
4772 4532 8
4772 4702 8
4772 4821 8
4773 3878 8
4773 4758 8
4773 798 8
4774 2200 8
4774 4760 8
4774 859 8
4775 3123 8
4775 4308 8
4775 4323 8
4775 4783 8
4776 1695 8
4776 1817 8
4779 1817 8
4779 4141 8
4779 4141 8
4779 4776 8
4779 778 8
4780 1822 8
4780 2075 8
4780 2739 8
4780 2746 8
4780 4030 8
4780 4291 8
4780 5042 8
4781 4331 8
4782 3114 8
4782 4156 8
4783 85 8
4784 473 8
4785 4750 8
4786 4664 8
4786 98 8
4787 2205 8
4787 328 8
4787 3488 8
4787 4204 8
4787 4708 8
4787 4721 8
4788 2412 8
4789 1303 8
4791 4661 8
4791 4694 8
4791 4766 8
4792 2803 8
4793 1220 8
4794 3594 8
4794 838 8
4795 3710 8
4795 4206 8
4795 4691 8
4796 1021 8
4796 2342 8
4796 2752 8
4796 2856 8
4796 3056 8
4796 3927 8
4796 4734 8
4796 496 8
4796 5196 8
4797 1310 8
4797 3809 8
4797 4296 8
4797 4652 8
4797 4652 8
4797 4666 8
4798 4799 8
4798 4800 8
4799 3530 8
4799 4813 8
4799 509 8
48 1181 8
48 237 8
480 185 8
480 400 8
480 688 8
480 787 8
480 827 8
4800 3232 8
4800 4799 8
4800 832 8
4801 2797 8
4801 3071 8
4801 3116 8
4801 3116 8
4801 3143 8
4801 3574 8
4801 3837 8
4801 3837 8
4801 3899 8
4801 3973 8
4801 4204 8
4801 4954 8
4801 4966 8
4801 538 8
4801 609 8
4802 4701 8
4802 4823 8
4803 2154 8
4803 2640 8
4803 3295 8
4804 1166 8
4804 1963 8
4804 3262 8
4804 5675 8
4805 3149 8
4805 3973 8
4805 3978 8
4805 3978 8
4805 4806 8
4805 4807 8
4805 5716 8
4806 3978 8
4806 4543 8
4806 4805 8
4806 4807 8
4806 96 8
4807 3973 8
4807 3978 8
4807 4805 8
4807 4805 8
4807 4806 8
4807 6029 8
4807 96 8
4808 372 8
4808 4046 8
4808 838 8
481 1985 8
481 691 8
4810 2803 8
4810 526 8
4811 2995 8
4811 3096 8
4811 414 8
4811 6356 8
4812 2898 8
4812 6278 8
4812 6311 8
4813 4462 8
4813 832 8
4814 3679 8
4814 6228 8
4814 950 8
4815 1226 8
4815 3084 8
4816 4817 8
4816 830 8
4818 4819 8
4818 5047 8
4818 5834 8
4819 4624 8
4819 4842 8
4819 4843 8
482 1191 8
482 1210 8
482 1881 8
482 2846 8
482 4139 8
482 5845 8
4820 2714 8
4820 3305 8
4820 3592 8
4820 492 8
4820 519 8
4820 822 8
4821 3111 8
4821 3141 8
4822 4818 8
4822 4819 8
4823 3111 8
4823 4605 8
4823 4676 8
4823 4806 8
4824 3029 8
4825 1366 8
4825 54 8
4826 2990 8
4826 3993 8
4826 4063 8
4826 4879 8
4827 1285 8
4827 1299 8
4828 235 8
4828 3335 8
4829 2171 8
4829 4832 8
4831 4080 8
4831 4840 8
4831 4841 8
4831 646 8
4832 2171 8
4832 2205 8
4832 4204 8
4832 4708 8
4833 1698 8
4833 3449 8
4833 3641 8
4834 1239 8
4834 1698 8
4834 3641 8
4835 1982 8
4835 2833 8
4835 3935 8
4835 4836 8
4836 3832 8
4836 3935 8
4836 4136 8
4837 1087 8
4837 1297 8
4837 178 8
4837 78 8
4838 2031 8
4838 2793 8
4838 4831 8
4839 2104 8
4839 4272 8
4839 4272 8
4839 4277 8
4839 4762 8
4839 4819 8
4839 4822 8
4839 5321 8
4839 655 8
4839 674 8
484 1056 8
4840 4590 8
4840 4614 8
4840 4614 8
4840 4838 8
4840 6316 8
4840 6317 8
4841 2793 8
4841 2811 8
4841 4838 8
4841 4840 8
4841 5916 8
4841 5917 8
4841 5955 8
4842 4822 8
4842 4839 8
4842 4839 8
4842 4844 8
4843 4822 8
4843 4842 8
4843 4844 8
4844 4662 8
4844 4822 8
4844 4839 8
4845 891 8
4846 1619 8
4846 2255 8
4846 4386 8
4846 4468 8
4846 5681 8
4846 5732 8
4847 4848 8
4848 4362 8
4849 4850 8
485 3908 8
485 3955 8
485 5782 8
485 746 8
4850 5889 8
4851 4850 8
4852 3281 8
4852 4760 8
4852 4774 8
4852 59 8
4853 3218 8
4853 3637 8
4853 4848 8
4853 936 8
4854 468 8
4854 543 8
4855 4087 8
4855 468 8
4855 5301 8
4856 1941 8
4856 3431 8
4856 4837 8
4856 5781 8
4858 370 8
4858 885 8
4859 4255 8
4859 5770 8
486 1257 8
486 1533 8
486 1782 8
4860 4861 8
4862 23 8
4863 3836 8
4863 5005 8
4865 125 8
4866 4261 8
4866 4557 8
4867 147 8
4867 5920 8
4868 1234 8
4869 4854 8
487 1308 8
487 452 8
4870 3918 8
4872 3111 8
4872 3229 8
4872 3956 8
4872 4295 8
4872 468 8
4872 543 8
4872 5468 8
4872 950 8
4873 1282 8
4873 3791 8
4873 3820 8
4873 4309 8
4873 5923 8
4873 876 8
4874 4387 8
4875 1282 8
4875 23 8
4875 4298 8
4875 4867 8
4875 4873 8
4875 5988 8
4875 871 8
4875 876 8
4876 1289 8
4876 1674 8
4876 3229 8
4876 4059 8
4876 4387 8
4876 4448 8
4876 4890 8
4876 5665 8
4877 327 8
4877 4878 8
4878 833 8
4879 1872 8
4879 2990 8
4879 3722 8
4879 3974 8
4879 3993 8
4879 5584 8
488 2447 8
488 312 8
488 313 8
488 358 8
488 358 8
488 3919 8
488 4680 8
488 578 8
4880 4338 8
4880 826 8
4882 2057 8
4883 3120 8
4883 3473 8
4883 4862 8
4883 775 8
4884 1709 8
4885 3820 8
4886 1957 8
4886 215 8
4886 25 8
4886 34 8
4887 1282 8
4887 4873 8
4887 6 8
4888 3156 8
4888 3246 8
4889 3836 8
4890 1289 8
4890 3234 8
4890 499 8
4891 873 8
4892 4387 8
4892 4387 8
4892 4893 8
4894 4895 8
4897 2426 8
4897 4443 8
4898 3292 8
4899 4341 8
4899 4900 8
4899 893 8
49 79 8
4900 3002 8
4900 3044 8
4900 4239 8
4900 4287 8
4900 4901 8
4900 5332 8
4900 5393 8
4900 5610 8
4901 4171 8
4901 4341 8
4902 1430 8
4902 2878 8
4905 1463 8
4905 1688 8
4905 3329 8
4905 4446 8
4906 2883 8
4906 767 8
4907 4908 8
4909 4910 8
491 4683 8
491 4704 8
491 548 8
491 5926 8
4911 4162 8
4911 4912 8
4912 3106 8
4912 4100 8
4912 6080 8
4912 6097 8
4913 3847 8
4915 2322 8
4915 4916 8
4916 4226 8
4916 5069 8
4917 4918 8
4917 5828 8
4919 1651 8
492 2832 8
492 3595 8
492 4204 8
4920 1731 8
4920 5111 8
4921 1424 8
4921 4447 8
4922 4923 8
4924 202 8
4924 2225 8
4924 2391 8
4924 588 8
4925 2907 8
4926 4927 8
4927 5073 8
4928 2277 8
4928 4926 8
4929 4229 8
4930 4931 8
4931 2288 8
4932 2310 8
4934 2911 8
4934 4155 8
4934 4155 8
4934 4897 8
4935 1229 8
4936 1313 8
4936 3010 8
4939 4940 8
494 36 8
4940 1990 8
4941 1438 8
4941 2299 8
4941 3048 8
4941 3310 8
4941 4945 8
4941 5239 8
4942 113 8
4942 2259 8
4942 2448 8
4942 2986 8
4942 3652 8
4942 436 8
4942 51 8
4943 864 8
4944 4332 8
4944 4989 8
4945 4962 8
4945 5139 8
4946 4870 8
4947 2885 8
4947 3696 8
4947 649 8
4948 2607 8
4948 4949 8
4948 4950 8
4948 957 8
4950 2590 8
4950 703 8
4951 1477 8
4952 4953 8
4954 2195 8
4954 238 8
4954 2412 8
4954 2797 8
4954 2797 8
4954 3071 8
4954 3837 8
4954 3973 8
4954 414 8
4954 4204 8
4954 4801 8
4954 5879 8
4954 5899 8
4954 6019 8
4954 6121 8
4954 6347 8
4955 2258 8
4955 2979 8
4955 4241 8
4956 205 8
4956 2860 8
4956 4955 8
4957 2299 8
4957 3310 8
4957 4945 8
4958 3277 8
4959 1936 8
4959 4960 8
4959 4961 8
496 1619 8
496 2143 8
496 3675 8
496 3903 8
496 4855 8
496 4855 8
496 56 8
496 622 8
496 676 8
496 741 8
496 801 8
496 803 8
496 97 8
4960 5649 8
4960 5779 8
4960 6208 8
4961 4960 8
4962 1024 8
4962 1419 8
4962 3479 8
4962 4905 8
4962 4963 8
4962 5171 8
4963 1726 8
4963 3048 8
4963 3177 8
4963 3212 8
4963 3234 8
4963 4962 8
4963 5003 8
4964 1805 8
4964 4915 8
4964 5048 8
4965 2270 8
4965 4084 8
4966 2412 8
4966 2797 8
4966 3987 8
4966 4954 8
4967 4242 8
4967 4968 8
4968 4987 8
4968 5081 8
4968 5096 8
4969 622 8
497 1005 8
497 1179 8
497 164 8
497 2006 8
497 393 8
497 4001 8
497 42 8
497 42 8
497 47 8
497 788 8
4970 1950 8
4971 230 8
4971 2593 8
4971 4054 8
4972 4973 8
4974 4975 8
4974 4976 8
4975 3467 8
4975 4976 8
4975 4976 8
4975 5354 8
4975 5355 8
4976 1607 8
4976 5354 8
4977 4978 8
4979 1726 8
4979 4963 8
4980 2372 8
4981 1364 8
4981 3447 8
4981 3543 8
4982 4905 8
4983 1990 8
4984 4927 8
4985 4986 8
4988 2807 8
4989 1434 8
4989 1674 8
4989 1688 8
4989 1726 8
4989 2351 8
4989 4332 8
4989 793 8
499 131 8
499 1674 8
499 1809 8
499 4059 8
499 4876 8
499 6131 8
499 754 8
4990 4991 8
4992 4920 8
4993 4994 8
4994 4977 8
4995 1244 8
4995 451 8
4995 4979 8
4995 710 8
4996 1289 8
4996 1438 8
4996 1701 8
4996 1722 8
4996 3310 8
4996 3998 8
4996 4941 8
4996 5033 8
4996 5113 8
4996 5135 8
4997 1271 8
4997 2807 8
4997 4998 8
4998 4904 8
4998 4988 8
5 2677 8
5 4628 8
5000 2429 8
5000 5001 8
5001 5031 8
5001 5710 8
5003 4944 8
5006 3890 8
5007 4932 8
5008 1229 8
5009 2299 8
5009 2332 8
5009 2340 8
5009 2368 8
5009 3212 8
5009 3234 8
5009 3234 8
5009 3344 8
5009 4367 8
5009 4962 8
5009 5010 8
5009 5053 8
5009 5718 8
501 3497 8
501 775 8
5011 4917 8
5011 4918 8
5012 3912 8
5012 4937 8
5012 5013 8
5012 5014 8
5015 5016 8
5017 3002 8
5019 5020 8
502 3111 8
502 3111 8
502 4712 8
502 5409 8
502 5841 8
5021 199 8
5023 900 8
5024 3285 8
5024 5025 8
5025 3285 8
5026 1181 8
5027 2669 8
5029 157 8
5029 4906 8
5029 649 8
503 3913 8
503 53 8
503 623 8
5030 4242 8
5030 4926 8
5030 4987 8
5030 5025 8
5031 5032 8
5032 1533 8
5033 1024 8
5033 2299 8
5033 2299 8
5033 2332 8
5033 4962 8
5033 5630 8
5034 1387 8
5034 2315 8
5035 5036 8
5037 4041 8
5037 4217 8
5037 5038 8
5038 3396 8
5040 3616 8
5042 1220 8
5043 1906 8
5043 3059 8
5043 4186 8
5043 5044 8
5045 2073 8
5045 3673 8
5046 4936 8
5047 4818 8
5048 2669 8
5048 5109 8
5049 2014 8
5049 3696 8
5049 649 8
5049 701 8
5050 5051 8
5051 6282 8
5052 2241 8
5053 1301 8
5053 2332 8
5053 5054 8
5053 5055 8
5053 5061 8
5054 3301 8
5055 4941 8
5055 5135 8
5056 2905 8
5057 1609 8
5058 5049 8
5059 3322 8
5061 1336 8
5061 3234 8
5061 4982 8
5061 5003 8
5061 5098 8
5062 2293 8
5063 3895 8
5064 1396 8
5064 3870 8
5064 4981 8
5065 3178 8
5065 5066 8
5066 2784 8
5066 5253 8
5067 5068 8
5068 2216 8
5068 5070 8
507 3215 8
507 4969 8
507 604 8
507 622 8
5071 1362 8
5071 4826 8
5074 5075 8
5076 5054 8
5077 5078 8
5079 2860 8
5079 5080 8
508 2805 8
508 3076 8
508 4820 8
508 659 8
508 685 8
5081 1305 8
5081 4967 8
5081 5082 8
5082 5093 8
5083 2442 8
5083 5084 8
5084 1353 8
5084 388 8
5084 4286 8
5084 5272 8
5085 2945 8
5085 4997 8
5086 5080 8
5086 5136 8
5087 5088 8
5089 5090 8
509 4800 8
509 4813 8
509 832 8
5091 4491 8
5091 5006 8
5092 2375 8
5092 4054 8
5093 1208 8
5093 3322 8
5093 5064 8
5094 2294 8
5094 2981 8
5094 4177 8
5094 5079 8
5094 736 8
5095 4968 8
5096 5030 8
5097 2959 8
5098 2299 8
5098 2300 8
5098 5135 8
51 200 8
51 418 8
510 188 8
510 3215 8
510 328 8
510 3326 8
510 3799 8
510 4046 8
510 659 8
5100 3002 8
5100 5017 8
5100 5022 8
5101 4780 8
5102 2590 8
5102 403 8
5103 3687 8
5104 5105 8
5106 5107 8
5108 901 8
5109 3369 8
5109 4036 8
5109 4964 8
511 4611 8
511 5461 8
5110 2826 8
5110 4918 8
5110 5011 8
5111 4217 8
5112 5088 8
5113 4941 8
5113 5009 8
5113 5054 8
5114 2257 8
5114 55 8
5115 3379 8
5115 4217 8
5116 1362 8
5116 3201 8
5116 3310 8
5116 4086 8
5116 5113 8
5116 5712 8
5117 2878 8
5117 3918 8
5118 5119 8
5120 4208 8
5120 4224 8
5122 4930 8
5123 4096 8
5124 5125 8
5126 5127 8
5128 3056 8
5129 1332 8
513 189 8
513 2755 8
5130 2434 8
5130 5131 8
5132 1037 8
5133 4967 8
5133 5134 8
5135 4941 8
5136 2468 8
5136 2478 8
5136 2570 8
5137 5138 8
5138 376 8
5138 4546 8
514 1711 8
514 2652 8
514 2861 8
514 3122 8
5140 3178 8
5141 2257 8
5142 5143 8
5145 3379 8
5145 5677 8
5146 5147 8
5148 5003 8
5149 2109 8
5150 2280 8
5151 2242 8
5151 3858 8
5151 5085 8
5152 2242 8
5153 3212 8
5154 4833 8
5155 1289 8
5155 2587 8
5155 4188 8
5156 4503 8
5156 5157 8
5156 5158 8
5158 2470 8
5159 5160 8
516 1008 8
516 1460 8
516 164 8
516 2681 8
516 2711 8
516 3056 8
516 3623 8
516 42 8
516 497 8
516 4980 8
5160 4654 8
5160 5487 8
5161 1519 8
5161 239 8
5161 3021 8
5162 1711 8
5162 5163 8
5162 5164 8
5163 3229 8
5163 4050 8
5163 898 8
5164 4368 8
5165 1392 8
5165 3875 8
5165 5166 8
5166 1912 8
5166 4174 8
5166 4196 8
5167 4186 8
5167 5228 8
5167 5595 8
5168 4516 8
5170 2318 8
5170 3121 8
5171 1877 8
5172 1759 8
5172 340 8
5173 5174 8
5173 5175 8
5174 5210 8
5175 1949 8
5175 3768 8
5176 6093 8
5178 2587 8
5178 5465 8
5178 5466 8
5179 1692 8
5179 1815 8
5179 5180 8
5180 1692 8
5180 3445 8
5181 5182 8
5182 1560 8
5182 2531 8
5182 5663 8
5183 1809 8
5183 5224 8
5184 4307 8
5186 5196 8
5186 5262 8
5187 1674 8
5187 3572 8
5187 5188 8
519 1201 8
519 2011 8
519 251 8
519 3085 8
519 371 8
519 412 8
519 466 8
519 466 8
519 830 8
5190 310 8
5190 3961 8
5194 5195 8
5195 1885 8
5195 1912 8
5195 4174 8
5195 5383 8
5196 1655 8
5198 1843 8
5198 897 8
5199 1363 8
5199 5200 8
5199 5201 8
52 3718 8
520 5041 8
520 6021 8
5200 5201 8
5200 5443 8
5202 5173 8
5203 4245 8
5203 4402 8
5204 5097 8
5204 5205 8
5204 867 8
5205 5408 8
5206 4654 8
5206 5159 8
5206 5160 8
5206 5347 8
5206 5423 8
5207 5208 8
5208 3951 8
5209 3335 8
5209 4814 8
521 2693 8
5211 1337 8
5211 1726 8
5211 1903 8
5211 5212 8
5211 5213 8
5212 1447 8
5212 5578 8
5212 5601 8
5214 4245 8
5214 4402 8
5214 5215 8
5215 4402 8
5215 5189 8
5215 5203 8
5216 2561 8
5217 1179 8
5217 1447 8
5217 3651 8
5218 3504 8
5219 1024 8
5219 1496 8
5219 5248 8
5219 5386 8
522 3077 8
522 3189 8
522 3579 8
522 477 8
522 530 8
522 5973 8
5220 2715 8
5220 5490 8
5221 3248 8
5222 5223 8
5224 1816 8
5224 303 8
5225 1698 8
5226 5227 8
5227 1813 8
5227 5276 8
5228 1903 8
5229 5230 8
5229 5231 8
5230 2566 8
5231 2239 8
5231 5467 8
5232 5233 8
5234 5235 8
5236 1766 8
5237 5238 8
5238 5341 8
5239 5053 8
524 1809 8
524 235 8
524 3348 8
524 369 8
524 4969 8
524 634 8
5240 3318 8
5241 486 8
5241 92 8
5243 2575 8
5244 1021 8
5244 2480 8
5244 5243 8
5245 5246 8
5245 5247 8
5246 5247 8
5246 5470 8
5248 1496 8
5248 3638 8
5248 3729 8
5249 5285 8
5249 5533 8
5249 906 8
5250 4333 8
5251 511 8
5252 1815 8
5252 5179 8
5253 4458 8
5253 5254 8
5253 5670 8
5254 2573 8
5255 212 8
5256 2916 8
5257 3730 8
5258 4050 8
5259 1774 8
5259 2491 8
5259 5283 8
5259 5284 8
526 3994 8
526 4808 8
526 492 8
526 5941 8
5260 1588 8
5260 1674 8
5260 1734 8
5260 1756 8
5260 3960 8
5260 5219 8
5260 815 8
5261 1899 8
5263 2526 8
5264 2553 8
5264 5265 8
5264 5458 8
5265 1503 8
5265 3984 8
5265 5344 8
5265 5345 8
5266 5267 8
5266 5268 8
5267 5266 8
5269 1730 8
5269 1887 8
5269 3880 8
5269 5346 8
527 6490 8
5270 5271 8
5270 5272 8
5272 2723 8
5273 2926 8
5274 3059 8
5275 1584 8
5276 5236 8
5276 5317 8
5276 5318 8
5277 1710 8
5278 1575 8
5278 4218 8
5278 5336 8
5279 5280 8
5280 1179 8
5280 5217 8
5281 2234 8
5281 2366 8
5281 3744 8
5281 5282 8
5282 1514 8
5282 1984 8
5283 5554 8
5283 5556 8
5285 4293 8
5285 5403 8
5286 3417 8
5286 3602 8
5288 1187 8
5288 4658 8
5288 4690 8
5288 5289 8
5288 5290 8
5288 5291 8
5289 4691 8
5289 5291 8
5289 5291 8
5289 5468 8
5290 4658 8
5290 4690 8
5290 5289 8
5290 5291 8
5291 1216 8
5291 4353 8
5291 4691 8
5291 5468 8
5292 4240 8
5293 2314 8
5294 5295 8
5294 5296 8
5295 2396 8
5295 3401 8
5295 5313 8
5297 1344 8
5298 4180 8
5298 5255 8
5299 4625 8
53 153 8
53 1791 8
53 188 8
53 251 8
53 257 8
53 3073 8
53 3189 8
53 3757 8
53 440 8
53 465 8
53 467 8
53 973 8
530 129 8
530 3609 8
530 3862 8
530 466 8
530 4820 8
530 508 8
5300 1747 8
5300 1816 8
5300 5294 8
5300 808 8
5302 1664 8
5302 3951 8
5303 5304 8
5305 2518 8
5305 5165 8
5306 5307 8
5307 5323 8
5308 5534 8
5309 5310 8
5311 2606 8
5311 965 8
5312 1722 8
5312 3638 8
5312 5219 8
5312 5700 8
5313 1766 8
5313 5226 8
5314 5315 8
5314 5316 8
5315 1415 8
5317 5227 8
5317 541 8
5318 5294 8
5318 5412 8
5318 5551 8
5319 5185 8
5320 1354 8
5320 1633 8
5320 5506 8
5321 4272 8
5322 5159 8
5322 5489 8
5323 5324 8
5324 5307 8
5325 3945 8
5326 4180 8
5326 5606 8
5327 5328 8
5329 5330 8
5329 5331 8
5332 5333 8
5333 1588 8
5333 1896 8
5333 3841 8
5333 5532 8
5335 3855 8
5335 5336 8
5336 5367 8
5336 5368 8
5337 5338 8
5338 1483 8
5339 2318 8
5339 5608 8
5343 1810 8
5344 1872 8
5344 5264 8
5344 5264 8
5344 5315 8
5345 5331 8
5346 1877 8
5347 5326 8
5347 5599 8
5348 1876 8
5348 3001 8
5348 3243 8
5348 4900 8
5350 1049 8
5350 3122 8
5350 5627 8
5351 1385 8
5351 3805 8
5352 5458 8
5353 1472 8
5353 5190 8
5353 5308 8
5354 1607 8
5354 3467 8
5354 5355 8
5355 3467 8
5355 4010 8
5355 696 8
5357 5191 8
5358 4654 8
5359 3079 8
5359 4554 8
5359 5959 8
536 1440 8
536 1684 8
536 2391 8
536 2596 8
536 2995 8
536 4747 8
536 4751 8
5360 5181 8
5360 5361 8
5361 4472 8
5361 5181 8
5362 1848 8
5362 1885 8
5363 2959 8
5363 5179 8
5364 1728 8
5365 6326 8
5366 5616 8
5366 6311 8
5367 5368 8
5369 5339 8
5369 5608 8
537 1202 8
537 130 8
537 330 8
537 3465 8
537 3533 8
537 3873 8
537 3884 8
537 421 8
537 439 8
537 467 8
537 635 8
537 635 8
537 659 8
5370 2466 8
5370 5371 8
5372 5195 8
5372 5373 8
5372 5374 8
5374 1897 8
5375 5376 8
5377 5247 8
5378 5379 8
5379 5242 8
538 1007 8
538 2537 8
538 2836 8
538 3326 8
538 3458 8
538 3710 8
538 4167 8
538 455 8
538 851 8
5380 5381 8
5382 1511 8
5382 3651 8
5383 148 8
5383 1920 8
5383 5165 8
5383 5520 8
5383 777 8
5384 5308 8
5386 2819 8
5386 5312 8
5386 5431 8
5387 5303 8
5388 1110 8
5389 1274 8
5389 2518 8
5389 4738 8
539 3518 8
539 47 8
539 725 8
5390 1438 8
5390 25 8
5391 1627 8
5392 2927 8
5393 1372 8
5393 1879 8
5393 4063 8
5393 5394 8
5393 5932 8
5395 5396 8
5397 1552 8
5398 1353 8
5398 3417 8
54 1677 8
54 2357 8
54 4115 8
54 4115 8
54 5821 8
5400 3417 8
5400 5401 8
5400 5402 8
5401 2618 8
5401 5671 8
5402 5363 8
5403 4293 8
5403 5173 8
5404 1710 8
5404 1888 8
5405 3860 8
5405 5398 8
5405 5406 8
5406 1353 8
5407 2903 8
5407 2996 8
5407 5553 8
5407 6032 8
5408 5204 8
5409 1403 8
5409 1440 8
5409 4712 8
541 4735 8
541 5276 8
5410 4472 8
5410 5182 8
5410 5361 8
5411 5412 8
5411 5413 8
5413 1146 8
5413 2455 8
5413 5589 8
5414 5415 8
5415 1794 8
5415 5294 8
5417 1125 8
5417 4962 8
5417 4996 8
5417 5113 8
5419 1627 8
5419 5420 8
5419 5421 8
542 1088 8
542 1529 8
542 3201 8
542 556 8
542 556 8
5420 5391 8
5422 1558 8
5423 5159 8
5423 5307 8
5423 5525 8
5424 3307 8
5424 3675 8
5424 5425 8
5425 3679 8
5425 5301 8
5426 5427 8
5427 5450 8
5427 5451 8
5429 1614 8
5429 5199 8
5429 5201 8
543 1482 8
543 1597 8
543 1928 8
543 2255 8
543 2574 8
543 258 8
543 285 8
543 3062 8
543 4284 8
543 468 8
543 539 8
543 673 8
543 731 8
543 741 8
543 898 8
5430 1711 8
5430 3 8
5430 4477 8
5431 5486 8
5431 5487 8
5432 5401 8
5432 5433 8
5434 4661 8
5434 4662 8
5434 4694 8
5435 2513 8
5436 5437 8
5439 5440 8
5439 5441 8
544 4745 8
5442 3723 8
5442 5391 8
5443 5199 8
5443 5334 8
5444 1513 8
5444 1703 8
5446 2480 8
5446 5216 8
5447 4237 8
5448 4131 8
5449 3814 8
545 130 8
545 2 8
545 257 8
545 2796 8
545 3079 8
545 3524 8
545 530 8
545 610 8
545 684 8
545 684 8
5452 5453 8
5455 1679 8
5455 4738 8
5455 5389 8
5455 5600 8
5456 1537 8
5456 1802 8
5456 1966 8
5457 5198 8
5458 2489 8
5458 5466 8
5458 777 8
5460 5235 8
5462 5463 8
5464 4962 8
5466 1026 8
5468 3956 8
5468 4007 8
5468 5290 8
5471 5472 8
5473 5387 8
5473 5474 8
5474 1730 8
5475 5476 8
5477 257 8
5478 1721 8
5478 5408 8
5478 6052 8
5479 5395 8
548 365 8
5480 1201 8
5480 1926 8
5480 2332 8
5480 710 8
5481 5395 8
5482 3491 8
5482 3984 8
5482 4175 8
5483 1336 8
5483 3212 8
5483 3998 8
5484 3642 8
5484 5485 8
5488 3875 8
5488 5539 8
5489 1351 8
549 1938 8
549 4287 8
5490 1538 8
5490 4180 8
5490 5325 8
5492 1588 8
5492 5195 8
5493 5185 8
5493 6444 8
5494 5223 8
5495 2376 8
5495 32 8
5495 3229 8
5495 3318 8
5495 5162 8
5495 5342 8
5496 1249 8
5496 1659 8
5496 2207 8
5496 3927 8
5496 4396 8
5496 5168 8
5496 6305 8
5497 1601 8
5497 2765 8
5497 807 8
5498 5499 8
550 4483 8
5500 5501 8
5501 1346 8
5502 5503 8
5504 5505 8
5504 5570 8
5505 4516 8
5505 5570 8
5506 1633 8
5507 3843 8
5507 5783 8
5508 5346 8
5508 5378 8
5510 5257 8
5511 1344 8
5511 2559 8
5511 5297 8
5513 5514 8
5515 5516 8
5517 1156 8
5517 1902 8
5517 5518 8
5518 1214 8
5519 2429 8
5519 2521 8
552 1179 8
552 2718 8
552 299 8
552 6021 8
552 74 8
5520 4188 8
5520 5458 8
5521 1462 8
5521 3482 8
5521 5573 8
5521 5575 8
5522 2234 8
5522 3357 8
5523 2629 8
5523 2980 8
5523 824 8
5524 5525 8
5526 5322 8
5526 5527 8
5526 89 8
5527 1491 8
5527 3379 8
5528 2531 8
5528 3421 8
5528 5541 8
5528 5581 8
5530 5230 8
5531 156 8
5532 1118 8
5532 5455 8
5535 5536 8
5537 5538 8
5539 1906 8
5539 5195 8
5539 5264 8
5540 453 8
5541 3066 8
5542 2893 8
5544 2476 8
5544 2965 8
5546 353 8
5547 5299 8
5547 5548 8
5548 4613 8
5548 5719 8
5548 6346 8
5549 5287 8
5550 3345 8
5551 2396 8
5552 1552 8
5552 1679 8
5552 5389 8
5553 1564 8
5553 1575 8
5553 5259 8
5553 5283 8
5553 5554 8
5554 5556 8
5555 5316 8
5557 868 8
556 2322 8
5560 5559 8
5561 2940 8
5562 2173 8
5562 6060 8
5563 1399 8
5563 1754 8
5563 3458 8
5563 3634 8
5565 5304 8
5566 5325 8
5566 5567 8
5567 5326 8
5567 5327 8
5568 4051 8
5568 437 8
5568 5359 8
5568 831 8
5569 3933 8
557 126 8
557 3112 8
557 3873 8
557 4357 8
5571 5546 8
5571 5572 8
5573 1756 8
5573 5193 8
5573 5574 8
5573 5575 8
5574 1447 8
5574 3572 8
5575 1224 8
5575 5521 8
5576 2492 8
5577 2224 8
5577 5368 8
5578 5211 8
558 253 8
5581 1553 8
5581 3066 8
5582 5583 8
5583 5187 8
5585 5586 8
5586 1600 8
5587 1644 8
5588 1088 8
5588 1476 8
5588 4172 8
5588 5194 8
5588 5265 8
5588 5374 8
5588 672 8
5590 1953 8
5590 3373 8
5591 3428 8
5591 4503 8
5591 5157 8
5592 1687 8
5592 5388 8
5592 5521 8
5593 5594 8
5595 5269 8
5597 1196 8
5597 1978 8
5597 4396 8
5597 5230 8
5598 3640 8
56 1711 8
56 182 8
56 3121 8
56 4094 8
56 6180 8
56 803 8
56 898 8
560 304 8
560 451 8
560 931 8
5602 5603 8
5603 2539 8
5603 5552 8
5604 4239 8
5604 5002 8
5604 5400 8
5604 5402 8
5605 5528 8
5607 3602 8
5607 867 8
5608 3679 8
5608 4050 8
5608 6505 8
561 130 8
561 414 8
561 522 8
561 5477 8
5611 1912 8
5611 1913 8
5611 3204 8
5611 5612 8
5613 3519 8
5613 3558 8
5615 2914 8
5616 1091 8
5617 5602 8
5618 5619 8
562 4015 8
562 5559 8
562 5560 8
562 5951 8
562 6112 8
5621 541 8
5621 5622 8
5624 387 8
5625 4225 8
5627 5349 8
5628 1584 8
5628 3456 8
5628 3893 8
5628 5629 8
5629 5704 8
563 14 8
563 2430 8
563 251 8
563 2723 8
563 2836 8
563 3085 8
563 3535 8
563 3540 8
563 3884 8
563 3989 8
563 462 8
563 4820 8
563 610 8
5631 4051 8
5632 5491 8
5632 925 8
5633 1794 8
5633 5313 8
5633 5412 8
5634 2405 8
5634 4293 8
5634 602 8
5634 92 8
5636 1772 8
5636 5308 8
5637 5614 8
5637 5638 8
5639 5640 8
5641 1919 8
5642 2516 8
5642 2575 8
5644 5341 8
5645 5530 8
5647 825 8
5648 5629 8
5650 2988 8
5650 473 8
5650 5871 8
5651 2612 8
5652 3913 8
5653 868 8
5655 2463 8
5657 4062 8
5657 975 8
5658 1747 8
566 2032 8
566 4211 8
566 4449 8
566 4811 8
566 4954 8
5660 1027 8
5661 370 8
5662 2913 8
5663 1458 8
5663 3502 8
5664 6438 8
5665 3229 8
5665 5666 8
5666 5798 8
5667 2356 8
5667 5682 8
5669 1164 8
5669 1985 8
5669 2715 8
5669 3450 8
5671 4367 8
5671 4509 8
5672 424 8
5673 5674 8
5673 5781 8
5674 1079 8
5674 3013 8
5675 3262 8
5675 393 8
5676 3598 8
5676 5720 8
5676 5776 8
5677 2342 8
5677 3310 8
5677 3315 8
5678 5363 8
5679 5680 8
568 2031 8
568 4080 8
568 4831 8
5680 5801 8
5682 1183 8
5682 2356 8
5682 3630 8
5682 5820 8
5683 5684 8
5684 5737 8
5686 5687 8
5687 5746 8
5688 3714 8
5688 5689 8
5689 1126 8
5689 3714 8
5689 5688 8
5689 5714 8
5689 5721 8
569 3623 8
5690 5691 8
5693 258 8
5693 5723 8
5694 2672 8
5696 2219 8
5697 1578 8
5697 1906 8
5697 1933 8
5697 3016 8
5697 3271 8
5697 5043 8
5697 828 8
5698 4876 8
5701 3232 8
5701 372 8
5701 4593 8
5703 5527 8
5704 5648 8
5705 1643 8
5705 2483 8
5705 2534 8
5706 5707 8
5707 1491 8
5708 3277 8
5708 5363 8
5711 603 8
5711 612 8
5712 1362 8
5713 1079 8
5714 3709 8
5714 5715 8
5715 3709 8
5716 4076 8
5718 3234 8
5718 4963 8
5720 1394 8
5720 1523 8
5721 1126 8
5721 3714 8
5721 5688 8
5721 5689 8
5722 3222 8
5723 258 8
5723 5640 8
5723 600 8
5724 2253 8
5724 5725 8
5724 5846 8
5724 803 8
5725 1585 8
5725 3235 8
5727 3994 8
5728 4876 8
5728 5665 8
5729 5730 8
5729 5885 8
5729 6370 8
573 1211 8
573 127 8
573 2313 8
573 2370 8
573 2722 8
573 3189 8
573 3535 8
573 3728 8
573 496 8
573 508 8
573 623 8
573 648 8
573 808 8
573 862 8
5730 388 8
5730 5729 8
5733 4273 8
5734 1706 8
5735 2461 8
5735 4219 8
5736 3913 8
5738 2821 8
5739 3709 8
5739 3952 8
574 1061 8
574 2746 8
574 485 8
5741 116 8
5741 999 8
5742 1859 8
5743 1706 8
5744 5745 8
5746 4331 8
5747 3942 8
5748 4846 8
5749 5750 8
5750 4892 8
5750 4893 8
5751 2582 8
5751 4273 8
5751 5752 8
5752 367 8
5753 5754 8
5755 1937 8
5755 5756 8
5757 4853 8
5758 3310 8
5758 5140 8
5759 5756 8
576 131 8
576 3534 8
576 920 8
5760 2057 8
5761 1012 8
5761 4273 8
5762 1440 8
5762 5678 8
5763 5764 8
5765 1576 8
5765 4228 8
5765 5662 8
5767 287 8
5767 3431 8
5767 3900 8
5767 6094 8
5768 4087 8
5769 3253 8
577 1348 8
577 186 8
577 3710 8
577 3987 8
577 4028 8
577 4105 8
577 4452 8
577 473 8
577 4730 8
577 581 8
577 605 8
577 822 8
577 851 8
577 98 8
5771 5719 8
5772 166 8
5772 2479 8
5772 408 8
5773 5695 8
5774 5487 8
5775 4735 8
5776 2121 8
5776 3112 8
5776 3601 8
5776 670 8
5778 5779 8
5779 6472 8
578 1980 8
578 342 8
5780 4724 8
5782 1228 8
5785 4053 8
5785 6532 8
5785 6533 8
5786 5684 8
5786 5737 8
5788 1491 8
5788 5789 8
579 108 8
579 2006 8
579 237 8
579 2392 8
579 272 8
579 2739 8
579 3156 8
579 3534 8
579 393 8
579 4089 8
579 590 8
579 914 8
579 983 8
5791 1103 8
5791 5669 8
5791 696 8
5792 5751 8
5793 5794 8
5793 5795 8
5796 5009 8
5797 4892 8
5799 550 8
580 1108 8
580 112 8
580 13 8
580 1791 8
580 211 8
580 2574 8
580 275 8
580 280 8
580 3299 8
580 371 8
580 371 8
580 439 8
580 519 8
580 862 8
580 913 8
5800 4482 8
5800 4483 8
5800 550 8
5802 3871 8
5802 4134 8
5802 5803 8
5802 5804 8
5802 5805 8
5803 5802 8
5803 5805 8
5803 5858 8
5803 5888 8
5804 3871 8
5804 5859 8
5805 5804 8
5805 5859 8
5807 4569 8
5807 5828 8
5808 5809 8
5808 5810 8
581 2473 8
581 5885 8
5810 4751 8
5810 4771 8
5811 3879 8
5812 3956 8
5812 4344 8
5813 692 8
5814 4554 8
5815 965 8
5816 5817 8
5818 446 8
5820 3630 8
5820 54 8
5820 5821 8
5820 6211 8
5821 1677 8
5821 3630 8
5821 4737 8
5821 5682 8
5822 5411 8
5823 5313 8
5824 491 8
5826 4398 8
5827 2067 8
5827 2259 8
5829 315 8
583 1819 8
583 2999 8
583 3370 8
583 362 8
5831 269 8
5831 5832 8
5831 86 8
5832 125 8
5832 712 8
5833 4766 8
5833 4818 8
5833 5834 8
5834 4818 8
5835 1976 8
5835 5767 8
5836 5837 8
5836 5838 8
5837 4492 8
5837 5913 8
5838 5837 8
5839 376 8
584 3849 8
584 4051 8
5841 3111 8
5842 4543 8
5842 4557 8
5842 6223 8
5843 1197 8
5843 2515 8
5844 5845 8
5845 644 8
5846 543 8
5847 5848 8
5848 5906 8
5849 4610 8
585 3490 8
5851 4336 8
5852 5904 8
5852 715 8
5852 971 8
5853 5854 8
5854 5853 8
5855 5856 8
5856 6153 8
5857 4098 8
5857 5842 8
5857 5862 8
5858 5803 8
5858 5859 8
5859 3871 8
5859 5802 8
5859 5888 8
586 1025 8
586 1791 8
586 188 8
586 2 8
586 2 8
586 2011 8
586 211 8
586 257 8
586 371 8
586 371 8
586 412 8
586 412 8
586 414 8
586 4487 8
586 4515 8
586 508 8
586 653 8
5861 2836 8
5861 4006 8
5861 5824 8
5861 5928 8
5861 6183 8
5862 4098 8
5862 4098 8
5862 415 8
5862 4344 8
5862 5842 8
5862 6223 8
5862 6249 8
5863 4356 8
5863 4462 8
5864 5865 8
5864 5866 8
5866 5865 8
5867 5868 8
5867 5869 8
5868 4706 8
5871 5701 8
5872 4098 8
5872 5873 8
5873 5862 8
5873 5893 8
5873 6103 8
5873 6479 8
5873 6480 8
5874 47 8
5875 5876 8
5877 5988 8
5878 5899 8
5878 5900 8
5878 5901 8
5879 5878 8
5879 6019 8
588 1950 8
588 2979 8
588 4970 8
5880 2008 8
5880 4887 8
5881 5816 8
5881 613 8
5882 5877 8
5882 775 8
5883 1879 8
5884 5842 8
5885 4838 8
5885 6209 8
5886 1929 8
5887 661 8
5888 3871 8
5888 4134 8
5888 5858 8
5889 4850 8
5889 6308 8
5889 6361 8
5889 6535 8
589 3672 8
589 3844 8
589 631 8
5890 2749 8
5890 3042 8
5890 4917 8
5890 5828 8
5891 3884 8
5891 3899 8
5891 503 8
5892 2990 8
5893 5894 8
5894 5862 8
5895 232 8
5895 3431 8
5895 6119 8
5896 92 8
5899 4052 8
5899 5900 8
5899 5901 8
59 1399 8
59 143 8
59 2819 8
59 339 8
59 3638 8
59 3642 8
59 4833 8
590 3530 8
5900 5879 8
5901 4052 8
5901 5900 8
5902 5990 8
5903 2040 8
5903 3477 8
5903 795 8
5904 950 8
5905 3455 8
5905 5909 8
5905 696 8
5905 737 8
5905 770 8
5906 5847 8
5906 5855 8
5906 5856 8
5906 6153 8
5907 5908 8
5908 6284 8
5909 697 8
5909 795 8
5910 2824 8
5911 5642 8
5912 4520 8
5914 127 8
5914 147 8
5914 3137 8
5914 4604 8
5915 2793 8
5915 4590 8
5915 5916 8
5916 4840 8
5916 5917 8
5916 5956 8
5917 4840 8
5917 5915 8
5917 5955 8
5917 5956 8
5917 5966 8
5918 6120 8
5919 3820 8
5919 5920 8
5920 5989 8
5921 4274 8
5922 281 8
5923 172 8
5924 5925 8
5925 966 8
5926 5861 8
5927 4701 8
5927 5841 8
5929 5930 8
593 122 8
593 1503 8
593 1960 8
593 2761 8
593 3547 8
5931 1498 8
5931 3498 8
5931 4204 8
5931 6227 8
5932 2466 8
5932 3879 8
5933 2801 8
5933 313 8
5933 366 8
5933 3946 8
5933 5934 8
5934 366 8
5934 997 8
5935 2075 8
5935 767 8
5936 5937 8
5936 5938 8
5936 5939 8
5937 3560 8
5937 5968 8
5938 6068 8
5938 740 8
5939 6182 8
5939 740 8
5940 1235 8
5940 709 8
5941 3595 8
5941 4046 8
5941 492 8
5942 2806 8
5943 2177 8
5943 3199 8
5943 5944 8
5943 953 8
5945 266 8
5946 5817 8
5947 157 8
5947 4265 8
5948 3453 8
5948 5949 8
5948 763 8
595 1529 8
595 1548 8
595 2090 8
595 2662 8
595 287 8
595 2872 8
595 3680 8
5950 5952 8
5952 6051 8
5952 6054 8
5952 6429 8
5953 6051 8
5953 6054 8
5954 4513 8
5954 5950 8
5954 5952 8
5954 6054 8
5955 4590 8
5955 4840 8
5955 5915 8
5955 5956 8
5956 2793 8
5956 4840 8
5956 4841 8
5956 5915 8
5956 5966 8
5958 1244 8
5958 178 8
5958 2765 8
5958 299 8
5958 455 8
5958 6534 8
596 2230 8
596 2741 8
596 3162 8
596 4247 8
5960 2316 8
5961 1366 8
5962 4104 8
5963 352 8
5963 4298 8
5963 4873 8
5964 5355 8
5965 5877 8
5966 2793 8
5966 4590 8
5966 4614 8
5966 4840 8
5966 4841 8
5966 5915 8
5966 6317 8
5967 5938 8
5967 6068 8
5969 337 8
5970 3736 8
5971 352 8
5972 3598 8
5973 3579 8
5973 3589 8
5973 477 8
5973 733 8
5974 145 8
5975 3954 8
5976 4007 8
5976 4246 8
5976 4344 8
5976 4344 8
5976 5862 8
5976 6243 8
5976 6249 8
5977 1209 8
5977 2032 8
5977 3956 8
5977 4340 8
5977 6148 8
5977 6277 8
5980 1631 8
5980 1709 8
5981 4706 8
5982 4520 8
5983 5949 8
5984 1427 8
5985 3042 8
5985 4839 8
5985 5110 8
5985 654 8
5985 674 8
5986 2800 8
5987 5988 8
5987 5989 8
5988 352 8
5988 3525 8
5988 4309 8
5988 4887 8
5989 3737 8
5989 3776 8
5989 4887 8
5989 5882 8
5989 5963 8
5990 3106 8
5991 5992 8
5991 5993 8
5992 6048 8
5994 4604 8
5994 6002 8
5996 5263 8
5997 5998 8
5998 3120 8
5999 6091 8
6 1282 8
6 3103 8
6 3497 8
6 3737 8
6 4862 8
6 4883 8
6 5919 8
6 6001 8
6 6023 8
60 1559 8
60 3402 8
60 5249 8
60 6264 8
60 739 8
600 124 8
600 258 8
600 3250 8
600 3608 8
600 4062 8
600 460 8
600 5657 8
6000 12 8
6000 3503 8
6000 6167 8
6002 3124 8
6002 4547 8
6003 2048 8
6003 4374 8
6003 5893 8
6003 5894 8
6005 3151 8
6006 1254 8
6006 1986 8
6006 4867 8
6006 6512 8
6006 995 8
6007 113 8
6007 436 8
6007 4942 8
6008 3560 8
601 1175 8
601 1180 8
601 1540 8
601 1985 8
601 448 8
601 831 8
6010 501 8
6010 6 8
6014 6015 8
6016 948 8
6017 644 8
6017 816 8
6019 4954 8
6019 5878 8
6019 832 8
602 1615 8
602 1627 8
602 1966 8
6020 6021 8
6020 6406 8
6022 1098 8
6023 4862 8
6023 880 8
6024 3076 8
6024 4080 8
6025 33 8
6026 3676 8
6028 2032 8
6028 2309 8
6028 3232 8
6028 3568 8
6028 3956 8
6028 5977 8
6028 5977 8
6028 5977 8
6028 6148 8
6029 3978 8
6029 4805 8
603 1777 8
6030 4333 8
6030 4404 8
6030 76 8
6031 3106 8
6031 5902 8
6032 2064 8
6032 3605 8
6033 778 8
6034 3423 8
6035 6036 8
6036 3706 8
6036 4295 8
6037 1557 8
6037 1847 8
6037 725 8
6038 2682 8
604 1071 8
604 1782 8
604 1813 8
604 3348 8
6040 6041 8
6041 4630 8
6043 6044 8
6046 775 8
6047 5553 8
6049 482 8
6049 6050 8
605 1177 8
605 1245 8
605 1489 8
605 1619 8
605 2121 8
605 2189 8
605 2296 8
605 256 8
605 337 8
605 4008 8
605 465 8
605 595 8
605 659 8
605 685 8
605 748 8
6051 3380 8
6051 4391 8
6051 4629 8
6051 5950 8
6051 5954 8
6051 6197 8
6051 6198 8
6052 2207 8
6052 6294 8
6054 4629 8
6054 5950 8
6054 6051 8
6055 5967 8
6056 4470 8
6056 6057 8
6057 4470 8
6058 1188 8
6059 169 8
6059 3919 8
6060 5562 8
6060 6061 8
6060 6062 8
6060 6431 8
6061 4087 8
6063 6064 8
6063 6065 8
6064 6065 8
6064 6071 8
6065 6071 8
6066 125 8
6066 6010 8
6067 4831 8
6067 5929 8
6068 5936 8
6069 3340 8
607 1432 8
6072 4104 8
6072 5962 8
6073 3195 8
6073 5861 8
6074 3002 8
6074 5826 8
6075 3776 8
6076 6077 8
6077 1769 8
6077 5736 8
6078 207 8
6079 4936 8
6080 4117 8
6081 534 8
6081 5897 8
6083 1014 8
6086 5979 8
6087 3476 8
609 3143 8
609 3534 8
609 3535 8
609 3706 8
609 3837 8
609 4328 8
609 851 8
6090 640 8
6091 3579 8
6092 535 8
6092 6056 8
6093 2405 8
6093 364 8
6094 2289 8
6094 3766 8
6095 3957 8
6096 263 8
6097 3267 8
6097 4117 8
6099 5849 8
6099 6100 8
61 2721 8
61 3927 8
610 1013 8
610 1529 8
610 2703 8
610 2796 8
610 2836 8
610 3085 8
610 53 8
610 720 8
610 728 8
610 983 8
6101 641 8
6102 2021 8
6103 4257 8
6104 180 8
6105 6106 8
6107 4779 8
6108 3431 8
6109 2846 8
6109 3278 8
6110 2910 8
6111 6030 8
6111 6436 8
6112 4574 8
6112 6467 8
6113 157 8
6115 6116 8
6116 3976 8
6116 5933 8
6118 4010 8
6118 5964 8
612 133 8
612 1618 8
612 1777 8
612 5311 8
612 965 8
6120 6121 8
6120 6122 8
6121 6122 8
6122 5918 8
6123 4510 8
6124 1403 8
6124 3789 8
6127 4801 8
6127 6210 8
6128 2180 8
6128 6038 8
6129 5084 8
6130 2089 8
6130 64 8
6132 1571 8
6132 6491 8
6132 772 8
6133 3076 8
6133 3583 8
6134 32 8
6135 491 8
6135 548 8
6137 3361 8
6138 6139 8
6139 6135 8
6139 6519 8
614 2820 8
614 3592 8
614 372 8
614 4493 8
6140 4000 8
6141 6142 8
6143 4871 8
6144 2104 8
6144 4276 8
6145 2801 8
6145 3976 8
6145 6116 8
6146 4004 8
6148 3957 8
6148 5977 8
6148 6027 8
6149 552 8
6150 2171 8
6150 3487 8
6150 4721 8
6150 5962 8
6152 3782 8
6153 5847 8
6153 5848 8
6155 1254 8
6155 4862 8
6155 6 8
6155 6006 8
6155 775 8
6155 775 8
6157 819 8
6157 971 8
6158 444 8
6158 5928 8
6160 4683 8
6161 5902 8
6162 177 8
6164 6165 8
6164 6166 8
6165 6127 8
6168 5993 8
6169 5912 8
6170 6125 8
6171 6008 8
6172 3267 8
6173 138 8
6174 4838 8
6174 6175 8
6176 1282 8
6176 3820 8
6176 5882 8
6176 6046 8
6177 6087 8
6178 114 8
6178 5886 8
6180 79 8
6181 4729 8
6181 6146 8
6182 5936 8
6184 4750 8
6185 5918 8
6185 6120 8
6185 6121 8
6185 6122 8
6185 822 8
6186 4536 8
6188 6340 8
6189 472 8
6189 6340 8
6190 6189 8
6190 6339 8
6192 1226 8
6193 2833 8
6194 1971 8
6194 6301 8
6195 6196 8
6197 3380 8
6197 4391 8
6197 6198 8
6197 6199 8
6198 6199 8
6198 6241 8
6199 6215 8
6199 6241 8
6199 6323 8
62 48 8
62 64 8
62 79 8
62 910 8
620 4896 8
620 513 8
6200 2557 8
6200 3116 8
6201 6202 8
6203 3831 8
6204 6205 8
6206 6536 8
6207 2713 8
6209 6165 8
6209 6210 8
6209 6334 8
621 172 8
621 1927 8
621 1963 8
621 1963 8
621 2330 8
621 251 8
621 3215 8
621 330 8
621 3633 8
621 364 8
621 3873 8
621 467 8
621 494 8
621 801 8
621 9 8
621 983 8
6210 4673 8
6210 6235 8
6211 6408 8
6211 6409 8
6212 5163 8
6213 4612 8
6214 4471 8
6214 707 8
6215 3380 8
6215 4471 8
6215 6197 8
6215 6323 8
6215 707 8
6216 5344 8
6217 6218 8
6218 5852 8
6219 6220 8
622 1081 8
622 1117 8
622 151 8
622 1881 8
622 3200 8
622 3348 8
622 3429 8
622 507 8
6221 4667 8
6221 4705 8
6222 1206 8
6222 6083 8
6223 3956 8
6225 2349 8
6225 6353 8
6226 6473 8
6226 6499 8
6228 898 8
6229 6230 8
6229 6231 8
623 1054 8
623 1141 8
623 127 8
623 2391 8
623 272 8
623 3189 8
623 3215 8
623 3326 8
623 334 8
623 371 8
623 383 8
623 421 8
623 4303 8
623 476 8
623 563 8
623 720 8
623 833 8
623 849 8
6230 6196 8
6230 6290 8
6230 6494 8
6230 6524 8
6231 6230 8
6231 6372 8
6233 6234 8
6234 1518 8
6234 6367 8
6235 581 8
6235 851 8
6236 4013 8
6236 6219 8
6236 6237 8
6238 6239 8
6240 127 8
6241 6051 8
6241 6215 8
6241 6323 8
6241 6437 8
6242 6243 8
6242 6244 8
6243 3521 8
6243 4098 8
6243 4344 8
6243 6249 8
6244 6243 8
6244 6449 8
6245 6127 8
6245 6246 8
6246 577 8
6246 6334 8
6248 34 8
6249 4098 8
6249 6358 8
625 405 8
625 6189 8
625 6339 8
6250 4265 8
6251 6252 8
6253 3784 8
6253 6254 8
6253 6255 8
6253 6256 8
6254 1366 8
6254 1672 8
6254 3784 8
6254 6255 8
6254 6256 8
6255 1366 8
6255 1672 8
6255 6256 8
6256 1366 8
6256 1672 8
6257 3993 8
6257 6258 8
6258 3490 8
6258 585 8
6258 6219 8
6259 1052 8
6259 183 8
626 2143 8
626 3137 8
626 3225 8
6260 6261 8
6262 4211 8
6263 3957 8
6263 4340 8
6263 5977 8
6265 6266 8
6266 6551 8
6267 6268 8
6268 3681 8
6269 4563 8
6271 4598 8
6272 4760 8
6273 1797 8
6274 2898 8
6274 318 8
6274 3829 8
6275 822 8
6276 6510 8
6276 822 8
6277 3957 8
6277 6263 8
6278 3385 8
6278 3902 8
6278 5366 8
6279 3870 8
6280 825 8
6281 662 8
6283 2430 8
6287 5785 8
6289 3946 8
6290 6229 8
6290 6231 8
6290 6291 8
6291 6229 8
6291 6230 8
6292 298 8
6293 2177 8
6293 3665 8
6294 1584 8
6294 5628 8
6295 3808 8
6295 4763 8
6295 6296 8
6296 3808 8
6297 6237 8
6298 6299 8
6300 1164 8
6300 6194 8
6300 6301 8
6302 2824 8
6302 2825 8
6304 1044 8
6304 1230 8
6304 3014 8
6304 5887 8
6305 1598 8
6306 1307 8
6306 1842 8
6307 1076 8
6307 376 8
6308 4850 8
6309 6310 8
631 285 8
631 3672 8
631 3844 8
6311 6312 8
6312 6225 8
6312 6487 8
6313 3839 8
6315 1137 8
6315 2670 8
6316 6317 8
6317 473 8
6317 6376 8
6318 6319 8
6318 6320 8
6318 6321 8
632 4006 8
632 4700 8
6321 488 8
6323 3380 8
6323 4391 8
6323 6198 8
6324 5310 8
6325 721 8
6328 1150 8
6329 4576 8
633 1566 8
6330 1818 8
6330 4757 8
6331 2765 8
6333 4760 8
6333 4774 8
6334 577 8
6335 5847 8
6336 5859 8
6337 6052 8
6338 6401 8
6338 6402 8
6339 472 8
6339 6188 8
6339 6340 8
634 3348 8
6340 405 8
6340 472 8
6340 6190 8
6340 625 8
6341 2780 8
6342 1153 8
6343 6344 8
6345 6233 8
6347 3084 8
6348 2795 8
6349 1974 8
6349 6297 8
6349 6350 8
635 1108 8
635 1108 8
635 1181 8
635 211 8
635 211 8
635 2574 8
635 2574 8
635 3873 8
635 3884 8
635 412 8
635 412 8
635 42 8
635 421 8
635 439 8
635 537 8
635 737 8
635 79 8
635 98 8
6350 1974 8
6350 3993 8
6352 3902 8
6352 6353 8
6353 1129 8
6353 3385 8
6353 3902 8
6354 3771 8
6355 2713 8
6355 3155 8
6355 521 8
6355 6192 8
6355 6356 8
6356 3586 8
6356 4813 8
6356 863 8
6357 335 8
6357 3473 8
6358 3521 8
6358 4246 8
6358 5862 8
6358 5976 8
6359 3762 8
636 4076 8
6361 6298 8
6362 5138 8
6363 521 8
6364 4461 8
6365 4075 8
6366 2465 8
6366 3101 8
6367 6404 8
6368 1042 8
6368 1580 8
6368 6369 8
6369 1042 8
637 1088 8
637 1323 8
637 133 8
637 1489 8
637 160 8
637 1885 8
637 1927 8
637 2023 8
637 2316 8
637 2336 8
637 3062 8
637 333 8
637 4063 8
637 4215 8
637 4995 8
637 552 8
637 659 8
637 673 8
637 685 8
637 741 8
637 921 8
6370 5729 8
6372 6229 8
6372 6290 8
6372 6291 8
6373 6374 8
6375 1853 8
6375 395 8
6377 4327 8
6378 6344 8
6379 6380 8
638 3602 8
638 4595 8
638 639 8
638 778 8
6381 5716 8
6381 6382 8
6383 2192 8
6384 194 8
6385 4691 8
6386 6387 8
6386 6388 8
6388 1044 8
6388 2635 8
6388 4812 8
6388 6312 8
6389 4012 8
639 2655 8
6390 4250 8
6391 2012 8
6391 4068 8
6392 1307 8
6393 5667 8
6394 6326 8
6395 4451 8
6397 2655 8
6397 3953 8
6397 6398 8
6398 1087 8
6399 888 8
64 1160 8
64 1294 8
64 138 8
64 229 8
64 257 8
64 327 8
64 3456 8
64 3611 8
64 3708 8
64 4082 8
64 487 8
64 5945 8
64 77 8
64 910 8
64 956 8
640 3542 8
640 4779 8
640 778 8
6403 6453 8
6404 6345 8
6405 2075 8
6407 4773 8
6408 6476 8
6409 5820 8
6409 6408 8
6409 6476 8
641 1818 8
641 4382 8
641 971 8
6410 4068 8
6410 4722 8
6411 1064 8
6414 3266 8
6414 4125 8
6415 5762 8
6416 1580 8
6418 6484 8
6419 3622 8
642 2229 8
642 3260 8
642 5940 8
6420 6421 8
6421 2707 8
6421 6224 8
6421 6271 8
6422 6260 8
6423 4611 8
6424 585 8
6425 6426 8
6427 6345 8
6427 6404 8
6428 5907 8
643 126 8
643 4106 8
643 447 8
643 4774 8
643 773 8
643 816 8
6430 414 8
6431 6060 8
6432 3116 8
6433 4265 8
6434 6435 8
6435 6554 8
6436 6332 8
6437 6051 8
6437 6215 8
6439 825 8
644 1235 8
644 4487 8
644 5924 8
644 677 8
644 789 8
644 882 8
6440 4603 8
6441 6442 8
6442 1847 8
6442 6261 8
6444 5520 8
6445 6370 8
6446 1128 8
6447 1836 8
6447 208 8
6448 4012 8
6448 6389 8
6450 1518 8
6450 6451 8
6452 6394 8
6454 5821 8
6456 3995 8
6457 4120 8
6458 6459 8
646 1348 8
646 1498 8
646 2793 8
646 2811 8
646 3232 8
646 3973 8
646 3988 8
646 4160 8
646 4182 8
646 4304 8
646 4840 8
646 5399 8
646 609 8
646 825 8
6461 3490 8
6461 3532 8
6461 4004 8
6461 585 8
6461 6257 8
6462 2193 8
6462 3035 8
6463 1187 8
6464 6496 8
6468 6330 8
6469 5889 8
6469 6308 8
647 1820 8
647 2883 8
647 700 8
647 774 8
6470 369 8
6471 6370 8
6473 2983 8
6473 4578 8
6474 5952 8
6475 4897 8
6475 4934 8
6476 6211 8
6477 6527 8
6477 6531 8
648 5870 8
6481 227 8
6482 6483 8
6484 2173 8
6484 3307 8
6485 5952 8
6485 6429 8
6485 6474 8
6487 2898 8
6488 6489 8
649 1220 8
649 1820 8
649 2363 8
649 272 8
649 2883 8
649 3608 8
649 701 8
6492 2179 8
6492 6222 8
6493 4737 8
6494 6231 8
6494 6291 8
6495 6290 8
6495 6372 8
6495 6494 8
6496 4811 8
6497 2290 8
6497 3698 8
6498 3957 8
6499 6269 8
65 239 8
65 3272 8
65 460 8
65 5252 8
65 73 8
65 741 8
6500 6203 8
6501 3457 8
6502 6503 8
6503 2048 8
6503 6003 8
6507 6508 8
6509 3766 8
651 1102 8
651 5830 8
651 657 8
6510 4576 8
6510 6347 8
6510 6355 8
6512 1696 8
6512 1986 8
6512 6155 8
6512 995 8
6513 6309 8
6515 2758 8
6516 3839 8
6516 6517 8
6518 134 8
652 1079 8
652 2090 8
652 3013 8
652 3154 8
652 3647 8
652 651 8
652 654 8
6520 2142 8
6522 3112 8
6523 6230 8
6525 6040 8
6525 6526 8
6527 4837 8
6528 1231 8
6528 44 8
653 130 8
653 2090 8
653 30 8
653 330 8
653 3772 8
653 455 8
653 654 8
653 731 8
653 98 8
6530 6204 8
6536 195 8
6538 6539 8
654 30 8
654 3647 8
654 476 8
654 4839 8
654 652 8
654 655 8
654 657 8
6540 6541 8
6542 4009 8
6543 358 8
6544 1307 8
6545 3106 8
6546 6547 8
6548 6441 8
6549 5723 8
655 2749 8
6550 4603 8
6553 953 8
656 1308 8
656 2722 8
656 2723 8
656 383 8
656 414 8
656 721 8
657 2090 8
657 3647 8
657 4243 8
657 4843 8
657 5985 8
657 6152 8
659 1025 8
659 1027 8
659 1117 8
659 1160 8
659 130 8
659 1925 8
659 2196 8
659 235 8
659 239 8
659 2647 8
659 3018 8
659 3018 8
659 3018 8
659 3073 8
659 3215 8
659 3240 8
659 330 8
659 330 8
659 337 8
659 393 8
659 3999 8
659 467 8
659 53 8
659 561 8
659 580 8
659 673 8
659 822 8
659 913 8
66 1063 8
66 1066 8
66 1202 8
66 1523 8
66 1791 8
66 2005 8
66 2380 8
66 2399 8
66 2677 8
66 3108 8
66 3326 8
66 337 8
66 3448 8
66 3608 8
66 710 8
66 749 8
66 787 8
66 849 8
661 1044 8
661 1064 8
661 4812 8
661 6304 8
662 1545 8
662 3832 8
662 5979 8
662 5990 8
663 4277 8
663 4839 8
663 674 8
664 1095 8
664 169 8
664 2734 8
666 1710 8
668 3135 8
669 3037 8
670 189 8
670 2676 8
670 2755 8
670 3326 8
670 360 8
670 403 8
670 4445 8
670 455 8
670 461 8
670 960 8
670 987 8
671 1397 8
671 1479 8
671 710 8
672 1289 8
672 1362 8
672 2361 8
672 3842 8
673 1008 8
673 1013 8
673 1025 8
673 1027 8
673 138 8
673 1564 8
673 1674 8
673 2006 8
673 3018 8
673 3018 8
673 3044 8
673 3520 8
673 468 8
673 5219 8
673 623 8
673 659 8
673 685 8
673 833 8
674 3647 8
674 4662 8
674 4662 8
674 4843 8
674 5985 8
674 651 8
675 773 8
676 4087 8
676 5495 8
676 6484 8
676 731 8
677 1210 8
677 2166 8
677 4548 8
677 692 8
681 1361 8
681 3623 8
681 3645 8
681 4846 8
684 1216 8
684 188 8
684 3085 8
684 3865 8
684 444 8
684 545 8
684 838 8
685 108 8
685 1081 8
685 1308 8
685 1408 8
685 1588 8
685 160 8
685 1645 8
685 2466 8
685 2986 8
685 3050 8
685 333 8
685 3443 8
685 393 8
685 5417 8
686 1357 8
686 1385 8
686 1459 8
686 1459 8
686 3346 8
686 3795 8
686 653 8
687 1025 8
687 3124 8
687 3199 8
687 3326 8
687 412 8
687 4211 8
688 1175 8
689 1234 8
690 1054 8
690 2005 8
690 2296 8
690 2711 8
691 1054 8
691 3575 8
691 5668 8
691 746 8
692 2426 8
692 455 8
692 971 8
693 973 8
694 2022 8
695 3452 8
695 3477 8
696 3448 8
696 697 8
696 737 8
697 2040 8
697 3477 8
698 3654 8
70 1527 8
700 1541 8
700 1541 8
700 2142 8
700 337 8
700 4139 8
700 701 8
700 949 8
701 120 8
701 1541 8
701 2883 8
701 2885 8
701 4947 8
701 647 8
701 749 8
706 1265 8
706 2904 8
706 2905 8
706 4971 8
706 681 8
706 76 8
706 889 8
707 3990 8
707 4304 8
707 4471 8
707 4471 8
707 646 8
708 2056 8
709 3126 8
71 1054 8
71 1231 8
71 260 8
710 1066 8
710 1151 8
710 161 8
710 1674 8
710 1763 8
710 1871 8
710 188 8
710 2335 8
710 242 8
710 246 8
710 327 8
710 4830 8
710 5277 8
710 5282 8
710 931 8
712 102 8
712 130 8
712 6240 8
713 83 8
715 1230 8
715 1881 8
715 3151 8
715 5960 8
715 5961 8
715 6217 8
715 664 8
715 789 8
72 4656 8
720 1027 8
720 124 8
720 164 8
720 2711 8
720 3098 8
720 337 8
720 393 8
720 447 8
720 4487 8
720 659 8
720 673 8
721 1044 8
721 12 8
721 1200 8
721 14 8
721 201 8
721 246 8
721 299 8
721 3940 8
721 456 8
721 53 8
721 641 8
722 4724 8
722 4725 8
722 4765 8
722 5434 8
725 1777 8
725 2055 8
725 2134 8
725 2233 8
725 3215 8
725 3548 8
725 4283 8
725 4284 8
725 4771 8
725 543 8
725 731 8
725 803 8
728 1117 8
728 126 8
728 1750 8
728 3077 8
728 684 8
728 731 8
73 583 8
731 1597 8
731 2170 8
731 2319 8
731 257 8
731 30 8
731 3215 8
731 3429 8
731 4087 8
731 4487 8
731 4594 8
731 468 8
731 476 8
731 4854 8
731 4855 8
731 53 8
731 543 8
731 56 8
731 654 8
731 671 8
731 673 8
731 710 8
731 720 8
731 840 8
731 92 8
733 3189 8
733 466 8
733 477 8
733 522 8
734 6218 8
734 6338 8
734 715 8
736 1083 8
736 1751 8
736 1926 8
736 2240 8
736 3124 8
736 3934 8
736 418 8
736 872 8
737 5909 8
737 5983 8
737 635 8
738 2722 8
739 185 8
739 1985 8
739 2901 8
739 295 8
739 447 8
74 130 8
74 14 8
74 1597 8
74 193 8
74 235 8
74 2714 8
74 2796 8
74 4058 8
74 4515 8
74 456 8
74 4616 8
74 4703 8
74 4820 8
74 561 8
74 753 8
740 6055 8
741 1232 8
741 1294 8
741 1482 8
741 187 8
741 2143 8
741 239 8
741 257 8
741 2653 8
741 3001 8
741 3608 8
741 364 8
741 3825 8
741 456 8
741 51 8
741 536 8
741 742 8
741 983 8
742 1035 8
742 1080 8
742 1489 8
742 1711 8
742 2242 8
742 237 8
742 337 8
742 357 8
742 412 8
742 416 8
742 453 8
742 460 8
742 552 8
742 566 8
742 913 8
743 3189 8
743 466 8
743 522 8
743 5973 8
744 2379 8
744 513 8
744 987 8
745 3919 8
746 1190 8
746 1985 8
746 2739 8
746 3991 8
746 4130 8
747 1473 8
747 1701 8
747 3021 8
747 3623 8
747 3641 8
747 5417 8
748 1057 8
748 1179 8
748 1985 8
748 2739 8
748 287 8
748 2934 8
748 299 8
748 3900 8
748 497 8
748 673 8
748 731 8
749 120 8
749 1820 8
749 2296 8
749 5029 8
749 806 8
75 1719 8
75 3299 8
75 74 8
750 158 8
750 394 8
750 796 8
750 819 8
752 1180 8
752 1983 8
752 2647 8
752 334 8
752 337 8
752 393 8
752 659 8
753 1460 8
753 1609 8
753 2221 8
753 3189 8
753 3312 8
753 3524 8
753 3540 8
753 3592 8
753 3978 8
753 4421 8
753 473 8
753 508 8
753 508 8
754 1283 8
754 2570 8
754 4751 8
756 557 8
759 1398 8
759 188 8
759 2749 8
759 4839 8
759 655 8
76 3736 8
76 4971 8
760 285 8
760 677 8
761 2157 8
761 4748 8
763 3477 8
763 770 8
766 1224 8
766 4180 8
767 1075 8
767 1820 8
767 1831 8
767 1836 8
767 5806 8
769 4906 8
769 5029 8
769 5060 8
769 767 8
77 138 8
77 207 8
77 229 8
77 62 8
770 795 8
771 165 8
771 752 8
772 640 8
773 2211 8
773 2247 8
773 2515 8
773 4357 8
773 4357 8
773 799 8
774 2075 8
774 337 8
775 1254 8
775 352 8
775 4309 8
775 4862 8
775 4867 8
775 6006 8
775 6010 8
775 6512 8
775 995 8
777 1645 8
777 2489 8
777 3240 8
777 3443 8
777 4064 8
777 5264 8
777 5344 8
777 622 8
778 1695 8
778 1881 8
778 201 8
778 4141 8
778 4648 8
778 4776 8
778 6070 8
778 715 8
778 721 8
778 950 8
778 971 8
78 1911 8
78 4856 8
78 6034 8
783 1415 8
783 1880 8
783 1903 8
784 2361 8
784 4194 8
784 4194 8
787 1202 8
787 157 8
787 165 8
787 2348 8
787 2359 8
787 337 8
787 610 8
788 1687 8
788 3951 8
789 1072 8
789 12 8
789 1210 8
789 1408 8
789 2090 8
789 2134 8
789 2170 8
789 2655 8
789 285 8
789 337 8
789 3533 8
789 421 8
789 4487 8
789 476 8
789 586 8
789 653 8
789 870 8
79 229 8
79 257 8
79 371 8
79 5724 8
79 64 8
79 77 8
792 1206 8
792 485 8
792 5635 8
793 3372 8
793 4332 8
793 448 8
793 5497 8
795 2040 8
795 2041 8
795 5983 8
795 6400 8
796 164 8
796 1854 8
796 3566 8
798 1498 8
798 1819 8
798 3556 8
798 3623 8
798 3789 8
799 197 8
799 2177 8
799 3665 8
799 4071 8
801 1108 8
801 13 8
801 1529 8
801 1791 8
801 1791 8
801 257 8
801 280 8
801 3215 8
801 371 8
801 455 8
801 467 8
801 503 8
801 53 8
801 538 8
801 580 8
801 621 8
801 789 8
801 98 8
803 112 8
803 1613 8
803 1711 8
803 2304 8
803 2765 8
803 2840 8
803 3124 8
803 447 8
803 468 8
803 468 8
803 5342 8
803 5650 8
803 5819 8
803 849 8
803 92 8
803 950 8
803 950 8
806 120 8
806 1221 8
806 1221 8
806 165 8
806 185 8
806 2084 8
806 3696 8
806 649 8
807 3 8
807 4379 8
807 89 8
807 91 8
807 925 8
808 1051 8
808 1615 8
808 4003 8
808 4512 8
810 4465 8
810 5356 8
811 5164 8
815 1057 8
815 1408 8
815 1615 8
815 3021 8
815 4796 8
815 5219 8
815 89 8
816 1197 8
816 2851 8
816 3278 8
816 3782 8
816 692 8
816 904 8
817 189 8
817 3548 8
817 946 8
818 1241 8
819 796 8
82 1125 8
82 128 8
82 2195 8
82 2765 8
82 4211 8
82 4244 8
82 6396 8
822 188 8
822 2309 8
822 3312 8
822 3524 8
822 3990 8
822 443 8
822 4616 8
822 4703 8
822 4815 8
822 5918 8
822 6019 8
822 74 8
824 3520 8
824 4089 8
825 1180 8
825 164 8
825 2741 8
825 3921 8
825 393 8
825 4057 8
825 4182 8
825 593 8
825 6288 8
825 6289 8
826 2791 8
826 3182 8
826 4211 8
826 4338 8
826 4880 8
827 1175 8
827 1180 8
827 1181 8
827 2392 8
827 2392 8
827 3900 8
827 3919 8
827 4780 8
828 1088 8
828 1313 8
828 1480 8
828 1578 8
828 1733 8
828 2376 8
828 3271 8
828 731 8
829 1498 8
829 4340 8
83 127 8
83 3102 8
830 2722 8
830 3195 8
830 3540 8
830 4493 8
831 2000 8
831 3271 8
831 437 8
831 5568 8
831 5697 8
831 777 8
832 4798 8
832 4799 8
832 521 8
832 6314 8
833 1166 8
833 1214 8
833 165 8
833 1822 8
833 2341 8
833 272 8
833 3073 8
833 3372 8
833 362 8
833 4487 8
833 720 8
833 913 8
834 2173 8
834 3303 8
835 6418 8
838 3465 8
838 3524 8
838 4153 8
838 416 8
838 4574 8
838 4817 8
84 4821 8
84 5995 8
840 4854 8
840 524 8
843 1179 8
843 1387 8
843 3933 8
844 1348 8
844 328 8
844 3498 8
844 4707 8
844 4708 8
844 4787 8
847 3305 8
847 3518 8
847 3862 8
847 4683 8
847 684 8
848 361 8
849 1013 8
849 1108 8
849 1308 8
849 1928 8
849 2836 8
849 3645 8
849 3873 8
849 3934 8
849 418 8
849 563 8
85 1403 8
85 3380 8
85 4775 8
851 3529 8
851 3534 8
851 3710 8
851 3993 8
851 4801 8
851 577 8
851 577 8
851 6246 8
851 646 8
852 4752 8
852 537 8
853 496 8
855 2089 8
855 256 8
859 4282 8
859 4852 8
86 4105 8
860 1908 8
860 2317 8
860 304 8
860 447 8
860 89 8
861 31 8
861 4487 8
861 462 8
861 5071 8
862 1791 8
862 2055 8
862 2836 8
862 371 8
862 3884 8
862 421 8
862 586 8
862 98 8
863 2796 8
863 4028 8
863 6464 8
863 6465 8
864 5090 8
868 2322 8
868 2326 8
868 3855 8
868 4987 8
870 2723 8
870 626 8
871 1282 8
871 352 8
871 4865 8
872 2055 8
872 214 8
872 4558 8
872 4771 8
872 4921 8
872 6037 8
872 803 8
873 2310 8
873 4558 8
873 4932 8
873 872 8
876 1282 8
876 3791 8
876 4309 8
876 5988 8
879 2376 8
879 42 8
879 4855 8
88 1470 8
88 3021 8
88 3058 8
88 3204 8
88 340 8
88 933 8
880 1371 8
880 1938 8
880 3120 8
880 352 8
880 3737 8
880 394 8
880 4740 8
882 285 8
882 3023 8
882 789 8
883 2051 8
885 1597 8
885 1711 8
885 2304 8
885 3124 8
885 4854 8
885 4855 8
885 5162 8
885 5301 8
885 840 8
885 950 8
885 983 8
886 1728 8
886 835 8
889 4919 8
89 1007 8
89 1501 8
89 1966 8
89 3642 8
89 455 8
89 497 8
89 741 8
89 793 8
89 807 8
891 1166 8
891 1169 8
891 1192 8
891 171 8
891 234 8
891 3934 8
893 196 8
893 298 8
893 4171 8
893 4901 8
897 3559 8
897 3695 8
899 5356 8
899 5614 8
899 810 8
9 330 8
9 3524 8
90 2765 8
900 2132 8
900 435 8
900 4942 8
901 5046 8
902 2426 8
902 2536 8
904 2681 8
906 5241 8
91 104 8
91 1829 8
91 2372 8
91 4001 8
91 807 8
91 807 8
910 1056 8
910 138 8
910 207 8
913 1117 8
913 1548 8
913 207 8
913 2317 8
913 237 8
913 447 8
913 4487 8
913 605 8
913 623 8
913 656 8
913 687 8
913 789 8
914 1184 8
914 1548 8
914 1597 8
914 2370 8
914 2888 8
914 3608 8
914 3680 8
914 3774 8
914 3789 8
914 4781 8
915 2703 8
915 289 8
915 449 8
916 6270 8
92 1066 8
92 130 8
92 157 8
92 1719 8
92 1791 8
92 1791 8
92 327 8
92 36 8
92 364 8
92 456 8
92 635 8
92 725 8
92 862 8
92 98 8
920 999 8
921 1103 8
921 1557 8
921 1615 8
921 1925 8
921 3147 8
921 5191 8
921 5522 8
922 1440 8
925 1501 8
925 807 8
927 1750 8
927 2349 8
928 1665 8
928 1711 8
928 1728 8
928 2840 8
928 3645 8
928 3675 8
928 448 8
928 468 8
928 516 8
928 5424 8
928 950 8
929 362 8
929 5372 8
929 777 8
93 1421 8
93 5945 8
930 747 8
931 1416 8
933 166 8
933 2929 8
933 360 8
933 88 8
933 941 8
935 3048 8
936 1972 8
936 3982 8
936 621 8
939 200 8
941 122 8
941 2079 8
941 2379 8
941 3357 8
941 997 8
943 5170 8
945 4435 8
945 4552 8
946 189 8
946 2101 8
946 259 8
946 2791 8
946 3548 8
946 626 8
948 199 8
950 171 8
950 1926 8
950 2240 8
950 2370 8
950 3124 8
950 3679 8
950 3927 8
950 4050 8
950 4050 8
950 4096 8
950 440 8
950 4648 8
950 4649 8
950 494 8
950 610 8
950 637 8
950 736 8
950 803 8
950 879 8
950 928 8
953 5943 8
953 687 8
953 794 8
953 799 8
954 1189 8
954 3697 8
954 3857 8
955 1160 8
955 242 8
955 298 8
956 1118 8
956 1729 8
956 174 8
956 2023 8
956 2746 8
956 278 8
956 3598 8
956 452 8
956 6125 8
956 6126 8
956 637 8
957 1535 8
957 2607 8
957 3393 8
957 589 8
958 3961 8
958 5534 8
959 2 8
959 4060 8
96 1387 8
96 3973 8
96 3978 8
96 4806 8
96 4807 8
96 5225 8
96 5308 8
960 1503 8
960 283 8
960 3888 8
960 4338 8
960 463 8
960 464 8
960 593 8
963 581 8
965 5273 8
968 202 8
97 1257 8
97 1887 8
97 2253 8
97 237 8
97 4857 8
97 924 8
971 1063 8
971 184 8
971 2574 8
971 3326 8
971 3558 8
971 3774 8
971 605 8
971 734 8
971 819 8
973 364 8
975 300 8
98 1179 8
98 13 8
98 1548 8
98 1791 8
98 1927 8
98 2224 8
98 2391 8
98 2574 8
98 2574 8
98 3083 8
98 3884 8
98 421 8
98 439 8
98 447 8
98 458 8
98 580 8
98 586 8
98 635 8
98 706 8
98 803 8
98 862 8
982 4245 8
982 6214 8
982 6215 8
982 707 8
983 1202 8
983 14 8
983 172 8
983 2 8
983 207 8
983 257 8
983 2574 8
983 330 8
983 3316 8
983 337 8
983 3524 8
983 36 8
983 455 8
983 9 8
983 950 8
987 189 8
987 189 8
987 3549 8
987 513 8
987 670 8
987 960 8
989 1056 8
989 1438 8
989 1927 8
989 1981 8
989 2207 8
989 2373 8
989 2867 8
989 3230 8
989 4018 8
989 4733 8
989 580 8
989 66 8
991 1026 8
991 1131 8
991 1412 8
991 1501 8
991 3021 8
991 5187 8
993 1503 8
993 2765 8
993 659 8
993 991 8
995 1696 8
995 3120 8
995 6066 8
995 6155 8
995 775 8
997 166 8
999 177 8
999 576 8
1000 2166 9
1005 1131 9
1005 2464 9
1005 416 9
1005 462 9
1007 242 9
1007 3215 9
1007 510 9
1009 2177 9
1009 3563 9
1009 4210 9
1009 4293 9
1009 670 9
101 3132 9
101 5831 9
101 6605 9
1012 1297 9
1012 4648 9
1012 6561 9
1012 759 9
1013 1079 9
1013 1095 9
1016 4269 9
1016 721 9
1017 4757 9
1018 6602 9
102 86 9
1021 1226 9
1023 6816 9
1023 6827 9
1025 3189 9
1025 371 9
1025 476 9
1025 53 9
1025 563 9
1025 635 9
1025 635 9
1025 983 9
1027 1057 9
1027 1244 9
1027 4771 9
1027 736 9
1029 1973 9
1029 3869 9
1029 4130 9
1031 1184 9
1035 108 9
1035 579 9
1038 163 9
1038 2994 9
1039 227 9
1039 47 9
1039 715 9
104 1362 9
104 197 9
104 199 9
104 222 9
104 2731 9
104 4778 9
104 965 9
1042 6337 9
1042 6957 9
1044 1580 9
1044 183 9
1044 4333 9
1044 4648 9
1044 6132 9
1044 721 9
1045 5122 9
1055 1070 9
1055 133 9
1055 25 9
1056 1180 9
1056 1985 9
1056 2002 9
1056 334 9
1056 416 9
1056 4461 9
1056 5569 9
1056 5655 9
1056 6691 9
1056 7197 9
1057 14 9
1057 2006 9
1057 3533 9
1057 3728 9
1057 4291 9
1057 448 9
1057 573 9
1057 6741 9
1058 1123 9
1058 268 9
106 1327 9
106 213 9
106 5850 9
1062 1102 9
1062 239 9
1063 220 9
1063 3023 9
1066 1585 9
1066 1623 9
1066 2984 9
1066 4616 9
1067 2670 9
107 355 9
1070 1120 9
1070 1294 9
1070 14 9
1070 1796 9
1070 187 9
1070 440 9
1070 455 9
1070 621 9
1070 6354 9
1070 759 9
1073 541 9
1079 1911 9
1079 5975 9
1079 7154 9
108 2349 9
108 2819 9
108 321 9
108 3645 9
108 4512 9
108 61 9
1081 1131 9
1081 1504 9
1081 1689 9
1081 1908 9
1081 3538 9
1081 3951 9
1081 47 9
1081 5370 9
1081 637 9
1081 6738 9
1081 893 9
1082 1424 9
1082 2888 9
1082 4283 9
1082 466 9
1082 4751 9
1082 4771 9
1082 872 9
1083 4459 9
1086 1853 9
1086 2952 9
1088 177 9
1088 2316 9
109 215 9
109 2819 9
109 2819 9
109 339 9
109 340 9
109 4200 9
109 448 9
109 4804 9
109 59 9
109 7227 9
1090 1234 9
1090 2437 9
1090 3575 9
1090 690 9
1091 1150 9
1091 4324 9
1091 4812 9
1091 5250 9
1091 721 9
1092 641 9
1092 657 9
1095 1055 9
1095 3707 9
1095 3808 9
1095 4059 9
1095 6286 9
1095 756 9
1098 1568 9
1098 219 9
1098 3063 9
1098 3460 9
1098 3562 9
1099 1194 9
1100 1231 9
1100 1951 9
1100 5122 9
1100 6931 9
1100 882 9
1102 246 9
1102 6005 9
1103 4536 9
1108 13 9
1108 1791 9
1108 2574 9
1108 280 9
1108 983 9
1109 240 9
1109 4107 9
111 3586 9
111 4058 9
111 4513 9
111 4807 9
111 5359 9
111 5951 9
1116 1127 9
1117 275 9
1117 725 9
1118 1410 9
1118 4239 9
112 1245 9
112 1403 9
112 2718 9
112 2718 9
112 2723 9
112 3018 9
112 3312 9
112 3312 9
112 414 9
112 53 9
112 684 9
112 753 9
112 842 9
1121 3109 9
1125 408 9
1125 882 9
1127 1139 9
1127 1861 9
1128 6931 9
113 104 9
113 171 9
113 2259 9
113 2996 9
113 3423 9
113 3534 9
113 3985 9
113 4656 9
113 5191 9
113 5407 9
113 6930 9
113 72 9
1131 1854 9
1131 1908 9
1131 1924 9
1131 2006 9
1131 4410 9
1131 47 9
1132 3200 9
1134 408 9
1134 4837 9
1134 6125 9
1137 1055 9
1137 192 9
1137 3729 9
114 3105 9
114 3506 9
114 3506 9
114 3515 9
114 38 9
114 46 9
114 5914 9
114 5998 9
114 7060 9
1140 5035 9
1140 5122 9
1143 4537 9
1143 6342 9
1148 3150 9
1148 3344 9
1148 3416 9
1148 4001 9
115 178 9
115 213 9
115 222 9
115 2724 9
1153 287 9
1153 4837 9
1166 2892 9
1166 4862 9
1166 536 9
1167 1245 9
1167 1911 9
1167 3018 9
1167 3884 9
1169 1184 9
1169 2040 9
1169 25 9
1169 3135 9
1169 4776 9
1169 538 9
1169 6627 9
1169 683 9
1171 6874 9
1174 1996 9
1174 4887 9
1174 6687 9
1174 871 9
1175 3504 9
1177 1056 9
1177 1566 9
1177 260 9
1177 3083 9
1177 466 9
1179 1090 9
1179 165 9
1179 2007 9
1179 3159 9
1179 376 9
1179 449 9
1179 5138 9
118 2522 9
1180 36 9
1180 400 9
1180 446 9
1180 574 9
1182 4178 9
1182 4980 9
1182 6827 9
1182 745 9
1183 1188 9
1183 3244 9
1183 3267 9
1183 3695 9
1183 4112 9
1183 848 9
1184 2143 9
1184 352 9
1184 3535 9
1184 4309 9
1184 4473 9
1184 4473 9
1184 6605 9
1184 7163 9
1184 971 9
1187 3609 9
1187 530 9
1187 633 9
1187 7262 9
1188 3267 9
1188 3293 9
1188 3293 9
1188 4126 9
1188 6085 9
1188 848 9
1188 848 9
1190 1179 9
1190 1218 9
1190 1234 9
1190 1968 9
1190 3740 9
1194 171 9
1194 435 9
1195 3073 9
1195 357 9
1195 3849 9
1196 1148 9
1196 1975 9
1196 2682 9
1196 3079 9
1196 3409 9
1196 3409 9
1196 3416 9
1196 3416 9
1196 3900 9
1196 538 9
1196 5908 9
1197 6775 9
1199 1206 9
1199 3571 9
12 1177 9
12 174 9
12 3024 9
12 357 9
1200 1017 9
1200 1039 9
1200 1067 9
1200 224 9
1200 224 9
1200 25 9
1200 6354 9
1200 7096 9
1200 759 9
1201 2011 9
1201 2373 9
1201 3023 9
1201 3083 9
1201 3441 9
1201 3533 9
1201 372 9
1201 552 9
1201 6555 9
1201 6821 9
1201 959 9
1202 1975 9
1202 3108 9
1203 6307 9
1205 1029 9
1206 7069 9
1209 3956 9
1209 5532 9
1209 6754 9
121 394 9
121 6584 9
1210 5940 9
1210 773 9
1212 1846 9
1212 2677 9
1212 4628 9
1213 1237 9
1213 748 9
1214 2305 9
1216 444 9
1216 530 9
1216 5928 9
1216 633 9
1216 7262 9
1218 2711 9
1218 3504 9
1219 1542 9
122 1232 9
122 189 9
122 2368 9
122 3107 9
1220 3867 9
1221 1206 9
1221 334 9
1221 376 9
1221 516 9
1221 536 9
1222 4761 9
1223 6731 9
1224 5211 9
1224 788 9
1226 138 9
1226 240 9
1226 372 9
1226 456 9
1226 4565 9
1228 1220 9
1229 5804 9
1231 227 9
1231 239 9
1231 246 9
1231 2898 9
1231 4263 9
1231 6132 9
1231 950 9
1232 270 9
1232 3112 9
1232 55 9
1232 946 9
1234 1214 9
1234 1542 9
1234 1985 9
1234 6707 9
1235 1184 9
1235 127 9
1235 2240 9
1235 3126 9
1235 335 9
1235 352 9
1235 352 9
1235 482 9
1235 7020 9
1235 7049 9
1235 773 9
1237 3867 9
1237 6860 9
1237 6978 9
1239 109 9
1239 2819 9
1239 7227 9
124 2143 9
124 538 9
1240 1692 9
1240 2969 9
1240 6825 9
1240 7214 9
1241 3629 9
1241 4768 9
1244 257 9
1244 3544 9
1244 357 9
1244 451 9
1244 605 9
1244 959 9
1245 132 9
1245 234 9
1245 260 9
1245 3108 9
1245 3601 9
1245 3693 9
1245 4379 9
1245 753 9
1247 6256 9
1249 2929 9
1249 3246 9
1249 3523 9
125 5686 9
125 5736 9
1256 662 9
1256 7187 9
1257 2840 9
1257 3229 9
1257 3429 9
1257 471 9
1257 6940 9
1257 853 9
126 1210 9
1265 1280 9
1265 3201 9
1265 3623 9
1265 4205 9
127 1184 9
127 2143 9
127 2238 9
127 335 9
127 971 9
1271 6891 9
1275 4879 9
1278 339 9
128 1280 9
128 130 9
128 1406 9
128 152 9
128 4054 9
128 4542 9
128 5998 9
128 6595 9
128 664 9
128 68 9
128 6983 9
1280 1929 9
1280 4028 9
1280 6157 9
1280 6983 9
1282 1174 9
1282 4303 9
1282 876 9
1283 2521 9
1286 443 9
1286 4594 9
1286 5964 9
1286 6010 9
1290 6544 9
1293 1013 9
1293 1095 9
1294 440 9
1294 440 9
1294 64 9
1295 1303 9
1296 1166 9
1296 2892 9
1296 3168 9
1296 3830 9
1297 1044 9
1297 4333 9
1297 6427 9
1299 1739 9
1299 6577 9
13 1108 9
13 1791 9
13 2574 9
130 1245 9
130 264 9
130 6 9
130 6006 9
1303 4789 9
1307 2310 9
1307 3708 9
1308 2969 9
131 115 9
131 174 9
131 177 9
131 1924 9
131 254 9
131 2730 9
131 576 9
1311 4558 9
1313 1813 9
1313 4735 9
1315 3594 9
132 172 9
132 2366 9
132 237 9
132 2699 9
132 519 9
132 546 9
132 5685 9
132 586 9
1327 2370 9
1327 2447 9
1327 3276 9
1327 4249 9
1327 6581 9
1327 767 9
1328 2680 9
133 1608 9
133 189 9
133 4007 9
133 4054 9
133 4124 9
133 5775 9
1337 5611 9
1352 2232 9
1362 1653 9
1362 4678 9
1362 6566 9
1366 2307 9
1366 3805 9
1366 4115 9
1366 5637 9
1366 6846 9
137 2103 9
137 3458 9
137 3464 9
1370 1553 9
1371 138 9
138 1125 9
138 3654 9
138 4107 9
138 4379 9
1381 5391 9
1386 132 9
1386 6034 9
1387 3371 9
139 3524 9
139 561 9
1398 2614 9
1398 3023 9
1398 5117 9
1398 6109 9
14 1244 9
14 1294 9
14 139 9
14 1566 9
14 3077 9
14 3406 9
14 3989 9
14 414 9
14 414 9
14 53 9
14 621 9
14 64 9
140 3993 9
140 7123 9
1403 1440 9
1403 452 9
1403 4676 9
1403 4702 9
1403 4772 9
1406 2379 9
1406 2916 9
1406 4616 9
1406 6431 9
1410 3879 9
1410 4239 9
1415 248 9
1415 2882 9
1415 3246 9
142 1941 9
142 207 9
142 2681 9
142 3026 9
1421 6173 9
1424 1082 9
1424 4283 9
1424 872 9
1426 7057 9
1428 2783 9
1428 3548 9
1428 3563 9
1428 3878 9
1428 7221 9
1432 608 9
1438 1007 9
1438 2392 9
1438 3934 9
1438 541 9
1438 6294 9
1439 6952 9
1440 2545 9
1440 3091 9
1440 4676 9
1440 4702 9
1440 4772 9
145 1201 9
145 1853 9
145 2263 9
145 3189 9
145 376 9
145 4018 9
145 468 9
145 656 9
1459 1597 9
1459 1869 9
1459 3629 9
1459 4307 9
1460 6617 9
1464 2051 9
147 2040 9
147 214 9
147 223 9
147 3757 9
147 4285 9
1472 109 9
1472 1409 9
1472 4205 9
1482 2079 9
1482 2143 9
1482 3103 9
1482 468 9
1482 507 9
1482 7279 9
1482 997 9
1495 1540 9
1495 4178 9
1495 6827 9
1495 745 9
1495 833 9
1497 3461 9
1498 2718 9
1498 2723 9
1498 4105 9
1498 4204 9
1498 467 9
1498 4707 9
1498 4750 9
1498 5931 9
1498 6949 9
15 6814 9
1501 3490 9
1501 807 9
1501 927 9
1504 3951 9
151 2736 9
151 6562 9
152 114 9
152 4244 9
1522 2957 9
1522 828 9
1525 1597 9
1525 4624 9
1525 652 9
1525 759 9
1527 3091 9
1527 6173 9
1527 6710 9
1529 1025 9
1529 178 9
1529 2008 9
1529 275 9
1529 3540 9
1529 4608 9
1529 476 9
1529 635 9
1529 98 9
1529 983 9
153 3247 9
153 358 9
153 3903 9
153 3919 9
153 552 9
153 91 9
1533 237 9
1533 4834 9
1533 486 9
1533 5249 9
1533 5278 9
1533 6034 9
1536 5430 9
1540 1182 9
1540 6904 9
1541 649 9
1542 1218 9
1542 3381 9
1542 7153 9
1545 7078 9
1546 28 9
1548 2652 9
1548 2677 9
1549 5784 9
155 3754 9
1553 1512 9
1554 7105 9
1556 1256 9
1556 1677 9
1556 2244 9
1556 3300 9
1556 7187 9
1556 7246 9
1556 7247 9
1557 5449 9
1564 2234 9
1564 37 9
1566 1698 9
1566 1973 9
1566 2746 9
1566 308 9
1566 363 9
1566 5497 9
1566 579 9
1566 6691 9
1568 2350 9
1568 375 9
1568 4274 9
1568 4501 9
157 185 9
157 7108 9
157 740 9
157 833 9
1571 1796 9
1571 246 9
1571 3126 9
1571 3776 9
1571 5835 9
1571 657 9
1571 6685 9
1576 1679 9
1578 1819 9
1578 3272 9
1578 549 9
158 3566 9
158 4249 9
158 690 9
1580 1044 9
1584 169 9
1594 1426 9
1594 7034 9
1597 1257 9
1597 3429 9
1597 5650 9
1597 674 9
1597 7207 9
1598 4879 9
1598 849 9
160 369 9
1601 3329 9
1602 7118 9
1608 1585 9
1608 2916 9
1608 2930 9
1609 228 9
1609 2521 9
1609 5191 9
1614 7121 9
162 307 9
162 394 9
162 541 9
162 5497 9
162 7248 9
1621 2038 9
1623 178 9
1623 234 9
1623 237 9
1623 2568 9
1623 2890 9
1623 2988 9
1623 3908 9
1623 4771 9
1623 4932 9
1623 593 9
1623 6152 9
1623 741 9
1624 2143 9
1624 2238 9
1624 352 9
1624 6951 9
1627 1313 9
1627 600 9
1628 6556 9
163 1115 9
163 6692 9
163 890 9
1631 455 9
1631 852 9
1633 5657 9
1634 4307 9
1634 7199 9
164 1057 9
164 157 9
164 385 9
164 740 9
1642 1926 9
1642 2752 9
1645 4054 9
165 185 9
165 3073 9
165 4003 9
165 833 9
1650 2013 9
1650 4887 9
1650 5880 9
1650 5971 9
1650 6066 9
1650 6572 9
1653 1440 9
1653 2450 9
1653 2467 9
1653 3541 9
1653 4054 9
1653 75 9
1658 4305 9
166 108 9
166 1415 9
166 3107 9
166 3204 9
166 347 9
166 3618 9
166 3866 9
1660 1226 9
1660 2103 9
1661 6695 9
1661 6722 9
1668 2429 9
1668 3108 9
1668 4796 9
1668 6823 9
167 102 9
167 114 9
167 1676 9
167 36 9
167 4530 9
167 668 9
1670 3535 9
1670 7277 9
1672 3784 9
1672 6254 9
1672 6539 9
1672 6846 9
1675 1328 9
1675 2817 9
1675 6902 9
1676 1403 9
1676 1440 9
1676 2012 9
1676 223 9
1676 2726 9
1676 2796 9
1676 3120 9
1676 3155 9
1676 4006 9
1676 4542 9
1676 4549 9
1676 4687 9
1676 4702 9
1676 4932 9
1676 7059 9
1677 1459 9
1677 1869 9
1677 3808 9
1677 848 9
1682 721 9
1683 3473 9
1683 3737 9
1684 1082 9
1684 1195 9
1684 1796 9
1684 447 9
1689 1876 9
169 1438 9
169 1623 9
169 178 9
169 2364 9
169 4803 9
169 739 9
1692 133 9
1692 2196 9
1692 2676 9
1692 5052 9
1692 867 9
1692 960 9
1694 6606 9
1698 3219 9
1698 3262 9
1698 339 9
1698 3645 9
1698 4410 9
1698 453 9
17 3189 9
17 3934 9
170 115 9
1701 3406 9
1701 3645 9
1704 5278 9
1704 593 9
1704 595 9
1708 401 9
1709 1174 9
1709 1683 9
1709 2057 9
1709 2888 9
1709 3124 9
1709 4873 9
1709 6687 9
171 2263 9
171 228 9
171 3277 9
171 4758 9
1711 1134 9
1711 1294 9
1711 1482 9
1711 285 9
1711 372 9
1711 496 9
1711 5895 9
1711 879 9
1715 1621 9
1718 1545 9
1719 2230 9
1719 313 9
1719 358 9
172 1025 9
172 2 9
172 2240 9
172 5660 9
172 90 9
1724 6414 9
1739 5198 9
1739 6577 9
1739 6577 9
174 1778 9
174 3593 9
1740 1005 9
1747 2443 9
1747 2522 9
1747 4937 9
1748 1056 9
1748 1180 9
1748 831 9
175 4105 9
175 6173 9
1750 3301 9
1751 6187 9
1756 872 9
1758 2034 9
1769 3742 9
1769 609 9
177 197 9
177 1981 9
177 228 9
177 2901 9
177 4001 9
177 576 9
177 6594 9
177 6941 9
1777 2522 9
1777 4756 9
1777 6566 9
1778 47 9
178 1942 9
178 228 9
178 232 9
178 2392 9
178 299 9
178 5191 9
1781 4444 9
1781 4701 9
1781 7073 9
1782 189 9
1782 2699 9
1782 3026 9
1782 3934 9
1782 4205 9
1782 471 9
1782 634 9
1782 6786 9
1786 5271 9
1786 7021 9
179 214 9
179 2400 9
179 468 9
1791 1108 9
1791 13 9
1791 1529 9
1791 275 9
1791 3079 9
1791 3540 9
1791 371 9
1791 3873 9
1791 476 9
1791 983 9
1791 983 9
1796 104 9
1796 1975 9
1796 235 9
1796 3044 9
1796 4656 9
1796 508 9
1796 715 9
1796 748 9
18 115 9
18 1942 9
18 197 9
18 3785 9
180 6170 9
1806 3962 9
1806 6644 9
1810 124 9
1810 1320 9
1810 1487 9
1810 1949 9
1810 3410 9
1810 3577 9
1818 1231 9
1818 2670 9
1818 2890 9
1818 321 9
1818 3740 9
1818 4318 9
1818 648 9
1818 657 9
1819 1125 9
1819 2373 9
1819 238 9
1819 2999 9
1819 3256 9
1819 3272 9
1819 4344 9
1819 609 9
182 131 9
182 222 9
182 79 9
1820 2872 9
1820 4947 9
1820 673 9
1822 260 9
1827 1440 9
1827 5263 9
1827 6173 9
1829 2765 9
1829 5430 9
1829 7227 9
183 1044 9
1831 3677 9
1831 7014 9
1834 432 9
1835 2145 9
1836 1327 9
1836 6447 9
1838 2825 9
184 215 9
184 276 9
184 6606 9
184 882 9
1840 851 9
1842 2033 9
1846 2934 9
1846 521 9
1847 734 9
1849 1623 9
185 164 9
185 300 9
185 3606 9
185 4932 9
185 510 9
185 689 9
1853 4120 9
1853 599 9
1854 307 9
1854 3184 9
1854 3524 9
1854 5497 9
1854 6168 9
1854 6582 9
1854 736 9
1857 1623 9
1857 3457 9
1859 5742 9
186 277 9
1861 1116 9
1861 1177 9
1861 741 9
1862 1232 9
1862 3965 9
1862 4338 9
1862 4356 9
1862 593 9
1866 1122 9
1866 2903 9
1866 4266 9
1866 7132 9
1866 772 9
1869 1556 9
1869 195 9
1869 3462 9
1869 3462 9
187 1200 9
1871 1081 9
1871 1131 9
1871 2555 9
1871 47 9
1876 2466 9
188 1148 9
188 1177 9
188 1938 9
188 2716 9
188 3884 9
188 6884 9
188 910 9
1881 1366 9
1881 3782 9
1881 3805 9
1889 3918 9
189 2196 9
189 227 9
189 259 9
189 2735 9
189 2773 9
189 3548 9
189 3946 9
189 997 9
1891 132 9
1891 2031 9
1892 5532 9
1892 7300 9
1899 6631 9
19 156 9
19 1820 9
19 197 9
19 220 9
19 66 9
1908 637 9
1908 685 9
1911 1180 9
1911 178 9
1911 1796 9
1911 213 9
1911 224 9
1911 266 9
1911 3476 9
1911 36 9
1911 3736 9
1911 4318 9
1911 5714 9
1911 6723 9
1912 5264 9
1912 5922 9
1916 3399 9
1919 1504 9
1919 2466 9
192 1055 9
192 4205 9
1921 1148 9
1921 1196 9
1921 165 9
1921 1924 9
1921 1975 9
1921 3403 9
1921 3900 9
1921 6691 9
1921 789 9
1924 1148 9
1924 1196 9
1924 1975 9
1924 268 9
1924 3085 9
1924 3150 9
1924 3363 9
1924 538 9
1924 563 9
1924 576 9
1924 942 9
1925 1889 9
1925 706 9
1926 1088 9
1926 177 9
1926 272 9
1926 4410 9
1926 452 9
1926 849 9
1927 1889 9
1927 3799 9
1927 706 9
1927 736 9
1927 74 9
1927 869 9
1928 576 9
1929 36 9
1929 4540 9
1929 6605 9
193 2048 9
193 257 9
193 4451 9
193 4492 9
193 466 9
193 492 9
193 521 9
193 548 9
193 6395 9
193 6903 9
193 74 9
1933 2903 9
1933 4287 9
1938 1854 9
1938 1933 9
1938 2860 9
1938 299 9
1938 4287 9
1938 789 9
1941 229 9
1941 2392 9
1941 6337 9
1942 3724 9
1944 4193 9
1948 106 9
1948 178 9
1949 1083 9
1949 124 9
195 1459 9
195 1556 9
1951 145 9
1951 707 9
1955 213 9
1957 2467 9
1957 603 9
1957 6119 9
1957 6710 9
1958 259 9
1958 3054 9
1958 6623 9
196 1810 9
196 3227 9
196 4735 9
1960 347 9
1960 3737 9
1960 6929 9
1960 7056 9
1963 1035 9
1963 1501 9
1965 1926 9
1966 4475 9
1966 5430 9
1966 5430 9
1968 1180 9
1968 3740 9
1968 448 9
197 131 9
197 188 9
197 4656 9
1971 1195 9
1971 1701 9
1971 2988 9
1971 300 9
1971 6016 9
1971 6157 9
1973 1180 9
1973 1968 9
1973 2681 9
1973 295 9
1973 400 9
1973 42 9
1973 485 9
1973 5138 9
1975 1027 9
1975 3150 9
1975 3416 9
1975 4287 9
1975 5767 9
1975 6168 9
1975 742 9
1976 1098 9
1976 113 9
1976 221 9
1976 2373 9
1976 242 9
1976 3535 9
1976 4443 9
1978 233 9
1978 831 9
1979 4217 9
1979 831 9
1981 1796 9
1981 3056 9
1981 959 9
1983 6925 9
1985 1234 9
1985 1968 9
1985 314 9
1985 3504 9
1985 3927 9
1985 516 9
1985 6354 9
1985 6679 9
1985 685 9
1987 2307 9
1987 3676 9
1987 4115 9
1987 5682 9
1988 3676 9
1988 4075 9
1988 4835 9
1989 3244 9
1989 848 9
199 549 9
1990 446 9
1990 6587 9
1992 3672 9
1992 3844 9
1996 3525 9
1996 4303 9
1996 4309 9
1996 6952 9
1997 177 9
1997 228 9
2 2240 9
2 3465 9
2 3989 9
2 7200 9
2 9 9
2 90 9
20 4540 9
20 6012 9
2000 2677 9
2002 2677 9
2002 447 9
2005 1203 9
2005 2348 9
2005 3160 9
2005 4430 9
2006 1167 9
2006 139 9
2006 3934 9
2006 447 9
2006 449 9
2006 53 9
2006 66 9
2006 673 9
2007 3871 9
2007 5859 9
2008 1709 9
2008 172 9
2008 1996 9
2008 2028 9
2008 3525 9
2008 3989 9
2008 4303 9
2008 4340 9
2008 6066 9
2008 90 9
2010 3989 9
2010 6010 9
2011 2832 9
2011 3583 9
2011 4028 9
2011 4441 9
2011 521 9
2012 3232 9
2012 536 9
2012 6010 9
2013 4005 9
2013 4028 9
2013 590 9
2013 5964 9
2018 4966 9
202 2309 9
202 387 9
2020 4384 9
2021 7186 9
2022 5949 9
2023 357 9
2023 5827 9
2023 753 9
2028 172 9
2028 2 9
2028 3822 9
2028 3989 9
2028 4883 9
2028 6952 9
203 2734 9
203 603 9
2031 3522 9
2031 534 9
2031 562 9
2031 5737 9
2031 5930 9
2031 5955 9
2031 6024 9
2032 3163 9
2032 581 9
2032 6249 9
2033 3443 9
2035 3023 9
2035 715 9
204 2930 9
2040 3124 9
2040 4954 9
2040 5948 9
2040 9 9
2040 914 9
2041 795 9
2048 3176 9
2048 4461 9
2048 74 9
2050 687 9
2055 1082 9
2055 4932 9
2057 971 9
206 6668 9
2067 5908 9
2067 831 9
207 104 9
207 130 9
207 1911 9
207 2392 9
207 2724 9
207 2816 9
207 3593 9
207 3693 9
207 47 9
207 479 9
207 507 9
207 64 9
2079 3743 9
2079 604 9
2084 2180 9
2084 2891 9
2084 3683 9
2084 4139 9
2084 5456 9
2084 6873 9
2085 337 9
2085 6021 9
2085 787 9
2086 6407 9
2086 914 9
2090 272 9
2090 2796 9
2090 2822 9
2090 30 9
2090 3647 9
2090 654 9
2095 6942 9
21 1428 9
21 153 9
21 246 9
21 2676 9
21 2796 9
21 3530 9
21 3849 9
21 4686 9
21 4712 9
2101 3429 9
2101 664 9
2101 707 9
2103 1927 9
2103 407 9
2104 1525 9
2104 1597 9
2104 4276 9
2104 651 9
211 476 9
2110 2412 9
2111 1201 9
2111 2686 9
2111 3849 9
212 6117 9
2129 1711 9
2129 186 9
2129 2722 9
2129 3990 9
2129 4051 9
2129 756 9
213 77 9
2133 3952 9
2133 4640 9
214 2040 9
214 2400 9
214 39 9
2142 5241 9
2143 1184 9
2143 1235 9
2143 202 9
2143 2238 9
2143 227 9
2143 3473 9
2143 352 9
2143 3540 9
2143 3788 9
2143 3788 9
2143 66 9
215 3277 9
215 453 9
2152 4382 9
2152 6354 9
2155 4960 9
2157 677 9
2157 973 9
2163 773 9
2166 1000 9
2166 3603 9
2166 6899 9
2170 1889 9
2170 1925 9
2170 1927 9
2170 736 9
2172 1497 9
2172 214 9
2172 5654 9
2172 914 9
2172 98 9
2178 112 9
2178 162 9
2178 2393 9
2178 452 9
2180 2891 9
2180 6698 9
2180 6699 9
2181 3114 9
2181 5844 9
2181 6664 9
2181 953 9
2181 953 9
2188 261 9
2188 372 9
2188 53 9
2188 610 9
2188 6585 9
2189 1177 9
2189 1202 9
2189 2686 9
2189 3077 9
2189 41 9
219 2425 9
219 395 9
219 4144 9
219 47 9
219 5390 9
219 5507 9
219 736 9
219 852 9
2195 3037 9
2195 3113 9
2196 2957 9
2196 4735 9
2196 960 9
220 1623 9
220 184 9
220 3503 9
220 721 9
220 79 9
2200 1235 9
2200 2192 9
2200 6811 9
2209 3037 9
2209 39 9
2209 46 9
221 113 9
221 197 9
221 266 9
221 79 9
2214 3816 9
2214 3921 9
2214 6252 9
222 170 9
222 3054 9
222 5922 9
2220 1482 9
2221 2682 9
2221 2714 9
2221 3085 9
2221 3176 9
2221 4557 9
2221 590 9
2221 6003 9
2221 833 9
2223 6823 9
2224 808 9
2227 1981 9
2229 529 9
223 127 9
223 2209 9
223 3038 9
223 3124 9
223 36 9
223 4540 9
223 4549 9
223 46 9
223 669 9
2230 2214 9
2230 3162 9
2230 3555 9
2230 5840 9
2233 430 9
2233 539 9
2233 540 9
2233 546 9
2233 55 9
2233 882 9
2234 5191 9
2235 1180 9
2235 579 9
2238 1031 9
2238 1184 9
2238 3466 9
2238 6951 9
224 1039 9
224 1092 9
224 1861 9
224 1861 9
224 1985 9
224 3476 9
2240 118 9
2240 2008 9
2240 23 9
2242 124 9
2242 1711 9
2243 704 9
2244 1188 9
2244 6676 9
2244 6883 9
2245 1711 9
2250 1201 9
2250 376 9
2252 2699 9
2252 6636 9
2253 2409 9
2255 3544 9
2255 53 9
2255 563 9
2255 913 9
2257 3023 9
2257 3708 9
2259 2986 9
226 7139 9
2266 2935 9
2266 4435 9
2266 4615 9
2268 1943 9
2268 6084 9
227 1482 9
227 1810 9
227 2243 9
227 239 9
227 3337 9
227 471 9
2272 2067 9
2274 466 9
2275 529 9
2276 3788 9
2276 6951 9
2277 2773 9
2277 3949 9
228 157 9
228 1926 9
228 1965 9
228 237 9
228 3044 9
228 64 9
2283 1406 9
2287 1156 9
2288 661 9
2288 664 9
2289 3023 9
2289 4757 9
2294 3746 9
23 232 9
23 4078 9
2305 1218 9
2305 158 9
2305 1985 9
2305 3015 9
2305 3590 9
2307 1556 9
2307 2650 9
2307 4115 9
2307 4117 9
2307 4125 9
2307 4835 9
2307 54 9
2307 5990 9
2307 6172 9
2307 6177 9
2307 6676 9
2308 5969 9
2309 1167 9
2309 14 9
2309 164 9
2309 165 9
2309 299 9
2309 3593 9
2309 656 9
2311 1623 9
2312 4435 9
2316 1095 9
2316 1796 9
2316 950 9
2318 2681 9
232 2731 9
232 5922 9
232 6010 9
2329 2075 9
2329 2084 9
2329 305 9
2329 3584 9
233 3953 9
233 4460 9
233 6119 9
233 6126 9
2333 2426 9
234 3189 9
234 3540 9
234 414 9
2347 480 9
2348 1701 9
2348 2891 9
2348 392 9
2348 579 9
2348 656 9
2348 731 9
2348 752 9
2349 2819 9
2349 4200 9
235 3541 9
2350 375 9
2355 4074 9
2355 4075 9
2356 6700 9
2357 1366 9
2357 1987 9
2357 1989 9
2357 2307 9
2357 3244 9
2357 3630 9
2357 4115 9
2357 4135 9
2357 4162 9
2357 5637 9
2357 6254 9
2357 6255 9
2357 6846 9
236 1210 9
236 677 9
2364 1438 9
2364 2901 9
2364 4082 9
2366 1245 9
2366 1609 9
2366 1984 9
2366 921 9
2368 2379 9
2368 259 9
2368 2755 9
2368 2791 9
2368 3204 9
2368 5772 9
2368 670 9
2369 2368 9
2369 3107 9
2369 3921 9
237 1088 9
237 1098 9
237 169 9
237 1926 9
237 1965 9
237 228 9
237 357 9
237 3601 9
237 6294 9
237 64 9
2370 3222 9
2371 157 9
2372 3893 9
2372 5569 9
2373 364 9
2373 376 9
2373 4007 9
2373 419 9
2374 4761 9
2379 2283 9
238 5772 9
238 893 9
2380 1099 9
2380 1194 9
2380 468 9
2380 883 9
2383 3112 9
2383 5857 9
2384 2214 9
2388 524 9
239 1201 9
239 1933 9
239 3004 9
239 6004 9
239 6005 9
239 7062 9
2391 2333 9
2392 1234 9
2392 314 9
2392 3544 9
2392 376 9
2392 3934 9
2393 6078 9
2395 7081 9
2397 6458 9
2399 6815 9
2399 6816 9
2399 6879 9
24 204 9
24 2614 9
24 2840 9
24 3150 9
24 3814 9
240 2189 9
240 279 9
240 3766 9
2400 76 9
2405 113 9
2405 261 9
2405 3934 9
2405 5420 9
2405 6619 9
2412 4182 9
2412 4204 9
2412 423 9
2412 4581 9
2412 5931 9
2412 609 9
2413 4058 9
2414 3232 9
2414 3956 9
2414 7249 9
2415 2467 9
242 1438 9
242 2392 9
242 462 9
2420 7222 9
2425 2143 9
2425 3098 9
2429 6939 9
2429 6985 9
2435 133 9
2435 2283 9
2435 2424 9
2435 3098 9
2437 295 9
2437 4134 9
2443 189 9
2443 1926 9
2443 2735 9
2443 3204 9
2443 5313 9
2443 622 9
2443 6704 9
2445 6950 9
2445 6999 9
2446 1171 9
2447 4249 9
2447 690 9
2450 1645 9
2453 852 9
2456 1249 9
246 2676 9
246 4734 9
246 549 9
246 6723 9
2461 1275 9
2461 5300 9
2463 2791 9
2464 6822 9
2466 3016 9
2466 3951 9
2466 4401 9
2467 1976 9
2467 3815 9
2467 6284 9
2471 2979 9
2477 1927 9
248 1249 9
248 187 9
248 2759 9
248 3548 9
248 744 9
248 950 9
2491 4396 9
25 1177 9
25 2152 9
25 48 9
25 6424 9
2503 3267 9
2504 1556 9
2504 3695 9
2504 4112 9
2504 6097 9
2504 6883 9
251 3085 9
251 6557 9
251 659 9
2510 3147 9
2511 196 9
2511 6821 9
2513 3345 9
2514 1910 9
2516 4062 9
2521 132 9
2521 1703 9
2521 228 9
2522 3419 9
2522 4756 9
2522 6169 9
2522 6734 9
2522 6990 9
2522 6991 9
2522 906 9
2532 3446 9
254 182 9
254 42 9
2545 1676 9
2545 3380 9
2545 4682 9
2545 4772 9
2547 3206 9
2555 1908 9
2555 4396 9
2555 5304 9
2555 637 9
2555 6738 9
2555 685 9
2558 2840 9
2558 622 9
256 3167 9
2565 7254 9
2568 1049 9
2568 3945 9
2568 5421 9
2568 5628 9
2568 60 9
257 251 9
257 510 9
257 673 9
257 92 9
2574 1025 9
2574 1108 9
2574 13 9
2574 280 9
2574 983 9
2575 1899 9
2575 5640 9
2575 6703 9
258 296 9
258 2971 9
258 59 9
258 7091 9
2581 5136 9
2584 2491 9
2585 5549 9
2585 6824 9
259 189 9
259 247 9
259 3593 9
259 61 9
2590 5136 9
2596 4208 9
2597 5657 9
2600 177 9
2600 397 9
2605 514 9
261 1201 9
261 139 9
261 3913 9
261 910 9
2613 3410 9
2614 1813 9
2614 448 9
2614 5657 9
262 6108 9
263 1653 9
263 260 9
263 3541 9
263 4379 9
263 6284 9
2635 2823 9
2635 4395 9
264 260 9
2640 1631 9
2640 3602 9
2641 2391 9
2641 3645 9
2641 3927 9
2641 7141 9
2647 1090 9
2647 2738 9
2647 516 9
2648 627 9
2652 1057 9
2652 1131 9
2652 3135 9
2652 3728 9
2652 4367 9
2653 2648 9
2655 1044 9
2655 1100 9
2655 1153 9
2655 6531 9
2655 6628 9
2655 7043 9
266 113 9
266 2189 9
266 2467 9
266 268 9
266 3085 9
266 6034 9
266 639 9
2660 3243 9
2660 3878 9
2661 394 9
2661 99 9
2665 3630 9
2665 3663 9
2665 3782 9
2665 4162 9
2670 759 9
2675 4115 9
2675 7031 9
2676 1039 9
2676 2840 9
2676 3244 9
2676 3267 9
2676 4112 9
2676 4126 9
2676 840 9
2677 1217 9
2677 1846 9
2677 337 9
2677 449 9
2677 4771 9
2677 656 9
268 108 9
268 1653 9
268 267 9
268 3423 9
268 4280 9
268 579 9
2680 2075 9
2680 305 9
2680 3584 9
2681 104 9
2681 1566 9
2681 1782 9
2681 207 9
2681 3026 9
2681 3606 9
2681 604 9
2682 19 9
2682 1924 9
2682 4773 9
2682 5827 9
2682 7081 9
2682 7250 9
2685 3935 9
2685 6409 9
2685 6900 9
269 2209 9
269 223 9
269 5914 9
269 6595 9
2698 6708 9
2699 1628 9
2699 2379 9
2699 2890 9
270 2761 9
270 32 9
270 3549 9
270 3618 9
270 3965 9
270 3966 9
270 3974 9
270 4336 9
270 4796 9
270 513 9
270 6125 9
270 6384 9
2710 142 9
2711 1221 9
2711 3569 9
2711 446 9
2711 488 9
2713 3174 9
2713 510 9
2713 572 9
2713 6588 9
2714 1027 9
2714 1769 9
2714 277 9
2714 387 9
2714 610 9
2714 6479 9
2714 6586 9
2714 6884 9
2716 104 9
2716 170 9
2716 257 9
2716 266 9
2716 3204 9
2716 4007 9
2716 476 9
2716 510 9
2716 6766 9
2717 6740 9
2717 911 9
2718 1403 9
2718 259 9
2718 2995 9
2718 3073 9
2718 3077 9
2718 3926 9
2718 4076 9
2718 465 9
2718 508 9
2719 4145 9
272 1938 9
272 2309 9
272 239 9
272 2677 9
272 299 9
272 3004 9
272 789 9
2721 1440 9
2721 279 9
2721 2882 9
2721 3618 9
2721 6119 9
2722 261 9
2722 4801 9
2722 511 9
2722 548 9
2722 548 9
2723 3085 9
2723 3176 9
2723 4058 9
2723 510 9
2723 5931 9
2724 1955 9
2724 260 9
2725 6114 9
2725 6628 9
2726 2860 9
2726 3156 9
2726 3990 9
2726 4596 9
2730 910 9
2731 138 9
2731 188 9
2731 254 9
2731 272 9
2734 188 9
2734 2803 9
2734 72 9
2735 1777 9
2735 2522 9
2735 2640 9
2735 4183 9
2735 452 9
2735 4585 9
2735 5367 9
2735 6479 9
2735 6555 9
2735 849 9
2736 6870 9
2738 1213 9
2738 2783 9
2738 347 9
2738 4291 9
2738 6481 9
2738 6812 9
2738 7055 9
2739 1220 9
2739 1985 9
2739 393 9
2739 400 9
2739 516 9
2741 6039 9
2741 837 9
2746 1971 9
2746 640 9
2747 2748 9
2748 4374 9
2748 4703 9
275 1025 9
275 3934 9
275 476 9
275 9 9
275 983 9
2751 2257 9
2751 4019 9
2752 2522 9
2754 2752 9
2755 1958 9
2755 2882 9
2755 2992 9
2755 3878 9
2755 6251 9
2758 6039 9
2759 1862 9
2759 2791 9
2759 3112 9
2759 4348 9
276 104 9
276 174 9
276 99 9
2761 2277 9
2761 248 9
2761 2791 9
2761 2791 9
2761 3547 9
2761 3965 9
2761 4017 9
2761 4348 9
2761 4356 9
2761 4934 9
2761 6615 9
2761 6616 9
2765 192 9
2765 3026 9
2765 3524 9
2765 387 9
2765 3893 9
2765 4205 9
2766 130 9
2766 1929 9
2766 6914 9
2766 6915 9
2767 147 9
2767 2766 9
2767 4285 9
2767 5886 9
2767 6915 9
2767 83 9
2768 2163 9
277 2129 9
277 4807 9
2770 32 9
2770 3523 9
2773 3556 9
2773 3925 9
2773 5851 9
2773 61 9
2778 4106 9
2778 6542 9
2780 2166 9
2780 709 9
2781 1810 9
2781 3441 9
2782 2357 9
2782 4112 9
2782 4115 9
2782 848 9
2783 2992 9
2783 3357 9
2783 347 9
2783 4896 9
2783 513 9
2784 1708 9
2786 973 9
279 1958 9
279 6623 9
2790 2021 9
2790 2031 9
2790 4960 9
2790 5032 9
2791 2761 9
2791 32 9
2791 3949 9
2791 6125 9
2793 4840 9
2793 5966 9
2793 6560 9
2796 272 9
2796 3077 9
2796 3524 9
2796 3530 9
2796 4076 9
2796 414 9
2796 4522 9
2796 4772 9
2796 4807 9
2796 656 9
2797 2812 9
2797 4069 9
28 432 9
280 1108 9
280 2574 9
2800 387 9
2800 3973 9
2800 4000 9
2800 6349 9
2800 6665 9
2801 5933 9
2803 3594 9
2803 3965 9
2805 3081 9
2805 4005 9
2805 4006 9
2805 4051 9
281 2890 9
2810 2811 9
2810 4493 9
2810 6596 9
2811 2031 9
2811 3583 9
2811 4664 9
2811 605 9
2811 6650 9
2811 6650 9
2812 2797 9
2812 4069 9
2816 1564 9
2816 1957 9
2816 6034 9
2817 2395 9
2817 2680 9
2817 6832 9
2819 108 9
2819 1253 9
2819 339 9
2819 3641 9
2819 4512 9
2819 4654 9
282 4776 9
2823 4324 9
2823 6304 9
2823 6905 9
2824 4272 9
2826 3762 9
2826 4569 9
2826 4609 9
2826 4679 9
2826 4762 9
2832 4053 9
2832 6945 9
2836 112 9
2836 188 9
2836 2810 9
2836 444 9
2836 456 9
2836 4815 9
2836 510 9
2836 519 9
2836 53 9
2836 580 9
2837 3588 9
2837 3595 9
2837 4338 9
2837 526 9
2837 5512 9
2837 566 9
2837 6230 9
2837 6737 9
2837 6949 9
2840 3429 9
2840 4087 9
2840 471 9
2840 4876 9
2841 3627 9
2841 6830 9
2843 2711 9
2846 5801 9
2847 1210 9
2847 2166 9
2847 6542 9
2847 6811 9
2847 687 9
2847 756 9
2847 859 9
2848 1190 9
285 1232 9
285 32 9
285 3672 9
285 3925 9
285 461 9
285 4613 9
285 946 9
2851 2213 9
2851 6576 9
2856 4339 9
2856 4368 9
2856 5813 9
2860 328 9
2860 4421 9
2860 6410 9
2867 3616 9
2867 3645 9
2867 521 9
2867 640 9
2868 3322 9
287 3533 9
287 536 9
287 5689 9
287 6388 9
287 803 9
2871 3276 9
2871 6173 9
2871 627 9
2872 3222 9
2876 2761 9
2876 6660 9
2882 2758 9
2882 3161 9
2882 4374 9
2887 1131 9
2887 1769 9
2887 2888 9
2887 3836 9
2887 3839 9
2887 3852 9
2887 455 9
2887 4664 9
2887 728 9
2888 1179 9
2888 125 9
2888 2887 9
2888 3742 9
2888 4295 9
2888 4785 9
2888 6884 9
289 2867 9
289 620 9
2890 1921 9
2890 248 9
2890 3215 9
2890 3649 9
2890 4040 9
2890 5497 9
2890 634 9
2890 6701 9
2891 1821 9
2891 2680 9
2891 3254 9
2891 649 9
2891 6950 9
2892 3025 9
2892 3168 9
2892 66 9
2893 3604 9
2894 1174 9
2894 3799 9
2901 4313 9
2901 4803 9
2903 1740 9
2903 2189 9
2903 6390 9
2908 1698 9
2908 3395 9
2908 721 9
2910 3736 9
2910 948 9
2916 1066 9
2919 2085 9
2919 2142 9
2919 2661 9
2919 2680 9
2919 3900 9
2919 3950 9
2919 5241 9
2919 6919 9
2927 3307 9
2929 2522 9
2929 703 9
2930 1240 9
2930 6069 9
2934 1212 9
2934 23 9
2934 2867 9
2934 299 9
2934 3728 9
2934 416 9
2934 521 9
2934 6698 9
295 1029 9
295 2007 9
295 395 9
295 599 9
295 6873 9
295 690 9
295 6902 9
295 949 9
2952 1440 9
2952 2731 9
2957 1598 9
2957 452 9
296 2816 9
2965 1003 9
2969 7214 9
2973 6264 9
2974 5433 9
2974 5542 9
2975 2391 9
2975 246 9
2984 1406 9
2984 928 9
2986 113 9
2986 1578 9
2986 1819 9
2986 2604 9
2986 3840 9
2986 5407 9
2988 2836 9
2988 3073 9
2988 414 9
299 2006 9
299 4287 9
299 4932 9
299 753 9
299 789 9
299 92 9
2992 1819 9
2992 270 9
2992 347 9
2992 513 9
2992 660 9
2992 7152 9
2992 7195 9
2992 744 9
2995 3124 9
2995 3215 9
2995 3535 9
2995 508 9
2995 530 9
2996 2405 9
2996 2986 9
2996 5407 9
2999 1578 9
2999 3272 9
2999 460 9
30 1859 9
30 2090 9
30 272 9
30 2796 9
30 3457 9
30 654 9
300 1148 9
300 164 9
300 334 9
3001 1819 9
3001 4003 9
3002 6831 9
3004 1933 9
3004 299 9
3004 4287 9
3004 789 9
3011 3250 9
3016 5370 9
3018 139 9
3018 164 9
3018 17 9
3018 188 9
3018 3037 9
3018 38 9
3018 563 9
3018 563 9
3018 6 9
3018 731 9
3023 219 9
3024 156 9
3024 2021 9
3024 268 9
3024 357 9
3024 956 9
3025 1296 9
3025 3168 9
3025 3830 9
3026 224 9
3026 4205 9
3026 448 9
3026 4757 9
3026 604 9
3029 3169 9
3029 675 9
303 1796 9
303 3262 9
303 3326 9
303 520 9
303 538 9
303 6168 9
3035 2312 9
3037 1184 9
3037 3124 9
3037 4540 9
3037 4542 9
3037 4542 9
3037 5994 9
3037 6605 9
3037 7 9
3037 9 9
3038 101 9
3038 3132 9
3038 4605 9
3038 6379 9
3038 6915 9
3038 712 9
3044 1081 9
3044 1081 9
3044 1871 9
3044 1997 9
3044 4001 9
3044 4321 9
3044 4678 9
3049 1224 9
3049 5211 9
3049 788 9
305 2180 9
305 4139 9
305 5456 9
3054 264 9
3054 4778 9
3056 1180 9
3056 400 9
3056 4001 9
3056 4678 9
3057 182 9
3057 5922 9
306 363 9
3061 258 9
3062 3588 9
3062 3592 9
3062 4006 9
3063 4501 9
3064 2876 9
3064 3073 9
3064 4271 9
3069 4593 9
3071 2832 9
3071 3599 9
3071 443 9
3072 1174 9
3072 3837 9
3073 1709 9
3073 3189 9
3073 3490 9
3073 3540 9
3073 4461 9
3073 45 9
3073 455 9
3073 456 9
3073 4758 9
3073 528 9
3073 621 9
3076 1676 9
3076 2013 9
3076 3083 9
3076 3594 9
3076 3925 9
3076 4005 9
3076 590 9
3076 6650 9
3077 234 9
3077 2872 9
3077 3085 9
3077 3989 9
3077 414 9
3077 4668 9
3077 5064 9
3077 53 9
3079 112 9
3079 14 9
3079 3540 9
3079 4060 9
3079 421 9
3079 623 9
3079 6410 9
3079 659 9
3079 789 9
3079 872 9
3079 910 9
308 121 9
308 1854 9
308 579 9
3081 3587 9
3081 6192 9
3081 6593 9
3081 844 9
3082 4589 9
3083 1027 9
3083 2011 9
3083 2860 9
3083 3533 9
3083 3592 9
3083 456 9
3083 519 9
3083 830 9
3085 1921 9
3085 3563 9
3085 3599 9
3085 3934 9
3085 4574 9
3085 538 9
3085 6506 9
3085 869 9
3091 1928 9
3091 2721 9
3091 2871 9
3091 3431 9
3091 3503 9
3091 603 9
3091 6173 9
3091 6173 9
3092 3990 9
3092 568 9
3101 3120 9
3101 4604 9
3103 127 9
3103 2209 9
3103 45 9
3103 4542 9
3105 6605 9
3106 1366 9
3106 1989 9
3106 2357 9
3106 2357 9
3106 2665 9
3106 2782 9
3106 2992 9
3106 4112 9
3106 5990 9
3106 660 9
3106 6848 9
3106 7195 9
3107 3246 9
3107 5772 9
3108 1131 9
3108 1701 9
3108 3593 9
3108 4771 9
3108 510 9
3108 595 9
3108 64 9
3108 6974 9
3108 92 9
3109 2903 9
3109 3707 9
3109 6109 9
3111 3913 9
3111 4823 9
3111 5863 9
3112 1862 9
3112 285 9
3112 3076 9
3112 3866 9
3112 3946 9
3112 4105 9
3112 4445 9
3112 4445 9
3112 6572 9
3112 7068 9
3112 7074 9
3113 4510 9
3114 2200 9
3114 2200 9
3114 4156 9
3114 5844 9
3114 6632 9
3114 882 9
3116 9 9
3119 2780 9
3120 3105 9
3120 3506 9
3120 3506 9
3120 46 9
3120 6012 9
3120 6915 9
3123 4783 9
3124 2209 9
3124 3535 9
3124 46 9
3124 593 9
3126 2714 9
3126 2934 9
3126 3582 9
3126 3897 9
3126 4664 9
3126 4862 9
3126 5844 9
3126 644 9
3126 6806 9
3126 882 9
3128 7084 9
3129 4308 9
3129 4323 9
313 153 9
313 3563 9
313 358 9
313 3919 9
3132 20 9
3132 3506 9
3134 4282 9
3134 4774 9
3134 4852 9
3135 207 9
3135 2888 9
3135 2995 9
3135 3326 9
3135 502 9
3137 38 9
314 1023 9
314 1056 9
314 1086 9
314 115 9
314 1853 9
314 1854 9
314 1924 9
314 3423 9
314 376 9
314 395 9
314 400 9
314 44 9
314 599 9
314 6826 9
314 7194 9
315 3307 9
315 3526 9
315 3718 9
3150 1240 9
3150 1571 9
3150 1623 9
3150 164 9
3150 1692 9
3150 1827 9
3150 1854 9
3150 1921 9
3150 204 9
3150 3091 9
3150 3180 9
3150 3395 9
3150 3409 9
3150 5449 9
3150 6069 9
3150 803 9
3150 852 9
3151 1062 9
3151 7062 9
3154 3755 9
3154 4307 9
3154 4662 9
3154 4725 9
3154 4839 9
3154 663 9
3154 7199 9
3155 566 9
3156 6572 9
3157 270 9
3157 3092 9
3157 3548 9
3157 3599 9
3157 3946 9
3157 4327 9
3157 6650 9
3159 1213 9
3159 4031 9
3159 5858 9
3159 7072 9
3160 2739 9
3160 2843 9
3160 393 9
3161 1009 9
3161 153 9
3161 270 9
3161 3246 9
3161 3563 9
3161 670 9
3163 2032 9
3163 3538 9
3163 473 9
3163 4742 9
3163 4801 9
3163 581 9
3163 852 9
3168 1166 9
3168 3830 9
3168 3830 9
3168 536 9
3169 3114 9
3169 4352 9
3169 4774 9
3172 4942 9
3174 3076 9
3174 3081 9
3174 3710 9
3174 4006 9
3174 4421 9
3174 572 9
3176 2713 9
3176 4098 9
3176 4451 9
3176 4461 9
3176 5547 9
3176 863 9
3180 2890 9
3180 3407 9
3180 6733 9
3184 1196 9
3184 3362 9
3184 6768 9
3186 3071 9
3186 3594 9
3186 4151 9
3186 4592 9
3186 563 9
3186 5816 9
3186 6316 9
3186 6722 9
3186 6840 9
3188 7155 9
3189 1529 9
3189 3077 9
3189 3108 9
3189 3989 9
3189 4006 9
3189 4078 9
3189 4302 9
3189 4313 9
3189 456 9
3189 4800 9
3189 545 9
3190 1661 9
3190 4821 9
3193 151 9
3194 6864 9
3195 3587 9
3195 491 9
3195 6073 9
3197 5283 9
3198 1223 9
32 166 9
32 3112 9
32 3925 9
32 4060 9
320 1249 9
320 270 9
320 3243 9
320 4638 9
3200 6854 9
3201 3372 9
3204 2741 9
3204 2783 9
3204 3535 9
3204 451 9
3204 5655 9
3204 596 9
3204 622 9
321 1158 9
321 1862 9
321 5497 9
3214 2157 9
3214 677 9
3215 185 9
3215 2006 9
3215 2143 9
3215 2714 9
3215 3077 9
3215 4410 9
3215 467 9
3215 561 9
3215 801 9
3217 5008 9
3218 2841 9
3218 3278 9
3218 6753 9
3218 7286 9
3219 453 9
3219 6603 9
3221 4357 9
3222 2677 9
3222 4108 9
3227 3359 9
3227 5639 9
3229 2840 9
3229 4368 9
3229 471 9
3229 5650 9
3230 1201 9
3230 3587 9
3230 4018 9
3230 419 9
3230 976 9
3232 3588 9
3232 3956 9
3232 443 9
3232 5964 9
3235 4164 9
3238 6552 9
3239 950 9
3243 6125 9
3244 1188 9
3244 2504 9
3244 2782 9
3244 3106 9
3244 3267 9
3244 3293 9
3244 4115 9
3244 4126 9
3244 4912 9
3244 7079 9
3245 5019 9
3246 347 9
3246 3946 9
3246 6371 9
3246 744 9
3247 1719 9
3247 313 9
3247 3549 9
3247 3919 9
3247 3919 9
3247 3946 9
3247 4374 9
3247 488 9
3249 113 9
3249 3231 9
3250 3350 9
3250 76 9
3254 700 9
3258 749 9
3260 2851 9
3260 3776 9
3260 529 9
3260 6159 9
3261 1280 9
3261 3201 9
3261 4205 9
3261 6157 9
3261 6159 9
3262 2110 9
3262 2641 9
3262 3403 9
3262 449 9
3262 4618 9
3262 543 9
3262 742 9
3263 2142 9
3263 7000 9
3266 4835 9
3266 6177 9
3266 6177 9
3267 1188 9
3267 3293 9
3267 4117 9
3267 4117 9
3267 4125 9
3267 4126 9
3267 4150 9
3267 4836 9
3270 2733 9
3272 1196 9
3272 238 9
3272 460 9
3276 2661 9
3276 2919 9
3276 3168 9
3276 3900 9
3276 4373 9
3276 5782 9
3278 5844 9
3278 6742 9
328 3863 9
328 5891 9
3293 2355 9
3293 2676 9
3293 3695 9
3293 3695 9
3293 4112 9
3293 4137 9
3293 6085 9
3293 6676 9
3293 848 9
330 566 9
330 576 9
330 580 9
330 753 9
3300 1724 9
3300 7187 9
3301 1035 9
3301 1601 9
3301 2457 9
3304 5857 9
3305 2836 9
3305 4515 9
3305 4698 9
3305 4700 9
3307 6428 9
3311 6790 9
3312 164 9
3312 3085 9
3312 3524 9
3312 3593 9
3312 4051 9
3312 4565 9
3312 465 9
3312 4807 9
3312 561 9
3312 849 9
3314 3957 9
3314 4344 9
3317 1719 9
3317 1958 9
3317 320 9
3317 4445 9
332 4309 9
332 5919 9
332 5923 9
332 6006 9
332 7049 9
332 7225 9
332 7230 9
332 7285 9
3322 5015 9
3322 7170 9
3323 6712 9
3326 1684 9
3326 1691 9
3326 1933 9
3326 2887 9
3326 3111 9
3326 5923 9
3326 6006 9
3326 719 9
3326 831 9
3329 2988 9
3329 5563 9
333 2311 9
333 3446 9
333 728 9
3330 3222 9
3334 4515 9
3338 7208 9
334 157 9
334 1748 9
334 185 9
334 1973 9
334 447 9
334 740 9
334 833 9
3343 4651 9
3344 725 9
3344 950 9
3345 3350 9
3346 7213 9
3347 3833 9
3348 1653 9
3348 3124 9
3348 451 9
3348 507 9
3348 6114 9
335 2276 9
335 3148 9
335 3466 9
3350 5311 9
3353 3771 9
3357 124 9
3357 2240 9
3357 2277 9
3359 124 9
3361 1932 9
3361 7274 9
3363 1196 9
3363 3184 9
337 1244 9
337 1675 9
337 1831 9
337 2235 9
337 2680 9
337 3056 9
337 334 9
337 4410 9
337 5655 9
337 640 9
337 656 9
337 741 9
337 789 9
3370 5262 9
3370 921 9
3371 1542 9
3371 3381 9
3372 1985 9
3372 3947 9
3377 2614 9
3377 7289 9
3380 4375 9
3380 4676 9
3380 4682 9
3380 4686 9
3380 4687 9
3380 4702 9
3380 4772 9
3380 6633 9
3381 1387 9
3383 6691 9
339 1239 9
339 1698 9
339 453 9
3392 3423 9
3392 3503 9
3392 3871 9
3392 3950 9
3392 5858 9
3392 5937 9
3395 1196 9
3395 1244 9
3395 1921 9
3395 1924 9
3395 1975 9
3395 3900 9
3395 610 9
3395 6921 9
3396 1979 9
3396 3919 9
3396 4217 9
3396 5703 9
34 266 9
340 108 9
340 1253 9
340 2819 9
340 2819 9
340 4654 9
340 5509 9
3400 1428 9
3403 3184 9
3403 6701 9
3406 2718 9
3407 1921 9
3407 1924 9
3407 648 9
3407 6696 9
3409 1924 9
3409 3383 9
3409 3395 9
3409 3416 9
3409 3900 9
3415 6685 9
3416 1196 9
3416 1921 9
3416 2765 9
3416 3262 9
3416 3395 9
3416 3403 9
3416 3409 9
3416 3900 9
3416 6768 9
3419 2735 9
3419 4756 9
3420 7273 9
3422 1134 9
3422 4269 9
3423 142 9
3423 2901 9
3423 4105 9
3423 4187 9
3423 919 9
3429 107 9
3429 296 9
3429 3335 9
3429 4872 9
3429 6384 9
3431 1571 9
3431 3403 9
3431 3423 9
3431 4091 9
3431 6606 9
3440 960 9
3441 1692 9
3441 2641 9
3441 5363 9
3443 1009 9
3443 7094 9
3446 1196 9
3446 1548 9
3446 1926 9
3446 6168 9
345 1495 9
3452 3453 9
3452 3477 9
3455 7174 9
3457 6501 9
3458 1660 9
3458 3534 9
3458 64 9
3460 1568 9
3460 2350 9
3461 3554 9
3461 4535 9
3462 1241 9
3462 3463 9
3462 3629 9
3462 3647 9
3462 3762 9
3462 4768 9
3462 6302 9
3462 651 9
3462 6863 9
3462 7206 9
3462 874 9
3463 1634 9
3463 3154 9
3463 3808 9
3463 4276 9
3463 4277 9
3463 4307 9
3463 4657 9
3463 5650 9
3465 3934 9
3465 4060 9
3466 1031 9
3466 1683 9
3466 2057 9
3467 6645 9
347 4445 9
347 4896 9
347 825 9
3470 871 9
3473 3510 9
3473 6951 9
3474 4540 9
3476 1017 9
3476 3788 9
3476 4250 9
3476 4318 9
3476 6132 9
3476 772 9
3476 950 9
3477 694 9
3490 1035 9
3490 3044 9
3490 4576 9
3490 460 9
3490 511 9
3501 1976 9
3501 4274 9
3503 1440 9
3503 1976 9
3503 4281 9
3504 3682 9
3504 393 9
3506 4538 9
3506 5942 9
3506 7059 9
3506 83 9
3510 3512 9
3512 2238 9
3512 3473 9
3514 107 9
3514 6053 9
3518 111 9
3518 3069 9
3518 4800 9
3518 707 9
3518 847 9
352 1184 9
352 127 9
352 1683 9
352 2057 9
352 3788 9
352 6557 9
352 7049 9
3520 2129 9
3520 4443 9
3520 5052 9
3520 7170 9
3520 803 9
3521 5871 9
3522 2811 9
3522 3594 9
3523 3161 9
3523 347 9
3523 3547 9
3523 3563 9
3523 4638 9
3524 3079 9
3524 3395 9
3524 3884 9
3524 623 9
3525 1174 9
3525 1282 9
3525 1709 9
3525 6 9
3525 6006 9
3529 4629 9
3529 4800 9
353 303 9
353 303 9
353 520 9
353 5497 9
3530 315 9
3530 4544 9
3530 55 9
3530 577 9
3532 140 9
3532 3993 9
3533 1169 9
3533 185 9
3533 21 9
3533 2188 9
3533 3312 9
3533 4003 9
3533 659 9
3533 830 9
3534 145 9
3534 2803 9
3534 2836 9
3534 3563 9
3534 473 9
3534 511 9
3534 7276 9
3535 1169 9
3535 1201 9
3535 1623 9
3535 2605 9
3535 4295 9
3535 4367 9
3535 451 9
3535 4618 9
3535 552 9
3535 974 9
3538 2555 9
3538 3975 9
3538 4004 9
3538 4401 9
3538 4801 9
3538 5211 9
3538 538 9
3538 6181 9
354 3606 9
3540 1529 9
3540 172 9
3540 2652 9
3540 2836 9
3540 3108 9
3540 3592 9
3540 4076 9
3540 4078 9
3540 605 9
3540 863 9
3541 3835 9
3541 476 9
3544 234 9
3544 3083 9
3544 333 9
3544 3849 9
3547 194 9
3547 3162 9
3547 3549 9
3548 1958 9
3548 2791 9
3548 3112 9
3548 3243 9
3548 3556 9
3548 3878 9
3548 3925 9
3548 3946 9
3548 825 9
3549 1249 9
3549 259 9
3549 353 9
3549 3866 9
3549 5840 9
3549 7107 9
355 1756 9
355 3204 9
355 64 9
3552 3956 9
3552 7184 9
3554 4954 9
3554 914 9
3555 2773 9
3555 2783 9
3555 3523 9
3556 1862 9
3556 3563 9
3556 55 9
3556 733 9
3558 3596 9
3561 3246 9
3561 3708 9
3562 219 9
3562 3940 9
3562 4120 9
3563 1927 9
3563 2277 9
3563 2660 9
3563 282 9
3563 2995 9
3563 320 9
3563 355 9
3563 4024 9
3563 4247 9
3563 543 9
3563 956 9
3565 1739 9
3567 3568 9
3567 4165 9
3567 5559 9
3567 5851 9
357 1202 9
357 1921 9
357 2398 9
357 2453 9
357 3024 9
357 387 9
357 3893 9
357 4187 9
357 4574 9
357 48 9
3570 4006 9
3571 7069 9
3572 499 9
3572 784 9
3574 4515 9
3574 636 9
3575 1218 9
3575 4130 9
3576 1854 9
3576 541 9
3577 1487 9
3579 4807 9
3579 522 9
3579 6391 9
358 3247 9
358 488 9
3582 4522 9
3583 3076 9
3583 3186 9
3583 6024 9
3583 6559 9
3583 684 9
3583 6995 9
3584 2180 9
3584 4139 9
3584 5456 9
3586 3081 9
3586 3126 9
3586 4080 9
3586 6316 9
3587 1187 9
3587 2013 9
3587 4012 9
3587 491 9
3588 4492 9
3590 42 9
3590 6696 9
3592 193 9
3592 261 9
3592 4051 9
3592 4054 9
3592 4076 9
3592 4078 9
3592 53 9
3592 566 9
3592 5701 9
3593 1167 9
3593 2079 9
3593 2311 9
3593 2405 9
3593 248 9
3593 3884 9
3593 42 9
3593 82 9
3594 2811 9
3594 4080 9
3594 6133 9
3594 6472 9
3594 684 9
3594 7269 9
3595 4589 9
3595 6720 9
3598 47 9
3598 6898 9
3599 4800 9
3599 538 9
3599 6958 9
3599 7038 9
36 266 9
36 4018 9
36 41 9
36 6131 9
3600 193 9
3600 2221 9
3600 4451 9
3600 6977 9
3601 3057 9
3602 6734 9
3603 2157 9
3603 644 9
3603 799 9
3604 1166 9
3604 2934 9
3604 3025 9
3604 3592 9
3604 572 9
3605 1835 9
3606 1571 9
3606 1740 9
3606 308 9
3606 3593 9
3606 5279 9
3606 579 9
3606 6785 9
3606 6788 9
3606 742 9
3609 6843 9
3611 327 9
3614 354 9
3616 6584 9
3618 153 9
3618 3204 9
3618 3357 9
3618 3919 9
3618 4247 9
3618 837 9
3618 98 9
3623 1280 9
3623 2457 9
3623 3201 9
3623 4200 9
3623 5201 9
3623 5509 9
3623 604 9
3623 927 9
3628 5813 9
3629 3462 9
3629 4272 9
3629 4762 9
3629 6144 9
3629 7206 9
3629 7207 9
363 6214 9
363 963 9
3630 3106 9
3630 5820 9
3631 4162 9
3631 6409 9
3631 6455 9
3631 7297 9
364 1125 9
364 448 9
364 5570 9
3645 1820 9
3645 1963 9
3645 299 9
3645 4183 9
3647 2826 9
3647 30 9
3647 3463 9
3647 4272 9
3647 4725 9
3647 4839 9
3647 5985 9
3647 7070 9
3648 3126 9
3648 773 9
3649 5996 9
365 4012 9
3650 1210 9
3650 5813 9
3650 6913 9
3652 5046 9
3654 126 9
3654 1927 9
3654 4007 9
3654 476 9
3654 51 9
3654 5840 9
3654 687 9
3662 7160 9
3663 4737 9
3663 7077 9
3665 2778 9
3672 3844 9
3672 589 9
3674 1197 9
3676 4075 9
3676 4835 9
3676 4836 9
3676 660 9
3676 6637 9
3676 7051 9
3682 3606 9
3683 6950 9
3690 3599 9
3690 414 9
3693 1533 9
3693 560 9
3695 1183 9
3695 1188 9
3695 1988 9
3695 2676 9
3695 3244 9
3695 3267 9
3695 4117 9
3695 4150 9
3695 6031 9
3695 848 9
3696 3254 9
3697 1554 9
3697 802 9
37 3147 9
37 458 9
37 4870 9
37 5350 9
3703 6777 9
3707 2443 9
3707 44 9
3708 1842 9
3708 2333 9
3708 2676 9
3708 3974 9
3708 5392 9
3708 7138 9
371 1529 9
371 1791 9
371 2574 9
371 412 9
371 476 9
3710 3163 9
3710 3344 9
3710 3544 9
3710 4004 9
3713 1818 9
3713 4250 9
3714 1231 9
3714 2655 9
3715 1070 9
3715 1818 9
3715 657 9
3716 2031 9
3716 2155 9
3716 6791 9
3716 7252 9
3718 7058 9
372 1100 9
372 1428 9
372 3849 9
372 4498 9
372 476 9
372 5701 9
372 933 9
3723 113 9
3723 3833 9
3724 3598 9
3724 49 9
3728 2348 9
3728 2677 9
3728 2765 9
3728 3326 9
3728 4628 9
3728 872 9
3729 192 9
3729 5571 9
3736 206 9
3736 2232 9
3736 2910 9
3737 1624 9
3737 1960 9
3737 4060 9
3737 4211 9
3737 6929 9
3737 7056 9
3739 6113 9
3740 1180 9
3740 1985 9
3740 5767 9
3740 759 9
3742 4331 9
3742 6689 9
3743 3348 9
3743 4410 9
3743 471 9
3743 7030 9
3746 5895 9
375 1098 9
375 3460 9
3751 1190 9
3752 436 9
3754 1280 9
3754 147 9
3754 3132 9
3755 4762 9
3755 4768 9
3755 652 9
3757 2028 9
3757 3037 9
3757 3105 9
3757 330 9
3757 4302 9
376 1029 9
376 1098 9
376 1229 9
376 2232 9
376 2244 9
376 248 9
376 334 9
376 3423 9
376 3962 9
376 690 9
3761 3129 9
3762 1241 9
3762 1459 9
3762 1634 9
3762 30 9
3762 3647 9
3762 654 9
3764 7177 9
3766 133 9
3766 3808 9
3766 6030 9
3766 6776 9
3771 4825 9
3772 3813 9
3772 51 9
3772 644 9
3774 6842 9
3776 775 9
3779 6640 9
3780 7073 9
3782 1366 9
3782 1385 9
3782 2992 9
3782 3808 9
3782 660 9
3782 7195 9
3784 1366 9
3784 1551 9
3784 1672 9
3784 3106 9
3784 6850 9
3785 7240 9
3788 1058 9
3788 1235 9
3788 142 9
3788 171 9
3788 2681 9
3788 364 9
3788 3737 9
3788 5650 9
3788 6881 9
3788 736 9
3789 3085 9
3789 357 9
3789 4784 9
3789 5686 9
3789 6683 9
3789 98 9
3791 1650 9
3796 3771 9
3796 3771 9
3797 3772 9
3797 4276 9
3797 51 9
3799 202 9
3799 3189 9
3799 3878 9
3799 455 9
3799 508 9
38 128 9
38 128 9
38 2209 9
38 269 9
38 3120 9
38 4540 9
38 6595 9
3805 1385 9
3808 1293 9
3808 1677 9
3808 2670 9
3808 2824 9
3808 3462 9
3808 3782 9
3808 6144 9
3808 7070 9
3813 3797 9
3814 595 9
3814 75 9
3815 3718 9
3816 2230 9
3820 332 9
3820 4862 9
3820 4873 9
3822 1781 9
3822 3189 9
3822 4006 9
3822 4115 9
3822 4295 9
3822 4701 9
3823 4387 9
3829 1128 9
383 1213 9
383 497 9
3830 2892 9
3830 2893 9
3830 6557 9
3830 66 9
3830 6654 9
3831 6332 9
3831 6436 9
3832 1256 9
3832 1556 9
3832 3300 9
3832 7187 9
3832 7246 9
3832 7247 9
3833 2366 9
3833 2371 9
3833 906 9
3835 1381 9
3835 1533 9
3835 1623 9
3835 2751 9
3835 2969 9
3835 3085 9
3835 3150 9
3835 407 9
3835 4870 9
3835 5117 9
3835 5204 9
3836 2887 9
3836 3540 9
3836 3849 9
3837 2086 9
3837 2412 9
3837 2888 9
3837 4204 9
3837 423 9
3837 4707 9
3837 914 9
3839 2887 9
3840 1358 9
3840 2038 9
3840 5554 9
3844 285 9
3844 2856 9
3844 3897 9
3844 6730 9
3849 3204 9
3849 3540 9
3849 3595 9
3849 452 9
3849 4589 9
3849 4610 9
3849 491 9
3849 5548 9
3849 610 9
3849 6691 9
3849 725 9
385 1927 9
385 64 9
3851 5642 9
3852 125 9
3852 1498 9
3852 4331 9
3852 4421 9
3852 4707 9
3852 609 9
3852 844 9
3857 816 9
3862 3112 9
3862 3592 9
3862 4028 9
3862 5964 9
3862 753 9
3865 2722 9
3865 4183 9
3865 534 9
3866 189 9
3866 2791 9
3866 285 9
3866 3548 9
3866 3563 9
3866 4338 9
3867 1090 9
3867 3871 9
3867 4031 9
3867 4130 9
3867 497 9
3867 5859 9
3867 5859 9
3867 5888 9
387 1927 9
387 2888 9
387 3534 9
387 371 9
387 4008 9
387 412 9
387 4485 9
387 461 9
387 563 9
387 581 9
387 64 9
3870 1627 9
3870 1633 9
3871 1968 9
3871 3950 9
3871 5802 9
3871 5888 9
3871 5939 9
3873 275 9
3873 371 9
3873 416 9
3878 248 9
3878 3243 9
3878 3866 9
3878 4017 9
3878 4247 9
3878 4535 9
3878 5655 9
3878 6371 9
3878 6371 9
3879 1118 9
3879 1209 9
3879 3044 9
3879 5697 9
3879 6754 9
388 189 9
388 2800 9
388 6665 9
3880 5697 9
3884 2309 9
3884 4932 9
3888 3851 9
3893 1056 9
3893 2677 9
3893 3189 9
3893 3908 9
3893 831 9
3897 2847 9
3897 285 9
3897 4183 9
3897 644 9
3897 756 9
3899 4006 9
3899 536 9
39 152 9
39 179 9
39 2400 9
39 2718 9
39 3103 9
39 3977 9
39 4535 9
39 4547 9
39 46 9
39 76 9
39 914 9
3900 1148 9
3900 1975 9
3900 3150 9
3900 3184 9
3900 3415 9
3900 6698 9
3908 2235 9
3908 334 9
3908 3919 9
3908 5827 9
391 545 9
3913 1184 9
3913 1245 9
3913 2718 9
3913 465 9
3913 713 9
3918 1813 9
3918 1925 9
3918 1927 9
3918 2170 9
3919 1719 9
3919 358 9
3919 488 9
392 2005 9
392 2843 9
392 3160 9
392 4430 9
392 5042 9
3921 189 9
3921 3966 9
3921 408 9
3921 4356 9
3921 6039 9
3922 7173 9
3924 2316 9
3924 756 9
3925 247 9
3925 259 9
3925 259 9
3925 285 9
3925 3107 9
3925 3112 9
3925 3563 9
3925 536 9
3925 825 9
3925 946 9
3926 3174 9
3926 39 9
3926 4340 9
3926 6410 9
3927 1308 9
3927 4215 9
3927 4321 9
3927 452 9
3927 4656 9
3927 4879 9
3927 867 9
3928 6409 9
3928 7127 9
393 1220 9
393 1228 9
393 1985 9
393 2739 9
393 3217 9
393 3575 9
393 516 9
393 745 9
3934 1007 9
3934 1057 9
3934 1117 9
3934 2 9
3934 2079 9
3934 242 9
3934 3073 9
3934 3913 9
3934 4003 9
3934 4060 9
3934 468 9
3934 742 9
3934 9 9
3935 5820 9
3937 6716 9
394 162 9
394 1854 9
394 3276 9
394 4163 9
394 5497 9
394 5782 9
394 66 9
394 689 9
394 7248 9
3940 295 9
3941 2133 9
3941 220 9
3941 3952 9
3941 4537 9
3945 2568 9
3945 5628 9
3946 189 9
3946 2369 9
3946 2755 9
3946 3246 9
3946 4445 9
3946 55 9
3947 5532 9
3949 1174 9
3949 323 9
3949 4060 9
3949 4211 9
3949 4873 9
3949 7074 9
395 3338 9
395 3392 9
395 375 9
395 3940 9
3952 4537 9
3952 5975 9
3953 1079 9
3953 1087 9
3953 2655 9
3953 3422 9
3953 4460 9
3953 831 9
3954 1079 9
3954 224 9
3954 4307 9
3954 759 9
3956 4493 9
3956 4932 9
3956 5932 9
3956 6490 9
3956 7183 9
3957 7255 9
3962 145 9
3962 314 9
3965 122 9
3965 2773 9
3965 320 9
3965 5655 9
3965 725 9
3965 825 9
3966 3567 9
3966 4353 9
3966 4568 9
3966 4586 9
3966 4613 9
3967 441 9
397 2910 9
3970 5925 9
3972 2800 9
3972 3973 9
3972 4610 9
3972 5729 9
3973 2800 9
3973 4000 9
3973 5729 9
3973 5729 9
3973 6570 9
3973 6680 9
3974 1313 9
3976 3973 9
3976 5655 9
3976 7015 9
3976 7294 9
3977 102 9
3977 83 9
3978 3580 9
3978 4080 9
3978 522 9
3979 6589 9
3982 4106 9
3985 270 9
3987 235 9
3988 538 9
3989 1184 9
3989 1439 9
3989 2240 9
3989 3079 9
3989 563 9
3989 5660 9
3989 5660 9
3990 277 9
3990 3071 9
3990 3076 9
3990 3583 9
3990 4046 9
3990 5568 9
3990 6133 9
3992 4853 9
3993 4729 9
3993 646 9
3994 526 9
400 1029 9
400 1190 9
400 2392 9
400 3606 9
400 4178 9
400 4461 9
400 456 9
4001 1796 9
4001 1981 9
4001 449 9
4001 519 9
4003 1117 9
4003 202 9
4003 2714 9
4003 272 9
4003 277 9
4003 4008 9
4003 405 9
4003 4287 9
4003 4581 9
4003 548 9
4003 5922 9
4003 610 9
4003 789 9
4003 851 9
4004 3163 9
4004 6146 9
4005 1546 9
4005 2233 9
4005 4028 9
4006 2012 9
4006 4028 9
4006 572 9
4006 6160 9
4006 6955 9
4007 2984 9
4007 4959 9
4007 5724 9
4008 6209 9
401 2021 9
4012 4677 9
4013 3993 9
4018 1201 9
4018 1796 9
4019 2910 9
4019 6821 9
4024 6252 9
4024 670 9
4028 1265 9
4028 2221 9
4028 3540 9
4028 3623 9
4028 3849 9
4028 4068 9
4028 4076 9
4028 4205 9
4028 4712 9
4028 530 9
4031 5888 9
4031 6587 9
4038 644 9
4038 799 9
404 1623 9
4040 1235 9
4043 2238 9
4043 335 9
4043 3466 9
4045 4056 9
4046 4051 9
4047 6725 9
4048 5203 9
405 605 9
4050 2929 9
4050 6734 9
4051 186 9
4051 2722 9
4051 3540 9
4051 4801 9
4051 530 9
4051 6841 9
4052 4336 9
4052 5559 9
4052 5901 9
4052 6845 9
4053 4451 9
4053 4669 9
4053 4712 9
4053 4807 9
4053 707 9
4053 842 9
4054 1166 9
4054 235 9
4054 2916 9
4054 4313 9
4054 622 9
4056 7136 9
4057 1498 9
4057 2048 9
4057 444 9
4057 6861 9
4058 2413 9
4058 2796 9
4058 4183 9
4058 4498 9
4058 4593 9
4058 5568 9
4058 5851 9
4058 707 9
4060 2 9
4060 275 9
4060 285 9
4060 3934 9
4060 4445 9
4060 4880 9
4060 510 9
4060 6935 9
4060 7236 9
4062 3835 9
4063 3049 9
4063 788 9
4068 444 9
4068 707 9
4069 2797 9
4069 2812 9
407 5840 9
4070 4076 9
4070 4421 9
4070 443 9
4070 5359 9
4070 6423 9
4071 2851 9
4074 4126 9
4074 4150 9
4074 6694 9
4075 1987 9
4075 2307 9
4075 3353 9
4075 3676 9
4075 4825 9
4075 6080 9
4076 112 9
4076 3071 9
4076 3085 9
4076 4467 9
4076 45 9
4076 561 9
4077 6599 9
4077 6942 9
4078 3174 9
4078 4076 9
4078 5891 9
408 2801 9
408 3523 9
408 3946 9
408 6115 9
4080 2031 9
4080 4302 9
4080 4586 9
4080 4831 9
4080 4840 9
4080 5916 9
4080 5917 9
4080 6169 9
4080 6682 9
4082 4469 9
4082 7012 9
4087 3335 9
4087 4368 9
4087 4876 9
4087 5650 9
4090 7102 9
4091 3262 9
4091 3423 9
4096 219 9
4098 4557 9
4098 4634 9
4098 4669 9
4098 6903 9
41 124 9
41 1879 9
41 3120 9
41 36 9
41 3789 9
41 4003 9
4105 116 9
4105 1650 9
4105 2012 9
4105 3081 9
4105 3852 9
4105 4862 9
4105 844 9
4106 904 9
4107 1769 9
4107 49 9
4107 5815 9
4108 3222 9
4112 1183 9
4112 1188 9
4112 1989 9
4112 3267 9
4112 3676 9
4112 4115 9
4112 4150 9
4112 6085 9
4113 543 9
4115 2357 9
4115 3630 9
4115 3663 9
4115 4006 9
4115 4125 9
4115 4302 9
4115 54 9
4117 3106 9
4117 4150 9
4117 4836 9
4117 6193 9
4117 660 9
412 1791 9
412 510 9
4120 3392 9
4120 4281 9
4124 3766 9
4125 1366 9
4125 2357 9
4125 3267 9
4125 3293 9
4125 6193 9
4125 6694 9
4125 7137 9
4126 1183 9
4126 3293 9
4126 3695 9
4126 4112 9
4126 6085 9
4126 6161 9
4126 848 9
4130 1175 9
4130 2007 9
4130 3869 9
4130 7063 9
4131 1987 9
4131 5503 9
4134 376 9
4134 5888 9
4135 1100 9
4135 1672 9
4135 3106 9
4135 3784 9
4135 64 9
4135 6848 9
4137 4074 9
4137 6637 9
4137 6676 9
4139 2348 9
4139 3710 9
4139 649 9
4139 6698 9
4139 739 9
414 112 9
414 2189 9
414 3446 9
414 387 9
414 456 9
414 6585 9
414 6586 9
414 684 9
414 728 9
414 731 9
4141 577 9
4144 1063 9
4144 1070 9
4144 1200 9
4144 145 9
4144 224 9
4145 3967 9
415 2011 9
415 4327 9
415 4585 9
4150 2503 9
4152 2672 9
416 1025 9
416 1566 9
416 3189 9
416 3312 9
416 4080 9
416 414 9
416 5891 9
416 6884 9
416 842 9
4160 6870 9
4162 1987 9
4162 2665 9
4162 2685 9
4162 3630 9
4162 3935 9
4162 4289 9
4162 6700 9
4162 6900 9
4162 7122 9
4168 1976 9
4178 1190 9
4178 1206 9
4178 1973 9
4178 5026 9
4182 2110 9
4182 3837 9
4182 423 9
4183 357 9
4183 4613 9
4183 4625 9
4183 4664 9
4183 6112 9
4183 6671 9
4187 113 9
4187 1501 9
4187 3024 9
4187 4280 9
419 145 9
419 704 9
4194 5697 9
4197 263 9
42 1180 9
42 1190 9
42 174 9
42 3740 9
42 446 9
42 485 9
42 5859 9
42 62 9
42 6744 9
4200 1265 9
4200 1472 9
4200 1722 9
4200 2819 9
4200 2819 9
4200 3201 9
4200 3301 9
4200 4028 9
4200 4205 9
4200 4512 9
4200 453 9
4200 579 9
4204 3083 9
4204 3852 9
4204 4105 9
4204 4421 9
4205 1280 9
4205 142 9
4205 3026 9
4205 3201 9
4205 3623 9
4205 3623 9
4205 3788 9
4205 3788 9
4205 448 9
4205 604 9
4205 976 9
4208 5433 9
421 12 9
421 3873 9
421 623 9
421 635 9
421 736 9
4210 2979 9
4210 3851 9
4210 3888 9
4210 459 9
4210 462 9
4210 6137 9
4211 4060 9
4211 5963 9
4211 5963 9
4211 6572 9
4211 6935 9
4215 24 9
4217 2002 9
4217 3396 9
423 3538 9
423 4003 9
4234 1313 9
4237 3840 9
4239 1209 9
4239 3879 9
4244 4540 9
4245 4471 9
4245 6395 9
4245 6573 9
4245 6573 9
4245 6574 9
4245 6575 9
4249 1836 9
4249 690 9
4250 3954 9
4256 6868 9
4261 5214 9
4263 3788 9
4263 4333 9
4266 44 9
4269 2263 9
4269 2288 9
4269 36 9
4269 6766 9
4270 6952 9
4270 7049 9
4270 7050 9
4271 3567 9
4271 3604 9
4271 4582 9
4271 4932 9
4271 5901 9
4272 4307 9
4272 4657 9
4272 4768 9
4272 4839 9
4272 5738 9
4272 6611 9
4272 7206 9
4273 6582 9
4274 1623 9
4274 1698 9
4274 2350 9
4274 314 9
4274 4183 9
4274 6828 9
4276 4569 9
4276 4609 9
4276 4725 9
4277 1597 9
4277 3462 9
4277 3762 9
4277 3797 9
4277 4662 9
4277 4762 9
4277 6302 9
4281 1853 9
4282 3134 9
4282 3169 9
4282 4852 9
4282 859 9
4283 4932 9
4283 872 9
4284 431 9
4284 6855 9
4285 2766 9
4285 2767 9
4285 6914 9
4285 6915 9
4285 6915 9
4287 1933 9
4287 1938 9
4287 239 9
4287 272 9
4287 3728 9
4287 461 9
4290 4131 9
4291 42 9
4293 6707 9
4295 2832 9
4295 4823 9
4295 7089 9
4296 4651 9
4296 4651 9
4296 4652 9
4296 4652 9
4296 4653 9
430 543 9
4302 111 9
4302 1295 9
4302 4313 9
4302 4313 9
4302 4668 9
4302 4789 9
4302 4934 9
4302 6103 9
4302 6586 9
4302 7095 9
4303 3326 9
4303 4302 9
4303 4554 9
4303 461 9
4303 6046 9
4307 1866 9
4307 4839 9
4307 6144 9
4307 7132 9
4308 3129 9
4308 3131 9
4309 2008 9
4309 3135 9
4309 3525 9
4309 3791 9
4309 5964 9
4309 7225 9
4309 871 9
4309 871 9
4309 876 9
431 543 9
4313 1166 9
4313 1295 9
4313 1303 9
4313 3077 9
4313 4068 9
4314 1449 9
4318 1200 9
4318 1200 9
4318 3941 9
4318 5767 9
4318 6109 9
4319 2383 9
4319 3112 9
4319 3157 9
432 539 9
4320 303 9
4320 5497 9
4321 3947 9
4323 3530 9
4323 3761 9
4323 4308 9
4323 4665 9
4323 4687 9
4323 4775 9
4324 6194 9
4327 4374 9
4327 5851 9
4327 5894 9
4328 4282 9
4328 4774 9
4328 4852 9
4328 6542 9
4328 859 9
4331 4533 9
4331 5654 9
4331 5686 9
4333 1012 9
4333 4144 9
4333 4648 9
4333 5250 9
4333 5616 9
4333 759 9
4336 1862 9
4336 2791 9
4336 3925 9
4336 4353 9
4336 4356 9
4336 4568 9
4337 7218 9
4338 2758 9
4338 2770 9
4338 3230 9
4338 3866 9
4338 4336 9
4338 4356 9
4338 444 9
4338 4613 9
4338 6125 9
4339 3665 9
4339 3968 9
4340 2901 9
4340 3083 9
4340 3126 9
4340 4105 9
4344 1578 9
4344 3272 9
4344 3521 9
4344 5976 9
4344 851 9
4348 3157 9
4348 3157 9
4348 4319 9
4349 616 9
435 171 9
435 2380 9
4353 248 9
4353 2761 9
4353 2791 9
4353 3157 9
4353 3548 9
4353 4336 9
4353 4613 9
4356 166 9
4356 3866 9
4356 4353 9
4356 4499 9
4356 960 9
4357 6017 9
4357 755 9
4359 1621 9
4359 3443 9
436 6007 9
4360 2280 9
4367 104 9
4367 3563 9
4368 2840 9
4368 622 9
4372 2553 9
4372 2987 9
4373 1327 9
4373 2871 9
4374 2368 9
4374 4521 9
4374 960 9
4375 140 9
4375 6197 9
4375 6198 9
4375 6215 9
4375 646 9
4378 6561 9
4379 207 9
4379 2443 9
4379 2450 9
4379 264 9
4379 3018 9
4379 3189 9
4379 507 9
4379 530 9
4379 6898 9
4380 3834 9
4382 1111 9
4382 1866 9
4382 2670 9
4382 6735 9
4383 4303 9
4383 4571 9
4383 508 9
4384 5857 9
4384 6889 9
4385 6971 9
4387 1597 9
4387 4854 9
4387 5650 9
4393 4416 9
4393 6950 9
4394 1139 9
4395 2823 9
4395 6304 9
4395 6905 9
44 314 9
44 3307 9
44 3924 9
44 6094 9
44 7194 9
440 1482 9
440 1711 9
440 220 9
440 468 9
440 496 9
440 621 9
440 64 9
440 879 9
4401 3016 9
4401 3879 9
4402 5203 9
4402 5215 9
4404 1139 9
4410 1056 9
4410 19 9
4410 649 9
4410 689 9
4410 748 9
4412 766 9
4416 7172 9
4417 60 9
4417 6648 9
4417 6814 9
4421 1498 9
4421 23 9
4421 2412 9
4421 3071 9
4421 3081 9
4421 3083 9
4421 3534 9
4421 4456 9
4421 4570 9
4421 4707 9
4422 158 9
4422 3566 9
4423 4077 9
4423 6851 9
4423 6877 9
4423 6924 9
4423 7244 9
443 3925 9
443 572 9
443 5851 9
4430 2348 9
4435 2933 9
4435 4564 9
4438 2305 9
4438 7075 9
4439 3069 9
4439 4323 9
4439 4606 9
4439 7182 9
444 3195 9
444 3586 9
444 4565 9
444 4586 9
4443 2111 9
4443 2426 9
4443 3441 9
4443 543 9
4443 589 9
4444 3111 9
4444 3822 9
4444 5863 9
4445 2383 9
4445 285 9
4445 32 9
4445 3547 9
4445 3548 9
4445 3946 9
4445 4631 9
4450 5894 9
4451 4450 9
4451 4461 9
4451 4471 9
4451 4557 9
4451 490 9
4451 6395 9
4453 1424 9
4456 5290 9
4459 3337 9
4459 5435 9
446 1234 9
446 1973 9
446 2347 9
446 2848 9
446 314 9
446 3381 9
446 5818 9
446 6707 9
4460 5815 9
4460 603 9
4460 7099 9
4460 831 9
4461 1005 9
4461 3262 9
4461 4057 9
4461 4471 9
4461 6003 9
4467 2836 9
4467 4051 9
4467 5359 9
4467 6423 9
4469 169 9
4469 6294 9
447 1057 9
447 1748 9
447 2189 9
447 3175 9
447 3396 9
447 387 9
447 452 9
4471 3312 9
4471 3600 9
4471 3978 9
4471 4302 9
4471 4451 9
4471 4815 9
4471 5862 9
4471 5928 9
4471 6986 9
4473 127 9
4473 2143 9
4473 3466 9
4473 3788 9
448 1123 9
448 1782 9
448 2242 9
448 2647 9
448 2681 9
448 3490 9
448 604 9
4485 3079 9
4485 372 9
4485 4493 9
4485 4673 9
4485 6490 9
4485 7183 9
4485 7184 9
4489 193 9
4489 4439 9
4489 5568 9
449 1924 9
449 1933 9
449 74 9
4490 5634 9
4490 739 9
4492 3926 9
4492 4105 9
4492 414 9
4492 527 9
4492 563 9
4492 614 9
4492 6339 9
4492 6572 9
4493 3064 9
4493 3552 9
4493 4302 9
4493 4485 9
4493 4673 9
4493 6490 9
4493 7184 9
4494 2491 9
4498 2714 9
4498 4183 9
4498 4588 9
4498 4717 9
4499 2634 9
4499 4630 9
4499 5719 9
45 1482 9
45 1711 9
45 2200 9
45 285 9
45 4489 9
45 4576 9
45 461 9
45 548 9
45 862 9
4501 1098 9
4501 2350 9
4501 375 9
4501 4120 9
4501 6828 9
4503 3708 9
4505 6577 9
4505 6620 9
451 1275 9
451 133 9
451 2514 9
451 3124 9
451 471 9
451 6723 9
451 7106 9
451 960 9
4510 7125 9
4511 2876 9
4511 4883 9
4511 6563 9
4513 5359 9
4513 5548 9
4515 4700 9
4515 4716 9
4515 6073 9
4515 6887 9
452 2887 9
452 5117 9
452 704 9
4520 3990 9
4520 6820 9
4520 6986 9
4521 4327 9
4521 5559 9
4522 508 9
4522 6653 9
4523 5736 9
4527 2810 9
4527 3897 9
453 109 9
453 1698 9
453 2111 9
453 339 9
453 5430 9
453 6603 9
4530 3116 9
4530 41 9
4531 6147 9
4531 6953 9
4533 6689 9
4534 1179 9
4535 713 9
4536 2714 9
4536 4269 9
4538 4604 9
4538 668 9
4538 7060 9
4539 3120 9
4540 101 9
4540 128 9
4540 1676 9
4540 3120 9
4540 3506 9
4540 4523 9
4542 114 9
4542 127 9
4542 1929 9
4542 223 9
4542 223 9
4542 4547 9
4542 461 9
4542 6605 9
4544 6894 9
4545 6522 9
4545 7047 9
4545 7092 9
4547 3506 9
4547 3754 9
4547 3757 9
4547 7060 9
4548 2200 9
4548 5940 9
4549 1184 9
4549 461 9
4549 5832 9
4549 5998 9
4549 669 9
455 1294 9
455 3593 9
455 3789 9
455 440 9
455 4759 9
455 950 9
4551 5559 9
4551 6583 9
4551 6590 9
4554 5548 9
4554 6410 9
4554 6498 9
4555 5650 9
4557 193 9
4557 4634 9
4557 74 9
456 2888 9
456 3079 9
456 3593 9
456 3849 9
456 4625 9
456 659 9
4565 4596 9
4568 4677 9
4569 2826 9
4569 4609 9
4569 4679 9
4569 4762 9
4570 461 9
4570 6593 9
4571 3599 9
4573 6556 9
4573 6767 9
4574 1529 9
4574 2011 9
4574 4593 9
4574 462 9
4574 5959 9
4574 6936 9
4576 5631 9
458 157 9
458 5249 9
4581 3837 9
4581 3975 9
4581 4182 9
4581 538 9
4582 3518 9
4582 3966 9
4582 4336 9
4582 798 9
4585 2759 9
4585 842 9
4586 1676 9
4586 3085 9
4586 6490 9
4586 6660 9
4586 6907 9
4586 6908 9
4588 3592 9
4588 3595 9
4588 3690 9
4588 4585 9
4589 6614 9
459 3361 9
4592 3594 9
4592 4586 9
4592 6435 9
4592 6651 9
4593 2634 9
4593 2713 9
4593 3518 9
4593 3865 9
4593 4052 9
4593 4058 9
4593 4303 9
4593 4499 9
4593 4731 9
4594 3126 9
4594 4451 9
4594 4571 9
4594 6440 9
4596 2008 9
4596 3079 9
4596 6593 9
4596 6660 9
4598 6226 9
460 1819 9
460 4344 9
4603 1187 9
4605 38 9
4605 39 9
4605 4538 9
4606 3586 9
4606 4489 9
4608 4499 9
4608 4815 9
4608 5719 9
4609 2826 9
4609 3154 9
4609 3462 9
4609 3647 9
4609 4569 9
4609 4624 9
4609 4679 9
4609 4762 9
4609 7199 9
461 1711 9
461 2143 9
461 223 9
461 239 9
461 299 9
461 3004 9
461 3101 9
461 3103 9
461 3108 9
461 3150 9
461 3908 9
461 4471 9
461 5914 9
461 6660 9
461 789 9
4610 3079 9
4610 3190 9
4610 4493 9
4610 6590 9
4611 4078 9
4611 443 9
4611 492 9
4613 1862 9
4613 248 9
4613 3558 9
4613 3830 9
4613 3966 9
4613 4336 9
4613 4348 9
4613 4356 9
4613 4631 9
4613 4691 9
4616 1899 9
4616 6169 9
4616 6280 9
4616 6693 9
4618 1415 9
4618 3113 9
4618 3506 9
4618 468 9
4618 7 9
462 3150 9
462 3870 9
462 3893 9
462 595 9
4621 1899 9
4624 3797 9
4624 4569 9
4624 7070 9
4625 4527 9
4625 4883 9
4628 2934 9
4628 521 9
4629 2188 9
4629 2811 9
4629 4570 9
4629 5719 9
4629 5951 9
4638 3563 9
4638 6125 9
4638 6251 9
4640 4639 9
4647 6031 9
4647 6172 9
4648 1044 9
4648 1044 9
4648 1297 9
4648 5250 9
4648 5688 9
4648 721 9
4649 5689 9
465 1226 9
465 1921 9
465 2309 9
465 2713 9
465 4076 9
465 4183 9
465 445 9
465 4755 9
465 561 9
465 914 9
4650 1081 9
4650 238 9
4650 4401 9
4651 4296 9
4651 4652 9
4651 4653 9
4651 4657 9
4652 4296 9
4652 4651 9
4652 4651 9
4652 4657 9
4652 4723 9
4652 4797 9
4653 3647 9
4653 4277 9
4653 4652 9
4653 4657 9
4653 4723 9
4653 4725 9
4653 4797 9
4654 1253 9
4656 131 9
4656 177 9
4656 1924 9
4656 3372 9
4656 4321 9
4656 543 9
4657 4296 9
4657 4662 9
4657 4723 9
4657 6144 9
466 112 9
466 1202 9
466 2221 9
466 522 9
466 6391 9
4661 4695 9
4661 4766 9
4662 3629 9
4662 4695 9
4662 4766 9
4662 7213 9
4668 1295 9
4668 3757 9
4669 1216 9
4669 3579 9
4669 4594 9
4669 466 9
467 132 9
467 3215 9
467 4664 9
467 4758 9
467 653 9
467 659 9
467 801 9
4673 3956 9
4673 6490 9
4673 7183 9
4674 2545 9
4675 4544 9
4676 2545 9
4676 577 9
4677 4568 9
4677 491 9
4677 522 9
4678 1985 9
4679 2826 9
4679 4569 9
4679 4609 9
468 1711 9
468 187 9
468 227 9
468 4040 9
468 622 9
468 7282 9
4680 3547 9
4680 4374 9
4680 4445 9
4680 997 9
4682 4323 9
4682 4685 9
4682 4687 9
4682 4711 9
4682 4772 9
4685 3380 9
4685 4682 9
4685 4686 9
4685 4687 9
4685 6765 9
4686 3380 9
4686 4682 9
4686 4682 9
4686 4687 9
4686 4687 9
4686 4711 9
4687 2545 9
4687 4676 9
4687 4711 9
4687 4772 9
4687 6894 9
4689 444 9
4689 6896 9
4691 4586 9
4691 4625 9
4691 4821 9
4695 4661 9
4695 4662 9
4695 4766 9
4698 4704 9
4698 632 9
4699 4245 9
4699 4245 9
4699 4493 9
4699 5189 9
4699 5203 9
4699 6573 9
4699 6573 9
4699 6575 9
4699 6681 9
47 2111 9
47 2986 9
47 337 9
47 6030 9
47 62 9
47 637 9
47 778 9
470 7224 9
4700 3334 9
4702 1231 9
4702 2545 9
4702 2898 9
4702 4676 9
4702 4687 9
4703 2836 9
4703 4705 9
4703 5981 9
4705 4706 9
4707 2412 9
4707 3081 9
4707 4204 9
4707 4204 9
4707 5931 9
4709 4006 9
4709 4703 9
4709 6886 9
471 1482 9
471 2558 9
471 2612 9
471 4368 9
471 622 9
471 778 9
4711 3380 9
4711 4685 9
4711 4772 9
4712 4492 9
4712 4574 9
4712 4675 9
4712 4676 9
4712 5719 9
4716 4703 9
4716 492 9
4717 4302 9
4717 4800 9
4717 6339 9
472 1348 9
472 2713 9
472 6423 9
472 6608 9
4723 4651 9
4724 7002 9
4725 3629 9
4725 4272 9
4725 652 9
4729 6317 9
4729 6558 9
473 3163 9
473 5729 9
473 581 9
473 605 9
4731 4527 9
4731 6099 9
4732 4638 9
4734 5657 9
4735 2735 9
4735 3814 9
4735 4796 9
4735 7017 9
4737 1545 9
4742 605 9
4746 3973 9
4746 7283 9
4746 7299 9
4748 3169 9
4748 4038 9
4748 644 9
4749 259 9
4749 4758 9
4749 4759 9
4750 4749 9
4750 5827 9
4752 2800 9
4752 3534 9
4752 852 9
4752 862 9
4754 4145 9
4756 2735 9
4757 133 9
4757 1398 9
4757 2035 9
4757 4318 9
4757 759 9
4758 199 9
4758 3326 9
4758 3962 9
4758 4750 9
4758 4759 9
4759 467 9
476 1109 9
476 124 9
476 132 9
476 1791 9
476 3530 9
476 371 9
476 3873 9
476 440 9
476 635 9
4760 4145 9
4760 4852 9
4760 6050 9
4760 859 9
4761 7053 9
4762 2826 9
4762 3762 9
4762 4569 9
4762 4609 9
4763 5910 9
4766 4661 9
4766 4662 9
4766 4695 9
4768 2826 9
4768 4272 9
4768 4277 9
4768 4653 9
4768 4725 9
4768 4839 9
4768 6611 9
4768 7213 9
4771 1177 9
4771 448 9
4771 543 9
4771 864 9
4771 92 9
4772 1676 9
4772 3380 9
4772 4682 9
4772 4685 9
4772 4687 9
4772 4702 9
4772 6894 9
4773 2836 9
4773 683 9
4774 2847 9
4774 4040 9
4774 4282 9
4774 4282 9
4774 4328 9
4774 4852 9
4774 4852 9
4774 4852 9
4774 6050 9
4774 6542 9
4775 3129 9
4775 4308 9
4775 4323 9
4777 4664 9
4778 99 9
4782 4106 9
4783 3131 9
4783 85 9
4784 3789 9
4785 2557 9
4785 3799 9
4789 1295 9
4789 4313 9
4789 4668 9
479 1386 9
479 1564 9
479 157 9
4794 5838 9
4796 1670 9
4796 1838 9
4796 2234 9
4796 3814 9
4796 4007 9
4796 5449 9
4796 5650 9
4797 3343 9
4797 4296 9
4797 4657 9
4797 4657 9
4797 4723 9
48 138 9
48 222 9
48 256 9
4800 2011 9
4800 4489 9
4801 4004 9
4801 4046 9
4801 4807 9
4801 6181 9
4803 2464 9
4803 258 9
4803 6631 9
4803 7091 9
4804 1239 9
4804 2819 9
4806 5842 9
4807 3081 9
4807 3529 9
4807 3990 9
4807 4046 9
4807 548 9
4807 5701 9
4807 6440 9
4808 3595 9
4808 4810 9
4810 6671 9
4812 1150 9
4812 1297 9
4812 6427 9
4815 4028 9
4815 5913 9
4818 5047 9
4818 5834 9
482 1571 9
482 1857 9
482 1869 9
482 4764 9
482 4844 9
4820 6889 9
4821 4271 9
4821 5863 9
4821 5963 9
4821 6490 9
4821 6660 9
4821 6961 9
4823 1781 9
4824 7296 9
4825 7176 9
4831 3583 9
4831 4840 9
4831 5929 9
4831 5930 9
4831 5930 9
4831 6559 9
4834 3611 9
4835 1188 9
4835 2763 9
4835 4075 9
4835 6097 9
4835 6172 9
4835 7079 9
4836 4912 9
4836 7117 9
4838 4831 9
4838 4841 9
4839 2104 9
4839 3154 9
4839 4272 9
4839 4657 9
4839 4768 9
4839 5650 9
4839 7070 9
4839 7206 9
4840 2031 9
4840 3583 9
4840 4080 9
4840 4831 9
4840 5917 9
4840 6067 9
4840 6559 9
4840 6560 9
4840 6994 9
4840 7061 9
4841 7061 9
4841 7205 9
4841 7241 9
4843 7070 9
4843 7071 9
4848 4362 9
485 1090 9
485 1221 9
485 3867 9
4850 6813 9
4850 6852 9
4854 3823 9
4854 3823 9
4854 853 9
4856 409 9
4858 5681 9
486 2816 9
486 479 9
4862 2934 9
4862 3155 9
4862 3820 9
4862 3949 9
4862 444 9
4862 6046 9
4862 6176 9
4862 6817 9
4862 871 9
4870 246 9
4870 4536 9
4872 1782 9
4872 2890 9
4872 36 9
4872 4368 9
4872 6125 9
4873 5919 9
4873 5971 9
4873 7233 9
4876 3001 9
4876 4368 9
4876 5650 9
4879 2752 9
4879 2957 9
488 1221 9
488 153 9
488 1719 9
488 2783 9
488 320 9
488 3204 9
488 3919 9
488 3965 9
488 4338 9
488 787 9
4880 2383 9
4883 1650 9
4883 3966 9
4883 5654 9
4883 5919 9
4883 6557 9
4883 7049 9
4887 2008 9
4887 4309 9
4887 6006 9
4887 6046 9
4887 871 9
4891 4283 9
4896 1769 9
4896 513 9
4896 6096 9
49 220 9
49 2661 9
49 3503 9
490 5894 9
490 7228 9
4900 5228 9
4901 3002 9
4901 5022 9
4901 6831 9
491 1187 9
491 3574 9
491 4057 9
491 4716 9
491 5869 9
4912 4125 9
4912 6097 9
4912 6172 9
4917 4661 9
4917 4766 9
492 521 9
492 572 9
492 6266 9
4920 3172 9
4926 6579 9
493 1498 9
493 3176 9
493 4005 9
493 572 9
4930 5035 9
4932 1007 9
4932 2876 9
4932 3540 9
4932 3572 9
4932 3593 9
4932 5393 9
4932 5932 9
4932 748 9
4934 3064 9
4934 4593 9
4937 2929 9
494 4368 9
4942 1313 9
4942 3918 9
4947 5058 9
4949 1910 9
4949 2735 9
4954 4105 9
4959 4960 9
496 2067 9
496 2272 9
496 879 9
4960 6169 9
4960 6564 9
4966 4831 9
4969 6652 9
498 6618 9
4980 6827 9
4983 1012 9
4983 5156 9
4983 6208 9
499 3956 9
499 4932 9
499 784 9
5007 4453 9
5008 393 9
502 4758 9
502 6432 9
502 914 9
5020 3395 9
5022 3002 9
5022 6831 9
503 4542 9
503 6006 9
5032 2514 9
5032 2784 9
5035 4649 9
5035 6678 9
5035 6678 9
5041 552 9
5042 2005 9
5042 7119 9
5046 1464 9
5047 4818 9
5047 5834 9
507 3593 9
5075 1171 9
508 112 9
508 1202 9
508 4060 9
5092 7150 9
51 2780 9
51 2847 9
51 3813 9
51 644 9
51 698 9
51 775 9
510 1226 9
510 1529 9
510 17 9
510 178 9
510 3077 9
510 337 9
510 337 9
510 3593 9
510 371 9
510 3913 9
510 684 9
510 862 9
5100 6738 9
5103 2143 9
511 2718 9
5117 1838 9
5117 4872 9
5122 3422 9
5122 5035 9
5122 6678 9
513 2738 9
513 3357 9
5138 1205 9
5138 376 9
514 3535 9
514 593 9
514 741 9
5156 2699 9
5156 4378 9
5156 6137 9
516 4291 9
516 685 9
5172 1966 9
5172 3642 9
5172 5566 9
5176 3200 9
5183 3708 9
5189 5215 9
519 1796 9
519 1933 9
5191 228 9
5194 1885 9
5198 1299 9
5198 3565 9
5198 4505 9
5199 2681 9
5199 3026 9
5199 3623 9
5199 4205 9
5199 448 9
5199 5429 9
520 3612 9
5201 3372 9
5201 5509 9
5203 4261 9
5203 5189 9
5203 5189 9
5203 522 9
5203 6440 9
5203 6573 9
5204 1692 9
5204 2930 9
521 2677 9
521 4554 9
521 5548 9
521 738 9
5211 4063 9
5211 6738 9
5211 788 9
5214 4402 9
5214 5189 9
5214 5203 9
5214 5215 9
5215 4261 9
5215 4699 9
5217 4654 9
522 1938 9
522 202 9
522 3189 9
522 610 9
5228 6754 9
5232 6839 9
524 2890 9
524 468 9
5241 2348 9
5243 4983 9
5249 1245 9
5249 588 9
5249 6093 9
5250 1012 9
5250 1044 9
5250 1150 9
5250 4333 9
5250 4812 9
5250 759 9
5256 3974 9
526 3595 9
526 4421 9
526 492 9
526 6638 9
5263 1196 9
5263 3091 9
5263 3272 9
5264 5383 9
5271 4699 9
5271 6275 9
5273 2178 9
5278 6821 9
5278 7076 9
5279 1566 9
5279 1973 9
5279 2457 9
5279 579 9
528 461 9
528 6346 9
5282 2429 9
5282 3148 9
5282 6985 9
5283 2031 9
5283 2575 9
5290 3978 9
5290 4254 9
5290 522 9
5290 5512 9
53 1245 9
53 3073 9
53 3150 9
53 3710 9
53 372 9
53 3865 9
53 3913 9
53 742 9
53 803 9
530 1187 9
530 1216 9
530 2006 9
530 261 9
530 2714 9
530 3593 9
530 4801 9
530 633 9
530 830 9
5300 1818 9
5300 4735 9
5306 453 9
5311 2476 9
5311 3345 9
5312 5326 9
5313 2461 9
5313 960 9
5315 5330 9
5316 5532 9
5326 1536 9
5330 672 9
5344 1912 9
5344 5922 9
5347 5312 9
5350 3654 9
5354 6641 9
5357 6093 9
5359 111 9
5359 3518 9
5359 4058 9
5359 5468 9
5359 5559 9
5359 5951 9
5359 6423 9
5359 6506 9
5359 707 9
5359 7235 9
536 3174 9
536 3710 9
536 4954 9
536 827 9
5363 2021 9
5363 2227 9
5363 595 9
5365 4324 9
5367 3419 9
537 1791 9
537 211 9
537 387 9
5370 7102 9
538 2006 9
538 2240 9
538 2890 9
538 3073 9
538 3312 9
538 3518 9
538 3533 9
538 3592 9
538 4269 9
538 4383 9
5383 1912 9
5383 5344 9
539 546 9
5393 3572 9
5393 499 9
5393 5932 9
5393 784 9
54 1545 9
54 2357 9
54 3106 9
54 4115 9
54 4162 9
540 543 9
5407 1307 9
5407 2259 9
541 162 9
541 1854 9
541 451 9
5411 2443 9
543 18 9
543 2233 9
543 272 9
543 3079 9
543 3277 9
543 4107 9
543 4139 9
543 4876 9
543 4932 9
5430 353 9
5430 3623 9
5430 448 9
5430 807 9
5435 3356 9
544 4752 9
544 581 9
5449 3814 9
545 132 9
545 2735 9
545 3540 9
545 3873 9
545 3978 9
545 519 9
545 605 9
5455 1692 9
5455 2196 9
5455 451 9
5455 828 9
5456 2305 9
5456 2891 9
5456 6699 9
546 1564 9
5463 5306 9
5468 4058 9
5468 4593 9
5468 6653 9
5468 6772 9
547 2699 9
547 2856 9
547 3262 9
547 471 9
5478 1240 9
5478 204 9
548 2129 9
548 2718 9
548 277 9
5483 5430 9
549 2999 9
5497 121 9
5497 1975 9
5497 202 9
5497 2682 9
5497 303 9
5497 3077 9
5497 3150 9
5497 3189 9
5497 552 9
5497 7107 9
5498 5512 9
5498 5547 9
5498 6568 9
5498 6569 9
55 1033 9
55 1134 9
55 1415 9
55 521 9
55 670 9
5503 6476 9
5509 2819 9
5509 3372 9
5509 4654 9
5512 492 9
5512 6567 9
5512 6569 9
5512 6599 9
5515 595 9
5518 2287 9
5518 3851 9
552 2979 9
552 307 9
552 308 9
552 3443 9
552 6168 9
5522 2234 9
5532 1410 9
5532 1985 9
5532 3056 9
5532 3372 9
5532 3879 9
5532 4194 9
5532 4239 9
5532 4656 9
5532 4769 9
5532 5697 9
5533 1623 9
5542 2640 9
5542 2929 9
5542 867 9
5547 2713 9
5547 5512 9
5547 6568 9
5548 111 9
5548 3082 9
5548 4070 9
5548 4717 9
5548 6585 9
5550 3277 9
5554 1307 9
5560 5271 9
5563 1409 9
5567 5326 9
5568 2735 9
5568 4471 9
5568 522 9
5568 6568 9
5568 822 9
5569 2000 9
5569 447 9
5570 169 9
5571 1352 9
5572 4134 9
5589 5183 9
5589 6857 9
560 479 9
560 6034 9
5600 3197 9
5604 4494 9
5604 5684 9
561 14 9
561 530 9
561 910 9
5611 5315 9
5616 6233 9
562 3197 9
562 5030 9
5625 562 9
5628 228 9
5628 2568 9
5628 3945 9
563 14 9
563 1927 9
563 2995 9
563 357 9
563 4060 9
563 447 9
563 4717 9
563 753 9
5631 4498 9
5634 7040 9
5637 2307 9
5637 2356 9
5637 4115 9
5637 6700 9
5640 600 9
5640 6662 9
5642 5765 9
5644 3566 9
5650 2824 9
5650 2825 9
5650 2840 9
5650 30 9
5650 3965 9
5650 4662 9
5650 5709 9
5650 5985 9
5650 654 9
5650 6882 9
5650 731 9
5654 2008 9
5654 3742 9
5655 1217 9
5655 268 9
5655 270 9
5655 3561 9
5655 91 9
5657 2257 9
5657 2263 9
5657 3443 9
5657 600 9
5659 77 9
566 3990 9
566 53 9
566 753 9
5660 2008 9
5660 2028 9
5660 6817 9
5660 7200 9
5667 6348 9
5668 1968 9
5668 792 9
5673 3476 9
5679 2846 9
5679 5680 9
568 3076 9
568 3583 9
568 6316 9
568 6650 9
5680 2846 9
5680 5801 9
5682 6454 9
5686 1169 9
5686 6610 9
5689 1847 9
5692 6030 9
5696 4859 9
5696 7279 9
5697 1081 9
5697 1504 9
5697 1919 9
5697 238 9
5697 5370 9
5697 5611 9
5699 1050 9
5701 1201 9
5701 3083 9
5701 3534 9
5701 6339 9
5709 3429 9
5709 4854 9
5719 4611 9
5719 4630 9
5719 5976 9
572 3081 9
572 3849 9
572 4054 9
5722 4863 9
5729 4000 9
5729 473 9
5729 5730 9
5729 581 9
5729 6571 9
5729 6571 9
5729 6571 9
5729 6571 9
5729 6665 9
5729 6725 9
5729 6769 9
5729 6769 9
573 2714 9
573 3018 9
573 333 9
573 3540 9
5730 5729 9
5730 6571 9
5736 3535 9
5736 3837 9
5739 5695 9
574 383 9
574 42 9
5740 5183 9
5742 3462 9
5742 4836 9
5742 6863 9
5753 2253 9
576 116 9
576 1527 9
576 197 9
576 4656 9
5761 1091 9
5761 1150 9
5762 1039 9
5765 3851 9
5765 5518 9
5767 1200 9
5767 1818 9
5767 715 9
577 118 9
577 138 9
577 2796 9
5772 1081 9
5772 2369 9
5772 270 9
5772 3548 9
5772 893 9
5775 2443 9
5775 2461 9
5775 4879 9
578 3919 9
578 488 9
5782 2532 9
5782 337 9
5782 3431 9
5782 3606 9
5782 5991 9
5782 6168 9
5782 6685 9
5785 3570 9
5785 5824 9
579 1973 9
579 2681 9
579 3396 9
579 372 9
579 3908 9
579 4139 9
579 5430 9
579 649 9
579 700 9
579 749 9
5791 258 9
5791 2716 9
5792 6101 9
580 1529 9
580 1529 9
580 172 9
580 1791 9
580 2574 9
580 519 9
5801 5679 9
5802 5803 9
5802 5804 9
5802 5888 9
5803 3871 9
5803 5802 9
5804 5859 9
5804 5888 9
5804 5888 9
5804 6492 9
5805 4130 9
581 2032 9
581 3163 9
581 3533 9
581 473 9
581 4752 9
581 5729 9
581 6175 9
5813 3114 9
5813 3968 9
5813 4040 9
5813 6810 9
5816 2811 9
5818 7048 9
5818 746 9
5821 3631 9
5821 6454 9
5824 4012 9
5824 491 9
5827 2464 9
5827 4139 9
5829 6119 9
5831 5914 9
5832 167 9
5833 5047 9
5833 5834 9
5834 4818 9
5834 5047 9
5835 6390 9
5840 246 9
5843 2383 9
5844 3897 9
5844 6547 9
5844 687 9
5844 773 9
5844 816 9
5845 3218 9
5849 4731 9
5850 213 9
5850 2724 9
5851 1498 9
5851 3246 9
5851 6583 9
5851 960 9
5857 2412 9
5857 3112 9
5857 408 9
5857 4338 9
5857 4707 9
5858 376 9
5858 3867 9
5858 4031 9
5858 5805 9
5858 6082 9
5858 6362 9
5858 7197 9
5859 3871 9
5859 5802 9
5859 5803 9
5859 5804 9
5859 5888 9
5859 5888 9
5859 7033 9
586 387 9
586 519 9
586 545 9
5862 4245 9
5862 4815 9
5862 5899 9
5862 6364 9
5862 7064 9
5863 3706 9
5871 4629 9
5871 5468 9
5872 415 9
5872 6289 9
5873 2020 9
5873 4385 9
588 3347 9
588 906 9
5880 6929 9
5881 3609 9
5881 6937 9
5882 4510 9
5882 6929 9
5886 128 9
5886 4285 9
5886 6914 9
5886 6915 9
5886 83 9
5888 3159 9
5888 5802 9
5888 5803 9
5888 5804 9
5889 6299 9
589 1992 9
589 285 9
589 3897 9
589 4638 9
589 756 9
589 947 9
5891 1057 9
5891 3593 9
5891 400 9
5894 5862 9
5895 1945 9
5895 3449 9
5895 3766 9
5895 754 9
5899 6856 9
59 108 9
59 2819 9
59 2971 9
590 2714 9
590 3710 9
590 472 9
590 6917 9
590 7270 9
5900 4052 9
5901 5878 9
5901 5899 9
5901 5900 9
5901 6112 9
5903 2040 9
5903 5949 9
5903 6989 9
5905 697 9
5907 3953 9
5908 3272 9
5908 4566 9
5908 5263 9
5908 6384 9
5908 6598 9
5908 6606 9
5909 6963 9
5909 6963 9
5910 1634 9
5910 2826 9
5910 6302 9
5913 4593 9
5913 5568 9
5914 114 9
5914 223 9
5914 5994 9
5916 4840 9
5916 5917 9
5916 5930 9
5917 4080 9
5917 5930 9
5917 6067 9
5919 4303 9
592 5959 9
5922 1109 9
5922 1942 9
5922 2189 9
5922 3054 9
5922 3814 9
5922 5264 9
5923 332 9
5923 3525 9
5923 4303 9
5923 6 9
5923 7230 9
5924 3654 9
5927 4806 9
5927 5842 9
5928 2723 9
5928 3195 9
5928 632 9
5928 863 9
5929 5916 9
5929 5955 9
593 1201 9
593 2511 9
593 2716 9
593 2735 9
593 3921 9
593 4356 9
593 4379 9
593 5278 9
593 852 9
5930 4080 9
5930 4080 9
5930 4840 9
5931 3081 9
5931 3852 9
5931 4204 9
5931 4613 9
5931 4707 9
5931 4934 9
5931 5857 9
5931 6316 9
5931 6423 9
5931 7179 9
5932 3572 9
5933 5857 9
5934 113 9
5934 166 9
5934 3965 9
5937 2919 9
5937 6082 9
5939 3392 9
5939 6082 9
5942 167 9
5942 5998 9
5943 692 9
5948 6916 9
5949 3452 9
5949 3477 9
5949 5948 9
5949 5948 9
595 196 9
595 3835 9
595 5390 9
595 552 9
5951 4513 9
5951 4629 9
5951 5548 9
5951 6936 9
5955 4840 9
5955 5917 9
5955 5930 9
5959 4611 9
596 259 9
596 4247 9
596 5772 9
5960 1134 9
5963 4610 9
5963 7067 9
5963 7236 9
5964 2008 9
5964 2726 9
5964 4954 9
5964 502 9
5964 827 9
5966 6560 9
5971 3525 9
5971 4309 9
5971 4887 9
5971 6155 9
5971 6155 9
5971 6952 9
5974 6946 9
5974 7126 9
5975 3941 9
5975 3954 9
5975 4537 9
5976 3521 9
5976 5871 9
5977 6028 9
5981 4861 9
5983 3455 9
5985 3755 9
5985 4276 9
5985 4609 9
5985 4624 9
5985 7207 9
599 395 9
5991 3446 9
5991 6021 9
5994 101 9
5994 167 9
5994 4538 9
5994 5831 9
5994 5914 9
5994 712 9
5996 6052 9
5997 1676 9
5997 5994 9
5998 114 9
5998 3113 9
5998 3506 9
6 128 9
6 2008 9
6 3113 9
6 39 9
6 7115 9
6 7166 9
6 870 9
60 2223 9
60 2224 9
600 1891 9
600 2155 9
600 2403 9
600 2575 9
600 6137 9
600 6561 9
600 7274 9
6000 180 9
6001 5971 9
6001 6 9
6001 6066 9
6001 7236 9
6002 114 9
6002 3101 9
6003 4057 9
6003 4471 9
6003 6395 9
6005 3151 9
6006 332 9
6006 4309 9
6006 46 9
6006 876 9
6006 876 9
6009 4896 9
6009 6715 9
6009 916 9
6010 3710 9
6010 444 9
6010 4492 9
6016 396 9
6017 3029 9
6017 3169 9
6018 694 9
6019 4582 9
6019 5719 9
6019 6686 9
6020 1005 9
6021 1005 9
6021 2142 9
6021 3446 9
6021 353 9
6021 5782 9
6021 649 9
6022 1114 9
6022 3460 9
6024 2011 9
6024 4520 9
6026 4835 9
6026 6177 9
6026 7079 9
6028 4554 9
603 1576 9
603 3431 9
603 4062 9
603 5829 9
6030 2716 9
6030 651 9
6031 1183 9
6034 479 9
6034 919 9
6039 1862 9
6039 5851 9
604 1782 9
604 5199 9
604 6726 9
6040 1827 9
6040 4460 9
6042 3353 9
6046 4873 9
6046 5919 9
6046 6176 9
605 3056 9
605 3081 9
605 510 9
605 519 9
605 64 9
605 7276 9
6050 2847 9
6050 3169 9
6050 4282 9
6050 4852 9
6050 859 9
6052 1004 9
6053 3011 9
6054 6858 9
6066 251 9
6066 4625 9
6066 5931 9
6066 6155 9
6066 7049 9
6067 2793 9
6067 3583 9
6067 4080 9
6069 24 9
6071 6808 9
6073 4689 9
6073 4704 9
6073 636 9
6078 4379 9
6080 3293 9
6080 4835 9
6083 5804 9
6083 7065 9
6085 1183 9
6085 2676 9
6085 3244 9
6085 3267 9
609 298 9
609 2999 9
609 41 9
609 4372 9
609 4781 9
609 549 9
609 6739 9
6093 1533 9
6093 2814 9
6093 3835 9
6093 5176 9
6094 1985 9
6095 3568 9
6096 5263 9
6096 5907 9
6097 4835 9
61 1958 9
61 2721 9
61 32 9
61 3317 9
61 5840 9
610 257 9
610 2890 9
610 3533 9
610 36 9
610 3789 9
610 472 9
610 65 9
610 738 9
610 872 9
610 950 9
6101 5792 9
6103 4499 9
6103 4593 9
6103 5851 9
6103 6276 9
6103 6673 9
6105 6578 9
6109 133 9
6109 1796 9
6109 1818 9
6109 6354 9
6112 4498 9
6112 4582 9
6112 6435 9
6112 6970 9
6114 260 9
6114 3987 9
6114 6628 9
6114 6766 9
6115 248 9
6116 388 9
6119 3423 9
6119 3431 9
6119 6173 9
6123 2888 9
6125 1574 9
6125 166 9
6125 3252 9
6125 3940 9
6125 3962 9
6125 3965 9
6125 6104 9
6125 6167 9
6125 744 9
6126 3423 9
6127 4746 9
6130 266 9
6131 1100 9
6132 1866 9
6132 3953 9
6133 6986 9
6133 6994 9
6136 6024 9
6137 1891 9
6137 3150 9
6137 5392 9
6137 5433 9
6137 5640 9
6137 5657 9
6137 6579 9
6137 7186 9
6139 491 9
6139 6886 9
614 3979 9
614 4493 9
614 4493 9
614 4527 9
6140 6696 9
6141 6142 9
6144 3154 9
6144 3462 9
6144 4653 9
6146 2810 9
6146 3163 9
6146 3538 9
6146 4052 9
6146 4821 9
6146 6181 9
6146 6349 9
6146 6769 9
6146 7161 9
6148 7292 9
6149 3549 9
6155 3820 9
6155 4887 9
6155 5880 9
6155 7212 9
6157 1548 9
6157 2348 9
6157 3201 9
6157 3623 9
6157 4028 9
6157 4200 9
6157 4205 9
6159 6918 9
616 3468 9
6160 4515 9
6160 4698 9
6161 2355 9
6162 1602 9
6166 4742 9
6168 121 9
6168 1975 9
6168 353 9
6168 5279 9
6168 5991 9
6168 6020 9
6168 6021 9
6168 721 9
6169 2004 9
6169 6791 9
6170 3940 9
6172 3695 9
6173 2721 9
6174 581 9
6175 6146 9
6175 7205 9
6176 1650 9
6176 5882 9
6184 4637 9
6185 7034 9
6189 405 9
6192 3518 9
6192 3599 9
6192 528 9
6193 1988 9
6193 2503 9
6193 6694 9
6193 7046 9
6194 6233 9
6195 6524 9
6197 6198 9
6197 6199 9
6198 6199 9
6198 6215 9
6198 6592 9
6199 6633 9
62 1244 9
62 178 9
62 183 9
62 232 9
62 357 9
62 692 9
6200 3120 9
6203 6809 9
6207 4467 9
6209 387 9
6209 405 9
6209 473 9
621 1498 9
621 2240 9
621 3789 9
621 4862 9
621 6010 9
621 64 9
6210 3976 9
6214 963 9
6215 2832 9
6215 3380 9
6215 4053 9
6215 4295 9
6215 6054 9
6215 6199 9
6215 6423 9
6215 6592 9
6215 6633 9
6215 6858 9
622 227 9
622 235 9
622 2840 9
622 5411 9
622 5542 9
622 670 9
622 956 9
6222 1215 9
6222 827 9
6226 2312 9
6226 3026 9
623 1005 9
623 2988 9
623 3073 9
623 3079 9
623 414 9
623 456 9
623 659 9
6230 6290 9
6230 6291 9
6233 4324 9
6233 6487 9
6243 4699 9
6245 6210 9
6248 6232 9
6249 4554 9
6250 6829 9
6251 3161 9
6251 4680 9
6251 4896 9
6251 6252 9
6252 2369 9
6253 1672 9
6254 1366 9
6254 1672 9
6254 3106 9
6254 4135 9
6254 6253 9
6254 6848 9
6255 1366 9
6255 3106 9
6255 6254 9
6256 7178 9
626 651 9
626 6644 9
6263 4337 9
6265 4808 9
6266 3595 9
6266 5719 9
627 2370 9
627 2653 9
627 3276 9
627 4373 9
6270 2178 9
6270 6009 9
6275 5838 9
6276 4493 9
6284 128 9
6284 163 9
6284 34 9
6286 4757 9
6289 5862 9
6290 2837 9
6290 6291 9
6291 2837 9
6291 6706 9
6291 6737 9
6294 169 9
6294 1984 9
6294 364 9
6302 3154 9
6302 3629 9
6302 4307 9
6302 4763 9
6302 7070 9
6304 4324 9
6307 5042 9
6308 6852 9
6308 6872 9
6309 6318 9
6310 6309 9
6310 6520 9
6316 4080 9
6316 568 9
6316 6986 9
6316 6994 9
6317 472 9
6318 6320 9
632 5824 9
6320 6520 9
6320 6543 9
6320 6829 9
6320 6932 9
633 1187 9
633 1216 9
633 530 9
633 7262 9
633 830 9
6332 6030 9
6337 180 9
634 3406 9
634 471 9
634 471 9
6340 405 9
6340 577 9
6342 1052 9
6346 4058 9
6346 415 9
6346 4932 9
6348 2356 9
6348 7210 9
635 1791 9
635 2574 9
635 3079 9
635 3524 9
635 3873 9
635 580 9
635 623 9
6354 1735 9
6354 224 9
6354 4144 9
6357 3737 9
636 6847 9
6362 3871 9
6362 5804 9
637 1871 9
637 3044 9
637 685 9
6371 3204 9
6379 128 9
6379 39 9
6379 68 9
6383 3897 9
6383 51 9
6383 6604 9
6383 6757 9
6383 7245 9
6384 166 9
6384 2067 9
6384 2755 9
6388 287 9
6392 1819 9
6395 4557 9
6396 114 9
6396 3506 9
64 1117 9
64 1533 9
64 2872 9
64 2988 9
64 3693 9
64 3985 9
64 4001 9
64 5891 9
640 4183 9
640 7141 9
6400 5909 9
6401 1121 9
6407 2086 9
6407 3839 9
6409 3935 9
6409 4131 9
641 1200 9
641 657 9
6410 2188 9
6410 2810 9
6410 3582 9
6419 303 9
642 3261 9
642 6565 9
642 6742 9
6423 2412 9
6423 3837 9
6423 4707 9
6423 5951 9
6427 1091 9
6427 5250 9
6427 5761 9
643 2200 9
643 6711 9
643 816 9
643 973 9
6430 3586 9
6432 3120 9
6432 4549 9
644 1210 9
644 2847 9
644 3650 9
644 3813 9
644 4328 9
644 45 9
6440 1187 9
6440 4053 9
6440 466 9
6441 6338 9
6447 1327 9
6447 158 9
6447 2447 9
6454 4162 9
6455 6493 9
6457 5571 9
6458 1209 9
6458 4165 9
646 6340 9
6467 5719 9
6470 6972 9
6476 4162 9
6479 3073 9
648 3415 9
6480 4820 9
6480 7001 9
6481 3751 9
6481 4169 9
649 3326 9
649 4771 9
649 6168 9
649 6873 9
649 700 9
6490 1661 9
6490 4485 9
6490 4493 9
6490 4551 9
6490 7184 9
6493 7077 9
6493 7290 9
6498 5977 9
6498 6249 9
65 21 9
65 282 9
6502 7010 9
6506 3085 9
6506 6970 9
6509 1070 9
6509 1120 9
651 3533 9
651 6030 9
651 674 9
6516 914 9
652 1241 9
652 1634 9
652 3629 9
6520 6318 9
6520 6932 9
6522 6262 9
6522 7047 9
6522 7092 9
6523 6877 9
6523 6949 9
653 2090 9
653 272 9
653 2796 9
653 30 9
653 467 9
653 654 9
653 659 9
6531 3953 9
6535 6299 9
6535 6872 9
6536 5250 9
654 272 9
654 3647 9
6542 2166 9
6542 6050 9
6542 756 9
6543 6318 9
655 3762 9
655 4624 9
6551 526 9
6551 6266 9
6555 1275 9
6555 1522 9
6555 1668 9
6555 1692 9
6556 5156 9
6557 3190 9
6557 5963 9
6558 6880 9
6559 4080 9
6559 4831 9
6559 5916 9
6559 6067 9
6559 6560 9
656 1179 9
656 1529 9
656 1926 9
656 193 9
656 330 9
656 4485 9
656 838 9
656 842 9
6560 4080 9
6560 5930 9
6560 5955 9
6560 6682 9
6561 2575 9
6561 6137 9
6563 4336 9
6563 4731 9
6563 6653 9
6564 1758 9
6565 3844 9
6566 1428 9
6566 2242 9
6566 3835 9
6567 5547 9
6567 6568 9
6567 6569 9
6568 4471 9
6568 5512 9
6568 6599 9
6569 6599 9
657 1070 9
657 1200 9
657 1818 9
657 1866 9
657 224 9
657 4250 9
6570 6571 9
6571 5729 9
6571 5729 9
6571 5729 9
6571 6725 9
6572 1286 9
6572 3112 9
6572 328 9
6572 4060 9
6572 4880 9
6572 5963 9
6572 7067 9
6573 5189 9
6573 5215 9
6574 4699 9
6575 6573 9
6575 6574 9
6577 3565 9
6577 5198 9
6577 6620 9
6577 7243 9
6578 394 9
6579 5737 9
6580 3530 9
6580 65 9
6580 651 9
6582 3262 9
6582 3446 9
6582 5279 9
6582 6105 9
6583 5901 9
6584 1854 9
6584 3612 9
6585 2714 9
6585 4183 9
6585 4467 9
6585 842 9
6586 4712 9
6586 6722 9
6587 1221 9
6588 3073 9
6588 6583 9
6589 6760 9
659 12 9
659 188 9
659 3540 9
659 421 9
659 467 9
659 653 9
659 801 9
6590 2319 9
6590 4883 9
6590 614 9
6590 6591 9
6592 3380 9
6592 4375 9
6593 4574 9
6593 6614 9
6594 3307 9
6594 4082 9
6595 114 9
6595 223 9
6595 39 9
6595 4542 9
6595 6605 9
6595 712 9
6596 2800 9
6596 4582 9
6597 3504 9
6598 1196 9
6598 3272 9
6598 5263 9
6599 5498 9
6599 6567 9
66 1296 9
66 3168 9
66 3416 9
66 3893 9
66 522 9
660 1987 9
660 1988 9
660 2307 9
660 2650 9
660 2665 9
660 3630 9
660 4075 9
660 4125 9
660 4137 9
660 7195 9
6600 4656 9
6601 4699 9
6603 1698 9
6603 3219 9
6604 973 9
6605 2209 9
6605 3137 9
6605 38 9
6605 4510 9
6605 5914 9
6606 1196 9
6606 1680 9
6606 1957 9
6606 268 9
6606 3785 9
6606 4187 9
6606 5363 9
6606 5974 9
6606 6704 9
6607 3218 9
6609 501 9
661 1153 9
6610 6674 9
6611 4272 9
6611 4768 9
6612 3357 9
6613 6590 9
6614 2735 9
6614 563 9
6615 6557 9
6615 6688 9
6615 67 9
6615 90 9
6616 2319 9
6616 4712 9
6619 5468 9
662 3832 9
662 7246 9
6620 1739 9
6620 5198 9
6621 6622 9
6623 2178 9
6623 240 9
6623 25 9
6623 2721 9
6623 61 9
6624 6480 9
6624 6625 9
6624 6876 9
6626 3519 9
6627 19 9
6627 6424 9
6629 268 9
6629 3250 9
663 3647 9
663 3808 9
6630 6631 9
6631 258 9
6631 3061 9
6631 59 9
6632 6778 9
6633 4375 9
6633 6197 9
6633 6198 9
6634 5512 9
6634 6569 9
6635 1226 9
6636 3716 9
6637 1988 9
6637 4112 9
6637 6414 9
6637 7232 9
6639 6092 9
664 2021 9
664 2393 9
664 2467 9
664 2655 9
664 3503 9
664 47 9
6641 3467 9
6642 4145 9
6642 6643 9
6644 4443 9
6644 4872 9
6646 5100 9
6646 6647 9
6647 4159 9
6648 327 9
6648 327 9
6649 2356 9
6649 5637 9
6650 4080 9
6650 6133 9
6650 6651 9
6650 6840 9
6650 7104 9
6651 6133 9
6651 6967 9
6653 391 9
6653 5719 9
6653 6654 9
6655 3615 9
6655 6656 9
6655 6657 9
6655 6658 9
6656 6658 9
6656 6661 9
6657 6656 9
6657 6658 9
6658 6661 9
6659 710 9
6660 4313 9
6660 4423 9
6660 6820 9
6660 6838 9
6660 6924 9
6660 6942 9
6661 6655 9
6661 6657 9
6662 2698 9
6662 7239 9
6663 6042 9
6663 6330 9
6665 6558 9
6665 6680 9
6666 6624 9
6666 6667 9
6668 6669 9
6669 6930 9
6670 4808 9
6672 4348 9
6673 2634 9
6673 3966 9
6675 3535 9
6676 3266 9
6676 7232 9
6677 3816 9
6677 4820 9
6677 6624 9
6678 1045 9
6679 2903 9
668 101 9
6680 6570 9
6681 5849 9
6682 5966 9
6682 6067 9
6683 1879 9
6683 6610 9
6684 2793 9
6684 6559 9
6685 796 9
6687 125 9
6687 3742 9
6687 4533 9
6687 6610 9
6688 4511 9
6689 4331 9
6689 5654 9
6689 6687 9
6690 3703 9
6691 1148 9
6691 1196 9
6691 1924 9
6691 2392 9
6691 303 9
6691 3362 9
6691 3363 9
6691 3549 9
6693 5579 9
6693 6280 9
6695 3190 9
6695 5824 9
6695 6590 9
6697 6290 9
6697 6291 9
6698 2329 9
6698 2680 9
6699 2329 9
6699 2680 9
67 172 9
67 4883 9
67 952 9
670 1719 9
670 3107 9
670 3162 9
670 4356 9
670 5411 9
670 5772 9
670 6384 9
670 837 9
6700 5502 9
6700 6649 9
6701 3180 9
6702 6619 9
6704 2735 9
6705 2837 9
6705 6230 9
6705 6290 9
6705 6706 9
6706 2837 9
6706 6230 9
6707 1206 9
6707 1968 9
6707 219 9
6709 236 9
6711 762 9
6711 791 9
6712 3833 9
6713 6865 9
6714 6641 9
6717 6195 9
6718 6719 9
6720 6638 9
6721 245 9
6721 266 9
6722 372 9
6722 4028 9
6722 4596 9
6722 4610 9
6722 6563 9
6723 1645 9
6723 2391 9
6723 5577 9
6724 3742 9
6724 6689 9
6725 4047 9
6725 5729 9
6725 6571 9
6725 6769 9
6727 6559 9
6728 6729 9
673 1926 9
673 508 9
673 510 9
673 74 9
673 910 9
6732 468 9
6732 6470 9
6733 3420 9
6733 3431 9
6735 1070 9
6736 2837 9
6736 6291 9
6736 6737 9
6737 6230 9
6737 6705 9
6738 4159 9
6738 6646 9
6738 6647 9
6739 6317 9
6739 7193 9
674 3647 9
674 4653 9
674 663 9
6740 376 9
6741 3867 9
6743 6092 9
6743 6639 9
6745 6746 9
6746 6745 9
6747 3380 9
6747 6199 9
6748 2210 9
6749 2471 9
6749 975 9
6750 6751 9
6752 6730 9
6753 4853 9
6753 7286 9
6754 1118 9
6754 6755 9
6755 2575 9
6756 6655 9
6756 6657 9
6757 3221 9
6757 755 9
6757 762 9
6757 799 9
6758 507 9
6759 1229 9
6759 7128 9
6760 6590 9
6761 3799 9
6762 6763 9
6764 2210 9
6766 1362 9
6766 1949 9
6766 221 9
6766 2568 9
6766 315 9
6766 4796 9
6768 3431 9
6769 5729 9
6769 6181 9
6769 6571 9
6769 6725 9
6769 6725 9
677 687 9
677 791 9
6770 6625 9
6770 6771 9
6772 4742 9
6773 6774 9
6777 4889 9
6779 227 9
6780 6658 9
6781 6041 9
6782 2244 9
6783 6656 9
6783 6658 9
6784 125 9
6784 6610 9
6785 1327 9
6785 314 9
6785 3900 9
6785 394 9
6786 442 9
6788 520 9
6789 6790 9
6791 7253 9
6792 6033 9
6793 5977 9
6794 3186 9
6794 4467 9
6794 4594 9
6794 5913 9
6795 6577 9
6796 5849 9
6797 660 9
6798 3272 9
6799 5354 9
68 3105 9
68 5914 9
68 6605 9
6800 3346 9
6800 6801 9
6800 7267 9
6800 7298 9
6802 6703 9
6803 347 9
6803 6582 9
6804 3476 9
6804 552 9
6804 657 9
6805 4493 9
6807 4384 9
6809 6436 9
6810 4038 9
6811 2157 9
6811 236 9
6811 6976 9
6812 3751 9
6813 6535 9
6815 6816 9
6817 2028 9
6817 7090 9
6818 6819 9
6819 3739 9
6820 3599 9
6820 4608 9
6820 6650 9
6820 6653 9
6821 1949 9
6823 60 9
6823 6814 9
6824 1240 9
6824 6825 9
6825 5549 9
6826 6222 9
6826 6893 9
6827 3217 9
6827 4178 9
6827 6860 9
6827 745 9
6828 1568 9
6828 375 9
6829 6309 9
6829 6520 9
683 1169 9
683 4293 9
683 4773 9
6831 5100 9
6833 6834 9
6835 4077 9
6835 4423 9
6835 6836 9
6836 5568 9
6837 6838 9
684 14 9
684 193 9
684 251 9
684 330 9
684 440 9
684 465 9
684 568 9
684 822 9
6840 3157 9
6840 4815 9
6840 6133 9
6841 5548 9
6842 3774 9
6843 6844 9
6844 4669 9
6844 5881 9
6846 3106 9
6846 3784 9
6846 6254 9
6846 6255 9
6848 1672 9
6848 2357 9
6848 6255 9
6848 6846 9
6848 6850 9
6849 1786 9
6849 3666 9
685 1081 9
685 1131 9
685 2739 9
685 393 9
6850 2357 9
6850 6254 9
6850 6255 9
6850 6846 9
6851 6660 9
6852 4669 9
6853 690 9
6855 3916 9
6857 5183 9
6857 5740 9
6858 6859 9
6859 6054 9
6859 6215 9
6859 6885 9
6860 6978 9
6861 3176 9
6861 4245 9
6861 6395 9
6862 1477 9
6862 5360 9
6864 6713 9
6866 6867 9
6869 3590 9
6869 3696 9
687 3126 9
687 3169 9
687 6604 9
687 773 9
687 816 9
6870 3193 9
6871 482 9
6872 6892 9
6873 2142 9
6875 975 9
6877 4586 9
6878 5363 9
6881 1184 9
6883 6080 9
6884 2888 9
6884 299 9
6884 6698 9
6885 6054 9
6885 6215 9
6886 4012 9
6886 6887 9
6887 636 9
6888 1533 9
6888 4803 9
6889 6655 9
689 3799 9
6891 2581 9
6892 4669 9
6895 1709 9
6896 3587 9
6897 6203 9
6898 131 9
6898 183 9
6898 222 9
6898 254 9
6898 276 9
6899 791 9
690 1179 9
690 1836 9
690 6447 9
6900 3935 9
6900 6409 9
6901 3570 9
6901 365 9
6902 6873 9
6902 701 9
6902 787 9
6903 3600 9
6903 4557 9
6904 6926 9
6905 2635 9
6905 4324 9
6906 6826 9
6907 4423 9
6909 6767 9
691 1214 9
691 1985 9
691 3444 9
691 746 9
6910 1190 9
6911 2224 9
6911 6912 9
6912 2521 9
6914 1929 9
6915 2767 9
6915 3113 9
6915 6914 9
6916 3455 9
6916 5983 9
6917 4742 9
6917 6558 9
6918 3261 9
6918 642 9
6919 2085 9
6919 2142 9
6919 2445 9
6919 752 9
692 1571 9
692 1861 9
692 3024 9
692 6383 9
692 6604 9
6920 2084 9
6920 2445 9
6920 2919 9
6920 295 9
6920 4438 9
6920 5858 9
6920 6950 9
6922 6923 9
6924 2095 9
6927 6928 9
6928 7044 9
6929 1960 9
6929 2143 9
6929 3737 9
6929 7056 9
6930 128 9
6930 1653 9
6930 263 9
6930 4082 9
6931 2655 9
6931 3829 9
6933 6160 9
6934 2145 9
6935 3737 9
6935 3949 9
6935 3949 9
6935 4211 9
6935 5963 9
6935 7236 9
6938 6939 9
694 3452 9
694 695 9
6940 4854 9
6941 3423 9
6942 4586 9
6942 6835 9
6942 6836 9
6943 6944 9
6944 3462 9
6944 3463 9
6945 6215 9
6945 831 9
6947 6924 9
6947 6948 9
6947 6949 9
6948 6851 9
6949 444 9
6949 6877 9
695 6916 9
6950 157 9
6950 949 9
6952 3791 9
6952 4862 9
6952 6155 9
6952 7236 9
6953 4551 9
6954 3611 9
6956 2814 9
6957 1948 9
6958 4520 9
6959 6064 9
6960 3111 9
6960 3780 9
6960 4802 9
6960 6961 9
6961 4295 9
6963 2041 9
6963 5903 9
6963 5905 9
6963 697 9
6964 2020 9
6965 6966 9
6967 3092 9
6968 2491 9
6968 2584 9
6969 5138 9
6969 5668 9
6969 667 9
6969 7159 9
697 5909 9
697 6963 9
6970 4574 9
6970 4629 9
6970 4629 9
6971 3304 9
6973 5652 9
6975 2355 9
6976 2847 9
6976 3648 9
6976 4782 9
6977 6502 9
6979 5657 9
6980 6908 9
6981 6130 9
6982 4753 9
6982 6966 9
6983 7 9
6984 974 9
6985 7041 9
6986 4098 9
6986 568 9
6987 1869 9
6987 1870 9
6988 3260 9
6989 770 9
6992 6993 9
6994 2011 9
6994 6558 9
6994 6986 9
6994 6986 9
6994 7083 9
6996 1171 9
6996 5075 9
6997 1448 9
6998 6719 9
6999 295 9
700 1675 9
700 749 9
7003 3346 9
7003 6801 9
7003 6801 9
7003 7268 9
7004 4574 9
7005 7006 9
7005 7006 9
7007 6860 9
7008 5221 9
7009 6185 9
701 6920 9
701 6999 9
701 739 9
7011 1448 9
7012 6839 9
7012 7013 9
7016 1607 9
7017 196 9
7017 7018 9
7018 1533 9
7019 6160 9
7022 7023 9
7024 4043 9
7025 7026 9
7027 1121 9
7027 1847 9
7028 1448 9
7029 3347 9
7029 5419 9
7029 6888 9
703 3602 9
7031 3935 9
7032 7033 9
7034 7009 9
7034 7035 9
7036 1681 9
7037 1050 9
7037 1170 9
7038 7083 9
7039 4473 9
704 179 9
704 2903 9
704 3063 9
704 3700 9
7042 4092 9
7045 5804 9
7047 4545 9
7049 2240 9
7049 5919 9
7049 7120 9
7049 7233 9
7050 4334 9
7051 3267 9
7051 4835 9
7052 4151 9
7053 1170 9
7053 1203 9
7053 6307 9
7054 7055 9
7055 1057 9
7056 1960 9
7056 3737 9
7056 6929 9
7057 7034 9
7059 223 9
7059 3101 9
7059 7060 9
706 3918 9
7061 4838 9
7062 1062 9
7062 1571 9
7062 227 9
7063 4438 9
7065 2374 9
7065 6362 9
7066 6902 9
7067 3949 9
7067 4211 9
7067 6935 9
7067 7068 9
7069 1199 9
707 111 9
707 1169 9
707 1371 9
707 21 9
707 2714 9
707 3518 9
707 4383 9
707 6215 9
707 831 9
7070 1459 9
7070 3462 9
7070 4276 9
7070 4843 9
7070 674 9
7070 7071 9
7070 7206 9
7070 7207 9
7071 4843 9
7071 7070 9
7072 334 9
7072 376 9
7073 7080 9
7077 4162 9
7077 7078 9
7078 3663 9
7078 3664 9
7079 1188 9
7079 3695 9
7079 4112 9
7080 6961 9
7081 4142 9
7082 6137 9
7083 6650 9
7084 3497 9
7085 7086 9
7086 7172 9
7087 6309 9
7087 806 9
7088 4843 9
7088 7070 9
7088 7071 9
7089 3120 9
709 5925 9
7092 6262 9
7093 2268 9
7095 1295 9
7095 1303 9
7095 4313 9
7095 4668 9
7097 4698 9
7097 632 9
7098 1885 9
7098 5194 9
7100 7101 9
7102 3879 9
7103 6670 9
7104 2031 9
7104 3583 9
7106 4440 9
7107 3900 9
7109 7110 9
7110 7111 9
7111 491 9
7111 5824 9
7111 7280 9
7112 7113 9
7114 1675 9
7114 2817 9
7114 4035 9
7114 4035 9
7115 870 9
7116 1614 9
7116 3622 9
7117 7051 9
7119 4430 9
7119 6307 9
712 1280 9
712 3137 9
712 4547 9
712 46 9
712 5831 9
712 6379 9
7120 3662 9
7120 4270 9
7122 4115 9
7123 3532 9
7124 6028 9
7127 4115 9
7128 7129 9
7130 4802 9
7130 7131 9
7132 1122 9
7132 3476 9
7132 6132 9
7133 51 9
7133 644 9
7134 2133 9
7135 6759 9
7136 7192 9
7136 932 9
7137 7079 9
7140 4698 9
7140 7097 9
7141 3446 9
7142 1103 9
7143 4393 9
7144 3913 9
7144 6123 9
7145 4144 9
7146 871 9
7147 7093 9
7148 3780 9
7148 7080 9
7149 4056 9
715 1095 9
715 220 9
715 3707 9
715 4251 9
715 6354 9
715 6890 9
7151 3771 9
7153 689 9
7154 1103 9
7154 1122 9
7154 4536 9
7155 4703 9
7156 7157 9
7158 1235 9
7158 4270 9
7159 1176 9
7159 1219 9
7162 806 9
7164 3276 9
7164 394 9
7164 5782 9
7165 3250 9
7165 52 9
7167 6587 9
7168 38 9
7169 6285 9
717 719 9
7171 114 9
7175 2294 9
7179 4053 9
7179 4807 9
7180 1439 9
7180 6010 9
7181 1184 9
7181 2172 9
7182 7188 9
7183 3552 9
7183 4493 9
7183 6490 9
7183 7184 9
7184 3956 9
7184 4485 9
7184 4673 9
7184 6490 9
7185 1623 9
7185 219 9
7186 600 9
7187 3832 9
7187 662 9
7188 7189 9
7188 847 9
7189 4439 9
719 2888 9
7190 5943 9
7191 7192 9
7192 7136 9
7192 7191 9
7192 932 9
7193 6349 9
7194 314 9
7194 44 9
7196 766 9
7197 1976 9
7197 248 9
7198 1545 9
7199 3462 9
72 3464 9
72 77 9
720 3057 9
720 476 9
7200 3989 9
7201 7202 9
7201 7203 9
7203 3553 9
7204 1313 9
7205 3710 9
7205 3976 9
7206 3808 9
7206 4277 9
7206 5910 9
7207 3463 9
7207 4657 9
7208 145 9
7208 2902 9
7209 6348 9
7209 7210 9
721 1044 9
721 1091 9
721 2250 9
721 4274 9
721 4333 9
721 5891 9
721 6354 9
721 664 9
7210 7223 9
7211 1482 9
7211 2253 9
7212 1650 9
7212 4862 9
7213 4277 9
7213 5985 9
7215 2902 9
7216 6348 9
7216 7217 9
7217 6348 9
7217 7251 9
7219 7196 9
7219 7220 9
722 3762 9
722 655 9
7221 2129 9
7223 7217 9
7224 1114 9
7224 4120 9
7225 4873 9
7225 6155 9
7226 1098 9
7226 1981 9
7226 237 9
7227 2819 9
7227 3623 9
7227 815 9
7227 945 9
7228 5894 9
7228 7238 9
7229 1282 9
7229 332 9
7229 4309 9
7229 871 9
7230 4862 9
7230 6155 9
7231 3972 9
7233 332 9
7233 4883 9
7233 5880 9
7234 327 9
7234 5628 9
7235 4513 9
7235 5548 9
7236 4211 9
7236 4883 9
7236 5923 9
7236 6572 9
7236 7067 9
7237 6136 9
7237 6651 9
7237 6994 9
7241 2800 9
7241 6146 9
7242 6148 9
7243 4505 9
7246 1256 9
7246 7187 9
7247 662 9
7248 162 9
7248 394 9
725 1082 9
725 112 9
725 1424 9
725 2055 9
725 3836 9
725 3974 9
725 4932 9
725 864 9
7251 7210 9
7251 7223 9
7252 6791 9
7252 7253 9
7253 3716 9
7255 6249 9
7255 7256 9
7257 7258 9
7257 7259 9
7259 7258 9
7260 7259 9
7261 6127 9
7262 1187 9
7262 1216 9
7262 633 9
7263 3431 9
7264 1981 9
7264 704 9
7265 7266 9
7267 1451 9
7267 6144 9
7267 652 9
7267 6997 9
7267 7070 9
7267 7268 9
7267 776 9
7269 7083 9
7269 7237 9
7271 147 9
7272 7273 9
7275 5243 9
7276 4742 9
7276 852 9
7278 539 9
7279 7211 9
728 2311 9
728 684 9
728 753 9
7280 6183 9
7281 1650 9
7281 5923 9
7282 3194 9
7283 6739 9
7284 5387 9
7285 332 9
7286 4349 9
7287 1206 9
7287 1234 9
7288 6136 9
7288 684 9
7291 5936 9
7293 7291 9
7294 7283 9
7295 776 9
7301 4050 9
731 3312 9
731 3429 9
731 6940 9
731 833 9
733 610 9
733 6270 9
736 1889 9
736 3344 9
736 623 9
736 706 9
736 910 9
737 5905 9
739 178 9
739 2366 9
739 3611 9
739 4803 9
739 5241 9
74 66 9
74 6861 9
74 6977 9
740 185 9
740 300 9
741 1125 9
741 1177 9
741 1354 9
741 138 9
741 3598 9
741 910 9
742 1482 9
742 303 9
742 3348 9
742 4773 9
745 4291 9
745 4980 9
746 446 9
747 1536 9
748 1196 9
748 1415 9
748 1968 9
748 1985 9
748 3416 9
748 42 9
748 507 9
748 536 9
748 82 9
748 827 9
749 6919 9
749 6920 9
749 701 9
75 220 9
752 1222 9
752 2711 9
752 2919 9
752 4139 9
752 42 9
753 14 9
753 2796 9
753 2836 9
753 3592 9
753 3849 9
753 4076 9
753 4078 9
753 461 9
753 465 9
754 5996 9
755 2847 9
755 3213 9
755 3968 9
755 4038 9
755 7190 9
756 124 9
756 219 9
756 4144 9
756 4760 9
756 4774 9
756 6050 9
756 6390 9
756 715 9
759 1200 9
759 1297 9
759 1571 9
759 224 9
759 3463 9
759 4648 9
759 4768 9
759 6354 9
759 655 9
759 657 9
76 179 9
76 214 9
762 3970 9
762 4748 9
763 5905 9
767 2447 9
767 4249 9
767 690 9
77 1778 9
77 1942 9
77 2724 9
771 2883 9
772 1122 9
772 4307 9
772 7132 9
773 3114 9
773 644 9
773 644 9
773 6899 9
773 755 9
773 882 9
775 2165 9
775 2181 9
775 643 9
776 4128 9
776 6787 9
78 266 9
78 2952 9
784 3956 9
784 4932 9
787 1221 9
787 2680 9
787 2711 9
787 2843 9
787 3683 9
789 1005 9
789 1244 9
789 1854 9
789 19 9
789 1933 9
789 2189 9
789 264 9
789 3395 9
789 4287 9
79 3598 9
79 5922 9
790 2181 9
791 3214 9
791 4071 9
796 1975 9
796 3606 9
798 2723 9
798 3085 9
798 4582 9
798 842 9
8 4060 9
8 946 9
801 3215 9
801 467 9
801 537 9
801 659 9
802 3857 9
803 1482 9
803 2143 9
803 234 9
803 4656 9
806 2329 9
807 1035 9
807 109 9
807 579 9
815 1472 9
815 1963 9
816 1235 9
816 2200 9
816 644 9
82 189 9
82 3073 9
82 3135 9
82 3743 9
82 4535 9
82 6114 9
822 4439 9
824 1049 9
825 2755 9
826 259 9
826 3925 9
827 23 9
827 383 9
827 4338 9
827 443 9
828 1244 9
828 452 9
828 5775 9
829 4705 9
829 4709 9
829 6073 9
83 147 9
83 3101 9
83 330 9
83 4285 9
830 530 9
830 538 9
830 633 9
831 2832 9
831 4053 9
831 416 9
831 4896 9
831 496 9
831 610 9
833 185 9
833 300 9
833 510 9
833 573 9
833 673 9
838 3189 9
840 2333 9
840 3377 9
842 4485 9
842 456 9
842 545 9
842 6585 9
842 798 9
844 1498 9
844 4707 9
844 5931 9
847 4439 9
847 4629 9
847 7182 9
848 1183 9
848 1677 9
848 2676 9
848 3106 9
848 3244 9
848 3293 9
848 3695 9
848 4112 9
848 4912 9
848 5351 9
848 6085 9
849 2196 9
849 2443 9
849 2652 9
849 385 9
849 5775 9
849 913 9
85 3129 9
85 4308 9
851 538 9
852 1260 9
852 4949 9
852 5363 9
852 605 9
852 974 9
853 3823 9
853 5651 9
853 6882 9
859 3134 9
859 4282 9
859 4282 9
859 4328 9
859 4328 9
859 4774 9
859 4774 9
859 4852 9
859 4852 9
859 756 9
86 114 9
86 3113 9
86 4540 9
86 4547 9
862 1210 9
862 211 9
862 476 9
862 537 9
862 816 9
863 3069 9
863 4323 9
863 4471 9
863 4611 9
864 1424 9
864 1424 9
864 4932 9
867 3150 9
867 3602 9
867 6137 9
868 703 9
869 2233 9
871 1235 9
871 2240 9
871 4309 9
871 5971 9
871 6006 9
871 6952 9
871 7230 9
871 7236 9
872 2055 9
872 3503 9
872 4139 9
872 725 9
872 741 9
873 1424 9
876 4887 9
876 5923 9
882 3169 9
882 577 9
882 816 9
883 171 9
891 3996 9
893 4650 9
893 5697 9
9 1117 9
9 1676 9
9 3113 9
9 39 9
9 4060 9
9 4542 9
9 4549 9
90 2028 9
90 3989 9
90 7200 9
904 924 9
906 118 9
906 5522 9
91 109 9
91 3317 9
91 4200 9
91 55 9
910 1244 9
910 2309 9
910 2716 9
910 2836 9
910 3018 9
910 3077 9
910 79 9
913 1740 9
914 3073 9
914 3120 9
914 3878 9
914 5964 9
914 6516 9
914 82 9
916 3249 9
919 639 9
92 2143 9
92 228 9
92 3054 9
92 3262 9
92 4379 9
92 5249 9
92 640 9
92 99 9
921 3347 9
921 5249 9
921 906 9
924 3982 9
924 3983 9
927 1829 9
927 5567 9
928 4616 9
930 5199 9
932 7136 9
932 7192 9
933 1963 9
933 5563 9
942 1854 9
945 109 9
945 1239 9
945 4804 9
946 3112 9
946 4060 9
946 6935 9
947 2384 9
947 3196 9
947 3921 9
947 5477 9
947 6371 9
948 1086 9
948 1653 9
948 2021 9
948 2717 9
949 1675 9
949 1821 9
949 2680 9
949 6902 9
949 700 9
95 1751 9
950 1548 9
950 187 9
950 2221 9
950 4618 9
950 4932 9
950 53 9
952 2240 9
952 621 9
952 907 9
954 4071 9
956 3204 9
959 145 9
959 3230 9
959 337 9
959 704 9
960 2755 9
960 3555 9
960 3618 9
963 306 9
965 182 9
965 3724 9
965 42 9
965 5815 9
965 5922 9
97 4164 9
971 1709 9
971 6929 9
973 643 9
973 6711 9
974 1623 9
974 2391 9
974 364 9
974 541 9
974 6749 9
975 5129 9
975 6707 9
975 6713 9
976 1472 9
976 4200 9
976 546 9
979 6962 9
98 1025 9
98 1403 9
98 3873 9
98 416 9
98 4750 9
98 561 9
98 910 9
983 1108 9
983 1791 9
983 371 9
983 476 9
983 580 9
983 635 9
99 4107 9
99 47 9
996 6022 9
997 2368 9
997 2369 9
997 4445 9
