1 2 1
3 4 14
5 2 45
6 7 48
8 7 48
9 10 48
9 11 48
12 13 48
9 14 48
9 15 48
9 16 48
9 17 48
9 14 48
9 18 48
19 18 49
20 21 49
19 22 49
8 23 49
9 24 49
9 22 49
25 21 51
26 7 53
27 28 54
29 25 56
30 31 57
30 31 57
30 31 57
30 31 57
32 33 58
34 35 58
34 33 58
36 37 59
38 39 60
36 40 60
41 15 60
41 11 60
41 14 60
41 13 60
41 39 60
41 42 64
41 43 64
9 40 65
44 45 66
46 22 66
44 46 66
47 46 66
48 46 66
9 49 67
36 50 67
44 51 67
32 52 67
36 32 67
53 54 67
36 55 67
56 57 67
36 32 67
36 58 67
44 59 67
51 58 67
44 14 67
36 56 67
36 60 67
56 61 67
62 50 67
36 60 67
32 59 67
36 60 68
36 50 68
41 63 68
41 64 68
41 65 68
41 56 68
41 61 68
41 43 68
41 52 68
41 58 68
41 59 68
9 64 68
9 58 68
12 66 68
32 58 68
12 66 68
67 32 68
41 32 68
67 32 68
32 68 68
68 56 68
67 32 68
67 32 68
68 61 68
67 32 68
67 8 68
69 67 68
70 51 68
44 50 68
67 32 68
71 58 68
71 72 68
51 58 68
72 71 68
73 74 68
74 73 68
73 74 68
74 73 68
34 58 69
44 75 69
44 75 69
9 58 69
73 74 69
9 76 69
32 77 69
41 76 69
41 78 69
79 48 69
79 63 69
41 80 69
79 58 69
41 81 69
79 70 69
19 82 69
19 72 69
12 32 69
19 64 69
19 58 69
19 58 69
19 58 69
19 52 69
83 59 69
51 70 69
38 58 69
41 58 69
63 79 69
41 63 69
67 59 69
41 63 69
41 58 69
44 84 69
19 85 69
19 72 69
3 84 70
19 8 70
19 58 70
84 86 70
83 58 70
36 60 70
86 48 70
87 63 70
36 88 70
87 8 70
36 89 70
90 56 70
36 90 70
36 84 70
91 92 70
36 93 70
91 92 70
36 90 70
91 92 70
36 60 70
36 84 70
51 58 70
94 84 70
36 84 70
94 84 70
94 84 70
69 84 70
69 95 70
87 8 70
3 84 70
3 84 70
48 86 70
84 8 70
91 81 71
96 88 71
8 84 71
84 8 71
91 47 71
97 98 71
98 97 71
97 98 71
48 97 71
99 8 71
99 8 71
97 48 71
100 101 71
102 97 71
97 48 71
97 102 71
101 100 71
48 58 71
97 48 71
103 72 71
103 58 72
104 59 72
104 59 72
103 72 72
105 56 74
106 72 74
105 61 74
105 8 74
105 33 74
105 107 74
105 81 74
44 102 74
36 105 74
36 104 74
34 108 74
34 109 75
36 110 75
111 112 75
34 58 75
36 113 75
36 109 75
79 109 75
114 105 75
101 115 75
56 90 75
56 105 75
56 68 75
29 58 75
87 58 75
44 116 75
44 117 75
44 117 75
44 79 75
80 58 75
96 32 76
118 100 76
119 120 76
119 120 76
120 119 76
120 75 76
119 120 76
120 119 76
119 58 76
74 73 76
118 120 76
121 108 76
72 106 76
44 92 76
26 122 76
44 79 76
1 123 76
96 124 77
125 126 77
36 104 77
44 79 77
44 79 77
36 124 77
36 127 77
36 128 77
44 79 77
44 129 77
44 116 77
9 120 77
79 58 77
36 109 77
124 109 77
36 109 77
124 61 77
124 72 77
36 109 77
36 112 77
124 85 78
85 124 78
32 130 78
36 112 78
124 85 78
72 124 78
124 8 78
131 30 78
99 126 78
103 72 78
103 72 78
103 63 78
103 117 78
103 72 78
131 30 78
69 95 78
69 124 78
69 79 78
132 30 78
36 99 78
36 133 78
36 60 78
36 134 78
36 133 78
36 81 78
103 72 78
103 135 78
133 135 78
135 133 78
36 133 78
103 135 78
19 52 79
133 135 79
103 135 79
103 135 79
135 133 79
133 135 79
36 133 79
36 133 79
36 133 79
9 109 79
9 109 79
62 136 79
96 32 79
137 138 79
96 137 79
19 120 79
44 90 79
96 137 79
137 138 79
19 139 79
44 60 80
44 88 80
44 102 80
44 90 80
19 111 80
44 90 80
9 32 80
44 90 80
44 90 80
103 63 80
103 72 80
38 86 80
140 105 80
103 72 80
38 86 80
38 101 80
38 101 80
38 101 80
103 101 80
38 101 80
103 101 80
38 61 80
75 120 80
38 81 80
44 141 80
44 141 80
44 74 80
44 127 80
124 135 80
140 124 80
19 82 80
19 82 81
19 82 81
105 56 81
19 82 81
124 135 81
105 58 81
105 63 81
19 82 81
105 61 81
105 135 81
124 135 81
71 72 81
135 124 81
9 32 81
63 105 81
72 71 81
142 58 81
124 135 81
124 135 81
143 32 81
144 99 81
144 105 81
144 121 81
9 109 81
103 109 81
103 63 81
103 63 81
103 109 81
48 81 81
95 81 81
145 48 81
95 63 81
145 95 81
95 109 81
145 95 81
145 48 81
145 95 81
145 48 81
145 48 81
95 109 81
96 48 81
95 109 81
96 95 81
96 95 81
96 48 81
96 95 82
105 144 82
105 63 82
6 146 82
44 60 84
44 105 84
63 95 84
44 32 85
114 105 85
34 109 85
36 105 85
36 109 85
36 147 85
44 32 85
19 120 85
9 136 85
9 148 85
9 149 85
9 150 85
9 151 85
9 152 85
9 153 85
9 58 85
9 58 85
9 135 85
9 22 85
9 8 85
9 154 85
9 121 85
1 135 85
3 155 85
36 109 85
3 155 85
30 132 85
3 58 85
68 56 86
36 156 86
131 30 86
101 51 86
101 34 86
9 8 86
36 73 86
96 95 86
9 76 87
9 8 87
9 157 87
19 158 87
9 58 87
9 32 87
44 129 87
105 135 87
105 129 87
44 129 87
44 129 87
44 129 87
51 101 87
1 159 87
44 74 88
44 129 88
160 72 88
129 8 88
36 147 88
36 109 88
36 105 88
36 129 88
9 8 88
34 101 89
161 162 89
163 72 89
32 164 89
58 8 89
32 58 89
41 76 89
41 120 89
41 132 89
41 165 89
41 166 89
41 157 89
41 167 89
41 168 89
41 169 89
41 134 89
56 68 89
41 56 89
56 154 89
56 170 89
56 171 89
56 172 89
103 101 89
51 157 89
32 130 89
8 58 89
8 164 89
103 63 89
103 173 89
67 154 89
32 26 90
96 163 90
9 58 90
41 56 90
9 20 90
9 165 90
9 61 90
103 109 90
32 155 90
32 109 90
32 174 90
175 50 90
103 85 90
124 109 90
164 8 90
103 63 90
38 128 90
103 63 90
103 63 90
19 109 90
103 63 90
103 63 90
161 164 90
161 164 90
38 109 90
41 63 90
103 63 90
176 63 90
41 63 90
176 63 90
41 63 90
161 63 90
103 63 90
41 63 90
176 63 90
41 63 90
161 63 90
103 63 90
32 164 90
176 63 90
41 63 90
176 63 90
41 63 90
161 63 90
103 63 90
41 177 90
41 177 90
164 178 90
164 177 90
32 175 90
32 177 90
176 63 90
164 179 90
41 63 90
32 179 90
41 63 90
41 63 90
41 63 90
41 63 90
161 63 90
96 164 90
41 63 90
41 177 90
41 177 90
41 63 90
41 177 90
41 63 90
161 63 90
32 177 90
41 177 90
32 177 90
41 177 90
41 63 90
41 180 90
32 177 90
41 63 90
161 63 90
41 177 90
41 180 90
177 32 90
41 63 90
41 177 90
180 177 90
180 177 90
180 181 90
41 177 90
180 182 90
41 180 90
41 90 90
41 63 90
32 177 90
41 180 90
41 63 90
41 177 90
177 180 90
177 180 90
177 32 90
41 180 90
41 177 90
41 180 90
32 177 90
41 63 90
183 184 90
41 63 90
177 32 90
32 177 91
41 177 91
177 32 91
175 32 91
32 177 91
32 175 91
41 168 91
175 32 91
41 168 91
41 177 91
177 32 91
63 174 91
174 63 91
63 174 91
174 63 91
41 168 91
41 177 91
32 175 91
63 174 91
174 63 91
41 168 91
9 32 91
41 177 91
63 174 91
32 177 91
175 32 91
32 175 91
41 168 91
41 177 91
41 168 91
41 168 91
63 155 91
174 63 91
41 177 91
177 32 91
41 168 91
175 32 91
63 174 91
174 63 91
63 174 91
41 168 91
41 177 91
41 177 91
32 175 91
41 177 91
175 32 91
175 32 91
32 175 91
41 177 91
41 168 91
174 63 91
63 174 91
41 168 91
41 168 91
41 177 91
41 168 91
41 177 91
174 63 91
63 174 91
41 168 91
41 177 91
41 177 91
41 177 91
41 177 91
9 32 91
41 177 91
41 185 91
41 168 91
185 147 91
185 32 91
41 185 91
41 177 91
32 185 91
186 185 91
140 185 91
155 32 91
32 155 91
185 186 91
155 63 91
41 177 91
103 177 91
187 186 91
185 97 91
103 97 91
187 186 91
41 185 91
41 185 91
41 186 91
41 185 91
41 186 91
185 63 91
41 168 91
187 186 91
63 155 91
63 185 91
103 58 91
103 63 91
187 186 91
103 188 91
189 175 91
189 175 91
140 185 91
187 186 91
185 109 91
140 185 91
189 8 91
102 97 91
140 185 91
41 86 91
41 188 91
101 100 91
101 190 91
191 175 91
101 190 91
101 190 91
101 190 91
101 190 91
103 192 91
101 190 91
101 190 92
101 190 92
101 190 92
101 190 92
101 190 92
101 190 92
101 190 92
193 149 92
101 100 92
193 190 92
191 78 92
101 190 92
101 190 92
190 109 92
101 190 92
193 190 92
103 109 92
109 124 92
103 190 92
103 109 92
103 109 92
41 192 92
194 149 92
194 195 92
176 20 92
176 61 92
176 149 92
176 120 92
176 132 92
176 86 92
176 97 92
176 72 92
176 58 92
176 8 92
176 196 92
176 197 92
176 198 92
176 199 92
176 200 92
176 190 92
176 192 92
176 201 92
176 188 92
176 202 92
176 185 92
176 203 92
176 180 92
176 181 92
176 177 92
176 184 92
176 175 92
176 166 92
204 205 93
204 104 93
204 184 93
189 144 93
3 185 95
3 32 95
199 58 95
63 185 95
63 199 95
63 184 95
199 101 95
194 199 95
194 206 95
194 207 95
204 123 96
121 191 96
175 191 96
204 129 96
63 199 96
101 184 96
101 208 96
63 46 96
63 199 96
101 88 96
191 121 96
191 175 96
103 177 96
199 20 96
184 101 96
103 132 96
199 209 96
101 184 96
36 105 96
103 210 96
36 209 96
184 101 96
209 199 96
199 209 96
199 210 96
101 184 96
184 101 96
176 101 96
68 101 97
32 198 97
211 101 97
212 209 97
211 213 97
211 93 97
211 85 97
189 199 97
214 215 97
103 109 97
103 215 97
103 82 97
44 214 97
103 215 97
63 199 97
63 199 97
103 215 97
103 215 97
103 168 97
214 109 97
215 67 97
103 215 97
214 215 97
41 215 97
41 216 97
103 127 97
215 62 97
214 109 97
176 217 97
176 216 97
176 218 97
103 109 97
219 124 97
19 109 97
63 127 97
88 101 97
103 168 97
103 56 97
63 127 97
103 56 97
214 56 97
214 56 97
63 127 97
51 215 97
19 175 97
19 109 97
44 214 97
215 51 97
44 214 97
19 215 97
19 215 97
103 175 98
44 214 98
19 215 98
103 175 98
214 175 98
51 215 98
19 215 98
214 215 98
215 51 98
19 215 98
96 95 98
96 32 98
19 215 98
96 164 98
103 215 98
103 215 98
19 215 98
144 185 98
103 168 98
220 214 98
220 32 98
19 215 98
144 32 98
103 175 98
103 175 98
175 214 98
103 175 98
103 175 98
103 175 98
176 221 98
103 98 98
3 32 98
222 120 98
41 222 98
41 222 98
41 223 98
214 175 98
41 97 98
41 134 98
51 215 98
36 222 98
36 221 98
212 66 98
96 224 98
175 214 98
214 175 98
225 223 98
36 221 98
36 214 98
176 223 98
176 226 98
221 161 98
36 221 98
44 226 98
221 161 98
36 221 98
221 161 98
56 214 98
221 161 98
221 161 98
221 161 99
161 221 99
36 221 99
36 214 99
221 161 99
204 221 99
227 26 99
211 228 99
214 101 99
229 230 99
220 214 99
96 231 99
96 232 99
103 221 99
103 20 99
103 86 99
220 214 99
220 214 99
103 66 99
212 66 99
124 109 99
103 185 99
212 6 99
103 185 99
103 8 99
63 202 99
63 185 99
103 93 99
63 185 99
9 233 100
103 233 100
9 97 100
9 190 100
166 234 100
69 34 100
69 34 100
235 191 100
69 185 100
41 166 100
41 32 100
3 32 100
3 132 100
1 30 100
41 32 100
41 173 100
103 166 100
63 127 100
63 199 100
103 166 100
63 92 101
97 228 101
97 228 101
103 58 101
191 136 101
32 58 101
131 30 101
191 236 101
32 237 101
9 235 101
101 34 101
237 32 101
97 191 101
48 81 101
48 81 101
175 214 101
176 233 101
9 101 101
48 52 101
48 52 101
48 175 101
52 48 101
48 52 101
9 177 101
97 191 101
52 48 101
9 175 101
175 48 101
96 48 101
41 32 101
9 175 101
41 174 101
9 175 101
48 175 101
12 175 101
48 52 101
175 48 101
48 175 101
12 175 101
12 168 101
12 175 101
52 48 101
175 48 101
48 52 101
12 81 101
12 175 101
48 175 101
175 48 101
12 175 101
48 175 101
12 175 101
52 48 101
48 52 101
12 175 101
175 48 102
52 48 102
12 175 102
48 52 102
12 175 102
48 175 102
12 175 102
175 48 102
52 48 102
12 175 102
12 175 102
12 175 102
220 214 102
12 175 102
88 220 102
48 175 102
48 52 102
12 175 102
175 48 102
52 48 102
9 175 102
48 175 102
12 175 102
12 175 102
175 48 102
12 175 102
9 175 102
48 175 102
12 175 102
48 52 102
9 175 102
175 48 102
9 209 102
12 175 102
48 175 102
103 66 102
103 52 102
12 175 102
103 66 102
175 48 102
52 48 102
103 66 102
12 175 102
12 175 102
48 52 102
48 175 102
175 48 102
48 175 102
48 175 102
9 175 102
9 209 102
175 48 102
175 48 102
220 48 102
9 175 102
48 175 102
144 185 102
175 48 102
220 48 102
48 175 102
144 222 102
220 48 102
175 48 102
220 48 102
220 48 102
48 175 102
220 48 102
175 48 102
48 175 102
220 48 102
175 48 102
144 195 102
48 175 102
191 237 102
220 48 102
175 48 102
220 48 102
48 175 102
220 95 102
95 168 102
220 48 102
176 198 102
220 95 102
191 175 102
220 95 102
176 201 102
175 48 102
175 191 102
191 175 102
48 175 102
175 191 102
175 48 102
191 175 102
144 88 102
175 191 102
220 48 102
191 175 102
175 191 102
144 238 102
191 175 102
175 191 102
220 95 102
239 175 102
144 240 102
239 175 102
239 236 102
220 95 102
220 48 102
220 95 102
12 90 102
220 95 102
144 23 102
220 95 102
3 132 102
220 95 102
220 95 102
220 95 102
103 52 102
144 32 102
220 48 102
144 48 102
36 222 102
220 95 102
88 144 102
220 95 102
220 95 102
220 95 102
144 48 102
220 48 102
144 48 102
220 95 102
220 95 102
220 48 102
9 144 102
144 241 102
103 144 103
9 216 103
194 242 103
194 199 103
194 209 103
194 182 103
32 144 105
32 243 105
204 241 106
63 127 106
227 144 106
194 209 106
168 95 106
63 127 106
44 214 106
41 32 107
9 244 107
245 191 107
228 97 107
211 228 107
211 246 107
19 52 107
233 88 107
34 242 107
19 233 107
127 63 107
143 32 107
143 95 107
9 235 107
9 177 107
63 127 108
32 88 108
211 233 108
88 32 108
32 88 108
247 248 108
248 247 108
176 248 108
176 248 108
211 232 108
88 32 108
176 248 108
176 63 108
32 88 108
249 63 108
41 250 108
41 248 108
95 168 108
41 251 108
34 242 108
176 72 108
44 88 108
103 177 108
103 86 108
12 168 108
51 86 108
212 252 109
176 63 109
41 97 109
168 95 109
249 63 109
212 34 109
212 252 109
176 63 109
212 252 109
176 63 109
212 34 109
249 63 109
212 34 109
103 63 109
144 247 109
204 51 109
103 63 109
101 208 109
212 34 109
212 252 109
53 253 109
9 251 109
164 8 109
8 164 109
212 34 109
44 88 109
44 48 109
44 88 109
44 48 109
254 8 109
8 254 109
44 88 109
254 8 109
95 168 109
254 8 109
8 254 109
254 8 109
8 254 109
254 8 109
1 255 110
103 256 110
143 32 110
204 257 110
52 48 110
258 76 110
168 95 110
259 260 110
261 256 110
19 52 110
204 81 110
19 52 110
259 256 110
51 260 110
260 51 110
204 262 110
19 52 110
103 260 110
263 254 110
263 254 110
204 51 110
260 51 110
204 51 110
41 256 110
204 51 110
204 51 110
36 254 110
204 51 110
36 222 110
204 51 110
204 51 110
204 51 110
204 51 110
62 215 110
204 51 110
264 158 110
6 122 110
204 51 110
36 254 110
36 6 110
41 265 110
204 51 110
204 51 110
36 6 110
36 254 110
260 51 110
204 51 110
36 222 110
96 6 110
204 51 110
96 6 110
256 259 110
204 48 110
36 254 110
36 6 110
204 51 110
96 6 110
36 6 110
96 6 110
204 51 110
204 51 110
96 6 110
36 6 110
36 254 110
36 254 110
204 48 110
96 6 110
211 251 111
204 266 111
204 51 111
267 260 111
267 256 111
260 51 111
260 267 111
12 260 111
263 191 111
12 101 111
204 48 111
204 51 111
204 266 111
12 175 111
204 48 111
204 51 111
51 267 111
260 51 111
204 48 111
260 51 111
268 149 111
267 51 111
189 8 111
63 127 111
51 267 111
204 48 111
204 221 111
127 63 111
204 48 111
212 6 111
204 48 111
204 48 111
267 51 111
140 6 111
12 175 111
103 267 111
204 48 111
69 254 111
212 34 111
212 48 111
103 267 111
176 269 111
204 48 111
103 166 111
19 265 111
95 168 111
212 254 111
212 48 111
176 270 111
176 267 111
212 48 111
69 271 111
212 48 111
69 271 111
69 271 111
69 271 111
272 273 111
69 271 111
48 256 111
69 271 111
274 48 111
69 271 111
274 48 111
144 260 111
103 265 111
212 48 111
263 222 111
198 256 111
103 270 111
176 256 111
212 48 111
263 239 111
212 48 111
135 105 111
263 239 111
103 228 111
212 48 111
103 228 111
204 48 111
101 271 111
101 34 111
275 20 111
103 228 111
276 8 111
20 275 111
20 275 111
101 34 111
263 277 112
263 277 112
140 6 112
9 135 112
140 278 112
9 135 112
34 101 112
127 260 112
9 135 112
101 68 112
260 127 112
103 52 112
199 279 112
199 260 112
260 199 112
260 127 112
41 101 112
63 127 112
19 52 112
41 280 112
271 101 112
68 101 112
176 101 112
260 127 112
281 254 112
41 280 112
41 280 112
277 68 112
282 34 112
176 283 112
176 283 112
41 280 112
176 283 112
176 283 112
41 280 112
176 248 112
176 284 112
176 166 112
220 271 112
41 270 112
12 101 112
220 67 112
9 135 112
12 101 112
67 256 112
12 101 112
36 285 112
12 101 112
220 67 112
286 221 112
36 285 112
36 285 112
101 32 112
189 132 112
220 221 112
220 221 112
221 3 113
181 180 113
181 177 113
181 177 113
181 260 113
260 287 113
236 239 113
260 181 114
51 288 115
215 51 115
1 255 115
79 166 115
79 256 115
79 260 115
204 68 116
289 135 116
204 79 116
204 276 116
204 221 116
204 271 116
3 221 116
58 199 116
44 290 116
27 221 116
291 292 116
69 293 116
69 104 116
9 260 116
114 124 116
199 58 116
63 290 116
32 291 116
36 236 116
36 291 116
51 294 116
36 236 117
105 135 117
211 228 117
291 32 117
211 260 117
204 68 117
204 276 117
204 79 117
295 296 117
204 48 117
211 288 117
211 284 117
204 288 117
204 284 117
294 51 117
263 277 117
6 221 117
44 129 117
297 191 117
70 124 117
32 291 118
51 294 118
53 291 118
204 298 118
294 51 118
9 32 118
9 177 118
220 221 118
289 220 118
211 265 118
221 3 118
221 6 118
221 211 118
27 221 118
277 34 118
263 277 118
277 299 118
277 299 118
300 52 118
212 67 118
277 50 118
204 221 119
204 181 119
211 221 119
140 124 119
6 221 119
184 32 119
193 233 119
32 184 119
32 184 119
32 184 119
301 63 119
32 184 119
193 149 119
289 8 119
9 299 119
140 124 119
6 88 119
302 138 119
204 68 119
288 51 119
288 211 119
228 211 119
260 51 119
260 199 119
260 79 119
260 211 119
260 181 119
63 301 119
303 294 119
204 68 119
155 3 119
205 304 119
155 8 119
277 252 119
204 68 119
212 211 119
204 68 119
204 68 119
204 68 119
288 50 119
204 68 119
101 32 119
204 68 119
143 67 119
212 228 120
212 228 120
228 121 120
67 164 120
67 132 120
228 61 120
228 304 120
305 306 120
239 236 120
114 124 120
51 294 120
67 172 120
51 288 120
277 172 120
288 51 120
209 299 120
67 175 120
3 221 120
3 155 120
307 6 120
307 6 120
307 51 120
6 299 120
307 6 120
307 6 120
277 51 120
307 6 120
277 79 120
277 51 120
281 308 120
307 6 120
277 51 120
193 302 120
307 6 120
302 193 120
307 67 120
281 302 120
193 302 120
307 6 120
60 308 120
60 308 120
60 308 120
60 308 120
60 308 120
309 175 120
310 72 120
143 67 120
308 60 120
212 209 120
302 193 120
307 67 120
189 302 120
193 302 120
212 34 120
277 184 120
281 302 120
302 193 120
189 302 120
193 302 120
212 34 120
277 184 120
277 184 120
302 193 120
277 184 120
9 177 120
277 184 120
9 299 120
277 184 120
121 228 120
193 302 120
308 60 120
36 211 120
302 193 120
303 212 121
36 155 121
193 302 121
193 311 121
36 34 121
194 296 121
211 128 121
36 211 121
296 63 121
302 193 121
194 312 121
281 302 121
193 302 121
9 8 121
128 51 121
194 132 121
294 51 121
302 193 121
128 51 121
294 51 121
299 209 121
9 8 121
299 6 121
248 283 121
128 236 121
263 308 121
281 302 121
9 299 121
36 299 121
19 302 121
128 51 121
9 8 121
128 51 121
294 51 121
67 32 121
103 299 121
36 299 121
9 299 121
313 228 121
263 308 121
9 8 121
314 308 121
277 191 121
212 51 121
306 305 121
9 299 121
277 191 121
9 8 121
9 299 121
212 51 121
263 311 121
103 299 121
277 191 121
103 299 121
277 191 121
9 299 121
193 280 121
212 51 121
314 254 121
281 302 121
303 212 121
303 298 121
263 315 121
212 51 121
263 316 121
260 51 121
51 59 121
263 315 121
260 79 121
103 299 121
128 211 121
314 308 121
314 51 121
314 34 121
103 299 121
286 221 121
308 315 121
9 315 121
9 316 121
317 315 121
318 124 121
63 296 121
128 51 121
9 316 121
286 34 121
9 299 121
314 51 121
212 51 121
317 315 121
63 301 121
128 236 121
260 51 121
314 48 121
9 316 121
314 34 121
318 34 121
286 34 121
294 51 121
204 51 121
140 124 121
204 68 121
204 298 121
318 34 121
314 48 121
314 34 121
50 288 121
314 34 121
286 34 121
176 311 121
9 8 121
176 306 121
176 299 121
176 319 121
176 300 121
144 193 121
282 67 121
176 315 121
176 316 121
9 8 121
288 50 121
228 121 121
318 34 121
318 124 121
282 34 121
212 6 121
297 34 121
124 318 121
289 212 121
297 88 121
140 124 121
254 308 121
9 8 121
83 313 121
103 318 121
140 124 121
9 8 121
34 318 121
297 34 121
144 288 121
214 154 121
212 6 121
212 6 121
36 299 121
144 88 121
308 254 121
101 184 121
9 8 121
212 6 121
254 308 121
211 288 121
282 214 121
94 320 121
211 260 121
318 124 121
212 211 121
36 211 121
288 211 121
318 34 121
211 228 121
211 288 121
194 88 121
212 211 121
144 290 121
27 194 121
194 88 121
212 34 121
9 32 121
9 8 121
176 233 121
124 318 121
176 32 121
44 99 121
144 48 121
144 51 121
318 34 122
9 8 122
318 34 122
318 124 122
176 32 122
212 34 122
228 315 122
44 99 122
32 184 122
9 316 122
321 144 122
144 99 122
44 99 122
67 32 122
9 8 122
184 101 122
41 184 122
67 32 122
67 32 122
193 315 122
144 193 122
9 8 122
9 299 122
9 260 122
9 132 122
144 99 122
144 322 122
44 99 122
144 193 122
281 323 122
99 144 122
144 193 122
144 99 122
95 52 122
52 95 122
103 324 122
95 52 122
103 324 122
63 155 122
176 324 122
297 325 122
297 325 122
144 99 122
44 299 122
209 299 122
297 325 122
297 34 122
60 308 122
103 324 122
144 99 122
51 324 122
155 63 122
297 325 122
324 51 122
78 326 122
51 324 122
324 51 122
63 155 122
51 324 122
324 51 122
297 325 122
281 144 122
51 324 122
144 193 122
67 63 122
212 209 122
324 51 122
144 99 122
193 144 122
51 324 122
297 325 122
144 193 122
34 324 122
323 34 122
144 99 122
63 67 122
144 193 122
297 325 122
307 325 122
144 99 122
212 51 122
297 325 122
324 51 122
27 194 122
297 325 122
324 34 122
144 48 122
144 48 122
34 324 122
319 34 122
48 144 122
319 325 122
34 88 122
212 51 122
144 99 122
297 325 122
52 95 122
319 325 122
144 48 122
319 34 122
204 327 122
297 325 122
204 68 122
204 51 122
51 324 122
325 319 122
324 51 122
297 325 122
52 328 122
281 144 122
103 324 122
51 324 122
324 329 122
297 325 122
212 51 122
329 324 122
62 78 122
297 325 122
72 291 122
324 51 122
212 51 122
324 329 122
9 294 122
329 324 122
103 324 122
9 97 122
204 68 122
9 318 122
128 329 122
9 78 122
38 52 122
9 52 122
308 60 122
9 330 122
51 52 122
9 86 122
51 331 122
38 288 122
38 288 122
332 333 122
324 329 122
51 324 122
9 61 122
9 262 122
38 288 122
12 168 122
324 51 122
9 288 122
51 324 122
9 288 122
12 288 122
62 260 122
128 324 122
12 288 122
281 323 122
324 51 122
9 288 122
313 78 122
281 323 122
38 288 122
12 288 122
9 288 122
9 316 122
51 324 122
324 51 122
303 316 122
12 288 122
38 288 122
9 316 122
51 324 122
103 324 122
38 288 122
12 288 122
67 90 122
324 51 122
303 316 122
9 288 122
38 288 122
316 303 122
12 288 122
334 128 122
303 316 122
281 323 122
38 288 122
335 34 122
103 324 122
51 324 122
9 316 122
38 288 122
12 288 122
38 288 122
323 281 122
12 288 122
9 288 122
38 288 122
12 288 122
103 324 122
38 288 122
324 51 122
323 281 122
38 288 122
323 281 122
51 324 122
12 288 122
9 97 122
9 288 122
324 51 122
323 281 122
12 288 122
12 288 122
9 282 122
12 288 122
324 329 122
281 323 122
333 319 122
9 288 122
323 281 122
332 281 122
9 316 122
329 324 122
323 281 122
9 288 122
9 288 122
323 281 122
332 281 122
281 323 122
336 315 122
9 288 122
323 281 122
323 281 122
128 324 122
9 288 122
332 281 122
9 288 122
9 288 122
9 288 122
281 323 122
9 288 122
335 34 122
336 333 122
335 34 122
323 281 122
128 324 122
308 333 122
332 281 122
333 308 122
9 288 122
332 281 122
332 281 122
332 281 122
323 281 122
335 34 122
323 281 122
281 323 122
9 288 122
36 189 122
333 329 122
323 281 122
323 281 122
323 333 122
335 34 122
34 101 122
41 97 122
36 75 122
103 324 122
329 333 122
332 281 122
103 316 122
128 221 122
323 281 122
36 211 122
41 308 122
260 211 122
128 324 123
335 34 123
337 281 123
103 324 123
34 313 123
41 308 123
337 260 123
337 281 123
281 254 123
34 313 123
337 281 123
335 34 123
41 308 123
254 281 123
62 260 123
335 34 123
220 221 123
308 311 123
176 311 123
103 324 123
335 34 123
128 329 123
324 51 123
41 308 123
41 308 123
41 308 123
103 324 123
9 308 123
260 338 123
338 260 123
103 324 123
260 338 123
254 311 123
335 34 123
311 308 123
263 311 123
311 254 123
254 311 123
263 311 123
9 308 123
308 311 123
335 34 123
191 315 123
103 311 123
335 191 123
335 34 123
311 50 123
311 254 123
311 308 123
34 311 123
308 311 123
254 311 123
9 308 123
335 191 123
9 311 123
103 311 123
103 324 123
9 308 123
9 308 123
9 311 123
103 311 123
9 311 123
254 8 123
9 308 123
204 339 123
103 311 123
324 329 123
329 324 123
9 282 123
324 329 123
313 34 123
313 34 123
329 324 123
324 329 123
34 313 123
34 313 123
329 324 123
53 34 123
50 311 123
53 340 123
53 308 123
53 305 123
53 341 123
313 34 123
48 311 123
338 319 123
34 313 123
319 34 125
319 333 125
319 338 125
342 260 125
67 32 125
51 324 126
319 333 126
319 325 126
317 311 126
97 338 126
97 191 126
34 343 126
34 299 126
299 34 126
34 299 126
120 222 126
344 209 126
32 8 126
41 120 126
47 78 126
345 56 126
345 318 126
299 34 126
34 299 126
313 34 127
220 32 127
63 32 127
294 51 127
44 299 127
44 34 127
332 308 127
88 144 127
277 6 127
44 34 127
53 308 127
53 346 127
319 333 127
297 88 127
314 333 127
235 347 127
314 228 127
338 348 127
314 95 127
319 338 128
319 338 128
314 48 128
349 8 128
319 338 128
349 319 128
317 308 128
317 308 128
9 233 128
317 308 128
44 308 128
317 308 128
317 308 128
317 308 128
317 308 128
317 308 128
317 308 128
263 308 128
317 308 128
317 308 128
97 338 128
317 308 128
317 308 128
317 308 128
317 308 128
317 308 128
317 308 128
317 308 128
263 308 128
317 308 128
317 308 128
308 263 128
263 308 128
103 97 128
317 263 128
308 281 128
333 319 128
317 263 128
317 263 128
317 263 128
281 308 128
317 263 128
191 347 128
317 254 128
317 254 128
317 254 128
317 254 128
317 254 128
317 263 128
317 254 128
317 263 128
317 254 128
317 254 128
317 254 128
34 313 128
44 34 128
317 254 128
317 254 128
337 254 128
337 254 128
337 254 128
337 281 128
332 281 128
317 191 128
317 254 128
332 281 128
254 302 128
302 281 128
317 191 128
302 254 128
317 191 128
254 302 128
337 281 128
337 281 128
51 324 128
302 254 128
317 263 128
317 254 128
263 281 128
281 263 128
254 302 128
272 263 128
263 254 128
302 254 128
281 263 128
263 281 128
254 302 128
302 254 128
254 302 128
281 263 128
303 298 128
263 281 128
302 254 128
324 51 128
254 302 128
281 263 128
263 281 128
281 263 128
332 281 128
281 263 128
332 281 128
263 281 128
337 281 128
281 263 128
281 263 128
337 281 128
263 281 128
296 63 128
263 281 128
281 263 128
281 263 128
281 263 128
337 281 128
337 281 128
281 308 128
281 254 128
263 281 128
337 281 128
337 281 128
263 281 128
281 263 128
263 281 128
317 281 128
53 341 128
27 184 128
281 302 128
204 184 128
160 72 129
160 72 129
27 184 129
308 281 129
212 263 129
27 184 129
281 308 129
51 324 129
324 51 129
350 6 129
351 299 129
350 299 129
239 349 129
304 228 129
263 352 129
350 299 129
319 349 129
101 208 129
353 254 129
103 134 129
353 254 129
317 319 129
176 101 129
317 308 129
281 352 129
62 354 129
316 355 129
316 263 129
316 281 129
103 353 129
281 316 129
272 316 129
99 349 129
204 184 129
172 128 129
321 233 129
6 252 129
8 349 129
332 281 129
277 263 130
3 51 130
356 63 130
308 281 130
237 191 130
357 358 130
32 263 130
3 51 130
289 359 130
176 101 130
308 281 130
281 308 130
308 281 130
204 184 130
204 271 130
332 308 130
332 308 130
69 349 130
191 237 130
69 155 130
332 308 130
263 32 130
291 32 130
291 72 130
317 308 130
289 86 130
3 51 130
72 291 130
323 340 130
323 281 130
332 263 130
263 316 130
61 105 130
61 105 130
323 34 130
316 263 130
323 281 130
316 263 130
3 308 130
323 281 130
176 61 130
328 52 130
323 281 130
281 323 130
323 281 130
281 323 130
32 291 130
12 360 130
235 191 130
235 263 130
357 358 130
357 128 130
357 175 130
60 194 131
60 194 131
103 314 131
103 360 131
103 158 131
12 360 131
48 314 131
12 316 131
332 316 131
103 360 131
308 337 131
221 211 131
221 128 131
44 308 131
44 308 131
44 308 131
323 281 131
323 340 131
131 297 131
211 221 131
323 102 131
323 191 131
302 281 131
323 102 131
41 308 131
34 313 131
277 263 131
323 191 131
313 34 131
41 308 131
34 313 131
323 191 131
323 88 131
349 8 131
307 48 131
63 74 131
41 32 131
131 297 131
317 263 131
209 242 131
355 316 131
316 355 131
266 50 131
316 263 131
53 305 131
316 308 131
263 316 131
307 48 131
316 263 131
272 316 131
88 323 131
349 297 131
272 263 131
307 48 131
323 88 131
272 316 131
297 349 131
272 316 131
297 349 131
263 316 131
263 316 131
272 260 131
297 248 131
316 263 131
281 323 131
316 263 131
297 349 131
323 281 131
323 281 131
281 302 131
323 281 131
294 339 131
281 323 132
263 316 132
297 349 132
316 263 132
323 281 132
323 281 132
297 349 132
281 323 132
323 88 132
263 316 132
323 281 132
316 263 132
281 323 132
297 349 132
124 323 132
349 97 132
162 161 132
323 281 132
281 323 132
323 281 132
323 281 132
297 349 132
99 349 132
281 323 132
277 308 132
277 361 132
323 281 132
124 323 132
281 323 132
88 323 132
281 323 132
323 281 132
277 362 132
97 316 132
97 349 132
323 88 132
323 281 132
344 128 132
363 364 132
212 51 132
212 211 132
355 316 132
323 281 132
212 263 132
302 281 132
242 209 132
19 302 132
323 281 132
97 349 132
281 323 132
323 281 132
323 281 132
316 355 132
308 316 132
316 308 132
281 302 132
308 316 132
88 323 132
316 308 132
323 88 132
307 281 132
307 281 132
228 314 132
281 323 132
332 281 132
281 323 132
332 281 132
332 281 132
307 254 132
334 364 132
212 88 132
332 281 132
323 102 132
323 281 132
323 88 132
323 281 132
307 254 132
75 313 132
307 281 132
209 365 132
307 254 132
307 281 132
323 75 132
307 254 132
308 254 132
323 88 132
19 331 132
254 308 132
323 75 132
19 365 132
212 75 132
323 75 132
313 75 132
365 209 132
323 124 132
19 365 132
323 75 132
75 313 132
212 88 132
345 318 132
323 124 132
19 365 132
19 365 132
19 365 132
212 75 132
308 60 132
313 75 132
308 254 132
19 365 132
286 221 132
9 308 132
88 212 132
19 365 132
74 63 132
75 313 132
88 358 132
9 308 132
313 75 132
72 337 132
358 88 132
323 75 132
9 177 132
9 311 132
75 313 132
36 75 132
88 358 132
323 281 132
9 366 132
9 358 132
19 365 132
323 75 132
36 75 132
212 88 132
60 308 132
358 88 132
212 224 132
36 75 132
97 349 132
286 367 132
19 365 132
9 282 132
9 358 132
19 365 132
286 202 132
286 202 132
286 202 132
9 358 132
19 365 132
368 367 132
212 75 132
355 316 132
36 361 132
128 236 132
334 128 132
367 368 132
254 337 132
254 281 132
254 281 132
281 254 132
20 21 132
254 281 132
20 275 132
368 367 132
75 313 132
9 212 132
32 63 132
212 75 132
63 74 132
63 32 132
368 288 132
327 144 132
74 63 132
288 368 132
32 63 132
144 281 132
32 263 132
313 75 132
144 88 132
63 74 132
63 32 132
368 288 132
97 349 132
97 327 132
316 355 132
144 142 132
288 368 132
74 63 132
368 288 132
355 316 132
314 228 132
144 369 132
288 368 132
323 281 132
314 48 132
212 74 132
144 370 132
314 48 132
63 74 132
371 306 132
314 95 132
368 288 132
311 48 132
144 359 132
288 368 132
323 372 132
368 288 132
63 74 132
316 355 132
212 75 132
289 212 132
144 283 132
355 316 132
316 355 133
316 263 133
263 316 133
277 191 133
316 263 133
144 48 133
355 316 133
263 316 133
316 355 133
332 281 133
235 191 133
373 308 133
248 283 133
308 373 133
308 373 133
338 144 133
212 263 133
308 281 133
248 374 133
103 316 133
355 316 133
316 355 133
355 316 133
220 221 133
316 355 133
355 316 133
316 355 133
103 375 133
372 242 133
128 324 133
103 365 133
44 174 133
44 373 133
103 316 133
368 340 133
95 365 133
44 372 133
372 368 133
9 177 133
281 308 133
9 371 133
44 365 133
365 95 133
281 323 133
308 281 133
9 368 133
44 372 133
372 371 133
281 308 133
340 368 133
48 314 133
368 340 133
372 375 133
95 365 133
48 311 133
332 281 133
236 128 133
365 95 133
372 375 133
95 365 133
372 376 133
376 372 133
376 377 133
365 95 133
335 72 133
372 376 133
102 97 133
335 155 133
337 72 133
103 375 133
335 88 133
103 378 133
103 365 133
103 375 133
176 374 133
9 368 133
337 72 133
53 305 133
248 375 133
375 248 133
335 155 133
248 375 133
72 337 133
335 368 133
379 349 133
335 72 133
332 352 133
335 72 133
335 98 133
335 98 133
335 368 133
335 98 133
41 380 133
41 371 133
98 97 133
335 50 133
41 381 133
335 365 133
41 382 133
41 343 133
335 368 133
41 383 133
335 368 133
335 368 133
103 365 133
335 368 133
128 236 133
335 368 133
368 194 133
194 368 133
335 72 133
368 194 133
335 368 133
335 368 133
368 236 133
368 322 133
335 368 133
335 368 133
171 56 133
368 309 134
62 102 134
62 347 134
176 378 134
176 378 134
32 63 135
32 378 135
189 358 135
317 311 136
300 384 136
41 300 136
41 325 136
97 338 136
309 368 136
372 97 136
372 375 136
1 146 136
1 101 136
1 211 136
1 30 136
70 385 136
277 362 136
154 56 136
321 154 136
27 221 137
79 365 137
79 386 137
228 314 137
239 349 137
386 50 137
386 260 137
319 338 137
376 50 137
50 386 137
50 376 137
386 50 137
376 50 137
376 50 137
386 387 137
386 50 137
30 72 137
277 362 137
277 376 137
63 32 137
376 191 137
212 376 137
212 376 137
212 376 137
371 377 137
311 48 137
376 377 137
212 376 137
311 365 137
388 306 137
378 32 137
189 349 137
314 48 137
50 386 137
50 376 137
9 177 137
359 144 137
34 365 137
1 30 138
385 70 138
254 378 138
345 361 138
345 346 138
365 79 138
365 311 138
204 374 138
72 30 138
204 374 138
204 298 138
145 88 138
204 298 138
204 298 138
189 349 138
70 385 138
204 298 138
204 298 138
191 376 138
389 254 138
63 337 138
63 193 138
337 63 138
212 388 138
263 378 138
212 376 138
212 224 138
390 316 138
27 184 138
391 349 138
349 391 138
212 224 138
378 254 138
378 263 138
392 383 138
319 337 138
387 386 138
393 394 138
395 8 138
395 8 138
393 263 138
396 378 138
395 8 138
176 396 138
386 387 138
386 343 138
176 396 138
9 391 138
9 52 138
308 281 138
8 395 138
9 386 138
9 8 138
176 396 138
289 392 138
41 391 138
289 375 139
41 325 139
289 371 139
254 378 139
289 391 139
308 373 139
308 263 139
263 308 139
378 254 139
260 386 139
254 378 139
393 263 139
378 254 139
393 263 139
254 378 139
281 308 139
281 308 139
393 263 139
393 263 139
378 254 139
372 97 139
321 359 139
372 376 139
283 260 139
372 97 139
254 378 139
393 263 139
308 281 139
254 396 139
378 254 139
254 378 139
62 371 139
378 254 139
254 378 139
1 397 139
396 254 139
254 396 139
321 396 139
396 254 139
32 378 139
32 63 139
327 97 139
254 396 139
357 396 139
378 254 139
378 32 139
396 254 139
332 308 139
357 378 139
357 396 139
254 396 139
254 378 139
220 373 139
357 378 139
32 378 139
220 308 139
220 224 139
357 396 139
396 254 139
220 62 139
254 396 139
220 254 139
378 254 139
376 191 139
220 62 139
378 32 139
254 378 139
254 378 139
378 254 139
254 378 139
204 294 139
32 396 139
398 209 139
32 378 139
321 396 139
254 378 139
355 316 139
399 396 139
378 254 139
378 32 139
145 88 139
145 263 139
32 378 139
399 364 139
399 382 139
209 396 139
399 126 139
399 299 139
399 375 139
32 58 139
378 32 139
32 378 139
399 59 139
289 371 139
399 386 139
399 76 139
398 378 139
400 32 139
74 379 139
74 396 139
398 378 139
74 378 139
399 365 139
378 74 139
398 378 139
399 311 139
48 311 139
399 149 139
373 308 140
400 32 140
316 355 140
316 390 140
398 378 140
228 392 140
373 308 140
378 396 140
396 378 140
396 378 140
378 396 140
378 396 140
400 396 140
36 296 140
12 175 140
74 378 140
36 128 140
36 401 140
400 396 140
378 74 140
74 378 140
12 402 140
396 74 140
396 399 140
12 402 140
400 396 140
12 402 140
12 402 140
400 396 140
12 402 140
212 303 140
365 399 140
400 396 140
368 309 140
400 396 140
95 365 140
9 175 140
9 52 140
9 8 140
30 72 140
310 97 140
9 212 140
403 8 140
9 88 140
9 34 140
402 281 140
323 281 140
176 396 140
303 212 140
176 396 140
303 389 140
44 242 140
176 263 140
44 242 140
393 191 140
191 396 140
8 403 140
393 191 140
396 191 140
176 396 140
396 191 140
191 396 140
393 191 140
396 191 140
9 8 140
400 323 140
176 396 140
191 396 140
396 191 140
393 191 140
41 263 140
393 191 140
176 396 140
9 8 140
384 300 140
9 212 141
6 404 141
212 394 141
176 396 141
9 8 141
176 396 141
398 405 141
176 396 141
9 8 141
176 396 141
398 405 141
176 396 141
398 405 141
9 34 141
191 405 141
398 405 141
9 8 141
9 212 141
405 191 141
398 405 141
398 405 141
314 281 141
194 406 141
103 396 141
6 378 141
398 405 141
103 405 141
378 6 141
389 254 141
389 62 141
398 405 141
389 303 141
191 405 141
398 405 141
405 191 141
398 405 141
191 405 141
405 191 141
378 396 141
79 365 141
281 314 141
281 402 141
281 323 141
41 407 141
9 405 141
404 132 141
314 228 141
314 281 141
378 396 141
212 303 141
281 314 141
297 62 141
9 405 141
378 396 141
103 393 141
9 405 141
9 212 141
297 62 141
9 405 141
74 408 141
9 405 141
378 396 141
9 405 141
409 50 141
201 410 141
410 201 141
201 410 141
201 52 141
214 396 141
41 396 141
396 214 141
214 396 141
103 371 141
396 214 141
378 396 141
103 371 141
214 396 141
378 396 141
396 214 141
308 281 141
409 50 141
41 396 141
212 376 141
281 308 141
308 281 141
214 396 141
41 396 141
396 214 141
281 308 141
214 396 141
308 281 141
308 32 141
344 403 141
396 214 141
260 283 141
214 396 141
6 378 141
281 308 141
344 403 141
308 281 141
272 273 141
63 337 141
27 406 141
297 272 141
344 403 141
344 403 141
263 405 141
344 403 141
303 389 141
3 308 142
38 365 142
368 394 142
3 88 142
321 411 142
321 411 142
88 3 142
234 166 142
321 412 142
402 281 142
307 368 142
281 402 142
212 303 142
405 263 142
103 344 142
172 344 142
9 212 142
9 411 142
9 411 142
372 389 142
372 407 142
394 368 142
409 263 142
372 407 142
368 394 142
6 413 142
321 405 142
212 413 142
131 393 142
38 288 142
131 191 142
321 344 142
27 414 142
38 405 142
389 303 142
38 175 142
415 329 142
27 414 142
414 396 142
303 212 142
413 6 142
27 414 142
83 368 142
212 413 142
6 413 142
344 172 142
27 414 142
9 177 142
325 344 142
321 344 142
27 414 142
321 389 142
69 6 142
103 343 142
38 405 142
69 403 142
27 414 142
204 374 142
38 177 142
325 378 142
212 413 142
321 177 142
317 281 142
303 212 142
321 72 142
317 308 142
212 413 142
321 72 142
416 212 142
27 414 142
27 414 142
325 6 142
281 352 142
212 387 142
6 325 142
323 281 142
212 416 142
303 212 142
32 308 142
325 6 142
6 325 142
131 393 142
67 410 142
323 281 142
67 410 142
303 6 142
303 6 142
357 343 142
67 396 142
277 417 142
357 405 142
277 417 142
131 393 142
303 212 142
212 416 142
357 393 142
67 378 142
413 212 142
357 63 142
323 281 142
131 393 142
317 281 142
317 281 142
357 389 142
311 365 142
311 399 142
212 413 142
69 418 142
317 281 142
323 281 142
41 407 142
378 325 142
413 212 142
365 311 142
378 67 142
378 6 142
378 325 142
6 378 142
27 414 142
323 413 142
378 6 142
303 212 142
96 74 142
350 6 142
41 407 142
350 6 142
212 376 142
6 378 142
350 6 142
323 337 142
52 201 142
321 311 142
323 356 142
321 311 142
212 413 142
378 6 142
376 6 142
69 75 142
335 72 142
19 396 142
3 51 142
41 407 142
3 51 142
6 378 142
6 376 142
131 393 142
335 50 142
289 419 142
335 278 142
378 6 142
6 378 142
303 212 142
161 162 142
19 8 142
378 6 142
19 419 142
249 8 142
102 62 142
325 378 142
6 378 142
325 378 142
249 8 142
321 52 142
378 325 142
44 19 142
325 378 142
249 8 142
335 6 142
378 6 142
398 378 142
378 325 142
398 378 142
96 74 142
74 419 142
398 378 142
212 413 142
398 368 142
51 419 142
44 129 142
6 378 142
398 378 142
96 74 142
335 6 142
378 6 142
228 311 142
96 74 142
3 51 142
19 396 142
6 378 142
3 132 142
398 378 142
212 413 142
398 405 143
62 102 143
335 6 143
249 8 143
212 413 143
398 368 143
303 212 143
335 6 143
51 3 143
323 356 143
36 296 143
263 405 143
398 368 143
335 6 143
323 102 143
3 51 143
335 6 143
413 6 143
212 51 143
398 368 143
294 51 143
323 367 143
335 6 143
19 420 143
19 420 143
6 413 143
323 421 143
398 368 143
294 51 143
335 6 143
413 6 143
212 51 143
398 6 143
212 413 143
368 294 143
398 368 143
335 263 143
294 368 143
145 281 143
413 212 143
368 294 143
212 51 143
398 368 143
398 6 143
335 6 143
294 51 143
132 3 143
212 413 143
378 6 143
422 212 143
398 368 143
294 368 143
3 132 143
6 413 143
294 288 143
413 212 143
288 294 143
294 368 143
102 62 143
57 56 143
413 6 143
294 368 143
263 311 143
6 378 143
372 407 143
335 6 143
372 389 143
335 72 143
294 368 143
372 212 143
6 413 143
413 6 143
372 389 143
289 212 143
256 48 143
335 373 143
372 72 143
294 51 143
378 6 143
41 407 143
340 56 143
335 373 143
335 6 143
372 311 143
372 233 143
294 368 143
335 174 143
372 368 143
405 263 143
335 72 143
263 405 143
423 410 143
423 410 143
335 373 143
372 368 143
303 212 143
144 283 143
372 407 143
405 263 143
372 368 143
335 115 143
212 413 143
413 212 143
212 413 143
335 60 143
41 407 143
6 413 143
335 373 143
372 212 143
372 407 143
6 378 143
372 368 143
335 60 143
372 72 143
228 378 143
41 419 143
69 373 143
19 109 143
373 311 143
335 60 143
176 419 143
335 6 143
69 373 143
367 323 143
69 228 143
335 6 143
144 48 143
6 413 143
372 72 143
335 72 143
144 338 143
335 6 143
41 407 143
413 6 143
372 212 143
423 8 143
372 72 143
144 413 143
372 389 143
6 413 143
389 68 143
413 6 143
321 212 143
335 19 143
228 386 143
335 6 143
335 72 143
372 212 143
372 72 143
372 389 143
372 389 143
6 413 143
423 97 143
335 72 143
423 128 143
144 374 143
72 372 143
372 72 143
335 6 143
413 6 143
335 72 143
6 413 143
72 372 143
424 405 143
300 384 143
368 221 143
212 372 143
424 236 143
335 6 143
321 212 143
372 212 143
335 72 143
372 72 143
335 356 143
72 372 143
392 228 143
372 212 143
335 72 143
368 236 143
335 356 143
236 368 143
72 335 143
356 335 143
335 6 143
335 356 143
368 236 143
236 368 143
48 6 143
6 335 143
41 392 143
176 392 143
368 236 143
413 6 143
69 356 143
48 6 143
48 256 143
6 413 143
194 184 143
48 6 143
194 1 143
48 6 143
176 392 143
194 296 143
41 392 143
48 6 143
69 356 143
176 392 143
41 392 143
176 392 143
176 392 143
103 392 143
176 392 143
48 6 143
6 413 143
41 392 143
425 396 143
176 392 143
103 392 143
422 335 143
176 392 143
425 378 143
103 417 143
48 6 143
176 392 143
41 392 143
103 392 143
176 392 143
176 392 143
103 392 144
103 392 144
103 392 144
413 6 144
103 392 144
409 191 144
409 50 144
426 427 144
103 392 144
409 8 144
6 413 144
103 392 144
409 194 144
103 392 144
409 6 144
263 405 144
409 260 144
409 149 144
409 413 144
409 149 144
234 391 144
263 391 144
338 386 144
72 263 144
329 415 144
422 194 145
174 335 146
317 308 146
386 399 146
308 373 146
36 428 146
308 311 146
36 413 146
342 8 146
342 63 146
41 407 146
398 6 147
398 405 147
289 392 147
398 335 147
429 242 147
297 234 147
32 429 147
424 144 147
321 392 147
429 32 147
32 429 147
321 392 147
321 392 147
289 392 147
321 392 147
321 371 147
321 392 147
430 164 147
430 58 147
289 392 147
321 392 147
424 260 147
321 392 147
431 371 147
289 392 147
431 32 147
424 175 147
405 263 147
431 88 147
432 8 147
289 392 147
27 414 147
398 405 147
321 392 147
429 309 147
431 407 147
431 407 147
431 365 147
431 32 147
321 392 147
289 392 147
321 392 147
289 392 147
242 429 147
424 315 147
289 392 147
289 392 147
51 429 147
321 392 147
32 8 147
263 405 147
310 405 147
431 407 147
263 72 147
63 430 147
144 283 147
398 8 147
395 8 147
398 8 148
41 300 148
378 425 148
189 8 148
388 212 148
405 263 148
342 194 148
281 263 148
56 345 148
56 154 148
56 340 148
263 405 148
263 405 148
212 388 148
334 358 148
409 413 148
409 191 148
409 50 148
433 434 148
189 358 148
405 263 148
350 335 148
350 376 148
103 392 148
435 308 148
435 281 148
372 409 148
372 392 148
350 436 148
103 392 148
434 433 148
372 212 148
372 429 148
32 430 148
72 263 148
372 236 148
263 405 148
323 413 148
372 429 148
429 32 148
429 242 148
174 335 148
372 429 148
405 263 148
372 407 149
44 432 149
242 429 149
398 405 149
62 266 149
350 376 149
62 266 149
62 266 149
62 266 149
398 405 149
145 281 149
389 62 149
389 68 149
389 62 149
340 56 149
391 263 149
391 349 149
391 234 149
27 414 149
228 392 149
357 407 149
286 416 149
392 228 149
431 407 149
74 437 149
321 52 149
400 323 149
68 389 149
345 56 149
395 175 149
204 432 149
204 298 149
145 281 149
30 392 149
400 429 149
400 365 150
30 392 150
236 407 150
228 392 150
30 392 150
400 392 150
400 52 150
400 52 150
236 260 150
236 191 150
306 438 150
387 386 150
392 228 150
392 30 150
317 308 150
317 281 150
323 276 150
323 395 150
400 392 150
400 365 150
400 323 150
400 188 150
400 188 150
400 157 150
439 440 150
407 236 150
400 365 150
396 425 150
400 52 150
398 405 150
398 6 150
52 201 150
400 144 150
400 314 150
400 82 150
32 429 150
400 428 150
400 428 150
400 396 150
191 236 150
289 391 150
124 396 150
236 191 150
400 323 150
400 392 150
441 442 150
441 442 150
441 442 150
191 236 150
145 281 150
51 314 150
400 441 150
228 392 150
316 355 150
400 443 150
400 444 150
400 445 150
400 445 150
400 445 150
400 445 150
400 446 150
396 124 150
447 325 150
124 396 150
260 448 150
260 283 150
379 74 150
407 396 150
396 407 150
407 396 150
260 236 150
124 396 150
396 407 150
234 391 150
289 449 150
396 124 150
447 6 150
69 450 150
321 392 150
124 396 150
124 396 150
447 6 150
29 443 150
124 396 150
424 175 150
447 6 150
429 209 150
429 372 150
451 32 150
451 67 150
321 437 150
429 32 150
124 452 150
297 372 150
124 396 150
297 272 150
297 234 150
400 396 150
308 281 150
281 308 150
32 429 150
308 281 150
357 407 150
308 281 150
281 308 150
396 124 150
211 212 150
357 429 150
400 429 150
281 308 150
429 32 150
124 396 150
357 8 150
308 281 150
409 413 150
400 396 150
32 429 150
409 6 150
396 124 150
400 429 150
124 396 150
357 65 150
400 396 150
400 396 151
132 149 151
425 378 151
453 32 151
302 393 151
425 52 151
289 65 151
372 392 151
372 429 151
357 454 151
392 228 151
27 414 151
323 455 151
297 372 151
310 405 151
323 98 151
323 98 151
317 316 151
456 457 151
368 441 151
323 458 151
389 454 151
74 379 151
378 425 151
323 88 151
41 389 151
88 323 151
74 459 151
176 445 151
323 88 151
323 88 151
274 6 151
41 437 151
41 389 151
323 88 151
372 392 151
323 281 151
372 392 151
44 296 151
388 212 151
140 201 151
140 201 151
274 74 151
389 68 151
44 74 151
41 389 151
323 88 151
44 296 151
274 416 151
88 323 151
323 88 151
172 460 151
274 6 151
389 236 151
274 6 151
88 323 151
372 461 151
236 191 151
460 172 151
372 461 151
44 74 151
274 462 151
44 296 151
302 372 151
281 323 151
297 372 151
274 6 151
1 211 151
62 389 151
176 463 151
303 194 151
236 407 151
176 463 151
44 74 151
236 389 151
41 463 151
44 74 151
172 460 151
19 443 151
19 446 151
44 74 151
212 372 151
289 65 151
460 172 151
297 372 151
103 464 151
350 376 151
103 464 151
297 172 151
297 372 151
447 6 151
447 172 151
41 463 151
103 464 151
465 456 151
176 463 151
41 463 151
447 456 151
466 392 151
398 74 151
398 74 152
41 463 152
389 236 152
389 68 152
176 463 152
398 74 152
396 425 152
398 74 152
389 467 152
44 74 152
398 74 152
286 468 152
398 134 152
398 396 152
378 396 152
398 463 152
164 430 152
134 398 152
398 164 152
398 463 152
398 134 152
236 389 152
44 74 152
396 378 152
389 236 152
263 409 152
409 263 152
469 463 152
140 470 152
263 409 152
19 134 152
424 175 152
409 263 152
463 469 152
398 463 152
378 396 152
398 463 152
321 392 152
469 463 152
396 378 152
398 365 152
398 471 152
321 460 152
398 468 152
463 469 152
41 437 152
469 463 152
38 288 152
38 365 152
38 288 152
38 437 152
469 463 152
38 288 152
38 288 152
38 288 152
38 288 152
378 396 152
396 378 152
9 391 152
38 437 152
472 263 152
38 288 152
41 437 152
41 473 152
9 282 152
38 288 152
38 288 152
357 409 152
263 472 152
357 437 152
472 263 152
38 288 152
38 288 152
396 378 152
38 288 152
357 409 152
103 464 152
67 32 152
409 349 152
357 405 152
38 288 152
103 134 152
407 236 152
357 409 152
19 409 152
38 409 152
67 396 152
212 472 152
357 409 152
67 378 152
212 472 152
103 464 152
357 409 152
474 32 152
474 456 152
474 74 152
357 409 152
429 32 152
357 464 152
429 372 152
475 368 152
357 409 152
263 332 152
424 343 152
424 405 152
41 407 152
357 409 152
357 476 152
317 309 152
357 409 152
477 1 152
357 409 152
67 396 152
357 460 152
212 472 152
321 460 152
357 409 152
19 409 152
19 409 152
38 409 152
357 168 152
357 409 152
19 409 152
263 460 152
19 409 152
357 409 152
19 478 152
38 478 152
19 409 152
38 464 152
19 409 152
38 405 152
357 409 152
19 409 152
263 472 152
6 472 152
19 409 152
357 409 152
19 409 152
19 409 152
263 479 152
398 405 152
321 460 152
19 409 152
321 460 152
19 409 152
357 409 152
475 368 152
19 409 152
480 212 152
321 460 152
212 480 152
479 263 152
212 480 152
67 396 152
373 308 152
212 481 152
212 481 152
357 409 152
212 481 152
475 368 152
368 460 152
398 365 152
357 409 152
321 263 152
321 482 152
460 368 152
321 212 152
357 409 152
483 368 152
368 460 152
372 429 153
212 481 153
19 409 153
359 460 153
460 359 153
398 175 153
6 481 153
359 460 153
481 6 153
483 368 153
277 482 153
392 466 153
277 481 153
6 481 153
392 466 153
212 481 153
277 481 153
481 6 153
6 481 153
481 6 153
282 34 153
19 481 153
321 460 153
277 482 153
6 481 153
466 392 153
277 481 153
274 6 153
321 392 153
392 466 153
372 460 153
19 109 153
274 481 153
321 454 153
321 392 153
483 368 153
372 466 153
460 359 153
368 483 153
423 343 153
481 6 153
423 454 153
277 482 153
484 372 153
321 392 153
321 88 153
310 405 153
274 481 153
321 376 153
483 368 153
481 6 153
357 466 153
274 481 153
398 254 153
321 343 153
277 481 153
274 376 153
321 392 153
274 481 153
321 460 153
357 120 153
460 372 153
398 72 153
484 372 153
277 482 153
321 352 153
236 407 153
277 481 153
321 460 153
372 460 153
321 472 153
321 191 153
368 483 153
423 464 153
131 368 153
321 278 153
321 392 153
460 372 153
228 314 153
321 460 153
321 392 153
321 405 153
372 460 153
357 480 153
321 392 153
282 214 153
372 482 153
277 352 153
131 368 153
321 392 153
309 352 153
289 392 153
321 481 153
236 389 153
485 175 153
321 392 153
398 480 153
321 8 153
131 368 153
289 392 153
321 288 153
372 482 153
372 482 153
372 482 153
407 236 153
321 392 153
321 460 153
172 486 153
321 288 153
460 372 153
483 368 153
193 63 153
321 481 153
321 288 153
67 396 153
321 392 153
321 313 153
463 469 153
321 309 153
321 392 153
321 75 153
321 368 153
321 120 153
423 392 153
479 481 153
321 487 153
321 175 153
481 479 153
321 75 153
321 464 153
479 481 153
308 435 153
423 392 153
172 488 153
321 349 153
297 75 153
321 309 153
372 460 153
479 358 153
484 372 153
321 479 153
439 440 153
321 450 153
368 483 153
317 281 153
321 313 153
321 368 153
484 372 153
321 489 153
321 368 153
321 72 153
140 308 153
483 368 153
321 236 153
317 429 153
321 358 153
321 487 153
172 460 153
321 476 153
483 479 153
321 72 153
368 483 153
321 368 153
321 376 153
479 8 153
321 487 153
321 368 153
475 481 153
51 489 153
321 368 153
321 72 153
277 172 153
483 479 153
409 8 153
483 368 153
484 372 153
51 149 153
19 409 153
389 68 153
19 109 153
321 480 153
317 479 153
321 376 153
19 409 153
321 376 153
424 175 153
389 236 153
389 62 153
19 302 153
321 236 153
321 325 153
376 6 153
350 376 153
51 476 153
321 490 153
321 491 153
321 372 153
321 344 153
321 365 153
321 402 153
51 466 153
321 228 153
321 172 153
402 281 153
321 174 153
19 302 153
263 344 153
236 389 153
9 282 153
51 120 153
483 368 153
236 407 153
492 389 153
493 128 153
494 63 153
492 343 153
494 389 153
128 493 153
9 466 153
447 51 153
447 51 153
9 472 153
9 463 153
389 236 153
9 465 153
424 495 153
308 263 153
140 308 153
9 389 153
494 389 153
263 308 153
494 389 153
9 460 153
494 463 153
236 191 153
494 389 153
447 372 153
494 389 153
228 463 153
400 429 153
494 445 153
400 365 153
209 437 153
494 429 153
400 392 153
9 389 153
400 61 153
9 389 153
236 389 153
19 302 153
209 429 153
9 8 153
9 177 153
400 396 153
400 472 153
389 236 153
400 454 153
400 454 153
263 454 153
400 343 153
472 263 153
483 368 153
19 409 153
19 409 153
409 302 153
19 409 153
9 389 153
400 389 153
483 368 153
368 236 153
263 389 153
44 19 153
466 372 153
368 468 153
483 368 153
336 333 153
263 297 153
468 300 153
400 392 153
475 468 153
475 468 153
466 51 153
483 368 153
475 496 153
484 372 153
479 278 153
372 466 153
483 368 153
405 263 153
405 263 153
466 372 153
297 263 153
484 372 153
103 480 153
475 496 153
400 392 153
483 368 153
497 405 153
263 405 153
372 466 153
297 263 154
405 497 154
497 405 154
103 454 154
263 297 154
236 368 154
297 263 154
405 263 154
405 497 154
321 365 154
389 263 154
321 405 154
103 437 154
498 495 154
497 405 154
405 497 154
263 297 154
321 405 154
368 236 154
321 437 154
297 263 154
497 405 154
484 372 154
212 372 154
400 392 154
236 389 154
263 297 154
297 263 154
236 368 154
355 316 154
355 102 154
368 236 154
389 236 154
497 302 154
263 297 154
344 263 154
297 263 154
263 344 154
483 368 154
103 437 154
498 97 154
321 392 154
194 499 154
194 303 154
194 184 154
53 481 154
496 475 154
475 496 154
194 344 154
63 193 154
496 454 154
62 368 154
496 475 154
194 60 154
6 376 154
41 437 154
194 182 154
297 289 154
194 368 154
475 496 154
1 477 154
321 500 154
194 209 154
297 289 154
62 454 154
321 491 154
194 62 154
501 236 154
263 297 154
62 481 154
321 502 154
501 236 154
62 349 154
321 502 154
501 236 154
297 263 154
501 236 154
321 502 154
62 236 154
501 236 154
297 263 154
309 502 154
6 343 154
321 502 154
502 309 154
332 263 154
194 223 154
321 392 154
321 502 154
309 502 154
379 74 154
321 392 154
321 392 154
6 84 154
502 309 154
379 289 154
62 465 154
62 236 154
263 297 154
501 236 154
263 297 154
309 502 154
62 502 154
263 503 154
502 309 154
221 368 154
297 263 154
502 62 154
379 289 154
321 392 154
503 263 154
321 480 154
379 74 154
194 62 154
379 289 154
321 392 154
62 502 154
392 502 154
379 289 154
502 62 154
194 62 154
334 62 154
502 392 154
297 263 154
181 454 154
392 502 154
62 502 154
321 392 154
502 392 154
194 62 154
321 495 154
62 236 154
502 62 154
392 502 154
62 502 154
502 392 154
502 392 154
334 62 154
502 62 154
194 62 154
62 502 154
263 297 154
321 437 154
334 437 154
194 62 154
321 504 154
181 495 154
181 294 154
194 62 154
220 505 154
194 62 154
220 88 154
103 437 154
128 325 154
128 62 154
128 62 154
128 62 154
62 128 154
501 236 154
501 236 154
501 236 154
501 236 154
501 236 154
501 236 154
60 296 155
32 429 155
483 368 156
70 174 156
9 466 156
70 482 156
70 482 156
429 372 156
398 405 156
398 97 157
289 97 157
342 194 157
453 264 157
429 209 157
429 32 157
342 454 157
447 372 157
209 194 157
321 437 157
321 316 157
321 209 157
348 338 157
316 355 157
321 506 157
321 316 157
321 507 157
321 209 157
316 263 157
321 316 157
321 348 157
263 316 157
263 316 157
316 263 157
355 316 157
263 316 157
263 316 157
355 316 157
316 355 157
316 263 157
355 316 157
316 355 157
344 263 157
316 355 157
344 194 157
355 316 157
316 355 157
32 154 157
431 398 157
212 480 157
431 372 157
431 372 157
212 303 157
212 372 157
431 454 157
431 454 157
431 454 157
355 316 157
405 508 157
398 405 157
398 254 157
508 405 157
474 74 157
41 503 157
358 479 157
509 454 157
372 508 157
194 456 157
431 372 158
372 355 158
260 236 158
260 51 158
176 453 158
303 212 158
303 194 158
431 372 158
508 372 158
321 454 158
321 358 158
454 263 158
211 194 158
27 184 158
454 496 158
454 181 158
68 437 158
391 289 158
263 257 158
454 510 158
456 194 158
448 352 158
181 454 158
74 379 158
74 379 158
350 365 158
69 450 158
69 263 158
296 194 158
53 481 158
69 124 158
372 508 158
44 432 158
372 460 158
34 313 158
44 372 158
53 254 158
44 34 158
325 128 158
447 325 158
44 511 158
447 34 158
128 325 158
325 128 158
212 263 158
212 48 158
19 512 158
299 399 158
128 325 158
212 211 158
460 372 158
323 281 158
513 388 158
513 514 158
465 62 158
323 88 158
323 124 158
440 513 158
317 308 158
474 74 158
474 32 158
422 365 158
263 212 158
62 454 158
62 481 158
62 465 158
422 460 158
101 515 159
453 516 159
228 392 159
465 62 159
474 236 159
517 368 159
289 391 159
517 68 159
379 74 159
517 289 159
379 450 159
359 460 159
465 398 159
379 432 159
432 379 159
297 248 159
474 236 159
297 272 159
181 432 159
368 194 159
281 402 159
281 323 159
368 221 159
425 378 159
425 396 159
368 359 159
368 309 159
359 368 159
368 359 159
359 368 159
342 454 159
474 359 159
294 51 159
368 359 159
359 368 159
62 465 159
62 481 159
517 368 159
62 368 159
474 359 159
517 359 159
9 465 159
368 359 159
474 359 159
9 391 159
359 368 159
9 194 159
368 359 159
359 368 159
474 359 159
194 211 159
368 359 159
194 456 159
359 368 159
372 460 159
368 359 159
474 32 159
359 368 159
316 355 159
378 425 159
474 359 159
378 396 159
368 359 159
359 368 159
368 359 159
465 62 159
359 368 159
359 368 159
32 209 159
518 345 159
368 359 159
456 194 159
19 519 159
19 519 159
483 368 159
520 32 159
493 329 159
143 32 159
400 504 159
521 305 159
400 428 159
273 272 159
389 496 159
273 522 159
62 368 159
62 465 159
523 524 159
469 519 159
44 432 159
44 432 159
379 432 159
469 463 159
400 454 159
400 396 159
400 429 159
520 291 159
520 291 159
520 292 159
400 429 159
44 211 160
422 365 160
496 454 160
214 525 160
321 454 160
392 228 160
41 523 160
321 359 160
321 480 160
477 526 160
32 527 160
457 456 160
350 365 160
9 282 160
36 413 160
9 465 160
425 378 160
350 365 160
460 359 160
9 8 160
9 8 160
9 282 160
9 8 160
9 465 160
9 8 160
9 8 160
9 527 160
9 528 160
9 8 160
302 497 160
9 8 160
9 8 160
297 234 160
441 368 160
209 32 160
9 8 160
447 325 160
447 34 160
447 48 160
9 8 160
62 375 161
12 175 161
12 302 161
51 529 161
51 528 161
51 523 161
51 530 161
456 527 161
456 527 161
456 501 161
447 48 161
447 48 161
363 502 161
389 424 161
400 428 161
400 286 161
396 378 161
357 409 161
400 396 161
357 502 161
400 502 161
228 392 161
12 502 161
32 209 161
447 325 161
32 52 161
53 254 161
103 502 161
447 325 161
447 325 161
41 527 161
41 529 161
357 502 161
41 502 161
176 502 161
357 502 161
355 316 161
355 316 161
62 475 161
357 501 161
501 456 161
103 503 161
355 316 161
475 62 161
398 502 161
62 475 161
502 398 161
475 62 161
456 501 161
62 278 161
474 32 161
357 502 161
474 32 161
357 502 161
176 502 161
526 477 161
483 62 161
209 355 161
357 502 161
400 441 161
41 502 161
483 62 161
447 325 161
193 63 161
483 62 161
357 502 161
193 149 161
456 209 161
467 389 161
172 531 161
501 456 161
103 452 161
357 502 161
456 501 161
482 389 162
357 168 162
357 502 162
193 355 162
41 502 162
474 372 162
103 456 162
193 502 162
502 193 162
474 372 162
193 502 162
128 62 162
41 502 162
357 502 162
41 452 162
501 236 162
501 236 162
501 456 162
482 532 162
398 502 162
357 428 162
502 193 162
357 502 162
41 502 162
313 34 162
38 313 162
63 193 162
103 134 162
41 502 162
38 313 162
38 313 162
532 482 162
38 313 162
228 475 162
38 313 162
38 313 162
38 313 162
38 313 162
38 313 162
38 313 162
41 502 162
38 365 162
38 313 162
38 313 162
38 313 162
501 236 162
38 313 162
38 313 162
38 313 162
38 313 162
67 378 162
38 313 162
38 313 162
67 215 162
67 215 162
67 533 162
67 534 162
67 529 162
67 527 162
67 371 162
67 482 162
67 273 162
67 8 162
67 288 162
41 502 162
67 440 162
67 535 162
67 74 162
67 288 162
67 72 162
67 236 162
67 260 162
67 313 162
67 502 162
67 242 162
67 424 162
67 521 162
67 365 162
67 172 162
67 475 162
67 313 162
389 482 162
67 475 162
389 424 162
38 313 162
67 288 162
241 501 162
38 502 162
67 475 162
67 288 162
67 72 162
41 502 162
38 313 162
241 260 162
36 413 162
67 288 162
67 475 162
38 502 162
41 502 162
67 72 162
67 288 162
193 63 162
67 74 162
67 72 162
67 288 162
67 72 162
38 313 162
38 502 162
67 475 162
74 503 162
38 502 162
389 467 162
67 72 162
67 72 162
38 313 162
67 475 162
193 502 162
67 72 162
67 72 162
38 502 162
67 475 162
67 72 162
67 475 162
502 193 162
509 454 162
67 475 162
509 454 162
67 475 162
38 502 162
233 372 162
67 475 162
38 502 162
38 502 162
38 502 162
67 475 162
38 475 162
41 502 162
38 502 162
38 313 162
38 313 162
67 88 162
38 313 162
67 475 162
38 502 162
38 288 162
38 313 162
38 177 162
38 288 162
38 313 162
38 177 162
38 177 162
38 313 162
27 414 162
297 482 162
38 177 162
38 502 162
482 389 162
38 313 162
41 502 162
38 288 162
38 502 162
38 288 162
38 288 162
38 177 162
38 502 162
41 502 162
38 502 162
38 313 162
38 502 162
409 302 162
38 502 162
409 413 162
38 288 162
38 502 162
38 502 162
38 177 162
38 288 162
41 502 162
38 288 162
355 193 162
386 387 162
355 209 162
38 386 162
38 288 162
509 534 162
38 502 162
38 502 162
38 502 162
38 502 162
38 502 162
38 502 162
38 502 163
38 502 163
38 502 163
38 502 163
38 502 163
38 502 163
38 288 163
38 502 163
38 502 163
38 288 163
501 241 163
74 379 163
38 288 163
38 177 163
38 502 163
38 502 163
38 502 163
38 177 163
38 177 163
41 502 163
517 481 163
38 502 163
38 475 163
41 502 163
38 475 163
38 502 163
38 475 163
38 502 163
41 502 163
38 502 163
38 502 163
41 528 163
38 502 163
474 74 163
38 168 163
400 428 163
62 481 163
38 475 163
38 502 163
214 512 163
41 536 163
19 409 163
400 502 163
398 308 163
398 308 163
398 308 163
465 398 163
41 355 163
469 97 163
41 464 163
41 464 163
342 502 163
398 308 163
398 308 163
393 32 163
537 536 163
398 308 163
143 201 163
143 201 163
241 501 163
400 168 163
501 236 163
143 201 163
398 308 163
143 201 163
400 378 163
398 308 163
456 405 163
143 201 163
400 365 163
143 201 163
143 201 163
352 309 163
501 241 163
143 201 163
398 308 163
241 501 163
143 201 163
143 456 163
143 201 163
456 389 163
143 201 163
143 201 163
143 456 163
143 201 163
143 201 163
143 201 163
501 241 163
241 501 163
282 456 163
257 263 163
19 538 163
19 109 163
539 502 163
422 536 163
19 538 163
475 74 163
75 475 163
517 481 163
308 68 163
475 75 163
475 75 163
140 276 163
75 475 163
475 75 163
422 97 163
308 540 163
308 538 163
236 501 163
75 475 163
41 538 163
475 75 163
475 75 163
236 242 163
236 501 163
44 74 163
68 308 163
75 475 163
75 475 163
475 75 163
19 538 163
475 75 163
19 538 163
501 236 163
539 368 163
19 538 163
19 538 163
75 475 163
19 538 163
75 475 163
19 538 163
19 538 163
475 75 163
19 538 163
475 75 163
19 538 163
75 475 163
19 538 163
19 538 163
75 475 163
475 75 163
75 475 163
19 538 163
75 475 163
475 75 163
475 75 163
539 368 163
475 75 163
38 313 163
536 532 164
532 536 164
539 368 164
191 536 164
536 532 164
532 536 164
536 532 164
532 536 164
536 532 164
536 191 164
532 541 164
532 536 164
536 532 164
191 536 164
532 536 164
282 34 164
532 463 164
368 542 164
542 368 164
9 177 164
41 355 164
9 177 164
368 542 164
501 236 164
128 62 164
513 440 164
128 236 164
522 273 164
236 128 164
97 352 164
97 542 164
128 236 164
144 398 164
542 97 164
97 542 164
325 482 164
97 542 164
236 128 164
542 97 164
128 236 164
542 543 164
97 542 164
128 97 164
501 236 164
542 97 164
236 501 164
97 542 164
325 523 164
501 236 164
543 542 164
145 119 164
236 128 164
325 482 164
542 97 164
236 501 164
501 236 164
542 543 164
325 72 164
97 542 164
540 308 164
542 97 164
128 236 164
543 542 164
97 542 164
236 501 164
325 482 164
542 543 164
236 128 164
119 144 164
74 378 164
542 97 164
97 542 164
325 97 164
325 97 164
325 97 164
543 542 164
97 325 164
128 236 164
74 527 164
74 528 164
74 544 164
325 482 164
542 97 164
74 519 164
325 97 164
97 542 164
74 541 164
97 325 164
542 97 164
325 97 164
97 325 164
542 97 164
97 542 164
325 97 164
542 97 164
97 325 164
68 97 164
97 542 164
542 97 164
97 68 164
482 325 164
325 97 164
97 542 164
325 482 164
97 325 164
542 97 164
325 97 164
236 128 164
97 542 164
97 325 164
68 97 164
325 513 164
325 513 164
482 325 164
97 68 164
325 482 164
542 97 164
513 325 164
325 97 164
41 513 164
325 513 164
481 62 164
97 542 164
542 513 164
513 325 164
97 325 164
513 542 164
325 513 164
542 97 164
542 513 164
325 97 164
513 542 164
97 542 164
68 48 164
325 61 164
482 325 164
97 325 164
325 482 164
68 61 164
325 97 164
542 61 164
513 98 164
542 97 164
41 513 164
325 109 164
542 97 164
482 325 164
72 325 164
513 545 164
97 542 164
97 542 164
97 542 164
97 542 164
97 542 164
542 97 164
325 482 164
325 72 164
97 542 164
542 97 164
542 97 164
72 325 164
482 325 164
325 97 164
325 482 164
97 542 164
546 532 164
97 325 164
482 325 165
546 542 165
542 97 165
325 97 165
325 482 165
546 454 165
482 325 165
325 482 165
546 97 165
482 325 165
97 542 165
97 325 165
325 482 165
325 97 165
97 325 165
547 311 165
325 97 165
97 325 165
325 97 165
97 325 165
325 97 165
482 325 165
325 482 165
546 97 165
325 542 165
542 325 165
542 548 165
325 542 165
548 542 165
542 325 165
325 542 165
542 548 165
542 325 165
325 542 165
297 75 165
325 549 165
549 325 165
62 481 166
277 352 167
432 379 167
545 513 167
321 84 168
321 550 168
321 203 168
321 68 168
321 119 168
321 242 168
321 491 168
321 365 168
44 74 168
536 191 168
289 536 168
536 532 168
536 289 168
532 536 168
536 532 168
537 74 168
532 536 168
536 532 168
398 308 168
532 536 168
537 536 168
447 325 168
536 532 168
212 289 168
415 329 168
389 482 168
389 456 168
451 32 168
76 399 168
76 258 168
542 97 168
41 76 168
285 536 168
536 285 168
193 502 168
509 389 168
509 536 168
41 542 168
375 372 168
536 509 168
536 289 168
474 32 168
19 451 168
509 536 168
41 375 168
509 536 168
291 393 168
551 224 168
482 389 168
551 306 169
551 545 169
551 377 169
36 73 169
36 119 169
19 538 169
36 119 169
36 119 169
103 502 169
103 538 169
36 119 169
36 119 169
103 466 169
552 236 169
9 76 169
103 358 169
289 536 169
103 168 169
103 365 169
321 119 169
321 68 169
51 553 169
103 553 169
103 554 169
103 62 169
447 119 169
465 398 169
103 465 169
204 456 169
204 432 169
103 549 169
447 119 169
97 542 169
423 294 169
423 454 169
103 62 169
447 119 169
9 543 169
9 543 169
103 62 169
509 97 169
97 509 169
321 68 169
509 454 169
509 302 169
321 68 169
555 509 169
509 302 169
509 302 169
51 528 169
119 302 169
51 215 169
302 119 169
204 540 169
456 294 169
103 168 169
119 302 169
509 302 169
456 175 169
540 308 169
456 553 169
379 74 169
379 482 169
103 61 169
308 540 169
236 509 169
62 554 169
103 500 169
509 236 169
509 272 170
540 308 170
103 128 170
62 285 170
302 119 170
61 325 170
509 302 170
119 302 170
61 68 170
103 556 170
61 542 170
509 302 170
398 509 170
204 456 170
509 236 170
509 302 170
509 236 170
509 236 170
302 509 170
204 482 170
509 236 170
325 549 170
509 302 170
509 302 170
204 482 170
204 62 170
532 364 170
204 482 170
204 62 170
308 540 170
549 325 170
325 549 170
204 482 170
204 482 170
204 482 170
258 76 170
204 482 170
321 365 170
204 482 170
557 527 170
97 289 170
549 325 170
535 513 170
74 379 170
557 302 170
302 557 170
557 302 170
302 557 170
557 302 170
103 365 170
27 414 170
193 355 170
302 557 170
379 74 170
103 365 170
103 393 170
393 291 170
103 393 170
294 456 170
62 554 170
557 302 170
481 479 170
302 557 170
557 302 170
302 557 170
355 193 170
260 241 170
557 302 170
214 302 170
103 365 170
393 54 170
103 393 170
302 557 170
302 214 170
95 393 170
302 558 170
128 236 170
36 73 170
103 128 170
68 61 170
557 302 170
302 557 170
1 477 170
302 138 170
36 73 170
36 73 170
36 3 170
302 74 170
557 302 171
204 482 171
103 128 171
316 355 171
325 549 171
389 509 171
325 542 171
389 559 171
1 302 171
325 548 171
325 560 171
465 398 171
302 557 171
560 325 171
447 119 171
36 3 171
355 316 171
1 302 171
193 355 171
316 355 171
302 557 171
557 302 171
553 456 171
553 51 171
557 302 171
355 316 171
302 557 171
242 236 171
316 355 171
19 233 171
19 65 171
527 32 171
527 74 171
316 355 171
527 554 171
316 355 171
554 527 171
252 6 171
41 460 171
204 242 171
144 398 171
74 302 171
74 527 171
527 74 171
209 527 171
41 527 171
527 209 171
542 325 171
542 548 171
41 527 171
540 308 171
41 527 171
97 325 171
252 97 171
97 252 171
474 32 171
97 252 171
97 252 171
481 252 171
389 482 172
302 74 172
252 481 172
103 175 172
103 513 172
103 128 172
266 97 172
41 561 172
474 74 172
214 302 172
481 252 172
97 266 172
325 97 172
97 325 172
252 481 172
283 144 172
193 389 172
389 193 172
525 211 172
525 214 172
525 93 172
481 252 172
481 252 172
51 561 172
193 389 172
252 481 172
549 325 172
549 325 172
367 393 172
283 375 172
283 515 172
51 39 172
286 549 172
549 286 172
103 175 172
103 525 172
214 525 172
103 128 172
325 549 172
214 500 172
325 553 172
456 553 172
204 456 172
456 527 172
555 562 172
465 456 172
400 144 172
297 263 172
465 456 172
456 252 172
465 456 172
252 456 172
465 456 172
456 252 172
252 456 172
465 456 173
456 252 173
252 456 173
357 134 173
456 252 173
465 456 173
252 456 173
465 456 173
400 428 173
103 168 173
103 134 173
456 27 173
465 398 173
465 456 173
456 538 173
400 429 173
389 193 173
389 252 173
357 134 173
465 398 173
398 456 173
465 456 173
357 538 173
398 456 173
465 398 173
389 252 173
465 456 173
465 398 173
389 252 173
389 252 173
481 252 173
252 481 173
389 252 173
38 148 173
38 177 173
38 177 173
398 394 173
465 398 173
563 239 173
447 119 173
38 168 173
38 393 173
38 233 173
103 168 173
465 398 173
214 437 173
398 175 173
214 564 173
465 456 173
260 283 173
525 214 173
494 325 173
494 389 173
400 286 173
51 465 173
539 396 173
483 127 173
561 51 173
465 456 173
41 353 173
523 565 173
561 51 173
447 119 173
447 119 173
456 144 173
119 168 173
465 456 173
465 398 173
561 51 173
465 398 173
465 456 173
176 270 173
41 566 173
41 460 173
465 398 173
41 270 173
400 396 173
561 51 173
567 260 173
168 119 173
567 460 173
103 168 173
568 370 173
297 481 173
277 252 173
41 389 173
465 398 173
454 181 173
277 252 173
41 389 173
252 389 173
103 168 173
62 454 173
313 127 174
19 566 174
19 566 174
19 566 174
539 454 174
62 454 174
539 454 174
539 536 174
465 398 174
41 481 174
9 527 174
9 177 174
539 454 174
9 177 174
9 389 174
465 398 174
9 569 174
9 566 174
370 568 174
389 252 174
398 465 174
220 308 174
220 308 174
539 454 174
517 481 174
41 389 174
538 438 174
536 532 174
517 438 174
517 540 174
532 536 174
536 532 174
75 97 174
532 536 174
83 536 174
277 567 174
236 128 174
252 389 174
83 386 174
75 475 174
538 570 174
83 536 174
128 236 174
422 536 174
193 389 174
236 128 174
193 368 174
119 538 174
308 220 174
128 236 174
363 454 174
363 454 174
363 454 174
495 540 174
204 482 174
404 6 174
193 368 174
422 536 174
336 368 174
540 495 174
236 128 174
336 368 174
48 538 174
48 538 174
538 540 174
540 538 174
538 48 174
538 540 174
540 538 174
48 538 174
538 540 174
538 48 174
454 363 174
540 538 174
355 316 174
321 365 174
538 540 174
540 538 174
48 538 174
289 97 174
355 316 174
321 454 174
538 48 174
355 316 174
538 540 174
540 538 174
538 289 174
538 540 174
289 538 174
538 48 174
48 371 174
538 289 174
540 538 174
336 368 174
321 454 174
538 540 174
538 48 174
289 538 174
48 538 174
540 538 174
321 538 174
538 289 174
321 454 174
538 48 174
128 236 174
289 538 174
48 538 174
538 289 174
538 48 174
321 538 174
289 538 174
48 538 174
321 454 174
538 289 174
321 270 174
48 538 174
321 454 174
538 48 174
538 48 174
336 368 174
289 538 174
48 538 174
308 352 174
48 538 174
308 454 174
355 193 174
538 48 174
454 308 174
336 294 174
308 454 174
538 48 174
38 128 174
308 540 174
38 270 174
204 336 174
454 308 174
204 336 174
144 283 174
48 538 174
48 538 174
538 48 174
538 48 174
48 538 174
538 48 174
48 538 174
538 48 174
144 456 174
48 538 174
74 459 174
9 127 174
193 355 174
538 48 174
193 355 174
48 538 174
538 48 174
73 393 174
144 48 174
308 336 174
48 538 174
144 48 174
73 454 174
144 48 174
336 308 174
308 336 174
144 48 174
392 228 174
73 343 174
48 144 174
144 48 174
73 452 174
392 127 174
336 536 174
103 144 174
308 97 174
97 308 174
392 538 174
38 128 174
38 378 175
103 378 175
355 316 175
103 396 175
571 128 175
282 456 175
571 128 175
103 270 175
571 128 175
571 128 175
400 454 175
571 128 175
571 260 175
571 128 175
571 128 175
128 571 175
571 128 175
128 571 175
440 460 175
172 392 175
128 571 175
571 128 175
571 128 175
571 128 175
571 128 175
128 571 175
128 571 175
546 454 175
405 456 175
189 144 175
481 348 175
546 454 175
546 572 175
481 252 175
252 481 175
62 60 175
6 566 175
214 525 176
536 336 177
456 396 178
9 144 178
551 224 178
551 83 178
204 571 178
363 454 178
83 536 178
475 75 178
289 319 178
27 456 178
316 355 178
316 355 178
27 414 178
316 355 178
355 316 178
355 316 178
317 308 178
355 316 178
316 355 178
316 355 178
355 193 178
355 316 178
355 316 178
316 355 178
316 355 178
321 454 178
308 549 178
289 449 178
321 449 178
316 308 178
355 316 179
316 102 179
355 316 179
355 102 179
316 355 179
355 316 179
316 355 179
540 308 179
540 571 179
449 289 179
456 449 179
551 319 179
321 449 179
449 456 179
456 449 179
551 456 179
365 540 179
551 456 179
540 365 179
551 147 179
365 540 179
551 456 179
540 365 179
199 536 179
365 540 179
277 73 179
277 172 179
540 365 179
277 73 179
193 355 179
365 540 179
540 365 179
365 540 179
289 449 179
8 32 179
32 8 179
525 214 179
8 32 179
517 252 179
266 97 179
289 365 179
365 289 179
283 144 179
289 365 179
70 573 179
9 97 179
41 567 179
325 559 179
41 567 179
204 567 179
308 316 179
389 252 179
389 193 179
32 8 179
32 8 179
233 193 179
233 481 179
204 567 179
574 6 180
41 389 180
212 119 180
456 355 180
266 449 180
236 128 180
6 404 180
302 449 180
6 515 180
6 122 180
297 75 180
128 236 180
38 128 180
38 502 180
212 6 180
38 128 180
38 128 180
212 6 180
212 6 180
62 266 180
127 392 180
127 313 180
102 316 180
228 392 180
69 289 180
69 308 180
398 394 180
306 438 180
422 536 180
263 297 180
9 127 180
9 97 180
9 97 180
398 313 180
575 576 180
9 97 180
474 32 181
103 577 181
551 456 181
551 306 181
509 454 181
103 577 181
538 540 181
474 48 181
387 386 181
283 248 181
540 538 181
578 341 181
549 308 181
418 512 181
418 579 181
418 580 181
563 538 181
249 302 181
60 62 181
212 372 181
62 60 181
212 303 181
212 263 181
212 305 181
581 582 181
321 402 181
551 456 181
551 497 181
41 460 181
363 475 181
363 475 181
63 127 181
422 449 181
282 456 181
282 456 181
549 495 181
553 456 181
553 325 181
302 456 181
214 583 182
583 214 182
481 371 182
456 553 182
456 302 182
214 583 182
252 389 182
214 512 182
214 512 182
214 584 182
583 214 182
214 583 182
475 363 182
474 32 182
475 363 182
475 363 182
583 214 182
214 583 182
214 583 182
583 214 182
583 214 182
252 463 182
495 549 182
214 583 182
495 540 182
495 498 182
495 424 182
204 481 182
583 214 182
282 456 182
214 583 182
355 316 182
583 214 182
355 193 182
583 214 182
495 585 182
372 375 182
372 233 182
583 214 182
372 97 182
583 214 182
193 355 182
363 475 182
145 119 182
372 495 182
193 389 182
372 365 182
475 363 182
12 148 182
372 538 182
1 302 182
586 252 182
249 302 182
103 538 182
252 6 182
440 587 182
440 588 182
6 578 182
586 589 182
440 590 182
475 591 182
591 475 182
586 481 182
145 119 182
19 527 182
38 502 182
38 386 182
38 52 183
38 378 183
396 456 183
38 527 183
422 549 183
297 422 183
396 400 183
38 592 183
422 285 183
285 422 183
38 527 183
38 302 183
272 509 183
34 313 183
38 128 183
38 128 183
27 422 183
103 527 183
586 481 183
586 481 183
422 285 183
586 481 183
586 538 183
586 389 183
193 593 183
27 422 183
463 228 183
321 593 183
143 415 183
586 481 183
463 469 183
539 396 183
51 302 183
302 51 183
34 335 183
463 532 183
463 252 183
34 527 183
83 386 183
297 422 183
297 272 183
317 571 183
193 593 183
74 592 183
204 456 183
204 481 183
583 172 183
204 456 183
204 456 183
204 456 183
283 375 183
357 593 183
204 456 183
266 236 183
83 551 183
204 298 183
297 422 183
308 456 183
252 463 183
308 583 183
583 308 183
283 248 183
372 538 183
9 177 183
9 527 183
389 252 183
308 566 183
389 193 183
62 285 183
12 148 183
454 363 183
509 272 183
12 593 183
447 95 183
12 593 183
571 540 183
586 389 183
27 422 183
12 355 183
509 454 183
552 266 183
12 593 183
62 567 183
555 388 183
9 127 183
555 590 183
19 409 183
308 371 183
212 509 183
321 437 183
212 67 183
212 73 183
41 389 183
297 422 183
19 409 183
212 119 183
532 463 183
538 372 183
19 409 183
300 468 183
266 475 183
475 266 183
19 409 183
212 388 183
447 95 183
19 593 183
44 456 183
19 409 183
325 391 183
325 583 183
193 593 183
41 389 183
321 300 183
193 389 183
321 306 183
321 373 183
266 475 183
212 480 183
594 475 183
321 480 183
212 480 183
389 193 183
520 291 183
469 463 183
520 8 183
41 389 183
212 289 183
212 289 183
475 266 183
212 263 183
594 502 183
266 475 183
594 502 183
19 409 183
19 593 183
131 548 183
212 263 184
583 325 184
363 454 184
368 594 184
289 437 184
520 8 184
19 593 184
289 306 184
294 51 184
289 97 184
289 371 184
303 212 184
282 462 184
371 308 184
95 371 184
193 389 184
297 422 184
282 462 184
97 289 184
593 19 184
569 336 184
289 97 184
19 593 184
27 422 184
19 593 184
204 303 184
274 32 184
583 325 184
297 422 184
274 462 184
73 212 184
41 389 184
389 193 184
19 593 184
282 462 184
583 325 184
62 343 184
463 252 184
41 389 184
297 422 184
463 532 184
220 283 184
309 391 184
463 469 184
341 578 184
41 389 184
161 162 184
9 569 184
454 363 184
282 462 184
41 389 184
212 305 184
567 595 184
41 389 184
494 389 184
62 463 184
282 462 184
62 567 184
595 567 184
97 289 184
193 389 184
41 389 184
343 62 184
212 303 184
325 583 184
594 368 184
289 97 184
343 73 184
41 502 184
463 62 184
343 6 184
62 463 184
389 193 184
343 62 184
583 325 184
19 593 184
463 62 184
41 502 184
162 161 184
504 289 184
51 502 184
289 504 184
41 389 184
371 289 184
583 325 184
368 594 184
469 463 184
62 463 184
41 596 184
371 95 184
41 502 184
593 19 184
594 368 184
41 389 184
95 371 184
12 389 184
504 289 184
289 371 184
41 502 184
289 504 184
41 389 184
368 594 184
193 389 184
12 175 184
103 306 184
289 97 184
12 389 184
372 389 184
41 502 184
517 289 184
97 289 184
372 538 184
372 97 184
41 389 184
504 289 184
372 97 184
12 480 184
41 502 184
12 300 184
103 462 184
41 90 184
12 402 184
289 97 184
12 389 184
289 517 184
41 389 184
103 402 184
289 504 184
41 502 184
41 389 184
594 368 184
104 97 184
41 389 184
41 389 184
542 97 184
289 569 184
36 400 184
97 104 184
97 542 184
12 569 184
19 593 184
36 73 184
41 90 184
569 289 184
19 593 184
368 594 184
41 389 184
12 389 184
542 97 184
212 597 184
12 389 184
12 142 184
596 542 184
12 569 184
12 389 184
41 502 184
12 569 184
97 542 184
41 389 184
19 598 184
542 97 184
12 343 184
97 542 184
567 595 184
12 569 184
542 596 184
36 598 184
594 368 184
103 569 184
542 97 184
176 515 184
41 502 184
372 437 184
41 389 184
542 142 184
97 542 184
12 569 184
567 502 184
368 594 184
103 489 184
12 569 184
41 389 184
41 90 184
9 569 184
542 97 184
463 469 184
97 542 184
41 389 184
193 389 184
289 463 184
372 437 184
569 103 184
596 542 184
103 391 184
41 502 184
542 389 184
36 511 184
463 289 184
542 97 184
502 567 184
289 463 184
12 569 184
41 90 184
97 542 184
41 389 184
41 502 184
542 97 184
9 569 184
389 193 184
514 513 184
372 437 184
103 598 184
372 489 184
569 103 184
289 389 184
97 542 184
542 97 184
12 569 184
90 594 184
423 437 184
389 542 184
599 289 184
97 542 184
542 598 184
389 289 184
9 569 184
289 389 184
598 542 184
41 389 184
542 389 184
389 289 184
542 97 184
542 598 184
372 391 184
542 598 184
41 598 184
97 542 184
598 542 184
289 391 184
41 389 184
12 569 184
372 508 184
389 542 184
542 97 184
542 598 184
289 598 184
9 569 184
12 569 184
97 542 184
41 389 184
289 600 184
542 389 184
598 542 184
567 502 184
542 97 184
409 103 184
599 289 184
97 542 184
567 542 184
128 236 184
389 542 184
409 542 184
542 97 184
372 437 184
596 57 184
19 409 184
41 389 184
567 548 184
542 567 184
97 542 184
41 389 184
542 389 184
567 542 184
482 437 184
41 389 184
542 97 184
567 542 184
19 409 184
372 489 184
542 97 184
542 97 184
542 97 184
599 289 184
542 567 184
542 567 184
97 542 184
389 542 184
489 372 184
325 97 184
12 569 184
596 289 184
41 389 184
409 542 184
599 289 184
97 325 184
542 97 184
19 409 184
599 289 184
289 596 184
12 569 184
567 325 184
542 389 184
569 372 184
41 389 184
97 542 184
599 289 184
103 409 184
423 598 184
389 542 184
599 289 184
325 567 184
542 97 184
324 128 184
41 389 184
514 454 184
97 542 184
368 371 184
372 437 184
128 324 184
372 489 184
368 52 184
325 97 184
12 569 184
542 389 184
368 482 184
567 325 184
97 325 184
542 97 184
325 567 184
409 542 184
409 103 184
19 409 184
389 542 184
368 454 184
97 542 184
289 454 184
172 502 184
283 144 184
19 409 184
57 596 184
542 389 184
325 97 184
102 98 184
41 389 184
12 569 184
437 372 184
289 149 184
569 372 184
368 300 184
389 542 184
12 569 184
97 325 184
19 409 184
9 569 184
599 289 184
447 368 184
19 601 184
212 368 184
372 598 184
599 289 184
317 368 184
368 538 184
596 57 184
542 97 184
325 97 184
372 514 184
149 289 184
19 601 184
542 389 184
97 542 184
9 569 184
97 325 184
482 368 184
9 601 184
502 172 184
447 368 184
9 569 184
389 542 184
12 569 184
289 149 184
368 482 184
9 601 184
19 409 184
212 368 184
567 602 184
9 569 184
19 601 184
542 97 184
542 389 184
12 569 184
482 368 184
372 437 184
317 368 184
277 263 184
97 542 184
602 567 184
389 542 184
567 602 184
149 289 184
9 601 184
542 389 184
9 569 184
325 97 184
371 368 184
599 289 184
19 409 184
368 482 184
9 527 184
19 601 184
437 372 184
324 128 184
97 325 184
596 119 184
289 149 184
212 368 184
12 569 184
306 285 184
324 329 184
41 389 184
36 601 184
542 97 184
514 437 184
368 371 184
149 289 184
9 569 184
98 102 184
9 527 184
289 149 184
102 98 184
542 97 184
9 601 184
12 569 184
97 542 184
9 389 184
398 144 184
325 437 184
212 368 184
586 409 184
19 409 184
586 389 184
9 569 184
12 569 184
306 239 184
149 289 184
144 142 184
9 601 184
437 325 184
542 97 184
212 368 184
9 502 184
372 437 184
599 289 184
97 542 184
263 527 184
9 601 184
289 149 184
9 514 184
371 306 184
9 569 184
212 368 184
368 404 184
12 569 184
9 482 184
527 263 184
9 569 184
542 97 184
36 601 184
567 598 184
283 445 184
12 527 184
212 368 184
368 514 184
97 542 184
9 598 184
542 97 184
9 409 184
263 527 184
9 514 184
368 388 184
12 569 184
189 144 184
514 368 184
212 368 184
36 400 184
9 569 184
527 263 184
9 601 184
9 514 184
97 542 184
372 437 184
368 514 184
514 388 184
514 368 184
12 569 184
9 569 184
36 601 184
9 601 184
368 514 184
532 463 184
212 368 184
567 538 184
567 538 184
567 538 184
36 601 184
12 527 184
9 409 184
599 289 184
542 97 184
445 283 184
9 514 184
212 368 184
12 569 184
372 103 184
97 542 184
176 603 184
372 445 184
283 445 184
372 103 184
514 368 184
12 569 185
19 480 185
12 527 185
9 569 185
9 514 185
598 567 185
9 409 185
598 289 185
176 603 185
12 569 185
372 527 185
368 514 185
289 598 185
9 598 185
12 569 185
599 289 185
598 542 185
9 569 185
372 445 185
598 289 185
12 569 185
212 368 185
598 103 185
9 598 185
176 603 185
520 220 185
9 569 185
12 569 185
9 598 185
212 368 185
561 51 185
12 480 185
212 368 185
12 391 185
599 289 185
423 598 185
12 569 185
9 569 185
289 598 185
144 561 185
9 598 185
9 569 185
12 569 185
6 48 185
9 569 185
555 590 185
372 437 185
538 567 185
368 401 185
9 598 185
368 162 185
368 604 185
9 409 185
69 119 185
103 598 185
555 590 185
69 368 185
9 569 185
605 272 185
599 289 185
9 569 185
12 569 185
598 103 185
69 308 185
423 598 185
555 590 185
9 598 185
9 409 185
423 598 185
9 569 185
103 598 185
12 569 185
423 598 185
9 409 185
599 289 185
555 590 185
454 514 185
454 368 185
12 175 185
423 598 185
9 601 185
9 601 185
48 6 185
598 103 185
454 289 185
41 389 185
555 365 185
289 454 185
41 598 185
555 463 185
103 598 185
12 569 185
454 289 185
599 289 185
41 598 185
289 454 185
9 598 185
605 263 185
9 601 185
599 289 185
555 393 185
9 569 185
103 561 185
598 103 185
103 601 185
561 103 185
103 598 185
605 263 185
599 289 185
9 409 185
598 103 185
540 495 185
41 603 185
561 103 185
355 193 185
350 576 185
605 263 185
368 454 185
6 540 185
41 561 185
388 514 185
355 316 185
569 174 185
103 598 185
594 90 185
350 592 185
350 592 185
495 540 185
605 263 185
599 289 185
599 289 185
62 567 185
561 103 185
297 422 185
605 263 185
495 181 185
569 174 185
350 480 185
41 598 185
605 263 185
569 606 185
305 212 185
569 174 185
41 598 185
561 103 185
236 128 185
569 174 185
252 463 185
605 263 185
422 391 185
103 561 185
72 596 185
297 422 185
561 103 185
542 598 185
561 103 185
561 103 185
41 598 185
409 147 185
605 263 185
598 542 185
605 263 185
542 97 185
147 236 185
409 147 185
242 573 185
561 99 185
569 174 185
573 242 185
409 147 185
561 99 185
454 368 185
605 308 185
540 6 185
176 598 185
174 260 185
540 495 185
569 174 185
6 540 185
325 607 185
540 6 185
495 540 185
540 495 185
62 607 185
460 608 185
608 460 185
62 422 185
555 517 185
62 454 185
321 495 185
321 454 185
605 337 185
62 454 185
392 172 185
560 607 185
62 454 185
321 454 185
609 391 185
321 598 185
321 454 185
392 228 185
321 392 185
62 50 185
321 454 185
609 386 185
609 607 185
321 607 185
392 127 185
62 454 185
321 392 185
610 325 185
321 454 185
62 422 185
609 607 185
321 607 185
454 62 185
607 325 185
321 280 185
609 607 185
321 392 185
321 392 185
325 607 185
321 392 185
321 609 185
607 325 185
321 609 185
321 392 185
6 540 185
609 607 185
325 607 185
607 609 185
607 325 185
321 392 185
555 607 185
242 573 185
242 607 185
321 392 185
176 607 186
427 426 186
427 88 186
329 324 186
611 72 186
128 324 186
128 236 186
41 609 187
398 144 187
70 573 187
462 103 187
67 598 187
67 607 187
612 613 188
321 300 188
509 454 188
422 62 188
509 454 188
316 355 188
36 614 188
355 316 188
372 495 188
372 527 188
248 283 188
615 616 188
536 199 188
536 422 188
103 462 188
605 308 188
204 191 188
598 67 188
9 482 188
598 32 188
542 607 188
536 532 188
586 300 188
449 456 188
586 460 188
145 147 188
449 289 188
449 266 188
449 302 188
586 607 188
449 422 188
609 607 188
347 191 188
132 103 188
132 589 188
132 449 188
609 449 188
72 611 188
617 272 189
27 414 189
36 547 189
456 449 189
617 72 189
596 72 189
617 308 189
386 387 189
386 609 189
212 48 189
618 3 189
399 76 189
143 103 189
399 299 189
399 386 189
399 365 189
204 609 189
395 394 189
212 305 189
617 308 189
609 386 189
610 325 189
509 454 189
593 228 189
617 308 189
454 509 189
204 609 189
30 103 189
596 388 189
462 103 189
619 97 189
495 540 189
103 462 189
88 427 189
70 620 189
596 62 189
51 601 189
103 462 189
429 400 189
27 620 189
539 396 189
621 593 189
621 48 189
414 607 189
321 495 189
103 149 189
27 414 189
19 65 189
103 593 189
621 593 189
621 593 189
119 596 189
596 119 189
509 454 189
119 596 189
27 414 189
551 456 189
289 449 189
551 62 189
596 119 189
204 609 189
277 414 189
551 147 189
27 414 189
607 67 189
607 609 189
302 449 190
607 542 190
336 536 190
468 594 190
302 296 190
9 177 190
422 536 190
277 468 190
422 449 190
460 608 190
498 495 190
303 212 190
546 454 190
622 607 190
622 592 190
52 368 190
622 596 190
365 399 190
622 623 190
454 509 190
34 583 190
583 34 190
542 97 190
542 607 190
542 97 190
619 97 190
462 103 190
605 302 190
596 622 190
619 475 190
97 542 190
542 97 190
621 48 190
542 325 190
97 542 190
621 593 190
9 607 190
542 97 190
97 542 190
542 97 190
542 97 190
97 542 190
97 542 190
234 583 190
542 97 190
624 452 190
624 437 190
583 234 190
97 542 190
542 97 190
97 542 190
616 615 190
97 285 190
542 97 190
542 97 190
495 498 190
97 542 190
176 101 190
514 256 190
53 456 190
41 609 190
41 603 190
542 97 190
97 542 190
97 542 190
41 598 190
97 542 190
542 97 190
542 97 190
542 97 190
62 596 190
97 542 190
97 542 190
325 542 190
542 97 190
542 325 190
97 542 190
325 542 190
30 103 190
325 625 190
625 325 190
536 336 190
474 32 190
363 454 190
398 468 190
325 625 190
625 325 190
625 325 190
193 355 191
193 389 191
41 389 191
625 325 191
468 502 191
193 616 191
325 625 191
625 325 191
325 625 191
625 325 191
228 593 191
372 508 191
372 495 191
325 625 191
212 303 191
212 303 191
586 386 191
586 607 191
323 456 191
514 626 191
277 468 191
555 626 191
555 627 191
509 454 191
555 514 191
555 514 191
625 325 191
36 625 191
372 495 191
611 72 191
593 228 191
350 626 191
603 628 191
325 625 191
60 62 191
72 611 191
629 97 191
625 325 191
626 350 191
625 630 191
388 514 191
625 607 191
95 626 191
514 388 191
41 598 191
350 626 191
296 302 191
388 514 191
36 625 191
502 468 191
590 626 191
36 625 191
631 625 191
388 596 191
388 368 191
325 625 191
388 212 191
555 388 191
388 513 191
555 388 191
368 52 191
555 388 191
368 388 191
626 590 191
626 632 191
625 325 191
62 60 191
555 570 191
631 625 191
555 306 191
627 513 191
555 318 191
631 625 191
60 62 191
393 263 191
631 633 191
263 393 191
393 263 191
631 52 191
634 626 191
551 62 191
514 59 191
62 60 191
414 475 191
590 514 191
144 635 191
212 388 191
388 212 191
631 625 191
468 502 191
212 388 191
277 468 191
502 468 191
447 254 191
316 355 191
620 27 191
316 102 191
388 212 191
422 394 191
422 607 191
32 598 191
297 422 191
32 636 192
32 626 192
513 388 192
636 6 192
513 627 192
636 6 192
636 32 192
636 6 192
627 513 192
636 590 192
513 627 192
636 626 192
103 185 192
599 636 192
297 422 192
103 462 192
32 636 192
283 628 192
127 392 192
124 97 192
609 607 192
606 569 192
355 316 192
551 62 192
41 609 192
475 283 192
9 626 192
323 636 192
552 349 192
551 147 192
302 296 192
277 124 192
323 637 192
551 124 192
552 349 192
447 254 192
323 124 192
297 422 192
586 349 192
551 124 192
323 124 192
626 32 192
323 124 192
626 636 192
551 124 192
283 248 192
323 124 192
103 392 192
392 103 192
638 637 192
551 592 192
323 124 192
103 392 192
392 103 192
103 392 192
8 32 192
551 124 192
323 124 192
638 636 192
103 183 192
297 422 192
103 538 192
323 124 192
475 283 192
392 514 192
6 636 192
392 103 192
103 392 192
323 124 192
638 321 192
6 597 192
639 103 192
6 124 192
639 321 192
638 321 192
9 127 192
212 388 192
220 321 192
9 626 192
124 6 192
639 321 192
124 6 192
6 124 192
323 124 192
639 321 192
639 6 192
392 103 192
639 321 192
124 6 192
639 6 192
479 358 192
321 392 192
103 392 192
475 283 192
479 6 192
6 124 192
323 124 192
392 321 192
6 479 192
639 321 192
638 640 192
479 6 192
6 479 192
321 392 192
479 6 192
392 321 192
6 479 192
583 124 192
599 34 192
321 392 192
479 103 192
392 321 192
392 103 192
321 392 192
638 98 192
639 321 192
447 103 192
103 392 192
590 641 192
392 321 192
641 590 192
277 103 192
590 641 192
639 479 192
639 479 192
277 103 192
638 254 192
639 479 192
574 321 192
321 392 192
639 321 192
209 355 192
392 321 192
323 281 192
639 479 192
639 321 192
277 103 192
638 254 192
321 392 192
639 479 192
639 321 192
638 254 192
642 323 192
236 128 192
277 103 192
41 638 192
642 323 192
447 103 192
447 254 192
639 479 192
142 144 192
6 591 192
638 254 192
639 479 192
642 479 192
323 68 192
517 289 192
323 642 192
574 321 192
639 479 192
447 254 192
638 254 192
277 103 192
277 321 192
297 422 192
323 367 192
555 517 192
277 321 192
447 103 192
277 103 192
323 88 192
447 254 192
475 283 192
599 34 192
475 283 192
447 254 192
88 323 192
454 363 192
447 254 192
323 88 192
447 254 192
447 103 192
638 254 192
32 8 192
599 34 192
447 254 192
128 236 192
638 254 192
638 643 193
389 193 193
447 254 193
638 278 193
41 389 193
595 567 193
447 254 193
638 254 193
323 88 193
599 34 193
323 643 193
34 502 193
41 638 193
316 355 193
638 254 193
638 254 193
323 88 193
321 595 193
644 355 193
638 254 193
642 323 193
642 212 193
323 88 193
642 323 193
638 254 193
367 323 193
642 323 193
323 367 193
463 532 193
638 254 193
642 323 193
475 283 193
642 323 193
88 323 193
41 389 193
463 252 193
474 479 193
475 502 193
475 502 193
41 389 193
642 645 193
422 389 193
323 88 193
502 34 193
389 422 193
41 389 193
599 34 193
41 389 193
422 389 193
389 422 193
41 389 193
323 88 193
646 72 193
422 389 193
475 283 193
638 102 193
646 289 193
34 502 193
194 583 193
389 422 193
41 389 193
194 583 193
514 590 193
194 325 193
502 34 193
646 289 193
422 389 193
194 456 193
646 72 193
6 642 193
316 355 193
194 296 193
323 289 193
194 303 193
321 466 193
646 289 193
514 463 193
389 422 193
646 212 193
194 583 193
422 389 193
376 481 193
389 422 193
41 389 193
574 266 193
88 323 193
646 638 193
594 468 193
642 6 193
422 389 193
646 323 193
323 88 193
297 422 193
646 323 193
389 422 193
514 376 193
297 272 193
41 389 193
509 454 193
220 266 193
194 583 193
498 495 193
646 638 193
646 323 193
599 321 193
638 74 193
124 6 193
263 647 193
621 321 193
263 647 193
219 321 193
34 502 193
646 323 193
74 617 193
323 124 193
481 376 193
612 626 193
599 321 193
219 321 193
621 321 193
266 638 193
74 607 193
648 627 193
36 259 193
648 514 193
194 583 193
646 323 193
194 325 193
627 649 193
638 266 193
219 321 193
621 48 193
514 649 193
590 440 193
41 389 193
648 368 193
638 141 193
88 323 193
263 642 193
626 649 193
621 593 193
646 638 193
323 124 193
481 59 193
219 321 193
646 323 193
481 452 193
57 596 193
649 626 193
323 88 193
649 514 193
626 649 193
599 34 193
646 650 193
599 321 193
648 368 193
62 367 193
62 162 193
648 626 193
649 626 193
648 388 193
219 321 193
638 74 193
502 34 193
481 378 193
626 649 193
481 566 193
74 638 193
38 177 193
162 368 193
297 422 193
481 396 193
393 62 193
638 74 193
62 393 193
38 128 193
372 508 193
649 626 193
649 626 193
646 220 193
514 626 193
38 502 193
646 220 193
626 514 193
551 124 193
646 651 193
481 638 193
646 647 193
140 574 193
431 323 193
648 514 193
219 321 193
638 481 193
648 649 193
626 649 193
638 481 193
551 62 193
214 584 193
38 475 193
638 481 193
532 536 193
277 74 193
214 626 193
38 475 193
6 124 193
588 636 193
588 440 193
588 51 193
38 475 193
646 638 193
38 475 193
638 481 193
646 323 193
34 502 193
646 651 193
514 649 193
38 475 193
38 475 193
38 475 193
648 590 193
38 475 193
38 475 193
646 323 193
38 475 193
596 57 193
481 517 193
587 588 193
38 475 193
88 323 193
551 62 193
266 475 193
646 323 193
475 266 193
38 475 193
367 323 193
266 475 193
648 649 193
266 220 193
409 34 193
266 626 193
266 571 193
323 88 193
266 289 193
266 651 193
212 305 193
266 437 193
38 475 193
266 124 193
475 266 193
38 101 193
266 243 193
266 112 193
266 577 193
266 429 193
266 367 193
38 475 193
214 475 193
323 367 193
266 652 193
266 481 193
502 34 193
475 214 193
266 653 193
266 8 193
643 638 193
596 388 193
638 643 193
38 475 193
596 62 193
266 645 193
38 128 193
266 650 193
214 475 193
266 388 193
266 368 193
574 140 193
266 321 193
368 162 193
266 573 193
266 48 193
27 620 193
654 514 193
27 414 193
266 542 193
475 214 193
649 289 193
38 475 193
214 475 193
266 596 193
266 482 193
475 214 193
38 475 193
214 475 193
266 72 193
266 214 193
103 299 193
266 557 193
372 652 193
266 649 193
131 638 193
266 299 193
266 502 193
266 242 193
475 214 193
38 475 193
266 103 193
38 475 193
654 514 193
266 627 193
266 325 193
214 475 193
266 590 193
266 554 193
212 289 193
38 475 193
636 371 193
266 228 193
648 649 193
266 172 193
289 649 193
266 583 193
212 289 193
38 475 193
266 522 193
636 626 193
654 228 193
649 289 193
1 477 193
266 72 193
38 475 193
3 618 193
214 101 193
99 626 193
372 103 193
648 649 193
38 475 193
372 652 193
228 626 193
638 482 193
323 367 193
574 652 193
266 72 193
323 636 193
638 482 193
569 372 193
555 463 193
475 214 193
596 62 193
38 626 193
372 103 193
638 482 193
574 652 193
555 62 193
38 475 193
127 475 193
289 649 193
596 62 193
212 576 193
654 481 193
212 576 193
38 475 193
212 576 193
638 482 193
612 502 193
372 103 193
475 127 193
342 194 193
649 289 193
619 475 193
648 513 194
372 103 194
574 652 194
38 475 194
277 649 194
38 475 194
638 482 194
652 72 194
277 74 194
654 254 194
103 63 194
652 574 194
38 475 194
557 302 194
323 68 194
228 593 194
619 194 194
72 652 194
38 475 194
281 323 194
574 652 194
285 422 194
638 482 194
281 323 194
38 475 194
652 72 194
38 475 194
652 574 194
38 475 194
254 343 194
574 652 194
372 437 194
38 475 194
38 475 194
596 644 194
652 574 194
574 652 194
567 595 194
638 482 194
648 368 194
72 652 194
654 254 194
38 475 194
638 48 194
638 482 194
495 372 194
38 475 194
228 392 194
638 48 194
652 72 194
38 475 194
495 498 194
456 194 194
254 495 194
648 349 194
655 656 194
655 656 194
323 281 194
638 48 194
655 657 194
259 638 194
474 32 194
456 194 194
266 658 194
655 636 194
659 660 194
266 661 194
659 660 194
655 662 194
495 254 194
266 663 194
323 68 194
655 664 194
254 626 194
655 665 194
266 666 194
655 645 194
626 228 194
72 652 194
655 632 194
667 658 194
281 323 194
654 254 194
655 627 194
38 475 194
655 626 194
655 640 194
655 668 194
655 669 194
266 642 194
655 630 194
655 633 194
38 475 194
418 642 194
266 637 194
655 670 194
648 368 194
655 671 194
38 475 194
514 405 194
655 672 194
131 527 194
626 99 194
254 495 194
619 596 194
67 598 194
654 652 194
323 281 194
38 475 194
371 636 194
38 475 194
652 72 194
323 68 194
323 68 194
9 569 194
619 596 194
38 475 194
617 272 194
6 278 194
514 517 194
372 495 194
673 254 194
654 652 194
372 673 194
38 475 194
176 475 194
619 661 194
323 68 194
281 323 194
605 272 194
617 74 194
254 673 194
652 654 194
349 655 194
673 372 194
349 655 194
72 652 194
323 281 194
654 652 194
673 254 194
323 68 194
431 323 194
259 256 194
176 515 194
652 654 194
12 101 194
254 673 194
281 323 194
12 527 194
99 626 194
652 72 194
615 616 194
605 266 194
654 652 194
252 463 194
12 175 194
323 68 194
422 285 194
259 343 194
655 349 194
254 344 194
652 654 194
6 603 194
673 254 194
323 281 194
636 371 194
73 343 194
654 652 194
615 666 194
393 62 194
145 479 194
626 99 194
431 323 194
605 103 194
103 673 194
259 48 194
323 281 194
371 636 194
654 456 194
6 73 194
297 422 194
605 266 194
281 323 194
456 654 194
652 654 194
673 103 194
394 422 194
652 654 194
605 103 194
323 281 194
297 422 194
254 673 194
654 652 194
654 456 194
73 6 194
62 393 194
638 482 194
652 654 194
259 242 194
638 48 194
599 511 194
456 654 194
673 254 194
259 299 194
103 673 194
654 99 194
12 658 194
281 323 194
254 673 194
654 456 194
673 103 194
605 289 194
12 658 194
652 654 194
673 254 194
103 673 194
422 394 194
277 496 194
654 652 194
605 103 194
323 281 194
254 673 194
605 289 194
515 194 194
654 456 194
674 302 194
496 475 194
673 103 194
673 254 194
297 422 194
41 658 194
176 475 194
652 654 194
349 655 194
12 658 194
41 598 194
277 496 194
199 536 194
605 103 194
281 323 194
551 456 194
103 673 194
605 289 194
6 73 194
482 194 194
654 652 194
41 658 194
6 73 194
254 598 194
12 658 194
481 6 194
673 289 194
277 496 194
496 437 194
372 673 194
673 103 194
323 281 194
12 8 194
289 673 194
673 372 194
297 422 194
103 673 194
277 299 194
74 73 194
617 456 194
605 289 194
673 289 194
456 654 194
673 103 194
73 6 194
6 481 194
73 74 194
388 596 194
6 73 194
211 194 194
652 654 194
277 496 194
211 194 194
617 516 194
654 456 194
12 658 194
289 673 194
53 456 194
555 62 194
51 314 194
194 482 194
605 103 194
481 6 194
280 321 194
654 652 194
640 638 194
555 147 194
372 673 194
372 673 194
103 673 194
254 299 194
103 675 194
317 368 194
555 62 194
422 194 194
642 263 194
321 280 194
642 418 194
479 314 194
321 675 194
317 6 194
605 103 194
496 658 194
277 673 194
277 514 194
252 6 194
277 496 194
555 676 194
12 8 194
673 103 194
277 673 194
631 463 194
555 676 194
555 676 194
658 496 194
277 673 194
673 289 194
317 308 194
73 6 194
605 103 194
496 658 194
617 340 194
605 74 194
638 640 194
277 673 194
605 103 194
424 495 194
297 422 194
525 211 194
638 640 194
525 51 194
638 640 194
525 103 194
323 68 194
242 259 194
652 654 194
638 48 194
605 74 194
617 254 194
317 6 194
482 194 194
323 68 194
248 603 194
51 525 194
9 8 194
297 422 194
496 523 194
525 51 194
355 316 194
6 252 194
69 6 194
69 119 194
605 74 194
9 640 194
9 636 194
667 658 194
355 316 194
617 677 194
69 6 194
317 6 194
396 481 194
51 525 194
9 640 194
642 325 194
99 654 194
99 626 194
323 68 194
9 640 194
667 658 194
667 658 194
212 642 194
596 388 194
479 212 194
99 654 194
658 496 194
212 479 194
617 640 194
640 617 194
9 640 194
525 51 194
617 640 194
9 8 194
325 642 194
605 74 194
51 525 194
617 640 194
652 302 194
212 479 194
636 388 194
642 325 194
388 636 194
468 594 194
555 502 194
605 74 194
636 388 194
9 658 194
555 654 194
605 272 194
9 638 194
617 272 194
277 468 194
555 636 194
525 51 194
323 636 194
9 8 194
323 68 194
588 51 194
631 662 194
555 306 194
323 640 194
277 652 194
639 642 194
316 355 194
212 642 194
323 636 194
617 640 194
660 659 194
323 640 194
277 652 194
323 640 194
103 525 194
51 525 194
431 323 194
617 74 194
640 323 194
325 642 194
588 51 194
639 481 194
9 569 194
317 316 194
176 475 194
323 640 194
323 640 194
9 389 194
431 323 194
640 323 194
525 51 194
181 454 194
277 652 194
323 640 194
525 103 194
72 678 194
525 103 194
317 325 194
334 128 194
431 323 194
181 495 194
277 652 194
640 323 194
259 242 194
588 51 194
323 640 194
51 525 194
617 487 194
323 640 194
640 323 194
323 68 194
317 325 194
588 440 194
323 640 194
278 638 194
317 316 194
617 74 194
51 525 194
278 6 194
277 583 194
640 323 194
679 162 194
316 325 194
617 112 194
439 636 194
334 128 194
323 640 194
9 8 194
323 68 194
325 316 194
323 640 194
259 256 194
316 325 194
367 323 194
323 640 194
439 440 194
573 184 194
638 278 194
617 640 194
181 355 194
323 367 194
325 316 194
431 323 194
662 625 194
525 51 194
74 617 194
679 404 194
323 68 194
367 323 194
51 525 194
51 525 194
640 617 194
323 367 194
617 487 194
323 640 194
74 680 194
316 325 194
405 514 194
617 640 194
9 8 194
9 409 194
51 525 194
640 617 194
323 367 194
679 132 194
681 588 194
323 640 194
525 51 194
325 316 194
679 132 194
525 51 194
617 74 194
300 368 194
367 323 194
289 638 194
323 181 194
95 682 194
646 673 194
323 367 194
103 525 194
638 289 194
300 321 194
525 103 194
176 475 194
617 640 194
367 323 194
638 289 194
617 640 194
103 525 194
316 325 194
487 658 194
323 68 194
355 181 194
487 658 194
68 3 194
525 103 194
297 272 194
51 525 194
680 74 194
368 300 194
525 51 194
323 367 194
646 673 194
323 68 194
181 355 194
681 588 194
74 680 194
181 323 194
259 289 194
539 425 194
605 263 194
51 525 194
325 316 194
525 51 194
323 68 194
248 375 194
68 323 194
681 588 194
316 74 194
181 598 195
642 325 195
316 325 195
68 323 195
344 254 195
308 540 195
355 316 195
316 355 195
323 68 195
525 103 195
323 68 195
355 181 195
44 456 195
74 316 195
355 316 195
323 642 195
181 323 195
325 316 195
513 636 195
316 74 195
513 641 195
181 355 195
316 355 195
74 316 195
638 88 195
44 432 195
316 325 195
44 74 195
74 316 195
487 437 195
181 316 195
487 437 195
487 437 195
316 74 195
316 181 195
181 396 195
625 662 195
316 74 195
176 475 195
355 181 195
181 316 195
325 316 195
355 316 195
415 436 195
181 355 195
316 181 195
74 316 195
651 97 195
316 325 195
683 413 195
651 638 195
638 651 195
683 413 195
316 355 195
323 68 195
316 74 195
555 502 195
325 316 195
603 6 195
605 413 195
638 651 195
603 248 195
413 683 195
172 684 195
396 181 195
683 413 195
605 413 195
513 588 195
316 325 195
625 534 195
513 388 195
334 128 195
603 248 195
683 72 195
325 316 195
413 683 195
588 513 195
242 259 195
367 323 195
388 513 195
605 413 195
631 335 195
72 683 195
631 115 195
242 638 195
638 242 195
128 685 195
631 596 195
683 413 195
607 74 195
6 278 195
647 263 195
605 413 195
6 603 195
388 590 195
439 513 195
413 683 195
605 413 195
263 647 195
355 193 195
325 632 195
605 263 195
683 413 195
323 367 195
413 683 195
605 413 195
323 68 195
212 236 195
605 263 195
683 413 195
605 263 195
683 72 195
631 625 195
555 391 195
367 323 195
555 502 195
603 375 195
683 413 195
440 588 195
605 413 195
422 375 195
181 316 195
252 607 195
181 396 195
588 440 195
605 413 195
375 283 195
375 603 195
683 413 195
440 588 195
63 95 195
588 560 195
590 388 195
236 128 195
588 440 195
440 588 195
605 413 195
496 316 195
632 325 195
248 603 195
588 440 195
632 626 195
325 632 195
413 683 195
496 683 195
236 212 195
632 325 195
413 683 195
248 375 195
375 248 195
440 588 195
375 248 195
496 101 195
72 683 195
248 375 195
588 440 195
605 413 195
323 68 195
496 588 195
375 248 195
323 367 195
325 632 195
496 375 195
588 496 195
323 68 195
605 413 195
375 496 195
323 367 195
323 68 195
72 677 195
496 588 195
323 98 195
496 375 195
632 325 195
588 496 195
176 248 195
325 632 195
683 413 195
323 181 195
496 588 195
632 325 195
686 72 195
297 422 195
388 590 195
413 683 195
605 413 195
683 413 195
686 72 195
413 683 195
686 72 195
605 413 195
351 658 195
351 658 195
325 683 195
686 640 195
683 413 195
683 325 195
413 683 195
325 683 195
540 308 195
252 687 195
683 325 195
683 413 195
540 306 195
413 683 195
687 212 195
48 683 195
191 239 195
594 468 195
68 607 195
683 413 195
683 48 195
683 194 195
194 683 195
194 482 195
413 683 195
194 422 195
194 515 195
683 194 195
683 48 195
194 683 195
683 413 195
683 194 195
413 683 195
72 683 195
683 72 195
62 688 195
677 72 195
687 638 195
683 413 195
325 683 195
72 683 195
683 194 195
413 654 195
683 72 195
72 677 195
72 683 195
413 683 195
388 513 195
683 72 195
666 689 195
683 413 195
413 683 195
594 475 195
252 472 195
252 387 195
683 413 195
72 683 195
555 502 195
413 683 195
72 688 195
655 349 195
683 72 195
297 422 195
194 683 195
194 422 195
683 413 195
683 194 195
413 683 195
555 545 195
103 683 195
555 641 196
683 103 196
688 72 196
409 236 196
683 413 196
103 683 196
688 103 196
413 683 196
103 688 196
413 690 196
688 103 196
683 103 196
103 683 196
252 638 196
683 413 196
413 683 196
194 683 196
683 413 196
683 194 196
72 683 196
413 683 196
683 72 196
688 260 196
72 683 196
683 413 196
683 72 196
413 683 196
72 683 196
683 413 196
683 72 196
413 683 196
683 72 196
683 413 196
520 321 196
72 683 196
413 683 196
683 72 196
683 413 196
413 683 196
72 683 196
683 413 196
683 72 196
683 72 196
72 683 196
413 683 196
72 683 196
683 413 196
683 72 196
413 683 196
72 683 196
683 72 196
72 683 196
683 413 196
413 683 196
683 413 196
638 88 197
626 99 197
638 252 197
638 687 197
638 396 197
638 98 197
626 632 197
447 612 197
638 102 197
456 654 197
342 658 198
611 72 198
9 683 198
41 375 198
321 300 198
321 3 198
321 663 198
254 344 198
41 515 198
96 62 198
67 430 198
266 663 198
67 683 198
266 252 198
266 691 198
266 688 198
266 687 198
266 692 198
266 693 198
266 680 198
266 677 198
266 694 198
400 429 198
266 676 198
266 658 198
266 695 198
266 155 198
266 68 198
212 687 198
212 642 198
336 536 198
567 638 198
70 620 198
696 212 198
429 289 198
475 594 198
36 259 198
36 413 198
36 73 198
244 415 198
482 194 198
536 532 198
536 199 198
9 177 198
697 321 198
697 321 198
321 299 198
297 272 198
394 456 198
319 540 198
29 654 198
468 594 199
586 300 199
586 638 199
394 522 199
697 422 199
498 495 199
32 474 199
586 666 199
184 573 199
586 252 199
586 481 199
278 6 199
394 177 199
99 626 199
394 676 199
321 587 199
394 393 199
681 32 199
681 627 199
632 626 199
339 437 199
681 52 199
272 297 199
681 388 199
589 132 199
681 388 199
639 252 199
551 83 199
297 272 199
339 698 199
339 698 199
339 493 199
698 184 199
681 698 199
681 140 199
282 456 199
337 220 199
220 337 199
282 34 199
337 220 199
220 337 199
337 220 199
513 388 199
481 396 199
513 649 199
638 567 199
376 514 200
376 252 200
376 687 200
184 698 200
605 337 200
555 402 200
147 349 200
605 272 200
698 184 200
509 454 200
236 389 200
220 337 200
184 698 200
616 570 200
698 184 200
509 616 200
429 400 200
509 698 200
687 481 200
509 513 200
79 8 200
252 376 200
220 79 200
220 337 200
681 698 200
389 236 200
681 32 200
509 454 200
617 272 200
639 481 200
509 389 200
617 640 200
681 388 200
454 509 200
509 454 200
639 632 200
599 79 200
509 454 200
617 74 200
639 687 200
639 509 200
509 454 200
454 509 200
509 454 200
162 368 200
617 254 200
220 308 200
617 677 200
509 302 200
509 454 200
199 536 200
617 259 200
509 454 200
642 323 200
509 454 200
617 103 200
617 557 200
323 642 200
252 598 200
673 337 200
673 620 200
699 245 200
646 673 200
400 429 200
673 422 200
646 673 200
646 673 200
372 437 200
372 375 200
673 88 200
236 389 200
673 454 200
646 683 200
252 598 200
626 99 200
317 308 200
626 632 200
349 147 200
482 598 200
289 429 200
389 236 200
339 626 200
317 680 200
339 289 200
289 598 200
272 297 200
626 590 200
649 513 200
103 617 200
376 252 200
317 659 200
272 297 200
626 649 200
598 252 200
339 598 200
598 289 200
339 314 200
103 441 200
626 689 200
649 626 200
626 649 200
590 626 200
598 482 200
649 626 200
103 699 200
204 481 200
339 441 200
687 481 200
590 649 200
372 314 200
103 314 200
649 590 200
252 598 200
639 687 200
103 688 200
598 252 200
302 557 200
302 674 200
302 652 200
282 103 200
252 598 200
252 598 200
30 103 200
598 252 200
598 252 201
306 540 201
681 306 201
277 422 201
700 481 201
277 609 201
598 542 201
277 649 201
36 317 201
683 67 201
586 589 201
586 252 201
586 481 201
555 440 201
652 302 201
277 649 201
586 481 201
36 129 201
586 616 201
404 6 201
277 649 201
404 368 201
697 422 201
277 649 201
134 103 201
536 199 201
72 611 201
586 698 201
161 162 201
228 626 201
422 673 201
220 646 201
277 422 201
422 598 201
481 687 201
697 422 201
481 687 201
495 498 201
481 429 201
495 181 201
495 424 201
697 422 201
481 396 201
252 598 201
252 598 201
551 673 201
701 481 201
36 129 201
551 34 201
36 281 201
551 83 201
617 272 201
605 272 201
296 194 201
495 254 201
481 642 201
701 481 201
481 387 201
701 254 201
277 649 201
701 481 201
36 129 201
254 495 201
277 649 201
701 481 201
697 422 201
619 194 201
701 254 201
277 649 201
701 481 201
48 683 201
456 394 201
701 254 201
132 589 201
277 649 201
673 422 201
422 673 201
482 598 201
673 422 201
277 649 201
701 254 201
551 673 201
701 481 201
145 479 201
551 62 201
145 254 201
701 254 201
277 649 201
289 598 201
551 456 201
482 598 201
277 649 201
254 495 201
551 673 201
701 254 201
277 649 201
681 52 201
277 649 201
212 388 201
551 673 201
277 649 201
701 254 201
551 590 201
701 254 201
277 649 201
701 254 201
551 673 201
245 699 201
277 649 201
277 649 201
12 101 201
12 300 201
277 649 201
701 254 201
701 254 201
673 413 201
673 554 201
277 649 201
642 323 201
642 481 201
12 389 201
539 536 201
325 573 201
259 598 201
277 649 201
12 479 201
12 8 201
586 673 201
277 649 201
277 649 201
586 673 201
12 536 201
673 702 201
212 703 201
145 254 201
12 536 201
551 673 201
551 673 201
551 673 201
540 616 201
551 62 201
551 673 201
551 590 201
337 220 201
204 103 201
551 590 201
147 349 201
357 134 201
252 598 201
551 673 201
337 673 201
551 62 201
372 495 201
103 673 201
454 673 201
286 400 201
697 73 202
704 212 202
704 72 202
12 389 202
12 536 202
683 48 202
463 514 202
697 644 202
644 596 202
103 683 202
394 456 202
12 389 202
277 649 202
554 673 202
513 649 202
513 263 202
649 513 202
368 404 202
673 337 202
686 640 202
686 72 202
686 339 202
686 72 202
99 8 202
277 172 202
687 479 202
581 328 202
705 154 202
484 706 202
686 72 202
586 673 202
586 687 202
686 263 202
586 687 202
586 616 202
9 282 202
644 626 202
644 626 202
99 626 202
9 683 202
644 547 202
547 644 202
437 372 202
644 547 202
124 323 202
644 707 202
181 495 202
678 323 202
704 707 202
678 437 202
590 513 202
532 536 202
400 286 202
34 707 202
212 236 202
678 707 202
351 598 202
400 621 202
181 454 202
337 673 202
400 396 202
8 99 202
176 707 202
678 212 202
176 184 202
536 532 202
639 632 202
639 481 202
569 191 202
454 181 202
678 699 202
400 437 202
617 340 202
678 572 202
302 652 202
679 162 202
679 26 202
594 475 202
617 400 202
679 688 202
678 570 202
212 678 202
594 468 202
617 302 202
617 302 202
649 337 202
337 649 202
337 281 202
99 8 202
400 683 202
239 191 202
638 532 202
583 337 202
638 242 202
649 337 202
573 325 202
400 617 202
252 463 202
337 649 202
638 603 202
649 337 202
349 147 202
400 617 202
337 583 202
586 402 202
495 254 202
456 394 202
495 372 202
400 638 202
513 590 202
674 302 202
378 481 202
586 707 202
9 683 202
263 513 202
181 495 202
9 708 202
181 454 202
299 254 202
638 400 202
400 513 202
299 321 202
181 97 202
74 707 203
74 708 203
400 598 203
88 673 203
509 707 203
74 699 203
73 74 203
513 263 203
697 73 203
513 400 203
74 73 203
400 224 203
400 224 203
73 74 203
644 52 203
224 400 203
644 52 203
263 513 203
513 263 203
281 337 203
481 378 203
400 224 203
697 74 203
709 689 203
697 73 203
569 606 203
263 513 203
681 52 203
224 400 203
236 389 203
400 224 203
224 400 203
236 212 203
551 62 203
224 400 203
372 437 203
598 400 203
551 34 203
372 495 203
400 224 203
224 400 203
474 400 203
539 536 203
396 481 203
520 638 203
461 407 203
224 400 203
705 707 203
396 481 203
551 124 203
407 461 203
705 710 203
705 710 203
705 710 203
407 461 203
437 372 203
407 425 203
41 707 203
400 224 203
302 674 203
396 400 203
659 413 203
357 659 203
323 124 203
400 474 203
364 532 203
323 678 203
357 711 203
400 224 203
400 396 203
474 400 203
357 598 203
513 263 203
274 201 203
400 323 203
274 201 203
481 396 203
323 400 203
400 63 203
396 400 203
274 201 203
400 323 203
396 481 203
323 400 203
263 513 203
274 201 203
400 598 203
481 396 203
602 297 203
34 698 203
674 302 203
481 6 203
598 400 203
514 698 203
297 272 203
274 201 203
598 400 203
514 396 203
481 396 203
704 712 203
277 602 203
638 252 203
400 598 203
638 687 203
638 603 203
704 711 203
638 323 203
396 481 203
297 272 203
598 400 203
297 602 203
396 481 203
704 712 203
713 184 203
372 437 203
463 252 203
400 396 203
454 181 203
400 598 203
583 337 203
212 480 203
713 236 203
274 645 203
586 687 203
372 385 203
214 712 203
481 396 203
351 99 203
598 400 203
252 463 203
598 400 203
712 214 203
252 463 203
522 394 203
713 714 203
400 659 203
713 712 203
400 598 203
32 711 203
713 103 203
54 393 203
711 32 203
6 481 203
713 351 203
32 708 203
32 711 203
598 400 203
712 6 203
713 32 203
713 712 203
400 598 203
711 32 203
659 400 203
6 712 203
713 715 203
32 711 203
598 400 203
713 712 203
712 6 203
713 32 203
481 6 203
110 638 203
679 372 203
713 716 203
6 712 203
6 481 203
713 17 203
711 32 203
679 372 203
713 105 203
712 6 203
713 359 203
32 711 203
72 683 203
713 712 203
712 212 203
713 32 203
713 172 203
400 659 203
212 712 203
616 540 203
713 712 203
239 191 203
713 156 203
713 717 203
713 718 203
713 242 203
616 509 203
713 32 203
274 703 203
713 712 203
6 712 203
586 616 203
713 103 203
212 712 203
8 99 203
713 102 203
713 400 203
712 6 203
162 161 203
274 719 203
99 8 203
212 712 203
8 99 203
711 32 203
274 720 203
212 712 203
101 184 203
233 19 203
274 597 203
681 32 203
681 659 203
6 712 203
212 712 203
712 6 203
6 712 203
274 644 203
712 6 203
713 242 203
713 482 203
6 712 203
212 236 203
127 707 203
274 6 203
212 712 203
712 6 203
212 678 203
713 712 203
103 712 203
99 8 203
712 103 203
6 712 203
400 721 203
103 712 203
713 172 203
603 722 203
595 321 203
603 628 203
713 236 203
712 6 203
212 712 203
462 103 203
603 515 203
705 707 203
712 103 203
595 567 203
646 683 203
627 723 203
713 103 203
621 400 203
713 400 203
181 454 203
713 712 203
713 127 203
713 724 203
6 712 203
234 183 203
713 482 203
534 625 203
598 259 203
598 351 203
598 252 203
423 598 203
712 6 204
713 482 204
6 712 204
6 712 204
423 101 204
713 712 204
423 598 204
712 6 204
385 274 204
212 712 204
6 712 204
199 536 204
712 6 204
199 673 204
482 194 204
396 400 204
719 358 204
482 396 204
686 103 204
686 263 204
686 640 204
536 199 204
712 6 204
212 712 204
337 632 204
103 712 204
212 712 204
212 712 204
712 103 204
683 400 204
686 719 204
697 698 204
103 712 204
683 400 204
62 236 204
712 103 204
683 72 204
103 712 204
683 646 204
683 103 204
712 719 204
712 103 204
551 34 204
626 99 204
103 683 204
252 598 204
697 73 204
654 413 204
103 712 204
598 337 204
598 337 204
409 191 204
611 72 204
654 413 204
725 389 204
686 263 204
317 308 204
561 350 204
337 598 204
712 103 204
97 181 204
214 712 204
413 659 204
74 607 204
415 244 204
214 274 204
9 683 204
725 607 204
99 626 204
626 99 204
725 707 204
409 74 204
726 97 204
686 263 204
307 317 204
378 481 204
626 649 204
654 99 204
726 97 204
378 396 204
723 649 204
307 317 204
726 317 204
726 97 204
307 317 204
9 699 204
726 97 204
97 726 204
334 364 204
263 337 204
9 711 204
337 263 204
263 337 204
9 711 204
103 712 204
337 263 204
727 561 204
728 712 204
277 172 204
99 626 204
128 236 204
204 536 204
728 711 204
204 536 204
184 101 204
599 74 204
704 63 204
97 726 204
540 588 204
598 337 204
728 560 204
536 532 204
728 729 204
617 302 204
728 730 204
103 731 204
732 233 204
337 598 204
617 400 204
277 609 204
103 587 204
617 400 204
72 683 204
63 400 204
103 617 204
72 611 204
617 340 204
588 540 204
334 128 204
277 609 204
103 378 204
63 724 204
502 468 204
617 103 204
462 103 204
617 74 204
481 378 204
252 481 204
518 644 204
63 719 204
727 297 204
281 337 204
281 332 204
103 617 204
481 252 204
277 609 204
281 317 204
617 514 204
103 462 204
396 378 204
252 481 204
38 475 204
252 481 204
481 252 204
733 561 204
277 609 204
617 103 204
733 712 204
727 588 204
252 73 204
252 481 204
73 252 204
728 63 204
683 72 204
252 73 204
617 468 204
277 609 204
38 475 204
254 561 204
73 252 204
561 254 204
679 372 204
38 475 204
199 536 204
181 97 204
277 518 204
396 481 204
683 297 204
277 609 204
462 103 204
38 475 204
254 626 204
536 199 204
63 193 204
72 611 204
728 402 204
561 254 204
38 475 204
277 609 204
561 254 204
38 475 204
38 475 204
454 181 204
561 254 204
97 181 204
277 609 204
389 236 204
256 339 204
463 252 204
561 254 204
658 487 204
38 475 204
673 199 204
38 475 204
679 404 204
38 475 204
38 475 204
355 316 204
398 465 204
658 351 204
38 475 204
277 609 204
679 372 204
282 256 204
38 475 204
6 712 204
181 454 204
728 63 204
63 725 204
646 683 204
38 475 204
38 128 204
6 712 204
19 233 204
681 626 204
727 389 204
181 97 204
277 609 204
19 331 204
561 254 204
97 181 204
277 609 204
638 242 204
638 110 204
191 365 204
638 646 204
660 725 204
727 734 204
638 726 204
38 475 204
678 212 204
597 274 204
605 74 204
678 72 204
38 128 204
72 683 204
38 475 204
343 424 204
617 103 204
713 724 204
277 609 204
63 313 204
638 98 204
454 181 204
277 609 204
644 274 204
38 475 204
678 475 204
277 609 204
38 475 204
644 518 204
277 609 204
181 454 204
194 482 204
638 254 204
38 475 204
617 74 204
38 475 204
605 74 204
277 609 204
38 475 204
454 181 204
236 389 204
728 617 204
277 609 204
638 242 204
38 502 204
605 88 204
514 617 204
199 673 204
181 454 204
343 735 204
704 63 204
277 609 204
38 475 204
236 128 204
38 475 204
409 191 204
617 514 204
38 502 204
277 609 204
644 711 204
95 63 204
73 626 205
63 95 205
475 678 205
38 475 205
711 644 205
316 355 205
277 609 205
337 281 205
316 355 205
605 337 205
72 644 205
514 386 205
272 281 205
605 337 205
617 272 205
605 317 205
38 475 205
103 617 205
658 163 205
398 465 205
277 609 205
38 475 205
644 72 205
605 337 205
163 658 205
638 254 205
617 103 205
561 254 205
27 278 205
638 110 205
392 228 205
617 337 205
605 625 205
277 609 205
617 317 205
72 644 205
605 337 205
163 658 205
644 72 205
278 27 205
73 389 205
38 475 205
103 462 205
38 475 205
277 609 205
368 736 205
638 254 205
38 475 205
704 63 205
38 502 205
644 711 205
259 617 205
638 456 205
72 644 205
605 368 205
73 460 205
561 254 205
277 609 205
638 323 205
638 254 205
73 391 205
728 617 205
644 72 205
605 368 205
27 278 205
638 254 205
704 63 205
561 254 205
638 289 205
73 658 205
277 609 205
711 644 205
308 317 205
462 103 205
687 463 205
277 609 205
617 323 205
482 194 205
9 683 205
220 646 205
38 475 205
626 73 205
278 27 205
277 609 205
605 368 205
63 385 205
737 627 205
9 711 205
561 254 205
605 254 205
638 323 205
638 254 205
355 316 205
38 502 205
38 128 205
72 644 205
277 609 205
38 475 205
561 254 205
638 263 205
605 254 205
638 254 205
9 638 205
385 63 205
38 502 205
27 278 205
74 617 205
277 609 205
605 254 205
355 316 205
191 738 205
38 475 205
95 63 205
277 609 205
638 254 205
63 385 205
605 74 205
38 475 205
617 74 205
681 626 205
644 711 205
605 368 205
38 502 205
638 263 205
385 63 205
738 191 205
277 263 205
738 191 205
38 475 205
277 609 205
738 191 205
63 95 205
711 644 205
738 191 205
739 616 205
738 191 205
350 617 205
615 740 205
350 632 205
68 323 205
323 68 205
617 640 205
63 385 205
617 74 205
605 368 205
277 609 205
644 711 205
323 68 205
38 475 205
617 323 205
263 277 205
316 355 205
649 723 205
638 323 205
38 475 205
323 617 205
278 27 205
277 263 205
617 73 205
277 609 205
68 323 205
263 277 205
638 385 205
316 355 205
323 68 205
638 263 205
617 323 205
332 281 205
323 617 205
38 502 205
631 625 205
350 617 205
605 368 205
68 323 205
638 263 205
385 63 205
38 475 205
334 128 205
631 437 205
638 542 205
605 726 205
95 63 205
439 590 205
74 463 205
38 502 205
385 638 205
680 317 205
439 590 205
73 463 205
638 385 205
302 617 205
638 385 205
638 263 205
439 590 205
38 475 205
617 302 205
63 385 205
277 263 205
277 609 205
605 368 205
63 95 205
739 6 205
339 256 205
73 617 205
263 277 205
728 617 205
481 396 205
638 602 205
38 502 205
728 617 205
617 73 205
38 475 205
38 475 205
561 127 205
38 475 205
355 316 205
277 263 205
38 475 205
212 678 205
638 263 205
277 609 205
605 368 205
482 316 205
263 277 205
323 68 205
38 475 205
355 316 205
38 475 205
728 617 205
277 263 205
38 475 205
605 368 205
323 719 205
728 323 205
646 638 205
590 583 205
728 617 205
119 617 205
95 63 205
277 609 205
583 590 205
68 323 205
617 119 205
323 68 205
277 609 205
38 475 205
350 617 205
323 646 205
542 460 205
726 97 205
605 413 205
102 355 205
686 263 205
119 617 205
102 323 205
316 355 205
726 97 205
38 475 205
378 396 205
68 323 205
38 475 205
605 368 205
316 355 205
277 609 205
51 525 205
277 609 205
316 325 205
316 496 205
605 726 205
355 102 205
368 542 205
316 102 205
277 609 205
316 325 205
605 368 205
355 316 205
396 481 205
542 252 205
542 252 205
323 102 205
277 609 205
316 355 205
323 68 205
325 645 205
396 378 205
605 337 205
355 316 205
325 97 205
102 97 205
68 323 205
355 316 205
97 325 205
63 95 205
102 98 205
323 68 205
277 609 205
355 102 205
97 102 205
355 102 205
97 726 205
102 355 205
316 325 205
325 97 205
36 73 205
97 102 205
36 281 205
97 325 205
355 102 205
102 97 205
277 609 205
439 102 205
325 97 205
97 325 205
316 325 205
560 588 205
277 609 205
351 658 205
325 316 205
98 102 205
277 609 205
532 536 205
95 63 205
316 355 205
325 532 205
277 609 205
102 98 205
316 726 205
355 316 205
95 712 205
726 316 205
277 609 205
726 97 205
532 364 205
468 617 205
316 726 205
644 102 205
133 437 205
726 316 205
97 726 205
726 316 205
316 726 205
686 542 205
316 726 205
726 97 205
583 739 205
316 355 205
726 316 205
297 727 205
316 325 205
297 683 205
97 726 205
355 316 205
316 726 205
316 355 205
686 263 205
325 316 205
683 646 205
726 97 205
741 542 205
726 316 205
683 72 205
316 355 205
388 737 205
97 726 205
726 97 205
542 741 205
316 726 205
97 726 205
686 542 205
72 683 205
38 502 205
627 545 205
260 567 205
260 571 205
542 583 205
260 283 205
482 454 205
260 174 205
686 542 205
513 723 205
260 236 205
260 688 205
542 325 205
733 502 205
462 742 205
686 542 205
462 101 205
398 465 205
325 542 205
462 316 205
583 542 205
128 236 205
462 299 205
297 234 205
482 389 205
53 325 205
571 638 205
128 715 205
53 325 205
540 588 206
53 325 206
53 325 206
325 743 206
325 707 206
236 128 206
252 542 206
252 463 206
53 325 206
646 52 206
128 236 206
234 297 206
400 617 206
400 683 206
400 721 206
495 181 206
495 372 206
536 532 207
638 571 207
638 242 207
638 385 207
638 726 207
638 95 207
638 646 207
638 744 207
739 583 208
739 583 208
342 658 208
244 415 208
720 274 208
462 638 208
199 536 208
536 199 208
536 199 208
545 627 208
723 513 208
1 323 208
67 396 208
303 194 208
3 68 208
509 616 208
686 321 208
431 299 208
509 454 208
583 739 208
509 316 208
509 302 208
509 306 208
509 260 208
204 181 209
204 536 209
356 536 209
415 244 209
460 542 209
588 540 209
294 513 209
276 711 209
27 278 209
739 745 209
398 465 209
649 632 209
527 746 209
713 482 209
713 714 209
713 236 209
590 440 209
514 177 209
713 242 209
713 712 209
228 392 209
254 266 209
645 325 209
713 103 209
645 274 209
713 172 209
713 184 209
747 221 209
713 363 209
712 6 209
713 74 209
713 372 209
617 119 209
713 102 209
713 681 209
286 400 209
713 283 209
63 514 209
617 400 209
713 351 209
617 73 209
364 532 209
713 67 209
605 88 209
713 748 209
385 3 209
713 737 209
713 738 209
161 162 209
617 161 209
462 617 209
713 726 209
617 124 209
594 468 209
713 720 209
713 706 209
617 462 209
713 740 209
260 509 209
713 749 209
713 750 209
161 617 209
713 751 209
260 283 209
260 103 209
124 617 209
617 161 209
617 124 209
713 124 209
617 462 209
161 617 209
713 252 209
496 316 209
462 617 209
124 617 209
713 325 209
468 594 209
713 161 209
462 617 209
334 364 209
617 161 209
713 462 209
713 388 209
617 462 209
303 212 209
617 124 209
161 617 209
36 281 209
605 124 209
713 90 209
462 617 209
36 73 209
161 221 209
617 462 209
713 339 209
617 161 209
617 462 209
462 617 209
124 617 209
605 124 209
723 649 209
713 124 209
99 194 209
713 726 209
605 124 209
713 161 209
713 462 210
713 388 210
713 184 210
69 727 210
36 129 210
69 649 210
605 124 210
36 281 210
520 8 210
350 617 210
752 502 210
644 97 210
454 181 210
502 752 210
454 509 210
254 266 210
654 738 210
644 654 210
752 502 210
502 752 210
631 437 210
752 502 210
514 63 210
739 337 210
502 752 210
739 317 210
752 502 210
739 308 210
746 527 210
739 308 210
396 67 210
425 407 210
372 495 210
648 723 210
752 502 210
372 454 210
131 753 210
342 583 210
605 124 210
372 482 210
53 325 210
372 753 210
372 482 210
76 399 210
495 372 210
372 495 210
640 617 210
372 495 210
372 495 210
317 617 210
617 640 210
617 317 210
317 739 210
640 617 210
317 617 210
617 640 210
70 90 210
739 317 210
640 617 210
617 317 210
605 124 210
605 124 210
617 640 210
739 337 210
327 589 210
325 645 210
327 617 210
652 302 210
73 617 210
754 739 210
119 617 210
697 73 210
754 755 210
350 617 210
697 741 210
73 697 210
652 756 210
697 73 210
212 757 210
697 741 210
678 475 210
52 646 210
741 697 210
53 325 210
212 303 210
652 707 210
711 276 210
308 739 210
617 73 210
48 753 211
276 711 211
753 48 211
509 454 211
474 400 211
212 48 211
389 727 211
389 236 211
389 73 211
571 652 211
389 482 211
9 282 211
48 753 211
753 758 211
48 753 211
753 758 211
9 683 211
753 48 211
753 758 211
753 758 211
48 753 211
652 571 211
48 753 211
711 276 211
753 758 211
758 741 211
758 741 211
254 697 211
9 711 211
9 561 211
9 697 211
465 398 211
753 758 211
753 758 211
753 48 211
278 27 211
48 753 211
753 48 211
753 758 211
712 758 211
758 712 211
753 48 211
401 368 211
758 712 211
758 48 211
272 617 211
753 758 211
758 640 211
712 758 211
758 712 211
236 389 211
557 302 211
753 758 211
48 753 211
48 758 211
758 48 211
48 758 211
753 758 211
48 753 211
753 48 211
753 758 211
753 48 211
758 48 211
639 509 211
48 753 211
758 48 211
350 617 211
48 753 211
48 758 211
48 758 211
758 48 211
41 743 211
616 509 211
48 758 211
389 236 211
401 639 211
73 697 211
73 617 211
513 589 211
753 372 211
439 545 211
36 73 211
48 758 211
542 317 211
349 753 211
392 739 211
392 228 211
392 228 211
365 191 211
741 758 211
617 272 211
542 325 211
617 73 211
617 119 211
325 542 211
721 400 211
119 617 211
308 759 211
36 281 211
482 389 211
615 308 211
32 753 211
631 437 211
644 325 211
644 102 211
325 644 211
474 309 211
547 644 211
639 401 211
474 644 211
398 465 211
644 325 211
244 415 211
681 590 211
325 644 211
372 753 211
638 401 211
638 289 211
638 242 211
189 144 211
638 520 211
638 726 211
638 462 211
228 392 211
734 727 211
643 758 211
644 325 211
638 365 211
625 437 211
189 708 211
557 101 211
514 101 211
189 371 211
741 212 211
474 741 212
392 228 212
272 617 212
474 689 212
638 269 212
638 562 212
99 154 212
617 272 212
462 638 212
183 103 212
183 234 212
183 269 212
760 474 212
644 393 212
539 536 212
644 517 212
704 504 212
704 260 212
590 402 212
539 536 212
3 99 212
3 385 212
644 617 212
402 590 212
678 475 212
325 644 212
761 747 212
644 753 212
299 462 212
644 183 212
644 325 212
590 402 212
325 644 212
41 746 212
272 297 212
638 462 212
638 549 212
638 549 212
124 101 212
638 549 212
681 762 212
124 711 212
728 323 212
638 560 212
402 590 212
711 124 212
124 711 212
211 597 212
249 474 212
728 712 212
711 547 212
474 124 212
711 124 212
462 299 212
211 597 212
402 632 212
638 505 212
638 462 212
638 341 212
627 762 212
638 293 212
9 711 212
658 163 212
658 73 212
617 644 212
41 746 212
567 763 212
567 763 212
103 617 212
74 753 212
617 103 212
617 514 212
514 617 212
103 617 212
586 758 212
514 392 212
567 753 212
586 183 212
19 764 212
124 474 212
617 103 212
124 711 212
103 617 212
586 504 212
586 454 212
211 593 212
605 272 212
474 124 212
593 211 212
236 389 212
679 404 212
474 74 212
605 74 212
617 103 212
177 394 212
177 514 212
605 74 212
495 263 212
514 177 212
38 502 212
162 161 212
683 48 212
334 364 212
211 593 213
73 617 213
41 184 213
193 355 213
502 752 213
393 644 213
193 63 213
733 393 213
733 712 213
51 658 213
733 626 213
95 638 213
617 73 213
350 617 213
69 752 213
733 536 213
437 625 213
69 649 213
617 514 213
69 75 213
415 244 213
642 323 213
753 48 213
617 350 213
583 72 213
350 617 213
753 48 213
753 372 213
72 583 213
617 350 213
753 644 213
583 72 213
753 131 213
103 617 213
753 567 213
605 617 213
753 74 213
632 402 213
474 642 213
299 462 213
72 583 213
9 177 213
758 643 213
758 741 213
583 72 213
248 374 213
392 514 213
72 583 213
9 697 213
9 409 213
626 738 213
38 502 213
525 211 213
38 343 213
29 657 213
758 626 213
48 683 213
681 711 213
681 758 213
48 753 213
372 495 213
48 753 213
103 758 213
429 400 213
429 481 213
725 474 213
372 711 213
644 753 213
372 639 213
103 711 213
368 401 213
639 372 213
372 536 213
372 639 213
372 429 213
372 569 213
372 569 213
539 765 213
639 372 213
392 372 213
739 392 213
539 765 213
249 474 213
569 372 213
372 639 213
372 392 213
683 48 213
372 569 213
254 30 213
603 283 213
569 372 213
48 683 213
372 758 213
372 766 213
372 569 213
758 372 213
758 103 213
766 372 213
372 569 213
249 474 213
249 474 213
639 372 213
372 758 213
372 766 213
372 639 213
758 372 213
767 766 213
642 474 213
297 272 213
474 642 213
642 758 213
642 474 213
474 642 213
462 299 213
642 474 213
474 642 213
758 642 213
758 642 213
642 758 213
642 758 213
74 753 213
569 372 213
679 62 213
766 372 213
642 735 213
642 721 213
517 96 213
626 758 213
74 758 213
683 48 214
193 538 214
758 74 214
758 626 214
758 642 214
679 474 214
538 193 214
48 683 214
679 474 214
193 538 214
595 172 214
263 495 214
538 193 214
679 474 214
193 538 214
172 595 214
74 758 214
263 317 214
263 337 214
263 272 214
479 758 214
263 308 214
263 281 214
263 332 214
595 172 214
758 479 214
683 48 214
595 321 214
479 758 214
538 193 214
538 193 214
626 758 214
72 768 214
193 538 214
199 72 214
448 711 214
704 758 214
536 372 214
509 616 214
509 454 214
509 272 214
509 316 214
479 474 214
272 509 214
509 306 214
474 479 214
509 272 214
704 393 214
592 74 214
479 474 214
592 350 214
592 622 214
41 769 214
72 199 214
474 479 214
704 297 214
509 592 214
592 509 214
704 96 214
509 364 214
768 564 214
739 540 214
509 592 214
323 642 214
509 140 214
758 626 214
509 758 214
758 479 214
319 338 214
728 323 214
27 278 214
679 72 214
762 627 214
738 626 214
767 766 214
762 758 214
758 762 214
38 592 214
481 429 214
704 758 214
19 711 214
733 758 214
642 758 214
679 72 214
639 509 214
642 323 214
233 732 214
733 297 214
681 762 214
654 738 214
733 639 214
449 132 214
733 454 214
605 272 214
308 769 214
449 289 214
741 758 214
741 474 214
586 758 214
307 317 214
758 741 214
479 758 214
74 592 214
704 766 214
193 233 214
492 598 214
733 758 214
758 479 214
741 758 214
770 454 214
758 741 214
74 73 214
402 632 214
645 325 214
758 741 214
605 317 214
697 741 214
768 72 214
758 762 214
193 595 214
762 758 214
325 645 214
95 654 214
72 768 214
719 154 214
719 154 214
719 154 214
768 214 214
509 454 214
758 762 214
551 592 214
357 753 214
770 297 214
768 72 214
596 317 214
34 396 214
99 654 214
768 72 214
654 99 214
401 368 214
8 771 214
654 95 214
741 758 214
401 639 214
254 697 214
514 617 214
72 768 214
727 389 214
754 583 214
697 741 214
514 392 214
679 72 214
679 102 214
74 765 214
697 741 214
605 341 214
758 741 214
307 317 214
72 768 214
654 95 214
73 753 214
679 102 214
697 741 214
352 97 214
741 758 214
654 34 214
307 642 214
753 73 214
509 389 214
697 741 214
400 286 214
509 454 214
697 741 214
73 753 214
753 74 214
758 741 214
307 642 214
753 73 214
357 758 214
621 772 214
73 389 214
697 741 214
747 761 214
389 482 214
617 514 214
773 401 214
719 712 214
741 758 214
307 642 214
389 236 214
73 753 214
278 27 214
389 727 214
389 73 214
400 617 214
753 73 214
263 762 214
392 514 214
758 741 214
768 774 214
102 758 214
73 753 214
400 474 214
741 758 214
758 102 214
642 774 214
697 741 214
97 352 214
753 73 214
774 642 214
753 73 214
758 741 214
357 758 214
768 774 214
739 302 214
642 774 214
41 719 214
768 774 214
592 74 214
741 758 214
254 352 214
357 758 214
495 263 214
774 642 214
372 758 214
372 392 214
774 775 214
605 511 214
276 711 214
479 753 214
626 738 214
741 758 214
642 673 214
771 8 214
479 712 214
372 569 214
758 741 214
400 396 214
372 766 214
642 774 214
372 536 214
768 774 214
711 276 214
776 401 214
372 392 214
753 479 214
73 753 214
761 747 214
758 741 214
605 400 214
357 758 214
758 372 214
774 642 214
754 583 214
776 773 214
95 592 214
605 272 214
372 389 214
277 777 214
642 774 214
372 761 214
492 774 214
357 758 214
592 95 214
753 73 214
184 389 214
592 95 214
492 712 214
754 583 214
605 400 214
754 778 214
779 607 214
704 393 214
73 753 214
681 52 214
357 758 214
492 774 214
400 607 214
739 778 214
673 642 214
220 479 214
753 73 215
679 72 215
642 673 215
592 306 215
762 263 215
774 642 215
73 753 215
605 644 215
569 372 215
642 774 215
607 400 215
492 774 215
474 741 215
762 626 215
400 758 215
605 400 215
357 758 215
762 48 215
474 400 215
586 774 215
48 683 215
492 774 215
492 774 215
592 285 215
48 762 215
400 607 215
642 367 215
372 73 215
367 642 215
753 73 215
34 592 215
400 474 215
758 400 215
372 758 215
8 771 215
95 592 215
372 569 215
73 753 215
586 768 215
605 644 215
492 774 215
592 34 215
607 400 215
372 569 215
73 372 215
762 562 215
69 727 215
103 617 215
642 367 215
474 400 215
592 95 215
728 323 215
586 774 215
679 72 215
605 400 215
728 762 215
761 388 215
367 642 215
555 762 215
34 592 215
400 607 215
95 592 215
780 41 215
212 741 215
592 34 215
388 761 215
536 372 215
181 495 215
34 761 215
276 711 215
590 626 215
780 769 215
761 388 215
597 211 215
761 34 215
34 592 215
761 372 215
34 761 215
762 142 215
41 780 215
388 761 215
181 454 215
780 41 215
316 509 215
41 780 215
642 781 215
780 41 215
41 780 215
562 762 215
592 95 215
780 41 215
398 782 215
400 474 215
642 90 215
592 34 215
41 780 215
454 509 215
400 392 215
780 41 215
770 454 215
41 783 215
728 607 215
41 780 215
263 495 215
679 72 215
605 272 215
646 638 215
103 592 215
364 509 215
642 781 215
90 642 215
780 41 215
642 90 215
454 181 215
592 103 215
103 774 215
41 780 215
263 762 215
161 617 215
95 592 215
697 482 215
758 372 215
605 644 215
103 592 215
634 657 215
780 41 215
41 780 215
762 263 215
753 400 215
770 454 215
642 475 215
534 67 215
728 607 215
679 72 215
400 784 215
400 783 215
103 534 215
686 263 215
569 372 215
400 783 215
429 372 215
711 276 215
753 646 215
785 786 215
400 776 215
586 774 215
783 400 215
400 774 215
372 536 215
766 372 215
99 654 215
286 400 215
592 95 215
181 454 215
392 400 215
372 761 215
309 626 215
642 781 215
306 592 215
400 286 215
463 687 215
372 758 215
212 760 215
128 372 215
463 74 215
263 762 215
586 454 215
386 514 215
463 73 215
463 252 215
372 569 215
733 783 215
642 766 215
372 429 215
372 766 215
786 783 215
741 212 215
372 766 215
774 400 215
306 783 215
753 758 215
204 181 215
681 562 215
95 592 215
27 278 215
204 479 215
372 128 215
592 103 215
562 440 215
103 592 215
286 400 215
161 162 215
681 562 215
638 646 215
741 474 215
479 90 215
638 242 215
638 95 215
679 72 215
728 758 215
638 520 215
704 617 215
569 372 215
771 224 215
38 592 215
644 154 215
479 90 215
498 598 215
481 396 215
372 569 215
323 642 215
278 27 215
783 306 215
323 400 215
733 783 215
753 323 215
323 367 215
733 783 215
753 323 215
350 592 215
513 762 215
400 323 215
350 617 215
787 404 215
367 323 215
63 193 215
787 122 215
787 122 215
787 122 215
242 638 215
498 649 215
323 400 215
762 513 215
753 309 215
753 323 215
323 367 215
686 263 215
355 102 215
479 711 215
513 762 215
479 638 215
102 355 215
289 449 215
400 323 215
355 102 215
711 479 215
704 788 215
753 323 215
323 400 215
624 658 215
479 711 215
367 323 215
753 309 215
642 323 215
569 372 215
728 323 215
631 437 215
323 400 215
400 323 215
355 102 215
753 309 215
787 106 215
686 263 215
659 660 215
728 788 215
323 367 215
753 309 215
753 309 215
323 642 215
711 479 215
634 768 215
687 463 215
102 355 215
660 659 215
128 372 215
789 371 215
498 495 215
367 323 215
701 771 215
642 323 215
728 323 215
479 711 215
400 323 215
728 788 215
704 788 215
323 400 215
711 479 215
753 309 215
343 386 215
323 367 215
686 782 215
681 788 215
728 788 215
343 317 215
681 788 215
479 711 215
323 642 215
704 788 215
367 323 215
400 428 215
481 233 215
728 788 215
323 400 215
68 3 215
642 652 215
355 102 215
323 367 215
728 323 215
68 323 215
711 479 215
27 278 215
400 323 215
343 755 215
495 181 215
309 765 215
642 323 215
652 642 215
479 711 215
523 490 215
679 787 215
687 479 215
323 68 215
649 498 215
728 323 215
323 400 215
701 644 215
733 626 215
761 372 215
728 788 215
711 479 215
323 642 215
649 337 215
323 728 215
761 34 215
367 323 215
479 711 215
479 687 215
652 598 215
728 323 215
278 27 215
642 652 215
711 479 215
68 323 215
598 652 215
642 323 215
681 788 215
598 652 215
713 372 215
753 758 215
758 728 215
294 372 215
652 642 215
343 438 215
753 758 215
681 788 215
761 388 215
753 758 215
9 711 215
523 41 215
323 367 215
605 289 215
701 224 215
523 51 215
90 479 215
642 652 215
523 325 215
128 629 215
479 711 215
652 598 215
289 598 215
523 496 215
713 252 215
323 728 215
728 758 215
263 588 215
625 437 215
788 728 215
323 68 215
728 323 215
90 479 215
9 683 215
323 642 215
316 355 215
711 479 215
9 409 215
323 728 215
479 90 215
9 569 215
68 323 215
652 642 215
642 323 215
704 776 215
753 758 215
479 90 215
728 323 215
323 68 215
753 323 215
753 323 215
681 788 215
323 642 215
191 365 215
90 479 215
323 728 215
68 323 215
642 652 215
624 97 215
323 68 215
660 659 215
753 323 215
479 711 215
758 728 215
605 289 215
220 479 215
701 121 215
277 498 215
711 479 215
701 351 215
542 783 215
542 783 215
646 753 215
701 771 215
652 642 215
753 758 215
27 278 215
753 758 215
728 758 215
323 642 215
753 646 215
728 758 215
733 783 215
479 90 215
323 728 215
642 652 215
389 372 215
783 542 215
389 184 215
479 220 215
605 289 215
204 404 215
758 728 215
542 659 215
790 343 215
542 659 215
479 711 215
646 638 215
758 728 215
90 479 215
542 788 215
407 425 215
598 289 215
758 728 215
286 339 215
711 479 215
758 728 215
542 783 215
652 659 215
733 286 215
753 758 215
212 439 215
588 263 215
343 790 215
646 753 215
788 542 215
652 534 215
128 542 215
790 343 215
53 642 215
762 788 215
791 523 215
323 367 215
788 728 215
755 343 215
739 755 215
542 788 215
753 646 215
679 62 215
739 317 215
250 8 215
638 646 215
482 588 215
638 646 215
294 250 215
638 479 215
788 542 215
681 788 215
542 128 215
681 788 215
638 242 215
728 788 215
367 323 215
788 681 215
250 502 215
788 728 215
371 789 215
323 367 215
542 788 215
479 90 215
679 792 215
788 542 215
681 788 215
502 250 215
479 711 215
367 323 215
646 753 215
250 502 215
294 250 215
646 758 215
638 479 215
495 263 215
642 711 215
761 482 215
495 498 215
642 652 215
711 479 215
482 761 215
753 646 215
431 299 215
53 642 215
652 642 215
263 588 215
761 482 215
711 642 215
761 482 215
638 646 215
483 583 215
758 646 215
294 250 215
479 711 215
560 638 215
483 782 215
788 681 215
323 367 215
365 191 215
642 652 215
646 758 215
502 250 215
482 761 215
646 753 215
532 536 215
788 728 215
758 646 215
652 642 215
250 502 215
642 711 215
681 788 215
642 652 215
761 482 215
761 482 215
642 784 215
482 761 215
783 542 215
502 250 215
753 646 215
733 626 215
761 482 215
711 479 215
479 659 215
588 263 215
758 646 215
482 761 215
646 753 215
711 642 215
523 791 215
479 711 215
646 758 215
250 502 215
753 646 215
522 598 215
599 534 215
642 711 215
758 646 215
733 784 215
686 782 215
502 250 215
532 364 215
646 753 215
711 642 215
9 788 215
753 646 215
479 788 215
642 711 215
212 741 215
325 523 215
250 407 215
646 758 215
9 753 215
733 128 215
646 753 215
250 502 215
638 646 215
761 482 215
425 407 215
733 407 215
9 142 215
502 250 215
259 532 215
758 646 215
758 646 215
733 783 215
9 142 215
479 432 215
733 101 215
646 758 215
733 101 215
733 502 215
711 642 215
53 642 215
250 502 215
733 783 215
460 289 215
502 250 215
733 783 215
758 646 215
542 460 215
479 711 215
642 711 215
250 502 215
733 616 215
733 128 215
542 548 215
502 250 215
733 460 215
548 542 215
53 642 215
788 681 215
542 548 215
38 460 215
542 325 215
250 502 215
726 638 215
38 783 215
788 479 215
263 308 215
437 625 215
479 788 215
733 437 215
758 646 215
542 97 215
681 788 215
548 542 215
542 548 215
646 758 215
711 479 215
308 263 215
711 642 215
479 711 215
548 542 215
788 479 215
646 758 215
642 711 215
638 646 215
334 437 215
711 479 215
689 626 215
793 405 215
689 474 215
562 762 216
687 128 216
687 97 216
562 590 216
263 308 216
439 212 216
368 401 216
687 616 216
681 788 216
498 495 216
793 353 216
687 41 216
687 263 216
687 283 216
181 495 216
325 542 216
687 480 216
782 483 216
321 299 216
263 687 216
194 99 216
321 595 216
128 542 216
321 595 216
128 687 216
542 128 216
754 583 216
583 754 216
321 626 216
321 616 216
475 642 216
683 48 216
128 542 216
321 783 216
721 642 216
542 128 216
48 683 216
321 754 216
321 721 216
721 400 216
321 242 216
721 321 216
754 321 216
321 721 216
242 321 216
128 542 216
590 626 216
321 754 216
721 782 216
321 242 216
721 321 216
754 321 216
321 721 216
236 128 216
321 754 216
607 728 216
321 607 216
212 48 216
542 128 216
48 212 216
616 623 216
625 437 216
783 321 216
128 236 216
212 48 216
128 542 216
754 321 216
721 48 216
48 721 216
495 498 216
555 754 216
236 128 216
321 783 216
683 48 216
321 754 216
242 321 216
212 439 216
495 181 216
721 48 216
321 242 216
542 128 216
625 662 216
616 794 216
242 321 216
252 616 216
48 683 216
754 607 216
48 721 216
713 542 216
191 365 216
794 616 216
616 687 216
713 632 216
683 48 216
686 782 216
713 339 216
128 542 216
686 321 216
642 721 216
638 687 216
542 128 216
683 194 216
48 683 216
546 542 216
721 48 216
437 625 216
48 721 216
128 542 216
713 482 216
194 683 216
683 48 216
721 48 216
683 194 216
713 359 216
683 297 216
683 400 216
407 250 216
479 8 216
683 103 216
407 425 216
713 172 216
48 683 216
542 128 216
713 363 216
683 48 216
713 124 216
625 437 216
48 683 216
546 542 216
713 462 216
683 48 216
128 542 216
48 721 216
364 532 216
48 721 216
263 495 216
181 495 216
713 102 216
194 683 216
713 242 216
616 252 216
542 128 216
128 542 216
128 542 216
782 721 216
540 739 216
625 775 216
625 534 216
639 401 216
639 687 216
731 314 216
712 719 217
712 753 217
536 372 217
536 532 217
214 768 218
41 687 218
523 325 218
41 794 218
41 754 218
626 762 218
626 590 218
626 309 218
626 590 218
474 400 218
474 741 218
536 782 218
220 479 218
498 548 218
514 386 218
567 753 218
51 523 218
713 327 218
713 325 218
713 714 218
277 794 218
277 603 218
713 41 218
713 716 218
713 105 218
713 738 218
713 103 218
277 603 218
32 780 219
277 263 219
589 513 219
297 683 219
244 415 219
3 68 219
786 783 219
583 795 219
204 181 219
204 794 219
498 297 219
297 498 219
278 27 219
626 590 219
739 540 219
534 625 219
739 317 219
424 343 219
796 747 219
496 523 219
496 316 219
765 309 219
339 286 219
27 278 219
752 278 219
513 589 219
697 640 219
422 297 219
679 72 219
728 607 219
679 317 219
342 598 219
297 422 219
283 687 219
297 263 219
342 598 219
679 404 219
342 598 219
697 224 219
342 598 219
177 514 219
514 177 219
30 404 219
9 142 219
9 177 219
9 282 219
342 598 219
342 797 219
586 309 219
586 309 219
738 626 219
615 365 219
254 30 219
456 697 219
629 128 219
626 738 219
598 342 219
599 534 219
52 681 219
309 52 219
52 309 219
309 52 219
309 798 219
282 34 220
590 440 220
590 513 220
401 639 220
204 303 220
401 776 220
388 761 220
53 250 220
401 773 220
590 626 220
551 400 220
103 683 220
103 731 220
798 513 220
547 711 220
687 41 220
103 462 220
620 27 220
437 625 220
372 569 220
372 128 220
204 303 220
372 761 220
372 536 220
372 799 220
372 798 220
372 278 220
398 782 220
212 321 220
372 437 220
372 765 220
277 603 220
798 309 220
754 41 220
220 624 220
711 547 220
220 644 220
220 678 220
547 711 220
299 462 220
220 372 220
711 547 220
547 711 220
299 321 220
277 498 220
27 620 220
711 547 220
277 603 220
713 372 220
154 719 220
154 644 220
689 626 220
713 738 220
547 154 220
626 689 220
277 603 220
626 590 220
713 567 220
713 727 220
755 386 220
713 161 220
713 644 220
758 753 220
713 103 220
687 128 220
713 624 220
713 90 220
713 252 220
687 616 220
713 714 220
713 48 220
713 321 220
321 212 220
766 642 220
766 372 220
766 372 220
586 784 220
321 299 220
713 542 220
681 52 220
605 734 220
689 626 220
766 372 220
321 766 220
713 479 220
321 758 220
766 321 220
782 398 220
586 598 220
712 189 220
713 242 220
321 766 220
626 689 220
758 321 220
321 784 220
713 462 220
337 649 220
321 758 220
509 364 220
337 769 220
101 514 220
713 102 220
713 716 220
586 534 220
321 765 220
770 534 220
586 244 220
297 321 220
321 798 220
713 283 220
321 297 220
616 321 220
321 616 220
321 616 220
770 454 220
297 321 220
454 181 220
321 297 220
555 754 220
766 321 220
758 321 220
372 766 220
372 766 220
372 766 220
321 766 220
766 372 220
321 758 220
766 321 220
372 766 220
321 766 220
67 8 220
297 321 220
128 629 220
189 712 220
799 372 220
770 454 220
103 721 220
103 799 220
799 103 220
456 454 220
103 799 220
41 687 220
212 678 220
766 372 220
766 321 220
766 372 220
799 103 220
212 765 220
372 799 220
372 766 220
372 766 220
799 372 220
454 456 220
372 799 220
103 799 220
799 372 220
770 454 220
799 103 220
509 364 220
509 316 220
509 454 220
725 719 220
605 617 220
605 337 220
770 454 220
220 644 220
605 332 220
212 48 220
103 799 220
128 687 220
770 454 220
799 103 220
252 616 220
396 400 220
536 372 220
321 297 220
321 766 220
800 766 220
95 638 220
801 768 220
460 542 220
128 372 220
321 460 220
644 220 220
34 761 220
619 389 220
704 617 220
619 502 220
404 30 220
619 784 220
687 128 220
9 282 220
9 282 220
687 757 220
679 404 220
705 788 220
705 788 221
34 802 221
400 721 221
679 404 221
400 683 221
762 562 221
705 803 221
802 34 221
705 803 221
462 103 221
752 502 221
462 299 221
350 617 221
586 804 221
400 474 221
372 128 221
350 802 221
431 299 221
802 350 221
350 802 221
350 802 221
802 762 221
400 396 221
551 400 221
639 687 221
34 802 221
760 212 221
640 697 221
211 597 221
754 570 221
697 640 221
697 640 221
296 63 221
299 462 221
325 523 221
625 437 221
103 462 221
625 534 221
801 321 221
697 640 221
683 194 221
299 321 221
683 297 221
67 683 221
321 299 221
708 224 221
48 683 221
299 321 221
569 372 221
483 325 221
483 583 221
483 583 221
483 194 221
474 400 221
483 782 221
474 646 221
325 483 221
67 798 221
646 474 221
683 48 221
474 224 221
48 683 221
220 644 221
474 646 221
67 683 221
683 48 221
683 67 221
429 372 221
689 626 221
9 569 221
48 683 221
9 683 221
9 27 221
9 788 221
9 753 221
683 48 221
48 683 221
9 783 221
9 784 221
626 689 221
9 798 221
9 802 221
248 603 221
9 569 221
9 683 221
683 48 221
9 683 221
9 569 221
317 343 221
9 683 221
9 569 221
48 683 221
9 569 221
9 783 221
9 683 221
9 569 221
9 569 221
683 48 221
341 638 221
9 569 221
483 325 221
621 774 221
128 372 221
74 788 221
439 212 221
439 795 221
1 146 221
552 769 221
462 103 221
27 9 221
350 617 221
224 708 221
103 617 221
617 236 221
617 103 221
708 224 221
704 617 221
1 159 221
708 32 221
704 504 221
57 596 221
708 74 221
514 101 221
52 309 221
57 708 221
607 728 221
738 654 221
708 57 221
504 771 221
52 681 221
224 708 221
57 708 222
57 802 222
795 439 222
605 341 222
254 408 222
687 283 222
805 41 222
586 504 222
57 798 222
437 625 222
704 617 222
57 798 222
683 617 222
683 379 222
704 504 222
708 57 222
681 617 222
57 708 222
681 52 222
805 41 222
681 617 222
36 644 222
805 241 222
805 325 222
469 806 222
805 807 222
806 469 222
805 780 222
244 808 222
809 325 222
514 799 222
514 617 222
617 73 222
605 617 222
805 144 222
617 514 222
605 617 222
809 281 222
73 617 222
617 400 222
183 644 222
617 73 222
626 795 222
605 617 222
605 272 222
73 617 222
771 504 222
189 708 222
795 626 222
705 299 222
626 795 222
681 617 222
405 793 222
681 617 222
586 244 222
795 626 222
625 437 222
586 183 222
799 514 222
586 504 222
400 474 222
400 617 222
810 349 222
342 598 222
52 681 222
562 795 222
599 41 222
274 212 222
342 544 222
342 544 222
425 407 222
342 698 222
342 698 222
274 645 222
400 683 222
639 401 222
274 639 222
274 639 222
250 297 222
586 244 222
586 244 222
327 589 222
681 52 222
327 316 222
283 687 222
41 183 222
805 41 222
327 798 222
327 784 222
805 274 222
41 766 222
767 741 222
805 41 222
770 365 222
605 734 222
327 774 222
617 681 222
448 244 222
599 250 222
617 400 222
599 41 222
493 339 222
770 101 222
131 753 222
753 131 222
131 753 222
250 502 222
770 617 222
549 794 222
771 364 222
679 714 222
640 783 222
599 41 222
599 250 222
770 316 222
753 131 222
277 448 222
131 753 222
712 640 222
753 131 222
131 125 222
640 712 222
770 365 222
712 640 222
679 714 222
599 250 222
640 712 222
357 783 222
131 753 222
53 785 222
712 640 222
753 131 222
357 402 222
783 640 222
640 712 222
9 753 222
640 783 222
9 802 222
9 708 222
9 753 222
712 640 222
181 454 222
124 598 222
783 542 222
131 753 222
9 753 222
67 8 222
640 712 222
339 493 222
9 569 222
783 640 222
753 131 222
640 783 222
542 325 222
712 640 222
124 712 222
357 299 222
640 712 222
131 753 223
753 131 223
387 481 223
387 252 223
131 753 223
387 386 223
654 738 223
783 640 223
63 296 223
63 547 223
514 617 223
514 799 223
244 448 223
811 376 223
376 811 223
278 27 223
635 812 223
704 813 223
364 771 223
811 376 223
811 58 223
805 41 223
704 798 223
805 617 223
313 63 223
801 313 223
800 766 223
603 814 223
681 617 223
805 250 223
681 654 223
34 313 223
799 514 223
801 313 223
448 244 223
204 181 223
547 63 223
448 365 223
342 364 223
448 784 223
313 34 223
342 364 223
454 181 223
12 101 223
514 799 223
705 712 223
705 712 223
103 799 223
801 313 223
364 815 223
12 784 223
342 364 223
74 708 223
815 364 223
3 132 223
103 617 223
342 815 223
364 342 223
513 626 223
12 8 223
74 463 223
342 364 223
454 467 223
103 454 223
34 313 223
34 815 223
176 603 223
308 155 223
357 816 223
814 603 223
771 364 223
74 592 223
302 557 223
103 817 223
357 818 223
654 762 223
357 798 223
103 815 223
41 811 223
364 771 223
41 741 223
3 814 223
686 542 223
794 549 223
74 753 223
770 454 223
686 131 223
599 250 223
599 41 223
557 302 223
74 617 223
770 626 223
603 814 223
302 557 223
189 712 223
626 513 223
12 308 223
603 157 223
603 157 223
74 607 223
12 288 223
733 297 223
733 168 223
733 302 223
814 3 223
814 603 223
603 814 223
557 302 223
460 321 223
277 448 223
498 815 223
770 460 223
635 74 223
586 244 223
302 557 223
557 302 223
586 815 223
586 816 223
799 514 223
74 460 223
799 103 223
74 635 223
766 41 223
41 766 223
635 74 223
372 569 223
766 482 223
766 41 223
372 128 223
41 766 223
766 769 223
766 41 223
635 74 223
372 429 223
364 429 223
277 448 223
766 283 223
343 74 223
372 766 223
41 766 223
372 560 223
805 41 223
766 372 223
766 41 223
429 372 223
793 785 223
805 41 223
41 766 223
372 766 223
41 805 223
766 41 223
640 175 223
621 372 223
41 766 223
805 41 223
621 819 223
766 372 223
297 683 223
640 323 223
766 41 223
297 321 223
41 805 223
41 766 223
297 250 223
617 74 223
766 41 223
482 766 223
621 542 223
272 632 223
41 766 223
805 41 223
41 805 223
560 372 223
766 482 223
766 41 223
482 766 223
766 482 223
617 103 223
683 400 223
482 766 223
617 734 223
766 482 223
482 766 223
725 547 223
389 598 223
212 48 223
379 683 223
617 681 223
41 766 223
770 617 223
272 448 223
372 621 223
617 734 223
389 448 223
372 448 223
27 278 223
654 632 223
400 617 223
474 400 223
389 640 223
617 734 223
725 547 223
599 250 223
599 41 223
400 683 223
617 400 223
777 798 223
777 795 223
379 51 223
29 389 223
365 448 223
29 697 223
708 57 223
12 402 223
617 640 223
725 547 223
708 74 223
283 766 223
299 705 223
12 389 223
617 734 223
473 708 223
172 820 223
617 272 223
540 439 223
473 771 223
708 473 223
821 805 223
617 734 223
351 815 223
617 124 223
679 308 223
617 734 223
68 598 223
308 794 223
448 272 223
448 372 223
679 308 223
448 365 223
617 308 223
617 734 223
617 201 223
679 308 223
296 63 223
617 308 223
679 308 223
12 617 223
681 617 223
249 617 223
795 777 223
128 372 223
800 766 223
249 654 223
504 771 223
249 454 223
617 681 223
249 654 223
617 644 224
249 617 224
617 272 224
249 654 224
605 734 224
617 734 224
605 74 224
244 448 224
617 734 224
617 272 224
605 734 224
617 734 224
323 640 224
617 272 224
389 29 224
617 734 224
761 372 224
605 272 224
617 272 224
249 454 224
617 272 224
12 617 224
617 272 224
733 639 224
272 617 224
272 617 224
617 272 224
605 272 224
12 617 224
272 617 224
617 272 224
617 272 224
12 617 224
272 617 224
626 649 224
819 822 224
12 617 224
272 448 224
649 626 224
626 649 224
626 649 224
681 617 224
626 649 224
12 617 224
605 32 224
12 617 224
12 823 224
474 74 224
770 617 224
705 299 224
12 617 224
605 224 224
697 341 224
697 29 224
679 504 224
770 617 224
823 824 224
12 823 224
823 325 224
605 224 224
12 823 224
819 825 224
12 825 224
770 454 224
681 626 224
605 224 224
704 617 224
12 823 224
681 626 224
12 823 224
770 617 224
605 194 224
12 823 224
770 617 224
249 454 224
681 626 224
777 795 224
12 823 224
821 805 224
741 41 224
154 547 224
342 638 224
581 582 224
581 328 224
296 823 224
474 651 224
700 481 224
605 74 224
605 74 224
9 697 224
700 68 224
823 296 224
771 364 224
823 29 224
700 626 224
681 626 224
700 654 224
9 697 224
9 598 224
181 454 224
296 823 224
29 823 224
9 607 224
771 473 224
679 308 224
823 296 224
733 654 224
823 29 224
296 823 224
679 67 224
29 823 224
826 814 224
29 823 224
733 626 224
733 654 224
644 617 224
771 504 224
823 296 224
733 654 224
296 823 224
765 321 224
765 212 224
765 372 224
823 29 224
765 532 224
29 823 224
733 654 224
103 799 224
823 296 224
823 29 224
605 263 224
296 823 224
827 61 224
733 708 224
29 823 224
605 263 224
733 761 224
617 644 224
605 263 224
220 654 224
617 681 224
733 626 224
605 263 224
823 296 224
823 29 224
296 823 224
805 821 224
733 708 224
638 342 224
705 825 224
638 341 224
638 95 224
638 95 224
638 744 224
733 626 224
29 823 224
9 598 224
448 272 224
9 697 224
325 823 224
688 103 224
9 569 224
712 705 224
163 658 224
638 646 224
9 569 224
448 244 224
599 250 224
712 124 224
586 504 224
557 583 224
9 598 224
644 617 224
733 475 224
9 569 224
9 569 224
9 569 224
569 372 224
283 766 224
103 688 224
605 74 224
9 598 224
9 569 224
9 569 224
9 569 224
9 569 224
777 784 224
9 683 224
386 343 224
733 626 224
733 475 224
9 569 224
386 790 224
733 708 224
9 212 224
32 825 224
599 250 224
605 32 224
638 794 224
9 569 224
586 244 224
343 386 224
9 569 224
9 569 224
728 607 224
63 313 224
549 794 224
9 601 224
63 547 224
155 308 224
357 708 224
9 697 224
9 569 224
605 32 224
9 569 224
364 771 224
249 659 224
249 163 224
828 96 224
708 357 224
605 32 224
605 32 224
9 569 224
9 569 224
9 569 224
9 569 224
617 103 224
542 460 224
829 819 224
542 783 224
9 569 224
596 57 224
9 569 224
704 605 224
757 687 224
9 569 224
9 569 224
758 741 224
250 638 224
542 621 224
728 758 224
757 212 224
9 569 224
638 250 224
542 816 224
9 598 224
830 364 224
9 569 224
741 758 224
9 569 224
372 128 224
364 830 224
372 761 224
826 32 224
617 681 224
372 765 224
679 557 224
372 569 224
697 638 225
638 697 225
569 372 225
128 372 225
32 605 225
189 708 225
342 638 225
372 569 225
605 32 225
638 323 225
32 681 225
372 128 225
569 372 225
638 697 225
189 712 225
605 32 225
758 741 225
605 73 225
638 697 225
638 87 225
787 73 225
787 73 225
787 73 225
128 372 225
638 697 225
69 498 225
638 87 225
638 697 225
175 640 225
495 263 225
599 250 225
679 557 225
697 73 225
372 765 225
638 758 225
495 181 225
638 697 225
189 708 225
697 475 225
437 625 225
681 617 225
495 831 225
638 323 225
681 32 225
617 90 225
624 437 225
679 654 225
475 697 225
638 643 225
697 475 225
697 475 225
539 765 225
475 697 225
475 697 225
644 712 225
697 475 225
679 654 225
697 475 225
719 712 225
250 72 225
638 637 225
644 39 225
250 260 225
638 697 225
250 536 225
644 711 225
475 697 225
308 823 225
617 681 225
697 475 225
372 569 225
372 128 225
679 654 225
475 697 225
67 825 225
638 697 225
124 712 225
697 475 225
72 250 225
757 252 225
638 697 225
686 542 225
583 557 225
400 683 225
679 557 225
400 396 225
569 372 225
679 654 225
719 753 225
638 697 225
337 769 225
475 697 225
128 372 225
644 59 225
683 400 225
67 806 225
199 72 225
233 481 225
624 343 225
644 30 225
400 683 225
704 617 225
697 475 225
96 828 225
683 400 225
644 378 225
679 654 225
400 639 225
475 697 225
124 474 225
250 617 225
679 557 225
638 719 225
605 337 225
189 708 225
400 683 225
68 832 225
557 583 225
617 250 225
679 833 225
719 638 225
638 719 225
679 7 225
708 557 225
681 617 225
400 286 225
644 389 225
783 542 225
400 396 225
19 525 225
68 798 225
644 659 225
400 626 225
679 557 225
415 244 225
799 103 225
590 626 225
68 475 225
712 124 225
475 68 225
753 74 225
400 250 225
68 475 225
753 719 225
475 68 225
712 719 225
801 103 225
259 256 225
233 193 225
638 719 225
712 644 225
834 175 225
557 708 225
250 475 225
741 758 225
57 708 225
644 712 225
475 250 225
400 708 225
644 708 225
250 475 225
400 638 225
475 250 225
794 549 225
250 475 225
644 598 225
400 712 225
475 250 225
400 323 225
68 475 225
475 68 225
87 475 225
193 233 225
598 644 225
250 475 225
712 400 225
598 68 225
644 598 225
679 557 225
12 288 225
41 741 225
708 557 225
400 466 225
199 638 225
400 712 225
596 400 225
712 644 225
475 250 225
596 57 225
9 681 225
418 475 225
400 596 225
9 8 225
9 569 225
9 683 225
712 400 225
598 124 225
9 598 225
475 418 225
741 41 225
9 598 225
199 823 225
68 598 225
638 400 225
686 400 225
498 495 225
638 102 225
400 712 225
462 617 225
719 686 225
596 400 225
741 212 225
440 795 225
638 753 225
596 388 225
346 345 225
41 741 225
638 753 225
542 753 225
542 753 225
120 222 225
643 638 225
12 402 225
557 708 225
753 542 225
595 193 225
595 321 225
595 321 225
712 400 225
220 654 225
605 557 225
712 644 225
12 588 225
12 140 225
514 832 225
605 29 225
640 389 225
12 140 225
220 654 225
252 757 225
741 607 225
9 681 225
9 8 225
12 753 225
220 372 225
52 681 225
617 250 225
454 249 225
617 462 225
454 181 225
679 557 225
678 212 225
495 498 225
605 795 225
681 52 225
590 835 225
462 617 225
498 495 225
835 590 225
590 835 225
396 400 225
12 96 225
686 719 225
12 569 225
605 557 225
640 617 225
617 462 225
605 29 225
12 830 225
12 140 225
605 263 225
617 640 225
12 569 225
835 590 225
721 400 225
640 617 225
194 836 225
488 120 225
617 640 225
640 617 225
605 29 225
12 101 225
605 557 225
305 212 225
307 317 225
12 569 225
757 252 225
586 832 225
681 795 225
193 595 225
704 617 225
679 557 225
9 681 225
9 8 225
462 675 225
160 638 225
605 557 225
12 830 225
801 313 225
32 681 225
605 32 225
704 835 225
12 569 225
605 596 225
12 689 225
498 831 225
363 816 225
681 32 225
12 757 225
605 557 225
801 313 225
12 527 225
321 460 225
321 765 225
321 595 225
605 462 225
142 762 225
321 595 225
282 462 225
679 557 225
463 687 225
194 679 225
605 557 225
795 681 225
463 74 225
605 462 225
289 460 225
313 34 225
12 569 225
638 160 225
605 462 225
624 8 225
679 557 225
605 557 225
549 794 225
321 774 225
605 462 225
12 569 225
282 462 225
801 313 225
801 313 225
837 346 225
638 646 225
8 624 225
605 462 225
838 644 225
120 488 225
638 643 225
460 542 225
12 569 226
801 313 226
583 557 226
638 640 226
801 313 226
605 462 226
801 313 226
603 814 226
801 313 226
289 835 226
676 719 226
823 308 226
103 462 226
761 372 226
99 194 226
823 199 226
835 289 226
313 801 226
766 283 226
289 835 226
462 103 226
12 689 226
766 283 226
9 681 226
12 681 226
605 29 226
313 801 226
766 41 226
814 603 226
103 462 226
9 142 226
801 313 226
835 289 226
9 569 226
9 569 226
801 313 226
462 103 226
313 801 226
289 835 226
683 400 226
605 29 226
355 316 226
835 289 226
313 801 226
103 462 226
605 640 226
605 704 226
605 704 226
297 234 226
679 504 226
605 704 226
605 704 226
103 839 226
297 573 226
289 835 226
63 801 226
297 573 226
573 297 226
9 569 226
605 704 226
103 840 226
234 297 226
9 569 226
283 766 226
605 462 226
603 814 226
9 569 226
297 573 226
801 313 226
297 234 226
9 569 226
504 586 226
605 442 226
573 297 226
605 704 226
617 640 226
283 766 226
605 704 226
313 801 226
801 313 226
9 569 226
801 63 226
679 504 226
297 573 226
801 313 226
555 641 226
9 569 226
617 688 226
679 841 226
790 386 226
605 704 226
617 704 226
713 842 226
605 704 226
721 782 226
605 704 226
573 297 226
605 704 226
95 63 226
835 289 226
605 704 226
9 569 226
9 569 226
103 841 226
297 573 226
814 603 226
617 462 226
400 396 226
9 569 226
103 843 226
704 617 226
843 576 226
462 617 226
400 596 226
95 753 226
313 801 226
400 712 226
617 704 226
605 704 226
313 801 226
843 798 226
573 297 226
603 814 226
442 144 226
534 625 226
9 8 226
400 683 226
605 704 226
9 569 226
617 462 226
297 573 226
9 569 226
400 721 226
289 835 226
617 704 226
462 617 226
704 617 226
605 704 226
605 704 226
835 289 226
9 569 226
617 462 226
400 504 226
372 823 226
9 569 226
256 48 226
400 783 226
605 704 226
617 704 226
823 372 226
194 823 226
704 605 226
372 835 226
704 617 226
194 586 226
617 704 226
701 103 226
372 844 226
701 193 226
605 704 226
845 808 226
704 617 226
701 372 226
573 297 226
194 683 226
704 605 226
194 296 226
605 704 226
504 400 226
194 99 226
808 244 226
372 765 226
605 372 226
843 783 226
194 482 226
372 823 226
704 605 226
823 372 226
289 835 226
679 504 226
823 372 226
297 573 226
194 422 226
835 372 226
442 753 226
605 704 226
704 605 226
783 400 226
372 605 226
194 555 226
372 823 226
845 808 226
845 808 226
845 808 226
194 583 226
605 704 226
372 835 226
194 456 226
482 194 226
605 372 226
573 297 226
704 605 226
783 843 226
372 835 226
194 482 226
704 605 226
372 605 226
99 194 226
9 569 226
9 569 226
9 256 226
504 719 226
605 704 226
9 256 226
605 372 226
814 603 226
9 343 226
482 194 226
704 605 226
605 704 226
9 844 226
605 704 226
9 569 226
704 605 226
704 605 226
605 704 226
704 605 226
605 704 226
704 605 226
590 795 226
482 823 226
835 289 226
605 704 226
835 372 226
289 835 226
704 605 226
605 704 226
681 590 226
605 317 226
704 605 226
605 704 226
704 605 226
801 313 226
605 704 226
605 681 226
835 289 226
590 681 226
835 388 226
289 835 226
701 103 226
372 835 226
289 835 226
701 103 226
835 289 226
103 835 226
289 835 226
701 48 226
95 175 226
835 289 226
289 835 226
41 766 226
543 640 226
681 605 226
9 343 226
835 103 226
835 289 226
289 835 226
846 588 226
835 289 226
128 542 226
847 97 226
189 774 226
713 498 226
758 741 226
289 835 226
758 719 226
625 437 226
625 534 226
683 400 226
323 400 226
289 835 226
75 120 226
36 73 226
835 289 226
388 835 226
683 194 226
534 625 226
617 704 226
289 835 226
289 835 226
754 438 226
841 848 226
835 388 226
625 534 226
835 289 226
297 573 226
683 413 226
388 835 226
289 835 226
835 289 226
289 835 226
835 289 226
73 605 226
588 846 226
73 697 226
687 757 226
289 835 226
835 289 226
704 617 226
311 321 226
289 835 226
687 815 226
687 823 226
835 289 226
687 783 226
289 835 226
687 586 226
687 832 226
542 128 226
439 540 226
439 795 226
439 795 226
823 687 226
783 687 226
823 482 226
651 765 226
651 765 226
809 281 226
540 439 226
128 542 226
540 439 226
809 340 226
97 726 226
809 823 226
97 726 226
513 263 226
422 297 227
422 297 227
689 626 227
308 823 227
308 311 227
781 642 227
781 642 227
308 849 227
781 642 227
72 701 227
468 830 227
263 513 227
236 617 227
244 586 228
244 415 228
536 250 228
244 808 228
41 817 228
214 839 228
214 815 228
836 194 228
798 513 229
626 400 229
29 850 229
626 590 229
514 835 229
482 823 229
638 646 229
638 269 229
638 95 229
626 689 229
9 282 229
63 801 229
63 95 229
831 498 229
679 841 229
337 605 229
679 308 229
851 162 229
851 679 229
632 654 229
632 272 229
851 679 229
851 852 229
851 679 229
851 679 229
120 75 229
509 364 229
542 729 229
638 68 229
621 372 229
621 542 229
638 753 229
509 306 229
851 679 229
199 823 229
800 766 229
513 263 229
513 798 229
831 540 229
823 308 229
823 482 229
181 495 229
547 63 229
547 154 229
431 52 229
316 327 229
316 355 229
617 704 229
617 236 229
355 316 229
586 504 230
586 687 230
586 244 230
801 63 230
708 557 230
132 449 230
194 375 230
194 355 230
194 203 230
194 755 230
431 343 230
204 830 230
711 644 230
204 181 230
204 198 230
244 586 230
431 343 230
830 468 230
508 372 230
830 339 230
830 765 230
431 343 230
204 830 230
704 605 230
204 181 230
204 830 230
317 605 230
204 830 230
830 502 230
617 681 230
308 273 230
617 704 230
495 498 230
495 181 230
704 617 230
617 704 230
431 727 230
708 719 230
337 771 230
349 511 230
719 708 230
708 719 230
617 704 230
835 514 230
431 617 230
853 838 230
44 400 230
719 708 230
617 681 230
431 617 230
204 830 230
511 349 230
63 547 230
343 688 230
63 801 230
713 842 230
713 95 230
713 48 230
635 442 230
337 777 230
792 679 230
617 462 230
713 603 230
708 719 230
713 644 230
439 540 230
713 586 230
547 63 230
713 363 230
794 449 230
794 449 230
617 596 230
431 617 230
372 831 230
36 828 230
617 514 230
617 161 230
766 283 230
766 283 230
766 41 230
605 681 230
617 308 230
547 63 230
605 73 230
605 337 230
605 704 230
770 617 230
617 854 230
30 644 230
605 317 230
771 337 230
67 843 230
34 313 230
272 632 230
34 843 230
34 843 230
34 351 230
9 142 230
19 114 230
704 617 230
809 325 230
53 847 230
704 605 230
843 34 230
687 783 230
34 843 230
53 855 230
715 128 231
856 626 231
72 857 231
626 856 231
704 852 231
704 848 231
34 538 231
586 244 231
448 375 231
704 839 231
831 372 231
473 771 231
858 701 231
72 704 231
843 34 231
704 72 231
704 72 231
72 337 231
514 835 231
34 843 231
514 617 231
843 34 231
617 704 231
605 704 231
617 26 231
800 766 231
824 823 231
474 124 231
824 816 231
469 463 231
617 514 231
741 474 231
474 741 231
617 704 231
302 823 231
617 161 231
785 793 231
161 617 231
26 823 231
826 32 231
617 161 231
823 26 231
161 617 231
617 124 231
826 372 231
256 514 231
617 161 231
830 389 231
617 728 231
765 372 231
765 372 231
617 161 231
765 372 231
765 651 231
765 651 231
659 644 231
765 830 231
800 766 231
830 765 231
47 567 231
448 823 231
47 814 231
765 830 231
830 765 231
814 47 231
349 511 231
263 513 231
847 101 231
765 830 231
47 814 231
830 765 231
814 47 231
640 543 231
514 256 231
847 194 231
154 547 231
834 708 231
47 814 231
391 73 231
53 785 231
687 785 231
687 843 231
547 154 231
687 252 231
296 781 231
296 375 231
391 555 231
391 609 231
391 422 231
561 514 231
296 355 231
391 289 231
391 372 231
391 103 231
391 309 231
391 325 231
391 289 231
220 654 231
220 646 231
704 617 231
296 835 231
296 835 231
389 644 231
704 605 231
389 640 231
389 830 231
638 642 231
609 391 231
392 475 231
372 831 231
372 831 231
681 605 231
835 296 231
372 765 231
372 765 231
638 637 231
835 590 231
372 391 231
785 687 231
555 391 231
834 592 231
282 9 231
765 830 231
785 786 231
765 372 231
859 704 231
372 765 231
41 766 231
859 644 231
74 860 231
372 765 231
74 840 231
765 372 231
765 372 231
74 389 231
859 679 231
34 313 231
34 313 231
431 323 231
861 72 231
859 32 231
835 861 231
74 449 232
859 34 232
859 357 232
830 765 232
861 249 232
861 752 232
830 389 232
861 752 232
859 357 232
325 391 232
646 220 232
859 357 232
859 357 232
590 835 232
590 835 232
581 249 232
766 41 232
835 590 232
580 418 232
214 862 232
708 834 232
834 708 232
770 708 232
341 697 232
289 391 232
341 863 232
481 252 232
404 679 232
679 404 232
770 784 232
679 580 232
313 34 232
72 861 232
72 704 232
681 626 232
481 252 232
793 785 232
34 313 232
793 863 232
617 704 232
599 41 232
9 683 232
431 617 232
540 831 232
540 439 232
372 765 232
431 617 232
626 681 232
704 617 232
431 617 232
617 704 232
704 617 232
826 372 232
489 372 232
704 822 232
617 704 232
401 639 232
431 52 232
704 617 232
617 704 232
448 244 232
704 617 232
32 283 232
32 626 232
32 52 232
32 632 232
32 640 232
770 32 232
32 155 232
687 598 232
640 32 232
32 640 232
41 766 232
252 687 232
252 481 232
32 68 232
640 32 232
32 704 232
626 32 232
32 640 232
770 32 232
32 626 232
551 32 232
770 798 232
599 32 232
599 41 232
372 489 232
859 32 232
626 32 232
770 654 232
859 679 232
532 364 232
859 308 232
859 687 232
859 325 232
513 263 232
859 32 232
551 224 232
599 32 232
770 32 232
542 352 232
53 785 232
53 542 232
697 341 232
770 853 232
708 834 233
220 646 233
770 708 233
36 110 233
475 392 233
697 637 233
437 625 233
605 350 233
495 864 233
74 617 233
53 542 233
492 708 233
12 391 233
697 289 233
439 212 233
12 527 233
12 343 233
12 175 233
12 140 233
12 681 233
12 823 233
12 439 233
9 683 233
12 823 233
73 605 233
12 823 233
12 823 233
242 823 233
823 242 233
12 823 233
9 391 233
9 753 233
12 8 233
32 60 233
823 242 233
12 823 233
12 823 233
212 48 233
44 770 233
19 525 233
770 708 233
617 74 233
865 514 233
770 617 233
9 617 233
830 297 233
9 835 233
583 308 233
9 56 233
334 687 233
53 542 233
73 74 233
605 73 233
605 704 233
605 60 233
605 272 233
73 605 233
404 679 233
605 73 233
704 605 233
73 605 233
765 830 233
303 835 233
765 372 233
9 617 233
9 617 233
74 73 233
830 765 233
704 605 233
595 660 233
765 830 233
372 536 233
536 372 233
830 765 233
498 823 233
372 536 233
765 830 233
536 372 233
765 425 233
372 536 233
551 587 233
431 617 233
686 498 233
823 498 233
866 834 233
439 131 233
551 676 233
728 617 233
725 728 233
431 323 233
721 867 233
721 388 233
481 687 233
431 323 233
323 88 233
536 372 233
687 481 233
687 194 233
431 323 233
323 161 233
194 687 233
481 687 233
161 323 233
431 323 233
191 765 233
323 161 233
498 823 233
830 765 233
323 68 233
431 323 233
388 721 233
128 715 233
431 323 233
431 323 233
823 498 233
765 191 233
765 830 233
536 765 233
214 868 233
334 823 234
704 841 234
389 74 234
765 536 234
12 175 234
536 765 234
389 830 234
12 823 234
830 765 234
830 389 234
103 868 234
12 711 234
830 840 234
431 323 234
350 605 234
632 32 234
834 866 234
403 769 234
176 823 234
625 437 234
793 776 234
793 776 234
212 439 234
212 678 234
191 765 234
212 305 234
175 640 234
437 625 234
212 765 234
431 323 234
770 437 234
313 34 234
765 191 234
869 823 234
765 212 234
431 323 234
704 605 234
765 568 234
765 226 234
625 437 234
191 765 234
792 679 234
552 765 234
765 191 234
400 626 234
765 536 234
400 323 234
400 323 234
400 683 234
400 783 234
765 407 234
765 126 234
191 765 234
400 504 234
147 191 234
323 400 234
32 632 234
389 830 234
776 793 234
776 401 234
350 481 234
830 389 234
67 323 234
67 862 234
615 765 234
713 350 234
644 659 234
713 462 234
713 372 234
757 687 234
19 114 234
713 704 234
713 103 234
713 321 234
713 41 234
713 252 234
713 242 234
713 400 234
266 617 234
713 283 234
379 74 234
713 325 234
713 716 234
713 67 234
713 48 234
700 68 234
765 615 234
713 102 234
68 323 234
226 765 234
700 555 234
700 68 234
713 479 234
713 359 234
713 209 234
713 714 234
297 830 234
770 379 234
638 870 234
713 714 234
9 683 234
9 711 234
770 97 234
9 212 234
12 527 234
12 757 234
713 462 234
711 9 234
12 711 234
713 727 234
713 103 234
319 338 234
12 711 234
594 765 234
713 199 234
131 439 234
713 124 234
9 626 234
713 624 234
9 313 234
713 482 234
713 847 234
12 711 234
9 72 234
713 651 234
713 738 234
12 711 234
713 363 234
713 586 234
9 862 234
830 297 234
711 339 234
9 282 234
9 72 234
12 711 234
713 41 234
12 711 234
713 252 235
250 536 235
327 765 235
713 704 235
12 711 235
713 770 235
536 250 235
713 41 235
12 711 235
683 48 235
12 711 235
484 770 235
870 638 235
770 502 235
770 396 235
857 72 235
12 711 235
9 683 235
469 806 235
41 495 235
220 654 235
41 389 235
469 598 235
44 770 235
422 391 235
12 711 235
72 857 235
626 400 235
713 41 235
713 41 235
83 835 235
713 363 235
342 544 235
713 9 235
792 841 235
12 711 235
220 654 235
342 598 235
323 67 235
323 68 235
871 97 235
686 498 235
866 834 235
770 323 235
753 638 235
189 712 235
339 711 235
189 712 235
711 339 235
339 711 235
220 654 235
719 862 235
719 862 235
733 626 235
12 711 235
12 569 235
12 711 235
38 313 235
719 712 235
753 712 235
733 502 235
871 502 235
733 475 235
733 753 235
475 502 235
38 475 235
516 617 235
733 475 235
770 454 235
733 753 235
38 313 235
770 475 235
38 313 235
350 481 235
475 770 235
38 313 235
350 872 235
294 830 235
350 872 235
733 313 235
350 872 235
819 829 235
350 626 235
38 313 235
733 313 235
873 770 235
38 313 235
38 313 235
601 103 235
12 569 235
601 51 235
41 502 235
733 313 235
874 875 235
103 601 235
857 72 235
733 313 235
770 617 235
12 569 235
733 313 235
475 392 235
131 874 235
679 841 235
12 617 235
36 770 235
38 313 235
12 569 235
68 323 235
321 713 235
617 596 235
605 704 235
777 843 235
103 713 235
38 313 235
12 605 235
777 316 235
103 713 235
12 605 235
733 313 235
876 757 235
68 323 235
250 536 235
733 313 235
38 313 235
605 103 235
12 605 235
103 605 235
19 525 235
733 313 235
605 103 235
733 313 235
12 711 235
733 313 235
12 757 235
19 525 235
12 757 235
12 569 235
103 605 235
842 713 235
350 626 235
605 103 235
770 605 235
350 860 235
617 403 235
605 770 235
12 569 235
770 605 235
36 770 235
224 771 235
41 610 235
103 605 235
605 770 235
624 8 235
770 605 235
605 103 235
701 858 235
12 569 235
624 697 235
605 770 235
103 605 235
617 103 235
254 701 235
770 605 235
103 617 235
830 877 235
36 770 235
605 770 235
36 19 235
617 103 235
733 313 235
254 605 235
254 605 235
19 654 235
834 866 235
254 605 235
679 865 235
254 874 235
254 605 235
638 753 235
638 870 235
878 482 236
679 701 236
36 250 236
38 313 236
254 605 236
733 313 236
830 598 236
254 654 236
254 605 236
254 605 236
638 323 236
36 879 236
313 38 236
830 638 236
254 605 236
36 597 236
638 830 236
38 313 236
36 250 236
539 605 236
313 38 236
733 313 236
873 343 236
19 109 236
716 713 236
254 605 236
638 254 236
38 313 236
539 605 236
733 313 236
605 254 236
596 254 236
254 605 236
350 626 236
873 711 236
63 547 236
254 396 236
605 254 236
63 547 236
313 38 236
350 626 236
254 605 236
638 254 236
638 830 236
38 313 236
873 128 236
638 29 236
605 254 236
686 770 236
254 605 236
766 41 236
640 175 236
605 254 236
254 605 236
596 254 236
638 766 236
733 313 236
254 596 236
638 830 236
638 254 236
605 254 236
733 52 236
254 605 236
765 594 236
555 482 236
605 254 236
596 254 236
254 605 236
765 370 236
830 880 236
605 254 236
640 389 236
617 350 236
38 313 236
711 873 236
605 254 236
617 770 236
605 881 236
41 766 236
617 640 236
765 882 236
605 830 236
882 765 236
617 770 236
830 605 236
617 640 236
640 617 236
41 863 236
313 38 236
770 538 236
882 594 236
881 605 236
38 313 236
313 38 236
733 313 236
313 38 236
38 313 236
254 605 236
254 596 236
38 313 236
882 536 236
617 640 236
687 194 236
250 41 236
830 297 236
41 250 236
605 830 236
605 881 236
297 830 236
617 770 236
605 254 236
431 617 236
883 882 236
596 254 236
250 41 236
770 617 236
830 297 236
617 770 236
297 830 236
830 605 236
830 297 236
297 830 236
41 250 236
830 297 236
605 830 236
881 605 236
830 605 236
605 881 236
605 830 236
175 640 236
881 605 236
830 605 236
605 73 236
605 881 236
640 617 236
605 830 236
640 175 236
884 297 236
830 605 236
605 830 236
297 884 236
830 605 236
242 713 236
884 297 236
605 830 236
830 605 236
881 605 236
431 323 236
175 640 236
605 830 236
605 881 236
189 712 236
640 175 236
242 823 236
830 605 236
454 770 236
640 389 236
316 777 236
617 640 236
175 640 236
843 885 236
260 174 236
605 830 236
260 704 236
738 713 236
830 605 236
640 617 236
260 103 236
640 175 236
605 830 236
871 640 236
400 713 236
260 174 236
175 640 236
830 605 236
400 626 236
884 297 236
678 212 236
209 713 236
475 770 236
605 830 236
830 605 236
400 323 236
242 451 236
605 830 236
400 776 236
260 283 236
400 396 236
260 688 236
830 605 236
400 596 236
260 250 236
605 830 236
260 338 236
617 640 236
400 886 236
830 605 236
48 683 236
605 830 236
885 798 236
242 389 236
400 676 236
830 605 236
400 168 236
885 576 236
605 830 236
400 835 236
830 605 236
563 409 236
605 830 236
175 640 236
770 454 236
88 323 236
400 371 236
400 544 236
400 123 236
48 713 236
400 887 236
687 463 236
400 166 236
370 765 236
400 166 236
400 166 236
400 81 236
400 592 236
400 59 236
400 439 236
400 882 236
400 76 236
400 376 236
834 323 236
400 564 236
371 400 236
400 265 236
252 598 236
400 853 236
400 452 236
400 13 236
400 888 236
181 454 236
400 831 236
400 101 236
338 319 236
9 569 236
400 420 236
9 569 236
317 605 236
400 866 236
9 260 236
400 20 236
9 626 236
400 360 236
400 889 236
9 313 236
9 753 236
400 868 236
400 108 236
400 386 236
242 297 236
400 154 236
400 572 236
400 538 236
400 419 236
640 885 236
103 260 236
400 114 236
400 708 236
400 517 236
400 499 236
297 242 236
400 802 236
400 890 236
400 459 236
400 512 236
400 891 236
400 315 236
400 892 236
400 799 236
400 799 236
204 181 236
204 830 236
400 893 236
400 444 236
400 64 236
400 894 236
400 894 236
400 895 236
400 895 236
400 895 236
853 400 236
400 816 236
400 840 236
400 464 236
400 464 236
194 516 236
400 460 236
400 600 236
400 675 236
400 382 236
400 896 236
400 862 236
400 165 236
400 527 236
400 897 236
400 673 236
194 449 236
400 898 236
400 11 236
400 852 236
400 158 236
72 857 236
400 743 236
400 899 236
400 391 236
242 297 236
400 523 236
194 234 236
598 194 236
400 701 237
400 819 237
400 443 237
546 583 237
492 712 237
400 97 237
400 519 237
546 297 237
400 528 237
492 712 237
400 711 237
400 900 237
400 901 237
546 199 237
400 788 237
400 85 237
400 735 237
834 343 237
400 39 237
234 194 237
400 721 237
712 719 237
400 294 237
400 902 237
492 712 237
834 168 237
492 712 237
834 771 237
400 798 237
642 323 237
546 835 237
834 513 237
400 825 237
492 712 237
400 15 237
712 753 237
546 853 237
834 297 237
492 712 237
400 358 237
495 41 237
400 284 237
400 841 237
903 792 237
400 2 237
400 904 237
400 411 237
400 747 237
834 712 237
492 712 237
400 905 237
400 476 237
712 834 237
400 570 237
400 734 237
400 299 237
834 712 237
834 712 237
546 853 237
400 587 237
853 906 237
400 135 237
400 817 237
400 844 237
712 492 237
400 304 237
400 584 237
400 601 237
400 251 237
400 907 237
651 765 237
400 109 237
400 682 237
546 598 237
400 495 237
400 152 237
546 853 237
400 70 237
400 832 237
400 436 237
400 324 237
400 173 237
495 400 237
400 311 237
400 566 237
400 556 237
400 151 237
492 784 237
400 707 237
781 296 237
400 773 237
400 541 237
194 598 237
400 908 237
400 449 237
400 823 237
400 909 237
400 543 237
400 910 237
400 766 237
400 451 237
400 579 237
400 613 237
400 911 237
67 901 237
400 698 237
400 513 237
400 402 237
492 835 237
400 463 237
12 32 237
400 149 237
400 583 237
400 864 237
400 371 237
765 651 237
629 128 237
400 495 237
765 883 237
809 340 237
809 400 237
755 194 237
495 400 237
12 101 237
809 912 237
809 913 237
400 495 237
400 841 237
835 9 237
835 303 237
492 712 237
835 400 237
835 752 237
835 492 237
189 712 237
73 605 237
901 67 238
901 400 238
843 777 238
843 575 238
713 41 239
713 586 239
638 642 239
638 884 239
704 605 239
874 254 239
712 189 239
712 492 239
734 400 239
536 882 239
708 492 239
536 250 239
708 770 239
823 242 239
823 869 239
708 473 239
41 495 239
41 901 239
700 400 240
297 242 240
297 834 240
176 297 240
678 297 240
297 678 240
583 400 240
194 913 240
523 724 240
799 400 240
249 861 240
168 400 240
168 834 240
431 323 240
598 252 240
598 830 240
598 342 240
598 469 240
598 687 240
598 68 240
598 194 240
484 770 240
484 400 240
400 734 240
70 400 240
19 525 240
400 799 240
400 168 240
303 835 240
400 70 240
884 913 240
194 173 240
363 713 240
468 830 240
199 598 240
260 9 240
770 708 240
173 400 240
468 914 240
400 173 240
173 749 240
242 297 241
297 242 241
68 598 241
809 884 241
283 766 241
283 32 241
504 400 241
32 283 241
809 884 241
852 400 241
283 260 241
283 32 241
603 814 241
603 814 241
283 823 241
220 400 241
800 766 241
915 874 241
278 27 241
212 352 241
242 297 241
400 220 241
915 224 241
400 852 241
586 598 241
400 504 241
309 212 241
297 242 241
19 862 241
27 278 241
513 834 241
686 873 241
852 400 241
873 711 241
194 234 241
492 835 241
504 400 241
492 835 241
194 687 241
194 847 241
9 569 241
194 296 241
569 9 241
194 422 241
194 99 241
194 823 241
194 400 241
194 199 241
834 513 241
194 283 241
834 862 241
834 168 241
609 598 241
715 784 241
884 194 241
183 41 241
509 364 241
509 513 241
509 707 241
183 620 241
711 400 241
711 873 241
768 704 241
768 801 241
799 400 241
183 916 241
768 34 241
437 625 241
768 214 241
206 194 241
282 34 241
482 555 241
482 901 241
621 194 241
841 704 241
525 865 241
282 9 241
599 41 241
599 400 241
679 841 241
768 72 241
679 221 241
768 586 241
212 309 241
704 768 241
768 593 241
242 297 241
212 303 241
768 704 241
67 601 241
212 639 241
67 917 241
474 679 241
704 768 241
835 492 241
679 474 241
686 873 241
621 598 241
621 598 241
297 242 242
841 679 242
724 523 242
474 679 242
679 474 242
679 841 242
474 679 242
679 474 242
474 679 242
626 737 242
586 768 242
679 474 242
474 679 242
194 183 242
212 480 242
183 242 242
679 474 242
103 831 242
194 183 242
474 679 242
454 181 242
679 474 242
103 874 242
474 679 242
103 765 242
242 325 242
915 626 242
687 194 242
242 297 242
183 916 242
72 768 242
183 644 242
325 242 242
834 874 242
103 72 242
199 858 242
242 325 242
297 242 242
103 841 242
389 41 242
389 640 242
841 103 242
389 640 242
389 242 242
103 841 242
389 194 242
876 212 242
389 830 242
325 242 242
72 103 242
103 72 242
765 362 242
874 103 242
242 325 242
768 72 242
72 103 242
103 72 242
103 874 242
396 770 242
72 768 242
396 254 242
72 103 242
396 400 242
276 903 242
189 712 242
103 72 242
72 103 242
103 72 242
103 686 242
51 525 242
189 712 242
242 389 242
194 325 242
768 72 242
103 72 242
72 103 242
513 509 242
72 768 242
214 768 242
918 708 242
72 103 242
74 598 242
103 72 242
74 874 242
72 103 242
768 72 242
74 513 242
103 72 242
375 194 242
525 51 242
375 296 242
474 346 242
189 712 242
474 719 242
484 770 242
484 400 242
422 194 242
72 768 242
555 482 242
72 103 242
621 819 242
768 621 242
786 785 242
189 712 242
823 400 242
768 586 242
823 548 242
194 296 242
309 823 242
704 919 243
51 525 243
309 913 243
309 848 243
357 379 243
517 400 243
517 570 243
517 438 243
342 598 243
296 375 243
174 260 243
296 781 243
174 260 243
809 242 243
103 379 243
679 474 243
920 103 243
32 375 243
220 103 243
830 389 243
920 103 243
830 468 243
338 454 243
830 598 243
525 51 243
920 103 243
103 495 243
495 400 243
920 103 243
535 440 243
495 41 243
495 103 243
103 920 243
454 338 243
103 495 243
920 103 243
103 920 243
882 921 243
882 921 243
882 226 243
194 498 243
103 734 243
131 734 243
830 454 243
882 532 243
882 922 243
865 525 243
721 400 243
721 923 243
454 830 243
525 865 243
686 103 243
830 454 243
852 704 243
882 388 243
454 830 243
768 819 243
819 400 243
617 73 243
704 605 243
431 538 243
679 923 243
781 296 243
679 768 243
431 617 243
194 97 243
921 882 243
204 198 243
768 679 243
431 617 243
768 874 243
249 711 243
712 753 243
768 483 243
431 617 243
327 774 243
830 454 243
639 400 243
639 401 243
639 212 243
838 853 243
719 838 243
838 719 244
454 830 244
830 454 244
921 536 244
924 719 244
536 921 244
921 536 244
454 830 244
536 921 244
921 536 244
536 921 244
826 925 244
921 536 244
830 454 244
536 921 244
921 536 244
536 921 244
586 768 244
826 925 244
921 536 244
454 830 244
44 719 244
621 719 244
536 921 244
44 189 244
921 536 244
536 921 244
768 924 244
288 620 244
719 621 244
214 101 244
859 400 244
859 325 244
859 214 244
859 681 244
859 214 244
859 681 244
708 770 244
859 214 244
834 708 244
834 712 244
834 712 244
73 617 244
660 595 244
431 393 244
272 605 244
34 768 244
128 629 244
128 629 244
296 781 244
338 454 244
681 626 244
51 525 244
492 835 244
525 51 244
51 525 244
525 51 244
51 525 244
525 51 244
51 525 244
191 371 244
51 525 244
525 51 244
525 51 244
525 51 244
525 51 244
51 525 244
525 51 244
525 51 244
51 525 244
525 51 244
834 393 244
770 396 244
770 484 244
770 708 244
51 525 244
191 874 244
51 525 244
51 525 244
913 309 244
51 525 244
913 884 244
913 194 244
913 191 244
913 51 244
525 51 244
32 926 244
525 51 244
325 194 244
525 51 244
145 719 244
51 525 244
525 51 244
913 88 244
536 927 244
525 51 244
51 525 244
525 51 244
194 913 244
913 814 244
51 525 244
194 325 244
191 913 244
913 194 244
525 51 244
325 194 244
51 913 244
51 525 244
913 191 244
194 913 244
525 51 244
913 51 244
163 249 244
913 194 244
191 913 244
525 51 244
51 525 244
853 838 244
525 51 244
51 525 244
51 913 244
913 191 244
525 51 244
913 51 244
51 525 244
525 51 244
913 339 244
51 913 244
69 687 244
913 51 244
51 525 244
525 51 244
51 913 244
913 795 244
913 51 244
51 525 244
525 51 244
525 51 244
734 131 244
51 913 244
734 103 244
913 99 244
51 525 244
913 51 244
525 51 244
51 525 244
525 51 244
103 734 244
859 325 244
191 913 244
51 525 244
51 525 244
51 525 244
525 51 244
913 41 244
51 525 244
913 191 244
913 242 244
734 103 244
51 913 244
548 823 244
913 719 244
103 734 244
913 51 244
51 913 244
719 913 244
797 342 244
734 103 244
103 734 244
44 214 244
51 525 244
913 51 244
814 925 245
913 719 245
814 913 245
734 103 245
913 814 245
103 734 245
191 913 245
454 338 245
734 103 245
44 834 245
913 191 245
103 734 245
97 194 245
734 103 245
51 913 245
103 734 245
719 913 245
191 913 245
926 32 245
814 913 245
913 51 245
913 719 245
913 191 245
913 814 245
734 103 245
792 903 245
792 679 245
103 734 245
926 325 245
734 103 245
925 814 245
538 431 245
339 913 245
325 926 245
926 325 245
151 907 245
928 482 245
568 765 245
738 654 245
400 852 245
830 454 245
928 482 245
814 913 245
928 41 245
74 561 245
621 719 245
561 74 245
308 583 245
928 794 245
928 482 245
308 929 245
768 924 245
654 738 245
768 34 245
308 930 245
194 463 245
276 924 245
308 931 245
431 538 245
928 194 245
308 863 245
308 185 245
194 296 245
194 621 245
289 183 245
194 884 245
454 830 245
254 874 245
103 932 245
74 379 245
621 194 245
74 561 245
194 621 245
719 621 245
830 454 245
620 654 245
620 473 245
620 288 245
561 74 245
924 185 245
924 830 245
781 296 245
768 924 245
454 830 245
797 913 245
559 97 245
768 924 245
933 903 245
97 559 245
97 400 245
97 770 245
97 847 245
97 687 245
103 930 245
103 686 245
259 598 245
733 454 245
733 454 245
928 194 245
676 400 245
733 454 245
51 913 245
625 437 245
797 454 245
934 97 245
51 919 245
673 400 245
733 454 245
454 797 245
252 935 245
483 768 245
454 733 245
935 252 245
252 935 245
388 882 245
252 935 245
700 400 245
288 620 245
928 732 245
191 738 245
768 483 245
191 928 246
325 926 246
378 644 246
422 386 246
378 396 246
131 686 246
621 719 246
621 194 246
439 212 246
422 768 246
103 378 246
439 131 246
103 783 246
97 934 246
422 835 246
97 191 246
131 439 246
36 834 246
679 768 246
768 422 246
393 431 246
557 926 246
439 131 246
393 834 246
679 393 246
834 393 246
393 834 246
834 393 246
834 393 246
36 834 246
393 679 246
783 103 246
393 834 246
97 191 246
777 843 246
131 439 246
621 819 246
834 393 246
393 834 246
768 679 246
834 393 246
439 131 246
393 834 246
830 924 246
830 454 246
928 191 246
719 621 246
834 393 246
454 830 246
830 454 246
851 679 246
679 393 246
851 852 246
851 679 246
393 679 246
792 679 246
679 393 246
454 830 246
431 393 246
393 679 246
546 583 246
792 339 246
131 439 246
393 431 246
830 454 246
191 928 246
546 598 246
41 389 246
41 913 246
679 393 246
41 928 246
393 679 246
470 621 246
679 393 246
431 393 246
928 41 246
393 679 246
41 928 246
393 431 246
555 514 246
679 393 246
928 191 246
853 597 246
928 41 246
393 679 246
431 393 246
679 393 246
393 679 246
679 393 246
687 936 246
191 928 246
237 711 246
679 903 246
687 376 246
393 679 246
87 393 246
679 393 246
308 254 246
393 87 246
388 408 246
388 408 246
393 679 246
308 237 246
679 393 246
87 393 246
393 679 246
679 393 246
393 679 246
719 802 246
679 393 246
393 679 246
583 308 246
679 393 246
393 679 246
679 393 246
309 937 246
393 679 246
802 719 246
60 605 246
638 744 246
41 928 246
339 792 246
679 393 246
768 819 246
454 830 246
621 719 246
621 834 246
768 819 246
557 583 246
621 470 246
325 924 246
615 765 246
924 830 246
325 783 246
768 819 246
741 711 246
95 938 246
237 308 246
835 492 246
679 404 246
725 928 246
719 621 246
934 128 246
874 254 246
719 802 246
719 802 246
679 404 246
794 598 246
621 719 246
719 621 246
934 437 246
934 460 246
783 325 246
783 103 246
638 939 246
802 719 246
325 783 246
598 794 246
719 802 246
621 719 246
938 95 246
719 621 246
915 393 246
928 191 246
725 928 246
783 325 246
172 598 246
325 783 246
874 191 246
874 74 246
303 212 246
325 874 246
824 774 246
824 774 246
774 824 246
325 760 246
774 824 246
802 719 246
308 638 246
760 325 246
824 774 246
128 934 246
325 760 246
760 325 246
638 308 246
774 824 246
719 802 246
325 760 246
760 325 246
74 940 246
802 719 246
824 774 246
719 802 246
774 824 246
938 325 246
325 938 246
370 278 246
874 325 246
787 720 246
599 41 246
325 874 246
679 174 246
936 687 246
732 928 246
375 32 246
928 732 246
638 758 246
675 462 246
638 355 246
308 561 246
145 719 246
638 940 246
308 431 247
638 51 247
802 719 247
638 940 247
638 940 247
934 128 247
638 940 247
638 724 247
941 816 247
941 816 247
941 816 247
431 308 247
495 103 247
51 638 247
941 926 247
940 638 247
583 557 247
942 651 247
942 646 247
942 943 247
942 650 247
934 437 247
325 941 247
408 254 247
944 128 247
408 388 247
557 583 247
73 74 247
283 194 247
283 445 247
704 924 247
770 386 247
873 224 247
445 283 247
770 686 247
283 445 247
408 388 247
770 928 247
847 97 247
770 928 247
770 513 247
445 283 247
283 445 247
445 283 247
283 445 247
388 408 247
283 297 247
557 513 247
445 283 247
557 445 247
945 625 247
404 679 247
172 638 247
738 191 247
404 679 247
625 945 247
345 518 247
345 518 247
345 346 247
783 325 247
345 691 247
345 691 247
345 691 247
345 946 247
345 947 247
345 95 247
242 913 247
103 386 247
103 345 247
103 948 247
901 482 248
901 41 248
884 194 248
884 913 248
189 712 248
67 683 248
801 768 248
801 768 248
473 620 249
194 283 250
638 51 250
903 933 250
903 679 250
830 454 250
830 924 250
857 72 250
184 928 250
32 375 250
32 375 250
174 679 250
928 184 250
41 901 250
484 770 250
32 940 250
809 573 250
599 41 250
599 41 250
765 568 250
599 41 250
621 774 250
393 263 250
621 774 250
621 686 250
626 738 250
944 393 250
462 675 250
949 27 250
913 814 250
913 797 250
913 51 250
72 857 250
913 41 250
913 242 250
913 884 250
915 901 250
474 679 250
830 913 250
913 830 250
199 445 250
462 913 250
474 847 250
400 396 250
913 462 250
708 834 250
915 928 250
462 913 250
915 393 250
949 199 250
913 462 250
400 823 250
462 913 250
400 517 250
679 903 250
727 638 250
679 474 250
679 404 251
400 819 251
915 654 251
400 639 251
27 949 251
27 184 251
770 484 251
913 462 251
770 173 251
915 437 251
915 886 251
400 676 251
296 194 251
224 873 251
296 445 251
915 862 251
400 673 251
620 473 251
913 950 251
915 841 251
913 638 251
913 548 251
400 700 251
638 913 251
638 913 251
781 233 251
915 823 251
474 679 251
734 617 251
915 901 251
283 194 251
254 408 251
254 874 251
254 308 251
462 913 251
951 474 251
928 915 251
768 801 251
437 625 251
474 951 251
915 928 251
599 68 251
68 173 251
68 599 251
599 68 251
68 599 251
70 400 251
679 949 251
599 68 251
68 599 251
599 68 251
68 599 251
36 834 251
36 940 251
242 913 251
599 68 251
586 308 251
68 599 251
68 375 251
599 68 251
586 538 251
308 586 251
68 599 251
599 68 251
68 599 251
884 913 251
942 72 251
599 68 251
68 599 251
599 68 251
189 712 251
36 189 251
68 599 251
599 68 251
68 599 251
830 549 251
355 194 252
599 68 252
68 599 252
355 296 252
355 316 252
942 454 252
189 579 252
599 68 252
189 868 252
68 599 252
103 853 252
283 853 252
189 862 252
189 735 252
189 735 252
189 735 252
676 400 252
103 52 252
103 599 252
599 68 252
599 103 252
189 682 252
189 802 252
68 599 252
103 599 252
103 831 252
830 952 252
599 68 252
953 265 252
220 103 252
599 103 252
68 599 252
953 85 252
103 599 252
953 954 252
950 913 252
599 103 252
950 260 252
599 68 252
103 599 252
68 599 252
654 915 252
183 289 252
128 715 252
952 830 252
183 769 252
599 68 252
599 103 252
103 599 252
654 620 252
498 194 252
654 632 252
68 599 252
338 454 252
950 429 252
103 306 252
590 835 252
950 517 252
632 654 252
950 588 252
599 68 252
103 886 252
725 928 252
654 632 252
68 599 252
473 620 252
632 654 252
498 389 252
949 679 252
599 68 252
654 632 252
103 598 252
103 929 252
509 513 252
509 272 252
212 439 252
632 654 252
942 42 252
42 339 252
738 626 252
42 573 252
68 599 252
212 765 252
42 445 252
573 42 252
42 922 252
586 308 252
42 41 252
586 952 252
599 68 252
68 599 252
42 72 252
72 42 252
42 194 252
599 68 252
42 738 252
68 599 252
42 632 252
42 955 252
42 291 252
168 400 252
103 841 252
168 834 252
42 353 252
103 799 252
42 767 252
42 263 252
289 183 252
289 835 252
42 600 252
841 915 252
212 678 252
835 289 252
263 42 252
42 263 252
599 68 252
263 42 252
42 952 252
68 599 252
42 132 252
481 769 252
103 63 252
42 302 252
498 686 252
103 917 252
498 823 252
302 42 252
481 768 252
768 393 252
768 481 252
777 317 252
777 59 252
704 901 252
103 525 252
599 68 252
263 393 252
103 525 252
68 599 252
404 679 252
103 525 252
853 283 252
393 263 252
103 525 252
103 525 252
853 103 252
103 525 252
103 525 252
103 525 252
289 835 252
599 68 252
393 263 252
41 42 252
68 599 252
41 913 252
103 525 252
103 525 252
103 525 252
103 525 252
103 853 252
103 525 252
103 525 252
183 289 252
183 956 252
599 68 252
103 525 252
103 525 252
103 525 252
68 599 253
103 525 253
103 525 253
103 525 253
777 840 253
103 525 253
103 525 253
859 325 253
103 525 253
599 68 253
19 525 253
19 525 253
859 400 253
308 586 253
859 189 253
68 599 253
19 654 253
400 70 253
777 429 253
400 676 253
400 168 253
525 103 253
19 957 253
733 502 253
599 68 253
733 626 253
777 721 253
19 525 253
103 525 253
68 599 253
19 859 253
400 859 253
103 525 253
19 525 253
19 525 253
19 525 253
859 400 253
97 934 253
97 847 253
400 859 253
19 859 253
19 525 253
19 525 253
199 949 253
67 917 253
733 859 253
19 924 253
733 835 253
599 68 253
19 598 253
103 957 253
777 513 253
19 711 253
626 738 253
626 733 253
68 599 253
103 345 253
199 212 253
952 42 253
928 915 253
933 903 253
52 103 253
103 52 253
599 68 253
189 859 253
454 830 253
551 859 253
454 338 253
189 859 253
830 454 253
277 254 253
952 586 253
297 283 253
454 830 253
242 454 253
770 454 253
770 788 253
958 959 253
958 959 253
67 282 253
958 704 253
644 378 253
687 473 253
687 473 253
884 928 253
621 830 253
687 836 253
884 556 253
830 621 253
621 768 253
830 454 253
770 768 253
924 686 253
770 960 253
770 599 253
103 931 253
704 958 253
928 884 253
768 770 253
884 928 253
513 777 253
770 768 253
928 884 253
277 770 253
884 928 253
517 400 253
517 950 253
34 768 253
517 950 253
928 884 253
454 770 253
454 830 253
599 770 253
19 654 253
884 928 253
770 454 253
770 599 253
19 924 253
950 454 253
599 770 253
950 454 253
454 950 253
950 454 253
770 599 253
454 950 253
950 454 253
781 721 253
940 32 253
923 721 253
830 454 253
454 950 253
454 830 253
950 454 253
928 884 253
454 950 253
859 400 253
32 940 253
950 454 253
859 733 254
884 928 254
626 681 254
19 859 254
42 952 254
859 551 254
376 687 254
625 437 254
454 950 254
42 794 254
19 859 254
19 859 254
626 915 254
19 711 254
950 454 254
36 940 254
454 950 254
950 454 254
19 711 254
36 189 254
454 950 254
599 770 254
928 884 254
770 599 254
704 140 254
19 859 254
19 711 254
725 928 254
425 765 254
884 928 254
928 334 254
679 949 254
859 626 254
498 874 254
765 425 254
194 498 254
194 355 254
194 283 254
599 770 254
194 621 254
599 289 254
194 42 254
928 884 254
194 296 254
19 654 254
770 599 254
289 599 254
334 928 254
928 334 254
19 859 254
334 928 254
194 928 254
194 97 254
928 334 254
334 928 254
949 199 254
626 859 254
884 928 254
599 770 254
334 194 254
928 334 254
599 289 254
88 952 254
334 928 254
334 928 254
770 599 254
289 599 254
949 679 254
928 194 254
42 961 254
19 654 254
928 334 254
194 334 254
460 934 254
725 928 254
334 928 254
194 928 254
334 194 254
801 768 254
721 777 254
721 923 254
194 334 254
334 194 254
599 289 254
599 770 254
289 599 254
770 599 254
928 334 254
334 928 254
599 289 254
67 460 254
19 654 254
599 770 254
67 721 254
721 781 254
770 599 254
498 194 254
67 721 254
289 599 254
770 194 254
679 949 254
928 334 254
687 950 254
194 498 254
67 679 254
934 460 254
194 770 254
934 460 254
928 194 254
67 928 254
194 498 254
67 536 254
679 949 254
770 194 254
67 679 254
498 194 254
277 194 254
194 770 254
194 498 254
599 770 254
42 801 254
928 67 254
67 679 254
42 176 254
194 498 254
638 939 254
638 520 254
770 194 254
67 928 254
770 599 254
42 928 254
63 103 254
962 616 254
176 42 254
962 616 254
63 242 254
482 901 254
242 297 254
63 963 254
492 835 254
928 42 254
498 194 254
242 63 254
63 242 254
814 928 254
103 63 254
194 498 254
942 72 254
830 454 254
296 355 254
942 454 254
296 194 254
277 194 254
67 679 254
242 63 254
599 770 254
63 103 254
297 242 254
63 242 254
103 63 254
63 103 254
770 599 254
950 687 254
928 814 254
498 194 254
103 63 254
63 103 254
928 884 254
132 42 254
725 928 254
277 770 254
277 884 254
103 63 254
277 830 254
949 679 254
103 63 254
277 271 254
63 103 254
63 103 254
679 949 254
72 942 254
242 63 254
63 242 254
67 679 254
242 297 254
277 770 254
242 63 254
402 400 254
277 830 254
63 242 254
276 924 254
297 242 254
277 770 254
599 770 254
242 297 254
770 599 254
63 949 254
242 63 254
63 242 254
851 679 254
297 242 254
67 212 254
277 770 254
375 32 254
67 679 254
851 787 254
63 193 254
454 830 254
924 768 254
242 297 254
193 63 254
375 68 254
949 679 254
242 63 254
851 679 254
193 63 254
63 242 254
949 63 254
103 938 254
297 242 254
193 63 254
63 949 254
277 770 254
679 949 254
103 402 254
242 297 254
193 63 254
242 63 254
193 63 254
940 598 254
830 454 254
569 949 254
297 242 254
193 302 254
454 830 254
242 297 254
193 63 254
940 536 254
949 63 254
638 964 254
277 830 254
263 132 254
536 940 254
297 242 254
277 770 254
940 536 254
942 454 254
423 675 254
569 949 254
725 928 254
402 103 254
536 940 254
942 646 254
242 297 254
277 770 254
940 536 254
103 402 254
297 242 254
964 638 254
242 297 254
103 617 254
942 454 254
277 770 254
638 964 254
617 73 254
536 940 254
940 536 254
297 242 254
454 942 254
926 941 254
942 454 254
926 557 254
928 94 254
617 734 254
454 942 254
242 297 254
679 949 254
303 840 254
940 454 254
940 454 254
926 325 254
638 964 254
277 770 254
940 708 254
454 940 254
94 928 254
536 940 254
708 940 254
297 242 254
924 68 254
242 256 254
924 68 254
940 454 254
242 297 254
940 536 254
940 708 254
277 770 254
840 303 254
454 940 254
536 940 254
297 242 254
498 840 254
942 454 254
256 498 254
687 950 254
242 297 254
777 721 254
928 725 254
19 654 255
498 256 255
454 942 255
97 194 255
19 924 255
132 263 255
277 770 255
725 928 255
103 840 255
297 242 255
103 256 255
583 557 255
242 297 255
297 242 255
53 250 255
239 950 255
263 132 255
19 711 255
940 536 255
239 950 255
728 617 255
950 687 255
378 644 255
725 840 255
303 840 255
734 617 255
950 840 255
239 950 255
884 928 255
536 940 255
728 607 255
498 495 255
840 725 255
840 950 255
950 840 255
800 765 255
132 263 255
263 132 255
19 654 255
840 536 255
809 573 255
940 536 255
402 103 255
19 654 255
809 830 255
520 964 255
334 840 255
840 334 255
725 840 255
770 840 255
809 884 255
953 27 255
770 256 255
953 588 255
840 725 255
953 840 255
619 194 255
853 103 255
619 389 255
928 965 255
619 784 255
619 194 255
840 352 255
194 619 255
809 884 255
928 884 255
619 194 255
928 725 255
770 277 255
965 928 255
619 194 255
913 462 255
826 913 255
619 194 255
913 242 255
194 619 255
334 840 255
913 884 255
940 52 255
619 194 255
277 770 255
913 950 255
913 41 255
725 840 255
708 940 255
194 619 255
940 151 255
928 965 255
573 840 255
950 913 255
498 393 255
940 274 255
884 913 255
770 277 255
725 928 255
966 697 255
809 884 255
913 950 255
619 194 255
840 573 255
809 573 255
654 346 255
913 884 255
586 952 255
697 966 255
940 798 255
950 913 255
809 777 255
194 619 255
654 346 255
884 928 255
913 950 255
94 965 255
913 830 255
949 913 255
27 953 255
94 320 255
586 654 255
940 61 255
19 711 255
884 913 255
239 950 255
586 538 255
950 913 255
586 840 255
940 713 255
619 194 255
619 194 255
966 697 255
840 586 255
697 966 255
940 708 255
940 913 255
635 597 255
966 697 255
913 949 255
297 337 255
871 840 255
654 586 255
913 884 255
638 520 255
686 131 255
913 950 255
686 770 255
913 940 255
654 586 255
928 573 255
686 621 255
640 784 255
686 924 255
830 913 255
573 928 255
573 928 255
913 830 255
41 913 255
830 277 255
913 41 255
949 913 255
913 949 255
830 454 255
770 277 255
830 913 255
498 194 255
830 840 255
640 638 255
840 263 255
884 913 255
263 840 255
621 686 255
635 719 255
41 913 255
638 640 255
928 573 255
928 573 255
294 831 255
539 840 255
52 103 255
52 940 255
724 840 255
928 884 255
573 928 255
19 410 255
719 635 255
371 191 255
590 840 255
19 806 255
928 573 255
884 928 255
19 527 255
950 913 255
697 966 255
393 498 255
239 950 255
498 393 255
393 498 255
697 341 255
681 388 255
388 681 255
239 950 255
681 388 255
965 94 255
498 393 255
950 239 255
393 498 255
63 242 255
777 297 255
63 193 255
63 949 255
103 967 255
809 771 255
193 63 255
809 884 255
239 950 255
396 378 255
372 396 255
840 724 255
840 539 255
840 590 255
561 308 255
968 78 255
32 957 255
254 277 255
809 830 255
561 103 255
277 254 255
561 727 255
297 777 255
770 44 255
679 72 255
68 375 255
516 194 255
74 379 255
68 599 255
967 103 255
68 924 255
346 345 255
74 840 255
72 679 255
194 516 255
103 967 255
454 830 255
68 840 255
561 103 255
53 953 255
781 721 255
809 830 255
795 913 255
704 605 255
654 346 255
966 697 255
212 199 255
561 956 255
679 72 255
801 42 255
704 617 255
830 454 255
928 884 255
928 725 255
199 212 255
396 372 255
389 242 255
834 708 255
389 830 255
32 654 255
725 928 255
389 619 255
809 830 255
41 928 255
176 928 255
389 41 255
654 32 255
389 498 255
654 32 255
68 952 255
830 389 255
498 389 255
498 393 255
928 41 255
928 176 255
389 830 255
967 279 255
967 279 255
967 279 255
389 498 255
823 309 255
967 279 255
176 928 255
142 244 255
720 787 255
928 725 255
925 826 255
36 189 255
928 176 255
830 389 255
19 525 255
823 498 255
199 569 256
679 306 256
809 830 256
498 389 256
32 654 256
176 928 256
36 940 256
594 765 256
594 882 256
73 617 256
823 915 256
679 341 256
586 840 256
683 67 256
41 389 256
498 823 256
41 928 256
447 400 256
586 654 256
834 168 256
586 654 256
569 199 256
212 741 256
61 940 256
823 400 256
325 859 256
599 68 256
364 509 256
809 884 256
725 928 256
809 830 256
364 532 256
68 599 256
36 834 256
283 853 256
823 498 256
586 815 256
283 297 256
801 313 256
835 492 256
151 940 256
586 969 256
283 194 256
498 823 256
599 68 256
36 940 256
27 970 256
809 830 256
36 834 256
777 297 256
840 74 256
36 19 256
840 586 256
950 815 256
823 498 256
297 283 256
492 835 256
758 741 256
950 341 256
492 835 256
725 952 256
725 952 256
181 967 256
297 777 256
492 835 256
36 19 256
212 199 256
809 830 256
652 27 256
777 297 256
809 482 256
297 777 256
777 840 256
586 840 256
950 823 256
940 151 256
181 454 256
777 297 256
283 277 256
835 492 256
277 283 256
283 277 256
492 835 256
277 283 256
809 830 256
212 303 256
492 835 256
782 536 256
36 940 256
823 950 256
809 482 256
871 783 256
277 41 256
199 569 256
297 777 256
341 950 256
199 212 256
950 823 256
950 341 256
823 950 256
204 181 256
341 950 256
495 498 256
814 913 256
27 652 256
204 498 256
777 297 256
277 823 256
871 277 256
871 495 256
652 27 256
950 823 256
871 277 256
950 341 256
840 777 256
809 830 256
27 652 256
725 697 256
777 277 256
652 27 256
823 277 256
277 777 256
823 950 256
871 277 256
928 41 256
782 483 256
9 142 256
277 823 256
9 142 256
928 176 256
9 626 256
950 823 256
72 679 256
823 277 256
9 788 256
871 277 256
777 277 256
27 652 256
9 177 256
400 517 256
940 36 256
9 859 256
823 950 256
277 823 256
277 777 256
9 683 256
652 27 256
498 495 256
176 928 256
498 823 256
27 652 256
400 859 256
871 277 256
809 482 256
777 277 256
396 679 256
173 194 256
815 364 256
325 952 256
823 277 256
652 27 256
400 402 256
277 871 256
176 815 256
950 823 256
809 830 256
823 498 256
277 777 256
277 823 256
871 277 256
823 950 256
777 277 256
400 447 256
679 72 256
48 274 256
679 396 256
601 103 256
72 679 256
396 400 256
277 777 256
27 652 256
679 72 256
277 871 256
871 969 256
823 277 256
679 851 256
601 400 256
283 277 256
498 823 256
815 176 256
9 601 256
176 815 256
871 277 256
884 928 256
277 823 256
777 277 256
971 972 256
68 173 256
277 871 256
652 27 256
871 466 256
297 777 256
277 283 256
950 823 256
601 851 256
325 713 256
711 341 256
871 277 256
41 277 256
396 679 256
277 777 256
557 926 256
277 41 256
823 498 256
277 871 256
283 277 256
679 396 256
815 176 256
569 199 256
41 815 256
823 277 256
277 283 256
41 283 256
783 871 256
777 277 256
341 711 256
823 950 256
41 277 256
277 823 256
277 41 256
823 277 256
871 783 256
27 652 256
448 973 256
711 341 256
176 815 256
277 777 256
871 831 256
448 297 256
973 448 256
498 823 256
972 971 256
448 971 256
652 27 256
794 42 256
950 823 256
448 973 256
809 884 256
199 569 256
928 283 256
396 679 256
971 448 256
815 176 256
831 871 256
652 831 256
364 815 256
448 371 256
831 652 256
72 679 256
971 974 256
402 400 256
364 815 256
971 974 256
969 719 256
448 52 256
341 711 256
815 283 256
652 831 256
400 823 256
782 721 256
815 364 256
41 815 256
714 713 256
823 498 256
974 971 256
448 626 256
974 971 256
823 950 256
973 448 256
569 199 256
777 176 256
199 971 256
498 274 256
498 823 256
204 498 256
448 69 256
144 805 256
652 194 256
971 974 256
950 823 256
199 569 256
203 194 256
204 176 256
823 498 256
971 974 256
974 971 256
199 952 256
831 652 256
974 971 256
823 950 256
27 652 256
971 199 256
194 652 256
652 831 256
498 823 256
969 961 256
199 971 256
143 201 256
448 454 256
971 974 256
950 823 256
448 59 256
974 971 256
400 396 256
41 943 256
652 194 256
103 601 256
199 949 256
823 498 256
297 448 256
652 27 256
74 44 256
783 871 256
831 652 256
498 823 256
823 193 256
204 498 256
203 866 256
448 831 256
871 783 256
823 498 256
942 871 256
306 679 256
711 341 256
823 950 256
652 831 256
871 942 256
557 583 256
194 652 256
950 823 256
783 871 256
143 201 256
144 142 256
448 969 256
871 783 256
768 801 256
498 823 256
41 151 256
823 950 256
831 448 256
144 189 256
341 711 256
852 851 256
27 652 256
151 41 256
201 143 256
448 712 256
823 498 256
41 969 256
783 871 256
569 199 256
41 151 256
950 823 256
193 823 256
448 967 256
498 823 256
396 400 256
652 194 256
711 341 256
652 322 256
151 971 256
942 871 256
448 194 256
341 840 256
823 950 256
144 121 256
176 815 256
448 561 256
652 27 256
809 884 256
823 193 256
400 601 256
204 498 256
454 181 256
341 711 256
176 777 256
561 448 256
194 448 256
823 498 256
194 448 256
341 157 256
341 157 256
341 157 256
950 823 256
448 569 256
454 448 256
679 396 256
768 355 256
561 448 256
652 389 256
711 341 256
652 389 256
823 950 256
679 72 256
199 569 256
193 823 256
448 299 256
400 396 256
392 475 256
871 437 256
809 884 256
714 297 256
871 942 256
396 679 256
809 448 256
448 587 256
400 974 256
400 973 256
871 783 256
341 460 256
475 392 256
498 823 256
67 475 256
448 601 256
400 402 256
569 448 256
204 498 256
652 149 256
973 400 256
67 475 256
448 971 256
72 679 256
199 975 256
448 973 256
950 823 256
41 59 256
969 557 256
448 297 256
448 831 256
853 976 256
770 36 256
777 176 256
67 475 256
831 448 256
144 41 256
783 871 256
341 711 256
204 498 256
67 475 256
973 448 256
72 967 256
770 61 256
400 973 256
9 652 256
9 601 256
67 475 256
561 448 256
204 777 256
283 277 256
679 72 256
809 884 256
277 283 256
561 557 256
283 928 256
679 396 256
283 815 256
711 341 256
448 454 256
283 277 256
297 714 256
283 41 256
977 346 256
337 297 256
297 448 256
950 823 256
181 454 256
396 679 256
337 966 256
557 969 256
297 337 256
711 341 256
679 396 256
181 495 256
823 193 256
204 498 256
448 569 256
189 36 256
277 283 256
586 978 256
823 498 256
9 652 256
294 831 256
561 448 256
72 679 256
189 144 256
356 711 256
204 181 256
448 831 256
823 950 256
711 356 256
823 950 256
809 448 256
41 978 256
194 448 256
204 777 256
296 194 256
809 884 256
973 400 256
561 448 256
978 979 256
561 448 256
557 561 256
308 561 256
181 204 256
356 711 256
950 823 256
711 356 256
969 557 256
67 978 256
498 204 256
204 181 256
41 283 256
396 679 256
176 978 256
396 679 256
561 557 256
212 439 256
974 978 256
679 396 256
498 823 256
448 244 256
561 308 256
831 448 256
356 711 256
561 448 256
679 396 256
448 254 256
809 448 256
204 498 256
323 68 256
980 831 256
561 448 256
396 679 256
448 831 256
323 638 256
979 978 256
557 969 256
915 823 256
194 296 256
777 176 256
193 823 256
831 980 256
68 323 256
296 194 256
448 809 256
204 303 256
969 557 256
823 950 256
831 448 256
498 204 256
396 679 256
679 396 256
561 448 256
980 831 256
679 396 256
204 498 256
194 296 256
448 831 256
823 498 256
831 980 256
557 561 256
858 199 256
448 561 256
337 297 256
9 652 256
495 498 256
950 823 256
448 831 256
495 181 256
121 144 256
831 448 256
831 448 256
711 356 256
708 940 257
708 834 257
199 858 257
104 97 257
297 337 257
104 638 257
539 840 257
969 557 257
124 713 257
68 323 257
124 617 257
95 712 257
831 981 257
95 708 257
704 978 257
704 971 257
189 36 257
95 63 257
969 549 257
124 712 257
549 969 257
686 621 257
835 492 257
199 978 257
68 969 257
704 943 257
95 713 257
189 144 257
498 823 257
95 938 257
498 204 257
969 549 257
686 924 257
969 68 257
629 713 257
644 378 257
498 495 257
683 9 257
686 498 257
460 934 257
95 345 257
498 686 257
68 969 257
346 654 257
346 977 257
686 498 257
686 621 257
95 712 257
498 194 257
498 686 257
917 103 257
199 355 257
199 355 257
199 460 257
569 448 257
392 475 257
41 815 257
447 400 257
569 199 257
308 561 257
662 625 257
176 815 257
823 193 257
823 950 257
546 831 257
199 569 257
687 97 257
546 823 257
283 41 257
823 498 257
95 638 257
823 546 257
103 969 257
569 199 257
823 915 257
686 498 257
498 686 257
103 795 257
546 823 257
686 498 257
199 569 257
969 103 257
961 42 257
644 977 257
969 961 257
103 969 257
823 546 257
498 686 257
103 708 257
569 199 257
546 460 257
103 975 257
498 823 257
546 823 257
103 587 257
498 823 257
625 662 257
644 943 257
176 975 257
686 498 257
498 881 257
72 683 257
475 392 257
823 498 257
199 569 257
823 546 257
823 498 257
199 498 257
569 199 257
943 644 257
686 498 257
605 704 257
605 272 257
498 686 257
847 140 257
981 831 265
913 884 265
913 950 265
250 53 265
41 283 265
193 913 265
41 913 265
41 975 265
41 176 265
981 817 265
254 277 265
103 973 265
473 687 265
103 841 265
498 823 265
498 823 265
973 103 265
103 973 265
9 683 265
973 103 265
294 103 265
536 782 265
536 940 265
103 973 265
596 400 265
302 193 265
973 103 265
84 437 265
596 103 265
969 103 265
9 282 265
9 978 265
9 977 265
561 557 265
561 448 265
445 296 265
204 498 265
294 103 265
881 498 265
199 445 265
103 973 265
561 448 265
712 448 265
445 199 265
498 881 265
973 103 265
712 95 265
561 308 265
103 973 265
969 103 265
969 103 265
250 53 265
103 445 265
250 358 265
250 853 265
199 445 265
660 777 265
204 498 265
975 176 265
697 966 265
199 445 265
697 725 265
884 913 265
939 638 265
942 349 265
454 448 265
975 176 265
103 658 265
109 400 265
834 708 265
454 181 265
176 975 265
109 282 265
942 454 265
176 978 265
41 975 265
454 467 265
686 163 265
109 400 265
942 454 265
942 454 265
44 834 265
942 454 265
204 498 265
686 621 265
942 454 265
561 557 265
189 712 265
686 74 266
372 396 266
454 372 266
741 758 266
372 969 266
821 475 266
454 372 266
969 372 266
475 821 266
142 144 266
283 41 266
821 475 266
372 969 266
204 498 266
73 74 266
475 142 266
454 372 266
475 821 266
95 712 266
12 175 266
44 189 266
969 283 266
73 773 266
969 372 266
12 599 266
372 969 266
454 372 266
770 768 266
975 199 266
969 372 266
658 103 266
975 103 266
12 73 266
12 599 266
975 176 266
821 475 266
372 969 266
176 975 266
372 969 266
975 590 266
770 454 266
103 658 266
964 590 266
969 372 266
372 969 266
590 975 266
73 617 266
3 372 266
372 969 266
590 964 266
73 74 266
250 599 266
969 372 266
826 925 266
392 475 266
809 448 266
884 658 266
975 590 266
151 982 266
242 297 266
599 250 266
12 599 266
346 654 266
12 73 266
242 913 266
12 527 266
12 527 266
242 63 266
242 389 266
12 711 266
12 711 266
95 983 266
12 817 266
425 765 266
297 242 266
3 372 266
12 711 266
686 372 266
809 598 266
388 513 266
686 372 266
103 983 266
543 400 266
12 599 266
12 984 266
513 388 266
983 95 266
766 41 266
983 103 266
686 372 266
388 513 266
766 400 266
766 283 266
103 983 266
513 388 266
12 711 266
388 513 266
956 183 266
475 392 266
513 388 266
809 250 266
12 711 266
12 711 266
766 638 266
983 103 266
103 817 266
809 250 266
12 711 266
12 282 266
12 711 266
12 766 266
12 711 266
27 652 266
809 250 266
95 983 266
109 400 266
263 762 266
639 400 266
809 821 266
12 713 266
12 713 266
983 95 266
12 711 266
762 263 266
809 250 266
109 719 266
297 372 266
639 590 266
809 821 266
762 562 266
250 109 266
372 297 266
212 590 266
297 372 266
392 475 266
372 297 266
762 513 266
12 711 266
513 762 266
297 513 266
212 555 266
297 372 266
616 962 266
513 297 266
388 439 266
800 616 266
448 831 266
297 513 266
181 495 266
983 985 266
212 388 266
448 569 266
263 762 266
181 454 266
513 297 266
975 296 266
983 985 266
448 712 266
204 181 266
181 783 266
448 454 266
915 823 266
12 711 266
41 817 266
513 388 266
985 983 266
204 181 266
388 513 266
12 711 266
263 762 266
297 63 266
783 181 266
513 388 266
95 983 266
986 835 266
372 297 266
835 986 266
448 987 266
12 711 266
388 212 266
338 454 266
250 513 266
181 783 266
338 348 266
338 348 266
338 475 266
338 97 266
448 392 266
311 400 266
513 250 266
263 513 266
372 988 266
988 372 266
448 835 266
448 817 266
212 388 266
926 557 266
392 448 266
448 815 266
681 513 266
835 448 266
681 987 266
448 513 266
372 766 266
448 392 266
95 311 266
448 835 266
513 448 266
501 768 266
12 969 266
297 372 266
681 513 266
448 513 266
986 681 266
501 498 266
627 762 266
513 448 266
392 815 266
835 448 266
392 448 266
372 513 266
372 988 266
297 448 266
448 513 266
513 372 266
627 388 266
372 297 266
448 835 266
388 627 266
448 392 266
513 448 266
388 627 266
388 627 266
627 388 266
501 236 266
12 969 266
448 297 266
627 762 266
388 627 266
297 448 266
448 513 266
181 783 266
448 297 266
297 372 266
372 513 266
372 297 266
513 372 266
297 372 266
372 988 266
372 513 266
181 766 266
263 989 266
555 513 266
681 388 266
681 388 266
204 181 266
590 639 266
590 212 266
212 555 266
212 590 266
681 988 266
181 513 266
681 388 266
181 204 266
681 562 266
681 562 266
181 969 266
263 843 266
986 619 266
372 769 266
583 557 266
939 977 266
986 590 266
783 181 266
986 939 266
681 590 266
983 985 266
590 681 266
12 681 266
969 181 266
681 590 266
985 983 266
986 590 266
542 840 266
986 542 266
986 984 267
513 372 267
986 542 267
513 555 267
12 681 267
840 542 267
181 783 267
181 969 267
939 364 267
555 513 267
555 840 267
513 555 267
714 840 267
12 969 267
181 840 267
542 840 267
840 555 267
986 263 267
840 714 267
939 457 267
12 513 267
513 263 267
969 181 267
181 969 267
372 513 267
236 501 267
236 501 267
546 823 267
236 501 267
555 513 267
513 372 267
714 840 267
513 555 267
969 181 267
263 513 267
555 840 267
191 815 267
555 886 267
683 72 267
63 297 267
63 242 267
63 95 267
388 513 267
63 990 267
815 191 267
191 874 267
72 683 267
191 815 267
204 181 267
191 501 267
181 969 267
783 181 267
103 840 267
639 555 267
532 364 267
103 151 267
840 103 267
103 840 267
103 983 267
985 983 267
181 194 267
539 985 267
308 769 267
539 985 267
308 272 267
308 311 267
980 840 267
439 131 267
985 976 267
439 212 267
103 439 267
504 542 267
542 504 267
546 766 267
504 400 267
103 504 267
504 103 267
103 783 267
103 504 267
42 543 267
103 988 267
42 964 267
964 42 268
934 460 268
536 336 268
765 594 269
3 372 269
283 840 269
105 61 269
342 969 269
342 971 269
342 971 269
991 986 269
402 400 269
809 103 269
809 482 269
840 352 269
797 454 269
840 317 269
400 109 269
173 68 269
342 840 269
797 389 269
543 42 269
838 840 269
342 544 269
41 840 269
199 975 269
67 281 270
151 103 270
952 725 270
176 840 270
654 586 270
586 654 270
498 501 270
654 586 270
654 586 270
654 346 270
498 869 270
586 654 270
586 654 270
272 308 270
654 346 270
272 605 270
272 509 270
41 176 270
851 601 270
176 41 270
176 41 270
851 852 270
429 950 270
204 949 270
429 777 270
610 41 270
422 389 270
212 289 270
73 991 270
212 439 270
297 63 270
966 697 270
966 337 270
986 991 270
697 966 270
966 697 270
697 966 270
817 448 270
986 73 270
697 475 270
966 697 270
986 448 270
448 817 270
986 50 270
986 991 270
986 991 270
986 991 270
986 991 270
986 991 270
986 991 270
986 991 270
817 448 270
986 448 270
986 418 270
448 817 270
801 42 270
986 448 270
801 313 270
42 543 270
986 448 270
448 402 270
439 212 270
425 765 270
586 626 270
986 448 270
68 173 270
42 817 270
586 513 270
636 562 270
986 448 270
697 966 270
986 42 270
636 439 270
495 498 270
986 482 270
586 402 270
495 181 270
63 297 270
63 549 270
626 586 270
586 626 270
626 586 270
212 439 270
402 586 270
586 194 270
402 448 270
586 783 270
712 189 270
840 176 270
986 448 270
712 95 270
986 482 270
95 63 270
114 400 270
513 586 270
189 712 270
971 151 270
712 448 270
971 448 270
971 704 270
95 712 270
189 712 270
114 19 270
765 425 270
801 768 270
27 652 270
448 402 270
448 712 270
448 971 270
189 712 270
971 448 270
199 840 270
27 652 270
448 971 270
834 771 270
771 988 270
286 400 270
36 940 271
771 969 271
586 513 271
189 712 271
36 189 271
915 654 271
598 794 271
431 402 271
915 841 271
817 42 271
448 840 271
431 626 271
771 783 271
990 63 271
986 771 271
986 652 271
852 355 271
337 297 271
431 697 271
327 297 271
986 48 271
986 652 271
337 840 271
431 697 271
318 132 271
431 626 271
454 181 271
400 311 271
454 448 271
454 338 271
431 697 271
400 504 271
783 103 271
176 840 271
212 646 271
400 402 271
783 586 271
431 975 271
212 263 271
431 697 271
783 771 271
6 833 271
212 6 271
27 652 271
942 454 271
212 6 271
542 598 271
542 598 271
783 586 271
27 652 271
212 6 271
212 6 271
542 460 271
598 542 271
598 542 271
249 713 271
249 779 271
762 627 271
70 400 271
342 971 271
513 586 271
598 652 271
598 19 271
771 783 271
513 652 271
9 27 271
9 835 271
492 835 271
679 404 271
513 654 271
652 513 271
557 969 271
492 817 271
652 598 271
212 704 271
949 63 271
212 413 271
598 652 271
831 448 271
498 495 271
652 598 271
654 513 271
652 513 271
498 194 271
498 985 271
949 679 271
949 679 271
498 495 271
949 260 271
425 765 271
679 949 271
785 786 271
815 191 271
985 498 271
44 249 271
785 783 271
679 962 271
785 513 271
869 498 271
852 42 271
204 949 271
840 448 271
840 176 271
654 915 271
701 60 271
840 337 271
939 975 271
504 400 271
448 454 271
448 831 271
448 840 271
364 939 271
498 869 271
815 364 271
592 400 271
498 831 271
3 372 271
831 498 271
337 840 271
176 840 271
660 659 271
817 492 271
492 817 271
498 831 271
991 73 271
586 783 271
586 783 271
448 817 271
504 337 271
586 783 271
586 513 271
801 121 271
337 504 271
590 346 271
950 823 271
831 498 271
950 913 271
950 429 271
222 120 271
590 513 272
713 372 272
713 615 272
590 402 272
807 805 272
708 103 272
204 777 272
389 830 272
713 762 272
708 834 272
431 697 272
389 498 272
389 41 272
204 949 272
713 321 272
439 636 272
389 652 272
131 815 272
765 425 272
389 242 272
439 212 272
389 797 272
713 103 272
204 949 272
389 422 272
830 389 272
713 103 272
713 325 272
971 448 272
971 342 272
713 629 272
389 830 272
634 988 272
389 652 272
966 697 272
652 389 272
926 73 272
697 966 272
768 501 272
830 389 272
372 713 272
966 697 272
768 801 272
296 194 272
296 445 272
901 915 272
697 966 272
901 482 272
901 704 272
901 41 272
966 697 272
460 542 272
460 934 272
679 263 272
402 590 272
504 337 272
263 679 272
873 711 272
402 400 272
475 697 272
504 131 272
431 697 272
431 402 272
337 504 272
504 337 272
431 402 272
41 901 272
966 72 272
831 495 272
337 504 272
817 492 272
817 448 272
431 402 272
700 400 272
901 41 272
431 402 272
372 831 272
372 831 272
679 263 272
681 992 272
72 966 272
805 807 272
72 679 272
817 325 272
993 994 272
871 815 272
325 817 272
325 713 272
263 679 272
834 708 272
993 994 272
783 586 272
942 454 272
994 993 272
482 901 272
615 713 272
263 992 272
686 163 272
686 621 272
686 448 272
686 873 272
463 469 272
463 687 272
212 299 272
463 400 272
463 194 272
831 372 272
103 215 272
619 654 272
619 654 272
783 785 272
619 654 272
593 768 272
593 621 272
32 991 272
975 939 272
364 815 272
509 272 272
364 532 272
509 364 272
815 993 272
679 72 272
131 504 272
679 263 272
379 341 272
679 448 273
379 73 273
995 379 273
768 593 273
995 379 273
687 463 273
995 379 273
933 783 273
995 379 273
9 56 273
783 933 273
995 379 273
63 990 273
933 783 273
462 103 273
379 32 273
9 27 273
9 713 273
995 379 273
9 711 273
462 26 273
995 379 273
995 379 273
783 933 273
462 713 273
462 274 273
679 474 273
212 439 273
933 783 273
995 379 273
388 346 273
346 590 273
346 388 273
783 933 273
590 346 273
272 509 273
777 204 273
41 901 273
12 101 273
12 101 273
990 63 273
933 783 273
840 448 273
840 337 273
63 990 273
840 176 273
63 95 273
63 95 273
996 277 273
63 949 273
63 127 273
997 142 273
783 933 273
244 448 273
346 590 273
996 63 273
990 63 273
509 272 273
63 990 273
542 460 273
996 63 273
509 454 273
513 652 273
513 785 273
766 372 273
513 586 273
766 181 273
513 590 273
965 928 273
83 840 273
509 364 273
990 63 273
928 965 273
996 69 273
603 814 273
986 652 273
513 950 273
766 372 273
965 928 273
996 97 273
928 965 273
244 142 273
456 394 273
12 766 273
63 990 273
244 586 273
996 63 273
990 63 273
63 996 273
708 834 273
63 990 273
996 27 273
998 990 273
617 728 273
999 297 273
726 42 273
617 73 273
617 73 273
999 881 273
345 103 273
345 346 273
103 462 273
345 95 273
103 345 273
345 103 273
617 704 273
617 734 273
73 991 273
103 345 273
345 103 273
617 103 273
97 687 273
73 926 273
687 586 273
400 70 273
998 713 273
590 513 273
73 379 273
67 1000 273
73 617 273
73 617 273
73 379 273
27 996 273
712 95 273
915 654 273
933 783 273
950 513 273
933 840 273
68 783 273
297 337 273
297 63 273
484 913 273
297 327 273
297 999 273
996 27 273
322 652 273
68 938 273
835 492 273
938 68 273
68 938 273
938 68 273
938 67 273
68 938 273
686 6 273
143 6 273
143 201 273
143 103 273
686 667 273
143 542 273
346 345 273
176 840 273
938 68 273
143 681 273
346 840 273
938 325 273
448 840 273
448 244 273
68 938 273
938 68 274
67 938 274
783 68 274
783 933 274
68 783 274
783 68 274
323 834 274
323 642 274
323 68 274
68 783 274
403 617 274
962 679 274
314 372 274
679 962 274
783 68 274
314 479 274
68 783 274
103 638 274
314 103 274
323 68 274
163 686 274
323 68 274
783 68 274
68 783 274
770 938 274
379 73 274
379 73 274
396 679 274
252 513 274
323 68 274
460 542 274
189 712 274
484 770 274
103 460 274
823 950 274
189 712 274
323 753 274
986 73 274
785 513 274
296 516 274
991 32 274
986 619 274
991 32 274
323 753 274
484 770 274
189 712 274
991 73 274
991 986 274
991 986 274
991 992 274
823 915 274
687 97 274
950 823 274
462 103 274
323 991 274
991 194 274
933 783 274
991 73 274
823 498 274
986 73 274
484 770 274
986 103 274
73 991 274
103 151 274
991 286 274
991 73 274
32 991 274
32 938 274
938 32 274
103 708 274
308 520 274
667 686 274
176 1001 274
103 783 274
712 189 274
32 938 274
986 103 274
986 619 274
938 32 274
63 297 274
986 552 274
679 396 274
986 552 274
70 400 274
32 938 274
143 681 274
143 681 274
938 32 274
986 552 274
32 938 274
484 770 274
297 950 274
1002 32 274
1002 32 274
938 32 274
1002 32 274
719 109 274
484 297 274
27 794 274
297 484 274
988 681 274
1002 32 274
484 297 274
581 779 274
537 942 274
58 811 274
978 586 274
978 41 274
978 176 274
978 974 274
501 191 274
1002 32 274
291 42 274
291 520 274
978 979 274
501 768 274
978 704 274
978 199 274
617 73 274
617 73 274
103 978 274
783 68 274
783 933 274
783 103 274
617 403 274
73 379 274
73 991 274
617 734 274
504 131 274
926 73 274
617 508 274
73 617 274
73 617 274
73 926 274
495 498 274
652 513 274
617 73 274
297 484 274
495 498 274
41 938 274
495 831 274
988 372 274
988 103 274
495 831 274
988 771 274
988 634 274
617 73 274
103 988 274
484 297 274
938 41 274
260 174 274
617 462 274
260 950 274
545 992 274
260 950 274
297 484 274
260 949 274
9 27 274
950 297 274
193 233 274
286 991 274
814 297 274
498 823 274
498 389 274
323 991 274
323 834 274
1000 1003 275
379 73 275
103 938 275
483 782 275
586 513 275
681 988 275
969 557 275
323 645 275
586 244 275
483 768 275
586 687 275
586 978 275
189 712 275
809 103 275
483 193 275
325 938 275
687 586 275
297 950 275
586 687 275
297 814 275
557 969 275
498 495 275
484 770 275
681 388 275
658 884 275
482 297 275
297 482 275
758 741 275
482 297 275
297 482 275
482 297 275
950 297 275
297 482 275
950 260 275
297 950 275
483 193 275
557 926 275
396 679 275
969 557 275
482 297 275
482 297 275
68 783 275
67 938 275
758 681 275
297 482 275
44 249 275
681 758 275
542 460 275
308 1004 275
527 332 275
308 332 275
332 527 275
67 928 275
372 831 275
332 308 275
1001 176 275
483 193 275
193 708 275
758 681 275
32 1005 275
915 823 275
482 297 275
308 332 275
557 969 275
193 483 275
1005 32 275
372 988 275
1004 308 275
323 557 275
483 193 275
193 483 275
826 925 275
483 193 275
176 1001 275
915 901 275
704 978 275
969 557 275
708 103 275
513 586 275
323 1006 275
325 379 275
708 193 275
1001 176 275
814 297 275
964 847 275
964 847 275
595 176 275
176 1001 275
323 1007 275
176 595 275
996 323 275
595 176 275
244 448 275
686 163 275
176 595 275
1005 878 275
484 770 275
686 667 275
212 964 275
595 176 275
372 1005 275
297 482 275
212 1004 275
557 969 275
561 557 275
1005 372 275
176 595 275
1004 212 275
520 308 275
297 814 275
595 176 275
595 372 275
520 291 275
884 658 275
176 595 275
988 103 275
561 281 275
988 681 275
595 176 275
551 371 275
988 372 275
1004 815 275
317 840 275
323 557 275
317 311 275
551 371 275
950 297 275
969 557 275
142 475 275
297 950 275
372 766 275
244 586 275
372 766 275
372 1005 275
73 617 275
1008 1004 275
950 297 275
596 103 275
586 513 275
372 595 275
484 770 275
297 950 275
308 520 275
372 766 275
73 379 275
586 244 275
770 484 275
131 297 275
869 498 275
142 997 275
176 595 275
595 372 275
212 1004 275
297 131 275
950 297 275
595 176 275
73 379 275
460 542 275
1004 212 275
131 297 275
389 652 275
814 297 275
460 934 275
323 996 275
915 536 275
460 608 275
536 915 275
498 869 275
463 687 275
323 557 275
484 770 275
212 439 275
595 176 275
74 686 275
204 999 275
204 456 275
212 1004 275
212 1004 275
652 460 275
1004 212 275
831 1004 275
915 536 275
389 830 275
389 652 275
1004 831 275
372 595 275
711 873 275
783 68 275
372 595 275
561 557 275
463 1009 275
388 681 275
389 830 275
949 260 275
681 388 275
317 408 275
818 357 275
463 339 275
9 711 275
372 818 275
681 758 275
966 72 275
372 831 275
372 831 275
463 748 275
297 950 275
463 1010 275
297 131 275
142 244 275
463 1010 275
297 814 275
429 950 275
317 1011 275
463 293 275
1004 598 275
1004 1012 275
758 681 275
142 73 275
63 73 275
41 938 275
131 297 275
317 394 275
73 142 275
72 966 275
1004 463 275
297 131 275
536 915 275
302 1000 275
766 372 275
73 63 275
851 679 275
469 463 275
766 372 275
561 557 275
950 297 275
766 372 275
176 595 275
871 371 275
469 598 275
63 73 275
645 323 275
297 950 275
131 297 275
131 297 275
821 475 275
1000 302 275
41 595 275
372 766 275
950 429 275
297 131 275
372 766 275
621 593 275
871 429 275
933 783 275
131 297 275
429 950 275
915 536 275
942 454 275
297 131 275
323 645 275
596 1004 275
67 63 275
323 834 275
131 297 275
314 372 275
323 557 275
1004 596 275
131 297 275
131 1008 275
621 830 275
316 355 275
978 586 275
536 915 275
297 131 275
557 708 275
679 396 275
950 297 275
652 928 275
950 429 275
372 314 275
815 1004 275
768 501 275
131 297 275
596 73 275
297 950 275
810 349 275
596 1004 275
407 765 275
297 131 275
132 318 275
1004 596 275
830 621 275
758 834 275
314 131 275
407 372 275
128 934 275
68 783 275
131 297 275
777 992 275
830 389 275
596 989 275
834 323 275
297 131 275
834 758 275
314 966 275
557 323 275
949 969 275
314 131 275
131 297 275
596 1004 275
993 815 276
204 498 276
323 557 276
314 400 276
1004 596 276
204 949 276
67 63 276
783 933 276
479 713 276
642 323 276
783 68 276
323 834 276
479 642 276
398 1013 276
448 244 276
323 642 276
314 966 276
686 74 276
840 346 276
840 448 276
642 479 276
840 317 276
605 272 276
314 479 276
418 1000 276
642 323 276
768 483 276
372 407 276
372 407 276
323 642 276
314 131 276
966 314 276
68 783 276
590 840 276
418 580 276
561 557 276
314 479 276
407 378 276
323 642 276
758 834 276
407 372 276
314 966 276
590 835 276
323 834 276
372 595 276
372 407 276
834 758 276
557 323 276
131 314 276
303 298 276
567 713 276
835 590 276
407 372 276
479 314 276
314 372 276
681 758 276
73 63 276
567 47 276
640 642 276
67 63 276
851 679 276
323 834 276
314 479 276
73 596 276
6 686 276
561 557 276
814 297 276
314 131 276
323 642 276
714 928 276
73 596 276
323 557 276
851 679 276
63 73 276
831 372 276
831 1004 276
901 41 276
378 407 276
378 644 276
590 835 276
758 681 276
681 758 276
758 834 276
212 555 276
758 681 276
1004 831 276
901 915 276
561 557 276
642 640 276
644 378 276
831 1004 276
681 758 276
418 966 276
233 193 276
314 479 276
834 758 276
652 265 276
567 823 276
323 834 276
314 131 276
378 644 276
567 823 276
323 642 276
567 823 276
567 823 276
1004 831 276
687 586 276
687 463 276
297 814 276
831 1004 276
652 954 276
557 323 276
652 324 276
1004 831 276
193 233 276
1004 831 276
588 953 276
323 557 276
9 8 276
831 1004 276
557 561 276
652 215 276
337 840 276
1004 831 276
337 297 276
617 462 276
629 713 276
297 337 276
831 1004 276
652 190 276
1014 1 276
323 834 276
263 642 276
1004 831 276
323 642 276
9 8 276
9 788 276
652 761 276
1004 687 276
9 711 276
642 263 276
323 557 276
41 901 276
337 297 276
652 35 276
617 73 276
144 121 276
758 834 276
652 1015 276
758 681 276
263 391 276
652 1016 276
307 317 276
144 189 276
681 758 276
652 115 276
297 337 276
297 337 276
400 396 276
400 973 276
323 642 276
144 142 276
337 297 276
840 590 276
418 711 276
479 27 276
400 447 276
391 263 276
297 337 276
770 484 276
27 479 276
144 515 276
9 8 276
9 711 276
144 1017 276
144 1004 276
263 391 276
721 781 276
144 1018 276
1019 439 276
667 686 276
716 429 276
603 814 276
716 429 276
871 721 276
323 642 276
998 783 276
1019 439 276
1019 439 276
323 834 276
1019 588 276
323 557 276
144 1004 276
1019 588 276
758 681 276
144 1017 276
667 840 276
1004 144 276
73 63 276
323 642 276
1019 676 276
667 391 276
323 642 276
1017 144 276
143 681 276
9 318 276
1014 1020 276
721 782 276
323 643 276
721 777 276
143 6 276
783 998 276
783 68 276
1019 402 276
9 212 276
479 27 276
716 840 276
871 721 276
323 400 276
563 239 276
603 375 276
9 711 276
9 8 276
871 765 276
928 714 276
1004 194 276
840 667 276
323 642 276
27 479 276
144 1004 276
563 97 276
840 716 276
68 783 276
249 44 276
176 1021 276
479 27 276
323 373 276
928 652 276
144 1022 276
27 479 276
212 439 276
212 439 276
716 840 276
834 144 276
73 617 276
1019 555 276
555 1019 276
586 687 276
144 834 276
871 391 276
339 463 276
323 642 276
448 840 276
771 988 276
942 454 276
492 835 276
95 63 276
1004 437 276
988 771 276
181 495 276
481 992 276
181 454 276
144 479 276
181 766 276
679 310 276
479 144 276
323 373 276
95 712 276
144 1023 276
181 765 276
992 481 276
787 720 276
501 768 276
189 144 276
714 928 276
771 988 276
144 479 276
204 418 276
204 298 276
105 599 276
373 1023 276
1018 561 276
418 1024 276
1018 53 276
1018 53 276
835 492 276
144 996 276
539 765 276
988 771 276
103 988 276
442 635 276
103 798 276
483 768 276
103 144 276
998 783 276
144 103 276
783 68 276
783 998 276
548 913 276
68 783 276
783 68 276
874 498 276
874 254 276
103 975 276
144 975 276
599 105 276
686 6 277
103 819 277
68 783 277
542 460 277
542 504 277
686 667 277
542 598 277
1003 1000 277
783 68 277
481 992 277
212 211 277
481 27 277
482 1005 277
687 1004 277
1004 687 277
27 481 277
928 714 277
642 1024 277
881 999 277
68 783 277
933 783 277
523 549 277
969 949 277
174 260 277
252 783 277
1005 482 277
712 95 277
252 391 277
481 27 277
1023 373 277
252 831 277
783 68 277
783 933 277
481 988 277
783 252 277
252 783 277
212 339 277
794 27 277
68 783 277
252 765 277
969 771 277
481 783 277
481 561 277
252 297 277
325 318 277
783 252 277
783 68 277
68 783 277
783 481 277
481 783 277
204 498 277
174 260 277
975 539 277
388 1019 277
388 1019 277
783 68 277
388 1019 277
388 1019 277
783 481 277
975 481 277
481 783 277
204 498 277
795 1025 277
252 783 277
68 783 277
783 481 277
481 815 277
975 481 277
783 252 277
481 783 277
783 68 277
481 975 277
68 783 277
252 783 277
975 481 277
481 975 277
783 481 277
783 68 277
783 252 277
42 726 277
425 765 277
42 163 277
704 1026 277
1025 795 277
498 831 277
68 783 277
252 783 277
783 68 277
68 783 277
504 542 277
783 252 277
252 687 277
252 783 277
68 391 277
783 68 277
68 783 277
783 1025 277
338 454 277
933 783 277
998 783 277
783 68 277
783 933 277
683 48 277
68 783 277
783 998 277
783 68 277
68 783 277
998 783 277
933 783 277
933 765 277
84 765 277
84 391 277
84 1000 277
84 638 277
84 639 278
250 513 278
979 978 278
105 599 278
105 1021 278
105 1027 278
834 144 278
244 586 278
244 448 278
244 142 278
949 969 279
964 212 279
26 1014 279
26 462 279
851 679 279
851 1014 279
244 142 279
851 302 279
777 721 279
462 26 279
638 105 279
638 103 279
966 318 279
26 462 280
342 638 280
638 1001 280
638 939 280
308 1026 280
638 996 280
638 342 280
342 638 280
638 342 280
1 1014 280
997 142 280
509 454 280
339 212 280
212 439 280
966 617 280
509 140 280
509 236 280
509 236 280
509 260 280
509 364 280
539 975 280
509 364 280
991 286 280
209 583 280
447 400 280
391 263 280
391 667 280
391 252 280
391 68 280
391 84 280
999 297 280
509 513 280
509 707 280
431 975 280
431 617 280
777 1021 280
27 481 280
27 794 280
297 252 280
260 950 280
297 999 280
617 681 280
834 758 280
617 103 280
260 949 280
926 73 280
1000 418 280
1000 84 280
260 174 280
1000 8 280
260 509 280
1028 260 280
617 966 280
926 557 280
462 992 280
771 969 280
779 581 280
103 638 280
779 249 280
431 617 280
8 1000 280
926 992 280
454 942 280
992 926 280
454 338 280
454 181 280
992 454 280
1000 8 280
871 1026 280
454 992 280
992 454 280
617 74 280
679 817 280
676 1019 280
617 704 280
866 203 280
1014 26 280
771 992 280
617 431 280
817 679 280
143 201 280
143 966 280
431 617 281
617 431 281
314 228 281
1014 132 281
163 42 281
314 992 281
871 988 281
63 73 281
63 95 281
513 250 281
204 498 281
761 652 281
599 998 281
26 1014 281
402 1019 281
679 817 281
439 1019 281
590 587 281
439 212 281
559 97 281
592 1014 281
966 617 281
132 1014 281
1014 132 281
42 163 281
592 74 281
163 42 281
132 1014 281
408 254 281
425 765 281
437 1004 281
281 561 281
27 42 281
42 325 281
254 874 281
1 1014 281
252 297 281
254 408 281
800 740 281
460 542 281
995 318 281
595 372 281
595 41 281
595 372 281
1014 1 281
1014 132 281
1014 592 281
595 624 281
67 281 281
400 866 281
400 601 281
30 162 281
68 391 281
495 498 281
400 798 281
495 181 281
765 871 281
400 543 281
765 181 281
765 252 281
765 425 281
68 783 281
400 286 281
765 933 281
765 84 281
765 425 281
495 498 281
252 765 281
400 504 281
551 992 281
400 592 281
679 30 281
783 68 281
400 402 281
586 1029 281
765 252 281
679 404 281
400 463 281
68 783 281
400 428 281
667 686 281
667 840 281
667 391 281
204 42 281
998 599 281
871 765 281
400 428 281
915 901 281
667 204 281
783 68 281
204 667 281
400 314 281
667 389 281
204 777 281
68 783 281
252 765 282
337 297 282
400 323 282
697 645 282
498 495 282
498 495 282
599 998 282
598 542 282
400 173 282
400 173 282
667 204 282
463 1004 282
398 313 282
463 469 282
463 687 282
73 63 282
966 697 282
463 400 282
36 770 282
495 498 282
463 339 282
372 595 282
1030 620 282
1030 620 282
127 63 282
468 277 282
714 928 282
250 204 282
495 498 282
873 144 282
998 599 282
212 388 282
212 590 282
468 475 282
212 439 282
697 966 282
622 592 282
622 638 282
250 8 282
204 667 282
599 998 282
250 502 282
475 468 282
765 871 282
542 460 282
143 163 282
250 475 282
949 260 282
8 1000 282
686 667 282
8 250 282
250 943 282
242 389 282
595 372 282
595 372 282
639 509 282
639 84 282
639 590 282
639 388 282
588 1019 282
588 250 282
475 250 282
926 992 282
588 250 282
250 475 282
386 422 282
475 250 282
250 475 282
308 626 282
250 8 282
555 992 282
308 1004 282
475 250 282
250 475 282
8 250 282
992 368 282
308 60 282
308 373 282
454 992 282
308 373 282
992 454 282
373 308 282
308 373 282
368 992 282
57 596 282
679 317 282
454 992 282
60 308 282
60 308 282
373 308 282
992 368 282
626 308 282
992 373 282
161 30 282
373 992 282
60 679 282
373 308 282
388 639 282
60 679 282
992 373 282
388 212 282
60 679 282
67 63 282
1004 639 282
373 992 282
368 992 282
308 783 282
992 373 282
308 373 282
468 475 282
308 373 282
639 388 282
308 626 282
308 60 282
992 368 282
418 1000 282
992 555 282
373 992 282
373 308 282
373 308 282
639 1004 282
60 308 282
1019 388 282
388 639 282
626 308 282
388 1019 282
174 260 282
942 654 282
48 683 282
583 209 282
561 281 282
174 260 282
933 765 282
939 638 282
871 765 282
368 992 282
1004 639 282
679 60 283
339 463 283
986 652 283
1031 831 283
986 48 283
986 418 283
986 48 283
1031 707 283
1031 707 283
986 48 283
114 400 283
48 986 283
986 48 283
679 72 283
509 260 283
1028 1032 283
48 986 283
97 559 283
475 250 283
72 679 283
701 60 283
590 1033 283
228 815 283
1033 590 283
679 72 283
770 817 283
701 88 283
1000 8 283
448 244 283
770 815 283
770 701 283
151 971 283
679 465 283
765 933 283
765 871 283
1004 463 283
250 475 283
765 425 283
871 765 283
765 871 283
193 314 283
871 765 283
311 317 283
765 871 283
871 765 283
831 1031 283
193 686 283
250 561 283
561 250 283
644 378 283
72 679 283
603 375 283
871 765 283
250 561 283
593 768 283
60 679 283
338 454 283
783 308 283
933 765 283
770 61 283
701 60 283
296 1000 283
296 928 283
296 928 283
124 114 283
281 67 283
281 561 283
296 974 283
296 975 283
176 1026 283
498 495 283
758 834 283
498 495 283
520 308 283
498 495 283
368 966 283
439 212 283
67 281 283
687 463 283
67 132 283
314 372 283
498 449 283
481 783 283
481 27 283
391 68 283
314 372 283
498 815 283
391 667 283
498 204 283
391 555 283
391 372 283
391 609 283
391 325 283
391 289 283
391 400 283
634 988 283
667 204 283
815 498 283
667 686 283
325 42 283
996 144 283
325 391 283
996 638 283
938 67 283
938 103 283
60 701 283
938 41 283
32 1034 283
1000 296 283
378 644 283
325 1033 283
701 60 283
741 758 283
244 448 283
808 244 284
249 711 284
204 498 284
204 667 284
204 250 284
1000 495 284
422 386 284
400 463 284
400 114 284
101 1002 284
242 823 284
996 815 284
770 101 284
400 391 284
770 783 284
67 938 284
1002 101 284
770 975 284
250 204 284
12 391 284
67 132 284
12 766 284
428 400 284
12 527 284
770 928 284
928 296 284
1004 1032 284
561 250 284
938 1035 284
250 561 284
928 714 284
12 997 284
938 67 284
561 281 284
1000 783 284
1000 701 284
1034 1036 284
448 244 284
1034 1036 284
617 12 284
768 593 284
1000 1035 284
8 1000 284
1035 1000 284
725 952 284
67 938 284
454 338 284
271 277 284
725 697 284
44 770 284
768 483 284
1004 1008 284
609 391 284
1004 69 284
625 662 284
625 662 284
625 662 284
625 662 284
625 662 284
625 662 284
1037 379 284
286 991 284
783 1004 284
1004 783 284
596 73 284
783 1004 284
286 400 284
1004 783 284
596 73 284
783 1004 284
1004 783 284
939 975 284
596 57 284
621 55 284
1022 144 284
644 378 284
725 707 284
1008 1032 284
1022 815 284
958 704 284
425 765 284
704 958 284
704 958 284
1033 325 284
617 966 284
815 1022 284
378 644 284
617 966 284
297 252 284
1033 542 284
297 337 284
815 996 284
88 701 284
1033 548 284
307 777 284
617 681 284
714 815 284
975 939 284
847 868 284
681 617 284
598 542 284
334 1002 284
1031 831 284
834 758 284
975 176 284
975 41 284
334 815 284
975 144 284
777 307 284
277 468 284
777 204 284
777 405 284
372 595 284
372 314 284
372 314 284
372 391 284
495 498 284
495 498 284
495 498 284
176 975 284
966 368 284
495 1000 284
447 1037 284
758 834 284
758 741 284
73 596 284
645 697 284
368 966 284
712 1037 284
834 758 284
997 12 284
176 975 284
176 297 284
176 250 284
176 928 284
176 815 284
176 277 284
176 598 284
815 176 284
939 975 284
758 638 284
277 176 284
176 815 284
176 277 284
997 12 284
815 283 284
277 176 284
252 297 284
176 277 284
460 542 284
277 176 285
277 283 285
1000 1035 285
176 277 285
1000 495 285
975 176 285
1000 8 285
176 975 285
1004 277 285
204 777 285
277 176 285
176 277 285
770 277 285
277 1004 285
277 176 285
1033 823 285
996 63 285
176 277 285
996 815 285
277 176 285
63 127 285
176 277 285
103 277 285
63 73 285
701 88 285
1004 277 285
1000 712 285
204 725 285
63 332 285
277 176 285
277 1004 285
332 63 285
996 815 285
831 1031 285
176 277 285
67 63 285
777 204 285
297 176 285
176 297 285
1004 277 285
701 1000 285
297 283 285
297 176 285
41 975 285
41 938 285
41 595 285
456 204 285
498 204 285
498 815 285
498 495 285
498 495 285
498 495 285
815 498 285
391 325 285
391 400 285
498 815 285
391 12 285
27 481 285
701 1006 285
654 619 285
291 393 285
244 808 285
1025 783 285
272 605 285
1038 402 285
815 498 285
323 400 285
162 30 285
725 204 285
250 712 285
145 349 285
632 272 285
145 1033 285
346 995 285
277 1004 285
277 176 285
741 758 285
145 349 285
176 277 285
542 1033 285
1004 277 285
74 840 285
84 765 285
63 332 285
277 176 285
277 1004 285
189 712 285
189 144 285
542 460 285
1004 277 285
325 391 285
542 325 285
277 1004 285
325 542 285
323 98 285
1038 1039 285
325 712 285
596 73 285
542 325 285
712 325 285
555 964 285
712 189 285
712 250 285
1004 277 285
1004 783 285
783 1004 285
1004 783 285
176 277 285
193 686 285
277 1004 285
250 712 285
277 176 285
1022 598 285
176 277 285
487 1026 285
697 645 285
1033 768 285
783 1004 285
277 176 285
783 1025 285
176 277 285
783 1025 285
277 176 285
1004 783 285
555 391 285
991 1004 285
323 645 285
41 1040 285
555 992 285
41 1041 285
41 1039 285
934 128 285
323 250 285
1 1014 285
934 460 285
999 297 285
176 277 285
323 1042 285
128 934 285
74 617 285
323 250 285
991 144 285
323 999 285
277 176 285
712 250 285
1040 41 285
1004 991 285
991 638 285
991 1004 285
323 999 285
830 765 285
323 1042 285
991 986 285
176 277 285
176 983 285
479 144 285
297 999 285
277 176 285
323 753 285
999 323 285
323 1042 285
176 277 285
323 999 285
999 297 285
250 712 285
44 189 285
644 378 285
644 378 285
277 176 285
728 617 285
559 97 285
770 277 285
73 596 285
176 277 285
926 557 285
1014 312 285
176 277 285
296 928 285
758 642 285
277 176 285
323 1042 285
176 277 285
41 1040 285
323 999 285
557 926 285
605 272 285
323 250 285
605 810 285
847 471 285
847 471 285
1033 542 285
277 176 285
605 277 285
323 250 285
765 84 285
277 605 285
765 830 285
176 277 285
557 302 285
323 88 285
277 176 285
377 755 285
176 277 285
277 176 285
88 323 285
323 1042 285
378 644 285
758 643 285
642 758 285
1040 41 285
84 765 286
1042 1039 286
323 88 286
1038 1039 286
176 277 286
277 176 286
297 999 286
88 323 286
323 250 286
758 642 286
323 1042 286
176 277 286
41 1040 286
323 88 286
714 928 286
596 73 286
642 758 286
277 176 286
1043 236 286
176 277 286
277 176 286
323 250 286
830 765 286
88 323 286
323 1042 286
494 389 286
176 277 286
605 277 286
323 88 286
758 642 286
605 557 286
277 605 286
32 1034 286
277 176 286
605 277 286
323 250 286
32 1039 286
176 277 286
277 605 286
144 834 286
323 1042 286
277 176 286
88 323 286
557 605 286
527 12 286
176 277 286
67 63 286
323 88 286
605 277 286
277 176 286
323 1042 286
701 640 286
277 605 286
605 557 286
1042 527 286
605 277 286
176 277 286
701 640 286
605 830 286
63 67 286
88 323 286
277 605 286
581 779 286
277 176 286
323 1042 286
830 605 286
605 277 286
323 88 286
770 63 286
176 277 286
323 966 286
277 605 286
605 830 286
277 176 286
605 277 286
701 640 286
557 605 286
176 277 286
88 323 286
32 527 286
991 78 286
323 1044 286
758 1044 286
323 88 286
277 176 286
605 557 286
63 770 286
176 277 286
483 768 286
32 825 286
851 1014 286
770 63 286
567 311 286
88 323 286
701 640 286
277 176 286
323 88 286
1000 1040 286
176 277 286
966 323 286
557 605 286
323 966 286
325 712 286
701 640 286
701 640 286
851 162 286
810 323 286
338 454 286
1000 701 286
640 701 286
1000 495 286
336 536 286
810 323 286
1000 8 286
323 341 286
323 341 286
966 323 286
557 969 286
323 966 286
1040 1000 286
1000 712 286
810 323 286
323 88 286
785 786 286
701 640 286
701 72 286
41 277 286
1000 1040 286
1000 992 286
1000 1034 286
966 323 286
1000 701 286
640 701 286
810 323 286
1000 1041 286
393 291 286
644 378 286
1000 286 286
1037 712 286
193 118 286
681 802 286
1000 420 286
323 966 286
701 640 286
88 323 286
1000 420 286
1000 154 286
1000 419 286
1000 862 286
212 439 286
1000 65 286
1037 447 286
640 701 286
1000 686 286
1000 140 286
1000 366 286
1000 825 286
1000 480 286
323 88 286
1000 135 286
1000 1026 286
394 317 286
701 640 286
311 567 286
830 605 286
281 67 286
966 323 286
810 323 286
1000 109 286
88 323 286
1000 410 286
640 701 286
969 557 286
1000 118 286
527 1042 286
640 701 286
966 323 286
679 60 286
686 193 286
527 32 286
72 701 286
686 1000 286
770 175 286
1037 460 286
323 966 286
667 204 286
605 830 286
767 63 286
810 323 286
302 557 286
557 969 286
323 88 286
323 966 286
88 323 286
557 302 286
1037 900 286
1037 900 286
770 311 286
1041 41 286
323 88 286
762 713 286
810 323 286
701 640 286
969 557 286
1033 437 286
1000 686 286
810 323 286
394 422 286
41 1041 286
236 1043 286
249 779 286
830 605 286
1037 274 286
810 323 286
557 969 286
36 770 286
394 456 286
1041 41 286
595 372 286
377 790 286
495 1000 286
495 498 286
595 41 286
36 770 286
981 1021 286
810 323 286
495 498 286
341 323 286
323 341 286
377 871 286
101 282 286
341 323 286
1040 1045 286
323 341 286
701 858 286
498 495 286
840 74 286
36 770 286
810 323 286
341 323 286
781 721 286
658 884 286
1046 1014 286
323 341 286
498 495 286
41 1041 286
1033 379 286
770 36 286
1014 1046 286
658 990 286
517 586 286
377 1047 286
318 995 286
638 991 286
800 495 286
36 770 286
638 758 286
341 323 286
770 36 286
990 658 286
638 996 286
638 939 286
990 277 286
323 341 286
969 557 286
658 990 286
193 686 286
638 622 286
1006 323 286
341 323 286
990 658 286
323 1006 286
517 1048 286
277 990 286
638 103 286
447 1037 286
323 341 286
901 915 286
800 393 286
686 193 286
765 84 286
393 800 286
318 325 286
765 830 286
325 1049 286
318 966 286
800 393 286
341 323 286
557 969 286
800 393 286
990 277 286
323 341 286
228 314 286
341 323 286
393 800 286
999 297 286
800 393 286
277 990 286
686 27 286
999 323 286
143 201 286
41 595 286
323 341 286
143 1037 286
168 400 286
323 999 286
341 323 286
323 341 286
228 392 286
1041 41 286
168 834 286
643 638 286
794 27 286
643 323 286
969 557 286
964 555 286
1042 527 286
1042 527 286
1042 527 286
999 323 286
990 277 286
109 1000 286
323 643 286
323 999 286
323 341 286
392 228 286
277 990 286
999 969 286
377 475 286
341 323 286
999 323 286
686 341 286
189 712 286
557 969 286
810 323 286
341 686 286
495 498 286
377 475 286
228 392 286
495 800 286
549 523 286
377 475 286
495 1050 286
603 814 286
277 990 286
549 63 286
549 969 286
549 830 286
41 1041 286
41 495 287
990 277 287
297 999 287
377 1051 287
924 686 287
176 603 287
586 517 287
1034 938 287
377 482 287
498 495 287
938 1034 287
586 517 287
475 603 287
281 561 287
586 1039 287
482 297 287
272 632 287
377 482 287
272 605 287
143 1042 287
181 495 287
396 400 287
63 549 287
603 176 287
810 816 287
1041 41 287
603 475 287
460 542 287
377 941 287
460 934 287
814 603 287
181 765 287
1042 143 287
603 814 287
442 1041 287
297 482 287
377 950 287
1037 447 287
377 289 287
1052 72 287
1037 143 287
442 143 287
1052 72 287
1037 682 287
377 950 287
814 603 287
392 228 287
392 400 287
392 400 287
392 321 287
392 321 287
392 321 287
72 1052 287
1037 311 287
392 998 287
1037 707 287
308 990 287
72 318 287
1023 460 287
546 823 287
546 809 287
546 475 287
546 475 287
437 1033 287
567 311 287
475 546 287
1041 442 287
567 974 287
998 392 287
41 1041 287
983 176 287
567 602 287
546 475 287
567 602 287
448 495 287
176 983 287
144 873 287
602 151 287
144 996 287
542 460 287
144 975 287
495 41 287
495 498 287
495 181 287
144 479 287
498 495 287
495 498 287
560 495 287
495 560 287
498 495 287
1041 546 287
543 400 287
1041 41 287
41 495 287
41 1041 287
546 1041 287
546 1053 287
144 991 287
495 41 287
495 498 287
181 495 287
1034 1036 287
1021 981 287
498 495 287
41 495 287
189 44 287
375 603 287
423 277 287
1033 437 287
201 143 287
201 1053 287
1054 639 288
995 318 288
105 1055 288
687 1054 288
1054 687 288
105 713 288
878 1005 288
437 1033 288
1033 1056 288
927 536 288
72 1039 288
60 679 288
60 701 288
928 714 289
536 927 289
536 336 289
242 219 289
242 454 289
523 549 289
626 440 289
615 740 289
342 969 290
342 460 290
1000 495 290
1000 109 290
32 527 290
884 658 290
1039 72 290
1039 1042 290
342 588 290
1004 277 290
250 323 290
142 144 290
142 244 290
142 244 290
142 997 290
831 1050 290
831 1057 290
752 598 290
586 460 290
536 372 290
392 998 290
392 1054 290
752 1032 290
224 626 291
626 224 291
752 986 291
224 626 291
626 224 291
991 209 291
224 626 291
9 318 291
9 391 291
27 686 291
9 314 291
9 686 291
27 794 291
1038 1026 291
9 938 291
303 212 291
626 224 291
626 50 291
683 563 291
1038 502 291
752 513 291
752 513 291
224 626 291
50 626 291
626 50 291
50 626 291
654 50 291
626 224 291
626 50 291
966 323 291
224 626 291
966 318 291
1000 1041 291
1000 140 291
966 617 291
1058 345 291
189 712 291
145 1033 291
250 712 291
144 142 291
549 523 291
990 277 291
460 1023 291
638 996 291
212 321 291
212 321 291
460 542 291
323 966 291
209 991 291
638 1059 291
209 242 291
460 586 291
323 250 291
1038 145 291
586 460 291
431 323 291
323 431 291
350 626 291
638 236 291
377 755 291
323 632 291
242 209 291
638 394 291
431 323 291
454 242 291
626 350 291
460 586 291
50 654 291
1018 502 291
50 626 291
654 50 291
586 460 291
673 1013 291
502 1018 291
616 586 291
1054 392 291
250 323 291
250 323 291
377 103 297
189 712 297
377 103 297
1033 437 297
377 103 297
377 790 297
495 181 297
495 498 297
495 41 297
377 1019 297
687 673 297
686 341 297
72 1039 297
944 659 297
283 815 297
283 277 297
561 281 297
199 971 297
687 1056 297
944 659 297
3 72 297
944 659 297
1018 502 297
632 97 297
815 283 297
944 659 297
944 659 297
498 881 297
283 815 297
944 659 297
560 495 297
74 840 297
881 498 297
212 1054 298
595 659 298
659 595 298
595 659 298
659 595 298
1037 595 298
595 1037 298
481 27 298
595 338 298
377 1060 298
425 765 298
50 654 298
72 595 298
488 3 298
3 488 298
194 498 298
311 1037 298
311 567 298
194 181 298
413 659 298
194 586 298
194 498 298
194 463 298
194 991 298
194 1004 298
194 296 298
659 413 298
437 1033 298
194 296 298
308 1014 298
189 72 298
189 72 298
242 454 298
1033 542 298
542 1033 298
1056 687 298
794 194 298
783 542 298
103 783 299
783 103 299
42 325 299
42 296 299
3 42 299
214 297 299
244 142 299
85 953 300
85 400 300
209 242 300
713 325 300
713 842 300
999 297 300
713 716 300
713 1032 300
713 1028 300
713 1043 300
713 884 300
934 128 300
934 460 300
523 724 300
283 72 300
1061 1062 300
915 815 300
915 297 300
509 454 300
509 364 300
509 389 300
509 389 300
233 193 300
509 583 300
583 509 300
509 583 301
915 901 301
915 536 301
72 283 301
542 783 301
591 711 301
323 632 301
679 60 301
639 1054 301
944 569 301
658 884 301
372 536 301
67 1042 301
1042 1039 301
342 502 301
27 481 301
944 569 301
713 542 301
342 502 301
713 762 301
342 502 301
791 523 301
944 569 301
765 425 301
915 701 301
1026 487 301
915 639 301
1026 176 301
536 372 301
114 124 301
586 616 301
1063 835 301
586 194 301
765 425 301
342 502 301
342 502 301
777 502 301
9 1062 301
713 738 301
9 1039 301
176 1026 301
713 998 301
713 400 301
713 629 301
176 263 301
713 242 301
783 542 301
713 209 301
713 363 301
713 105 301
590 439 301
212 439 301
713 479 301
297 242 301
297 999 301
338 595 301
713 1043 301
617 728 301
713 940 301
713 124 301
713 95 301
377 992 301
884 658 301
835 1063 301
1064 783 301
777 882 302
777 988 302
603 814 302
1023 460 302
840 74 302
34 282 302
1064 783 302
34 313 302
34 313 302
1064 783 302
498 194 302
588 342 302
74 840 302
498 194 302
68 783 302
454 242 302
68 391 302
454 509 302
783 68 302
68 783 302
654 50 302
1033 149 302
783 68 302
68 783 302
212 303 302
783 68 302
68 783 302
3 42 302
1064 475 302
362 765 302
681 388 302
609 840 302
252 765 302
681 388 302
391 325 302
853 400 302
194 817 302
840 609 302
704 1053 302
586 1065 302
990 698 302
990 698 302
609 840 302
391 68 302
609 836 302
609 836 302
102 943 302
68 391 302
121 194 302
609 151 302
194 121 302
263 176 302
551 388 302
609 783 302
252 783 302
783 252 302
783 609 302
783 252 302
997 142 302
609 783 302
609 297 302
297 609 302
121 194 302
297 609 302
561 281 302
840 609 302
701 915 302
339 1066 302
609 840 302
687 1056 302
297 609 302
415 997 302
323 632 302
283 72 302
439 388 302
303 212 303
701 840 303
616 517 303
323 632 303
50 654 303
592 400 303
323 632 303
681 388 303
1056 687 303
681 590 303
1056 609 303
687 1056 303
316 955 303
1056 687 303
323 687 303
160 783 303
713 609 303
840 701 303
817 194 303
211 212 303
323 632 303
765 252 303
617 701 303
595 590 303
687 1056 303
1056 687 303
53 250 303
53 1018 303
590 595 303
296 42 303
388 439 303
704 617 303
193 233 303
1026 176 303
679 60 303
102 50 303
1026 609 303
679 60 303
60 679 303
704 1067 303
679 60 303
50 102 303
523 791 303
60 679 303
1026 950 303
950 1026 303
1026 950 303
950 1026 303
242 209 303
713 950 303
679 60 303
517 616 303
1026 950 303
242 454 303
204 456 303
517 709 303
950 1026 303
517 1065 303
204 725 303
102 50 303
1026 950 303
204 498 303
204 250 303
204 667 303
463 339 303
463 1004 303
463 687 303
463 400 303
1026 1050 303
841 915 303
44 189 303
830 765 303
542 783 303
586 394 303
323 98 303
32 1068 303
389 498 303
389 830 303
389 667 303
32 1042 303
355 316 303
389 242 303
687 463 303
1068 32 303
242 389 303
194 72 303
482 194 303
60 679 303
194 289 303
679 60 303
60 679 303
32 1068 303
72 283 303
50 102 303
72 194 303
297 242 303
145 1033 303
1068 32 303
44 129 303
151 609 303
151 602 303
1069 586 303
830 389 303
679 60 303
60 679 303
697 1070 303
679 60 303
9 938 303
9 391 303
357 818 303
713 950 304
357 938 304
626 590 304
509 454 304
357 964 304
357 626 304
542 543 304
475 468 304
697 73 304
357 1068 304
357 626 304
357 1068 304
542 543 304
738 626 304
282 1071 304
590 408 304
357 818 304
542 598 304
1004 463 304
357 1068 304
626 738 304
357 626 304
590 371 304
543 542 304
598 542 304
357 654 304
598 542 304
357 626 304
357 1039 304
475 468 304
214 1068 304
1037 595 304
214 1072 304
1037 311 304
543 356 304
543 542 304
986 991 304
986 991 304
986 752 304
542 543 304
986 991 304
986 48 304
915 701 304
915 841 304
67 938 304
252 765 304
422 394 304
308 422 304
308 1068 304
934 460 304
934 128 304
308 1056 304
101 847 304
323 1073 304
101 1002 304
697 50 304
323 1073 304
697 50 304
323 1073 304
1068 308 304
1033 437 304
823 498 304
823 567 304
1050 495 304
823 242 304
823 1033 304
101 282 304
454 242 304
454 509 304
701 915 304
823 1033 304
997 142 304
282 1071 304
242 454 304
561 281 304
282 101 304
997 415 304
176 1026 304
101 176 304
823 915 304
282 101 304
859 325 304
176 101 304
342 588 304
859 400 304
859 388 304
454 242 304
697 1070 304
823 239 304
131 1039 304
131 990 304
823 41 304
834 1074 304
41 495 304
823 41 304
724 523 304
342 502 304
830 1072 304
581 779 304
1072 830 305
915 701 305
847 101 305
823 915 305
701 915 305
342 1068 305
1070 697 305
325 1072 305
239 823 305
713 542 305
713 927 305
927 536 305
600 42 305
732 701 305
701 732 305
600 289 305
915 701 305
1072 325 305
823 915 305
325 1072 305
297 482 305
713 1032 305
701 915 305
1 123 305
600 823 305
713 325 305
431 475 305
1036 58 305
713 884 305
600 823 305
713 1043 305
915 701 305
708 1058 305
708 1075 305
675 462 305
1039 131 305
1039 72 305
823 915 305
834 168 305
834 1068 305
834 144 305
34 1072 305
713 325 305
53 834 305
252 687 305
371 590 305
53 26 305
244 415 305
783 160 305
325 1033 305
203 866 305
1036 701 305
934 460 305
26 679 305
356 543 305
768 501 305
713 1043 305
713 325 305
145 1033 305
53 26 305
53 834 305
1033 325 305
713 325 305
1033 823 305
325 1033 305
697 1070 305
555 391 305
1033 325 305
325 1033 305
555 1019 305
53 834 305
697 1076 305
555 1060 305
783 542 305
1076 783 305
697 1076 305
53 1018 305
53 834 305
439 1019 305
539 212 305
103 154 305
176 840 305
176 502 305
176 697 305
72 1039 305
469 463 306
176 94 306
176 439 306
176 154 306
687 302 306
1068 834 306
1068 342 306
551 388 306
551 371 306
590 371 306
536 927 306
502 176 306
325 840 306
53 176 306
176 502 306
53 26 306
1077 926 306
9 391 306
176 638 306
638 176 306
176 638 306
176 502 306
638 176 306
697 1076 306
176 638 306
697 927 306
638 176 306
1019 439 306
9 1062 306
176 638 306
638 176 306
176 638 306
306 1019 306
638 176 306
377 3 306
176 638 306
1019 306 306
638 176 306
176 1056 306
176 638 306
638 176 306
1076 697 306
176 638 306
638 176 306
1076 1053 306
662 625 306
662 625 306
53 176 306
191 1060 306
555 676 306
555 626 306
555 654 306
555 626 306
767 502 306
462 675 306
997 415 306
997 415 306
697 1042 306
1042 32 306
555 371 306
971 199 306
439 176 306
439 1019 306
638 439 306
371 590 306
439 638 306
638 439 306
713 535 306
1042 638 306
1042 638 306
199 971 306
242 454 306
1042 638 306
638 758 306
758 638 306
1034 638 306
199 978 306
638 758 306
638 346 306
1072 34 306
1072 325 306
1060 191 306
555 1060 306
199 971 306
551 371 306
199 445 306
674 1068 306
704 768 306
377 1060 306
1078 1079 306
1080 638 306
103 1078 306
638 1080 306
462 103 306
638 779 306
306 783 306
306 783 306
1078 103 306
132 333 306
454 242 306
83 1060 306
638 527 306
1080 1072 306
834 1068 306
199 1050 306
176 817 306
103 1078 306
103 462 306
306 438 306
313 34 306
462 103 306
313 34 306
638 830 306
638 103 306
1078 103 306
834 313 306
313 834 306
638 1081 306
834 313 306
103 1078 306
834 1068 306
103 638 306
1080 638 306
1078 103 306
103 462 306
103 1078 306
830 638 306
462 103 306
926 557 306
926 1077 306
971 199 306
834 72 306
483 176 306
313 1 306
72 834 306
199 971 306
1050 199 306
557 926 307
199 1050 307
1078 103 307
103 462 307
834 72 307
72 834 307
834 1068 307
834 72 307
1039 72 307
72 834 307
72 1039 307
834 72 307
681 626 307
959 958 307
973 103 307
462 103 307
1039 72 307
704 1072 307
973 400 307
72 1039 307
72 834 307
834 72 307
72 834 307
1072 1080 307
1039 72 307
834 72 307
90 1072 307
949 1068 307
801 768 307
801 313 307
72 834 307
72 1039 307
834 72 307
339 1068 307
638 830 307
638 1080 307
638 103 307
72 834 307
834 72 307
72 834 307
871 1050 307
834 72 307
1033 765 307
72 834 307
345 346 307
834 72 307
345 1058 307
242 454 307
638 388 307
1049 325 307
72 834 307
834 72 307
1042 758 307
638 881 307
638 373 307
681 626 307
1049 638 307
638 1049 307
638 1049 307
681 638 307
638 1049 307
765 1033 307
1068 834 307
1068 834 307
681 638 307
1068 834 307
1049 638 307
638 1049 307
881 638 307
75 1041 307
1068 72 307
638 881 307
415 840 307
1042 638 307
143 442 307
143 1037 307
638 254 307
638 758 307
638 254 307
339 463 307
1042 638 307
539 1072 307
72 1068 307
415 195 307
103 938 307
422 308 307
1068 72 307
377 755 307
103 1072 307
1033 765 307
377 627 307
830 339 307
260 1028 307
260 949 307
214 1072 307
1082 1076 307
377 313 307
1039 72 307
765 1033 307
679 26 307
377 281 307
103 1060 307
377 50 307
72 1039 307
1082 1076 307
389 242 307
460 934 307
389 830 307
1033 765 307
242 823 307
543 356 307
242 389 307
377 313 307
254 1039 307
555 352 307
801 313 307
1033 847 307
144 834 307
765 1033 307
681 388 307
318 72 307
834 1068 307
34 313 307
834 144 307
539 1072 307
101 41 307
34 1072 307
555 641 307
193 626 307
1039 72 307
1036 475 307
193 847 307
356 543 308
475 1036 308
388 638 308
834 1068 308
1080 1072 308
374 248 308
626 193 308
990 513 308
928 999 308
928 714 308
928 103 308
588 1019 308
928 103 308
189 144 308
313 34 308
454 242 308
437 1033 308
801 313 308
928 103 308
928 103 308
1068 834 308
810 708 308
543 356 308
297 242 308
297 999 308
34 313 308
801 313 308
34 155 308
1036 475 308
928 915 308
794 277 308
242 454 308
313 34 308
928 794 308
928 794 308
793 393 308
831 1050 308
34 313 308
422 1060 308
72 1039 308
1033 437 308
1033 765 308
194 1083 308
1032 1056 308
67 595 308
194 131 308
619 654 308
194 289 308
194 296 308
437 1033 308
194 296 308
194 449 308
194 842 308
194 241 308
194 1084 308
194 242 308
194 80 308
194 222 308
194 913 308
194 619 308
194 1051 308
194 599 308
194 206 308
194 322 308
194 516 308
194 498 308
194 456 308
194 209 308
194 97 308
194 254 309
194 132 309
194 1063 309
194 376 309
194 404 309
1049 325 309
194 1004 309
194 817 309
194 586 309
194 277 309
194 1039 309
194 527 309
194 573 309
194 815 309
194 598 309
194 125 309
194 644 309
194 1056 309
194 1085 309
194 1086 309
194 798 309
194 753 309
194 237 309
194 575 309
194 465 309
194 60 309
194 453 309
194 342 309
194 295 309
194 949 309
194 679 309
194 711 309
194 596 309
194 915 309
194 673 309
194 774 309
194 98 309
189 708 310
189 1068 310
626 590 310
865 1072 310
851 1014 310
42 296 310
1087 1088 310
915 928 310
638 388 310
638 1042 310
1087 341 311
830 389 311
986 915 311
281 561 311
1046 1014 311
999 928 311
194 817 311
26 679 311
834 1068 311
523 176 311
765 1033 311
523 990 311
523 724 311
84 765 312
84 765 312
84 765 312
260 949 312
615 422 312
509 306 312
509 389 312
509 194 312
286 1000 312
509 1039 312
509 595 312
1039 72 312
204 176 312
509 872 312
990 523 312
781 701 312
615 509 312
72 1039 312
1039 72 312
277 1032 312
189 708 312
72 1039 312
1039 72 312
72 1039 312
204 1070 312
792 228 312
679 194 312
679 26 312
252 242 312
1039 72 312
72 1039 312
26 679 312
679 26 312
679 903 312
834 1068 312
679 346 312
389 509 312
765 84 312
297 999 312
26 679 312
103 765 312
103 599 312
834 626 312
103 277 312
509 389 312
429 950 312
509 817 312
429 950 312
509 277 312
884 1050 312
884 536 312
990 419 312
990 419 312
990 419 312
950 429 312
950 429 312
536 884 312
884 536 312
536 884 312
950 405 312
884 536 312
193 626 312
168 834 313
834 168 313
1068 834 313
950 698 313
297 999 313
73 617 313
994 1056 313
1068 72 313
73 63 313
1068 949 313
155 34 313
72 1068 313
626 834 313
626 193 313
1068 72 313
72 1068 313
254 626 313
626 254 313
26 645 313
1068 72 313
254 626 313
626 254 313
834 1068 313
834 626 313
1068 834 313
307 509 313
445 199 313
1000 286 313
72 1068 313
194 445 313
626 834 313
834 1068 313
834 626 313
724 523 313
1068 72 313
1068 834 313
626 834 313
536 884 313
143 1037 313
72 1068 313
143 103 313
834 626 313
143 201 313
143 415 313
830 549 313
834 1068 313
143 834 313
143 834 313
884 536 313
1060 103 313
626 834 313
1068 834 313
713 950 313
1068 72 313
128 934 313
72 1068 313
67 282 313
294 830 313
841 915 313
1089 765 313
841 103 313
199 445 313
1060 422 313
53 250 313
53 26 313
233 193 313
53 834 313
233 1037 313
1068 72 313
199 1060 313
194 768 313
194 949 313
72 1068 313
143 834 313
394 586 313
67 938 313
536 884 313
536 884 313
67 1072 313
131 194 313
884 536 313
42 144 313
189 42 313
144 42 313
341 1072 313
189 42 313
189 42 313
836 609 313
852 1090 313
189 712 313
189 42 313
377 281 313
377 755 314
68 135 314
536 884 314
341 686 314
704 1091 314
704 1092 314
768 1033 314
1013 673 314
704 1060 314
1013 398 314
873 144 314
768 801 314
1019 439 314
1019 588 314
704 1050 314
950 1093 314
1093 950 314
67 173 314
834 626 314
834 1068 314
282 34 314
704 768 314
454 242 314
884 536 314
777 1072 314
144 873 314
204 1070 314
523 724 314
523 990 314
176 277 314
523 1049 314
277 176 314
42 1049 314
752 1032 314
915 817 314
42 1062 314
42 1050 314
701 1093 314
176 277 314
626 834 314
277 176 314
277 176 314
817 915 314
1093 701 314
523 1093 314
342 194 314
176 277 314
638 847 314
1093 523 314
523 1093 314
277 176 314
638 1093 314
638 1093 314
176 277 314
1093 523 314
758 638 314
277 176 314
638 758 314
42 1 314
523 1093 314
1093 32 314
342 969 314
32 1093 314
1093 523 314
915 817 314
1093 32 314
32 1093 314
981 1021 314
1093 32 314
277 176 314
67 282 314
277 1093 314
817 915 314
599 103 314
586 394 314
915 817 314
143 32 314
817 915 314
817 509 314
817 176 314
701 1093 314
834 626 314
176 817 314
143 32 314
817 176 314
176 817 314
817 176 314
143 201 314
915 817 314
176 817 314
103 1060 314
1050 42 314
143 201 314
617 73 314
143 201 314
143 163 314
143 201 314
143 201 314
626 834 314
143 201 314
143 103 314
143 103 314
143 103 314
143 103 314
103 599 314
103 841 314
1033 1072 314
679 194 314
539 817 314
228 792 314
143 1094 315
102 645 315
617 73 315
297 999 315
969 342 315
536 884 315
884 536 315
873 144 315
638 950 315
599 103 315
1049 523 315
1049 42 315
1014 312 315
638 950 315
1045 269 315
638 1014 315
834 626 315
638 1045 315
969 549 315
1014 851 315
69 915 315
67 598 315
638 950 315
67 462 315
212 639 315
679 1095 315
502 176 315
638 236 315
176 502 315
638 950 315
638 950 315
926 557 315
638 950 315
145 1033 315
638 236 315
638 950 315
638 950 315
638 950 315
638 950 315
422 1060 315
638 950 315
346 679 315
502 176 315
176 502 315
915 598 315
679 346 315
502 176 315
429 950 315
950 429 315
176 502 315
713 1049 315
309 540 315
1 42 315
713 545 315
502 176 315
356 543 315
429 950 315
176 502 315
950 429 315
934 1096 315
934 527 315
1097 884 315
12 599 315
1097 127 315
12 938 315
626 834 315
67 1092 315
834 626 315
817 915 315
67 598 315
12 1039 316
12 817 316
12 998 316
686 341 316
12 697 316
12 603 316
19 1078 316
19 1078 316
19 1078 316
626 834 316
12 527 316
12 599 316
733 297 316
394 586 316
733 626 316
19 1098 316
19 1098 316
194 131 316
38 94 316
38 626 316
128 934 316
38 783 316
19 598 316
394 422 316
626 733 316
626 38 316
681 32 316
422 394 316
394 131 316
394 422 316
131 394 316
394 131 316
526 477 316
32 1099 316
131 394 316
645 102 316
1099 32 316
645 26 316
394 131 316
131 394 316
297 733 316
32 1099 316
32 598 316
9 566 316
783 38 316
12 32 316
687 1054 316
687 1004 316
915 815 316
32 462 316
342 319 316
12 603 316
12 319 316
12 603 316
319 342 316
12 319 316
128 934 316
342 319 316
12 319 316
603 814 316
9 32 316
12 319 316
63 990 316
12 32 316
12 319 316
595 509 316
67 938 316
67 595 316
67 282 316
67 451 316
252 1000 316
509 595 316
67 598 316
271 194 316
128 934 316
67 32 316
194 271 316
934 1026 316
194 32 316
194 296 316
277 830 316
277 950 316
252 595 316
41 1056 316
194 32 316
252 598 316
41 1041 317
194 32 317
19 1099 317
103 599 317
599 103 317
103 599 317
513 990 317
128 934 317
277 830 317
277 950 317
277 830 317
277 950 317
1034 1036 317
277 950 317
704 1072 317
128 934 317
277 950 317
277 950 317
277 950 317
63 73 317
103 1100 317
103 566 317
599 103 317
1101 687 317
103 599 317
990 513 317
543 356 317
814 603 317
12 817 317
599 103 317
277 950 317
615 1042 317
1000 252 317
277 950 317
228 1100 317
277 950 317
73 617 317
73 63 317
74 840 317
12 857 317
376 194 317
1072 1033 317
603 814 317
1072 341 317
12 527 317
12 73 317
19 1072 317
12 1080 317
475 468 317
12 475 317
103 599 317
19 527 317
12 609 317
103 599 317
12 173 317
12 527 317
12 142 317
557 926 317
1034 32 317
12 599 317
173 103 317
297 999 317
12 103 317
1101 513 317
12 142 317
12 103 317
12 1102 317
1089 765 317
624 595 317
539 1103 317
12 142 317
12 679 317
881 1090 317
194 376 317
193 233 317
193 149 317
881 999 317
673 679 317
658 667 317
142 482 317
297 609 317
673 687 317
193 658 317
599 103 317
482 142 317
540 309 317
546 281 317
614 445 317
638 540 317
609 1036 317
536 884 317
638 540 317
540 638 317
532 325 317
557 561 318
296 295 318
540 1104 318
1104 540 318
540 1104 318
540 754 318
1104 540 318
754 540 318
234 391 318
624 592 318
1105 1072 318
542 314 318
542 697 318
540 1104 318
1097 127 318
540 754 318
1097 884 318
90 48 318
542 1103 318
557 583 318
1097 191 318
1097 191 318
540 191 318
495 1050 318
1097 191 318
1097 103 318
1104 540 318
191 540 318
540 191 318
546 542 318
41 495 318
552 975 318
103 783 318
1097 1104 318
1097 103 318
103 988 318
103 1097 318
542 546 318
1060 199 318
542 297 318
1060 103 318
542 598 318
1060 422 318
542 297 318
103 1060 318
1060 103 318
103 1060 318
542 297 318
542 128 318
1097 437 318
542 638 318
63 73 318
542 297 318
63 339 318
687 1032 318
542 297 318
777 1072 318
422 1060 318
144 873 318
542 297 318
542 1072 318
1072 542 318
542 297 318
297 542 318
542 1072 318
1072 542 318
542 297 318
555 352 318
542 1072 318
297 542 318
1072 542 318
128 542 318
542 297 318
542 128 318
297 542 318
542 1072 318
542 297 318
297 542 318
542 460 318
41 599 318
9 566 318
560 1072 318
542 297 318
128 542 318
297 542 318
248 374 318
1072 542 318
392 950 318
792 228 318
1072 560 318
12 140 318
599 41 318
41 599 318
599 41 318
41 599 318
599 41 318
599 41 318
482 1072 318
1072 482 318
12 543 318
1034 1036 318
560 1072 318
41 599 318
41 599 318
1072 560 318
542 1072 318
542 297 318
560 1072 318
542 297 318
12 1106 318
297 542 318
1072 542 318
297 542 318
12 599 318
297 542 318
542 297 318
1072 560 318
560 1072 318
542 1072 318
297 542 318
12 140 318
542 297 318
560 1072 318
297 542 318
1072 560 318
542 297 318
12 80 318
12 586 318
586 1107 318
12 586 318
1072 542 318
560 1072 318
297 542 318
542 297 318
12 80 318
297 542 318
12 586 318
542 297 318
297 542 318
12 586 318
542 1072 318
1069 884 318
1069 74 318
1069 878 318
1069 252 318
1069 687 318
1069 102 318
928 999 318
928 915 318
254 654 318
724 523 318
560 1072 318
201 140 318
350 1102 318
950 392 318
201 938 318
103 938 318
29 1072 318
460 542 318
939 783 319
939 460 319
1034 853 319
884 536 319
884 1097 319
783 939 319
252 463 319
335 34 319
335 174 319
843 1051 319
549 830 319
549 969 319
342 1068 320
938 201 320
938 103 320
1033 302 320
713 41 321
26 645 321
675 462 321
713 1049 321
675 462 321
523 724 321
724 523 321
339 63 321
462 32 321
713 567 321
713 462 321
713 716 321
713 34 321
713 124 321
242 252 321
713 242 321
873 144 321
294 42 321
713 319 321
713 363 321
713 940 321
713 842 321
713 1043 321
713 1043 321
713 884 321
713 509 321
713 999 321
713 950 321
713 1018 321
277 254 322
1052 708 322
1072 542 322
1072 29 322
697 542 322
462 675 322
817 1100 322
102 645 322
62 949 322
635 719 322
949 62 322
350 335 322
713 733 322
103 938 322
713 38 322
713 641 322
713 1036 322
713 462 322
713 884 322
713 1043 322
32 462 322
32 1103 322
1069 252 322
638 542 322
638 540 322
357 938 322
357 817 322
103 462 322
357 903 322
545 676 322
770 841 322
545 1019 322
357 194 322
545 1060 322
460 939 322
460 542 322
277 254 322
1097 884 322
1097 437 322
884 1097 322
357 154 322
357 154 322
462 32 322
462 103 322
462 32 322
19 140 322
422 815 322
53 26 322
53 250 322
687 252 322
536 884 323
162 851 323
143 32 323
143 915 323
32 462 323
143 103 323
462 32 323
32 462 323
884 536 323
884 536 323
536 884 323
834 626 323
992 1108 323
1097 884 323
449 498 323
103 460 323
199 1060 323
1069 687 323
884 536 323
884 1097 323
536 884 323
495 41 323
626 834 323
984 638 323
194 296 323
394 212 323
394 212 323
884 536 323
1037 233 323
638 984 323
949 194 323
536 884 323
194 949 323
949 642 323
884 536 323
536 884 323
944 194 323
127 1097 323
252 687 323
69 252 323
63 339 323
884 536 323
212 306 323
540 990 323
536 884 323
212 439 323
1069 252 323
884 536 323
536 884 323
638 540 323
1103 542 323
884 536 323
36 1033 323
1034 701 323
1034 462 323
834 626 323
252 433 323
701 1034 323
536 884 323
679 149 323
1034 701 323
542 1103 323
626 834 323
701 1034 323
1034 462 323
1034 701 323
701 1034 323
1034 462 323
542 460 323
26 53 323
1034 701 323
1034 462 323
1034 462 323
1034 697 323
713 1043 323
701 1034 323
713 1043 323
1034 701 324
204 1070 324
884 536 324
1034 462 324
1034 697 324
1069 687 324
1034 697 324
1069 545 324
701 1034 324
1107 586 324
1034 462 324
1034 462 324
1034 462 324
1034 462 324
713 641 324
713 545 324
1034 462 324
194 296 324
1034 462 324
713 884 324
1034 462 324
439 1019 324
1034 701 324
1034 462 324
1034 462 324
1034 462 324
1034 462 324
1034 462 324
1034 462 324
1034 462 324
306 212 324
1034 462 324
713 41 324
713 462 324
1034 462 324
342 1068 324
1034 462 324
191 765 324
713 629 324
583 557 324
399 76 324
350 439 324
201 938 324
201 938 324
201 938 324
12 543 324
557 583 324
12 938 324
1031 650 324
1031 1109 324
1031 651 324
1031 646 324
1031 840 324
9 997 324
9 177 324
9 771 324
990 540 324
394 263 324
834 626 324
626 834 324
128 934 324
277 254 324
1052 708 324
277 1032 324
834 626 324
342 544 324
212 306 324
615 80 324
626 834 324
884 495 324
598 542 324
884 536 324
555 212 324
834 626 324
626 834 324
834 626 324
938 201 324
19 1068 324
103 974 324
735 790 324
626 834 324
277 254 324
296 550 324
282 67 324
277 254 324
201 938 324
830 549 324
498 194 324
277 254 325
190 652 325
339 63 325
638 475 325
498 449 325
1068 498 325
652 190 325
250 475 325
475 250 325
250 569 325
250 260 325
250 1097 325
250 475 325
475 250 325
638 643 325
498 1068 325
277 1032 325
277 254 325
1068 498 325
1100 753 325
260 250 325
277 1032 325
260 509 325
569 250 325
194 296 325
194 296 325
194 296 325
658 193 325
277 1032 325
658 1110 325
652 214 325
194 26 325
765 191 325
194 62 325
194 794 325
194 498 325
194 817 325
194 482 325
194 498 325
194 1004 325
679 673 325
9 212 325
277 1032 325
277 1032 325
9 834 325
402 881 325
9 679 325
9 679 325
323 834 325
194 586 325
194 509 325
501 768 325
194 817 325
817 194 325
12 938 325
817 194 325
194 817 325
323 645 325
194 817 325
83 194 325
817 194 325
817 194 325
586 194 325
1004 1032 325
9 679 325
9 282 325
1032 1004 325
12 282 325
9 282 325
536 884 325
12 282 325
1004 1032 325
63 339 325
1032 1004 325
12 282 325
9 282 325
1004 1032 325
9 679 325
735 1032 325
9 282 325
323 1014 325
194 1004 325
12 282 325
9 282 325
323 632 325
12 282 325
323 758 325
1004 1008 325
12 1039 325
595 252 325
12 282 325
12 569 325
9 282 325
9 282 325
12 282 325
12 282 325
234 1039 325
12 282 325
12 926 325
194 1004 325
44 597 325
12 282 325
9 282 325
859 388 325
12 536 325
372 1111 325
12 536 325
1111 372 325
372 536 325
536 372 325
12 282 325
372 1111 325
859 1060 325
12 536 325
9 282 325
12 282 325
9 282 325
12 282 325
859 372 326
12 569 326
12 536 326
926 557 326
12 569 326
12 926 326
372 536 326
498 194 326
12 402 326
41 1111 326
498 194 326
194 1004 326
536 372 326
12 282 326
12 926 326
12 926 326
12 926 326
986 194 326
372 536 326
12 986 326
19 986 326
19 986 326
12 1039 326
19 986 326
986 991 326
233 193 326
603 814 326
19 986 326
19 986 326
991 986 326
986 991 326
19 986 326
777 1111 326
986 991 326
19 986 326
536 372 326
19 986 326
9 282 326
9 282 326
1034 1039 326
814 603 326
603 814 326
19 986 326
884 536 326
19 986 326
1034 1039 326
12 80 326
991 654 326
19 986 326
12 389 326
991 654 326
19 986 326
536 884 326
1069 560 326
19 986 326
12 1068 326
814 603 326
19 986 326
19 986 326
19 986 326
986 19 326
19 986 326
19 986 326
19 986 326
19 986 326
1111 372 326
249 288 326
12 1068 326
884 536 326
12 997 326
1043 41 326
12 1068 326
41 1043 326
12 1068 326
19 997 326
1043 41 326
12 1068 326
327 938 326
249 402 326
12 758 326
128 934 326
997 19 326
12 758 326
12 758 326
405 777 326
532 882 326
405 950 326
536 884 326
532 364 326
250 569 326
884 536 326
536 884 326
583 557 326
212 532 326
19 583 326
212 741 326
534 625 326
626 50 326
144 1111 326
191 765 326
252 595 326
19 901 326
1034 697 326
893 950 326
306 212 326
884 536 326
400 908 326
306 509 326
400 799 326
884 901 326
536 884 326
400 392 326
400 495 326
19 256 326
400 607 326
256 498 326
400 396 326
474 679 326
400 598 326
1111 144 326
41 1043 326
1043 41 326
884 536 326
474 400 326
50 626 326
536 884 326
884 536 326
938 201 326
626 50 326
543 418 326
19 874 326
172 296 326
1026 934 326
394 1004 326
1101 72 326
193 658 326
128 934 326
323 341 326
172 1026 326
753 984 326
595 252 326
50 626 326
598 400 326
598 252 326
36 189 326
950 405 326
605 462 326
1004 394 326
753 1100 326
950 893 326
626 50 326
509 260 326
214 652 326
598 67 326
598 32 326
598 19 326
9 834 326
598 915 326
617 73 326
509 306 326
462 605 326
250 405 326
536 884 326
617 728 327
250 316 327
250 909 327
250 1112 327
509 454 327
509 454 327
777 405 327
509 389 327
306 509 327
377 415 327
605 462 327
87 938 327
462 605 327
605 462 327
1113 990 327
984 753 327
250 697 327
12 938 327
634 8 327
431 605 327
250 598 327
999 928 327
884 536 327
394 1004 327
250 616 327
50 626 327
168 834 327
50 1100 327
323 341 327
250 1100 327
462 605 327
753 984 327
323 1014 327
605 462 327
590 1060 327
297 999 327
462 605 327
297 999 327
323 1014 327
605 462 327
986 991 327
19 986 327
1100 50 327
986 8 327
986 719 327
19 986 327
986 719 327
720 787 327
509 306 327
652 214 327
19 986 327
462 393 327
536 884 327
323 1014 327
297 999 327
19 986 327
19 991 327
431 605 327
19 991 327
834 168 327
19 991 327
50 1100 327
881 402 327
986 679 327
277 605 327
19 991 327
462 605 327
277 252 327
986 679 327
626 50 327
19 991 327
220 103 327
605 462 327
884 536 327
536 884 327
431 605 327
462 605 327
474 679 327
474 834 327
358 719 327
884 536 327
358 400 327
277 605 327
358 250 327
462 339 327
338 1104 327
338 1107 327
474 42 327
474 834 327
250 358 327
984 753 327
36 1 327
252 595 327
984 753 327
252 598 327
652 822 327
474 679 327
1114 63 327
474 834 327
567 194 327
474 679 327
494 389 327
822 652 327
474 834 327
586 513 327
741 212 327
474 679 327
652 822 327
474 834 327
474 679 327
679 393 327
753 984 327
19 598 327
567 1072 327
67 938 327
834 598 327
822 652 327
652 928 327
598 834 327
599 41 327
474 834 327
652 822 327
474 679 327
834 598 327
598 834 327
834 598 327
474 679 327
822 652 327
652 322 327
277 605 327
567 1060 327
474 834 327
652 822 327
143 201 327
777 306 327
474 679 327
393 462 327
822 652 327
794 194 327
652 822 327
350 311 327
67 598 327
474 834 327
986 753 327
986 652 327
474 679 327
822 652 327
652 753 327
193 233 327
986 753 327
462 393 327
306 777 327
250 753 327
474 834 327
357 986 327
474 679 327
474 834 327
357 986 327
753 652 327
753 250 327
474 679 327
323 1014 327
986 753 327
323 632 327
357 986 327
598 542 327
474 834 327
297 999 327
250 753 327
357 783 327
1069 878 327
753 250 327
474 834 327
323 719 327
986 835 327
393 462 327
474 679 327
598 194 327
323 632 327
306 509 327
878 598 327
598 878 327
462 393 327
250 753 327
704 822 327
934 1026 327
143 250 327
704 822 327
474 679 327
339 462 327
474 834 327
323 632 327
462 339 327
819 822 327
9 771 327
753 250 327
991 986 327
1069 98 327
986 991 327
9 834 327
991 986 327
357 986 327
474 834 327
986 991 327
878 598 327
19 986 327
357 986 327
474 679 327
194 644 327
323 632 327
36 211 327
250 753 327
474 834 327
297 598 327
753 250 327
36 189 327
822 819 327
9 834 327
250 753 327
474 679 327
260 1104 327
323 632 327
753 250 327
393 462 327
991 986 327
306 1115 327
250 753 327
462 393 327
323 557 327
372 536 327
753 250 327
474 834 327
679 474 327
9 834 327
250 753 327
704 822 327
834 474 327
758 753 327
995 644 327
783 1004 327
753 758 327
753 758 327
758 753 327
277 615 327
753 250 327
393 462 327
311 350 327
250 753 327
834 753 327
753 758 327
474 679 327
9 834 327
393 372 327
9 834 327
323 632 327
758 753 327
372 393 327
753 834 327
250 1053 327
474 834 327
250 154 327
250 135 327
834 753 327
250 1026 327
704 1100 327
834 474 327
393 372 327
753 834 327
719 635 327
834 753 327
323 719 327
474 834 327
1033 437 327
372 393 327
834 474 327
753 834 327
1033 765 327
323 632 327
393 372 327
834 753 327
462 393 327
372 437 327
323 719 327
372 393 327
393 462 327
770 903 327
679 474 327
753 834 327
393 372 327
753 719 327
590 753 327
323 632 327
474 834 327
1033 1072 327
719 753 327
462 393 327
753 590 327
834 753 327
753 719 327
474 679 327
323 557 327
753 834 327
834 474 327
719 753 327
681 440 327
834 753 327
372 393 327
638 372 327
753 719 327
679 474 327
393 462 327
753 834 327
393 372 327
681 440 327
719 753 327
615 1108 327
753 719 327
770 841 327
474 834 327
462 393 327
719 753 327
681 788 327
1034 788 327
681 440 327
753 719 327
753 719 327
1033 753 327
644 719 327
753 1033 327
323 557 327
719 753 327
719 644 327
781 96 327
753 834 327
36 1033 327
372 393 327
460 542 327
638 372 327
393 462 327
555 795 327
600 714 327
393 372 327
1026 934 327
474 679 327
590 753 327
834 753 327
834 474 327
555 1047 327
679 161 327
834 474 327
1071 638 327
462 393 327
555 1047 327
474 834 327
600 927 327
679 474 327
474 679 327
1052 708 327
161 679 327
282 1071 327
600 714 327
474 679 327
834 474 327
834 474 327
679 474 327
393 462 327
1026 172 328
323 557 328
356 543 328
679 474 328
462 393 328
474 834 328
679 161 328
652 753 328
834 474 328
934 1026 328
474 679 328
1052 626 328
1052 626 328
1052 626 328
679 474 328
474 834 328
474 679 328
161 679 328
834 474 328
652 1071 328
679 161 328
372 393 328
282 1071 328
638 372 328
658 193 328
393 462 328
386 422 328
1026 934 328
393 372 328
161 679 328
323 557 328
679 161 328
250 101 328
462 393 328
12 599 328
277 615 328
781 1038 328
12 638 328
679 372 328
1104 260 328
546 372 328
1069 98 328
393 462 328
1069 98 328
546 1005 328
513 990 328
161 679 328
12 282 328
513 586 328
323 341 328
462 393 328
770 841 328
449 498 328
679 161 328
323 557 328
277 1023 328
615 1116 328
277 615 328
161 679 328
393 462 328
770 1072 328
990 513 328
462 393 328
350 311 328
638 309 328
679 161 328
638 309 328
323 557 328
393 462 328
871 783 328
641 475 328
161 679 328
277 1023 328
871 495 328
277 615 328
615 1116 328
1069 1023 328
282 1071 328
323 68 328
462 393 328
418 543 328
1005 546 328
277 615 328
323 557 328
495 884 328
495 400 328
1023 1072 328
323 557 328
277 1023 328
249 288 328
990 513 328
1101 513 328
934 1026 328
638 41 328
249 288 328
323 418 328
884 495 328
323 557 328
323 557 328
1042 784 328
1042 784 328
1042 802 328
1042 802 328
1042 802 328
652 73 328
323 341 328
12 343 328
605 73 328
277 1023 328
323 557 328
859 372 328
12 991 328
605 1023 328
316 102 328
194 644 328
859 590 328
323 557 328
198 101 328
19 525 328
323 557 328
638 640 328
1042 1056 328
1054 687 328
1042 1056 328
19 525 328
102 316 328
525 73 328
859 676 328
679 161 328
1023 605 328
277 1023 328
605 1023 328
277 615 328
1042 712 328
316 250 328
316 102 328
323 341 328
102 316 328
260 1104 328
194 590 328
1023 605 328
277 1023 328
194 1097 328
586 513 328
1097 194 328
277 615 328
605 1023 328
260 1107 328
277 1054 328
316 102 328
323 557 328
128 934 328
1023 605 328
316 777 328
504 542 328
640 1072 328
277 1023 328
1042 389 328
323 341 328
603 814 328
323 557 328
687 1054 328
174 335 328
1042 318 328
181 495 328
687 573 328
277 1023 328
323 557 328
323 341 328
504 341 328
12 991 328
181 194 328
640 1103 328
277 615 328
1042 997 328
1042 997 328
29 1072 328
277 1023 328
573 687 328
392 400 328
277 1023 328
513 990 328
590 194 328
590 835 328
73 652 328
277 615 328
73 605 328
1056 1032 328
652 73 328
1042 574 328
1056 308 328
277 1023 328
1071 598 328
560 194 328
542 598 328
542 504 328
1042 449 328
814 603 328
697 250 328
19 583 328
697 1034 328
835 590 328
277 1023 328
277 615 328
19 583 328
19 583 328
603 814 328
640 1072 328
277 615 328
277 1023 328
277 615 328
1113 598 328
277 615 328
277 1023 328
277 1023 328
277 615 328
53 250 328
792 903 328
498 495 328
697 1023 328
495 1049 328
1023 1117 328
1101 513 328
944 598 328
1023 697 328
1023 1117 328
1101 194 328
697 1023 328
422 386 328
944 194 328
697 549 328
1023 697 328
103 652 328
1023 697 328
542 549 328
542 549 328
1049 495 328
549 697 328
495 884 328
1117 1023 328
549 542 328
787 720 328
542 495 328
523 440 328
475 640 328
697 1023 328
495 181 328
495 498 328
1023 697 328
495 1049 328
687 640 328
1049 502 328
502 1049 328
1049 495 328
1023 1117 328
368 549 328
1049 502 328
495 542 328
502 1049 328
1049 502 328
549 368 328
884 495 328
502 1049 328
1023 1117 328
498 495 328
697 1023 328
502 468 328
762 402 328
377 415 328
542 495 328
42 474 328
549 830 328
1041 41 328
42 1031 328
41 1043 328
41 599 328
41 1041 328
1101 513 328
640 687 328
475 841 329
640 475 329
1060 590 329
42 483 329
1060 567 329
377 1060 329
42 1091 329
1060 422 329
1060 199 329
377 306 329
542 598 329
368 549 329
377 371 329
542 598 329
176 871 329
851 1014 329
377 48 329
1034 697 329
681 1072 329
687 640 329
697 1034 329
851 162 329
998 475 329
1034 697 329
549 368 329
252 1026 329
1101 475 329
1034 1118 329
640 687 329
1118 1034 329
542 1069 329
1034 1118 329
1034 697 329
1101 475 329
1118 1034 329
1034 1118 329
697 1034 329
377 343 329
1118 1034 329
422 1060 329
1034 1118 329
1118 1034 329
841 792 329
841 475 329
1034 1118 329
475 841 329
1118 1034 329
475 841 329
841 475 329
1034 1118 329
475 841 329
1118 1034 329
1034 1118 329
1118 1034 329
1034 1118 329
1118 1034 329
1034 1118 329
1118 1034 329
640 1062 329
1118 640 329
640 1118 329
1034 1118 329
1118 1034 329
1118 640 329
640 1118 329
1034 1118 329
640 1118 329
1118 640 329
1118 1034 329
640 1118 329
1118 640 329
1034 1118 329
640 1118 329
72 1039 329
1118 640 329
1004 783 329
783 1004 329
599 41 329
679 903 329
841 903 329
841 103 329
214 1117 330
617 681 330
483 42 331
638 41 331
938 87 331
342 638 331
199 1060 331
430 32 331
821 475 331
67 1034 331
430 63 331
128 573 331
367 88 331
509 306 331
509 454 331
509 583 331
600 309 332
626 738 332
509 1117 332
600 632 332
600 927 332
704 822 332
509 975 332
509 1111 332
509 1103 332
296 172 332
536 372 332
536 884 332
342 638 332
1113 536 332
41 599 332
1107 260 332
32 638 332
543 418 332
32 546 332
67 607 332
67 901 332
67 928 332
1113 536 332
32 1042 332
1069 542 332
1069 559 332
1069 559 332
1113 536 332
3 371 332
3 498 332
3 590 332
1042 337 332
1042 32 332
1042 32 332
1119 1026 332
1042 32 332
1042 32 332
1042 32 332
738 626 332
1042 32 332
105 1068 332
63 847 332
712 1042 332
1042 32 332
1042 712 332
402 762 332
405 950 332
405 250 332
405 777 332
1069 308 332
598 542 332
439 212 332
1042 712 332
388 638 333
652 283 333
1120 545 333
483 583 333
1120 545 333
1026 252 333
495 1049 333
425 765 333
626 738 333
495 884 333
495 498 333
1054 277 333
445 614 333
495 542 333
777 405 333
984 753 333
765 425 333
787 720 333
605 73 333
720 787 333
990 513 333
317 679 333
3 498 333
9 32 333
69 1034 333
233 193 333
551 1019 333
498 495 333
317 1111 333
583 283 333
1069 308 333
143 201 333
143 762 333
1045 72 333
1045 72 333
1119 1026 333
337 1042 333
342 544 333
834 142 333
834 1024 333
342 598 333
296 199 333
296 445 333
1103 640 333
296 295 333
950 405 333
297 263 333
277 1054 333
296 544 333
296 544 333
296 516 333
36 1033 333
36 189 333
1021 1104 333
9 282 333
1117 1023 333
9 282 333
9 32 333
224 175 333
250 405 333
9 282 333
9 282 333
67 928 333
644 97 333
97 644 333
97 644 333
1069 317 333
9 32 334
9 282 334
9 32 334
9 32 334
9 32 334
1023 1117 334
615 277 334
9 282 334
1023 277 334
1023 277 334
644 97 334
1023 277 334
9 282 334
142 1121 334
142 1121 334
142 1121 334
1121 142 334
1121 142 334
142 1121 334
545 1047 334
9 282 334
9 142 334
9 282 334
306 1117 334
32 683 334
306 1122 334
683 32 334
32 683 334
9 282 334
683 32 334
357 988 334
32 683 334
683 32 334
252 97 334
9 282 334
683 32 334
445 296 334
32 683 334
32 683 334
683 32 334
683 32 334
9 282 334
32 683 334
546 32 334
32 546 334
9 683 334
9 683 334
9 282 334
296 445 334
683 32 334
546 32 334
9 683 334
9 282 334
32 683 334
32 546 334
252 1026 334
683 32 334
32 317 334
32 683 334
32 317 334
87 502 334
683 32 334
32 683 334
87 654 334
149 679 334
1117 306 334
1117 1023 334
683 32 334
654 87 334
325 532 334
1118 560 334
560 1118 334
32 644 334
1118 560 334
1123 1036 334
32 598 334
560 63 334
560 1118 334
1118 560 334
373 638 334
598 523 334
317 333 334
1113 309 334
560 598 334
980 598 334
679 149 334
305 475 334
1113 309 334
980 638 334
1113 536 334
1113 309 334
781 755 334
323 1124 334
323 1036 334
598 980 334
598 560 334
323 68 334
598 32 334
1113 609 334
598 342 334
309 1125 334
1113 309 334
598 878 334
598 1071 334
598 250 334
598 1070 334
704 822 334
598 325 334
101 198 334
26 679 334
72 1045 334
1113 309 334
1124 72 334
325 598 334
1113 536 334
19 527 334
1004 194 334
595 308 334
560 598 334
72 1124 334
679 26 334
204 1070 334
9 788 334
9 1121 334
204 777 334
204 250 334
1039 72 334
1026 252 334
377 1117 334
325 1049 334
72 1039 334
1113 536 334
377 814 334
193 658 334
1039 72 334
377 755 334
523 598 334
377 755 334
704 822 334
252 1026 334
1113 536 334
325 1072 334
323 1124 334
1126 289 334
1113 536 334
73 652 334
1126 289 334
1113 536 335
73 605 335
853 1034 335
72 1039 335
474 42 335
474 834 335
1034 853 335
1113 536 335
1042 337 335
1113 536 335
337 1042 335
986 781 335
1042 337 335
986 175 335
249 288 335
938 67 335
1039 72 335
249 288 335
72 1039 335
9 252 335
32 281 335
316 726 335
281 32 335
32 281 335
281 32 335
1039 72 335
281 32 335
32 281 335
32 281 335
281 32 335
281 32 335
1113 309 335
481 679 335
679 481 335
32 281 335
481 679 335
32 281 335
72 1039 335
679 481 335
302 557 335
481 586 335
481 679 335
586 481 335
679 481 335
525 155 335
103 556 335
67 449 335
36 103 335
36 189 335
1049 325 335
36 1033 335
598 523 335
36 1127 335
250 598 335
36 189 335
67 1103 335
250 1118 335
36 103 335
866 203 335
128 250 335
1118 250 335
250 1118 335
1118 250 335
155 525 335
103 983 335
36 189 335
103 841 335
598 250 335
128 250 335
26 679 335
859 641 335
980 598 335
439 212 335
1023 1117 335
250 1118 335
954 953 335
986 19 335
63 560 335
954 652 335
36 189 335
1128 1034 335
598 980 335
598 560 335
598 325 335
1034 1118 335
598 542 335
36 189 335
687 367 335
302 769 335
250 1068 335
250 954 335
367 687 335
103 1118 335
1118 250 335
1118 1034 335
1118 103 335
103 1118 335
250 1118 335
598 367 335
367 598 335
1072 325 335
834 1118 335
97 644 335
97 252 335
713 342 335
1118 103 335
713 41 335
1118 834 335
609 1056 335
36 189 335
609 836 335
1068 250 335
609 151 335
609 1026 335
1118 308 335
483 679 335
483 42 335
42 1129 335
834 1118 335
36 189 335
44 19 335
42 679 335
483 679 335
483 42 335
679 42 335
189 144 335
42 679 335
679 42 335
103 1118 335
483 679 335
483 42 335
762 402 335
567 544 335
44 189 335
42 640 335
640 42 335
483 679 335
42 483 335
42 640 335
483 42 335
640 42 335
12 569 335
483 679 335
44 189 335
477 526 335
252 97 335
865 63 335
323 68 335
323 367 335
758 762 335
483 679 335
758 681 336
681 758 336
323 367 336
681 758 336
323 88 336
325 1049 336
325 598 336
758 681 336
495 498 336
483 679 336
323 88 336
681 758 336
12 569 336
323 367 336
323 865 336
323 367 336
758 681 336
681 758 336
758 681 336
250 1068 336
323 88 336
969 990 336
68 495 336
323 68 336
437 1033 336
483 679 336
969 549 336
323 68 336
114 250 336
415 1121 336
323 367 336
323 68 336
652 73 336
652 954 336
34 1130 336
323 88 336
323 68 336
1052 626 336
323 367 336
114 250 336
325 1072 336
34 282 336
841 103 336
990 969 336
323 367 336
483 679 336
323 68 336
323 367 336
793 1131 336
498 495 336
679 483 336
323 68 336
598 325 336
483 679 336
704 822 336
793 341 336
793 1131 336
793 950 336
325 598 336
323 367 336
254 598 336
793 1093 336
323 68 336
323 367 336
323 557 336
63 865 336
323 68 336
1072 325 336
323 367 336
762 758 336
1072 878 336
323 557 336
323 367 336
34 288 336
724 523 336
323 68 336
483 34 336
325 1072 336
175 224 336
1072 325 336
377 288 336
865 63 336
323 367 336
1132 325 336
323 557 336
1068 250 336
323 68 336
67 32 336
323 367 336
323 865 336
377 32 336
250 1068 336
325 1072 336
1087 1131 336
1128 1034 336
317 605 336
1132 1093 336
103 841 336
1132 1093 336
1132 325 336
323 865 336
323 68 336
323 250 336
323 557 336
317 605 336
323 250 336
605 317 336
317 605 336
704 1131 336
34 189 336
323 250 336
323 557 336
281 32 336
841 103 336
189 34 336
63 865 336
323 68 336
323 250 336
323 557 336
440 1103 336
288 34 336
1043 97 336
323 250 336
1039 72 336
323 557 336
308 1118 336
323 68 336
19 1133 336
1033 437 336
19 1131 336
823 498 336
19 1130 336
50 1131 336
440 523 336
72 1039 336
483 34 336
483 679 336
308 1118 336
596 605 336
114 250 336
598 573 336
1039 72 336
600 309 336
323 250 336
212 289 336
865 63 336
704 1131 336
308 595 336
323 68 336
323 557 336
34 189 336
114 250 336
19 1131 336
573 598 336
1127 144 336
1131 50 336
1068 250 336
600 980 336
317 992 336
114 250 336
50 1131 336
440 1131 336
317 477 336
991 1094 336
250 1068 336
992 317 336
1131 440 336
72 1039 336
323 557 336
323 68 336
995 42 336
114 250 336
440 1131 336
1131 440 336
323 68 336
323 557 336
1127 449 336
323 68 336
250 1068 336
323 557 336
449 1127 336
114 250 336
1039 72 336
32 281 336
323 557 336
72 1039 336
114 250 336
323 68 336
184 1026 336
440 1131 336
281 32 336
32 281 336
323 557 336
595 308 336
323 68 336
281 32 336
32 281 336
1034 32 336
32 1034 336
1132 32 336
103 841 336
605 32 336
32 605 336
32 605 336
1132 32 336
605 32 336
114 103 336
605 32 336
634 8 336
32 605 336
334 429 336
323 557 336
323 68 336
254 378 336
32 605 336
1132 32 336
605 32 336
605 32 336
1049 325 336
114 250 336
483 679 336
19 1132 336
792 308 336
483 34 336
532 212 336
1129 42 336
687 598 336
19 1132 336
454 509 336
212 532 337
308 792 337
1068 250 337
212 532 337
250 1068 337
323 557 337
598 687 337
542 495 337
212 590 337
532 212 337
991 1094 337
704 605 337
323 557 337
557 926 337
212 439 337
790 735 337
212 532 337
425 765 337
323 557 337
105 1039 337
212 1054 337
105 263 337
105 337 337
1127 449 337
105 626 337
323 557 337
105 632 337
323 1036 337
105 454 337
105 1039 337
105 563 337
105 250 337
105 814 337
704 32 337
105 724 337
105 679 337
323 557 337
105 212 337
105 1132 337
323 105 337
105 1134 337
105 367 337
687 598 337
704 605 337
542 1069 337
498 1135 337
323 557 337
513 990 337
1100 498 337
704 605 337
50 586 337
617 704 337
644 97 337
687 1097 337
617 644 337
513 1101 337
617 103 337
1136 50 337
545 308 337
50 1136 337
323 557 337
1136 50 337
513 514 337
513 388 337
317 992 337
665 353 337
103 617 337
323 557 337
323 105 337
181 495 337
105 388 337
323 105 337
834 8 337
590 212 337
590 1019 337
308 545 337
1136 181 337
958 959 337
590 681 337
323 557 337
388 795 337
605 440 337
514 513 337
514 590 337
958 704 337
590 514 337
605 181 337
323 557 337
514 590 337
514 388 337
590 514 337
323 557 337
627 590 337
704 958 337
514 590 337
627 388 337
704 605 337
306 388 337
605 704 337
1131 440 337
388 306 337
388 627 337
983 985 337
704 605 337
388 514 337
605 704 337
704 605 337
605 704 337
1039 132 337
514 1102 337
958 704 337
627 388 337
704 605 337
1052 708 337
1002 273 337
595 172 337
777 454 337
1111 317 337
704 958 337
1039 801 337
323 557 337
323 68 337
73 652 337
605 704 337
323 68 337
323 285 337
308 163 337
323 285 337
939 1092 337
726 97 337
323 285 337
939 380 337
704 605 337
939 59 337
1056 687 337
388 627 337
704 605 337
605 704 337
323 285 337
793 950 337
323 68 337
735 790 337
954 250 337
600 779 337
939 831 337
1002 101 337
939 1040 337
323 285 337
954 652 337
704 605 337
939 1050 337
323 557 337
168 834 337
605 704 337
939 855 337
939 813 337
939 813 337
323 73 337
308 373 337
704 605 337
939 466 337
958 704 337
317 1111 337
323 68 337
596 590 337
483 34 337
939 977 337
1068 250 337
546 1137 337
939 765 337
605 704 337
704 958 337
939 1021 337
704 605 337
323 557 337
712 1042 337
939 707 337
753 590 337
939 815 337
939 1138 337
605 704 337
939 1103 337
753 652 337
939 537 337
704 605 337
697 719 337
986 8 337
986 254 337
753 984 337
627 388 337
1118 308 337
132 1039 337
323 68 337
172 595 337
430 32 337
32 1132 337
212 627 337
53 1139 337
32 704 337
753 1100 337
704 32 337
719 697 337
605 32 337
212 105 337
32 704 337
605 32 337
627 212 337
431 605 337
1118 834 337
323 557 337
617 103 337
297 598 337
834 168 337
323 68 337
1111 317 337
605 32 337
834 1118 337
1042 712 337
431 605 337
212 627 337
605 32 337
323 68 337
704 32 337
697 719 337
297 999 337
431 617 337
777 605 337
32 704 337
958 704 337
323 557 337
719 697 337
250 954 337
605 32 337
308 1118 337
704 32 337
250 1068 337
250 958 337
1118 308 337
1068 250 337
1118 834 337
308 1118 337
801 1039 337
1118 308 337
48 683 337
834 1118 337
250 1068 337
770 1118 337
704 958 337
405 777 337
1068 250 337
405 950 337
605 337 337
405 250 337
809 482 337
308 1042 337
1042 308 337
1042 308 337
250 405 337
1042 712 337
1118 770 337
697 719 337
1118 770 337
44 770 337
1069 542 337
586 1136 337
32 704 337
617 103 337
958 704 337
867 721 337
1110 658 337
281 263 337
281 332 337
281 254 337
596 724 337
281 308 337
281 337 337
831 939 337
712 1042 337
1140 281 337
378 254 337
19 1132 337
704 958 337
617 834 337
679 317 337
719 697 337
714 460 337
915 701 337
308 1042 337
308 281 337
63 814 337
765 425 337
714 928 337
758 762 337
19 1130 337
697 719 337
281 308 337
544 567 337
309 1139 337
357 1118 337
357 1118 337
474 309 337
368 1021 337
357 659 337
67 1132 337
878 1072 337
357 1118 337
67 1137 337
357 1118 337
644 617 337
357 1118 337
644 481 337
617 644 337
219 719 337
357 1118 337
758 712 337
644 617 337
644 617 337
281 308 337
357 1118 337
617 644 337
357 1118 338
617 644 338
724 596 338
439 212 338
814 63 338
617 74 338
1052 175 338
323 557 338
377 343 338
323 73 338
634 8 338
377 32 338
1113 783 338
128 250 338
297 999 338
161 679 338
679 161 338
1052 1118 338
161 679 338
220 224 338
220 834 338
679 161 338
105 212 338
679 792 338
212 439 338
1050 939 338
161 679 338
617 103 338
105 644 338
1052 1118 338
105 482 338
492 1105 338
105 716 338
63 814 338
377 1122 338
1072 325 338
105 132 338
1052 1118 338
498 495 338
105 101 338
105 993 338
105 1050 338
105 603 338
198 101 338
679 161 338
617 834 338
1052 1118 338
314 542 338
105 339 338
105 90 338
105 155 338
758 1023 338
105 990 338
323 1036 338
105 783 338
787 679 338
314 372 338
105 1100 338
105 1141 338
9 314 338
105 1131 338
679 787 338
161 679 338
1042 308 338
145 1042 338
483 34 338
105 1117 338
675 462 338
617 103 338
105 1142 338
318 1042 338
105 1130 338
679 161 338
12 343 338
771 398 338
105 1102 338
105 1105 338
1042 712 338
1052 1118 338
755 781 338
105 1125 338
105 1099 338
105 1103 338
975 509 338
617 103 338
105 1111 338
118 193 338
105 1100 338
325 1072 338
398 771 338
771 398 338
105 1143 338
325 1069 338
145 609 338
105 1144 338
422 308 338
105 1134 338
105 1145 338
939 831 338
105 1146 338
161 679 338
1069 325 338
398 771 338
105 1129 338
398 771 338
105 1124 338
105 1122 338
12 343 338
617 103 338
105 1139 338
105 1123 338
118 194 338
975 144 338
939 1050 338
105 1147 338
105 1148 338
105 1149 338
105 1116 338
105 1150 338
105 1151 338
105 1148 338
1040 939 338
105 1104 338
105 1107 338
475 1103 338
105 1108 338
105 1152 338
792 679 338
323 1036 338
118 193 338
12 343 338
105 644 338
514 439 338
105 209 338
105 308 338
105 992 338
105 32 338
118 101 338
990 513 338
105 640 338
12 1153 338
105 598 338
1103 939 338
105 683 338
1103 440 338
1154 881 338
12 814 338
679 792 338
679 161 338
638 373 338
105 523 338
638 388 338
638 32 338
687 1056 338
12 343 338
1118 1052 338
105 41 338
454 777 338
389 1042 338
325 1069 338
389 509 338
12 389 338
1069 325 338
814 63 338
590 596 338
254 378 338
792 679 338
143 163 338
377 755 338
143 201 338
12 343 338
779 638 338
377 343 338
12 814 338
638 779 338
12 389 338
388 638 338
679 792 338
254 1103 338
72 1139 338
596 590 338
377 343 338
63 814 338
63 814 338
105 72 338
105 701 338
377 343 338
549 969 338
560 598 338
36 1033 338
36 1127 338
697 487 338
12 343 338
792 679 338
12 343 338
487 697 338
308 422 338
539 1103 338
1155 338 338
53 416 338
814 63 338
1069 325 338
12 343 338
679 792 338
204 498 338
105 638 338
12 389 338
36 105 338
814 63 338
105 475 338
12 814 338
105 96 338
12 308 338
12 343 338
1050 939 338
377 272 338
12 389 338
36 105 338
63 814 338
675 462 338
12 343 338
53 343 338
12 308 338
36 525 338
12 297 338
63 814 338
475 105 338
463 687 338
36 105 338
463 1004 338
12 308 338
884 536 338
422 308 338
1041 75 338
884 495 338
53 343 338
1041 41 338
876 687 338
12 343 338
105 475 338
308 422 338
463 469 338
53 343 338
12 308 338
1069 325 338
469 463 338
463 252 338
105 175 338
105 8 338
1069 325 338
105 63 338
463 469 338
105 144 338
876 1091 338
469 463 338
105 624 338
105 1033 338
105 1156 338
12 343 338
105 1157 338
12 308 338
12 389 338
105 393 338
105 675 338
372 314 338
105 1034 338
105 1153 338
463 469 338
105 1036 338
1072 325 338
105 596 338
105 884 338
105 674 338
814 63 338
105 404 338
469 463 338
394 1111 338
105 540 338
105 487 338
422 308 338
389 242 338
12 343 338
704 1141 338
389 830 338
1023 758 338
12 308 338
63 814 338
12 389 338
377 272 338
1158 498 338
498 1158 338
469 463 338
80 463 338
469 806 338
1158 325 338
12 308 338
1041 80 338
80 1041 338
1158 498 338
1070 598 338
12 389 338
103 1072 338
714 284 338
814 63 338
12 343 338
325 1069 338
103 841 338
1041 80 338
325 1072 338
63 814 338
12 308 338
1041 546 338
1072 103 338
80 1041 338
814 63 338
263 281 338
378 254 338
1041 80 338
19 527 338
437 1033 338
63 814 338
513 990 338
1093 1132 338
234 183 338
378 396 338
950 405 338
19 525 338
513 318 338
525 19 338
1113 437 338
711 591 338
440 1097 338
1159 563 338
460 714 338
969 990 339
341 1132 339
546 1041 339
1110 308 339
1041 546 339
1031 42 339
475 468 339
681 617 339
84 1103 339
1113 794 339
53 1101 339
42 1139 339
1113 794 339
687 463 339
42 640 339
42 1031 339
42 483 339
1113 794 339
546 1041 339
1113 294 339
1113 396 339
1113 297 339
495 68 339
495 498 339
1113 1160 339
495 542 339
1113 495 339
495 181 339
495 498 339
1113 389 339
540 495 339
1097 440 339
495 884 339
252 463 339
495 540 339
540 495 339
1097 687 339
495 540 339
191 1131 339
1097 191 339
1113 495 339
969 549 339
191 1097 339
1097 191 339
995 42 339
1113 607 339
423 277 339
191 495 339
498 495 339
1071 598 339
495 498 339
995 105 339
1113 1161 339
1089 882 339
1113 928 339
822 704 339
1113 783 339
1113 739 339
1113 437 339
1113 495 339
191 396 339
1113 928 339
928 714 339
481 644 339
481 332 339
1113 928 339
1113 437 339
1113 42 339
673 724 339
1033 105 339
549 969 339
42 790 339
673 725 339
378 498 339
1113 437 339
1113 673 339
1113 928 339
1113 437 339
1113 673 339
1113 437 339
687 1097 339
1113 673 339
1097 687 339
1113 928 339
687 1097 339
815 939 339
540 667 339
540 667 339
674 1100 339
939 1103 339
495 1113 339
495 191 339
495 498 339
546 495 339
1033 437 339
1113 495 340
1004 908 340
1113 774 340
1004 277 340
1004 783 340
1004 1032 340
1004 687 340
1004 1032 340
687 1004 340
687 753 340
1058 1142 340
536 884 340
1121 415 341
777 405 341
777 454 341
342 638 341
154 357 341
342 319 341
402 762 341
712 758 341
712 1042 341
250 128 341
415 1121 341
697 487 341
598 1071 341
598 1070 341
32 638 341
67 1103 341
1127 654 341
679 453 342
67 343 342
749 173 342
1127 1137 342
1127 123 342
1127 971 342
1026 252 342
1127 405 342
1127 265 342
654 1127 342
209 598 342
337 605 342
1120 306 342
398 260 342
739 781 342
41 1041 342
1126 289 342
1070 598 342
454 777 342
317 679 342
67 1039 342
143 201 342
781 739 342
53 739 342
713 950 342
713 545 342
53 250 342
32 698 342
781 50 342
342 319 342
224 175 342
667 540 342
288 1162 342
224 862 342
1162 288 342
224 839 342
105 1033 342
440 1097 342
595 172 342
1162 27 342
1132 341 342
288 1162 342
527 19 342
1162 288 342
1162 27 342
990 969 342
36 525 342
36 1127 342
36 1033 342
483 193 342
483 42 342
626 586 342
586 626 342
626 590 342
50 781 342
586 626 342
586 626 343
814 603 343
950 1131 343
840 1031 343
498 495 343
840 176 343
498 378 343
431 840 343
68 495 343
181 495 343
605 181 343
431 605 343
431 605 343
590 1144 343
431 605 343
431 605 343
431 605 343
431 605 343
853 1034 343
431 605 343
498 495 343
463 469 343
758 712 343
463 469 343
758 1023 343
463 80 343
463 687 343
463 252 343
176 840 343
27 1162 343
598 1070 343
50 755 343
342 1039 343
396 378 343
9 177 343
509 1103 343
509 454 343
509 454 343
509 389 343
725 673 343
342 1039 343
783 1004 343
118 1070 343
67 938 343
67 1039 343
288 1162 343
342 1039 343
252 463 343
1031 840 343
1031 42 343
1031 840 343
477 317 343
509 1039 343
41 1163 343
323 73 343
540 667 343
323 1164 343
687 463 343
1163 41 343
679 317 343
41 1163 343
42 1031 343
41 1041 343
1163 41 343
67 1039 343
12 415 343
252 97 344
425 765 344
557 926 344
67 1039 344
67 1039 344
687 605 344
131 314 344
389 509 344
67 1039 344
1004 687 344
1103 939 344
617 728 344
617 681 344
830 389 344
617 966 344
252 1103 344
1103 252 344
252 1103 344
338 343 344
3 317 344
926 557 344
343 338 344
342 1039 344
105 654 344
105 314 344
105 332 344
834 1130 344
654 105 344
254 378 344
603 814 344
105 654 344
1047 545 344
1104 1021 344
105 343 344
105 1051 344
252 105 344
105 938 344
105 938 344
938 67 344
431 605 344
431 605 344
431 605 344
431 727 344
431 605 344
431 727 344
204 777 344
204 250 344
431 605 344
191 1049 344
1097 687 344
1097 440 344
840 176 344
840 309 344
621 924 344
687 1097 344
1049 191 344
1097 191 344
483 193 344
317 477 344
317 679 344
840 352 344
840 317 344
679 317 344
317 840 344
840 317 344
840 317 344
317 679 344
679 317 344
667 540 344
191 1097 344
317 679 344
1054 277 345
1054 212 345
1045 654 345
542 495 345
333 317 345
1165 841 345
317 333 345
555 1117 345
333 317 345
1120 408 345
408 590 345
853 881 345
514 840 345
9 598 345
536 532 345
605 734 345
67 1039 345
734 605 345
514 853 345
67 343 345
1070 598 345
658 193 345
605 734 345
734 605 345
67 1039 345
658 1110 345
840 514 345
605 734 345
830 840 345
555 1117 345
734 605 345
542 1070 345
67 1039 345
605 734 345
734 605 345
1039 67 345
605 734 345
734 1023 345
734 605 345
615 277 345
9 598 345
333 317 345
1032 840 345
306 408 345
1166 1034 345
277 615 345
734 605 345
605 734 345
840 1032 345
72 679 345
317 333 345
1032 840 345
615 277 345
840 1032 345
1032 840 345
1034 1166 345
840 1032 345
1032 840 345
532 536 345
840 1032 345
884 536 345
1032 840 345
1107 1012 345
536 884 345
536 532 345
254 1039 345
884 536 345
1060 199 345
840 1032 345
1032 840 345
254 654 345
884 495 345
536 884 345
309 840 345
189 712 345
333 317 345
884 536 345
317 333 345
333 317 345
536 884 345
884 536 345
333 317 345
342 1039 345
536 884 345
1039 254 345
609 971 345
884 536 345
817 346 345
536 884 345
884 536 345
254 1039 345
63 814 345
536 884 345
884 536 345
536 884 345
884 536 345
415 1121 345
415 997 345
36 189 345
405 250 345
536 884 345
405 950 345
495 546 345
405 777 345
1069 317 345
495 498 345
823 498 345
884 536 345
536 884 345
415 840 345
495 68 345
9 282 345
495 181 345
495 498 345
679 72 345
884 536 345
495 542 345
536 884 345
1034 311 345
498 495 345
495 884 345
495 498 345
495 815 345
586 495 345
498 495 345
654 254 345
498 831 345
654 1045 345
679 720 345
652 954 345
683 679 345
498 495 345
498 495 345
884 536 345
536 884 345
1032 783 345
814 603 345
679 683 345
884 495 345
884 536 345
840 415 345
652 753 345
302 155 345
654 302 345
323 1036 345
302 654 345
831 498 345
783 1032 345
536 884 345
389 830 345
884 536 345
536 884 345
884 536 345
536 884 345
884 536 345
725 840 345
536 884 345
884 840 345
884 536 345
337 352 345
498 831 345
1043 840 345
779 475 345
536 884 345
155 302 345
1021 939 345
302 155 345
1021 1104 345
323 966 345
884 536 345
42 353 345
105 758 345
155 302 345
536 884 345
884 536 345
302 155 345
1070 542 345
536 884 345
908 1004 345
12 415 345
884 536 345
704 1131 345
12 926 345
536 884 346
884 536 346
704 958 346
155 302 346
823 498 346
536 884 346
302 155 346
884 536 346
685 128 346
372 569 346
1097 191 346
536 884 346
992 545 346
448 831 346
546 495 346
448 454 346
712 189 346
884 536 346
454 448 346
542 1070 346
1113 495 346
555 1167 346
105 498 346
542 495 346
498 105 346
105 739 346
105 498 346
679 954 346
954 250 346
323 779 346
954 652 346
954 679 346
189 712 346
498 105 346
569 372 346
954 679 346
840 1043 346
105 498 346
105 704 346
498 105 346
598 1070 346
598 209 346
598 560 346
105 498 346
249 72 346
346 817 346
1168 520 346
9 598 346
72 249 346
308 333 346
72 1039 346
617 966 346
439 514 346
817 346 346
323 367 346
617 681 346
437 1033 346
103 1072 346
617 704 346
103 954 346
830 389 346
617 73 346
1113 437 346
333 308 346
547 1169 346
1169 547 346
1087 341 346
1136 739 346
1136 19 346
1136 586 346
323 367 346
1136 306 346
308 281 346
654 302 346
318 513 346
831 498 346
831 448 346
323 367 346
617 704 346
323 367 346
323 367 346
346 817 346
1097 1170 346
323 367 346
1004 908 346
323 367 346
367 323 346
1136 586 346
323 1036 346
536 532 346
1136 48 346
323 367 346
277 815 346
323 753 346
296 199 346
367 323 346
448 454 346
423 536 346
448 831 346
9 598 346
560 598 346
296 1083 346
378 498 346
323 367 346
367 323 346
323 367 346
378 254 346
617 704 346
367 323 346
323 367 346
367 323 346
323 367 346
367 323 346
97 726 346
323 367 346
176 840 346
367 323 346
323 367 346
367 323 346
323 367 346
73 617 346
598 560 346
199 296 346
704 617 346
143 201 346
367 323 346
199 1060 346
199 296 346
323 367 346
367 323 346
1132 725 346
323 367 346
101 198 346
204 777 346
1132 950 346
1083 296 346
367 323 346
481 586 346
323 367 346
367 323 346
1136 1132 346
586 481 346
481 586 346
997 415 346
440 1097 346
586 481 346
323 367 346
514 439 346
950 1132 346
323 1006 346
372 569 346
367 323 346
199 569 346
372 454 346
199 971 346
323 367 346
41 1163 346
367 323 346
323 367 346
367 323 347
323 367 347
372 753 347
1042 389 347
415 840 347
1136 29 347
1042 712 347
712 1042 347
199 840 347
372 1163 347
498 831 347
372 482 347
1042 712 347
498 378 347
323 367 347
712 1042 347
1042 318 347
617 73 347
586 616 347
263 449 347
1042 712 347
430 32 347
734 605 347
430 63 347
734 617 347
367 323 347
220 224 347
1070 598 347
617 734 347
323 753 347
734 617 347
323 367 347
430 857 347
617 734 347
1072 103 347
430 32 347
1004 1103 347
1004 1072 347
734 617 347
679 1083 347
430 598 347
617 734 347
734 617 347
199 598 347
367 323 347
431 617 347
367 323 347
617 734 347
697 870 347
734 617 347
337 272 347
734 617 347
337 263 347
617 734 347
870 697 347
342 1039 347
272 337 347
272 337 347
704 617 347
199 509 347
323 367 347
939 1021 347
697 870 347
175 224 347
367 323 347
9 1132 347
9 1132 347
302 654 347
1004 60 347
9 1132 347
1018 41 347
323 367 347
777 405 347
199 1139 347
41 1018 347
1018 41 347
520 1168 347
755 50 347
617 1171 347
41 1018 347
1004 302 347
1018 41 347
244 142 347
1018 697 347
302 1004 347
8 32 347
41 1018 347
1004 302 347
697 1018 347
1113 437 347
342 1039 347
654 302 347
1172 1173 347
302 654 347
654 302 347
302 654 347
523 308 347
881 853 347
1018 1173 347
302 1174 347
654 302 347
302 654 347
654 302 347
477 317 347
1137 1127 347
67 683 347
697 469 347
498 105 347
477 526 347
469 697 347
1113 101 347
654 498 347
498 654 347
498 654 347
423 1039 347
1128 1034 347
654 498 347
569 372 347
654 498 347
498 654 347
654 498 347
498 378 347
1043 454 347
950 840 347
777 908 347
454 1043 347
1174 302 347
1043 454 347
1136 950 347
1018 697 347
712 1042 347
638 105 347
1043 454 347
840 176 347
840 199 347
840 950 347
638 1175 347
1110 658 347
193 302 347
9 617 347
376 212 347
856 122 347
302 193 347
536 423 347
856 1176 347
638 726 347
536 884 347
454 1043 347
263 337 347
638 590 347
308 523 347
856 7 347
884 536 347
725 1132 347
1113 840 347
638 462 347
638 726 347
1043 454 347
212 376 347
193 658 347
212 6 347
1113 840 347
454 1043 347
176 840 347
212 6 347
1136 50 347
396 191 347
1113 840 347
1043 454 347
1113 815 347
378 498 347
396 400 347
1034 711 347
378 396 347
720 679 347
726 992 347
536 884 347
396 378 347
483 193 347
638 726 347
638 462 347
638 881 347
884 536 347
9 142 347
652 954 347
483 193 347
498 378 347
840 142 347
121 495 347
532 536 347
378 396 347
679 720 347
378 396 347
881 498 347
638 462 347
378 498 347
536 532 347
498 881 347
726 308 347
498 378 347
32 8 347
536 884 347
308 726 347
638 462 347
308 422 347
415 997 347
532 536 347
103 617 347
68 495 347
536 532 347
378 498 347
342 1039 347
323 557 347
638 726 347
323 1036 347
1132 950 347
281 308 347
396 378 347
323 632 347
396 378 347
297 1001 347
532 536 347
753 652 347
753 687 347
396 378 347
323 753 347
638 1124 347
681 617 347
1001 297 347
1132 725 347
638 753 347
884 536 347
103 840 347
297 1001 347
378 396 347
753 638 347
681 758 347
498 378 347
561 1175 347
536 884 347
536 532 347
638 753 347
342 638 347
1087 341 347
323 339 347
378 396 347
396 378 347
323 557 347
1023 734 347
254 654 347
720 679 347
297 1001 347
254 378 347
1087 595 347
323 557 347
681 513 347
840 103 347
1045 654 347
30 161 347
323 557 347
30 679 347
249 297 347
1113 638 347
297 1001 347
323 557 347
483 193 347
378 254 347
840 254 347
1087 595 347
739 105 347
68 638 347
378 396 347
378 396 347
1113 396 347
739 781 347
323 557 347
378 498 347
561 1177 347
726 638 347
396 378 347
323 557 347
297 640 347
1113 396 347
483 193 347
323 557 347
378 396 347
396 378 347
332 840 347
884 536 347
1093 341 347
34 313 347
536 884 347
308 281 347
193 483 347
396 378 347
249 598 347
323 753 347
332 281 348
281 308 348
281 332 348
523 308 348
308 281 348
103 840 348
142 840 348
483 193 348
884 536 348
378 396 348
332 281 348
498 378 348
332 281 348
142 9 348
378 396 348
281 308 348
378 498 348
142 840 348
1093 1131 348
281 332 348
454 1043 348
249 318 348
378 193 348
332 281 348
308 523 348
308 281 348
308 333 348
396 378 348
1043 454 348
193 378 348
323 557 348
1178 586 348
281 308 348
396 378 348
683 67 348
281 332 348
308 281 348
536 884 348
396 586 348
396 378 348
332 281 348
840 332 348
840 142 348
281 308 348
586 396 348
605 277 348
277 605 348
308 281 348
281 332 348
281 308 348
870 840 348
870 840 348
281 332 348
199 840 348
1136 1132 348
378 586 348
1136 739 348
142 840 348
1136 306 348
396 586 348
308 281 348
378 396 348
454 1043 348
378 396 348
281 308 348
586 378 348
332 281 348
396 378 348
586 396 348
378 193 348
308 281 348
254 840 348
211 525 348
586 396 348
378 396 348
211 103 348
1039 254 348
475 870 348
254 378 348
396 586 348
396 586 348
840 142 348
9 1132 348
396 378 348
254 1039 348
586 396 348
142 840 348
281 332 348
598 249 348
870 475 348
378 396 348
378 586 348
598 1070 348
378 396 348
378 254 348
586 378 348
687 409 348
498 753 348
679 720 348
378 586 348
687 639 348
679 30 348
766 181 348
19 211 348
103 211 348
986 254 348
766 372 348
9 598 348
199 595 348
6 201 348
843 62 348
323 142 348
753 1044 348
753 1044 348
704 6 348
254 378 348
6 794 348
986 254 348
1039 254 348
323 341 348
586 378 348
1043 454 348
596 1179 348
454 1043 348
6 1180 348
1180 6 348
523 308 348
884 536 348
605 277 348
1043 454 348
378 254 348
6 1180 348
142 1121 348
378 586 348
1033 437 348
986 254 348
1180 6 348
332 281 348
454 1043 348
277 605 348
536 884 348
6 90 348
254 1039 348
254 378 348
704 6 348
986 254 348
378 254 348
1180 1031 348
189 712 348
555 802 348
605 277 348
586 378 348
704 1181 348
90 6 348
277 605 348
546 454 348
1043 454 348
1069 878 348
704 1181 348
1039 254 348
454 546 348
454 1043 348
605 277 348
712 189 348
704 6 348
277 605 348
422 308 348
323 642 348
704 1181 348
254 1039 348
679 50 348
1043 454 348
254 378 348
605 277 348
986 254 348
884 536 348
249 1181 348
704 1181 348
277 605 348
536 884 348
1039 254 348
307 341 348
704 1181 348
753 498 348
254 1039 348
454 1043 348
341 307 348
307 341 348
341 323 348
884 536 348
341 307 348
254 277 348
1103 1004 348
307 341 348
341 307 348
1043 454 348
679 30 348
50 679 348
277 254 348
307 341 348
254 277 348
494 454 348
189 712 348
341 307 348
323 341 348
762 1137 348
986 254 348
189 712 348
277 254 348
307 341 348
454 1043 348
679 50 348
341 323 348
712 189 348
341 307 348
712 189 348
189 712 348
1136 341 348
986 254 348
189 712 348
1043 454 348
448 314 348
249 1181 348
307 341 348
189 712 348
323 339 348
1136 341 348
341 307 348
323 341 348
254 277 348
1136 341 348
12 598 348
307 341 348
712 189 348
254 986 348
753 712 348
454 1043 348
712 189 348
986 19 348
19 1069 348
161 679 348
712 753 348
254 1039 348
341 323 348
986 254 348
12 598 348
679 161 348
189 712 348
277 254 348
341 307 348
189 712 348
1043 454 348
1178 679 348
1136 341 348
323 341 348
323 341 348
1178 586 348
189 712 348
161 30 348
1178 679 348
483 34 348
30 679 348
161 679 348
307 341 348
341 323 348
341 307 348
323 341 348
30 161 348
254 277 348
1136 1019 348
1019 1136 348
1136 1019 348
307 341 348
341 323 348
323 341 348
277 254 348
341 307 348
161 30 348
341 323 348
254 277 348
149 823 348
307 341 348
679 30 348
679 161 348
323 341 348
277 254 348
161 679 348
341 307 348
307 341 348
254 277 348
181 495 348
605 181 348
254 277 348
341 307 348
181 766 348
679 161 348
277 254 348
307 341 348
277 254 348
249 1181 348
632 323 348
193 149 348
161 679 348
834 8 348
254 277 348
254 277 348
1039 254 348
1124 638 348
277 254 348
605 181 348
1043 454 348
590 654 348
704 277 348
254 1039 348
454 1043 348
679 161 348
8 834 348
53 834 348
161 679 348
679 161 348
834 8 348
8 834 348
834 8 348
53 834 348
1043 454 348
357 840 348
1043 454 348
704 277 348
53 834 348
560 598 348
53 181 348
161 679 348
53 834 348
555 440 348
605 272 348
679 161 348
8 834 348
60 1004 348
53 834 348
454 1043 348
357 1182 348
834 8 348
212 372 348
161 679 348
605 272 348
357 992 348
679 161 348
161 679 348
600 560 348
605 272 348
357 343 348
1180 475 348
679 161 348
189 712 348
357 1118 348
605 272 348
586 481 348
1043 454 348
454 1043 348
652 199 348
161 679 348
143 201 348
1180 1183 348
277 80 348
41 1182 348
590 440 348
357 1041 348
357 1041 348
609 784 348
609 784 348
609 784 348
439 514 348
779 323 348
440 590 348
799 400 348
834 8 348
1173 1172 348
1041 41 348
1173 1018 348
1180 852 348
609 1182 348
357 1041 348
8 834 348
1182 609 348
852 1180 348
1180 852 348
161 679 348
852 1180 348
1180 852 348
357 1181 348
834 8 348
36 770 348
834 8 348
852 1180 348
590 440 348
357 1181 348
609 39 348
50 679 348
357 1111 348
1180 852 348
1043 454 348
815 364 348
357 306 348
600 1180 348
357 1181 348
36 770 348
834 8 348
357 1181 348
191 396 348
815 277 348
815 495 348
639 687 348
357 1184 348
1185 590 348
600 667 348
1185 388 348
1042 712 348
143 357 348
103 841 348
143 357 348
103 1181 348
80 277 348
3 72 348
1182 309 348
309 1186 348
498 639 348
3 72 348
277 80 348
1185 590 348
3 72 348
309 1182 348
80 277 348
1182 309 348
277 80 348
639 498 348
309 1182 348
437 1033 348
80 277 348
600 667 348
277 80 348
600 560 348
80 277 348
3 477 348
615 422 348
277 80 348
1182 309 348
793 1187 348
615 277 348
80 277 348
309 1182 348
498 639 348
309 307 348
600 560 348
1042 781 348
1181 103 348
482 372 348
277 80 348
277 615 348
72 679 348
80 277 349
103 1181 349
277 80 349
1043 454 349
80 277 349
615 277 349
621 772 349
277 80 349
80 277 349
781 1042 349
277 80 349
1004 1103 349
80 277 349
105 498 349
73 617 349
768 772 349
189 712 349
41 1041 349
277 80 349
80 277 349
277 80 349
422 615 349
1033 1188 349
277 594 349
1173 626 349
105 712 349
277 41 349
105 1189 349
768 1189 349
1185 721 349
41 277 349
337 272 349
337 272 349
306 212 349
1189 768 349
277 41 349
810 1184 349
843 1167 349
372 569 349
768 1189 349
317 477 349
1189 768 349
1189 714 349
372 766 349
372 482 349
1189 878 349
714 1189 349
768 1189 349
1189 372 349
546 454 349
1189 768 349
1189 714 349
810 99 349
306 305 349
681 440 349
306 616 349
242 1178 349
1185 1077 349
768 1189 349
1189 768 349
372 765 349
1052 1184 349
372 1189 349
1189 372 349
605 479 349
605 479 349
768 1189 349
308 422 349
1189 768 349
714 460 349
605 479 349
605 479 349
605 1185 349
308 317 349
317 308 349
1189 277 349
103 475 349
475 103 349
308 317 349
103 475 349
475 103 349
103 475 349
53 181 349
768 1189 349
1189 768 349
118 616 349
1189 768 349
118 296 349
118 1070 349
252 815 349
950 1132 349
103 475 349
475 103 349
372 1050 349
103 475 349
475 103 349
103 475 349
475 103 349
103 475 349
475 103 349
878 798 349
103 475 349
103 475 349
475 103 349
1189 482 349
3 194 349
1189 768 349
482 1189 349
884 1097 349
1189 482 349
1110 343 349
103 475 349
1033 1158 349
1189 815 349
1158 542 349
242 454 349
1158 1033 349
1158 437 349
105 308 349
1190 1034 349
482 1189 349
212 306 349
437 1158 349
118 1070 349
1158 638 349
1189 482 349
1189 482 349
1158 297 349
176 928 349
377 856 349
928 176 349
377 415 349
377 755 349
542 1158 349
1117 376 349
176 928 349
555 1173 349
378 254 349
928 176 349
555 843 349
350 1168 349
176 1161 349
176 928 349
350 753 349
642 547 349
928 176 349
547 642 349
350 343 349
422 308 349
482 878 349
176 928 349
642 325 349
377 48 349
479 325 349
535 594 349
928 176 349
555 843 349
176 928 349
1189 482 349
928 176 349
325 479 349
479 325 349
1189 598 349
325 479 350
1189 97 350
479 325 350
325 479 350
479 325 350
479 1033 350
41 379 350
687 1056 350
542 379 350
405 388 350
928 176 350
1033 479 350
1033 1158 350
368 545 350
479 1033 350
1029 939 350
1029 586 350
176 928 350
928 176 350
1033 437 350
176 928 350
1033 1072 351
1033 479 351
214 1181 351
460 714 351
398 546 351
638 1158 351
398 546 351
638 1124 351
638 68 351
546 398 351
342 1039 351
342 626 352
626 1173 352
626 342 352
342 626 352
342 1039 352
1039 342 352
342 1039 352
352 332 352
342 1039 352
189 626 352
199 652 352
720 679 352
1127 1137 352
199 546 352
1087 1187 352
1087 1187 352
462 675 352
675 462 352
675 462 352
465 679 352
44 249 352
44 189 352
372 473 352
372 26 352
1127 372 352
1127 536 352
1186 309 352
189 635 352
536 1127 352
1127 536 352
536 1127 352
679 161 352
954 103 352
679 50 352
679 72 352
954 652 352
679 720 352
679 465 352
569 372 352
1113 142 352
1113 323 352
1113 815 352
114 124 352
652 954 352
249 779 352
317 308 352
114 103 352
494 1189 352
1050 372 352
679 72 352
514 439 352
72 679 352
1142 1058 352
679 72 352
72 679 353
183 234 353
617 73 353
679 72 353
777 315 353
755 377 353
1137 1127 353
72 679 353
713 1158 353
1189 1191 353
72 679 353
1189 536 353
713 950 353
30 161 353
536 1189 353
640 297 353
30 679 353
1189 536 353
713 462 353
679 72 353
536 1189 353
679 30 353
72 679 353
713 884 353
1189 536 353
1189 536 353
713 346 353
713 250 353
1181 1083 353
713 681 353
1189 1181 353
536 1189 353
713 1018 353
713 214 353
1189 536 353
30 679 353
679 72 353
536 1189 353
679 30 353
30 1 353
713 1036 353
30 679 353
1189 536 353
679 30 353
679 72 353
713 1101 353
1181 1189 353
30 679 353
1185 598 353
1189 80 353
72 679 353
713 249 353
1189 1181 353
1181 1189 353
80 1189 353
713 87 353
679 30 353
713 999 353
1189 1181 353
72 679 353
30 679 353
713 714 353
713 884 353
679 72 353
779 381 353
713 781 353
679 30 353
1189 80 353
30 679 353
713 998 353
713 1042 353
713 1036 353
1181 1189 353
1189 569 353
1189 1181 353
679 30 353
72 679 353
713 725 353
713 609 353
713 687 353
713 124 353
713 370 353
80 1189 353
713 749 353
1 30 353
713 1165 353
713 199 353
713 716 353
713 1185 353
713 1189 353
713 1189 353
1185 495 353
712 189 353
260 949 353
990 1142 353
260 509 353
260 398 353
260 103 353
542 1059 353
36 189 353
1185 1130 353
1066 277 353
547 1169 353
1136 48 353
1042 781 353
1165 713 353
277 1066 353
308 317 353
483 1189 353
1066 277 353
277 1066 353
1066 277 353
277 1066 353
713 1185 353
594 277 353
1136 309 353
430 32 353
569 1189 353
1066 277 353
594 535 353
277 594 353
277 1066 353
1066 277 353
277 1066 353
1066 277 353
950 713 353
859 19 353
594 277 353
277 1066 353
277 594 353
594 277 353
950 309 353
537 939 353
1066 277 353
1189 80 353
1189 713 353
307 309 353
1189 569 353
1094 991 353
1014 277 353
1189 546 353
1189 546 353
1189 482 353
1018 713 353
42 1191 353
42 288 353
288 42 353
686 341 353
720 679 353
454 1043 353
454 546 353
272 337 353
272 337 353
454 242 353
483 1189 353
1101 713 354
734 1023 354
425 765 354
323 1036 354
323 779 354
189 712 354
72 1039 354
53 594 354
341 686 354
993 277 354
36 189 354
1127 536 354
377 755 354
998 713 354
615 569 354
615 8 354
615 249 354
615 297 354
615 536 354
615 1117 354
372 1127 354
372 569 354
372 1050 354
1066 495 354
3 1192 354
277 1014 354
1036 323 354
569 372 354
277 993 354
495 586 354
495 498 354
765 372 354
87 713 354
1136 398 354
495 498 354
495 498 354
372 569 354
1036 454 354
495 884 354
765 425 354
993 277 354
332 352 354
364 993 354
495 546 354
277 993 354
1036 1039 354
513 440 354
495 1113 354
569 372 354
1190 1034 354
332 352 354
1190 394 354
482 1189 354
993 364 354
993 277 354
224 175 354
686 341 354
378 586 354
277 993 354
495 542 354
725 1132 354
483 1189 354
495 121 354
847 63 354
725 713 354
495 68 354
372 569 354
114 1189 354
1181 654 354
277 993 354
495 181 354
495 815 354
1110 281 354
569 372 354
495 1185 354
495 1066 354
114 1189 354
1189 598 354
483 1189 354
372 378 354
114 357 354
372 402 354
483 1189 354
498 495 354
498 495 354
372 569 354
402 1173 354
1066 495 354
1189 626 354
569 372 354
1189 840 354
1189 840 354
1066 277 354
1066 840 354
840 1189 354
840 1066 354
1066 840 354
431 307 354
840 1066 354
1066 840 354
483 1189 354
48 840 354
249 713 354
249 615 354
840 48 354
712 189 354
483 1189 354
48 840 354
415 538 354
1189 595 354
353 42 354
1167 840 354
372 569 354
595 199 354
323 1036 354
90 598 354
595 1189 354
569 372 354
353 1187 354
1189 595 354
1136 48 354
1136 398 354
595 1189 354
1189 220 354
1189 595 354
297 1158 354
595 1189 354
840 1167 354
840 48 354
1189 595 354
297 640 354
318 1042 354
840 1186 354
297 615 354
53 62 354
212 306 354
586 495 354
595 1189 354
586 378 354
1167 840 354
1189 595 354
143 479 354
598 90 354
598 1189 354
1189 598 354
1189 595 354
1032 783 354
954 652 354
288 1193 354
483 1189 354
48 840 354
288 1183 354
483 372 354
306 212 354
1186 840 354
9 1183 354
1039 72 354
741 928 354
546 454 354
546 495 354
546 199 354
546 1189 354
1186 840 354
449 263 355
1183 288 355
1183 288 355
958 704 355
306 394 355
288 1183 355
394 306 355
439 514 355
781 1042 355
297 640 355
1183 288 355
306 570 355
570 306 355
781 713 355
377 48 355
1014 277 355
570 400 355
306 676 355
288 1183 355
1042 781 355
1018 252 355
1034 32 355
704 958 355
542 495 355
1113 323 355
1113 495 355
454 1036 355
454 546 355
536 1127 355
536 615 355
626 1189 355
1178 615 355
600 779 355
600 667 355
1190 288 355
1190 1034 355
1190 288 355
1190 1034 355
535 594 355
1190 50 355
1190 1034 355
378 586 355
378 372 355
1190 1034 355
233 797 355
1190 1034 355
1190 288 355
1181 1194 355
993 277 355
288 470 355
1190 1034 355
9 1183 355
509 389 355
509 260 355
823 149 355
72 1039 355
1036 454 355
431 823 355
1117 615 355
1126 289 355
1190 1034 355
73 617 355
823 242 355
309 307 355
19 434 355
704 1195 355
72 683 355
704 1183 355
204 1189 355
204 615 355
309 712 355
514 439 355
214 713 355
32 1034 355
1113 323 355
1189 546 355
283 583 355
1189 626 355
1113 309 355
1113 823 355
586 378 355
9 32 355
1113 1182 355
679 720 355
487 598 355
189 712 355
9 1196 355
9 1197 355
9 1191 355
377 1117 355
1032 823 355
377 1117 355
9 1190 355
189 712 355
586 570 355
9 1196 355
9 1198 355
189 712 355
9 1181 355
770 277 355
9 1196 355
966 323 355
9 1188 355
9 1169 355
189 712 355
9 1196 355
9 928 355
966 617 355
9 598 355
9 72 355
162 851 355
220 1018 355
817 1199 355
1196 1189 355
9 1196 355
712 309 355
9 1196 355
712 189 355
598 487 355
9 1196 355
783 1186 355
9 1196 356
617 966 356
487 598 356
598 487 356
9 1196 356
9 34 356
189 712 356
9 598 356
9 598 356
1186 783 356
9 598 356
9 282 356
938 105 356
9 598 356
1066 815 356
189 712 356
9 1196 356
9 598 356
9 598 356
9 598 356
583 283 356
9 72 356
323 966 356
1186 1056 356
783 1186 356
9 1196 356
9 598 356
9 598 356
1196 155 356
9 598 356
758 741 356
9 72 356
9 598 356
189 712 356
9 1196 356
9 598 356
9 598 356
679 720 356
72 679 356
9 1196 356
212 394 356
679 72 356
9 72 356
342 495 356
9 598 356
323 758 356
72 679 356
323 758 356
679 72 356
323 758 356
323 758 356
68 495 356
323 758 356
323 758 356
683 72 356
720 679 356
398 758 356
720 679 356
176 840 356
388 405 356
758 398 356
758 683 356
72 679 356
716 713 356
72 683 356
1173 402 356
1059 542 356
555 1173 356
555 306 356
144 1127 356
422 615 356
846 588 356
250 713 356
144 1200 356
402 1201 356
617 704 356
454 1036 356
1110 281 356
1110 474 356
128 105 356
993 277 356
595 1189 356
402 1201 356
143 201 356
840 1167 356
840 1186 356
1110 281 356
884 536 356
149 823 356
615 536 356
615 1117 356
615 422 356
959 958 356
297 615 356
1186 840 356
770 149 356
313 34 356
1036 454 356
378 586 356
1188 1033 356
407 97 356
53 250 356
312 1014 356
53 1202 356
679 720 356
342 1039 356
679 72 356
44 770 356
454 1036 356
884 536 356
389 509 356
776 400 356
776 704 356
9 72 356
9 928 356
440 513 356
462 713 356
194 1178 356
9 1169 356
9 1181 356
34 313 356
440 758 356
1083 1181 357
9 607 357
1127 144 357
9 607 357
1127 536 357
1029 586 357
9 282 357
9 607 357
525 211 357
9 607 357
9 607 357
9 928 357
9 607 357
9 928 357
9 477 357
201 607 357
1110 281 357
1181 1083 357
12 598 357
12 598 357
1110 281 357
1127 1203 357
1178 194 357
1110 281 357
12 598 357
749 969 357
1178 194 357
594 535 357
12 599 357
12 926 357
1178 194 357
1158 542 357
12 308 357
12 926 357
712 189 357
277 993 357
639 498 357
639 212 357
12 569 357
12 569 357
12 598 357
928 741 357
1199 817 357
1199 1204 357
1199 1006 357
1043 454 357
1199 1049 357
12 569 357
1199 1003 357
1136 48 357
12 926 357
1136 398 357
12 569 357
1136 29 357
12 938 357
1014 1194 357
12 569 357
114 770 357
12 176 357
12 569 357
103 954 357
396 372 357
830 277 357
198 101 357
12 569 357
12 719 357
12 719 357
277 830 357
145 1042 357
12 569 357
44 770 357
535 594 357
830 277 357
372 396 357
145 341 357
840 1186 357
372 396 357
145 830 357
12 569 357
323 341 357
44 770 357
683 758 357
1205 869 357
1137 67 357
683 72 357
145 830 357
277 830 357
1113 277 357
830 277 357
770 44 357
277 830 357
114 103 357
3 194 357
172 277 357
1 477 357
758 683 357
758 440 357
389 830 357
372 396 357
372 396 357
372 396 357
19 389 357
372 389 357
114 770 357
372 396 357
372 396 357
372 389 357
487 598 357
1185 1077 357
372 396 357
1136 719 357
283 379 357
252 1018 357
830 277 357
220 1018 357
372 396 357
830 389 357
800 422 357
95 712 357
800 964 357
67 1137 357
307 309 357
95 63 357
307 1183 357
95 713 357
712 95 357
762 713 357
1132 725 357
762 992 357
525 19 357
1132 1174 357
103 378 357
189 712 357
815 1066 357
712 189 357
609 815 357
1167 840 357
430 857 357
797 233 357
431 823 357
342 797 357
1136 719 357
800 422 357
725 1132 357
1087 1183 357
1087 307 357
6 1174 357
719 1136 358
67 1137 358
1087 341 358
1136 719 358
67 449 358
901 884 358
576 575 358
576 350 358
576 212 358
9 1196 358
9 928 358
9 1181 358
576 885 358
576 1167 358
740 615 358
9 1206 358
1120 317 358
67 901 358
1041 41 358
741 928 358
814 823 358
1186 840 358
1186 277 358
901 67 358
41 1041 358
41 1040 358
966 323 358
1186 638 358
966 323 358
638 1186 358
67 901 358
1186 638 358
1190 393 358
638 1186 358
733 576 358
884 536 358
733 596 358
277 1186 358
638 511 358
1187 353 358
1186 277 358
394 576 358
277 1186 358
596 733 358
342 638 358
586 378 358
199 713 358
586 1029 358
290 44 358
646 1021 358
1189 638 358
638 1189 358
1113 990 358
1072 1189 358
1189 1072 358
199 595 358
290 63 358
12 308 358
12 8 358
1113 1161 358
290 408 358
12 527 358
560 638 358
12 1188 358
12 1188 358
482 761 358
357 835 358
1181 254 358
357 1161 358
555 3 358
357 527 358
770 277 358
234 638 358
596 605 358
725 638 358
29 1136 358
277 770 358
378 586 358
378 103 358
770 277 358
277 770 358
67 1206 358
67 1184 358
615 740 358
9 1196 358
770 277 358
9 1181 358
725 719 358
454 1043 358
9 72 358
1040 41 358
277 770 358
770 277 358
706 484 358
1066 815 358
378 193 358
638 725 358
638 640 358
1043 454 358
640 638 358
277 770 358
638 640 358
859 19 358
638 560 358
342 638 358
770 277 358
144 1127 358
617 103 358
638 342 358
12 8 358
511 638 358
323 966 358
617 103 358
105 938 358
638 511 358
638 511 358
105 128 358
234 596 358
144 290 358
12 8 358
277 770 358
193 378 358
1037 233 358
706 638 358
193 378 358
658 193 358
1183 704 358
325 1169 358
12 8 358
297 1158 358
9 1183 358
770 277 358
297 615 358
1183 307 358
19 1207 358
625 662 358
297 733 358
625 662 358
625 662 358
625 662 358
297 640 358
625 662 358
625 662 358
853 881 358
706 638 358
625 534 358
277 770 358
1169 325 358
118 1070 358
704 1183 358
290 144 358
323 341 358
741 1208 358
12 8 358
704 1209 358
1033 1188 358
12 8 358
582 1210 358
1033 1211 358
770 277 358
582 328 358
193 658 358
582 861 358
144 290 358
582 1212 358
41 1040 358
1033 1209 358
741 697 358
12 8 358
706 277 358
277 770 358
1209 704 358
853 514 358
704 1209 358
605 596 358
770 277 358
277 770 358
269 1045 358
1066 475 358
297 1158 358
1196 704 358
63 95 358
12 8 358
704 605 358
1209 704 358
63 290 358
605 704 358
704 1209 358
1209 704 358
704 1209 358
1174 1132 358
704 605 358
770 277 358
161 679 358
475 1066 358
781 1018 358
605 596 358
605 704 358
1209 704 358
704 605 358
161 30 358
1209 1033 358
128 338 358
704 1209 358
90 598 358
605 704 358
679 161 358
919 51 358
704 605 358
919 704 358
1066 475 358
704 919 358
1209 704 358
1213 306 358
704 1209 358
398 758 358
1209 704 358
704 1209 358
128 338 358
586 378 358
605 704 358
898 1198 358
161 679 358
843 62 358
1209 704 358
1213 389 358
792 356 358
704 1209 358
9 1183 358
1213 1186 358
843 62 358
1209 704 358
1213 389 358
704 1209 358
341 1072 358
1209 704 358
779 56 358
356 792 358
128 338 358
1213 1032 358
704 1209 358
372 1209 358
1209 704 358
454 1043 358
704 1209 358
269 638 358
90 269 358
843 62 358
372 527 358
9 1183 358
152 1153 358
405 388 358
638 269 358
378 193 358
372 919 358
378 586 358
234 144 358
152 1153 358
372 928 358
193 378 358
792 356 358
152 372 358
372 919 358
234 1018 358
1214 372 358
269 90 358
234 1018 358
919 372 358
152 372 358
679 161 358
586 378 358
152 1153 358
234 50 358
919 50 358
234 50 358
372 919 358
919 372 358
928 372 358
919 41 358
90 269 358
161 679 358
193 1215 358
90 697 358
1209 704 358
1215 193 358
372 919 358
152 372 358
843 62 358
193 1215 358
372 928 358
919 372 358
1209 372 358
1214 372 358
372 919 358
843 62 358
372 1209 358
152 372 358
36 189 358
779 1181 358
598 1216 358
919 372 358
843 62 358
1181 779 358
928 372 358
378 193 358
297 1158 358
815 609 358
378 586 359
779 1181 359
638 103 359
1181 779 359
514 853 359
152 372 359
152 1153 359
103 638 359
41 919 359
779 1181 359
638 103 359
41 1215 359
843 62 359
372 928 359
103 638 359
638 103 359
1185 144 359
152 372 359
679 161 359
704 1209 359
1185 898 359
152 1153 359
346 590 359
843 62 359
1185 638 359
152 372 359
152 1153 359
843 62 359
1093 638 359
103 378 359
652 954 359
128 194 359
377 32 359
609 815 359
48 1136 359
596 1153 359
1217 482 359
919 41 359
843 62 359
152 372 359
90 48 359
482 1217 359
740 615 359
152 1153 359
1153 596 359
50 234 359
50 919 359
50 919 359
317 308 359
793 90 359
317 1120 359
1181 779 359
1218 881 359
152 1153 359
732 958 359
706 277 359
779 1181 359
1181 779 359
1215 41 359
605 103 359
350 343 359
152 1153 359
1217 482 359
881 1218 359
596 1153 359
152 1153 359
193 378 359
1043 454 359
586 378 359
482 1217 359
1093 1206 359
605 103 359
378 103 359
652 598 359
1217 482 359
378 193 359
605 277 359
152 1153 359
103 378 359
482 1217 359
605 317 359
1153 596 359
209 1217 359
683 758 359
605 103 359
598 652 359
1217 482 359
1018 781 359
706 615 359
193 378 359
706 194 359
152 1153 359
652 598 359
706 615 359
605 103 359
596 1153 359
1185 194 359
152 1153 359
815 609 359
605 615 359
714 460 359
12 599 359
706 1219 359
1072 341 359
706 615 359
1153 596 359
152 1153 359
605 615 359
714 713 359
823 1032 359
128 338 359
605 249 359
143 1037 359
823 149 359
143 442 359
823 814 359
9 1181 359
220 1018 359
152 1153 359
9 679 359
609 815 359
1072 878 359
627 1185 359
1185 1220 359
928 372 359
596 1153 359
9 753 359
975 609 359
1185 627 359
9 72 359
152 1153 359
1153 596 359
209 1072 359
9 1183 359
609 975 359
755 377 359
1214 372 359
377 755 359
48 152 359
1189 1217 359
152 1153 359
1185 823 359
596 1153 359
19 1221 359
779 1181 359
1033 1209 359
341 1072 359
1153 596 359
9 753 359
152 48 359
152 1153 359
194 1185 359
48 152 359
9 753 359
9 1183 359
194 465 359
1217 1189 359
1113 823 359
9 753 359
814 823 359
194 1004 359
194 271 359
1209 1033 359
152 48 359
9 753 359
1043 1072 359
1209 704 359
9 753 359
823 1185 359
809 1101 359
194 1101 359
194 560 359
823 814 359
152 1153 359
1113 815 359
9 596 359
48 152 359
1113 823 359
9 753 359
220 1018 359
823 1211 359
194 590 359
596 1153 359
194 181 359
475 1167 359
152 48 359
194 794 359
194 567 359
152 1153 359
9 1183 359
1153 596 359
9 753 359
194 679 359
1185 194 359
815 609 359
823 1222 359
1113 823 359
1185 823 359
815 1113 359
1181 779 359
9 753 359
823 1113 359
1089 975 359
814 823 359
9 1183 359
823 1185 359
9 1181 359
152 1153 359
209 823 359
152 1185 359
1185 823 359
220 1018 359
596 1153 359
823 814 359
50 679 359
1113 815 359
152 1153 359
823 209 359
9 753 359
1113 823 359
9 1183 359
823 1185 359
9 72 359
209 823 359
1153 596 359
779 1181 359
475 1167 359
1113 1216 359
1185 823 359
41 919 359
814 823 359
823 209 359
1101 194 359
9 753 359
823 1185 359
823 814 359
1184 719 359
609 815 359
152 1153 359
1113 823 359
823 41 359
209 823 359
1113 815 359
1087 1187 359
815 609 359
1113 1216 359
1113 823 359
12 599 359
1181 779 359
609 815 359
1113 815 359
1184 1052 359
1223 72 359
220 1018 359
152 1153 359
823 209 359
1113 1216 359
12 527 359
596 1153 359
878 1072 359
12 599 359
128 338 359
72 1223 359
128 194 359
815 609 359
823 1163 359
12 711 359
814 823 359
1080 1207 359
128 338 359
711 1034 359
609 815 359
12 711 359
823 814 359
793 1224 359
152 1153 359
12 711 359
823 1185 359
1113 815 359
209 823 359
12 711 359
1223 72 359
128 1080 359
1153 596 359
9 601 359
1113 823 359
9 72 359
12 711 359
9 753 359
814 823 359
9 1183 359
823 209 359
12 599 359
1185 823 359
1163 1211 359
212 303 359
823 814 359
823 1185 359
1113 823 359
963 63 359
995 346 359
1185 823 359
1225 1183 359
1183 1225 359
12 711 359
1183 1225 359
823 1185 359
12 8 359
1226 1185 359
1184 9 359
1178 878 359
1010 463 359
1113 823 359
1225 1183 359
1185 823 359
1226 1185 359
1185 823 359
475 1163 359
814 823 359
1189 1217 359
1226 540 359
1032 823 359
1189 878 359
596 1153 359
878 1189 359
1189 878 359
105 915 359
1034 711 359
815 609 359
80 277 359
128 878 359
277 80 359
128 338 359
1183 307 359
1185 277 359
277 1185 359
80 277 359
878 128 359
609 815 359
1185 277 359
878 598 359
815 609 359
277 80 359
277 1185 359
609 815 359
80 277 359
48 152 359
669 1196 359
80 277 359
277 80 359
80 277 359
277 80 359
80 277 359
41 823 359
1185 277 359
80 277 359
41 1217 359
277 1185 359
277 80 359
80 277 359
1185 277 359
277 80 359
815 609 359
277 1185 359
80 277 359
609 815 359
1185 277 359
48 1184 359
470 288 359
815 609 359
609 815 359
1184 48 359
815 609 359
815 609 359
609 815 359
609 815 359
48 1184 359
815 609 359
440 1215 359
609 815 359
1227 1018 359
681 440 359
1185 583 359
1184 48 359
815 609 359
609 815 359
80 194 359
609 815 359
48 1184 359
1113 990 359
555 594 359
626 1189 359
555 594 359
1181 341 359
546 454 359
1113 990 359
555 802 359
308 1185 359
308 615 360
42 353 360
42 1018 360
306 1228 360
42 1229 360
42 1183 360
840 1186 360
72 1039 360
1004 194 360
1184 48 360
372 928 360
372 536 360
555 1187 360
681 513 360
308 155 360
308 753 360
1018 42 360
1214 372 360
180 242 360
242 180 360
180 242 360
42 488 360
306 308 360
242 180 360
1198 898 360
1198 9 360
242 823 360
242 454 360
180 242 360
242 180 360
180 242 360
547 63 360
242 180 360
540 1226 360
41 1198 360
1058 1142 360
62 598 360
1227 72 360
72 1227 360
1227 72 360
72 1227 360
1227 72 360
72 1227 360
1227 72 360
1213 306 360
1213 362 360
72 1227 360
1041 41 360
687 481 361
687 642 361
687 479 361
687 252 361
214 1216 361
679 194 361
615 308 362
594 209 362
288 470 362
1132 725 362
1132 1174 362
954 652 362
1132 950 362
851 162 362
1174 1132 362
209 594 362
527 372 362
1190 306 362
1190 708 362
9 679 362
317 605 362
1021 646 362
536 372 362
70 163 362
70 1113 362
1113 70 362
758 683 362
343 350 362
1039 72 362
297 1158 362
1174 547 362
297 999 362
297 1158 362
70 1113 362
297 615 362
297 249 362
944 70 362
498 639 362
1189 626 362
498 495 362
547 1174 363
713 1158 363
615 277 363
713 740 363
465 194 363
713 1158 363
465 679 363
713 681 363
1215 440 363
297 615 363
713 362 363
594 209 363
342 1039 363
1224 62 363
1183 1230 363
9 679 363
9 679 363
713 999 363
1196 669 363
713 1036 363
713 1036 363
9 109 363
297 615 363
1174 547 363
1136 48 363
342 1039 363
944 697 363
32 1231 363
307 1183 363
32 1217 363
32 1232 363
857 430 363
32 1211 363
32 1196 363
249 1209 363
32 494 363
964 638 363
32 1099 363
32 638 363
297 1158 363
249 886 363
297 1158 363
297 1158 363
249 44 363
1158 713 363
779 277 363
697 779 363
1158 152 363
342 502 363
779 697 363
697 779 363
779 697 363
697 915 363
1174 502 363
697 779 363
779 697 363
254 1181 363
779 697 363
697 779 363
1233 502 363
1136 342 363
1136 1158 363
297 1158 363
67 1216 363
308 306 363
342 379 363
143 1037 363
1018 1227 363
1059 389 363
1196 32 363
297 615 363
470 288 363
36 189 363
1064 1216 363
297 615 363
1064 1216 363
1234 615 363
220 1018 363
220 1018 363
1018 220 363
834 1196 363
220 1018 363
866 203 363
350 343 363
582 779 363
333 308 363
189 712 363
594 1171 363
87 27 363
189 144 363
42 1183 363
739 1136 363
308 333 363
308 272 363
350 343 363
1183 42 363
70 1113 363
739 317 364
250 475 364
739 254 364
254 739 364
27 87 364
204 777 364
204 615 364
204 1189 364
297 615 364
598 652 364
358 250 364
1111 394 364
615 297 364
638 32 364
638 964 364
638 1093 364
706 194 364
706 277 364
288 470 364
706 484 364
706 1219 364
388 405 364
350 343 364
1185 840 364
638 1235 364
470 288 364
161 679 364
63 963 364
638 1066 364
1215 254 364
638 1066 364
323 341 364
323 753 364
470 992 364
1215 254 364
626 1189 364
1231 32 364
576 394 364
626 1193 364
323 732 364
576 254 364
587 1185 364
638 1066 364
1185 587 364
254 576 364
576 254 364
551 1117 364
254 576 364
840 1185 364
576 254 364
810 626 364
810 654 364
810 626 364
254 576 364
473 372 364
252 1018 364
509 389 364
114 770 364
958 732 364
576 254 364
323 346 364
810 626 364
810 654 364
323 346 364
1215 254 364
1018 252 364
323 234 364
810 654 364
254 576 364
1185 840 364
323 346 364
9 308 364
810 626 364
9 569 364
254 1215 364
437 1033 364
1234 254 364
810 654 364
323 1235 364
323 346 364
386 422 364
9 569 364
557 302 364
1215 254 364
254 1215 364
323 325 364
454 242 364
1114 575 364
1215 254 364
1114 1188 364
454 546 364
1146 861 364
323 339 364
800 964 364
1215 254 364
800 422 364
1215 254 364
810 654 364
254 1215 364
254 1215 364
576 254 364
1215 254 364
576 733 364
1146 1050 364
254 576 364
576 254 364
810 654 364
72 1039 364
605 73 364
810 654 364
810 626 364
1234 254 364
454 372 364
144 1185 364
1234 704 364
681 402 364
63 609 364
144 189 364
1236 368 364
30 161 364
502 1174 364
325 323 364
323 325 364
402 681 364
350 605 364
350 343 364
810 323 364
810 654 364
810 323 364
810 654 364
323 640 364
1237 323 364
42 840 364
640 323 364
810 323 364
323 640 364
640 323 364
1237 323 364
189 144 364
323 640 364
652 954 364
810 323 364
254 1234 364
640 323 364
42 144 364
323 640 364
1237 323 364
640 323 364
350 323 364
323 640 364
640 323 364
323 640 364
323 42 364
422 386 364
323 1047 364
323 1047 364
1042 1034 364
1237 323 364
1234 254 364
652 598 364
350 343 364
350 323 364
1174 502 364
389 509 364
389 1059 364
341 1181 364
42 323 364
350 323 364
1237 323 364
1167 475 364
350 343 364
810 654 364
144 42 364
42 32 364
323 42 364
626 498 364
42 144 364
144 189 364
323 341 364
42 323 364
1236 640 364
323 42 364
1237 323 364
498 626 364
189 144 364
1237 323 364
42 654 364
810 626 364
810 654 364
1237 323 364
254 1234 364
42 323 364
1236 277 364
144 42 364
626 498 364
644 1216 364
810 626 364
654 42 364
1237 323 364
323 42 364
1042 34 364
1142 1058 364
1237 871 364
1142 990 364
323 950 364
1237 323 364
42 144 364
683 758 365
144 644 365
810 626 365
350 323 365
398 144 365
1237 323 365
1237 323 365
341 323 365
323 341 365
144 42 365
810 626 365
1237 323 365
350 323 365
144 398 365
1237 323 365
144 189 365
810 626 365
144 398 365
626 498 365
1237 323 365
341 323 365
1237 323 365
323 341 365
1237 323 365
341 323 365
323 341 365
706 1219 365
1237 323 365
1136 739 365
713 342 365
1236 726 365
1050 1146 365
341 323 365
1189 626 365
626 1189 365
323 341 365
1237 323 365
1113 70 365
350 323 365
1189 626 365
277 1236 365
145 341 365
726 1236 365
626 249 365
145 1042 365
1237 323 365
341 323 365
431 605 365
350 323 365
277 1186 365
1236 726 365
1189 1238 365
408 290 365
323 341 365
277 687 365
1237 323 365
626 1189 365
323 350 365
145 341 365
1236 626 365
726 1236 365
1237 323 365
1189 1097 365
1236 726 365
1186 277 365
1189 626 365
341 323 365
277 1186 365
626 1236 365
1236 645 365
626 1189 365
626 1189 365
1237 1236 365
1097 1189 365
1186 277 365
1189 626 365
323 341 365
408 317 365
1189 1097 365
1237 1236 365
840 1185 365
840 42 365
343 350 365
341 323 365
840 1185 365
726 1236 365
725 1132 365
323 341 365
626 1189 365
341 323 365
1237 1236 365
1196 834 365
626 1189 365
1189 626 365
1236 339 365
323 341 365
1136 626 365
1189 840 365
42 144 365
878 713 365
53 250 365
341 323 365
53 1018 365
204 1239 365
323 341 365
1237 1236 365
42 323 365
204 1189 365
204 615 365
1237 1236 365
42 72 365
980 277 365
626 1189 365
339 1236 365
1136 376 365
350 343 365
1236 339 365
725 638 365
1136 654 365
339 1236 365
1237 1236 365
1189 835 365
944 1236 365
1136 398 365
339 323 365
1236 532 365
1236 339 365
1189 768 365
1237 1236 365
1236 252 365
823 1113 365
41 1236 365
848 309 365
823 1185 365
1237 1236 365
532 1236 365
317 739 365
72 42 365
1236 719 365
1189 1034 365
252 1236 365
848 841 365
1236 41 365
823 814 365
1136 398 365
719 1236 365
1236 532 365
823 1032 365
823 41 365
42 72 365
252 1236 365
1236 252 365
823 242 365
823 149 365
1236 719 365
1236 252 365
252 1236 365
944 1236 365
1236 252 365
823 149 365
252 1236 365
615 823 365
72 42 365
719 1236 365
1237 1236 365
1236 252 365
1136 398 365
1236 719 365
252 1236 365
1236 252 365
1237 1236 365
719 1236 365
1236 252 365
1113 823 365
252 1236 365
532 1236 365
252 1236 365
431 853 365
1217 1189 365
431 605 365
1236 532 365
1236 252 365
944 1236 365
1236 532 365
1237 1236 365
725 1217 365
944 1236 365
1189 1217 365
252 1236 365
1217 725 365
233 797 365
1217 1189 365
495 498 365
760 352 365
495 498 365
725 1217 365
760 325 365
1237 1236 365
495 546 365
495 542 365
1217 725 365
495 342 365
725 1217 365
495 68 365
495 498 365
1189 1217 365
652 495 365
1217 725 365
1217 1189 365
725 1217 365
1234 254 365
1056 1186 365
835 1189 365
1217 725 365
62 1224 365
1198 1230 365
1189 1217 365
325 760 365
1217 32 365
114 770 365
928 372 365
1136 586 365
1056 1004 365
1004 1056 365
1056 1032 365
1056 1004 365
713 1215 365
204 1189 365
109 282 365
1056 1004 365
204 615 365
590 893 365
713 1036 365
725 1217 365
357 713 365
963 63 365
713 884 365
687 6 365
713 1042 365
1056 687 365
687 1056 365
1056 687 365
687 1056 365
814 823 365
1056 687 365
1056 176 365
1215 713 365
224 144 365
687 1056 365
1185 840 365
1056 687 365
687 713 365
1004 1056 365
1240 836 365
1056 1186 365
687 1185 365
794 194 365
1056 1004 365
209 594 365
687 1056 365
591 711 365
1056 687 365
675 462 365
1117 551 365
1056 1033 365
1237 1167 365
1185 687 365
1004 1056 365
1056 1042 365
621 768 365
1056 1004 365
687 1056 365
479 687 365
1237 1167 365
1056 687 365
843 1167 365
687 1185 365
843 1167 365
1240 536 365
1004 1056 365
843 1167 365
1056 1004 365
993 364 365
687 277 365
843 1167 365
1127 697 365
277 687 365
687 277 365
687 298 365
394 576 365
364 993 365
1186 1056 365
617 704 365
317 105 365
617 103 365
617 103 365
1224 62 365
277 687 365
172 840 365
281 1110 365
1224 260 365
1181 254 365
1181 341 365
144 42 365
687 1056 365
144 224 365
617 704 365
617 704 365
32 42 365
687 1056 365
536 1240 365
32 1217 365
1224 277 365
317 479 365
1213 479 365
87 27 365
224 144 365
144 645 365
9 109 365
1214 372 365
1214 249 365
1214 180 365
144 224 365
273 1002 366
681 402 366
681 402 366
12 1042 366
1113 495 366
12 527 366
462 675 366
12 109 366
252 1056 366
1158 297 366
67 938 366
145 341 366
145 1042 366
645 1236 366
176 101 366
1110 281 366
645 144 366
1233 502 366
34 1042 366
800 1241 366
1242 343 366
834 1196 366
475 250 366
204 615 366
204 1189 366
12 569 366
1185 144 366
12 569 366
341 1181 366
830 277 366
1037 143 366
281 337 366
12 569 366
1045 269 366
63 963 366
615 204 366
800 569 366
1136 1158 366
1196 834 366
834 1196 366
27 87 366
105 317 366
800 569 366
62 1224 366
834 144 366
536 615 366
950 323 366
642 687 366
990 1142 366
368 1236 366
569 800 366
800 569 366
569 800 366
600 667 366
1224 62 366
800 569 366
323 42 366
569 800 366
323 339 366
323 950 366
323 642 366
800 569 366
12 569 366
323 339 366
9 652 366
339 323 366
950 323 366
770 44 366
1059 389 366
950 353 366
1189 204 366
576 394 366
325 1243 366
1243 325 366
343 1242 366
1215 278 366
1059 325 366
704 598 366
1243 325 366
474 834 366
105 569 366
1059 1243 366
569 105 366
105 569 366
468 277 366
323 339 366
323 950 366
502 1233 366
468 272 366
758 683 366
569 105 366
272 654 366
272 468 366
1033 437 366
342 1244 366
654 272 366
1113 990 366
105 569 366
617 73 366
569 105 366
468 272 366
1186 277 366
1033 1056 366
105 569 366
250 475 366
342 323 366
1189 835 366
475 250 366
600 342 366
296 295 366
277 468 366
12 599 366
250 475 366
297 615 366
36 779 366
475 250 366
569 105 366
1185 302 366
835 1189 366
36 189 366
835 1245 366
569 105 366
105 569 366
1214 714 366
963 63 366
302 1185 366
1214 714 366
250 475 366
297 1158 366
475 250 366
1187 1230 366
1214 1239 366
1214 1113 366
1245 835 366
950 323 366
569 105 366
713 1059 366
105 569 366
124 713 366
36 770 366
569 105 366
68 495 366
1189 835 366
250 475 366
704 1246 366
1189 502 366
704 1247 366
704 1247 366
1189 482 366
502 1189 366
482 1189 366
475 250 366
105 569 366
704 1231 366
1189 502 366
1214 502 366
1181 341 366
1189 482 366
250 475 366
481 252 366
482 1189 366
302 1187 366
1189 482 366
1189 482 366
482 1189 366
482 1189 366
884 713 366
1189 482 366
1214 704 366
713 1241 366
482 1189 366
475 250 366
1214 704 366
835 1189 366
1189 482 366
482 1189 366
1189 482 366
1189 482 366
1181 569 366
128 569 366
1214 502 366
482 1189 366
1189 835 366
1189 482 366
1083 679 366
1214 704 366
128 12 366
599 12 366
706 1219 366
706 713 366
569 105 366
1214 704 366
835 1189 366
569 1181 366
252 481 366
1189 502 366
1189 835 367
502 1189 367
128 569 367
1189 502 367
871 1237 367
1237 871 367
278 1215 367
36 189 367
36 189 367
36 770 367
1214 475 367
477 1 367
36 189 367
128 569 367
1187 302 367
1071 598 367
302 1187 367
128 573 367
1248 194 367
233 42 367
128 569 367
233 1113 367
1248 817 367
1248 817 367
1248 817 367
474 713 367
128 569 367
249 626 367
353 950 367
50 1248 367
128 706 367
654 353 367
1248 50 367
302 1238 367
103 617 367
353 654 367
639 498 367
704 1248 367
1189 835 367
50 1248 367
1248 704 367
639 388 367
1248 50 367
1113 233 367
1036 713 367
835 1189 367
779 627 367
1189 835 367
835 1189 367
3 1249 367
53 250 367
1 477 367
29 1248 367
50 1248 367
299 1083 367
835 308 367
53 646 367
1189 835 367
402 681 367
3 1113 367
1224 536 367
627 779 367
1215 278 367
189 144 367
278 1215 367
1126 289 367
835 1189 367
810 654 367
919 713 367
536 1224 367
1224 536 367
654 810 367
1189 835 367
817 1248 367
72 679 367
732 323 367
697 1127 367
697 127 367
389 1059 367
50 296 367
964 800 367
402 1250 367
810 654 367
753 323 367
32 1234 367
681 402 367
402 681 367
1234 32 367
810 654 367
32 1234 367
681 402 367
296 50 367
36 779 367
32 353 367
1189 595 367
654 810 367
1234 32 367
1167 576 367
32 1234 367
950 353 367
1234 32 367
32 1234 367
479 317 367
341 323 367
1234 32 367
32 1234 367
6 687 367
779 627 367
683 758 367
242 823 367
1189 683 367
1187 302 367
969 779 367
1215 278 367
1234 32 367
1215 817 367
770 277 367
32 1234 367
1234 32 367
1181 569 367
232 44 367
288 470 367
1189 835 367
308 273 367
1234 32 367
323 732 367
323 753 367
323 341 367
323 341 367
6 439 367
350 713 367
350 343 367
654 1251 367
1231 704 367
1178 1126 367
252 1236 367
252 1236 367
779 713 367
63 963 367
308 835 367
770 277 367
30 1176 367
569 1181 367
969 779 367
640 1236 367
1043 454 367
454 1043 367
1213 1186 367
969 779 367
881 1249 367
713 706 367
706 713 367
969 779 367
1043 454 367
1231 1252 367
454 1043 367
1036 713 367
289 1126 367
969 779 367
36 770 367
36 211 367
1034 1189 367
1087 1136 368
1253 654 368
1087 1187 368
595 1189 368
700 1174 368
249 626 368
1249 881 368
758 683 368
881 1249 368
249 626 368
881 1249 368
514 853 368
617 103 368
249 626 368
881 1249 368
1253 72 368
800 964 368
799 32 368
626 249 368
617 103 368
617 73 368
1189 1034 368
440 1244 368
1043 454 368
626 586 368
969 779 368
966 323 368
53 250 368
62 1224 368
323 966 368
966 323 368
586 626 368
367 323 368
749 783 368
323 966 368
323 367 368
627 779 368
367 323 368
626 586 368
325 1243 368
194 706 368
749 700 368
325 1059 368
357 523 368
706 194 368
749 302 368
317 479 368
1234 1254 368
357 8 368
586 626 368
704 1231 368
770 1255 368
194 706 368
342 1039 368
1186 713 368
357 474 368
586 1253 368
1238 302 368
770 1255 368
357 1039 368
706 194 368
1239 990 368
1239 886 368
103 1255 368
704 700 368
1256 615 368
1189 768 368
103 1256 368
353 950 368
966 1171 368
1256 103 368
800 1256 368
1002 273 368
19 886 368
1256 800 368
281 317 368
706 1256 368
1256 706 368
800 1256 368
704 1257 368
1256 800 368
103 1256 368
342 173 368
1255 285 368
9 679 368
1224 62 368
502 1189 368
1248 817 368
1248 29 368
62 1224 368
626 586 368
1154 391 368
1154 391 368
1154 391 368
1248 60 368
173 342 368
770 277 368
1248 966 368
317 281 368
317 281 368
342 173 368
884 297 368
72 1253 368
19 1015 368
118 779 368
19 1016 368
1236 252 368
1258 10 368
1236 1118 368
462 913 368
118 222 368
1248 234 368
462 282 368
1236 1259 368
1118 1236 368
1241 713 368
118 817 368
42 323 368
42 233 368
325 1248 368
800 1256 368
103 1002 368
72 1253 368
1002 103 368
103 1002 368
233 1037 368
234 1248 368
1002 103 368
60 1248 368
560 194 368
1248 234 368
118 357 368
317 263 368
1248 325 368
1153 152 368
719 1251 368
1113 1255 368
1258 10 368
1113 233 368
10 1258 368
1196 834 368
1224 62 368
1113 3 368
479 367 368
1185 1002 368
1113 233 368
388 639 368
1256 800 368
1113 1255 368
1255 1113 368
1248 131 368
1113 233 368
590 964 368
128 706 368
1113 1255 368
654 563 368
596 50 368
131 1248 368
1185 495 368
834 1196 368
53 250 368
740 1256 368
527 12 368
53 646 368
118 779 368
963 63 368
128 569 368
357 701 368
1256 740 368
32 1234 368
32 799 368
843 1167 368
357 802 368
281 317 368
101 370 368
101 370 368
1034 1189 368
1189 502 368
32 1255 368
281 254 368
367 479 368
67 1255 368
1255 32 368
678 212 368
32 1255 368
367 479 368
1189 1034 368
1214 68 368
370 101 368
1248 560 368
1255 32 368
67 1255 368
479 367 368
32 1255 368
1231 704 368
1260 725 368
596 654 368
367 479 368
1255 32 368
357 1260 368
118 32 368
67 1255 368
32 1255 368
357 708 368
118 32 368
1255 32 368
1258 10 368
706 1256 368
1231 1118 368
32 118 368
605 700 368
32 1255 368
1256 706 368
103 605 368
770 1260 368
1255 32 368
1234 32 368
32 1255 368
118 817 368
32 1234 368
605 103 368
67 1255 368
128 569 368
1189 118 368
1260 719 368
569 128 368
706 1256 368
128 569 368
770 277 368
1189 1261 368
297 884 368
719 1260 368
103 605 368
128 706 368
800 706 368
249 1246 368
605 103 368
1260 719 368
249 1260 368
249 1260 368
249 1136 368
719 1260 368
1236 1118 368
193 233 368
725 1260 368
431 605 368
1189 1255 368
103 605 368
249 1260 368
605 103 368
431 605 368
1260 719 368
719 1260 368
1260 249 368
1255 1189 368
431 727 368
1260 719 368
725 1261 368
19 527 368
1236 1153 368
431 605 368
249 1260 368
1214 68 369
41 1236 369
437 1033 369
1236 41 369
1260 725 369
1174 700 369
1189 1255 369
1231 552 369
1236 1153 369
1176 30 369
725 1260 369
1111 393 369
1255 1189 369
41 1236 369
128 569 369
964 800 369
41 1255 369
1236 41 369
41 1236 369
431 605 369
1255 41 369
1260 725 369
249 596 369
1153 1236 369
41 1255 369
1236 1153 369
1236 41 369
552 1231 369
1153 1236 369
799 32 369
1219 706 369
1236 1153 369
725 1260 369
1255 41 369
1153 1236 369
1214 68 369
683 1189 369
1236 437 369
994 145 369
1219 1256 369
1236 1153 369
249 1260 369
1153 1236 369
431 605 369
569 128 369
1189 683 369
41 1255 369
1236 209 369
431 605 369
1236 41 369
1059 389 369
1113 886 369
1255 41 369
502 1189 369
1059 713 369
1236 41 369
1260 725 369
704 1231 369
1236 536 369
725 1260 369
1214 1236 369
809 779 369
1189 502 369
1260 725 369
502 1189 369
1236 1153 369
1176 856 369
1214 1236 369
1213 502 369
596 249 369
1153 1236 369
1236 368 369
1214 714 369
296 194 369
128 569 369
1189 502 369
1214 1236 369
1236 152 369
725 1260 369
502 1189 369
249 596 369
1214 1113 369
1231 704 369
1236 67 369
1189 502 369
1214 1236 369
1236 714 369
502 1189 369
1260 725 369
1213 502 369
1214 1113 369
484 706 369
706 128 369
1189 502 369
706 800 369
962 1204 369
706 1219 369
706 484 369
1213 502 369
725 1260 369
704 1231 369
1214 1236 369
502 1189 369
1214 1113 369
368 1236 369
1214 1236 369
372 527 369
263 317 369
372 928 369
509 364 369
1214 1236 369
367 1248 369
1234 32 369
1231 704 369
994 893 369
706 502 369
1189 502 369
1214 1236 369
835 308 369
605 557 369
393 1111 369
1260 725 369
1236 487 369
725 1260 369
1231 367 369
1260 719 369
835 1189 369
1248 367 369
658 193 369
1153 1236 369
1236 1153 369
367 1231 369
372 1117 369
1236 1153 369
367 1248 369
1117 372 369
1189 835 369
1185 545 369
725 1260 369
1153 1236 369
398 72 369
1248 367 369
605 337 369
569 128 369
1181 569 369
719 1260 369
372 1117 369
367 1248 369
835 1189 369
846 792 369
605 62 369
846 792 369
1189 835 369
1260 725 369
372 928 369
372 454 369
317 263 369
372 473 369
1178 679 369
128 542 369
1260 719 369
725 1260 369
719 1260 369
337 605 369
101 118 369
1184 1181 369
1260 725 369
1178 679 369
1260 719 369
1181 1184 369
1246 249 369
62 1224 369
846 128 369
62 605 369
296 295 369
719 1260 369
1260 719 369
719 1260 369
809 1262 369
1189 835 369
1189 1255 369
377 1117 369
1260 725 369
474 357 369
1118 1231 369
1118 1236 369
681 1118 369
1118 681 369
1190 32 369
325 1260 369
859 357 369
681 1118 369
719 1260 369
1195 1167 369
398 313 369
1118 681 369
97 407 369
72 398 369
539 713 369
1231 1118 369
1118 1231 369
681 1118 369
1263 713 369
234 50 369
285 1255 369
1118 681 369
72 679 369
681 1118 369
1118 681 369
681 1118 369
1118 681 369
994 713 369
681 1118 369
615 1213 369
1118 681 369
681 1118 369
1118 681 369
377 415 369
615 1103 369
681 1118 369
1118 681 369
513 388 369
513 590 369
377 1185 369
1118 681 369
740 713 369
994 1103 369
50 596 369
1246 99 369
377 1185 369
762 513 369
212 678 369
68 1214 369
1066 713 369
372 1246 369
1158 1136 369
372 713 369
1158 297 369
372 353 369
1246 372 369
1158 713 369
994 513 369
1158 713 369
144 1185 369
596 50 369
144 834 369
377 3 369
994 97 369
547 713 369
97 994 369
928 372 369
1214 68 370
68 1214 370
377 144 370
994 97 370
1214 68 370
1185 144 370
1021 547 370
377 615 370
1189 713 370
144 1185 370
928 362 370
547 1018 370
994 536 370
760 975 370
547 1021 370
794 1161 370
372 928 370
994 1054 370
308 835 370
204 615 370
51 969 370
204 1189 370
928 372 370
878 437 370
928 964 370
297 1158 370
878 1255 370
48 1136 370
1189 437 370
245 699 370
298 687 370
1189 204 370
638 725 370
1189 297 370
950 353 370
1189 482 370
388 513 370
323 367 370
323 42 370
323 42 370
297 1189 370
323 341 370
341 323 370
341 323 370
323 341 370
323 341 370
323 341 370
323 298 370
341 323 370
323 341 370
341 323 370
48 323 370
323 341 370
323 48 370
341 323 370
48 323 370
323 341 370
323 48 370
405 388 370
1240 536 370
341 323 370
323 341 370
48 323 370
323 48 370
1195 103 370
48 323 370
341 323 370
323 48 370
1195 103 370
323 341 370
1196 834 370
341 323 370
1186 783 370
1195 103 370
323 341 370
48 323 370
454 1043 370
341 323 370
323 48 370
1213 615 370
323 341 370
48 323 370
323 48 370
781 538 370
341 323 370
1018 547 370
48 323 370
1213 277 370
1195 103 370
547 1018 370
245 1264 370
1018 547 370
1264 245 370
245 1264 370
323 341 370
323 48 370
547 1018 370
781 307 370
9 679 370
9 1206 370
341 323 370
9 1196 370
48 323 370
323 341 370
1093 341 370
1093 341 370
1093 950 370
323 48 370
341 323 370
341 1093 370
353 950 370
323 341 370
48 323 370
323 48 370
323 741 370
341 323 370
48 323 370
741 323 370
950 353 370
323 341 370
323 48 370
323 741 370
353 950 370
341 323 370
48 323 370
323 341 370
928 1265 370
323 48 370
950 353 370
741 323 370
48 323 370
323 741 370
950 1093 370
323 48 370
323 48 370
42 323 370
741 323 370
323 42 370
323 741 370
48 323 370
42 323 370
323 48 370
323 42 370
741 323 370
341 323 370
323 741 370
323 341 370
48 323 370
323 48 370
741 323 370
42 323 370
341 323 370
323 741 370
323 42 370
323 341 370
741 323 370
48 323 370
42 323 370
323 741 370
323 48 370
323 42 370
341 323 370
42 928 370
741 323 370
323 341 370
48 323 370
323 741 370
42 323 370
323 48 370
341 323 370
42 1266 370
323 42 370
687 298 370
48 323 370
323 341 370
687 1056 370
928 80 370
323 48 370
341 323 370
48 323 370
741 323 370
323 341 370
323 48 370
323 741 370
341 323 370
42 323 370
928 42 370
323 341 370
323 42 370
741 323 370
323 741 370
341 323 370
741 323 370
48 323 370
323 341 370
323 741 370
323 48 370
48 323 370
48 323 370
323 48 370
741 323 370
323 48 370
323 741 370
341 323 370
48 323 370
48 323 370
741 323 370
323 341 370
1267 323 370
323 48 370
323 741 370
323 1267 370
48 323 370
1131 309 370
323 48 370
341 323 370
741 323 370
48 323 370
1267 323 370
323 341 370
323 741 370
323 48 370
323 1267 370
741 323 370
323 741 370
1267 323 370
323 1267 370
72 1039 370
1267 323 370
323 1267 370
48 323 370
741 323 370
1267 323 370
323 48 370
48 323 370
341 323 370
323 741 370
323 1267 370
323 341 371
323 1267 371
341 323 371
1267 323 371
741 323 371
204 1189 371
350 447 371
617 704 372
679 72 372
964 928 372
41 1255 372
32 1190 372
277 1213 372
1178 1158 372
233 193 372
70 1113 372
342 1268 372
594 840 372
342 1268 372
342 1268 372
342 1268 372
342 1268 372
342 1268 372
1127 322 372
1127 641 372
1113 70 372
1127 1269 372
342 1268 372
1268 342 372
1136 48 372
1136 1158 372
1136 1270 372
1271 1 372
342 1268 372
1127 536 373
999 713 373
999 297 373
80 928 373
415 329 373
797 1268 373
1127 1137 373
588 1185 373
9 679 373
621 48 373
309 1131 373
415 142 373
415 12 373
415 1121 373
415 329 373
415 997 373
1272 887 373
958 704 373
1127 2 373
1272 265 373
966 1248 373
770 44 373
958 959 373
527 372 373
958 621 373
1248 966 373
799 32 373
1042 713 373
1042 1056 373
70 1113 373
470 288 373
1042 12 373
1042 145 373
779 809 373
1042 34 373
525 1246 373
32 799 373
1255 285 373
1255 878 373
1255 41 373
799 32 373
32 799 373
431 727 373
799 32 373
278 1215 373
431 617 373
498 639 373
963 393 373
1248 80 373
834 1196 373
621 958 373
72 679 373
42 1270 373
725 638 373
736 617 373
1113 70 373
53 1272 373
725 1260 374
127 697 374
627 431 374
32 220 374
713 1158 374
713 1158 374
713 372 374
1246 525 374
1270 1136 374
431 627 374
32 638 374
1273 1274 374
525 1246 374
1142 990 374
627 431 374
36 770 374
1195 1167 374
288 470 374
372 527 374
372 713 374
1273 475 374
475 1273 374
542 495 374
372 1244 374
542 128 374
63 797 374
542 314 374
1244 1275 374
1246 525 374
462 675 374
1043 454 374
1033 437 374
525 1246 374
278 1248 374
1248 278 374
114 770 374
542 1216 374
105 475 374
278 1248 374
1211 1033 374
1131 309 374
1211 1163 374
1211 32 374
823 149 374
1259 1236 374
823 1185 374
823 41 374
1248 278 374
105 288 374
823 1211 374
288 105 374
278 1248 374
105 288 374
32 1211 374
288 105 374
425 765 374
105 701 374
475 105 374
105 288 374
105 475 374
425 753 374
487 1236 374
105 1276 374
105 1276 374
288 105 374
105 1181 374
823 615 374
105 288 374
105 569 374
288 105 374
606 821 374
569 105 374
105 288 374
823 1139 374
42 620 374
42 142 374
288 105 374
105 569 374
142 415 374
105 288 374
350 617 374
770 36 374
105 638 374
569 105 374
105 569 374
998 823 374
142 1260 374
822 679 374
142 42 374
823 998 374
454 1043 374
105 42 374
823 308 374
105 323 374
105 307 374
142 713 374
569 105 374
475 105 374
105 569 374
105 475 374
105 569 374
770 114 374
105 606 374
252 350 374
142 1277 374
569 105 374
105 964 374
606 105 374
105 569 374
105 606 374
606 105 374
606 105 374
569 105 374
105 606 374
105 606 374
1248 346 374
105 569 374
964 105 374
569 105 374
105 964 374
105 569 374
105 964 374
964 105 374
569 105 374
105 964 374
105 569 374
569 105 374
617 350 374
105 569 374
463 252 374
463 687 374
1213 277 374
463 1010 374
569 105 374
899 586 374
70 1113 374
463 339 374
105 463 374
105 569 374
569 105 374
463 105 374
1036 713 374
725 835 374
105 569 374
924 1158 374
105 463 374
105 463 374
32 105 374
463 105 374
339 463 374
105 463 374
105 463 374
615 204 374
615 1213 374
32 105 374
32 1234 374
615 823 374
487 3 374
105 463 374
105 463 374
32 349 374
105 32 374
199 1244 374
105 621 374
32 105 374
3 487 374
105 32 374
621 105 374
105 621 374
32 105 374
34 282 374
298 687 374
823 615 374
105 32 374
298 323 374
105 155 374
142 257 374
1062 9 374
32 105 374
1062 42 374
105 32 374
377 415 374
377 615 374
42 1062 374
704 617 374
859 431 375
859 547 375
536 1236 375
318 802 375
536 994 375
536 1127 375
644 144 375
1260 142 375
1260 719 375
105 697 375
969 51 375
644 1251 375
644 1251 375
144 644 375
323 298 375
32 1127 375
644 144 375
144 644 375
32 1260 375
357 474 375
617 704 375
644 144 375
144 644 375
1260 32 375
644 144 375
144 644 375
644 144 375
144 644 375
644 1099 375
644 1099 375
357 605 375
644 144 375
144 644 375
144 644 375
644 144 375
144 644 375
644 144 375
257 142 375
899 105 375
144 644 375
899 644 375
1 1271 375
144 1278 375
899 644 375
644 144 375
249 713 375
899 629 375
1248 1279 375
1248 1279 375
249 1260 375
899 644 375
144 644 375
249 1117 375
644 899 375
644 144 375
144 644 375
144 921 375
644 144 375
249 1117 375
644 1234 375
629 899 375
144 644 375
63 60 375
1103 309 375
644 144 375
72 883 375
144 644 375
644 1279 375
1185 463 375
249 1103 375
415 1260 375
48 621 375
105 899 375
431 605 375
32 1260 375
309 1103 375
1189 835 375
431 605 375
1189 1103 376
1260 32 376
431 605 376
32 1260 376
1260 32 376
32 1260 376
1103 1189 376
1189 1103 376
1103 309 376
1103 1189 376
1189 1103 376
835 1189 376
308 823 376
834 621 376
327 1255 376
377 755 376
1260 32 376
357 379 376
1234 644 376
327 1103 376
1103 1189 376
327 463 376
704 958 376
1189 1103 376
654 1248 376
704 1280 376
809 779 376
9 1062 376
9 1132 376
1260 1042 376
704 1255 376
1260 505 376
596 654 376
704 1244 376
9 1280 376
9 1279 376
9 1261 376
654 596 376
297 999 376
357 474 376
878 1255 376
357 474 376
32 1260 376
357 474 376
1280 1244 376
50 234 376
1280 704 376
542 1069 376
357 474 376
60 63 376
770 1280 376
1281 644 376
1281 60 376
1281 60 376
509 815 376
357 72 376
509 758 376
711 1034 376
1043 454 376
357 72 376
357 72 376
687 298 376
1280 1210 376
701 105 376
615 823 376
1034 711 376
711 1034 376
448 823 376
393 963 376
1282 221 376
1034 711 376
749 713 376
1034 711 376
711 1034 376
1281 1283 376
1113 70 376
1256 615 376
615 1256 376
711 1034 376
1281 950 376
1034 711 376
220 32 376
474 640 376
711 1034 376
800 964 376
209 1255 376
640 474 376
1034 711 376
474 640 376
711 1034 376
810 708 376
224 701 376
1034 711 376
711 1034 376
1034 711 376
44 1189 376
711 1034 376
605 272 376
474 749 376
1227 1117 376
1034 711 376
1034 711 376
1181 105 376
711 1034 376
234 50 376
1253 586 376
1253 72 376
1034 711 376
72 1253 376
644 1281 376
72 1253 376
640 1253 376
1253 72 376
711 1034 376
1253 640 376
220 224 376
1034 711 376
640 1253 376
644 654 376
654 644 376
640 712 376
586 1253 376
725 835 377
644 654 377
770 1280 377
654 644 377
725 1260 377
899 1185 377
899 1189 377
1253 640 377
63 60 377
1253 586 377
1196 834 377
1253 1284 377
48 152 377
152 48 377
1285 912 377
3 555 377
48 152 377
285 1255 377
152 48 377
145 1042 377
145 994 377
853 514 377
72 1253 377
1253 605 377
1253 605 377
1286 48 377
48 152 377
1253 72 377
1286 48 377
152 48 377
938 67 377
72 1253 377
48 152 377
12 415 377
12 527 377
12 128 377
12 175 377
1186 1056 377
475 468 377
346 1248 377
220 224 377
1284 1253 377
323 298 377
586 1253 377
714 1284 377
1127 152 377
1127 1284 377
41 1255 377
41 823 377
590 638 377
1284 1127 377
1284 714 377
323 367 377
621 48 377
621 834 377
249 1260 377
621 105 377
249 358 377
1158 924 377
1158 924 377
621 772 377
621 719 377
42 704 377
924 1158 377
249 547 377
704 42 377
924 1158 377
42 474 377
525 1246 377
999 297 377
1246 525 377
1234 227 377
425 1103 377
1246 645 377
1127 1284 377
1246 525 377
1246 525 377
42 474 377
42 1280 377
42 323 377
42 474 377
1246 525 377
1206 1093 377
42 502 377
323 42 377
42 474 377
1280 511 377
1136 1158 377
1136 1158 377
502 42 377
42 474 377
1189 204 377
42 502 377
1189 502 377
502 42 377
42 502 377
502 1189 377
346 1284 377
277 1186 377
323 42 377
1280 1287 377
1287 1280 377
42 474 377
600 1189 377
42 644 377
1246 652 377
474 42 377
749 474 377
600 42 377
42 474 377
474 749 377
527 923 377
749 474 377
42 242 377
474 749 377
1127 298 377
1189 502 377
42 831 377
1281 644 377
1281 699 377
686 950 377
42 194 377
1281 308 378
41 502 378
1127 219 378
42 573 378
1253 468 378
193 658 378
1253 50 378
1288 42 378
42 831 378
1253 1287 378
386 422 378
1127 802 378
114 770 378
1127 474 378
42 1050 378
281 1280 378
687 1283 378
781 1280 378
781 1287 378
538 781 378
357 1253 378
6 212 378
781 538 378
1253 781 378
781 1253 378
454 1043 378
1127 194 378
357 1253 378
1253 781 378
1127 840 378
781 281 378
1280 781 378
1280 281 378
700 605 378
700 704 378
357 1253 378
712 640 378
281 1280 378
281 781 378
1253 357 378
357 758 378
758 509 378
357 758 378
1281 291 378
357 1253 378
199 1051 378
474 1014 378
357 758 378
12 527 378
357 758 378
646 474 378
212 1289 378
357 1253 378
212 6 378
357 758 378
1042 1260 378
681 617 378
6 212 378
357 758 378
212 6 378
753 425 378
6 212 378
1290 617 378
357 598 378
357 758 378
357 758 378
681 212 378
6 212 378
212 6 378
646 758 378
357 758 378
681 617 378
646 758 378
681 212 378
12 617 378
12 605 378
681 758 378
1290 605 378
1290 617 378
42 831 378
681 212 378
646 758 378
12 605 378
681 758 378
1237 199 378
12 599 378
220 346 378
681 758 378
646 758 378
1290 605 378
12 758 378
12 605 378
681 758 378
12 598 378
431 605 378
199 1237 378
357 843 378
9 1280 378
9 1196 378
357 1291 378
9 477 378
12 605 378
9 1206 378
219 1127 378
32 1260 378
1281 1291 378
12 605 378
84 598 378
681 758 378
220 346 378
681 617 378
12 605 378
357 528 378
357 792 378
1280 281 378
810 626 378
357 1142 378
357 792 378
1052 1260 378
810 626 378
357 792 378
810 626 378
12 605 378
357 792 378
152 1127 378
810 626 378
357 1142 378
1033 1211 378
152 1158 378
12 605 378
357 792 378
323 753 378
1236 487 378
509 758 378
1236 487 378
357 792 378
12 605 378
357 1291 378
357 792 378
474 1187 378
758 509 378
908 263 378
1033 1292 378
9 1280 378
1127 219 378
1127 152 378
1043 454 378
398 1291 378
1214 933 378
1291 398 378
398 1291 378
1291 398 378
398 1291 378
1291 398 378
1281 308 378
12 599 378
498 1293 378
1281 950 378
281 1280 378
1281 308 378
1227 1237 379
1127 1291 379
1281 950 379
1281 308 379
810 626 379
966 1248 379
1127 1291 379
1291 1127 379
152 1127 379
1127 1291 379
1281 308 379
1281 308 379
1117 1227 379
733 626 379
733 626 379
1216 542 379
733 1291 379
1291 1127 379
733 626 379
12 389 379
733 1291 379
1117 1227 379
1281 308 379
1117 1227 379
542 1216 379
733 626 379
12 840 379
733 654 379
1056 1186 379
1281 308 379
454 1043 379
1056 252 379
1117 1227 379
12 599 379
733 454 379
525 19 379
32 626 379
12 599 379
733 454 379
525 19 379
1281 308 379
733 454 379
87 1260 379
323 298 379
323 298 379
605 462 379
1281 308 379
733 1208 379
298 1127 379
323 298 379
1185 899 379
733 454 379
733 1056 379
1281 950 379
733 1231 379
1185 588 379
733 1231 379
733 1231 379
1185 144 379
525 19 379
733 1231 379
1185 302 379
739 317 379
303 298 379
733 1231 379
306 408 379
733 1231 379
482 1294 379
1260 725 379
525 19 379
733 1231 379
1260 1042 379
323 298 379
923 527 379
733 1231 379
323 308 379
176 561 379
615 1185 379
615 1042 379
1113 1294 379
1236 1185 379
1255 704 379
1255 878 379
1255 209 379
1236 103 379
309 1103 379
1260 87 379
1113 1216 379
733 1231 379
686 950 379
1113 1255 379
1255 285 379
1255 41 379
923 527 379
1113 1255 379
681 758 379
1113 1255 379
1236 1005 379
1236 103 379
1185 823 379
733 1231 379
1236 1227 379
1158 924 379
1158 924 379
1236 1224 379
525 103 379
1113 1255 379
1236 1227 379
1236 1227 379
103 525 379
733 1231 379
525 103 379
1158 152 379
525 103 379
733 1231 379
1236 1005 379
878 1255 379
475 468 379
1158 152 379
1236 1227 379
733 1231 379
1236 1224 379
525 103 379
733 1231 379
1236 103 379
666 1276 379
733 1231 379
1236 103 379
1158 840 379
733 1231 379
302 749 379
733 1231 379
733 1231 379
1236 1217 379
1043 454 379
733 1231 379
103 525 379
834 1196 379
525 103 379
733 454 379
454 1043 379
1281 1173 379
1236 1224 379
834 621 379
323 298 379
525 103 379
1236 1005 379
1281 950 379
733 302 379
1189 1260 379
834 1234 379
1236 282 379
349 32 379
733 1231 379
733 454 379
733 302 379
733 302 379
1189 689 379
525 103 379
1043 454 379
733 1231 379
323 758 379
103 525 379
1224 483 379
1105 199 379
733 1231 379
1189 475 379
1189 598 379
733 302 379
323 298 379
1189 882 379
733 1231 379
733 302 379
1236 1224 379
733 302 379
1255 878 379
454 1043 379
733 1231 379
323 308 379
323 308 379
282 109 379
468 475 379
323 308 379
475 1189 379
475 468 379
878 1255 379
733 1231 379
1105 475 379
733 1255 379
954 652 379
475 1105 379
954 103 379
1224 536 379
760 590 379
1043 454 379
834 1234 379
1234 834 379
733 1231 379
1255 878 379
1105 475 379
282 34 379
297 999 379
878 1255 379
704 1295 379
323 308 379
193 233 379
1255 878 379
475 1105 379
704 1296 379
878 1255 379
792 1297 379
964 1202 379
834 1234 379
704 1298 379
379 32 379
199 1105 379
1105 475 379
1105 199 379
546 454 379
19 1299 379
733 1231 379
199 1105 379
1178 1189 379
1113 1255 379
686 950 379
199 1183 379
272 654 379
1105 199 379
272 468 379
733 1231 379
272 605 379
733 1231 379
733 1255 379
1255 878 379
199 1105 379
1113 1255 379
686 234 379
878 1255 379
1113 1255 379
638 590 379
733 1231 379
1189 475 379
733 1255 379
323 298 379
323 298 379
1183 234 379
1255 878 379
1183 234 379
1183 234 379
733 1231 380
733 475 380
323 298 380
199 1234 380
1161 794 380
323 298 380
142 1260 380
483 1189 380
733 1231 380
483 1224 380
555 590 380
733 1231 380
555 440 380
323 298 380
1136 739 380
733 1231 380
323 298 380
1284 346 380
733 475 380
1136 1158 380
193 1299 380
1224 483 380
475 1105 380
1105 475 380
323 298 380
733 475 380
878 1255 380
1113 1255 380
483 199 380
878 848 380
483 1224 380
527 923 380
1105 475 380
323 298 380
323 298 380
483 199 380
475 1105 380
475 1105 380
950 686 380
483 199 380
638 1300 380
1105 475 380
733 475 380
252 1056 380
1286 1231 380
281 263 380
263 281 380
475 1105 380
254 1260 380
1105 475 380
1286 1231 380
638 254 380
654 272 380
475 1105 380
72 1253 380
733 475 380
1260 254 380
281 263 380
1105 475 380
254 1260 380
323 298 380
272 654 380
1260 254 380
638 254 380
654 272 380
654 272 380
254 1260 380
1105 475 380
546 638 380
281 263 380
638 1300 380
638 546 380
1260 254 380
475 1105 380
1300 638 380
475 1105 380
638 1300 380
323 298 380
323 298 380
546 638 380
1300 638 380
733 475 380
733 475 380
638 546 380
1105 475 380
733 475 380
778 974 380
835 725 380
323 298 380
778 638 380
638 778 380
254 1260 380
271 194 380
323 298 380
792 841 380
1227 333 380
1260 254 380
475 1105 380
323 298 380
254 1260 380
1281 950 380
1105 475 380
323 298 380
323 298 380
475 1105 380
990 1142 380
1260 254 380
323 298 380
1227 32 380
254 1260 380
323 298 380
1105 475 380
323 298 380
475 1105 380
1105 475 380
1038 638 380
263 281 380
1105 475 380
323 298 380
392 321 380
778 438 380
1105 475 380
323 298 380
475 1105 380
778 540 380
323 298 380
1105 475 380
323 298 380
323 298 380
475 1105 380
323 298 380
585 495 380
323 298 380
1105 475 380
323 298 380
475 1105 380
323 298 380
323 298 380
1105 475 380
475 1105 380
249 1260 380
1231 704 380
323 298 380
323 298 380
1105 475 380
1105 475 380
475 1105 380
323 298 380
475 1105 380
392 72 380
1105 475 380
323 298 380
475 1105 380
1264 1283 380
323 367 380
1105 475 380
475 1105 380
321 392 380
1105 475 380
321 212 380
1105 475 380
72 392 380
1281 950 380
701 1051 380
475 1105 380
1051 701 380
1181 325 380
1295 704 380
323 741 380
701 1051 380
741 323 380
475 468 380
1105 475 380
475 1105 380
323 741 380
1227 1018 380
475 1105 380
325 1181 380
1105 475 380
741 323 380
1297 1301 380
323 741 380
1158 1136 380
741 323 380
741 1280 380
1183 42 380
1248 654 380
48 621 380
1281 701 380
1281 1248 380
1281 1248 380
377 1283 380
1281 1173 380
1281 1173 380
1281 1173 380
609 638 381
809 779 381
50 1253 381
781 281 381
1280 741 381
1280 281 381
1196 834 381
1291 1295 381
1281 1173 381
912 1285 381
269 1045 381
269 90 381
1058 1142 382
1058 1142 382
1058 1142 382
473 372 382
41 1255 383
994 1298 383
576 1167 383
233 193 383
679 393 383
994 639 383
32 349 383
32 379 383
32 1227 383
1181 325 384
994 315 384
638 609 384
700 605 384
700 704 384
994 1284 384
277 778 384
1126 994 384
1042 1260 384
1042 615 384
834 1196 384
810 576 384
994 536 384
561 176 384
713 325 384
509 758 384
198 1302 384
713 666 384
713 1127 384
713 1185 384
713 1158 384
713 919 384
281 1280 384
281 781 384
281 263 384
713 1036 384
1185 199 384
713 1263 384
701 997 384
713 1241 384
701 1185 384
713 950 384
713 762 384
997 701 384
997 415 384
1234 834 384
686 950 384
701 997 384
701 341 384
1185 1227 384
1234 199 384
758 509 384
1185 701 384
1284 994 384
394 42 384
997 701 384
12 997 384
834 1234 384
152 1158 384
103 1302 384
194 271 384
30 1176 384
1014 30 384
704 1231 384
704 1295 384
103 1244 384
30 1014 384
1014 30 384
30 1014 384
1014 30 384
193 523 384
569 194 385
193 233 385
1190 254 385
95 63 385
903 1297 385
683 758 385
95 712 385
1246 963 385
1246 963 385
95 154 385
199 1185 385
199 1234 385
547 713 385
859 318 385
9 683 385
1303 598 385
95 1246 385
590 555 385
1234 199 385
1246 95 385
958 621 385
199 1234 385
1246 547 385
758 683 385
547 1246 385
36 1281 385
12 997 385
249 1304 385
249 1295 385
536 994 385
958 704 385
483 1224 385
699 1264 385
616 306 385
701 997 385
701 1185 385
1114 1188 385
701 1021 385
1185 199 385
859 95 385
1185 701 385
1253 357 385
1246 95 385
1253 72 385
781 281 385
1246 547 385
1253 50 385
781 1244 385
859 95 385
220 346 385
1253 1173 385
1246 95 385
704 958 385
220 346 385
666 713 385
1137 1127 385
683 758 385
654 1248 385
209 1255 385
209 242 385
26 404 385
415 997 385
63 95 385
1253 644 385
1231 704 385
701 372 385
701 224 385
1248 654 385
1260 1042 385
281 781 385
1280 281 385
928 41 385
681 590 385
249 358 385
1069 542 385
781 281 385
105 701 385
105 1181 385
997 701 385
341 701 386
105 697 386
105 621 386
105 1021 386
963 1246 386
1003 1199 386
1246 105 386
103 1231 386
1190 254 386
1246 963 386
1246 105 386
1190 1062 386
1190 551 386
701 105 386
1190 42 386
257 1214 386
257 142 386
105 701 386
701 105 386
1246 963 386
462 1299 386
462 605 386
1207 19 386
398 1291 386
1246 963 386
42 1224 386
760 590 386
802 318 386
42 483 386
227 1234 386
42 1224 386
1185 1019 386
1231 103 386
1279 644 386
42 1224 386
1190 254 386
1189 389 386
1190 42 386
1287 781 386
1287 1253 386
42 1224 386
1234 227 386
1113 1207 386
980 544 386
42 1224 386
103 1231 386
536 1224 386
1224 536 386
1231 103 386
103 1231 386
468 475 386
1231 103 386
103 1231 386
704 1231 386
1231 704 386
1207 1080 386
704 1231 386
285 1255 386
547 1260 386
547 63 386
681 1185 386
547 1260 386
950 1281 386
1100 1248 386
42 1224 386
1224 42 386
1248 1100 386
1100 1248 386
454 1043 386
281 1280 386
415 1231 386
1297 903 386
704 1302 386
933 1214 386
323 298 386
323 298 386
323 741 386
298 687 386
323 298 386
72 1253 386
1214 933 386
815 1305 386
323 298 386
323 298 386
1173 654 386
42 72 386
42 1302 386
1281 950 386
1306 704 386
323 298 386
42 1307 386
323 298 386
42 1308 386
1306 990 386
323 298 386
323 298 387
1042 1260 387
1036 713 387
42 63 387
1113 990 387
644 1253 387
644 1279 387
42 1309 387
1113 1214 387
536 1224 387
621 958 387
1255 41 387
1255 209 387
103 799 387
1224 536 387
621 48 387
257 1178 387
409 687 387
523 724 387
69 1296 387
621 105 387
356 1255 387
1302 704 387
1302 103 387
1302 198 387
704 1302 387
103 1302 387
257 1178 387
257 1178 387
423 815 387
1260 1042 387
1227 1185 387
257 1178 387
815 423 387
1042 1260 387
257 1178 387
423 815 387
1260 1042 387
423 536 387
815 423 387
257 1178 387
257 1178 387
409 1032 387
257 1178 387
474 1310 387
1042 1260 387
398 771 387
63 41 387
1189 899 387
474 356 387
398 771 387
63 1310 387
1087 1270 387
1310 474 387
356 474 387
1087 1284 387
1310 63 387
1 1271 387
1260 1042 387
63 1310 387
3 176 387
398 465 387
465 398 387
3 323 387
1246 963 387
1042 1260 387
398 465 387
465 398 387
398 465 387
474 356 387
1260 1042 387
465 398 387
398 465 387
474 1310 387
1042 1260 387
1260 1042 387
834 1246 387
1042 1260 387
713 1158 387
1246 834 387
1260 1042 387
257 719 387
1042 1260 387
1260 32 387
725 1260 387
1260 1042 387
719 1260 387
719 931 387
719 931 387
257 719 387
1042 1260 387
1260 719 387
1260 719 387
1311 713 387
1260 1042 387
41 1255 387
41 63 387
242 209 387
1042 1260 387
605 272 387
242 454 387
1118 994 387
1260 1042 387
605 462 387
1042 1260 387
1142 990 387
1260 1042 387
719 1260 387
1042 1260 387
1260 719 387
1286 704 387
1260 1042 387
719 1260 387
1042 1260 387
257 719 387
1260 1042 387
1118 1103 387
1042 1260 387
712 95 387
1260 1042 387
67 1302 387
67 1296 387
67 697 387
233 193 387
1042 1260 387
1042 1260 387
1241 713 387
1260 1042 387
678 212 387
1042 1260 387
32 1260 387
678 1302 387
1302 678 387
678 1302 387
194 1279 387
67 1302 387
1260 1042 388
67 697 388
679 954 388
1260 32 388
1042 1260 388
679 465 388
67 32 388
1042 1260 388
1260 1042 388
1126 1302 388
1260 1042 388
1260 1042 388
32 1260 388
1260 32 388
1260 1042 388
1302 678 388
1042 1260 388
1042 1260 388
678 1302 388
32 1260 388
1302 678 388
1042 1260 388
1042 1260 388
1118 644 388
1312 1091 388
1260 1042 388
1260 32 388
67 697 388
1260 1042 388
1260 1042 388
983 985 388
1043 454 388
1118 644 388
1042 1260 388
398 725 388
1042 1260 388
32 1260 388
687 298 388
1042 1260 388
1312 1313 388
1042 1260 388
72 1253 388
103 954 388
44 1271 388
1310 474 388
1260 32 388
1215 398 388
103 954 388
1215 398 388
103 1313 388
103 853 388
1215 103 388
974 778 388
1215 103 388
1126 103 388
1126 103 388
474 1310 388
398 834 388
1126 103 388
483 1189 388
1126 103 388
329 415 388
1215 103 388
1215 398 388
398 1260 388
1279 194 388
797 63 388
1253 1287 388
1260 398 388
398 1260 388
398 1260 388
1253 644 388
1253 72 388
1260 398 388
41 713 388
563 654 388
398 1260 388
103 1302 388
103 1130 388
142 329 388
697 912 388
142 144 388
697 782 388
103 1216 388
1260 398 388
697 719 388
1118 341 388
103 1078 388
1215 398 388
1215 103 388
398 1260 388
103 954 388
1302 103 388
103 1302 388
598 357 388
598 1071 388
199 848 388
103 1302 388
598 704 388
719 697 388
128 242 388
912 697 388
342 142 388
799 103 388
704 598 388
644 1253 388
697 719 388
697 912 388
719 697 388
697 719 388
342 815 388
654 1173 388
103 617 388
919 644 388
644 919 388
644 919 388
53 646 388
1215 398 388
53 1314 388
1215 103 388
1215 398 388
242 128 388
95 63 388
782 697 388
32 1260 388
1298 704 389
1272 302 389
1298 994 389
782 721 389
342 142 389
1268 1313 389
697 782 389
912 697 389
781 408 389
697 912 389
128 242 389
912 697 389
462 605 389
142 997 389
323 298 389
782 697 389
142 1121 389
242 128 389
128 242 389
704 1298 389
1298 704 389
462 638 389
1195 103 389
704 1298 389
242 128 389
638 462 389
1118 1034 389
142 415 389
1302 1315 389
801 1246 389
1315 1302 389
1313 103 389
323 1297 389
1298 704 389
462 638 389
32 358 389
1312 1313 389
63 797 389
969 1189 389
63 95 389
323 1297 389
323 298 389
638 462 389
323 298 389
193 63 389
462 638 389
309 80 389
1189 969 389
249 358 389
249 1304 389
502 41 389
128 242 389
323 298 389
503 41 389
249 1231 389
503 103 389
503 74 389
193 233 389
323 298 389
1272 441 389
638 462 389
1312 1313 389
103 1313 389
1261 725 389
323 298 389
462 638 389
323 298 389
503 739 389
323 298 389
800 1256 389
503 103 389
503 398 389
969 1189 389
323 298 389
1236 1185 389
1189 969 389
323 1297 389
323 298 389
323 298 389
547 1260 389
323 1297 389
503 103 389
503 103 389
503 398 389
254 358 389
323 298 389
283 1284 389
323 1297 389
1195 103 389
323 298 389
586 194 389
323 1297 389
990 1142 389
871 502 389
323 298 389
871 502 389
323 1297 389
1195 103 389
194 586 389
323 298 389
323 298 389
871 502 389
323 1297 389
503 103 389
323 298 389
503 1316 389
323 298 389
308 739 389
249 1304 389
323 1297 389
871 1302 389
1195 103 389
503 103 389
323 298 389
1313 103 389
103 1313 389
503 1316 389
1246 719 389
323 1297 389
323 298 389
1195 103 389
503 103 389
1316 1039 389
323 298 389
503 1316 389
1076 1082 389
323 298 389
323 1297 389
503 103 389
733 1244 389
323 298 389
257 142 389
323 758 389
679 465 389
503 103 389
323 298 389
323 1297 389
871 926 389
323 298 389
733 638 389
323 758 389
48 621 389
175 224 389
323 298 389
697 782 389
697 782 389
733 175 389
697 912 389
323 758 389
323 1297 389
1255 356 389
1255 41 389
323 298 389
323 298 389
323 758 389
323 1297 389
733 475 389
323 1297 389
782 697 389
323 1297 389
733 475 389
323 1297 389
596 1284 390
323 298 390
323 1297 390
323 1297 390
257 615 390
871 1026 390
733 475 390
733 713 390
323 758 390
281 358 390
257 615 390
323 1297 390
1231 557 390
733 713 390
810 1021 390
557 1231 390
105 621 390
323 1297 390
1231 557 390
91 1237 390
105 1181 390
557 1231 390
1231 557 390
323 1297 390
557 1231 390
1236 1189 390
1231 557 390
323 1297 390
557 1231 390
912 697 390
1231 557 390
338 1302 390
557 1231 390
675 462 390
323 1297 390
477 1271 390
1231 557 390
477 526 390
675 462 390
323 1297 390
815 950 390
194 353 390
557 1231 390
90 269 390
323 1297 390
1136 739 390
353 194 390
1231 557 390
353 194 390
598 560 390
353 392 390
560 598 390
323 1297 390
109 282 390
323 1297 390
706 484 390
323 1297 390
1004 194 390
323 1297 390
596 605 390
596 782 390
323 1297 390
298 573 390
573 298 390
298 573 390
725 1260 390
573 298 390
782 596 390
454 242 390
454 1043 390
298 573 390
323 1297 390
60 1173 390
212 678 390
1274 1273 390
1264 699 390
1317 1318 390
950 815 390
596 782 390
1319 224 390
792 1185 390
1103 425 390
1043 454 390
392 321 390
392 72 390
392 353 390
323 341 390
1280 281 390
1087 1284 390
1320 952 390
353 392 390
1087 1132 390
198 1302 390
281 1280 390
392 353 390
1118 1103 390
792 841 390
1280 281 390
281 1280 390
198 1321 390
1280 281 390
392 1315 390
72 1253 390
72 392 390
912 375 390
392 72 390
281 1280 390
586 1316 390
1246 834 390
72 392 390
323 281 390
1246 963 390
1246 801 390
323 281 390
323 281 390
1280 281 390
323 281 390
392 72 390
1284 596 390
871 392 391
57 596 391
871 1103 391
1315 392 391
72 392 391
871 392 391
793 1230 391
1190 254 391
792 841 391
871 1260 391
871 969 391
871 969 391
871 969 391
1190 50 391
704 1322 391
871 969 391
871 969 391
871 969 391
871 978 391
1 1271 391
392 1315 391
644 719 391
392 72 391
544 1273 391
1274 840 391
1317 1244 391
1244 1317 391
277 644 391
704 596 391
498 823 391
938 1323 391
422 1041 391
1323 938 391
1041 422 391
422 1041 391
422 386 391
1041 422 391
422 1041 391
1246 963 391
1246 963 391
1246 963 391
12 1042 391
12 142 391
42 72 391
12 415 391
1185 555 391
42 415 391
80 309 391
1270 194 392
815 950 392
342 544 393
596 57 393
596 704 393
1302 338 393
950 815 393
353 372 393
1302 198 393
1268 1313 393
1302 704 393
353 1284 393
964 160 393
375 912 394
357 1253 394
1189 375 394
1271 477 394
725 638 394
725 835 394
1246 963 394
350 343 394
1185 375 394
209 242 394
1310 1246 394
1246 1310 394
596 193 394
454 1043 394
198 1302 394
1246 1310 394
1246 1310 394
1190 738 394
1190 738 394
997 142 394
1315 392 394
72 392 394
834 1280 394
1310 802 395
357 525 395
1310 561 395
357 638 395
358 32 395
358 254 395
358 281 395
357 358 395
193 596 395
193 378 395
224 175 395
9 1261 395
9 1279 395
281 358 395
281 1280 395
1127 454 395
143 1037 395
357 525 395
357 525 395
357 525 395
1284 353 395
525 357 395
357 1284 395
357 974 395
1280 834 395
1280 281 395
277 644 395
638 357 395
277 644 395
725 638 395
942 919 395
942 63 395
1246 834 395
1173 654 395
942 63 395
1142 990 395
1173 60 395
654 1173 395
942 1314 395
1287 1253 395
277 644 395
1317 781 395
942 63 395
281 1280 395
454 1127 395
1298 394 395
1113 638 395
638 725 395
277 644 395
105 1181 395
1113 638 395
394 1298 395
834 1280 396
856 1176 396
394 738 396
1126 1302 396
220 1310 396
341 1280 396
1043 454 396
1246 963 396
53 1314 396
509 758 396
1246 834 396
1302 198 396
306 616 396
1280 341 396
249 1324 396
1187 353 396
1187 1183 396
1187 1131 396
1187 1284 396
1280 834 396
114 770 396
375 1189 396
375 1185 396
1280 281 396
254 358 396
990 1142 396
1237 199 396
372 473 396
1237 1227 396
1237 91 396
834 1280 396
372 353 396
1281 1310 396
454 1043 396
1280 834 396
281 1280 396
704 1324 396
1280 281 396
1284 1187 396
357 638 396
1284 793 396
793 1284 396
834 1280 396
1317 72 396
793 1284 396
69 357 396
1280 834 396
1284 793 396
834 1280 396
1280 834 396
834 1280 396
1284 585 396
281 1271 396
1280 834 396
834 1280 396
793 1284 396
1284 793 396
793 1284 396
1280 834 396
1252 1231 396
834 1280 396
1284 793 396
793 1284 396
1325 1326 396
760 212 396
357 638 396
638 1317 396
802 1310 396
249 886 396
1327 282 396
1246 415 396
249 1302 396
394 393 396
1317 638 396
1317 1244 396
249 713 396
394 393 396
67 1296 396
199 1237 396
545 1328 396
1244 1317 396
1328 545 396
1328 545 396
545 1328 396
378 193 396
1328 545 396
1215 949 396
249 817 396
249 454 396
1326 1325 396
249 817 396
585 1284 396
249 605 396
249 547 396
598 652 396
598 62 396
598 84 396
249 1295 396
598 1189 396
598 1303 396
598 878 397
481 1284 397
1043 454 397
1248 919 397
1312 103 397
454 1043 397
1312 103 397
1329 1271 397
50 102 397
481 50 397
1050 495 397
142 997 397
50 481 397
1329 477 397
481 50 397
12 598 397
1246 719 397
1328 277 397
42 1117 397
719 1246 397
1042 1330 397
638 285 397
1246 719 397
1328 495 397
919 1248 397
160 964 397
1331 1168 397
481 50 397
50 481 397
50 481 397
1043 454 397
1246 228 397
454 1043 397
1328 285 397
539 495 397
1043 454 397
1246 228 397
454 1043 397
1118 1103 397
749 474 397
481 50 397
1246 228 397
1246 719 397
50 481 397
481 50 397
933 1214 397
1246 228 397
42 495 397
342 495 397
1231 1252 397
228 194 397
50 1227 397
228 1246 397
1227 50 397
679 1248 397
389 1189 397
1043 454 397
194 228 397
194 1270 397
194 1004 397
44 228 397
44 514 397
964 160 397
199 212 397
1032 598 397
454 1043 397
228 194 397
1043 454 397
454 1043 397
725 638 397
1043 454 397
1231 704 397
50 1227 397
228 498 397
454 1043 397
498 228 397
1227 50 397
498 495 397
1272 1260 397
228 498 397
1214 933 397
1043 454 397
1246 228 397
498 228 397
454 1043 397
194 353 397
1252 1231 397
771 398 397
67 1296 397
398 771 397
1043 454 397
454 1043 397
228 498 397
67 1296 397
700 605 397
687 409 397
114 770 397
700 1253 397
1043 454 397
454 1043 397
103 973 397
67 97 397
1043 454 397
234 1183 397
234 686 397
1312 103 397
249 454 397
704 1231 397
1113 1214 397
1323 1129 397
303 212 397
242 488 397
1272 1246 397
1043 97 397
912 375 398
1312 103 398
704 377 398
704 377 398
454 1043 398
474 749 398
97 1043 398
701 341 398
713 1158 398
713 1158 398
697 782 398
942 919 398
209 242 398
536 423 398
536 1224 398
63 228 398
1213 1026 398
41 502 398
41 1255 398
738 394 398
114 770 398
594 242 398
314 542 398
1316 586 398
314 1296 398
640 1253 398
423 536 398
1235 638 398
423 815 398
1032 1186 398
536 423 398
285 1328 398
701 50 398
50 701 398
193 378 398
586 1316 398
296 194 398
1231 704 398
1186 1032 398
640 712 398
353 1283 398
640 617 398
701 50 398
697 923 398
1032 1186 398
1213 1032 398
1213 1032 398
353 296 398
50 701 398
1213 1032 398
245 1283 398
701 50 398
1043 454 398
353 793 398
1283 353 398
1032 1186 398
1281 701 398
50 701 398
1281 701 398
333 1227 398
425 1103 398
353 1283 398
1290 596 398
1332 1255 398
249 454 398
1332 1255 398
1332 1255 398
770 1217 398
1255 1332 398
770 938 398
1281 1283 398
1332 1255 398
1316 586 398
1190 738 398
834 314 398
296 353 398
1271 1329 398
358 281 398
358 254 398
358 357 398
586 1316 398
514 654 398
766 181 398
514 626 398
454 1043 398
626 514 398
766 372 398
249 454 398
509 272 398
1255 1332 398
1043 454 398
1021 701 398
1021 105 398
1118 598 398
514 626 398
1281 1283 398
1270 194 398
600 1332 398
281 358 398
626 514 398
514 626 398
342 626 398
342 626 398
621 105 398
9 598 398
9 1312 398
621 48 398
483 782 398
483 1189 398
679 50 398
1332 1255 398
249 654 398
754 903 398
754 1332 398
454 1043 398
810 1021 398
1333 1145 398
1026 184 398
1043 454 398
1127 318 398
454 1043 398
193 658 398
1333 1145 398
1127 415 398
495 68 398
103 1334 398
114 770 398
495 1185 398
114 103 398
142 654 398
114 103 398
495 542 398
142 514 398
350 626 399
1043 454 399
454 1043 399
1286 1335 399
1312 103 399
1113 1214 399
174 1260 399
1043 454 399
1113 495 399
1113 1255 399
1312 103 399
1113 1255 399
1334 1255 399
1 312 399
1255 1334 399
1312 103 399
1113 1255 399
1087 353 399
1312 103 399
1312 103 399
719 1336 399
1113 1255 399
1113 1214 399
1113 353 399
1113 1255 399
1336 725 399
639 1127 399
1113 353 399
1189 375 399
1113 1255 399
1189 598 399
615 1026 399
738 393 399
1113 1255 399
32 1336 399
1334 1068 399
639 388 399
1113 1255 399
495 585 399
617 103 399
103 1280 399
617 640 399
103 617 399
725 1336 399
617 103 399
103 617 399
617 103 399
1280 103 399
617 644 399
495 1050 399
103 617 399
431 617 399
617 103 399
103 1280 399
1312 103 399
495 498 399
103 617 399
431 617 399
1312 103 399
950 495 399
353 950 399
495 950 399
308 701 399
950 353 399
341 701 399
495 950 399
1312 103 399
431 617 399
1280 103 399
950 495 399
1190 738 399
950 495 399
1126 1302 399
1102 514 399
1190 551 399
103 1280 399
1280 103 399
431 617 399
1113 1214 399
923 697 399
1113 495 399
686 234 399
697 923 399
1312 103 399
220 1310 399
569 1337 399
1244 296 399
923 697 399
646 495 399
1113 1214 399
431 617 399
923 697 399
431 617 399
569 1337 399
1113 1214 399
1190 288 399
353 950 399
482 799 399
654 142 399
482 1005 399
482 546 399
1113 1214 399
1043 495 399
323 341 399
908 332 399
950 353 399
1113 1214 399
797 63 399
681 617 399
296 1244 399
1113 1214 399
871 392 399
871 1302 399
142 654 399
341 353 399
1255 1335 399
353 341 399
68 495 399
1113 1214 399
341 353 399
654 142 399
1113 1214 399
353 950 399
249 1295 399
1113 1214 399
871 1097 399
871 513 399
569 296 399
1113 1214 399
212 439 399
1302 1126 399
482 3 399
378 193 399
342 495 399
1113 1214 399
971 609 399
353 341 399
971 199 399
353 1326 399
503 41 399
1247 704 399
415 475 399
254 358 399
503 617 399
871 1302 399
475 415 399
321 392 399
1246 99 399
1281 1173 399
503 1217 399
341 353 399
42 495 399
871 1097 399
142 654 399
63 797 399
42 1183 399
503 41 399
871 495 399
42 1183 399
42 1337 399
353 341 399
377 704 399
415 475 399
654 142 399
1283 513 399
358 281 399
199 971 399
358 254 399
254 358 399
245 1264 399
1281 1173 399
145 994 399
145 1042 399
431 605 399
503 254 399
245 1283 399
142 654 399
249 1255 399
245 60 399
341 353 399
323 341 399
228 63 399
431 605 399
654 142 399
1338 254 399
431 605 399
298 323 399
431 605 399
48 621 399
1281 131 399
1117 856 399
516 564 399
431 605 399
454 1043 399
1338 254 399
1325 1326 399
739 308 399
1043 454 399
1136 739 399
1325 1123 399
1043 454 399
1338 254 399
442 1247 399
431 605 399
454 1043 399
323 341 399
323 298 399
658 193 399
1338 254 399
640 617 399
1338 471 399
924 1158 399
1338 254 399
924 1158 399
431 605 399
615 1072 399
605 254 399
1338 254 399
254 605 399
605 254 399
431 605 399
1043 454 399
254 605 399
1215 398 399
353 372 399
605 254 400
454 1043 400
254 605 400
1326 1325 400
942 919 400
986 644 400
63 228 400
1325 1326 400
605 254 400
1043 454 400
1338 1034 400
1338 254 400
991 109 400
1338 1173 400
735 839 400
254 605 400
605 254 400
1338 1173 400
1338 254 400
254 605 400
605 254 400
1118 620 400
254 605 400
986 1310 400
142 654 400
758 509 400
1339 1231 400
272 308 400
53 1314 400
1326 353 400
272 654 400
272 605 400
770 1336 400
1338 254 400
1326 1325 400
272 509 400
1231 1339 400
1339 1231 400
758 50 400
1338 254 400
792 1283 400
1306 990 400
643 638 400
1338 254 400
758 298 400
298 758 400
1338 254 400
1083 175 400
758 298 400
282 109 400
638 643 400
638 68 400
298 758 400
1083 299 400
1338 254 400
1338 209 400
1283 468 400
254 1338 400
1283 468 400
1283 644 400
1283 643 400
1039 1316 400
50 758 400
1283 482 400
1283 1246 400
758 50 400
372 766 400
1283 1039 400
1113 1283 400
372 353 400
1283 121 400
1283 1169 400
758 298 400
1283 101 400
1283 142 400
1283 1231 400
50 758 400
598 1032 400
770 1283 400
454 1043 400
1283 298 400
1283 278 400
1283 713 400
1283 470 400
1283 1187 400
1195 1283 400
1283 603 400
447 1283 400
1283 254 400
1283 586 400
1283 1105 400
603 1283 400
621 48 400
1283 422 400
1283 144 400
871 595 400
1283 90 400
1087 1283 400
1283 598 400
758 50 400
1283 1168 400
1283 1325 400
1283 704 400
871 595 400
323 643 400
1283 1208 400
1283 1051 400
1168 1283 400
470 1283 400
298 1283 400
871 595 400
60 245 400
90 1283 400
1283 645 400
1283 368 400
323 1083 400
368 1283 400
323 1283 400
1169 1283 400
470 288 400
1283 1340 400
323 367 400
1283 1034 400
1283 297 400
1302 468 400
1168 1298 400
1283 1341 400
1283 85 400
770 1216 400
163 1283 400
782 654 400
1283 1297 400
1118 1283 400
1283 1339 400
27 1283 400
42 1294 400
1283 346 400
1118 598 400
1118 598 400
1283 801 400
1283 1227 400
144 142 400
598 346 400
1339 1283 400
1118 1283 400
1283 128 400
1283 242 400
323 991 400
63 26 400
176 1302 400
1118 598 400
770 598 400
1297 1283 400
288 470 400
346 598 400
644 1283 400
598 346 400
128 1283 400
1283 919 400
1283 758 400
346 220 400
1283 835 400
1118 598 400
770 1196 400
831 1187 400
249 1283 400
1283 1183 400
1283 654 400
998 1283 400
758 1283 400
1283 498 400
1187 831 400
598 353 400
1339 221 400
1283 975 400
1283 317 400
1283 1315 400
1283 728 400
1283 741 400
1283 1310 400
1286 1342 400
831 1187 400
317 1283 400
1283 561 400
561 1310 400
1286 1339 400
1187 831 400
1343 1342 400
561 1283 400
1283 502 400
986 1283 400
1283 1158 400
1283 475 400
1343 1342 400
1283 334 400
1283 1342 400
475 1283 400
1246 1283 400
1283 1270 400
42 1325 400
334 1283 400
1283 1244 400
950 353 400
1283 950 400
1286 1339 400
42 964 400
1283 1326 400
1283 547 400
1283 660 400
1283 325 400
42 1294 400
598 325 400
1283 590 400
1283 1097 400
42 1043 400
1283 543 400
1283 1167 400
1043 454 400
1283 782 400
1315 1283 400
1286 1339 400
1283 415 400
701 308 400
1283 560 400
1283 1032 400
701 341 400
1283 252 400
1283 1018 400
1167 1283 400
560 1283 400
1286 1339 400
770 101 400
323 1083 400
103 1342 400
1283 475 400
1281 1173 400
1286 1339 400
1343 1283 400
831 1187 400
793 353 400
245 881 400
297 1283 400
245 163 400
245 388 400
1325 1283 400
245 334 400
1283 297 400
1343 1342 400
1097 1283 400
1325 42 400
42 1325 400
753 6 400
561 1283 400
252 1283 400
1343 1342 400
245 309 400
1326 1283 400
42 1284 400
63 278 400
1283 1326 400
334 245 400
1325 42 400
1284 42 400
297 1283 400
1284 481 400
1246 834 400
1168 520 400
42 479 400
561 1283 400
1339 1344 400
372 1280 400
1344 1339 400
603 814 400
1281 73 400
1283 561 400
1339 1344 400
298 573 400
1280 372 400
561 1283 400
1344 1339 400
1281 74 400
1281 1345 400
172 638 400
1339 1344 400
1281 1042 400
814 603 400
1281 88 400
1281 73 400
770 495 400
1281 74 400
1344 1339 400
950 1283 400
1325 638 400
1283 389 400
1339 1344 400
1110 1146 400
603 814 400
1281 1042 400
1339 660 400
561 74 400
1344 1339 400
42 843 400
843 42 400
325 1283 400
1339 1344 400
388 245 400
325 598 400
1344 1339 400
1281 1018 400
843 42 400
814 603 400
1281 1018 400
1281 814 400
1339 1344 400
323 991 400
50 1281 400
1281 1018 400
1344 1339 400
603 814 400
1283 753 400
1281 50 400
638 1340 400
1339 1344 400
1132 1174 400
1283 843 400
1281 50 400
843 714 400
881 245 400
1283 1264 400
1344 1339 400
1281 1280 400
714 843 400
1339 1344 400
1281 1018 400
814 603 400
1283 1280 400
843 714 400
753 1283 400
1344 1339 400
1281 422 400
814 1281 400
1281 814 400
1339 1344 400
220 346 400
1281 1325 400
220 1310 400
1283 753 400
42 548 400
53 1283 400
843 1114 400
1340 42 400
1339 1344 400
1281 1325 400
350 626 400
1344 1339 400
42 1340 400
1326 1280 400
1344 1339 400
1340 42 400
1339 1344 400
53 1283 400
1339 1344 400
53 1283 400
42 1340 400
1281 814 400
1344 1339 400
548 42 400
1281 50 400
1281 1325 400
1339 1344 400
42 548 400
1310 220 400
42 638 400
753 1283 400
142 1283 400
53 1283 400
1281 1325 400
1317 1280 400
1281 495 400
1281 475 400
1281 1325 400
142 144 400
308 739 401
1281 475 401
42 475 401
1283 753 401
1281 1325 401
753 1283 401
475 42 401
1283 802 401
1317 758 401
1281 50 401
1283 753 401
1281 475 401
50 1281 401
1340 42 401
323 42 401
1281 50 401
1281 475 401
758 1317 401
753 1283 401
254 1283 401
1281 1325 401
1317 753 401
1317 753 401
753 1317 401
753 1317 401
1281 475 401
308 701 401
594 283 401
1281 1325 401
594 283 401
1281 1004 401
1281 1325 401
1281 50 401
392 1315 401
392 72 401
394 676 401
586 1283 401
392 321 401
640 569 401
6 753 401
1215 1281 401
1097 191 401
753 6 401
392 1051 401
1215 1083 401
1215 1287 401
6 753 401
392 42 401
753 6 401
1087 1132 401
6 753 401
375 912 401
560 840 401
42 392 401
753 6 401
278 63 401
42 392 401
42 475 401
6 753 401
42 815 401
1346 1314 401
560 297 401
753 6 401
1314 1346 401
63 278 401
1346 1314 401
323 741 401
1314 1346 401
1346 1314 401
1174 1132 401
309 245 401
912 375 401
1314 1346 401
1280 1317 401
1280 1326 401
323 42 401
1280 1281 401
392 42 401
1346 1314 401
1314 1346 401
42 392 401
323 1347 401
1317 781 401
1281 50 401
1346 1314 401
1280 1281 401
145 1042 401
1281 1280 401
781 1317 401
1280 1283 401
1280 1281 401
42 323 401
1281 1280 401
741 323 401
323 741 401
1280 1281 401
741 323 401
741 323 401
323 741 401
42 323 401
1281 1280 401
323 1347 401
1315 392 401
323 741 401
701 308 401
42 323 401
323 642 401
422 1281 401
422 1283 401
323 741 401
53 1314 401
323 642 401
42 323 401
1281 422 401
323 642 401
1281 781 401
323 741 401
53 1314 401
1314 1346 401
781 1281 401
1346 1314 401
422 1281 401
53 1314 401
1314 1346 401
323 1347 401
42 323 401
1346 1314 401
741 323 401
323 741 401
42 323 401
815 950 401
50 1281 401
1346 1314 401
42 323 401
53 1244 401
42 323 401
53 975 401
12 142 401
585 495 401
42 323 401
741 323 401
42 323 401
53 1281 401
323 741 401
323 741 401
741 323 401
42 323 401
741 323 401
323 741 401
741 323 401
323 741 401
42 323 401
323 741 401
741 323 401
741 323 401
323 741 401
838 644 401
12 415 401
42 1097 401
1253 644 402
1253 1287 402
1253 640 402
1253 1227 402
1227 1253 403
605 272 403
189 1339 403
1270 1283 403
70 944 403
1123 1325 403
131 1281 403
871 392 403
1113 70 403
1306 990 403
67 1231 403
67 1137 403
67 697 403
342 1097 403
473 372 404
163 245 404
770 495 404
712 640 404
72 1317 404
725 835 404
725 1132 404
454 1043 404
725 1018 404
654 272 404
144 142 404
950 815 404
95 1246 404
95 712 404
249 1295 404
640 712 404
509 758 404
1113 1348 404
1271 281 404
1042 1281 404
1268 644 404
3 482 404
1 477 404
919 1283 404
477 1329 404
42 799 404
477 1271 404
42 1334 404
42 964 404
483 782 404
42 1255 404
42 1255 404
353 598 404
353 793 404
1281 781 404
1113 933 404
1281 422 404
1281 131 404
1281 1042 404
1281 605 404
42 1346 404
26 63 404
42 1346 404
1280 497 404
997 142 404
42 626 404
431 59 404
1272 1346 404
1246 95 405
842 713 405
944 840 405
1335 1255 405
838 547 405
63 26 405
547 838 405
80 609 405
26 63 405
191 1060 405
42 964 405
408 306 405
408 781 405
809 42 405
53 620 405
42 488 405
809 42 405
53 408 405
652 954 405
408 1122 405
488 42 405
1349 366 405
1233 1299 405
644 598 405
257 838 405
372 473 405
793 353 405
220 1310 405
131 1281 405
605 1281 405
142 144 405
768 1189 405
142 997 405
1142 990 405
503 254 405
1142 1058 405
503 739 405
782 483 405
342 784 405
621 1280 405
142 144 405
431 605 405
431 605 405
431 605 405
973 103 405
1136 739 405
314 834 405
431 605 405
431 605 405
1283 1264 405
1042 1281 405
431 605 405
431 605 405
964 42 405
482 3 405
473 372 405
257 42 405
1298 1168 405
770 1196 405
1283 1350 405
257 1294 405
1281 131 405
1215 1283 405
1281 1065 405
114 103 405
609 80 405
1065 517 405
1065 586 405
1215 1281 405
1215 1350 405
1215 1281 405
1346 1314 405
1190 738 405
1325 1123 405
1189 502 405
1101 638 405
1189 1021 405
297 560 405
539 1021 405
1101 498 405
1189 372 405
372 1189 405
1189 1338 405
1189 372 405
372 1189 405
131 1281 405
1127 1189 405
1101 498 405
283 843 405
1101 297 405
555 352 405
1127 296 405
307 317 405
1101 297 405
1072 615 406
1101 297 406
734 617 406
617 734 406
184 1026 406
734 617 406
871 1142 406
871 1350 406
617 734 406
342 1097 406
871 734 406
1247 442 406
1158 924 406
871 1350 406
871 1350 406
1117 856 406
1101 297 406
871 445 406
871 1350 406
1127 296 406
392 42 406
1281 131 406
392 1315 406
1190 144 406
26 1176 406
871 392 406
871 1350 406
1068 1334 406
871 392 406
617 142 406
617 142 406
990 1142 406
245 1146 406
245 1264 406
617 103 406
1101 297 406
871 1142 406
1101 297 406
859 95 406
1190 378 406
1190 378 406
859 50 406
859 1287 406
971 199 406
1350 1185 406
233 193 406
873 144 406
307 317 406
1101 297 406
569 372 406
307 317 406
142 617 406
666 589 406
142 617 406
871 1351 406
871 971 406
307 317 406
32 379 406
32 1338 406
389 1283 406
32 1336 406
9 598 406
9 1338 406
666 616 406
9 1312 406
105 1021 406
644 1295 406
9 1265 406
105 621 406
734 617 406
1295 644 406
1185 1350 406
1350 1185 406
1185 1350 406
1350 1185 406
958 704 406
843 283 406
958 621 406
1352 569 406
1283 1350 406
431 617 406
1350 1283 406
1283 1350 406
871 843 406
249 1295 406
1350 1283 406
1280 621 406
439 212 406
1117 856 406
1283 1350 406
1350 1283 406
1283 1350 406
63 26 406
63 547 406
1350 1283 406
1189 372 406
1189 1127 406
1283 1350 406
1350 1283 406
1283 1350 406
1350 1283 406
1185 1350 406
569 128 406
1350 1185 406
1283 1350 406
704 958 406
1185 1350 406
1294 42 406
431 617 406
1350 1283 406
26 63 406
319 926 406
1185 1350 406
1350 1185 406
1283 1350 406
1350 1185 406
479 472 406
105 1353 406
1350 1283 406
547 63 406
36 1059 406
1185 1350 406
1283 1350 406
1350 1185 406
1350 1283 406
1283 1350 406
1350 1283 406
1185 1350 406
589 666 406
1350 1185 406
831 1049 406
1283 319 406
1185 1350 406
1350 1185 406
1113 933 406
1185 1350 406
1185 1350 406
1350 1185 406
781 408 406
1350 1185 406
781 1281 406
63 26 406
63 547 406
3 482 406
547 63 406
114 770 406
713 1158 406
600 80 406
1350 1185 406
908 1354 406
770 1291 406
1185 1350 406
1350 1185 406
596 193 406
994 831 406
555 856 406
1190 1281 407
831 994 407
297 1183 407
415 997 407
1255 42 407
323 339 407
323 339 407
469 463 407
1036 1123 407
547 1280 407
323 339 407
1283 337 407
950 1346 407
681 402 407
1346 950 407
53 620 407
547 297 407
337 1283 407
283 843 407
323 339 407
871 843 407
375 912 407
1283 337 407
810 1351 407
871 375 407
131 1281 407
871 260 407
193 233 407
871 375 407
1123 1036 407
1123 1036 407
1123 1036 407
1123 1036 407
1123 1036 407
644 1295 407
443 400 407
443 29 407
443 19 407
1136 1283 407
1043 454 407
272 605 407
272 654 407
176 523 407
639 740 407
626 42 407
323 950 407
1196 834 407
323 42 407
986 704 407
871 392 407
871 392 407
950 1346 407
986 793 407
950 323 407
871 392 407
986 357 407
810 1351 407
615 1072 407
986 19 407
1168 1298 407
323 950 407
810 323 407
454 1043 407
1325 1340 407
950 323 407
1118 620 407
1295 644 407
800 1072 407
1083 323 407
810 323 407
986 991 407
1346 950 407
871 392 407
323 950 407
871 981 407
323 1083 407
1168 291 407
871 392 407
367 323 407
323 367 407
1043 454 407
576 337 407
576 337 407
367 323 407
1168 337 407
12 142 407
644 1295 407
1298 1168 407
337 1168 407
644 711 407
142 337 407
29 443 407
337 142 407
337 1168 407
323 367 407
1168 337 407
249 1351 407
323 1083 407
1281 131 407
709 517 407
1281 163 407
36 1059 407
1049 831 407
32 638 407
103 973 407
547 1246 407
1168 337 407
1281 482 407
32 1281 407
1281 1246 407
42 626 407
1329 1271 407
638 32 407
42 392 407
1281 1280 407
1246 1281 407
42 964 407
1281 101 407
32 638 407
638 32 407
1281 1231 407
103 617 407
1281 944 407
1281 211 407
1281 155 407
770 1196 407
1281 68 408
42 1355 408
1280 1281 408
770 1281 408
1281 1280 408
1213 1281 408
42 1356 408
1325 1326 408
323 42 408
770 1281 408
42 1357 408
155 1281 408
1213 1281 408
1281 155 408
225 638 408
1326 1325 408
1281 389 408
1272 1281 408
638 225 408
1213 1281 408
1325 1326 408
1231 1281 408
389 1281 408
1280 1281 408
1272 1281 408
1281 389 408
576 1281 408
1281 1280 408
1213 1281 408
770 1281 408
1213 1281 408
389 1281 408
1281 389 408
1213 1281 408
1272 1281 408
1281 542 408
1168 337 408
770 1281 408
1280 1281 408
19 443 408
1281 532 408
155 1281 408
57 596 408
770 1281 408
1281 155 408
392 42 408
770 1281 408
1281 1287 408
770 1281 408
155 1281 408
42 392 408
1283 1136 408
523 176 408
1281 155 408
523 176 408
810 1281 408
1325 1326 408
155 1281 408
1264 245 408
1283 576 408
1281 155 408
483 1317 408
1283 57 408
586 1065 408
276 190 408
1136 1283 408
155 1281 408
609 1325 408
1358 42 408
502 1189 408
1358 42 408
128 211 408
810 1281 408
586 1072 408
801 1283 408
1113 1131 408
1358 42 408
1036 1123 408
1036 1123 408
1036 1123 408
42 333 408
950 1346 408
1118 1281 408
1358 42 408
856 555 408
1056 1032 408
1123 1036 408
462 1255 408
462 103 408
779 581 408
233 193 408
1171 966 408
1340 830 408
1329 1271 408
752 42 408
752 42 408
1359 1342 408
42 752 408
687 260 408
830 1340 408
687 260 408
1295 644 408
1283 392 408
1283 1359 408
1283 372 408
1268 372 408
372 1283 408
372 1268 408
1283 372 408
1268 1269 408
372 1283 408
454 1043 408
372 454 408
1283 1350 408
372 874 408
1283 797 408
372 975 408
1283 523 408
372 1352 408
1281 532 408
114 770 408
26 63 408
114 103 408
1281 1005 408
835 1283 408
1281 462 408
1346 950 408
523 1283 408
101 100 408
1281 835 408
1281 1227 408
1281 1344 408
63 26 408
799 42 408
1281 128 408
1350 1283 408
1281 927 408
1281 536 408
1287 1281 408
1281 1287 408
1359 1283 408
1281 797 408
1281 542 408
1281 26 408
1287 1253 408
1281 547 408
1281 732 408
32 1281 408
118 1189 408
462 1281 408
1281 462 408
32 638 408
1281 1356 408
32 1281 408
1286 1335 408
32 1281 408
118 586 408
1359 1335 408
257 42 408
752 42 408
462 1281 408
997 415 408
704 799 408
1215 1083 408
257 1183 408
1105 1284 408
919 1317 408
118 943 408
462 1281 408
963 1105 408
1052 713 408
975 1283 408
1105 963 408
800 1281 408
963 1105 408
975 372 408
32 598 408
1065 570 408
1065 570 408
1065 570 408
1065 570 408
1344 1281 408
874 372 408
454 372 408
103 462 408
1176 26 408
770 963 408
415 997 408
462 103 409
448 831 409
50 1284 409
353 194 409
1176 856 409
353 793 409
353 372 409
569 372 409
353 296 409
1032 1056 409
1043 454 409
353 950 409
799 704 409
547 1246 409
799 704 409
605 272 409
704 799 409
704 799 409
799 704 409
617 103 409
704 799 409
547 1169 409
802 1283 409
498 495 409
495 950 409
114 770 409
495 1113 409
296 353 409
1281 1356 409
831 1049 409
569 128 409
1281 462 409
1132 725 409
296 1127 409
1281 462 409
1281 1344 409
799 704 409
1281 1227 409
26 1176 409
495 646 409
26 63 409
1281 487 409
422 6 409
1281 799 409
1281 831 409
523 1032 409
103 617 409
1317 919 409
26 1281 409
704 799 409
495 1043 409
1255 462 409
725 1132 409
1032 523 409
523 1032 409
799 704 409
704 799 409
495 68 409
1335 1359 409
1231 704 409
1284 50 409
495 42 409
1284 1105 409
799 704 409
462 1281 409
1349 1255 409
704 1231 409
1169 547 409
1349 1281 409
462 1255 409
547 1169 409
576 1283 409
1169 547 409
1169 547 409
547 1169 409
1255 462 409
547 1169 409
1032 523 409
1349 1255 409
1183 1360 409
1169 547 409
576 966 409
1281 26 409
1183 1361 409
547 1169 409
831 1281 409
1281 462 409
1183 1356 409
503 617 409
1281 495 409
1183 1354 409
1183 1355 409
1349 1255 409
1349 1281 409
26 1281 409
1169 547 409
547 1169 409
487 1281 409
462 1255 409
462 1281 409
1255 462 409
1169 547 409
547 1169 409
249 607 409
1349 1255 409
980 639 409
1349 1255 409
462 1255 409
495 585 409
249 1359 409
495 498 409
1255 462 409
1349 1255 409
1331 615 409
19 1281 409
372 353 409
131 1281 409
372 1362 409
1281 26 409
1169 547 409
323 950 409
1349 1281 409
1281 487 409
323 42 409
1349 1255 409
1281 487 409
1281 462 409
372 938 409
315 994 409
315 777 409
26 1281 409
547 1169 409
1281 131 409
1118 1281 409
1281 1349 409
1176 26 409
1349 1281 409
1281 26 409
1281 1349 409
462 1281 409
342 495 409
1349 1281 409
1255 1349 409
1169 547 409
372 233 409
770 437 409
353 372 409
454 1043 409
233 372 409
569 372 409
19 1281 409
26 1176 409
26 1281 409
474 1349 409
494 372 409
372 353 409
1349 474 409
372 233 409
372 233 409
1349 1255 409
323 42 409
474 1349 409
770 544 409
1349 474 409
462 1255 409
569 372 409
474 1349 409
770 315 409
1349 474 409
353 372 409
986 834 409
800 1281 409
770 315 409
474 1349 409
585 495 409
814 1281 409
114 770 409
1349 474 409
337 1168 409
462 1281 409
1168 337 409
474 1349 409
878 1355 409
1349 474 409
323 42 409
1215 1083 409
644 1295 409
474 1349 409
338 1302 409
986 19 409
986 19 409
525 19 409
53 975 409
199 971 409
516 94 409
679 1363 409
323 725 409
601 400 409
596 57 409
793 353 409
1038 1281 409
626 42 409
42 626 409
1178 42 409
337 777 409
777 337 409
626 42 409
1113 495 409
1359 1343 409
596 605 409
342 1040 409
245 573 409
245 542 409
245 339 409
245 102 409
483 821 409
199 654 409
1271 1329 409
679 398 409
50 1284 409
398 132 409
679 398 409
1352 372 409
542 245 409
357 1169 409
199 1364 409
199 1363 409
679 398 409
573 245 409
1326 97 410
357 701 410
834 1196 410
679 398 410
1302 338 410
617 103 410
753 1271 410
753 1271 410
770 1302 410
1045 269 410
342 1040 410
306 408 410
1045 638 410
1045 654 410
903 754 410
963 654 410
1302 753 410
1045 1040 410
357 1169 410
753 1302 410
1045 1026 410
679 398 410
306 777 410
105 1353 410
339 245 410
306 352 410
131 654 410
63 26 410
950 353 410
1326 1123 410
654 963 410
950 1346 410
1176 26 410
378 396 410
131 654 410
679 1174 410
378 396 410
871 306 410
950 495 410
1284 50 410
1281 462 410
1281 19 410
1281 26 410
333 42 410
871 1365 410
871 306 410
1281 814 410
654 131 410
1281 462 410
323 950 410
50 1284 410
871 306 410
131 654 410
131 654 410
654 131 410
131 654 410
1346 950 410
1295 644 410
654 131 410
679 398 410
431 605 410
131 654 410
131 654 410
1038 1281 410
654 131 410
479 1338 410
323 753 410
605 254 410
679 398 410
1365 1366 410
912 375 410
306 439 410
950 1346 410
431 605 410
439 306 410
323 950 410
323 753 410
132 398 410
642 1338 410
398 132 410
398 132 410
431 605 410
871 814 410
323 753 410
681 617 410
132 398 410
431 605 410
1113 1131 410
1321 198 410
938 372 410
323 950 410
398 132 410
753 638 410
431 605 410
26 63 410
132 398 410
753 642 410
26 1176 410
131 654 410
398 132 410
1196 357 410
431 605 410
323 753 410
26 1281 410
257 1183 410
431 605 410
63 26 410
306 555 410
577 683 410
323 753 410
257 1178 410
431 605 410
431 605 410
642 753 410
1367 1365 410
1178 42 410
323 753 410
342 753 410
679 1174 410
431 605 410
342 1362 410
1178 257 410
725 547 410
1368 752 410
1284 50 410
596 605 410
753 642 410
868 249 410
323 753 410
1233 588 410
104 817 410
997 415 410
605 596 410
257 1178 410
431 605 410
44 189 410
834 175 410
323 753 410
105 577 410
642 753 410
323 753 410
871 437 410
725 547 410
770 437 410
871 1021 410
462 1281 410
753 642 410
1326 983 410
63 1271 410
323 753 410
1183 353 410
596 605 410
479 1018 410
596 605 410
800 1072 410
800 1072 410
638 753 410
638 1045 410
415 997 410
294 831 410
800 1072 410
834 1365 410
1233 337 410
454 1369 410
800 1072 410
1183 236 410
679 161 410
1117 856 410
176 864 410
447 719 410
800 1072 410
523 870 410
800 1072 410
800 1072 410
800 1072 410
560 908 410
42 353 410
800 1072 410
1178 257 410
800 1072 410
864 176 410
679 161 410
1043 454 410
981 831 410
176 864 410
864 176 410
871 981 410
871 981 410
1021 176 410
800 1072 410
1289 212 410
176 864 410
176 1021 410
454 1043 410
1285 638 410
643 638 410
1283 938 410
731 1283 410
800 1072 410
800 1072 410
1255 462 410
1283 864 410
631 775 410
631 625 410
800 1072 410
323 643 410
1131 1113 410
12 142 410
800 1072 410
793 1131 410
1043 454 410
323 643 410
513 1283 410
679 1174 410
638 736 410
800 1072 410
800 1072 410
817 104 410
1283 513 410
454 1043 410
1043 495 410
714 316 410
257 90 410
323 753 410
1043 454 410
323 643 410
81 400 410
800 1072 410
462 1255 410
800 1072 410
456 1246 410
817 104 410
338 1302 410
638 1285 410
638 643 410
800 523 410
878 1255 410
1169 357 410
1255 462 410
1072 615 410
1255 878 410
498 638 410
175 834 410
495 864 410
546 437 410
323 643 410
454 1043 410
919 332 410
878 598 410
372 938 410
598 878 410
1236 337 410
1178 257 410
643 638 410
462 1255 410
1236 638 410
878 1255 410
638 1370 410
1255 462 410
1246 456 410
1285 638 410
498 864 410
1255 878 410
714 517 410
372 454 410
372 454 410
1236 498 410
638 1371 410
454 372 410
878 598 410
372 454 410
1236 984 410
454 372 410
257 1178 410
638 643 410
462 1255 410
1236 638 410
1236 984 410
1018 479 410
341 1255 410
864 498 410
1283 1302 410
372 1014 410
1255 341 410
1326 638 410
1236 392 410
72 1283 410
638 1326 410
341 1255 410
1255 462 410
1255 341 410
1236 440 410
638 498 410
1236 638 410
372 475 410
341 1255 410
1283 72 410
1326 638 410
1255 341 410
598 878 410
1236 984 410
372 864 410
498 638 410
498 864 410
1236 984 410
341 1255 410
323 950 410
1236 498 410
1255 341 410
569 372 410
462 1255 410
878 1255 410
852 1361 410
1255 462 410
1255 878 410
341 1255 410
475 372 410
1236 984 410
864 372 410
1255 341 410
864 498 410
1236 1372 410
72 1283 410
638 1326 410
341 1255 410
1326 638 410
777 306 410
1255 341 410
1236 638 410
598 546 410
714 1255 410
1236 984 410
878 1255 410
710 1373 410
462 1255 410
1043 454 410
638 1326 410
1255 714 410
1236 638 410
285 1126 410
1255 878 410
341 1255 410
479 1018 410
323 950 410
1255 462 410
53 620 410
1176 26 410
468 1372 410
1255 341 410
1189 1370 410
1236 1050 410
173 1283 410
546 598 410
173 1283 410
1189 502 410
341 1255 410
714 1255 410
1236 984 410
1370 638 410
638 1370 410
285 1097 410
1236 638 410
1370 1189 410
1326 638 410
323 341 410
638 1326 410
1255 341 410
1189 1370 410
1189 1370 410
1370 638 410
1236 638 410
1178 257 410
1255 714 410
323 341 410
285 1284 410
1370 1189 410
341 1255 410
1326 638 410
454 1043 410
372 864 410
638 1326 410
323 950 410
1255 341 410
859 1287 410
341 1255 410
1236 638 410
1018 479 410
1043 454 410
1284 285 410
1255 341 410
1255 341 410
1189 1370 410
257 1178 410
454 1043 410
1189 1370 410
859 105 410
569 372 410
1236 638 410
710 1374 410
423 1255 410
323 341 410
1255 423 410
423 938 410
341 1255 410
1043 454 410
569 372 410
423 1255 410
1255 341 410
1255 423 410
710 1374 410
323 950 410
1043 495 410
50 1284 410
1375 199 410
341 1255 410
423 1255 410
1236 638 410
479 1018 410
1255 341 410
1255 423 410
1236 638 410
454 1043 410
714 1255 411
1190 1183 411
711 644 411
569 372 411
341 1255 411
1142 752 411
1255 714 411
1236 638 411
1043 454 411
1255 341 411
306 272 411
573 840 411
1236 1340 411
1190 281 411
341 950 411
1089 1365 411
840 573 411
878 1255 411
1142 963 411
1255 878 411
1236 1340 411
573 840 411
454 1043 411
479 638 411
1375 778 411
350 626 411
569 372 411
341 1255 411
609 389 411
323 950 411
1236 1340 411
840 573 411
1142 176 411
573 1292 411
1236 1340 411
1255 341 411
573 840 411
1236 1340 411
341 1255 411
176 1142 411
353 42 411
809 257 411
172 544 411
615 840 411
1142 176 411
1236 1340 411
1189 1370 411
1236 479 411
1189 546 411
609 971 411
1236 1340 411
1236 479 411
176 1142 411
569 372 411
840 573 411
840 615 411
1043 454 411
1236 1340 411
1236 479 411
1189 938 411
1236 1142 411
615 840 411
1284 50 411
50 1284 411
809 90 411
454 1043 411
1236 479 411
1236 1142 411
573 840 411
1283 654 411
1236 1340 411
573 840 411
546 1189 411
1236 479 411
809 257 411
1043 454 411
1236 1340 411
871 840 411
569 372 411
1189 1244 411
1202 964 411
1189 475 411
1236 1340 411
454 1043 411
871 1376 411
1236 479 411
711 1356 411
1236 1340 411
1236 454 411
1043 454 411
546 878 411
1236 1340 411
569 372 411
1236 479 411
1236 1340 411
711 32 411
1236 1142 411
372 1377 411
1038 1281 411
1236 479 411
1236 1340 411
609 964 411
569 372 411
346 1353 411
609 964 411
1358 1283 411
1236 1340 411
454 1043 411
1043 454 411
569 372 411
454 1043 411
687 1378 411
1236 454 411
1236 1142 411
609 765 411
212 1168 411
1043 454 411
1236 1340 411
128 1006 411
1236 1018 411
1236 822 411
1358 372 411
609 1097 411
1236 1340 411
1142 176 411
1236 822 411
1379 638 411
454 1043 411
1236 454 411
306 964 411
1236 1340 411
1358 372 411
1189 473 411
353 1183 411
1236 372 411
1380 748 411
1138 939 411
609 463 411
1379 912 411
752 1142 411
1236 1018 411
1236 372 411
1358 372 411
353 950 411
1236 454 411
1236 372 411
1006 128 411
1236 822 411
1236 454 411
353 793 411
1236 1379 411
1236 372 411
822 1189 411
1189 822 411
1236 824 411
1236 1379 411
1236 1340 411
498 495 411
871 1138 411
1236 1340 411
1236 1379 411
372 353 411
1236 1340 411
372 353 411
1236 1018 411
822 1189 411
908 560 411
1236 372 411
1236 1340 411
1236 824 411
1236 454 411
1189 822 411
1236 822 411
1281 26 411
1236 1379 411
1281 462 411
1236 824 411
1281 163 411
871 1138 411
1236 1379 411
128 1006 411
1189 372 411
1189 546 411
822 1189 411
1236 824 411
1236 454 411
1006 128 411
1358 372 411
1281 1033 411
1189 822 411
1274 1281 411
128 1006 411
1236 822 411
1379 1138 411
1006 128 411
1346 950 411
372 1189 411
1189 372 411
822 1189 411
1274 1281 411
1033 1281 411
1189 822 411
1281 1033 411
128 1006 411
105 711 411
1033 1377 411
938 423 411
938 1189 411
822 1189 411
105 605 411
1236 372 411
1138 1379 411
938 372 411
1236 822 411
53 1202 411
1358 372 411
1274 1281 411
314 834 411
1292 542 411
53 1138 411
1236 822 411
372 938 411
1189 938 411
938 372 411
1189 822 411
1274 1281 411
372 938 411
822 1189 411
822 819 411
1236 822 411
1236 372 411
824 731 411
1236 372 411
824 1284 411
1358 372 411
1189 822 411
1043 454 411
1358 352 411
1236 822 411
1236 1274 411
314 731 411
379 32 411
1358 372 411
1358 372 411
1358 372 411
1358 927 411
1358 1186 411
1292 1072 411
1358 372 411
1358 372 411
1358 372 411
1326 1284 411
1356 1183 411
1356 1281 411
1356 711 411
325 1292 411
1358 372 411
1235 1068 411
1358 993 411
105 1069 411
1235 1068 411
1138 1381 411
1235 1068 411
1281 1356 411
546 437 411
1381 1138 411
1138 1381 411
1281 1382 411
1381 1138 411
1358 1381 411
1381 609 411
546 538 411
1138 1381 411
1358 1381 411
546 429 411
1381 1138 411
1358 1381 411
1138 1381 411
1358 1381 411
1358 1381 411
1358 1381 411
1381 1138 411
546 460 411
1383 1381 411
1274 1281 411
1138 1381 411
1381 1138 411
1235 1068 411
1383 1381 411
1138 1381 411
546 1380 411
1381 1138 411
1381 1138 411
1138 1381 411
1383 1381 411
1235 1068 411
1381 1138 411
1138 1381 411
1381 1138 411
1138 1381 411
1383 1381 411
1138 1381 411
1381 1138 411
1381 1138 411
1097 609 411
1097 285 411
1138 1381 411
1383 1381 411
1138 1381 411
1381 1138 411
1381 1138 411
1383 1381 411
1138 1381 411
1381 1138 411
1138 1381 411
1383 1381 411
1138 1381 412
1381 1138 412
1138 1381 412
1281 1382 412
1187 191 412
1138 1381 412
1381 1138 412
1381 1138 412
1138 1381 412
1281 835 412
1138 1381 412
1381 1138 412
1383 1381 412
1381 1138 412
1281 555 412
1138 1381 412
555 1281 412
1381 1138 412
1138 1381 412
1381 1138 412
1138 1381 412
555 1281 412
1138 1381 412
1383 1381 412
1381 1138 412
1381 1138 412
1138 1381 412
1138 1381 412
1383 1381 412
1381 297 412
1381 297 412
1381 1138 412
1381 1138 412
1381 297 412
1138 1381 412
1138 1381 412
1381 1138 412
1138 1381 412
1381 1138 412
1381 1138 412
1138 1381 412
1138 1381 412
1138 1381 412
687 193 412
242 454 412
1381 101 412
242 128 412
105 1138 412
1168 212 412
760 975 412
1033 1281 412
1381 1033 412
1033 1381 412
943 102 412
943 250 412
943 704 412
943 41 412
562 439 412
943 752 412
555 562 412
943 638 412
562 555 412
105 1083 412
105 1083 412
163 943 412
1381 1033 412
1381 599 412
599 1381 413
964 609 413
103 1302 413
831 981 413
1381 599 413
599 1381 413
1381 599 413
342 753 413
1381 599 413
342 1097 413
599 1381 413
599 1381 413
1381 599 413
586 1097 413
42 353 413
42 1050 413
42 132 413
132 42 413
42 132 413
42 1183 413
712 95 413
132 42 414
1127 1083 414
32 379 414
32 711 414
1127 713 414
871 1138 414
342 1384 414
1097 586 414
621 958 414
621 105 414
474 337 414
474 847 414
26 1281 414
26 1176 414
778 1384 414
26 63 414
474 163 414
26 1033 414
1176 26 414
778 297 414
1021 176 414
1271 753 414
1189 835 414
950 353 414
454 242 414
454 1043 414
26 1176 414
997 415 414
1244 1189 414
32 1372 414
32 1385 414
793 1383 414
654 1283 414
599 1381 414
415 997 414
765 609 414
871 831 414
586 1097 414
482 1103 414
1178 687 414
439 562 414
105 621 414
105 474 414
1189 1244 414
105 964 414
1189 475 414
1353 346 414
1189 393 414
105 708 414
932 372 415
1302 176 415
1302 1283 415
1302 103 415
285 1097 415
1302 338 415
752 943 415
1274 1281 415
306 309 415
517 714 415
1323 938 415
90 257 415
1358 309 415
1358 993 415
1386 1246 415
483 357 415
483 821 415
329 142 415
859 1287 415
859 105 415
859 1168 415
1179 596 415
859 105 415
1176 26 415
859 105 415
1097 586 415
1097 285 415
105 859 415
475 1189 415
586 1097 415
1097 586 415
586 1097 415
1283 654 415
1375 199 415
1283 1097 415
852 1356 415
337 474 415
944 375 415
1097 1283 415
26 1176 415
1283 1097 415
487 598 415
598 487 415
487 598 415
1097 1283 415
598 487 415
176 1302 415
176 1021 415
63 26 415
487 598 415
523 1189 415
26 63 415
1090 881 415
176 1384 415
32 1386 415
1176 26 415
714 517 415
1183 1356 415
1183 42 415
598 487 415
800 523 415
1052 1365 415
26 1176 415
42 1183 415
42 1183 415
1183 42 415
1183 42 415
114 770 415
42 1183 415
42 1062 415
42 1183 415
1062 42 415
42 1381 415
42 1062 415
42 1183 415
42 1183 415
1283 527 415
1236 337 415
1236 615 415
555 562 415
95 859 415
95 712 415
163 474 415
309 306 415
1236 615 415
644 1295 415
1236 793 415
644 1184 415
1236 555 415
835 1189 415
257 1349 415
687 1237 415
257 687 415
3 42 415
346 1353 415
654 1283 416
297 778 416
297 1381 416
1236 176 416
41 943 416
1236 615 416
912 1379 416
843 283 416
523 490 416
1185 1012 416
1387 1313 416
415 997 416
3 32 416
67 697 416
679 1174 416
1190 1352 416
1190 393 416
1190 50 416
1189 475 416
1283 654 416
1050 42 416
1365 834 416
1382 1283 416
9 1323 416
67 938 416
9 1312 416
9 598 416
1190 394 416
1190 394 416
1138 704 416
834 1365 416
9 1312 416
1101 1138 416
9 1312 416
1190 62 416
1283 1386 416
1176 26 416
725 835 416
53 1388 416
1138 1389 416
1039 943 416
1272 626 416
626 1272 416
1283 1390 416
9 1312 416
871 1138 416
871 1138 416
819 822 416
254 1039 416
1183 42 416
958 704 416
475 1189 416
958 621 416
1021 176 416
176 1021 416
704 1138 416
398 291 416
1329 477 416
1329 1271 416
1329 1271 416
1283 1138 416
1383 1127 416
1383 793 416
1383 1283 416
760 943 416
621 105 416
760 542 416
1383 1283 416
830 260 416
760 975 416
830 256 416
683 577 416
683 72 416
683 1168 416
338 1302 416
810 1138 416
683 479 416
1281 555 416
1281 555 416
683 379 416
1283 1378 416
1281 1033 416
1383 1283 416
1281 26 416
1283 1391 416
1281 291 416
1339 711 416
375 944 416
1312 1313 416
1013 398 416
681 617 416
375 912 416
810 654 416
26 1176 416
302 1392 416
26 1281 416
1383 1283 416
1176 26 416
1236 615 416
1236 1326 416
1381 599 416
398 701 416
26 1176 416
1381 42 416
701 398 416
639 1289 416
1236 176 416
1383 1283 416
1236 793 416
145 1042 416
398 701 416
1236 1329 416
639 740 416
272 306 416
272 605 416
1339 713 416
1383 1381 416
1383 1283 416
710 41 416
1236 738 416
1283 700 416
1381 1383 416
1285 475 416
1236 793 416
1383 1381 416
555 1281 416
639 586 416
793 353 416
1176 26 416
475 1285 416
1236 555 416
1236 793 416
1358 993 416
1189 475 416
1358 372 417
1358 840 417
639 586 417
1236 793 417
1236 555 417
1349 257 417
1383 1283 417
1236 704 417
1383 1381 417
1043 454 417
1033 598 417
1236 555 417
639 1381 417
1306 990 417
1033 1355 417
639 555 417
337 626 417
1236 394 417
1127 1383 417
103 1280 417
1280 103 417
626 337 417
1383 1127 417
1393 95 417
1383 1283 417
639 586 417
1033 639 417
859 105 417
1375 740 417
555 305 417
639 994 417
1033 194 417
938 1323 417
639 1033 417
103 1280 417
586 639 417
1280 103 417
871 830 417
26 1176 417
1383 1381 417
824 823 417
1373 354 417
245 1264 417
354 1373 417
823 448 417
1189 823 417
1280 1033 417
245 1264 417
1281 26 417
823 824 417
1281 555 417
1281 325 417
555 1281 417
824 823 417
1033 1280 417
871 830 417
1281 555 417
823 1189 417
555 1281 417
29 1394 417
1033 639 417
1033 1281 417
249 964 417
1033 26 417
1281 555 417
1281 1033 417
1033 1381 417
843 1237 417
823 824 417
249 1376 417
555 1281 417
1281 555 417
712 95 417
1033 1281 417
105 621 417
800 1072 417
105 859 417
1 1271 417
1281 1033 417
800 1072 417
72 683 417
800 1072 417
1246 1386 417
823 498 417
1281 683 417
800 1072 417
823 1185 417
800 1072 417
679 1174 417
928 943 417
928 41 417
928 1265 417
1039 254 417
710 245 417
1185 823 417
800 1072 417
1383 1283 417
679 1281 417
254 1039 417
1373 1350 417
800 1072 417
325 1281 417
44 1 417
254 1247 417
823 615 417
281 317 417
800 1072 417
317 281 417
306 272 417
306 309 417
281 317 417
317 281 417
317 281 417
281 317 417
281 317 417
317 281 417
1359 1231 417
679 50 417
272 306 417
281 317 417
317 281 417
800 1072 417
1358 777 417
800 1072 417
448 823 417
800 1072 417
1358 777 417
615 823 417
783 784 417
679 72 417
281 1190 417
306 272 417
679 50 417
272 306 417
994 831 417
306 272 417
272 306 417
1267 1180 417
283 843 417
994 315 417
254 1039 417
1373 62 417
991 986 417
1281 325 417
1281 626 417
679 1281 417
1284 824 417
679 50 417
679 1174 417
679 1281 417
1284 1326 417
994 639 417
795 1384 417
306 305 417
498 823 417
679 1281 417
679 1174 417
1071 598 417
1113 508 417
357 1178 417
306 626 417
1283 306 417
53 1202 417
626 306 417
306 1283 417
1283 306 417
679 1174 417
928 41 417
306 1283 417
306 1283 417
1283 306 417
325 1281 417
306 1283 417
981 831 417
176 101 417
938 67 417
1395 32 417
809 1213 417
176 277 417
1190 281 417
454 1043 417
809 795 417
1386 1246 417
1178 357 417
1281 325 417
1395 32 417
357 1178 417
357 1169 417
809 257 417
1190 1352 417
1395 32 417
741 758 417
1395 32 417
809 90 417
1295 644 417
101 176 418
101 176 418
325 1281 418
1396 938 418
569 1337 418
1281 325 418
63 26 418
1397 1281 418
277 176 418
1281 1283 418
1281 1397 418
1281 1283 418
1236 555 418
1281 1283 418
1236 615 418
514 1398 418
1236 176 418
514 1350 418
1113 576 418
1176 26 418
479 683 418
642 1280 418
1262 42 418
1236 549 418
1083 1127 418
482 353 418
1083 105 418
576 1113 418
1236 1302 418
353 482 418
105 1083 418
482 353 418
1236 1185 418
1283 1295 418
353 482 418
1236 990 418
1083 105 418
482 353 418
1178 357 418
357 1178 418
725 835 418
938 1396 418
1018 1359 418
1373 609 418
346 1062 418
1399 1018 418
1359 1018 418
26 63 418
26 1176 418
679 1174 418
679 1281 418
1087 1131 418
483 821 418
398 354 418
474 337 418
474 163 418
163 1283 418
1060 199 418
1117 856 418
163 474 418
1237 843 418
1060 191 418
1358 777 418
1236 615 418
1246 1400 418
1381 1033 418
176 277 418
176 101 418
1400 1246 418
1236 176 418
1236 549 418
199 1060 418
314 834 418
314 372 418
1246 1400 418
725 1260 418
1236 176 418
753 1271 418
1400 1246 418
1271 1 418
474 163 418
1246 1400 418
460 546 418
1038 576 418
1236 549 418
1236 176 418
323 753 418
1340 1137 418
323 753 418
146 312 418
6 422 418
9 1401 418
422 6 418
1399 1335 418
1399 1335 418
1101 1138 418
1052 1365 418
549 236 418
598 1216 418
753 323 418
1236 615 418
704 1395 418
1379 912 418
19 1390 418
704 1393 418
1236 615 418
704 1400 418
425 992 418
425 1103 418
1359 1342 418
1335 1342 418
1400 704 418
220 719 418
1236 615 418
1284 1213 418
1236 368 418
997 415 418
1213 1284 419
1312 103 419
1354 908 419
986 991 419
1236 1043 419
1354 1183 419
1350 514 419
1176 26 419
1365 834 419
1236 1287 419
1312 103 419
581 779 419
114 770 419
1236 176 419
114 19 419
1236 176 419
1231 1252 419
1033 1137 419
12 997 419
1037 1072 419
1283 699 419
539 1253 419
547 1280 419
409 687 419
12 1252 419
1373 609 419
1339 783 419
12 409 419
1043 454 419
409 1004 419
697 1006 419
9 1196 419
12 409 419
372 353 419
687 409 419
1364 199 419
1398 514 419
409 687 419
12 409 419
454 1043 419
12 32 419
1364 1393 419
1110 752 419
12 409 419
1373 32 419
1043 454 419
353 372 419
1373 615 419
1236 176 419
1236 1043 419
9 1196 419
12 409 419
454 1043 419
372 353 419
679 1281 419
1043 454 419
783 1339 419
12 32 419
1334 42 419
1334 1068 419
26 1176 419
12 1255 419
12 1255 419
700 1283 419
12 32 419
687 1281 419
12 969 419
12 32 419
1373 105 419
353 372 419
12 32 419
1103 425 419
12 1255 419
1373 1313 419
118 847 419
118 943 419
1032 783 419
1312 1313 419
12 32 419
271 194 419
1339 783 419
454 1043 419
711 1356 419
711 32 419
711 1339 419
12 1255 419
1339 711 419
770 1103 419
12 1344 419
32 711 419
1183 1354 419
12 1118 419
1043 454 419
711 1339 419
12 1344 419
711 32 419
12 1118 419
770 1196 419
12 1284 419
783 1032 419
783 1339 419
783 1339 419
12 1118 419
12 1344 419
1339 711 419
1339 783 419
770 454 419
32 711 419
12 1118 419
1032 783 419
118 120 419
711 1339 419
1402 1339 419
1402 32 419
1138 1283 419
711 32 419
12 1284 419
12 1344 419
1339 711 419
12 969 419
12 1118 419
12 1344 419
711 1339 419
1402 1339 419
32 711 419
711 32 419
325 1281 419
454 1043 419
12 1118 419
1339 711 419
1185 454 419
12 1118 419
277 176 419
12 1138 419
12 1118 419
308 146 419
12 1118 419
783 1032 419
822 819 419
1402 32 419
1402 1339 419
12 1118 419
1402 325 419
711 1339 419
176 277 419
1402 32 419
12 1118 419
454 1185 419
1043 454 419
12 1118 419
1339 711 419
12 1118 419
12 1118 419
308 278 419
454 1043 419
12 1118 419
711 1339 419
354 398 419
12 969 419
423 938 419
12 1118 419
12 1118 419
398 354 419
42 1226 419
12 1118 419
12 1118 419
398 354 419
12 1118 419
277 176 419
12 1118 419
12 1118 419
12 1118 419
105 1083 419
42 306 419
354 398 419
105 474 419
354 398 419
12 1255 419
1260 725 419
1339 1255 419
498 1050 419
32 1050 419
12 1118 419
679 649 419
598 1033 419
1255 1339 419
12 1118 419
498 1402 419
398 354 419
12 1118 419
881 1090 419
12 1118 419
810 1138 419
810 1351 419
1050 498 419
546 460 419
725 1260 419
498 1072 419
546 460 419
354 398 419
546 544 419
1383 1138 419
1339 1255 419
725 454 419
835 725 419
516 296 419
398 354 419
725 835 419
1255 1339 419
296 516 419
1339 1255 419
1375 199 419
398 354 419
1255 1339 419
1072 498 419
725 454 419
90 1006 419
1339 1255 419
878 1069 419
1255 1339 419
770 454 419
431 308 419
431 617 419
357 1169 419
1043 454 419
454 1043 419
1339 1255 419
1043 454 419
1255 1339 419
454 1043 419
986 649 419
542 598 419
770 454 419
986 19 419
1339 1255 419
249 964 419
770 454 419
1043 454 419
725 454 419
1255 1339 419
454 1043 419
1043 454 420
1339 1255 420
770 454 420
719 220 420
835 725 420
725 454 420
306 42 420
725 835 420
1255 1339 420
1274 1281 420
770 454 420
639 1033 420
1339 1231 420
1339 1255 420
1137 1033 420
639 994 420
1255 1339 420
1339 1280 420
835 725 420
1231 1339 420
1113 576 420
1339 474 420
1339 1255 420
1339 1231 420
1255 1339 420
474 1339 420
1339 1255 420
912 375 420
1339 474 420
1231 1339 420
725 835 420
912 1379 420
1142 752 420
474 1339 420
1339 1231 420
725 454 420
1339 474 420
1231 1339 420
1280 1339 420
1339 1231 420
1384 795 420
474 1339 420
576 649 420
1339 1280 420
1280 725 420
1384 778 420
576 1339 420
1358 1381 420
1280 1339 420
281 317 420
878 1255 420
1358 777 420
1339 474 420
63 814 420
1339 576 420
105 474 420
1176 26 420
474 1377 420
317 281 420
281 317 420
398 1377 420
800 1384 420
317 281 420
1339 1280 420
281 317 420
1306 990 420
317 281 420
474 1339 420
1255 1339 420
1255 878 420
725 1280 420
1231 1339 420
1006 90 420
1280 1339 420
281 317 420
725 1280 420
1339 474 420
994 639 420
1280 725 420
871 1029 420
714 517 420
800 1384 420
1280 725 420
871 1384 420
1339 1231 420
1038 576 420
1185 454 420
544 546 420
1339 1280 420
1346 1314 420
1185 454 420
1339 1255 420
596 1179 420
725 1280 420
1383 1138 420
353 261 420
1033 1281 420
800 1384 420
261 353 420
1033 1381 420
1280 1339 420
474 1339 420
1284 131 420
800 1384 420
1280 725 420
994 596 420
1231 1339 420
800 1384 420
835 725 420
1033 598 420
871 1384 420
770 1384 420
1339 474 420
878 1255 420
725 1280 420
1339 1231 420
770 658 420
454 725 420
1339 1280 420
1339 576 420
474 1339 420
1033 639 420
1280 725 420
994 993 420
725 835 420
725 454 420
1280 1339 420
1403 1255 420
1231 1339 420
1033 1137 420
725 1280 420
1339 474 420
986 725 420
1339 1280 420
1280 725 420
1280 1339 420
1339 1231 420
1339 1280 420
474 1339 420
770 1384 420
871 1384 420
986 725 420
1339 474 420
770 1384 420
131 1284 420
1231 1339 420
725 454 420
1033 1377 420
474 1339 420
871 1384 420
576 1339 420
770 1384 420
1339 1231 420
725 1280 420
342 63 420
1339 576 420
770 1384 420
261 835 420
1231 1339 420
576 1339 420
1339 1231 420
431 617 420
576 1339 420
1375 994 420
576 1339 420
871 1384 420
800 1256 420
596 994 420
128 927 420
699 1283 420
596 994 420
835 725 420
770 1384 420
986 725 420
835 261 420
994 454 420
576 1339 420
986 1036 420
1284 131 420
871 1384 420
220 719 420
1136 254 420
415 1350 420
576 1339 420
1036 32 420
994 596 420
725 835 420
1375 994 420
131 1284 420
1317 919 420
32 1036 420
770 1384 420
1404 1219 420
1255 1339 420
835 725 420
1255 878 420
1244 1287 420
596 994 420
1317 817 420
1339 1255 420
1255 1339 420
1284 131 420
986 725 420
1339 1255 420
254 1244 420
538 546 420
131 1284 420
431 617 420
792 1297 420
1236 1043 420
1236 176 420
1255 1339 420
1136 254 420
398 1359 420
1236 990 420
409 19 420
725 835 420
1339 1255 420
1367 1138 420
994 596 420
342 63 420
1255 1339 420
576 1339 420
1136 398 420
1284 131 420
1339 1255 420
1136 254 420
1089 1365 420
1339 576 420
9 1050 420
770 396 420
323 643 420
323 643 420
576 1339 420
1403 1255 420
1339 576 420
131 1284 420
1136 254 420
503 102 420
142 329 420
643 323 420
792 1036 420
254 1136 420
1404 1219 420
323 341 420
576 1339 420
1136 254 420
1033 701 420
63 26 420
1339 576 420
323 367 420
498 1072 420
713 353 420
576 1033 420
596 994 420
1117 856 420
792 1297 420
367 323 420
752 1142 420
725 719 420
323 725 420
254 1136 420
323 643 420
1033 1211 420
323 367 420
1138 254 420
1136 254 420
342 63 420
191 1060 420
6 422 420
643 323 420
367 323 420
249 725 420
1211 1033 420
1211 32 420
725 323 420
323 643 420
254 1138 420
576 1339 420
254 1136 420
323 367 420
323 725 420
643 323 420
1136 254 420
1033 576 420
367 323 420
1033 1211 420
1403 859 420
725 323 420
1339 576 420
576 1033 420
323 643 420
1255 1339 420
323 367 420
1215 1317 420
1255 1403 420
1339 1255 420
643 323 420
1215 1136 420
323 725 420
1284 131 420
1403 1255 420
254 1136 420
1033 576 420
725 323 420
719 725 420
323 643 420
576 1339 420
323 725 420
725 719 420
835 725 420
341 323 420
323 367 420
342 63 420
991 101 420
323 341 420
350 1168 420
725 323 420
350 626 420
725 835 420
254 1211 420
323 97 420
1359 398 420
341 323 420
1215 1317 420
26 1176 420
26 63 420
576 1033 420
398 1359 420
1339 576 420
249 725 420
249 725 420
643 323 420
856 1176 420
1255 1339 420
1255 1403 420
131 1284 420
1339 1255 420
1215 1317 420
835 725 420
1403 1255 420
1339 323 420
1215 1317 420
323 725 420
576 1339 420
323 341 420
679 474 420
323 643 420
725 835 420
1339 576 420
576 1339 420
341 323 420
323 1339 420
422 6 420
725 323 420
1283 1138 420
1339 323 420
871 267 420
342 63 420
323 341 420
341 1255 420
799 994 420
576 1339 420
6 422 420
323 725 420
323 1339 420
341 323 420
249 725 420
1339 576 420
725 323 420
1339 323 420
576 1339 420
323 341 420
834 1365 420
342 63 420
1284 131 420
1215 1317 420
323 1339 420
576 1339 420
1339 323 420
367 323 420
323 1339 420
1339 576 420
560 908 420
1339 323 420
1405 516 420
323 367 420
422 6 420
342 63 420
323 1339 420
367 323 420
1381 1033 420
1339 323 420
617 103 420
503 605 420
323 367 420
1176 26 420
792 1297 420
323 1339 420
1044 753 420
6 422 420
1044 758 420
809 795 420
576 1339 420
1044 323 420
323 950 420
1340 609 420
1216 598 420
1339 323 420
638 1406 420
1331 632 420
609 1340 420
342 63 420
1339 576 420
809 560 420
1044 323 420
1375 1056 420
1340 1374 420
323 1339 420
609 297 420
1340 1407 420
1044 323 420
103 617 420
809 560 420
1339 323 420
398 1136 420
503 527 420
617 103 420
560 1216 420
1184 644 420
681 617 420
546 544 420
617 103 420
323 1339 420
131 1284 420
323 42 420
546 538 420
131 125 420
1044 323 420
1339 323 420
367 323 420
1402 1339 420
1184 711 420
12 1138 420
503 638 420
12 986 420
1018 772 420
950 323 420
704 1297 421
1402 32 421
12 711 421
503 527 421
711 1184 421
1281 354 421
1297 704 421
1295 1283 421
1087 1131 421
503 527 421
1402 1083 421
12 711 421
1283 1295 421
503 352 421
1402 29 421
1281 1033 421
1284 131 421
307 317 421
12 1118 421
1402 950 421
704 1297 421
1402 254 421
1184 711 421
12 527 421
1402 423 421
1402 1033 421
1283 409 421
1359 1335 421
1402 994 421
605 90 421
1402 704 421
1281 325 421
12 392 421
372 1359 421
704 323 421
90 605 421
1402 1319 421
1281 687 421
1402 560 421
1359 372 421
12 1214 421
871 306 421
103 617 421
605 90 421
372 952 421
503 272 421
617 103 421
1402 1339 421
871 952 421
1402 254 421
503 254 421
503 352 421
1297 704 421
103 617 421
90 605 421
1402 254 421
503 254 421
617 103 421
1216 598 421
372 1359 421
681 617 421
1402 1339 421
261 835 421
605 90 421
1402 950 421
598 1216 421
843 306 421
1367 1138 421
307 317 421
1402 254 421
12 711 421
12 711 421
353 392 421
1283 1063 421
306 843 421
1402 560 421
90 605 421
617 103 421
249 1402 421
144 1408 421
254 1402 421
605 90 421
128 1113 421
1319 1402 421
90 605 421
1083 1402 421
67 1402 421
1044 1402 421
679 1281 421
560 1402 421
1044 753 421
323 367 421
1044 323 421
681 1402 421
617 317 421
605 317 421
323 950 421
1339 1402 421
617 103 421
835 261 421
1044 753 421
128 557 421
1044 323 421
1339 90 421
306 952 421
128 503 421
1379 912 421
1274 1281 421
770 1402 421
1379 131 421
323 704 421
294 831 421
1402 254 421
90 1339 421
557 128 421
1402 1319 421
350 1353 421
307 317 421
12 834 421
1402 560 421
617 103 421
704 323 421
128 1409 421
1216 542 421
1402 1083 421
605 734 421
1339 1234 421
950 1402 421
297 609 421
950 323 421
254 1402 421
952 306 421
1317 507 421
560 1402 421
306 952 421
389 830 421
249 1402 421
1402 950 421
1339 90 421
1402 254 421
389 609 421
710 1283 421
681 1402 421
1402 560 421
1026 615 421
538 546 421
507 1317 421
254 1402 421
1026 184 421
1026 1045 421
770 1402 421
323 704 421
1317 507 421
1402 254 421
272 503 421
1184 254 421
372 1402 421
1117 856 421
1274 306 421
422 6 421
249 1402 421
1069 878 421
306 1274 421
254 1402 421
372 1402 421
704 323 421
323 950 421
372 1354 421
843 356 421
1274 306 421
6 422 421
681 1402 421
1402 1339 421
770 1402 421
12 1379 421
1402 372 421
507 1317 421
323 704 421
356 843 421
1044 1402 421
1409 128 421
1317 507 421
1402 254 421
1069 542 421
439 952 421
1402 372 421
1184 254 421
1339 1402 421
249 1402 421
704 323 421
560 1402 421
1402 1339 421
372 1402 421
128 557 421
770 1402 421
1402 560 421
814 63 421
539 952 421
539 952 421
1402 372 421
254 1402 421
1339 1402 421
1402 254 421
770 1402 421
1402 1339 421
261 835 421
128 1409 421
323 1339 421
507 1317 421
1410 753 421
372 1402 421
1339 1402 421
36 211 421
339 1402 421
1402 372 421
254 1402 421
372 1402 421
770 1402 421
1402 1339 421
919 1317 421
1402 339 421
372 1402 421
1402 254 421
1402 372 421
1379 1402 421
1339 323 421
710 539 421
12 1379 421
1184 254 421
1402 372 421
12 1379 421
1339 1402 421
1410 6 421
1402 1379 421
372 1402 421
1184 644 421
770 1402 421
1379 12 421
1402 1339 421
1044 1402 421
1402 372 421
1379 1402 421
679 1281 421
372 1402 421
1400 1411 421
1402 1379 421
1281 356 421
1402 372 421
323 704 421
1379 1402 421
372 1402 421
770 1402 421
1184 254 421
871 306 421
1402 1379 421
254 1216 421
770 36 421
1339 589 421
1402 372 421
1381 798 421
1410 6 421
356 1281 421
1379 1402 421
704 323 421
339 1402 421
1274 1281 421
594 1171 421
1381 783 421
1184 367 421
810 1402 421
1281 356 421
544 546 421
770 1402 421
1184 254 421
1339 1402 421
1402 1379 421
1402 339 421
1402 339 421
1409 128 421
1410 6 421
1402 1339 421
1402 498 421
1184 254 421
356 1281 421
1184 254 421
1379 598 421
367 1184 421
1184 254 421
12 1379 421
1184 254 421
128 612 421
1379 598 421
874 919 421
871 306 421
1184 367 421
1379 1402 421
12 569 421
1402 1379 421
1138 254 421
1379 1402 421
323 1339 421
1044 1402 421
1402 1379 421
1138 1283 421
143 1339 421
367 1184 421
810 1402 421
1274 1281 421
12 358 421
1383 1381 421
1281 356 421
1184 367 421
12 358 421
128 235 421
569 128 421
67 1402 421
1339 323 421
128 1409 421
372 1402 421
546 538 421
576 1339 421
12 1138 421
128 569 421
372 1402 421
372 1402 421
12 358 421
546 544 421
356 1281 421
810 1402 421
12 569 421
609 389 421
12 358 421
569 128 421
1184 367 421
350 358 421
1339 576 421
12 1118 421
546 598 421
128 569 421
418 1402 421
12 569 421
544 546 421
681 1402 421
67 697 421
576 1339 421
12 358 421
12 1118 421
569 128 421
1184 367 421
12 1118 421
1216 254 421
871 306 421
569 128 421
12 1138 421
1123 507 421
12 569 421
871 306 421
1339 576 421
372 1412 421
128 569 421
12 358 421
1274 1281 421
12 1118 421
1038 576 421
12 1138 421
350 358 421
950 323 421
507 1123 421
1280 725 421
569 128 421
392 353 421
1339 297 421
1280 1339 421
1036 792 421
598 1379 421
1281 539 421
1280 1287 421
1412 372 421
1295 1283 421
12 392 421
128 548 421
1339 1280 421
297 1339 421
63 814 421
354 398 421
12 1118 421
1280 1339 421
1339 297 421
12 569 421
354 398 421
372 1018 421
12 1118 421
372 1412 421
1339 1280 421
297 1339 421
576 1339 421
871 1412 421
993 994 421
372 1381 421
1339 297 421
12 1118 421
1280 1339 421
146 308 421
297 1339 421
1287 1280 421
1339 576 421
12 392 421
1280 1287 421
1339 1280 421
1339 297 421
1018 372 421
12 1118 421
1381 372 421
12 569 421
1274 1281 421
993 1402 421
640 576 421
1339 297 421
1381 372 421
576 1339 421
1381 128 421
12 392 421
546 544 421
372 1018 421
576 640 421
372 1381 421
372 1381 421
12 1118 421
503 128 421
503 272 421
792 1036 421
297 1339 421
12 392 421
1339 576 421
12 569 421
503 306 421
640 576 421
306 503 421
1381 372 421
1339 297 421
1381 372 421
503 306 421
576 1339 421
306 503 421
12 1118 421
306 503 421
503 306 421
12 1138 421
1036 792 421
12 392 421
12 569 421
12 1118 421
12 392 421
576 640 421
12 1118 421
792 1036 421
12 569 421
128 1381 421
323 1339 421
640 576 421
1328 306 421
372 1381 421
372 1381 421
582 598 421
12 1138 421
1383 1381 421
323 950 421
12 392 421
1381 128 421
859 1403 421
1274 1281 421
12 1118 421
760 542 421
1083 1402 421
372 592 421
810 1412 421
12 569 421
372 353 421
843 1237 421
1283 1138 421
12 1138 421
792 1036 421
12 1118 421
1354 372 421
12 392 421
592 372 421
12 569 421
1383 1381 421
128 1381 421
1381 128 421
1215 498 421
372 1354 421
372 592 421
598 582 421
1383 1381 421
12 1118 421
12 569 421
576 640 421
1381 1383 421
938 423 421
128 1354 421
792 1036 421
12 392 421
1215 498 421
12 1118 421
128 1381 421
12 569 421
592 372 421
392 306 421
12 1118 421
681 562 421
871 843 421
308 281 421
12 1118 421
12 392 421
12 1118 421
792 1036 421
582 598 421
12 569 421
1138 1283 421
12 1118 421
1383 1381 421
1383 1381 421
12 1118 421
1339 323 421
792 1036 421
372 592 421
12 1118 421
592 372 421
372 482 421
1215 498 421
12 1118 421
1373 408 421
128 1381 421
372 592 421
1281 1283 421
1274 1281 421
1383 392 421
883 72 421
297 1339 421
871 843 421
1373 592 421
1283 1138 421
871 843 421
1373 592 421
933 1214 421
600 470 421
372 592 421
372 482 421
600 105 421
1138 1283 421
372 482 421
1383 392 421
1283 1138 421
1033 576 421
1158 325 421
1158 325 421
1373 713 421
1280 1403 421
592 372 421
1402 372 421
1373 592 421
372 482 421
1402 418 421
1138 1283 421
1033 1381 421
1402 993 421
482 372 421
1402 1083 421
372 1402 421
1383 392 421
372 482 421
372 482 421
372 592 421
1033 1281 421
146 128 421
1373 592 421
1373 592 421
1383 392 421
1283 1138 421
1281 1033 421
1138 1283 421
713 325 421
1373 609 421
843 1237 421
1235 1402 421
713 548 421
1235 576 421
1413 1381 421
1235 843 421
1274 1281 421
1283 1138 421
713 271 421
1383 392 421
1235 843 421
639 994 421
1414 42 421
128 1415 421
639 1033 421
1138 1283 421
1379 598 421
639 498 421
315 994 421
1281 1274 421
792 356 421
1089 1412 421
1283 1138 421
1383 392 421
128 778 421
315 840 421
72 883 421
1083 1402 421
1138 1283 421
1383 392 421
1283 1138 421
599 1381 421
1138 1283 421
1283 1138 422
1383 392 422
1138 1283 422
1283 1138 422
1416 277 422
495 585 422
555 1292 422
495 1113 422
1138 1283 422
468 277 422
1023 1402 422
1023 1402 422
1283 1138 422
1381 1033 422
1381 128 422
495 950 422
1381 1383 422
1381 1413 422
1383 392 422
1381 599 422
1138 1283 422
146 128 422
1381 713 422
1416 1138 422
1381 1413 422
1383 1381 422
1138 1283 422
1381 1383 422
1383 392 422
1383 1381 422
392 1295 422
42 1414 422
1283 1138 422
495 1043 422
128 1381 422
1383 1381 422
1383 1381 422
42 135 422
942 605 422
1381 128 422
1138 1283 422
893 994 422
495 1043 422
495 498 422
893 590 422
1381 1138 422
128 1381 422
498 495 422
1381 1138 422
1381 128 422
1383 1381 422
1283 1138 422
1138 1381 422
1138 1381 422
1381 1383 422
128 1381 422
1381 1138 422
1381 128 422
599 1381 422
1138 1283 422
1383 1381 422
1416 1138 422
1138 1381 422
128 1381 422
422 6 422
495 498 422
1381 599 422
495 498 422
1281 1023 422
1381 1138 422
1383 1381 422
498 495 422
1138 1381 422
1381 1138 422
1381 495 422
1283 1138 422
1138 1381 422
128 1004 422
1381 1138 422
599 1381 422
1416 1138 422
498 495 422
1381 599 422
1138 1283 422
498 495 422
1138 1381 422
1383 1381 422
128 1381 422
1381 128 422
1383 1381 422
783 1381 422
1381 783 422
128 1381 422
783 1381 422
1381 128 422
1383 1381 422
1381 783 422
128 1381 422
1381 128 422
599 1381 422
1383 1381 422
128 1381 422
1381 599 422
1138 1381 422
1381 1138 422
1381 1138 422
1383 1381 422
1283 1138 422
1383 1381 422
1138 1381 422
1138 1381 422
783 1381 422
1381 1138 422
542 1069 422
1381 783 422
1138 1283 422
542 760 422
1138 1381 422
1383 1283 422
1317 1417 422
1383 1381 422
1283 1138 422
783 1381 422
1381 783 422
1056 1032 422
1381 1138 422
760 576 422
599 1381 422
1383 1283 422
599 1381 422
1138 1283 422
1381 599 422
783 1381 422
1417 1317 422
1381 599 422
1381 783 422
1138 1381 422
1381 1138 422
599 1381 422
599 1381 422
1138 1381 422
1283 1138 422
1138 1283 422
1381 599 422
1381 1138 422
1381 1383 422
1383 1381 422
783 1381 422
1383 1381 422
1381 783 422
1281 413 422
1283 1138 422
1381 843 422
1138 1381 422
1283 1383 422
783 1381 422
325 1402 422
1138 1283 422
1383 1381 422
325 1281 422
1416 1138 422
325 1158 422
783 1213 422
1383 1283 422
1416 1413 422
1381 1383 422
599 1381 422
479 413 422
479 413 422
1416 1138 422
1383 1381 422
1356 1281 422
1356 852 422
413 479 422
1138 1381 422
1381 1138 422
1381 1138 422
1356 711 422
413 479 422
479 413 422
479 413 422
1416 1138 422
413 479 422
1138 1381 422
1416 1291 422
479 413 422
1138 1381 422
413 479 422
1416 260 422
479 413 422
1381 1138 422
1381 1138 422
1295 392 422
1416 1138 422
413 479 422
1381 1138 422
479 413 422
1168 683 422
1283 1138 422
1416 713 422
413 479 422
479 413 422
1138 1381 422
1138 1381 422
1138 1381 422
1138 1283 422
1283 1138 422
1281 1356 422
1281 325 422
1281 413 422
1283 1402 422
350 1168 422
542 1292 422
1213 783 422
865 1402 424
1142 752 424
809 795 424
9 1317 424
9 1196 424
1113 128 424
1113 323 424
1113 933 424
713 325 424
1113 495 424
342 1417 424
342 783 424
342 843 424
342 1216 424
1272 1244 424
26 1176 424
254 1216 424
605 277 424
281 317 424
830 389 424
679 1281 424
67 1417 424
163 474 424
1403 859 424
1403 1280 424
509 616 424
830 389 424
1373 859 424
1236 1043 424
1236 615 424
1236 176 424
1236 392 424
1236 1287 424
725 1280 424
1373 1306 424
594 1289 424
576 1033 424
615 1026 425
409 1283 425
1374 699 425
699 1374 425
699 1374 425
1374 699 425
1234 1339 425
225 638 425
792 1036 425
189 36 425
225 1281 425
699 1374 425
189 712 425
249 964 425
3 555 425
711 1356 425
1373 697 425
1328 391 425
1373 753 425
859 1403 425
1373 707 425
859 413 425
1373 859 425
1402 372 425
1373 1191 425
1403 859 425
1402 1083 425
1402 1023 425
1373 859 425
1402 325 425
1402 1283 425
919 874 425
1402 865 425
859 1403 425
810 1402 425
431 859 425
114 770 425
1262 598 425
114 770 425
1403 859 425
810 1402 425
770 1402 425
859 1403 425
1113 323 425
1189 1407 425
1189 1402 425
1189 1291 425
950 495 425
1189 835 425
1236 615 425
431 859 425
871 1384 425
871 1384 425
871 1384 425
809 1262 425
1044 1402 425
1127 1083 425
1127 454 425
1127 1274 425
278 308 425
560 1072 425
712 189 425
712 640 425
1153 1103 425
1339 1234 425
1280 725 425
1018 413 425
1358 352 425
1274 1281 425
1018 711 425
621 105 425
389 609 425
952 439 425
389 830 425
389 830 425
598 1379 425
919 50 425
337 474 425
339 1000 425
1000 339 425
1402 1189 425
708 105 426
843 1268 426
50 919 426
1387 1313 426
431 859 426
101 176 426
634 341 426
105 621 426
105 708 426
101 198 426
821 752 426
42 1418 426
1179 596 426
1044 1402 426
683 479 426
1393 332 426
1044 1402 426
423 1402 426
483 398 426
9 1317 426
184 1026 426
483 821 426
9 1402 426
908 560 426
908 1354 426
431 617 426
1359 1335 426
114 770 426
594 1289 426
339 1402 426
9 1265 426
189 712 426
42 1402 426
1402 339 426
1402 42 426
189 712 426
1018 708 426
1402 687 426
1018 1402 426
1402 1018 426
1272 1402 426
1018 1402 426
317 605 426
189 1291 426
495 498 426
714 1376 426
317 538 426
495 1381 426
495 498 426
495 498 426
317 1171 426
1402 1272 426
189 1261 426
181 766 426
1402 1018 426
495 1113 426
1272 1402 426
181 495 426
495 950 426
1367 1138 426
339 475 426
479 683 426
495 181 426
339 598 426
339 495 426
569 372 426
176 101 426
950 495 426
398 354 426
398 483 426
1295 1117 426
9 1402 426
9 1196 426
1281 683 426
181 495 426
840 315 426
124 598 426
1127 296 426
1138 1367 426
124 1402 426
598 124 426
124 598 426
498 495 426
353 42 426
252 1402 426
386 422 426
124 97 426
146 26 426
415 1208 426
146 26 426
146 26 426
146 26 426
212 590 426
1176 26 426
415 997 426
598 124 426
26 1176 426
498 495 426
598 1262 426
425 1103 426
598 582 426
598 546 426
316 714 426
598 1033 426
928 542 426
598 1379 426
711 1018 426
598 644 426
1260 725 426
124 598 426
1402 124 426
838 626 426
439 952 426
26 386 426
481 1402 426
598 124 426
67 1417 426
1286 1359 426
1 1271 427
473 1189 427
1286 1342 427
1286 1343 427
609 389 427
97 124 427
36 189 427
1033 1281 427
32 799 427
1171 317 427
1033 639 427
124 598 427
810 1402 427
124 97 427
1189 1402 427
124 1402 427
1189 473 427
1033 1381 427
1033 576 427
576 1033 427
1176 26 427
1033 598 427
431 595 427
1292 555 427
1393 1364 427
1292 325 427
586 1402 427
1393 704 427
1033 576 427
97 124 427
474 163 427
546 598 427
749 1118 427
576 1033 427
431 595 427
431 859 427
352 503 427
1393 1365 427
1260 1006 427
1033 1377 427
1032 1056 427
557 128 427
1262 598 427
146 309 427
189 36 427
307 189 427
105 474 427
1262 644 427
277 605 427
146 739 427
758 741 427
172 840 427
105 474 427
679 1174 427
679 474 427
679 474 427
32 840 427
679 1281 427
679 1310 427
114 770 427
679 474 427
105 474 427
679 474 427
704 958 427
1187 1060 427
105 474 427
596 1179 427
1358 352 427
679 474 427
871 1358 427
1113 495 427
105 474 427
1402 124 427
1402 586 427
1066 1072 427
810 1402 427
1274 1358 427
352 1358 427
701 233 427
1103 425 427
679 474 427
810 1402 427
105 474 427
799 32 427
679 398 427
792 1036 427
36 189 427
792 1036 427
679 474 427
105 474 427
1183 42 427
835 261 427
105 711 427
835 1189 427
105 474 427
835 1063 427
679 474 427
1189 835 427
835 1189 427
32 799 427
1383 1283 427
32 1183 427
1419 356 427
1383 26 427
105 474 427
1420 356 427
105 474 427
1183 32 427
1420 468 427
32 1183 427
1236 339 427
26 1383 427
1420 191 427
1236 615 427
679 474 427
1236 1287 427
1377 1033 427
1183 32 427
1291 189 427
105 474 427
105 474 427
679 398 427
679 474 427
1383 26 427
1236 308 427
105 474 427
679 474 427
105 474 427
1118 749 427
679 398 427
679 398 427
659 254 427
679 398 427
1153 1103 427
474 1339 427
398 679 427
1236 969 427
474 679 427
105 711 427
679 398 427
105 474 427
679 474 427
398 679 427
679 398 427
105 711 427
809 1262 427
810 1420 427
3 32 427
356 1419 427
474 679 427
105 711 427
398 679 427
679 474 427
105 474 427
679 398 427
952 439 427
1189 835 427
356 1420 427
398 679 427
131 1379 427
1402 810 427
679 398 427
131 1284 427
105 711 427
1281 1033 427
683 824 427
1281 679 427
398 679 427
474 679 427
683 479 427
679 1281 427
679 474 427
105 711 427
679 398 427
1281 679 427
1236 969 427
840 172 427
342 1302 427
679 1281 427
1365 834 427
1281 683 427
479 683 427
105 474 427
474 679 427
840 352 427
398 679 427
1281 679 427
105 711 427
1383 1283 427
1365 1393 427
679 474 427
679 1281 427
679 398 427
1281 679 427
679 1281 427
474 679 427
1281 1374 427
105 474 427
824 683 427
706 128 427
189 36 427
1189 1217 427
1281 679 427
1189 1217 427
706 740 427
398 679 427
356 840 427
9 1402 427
1234 1339 427
254 659 427
626 838 427
679 474 427
679 1281 427
474 679 427
398 479 427
679 398 427
479 398 427
679 474 427
1281 679 427
105 474 427
679 1281 427
398 679 427
42 353 427
474 679 427
32 1183 427
1281 679 427
42 474 427
679 398 427
474 42 427
679 474 427
679 1281 427
105 474 427
1281 679 427
474 679 427
175 1421 427
679 1281 427
679 474 427
474 679 427
686 1168 427
105 474 427
679 474 427
538 317 427
1281 679 427
538 546 427
679 1281 428
474 679 428
254 1402 428
679 474 428
1026 184 428
1281 679 428
1358 352 428
1358 1274 428
1026 615 428
32 523 428
474 679 428
105 474 428
353 42 428
3 415 428
1281 1377 428
640 712 428
679 1281 428
679 474 428
495 950 428
538 317 428
1403 859 428
352 840 428
1168 686 428
679 398 428
398 679 428
538 42 428
474 679 428
679 398 428
495 181 428
398 679 428
710 1382 428
353 1365 428
679 398 428
495 498 428
495 498 428
523 32 428
1365 353 428
398 679 428
913 462 428
523 791 428
1365 1412 428
495 1113 428
1236 1237 428
913 548 428
913 484 428
679 398 428
913 950 428
114 770 428
398 679 428
874 919 428
913 41 428
1236 1237 428
32 523 428
1236 1237 428
1339 1234 428
1190 393 428
1367 1138 428
1190 615 428
1402 254 428
1236 1237 428
1367 495 428
495 1367 428
1290 1402 428
1236 1237 428
954 103 428
1236 1237 428
1236 912 428
498 495 428
498 495 428
1231 704 428
1089 1365 428
1236 1026 428
1236 1374 428
1367 495 428
1021 970 428
1038 576 428
1373 1306 428
1281 317 428
1113 323 428
1038 594 428
1281 1374 428
1281 679 428
1113 495 428
1422 1021 428
652 394 428
741 758 428
652 394 428
652 394 428
652 394 428
652 394 428
1281 1006 428
1235 1402 428
1072 1066 428
1281 1291 428
770 1021 428
1364 1393 428
1235 1393 428
261 835 428
1032 783 428
1281 62 428
12 711 428
124 97 428
124 1402 428
1310 679 428
12 711 428
12 1281 428
1113 783 428
1236 1006 428
823 615 428
823 498 428
12 711 428
799 32 428
12 1118 428
12 1118 428
32 799 428
12 1281 428
12 1118 428
12 834 428
342 239 428
12 1118 428
1328 1421 428
12 1118 428
835 261 428
12 1118 428
942 1118 428
1118 942 428
942 1422 428
12 1118 428
12 175 428
12 1118 428
12 1118 428
1402 1235 428
545 592 428
12 1118 428
498 823 428
1402 124 428
12 1118 428
942 42 428
1044 758 428
1393 1365 428
12 1402 428
12 1402 428
1393 1364 428
12 599 428
1281 1283 428
12 1281 428
12 1402 428
12 1402 428
342 1097 428
12 711 428
124 1402 428
1402 124 428
12 1402 428
1283 835 428
160 639 428
124 1402 428
1234 124 428
32 1211 428
392 1295 428
950 495 428
1117 1295 428
1117 856 428
725 1260 428
124 1234 428
12 1402 428
261 835 428
68 1402 428
1402 68 428
1236 392 428
1113 840 428
1236 481 428
1283 538 428
12 1402 428
1283 738 428
617 103 428
1236 481 428
823 498 428
342 239 428
783 1032 428
783 1113 428
12 1402 428
342 783 428
1113 783 428
1268 823 428
1214 933 428
1236 481 428
12 1402 428
823 1268 428
12 1214 428
1268 823 428
823 1268 428
68 1402 428
468 1420 428
12 1214 428
1260 725 428
594 1038 428
1032 783 428
725 1260 428
642 963 428
1113 823 428
1044 1402 428
783 1032 428
1032 783 428
9 1402 428
783 1032 428
9 1281 428
1032 783 428
1421 1328 428
12 1402 428
1421 175 428
725 353 428
114 770 428
615 1026 428
42 353 428
783 1032 428
754 903 428
878 1417 428
42 538 428
615 823 428
994 799 428
823 615 428
9 1420 428
9 1420 428
1113 823 428
1236 615 428
1328 1421 428
615 823 428
994 596 428
42 1005 428
12 1420 428
1236 615 428
1402 68 428
994 1402 428
12 1402 428
994 993 428
1236 615 428
1402 994 428
596 994 428
576 1393 428
68 1402 428
823 615 428
1066 1072 428
1236 615 428
1402 68 428
1402 642 428
68 1402 428
12 1402 428
615 823 428
1402 68 428
9 1402 428
32 1395 428
68 1402 428
1236 615 428
1113 823 428
483 821 428
1113 128 428
734 605 428
994 639 428
50 823 428
1032 783 428
128 557 428
415 997 428
483 398 428
994 315 428
176 1423 429
68 1402 429
1072 1066 429
1424 575 429
994 1402 429
1424 1167 429
830 389 429
1423 176 429
175 1421 429
1402 68 429
394 652 429
1402 68 429
9 1423 429
1402 994 429
68 1402 429
68 1402 429
176 1423 429
1402 68 429
1402 68 429
1005 42 429
783 1032 429
68 1402 429
146 1 429
128 302 429
840 1113 429
9 1423 429
1423 176 429
1066 1072 429
68 1402 429
176 1423 429
640 1402 429
1423 176 429
176 1423 429
642 1402 429
823 1113 429
1032 783 429
302 128 429
823 615 429
128 738 429
128 1113 429
783 1032 429
398 317 429
146 1 429
1032 783 429
128 32 429
128 236 429
32 128 429
783 1032 429
1032 783 429
823 1369 429
679 1281 429
679 1310 429
1404 740 429
128 32 429
9 1050 429
9 1423 429
1339 822 429
1413 1219 429
1335 1359 429
32 128 429
783 1032 429
1044 1402 429
919 874 429
822 1339 429
856 1117 429
9 1423 429
422 386 429
314 834 429
1032 783 429
1032 783 429
1387 1313 429
1339 822 429
9 1423 429
783 1032 429
1032 783 429
1219 1413 429
1190 615 429
191 1420 429
1387 1313 429
220 88 429
1105 1409 429
783 1032 429
1190 393 429
1032 783 429
309 1421 429
1413 1219 429
569 1335 429
1190 615 429
393 1190 429
1387 1313 429
1032 783 429
398 679 429
783 1032 429
1387 1313 429
1423 176 429
1402 642 429
1376 714 429
731 824 429
733 1376 429
1032 783 429
354 398 429
733 1260 429
733 1376 429
871 1313 429
835 261 429
9 1423 429
783 1032 429
871 1376 429
1032 783 429
176 1423 429
997 415 429
398 354 429
843 285 429
481 838 429
733 1376 429
783 1032 429
679 398 429
733 1302 429
1423 176 429
1425 997 429
176 1423 429
1153 475 429
398 679 429
733 938 429
1302 338 429
733 1302 429
1423 176 429
733 783 429
9 1423 429
176 1423 429
350 626 429
1190 393 429
733 502 429
1032 783 429
1423 176 429
176 1423 429
9 1423 429
1302 29 429
997 1425 429
350 626 429
225 1281 429
783 1032 429
1032 783 429
783 1032 429
1153 475 429
733 783 429
1423 176 429
176 1423 429
1413 997 429
425 1103 429
733 1302 429
307 189 429
425 1402 429
1425 997 429
997 1413 429
997 1425 429
997 1425 429
733 1426 429
9 1423 429
425 697 429
9 1332 429
1423 176 429
733 475 429
997 1413 429
176 1423 429
350 626 429
1236 1413 429
1423 176 429
1402 640 429
1032 783 429
9 1423 429
1402 68 429
1402 425 429
1236 176 429
1402 68 429
176 1423 429
1427 1424 429
1295 392 429
1427 575 429
1281 683 429
68 1402 429
1295 1117 429
783 1032 429
1236 176 429
1032 783 429
1413 997 429
871 68 429
67 1427 429
9 1281 429
1413 997 429
67 1427 429
9 1423 429
1423 1292 429
9 598 429
1236 1413 429
454 1127 429
1236 176 429
9 1423 429
783 1032 429
725 1260 429
1032 783 429
1236 176 429
1260 725 429
733 1302 429
1236 176 429
783 1032 429
1032 783 429
1236 176 429
1402 68 429
12 1281 429
9 1281 429
1236 176 429
12 1118 429
176 81 429
12 1281 429
68 1402 429
725 1260 429
9 1281 429
733 928 429
12 1281 429
783 1032 429
1236 176 429
81 176 429
1032 783 429
176 81 429
1281 1283 429
12 1118 429
733 928 429
1302 176 429
1281 1283 429
1260 725 429
481 1402 429
12 1281 429
1283 1281 429
1302 645 429
9 317 429
1260 1283 429
12 1118 429
176 1302 429
1291 1281 429
81 176 429
9 32 429
118 193 429
1283 1260 429
1032 783 429
9 1401 429
1281 1283 429
12 118 429
1281 1291 429
12 1281 429
1283 1281 429
12 1118 429
302 118 429
1281 1283 429
783 1032 429
1271 63 429
697 425 429
1032 783 429
176 81 429
783 1032 429
12 1281 429
42 1428 429
12 1118 429
1235 52 429
415 997 429
1236 769 429
105 831 429
997 415 429
1308 42 429
12 1281 429
738 128 429
12 1118 429
12 1118 429
42 1308 429
42 135 429
12 1118 429
1308 42 429
42 1308 429
871 68 429
1026 615 429
105 831 429
12 1118 430
1326 1426 430
12 1118 430
342 1302 430
1429 1281 430
12 1118 430
733 128 430
546 532 430
546 542 430
1236 544 430
1326 1268 430
12 1118 430
704 1423 430
645 1302 430
1375 740 430
1326 1268 430
1236 544 430
3 1110 430
733 128 430
835 1283 430
733 544 430
12 1118 430
835 1189 430
3 257 430
12 1118 430
1236 544 430
824 731 430
738 128 430
725 1260 430
1236 544 430
733 544 430
733 128 430
1260 725 430
733 128 430
733 128 430
1236 544 430
1395 32 430
923 544 430
1236 544 430
1395 994 430
824 774 430
706 128 430
544 923 430
733 475 430
733 128 430
12 1118 430
193 118 430
1395 704 430
1236 544 430
799 994 430
733 475 430
1236 544 430
353 645 430
1395 704 430
1004 128 430
1236 544 430
1219 1413 430
733 475 430
605 317 430
1236 544 430
353 725 430
9 598 430
725 1260 430
725 353 430
704 1395 430
1236 544 430
704 1395 430
120 118 430
1260 645 430
63 1271 430
1236 544 430
63 1110 430
645 1260 430
1236 544 430
903 1294 430
1260 725 430
645 353 430
1260 645 430
733 128 430
128 738 430
733 128 430
706 128 430
1373 1283 430
1236 706 430
1373 1295 430
706 1397 430
706 1397 430
1373 1283 430
532 546 430
128 706 430
733 128 430
706 128 430
1373 1295 430
128 706 430
725 1260 430
733 128 430
923 544 430
706 128 430
1295 1373 430
19 1430 430
733 475 430
542 546 430
733 475 430
681 617 430
1373 1295 430
9 598 430
142 1281 430
142 1281 430
733 128 430
706 1241 430
871 68 430
615 823 430
261 835 430
706 1241 430
544 923 430
1142 42 430
725 859 430
1113 840 430
1137 67 430
1117 1295 430
546 437 430
1283 1373 430
42 1142 430
19 1260 430
19 1260 430
19 1260 430
19 1260 430
1373 1283 430
615 1190 430
615 1190 430
19 711 430
1260 19 430
615 1026 430
19 711 430
19 1260 430
1113 128 430
1142 42 430
615 1241 430
1260 19 430
1113 823 430
19 1260 430
19 1260 430
525 19 430
792 131 430
1399 1335 430
1399 1359 430
615 1241 430
1255 1231 430
260 830 430
1241 277 430
366 1349 430
431 1117 430
1215 398 430
615 1241 430
1189 1417 430
1215 398 430
1241 1219 430
1110 63 430
1241 1219 430
249 1376 430
277 1241 430
67 1430 430
249 1430 430
615 1241 430
719 1420 430
1189 835 430
1241 277 430
249 1421 430
704 605 430
615 1241 430
1359 1399 430
1359 1335 430
431 1402 430
719 1036 430
719 1036 430
1091 876 430
753 1373 430
615 1241 430
1326 952 430
249 1260 430
366 346 430
431 1091 430
615 1241 430
605 704 430
483 821 430
342 1431 430
1373 753 430
1312 1091 430
1393 1427 430
734 605 430
1312 1091 430
605 734 430
1359 1399 430
181 495 430
681 617 430
635 1262 430
495 498 430
734 605 430
407 378 430
605 734 430
495 498 430
753 719 430
753 1373 430
1219 1241 430
719 753 430
734 605 430
1219 1241 430
1373 753 430
734 617 430
753 719 430
254 1402 430
753 1373 430
719 753 430
617 734 430
605 734 430
734 617 430
53 1432 430
753 719 430
734 605 430
80 823 430
605 734 430
605 734 430
1036 719 430
734 605 430
719 1036 430
1189 502 430
704 605 430
605 734 430
29 1302 430
617 734 430
605 704 430
615 1181 430
1036 719 430
1281 1429 430
1433 1072 430
128 1113 430
463 105 430
483 821 430
463 1185 430
128 706 430
725 1280 430
830 260 430
463 327 430
704 617 430
704 605 430
870 598 430
1373 753 430
1295 1373 430
463 469 430
605 704 430
1295 1117 430
101 243 430
495 1367 430
101 243 430
753 1373 430
1181 615 430
463 609 430
128 598 430
495 1113 430
1044 1402 430
1373 711 430
792 131 430
770 463 430
819 822 430
1283 1295 430
1283 987 430
1434 27 430
809 257 430
615 1181 430
792 131 430
1339 474 430
711 1373 430
1262 1417 430
792 131 430
792 131 430
1113 128 430
131 792 430
254 1039 430
254 1279 430
342 495 430
1434 1110 430
792 131 430
357 1169 430
249 44 430
357 1402 430
131 792 430
249 1402 430
598 128 430
598 870 430
357 152 430
1434 725 430
598 603 430
1338 642 430
53 1283 430
994 1395 430
249 725 430
249 725 430
835 261 430
1295 1283 430
1434 131 430
1338 479 430
870 598 430
346 366 430
994 799 430
1283 1295 430
835 1189 430
1295 1283 430
1434 725 430
1285 1273 430
1338 1189 430
986 725 430
792 131 430
986 725 430
1338 252 430
1283 1295 430
1338 193 430
986 124 430
598 794 430
1338 479 430
1435 667 430
598 1093 430
986 725 430
1113 495 430
131 792 430
667 1435 430
1434 725 430
1338 479 430
1268 1326 430
431 1117 430
986 725 430
822 1339 430
1093 598 430
128 172 430
1338 642 430
598 488 430
1338 479 430
667 1402 430
128 1004 430
1435 667 430
598 1093 430
128 1113 430
1338 479 430
1434 725 430
1338 642 430
598 645 430
1033 1377 430
261 835 430
605 254 430
431 605 430
1287 1083 430
1285 1021 430
598 1006 430
1268 823 430
1339 822 430
1435 1033 430
1033 1281 430
1113 128 430
1033 1435 430
822 1339 430
1338 9 430
1436 361 430
569 128 430
598 325 430
1434 498 430
341 1132 430
1377 1033 430
172 128 430
1033 1377 430
1365 1393 430
431 605 430
128 172 430
502 1189 430
1434 725 430
1338 479 430
1437 341 430
431 605 430
598 1377 430
1437 341 430
1338 642 430
431 605 430
1339 822 430
1437 341 430
1290 596 430
598 27 430
53 1283 430
598 1403 431
1338 642 431
1434 155 431
792 131 431
1338 642 431
1403 598 431
794 598 431
822 1339 431
598 475 431
598 794 431
598 502 431
1103 425 431
475 598 431
249 783 431
1285 598 431
431 605 431
704 1403 431
1437 341 431
161 679 431
1434 725 431
1338 341 431
799 994 431
243 100 431
1339 822 431
1138 1367 431
431 605 431
1211 254 431
1434 155 431
249 596 431
1211 32 431
1006 598 431
105 463 431
822 1339 431
27 598 431
1365 116 431
1339 822 431
474 1339 431
53 1438 431
431 605 431
431 605 431
1338 341 431
105 1406 431
249 1006 431
822 400 431
1290 596 431
1338 353 431
1438 502 431
1339 474 431
341 1338 431
1338 341 431
1339 822 431
105 1406 431
835 261 431
1138 124 431
128 32 431
1338 341 431
822 1339 431
128 1113 431
1281 1033 431
431 605 431
1354 128 431
431 605 431
105 1406 431
474 1339 431
249 1138 431
502 598 431
128 1354 431
105 1406 431
1339 822 431
502 1438 431
105 1406 431
1339 474 431
822 1339 431
249 1138 431
105 1406 431
1339 822 431
1438 502 431
1138 296 431
822 1339 431
1153 128 431
1292 1423 431
1236 1237 431
1338 341 431
1416 1413 431
1153 128 431
1416 1138 431
502 1438 431
128 502 431
1403 704 431
1338 341 431
1113 128 431
105 367 431
1138 995 431
105 1406 431
1184 644 431
871 68 431
1184 32 431
1339 822 431
1338 353 431
297 283 431
704 1403 431
1354 128 431
1383 1283 431
1184 711 431
1338 341 431
105 1406 431
1403 704 431
1416 1138 431
128 1113 431
128 1354 431
609 463 431
770 463 431
1236 479 431
101 190 431
502 128 431
498 649 431
254 1211 431
1184 1036 431
254 605 431
463 105 431
1402 68 431
1402 667 431
1236 479 431
1402 481 431
1338 341 431
463 609 431
1416 1138 431
1338 341 431
822 1339 431
605 254 431
1153 128 431
871 1211 431
1236 1237 431
105 463 431
1433 753 431
12 599 431
1290 605 431
224 605 431
770 463 431
12 1281 431
128 502 431
176 101 431
1236 479 431
254 605 431
101 190 431
105 1406 431
296 1138 431
1339 822 431
12 366 431
431 605 431
128 1354 431
1138 296 431
605 254 431
9 1338 431
753 1433 431
1113 128 431
822 1339 431
871 463 431
1236 1237 431
254 605 431
1153 128 431
1339 822 431
105 1406 431
296 1138 431
1433 753 431
249 596 431
101 176 431
1338 341 431
1236 296 431
507 1402 431
249 1138 431
753 1433 431
605 254 431
822 1339 431
1325 1340 431
194 271 431
706 1241 431
1338 341 431
161 679 431
1416 1138 431
1138 296 431
712 1398 431
105 1406 431
176 101 431
105 605 431
1339 822 431
1286 1231 431
1153 128 431
1236 1237 431
1398 712 431
706 128 431
105 605 431
1433 753 431
9 366 431
1325 983 431
1416 1138 431
105 1406 431
105 605 431
609 463 431
1184 711 431
1153 128 431
1359 1231 431
1339 296 431
1236 296 431
753 1433 431
1236 706 431
1402 254 431
822 1339 431
9 598 431
1236 914 431
1402 1044 431
1354 128 431
1402 357 431
1338 341 431
1398 712 431
1236 327 431
1402 249 431
296 1339 431
1184 711 431
1236 1237 431
1236 706 431
1033 1281 431
1339 822 431
1069 542 431
1153 128 431
296 194 431
679 161 431
1416 1138 431
1236 296 431
1236 1237 431
1236 706 431
1184 711 431
1339 296 431
105 1406 431
1433 753 431
822 1339 431
1236 296 431
249 1138 431
146 679 431
502 128 431
1236 1237 431
1101 128 431
296 1339 431
1339 822 431
194 296 431
1236 706 431
1338 341 431
1236 296 431
753 1433 431
712 1398 431
874 919 431
1416 1138 431
822 1339 431
1236 1237 431
1393 1365 431
341 1338 431
161 679 431
1236 706 431
249 1138 431
220 19 431
53 1118 431
1211 254 431
194 642 431
1339 296 431
1338 341 431
1231 1286 431
1184 711 431
194 1279 431
1231 1359 431
1113 1306 431
1138 341 431
1339 822 431
1236 1237 431
194 498 431
1236 706 431
1335 1117 431
983 1325 431
1416 502 431
1325 983 431
822 1339 431
681 1338 431
1433 753 431
194 356 431
983 1325 431
1236 706 431
296 194 431
341 1338 431
463 609 431
1335 1403 431
341 1138 431
1236 1237 431
1339 822 431
296 1339 431
1439 1354 431
753 1433 431
194 296 431
53 1138 431
1325 983 431
1416 1138 431
770 463 431
822 1339 431
341 1338 431
128 502 431
983 1325 431
1339 296 431
296 194 431
1339 822 431
1325 983 431
1044 1402 431
1183 1440 431
983 1325 431
1338 341 431
871 1211 431
1183 42 431
1138 341 431
871 463 431
532 536 431
254 1211 431
1433 753 431
1325 983 431
1211 1437 431
254 1402 431
822 1339 431
1339 474 431
1236 1237 431
322 1402 431
1236 1413 431
1339 822 431
983 1325 431
128 1354 431
322 1127 431
194 1362 431
1236 706 431
341 1138 431
706 840 431
1441 983 431
1413 1219 431
1338 341 431
983 1441 431
341 1338 431
1325 983 431
1416 1138 431
128 1113 431
1184 479 431
983 1325 431
334 1442 431
254 1211 431
128 706 431
1184 711 431
249 1138 431
1338 341 431
706 128 431
1441 983 431
1138 341 431
1184 479 431
983 1441 431
67 938 431
733 297 431
53 1138 431
1113 128 431
1416 475 431
1219 1413 431
1184 711 431
1117 1335 431
733 1402 431
1184 479 431
1033 1443 431
128 1113 431
1325 983 431
1211 325 431
318 1127 431
733 1338 431
704 712 431
1219 1413 431
983 1325 431
840 706 431
1138 249 431
733 1338 431
1113 128 431
1184 479 431
609 463 431
770 840 431
53 1138 431
1340 840 431
1241 840 431
733 840 431
1335 1117 431
1153 128 431
1241 840 431
317 538 431
1441 983 431
249 1138 431
706 840 431
733 903 431
317 398 431
479 1184 431
792 1413 431
1021 1285 431
605 317 431
983 1441 431
317 605 431
1117 1335 431
1441 840 431
679 161 431
733 1338 431
53 1138 431
1184 479 431
317 605 431
1138 249 431
325 1211 431
711 1184 431
479 1184 431
41 913 431
1021 1422 431
249 1138 431
605 317 431
261 835 431
53 1138 431
1379 118 431
1153 128 431
605 317 431
1416 1138 431
341 1338 431
840 1340 431
1138 249 431
1441 983 431
1443 1033 431
770 1021 431
249 1138 431
770 840 431
146 679 431
733 840 431
983 1441 431
341 1138 431
840 706 431
53 1138 431
840 1441 431
733 1306 431
1033 1443 431
1184 711 431
1184 479 431
1413 792 431
733 987 431
317 605 431
1338 341 431
1123 1325 431
1340 840 431
1335 1117 431
1441 983 431
128 1113 431
161 679 431
686 1168 431
1443 1033 431
983 1441 431
1138 341 431
605 317 431
679 161 431
1444 1445 431
1153 128 431
1402 254 431
1402 322 431
840 1340 431
770 840 431
1441 840 431
479 1184 431
1325 1123 431
770 1021 431
1413 1219 431
254 1402 431
792 1413 431
1184 479 431
733 1402 431
317 605 431
67 901 431
733 840 431
161 679 431
1184 479 431
1441 983 431
792 1446 431
983 1441 431
711 1184 431
569 249 431
679 161 431
871 1313 431
605 317 431
1184 711 431
1340 840 431
1113 128 431
1153 128 431
1228 306 431
1184 1044 431
1367 495 431
341 1138 431
483 821 431
1184 479 431
1184 479 431
1406 194 431
341 1338 431
1219 1413 431
642 1338 431
1168 686 431
161 679 431
194 1406 431
569 249 431
1185 463 431
1184 479 431
1211 325 431
681 1338 431
1406 194 431
835 261 431
733 297 431
128 1113 431
871 1313 431
1184 317 431
569 249 431
1338 341 431
679 161 431
983 1441 431
1184 479 431
1325 1123 431
639 160 431
741 542 431
1123 1325 431
1338 642 431
1442 334 431
838 481 431
1184 479 431
569 249 431
733 1142 431
741 542 431
194 1406 431
271 713 431
639 740 431
1211 254 431
325 1211 431
1184 479 431
569 128 431
341 1338 431
681 1338 431
1340 454 431
1211 325 431
503 352 431
1406 194 431
161 679 431
681 1338 431
569 249 431
146 679 431
271 194 431
1113 128 431
639 1438 431
1153 128 431
1184 479 431
1406 1313 431
871 1211 431
679 161 431
733 1142 431
294 580 431
1313 1406 431
871 1313 431
261 835 431
1338 341 431
1441 983 431
254 1211 431
642 1338 431
454 1340 431
681 1338 431
334 1442 431
569 249 431
733 1142 431
194 271 431
161 679 431
679 161 431
128 1113 431
1406 1313 431
1340 454 431
569 128 431
980 1255 431
161 679 431
569 249 431
161 679 431
1402 254 431
341 1338 431
980 639 431
254 1402 431
1313 1406 431
1184 1036 431
679 161 431
733 1402 431
1184 254 431
194 479 431
1184 479 431
1153 128 431
1313 1406 431
1441 840 431
1018 281 431
1406 1313 431
1033 1443 431
1113 128 431
161 679 431
204 482 431
1406 1313 431
204 42 431
679 161 431
454 1340 431
733 1402 431
1184 254 431
871 1313 431
1138 341 431
1184 479 431
733 1402 431
1313 1406 431
161 679 431
204 482 431
1286 1342 431
569 249 431
644 1402 431
1286 1342 431
1338 1447 431
1184 644 431
1441 983 431
1338 341 431
1286 1342 431
341 1138 431
1286 1342 431
1184 479 431
288 1440 431
679 161 431
1402 644 431
644 1402 431
733 297 431
711 317 431
1184 479 431
1313 1406 431
161 679 431
681 1338 431
1184 644 431
605 317 431
1340 454 431
1217 1189 431
341 1138 431
569 249 431
63 706 431
733 1142 431
1406 1313 431
1313 1406 431
1184 254 431
733 1142 431
1313 1406 431
792 1413 431
1184 644 431
481 97 431
1406 1313 431
1184 254 431
792 1413 431
1413 1219 431
1313 1406 431
204 482 431
711 644 431
204 794 431
1184 479 431
639 994 431
1406 1313 431
128 1113 431
204 482 431
1313 1406 431
454 1340 431
1184 644 431
871 1313 431
1184 254 431
681 1338 431
1313 507 431
481 838 431
1406 194 431
1036 1325 431
481 376 431
1113 128 431
1184 479 431
681 1338 431
1018 288 431
980 639 431
1184 605 431
783 249 431
1101 128 431
733 297 431
507 1313 431
297 733 431
1306 733 431
1406 1313 431
980 128 431
1184 605 431
871 1313 431
644 995 431
1340 454 431
1325 1036 431
1313 507 431
454 1340 431
1406 316 431
605 1184 431
389 609 431
285 843 431
1313 1406 431
1184 605 431
792 1446 431
1340 454 431
980 194 431
317 711 431
128 749 431
980 128 431
1406 1313 431
792 1446 431
288 1018 431
454 1340 431
1328 952 431
843 285 431
507 1313 431
605 1184 431
128 1113 431
1184 605 431
507 1313 431
749 128 431
871 1313 431
871 1313 431
1406 1313 431
1313 507 431
605 1184 431
1113 128 431
1438 502 431
1036 1325 431
1313 1406 431
296 1083 431
616 509 431
1184 605 431
495 950 431
980 128 431
821 1406 431
639 372 431
1438 639 431
714 316 431
1313 1406 431
372 639 431
792 1446 431
605 317 431
792 1413 431
495 1113 431
507 1313 431
1406 1313 431
871 1313 431
980 639 431
714 204 431
317 605 431
495 1367 431
1113 495 431
1406 1313 431
681 1338 431
1325 1036 431
1433 495 431
605 317 431
1153 128 431
980 639 431
1189 1217 431
1036 1325 431
1184 479 431
194 503 431
1406 616 431
749 475 431
980 128 431
1217 1189 431
317 605 431
1433 1072 431
1325 1036 431
372 843 431
538 317 431
821 1406 431
538 317 431
605 317 431
1189 835 431
1406 1213 431
843 372 431
1338 1189 431
1036 1325 431
605 317 431
1189 1217 431
479 1184 431
1325 1036 431
1184 479 431
792 1413 431
317 538 431
317 605 431
794 495 431
1442 334 431
821 1406 431
1036 1325 431
317 749 431
714 495 431
843 1237 431
639 1438 431
681 1042 431
1338 1189 431
984 1255 431
1184 479 431
1433 1444 431
980 639 431
639 372 431
984 1255 431
639 372 431
605 317 431
980 128 431
317 605 431
345 141 431
681 1338 431
950 495 431
1338 1189 431
479 1184 431
980 639 431
1184 479 431
605 317 431
1153 128 431
479 1184 431
714 639 431
1381 794 431
821 1406 431
792 1413 431
317 605 431
1425 997 431
1184 479 431
477 1 431
1 477 431
878 438 431
1 477 431
1184 479 431
1189 502 431
477 1 431
1237 843 431
1 42 431
317 1184 431
1 477 431
714 438 431
1338 878 431
252 1338 431
477 1271 431
843 1237 432
477 526 432
1184 317 432
479 1184 432
605 317 432
878 639 432
835 1189 432
878 1338 432
477 1 432
317 1184 432
1 477 432
305 306 432
317 605 432
438 714 432
1006 1448 432
305 521 432
438 878 432
714 438 432
392 1295 432
1 477 432
438 714 432
605 317 432
1184 317 432
1153 128 432
794 1381 432
317 605 432
1153 128 432
372 843 432
317 1184 432
372 639 432
392 261 432
605 317 432
1153 128 432
878 438 432
800 1072 432
800 740 432
993 449 432
438 878 432
194 1284 432
1153 128 432
1184 296 432
800 1072 432
983 1441 432
1072 1066 432
1284 194 432
605 1406 432
498 194 432
1335 1006 432
792 1413 432
498 823 432
498 495 432
800 1072 432
980 128 432
835 261 432
821 1406 432
62 1190 432
1006 1335 432
1184 296 432
800 1072 432
1406 605 432
605 1406 432
105 317 432
62 1373 432
793 783 432
1406 605 432
841 1446 432
714 277 432
821 1406 432
172 495 432
62 598 432
1415 128 432
1295 392 432
792 1006 432
1184 296 432
1006 792 432
993 315 432
993 893 432
792 1413 432
1281 1033 432
792 1006 432
1281 317 432
1153 128 432
1281 62 432
1006 792 432
841 1006 432
1006 841 432
792 1006 432
1153 128 432
105 1118 432
261 835 432
1006 792 432
792 1413 432
792 1006 432
639 878 432
128 980 432
841 1006 432
1006 792 432
372 569 432
1006 841 432
1153 128 432
835 261 432
639 372 432
681 1449 432
569 372 432
993 707 432
582 598 432
792 1006 432
236 128 432
993 513 432
1006 792 432
128 236 432
1267 128 432
993 864 432
792 1006 432
1153 128 432
1433 639 432
128 1267 432
372 569 432
792 1006 432
569 372 432
639 1433 432
1267 128 432
128 1267 432
639 714 432
1189 835 432
1101 128 432
372 569 432
841 1006 432
1189 835 432
603 598 432
236 1421 432
1444 1413 432
1006 841 432
639 980 432
546 1189 432
1433 639 432
1406 843 432
1413 1444 432
372 569 432
1189 546 432
1444 1413 432
1267 128 432
1413 1444 432
546 1189 432
835 1189 432
1413 1444 432
128 1267 432
1444 1413 432
1189 546 432
1444 1413 432
792 1006 432
1189 835 432
1267 128 432
1433 975 432
1413 1444 432
1444 1413 432
498 3 432
639 1033 432
1189 1072 432
306 305 432
306 1228 432
1101 128 432
835 1189 432
1267 128 432
835 1189 432
1189 1444 432
513 303 432
1189 835 432
642 1444 432
542 741 432
1189 835 432
1444 1189 432
1444 1189 432
639 1433 432
306 513 432
338 1302 432
639 878 432
1433 639 432
1189 1444 432
783 793 432
306 627 432
1444 1189 432
1189 1444 432
919 1006 432
1444 1189 432
1444 1189 432
1444 1189 432
781 1403 432
1189 1444 432
781 1279 432
12 599 432
498 1444 432
1413 1444 432
12 1338 432
793 783 432
9 1450 432
12 1433 432
314 342 432
9 1444 432
9 1451 432
314 834 432
9 1452 432
9 1451 432
9 1445 432
9 1453 432
488 598 432
12 1433 432
993 784 432
12 1433 432
1433 379 432
105 711 432
105 1118 432
1433 12 432
12 1433 432
12 1433 432
12 1433 432
1083 1287 432
12 1433 432
1413 549 432
242 1217 433
42 1183 433
1033 1281 433
1033 639 433
1454 1437 433
1369 823 433
1369 454 433
105 1083 433
536 532 433
576 1033 434
1302 338 434
615 1063 434
523 706 434
686 1168 434
114 770 434
712 704 434
352 503 434
1132 341 435
1132 1156 435
32 128 435
697 542 435
415 808 435
296 194 435
114 770 435
392 1295 435
1313 1406 435
74 561 435
871 1313 435
1313 507 435
1313 507 435
1272 697 435
821 1406 435
317 307 435
1183 42 435
871 495 435
470 1260 435
454 1369 435
741 542 435
952 1328 435
1328 952 435
952 1326 435
281 317 435
952 1328 435
398 317 435
128 32 435
431 605 435
303 513 435
431 1402 435
1328 952 435
952 1328 435
105 337 435
1328 952 435
337 105 435
483 821 435
809 1072 435
1072 809 435
821 483 435
809 1072 435
502 128 435
1062 42 435
502 1438 435
576 792 435
342 502 435
502 342 435
342 502 435
398 502 435
502 398 435
398 502 435
1177 561 435
332 908 435
332 919 435
809 1072 435
332 1393 435
800 740 435
809 1072 435
740 800 435
740 800 435
800 740 435
800 740 435
1373 62 435
204 714 435
1062 1453 435
1062 1451 435
1062 1455 435
1062 1444 435
576 254 435
367 105 435
598 342 435
105 337 435
224 1402 435
1402 224 435
105 367 435
224 1402 435
431 1402 435
249 1402 435
367 317 435
105 398 435
317 367 435
431 738 435
367 105 435
105 398 435
1365 1393 435
189 307 435
367 317 435
254 576 435
353 1062 435
704 712 436
105 367 436
63 1174 436
771 1406 436
706 840 436
317 367 436
1018 1217 436
706 63 436
706 523 436
1241 840 436
1434 725 436
367 105 436
1072 809 436
1434 1110 436
105 367 436
367 317 436
204 509 436
249 547 436
204 1239 436
547 249 436
1434 1379 436
249 523 436
523 706 436
523 249 436
1269 204 436
1434 881 436
706 523 436
261 835 436
317 367 436
1434 1174 436
1280 725 436
1269 635 436
1269 1452 436
1269 1402 436
1269 1456 436
1269 932 436
1434 865 436
1269 530 436
706 990 436
146 1 436
1269 371 436
843 372 436
1269 818 436
1269 764 436
1269 1223 436
1269 52 436
1434 547 436
1269 544 436
1269 987 436
1269 123 436
1269 1142 436
1269 626 436
1269 1092 436
843 1406 436
1269 1053 436
1269 1457 436
683 479 436
367 317 436
1269 1372 436
1269 1458 436
1269 1459 436
1269 1459 436
1269 887 436
1269 380 436
1269 1232 436
1189 238 436
1269 1316 436
1269 96 436
1269 457 436
1269 86 436
1269 166 436
1269 1460 436
1269 8 436
1269 101 436
1269 36 436
135 42 436
1179 596 436
706 740 436
770 1196 436
483 821 436
105 398 436
770 135 436
135 42 436
1338 252 436
770 683 436
1189 843 436
105 398 436
626 1269 436
1189 626 436
532 536 436
958 704 436
1415 1425 436
105 398 436
770 683 436
770 1021 436
770 1248 436
1269 626 436
1272 1403 436
586 1391 436
770 523 436
204 1269 436
770 204 436
105 398 436
1269 204 436
254 297 436
204 1269 436
1269 204 436
36 1269 436
36 189 436
204 1269 436
1269 36 436
105 398 436
105 1373 436
1269 204 436
770 1103 436
1382 710 436
105 398 436
800 706 436
938 733 436
465 398 436
1274 792 436
540 502 436
42 135 436
135 42 436
105 1373 436
42 135 436
135 42 436
105 1027 436
105 1027 436
105 1373 436
1189 473 436
1189 714 436
105 1338 436
105 1338 436
1174 63 436
1425 1415 436
576 254 436
249 523 436
576 254 436
297 254 436
57 596 436
105 1338 436
576 1189 436
105 1118 436
105 1118 436
342 598 436
105 1373 436
576 1189 436
536 532 436
105 1118 436
105 1118 436
615 1425 436
893 993 436
576 1189 436
576 1189 436
576 1189 436
1189 576 436
1189 576 436
346 204 436
1189 1280 436
1189 546 436
252 1338 436
1189 346 436
1280 1189 436
1189 1280 436
1283 1373 436
105 1402 436
1280 1189 436
1291 610 436
1189 1280 436
128 1267 436
105 52 436
821 483 436
128 706 436
128 502 436
1440 1183 436
1440 288 436
105 626 436
105 1372 436
713 1241 436
713 372 436
431 605 436
105 576 436
1280 1189 436
1189 437 436
1189 1280 436
105 576 436
1403 1335 436
1403 781 436
1403 1272 436
1181 296 436
576 1189 436
576 1189 436
576 105 436
1280 1189 436
704 958 436
105 454 436
1236 706 436
105 439 436
1033 576 436
105 576 436
67 1338 436
576 1033 436
1402 224 436
576 105 436
1089 1365 436
105 576 436
576 105 436
1402 249 436
431 1402 436
1402 1269 436
640 1402 436
1189 576 436
1089 765 436
105 576 436
576 105 436
576 105 436
1272 1403 436
1402 105 436
105 576 436
1189 1280 436
105 576 436
1402 640 436
1189 1280 436
1235 52 436
105 1402 436
640 784 436
36 985 436
323 42 436
1280 1189 436
431 1402 436
626 1189 436
626 1269 436
1189 626 436
1189 1280 436
105 626 436
626 1189 436
342 626 436
1189 626 436
1281 62 436
626 342 436
626 1189 436
1281 1033 436
1281 317 436
342 626 436
1189 626 436
1281 1373 436
1295 392 436
1223 1269 436
626 342 436
626 1189 437
342 626 437
871 1223 437
105 626 437
128 1153 437
358 847 437
1402 105 437
1402 431 437
1438 502 437
639 1438 437
105 1402 437
1189 626 437
431 1402 437
389 830 437
252 433 437
835 261 437
252 389 437
781 1461 437
431 617 437
542 697 437
639 1438 437
431 605 437
605 431 437
1271 477 437
532 536 437
398 465 437
1294 903 437
105 398 437
725 1280 437
1241 713 437
105 398 437
254 297 437
105 398 437
823 615 437
740 706 437
709 1391 437
823 1113 437
105 398 437
823 80 437
709 517 437
1045 1026 437
1438 277 437
105 1373 437
615 823 437
19 220 437
261 835 437
261 392 437
105 398 437
392 1295 437
392 261 437
823 1369 437
823 498 437
105 398 437
105 1373 437
105 398 437
1373 341 437
1423 341 437
105 871 437
105 398 437
1393 332 437
174 701 437
334 540 437
1438 97 437
346 1189 437
334 297 437
479 683 437
683 824 437
739 1136 437
683 479 437
1279 254 437
683 1281 437
1279 194 437
105 398 437
1279 781 437
993 893 437
479 683 437
105 626 437
1423 1033 437
199 295 437
701 174 437
261 392 437
105 1373 437
473 1189 437
576 1033 437
683 479 437
105 1338 437
283 297 437
1269 1402 437
283 1393 437
1269 1223 437
105 626 437
838 481 437
283 1338 437
576 254 437
288 1440 437
734 617 437
431 605 437
481 838 437
105 626 437
1281 683 437
871 306 437
1281 1283 437
683 1281 437
1215 105 437
871 306 437
1281 683 437
683 1281 437
342 1462 437
1406 843 437
343 350 437
1406 771 437
1281 683 437
1406 1313 437
1402 105 437
683 1281 437
1402 431 437
781 1279 437
1281 683 437
1402 1269 437
105 1402 437
431 1402 437
683 1281 437
69 733 437
306 871 437
69 1269 437
1281 683 437
174 701 437
1281 1463 437
146 1 437
332 1393 437
1060 1117 437
398 105 437
1142 1269 437
105 398 437
797 1343 437
871 306 437
337 105 437
546 1189 437
105 398 437
823 1163 437
1312 105 437
823 1163 437
797 698 437
105 337 437
823 482 437
1168 317 437
797 1464 437
823 1033 437
797 25 437
1215 431 437
823 542 437
105 1423 437
830 389 437
797 1465 437
797 621 437
797 1363 437
398 105 437
1215 431 437
797 849 437
1312 105 437
797 1207 437
517 709 437
797 556 437
105 398 437
517 714 437
797 804 437
1060 191 437
306 871 437
797 832 437
1060 1187 437
797 768 437
797 1121 437
797 1392 437
398 105 437
797 1466 437
3 498 437
797 304 437
797 1336 437
105 398 437
1312 105 437
3 257 437
507 1313 437
871 306 437
1272 983 437
983 1272 437
1189 473 437
1189 346 437
1189 546 437
398 105 437
1060 199 437
105 398 437
542 204 437
191 1060 437
1189 297 437
871 1060 437
1272 983 437
1060 191 437
1060 871 437
398 105 437
983 1272 437
346 1189 437
959 958 437
114 770 437
105 398 437
191 1060 437
871 306 437
1272 983 437
105 398 437
372 843 437
398 105 437
749 317 437
1189 346 437
1189 346 437
871 830 437
719 249 437
42 323 437
225 638 437
400 601 437
225 1281 437
639 1438 437
697 542 437
509 616 437
509 204 437
60 1463 437
792 1274 437
831 341 437
1033 1281 437
1033 1423 437
212 204 437
792 576 437
1113 823 437
536 532 437
932 1269 437
285 843 437
1295 392 437
309 1391 437
1434 1312 437
1215 431 437
1434 547 437
1434 1174 437
1215 431 437
1287 1039 437
495 1113 437
495 1433 437
495 794 437
495 714 437
495 498 437
1158 325 437
495 172 437
431 1215 437
1434 732 437
309 1391 437
1158 713 438
1093 598 438
249 719 438
249 1402 438
908 332 438
1434 1313 438
809 257 438
1375 1269 438
254 576 438
254 1279 438
495 3 438
1215 431 438
1375 740 438
1434 174 438
379 1433 438
431 1215 438
1434 1379 438
52 1269 438
52 105 438
52 1235 438
605 431 438
1434 174 438
605 337 438
1434 174 438
986 346 438
431 605 438
986 296 438
843 372 438
843 285 438
605 431 438
843 1406 438
1434 174 438
1434 174 438
431 605 438
1434 174 438
605 431 438
42 1183 438
52 1042 438
1434 174 438
389 830 438
1215 431 438
1215 431 438
431 605 438
431 1215 438
1434 174 438
621 105 438
1434 174 438
337 605 438
621 797 438
42 784 438
1434 174 438
605 431 438
1434 174 438
605 337 438
224 1246 438
1434 174 438
1463 1281 438
605 337 438
431 605 438
1434 174 438
1421 362 438
843 1195 438
1434 174 438
42 72 438
224 220 438
1434 174 438
605 431 438
1246 224 438
1434 174 438
189 802 438
1434 174 438
532 536 438
72 42 438
1434 174 438
639 993 438
224 72 438
824 683 438
986 991 438
42 72 438
72 42 438
42 72 438
986 254 438
711 257 438
639 994 438
1434 174 438
716 42 438
105 398 438
716 42 438
639 993 438
224 1246 438
105 52 438
1434 174 438
105 621 438
257 711 438
72 42 438
105 52 438
1434 174 438
50 1463 438
1463 50 438
711 257 438
993 639 438
1434 174 438
357 1253 438
377 332 438
1281 225 438
1434 174 438
1281 1033 438
986 357 438
1281 1463 438
174 1434 438
1463 308 438
337 605 438
257 711 438
174 1434 438
105 1402 438
1117 1060 438
711 257 438
1253 357 438
986 357 438
174 1434 438
257 711 438
357 1253 438
986 357 438
986 357 438
357 1253 438
986 357 438
986 357 438
986 357 438
357 1208 438
341 1373 438
377 592 438
341 1423 438
1402 431 438
1253 357 438
377 777 438
341 831 438
1402 105 438
1402 249 438
1402 105 438
1110 1434 438
105 1402 438
1402 105 438
105 1402 438
1402 105 438
103 617 438
105 1402 438
1446 841 438
224 72 438
105 1402 438
224 1402 438
1199 1021 438
1199 1021 438
536 532 438
1338 252 438
1338 67 438
1402 105 438
1402 105 438
1402 224 438
540 334 438
314 834 438
32 128 438
19 1435 438
19 1435 438
1338 105 438
1338 283 438
224 1402 438
1319 1402 438
27 1425 438
105 1402 438
32 1463 438
704 617 438
706 800 438
105 1402 438
1433 495 438
706 128 438
105 1338 438
1269 1142 438
706 1236 438
1423 341 438
706 740 438
1269 932 438
504 1167 438
1402 224 438
1423 1377 438
1136 739 438
1402 1319 438
1269 52 438
1402 105 438
224 8 438
864 993 438
704 1467 438
1425 27 438
704 1468 438
1013 398 438
224 1402 438
323 42 438
986 620 438
53 377 438
1433 379 438
1425 615 438
1013 398 438
497 1280 438
1013 398 438
993 864 438
105 1402 438
770 114 438
792 32 438
1375 357 438
128 706 438
711 257 438
497 1352 438
1312 1434 438
308 1463 438
257 711 438
1312 105 438
389 252 438
1463 308 438
1312 1313 438
389 482 438
1463 32 438
1463 32 438
809 257 438
711 257 438
128 32 438
27 1425 438
1138 966 438
1379 1434 438
706 128 438
1379 194 438
257 711 438
1184 60 438
1184 32 438
482 389 438
809 257 438
1312 105 438
128 706 438
711 257 438
105 1463 438
12 1338 438
809 257 438
257 711 438
9 1434 438
12 599 438
9 1434 438
711 257 438
809 257 438
1425 27 438
1312 105 438
32 792 438
1280 725 438
32 1463 438
32 128 438
1373 341 439
986 1425 439
792 32 439
60 1184 439
679 67 439
1463 60 439
1463 32 439
128 32 439
1425 986 439
1184 60 439
1217 242 439
938 67 439
1217 1018 439
871 1217 439
1438 639 439
60 1463 439
60 1184 439
1312 105 439
792 679 439
1184 60 439
1354 128 439
1037 547 439
679 792 439
547 1434 439
27 1425 439
128 32 439
128 1354 439
547 1037 439
1280 497 439
502 398 439
770 802 439
502 540 439
732 1434 439
725 1280 439
502 128 439
502 1438 439
1438 502 439
1393 283 439
60 1184 439
1018 1217 439
704 302 439
1154 800 439
1354 128 439
1402 224 439
1402 105 439
1440 43 439
105 1402 439
802 770 439
398 1013 439
43 1440 439
398 105 439
1113 495 439
770 802 439
809 67 439
809 257 439
802 770 439
781 42 439
1253 1461 439
105 398 439
835 261 439
847 358 439
398 105 439
105 398 439
12 1387 439
12 1118 439
398 105 439
220 224 439
12 634 439
12 282 439
12 634 439
463 871 439
105 398 439
3 495 439
12 1118 439
389 573 439
463 609 439
463 1185 439
1377 1423 439
1440 43 439
63 1174 439
63 1302 439
497 52 439
483 821 439
504 1406 439
821 483 439
1463 1469 439
483 821 439
12 1118 439
809 1354 439
12 1118 439
12 1118 439
12 343 439
498 1470 439
12 1118 439
821 483 439
1313 1434 439
573 389 439
1110 3 439
1313 1312 439
252 1338 439
67 938 439
252 389 439
704 958 439
1313 1387 439
389 573 439
389 252 439
67 1338 439
502 1438 439
615 1425 439
389 482 439
42 781 439
1190 62 439
314 103 439
42 323 439
314 103 439
1181 317 439
42 716 439
797 544 439
252 389 439
799 32 439
573 389 439
1190 615 439
615 1190 439
353 504 439
1438 502 439
1033 1281 439
42 950 439
1438 502 439
12 1118 439
576 792 439
353 504 439
460 546 439
576 254 439
460 546 439
1190 615 439
502 1438 439
1313 507 439
502 1438 439
1190 50 439
42 950 439
1113 437 439
389 573 439
1438 502 439
389 252 439
1113 353 439
1438 502 439
1190 1287 439
1328 840 439
1328 840 439
353 1113 439
42 950 439
341 1423 439
792 576 439
502 1438 439
317 1281 439
317 1168 439
317 749 439
12 569 439
277 497 439
252 389 439
12 1118 439
1113 353 439
317 1181 439
50 1190 439
497 277 439
1438 502 439
42 950 439
12 1118 439
1416 1138 439
497 1296 439
777 377 439
797 958 439
42 950 439
797 1471 439
261 835 439
12 1118 439
792 1472 439
1246 224 439
797 974 439
809 1354 439
797 1473 439
12 1118 439
42 950 439
809 67 439
298 598 439
1416 502 439
932 1269 439
1142 194 439
950 42 439
42 950 439
1416 502 439
797 277 439
679 88 439
1142 733 439
1 1271 439
797 638 439
1375 1269 439
536 884 439
706 128 439
1416 306 439
544 797 439
1246 547 440
797 297 440
638 797 440
1416 502 440
797 204 440
990 706 440
544 1269 440
797 128 440
1422 942 440
950 42 440
831 325 440
276 792 440
42 950 440
317 32 440
42 353 440
42 942 440
42 1 440
1422 1021 440
325 831 440
950 42 440
797 260 440
547 1246 440
797 638 440
1269 932 440
792 276 440
598 298 440
1269 544 440
507 1313 440
53 711 440
1375 1269 440
497 277 440
379 542 440
1269 797 440
871 463 440
871 463 440
1272 1181 440
302 704 440
53 615 440
778 128 440
1269 1375 440
128 797 440
317 319 440
297 254 440
297 334 440
297 283 440
985 983 440
797 1269 440
794 1294 440
325 1402 440
297 1189 440
297 797 440
778 306 440
1474 176 440
1375 1269 440
1474 1375 440
1246 547 440
800 1154 440
297 573 440
379 1034 440
394 504 440
1423 341 440
53 711 440
1138 1416 440
1269 1375 440
797 128 440
573 297 440
1042 681 440
1190 50 440
297 573 440
1042 52 440
128 797 440
711 53 440
128 502 440
53 711 440
317 626 440
797 297 440
711 53 440
1211 871 440
1211 254 440
297 797 440
983 985 440
53 54 440
53 1042 440
224 220 440
1113 987 440
544 1269 440
546 460 440
128 797 440
342 798 440
1184 60 440
389 1269 440
342 797 440
643 638 440
503 352 440
643 1365 440
762 52 440
626 1036 440
638 643 440
638 797 440
942 1422 440
1235 52 440
542 379 440
3 1110 440
598 298 440
1371 643 440
831 325 440
932 1269 440
1271 1 440
1434 298 440
1215 102 440
431 566 440
1113 353 440
128 797 440
1434 298 440
598 649 440
1215 102 440
160 639 440
484 913 440
598 649 440
128 797 440
1463 1383 440
1425 27 440
53 1349 440
1434 298 440
878 1050 440
864 993 440
204 797 440
598 649 440
204 212 440
932 1269 440
204 542 440
204 346 440
204 1269 440
102 1449 440
1449 102 440
342 797 440
1113 990 440
204 1269 440
1406 504 440
27 1425 440
932 1269 440
204 542 440
1185 676 440
204 1269 440
1383 54 441
204 1269 441
378 407 441
204 1269 441
792 1036 441
204 1381 441
932 1269 441
204 1269 441
1167 504 441
204 1269 441
204 1269 441
1365 643 441
536 749 441
639 160 441
204 1269 441
639 994 441
160 639 441
389 830 441
864 993 441
52 1269 441
52 497 441
341 1423 441
204 1269 441
749 52 441
1269 52 441
52 762 441
144 645 441
204 1269 441
52 749 441
1118 308 441
52 1269 441
749 52 441
561 1177 441
704 288 441
128 353 441
639 749 441
67 52 441
204 1269 441
128 639 441
67 52 441
261 835 441
799 1475 441
1383 749 441
1328 1476 441
128 353 441
204 1269 441
204 1269 441
1425 27 441
204 346 441
389 830 441
204 1269 441
346 1453 441
67 52 441
1476 1069 441
1476 1069 441
42 1477 441
454 1369 441
42 135 441
1476 1012 441
1476 1012 441
204 212 441
105 52 441
204 1269 441
1042 681 441
105 52 441
204 1269 441
105 52 441
1406 468 441
1042 52 441
204 1224 441
204 212 441
704 288 441
42 1477 441
204 1269 441
778 439 441
540 1349 441
1349 540 441
544 1269 441
540 1349 441
1269 544 441
105 1421 441
1235 52 441
544 1269 441
454 1326 441
454 778 441
105 794 441
1190 1287 441
1449 1421 441
714 97 441
536 778 441
204 1269 441
67 901 441
67 901 441
1367 1412 441
1412 1365 441
1412 1367 441
277 497 441
1463 50 441
350 343 441
152 993 441
1089 1412 441
198 101 441
993 152 441
198 1321 441
810 1412 441
932 1269 441
152 993 441
272 306 441
903 1294 441
272 632 441
810 1412 441
919 603 441
993 152 441
152 993 441
220 224 441
993 152 441
1340 1478 441
482 212 441
372 1412 441
152 993 441
372 1412 441
1402 497 441
993 152 441
204 482 441
1402 482 441
152 993 441
204 482 441
810 1412 441
482 101 441
482 8 441
993 152 441
454 1326 441
482 97 441
152 993 441
993 152 441
482 260 441
482 41 441
482 477 441
482 269 441
482 263 441
482 283 441
482 281 441
204 611 441
482 332 441
482 325 441
152 993 441
993 152 441
482 272 441
482 248 441
482 184 441
810 1412 441
204 611 441
792 912 441
152 993 441
704 288 441
993 152 441
204 611 441
152 993 442
993 152 442
1340 840 442
778 570 442
152 993 442
204 611 442
545 421 442
1118 632 442
1406 1421 442
993 152 442
152 993 442
421 545 442
254 482 442
1463 50 442
778 517 442
1463 50 442
249 1470 442
204 611 442
204 1415 442
1189 346 442
338 1302 442
250 544 442
12 599 442
306 272 442
263 1298 442
204 611 442
817 1472 442
263 377 442
128 1413 442
1472 817 442
831 1449 442
42 538 442
555 1449 442
495 1433 442
817 1472 442
1034 379 442
502 942 442
1472 817 442
42 1354 442
1402 993 442
817 1472 442
794 1401 442
105 1118 442
67 809 442
1113 990 442
1401 794 442
1479 523 442
1033 463 442
1033 463 442
792 1413 442
1480 638 442
778 315 442
323 482 442
495 649 442
323 1449 442
261 835 442
495 1367 442
315 994 442
495 172 442
495 1213 442
176 1474 442
323 88 442
315 993 442
1480 97 442
495 1433 442
315 778 442
423 315 442
1373 354 442
1401 794 442
993 315 442
1472 817 442
315 993 442
817 1472 442
993 315 442
315 993 442
993 315 442
315 993 442
993 315 442
298 323 442
298 323 442
298 323 442
298 323 442
389 640 442
298 323 442
1113 437 442
52 67 443
325 482 443
1187 1060 443
687 1004 443
308 263 443
1402 1479 443
984 318 443
1328 765 443
1328 391 443
1328 239 443
838 632 444
1089 882 444
1089 765 444
1089 1412 444
1089 1367 444
1089 1365 444
871 1412 445
777 514 445
1349 366 445
27 1425 445
831 325 445
1349 366 445
1127 318 445
1127 1383 445
1127 1137 445
598 88 445
1189 1187 445
454 1127 445
415 263 445
1189 482 445
1189 482 445
1189 482 445
1246 456 445
1409 1105 445
431 544 445
1313 507 445
431 544 445
1313 507 445
431 544 445
765 1328 445
431 544 445
398 465 445
431 544 445
638 1480 445
317 482 445
204 1269 445
431 544 445
431 544 445
431 544 445
431 544 445
342 638 445
389 1472 445
431 544 446
389 1438 446
389 830 446
431 544 446
431 544 446
342 1039 446
261 835 446
1269 1091 446
317 315 446
1269 1301 446
1269 316 446
1269 1039 446
1269 437 446
714 1400 446
297 482 446
1393 283 446
297 497 446
415 1433 446
1393 1365 446
1393 1427 446
654 224 446
475 1480 446
204 1415 446
654 224 446
1246 224 446
249 402 446
105 52 446
105 621 446
1236 706 446
1021 1199 446
1244 415 446
1244 131 446
1021 1422 446
249 1021 446
352 309 446
249 1217 446
1375 1269 446
1375 1474 446
1021 1449 446
627 993 446
627 1019 446
204 1269 446
1089 765 446
1365 1412 446
1365 1393 446
840 1241 446
309 352 446
1326 1142 446
1393 1365 446
1365 1393 446
1189 1481 446
447 224 446
1037 595 446
632 838 446
1274 792 446
1215 303 446
792 1036 446
1274 792 446
609 463 446
706 740 446
792 1274 446
1189 305 446
609 80 446
1241 840 446
257 142 446
212 289 446
212 263 446
1463 373 447
212 1289 447
257 142 447
257 142 447
1248 1323 447
532 765 447
532 882 447
800 1072 447
933 1214 447
1474 1375 447
463 609 447
598 1474 447
609 463 447
298 323 447
463 609 447
352 309 447
298 323 447
609 463 447
315 263 447
1387 357 447
1142 1287 447
1387 357 447
1328 627 447
1328 840 447
257 142 447
263 315 447
1387 357 447
1344 1312 447
1387 357 447
1383 1127 447
392 1295 447
504 353 447
1142 1227 447
105 621 447
353 504 447
1 312 447
1 312 447
257 298 447
1 312 447
1142 1320 447
298 257 447
1 312 447
1142 312 447
1127 1169 447
547 1127 447
1 312 447
358 847 447
1142 312 447
9 142 447
1214 933 447
547 1127 447
1183 991 447
176 1474 447
1183 824 447
544 511 447
67 1260 447
536 993 447
257 298 447
67 52 447
797 1142 447
1142 1368 447
1142 797 447
1364 1393 447
1158 1072 447
511 544 447
454 1269 447
454 1326 447
1169 1127 447
1183 1482 447
1340 1326 447
439 778 447
504 353 447
991 358 447
358 991 447
991 358 447
346 838 447
1127 1169 447
358 991 447
1421 1449 448
1244 131 448
250 263 448
1421 236 448
105 439 448
32 799 448
809 67 448
12 343 448
32 482 448
9 766 448
12 142 448
481 586 448
586 481 448
993 536 448
250 1453 448
250 1420 448
933 1214 448
1033 463 448
105 52 448
1402 1213 448
1118 632 448
1387 12 448
1461 1253 448
1280 1287 448
1214 933 448
871 260 448
831 325 448
199 1364 448
578 6 448
847 358 448
72 1039 448
252 766 448
542 352 448
864 993 448
864 990 448
1422 1021 448
357 1431 448
933 1214 448
220 482 448
811 58 449
42 1482 449
919 60 449
468 329 449
19 1483 449
1246 224 449
189 712 449
792 1036 449
770 97 449
536 993 449
792 142 449
843 575 449
843 575 449
843 575 449
358 847 449
298 257 449
6 578 449
6 753 449
1272 862 449
993 536 449
1423 325 449
358 1484 449
358 1484 449
325 1423 449
793 863 449
341 1423 449
249 282 449
32 799 449
1018 1335 449
864 993 449
6 1020 449
1246 224 449
758 741 449
249 1485 449
125 131 449
1468 575 449
1468 755 449
536 993 449
204 645 449
1173 1323 449
249 1359 449
1189 543 449
1302 338 449
1403 357 450
644 1420 450
644 1420 450
644 1420 450
765 532 450
1072 1158 450
1236 706 450
1236 1043 450
1486 135 450
1190 50 450
1089 765 450
1283 699 450
245 1283 450
245 1283 450
245 191 450
245 1049 450
245 1283 450
400 822 450
249 1487 450
400 776 450
400 396 450
1488 576 450
254 758 450
704 1487 450
1313 507 450
704 1478 450
1101 638 450
1340 58 450
1284 793 450
704 1489 450
701 782 450
1271 1 451
1344 1283 451
322 1056 451
94 516 451
317 1260 451
1018 755 451
1018 755 451
42 358 451
1018 1485 451
645 144 451
1018 1485 451
97 1480 451
1313 507 451
1018 1440 451
1189 1407 451
1189 835 451
1169 1127 451
85 322 451
994 378 451
994 632 451
792 1413 451
871 738 451
72 1253 451
871 452 451
1406 1184 451
787 1490 451
250 1184 451
1406 1184 451
1189 1282 451
323 421 451
871 364 451
1406 1487 451
1252 787 451
1252 787 451
1397 473 451
787 1252 451
80 609 451
1252 787 452
502 994 452
1236 706 452
502 998 452
1189 523 452
475 250 452
1189 523 452
792 1413 452
1158 1072 452
1321 198 452
421 1395 452
1284 578 452
871 250 452
85 1236 452
1105 1440 452
643 1365 452
643 1371 452
298 323 452
250 1056 452
538 48 452
847 358 452
871 1491 452
298 323 452
128 1381 452
261 835 452
1440 1105 452
72 1253 452
9 994 452
1021 1422 452
1103 1441 452
9 654 452
1339 1491 452
1018 1491 452
1072 1158 452
749 1383 452
1072 1158 452
1018 1491 452
1339 1491 452
1339 1491 452
1492 638 452
128 1381 452
254 758 452
375 912 452
1444 1168 452
341 6 453
1493 1474 453
809 1494 453
1493 1449 453
1493 1474 453
338 1302 453
1235 52 453
101 198 453
101 282 453
809 542 453
809 542 453
809 560 453
993 536 453
1244 1317 453
1207 797 453
1168 520 454
1402 993 454
497 1491 455
1038 781 455
32 799 455
536 1317 455
536 795 455
536 993 455
32 52 455
1393 1365 456
1393 1364 456
1393 1492 456
1393 1492 456
576 1488 456
1339 576 456
272 306 456
706 1236 456
272 1296 456
758 741 456
598 488 456
297 795 457
297 738 457
713 1476 457
132 30 457
713 1154 457
713 1449 457
358 847 457
142 1415 457
42 358 457
254 758 457
1440 1495 457
1158 1072 457
50 1496 457
172 1497 457
1158 1498 457
1291 252 457
1291 252 457
1072 1158 457
1072 370 457
389 830 457
389 1472 457
204 645 458
204 1227 458
204 542 458
509 1395 458
1487 844 458
704 1487 458
67 809 458
1413 509 458
509 1413 458
509 52 458
509 1413 458
681 52 458
1496 824 458
824 1496 458
52 681 458
509 364 458
1281 1253 458
1281 540 458
1235 52 458
809 1449 458
357 1136 458
1281 1253 458
520 1168 458
257 298 458
50 1496 458
509 1413 458
32 52 458
32 1497 459
204 1227 459
1281 1283 459
1281 1283 459
1281 1283 459
1281 1499 459
1142 1320 459
389 1472 459
1072 370 459
52 1283 459
766 252 459
1260 67 459
1496 824 459
1395 421 459
252 766 459
792 1036 459
67 1260 459
617 250 459
204 1500 459
620 1294 459
67 1497 459
67 1497 459
42 669 459
67 1501 459
1 1271 459
1189 319 459
249 357 459
711 642 459
277 1320 459
1 1271 460
638 1492 460
1062 353 460
1 3 460
502 285 460
1332 1437 460
1062 1470 460
810 1260 460
9 766 460
298 257 460
257 298 460
67 523 460
1320 1142 460
298 257 460
257 298 460
1062 357 460
357 1062 460
357 314 460
298 257 460
1062 1419 460
314 333 460
870 523 460
257 298 460
298 257 460
67 1496 460
1185 314 460
770 1491 460
1132 1425 460
67 1496 460
870 638 460
389 1472 460
1291 252 460
84 638 461
373 311 461
373 311 461
373 311 461
204 542 461
306 778 461
1449 439 461
831 934 461
792 1080 461
792 1080 461
545 1449 461
617 73 461
817 104 461
679 1176 461
617 681 461
536 884 461
617 272 461
1449 429 461
617 272 461
617 272 461
272 1449 461
1449 272 461
272 1449 461
817 104 461
1502 1503 461
1502 1269 461
421 1395 461
393 738 461
617 728 461
477 1 461
809 1449 461
477 1271 461
477 1 461
421 97 461
393 738 461
393 870 461
598 1290 461
393 394 461
393 738 461
1158 1072 461
393 738 461
393 191 462
393 738 462
536 1317 462
249 1504 462
681 52 462
1072 1158 462
191 1505 462
638 643 462
638 870 462
638 84 462
704 288 462
1487 132 462
1424 575 462
1424 1427 462
792 438 462
792 438 462
792 438 462
1487 132 462
843 1237 462
843 1424 462
843 1237 462
843 1237 462
1297 1072 462
843 1237 462
1072 1297 462
557 1036 462
1297 1072 462
843 1237 462
1349 1062 462
1281 1279 462
843 1237 462
357 52 462
843 1237 462
770 844 462
1313 507 462
198 101 462
843 1237 462
42 353 462
1402 224 462
42 1505 462
843 1195 462
843 1237 462
843 1237 462
843 1237 462
792 824 462
843 1237 462
792 557 462
557 792 462
704 288 462
843 557 462
42 669 462
254 272 462
454 1326 462
454 1269 462
843 557 462
52 681 462
679 418 462
52 357 462
36 1425 462
454 1269 462
843 557 462
843 557 462
389 1472 462
843 557 462
843 557 462
454 1269 462
1444 1062 463
1158 1072 463
1158 375 463
1158 375 463
50 1487 463
495 1213 463
495 1433 463
555 440 463
1072 1158 463
495 1367 463
495 172 463
1158 1072 463
1158 1072 463
1158 1072 463
1158 1072 463
1158 1072 463
1215 1317 463
1158 1072 463
1215 1317 463
701 1413 463
567 595 463
555 969 463
555 765 463
575 1031 463
817 1449 464
42 1506 464
1417 67 464
1417 1262 464
242 1217 464
1260 557 464
193 943 466
1393 1424 466
1507 638 466
398 405 466
1507 638 466
1268 1269 466
1062 1349 466
1356 1421 466
1321 1224 466
1356 135 467
1268 1142 467
536 1317 467
536 884 467
1224 1321 467
701 1413 467
864 482 467
864 1189 467
864 990 467
1415 142 467
1 477 467
1 477 467
337 1415 467
1415 142 467
1415 974 467
1217 242 467
1281 1356 467
337 1415 467
42 1415 467
681 52 467
609 1497 467
609 1497 467
609 1478 467
536 884 467
1136 357 467
679 516 467
52 681 467
725 1127 467
1449 817 468
725 1127 468
103 358 468
1402 422 468
1332 964 468
725 52 468
1490 787 468
376 481 468
817 943 468
1189 1417 468
1508 1021 468
1508 52 468
1508 1319 468
1508 1319 468
52 1508 468
1508 52 468
509 52 468
1508 1470 468
509 337 468
389 1472 468
52 1508 468
509 52 468
1508 52 468
509 893 468
964 1332 468
42 995 468
42 1509 468
725 52 468
725 1127 468
1236 706 468
1280 272 468
509 840 468
509 316 468
509 364 468
272 306 468
509 1026 468
337 509 468
509 337 468
509 337 468
704 1329 468
337 509 468
569 1313 468
509 337 468
711 1356 468
103 1329 468
52 509 468
1329 1271 468
1329 477 468
52 1508 468
103 58 468
711 1373 468
1280 272 468
1423 341 468
644 773 468
569 1313 469
810 233 469
362 928 469
362 1421 469
249 1509 469
1217 242 469
1281 540 469
893 509 469
1217 322 469
569 1510 469
342 1417 469
103 358 469
306 272 469
103 358 469
306 1449 469
713 1367 469
713 1441 469
1280 272 469
103 1217 469
713 271 469
713 1381 469
713 1373 469
713 1052 469
1489 1449 469
713 842 469
713 1283 469
713 1311 469
713 666 469
823 1032 469
713 1189 469
713 714 469
1260 557 469
713 781 469
713 716 469
713 87 469
1302 338 469
713 462 469
713 994 469
823 1032 469
713 1186 469
713 779 469
713 884 469
713 1165 469
1489 1449 469
191 1021 469
1058 1142 469
713 998 469
713 1042 469
713 749 469
1508 52 469
1101 1417 469
1406 319 469
103 1510 469
357 1417 469
823 1032 469
103 58 469
823 1032 469
103 893 469
1393 283 469
792 824 469
1036 557 469
823 1032 469
128 847 469
823 1032 469
52 1508 469
1508 52 469
128 1510 469
823 1032 469
823 1032 469
823 1032 469
1509 224 469
823 1032 469
823 959 469
823 1032 469
823 1032 469
792 1036 469
1332 964 469
1509 1401 469
823 1032 469
823 1032 469
1036 792 470
1113 1509 470
1401 1509 470
569 1510 470
1509 470 470
128 1510 470
1509 1401 470
470 1509 470
1509 470 470
1113 1509 470
9 1510 470
823 1032 470
823 285 470
823 1032 470
1401 1509 470
1401 794 470
823 1032 470
823 1032 470
69 1508 470
823 1032 470
823 1032 470
1509 1401 470
128 1262 470
366 346 470
823 1032 470
366 12 470
366 1349 470
606 1510 470
606 1503 470
1510 606 470
823 1032 470
606 1510 470
1510 606 470
1349 366 470
342 1497 470
606 1510 470
569 606 470
346 366 470
326 688 470
792 1036 470
1510 606 470
536 884 470
1508 52 470
823 1032 470
823 1032 470
1281 1414 470
823 1032 470
1185 1403 470
966 52 470
823 1032 470
823 1032 470
823 1032 470
823 1032 470
1507 212 470
1509 1511 470
701 326 470
823 1032 470
823 1032 470
42 1512 470
701 654 470
823 1032 470
1158 437 470
823 1032 470
536 884 470
823 1032 470
42 1062 470
1185 1329 470
569 1510 470
823 1032 470
823 1032 470
823 1032 470
326 701 470
823 1032 470
1031 575 470
557 1036 470
9 366 470
823 1032 470
964 1332 470
823 1032 470
9 1510 470
823 1032 470
569 1510 471
810 233 471
569 1510 471
536 884 471
569 1510 471
595 1037 471
595 567 471
52 966 471
1509 1356 471
204 1356 471
204 1227 471
1509 890 471
1509 890 471
1509 957 471
454 1043 471
389 830 471
389 950 471
950 389 471
1036 557 471
1036 792 471
1509 309 471
704 1217 471
687 1051 471
536 884 471
325 326 471
713 1441 471
326 325 471
713 884 471
713 781 471
713 462 471
128 1124 471
1260 557 471
1280 1403 471
713 1441 471
966 52 471
966 852 471
933 783 471
323 966 471
831 934 472
1248 367 472
1375 199 472
85 322 472
42 1062 472
606 1510 472
1375 1472 472
1182 1113 472
615 422 472
569 606 472
569 615 472
1346 1329 472
19 1505 472
1509 1179 472
1472 1375 472
1393 1180 472
1280 1403 472
1510 606 472
606 1510 472
852 966 472
569 606 472
1510 606 472
912 899 472
1260 725 472
1158 924 472
912 1513 472
1406 1224 472
1280 725 472
128 606 472
1280 725 472
128 1510 472
1260 725 472
697 1349 472
1280 725 472
128 1513 472
1406 928 472
1260 725 472
1400 714 472
783 933 472
1037 595 472
128 1513 472
758 1449 472
1260 725 472
1280 725 472
1280 1037 472
1280 725 472
128 1513 472
782 701 472
1260 725 472
1487 132 472
128 1513 472
547 1169 472
1513 716 472
128 1510 472
1375 1472 472
204 298 472
1285 1021 472
1489 209 472
1489 1449 472
1489 1021 472
314 1185 472
701 326 472
314 1449 472
1406 314 472
314 333 472
1406 314 472
557 1260 472
128 204 472
681 758 472
758 681 472
912 314 472
422 615 472
173 749 472
912 375 472
1406 173 472
405 1507 472
1406 173 472
276 1260 472
42 1507 472
368 1236 472
852 276 473
1375 1472 473
1514 847 473
276 852 473
1185 1403 473
615 422 473
852 276 473
276 852 473
852 276 473
321 1260 473
912 893 473
1280 725 473
163 1485 473
1281 725 473
1281 1499 473
841 90 473
42 852 473
422 615 473
90 841 473
42 852 473
852 1356 473
42 852 473
42 1215 473
317 319 473
1332 964 473
1375 1472 473
1375 1472 473
1402 1252 473
893 912 473
1375 199 473
50 1487 473
52 966 473
878 1417 473
1100 1215 473
792 1036 473
792 824 473
1215 1100 473
1100 1215 473
1075 708 473
1249 1218 473
1287 1244 473
1215 1100 473
1100 1215 474
377 1507 474
1215 1100 474
963 841 474
346 1419 474
963 841 474
1381 783 474
1425 1132 474
964 1332 475
800 1072 475
1072 1158 476
1072 1158 476
725 1260 476
1393 283 476
615 422 476
1313 507 476
1509 1514 476
1509 1515 476
393 1516 476
831 934 477
1339 1417 477
509 893 477
509 52 477
509 799 477
1255 980 477
1255 984 477
1255 462 477
1472 817 477
1472 594 477
1113 1517 477
1158 1072 477
1158 1072 477
1514 1518 477
1021 1285 477
1021 191 477
1021 1508 477
713 1441 477
398 405 477
713 370 477
713 87 477
713 276 477
713 1185 477
713 884 477
830 389 477
713 781 477
713 462 477
735 1168 477
276 713 477
713 1517 477
329 468 477
52 509 477
309 520 477
326 701 477
378 994 477
799 1475 477
276 735 477
639 1438 477
639 993 477
639 1433 478
520 309 478
509 52 478
509 799 478
212 1507 478
520 1017 478
884 713 478
1375 1472 478
32 1519 478
32 1505 478
47 1299 478
708 1075 478
1520 1513 478
783 1381 478
997 142 478
9 1285 478
469 463 478
1521 645 478
1142 47 478
9 1285 478
9 1285 478
509 799 478
283 615 478
1280 725 478
1043 1142 478
375 912 478
710 646 478
52 509 478
912 375 478
912 893 478
9 1521 478
9 295 478
9 295 478
1114 1424 478
701 326 478
884 375 478
509 52 479
1406 1268 479
1424 1114 479
375 884 479
1522 859 479
375 912 479
1523 1420 479
1523 1420 479
509 893 479
687 438 479
199 1375 479
1523 1518 479
209 1489 479
639 509 479
103 358 479
67 1496 479
67 1501 479
103 1217 479
598 542 479
199 1060 479
598 542 479
1339 199 479
1502 606 479
626 1523 479
652 1317 479
652 394 479
103 652 479
679 1176 479
97 726 479
379 542 479
884 375 479
871 1417 479
1487 50 479
103 652 479
103 652 479
713 1441 479
713 781 479
67 1445 479
713 1517 479
713 462 479
713 370 479
1522 1524 479
598 1517 479
1487 312 479
326 701 479
249 1525 479
1339 713 479
128 509 479
1522 8 479
128 847 479
42 72 479
1522 97 479
919 1449 479
42 72 479
1522 220 479
1393 283 479
42 72 479
1317 652 480
309 639 480
297 738 480
713 1165 480
42 72 480
309 212 480
42 1526 480
1520 1513 480
50 1487 480
370 1417 480
1026 509 480
1026 615 480
1026 1236 480
463 609 480
1441 713 480
463 469 480
1142 1043 480
249 402 480
1284 1317 480
191 1021 480
1255 462 480
609 463 480
1507 405 480
1507 212 480
249 402 480
1433 639 480
144 1527 480
615 1026 480
1489 209 480
942 377 480
864 990 480
277 1508 480
277 1381 480
277 797 480
594 1472 480
1173 654 480
635 725 480
635 725 480
1173 654 480
635 1433 480
704 1468 480
654 701 480
635 224 480
1284 285 480
993 639 480
249 713 480
442 1184 480
1521 645 480
392 321 480
1383 749 480
1383 1127 480
277 797 480
1528 713 481
1042 713 481
1042 52 481
1042 781 481
42 43 481
605 734 481
442 852 481
442 654 481
342 1497 481
852 442 481
615 1526 481
1037 1517 481
342 1497 481
394 1526 481
944 1518 481
615 713 481
605 734 481
1167 1424 481
32 1518 481
1517 1037 481
1518 944 481
32 460 481
792 1036 481
32 1518 481
32 773 481
605 734 481
605 734 481
605 734 481
42 394 481
605 734 481
605 734 481
1507 1117 481
605 734 481
1339 132 481
605 734 481
128 847 481
67 1496 481
67 1501 481
67 1507 481
1313 569 481
1190 50 481
823 285 481
322 1217 481
67 1507 481
878 1362 481
1180 1393 481
309 1497 481
42 1507 481
42 1507 481
1173 654 481
1217 322 481
42 964 481
128 847 481
128 847 481
878 713 481
706 1236 481
1038 781 481
1190 281 481
1038 1489 481
596 1179 481
285 1497 481
254 1190 481
42 1507 481
1313 569 481
42 1507 481
128 847 481
1173 654 481
1339 199 481
714 713 481
1313 569 481
714 1400 481
254 1190 481
725 635 481
1508 1021 481
254 1190 481
1508 1521 481
67 1496 481
498 708 481
810 233 481
1521 1508 481
1284 1317 481
1313 569 481
1508 1521 481
1339 276 481
398 354 481
1173 654 481
1521 1508 481
398 1526 481
598 1080 481
1313 569 481
1313 569 481
1502 1503 481
1173 654 481
128 847 481
1508 708 481
1526 595 481
733 1313 481
1508 1184 481
1503 1502 481
128 847 481
128 677 482
1026 615 482
1181 131 482
1184 442 482
316 509 482
447 1526 482
1184 1508 482
596 1187 482
704 1509 482
283 1393 482
283 1502 482
9 282 482
1502 1503 482
1489 209 482
1184 1472 482
283 1502 482
283 1502 482
1503 1502 482
1339 316 482
1502 1503 482
281 1190 482
283 1502 482
283 1502 482
194 998 482
283 1502 482
1502 606 482
352 908 482
781 713 482
194 980 482
783 1526 482
615 1026 482
753 6 482
194 353 482
194 1127 482
878 1362 482
194 560 482
194 1004 482
733 783 482
194 794 482
38 561 482
308 739 482
852 38 482
733 919 482
194 1178 482
1295 392 482
194 465 482
617 250 482
733 783 482
635 725 482
1289 212 482
617 250 482
733 783 482
617 250 482
1489 1289 482
573 61 482
1472 1184 482
87 713 482
1184 1472 482
145 586 482
1375 1529 482
893 68 482
842 713 482
377 942 482
1185 41 482
118 194 482
640 1468 482
640 1526 482
1117 1507 482
1530 1192 482
749 713 482
271 713 482
1236 706 482
271 899 482
749 474 482
778 517 482
502 778 482
1520 716 482
749 1383 482
749 173 482
1033 1496 482
706 1236 482
1033 1496 482
1421 1356 482
502 778 482
1472 1184 482
502 778 482
447 1526 482
1236 706 482
341 1423 482
1281 163 482
502 778 482
261 835 482
502 778 482
546 1362 482
1400 714 482
546 725 482
1338 838 482
1217 473 482
835 261 482
1508 1184 482
1338 373 482
1338 99 482
1338 1508 482
1338 67 482
733 783 482
1185 41 482
1423 341 482
1338 1508 482
1508 358 482
473 1217 482
706 740 482
605 431 482
341 1423 482
1338 1508 482
1338 1036 482
261 835 482
733 783 482
1176 679 482
1509 1440 482
679 1176 482
1423 341 482
442 1184 482
341 1423 482
41 277 482
1423 341 482
733 144 482
1165 713 482
1517 449 482
19 1430 482
19 1430 482
733 1423 482
871 988 482
475 1105 482
733 1423 482
1423 733 482
309 754 482
1021 191 482
733 1423 482
1021 1508 482
85 733 482
332 352 483
601 1517 483
733 893 483
85 733 483
1517 601 483
601 1517 483
942 377 483
716 713 483
893 733 483
912 1513 483
1178 194 483
706 1531 483
1178 1051 483
9 282 483
9 1501 483
835 261 483
919 733 483
1489 209 483
1440 1509 483
1449 1021 483
1132 1425 483
118 194 483
852 276 483
852 276 483
852 276 483
1113 1517 483
1379 194 483
1379 713 483
204 1227 483
985 983 483
1433 635 483
600 847 483
950 353 483
1101 713 483
1532 852 483
600 847 483
899 271 483
701 193 483
1507 1019 483
794 1401 483
42 919 483
42 394 483
191 1021 483
781 1528 483
1184 1508 483
1184 442 483
781 1515 483
1438 294 483
323 298 483
323 341 483
298 323 483
323 298 483
323 341 483
781 1365 483
1520 716 483
781 1426 483
781 1426 483
42 323 483
42 573 483
781 988 483
781 386 483
1356 1509 483
1356 852 483
146 312 484
1244 1275 484
42 72 484
42 72 484
42 69 484
105 1444 484
542 379 484
9 282 485
635 725 485
342 1406 486
342 1015 486
1224 1406 486
595 1526 486
582 626 486
114 770 486
1179 1509 486
483 821 486
1533 1489 486
1393 1180 487
1393 919 487
1393 283 487
509 1026 487
337 263 487
509 316 487
1189 713 487
1215 1083 487
1189 626 487
606 1502 487
1167 483 487
1507 1534 487
1502 606 487
1189 454 487
41 473 487
41 713 487
606 1502 487
42 1534 487
710 646 487
36 211 487
1523 1518 487
1523 626 487
1313 507 487
1313 733 487
1416 713 487
735 276 487
620 27 488
1509 1356 488
72 303 488
1281 1356 488
586 145 488
704 297 488
1489 1533 488
1101 375 488
1434 1535 488
1489 42 488
1026 615 488
1026 509 488
518 1488 488
1026 1517 488
831 1199 488
518 1536 488
1075 708 488
561 38 488
1532 852 488
768 797 488
1532 852 488
852 1356 488
1401 794 488
1235 1468 488
626 1189 488
626 1523 488
483 821 488
67 1489 488
12 366 488
30 132 488
245 194 488
1440 42 489
95 1385 489
1113 1517 489
635 1433 489
95 311 489
635 725 489
615 1026 489
1127 1015 489
676 394 489
635 725 489
966 852 489
605 431 489
725 635 489
233 193 489
635 725 489
329 1537 489
1365 643 489
1365 1393 489
67 1538 489
725 635 489
307 189 489
36 189 489
1402 95 489
454 1189 489
36 211 489
72 303 489
1136 376 489
1406 1224 489
1406 928 489
817 981 489
1036 792 489
1189 626 489
68 893 489
1189 454 489
504 1517 489
495 1213 489
495 1433 489
495 1367 489
495 172 489
495 1517 489
36 189 489
1113 1493 489
779 713 489
483 821 489
1328 239 489
617 1539 489
1224 1406 490
1539 938 490
283 1393 490
1285 1021 490
1211 1377 490
810 233 490
1377 1211 490
114 770 490
1211 1377 490
1393 1365 490
1393 283 490
357 1190 490
439 1449 490
357 1387 490
893 68 490
1539 1452 490
1364 282 490
1452 1539 490
735 1168 490
124 449 490
357 449 490
9 1285 490
620 1211 490
283 1393 490
620 27 490
908 352 490
1406 1224 490
1489 1289 490
282 1364 490
67 798 490
67 908 490
299 1175 490
1539 402 490
552 326 490
823 285 490
1463 402 490
1539 152 490
592 545 490
592 377 490
1539 152 490
1026 615 490
615 1026 490
706 1236 490
615 1026 490
376 824 490
823 1525 490
1440 1509 490
1359 1497 491
326 552 491
598 1538 491
1339 173 491
324 1537 491
1504 738 491
1354 42 491
1540 1440 491
372 1529 491
1540 1179 491
1183 376 491
1328 1178 491
1440 1540 491
114 770 491
103 1395 491
1339 1344 491
333 314 491
1437 1332 491
1437 1454 491
1323 938 491
1113 1541 491
1489 1289 491
483 821 491
938 1323 491
103 893 491
938 1323 491
883 326 491
1323 938 491
938 1323 491
1033 1281 491
1033 194 491
1542 42 491
193 233 491
1189 1282 491
1189 626 491
1542 1282 491
41 473 491
41 642 491
1136 376 491
41 1248 491
41 1542 491
41 1136 491
32 1015 491
32 1543 491
429 1449 491
103 429 491
103 1231 491
621 1544 491
103 462 491
1508 1184 492
1508 1021 492
1332 1437 492
704 1231 492
1393 283 492
704 1231 492
704 1231 492
193 63 492
1021 1285 492
704 1231 492
1540 1440 492
63 193 492
704 297 492
1332 390 492
1332 390 492
1332 390 492
1342 1335 492
1433 635 492
1507 1410 492
507 1313 492
376 1183 492
1545 1332 492
1332 806 492
63 923 492
447 124 492
1440 1540 492
1036 299 492
400 601 492
1522 220 492
1545 1332 492
1545 1332 492
220 1522 492
400 474 492
1540 1440 492
1542 1282 492
326 883 492
103 1231 492
635 1433 492
103 1431 492
193 63 492
421 1069 492
103 1518 492
1463 373 492
63 193 492
283 1393 492
674 282 492
1291 1335 492
787 1490 492
9 1510 492
643 1365 492
1426 339 492
787 1339 492
582 626 492
1255 1332 492
617 431 492
1468 1339 492
878 1540 492
1339 787 492
1339 1468 492
1479 658 492
810 1540 492
1393 283 492
878 1540 492
263 337 492
422 308 492
1543 282 492
878 1540 492
714 1540 492
1026 615 492
1534 42 492
830 1426 492
605 431 492
1 1440 492
1 1440 492
249 1504 492
249 1541 492
1546 32 492
810 1540 492
1158 713 492
615 1026 492
983 985 492
1468 1339 492
787 1339 492
1184 1508 492
103 1308 493
483 821 493
323 514 493
1546 1547 493
1244 615 493
1540 1548 493
658 1479 493
1244 338 493
704 297 493
994 1540 493
483 821 493
212 1507 493
1185 676 493
495 1433 493
1326 85 493
547 1246 493
1181 1545 493
1013 85 493
1013 85 493
1517 1026 493
1246 99 493
99 1246 493
1517 504 493
109 32 493
1246 99 493
85 1326 493
372 864 493
1083 85 493
1069 421 493
42 1534 493
509 1026 493
143 201 493
1246 547 493
85 1083 493
294 1549 493
1550 1547 493
1397 294 493
1285 1021 493
1521 1501 493
878 1489 493
878 1489 493
447 124 493
143 1339 493
1359 1342 493
1489 546 493
1489 546 493
1339 1546 493
1546 1339 493
878 1489 493
143 1339 493
1158 1377 493
212 1551 493
1546 1339 493
1552 1553 493
1551 212 493
1546 1554 493
1553 1552 493
1552 814 493
1552 1553 493
1553 1552 493
442 1184 493
1440 1517 493
339 1426 493
400 474 493
1517 1440 493
483 821 493
453 516 493
1142 1517 493
400 1555 493
400 1555 493
704 69 493
1520 504 493
1556 1557 493
483 821 493
42 754 493
1189 1282 493
871 409 493
400 1419 493
1189 454 493
42 1558 493
714 1493 493
1412 372 493
42 1559 493
1377 1158 493
1551 212 493
810 1412 493
810 1412 493
278 883 493
42 374 493
1517 1142 493
1189 475 493
792 372 494
502 1189 494
1416 400 494
1416 400 494
1412 810 494
400 1142 494
1416 85 494
810 1412 494
1101 1493 494
1509 1440 494
1189 1560 494
502 400 494
221 1561 494
1280 9 494
1562 1517 494
1561 221 494
502 1189 494
345 259 494
400 1416 494
221 1323 494
1415 42 494
502 400 494
1189 1520 494
1189 1520 494
221 1282 494
502 400 494
377 942 494
1493 714 494
502 400 494
72 303 494
42 1415 494
1520 928 494
502 400 494
502 400 494
1431 342 494
846 132 494
704 72 494
1539 1563 494
704 72 494
1539 1563 494
883 278 494
1431 768 494
48 1015 494
1545 1181 494
475 400 494
400 475 494
475 400 494
176 101 494
1489 546 494
1564 1565 495
1472 1375 495
1564 773 495
799 32 496
342 1431 496
400 475 496
1405 516 496
1405 1373 496
871 1412 496
132 846 496
342 809 496
114 770 496
1440 1509 496
1440 1075 496
1440 1075 496
1323 221 496
1509 1440 497
398 465 497
398 465 497
398 465 497
398 465 497
103 1431 497
1359 1342 497
1189 475 497
32 799 497
1189 626 497
799 32 497
103 1487 497
103 1487 497
103 1346 497
1440 1509 497
1189 626 497
32 109 497
1194 1014 497
1189 322 497
103 1362 497
1417 752 497
3 687 497
1434 174 497
1434 1344 497
103 1417 497
103 1362 497
103 1362 497
103 1362 497
103 1362 497
1373 1405 497
483 821 497
1566 547 497
103 1362 497
547 1566 497
103 1362 497
103 1362 497
103 1362 497
103 1362 497
257 42 497
103 700 497
967 72 497
103 1217 497
103 658 497
103 282 497
103 1487 497
1018 1567 497
257 809 497
1142 400 497
212 1551 498
42 257 498
735 1168 498
41 1554 498
465 398 498
212 1289 498
752 1417 498
103 1540 498
1253 768 498
735 810 498
103 1554 498
1362 539 498
9 1501 498
103 1568 498
752 1362 498
173 1339 498
103 220 498
924 1158 498
103 697 498
103 1554 498
470 621 498
1568 1569 498
1569 1568 498
1568 1569 498
1568 394 498
1539 1568 498
1339 173 498
843 285 498
342 1362 498
128 1510 498
321 392 498
1101 1493 498
1179 1540 498
1066 1497 498
1534 42 498
1362 342 498
843 885 498
1501 356 498
768 1431 498
1339 1308 498
687 438 498
582 626 498
1026 615 498
739 438 498
1026 509 498
578 1284 498
1339 1308 498
1285 1026 498
569 967 498
103 220 498
103 1554 498
392 321 498
1026 1285 498
1447 1570 498
128 1510 499
1364 282 499
1189 546 499
482 1489 499
483 821 499
483 1167 499
1313 507 499
1548 303 499
372 792 499
372 792 499
502 1285 499
318 1127 499
1361 1183 499
318 984 499
856 1 499
1489 482 499
1167 483 499
859 1403 499
859 1522 499
615 1026 499
967 1489 499
617 734 499
276 852 499
1387 615 499
1387 615 499
704 63 499
1272 768 499
1313 483 499
1215 793 499
1026 615 499
843 1195 499
1556 1571 499
103 1554 499
1075 1440 499
103 1468 499
1468 1235 499
1436 573 499
1436 573 499
1540 1179 499
1540 1548 499
1489 209 499
738 1504 499
103 1540 499
103 1468 499
143 201 499
356 1501 499
249 1561 499
846 132 499
103 1540 499
211 128 499
103 1540 500
309 1508 500
1429 1572 500
483 1167 500
483 1167 500
483 821 500
103 908 500
1365 1393 500
1013 697 500
1365 643 500
1510 128 500
1540 1548 500
1101 1493 500
103 277 500
233 193 500
734 617 500
735 810 500
1540 714 500
233 810 500
303 1548 500
303 72 500
103 864 500
573 1436 500
847 1566 500
1358 509 500
1403 859 500
103 1497 500
810 735 500
72 303 500
770 44 500
1397 294 500
810 233 500
1397 523 500
621 470 500
1158 924 500
44 770 500
155 233 500
928 1520 500
928 1406 500
32 983 500
9 1313 500
12 282 500
12 1313 500
824 376 500
1556 711 500
617 734 500
1556 711 500
617 250 500
1397 823 500
1556 711 500
801 1246 500
1572 1429 500
12 282 500
1556 711 500
1556 711 500
12 282 500
124 447 500
1397 823 500
1397 823 500
1190 394 500
394 1568 500
233 155 500
557 63 500
12 282 500
32 1081 500
1255 1332 500
1346 1314 500
12 282 500
12 282 500
557 792 500
509 1026 500
1507 212 500
1539 734 500
704 63 500
569 1313 500
114 770 500
114 103 500
1433 983 501
704 502 501
483 821 501
1401 928 501
518 1488 501
447 124 501
163 1208 501
792 557 501
792 372 501
704 204 501
32 1573 501
792 1036 501
254 1573 501
1539 204 501
1539 1573 501
1539 1573 501
1540 994 501
1573 1420 501
1573 788 501
679 1574 501
29 85 501
12 32 501
1540 29 501
1573 728 501
1546 1573 501
704 204 501
12 1297 501
1573 729 501
193 233 501
29 1540 501
12 32 501
1310 1575 501
704 822 501
704 822 501
12 32 501
1489 1533 501
3 32 501
9 1573 501
32 3 501
103 114 501
103 1540 501
1539 523 501
8 1522 501
735 518 501
1545 1557 501
1521 254 501
735 1575 501
735 810 501
1021 1285 501
1521 254 501
3 32 501
1521 254 501
569 29 501
569 29 501
9 1521 501
731 824 501
1509 1440 501
1434 174 501
12 8 501
598 1576 501
967 963 501
3 1577 501
701 326 501
128 1510 501
1568 394 501
967 963 501
859 1403 501
1255 67 501
1440 1509 501
1578 751 501
1255 1332 501
1578 1448 501
495 1043 501
250 475 501
495 1213 501
3 1577 501
518 735 501
3 1578 501
1178 1397 501
474 400 501
1 856 501
1579 701 502
1580 32 502
474 749 502
840 1397 502
3 1577 502
495 1433 502
495 1367 502
1313 507 502
1313 507 502
475 250 502
1190 1568 502
1577 3 502
538 1581 502
1313 1014 502
67 1313 502
1580 1190 502
967 963 502
12 1313 502
3 1577 502
12 8 502
1577 3 502
103 1231 502
393 1190 502
495 67 502
1568 1190 502
67 1313 502
103 495 502
67 1313 502
105 1573 502
871 1568 502
1580 1329 502
1043 495 502
1043 495 502
1580 1329 502
12 8 502
32 3 502
871 1568 502
704 1578 502
12 1387 502
1580 1329 502
42 1561 502
174 1434 502
67 1313 502
53 1508 502
233 193 502
103 1554 502
1554 103 502
1580 1329 502
103 1554 502
1580 1329 502
1312 308 502
105 1387 502
357 1568 502
1580 1329 502
1554 103 502
233 810 502
103 1554 502
357 1521 502
1313 42 502
1554 103 502
103 1554 502
1312 1013 502
357 967 502
1554 103 502
1580 1329 502
1540 29 502
1313 242 502
1036 792 502
103 1554 502
1554 103 502
19 1573 502
919 103 502
357 1582 502
1421 485 502
1580 1329 502
541 400 502
357 1304 502
1282 1542 502
103 919 502
617 734 502
617 250 502
871 1568 502
617 734 502
704 1580 502
1282 221 502
704 1231 502
617 734 502
523 1539 502
681 1118 502
483 1313 502
1118 681 502
9 1312 502
809 342 502
681 1118 502
1118 681 502
809 257 502
67 1231 502
704 617 502
250 617 502
67 1313 502
704 1580 502
708 949 502
1313 483 502
103 617 502
704 1580 502
704 1580 502
681 1118 502
708 865 502
788 1573 502
1118 681 502
708 812 502
1546 32 502
67 1313 502
103 44 502
63 557 502
67 1573 502
483 1313 502
1014 1313 502
1313 67 502
1343 1359 502
1313 1014 502
1556 711 502
1343 1342 502
569 250 502
67 1313 502
1342 1359 502
1343 1342 502
1342 1343 502
1286 1343 502
1343 1286 502
1342 1343 502
1343 1342 502
1546 32 502
1343 1342 502
810 735 502
1342 1343 502
1286 1343 502
967 90 502
1342 1343 502
1343 1342 502
1343 1286 502
1579 1313 502
1343 1342 502
681 1118 502
1286 1343 502
810 233 502
1343 1286 502
103 1343 502
1342 1343 502
1342 1343 502
1286 1343 502
90 967 502
1343 103 502
1556 85 502
1343 1286 502
1342 1343 502
1286 1343 502
1343 1342 502
1343 1286 502
1286 1343 502
967 90 502
1342 1343 502
470 621 502
1343 1286 502
1579 85 502
1286 1343 502
1556 85 502
1579 85 502
704 1580 502
704 1580 502
1579 85 502
640 1468 502
1437 1332 502
1583 297 502
67 32 502
1319 616 503
1579 615 503
1556 85 503
1489 155 503
483 821 503
1489 482 503
919 103 503
919 42 503
317 307 503
1556 85 503
1579 356 503
1500 1447 503
12 1286 503
1447 1500 503
376 824 503
1579 85 503
1489 155 503
1500 1447 503
103 919 503
317 307 503
1489 155 503
1038 1489 503
1433 495 503
615 1579 503
1556 85 503
317 307 503
1556 1281 503
1489 1038 503
1556 475 503
317 307 503
1556 1400 503
317 307 503
1556 475 503
620 27 503
1556 475 503
620 27 503
214 1573 503
1556 475 503
620 27 503
547 1246 503
1489 155 503
1575 735 503
1493 1113 503
1575 1310 503
1556 475 503
1393 1365 503
1493 1584 503
483 821 503
1556 598 503
621 470 503
1584 1493 503
681 1042 503
1493 1584 503
317 1534 503
598 475 503
9 788 503
658 103 503
475 598 503
103 1585 503
658 193 503
103 658 503
1416 400 503
53 308 503
878 1585 503
9 1313 503
9 1521 503
9 1510 503
9 1338 503
12 1286 503
605 734 503
598 475 503
1246 547 503
12 1297 503
42 919 503
42 72 503
9 740 503
9 498 503
9 1342 503
1545 1586 503
239 1328 503
53 9 503
1359 1342 503
12 1485 503
1189 1184 503
53 9 503
1546 32 503
1545 12 503
1545 12 503
1562 928 503
1189 502 503
1280 9 503
103 1585 503
1402 1447 503
1359 1343 503
598 1562 503
928 1562 503
928 1401 503
475 598 503
1297 12 503
72 42 503
42 72 503
1562 598 503
1562 928 503
103 109 503
193 658 503
1573 1173 503
1173 1573 503
1573 1173 503
1231 67 503
1556 1246 503
626 582 503
878 1585 503
821 483 503
1018 1585 503
1328 239 503
9 32 503
581 328 503
581 328 503
1101 1493 503
328 581 503
1173 1573 503
328 581 503
928 1562 503
1556 1246 503
1585 1018 503
1018 1585 503
482 1587 503
878 1587 503
546 1587 503
1556 1545 503
1562 928 503
1573 1173 503
1556 143 503
714 1587 503
1501 356 503
714 1493 503
1556 893 503
1520 928 503
704 63 503
714 1540 503
1556 1557 503
1520 928 503
1018 1585 503
176 101 503
1587 714 503
1518 1523 503
852 966 503
1518 103 503
1521 42 503
847 1521 503
1556 1545 503
1014 1313 503
1185 1587 503
847 1578 503
1510 128 503
1556 1545 503
356 1501 503
714 1587 503
928 1520 503
1185 1417 503
103 1518 503
482 204 503
482 389 503
1520 928 503
1489 482 503
735 518 503
605 1185 503
1489 681 503
1185 1444 503
1489 927 503
735 810 503
605 749 503
735 1575 503
1444 105 503
1444 105 503
219 1181 504
1043 1585 504
605 749 504
1489 878 504
1556 1400 504
1489 878 504
1556 1402 504
1489 878 504
878 1489 504
1546 67 504
1489 878 504
1587 714 504
1489 878 504
1556 1281 504
878 1489 504
9 1521 504
1556 1545 504
1489 878 504
1383 749 504
1185 1383 504
9 1521 504
9 1521 504
1588 502 504
878 1587 504
878 502 504
1556 1545 504
1588 1284 504
714 1587 504
41 541 504
1588 502 504
41 1580 504
41 1589 504
41 616 504
1556 1582 504
41 3 504
482 1489 504
1556 1231 504
9 679 504
878 1021 504
1556 144 504
1542 1282 504
298 518 504
913 484 504
1281 1556 504
913 847 504
144 1556 504
1556 1281 504
1383 1185 504
144 1556 504
1185 1383 504
1556 144 504
9 1185 504
9 679 504
1590 1489 504
144 1556 504
1326 58 504
372 1542 504
1006 1448 504
372 878 504
878 372 504
249 1573 504
871 1448 504
144 1556 504
871 1448 504
9 679 504
144 1556 504
871 260 504
425 765 504
297 1583 504
1564 598 504
144 1556 504
1545 1591 504
144 1556 504
1546 67 504
105 1444 504
144 1556 504
144 1556 504
620 27 504
704 63 504
781 3 504
1546 1592 504
560 323 504
762 1489 504
762 1505 504
762 1585 504
308 1312 504
762 1496 504
1189 8 504
762 992 504
762 1497 504
762 626 504
762 1593 504
1021 878 504
1594 1033 505
1180 1393 505
824 731 505
1402 1556 505
1587 714 505
1548 303 505
1280 560 506
342 1362 506
342 809 506
1013 1312 506
250 569 506
865 708 507
53 308 507
32 1546 507
560 1280 507
1255 1332 507
1575 735 507
1586 1545 507
1586 1556 507
1586 1595 507
980 710 507
569 250 507
626 762 507
735 1575 507
1272 768 507
53 308 507
470 621 507
32 1577 507
394 1582 507
1596 808 507
1393 1180 507
1365 1393 508
1585 1018 508
1585 1043 508
1018 1585 508
1585 762 508
44 103 508
582 626 508
701 1579 508
582 598 508
701 317 508
1253 50 508
103 44 508
822 704 508
294 1397 508
847 913 508
620 27 508
1072 800 508
1594 1377 508
29 1540 508
1072 1158 508
1072 878 508
29 569 508
103 1072 508
29 1587 508
639 103 508
639 19 508
620 27 508
1312 1013 508
1312 308 508
878 1072 508
1312 1344 508
639 103 508
350 1551 508
557 63 508
620 27 508
1393 1365 508
1013 1312 508
1031 1109 508
626 582 508
1158 1072 508
801 1246 508
801 249 508
620 27 508
1339 1546 508
494 389 508
1013 465 508
83 1244 508
1033 1594 508
1386 1580 508
1585 1033 508
1579 342 508
1579 701 508
389 482 508
389 494 508
1280 560 508
3 36 508
1415 42 508
3 781 508
704 958 508
958 959 508
958 704 508
9 1196 508
67 1546 508
3 72 508
465 1013 508
3 32 508
3 1440 508
3 36 508
1556 1586 508
1556 1402 509
1339 1344 509
3 36 509
204 482 509
204 704 509
204 1539 509
1497 762 509
1570 1447 509
1101 1493 509
765 425 509
482 389 509
482 204 509
1582 394 509
1551 350 509
1585 1582 509
1284 1588 509
1582 1585 509
95 1246 509
95 1393 509
95 1402 509
389 482 509
768 1272 509
95 1573 509
950 389 509
1502 238 509
908 103 509
768 1272 509
95 1118 509
317 701 509
3 36 509
41 610 509
41 616 509
41 1463 509
823 495 509
823 103 509
95 299 509
801 1246 509
41 1142 509
1489 482 509
41 439 509
41 1253 509
41 1339 509
41 1485 509
282 1364 509
95 1365 509
1189 322 509
1489 762 509
322 1217 509
323 560 509
282 1543 509
621 470 509
1397 294 509
621 1063 509
1436 573 509
1253 768 509
3 44 509
768 1253 509
1578 847 509
1375 1472 509
1578 337 509
700 337 509
249 44 509
561 95 509
495 823 509
1562 1436 509
470 621 509
1508 309 510
1562 823 510
617 250 510
1546 67 510
1546 1339 510
12 1297 510
1368 1142 510
1253 768 510
573 1436 510
12 101 510
1111 1582 510
309 1508 510
103 1169 510
1136 762 510
1169 728 510
768 1253 510
3 135 510
1031 831 510
257 42 510
509 1587 510
257 1597 510
1556 1281 510
1181 219 510
278 1039 510
615 329 510
621 470 510
1217 322 510
67 1217 510
58 1326 510
1039 278 510
482 389 510
1189 322 510
1314 252 510
1487 50 510
1072 1158 511
809 257 511
1227 326 511
1246 95 511
278 1039 511
1118 303 511
704 958 511
1489 482 511
1546 1436 511
27 1031 511
1158 1072 511
704 475 511
303 1118 511
482 194 511
32 1577 511
1387 105 511
919 42 511
751 822 511
1313 507 511
389 482 511
389 950 511
1447 1570 511
1489 546 511
103 919 511
1447 1402 511
1489 482 511
1489 1588 511
1489 482 511
322 1217 511
886 768 511
495 1043 511
447 124 511
1598 645 511
986 163 511
470 621 511
1598 984 511
1598 986 511
986 1265 511
679 986 511
1522 8 511
679 986 511
632 272 511
507 1313 511
474 1208 511
1598 632 511
1522 220 511
1522 1587 511
1598 560 511
1598 1329 511
1598 88 511
1598 32 511
1346 1314 511
1598 1599 511
1598 32 511
1598 32 511
1598 322 511
286 202 511
1598 32 511
1598 1542 511
1598 667 511
1582 1111 511
801 1246 511
582 626 511
1246 801 511
1598 155 511
1598 881 511
1598 735 511
1598 710 511
1598 475 511
350 1551 511
1598 919 511
1598 801 511
1598 710 512
1598 1344 512
768 1217 512
1598 341 512
1598 710 512
1598 667 512
1598 1187 512
710 610 512
1598 341 512
1598 667 512
1598 44 512
710 1489 512
1598 1262 512
1598 341 512
1598 332 512
1598 654 512
1598 777 512
1598 841 512
1598 1265 512
1598 1265 512
1598 654 512
1598 1039 512
1598 1265 512
1598 549 512
810 735 512
1598 549 512
967 549 512
1598 1265 512
1598 549 512
967 549 512
1598 549 512
1598 1265 512
967 549 512
569 29 512
1598 1265 512
704 475 512
1598 625 512
967 549 512
1598 1514 512
1598 967 512
1352 1580 512
823 549 512
967 549 512
42 919 512
1598 1252 512
1598 356 512
1598 341 512
610 710 512
1042 681 512
1598 356 512
1598 1136 512
1489 710 512
967 549 512
823 549 512
1598 1246 512
1489 482 512
29 569 512
103 919 512
1598 393 512
967 549 512
1598 1174 512
823 549 512
1496 762 512
1598 1487 512
549 967 512
1598 1174 512
1598 356 512
967 549 512
823 549 512
1598 345 512
1521 847 512
1598 1496 512
1598 1591 512
1578 751 512
1598 1107 512
1578 847 512
1598 1227 512
1598 1558 512
1598 1561 512
1598 1487 512
1585 1033 512
12 1297 512
1598 1168 512
1598 1487 512
852 1440 512
1598 1227 512
1440 1419 512
3 1440 512
32 1196 512
547 1246 512
357 1585 512
66 282 512
704 1585 512
1285 1021 512
1196 32 512
357 617 512
1231 67 512
1540 29 512
1056 212 512
1285 1600 512
536 372 512
1326 58 512
1601 617 512
1105 1154 512
822 751 512
639 19 512
32 1577 512
449 124 512
1285 97 512
366 1349 513
1520 449 513
1105 1440 513
1601 774 513
1440 1105 513
32 1577 513
483 821 513
1601 525 513
366 1349 513
1575 735 513
1105 1440 513
1440 1105 513
546 598 513
1520 1513 513
32 1577 513
810 735 513
1158 1072 513
679 1574 513
1580 1386 513
581 328 513
1580 95 513
12 8 513
1580 1352 513
1539 1039 513
581 1602 513
581 1602 513
1539 1582 513
1598 1344 513
1598 984 513
1585 714 513
1598 1344 513
1520 451 513
1520 451 513
1520 451 513
1598 1485 513
1598 598 513
1598 568 513
1142 1368 513
1598 1282 513
1598 85 513
1190 393 513
1598 1195 513
1598 1168 513
1585 1190 513
1190 1582 513
1598 1359 513
1598 1190 513
1585 1190 513
1585 1190 513
1282 1542 513
1598 398 513
1598 708 513
1598 1304 513
1520 460 513
1534 317 513
1598 1282 513
1601 1282 513
1598 85 513
1585 1043 513
1598 1195 513
1598 658 513
1598 337 513
1598 1282 513
1585 303 513
1601 1282 513
1601 1282 513
1598 254 513
1598 50 513
801 313 513
1313 507 513
1313 1014 513
1189 8 513
502 933 513
1598 254 513
1598 1176 513
1598 254 513
1598 1597 513
1601 1540 513
1601 1282 513
1362 342 513
303 1215 513
1598 299 513
843 1195 513
1601 1282 513
1598 299 513
1598 277 513
1489 482 513
1362 302 513
1489 1533 513
1598 327 513
1472 1375 513
1576 598 513
1598 398 513
1598 398 513
704 475 513
1313 1579 513
967 303 513
1520 513 513
1520 513 513
1598 1215 513
1598 398 513
1598 398 513
1215 303 513
1598 398 513
1598 1479 513
1598 398 513
1598 1472 513
1375 1472 513
1598 398 513
1598 1006 513
1598 398 513
1598 398 513
1598 398 513
1489 546 513
1598 398 513
1598 398 513
1013 299 513
1521 847 513
1158 1585 513
1013 1489 513
518 298 513
303 1215 513
1215 303 513
518 298 513
393 1190 513
1158 1594 514
67 430 514
1603 1517 514
303 1215 514
518 298 514
1603 1517 514
1489 546 514
518 298 514
1594 1158 514
1292 598 514
1362 252 514
1517 63 514
303 1215 514
1517 63 514
912 375 514
53 1349 514
53 646 514
621 470 514
1255 1332 514
1594 542 514
63 1604 514
810 233 514
1605 779 514
1339 543 514
63 912 514
912 63 514
1314 1346 514
1314 252 514
912 63 514
1562 1346 514
778 974 514
1517 63 514
68 323 514
1562 1068 514
1562 1068 514
495 1043 514
1556 1281 514
1556 1586 514
1556 283 514
1606 885 514
495 1043 514
495 1043 514
1562 1068 514
1562 1068 514
1562 1068 514
878 1189 514
762 1497 514
762 1496 514
919 303 514
919 870 514
1165 621 514
1165 938 514
1520 1036 514
375 912 514
1539 437 515
1033 1585 515
1033 1605 515
569 1313 515
1489 546 515
1489 546 515
793 1215 515
1539 1056 515
372 536 515
372 1540 515
1265 938 515
938 1265 515
542 1594 515
1539 1024 515
1281 1556 515
1497 762 515
1497 1594 516
1542 1282 516
32 1577 517
32 430 517
1579 1313 517
949 708 517
1585 762 517
470 621 517
36 189 517
950 389 517
1329 526 518
536 372 518
1362 252 518
1362 342 518
514 762 518
713 1379 518
713 716 518
713 714 518
1548 1063 518
1548 303 518
1596 1607 518
942 1417 518
303 919 518
303 1548 518
557 792 518
1578 847 518
871 1608 518
1575 735 518
337 700 518
322 1021 518
1253 768 518
518 1488 518
919 303 518
42 1440 518
53 1551 518
912 375 518
594 752 518
425 765 518
1440 42 518
1313 1579 518
615 329 518
8 1189 519
1313 569 519
1539 708 519
1362 1608 519
9 1558 519
1199 831 519
1539 708 519
1313 1579 519
163 986 519
994 1540 519
1539 1402 519
1539 1402 519
1594 542 519
1594 1497 519
1539 1402 519
1387 12 519
1540 994 519
1540 372 519
507 1313 519
768 1253 519
67 1313 519
3 1609 519
1313 569 519
1313 569 519
831 1199 519
1313 569 519
569 1313 519
1313 569 519
701 317 519
1387 67 519
41 1497 519
1313 507 519
372 1540 519
189 36 519
42 1582 519
393 942 519
1540 372 519
9 1313 519
257 1610 520
1577 32 520
1072 1158 520
1575 735 520
350 1551 520
1603 334 520
95 561 520
95 299 520
95 1118 520
1603 334 520
95 1246 520
334 1603 520
95 1393 520
1520 1036 520
95 1365 520
95 1580 520
95 712 520
95 1393 520
621 470 520
1562 598 520
1582 42 520
1158 1072 520
124 447 520
124 449 520
1562 932 520
942 393 520
1582 1526 520
95 1118 520
319 1075 520
421 1436 520
95 1251 520
1611 1612 520
95 1385 520
792 557 520
883 245 520
1393 1613 520
372 1540 520
810 233 520
1118 95 520
546 1005 520
1005 546 520
483 1313 520
1365 95 520
1365 1393 520
1614 1603 520
871 1608 520
710 610 520
283 1556 521
1576 578 521
42 1597 521
1 42 521
507 1313 521
1075 319 521
53 1615 521
768 621 521
768 621 521
42 1 521
1576 823 521
1497 1594 521
41 1497 521
1059 1603 521
1521 42 521
1521 42 521
42 1365 521
1059 548 521
1521 42 521
1521 42 521
1475 1608 521
1521 847 521
1608 1475 521
447 124 521
1539 8 521
1539 8 521
1521 1118 521
12 1118 521
1521 1118 521
12 1577 521
12 1577 521
1539 1068 521
1539 1068 521
1598 337 521
1598 1329 521
1598 322 521
1598 881 521
32 378 521
1598 777 521
1598 1174 521
1539 1068 521
1598 1176 521
1598 1344 521
1598 841 521
1539 1068 521
1598 1165 521
1598 1165 521
1594 1497 521
1598 1006 521
1539 1068 521
1539 8 521
1539 1068 521
1539 1068 521
1539 8 521
32 8 522
1598 893 522
1598 1281 522
1598 539 522
1598 214 522
12 1577 522
357 1603 522
342 1039 522
1539 1039 522
1539 1039 522
1282 1542 522
389 950 522
1065 538 522
53 87 522
1539 1299 522
1539 1299 522
950 389 522
353 298 522
249 44 522
249 801 522
1184 372 522
1539 69 522
1539 69 522
1539 69 522
1539 1184 522
1393 1365 522
751 822 522
1616 1539 522
342 1039 522
1562 1517 522
1539 958 522
1539 958 523
1542 1282 523
822 751 523
1539 958 523
1539 958 523
1539 1188 523
1253 85 523
821 483 523
1565 278 523
1565 1564 523
713 749 523
713 1165 523
713 1528 523
1313 483 523
1313 507 523
600 847 523
1539 899 523
67 1603 523
1255 1332 523
299 95 523
1539 154 523
1520 1036 523
1539 154 523
1539 154 523
1539 576 523
1313 67 523
704 958 523
67 1313 523
870 919 523
546 1255 523
1489 308 523
372 1184 523
1522 1184 523
1522 1565 523
276 852 523
1565 1252 523
303 919 523
303 919 523
1021 322 523
1539 437 524
1576 204 524
1539 1103 524
878 598 524
1588 517 524
1440 1183 524
1440 1419 524
204 1576 524
1252 1565 524
1556 283 524
1565 1472 524
1489 878 524
1472 1565 524
1565 1472 524
1577 1556 524
1565 933 524
1556 1577 524
1565 933 524
1283 1617 524
1565 933 524
933 1565 524
1189 8 524
1598 337 524
1577 1556 524
1472 1565 524
1598 893 524
1565 1472 524
1598 337 524
1539 1618 524
681 109 524
1603 357 524
1603 67 524
245 883 524
792 1036 524
298 353 524
272 632 524
792 1036 524
1565 1379 524
50 1616 524
713 546 524
713 1588 524
199 1582 524
163 1208 524
1616 50 524
1496 762 525
36 189 525
852 276 525
313 801 525
1616 1173 525
555 598 525
145 586 525
752 594 525
1539 1338 525
809 342 525
1539 1131 525
41 1497 525
1539 1131 525
308 1517 525
308 60 525
1517 308 525
1539 437 525
1539 437 525
1539 437 525
338 1244 525
321 392 527
523 228 528
1578 847 528
1578 847 528
1578 751 528
809 209 528
1314 1346 528
799 199 528
509 1026 528
9 1338 528
3 252 528
1021 1449 528
781 1550 528
582 1261 529
394 1190 529
801 313 529
283 1556 529
1539 1585 529
713 546 529
1539 8 529
1539 8 529
12 1577 529
95 1393 529
1292 242 529
1255 546 529
1272 1280 529
1539 1402 530
1280 1272 530
9 1280 530
203 475 530
1539 527 530
1036 1520 530
1036 792 530
1036 1123 530
1036 507 530
27 620 530
1619 1402 530
50 1616 530
1185 1173 530
483 821 530
297 557 530
1265 938 530
812 708 530
1616 50 530
389 950 530
1487 161 530
27 620 530
1619 175 530
1339 605 530
950 389 530
1352 1580 531
600 847 531
1601 605 531
1601 1282 531
799 199 531
1190 393 531
1539 1620 531
1539 1620 531
1190 62 531
1616 1173 531
1619 1511 531
1190 1349 531
1616 1601 531
1565 620 531
1539 1620 531
42 1621 531
1539 1620 531
821 483 531
1598 777 531
620 1565 531
1601 1616 531
1598 768 531
1601 1616 531
1598 337 531
483 821 531
1598 1227 531
1565 620 531
810 233 531
810 233 531
1582 199 531
357 1603 531
712 95 531
1539 1622 531
1014 1487 532
1616 1173 532
1539 997 532
393 1190 532
317 1184 532
395 447 532
1173 1616 532
1059 1603 532
1244 338 532
27 620 532
1623 525 532
620 1244 532
713 714 532
1244 620 532
713 912 532
733 964 532
103 1238 532
60 308 532
447 395 532
12 1577 532
199 1582 532
733 1118 532
733 1608 532
733 1608 532
733 1608 532
733 626 533
1158 1565 533
323 68 533
1489 878 533
198 101 533
1284 950 533
1624 733 533
967 733 533
1624 733 533
447 733 533
733 447 533
967 303 533
1169 733 533
447 733 533
1619 712 533
1365 42 533
1624 141 533
547 527 533
1624 224 533
1624 234 533
53 1551 533
409 563 533
53 1623 533
1184 317 533
103 658 533
1184 1550 533
103 409 533
298 573 533
967 303 533
341 793 533
189 36 533
220 1042 533
1539 1131 533
605 1339 533
605 1601 533
620 1565 533
605 297 533
525 1623 533
103 658 533
704 734 533
308 60 533
509 1050 533
509 1026 533
1601 605 533
605 1601 533
228 523 533
1601 605 533
605 1601 533
967 303 533
1039 1316 533
1487 1014 533
1601 220 533
220 234 533
1601 605 533
220 1601 533
1454 1437 533
967 303 533
1423 1158 533
1619 220 533
1601 220 533
234 220 533
967 303 534
27 620 534
967 303 534
487 598 534
950 1284 534
950 1284 534
27 234 534
366 67 534
366 1601 534
1585 1043 534
1578 847 534
1578 342 534
41 1585 534
502 933 534
639 19 534
1598 1585 534
686 1625 534
1598 726 534
67 277 534
103 1598 534
67 69 534
103 639 534
1626 1 534
768 1598 534
1582 199 534
27 1598 534
1043 1585 534
1436 421 534
781 1314 534
1539 1299 534
964 733 534
282 1627 534
1619 781 534
1619 781 534
1619 781 534
1619 781 534
1158 1423 534
41 1585 534
233 810 534
1158 1585 534
1158 1423 534
1575 735 534
1284 950 534
220 1601 534
220 234 534
536 733 534
1585 1043 534
234 220 535
103 409 535
1281 1598 535
389 950 535
967 1158 535
1527 144 535
67 318 535
67 318 535
600 1454 535
199 1582 535
1072 1158 535
1158 1072 535
1158 1072 535
1158 1072 535
1158 1072 535
1158 1072 535
1158 1072 535
352 840 535
547 712 535
547 712 535
547 712 535
967 1158 535
821 483 535
950 1284 535
950 389 535
176 1603 536
1196 155 536
626 733 537
1578 847 538
1578 342 538
1585 1043 538
155 1196 538
735 1575 538
1127 405 538
735 810 538
1509 352 538
725 1260 538
1582 199 538
105 585 539
352 1509 539
103 277 539
525 1623 539
103 899 539
103 1015 539
357 1359 539
19 639 539
1 1626 539
143 357 539
1359 357 539
3 60 539
1042 220 539
615 823 539
1619 297 539
1619 712 539
852 1611 539
852 1611 539
224 1624 539
852 1611 539
605 1601 539
1105 840 539
852 1611 539
704 734 539
1626 1 539
145 933 540
145 644 540
1625 686 540
1396 669 540
1 1626 540
1 312 540
1 1626 540
507 1036 540
1619 1100 540
103 908 540
103 758 540
1619 758 540
758 1619 540
704 734 540
1619 758 540
1624 224 540
1624 234 540
1043 1585 540
859 725 540
810 233 540
1539 1338 540
1624 1518 540
810 1624 540
1624 810 540
1009 463 540
1548 1598 540
509 893 540
1548 303 540
327 1598 540
224 1624 540
1313 507 540
342 1255 540
389 950 540
389 1576 540
1539 1628 541
1313 507 541
704 734 541
68 323 541
704 734 541
1522 1184 541
1522 1598 541
1624 224 541
224 1624 541
704 502 541
704 734 541
704 502 541
1362 342 541
713 733 541
1522 1616 541
713 912 541
1522 859 541
174 1231 541
810 1624 541
72 1316 541
176 1603 541
1624 810 541
809 342 541
704 1603 541
1522 175 541
103 874 541
103 437 541
704 734 541
1196 155 541
1196 155 541
704 734 541
1539 1196 541
342 1050 542
143 357 542
143 357 542
560 1629 542
233 810 542
342 389 542
1565 1379 542
810 1624 542
810 233 542
389 342 542
1546 1619 542
1619 1546 542
103 1419 542
1568 1042 542
1339 474 542
53 1585 542
1026 509 542
1314 781 542
547 32 542
27 620 542
475 203 542
1539 154 542
1339 605 542
1543 475 542
704 1565 542
1565 1379 542
704 734 542
950 389 542
704 734 542
475 1543 542
704 734 542
249 1629 542
103 1238 542
422 1299 542
103 1238 542
1231 1339 542
495 1630 543
249 1608 543
919 303 543
155 1196 543
800 1072 543
103 919 543
1339 323 543
1339 1069 543
1576 578 543
704 1231 543
249 1362 543
704 1231 543
474 1339 543
32 547 543
704 1231 543
704 1231 543
547 711 543
812 708 543
704 1231 543
1339 474 543
547 711 543
704 1231 543
620 233 543
704 1231 543
547 711 543
233 620 543
594 752 543
233 810 543
547 711 543
973 254 543
1594 219 543
219 1594 543
697 1631 543
547 711 543
679 919 543
547 711 543
1594 219 543
711 1623 543
620 967 543
1545 259 543
679 919 543
547 711 543
605 1339 543
679 919 543
1539 1255 543
605 1339 543
967 620 543
781 1314 543
620 967 543
967 620 543
354 1373 543
617 734 543
617 734 543
1624 810 543
474 1339 543
617 734 543
617 734 543
1282 1601 543
617 734 543
620 967 543
617 734 543
1616 1173 543
605 734 543
617 734 543
1407 1189 543
605 1246 543
725 859 543
1227 1238 543
1616 1601 543
1616 582 543
799 302 543
1619 712 543
1281 1033 543
1238 1227 544
1339 605 544
1339 474 544
1539 1632 544
1314 781 544
1578 342 544
799 302 544
463 609 544
538 1065 544
463 1009 544
1282 1542 544
1521 852 544
1575 735 544
249 302 544
1576 1248 544
749 1487 544
517 1588 544
495 933 544
495 1213 544
495 498 544
495 741 544
1542 1282 544
249 708 544
405 398 544
741 495 544
768 1304 544
193 233 544
1304 768 544
1539 1346 544
871 297 544
323 68 544
323 1339 544
1175 299 544
298 323 544
871 1603 544
298 323 544
298 323 544
1489 878 544
1158 27 544
1539 599 544
871 1603 544
1189 483 544
1189 1407 544
103 495 544
103 1603 544
600 1454 544
1105 840 544
193 63 544
323 950 544
103 1603 544
103 462 544
1507 42 544
1175 299 544
1396 1618 544
193 282 544
193 118 544
1576 1034 544
193 1633 544
193 63 544
1297 800 544
704 1603 544
1393 95 544
193 85 544
1413 800 544
392 321 544
967 193 544
1537 324 544
1537 329 544
676 1206 544
704 1603 544
1616 254 544
1539 1206 544
143 357 544
950 323 544
1539 1039 544
498 495 544
1616 582 544
1543 475 545
704 1603 545
298 573 545
1585 1043 545
172 1603 545
338 1244 545
1539 1039 545
1543 63 545
1543 475 545
507 1313 545
1603 172 545
1543 282 545
298 573 545
620 27 545
1616 582 545
298 573 545
298 573 545
768 1304 545
1616 940 545
1346 1314 545
398 405 545
1616 582 545
1039 1632 545
582 1616 545
643 1365 545
298 573 545
298 573 545
298 573 545
1616 940 545
1244 338 545
1184 1522 545
67 1565 545
687 1616 545
1304 768 545
234 1244 545
1244 234 545
1565 67 545
1565 174 545
555 1634 545
1378 1635 545
53 1585 545
1252 1616 545
1616 1252 545
1616 1252 545
713 878 545
1565 174 545
1252 1616 545
713 714 545
713 546 545
1252 1616 545
1565 174 545
1616 1252 545
1491 132 545
1189 502 545
1252 1616 545
1616 1252 545
1565 176 545
53 1636 545
53 1636 545
1383 1636 545
53 1636 545
1378 1635 545
53 1636 545
53 1636 545
984 1636 546
1539 1056 546
1539 1056 546
781 1314 546
201 1616 546
679 963 546
1565 228 546
103 72 546
1009 928 547
1009 752 547
1009 177 547
321 392 547
342 1578 548
42 1507 548
132 1491 548
509 1026 548
509 711 548
557 297 548
299 1175 548
299 1175 548
299 1175 548
523 228 548
1127 69 548
1 161 548
27 1158 548
27 620 548
1623 711 548
713 912 549
713 546 549
713 884 549
713 878 549
713 842 549
713 271 549
713 749 549
103 462 549
53 1623 549
840 1105 549
509 840 549
859 1522 549
1503 1502 549
809 1522 549
809 342 549
321 277 549
847 1578 549
713 509 549
523 615 549
1630 495 549
620 27 549
799 1608 549
219 1594 549
1539 753 549
793 863 549
1539 1299 549
346 1616 549
1365 643 549
1365 1393 549
1539 1299 549
1314 781 550
1253 1365 550
1539 1637 550
432 1587 550
1539 1637 550
1314 1346 550
1638 1633 550
1488 518 550
27 620 550
254 973 550
254 1616 550
523 615 550
605 431 550
389 830 550
1629 560 550
1539 1346 550
495 741 550
495 498 550
1434 174 550
392 321 550
821 483 550
1539 1169 550
1173 1616 550
1539 1346 550
1162 913 550
950 495 550
392 1315 550
161 1 550
1539 1039 550
161 1487 550
1539 1510 550
1539 1510 550
768 1253 550
741 495 550
1510 3 550
1227 1238 550
378 32 550
431 605 550
617 704 551
617 704 551
1594 219 551
605 431 551
431 605 551
704 617 551
617 704 551
704 617 551
617 704 551
523 193 551
523 870 551
523 67 551
1539 177 551
177 1009 551
1539 177 551
1539 177 551
1539 1338 551
143 582 551
1539 177 551
1539 1338 551
809 257 551
1539 177 551
1539 1338 551
1539 1338 551
1539 177 551
831 495 551
1539 177 551
871 183 551
297 557 551
871 297 551
297 871 551
704 617 551
1052 1136 551
1113 1553 551
103 495 551
687 757 551
103 605 551
176 1565 551
1539 1639 551
1539 299 551
1539 1639 551
1539 299 551
1539 1640 551
1539 1639 551
1539 1640 551
1539 1069 551
1539 1640 551
1539 1069 551
1546 1619 551
1253 768 551
1033 1281 551
1033 1281 551
249 302 551
233 193 551
1539 1021 551
1565 176 551
1539 1021 551
1539 1169 551
812 1616 551
812 708 551
1539 299 551
1539 1169 551
234 1248 551
32 219 551
1412 810 551
1539 1169 551
818 372 551
1539 818 551
818 1269 551
1539 36 551
1539 1169 551
1539 818 551
1539 1169 551
1539 1169 551
1539 1169 551
878 1637 551
1539 1169 551
32 1338 551
1539 601 551
321 392 551
810 1412 551
1539 601 551
768 1253 552
1113 339 552
768 1304 552
176 1565 552
1565 176 552
617 704 552
176 1565 552
1365 1253 552
1565 176 552
704 617 552
1387 67 552
1387 12 552
1072 800 552
176 1565 552
1387 67 552
809 257 552
1387 67 552
768 621 552
3 1510 552
768 621 552
768 621 552
1158 27 552
95 1118 552
704 447 552
1158 1072 552
1387 768 552
1539 1443 552
518 1488 552
95 1365 552
95 299 552
95 712 552
95 1393 552
711 1623 552
1043 1585 552
12 1493 552
12 1639 552
1304 768 552
95 525 552
1641 95 552
523 176 552
679 67 552
95 525 552
768 1304 552
95 592 552
1539 378 552
95 525 552
1539 710 552
1642 679 552
95 1510 552
95 525 552
1304 768 552
1510 3 552
95 525 552
103 1021 552
95 525 552
1281 1033 552
525 95 552
679 1642 552
1339 1299 552
1642 679 552
967 193 552
103 899 553
219 32 553
1564 1565 553
27 1158 553
42 964 553
103 1231 553
3 135 553
103 1643 553
1387 768 553
1601 1282 553
1644 1539 553
1315 392 553
1637 878 553
1254 1234 553
704 1231 553
32 219 553
103 1231 553
1282 1601 553
1238 1227 553
679 1642 553
967 193 553
1642 679 553
1642 32 553
219 32 553
822 1642 553
1642 822 553
1642 822 553
679 1642 553
314 333 553
812 708 553
12 1387 553
1562 1299 553
878 1637 553
967 193 553
193 967 553
193 967 553
1101 713 553
9 1387 553
32 219 553
1539 1069 553
1539 1255 553
32 1642 553
1539 1255 553
12 1387 553
1539 1342 553
32 1645 553
713 509 553
144 1500 553
219 32 553
249 708 553
249 1645 553
1231 704 553
1231 704 553
32 219 553
1434 174 553
219 32 553
1539 1646 553
546 713 553
1539 1647 553
1539 1647 554
423 1497 554
1539 1646 554
871 297 554
1539 1647 554
392 321 554
1042 615 554
73 1646 554
1630 389 554
704 1231 554
1646 73 554
878 1647 554
73 1646 554
392 1315 554
1299 1646 554
1299 1646 554
878 1647 554
1299 1646 554
752 598 554
1646 1299 554
1646 1299 554
1255 878 554
986 163 554
297 871 554
1646 1299 554
1539 1647 554
871 297 554
1644 1601 554
1539 1647 554
871 297 554
103 1646 554
878 1647 554
1539 1647 554
1539 1647 554
1539 1647 554
297 871 554
1539 1647 554
1255 878 554
1539 1647 554
103 1646 554
174 1434 554
1601 1646 554
103 1231 554
233 193 554
131 1255 554
569 1522 554
1270 832 554
1601 1616 554
176 523 554
620 27 554
1601 605 554
1601 220 554
357 143 554
193 233 554
357 1644 554
1521 828 554
523 176 554
321 392 554
1619 1648 554
193 233 554
176 523 554
193 1646 554
1644 357 554
1489 878 554
41 523 554
103 1231 554
1255 1113 554
27 620 554
41 176 554
41 523 554
233 193 554
620 27 554
1641 1539 554
191 1097 554
27 620 554
193 1646 554
1097 191 554
1097 1270 554
620 27 554
193 233 554
389 1630 554
233 193 554
1646 193 554
220 1601 554
871 297 554
193 1646 554
220 234 554
708 812 554
525 19 554
193 1130 554
1616 1601 554
1130 193 554
193 1130 554
1130 193 554
27 620 554
1539 1211 554
494 389 554
494 389 554
912 713 554
1624 1253 554
193 1130 554
847 1387 554
592 95 554
620 27 554
1641 970 554
9 1313 554
1130 34 554
970 128 554
1641 970 554
27 620 554
1158 27 554
1624 719 554
27 1158 554
1158 713 554
1624 1500 554
1042 615 554
1235 1468 554
1158 27 554
643 1365 554
1189 1489 554
1485 1403 554
1641 970 554
1286 1231 554
1641 341 554
810 233 554
1009 177 554
1113 1565 554
1314 1346 554
27 1158 554
970 1641 554
12 1493 554
378 1539 554
561 95 554
822 1642 554
1113 544 555
878 1489 555
12 1639 555
103 1231 555
1624 719 555
1158 27 555
620 27 555
1113 544 555
1543 592 555
128 970 555
1113 544 555
1113 544 555
27 1158 555
12 366 555
1113 544 555
9 32 555
9 32 555
1113 544 555
9 32 555
193 1646 555
1158 27 555
1113 544 555
1616 1252 555
843 871 555
843 1237 555
1252 1616 555
392 321 555
933 145 555
67 822 555
1616 1252 555
933 495 555
843 1553 555
143 357 555
1237 843 555
1113 544 555
777 1639 555
1619 839 555
1619 839 555
1619 839 555
1539 36 555
1539 1021 555
1539 1021 555
1426 339 555
1426 830 555
338 1244 555
1426 1066 555
67 1426 555
1539 1021 555
1343 281 555
1619 773 555
1522 809 555
1522 859 555
1522 1184 555
970 128 555
1189 1647 555
249 1629 555
1522 859 555
1522 1618 555
1113 128 555
1285 1565 555
128 970 555
1285 1641 555
482 1489 555
1565 1285 555
569 1522 555
1285 1565 555
1113 544 555
1113 128 555
1539 659 555
1113 1255 555
1542 540 555
1539 1649 555
544 1113 555
1565 1285 555
822 67 555
809 546 555
1285 1565 555
1113 544 555
298 573 555
298 573 555
298 573 555
234 220 555
1248 234 555
1647 1189 555
298 573 555
546 809 555
843 871 555
1539 1647 555
843 1237 555
1113 495 555
298 573 555
1113 437 555
878 713 555
621 768 555
177 1009 555
1 161 555
1617 1283 555
1367 1485 555
1113 135 555
135 42 555
135 1356 555
1617 370 555
27 1158 555
1326 713 555
3 1510 555
135 1486 555
3 135 555
1113 135 555
1489 878 555
1489 482 555
1113 135 555
1489 249 555
3 135 555
3 72 555
1539 204 555
1539 1573 555
1539 1573 555
1270 1097 555
3 135 555
1270 1097 555
1539 1573 555
3 135 555
3 135 555
3 135 555
1113 135 555
1568 1042 555
135 1113 555
1539 1573 555
1113 135 556
1539 1573 556
72 3 556
1545 1556 556
1280 48 556
1280 48 556
1346 1314 556
1280 48 556
1280 48 556
1280 48 556
1280 48 556
1280 48 556
135 1 556
1280 48 556
1280 48 556
1280 48 556
1280 48 556
103 30 556
1280 48 556
103 30 556
1619 593 556
30 103 556
1280 48 556
103 30 556
30 103 556
1576 389 556
1189 1647 556
766 252 556
1033 1281 556
438 687 557
438 687 557
438 1319 557
1136 1052 557
1440 438 558
1649 1539 558
735 1575 558
482 1489 558
191 738 558
1252 1616 558
1 135 558
592 1543 558
233 810 558
1184 1522 558
281 1343 559
1272 1130 559
337 1641 559
964 42 559
964 42 559
1488 518 559
1069 1539 559
1646 193 559
1638 1646 559
1234 1254 559
536 933 559
27 620 559
1580 1352 559
249 1489 559
449 1520 559
1580 95 559
34 1130 559
1638 1633 559
832 1270 559
1500 1624 559
1624 1500 559
1500 144 559
1313 1403 559
1042 615 559
1313 569 559
1042 1568 559
615 1042 560
1042 615 560
447 704 560
9 1642 560
9 1649 560
9 1650 560
9 1647 560
9 1646 560
9 1643 560
9 1644 560
9 1648 560
9 1640 560
9 1651 560
9 1652 560
9 1637 560
1052 1136 560
9 1641 560
9 1622 560
9 1618 560
9 1621 560
959 958 560
9 1313 560
9 1313 560
9 1313 560
779 840 560
1254 1234 560
9 1196 560
1624 725 560
9 901 560
9 617 560
144 1500 560
738 191 560
725 1624 560
50 758 560
518 1488 560
1280 1038 560
329 615 560
329 1537 560
1319 438 560
95 592 560
95 1580 560
1403 1485 560
474 615 560
1403 1313 560
1624 725 560
768 1304 560
605 1601 561
1365 643 561
1289 700 561
389 494 561
389 494 561
1637 9 561
1489 482 561
1387 12 561
1387 9 561
1387 12 561
1387 847 561
1387 67 561
617 9 561
536 933 561
191 738 561
431 727 561
1281 1033 561
1642 32 561
1653 1603 561
1642 9 561
1619 1629 561
1255 1653 561
249 1236 561
282 193 561
741 1255 561
1255 741 561
741 1255 561
9 1642 561
9 617 561
9 1637 561
9 1387 561
9 282 561
402 681 561
1158 27 561
220 234 561
220 234 561
1158 1072 561
1332 291 561
1332 291 561
1332 291 561
878 1489 561
1488 518 561
615 1042 561
615 474 561
1136 1052 561
1624 281 561
27 1158 562
1578 342 562
1578 847 562
700 1289 562
1118 95 562
644 145 562
1317 50 562
1038 1280 562
1616 1252 562
495 831 562
495 950 562
1616 812 562
1442 883 562
1616 1173 562
495 741 562
1616 346 562
495 933 562
495 1113 562
1616 1522 562
1304 768 562
128 1113 562
1580 95 562
1255 741 562
482 1489 562
1072 1158 562
234 220 562
50 1317 562
970 1641 562
12 1387 562
12 1387 562
1329 983 562
1642 9 562
620 27 562
1642 1171 562
32 1642 562
812 1616 562
1647 1539 562
812 708 562
1158 27 562
12 997 562
1413 800 562
1647 1189 562
1158 1072 562
1647 9 562
1158 27 562
12 997 562
357 1644 562
357 143 562
357 592 562
1252 1616 562
871 843 562
370 1617 562
9 1647 562
9 1642 562
1158 1217 562
1217 1158 562
1487 749 562
1487 161 562
1487 1598 562
1575 735 562
518 1488 562
569 1313 562
712 95 562
1520 449 562
1520 912 562
1173 1616 563
823 1576 563
823 615 563
1130 34 563
1130 1272 563
1130 193 563
1510 3 563
615 823 563
27 1158 563
1423 1158 563
1130 1526 563
1130 1526 563
1130 1526 563
617 9 563
1312 456 563
1189 1647 563
1619 175 563
615 1130 563
1616 1252 563
9 617 563
1313 9 563
1647 1189 563
1313 569 563
1647 9 563
1647 878 563
1647 1654 563
1647 1005 563
1619 1641 563
437 1113 563
1619 1641 563
758 1619 563
1543 592 563
3 44 563
3 36 563
1313 1403 563
540 1542 563
757 687 563
859 1522 563
234 1255 563
1042 615 563
234 815 563
615 1042 563
193 1646 563
843 871 563
1033 1281 563
1653 1255 563
1488 518 564
281 1624 564
1344 1598 564
128 1378 564
1545 259 564
1545 259 564
1316 1039 564
1434 174 564
361 1436 564
753 1539 564
415 1624 564
1644 520 564
520 1644 564
950 495 564
1648 281 564
1316 72 564
361 864 564
1644 812 564
1213 495 564
1 44 564
281 1648 564
1317 919 564
1624 281 564
1624 415 564
973 254 564
308 1641 564
281 1624 564
1601 220 564
249 299 564
1642 32 564
1601 1616 564
1234 1254 564
919 1317 564
9 1647 564
1255 234 564
1255 1653 564
1601 605 564
1021 1539 564
1042 615 564
174 1434 564
741 495 564
615 1042 564
1624 281 564
878 1647 564
688 326 564
1655 1641 564
1655 741 564
1655 1598 564
741 1655 564
254 973 564
617 9 564
1641 1619 564
249 1655 564
1641 308 564
617 254 564
1158 27 564
1158 1423 564
1629 1619 564
1158 1072 564
1629 249 564
1072 1158 564
1641 1655 564
249 1629 564
1603 1653 564
1655 249 564
1655 741 564
249 1655 564
1647 878 564
1647 9 564
1655 249 564
249 1655 564
1638 1410 564
281 332 564
1343 281 564
249 734 564
9 1647 564
9 617 564
617 9 564
9 617 564
281 1343 564
281 1624 564
1553 843 565
423 866 565
809 1406 565
1190 1285 565
708 812 565
12 1387 565
1406 809 565
27 620 565
1312 1656 565
297 557 565
27 1158 565
878 1647 565
725 1624 565
878 1255 565
220 234 565
518 1488 565
220 1601 565
1648 281 565
933 495 565
1588 713 565
933 536 565
234 220 565
1081 32 565
1556 1545 565
878 1426 565
1648 802 565
357 774 565
1648 90 565
357 1565 565
281 1648 565
357 1426 565
357 1362 565
357 1362 565
1648 281 565
1648 9 565
220 234 565
1648 1619 565
67 1657 565
281 1648 565
819 1642 565
357 1103 565
1624 281 565
357 1624 565
741 1655 565
1658 277 565
67 1644 565
1624 357 565
1648 281 565
281 1624 565
357 1624 565
1624 281 565
1624 357 565
281 1648 565
357 1624 565
281 1624 565
741 1255 565
281 317 565
1624 357 565
546 774 565
536 933 565
67 1637 565
883 1442 565
843 1553 565
674 1624 565
3 1 565
1362 357 565
1500 144 565
1642 819 565
1648 865 565
1648 865 565
1658 986 565
1648 963 565
1648 1627 565
1648 1627 565
1648 1627 565
1542 540 565
912 1520 565
1657 67 565
1648 1177 565
1648 1177 565
1648 1177 565
12 527 565
1657 1021 565
1657 1021 565
12 1255 565
1472 815 565
12 1406 565
12 1440 565
12 1520 565
1657 1641 565
1406 12 565
19 1130 565
1657 713 565
1520 912 565
145 644 565
145 933 565
1520 12 565
1641 1657 565
1520 598 565
711 547 565
1657 1641 565
1520 1659 565
1641 1657 565
392 1660 565
1648 1551 565
1648 1551 565
1657 1641 565
1042 1641 565
1551 1648 565
1255 878 565
1657 1641 565
1641 1657 565
1042 1255 565
1255 741 565
1255 12 565
1255 1042 565
1648 1551 565
1189 482 565
1522 859 565
482 1189 565
1189 482 565
1042 1255 565
1042 1641 565
1522 569 565
878 1255 565
878 1189 565
536 1551 565
569 1522 565
1522 569 565
1255 1042 565
1255 878 565
1252 1616 565
1522 1255 565
1255 1522 565
1189 878 565
1042 1255 565
1522 1255 565
569 1522 565
1042 615 565
1255 1042 565
1255 1522 565
1042 1255 565
1255 1042 565
1522 1255 565
1440 12 565
1255 1522 565
1522 569 565
300 1657 565
1042 1255 565
1522 1255 565
1648 1283 565
878 1255 565
1255 1522 565
1255 1042 565
1255 878 565
144 1500 565
620 27 565
1656 1312 565
1648 174 565
569 1522 565
1406 1603 565
1603 1406 566
1158 27 566
1406 843 566
174 1648 566
1406 1603 566
1522 569 566
569 1522 566
1648 644 566
1158 379 566
1522 569 566
1648 174 566
1648 174 566
1042 712 566
843 1406 566
569 1522 566
1616 1252 566
1406 843 566
174 1648 566
174 1648 566
1648 174 566
843 1406 566
1648 174 566
1406 843 566
547 711 566
1522 569 566
1648 644 566
174 1648 566
174 1648 566
1642 679 566
547 711 566
204 1539 566
1648 174 566
174 1648 566
1648 1042 566
1042 1244 566
1648 174 566
679 1642 566
298 1353 566
174 1648 566
1642 679 566
1648 174 566
1042 1648 566
1353 298 566
711 547 566
569 1522 566
1603 1406 566
547 711 566
174 1648 566
1648 1042 566
711 547 566
1406 1603 566
1648 174 566
547 711 566
711 547 566
174 1648 566
547 711 566
1648 174 566
174 1648 566
1648 174 566
711 547 566
1052 1136 566
547 711 566
679 1642 566
878 713 566
298 353 566
1642 679 566
810 1365 566
1642 679 566
1406 1185 566
1185 1406 566
1406 1185 566
1648 1052 566
1185 1406 566
1406 1185 566
1642 1297 566
1642 1297 566
1113 495 566
1406 1642 566
372 569 566
1113 437 566
569 372 566
548 1059 566
372 569 566
548 128 566
1642 1406 566
283 1343 566
1406 1642 566
1642 1406 566
1406 1642 566
569 372 566
372 569 566
1642 1406 566
1352 1580 566
1406 1642 566
1406 1642 566
1642 1406 566
1406 1642 566
1642 1406 566
1518 1624 566
1406 1642 566
1642 1406 566
1406 1642 566
1642 1406 566
1406 1642 566
1642 1406 566
1406 1642 566
1406 1603 566
1603 1406 566
1642 1406 566
1603 1406 566
1406 1603 566
1406 1642 566
1406 1603 566
1603 1406 566
1406 1603 566
1603 1406 566
1406 1603 566
1314 1346 566
1215 1472 566
1636 984 566
438 1319 566
933 536 567
1196 9 567
252 766 567
1281 1033 567
1313 9 568
1313 9 568
1313 507 568
1387 12 568
361 638 568
361 1641 568
621 686 569
1136 1052 569
617 9 569
557 297 569
615 1042 569
944 815 569
1661 713 569
1346 1314 569
1661 1026 569
27 1158 569
27 620 569
1185 1406 569
1434 174 569
734 249 569
617 777 569
1434 1312 569
1359 1343 569
1312 1656 569
1312 1434 569
1312 1434 569
1434 1312 569
1312 1434 569
1312 1434 569
1434 1312 569
1434 1312 569
1312 1434 569
1312 1434 569
1387 1312 569
1434 1312 569
1312 1387 569
1312 1434 569
1434 1312 569
1185 1142 569
1387 1312 569
1387 1312 569
1312 1387 569
1387 1312 569
812 1644 569
1312 1387 569
1312 1387 569
1387 1312 569
1142 1185 569
1387 1434 569
1387 1344 569
1434 1387 569
1312 1387 569
1387 1434 569
1185 1142 569
1387 1312 569
700 822 569
1434 1387 569
1434 1387 569
1312 1387 569
1387 1434 569
751 822 569
1312 1387 569
1387 1312 569
1312 1387 569
1387 1312 569
1387 1434 569
1387 1312 569
1434 1387 569
1434 1387 569
1387 1434 569
1387 1434 569
249 1244 569
536 933 570
523 1662 570
523 1662 570
523 1662 570
154 1539 570
843 1406 570
161 1 570
161 1487 570
1042 615 570
594 277 570
594 260 570
72 1316 570
211 36 570
751 1578 570
1657 300 570
32 518 570
1442 883 570
713 1526 570
1488 518 570
1663 1621 570
1663 1621 570
174 1434 570
32 1657 570
1657 713 570
615 1042 570
1657 523 570
1657 393 570
1101 713 570
1406 843 570
1 161 570
1 3 570
1189 1015 570
1189 1015 570
1189 595 570
713 1101 570
713 1661 570
713 878 570
713 912 570
595 1189 570
620 27 570
1624 725 570
312 1 570
504 372 570
389 1576 571
1489 372 571
714 713 571
1285 1190 571
1285 1190 571
339 713 571
1285 1190 571
912 713 571
1624 1093 571
212 1056 571
475 1543 571
822 700 571
372 504 571
822 751 571
372 1489 571
1314 1346 571
372 1624 571
101 282 571
963 1648 571
1648 963 571
12 1387 571
12 1440 571
431 605 571
431 617 571
12 1520 571
12 1406 571
1624 372 571
1346 1314 571
393 1657 571
1624 1349 571
101 176 571
749 1487 571
101 198 571
644 1648 571
644 1244 571
749 713 571
353 298 571
1624 367 571
367 1624 571
1624 367 571
1332 495 571
1101 713 571
1142 1185 571
1580 1545 571
1332 298 571
1580 1352 571
281 1312 571
281 254 571
1312 281 571
1387 12 571
281 1312 571
1113 1463 571
1113 1568 571
176 101 571
1312 1387 571
1568 1113 571
617 431 571
1642 679 571
1423 1158 572
431 617 572
617 431 572
431 617 572
1520 12 572
1339 504 572
617 431 572
95 1118 572
1378 128 572
95 1580 572
95 712 572
1440 12 572
1349 1624 572
155 1580 572
859 1522 572
973 254 572
919 95 572
686 621 572
1346 1314 572
1624 1349 572
1565 357 572
831 1270 572
831 1187 572
1118 95 572
1185 1142 572
970 617 572
1185 536 572
482 463 572
1185 1312 572
482 194 572
1312 1185 572
176 1565 572
1565 176 572
1185 1312 572
1312 1185 572
176 1565 572
679 1642 572
1158 1423 572
1158 27 572
1158 1072 572
1185 408 572
431 617 572
1565 176 572
1185 743 572
176 1565 572
1185 1372 572
1185 1402 572
1565 176 572
176 1565 572
1565 176 572
617 431 572
617 970 572
176 1565 572
12 1440 572
963 1648 572
34 1130 572
437 1113 572
495 950 572
495 1213 572
1365 810 572
73 617 572
810 1365 572
298 353 572
19 1664 572
1013 1365 572
298 1332 572
924 768 572
768 924 572
621 768 572
725 1624 572
768 924 572
768 621 572
621 768 572
878 713 572
495 741 572
495 933 572
495 1113 572
495 1332 572
1565 176 573
176 1565 573
1113 1568 573
1434 174 573
1565 176 573
1601 220 573
1113 437 573
174 1434 573
970 617 573
1113 495 573
617 970 573
1314 1346 573
617 73 573
1565 176 573
1032 783 573
1565 3 573
1029 962 573
1665 1049 573
1113 1603 573
1665 1113 573
1113 1665 573
1665 1113 573
220 1601 573
1113 1665 573
681 109 573
1032 783 573
1253 1013 573
1253 1034 573
1185 713 573
423 1603 573
1032 783 573
423 1426 573
423 1665 573
843 1406 573
1665 423 573
1032 783 573
1346 1314 573
1032 783 573
1406 843 573
1032 783 573
1231 963 573
1032 783 573
72 679 573
1032 783 573
423 1665 573
1032 783 573
1032 783 573
1632 1039 573
741 495 573
1032 783 573
254 973 573
1032 783 573
1 312 573
1280 1287 573
1665 423 573
1665 1113 573
1601 220 573
1032 783 573
337 297 573
970 617 573
1032 783 573
1601 220 573
509 1665 573
3 1565 573
3 1 573
3 1 573
3 1 573
3 1 573
3 1 573
3 1 573
3 1 573
3 1 573
3 1 573
3 1 573
3 1 573
3 1 573
3 1 573
3 1 573
3 1 573
3 1 573
3 1 573
3 1 573
3 1 573
3 1 573
3 1 573
3 1 573
3 1 573
3 1 573
3 1 573
3 1 573
3 1 573
3 1 573
1661 713 573
509 783 573
1032 783 573
1244 644 573
1244 249 573
783 509 573
644 1244 573
176 1565 573
3 1 573
3 1 573
1032 783 573
712 95 573
1601 1666 573
712 1042 573
1113 1665 573
509 783 573
1601 1636 573
783 1032 573
783 1032 573
509 1463 573
1158 1072 573
1382 710 573
1158 1255 573
864 361 573
1032 783 573
421 1436 573
421 300 573
783 1032 573
27 1158 573
1032 783 573
843 1406 573
783 1032 573
1032 783 573
783 1032 573
1032 783 573
1013 1253 573
1665 573 573
573 1665 573
878 1665 573
176 1665 573
1665 573 573
1665 878 573
1158 27 574
1665 176 574
1665 509 574
1253 1013 574
9 1313 574
393 573 574
1190 1285 574
482 1665 574
1287 1280 574
1158 1665 574
1488 518 574
1667 1231 574
1029 1021 574
1029 1665 574
783 1032 574
1667 53 574
1667 1312 574
1312 1667 574
1648 337 574
1648 719 574
1231 1667 574
27 620 574
361 864 574
1032 783 574
573 393 574
1231 1601 574
783 1032 574
573 1665 574
361 697 574
393 573 574
1601 1231 574
1013 1253 574
1231 1601 574
361 1069 574
1032 783 574
1601 1231 574
1665 573 574
1665 1029 574
1231 1601 574
1665 1158 574
783 1032 574
1665 482 574
361 1056 574
361 1587 574
361 311 574
1487 161 574
1487 749 574
361 463 574
609 523 574
710 1382 574
819 1642 574
1601 1231 574
573 1665 574
1158 1665 574
1032 783 574
1313 9 574
1231 1601 574
731 1173 574
573 393 574
768 1304 574
731 824 574
1029 1665 574
1029 1472 574
1601 1231 574
1189 1665 574
1665 573 574
1253 1013 574
1304 768 574
1665 1189 574
783 1032 574
1189 1665 574
573 1665 574
1231 1601 574
1270 831 574
12 1387 574
809 1406 574
12 1255 574
1665 1029 574
1665 1189 574
176 1665 574
1189 1665 574
1665 176 574
176 1665 574
1665 573 574
1173 731 574
1665 176 574
1667 1231 574
1013 1253 574
27 1158 574
1136 1052 574
573 1665 574
1231 1667 574
1667 1231 574
1667 523 574
1189 1665 574
308 1601 574
1621 1663 574
403 302 574
950 495 574
1665 1189 574
1665 573 574
1253 1013 574
482 1665 574
573 1665 574
1665 950 574
878 1665 574
1621 42 574
1665 878 574
1665 573 574
361 809 574
878 1665 574
1013 1253 574
1189 878 574
878 1189 574
1189 878 574
573 1665 574
878 1189 574
878 1665 574
308 1601 574
308 1312 574
1312 308 574
870 1312 574
1189 1665 574
1312 870 574
1665 573 574
1312 870 574
1576 1665 574
573 1665 574
870 1312 574
1312 870 574
1665 1576 574
233 810 574
233 193 574
870 1312 574
193 233 574
1312 870 574
1601 308 574
233 193 574
1665 573 574
1601 1231 574
595 1101 574
193 233 574
595 1101 574
1542 468 574
573 1665 574
1601 393 574
518 1488 574
1231 1601 574
1542 233 574
1189 975 574
1542 1383 574
1072 1158 574
1383 1542 574
713 1101 574
518 1488 574
1070 598 574
282 9 574
1601 1231 574
1542 1383 574
1231 1601 574
41 1665 575
1472 1029 575
403 569 575
53 1667 575
1488 518 575
1488 518 575
1647 878 575
973 254 575
719 1648 575
1647 9 575
1648 719 575
609 1665 575
719 1648 575
1648 719 575
719 1648 575
1648 719 575
523 609 575
523 1667 575
523 41 575
198 1647 575
609 523 575
523 609 575
1647 1608 575
1387 12 575
12 1387 575
518 1488 575
609 523 575
1648 719 575
1608 1647 575
1387 12 575
697 361 575
768 1304 575
12 1387 575
1647 242 575
523 609 575
609 523 575
1647 198 575
1255 1158 575
1255 12 575
1647 1608 575
523 609 575
1297 1642 575
1608 1647 575
9 1647 575
9 282 575
1647 1608 575
1252 1616 575
242 1647 575
1647 9 575
1647 242 575
1608 1647 575
609 1629 575
298 518 575
1647 1608 575
242 1647 575
1406 809 575
1647 242 575
810 233 575
1608 1647 575
1568 1113 575
1647 1608 575
1647 1608 575
242 1647 575
1667 53 575
1071 1130 575
1667 53 575
1332 617 575
1342 1255 575
1545 1580 575
1647 242 575
53 1667 575
1042 712 575
1113 1568 575
12 1255 575
1332 53 575
1647 1297 575
1255 1342 575
1255 12 575
1647 468 575
1297 1647 575
234 1255 575
1647 193 575
1647 1297 575
468 1647 575
12 1255 575
1565 176 575
1642 1297 575
1304 768 575
234 220 575
1647 468 575
1297 1647 575
1255 234 575
1647 1297 575
176 1565 575
1297 1642 575
53 1332 575
1647 821 575
831 1270 575
1565 176 575
176 1565 575
53 413 575
1297 1647 575
1647 1297 575
1565 176 575
1297 1647 575
413 53 575
53 413 575
12 9 575
1158 1072 575
1545 1312 575
1158 27 575
1312 1545 575
1332 639 575
1332 639 575
768 1304 575
161 1 575
413 53 575
1312 1545 575
161 1487 575
1545 1312 575
1312 1545 575
1545 1312 575
1312 1545 575
1304 768 575
1545 1312 575
1576 1545 575
1545 1576 575
1312 1545 575
768 163 575
1545 1576 575
1545 1312 575
1576 1665 575
975 1189 575
970 502 575
495 1113 575
1312 1545 575
1545 1312 575
1576 389 575
1545 1312 575
1312 1545 575
1312 1545 575
1365 810 575
1187 831 575
1545 1312 575
1667 53 575
1365 1013 575
1158 1255 575
163 768 575
1312 1545 575
249 1244 575
53 1667 575
1545 1312 575
821 1647 575
337 1648 575
249 44 575
1312 1545 575
1545 1312 575
1312 1545 575
1545 1312 576
1545 1312 576
1545 1312 576
249 1665 576
1285 975 576
249 1312 576
1312 1545 576
598 1070 576
768 163 576
1312 249 576
1545 1312 576
249 1312 576
1312 1545 576
1545 1312 576
1312 249 576
1312 1545 576
393 1601 576
612 128 576
1545 1312 576
1312 1545 576
502 970 576
372 1624 576
1667 53 576
1545 1312 576
1312 1545 576
249 1312 576
1545 1312 576
686 768 576
1312 1545 576
686 1270 576
975 1285 576
810 1365 576
831 1187 576
1665 41 576
1343 1359 576
442 1565 576
27 1158 576
1343 281 576
1343 283 576
1158 27 576
176 1665 576
1648 337 576
9 1647 576
9 1545 576
878 1647 576
180 182 576
1101 713 576
620 27 576
1253 1013 576
468 1647 576
1253 1343 576
1636 1601 576
249 967 576
1545 9 576
1029 1472 577
1340 1029 577
1029 1340 577
1340 1029 577
1326 1029 577
1585 1582 577
1029 1326 577
1326 1029 577
1313 9 578
1668 809 578
1608 1647 578
41 523 579
41 1665 579
41 1029 579
32 815 579
32 1665 579
1013 1365 579
1013 1253 579
67 1665 579
809 361 579
809 1406 579
809 1668 579
361 809 579
809 795 579
9 1545 579
9 1313 579
9 617 579
9 1313 579
9 1196 579
1253 1013 580
1 161 580
1 3 580
1561 249 580
281 1343 580
1561 42 580
1669 1670 580
1670 1669 580
1669 1670 580
249 1561 580
249 1561 580
1039 1316 580
53 1667 580
1624 372 580
615 1668 580
538 1671 580
1382 710 580
431 617 580
27 1158 580
1314 1346 580
27 620 580
1013 1253 580
53 1657 580
1253 1013 580
1667 53 580
1072 1158 580
1013 1253 580
1647 821 580
1647 878 580
1647 9 580
1647 1608 580
1255 1158 580
1387 12 580
1255 447 580
1387 1313 580
1387 1344 580
543 1189 580
318 67 580
1639 777 580
1344 1387 580
318 1285 580
1387 1344 580
1423 1158 580
1387 1313 580
504 1339 580
950 1665 580
1568 1113 580
710 1283 580
778 1029 580
1668 615 581
518 298 581
9 1647 581
615 1668 581
193 1647 581
509 1665 581
509 1026 581
1672 437 581
509 1255 581
768 686 581
1029 41 581
1029 778 581
1029 1489 581
1255 509 581
812 708 581
308 1601 581
1187 831 581
53 1667 581
72 42 581
1667 53 581
1667 53 581
1153 128 581
1657 53 581
161 1 581
53 1667 581
1070 598 581
53 1667 581
53 1657 581
42 72 581
1608 1647 581
1667 53 581
1657 53 581
53 1657 581
53 1667 582
361 1417 582
970 617 582
970 502 582
970 1641 582
1406 809 582
1013 1253 582
1 161 582
1158 1255 582
109 681 582
1158 1072 582
1158 1423 582
1158 1072 582
1072 1158 582
1072 1158 582
686 621 582
1158 1072 582
1158 1072 582
249 318 582
1436 421 582
249 1343 582
1158 1072 582
249 1648 582
1543 475 582
1285 318 582
249 1074 582
1487 1226 582
1253 1013 582
1487 161 582
1346 1314 582
1072 1158 582
1487 1673 582
1673 1487 582
1487 1673 582
1255 1158 582
482 1674 582
1255 1359 582
1189 620 582
1158 1072 582
1158 1255 582
1158 1255 582
809 1406 582
1675 582 582
1013 1253 582
447 1255 582
1031 42 582
711 644 582
644 711 582
1668 615 583
53 1667 583
711 644 583
1327 711 583
1488 518 583
101 176 583
1339 504 583
617 970 583
1641 970 583
617 1332 583
617 431 583
1667 53 583
617 970 583
711 1327 583
1641 970 583
617 644 583
1327 711 583
617 1667 583
1253 1013 583
708 812 583
768 1304 583
686 1676 583
495 741 583
282 66 583
1667 617 583
1231 1667 583
245 1283 583
1313 1387 583
1313 1387 583
1667 1231 583
644 617 583
353 298 583
1642 822 583
1313 9 583
353 194 583
161 1 583
161 1487 583
44 249 583
12 1387 583
1231 1667 583
12 1312 583
1 3 583
1 3 583
1313 9 584
509 1255 584
1136 781 584
1668 1379 584
1136 234 584
234 1136 584
617 1667 584
1343 1253 584
1343 281 584
1343 249 584
1302 338 584
1290 1677 584
1314 1346 584
57 1616 584
518 1488 584
1304 768 584
1545 9 584
1489 1029 584
1406 809 584
1668 454 584
621 686 584
1270 831 584
1270 686 584
518 1488 584
777 1639 584
644 1616 584
1130 34 584
1130 19 584
161 1673 584
1383 1542 584
393 263 584
393 1190 584
768 886 584
234 1616 584
1312 12 584
1542 1383 584
686 621 584
686 1270 584
1667 617 584
1270 686 584
12 1312 584
686 1270 584
234 1312 584
1312 12 584
234 1312 584
1312 234 584
12 1312 584
1312 12 584
34 1130 584
12 1312 584
234 1312 584
281 1343 584
1312 234 584
12 1312 584
1052 1648 584
1312 12 584
1312 12 584
12 1312 584
1052 1136 584
12 1312 584
1312 12 584
598 1474 584
12 1312 584
234 1312 584
1312 12 584
1312 234 584
12 1312 584
234 1312 584
1312 12 584
12 1312 584
1312 12 584
12 1312 584
1312 12 584
12 1312 584
1312 12 584
12 1312 584
1312 12 584
9 1313 584
12 1312 585
679 72 585
1379 1668 585
72 679 585
1312 12 585
234 1312 585
1312 234 585
342 544 585
12 1312 585
1526 1130 585
1312 12 585
523 1269 585
12 1312 585
234 1312 585
1312 12 585
12 1312 585
1312 234 585
1312 234 585
234 1312 585
1312 234 585
234 1312 585
582 1675 585
12 1312 585
281 708 585
1316 72 585
1312 12 585
12 1312 585
234 1312 585
679 72 585
1312 234 585
1312 12 585
234 1312 585
72 679 585
12 1312 585
1312 234 585
679 72 585
234 1312 585
1312 12 585
1312 234 585
12 1312 585
1312 12 585
72 679 585
781 1136 585
12 1312 585
12 1312 585
1312 12 585
12 1312 585
1332 617 585
1312 12 585
1312 12 585
12 1312 585
1312 12 585
12 1312 585
1312 12 585
12 1312 585
1312 12 585
12 1312 585
1312 12 585
1312 12 585
12 1312 585
1312 12 585
1644 812 585
1312 12 585
1644 67 585
809 1406 585
72 679 585
12 1312 585
1343 281 585
809 1379 585
357 1644 585
281 1343 585
357 1343 585
1648 249 585
1644 357 585
357 1616 585
357 1644 585
1602 59 585
1472 949 585
1648 1052 585
777 537 585
1644 357 585
357 1644 585
1586 1557 585
1248 768 585
338 1302 585
19 1130 585
1487 42 585
812 1644 585
19 1130 585
1602 1678 585
1679 1565 585
1623 711 585
1679 1565 585
1679 1565 585
1679 1565 585
1679 1565 585
1565 1679 585
1565 1679 585
249 44 585
249 1648 585
1679 1565 585
176 1565 585
1346 1314 585
1679 569 585
1676 686 585
1158 1072 585
686 1676 585
768 1248 585
1580 1545 585
32 1312 585
569 1679 585
1565 176 585
1312 32 585
176 1565 585
1644 812 585
1676 686 585
1580 1676 585
1676 1580 585
1565 176 585
176 1565 585
1676 1580 585
1565 1679 585
1565 176 585
1644 1623 585
1580 1577 585
1676 1580 585
1580 1676 585
1580 1676 585
1580 1676 585
1580 155 585
1679 569 585
1676 1580 585
1343 281 585
1314 1346 585
1676 1580 585
302 403 585
1343 357 585
1580 1676 585
1029 1489 585
1256 1680 585
1676 1580 585
1580 1676 585
1580 1676 585
1676 1580 585
569 1679 585
1679 1565 585
1676 1580 585
679 72 585
679 72 585
372 1343 585
1580 1676 585
1580 1676 585
1676 1580 585
800 1256 585
1676 1580 585
1565 1679 585
1343 372 585
1676 1580 585
1648 249 585
1580 1676 585
1676 1580 585
1256 800 585
621 686 585
1580 1676 585
1580 1676 585
1676 1580 585
1676 1580 585
1676 1580 585
1580 1522 585
431 617 585
1580 1676 585
249 1648 586
1676 1580 586
621 1526 586
249 1580 586
1580 1676 586
1580 249 586
621 1647 586
1676 1580 586
1072 1158 586
1158 1072 586
1580 1676 586
1072 1158 586
1545 1580 586
1647 9 586
1580 1545 586
1676 1580 586
1158 1072 586
1647 193 586
1647 1608 586
1580 1554 586
621 824 586
1647 621 586
67 1072 586
9 1647 586
1355 1033 586
1648 249 586
1072 1158 586
1580 1676 586
1158 1072 586
1355 1183 586
1647 9 586
1072 1158 586
1355 42 586
1158 1072 586
1072 1158 586
1676 1580 586
1158 1072 586
1580 1676 586
621 1647 586
621 768 586
1158 1072 586
1580 1586 586
1580 1283 586
1283 1580 586
1580 1283 586
1580 9 586
687 1681 586
372 1343 586
768 1616 586
372 713 586
1039 1316 586
1158 1072 586
1679 569 586
372 1493 586
372 1580 586
1580 518 586
1072 1158 586
1580 372 586
569 1679 586
1580 372 586
1283 1580 586
1580 1283 586
1679 1565 586
768 824 586
372 1580 586
1580 372 586
298 353 586
9 1580 586
372 1580 586
281 1343 586
1500 144 586
1580 372 586
1580 9 586
372 1580 586
1679 569 586
9 1580 586
1565 1679 586
249 1580 586
1580 9 586
1580 249 586
1565 176 586
9 1580 586
1580 9 586
9 1580 586
1580 9 586
1580 9 586
249 1580 586
9 1580 586
1580 1508 586
569 1679 586
1072 1158 586
1580 249 586
1554 1580 586
1231 234 586
176 1565 586
1580 9 586
249 1580 586
9 1580 586
1158 1072 586
1565 176 586
1580 1554 586
970 617 586
1158 1072 586
1580 249 586
1026 509 586
970 617 586
1580 9 586
176 1565 586
970 1641 586
249 1580 586
1072 1158 586
1379 809 586
1580 249 586
249 1580 586
1554 1580 586
1158 1072 586
831 1270 586
1580 249 586
1072 1158 586
1580 1554 586
1565 176 586
249 1580 586
1158 1072 586
1343 281 586
176 1565 586
1554 1580 586
1679 569 586
1158 1072 586
353 298 586
249 654 586
569 1679 586
1565 176 586
1679 1565 586
1554 1468 586
1554 1468 586
1554 1468 586
1565 1679 586
1565 176 586
176 1565 586
155 1580 586
1565 176 586
1406 1343 586
1679 569 586
176 1565 586
1343 1406 586
1406 1343 586
1565 176 586
569 1679 586
176 1565 586
298 353 586
1568 332 586
1343 1406 586
1406 1343 586
1406 1343 586
1679 569 586
1343 1406 586
1343 1406 586
1406 1343 586
1270 831 586
809 1379 586
372 482 586
482 372 586
193 1647 586
372 482 586
482 372 586
1379 809 586
809 1379 586
1675 582 586
1675 1075 586
1565 176 586
372 809 586
176 1565 586
372 482 586
516 1281 586
1565 176 586
176 1565 586
778 277 586
1565 176 586
176 1565 587
582 1675 587
809 372 587
1379 809 587
176 1565 587
1093 1624 587
1565 176 587
176 1565 587
1565 176 587
176 1565 587
1565 176 587
176 1565 587
1565 176 587
176 1565 587
1565 176 587
1255 509 587
620 27 588
620 654 588
144 1500 589
281 1343 589
281 1580 589
713 372 589
1313 1403 589
1313 9 589
32 1682 590
32 1683 590
32 1580 590
32 1642 590
176 1565 590
1608 1647 590
41 1029 590
1343 281 590
281 1343 590
1113 1343 590
536 193 590
1343 281 590
1343 1113 590
1281 516 590
1677 1585 590
1677 1290 590
1113 1343 590
1313 507 590
281 1343 590
1647 621 590
1647 193 590
1647 1608 590
1253 1343 591
322 1021 591
1676 1580 591
537 777 591
1667 1684 591
1624 1093 591
777 537 591
779 1308 592
1346 1314 592
1314 1346 592
1332 495 592
1253 1272 592
1443 547 592
667 1130 592
277 778 592
537 777 592
1562 1342 592
1673 161 592
1522 1580 592
1359 1255 592
337 317 592
1487 42 592
1308 779 592
1652 1514 593
615 616 593
1021 322 593
367 337 593
516 453 593
544 342 593
708 281 593
620 679 593
605 620 593
250 713 593
250 1665 593
679 620 594
474 1679 594
1608 1647 594
1608 799 594
1254 1234 594
799 1608 594
1608 799 594
1231 1667 594
799 1608 594
1608 799 594
1255 1359 594
1500 144 594
250 1255 594
250 1255 594
700 822 594
249 1021 594
620 679 594
679 620 594
621 1647 595
1255 1231 595
1231 1255 595
1255 1231 595
1253 1685 595
1253 1685 595
1383 1542 595
193 1647 595
1021 249 595
1545 1580 595
620 679 595
1545 1580 595
620 605 595
193 536 595
768 72 595
768 924 595
454 1668 595
32 1021 595
536 193 595
1021 32 595
392 72 595
1601 1383 595
1624 337 595
1343 1113 596
1383 1601 596
1343 281 596
1542 1383 596
1383 1542 596
1343 1253 596
1601 1383 596
1343 1406 596
322 1021 596
706 800 596
1383 1601 596
1601 1383 596
1383 1601 596
1601 1383 596
777 537 596
727 475 596
393 346 596
193 536 596
1601 862 596
193 1343 596
276 1343 596
1686 393 596
687 277 596
536 193 596
1343 193 596
193 1343 596
1343 276 596
1343 193 596
481 1648 596
193 1343 596
1343 193 596
172 840 596
172 495 596
1520 919 596
172 1603 596
1520 912 596
337 367 596
1520 1513 596
337 1624 596
1520 716 596
193 1343 596
884 713 596
799 1475 597
1314 1346 597
1522 537 597
1346 1314 597
728 1573 597
1189 1489 597
1189 128 597
878 1189 597
1189 878 597
1189 543 597
1189 1665 597
1189 1554 597
1447 1500 597
249 1021 597
933 1687 597
1514 919 597
1021 322 597
1021 249 597
128 1189 597
1688 1005 598
1688 389 598
1688 1189 598
1 3 598
1688 277 598
1253 272 598
1253 1688 598
1253 50 598
1676 1580 598
1253 1408 598
1029 41 598
1029 1237 598
276 1343 600
1686 220 600
1554 1189 600
462 1646 600
462 1638 600
1646 462 600
249 1021 600
713 884 600
1373 713 600
713 1326 600
713 1158 600
779 1308 600
249 547 600
1668 454 601
342 544 601
1189 128 601
1586 1580 601
1189 1688 601
1314 1346 601
1387 12 601
1387 1313 601
1387 1313 601
1474 598 601
1387 1313 601
1474 598 601
1189 1282 601
42 1161 601
1282 1189 601
42 1689 601
1158 713 601
42 1487 601
1638 462 601
1158 1423 601
606 1362 601
606 128 601
1408 1253 601
1648 481 601
1608 799 601
1196 9 601
41 1029 601
281 708 601
799 1608 601
1608 799 601
547 1443 601
1021 249 601
32 1689 602
1013 398 602
1365 810 602
42 1690 602
1690 42 602
1681 41 602
454 1668 602
1362 606 602
41 1681 602
42 1691 602
799 1608 602
1690 1344 602
1344 1690 602
1690 1344 602
919 1514 602
919 1520 602
474 1339 602
1344 1690 602
1344 1690 602
1690 1344 602
1316 1039 602
1253 1408 602
389 1688 602
234 1231 602
919 1598 602
234 53 602
812 1644 602
1190 393 602
713 1373 602
713 1158 602
713 41 602
257 135 602
1189 1282 602
1189 523 602
1657 300 603
9 1580 603
9 1313 603
191 1060 603
1402 1185 603
393 1190 603
1402 1619 603
1402 1539 603
1402 1539 603
1402 1681 603
249 1692 603
708 281 603
1029 41 603
176 1565 603
1272 1253 603
1403 1313 603
1253 1272 603
1272 1253 603
281 708 603
1248 131 603
199 63 603
199 63 603
1237 1029 603
1413 199 603
317 307 603
429 1568 603
1680 1256 603
474 520 603
859 547 603
949 1472 603
199 1255 603
547 859 603
1312 1344 603
871 592 603
41 1029 603
1326 713 603
1326 713 603
1029 1237 603
1029 41 603
1255 199 603
1189 429 603
249 194 603
249 621 603
468 1585 603
708 281 603
810 1365 603
41 1029 603
249 1255 603
1158 1072 604
1158 713 604
1158 542 604
52 1237 604
143 201 604
544 342 604
52 1185 604
1332 520 604
53 234 604
1313 1387 604
1313 1387 604
281 708 604
1313 1403 604
1313 9 604
1623 1644 604
1623 1644 604
1383 1636 604
1383 1636 604
1344 1312 604
621 249 604
1312 1344 604
1387 1313 604
1387 1313 604
41 919 604
474 400 604
1111 393 604
593 1619 604
1648 719 604
1313 1387 604
701 858 604
1313 1387 604
9 1313 604
1346 1314 604
1313 9 604
1029 41 604
9 1313 604
41 1029 604
199 1255 604
199 1413 604
199 1582 604
440 1384 604
440 1384 604
440 1384 604
440 1384 604
440 1384 604
620 701 604
768 1280 604
768 593 604
1373 713 604
161 1673 604
713 1326 604
713 1326 604
1373 621 604
713 1373 604
1644 1623 604
1373 713 604
249 621 604
1644 949 604
1648 949 604
249 1504 604
779 128 604
1555 400 605
779 744 605
1555 257 605
249 1648 605
1623 1644 605
393 1111 605
1540 376 605
1282 1189 605
1060 199 605
429 1189 605
1060 1187 605
1060 191 605
394 429 605
429 394 605
621 1373 605
1540 47 605
621 249 605
1647 1608 605
1647 621 605
277 687 605
277 1688 605
249 621 605
1647 193 605
621 1647 605
1189 1282 605
621 249 605
1189 429 605
1647 621 605
621 1647 605
84 1647 605
1647 621 605
1647 84 605
1647 84 605
1647 498 605
1280 768 605
878 1647 605
84 1647 605
1668 454 605
1190 393 605
249 621 605
1190 62 605
249 1540 605
1190 393 605
220 1686 605
768 1280 605
193 1647 605
84 451 605
84 451 605
84 451 605
84 1211 605
84 1211 605
361 638 605
393 1190 605
1072 1158 605
84 901 605
84 523 605
249 44 605
686 1676 605
686 621 605
242 429 605
495 1332 605
495 172 605
1520 919 605
1485 1367 605
621 1647 605
878 1426 605
474 242 605
454 1668 605
1403 1313 606
518 1580 606
1513 1520 606
242 474 606
1158 1072 606
1255 249 606
1565 176 606
249 1255 606
42 1255 606
1255 42 606
42 1255 606
919 1520 606
1255 42 606
1136 234 606
42 1255 606
1136 781 606
1136 1052 606
189 1641 606
1668 454 606
189 708 606
357 1426 606
1136 41 606
679 1281 606
429 1189 606
679 1281 606
429 242 606
1493 372 606
357 1554 606
1189 429 606
1281 679 606
1554 357 606
679 1281 606
429 1289 606
357 1554 606
1554 357 606
357 1554 606
357 135 606
357 429 606
1554 357 606
357 1554 606
281 1281 606
357 1554 606
1668 912 606
912 1668 606
1554 357 606
1554 357 606
357 1554 606
357 973 606
1554 357 606
706 1383 606
357 1554 606
357 1554 606
973 357 606
1554 357 606
1554 357 606
357 973 606
357 1554 606
176 1565 606
973 357 606
41 1136 606
357 1554 606
1554 357 606
1554 357 606
357 1546 606
357 1554 606
544 797 606
357 1015 606
1554 357 606
357 475 606
357 1554 606
1554 357 606
708 281 606
708 189 606
357 1554 606
357 708 606
1290 1677 606
1383 706 606
281 708 606
338 475 606
1554 357 606
1312 1013 606
257 1555 606
398 1013 606
234 1136 606
398 337 606
234 1312 606
1312 234 606
104 713 606
1540 249 606
1676 686 606
1540 372 606
234 1312 606
1540 714 606
686 1676 606
1312 234 606
1676 686 606
234 1312 606
1269 523 606
475 357 607
415 997 607
1657 1316 607
1316 1657 607
1657 1316 607
1657 1641 607
686 1676 607
41 1554 607
1676 686 607
799 1475 607
686 1676 607
128 1189 607
1013 1312 607
1676 686 607
128 779 607
1013 398 607
1540 440 607
1554 41 607
440 1540 607
1676 686 607
1676 686 607
1540 440 607
1546 193 607
949 1644 607
949 1648 607
1346 48 607
1280 768 607
1522 1616 607
781 1136 607
1185 52 607
415 841 607
1540 1283 607
321 392 607
1438 639 607
779 128 607
272 1253 607
1248 1676 607
41 1554 608
469 463 608
48 1346 608
48 1624 608
1624 48 608
48 1624 608
48 1248 608
1624 48 608
234 309 608
234 708 608
234 708 608
234 708 608
1029 41 608
1185 528 609
1227 1039 609
462 1638 610
462 713 610
797 544 610
542 1158 610
357 1363 610
1248 48 611
1136 41 611
249 1540 611
1136 234 611
1136 781 611
1608 1647 611
1434 1669 611
1434 174 611
144 1500 611
1434 1601 611
193 1546 611
768 1280 611
398 1013 611
1502 1693 611
249 1568 611
1231 1254 611
1039 1227 611
1039 1598 611
1408 1253 611
1231 1667 611
1039 1632 611
1039 342 611
337 398 611
1573 728 611
1013 398 611
768 801 611
367 1540 611
249 1130 611
1413 1668 611
1413 1668 611
523 1269 611
1413 800 611
53 1585 611
708 281 612
1346 48 612
1312 1013 612
1546 193 612
1253 272 612
1346 1314 612
1314 1346 612
1314 1346 612
883 278 612
1346 1314 612
161 162 612
1346 1314 612
781 1136 612
1601 1666 612
162 161 612
1669 1434 612
400 1555 612
41 1136 612
400 1681 612
41 1029 612
400 474 612
249 44 612
400 1255 612
3 36 612
3 44 612
1508 1580 612
454 1668 613
281 708 613
1644 949 613
400 601 613
1644 1304 613
1190 393 613
1304 1644 613
1644 1304 613
1304 1644 613
768 408 613
32 1692 613
768 1280 613
398 337 613
1255 400 613
398 1013 613
27 620 613
1255 1694 613
176 1565 613
1668 454 613
393 1190 613
278 883 613
249 1304 613
1304 249 613
249 1304 613
1304 249 613
249 1304 613
249 1304 613
1281 281 613
1281 679 613
249 96 613
41 1423 614
1516 393 614
281 1281 614
249 502 614
1644 1304 614
537 777 614
249 598 614
1520 1513 614
249 919 614
1520 919 614
53 1667 614
361 1026 614
474 400 614
1540 367 614
1283 1540 614
1540 249 614
1540 1283 614
249 1540 614
249 1181 614
1227 1039 614
1270 710 614
1540 249 614
537 1522 614
1623 711 614
309 234 614
1270 537 614
537 1270 614
537 1228 614
1540 50 614
711 1623 614
1667 53 614
1228 537 614
249 1540 614
1228 537 614
537 1228 614
537 1228 614
1540 249 614
249 1540 614
1585 1413 614
1540 249 614
1413 1585 614
919 249 614
1540 810 614
249 1540 614
1585 1568 614
234 1136 614
1568 249 614
801 768 614
1540 249 614
1568 1255 614
249 1568 614
679 1281 614
249 1540 614
1540 249 614
1568 249 614
1568 1585 614
1368 1585 614
1568 1585 614
249 1568 614
249 1540 614
1568 249 614
249 1568 614
249 1568 614
1332 495 614
1568 249 614
1585 1368 614
249 1568 614
53 1667 614
249 1402 614
50 1540 614
234 309 614
495 1332 614
1540 50 614
1540 1695 614
361 1402 614
361 1402 614
361 1402 614
361 1402 614
546 1644 614
1540 856 614
361 1056 614
361 1056 614
1540 518 614
361 1056 614
297 337 614
361 913 614
361 460 614
1270 537 614
249 474 614
1255 1568 614
361 788 614
1281 281 614
1281 679 614
361 311 614
361 773 614
1283 1540 614
1283 593 614
1568 1255 614
822 700 615
1540 1283 615
1644 546 615
1623 711 615
509 1255 615
44 249 615
44 3 615
249 44 615
544 797 615
518 1540 615
1667 53 615
281 1281 615
810 1540 615
1601 1231 615
1619 593 615
1231 1601 615
1013 1696 615
12 1387 615
12 1121 615
249 928 615
1121 142 615
42 950 615
1121 797 615
1601 1231 615
36 3 615
1601 1231 615
1231 1601 615
249 1619 615
1231 1601 615
249 734 615
1601 1690 615
1601 1690 615
1387 12 615
1 36 615
1387 1313 615
1 36 615
1255 1568 615
1255 509 615
1601 394 615
1281 281 615
1565 176 615
1619 1629 615
367 1540 615
1237 52 615
1237 1029 615
176 1565 615
53 1667 615
679 1281 615
1619 1402 615
1667 53 615
1619 249 615
193 144 615
474 249 615
474 1644 616
654 620 616
734 249 616
734 605 616
605 734 616
1423 41 616
454 1668 616
144 193 616
1667 734 616
1668 454 616
1667 605 616
1565 176 616
734 1667 616
1681 400 616
281 1281 616
1667 605 616
1667 734 616
176 1565 616
973 1697 616
193 144 616
734 1667 616
1667 734 616
734 1667 616
1667 734 616
1565 176 616
176 1565 616
1667 544 616
44 249 616
1335 1694 616
1565 176 616
176 1565 616
1690 1601 616
605 1667 616
708 281 616
546 1644 616
1690 1601 616
1359 1255 616
1359 1694 616
841 415 616
1285 1342 616
1667 605 616
605 1667 616
1667 605 616
1285 1217 616
281 708 616
1217 1285 616
1285 1217 616
617 1667 616
617 431 616
1667 617 616
302 1698 616
1079 1078 616
176 1565 616
617 1667 616
1624 1626 616
3 44 616
3 36 616
1285 176 616
1079 1078 616
176 1285 616
1285 544 616
1667 617 616
549 325 616
1285 176 616
176 1285 616
546 544 616
1565 176 616
249 1619 616
249 734 616
176 1565 616
249 44 616
1285 617 616
214 1598 616
1136 781 616
1136 41 616
617 1285 616
1136 234 616
617 1667 616
1285 617 616
415 841 616
1285 1565 616
617 1285 616
1285 389 616
1413 549 616
249 389 616
389 1285 616
389 249 616
1667 617 616
249 389 616
389 249 616
1667 447 616
249 447 616
389 361 616
249 389 616
1285 52 616
1285 389 616
1285 1365 616
298 518 616
1365 810 616
1365 1285 616
1326 713 616
1285 27 616
1313 1387 616
1285 1365 616
1520 716 616
1520 716 616
1285 1021 616
12 1387 616
1413 389 616
544 1285 616
27 1285 616
1285 1313 616
389 1413 616
1285 544 616
1255 1359 616
544 1285 616
1285 27 616
1285 544 616
1644 474 616
1313 1285 616
1285 3 616
3 1285 616
544 1285 616
3 1285 616
1285 3 616
3 1285 616
1343 276 616
41 1423 616
41 1136 616
1285 1313 616
1285 544 616
1285 3 616
544 1285 616
234 1255 616
502 249 616
1285 544 616
1644 546 616
544 1285 616
1313 1285 616
1285 544 616
1255 234 616
1285 1313 616
544 1285 616
3 1285 616
1413 544 616
1313 1285 616
544 1413 616
1285 3 616
27 1285 616
766 252 616
1540 367 616
1285 1313 616
234 1255 616
598 303 616
1285 27 616
161 162 616
1343 193 616
118 193 616
193 1343 616
193 118 616
118 193 616
1255 234 616
1285 544 616
1313 1285 616
1343 193 616
160 598 616
193 1343 616
1522 537 616
878 766 616
1285 1313 616
1522 1580 616
605 617 616
1285 1313 616
361 389 616
1313 1285 616
234 1255 616
1601 1690 616
303 598 616
342 1039 616
1285 1313 616
1234 1254 616
1285 1313 616
281 1 616
1285 1413 616
249 502 616
36 1 616
1313 1285 616
36 3 616
3 36 616
174 1434 617
1252 1616 617
338 63 617
1343 193 617
886 768 617
1598 214 617
1598 1039 617
272 1253 617
1598 919 617
1598 1655 617
1598 1344 617
1598 1487 617
1598 1522 617
1598 1548 617
1565 1285 617
1598 768 617
620 27 617
1413 544 617
1598 27 617
1598 632 617
1598 1582 617
1598 429 617
1285 1565 617
174 1434 617
544 1413 617
389 361 617
1487 42 617
1487 1598 617
1413 544 617
447 249 617
447 1667 617
1690 1601 617
552 1413 617
447 1285 617
1280 768 617
1227 1039 617
193 1343 617
711 1623 617
1343 193 617
1487 679 617
193 1343 617
400 1255 617
1343 193 617
1413 552 617
193 1343 617
1413 552 617
1343 193 617
1667 447 617
193 1343 617
1343 193 617
400 1681 617
400 474 617
1072 1158 617
193 1343 617
1676 686 617
400 502 617
400 502 617
400 536 617
400 1343 617
193 394 617
1343 193 617
1343 400 617
768 1598 617
1033 1281 617
1033 1355 617
1285 447 617
193 1343 617
1343 193 617
810 1365 617
552 1413 617
60 1130 617
1269 523 617
400 1343 617
507 1313 617
1343 400 617
48 1346 617
1413 552 617
552 1413 617
1413 552 617
1657 144 617
1657 1565 618
552 1413 618
1281 1283 618
1158 1072 618
1305 1103 618
1189 1015 618
1281 281 618
325 549 618
687 277 619
687 1440 619
474 1644 619
474 400 619
42 995 619
42 474 619
474 42 619
42 474 619
42 1622 619
474 42 619
797 544 619
708 281 620
1440 687 620
544 797 620
193 1343 621
966 52 621
281 1281 621
509 1255 621
509 1603 621
249 447 621
249 1426 621
1675 201 621
447 1667 621
447 249 621
1548 1598 621
1 281 621
1 36 621
1 36 621
1 36 621
797 544 621
1 36 621
1 36 621
1667 447 621
1426 249 621
1426 1699 621
239 1328 621
1623 711 621
1426 1066 621
1629 1619 621
1 36 621
1356 1509 622
710 1270 622
1281 281 622
1356 135 622
950 42 622
431 617 622
281 1281 622
281 708 622
494 389 622
708 281 622
249 447 622
249 1629 622
199 544 622
1629 249 622
249 1629 622
1629 249 622
1493 1113 622
249 1629 622
1629 249 622
447 249 622
249 1629 622
249 447 622
447 249 622
1629 249 622
679 1487 622
1387 12 622
1387 1313 622
711 1623 622
503 605 622
1270 710 622
1365 1285 622
277 687 622
27 1285 622
768 1280 622
1365 810 622
12 1387 622
27 620 622
1488 518 622
1644 474 622
1431 1676 622
1113 990 622
1647 878 622
990 1113 622
1647 193 622
1647 621 622
1647 1608 622
1647 9 622
1113 990 622
1694 1335 622
1694 1359 622
1647 1516 622
1694 1255 622
1647 32 622
389 494 622
193 1647 622
249 447 622
1647 193 622
1647 1113 622
1657 1647 622
990 1113 622
1657 1346 622
1540 193 622
544 797 622
1647 1440 622
249 1647 622
593 1619 622
1647 1657 622
1540 810 622
1647 249 622
193 1647 622
1540 810 622
1647 193 622
193 1540 622
593 1283 622
1540 193 622
1313 1387 623
249 1647 623
1440 1647 623
1565 1657 623
1113 1647 623
1647 249 623
1647 1113 623
1647 193 623
1113 1647 623
1540 1373 623
249 1647 623
447 249 623
1657 1565 623
281 708 623
193 1647 623
1255 234 623
1255 400 623
1255 509 623
1285 27 623
1285 1365 623
249 447 623
249 447 623
1647 1113 623
1647 249 623
1647 193 623
447 249 623
367 1540 623
1313 1403 623
617 431 623
1434 1669 623
1434 174 623
1434 174 623
249 1647 623
249 447 623
713 1326 623
713 462 623
447 249 623
52 1285 623
52 966 623
454 1668 623
249 447 623
1328 239 623
504 1339 623
621 1647 623
447 249 623
1598 400 623
1598 52 623
249 447 623
1598 357 623
708 281 624
447 249 624
1619 1629 624
1619 249 624
249 447 624
249 1619 624
1619 249 624
1619 249 624
800 1413 624
249 1619 624
249 1619 624
447 249 624
249 447 624
710 1270 624
447 249 624
281 708 624
249 447 624
447 249 624
249 447 624
686 1676 624
447 249 624
1619 802 624
1619 802 624
249 447 624
249 1359 624
447 249 624
249 1118 624
249 447 624
27 1285 624
393 1686 624
1468 1235 624
1468 1554 624
1113 1468 624
1113 815 624
1468 1113 624
36 3 624
36 1 624
768 1444 624
1113 1468 624
1280 768 624
708 281 624
174 1434 624
32 1647 624
1403 1313 624
281 708 624
615 598 624
357 1598 624
1285 52 624
1285 52 624
281 252 624
1285 27 624
9 1647 625
463 469 625
463 482 625
463 361 625
606 128 625
482 463 625
357 1624 625
1540 1168 625
357 809 625
809 357 625
357 809 625
357 1616 625
809 357 625
1623 711 625
357 809 625
357 1248 625
1616 812 625
357 53 625
357 1244 625
1616 1173 625
357 1217 625
1616 1601 625
1686 393 625
1168 1540 625
1281 281 625
1173 1616 625
1624 357 625
105 1648 625
281 1281 625
357 1624 625
1039 1227 625
1039 1598 625
1118 249 625
128 606 625
1616 1173 625
1616 768 625
1173 1616 625
1601 1616 625
1601 1616 625
1608 1647 625
1700 1362 625
1700 768 625
768 1616 625
768 1700 625
1700 768 625
768 1700 625
1700 768 625
53 357 625
307 317 625
361 389 626
361 463 626
973 1697 626
357 1701 626
209 1701 627
1185 607 627
300 1702 627
341 1056 627
341 1056 627
341 1056 627
546 1348 627
1183 1703 629
52 1701 632
337 1598 633
1704 1598 633
1328 239 633
783 1705 634
249 1598 634
400 1598 636
249 1706 636
9 1701 638
9 1706 638
9 1682 638
1543 1467 638
1551 1636 643
1520 449 644
840 1077 646
1393 1427 646
191 765 646
19 1645 647
19 1645 647
1468 1427 649
1468 1427 649
252 766 650
485 1421 652
309 1467 655
1343 1707 656
654 297 656
193 1412 657
1601 1412 657
234 1412 657
1601 1636 657
249 1708 658
249 1701 658
1142 1709 659
32 1710 666
810 1412 666
95 773 669
144 1557 673
799 1557 673
967 1557 675
1513 460 676
1513 460 676
799 733 678
3 1711 679
3 2 679
3 1501 679
3 754 679
536 733 683
1339 1296 684
124 802 689
1712 1466 696
959 958 696
1284 733 699
95 1385 700
95 1419 700
191 1421 706
1509 1566 707
1509 1566 707
1655 1598 708
1543 297 708
32 1655 709
1343 1071 709
1343 1071 709
95 707 710
95 607 710
878 1426 710
95 862 710
48 1655 710
1255 1071 717
225 1426 717
1713 1714 718
1713 1573 718
1406 1715 719
1332 311 719
32 311 719
621 824 719
644 311 720
1716 1308 721
147 1505 721
1716 69 721
361 311 724
809 1071 725
1717 192 726
249 1718 727
1717 1507 728
983 985 728
214 286 729
214 512 729
1716 1689 731
1716 1689 731
276 1683 735
124 1622 738
124 463 739
19 1715 739
32 1053 740
1013 1701 741
1489 1588 750
1500 144 755
1346 1314 755
429 1190 755
429 191 755
809 847 755
95 561 755
95 626 755
95 1118 755
361 1255 755
95 447 755
95 1578 755
1314 1346 755
1543 1715 755
1543 1715 755
1543 1719 755
561 95 755
1543 525 756
1543 502 756
1543 969 756
1408 1720 756
1543 852 756
1190 393 756
1431 431 756
1190 1111 756
1543 1280 756
1543 809 756
1543 1312 756
1543 1565 756
727 710 756
1190 393 756
1313 1285 756
538 361 757
191 429 757
1644 214 757
1644 124 757
312 1 757
847 809 757
393 1190 757
214 1644 757
969 1543 757
620 1644 757
32 1042 757
431 1431 757
1362 799 757
431 1295 757
799 1362 757
1295 431 757
1713 525 757
1713 525 757
1713 561 757
1713 1565 757
1713 1463 757
1463 1713 757
1713 1463 757
1463 1713 757
1713 1463 757
1463 1713 757
1713 1463 757
1463 308 757
342 1362 757
809 1543 758
1118 95 758
1713 809 758
1713 282 758
809 1713 758
1713 809 758
193 393 758
1713 70 758
70 1713 758
282 1713 758
1713 282 758
1 312 758
3 105 758
3 1154 758
3 1183 758
3 1208 758
3 1288 758
3 1373 758
3 155 758
3 234 758
3 32 758
3 504 758
3 509 758
3 611 758
3 641 758
3 778 758
3 790 758
3 800 758
3 824 758
1644 620 758
1644 214 758
1713 277 758
1713 282 758
1713 85 758
1713 1652 758
124 1644 758
447 95 758
634 852 758
1346 1314 758
1713 1346 758
67 1042 758
1346 1713 758
1346 1713 758
1111 1190 758
8 346 759
1393 1225 759
783 242 759
1285 1313 759
525 1713 759
277 1713 759
277 1688 759
639 1713 759
768 1280 759
1565 1543 759
1565 124 759
1565 1713 759
1231 1713 759
1231 1667 759
474 400 760
474 1339 760
474 249 760
242 783 760
783 242 760
1721 61 760
1688 1647 760
346 8 760
214 1644 760
1688 277 760
1522 1618 760
1522 537 760
1255 124 760
214 525 760
525 1543 760
525 214 760
214 525 760
525 214 760
214 525 760
1713 525 760
1713 1346 760
525 214 760
525 1713 760
214 525 760
1713 525 760
525 1713 760
1346 1713 760
1713 1346 760
1346 1713 760
525 214 760
1346 1314 760
1713 1346 760
1713 1346 760
537 1522 760
1644 214 761
1644 124 761
1346 1713 761
561 1713 761
711 642 761
1713 1231 761
1713 561 761
1713 378 761
1713 1346 761
1713 1231 761
1238 249 761
1554 1468 761
1713 1585 761
1585 1713 761
1627 1136 761
1713 1585 761
950 353 761
1713 1554 761
1554 1713 761
1713 1554 761
1554 1713 761
1713 1554 761
1713 652 761
1644 1329 761
1720 1408 761
1346 1713 761
249 474 761
1238 95 761
727 822 761
249 1238 761
1713 1346 761
642 711 761
1346 1713 761
1346 296 761
1713 1346 761
1346 1713 761
1713 1346 761
296 1346 761
1346 1713 761
353 950 761
353 1722 761
1346 296 761
1346 1713 761
1713 1346 761
1346 1688 761
1346 1713 761
1713 1346 761
1158 1072 761
1346 642 761
431 1295 761
431 1346 761
1688 1346 761
1346 431 761
1346 1688 761
1688 1346 761
8 346 761
652 1713 761
1346 1688 761
378 1713 761
1280 1543 761
1688 1346 761
1072 1158 761
1713 1072 761
950 353 761
1072 1713 761
1713 1072 761
1072 1713 761
1713 1072 761
1072 1713 761
1713 1072 761
1280 768 761
249 843 761
249 63 761
249 1136 762
249 1244 762
249 1565 762
652 598 762
482 454 762
263 308 762
809 847 762
1215 1713 762
711 642 762
711 547 762
547 711 762
711 547 762
547 711 762
711 547 762
547 711 762
711 547 762
1675 32 763
214 1644 764
454 482 764
1136 249 765
1543 1565 765
1543 1280 765
1543 525 765
277 1688 765
105 1281 765
1190 1723 765
1339 474 765
1314 1346 766
644 719 766
1713 1072 766
1713 525 766
1713 1624 766
67 32 766
1624 1713 766
525 1713 766
1713 1624 766
1713 525 766
1713 1215 766
525 1713 766
1713 525 766
525 1713 766
1713 525 766
525 1713 766
525 1713 766
32 67 766
32 1675 766
1060 249 766
63 249 766
1713 63 766
1346 1314 766
474 249 766
1713 1346 766
1713 1231 766
1713 638 766
1231 1713 766
1713 1231 766
1231 1713 766
1713 1231 766
1231 1713 766
1713 1231 766
1231 1713 766
1713 1231 766
312 1 767
1713 1231 767
1244 249 767
1717 784 767
1713 1724 767
1068 674 767
1543 1724 767
1667 1231 767
1717 353 767
1717 908 767
1647 1688 767
1624 1713 767
1713 1624 767
768 1280 767
1346 1713 767
1713 1346 767
1346 1713 767
1713 1346 767
1346 1713 767
1713 1346 767
1346 1713 767
1713 1346 767
1713 378 767
1346 1713 767
1713 1346 767
1713 1346 767
447 395 767
1285 27 768
561 1713 768
1543 1485 768
27 1285 768
124 1565 768
124 1255 768
1713 44 768
124 1644 768
44 1713 768
1713 44 768
44 1713 768
1713 44 768
1713 277 768
1624 1713 768
1642 822 768
1255 124 768
1713 1181 768
1713 1181 768
175 224 768
1231 1713 768
1231 1667 768
525 1543 768
431 1346 768
1688 1647 768
1667 1231 768
1688 277 769
1329 1644 769
1231 1667 769
85 1713 769
61 1721 769
249 1136 769
249 474 769
249 1244 769
557 152 769
249 1402 769
1644 1329 769
1346 431 769
1231 1605 769
799 302 769
1255 1231 769
674 1068 769
429 191 769
1713 379 770
1713 1554 770
1713 1554 770
598 652 770
1136 249 770
1713 757 770
27 652 770
1285 27 770
1713 598 770
474 249 770
1725 1072 770
1713 1346 770
1713 1387 770
1387 557 770
1387 95 770
1387 1285 770
1387 1535 770
1387 1285 770
1387 1713 770
1408 1720 770
353 1717 770
353 950 770
1408 1624 770
1343 1342 770
1712 1726 770
843 249 770
1712 1726 770
249 474 770
249 389 770
1713 282 771
1713 1648 771
1713 72 771
282 1713 771
1713 282 771
282 1713 771
1713 282 771
282 1713 771
1713 282 771
249 63 771
249 282 771
1713 282 771
1346 1314 771
282 1713 771
1713 282 771
282 1713 771
1346 393 771
1713 282 771
1255 42 771
317 311 771
314 644 771
27 1285 771
644 314 771
1079 282 771
1079 27 771
1253 644 771
1079 27 771
1130 214 771
1079 27 771
1253 673 771
1713 1130 771
312 644 771
124 1255 771
1579 42 771
27 1079 771
1158 1072 771
72 1713 771
431 1346 771
1255 124 771
1535 1387 771
1535 1339 771
1723 1190 771
1535 644 771
1606 843 771
1346 431 771
1725 898 772
1543 173 772
1647 1688 772
393 1346 772
1543 1712 772
1721 61 772
1346 393 772
1543 1627 772
27 620 772
1647 544 772
1647 1005 772
1647 193 772
1543 525 772
878 1647 772
1647 878 772
302 799 772
1688 1647 772
242 783 772
242 783 772
1727 995 772
1727 346 772
1280 768 772
1280 1543 772
783 242 772
544 1647 772
1727 1453 773
1717 353 773
1713 617 773
191 429 773
214 1130 774
42 1255 774
42 1579 774
199 1717 775
431 1346 775
950 353 775
1624 1408 776
525 1543 776
652 27 776
652 1317 776
620 27 776
620 1487 776
242 783 776
620 1568 777
525 652 777
652 525 777
644 312 777
8 32 777
474 249 777
282 1079 777
1647 1688 777
1647 544 777
1339 474 777
474 1339 777
1190 394 777
1339 474 777
1415 1142 777
799 302 777
644 626 777
644 626 777
644 1535 777
644 1253 777
644 1568 777
1190 644 777
652 1629 777
644 1190 777
27 620 777
27 652 777
652 27 777
27 652 777
652 27 777
27 652 778
652 27 778
27 652 778
652 27 778
27 652 778
652 27 778
245 615 778
27 652 778
233 193 778
1339 1491 778
95 447 778
1346 431 778
1238 249 778
95 1238 778
1238 95 778
312 644 778
95 1387 778
1362 342 778
95 1238 778
95 1648 778
1491 1339 778
95 561 778
250 809 778
95 1260 778
8 1238 778
95 713 778
95 1692 778
642 1346 778
1285 1387 778
1285 1387 778
1285 27 778
1339 1491 779
652 27 779
1342 1343 779
249 474 779
249 1238 779
1346 642 779
1042 67 779
443 341 779
1042 32 779
1346 1472 779
394 1190 779
1728 644 779
557 1387 779
557 152 779
95 1255 779
799 1475 779
95 621 779
621 95 779
431 1346 779
1487 620 779
1346 431 779
95 621 779
557 8 779
644 1728 779
557 1346 779
8 557 779
561 95 779
1346 557 779
557 525 779
557 8 779
783 242 779
557 1346 779
1346 557 779
1491 1339 779
557 1346 780
1346 557 780
1346 1314 780
32 8 780
557 1346 780
1346 557 780
32 1042 780
32 8 780
27 1285 780
1406 1362 780
8 32 780
525 557 780
525 557 780
160 429 780
160 1181 780
160 697 780
160 1729 780
1713 1231 780
1231 1713 780
1713 1231 780
1713 1074 780
1657 1730 780
1074 1713 780
1074 516 780
1231 1713 780
1285 27 780
1713 1231 780
1713 1074 780
1713 1585 780
1181 160 780
1181 1713 780
1231 1713 780
856 1176 780
1713 1231 780
809 250 780
1730 1657 780
329 1510 780
1343 1342 781
1688 277 781
142 144 781
144 1500 781
144 142 781
142 144 781
142 1575 781
144 142 781
142 1575 781
142 144 781
615 245 781
1346 308 781
142 144 781
144 142 781
1346 308 781
392 1699 781
142 144 781
142 1121 781
144 142 781
142 144 781
193 233 781
474 249 781
557 525 781
1713 495 781
652 27 781
495 741 781
495 1213 781
495 1713 781
495 1713 781
27 1285 781
1713 495 781
27 652 781
652 615 781
249 474 781
652 27 781
249 1731 781
249 1255 781
27 652 781
249 495 781
969 1401 781
1713 969 781
652 27 781
474 249 781
27 652 781
132 162 781
249 474 781
312 132 781
652 27 781
1079 27 781
1079 27 781
474 249 781
969 1713 781
1713 969 781
1072 1725 781
1713 1072 781
27 1079 781
27 652 781
1079 27 781
652 27 781
27 652 781
27 1079 781
652 27 781
878 1644 781
27 652 781
652 27 781
652 27 781
1079 27 781
27 652 781
1253 644 781
1408 1624 781
27 1079 781
1406 495 781
1079 27 781
652 27 782
249 474 782
1406 1190 782
474 249 782
27 1079 782
525 557 782
249 474 782
1401 969 782
27 652 782
843 1606 782
518 525 782
249 843 782
652 27 782
843 249 782
525 518 782
969 1401 782
557 525 782
557 1346 782
27 652 782
557 1565 782
145 1713 782
1475 799 782
1255 249 782
447 95 782
525 557 782
1713 1493 782
1317 652 782
557 525 782
525 557 782
799 1475 782
557 525 782
1332 537 782
242 823 782
1189 1068 782
1068 1189 782
1510 329 783
132 312 783
1727 1069 783
1727 644 783
1727 638 783
847 809 783
431 1346 783
1 312 785
1624 1408 785
456 1624 786
456 204 786
456 495 786
1624 456 786
1489 249 786
1489 249 786
1339 1489 786
1489 1339 786
1314 1346 786
997 415 786
997 142 786
1346 1314 787
1644 878 787
615 652 787
1130 1713 787
537 1332 787
329 1510 787
1285 27 788
176 969 788
27 1285 788
768 1280 788
63 1713 788
63 249 788
1543 1546 788
324 329 788
105 1727 788
162 132 788
1342 1343 788
249 1489 788
249 1489 788
878 1255 788
626 95 788
626 644 788
970 1255 788
429 191 788
429 160 788
710 1562 788
710 727 788
1255 878 789
1255 970 789
1713 1130 789
1667 1181 789
1713 708 789
1079 27 789
644 626 789
1113 1343 789
1127 713 789
1343 1113 789
1113 1343 789
1343 1113 789
176 898 789
176 523 789
1158 1072 789
1225 1393 789
1343 1342 789
27 1079 789
970 1255 789
1113 1343 789
1181 1667 789
193 1647 789
1562 710 790
1317 652 790
1713 44 790
1255 970 790
525 557 790
1713 525 790
525 44 790
970 1255 790
191 429 790
1727 105 790
483 189 790
9 282 790
9 1622 790
9 1343 790
9 1731 790
9 788 790
9 1313 790
1362 1406 790
711 642 790
1079 27 790
1343 9 790
741 495 791
1667 1181 791
429 191 791
1231 1667 791
1731 9 791
642 711 791
19 1130 791
1732 1556 791
245 1283 791
969 176 791
95 561 791
1280 768 791
249 1280 791
1280 249 791
249 1280 791
1280 249 791
1343 1113 791
249 1280 791
176 969 791
176 1585 791
249 1585 791
1647 193 791
1585 176 791
249 1343 791
1647 172 791
1585 249 791
176 1585 791
249 1585 791
1585 176 791
249 1021 791
176 1585 791
1585 176 791
1585 1582 791
176 1585 791
27 1079 791
1113 1343 792
249 1395 792
1113 1395 792
1395 249 792
1395 1113 792
1113 1395 792
249 1395 792
1395 1113 792
1395 249 792
249 1395 792
1395 249 792
249 1395 792
1282 1647 792
1113 1395 792
249 1353 792
1282 1647 792
249 1644 792
1644 249 792
525 1713 792
249 1644 792
1282 848 792
1036 792 792
1644 249 792
249 1644 792
1190 393 792
1644 249 792
249 1644 792
1644 249 792
249 1644 792
249 783 792
1255 970 792
95 447 792
1079 27 792
1644 249 792
249 1644 792
95 626 792
1644 249 792
1181 1667 792
1556 1732 792
1568 644 792
1493 1656 792
144 1500 792
1493 1713 792
1493 1113 792
249 1644 792
1644 249 792
249 1644 792
652 1317 792
1644 249 792
298 323 792
1018 1644 792
27 1079 792
1644 1018 792
257 42 792
1408 1624 793
249 1644 793
249 1644 793
1079 27 793
27 1079 793
1436 582 793
193 1647 793
990 1113 793
191 429 793
1072 1158 793
1072 878 793
1079 27 793
783 249 793
970 1255 796
970 1641 796
1118 1542 796
1624 1408 796
1624 725 796
1339 1255 796
1489 249 796
1489 249 796
1313 9 796
1313 507 796
1313 1403 796
1314 1346 797
27 1079 797
908 1717 797
199 1624 797
1346 1314 797
1272 1238 797
1624 199 797
1667 1181 797
710 1283 798
1113 710 798
1520 1181 798
1520 63 798
969 176 798
1190 394 798
1113 969 798
969 1113 798
1113 969 798
429 191 798
710 1113 798
1113 710 798
725 1624 798
1644 249 798
1624 725 798
1406 1362 798
1513 970 798
176 969 799
970 1513 799
1727 361 799
1727 1183 799
42 257 799
42 1255 799
42 1255 799
557 525 799
1255 42 799
495 1713 799
495 249 799
495 1406 799
495 456 799
1713 495 799
495 741 799
495 1713 799
1656 1493 799
1343 249 799
1343 1113 799
710 1113 799
63 1520 799
710 699 799
1113 1343 799
1113 710 799
1079 27 800
561 95 800
249 61 800
1387 557 800
1387 1285 800
1387 1285 800
1387 95 800
1343 1113 800
525 557 800
525 547 800
1113 1343 800
547 525 800
1111 1190 800
1713 525 800
1181 1667 800
249 1343 800
249 1489 800
1713 1181 800
525 547 800
525 1713 800
1713 525 800
547 525 800
525 1713 800
1713 525 800
525 547 800
525 1713 800
1190 1111 800
1295 431 800
394 1190 800
1667 1181 800
27 1079 801
1079 27 801
9 1731 801
9 1343 801
1290 1677 801
431 1295 801
1130 1713 801
1713 1130 801
711 642 801
249 1644 801
1713 1312 801
249 1136 801
249 819 801
249 843 801
1731 9 801
249 852 801
249 592 801
852 249 801
249 852 801
318 67 801
249 475 801
475 249 801
249 475 801
475 249 801
249 475 801
475 249 801
249 475 801
249 809 801
809 847 801
809 249 801
249 809 801
475 249 801
249 475 802
475 249 802
1713 1299 802
1713 1733 802
249 475 802
259 1732 802
582 1436 802
582 1343 802
249 152 802
1434 1679 802
1434 970 802
1713 1434 802
1713 536 802
1434 1713 802
1713 1434 802
249 394 802
969 176 802
1434 488 802
1434 1713 802
1713 969 802
1713 409 802
1317 652 802
27 1079 802
620 393 802
54 1128 802
1713 282 802
1548 95 802
557 708 802
1548 1713 802
1548 482 802
1500 144 802
1713 1548 802
1548 1713 802
1713 1548 802
1713 495 802
1395 1113 802
495 1713 802
1500 708 802
557 1387 802
1548 1713 802
1493 1656 802
1338 67 802
1713 1548 802
1713 1493 802
557 525 802
1713 697 802
1713 1554 802
1548 1713 802
1548 1713 802
1667 799 802
1339 1554 803
1667 799 803
447 95 803
1548 878 803
1667 1548 803
1667 1548 803
1667 447 803
1554 1339 803
1231 1667 803
1079 27 803
1713 1548 803
1554 1713 803
1548 1713 803
1546 1554 803
1713 1548 803
1554 1546 803
984 1231 803
878 1548 803
1113 1395 803
1656 1493 803
400 1280 804
1181 1713 804
1181 1667 804
372 353 804
32 1731 805
1329 1271 806
42 1255 807
42 1509 807
525 557 807
1231 984 807
1434 1562 807
1434 193 807
1434 81 807
1434 85 807
626 644 807
626 95 807
61 249 807
697 214 807
1342 1343 807
620 1181 807
482 1548 807
1436 582 808
652 1317 808
1667 1181 808
1548 1713 808
1548 878 808
329 324 808
1314 1346 808
1295 431 808
1562 1434 808
1713 1585 808
1713 1384 808
1384 440 808
1384 440 808
1540 1713 808
1713 1540 808
1713 1540 808
1190 394 809
1713 893 809
1713 1244 809
1713 538 809
1713 1026 809
699 710 809
85 1434 809
582 1436 809
1546 1554 809
1346 1314 809
547 525 809
1647 193 809
1647 1282 809
1647 1282 809
1734 346 810
1183 1727 810
799 1667 810
525 547 810
1713 1730 810
1713 1234 810
1713 1346 810
1280 400 810
1713 1280 810
1280 1713 810
1713 1280 810
1280 1713 810
1713 1548 810
547 525 810
547 1280 810
191 429 810
1280 547 810
1136 249 810
547 1280 810
249 1136 810
847 809 810
431 1295 810
1021 1449 810
725 1624 811
1280 547 811
1434 1562 811
1434 85 811
1667 799 811
547 1280 811
1472 1656 811
1472 1346 811
249 1565 811
249 523 811
249 61 811
249 525 811
525 547 811
525 249 811
1548 1713 811
249 525 811
1713 1548 811
525 249 811
1629 652 811
249 525 811
1713 1629 811
547 525 811
525 249 811
1713 525 811
525 547 811
525 1713 811
1713 525 811
525 249 811
525 1713 811
525 1713 811
1713 525 811
525 1713 811
1713 525 811
708 557 811
525 1713 811
547 525 811
249 525 811
708 1500 811
249 1280 811
1713 525 811
1713 249 811
249 1713 811
1713 708 811
1713 1530 811
1713 1103 812
1713 817 812
1393 1225 812
1713 1436 812
1436 582 812
1436 1713 812
1713 1436 812
1436 1713 812
1713 1436 812
710 1113 812
710 1373 812
1436 1713 812
167 303 812
1713 1117 812
1113 710 812
1436 1735 812
1436 1734 812
346 1734 812
1713 799 812
312 1728 812
799 1713 812
214 697 812
1113 1436 812
1713 561 812
1667 1231 812
1142 1415 812
561 1713 812
1667 30 812
1667 710 812
1713 561 812
1713 710 812
710 1713 812
1713 537 812
1667 983 812
1713 561 812
561 1713 812
1667 983 812
1713 561 812
1562 1434 812
1436 1113 812
1520 63 812
969 234 812
537 1713 812
1113 1436 812
561 1713 812
783 362 812
1436 1113 812
1113 1436 812
362 783 812
1436 1113 812
783 362 812
1667 167 812
1667 1436 812
1238 1272 812
1238 8 812
277 1688 812
1415 1142 812
1280 249 813
1280 547 813
63 1520 813
63 193 813
1346 1472 813
1343 9 813
1343 1113 813
1343 249 813
1343 582 813
1231 1667 813
1343 1342 813
1667 1231 813
1231 1667 813
1113 1343 813
1113 1436 813
447 1667 813
249 447 813
1667 447 813
1679 1434 813
1493 1656 813
1713 1493 813
1493 1713 813
1713 1493 813
482 454 813
1493 1713 813
1713 1493 813
1493 1713 813
393 1190 813
557 525 813
1346 1433 814
652 1629 814
1158 1072 814
557 708 814
1713 1546 814
809 847 814
303 167 814
242 783 815
242 787 815
1520 63 816
85 1434 817
525 557 817
1431 431 817
81 1434 818
1346 1314 818
843 249 818
249 983 818
1713 1387 818
1387 1713 818
1713 1387 818
249 843 818
1387 1713 818
1713 1387 818
431 1431 818
249 175 818
1548 1713 818
843 249 818
95 561 818
843 1237 818
249 843 818
249 44 818
1472 1346 819
1647 1297 819
1500 708 819
1713 1548 819
1730 1713 819
249 1730 819
249 809 819
809 249 819
249 809 819
1548 1713 819
193 63 819
847 809 819
44 249 819
394 1190 819
249 44 819
429 191 819
582 1343 819
582 1436 819
249 582 819
447 1667 820
768 1280 820
1713 1548 820
249 969 820
1713 249 820
1713 809 820
1713 1730 820
697 214 820
1713 697 820
697 1713 820
1713 697 820
1713 1118 820
249 1713 820
1713 36 820
697 1713 820
224 175 820
249 32 820
32 249 820
32 1488 820
32 697 820
847 969 820
32 312 820
249 32 820
32 249 820
32 1231 820
249 32 820
462 713 820
462 1713 820
32 249 820
249 32 820
32 249 820
249 32 820
1237 843 820
1509 42 820
1730 249 820
1730 1713 820
1713 1730 820
32 393 820
1346 1472 821
1647 482 821
1736 318 821
1736 109 821
249 1730 821
249 1629 821
1713 1629 821
249 1312 821
249 1111 821
1111 249 821
482 1647 821
249 1111 821
1111 249 821
249 1111 821
249 569 821
1667 447 821
249 598 821
1713 598 821
741 495 821
1713 1130 821
1713 975 821
975 1713 821
1713 975 821
1713 1346 821
975 1713 821
249 1546 821
249 1255 822
249 1624 822
249 1665 822
249 393 822
393 249 822
525 32 822
525 155 822
1190 394 822
843 249 822
843 1237 822
1730 249 822
1346 1713 822
1346 719 822
969 249 822
1725 969 822
969 847 822
969 1725 822
969 739 822
561 95 822
249 969 823
155 525 823
249 1542 823
249 1485 823
468 537 823
32 525 823
1725 969 823
249 1673 823
1713 969 823
249 378 823
1713 378 823
375 167 823
1231 32 823
557 843 823
1130 1713 823
1624 725 823
1624 249 823
447 1667 823
1713 1029 823
1118 1713 823
1713 1118 823
1118 1713 823
1733 1713 824
847 969 824
1713 1644 824
1280 768 824
809 249 825
809 847 825
809 1713 825
167 1409 826
1431 431 827
969 1725 828
249 212 828
212 249 828
212 303 828
525 32 828
249 212 828
525 155 828
430 536 828
430 194 828
430 277 828
430 638 828
430 69 828
430 297 828
430 72 828
430 323 828
430 475 828
430 27 828
430 44 828
430 144 828
430 8 828
430 175 828
430 97 828
430 260 828
430 220 828
249 1395 828
249 997 828
1713 536 828
1713 809 828
1713 1737 828
1314 1346 828
1346 1314 828
615 245 828
1644 1713 828
1713 1644 828
1181 620 828
1158 1072 828
431 1431 829
431 396 829
1540 48 829
1540 781 829
9 1343 829
9 1731 829
1540 518 829
1488 32 829
809 1713 829
242 1178 829
245 615 829
1713 809 829
1713 474 830
1540 1738 830
32 1488 830
32 474 830
1548 1713 830
1713 1548 830
72 430 830
1647 482 830
1647 714 830
1644 1713 830
1713 1644 830
1713 1647 830
1647 1713 830
1738 1540 830
1713 1647 830
1343 1113 830
1343 582 830
1343 9 830
1644 1713 830
1713 1644 830
1644 1713 830
1181 620 831
175 224 831
620 1181 831
191 429 831
191 952 831
209 1699 831
394 1190 831
1713 61 831
620 1644 831
1434 81 831
1434 85 831
1434 1679 831
620 27 831
1434 1312 831
1434 1562 831
1434 1312 831
1540 1738 831
1181 620 831
1509 1624 832
620 1181 832
342 523 832
708 1713 832
708 557 832
708 1500 832
1713 1739 832
1667 1231 833
233 193 833
443 32 833
443 1409 833
443 42 833
1142 1415 833
199 1739 833
97 726 833
1562 1434 833
1739 1713 833
1739 199 833
63 193 833
63 1520 833
415 997 833
204 456 833
32 443 833
9 1343 833
809 1713 833
1406 495 833
959 699 834
1713 809 834
1042 32 834
1472 1346 834
843 557 834
620 1487 834
858 701 834
1520 63 834
283 69 834
878 783 834
48 1540 834
1485 249 834
249 1485 834
1346 1472 834
540 1142 836
1 312 836
719 1346 836
1575 142 837
249 502 838
249 1344 838
1509 1680 838
249 809 838
809 1713 838
809 249 838
249 809 838
809 249 838
249 809 838
809 249 838
249 809 838
249 1244 838
1244 249 838
249 561 838
561 249 838
163 986 838
249 561 838
249 394 838
9 1338 838
249 1231 838
708 281 838
474 249 838
482 1647 838
249 474 838
249 708 838
474 249 838
249 474 838
415 997 838
95 1387 839
214 697 839
1540 1379 839
1344 249 839
249 474 839
249 1302 839
67 1338 839
249 1739 839
409 1713 839
1713 409 839
220 430 839
474 249 839
474 1158 839
1181 620 839
160 429 839
160 1181 839
1021 1069 839
1732 259 839
1346 719 839
249 61 839
1540 48 839
1540 47 839
342 523 839
1472 1346 839
249 97 840
27 430 840
394 249 840
249 394 840
1713 809 840
308 1346 840
27 620 840
1158 474 840
312 194 841
1713 525 841
525 1713 841
1343 9 841
1713 525 841
525 1713 841
1713 525 841
525 1713 841
525 1713 841
1713 525 841
1713 525 841
1190 394 841
1190 393 841
1190 1111 841
697 214 841
67 697 841
48 1540 841
1240 809 841
474 1158 841
389 249 841
1739 249 841
249 1739 841
1548 1713 841
1740 504 841
249 1136 841
1647 1713 841
1647 482 841
1181 249 842
1387 95 842
1387 1713 842
1713 1548 842
1713 1647 842
1346 1472 842
1713 1346 842
1408 1624 842
1026 1713 842
1026 1716 842
1346 1713 842
1713 1346 842
1713 1026 842
214 697 842
1295 431 842
1713 599 842
768 1280 842
249 678 842
1713 1733 842
482 1647 843
52 1698 843
249 865 843
249 52 843
474 32 843
474 1713 843
249 44 843
249 1142 843
1142 249 843
249 1142 843
1231 1738 843
1231 984 843
1231 249 843
1255 1342 843
1142 540 843
1142 249 843
1285 1190 843
249 1142 843
249 1280 843
1285 1644 843
1285 1387 843
1280 768 843
1280 249 843
1644 1285 843
1285 27 843
1644 620 843
557 708 843
1142 249 843
1285 1644 843
249 1142 843
1644 1285 843
557 843 843
1738 1231 843
1727 143 843
843 557 843
557 1280 843
843 1237 843
1644 1285 843
557 843 843
1285 1644 843
1285 1644 843
494 389 843
1285 437 843
708 557 843
1285 708 843
1282 1647 843
708 1285 843
1285 708 843
557 1644 843
557 708 843
494 389 843
32 474 844
9 1343 844
984 1231 844
1472 1346 844
843 557 844
249 42 844
377 95 844
1026 1713 844
193 233 844
193 1434 844
193 393 844
557 843 844
249 518 844
1713 1652 844
1158 474 844
598 652 844
843 557 844
1673 249 844
1346 1472 844
1713 1280 844
95 1387 844
1713 1585 844
1280 1713 845
1585 1713 845
1713 1585 845
1585 1568 845
1585 1713 845
1713 1585 845
1713 462 845
1585 1713 845
1713 1585 845
1713 1665 845
95 447 845
726 97 845
189 483 845
1717 1739 845
540 1142 845
95 626 845
163 1026 845
95 561 845
95 1161 845
95 960 845
95 1673 845
719 1346 845
95 719 846
27 1285 847
1395 249 848
495 741 848
495 1406 848
620 1181 848
620 27 848
1346 719 848
708 557 848
36 1713 848
1713 36 848
27 620 849
1342 1343 849
1713 708 849
1059 713 849
1142 540 849
281 708 849
1231 984 849
617 1713 849
1713 617 849
1713 617 849
617 1713 849
1713 617 849
984 1231 849
1728 312 850
1713 561 850
1728 312 850
561 95 850
561 249 850
561 1713 850
63 1520 850
1540 48 850
1540 1520 850
1285 27 850
1285 1313 850
1509 1285 850
1285 1509 850
1688 277 850
1688 1647 850
1136 249 850
48 1540 850
95 561 850
249 1395 851
249 1136 851
1158 1072 851
1713 143 851
143 1727 851
143 1713 851
809 1240 851
1231 984 851
1540 48 851
1713 143 851
1181 620 851
518 249 851
124 1255 851
652 598 851
652 598 851
1313 1285 851
557 708 851
1346 346 851
1415 1142 851
143 1713 851
1488 32 851
1727 143 851
249 1488 852
249 725 852
474 32 852
474 1158 852
1624 1509 852
1488 249 852
249 1488 852
1624 1408 852
249 1488 852
1029 1713 852
1513 1737 852
1513 1737 852
1237 843 852
1737 219 852
1737 219 852
1513 1737 852
1737 277 852
1737 1127 852
1737 1255 852
144 430 852
1127 1251 852
1737 1255 852
32 1488 852
1737 1408 852
1737 1513 852
1343 9 852
1737 1157 852
1737 415 852
1737 415 852
1343 1342 852
1343 1342 852
249 1343 852
1737 220 852
1667 799 852
1667 144 852
799 1667 852
1343 249 852
561 95 852
713 884 852
713 727 852
1255 124 852
713 1059 852
1255 1737 852
249 1343 853
249 394 853
1408 1737 853
1408 1624 853
1395 341 853
1136 249 853
249 1136 853
415 1737 853
1142 1415 853
1713 143 853
1406 495 853
1472 1346 853
1346 1472 853
447 95 854
714 1647 854
878 537 854
249 868 854
1009 1585 854
1713 1029 854
537 468 854
537 878 854
1009 27 854
1713 1026 854
495 1406 854
595 191 854
1346 518 854
878 537 854
1009 1346 854
708 281 854
1009 537 854
249 708 854
1346 1009 854
249 1731 854
191 595 854
1332 1545 854
81 1434 854
557 843 854
1562 809 854
809 1562 855
1562 809 855
788 9 855
788 67 855
1713 788 855
1713 938 855
843 557 855
1240 809 855
1632 1039 855
809 1562 857
809 1240 857
27 1009 857
809 847 857
792 1036 857
27 1285 858
281 708 858
518 1346 858
211 525 859
525 211 859
211 525 859
525 211 859
525 211 859
812 378 859
812 378 859
620 1181 859
1190 1285 859
48 1540 859
518 1339 860
1415 1142 860
1346 518 860
518 1346 860
518 249 860
429 191 860
429 160 860
67 788 860
1342 1255 860
582 861 860
1255 1342 860
1342 1255 860
1255 1342 860
1059 713 860
1731 9 860
1572 1712 861
1488 249 861
1488 32 861
1488 518 861
1285 1190 861
1285 27 861
1713 27 861
27 1713 861
1713 27 861
27 1713 861
1713 27 861
27 1713 861
1069 1727 861
1069 1717 861
1713 1342 861
1255 1231 861
1406 495 861
8 430 861
1343 249 861
1346 518 861
1545 1332 861
1509 1285 861
1509 1624 861
249 1343 861
518 1488 861
518 1346 861
1624 1509 861
191 429 861
1713 1282 862
1282 1713 862
1282 1713 862
1713 1282 862
1282 1713 862
847 809 862
1343 249 862
1713 1282 862
32 1488 862
1282 1713 862
1713 1282 862
1737 415 862
1282 1713 862
1737 1513 862
1737 710 862
172 639 862
1713 1282 862
1282 1713 862
1713 1282 862
52 249 862
1240 809 862
1231 1255 862
725 249 862
557 843 862
809 1240 862
809 847 862
1346 518 863
67 1665 863
398 1013 863
536 1713 863
536 430 863
708 281 863
708 249 863
201 143 863
719 1346 863
1346 719 863
984 1231 863
532 536 863
1667 1579 863
1667 1346 863
1737 1494 863
1737 1639 863
1727 1069 863
415 1737 863
346 1346 863
249 725 863
1346 1667 863
1346 346 864
1013 398 864
1280 1287 864
1287 1280 864
1036 792 864
281 708 864
249 1136 864
398 447 864
429 191 864
1231 984 864
1500 1346 864
1713 437 864
518 1346 864
249 843 864
843 557 864
1255 1231 864
843 249 864
249 843 864
843 249 864
12 1312 864
249 843 864
447 398 864
557 843 864
843 557 865
557 843 865
843 557 865
557 843 865
621 95 865
984 1231 865
984 1231 865
1562 1434 865
1181 620 865
843 557 865
1339 1491 865
620 1181 865
1339 1546 865
1346 1500 867
1346 518 867
518 1346 868
1136 249 868
394 1190 869
394 1190 869
1190 394 869
727 713 869
1190 394 869
1190 394 869
495 1406 869
394 1190 869
1312 12 869
394 1190 869
1178 242 869
27 1285 869
626 95 869
1741 783 869
1342 1713 869
1741 798 869
1741 815 869
211 44 869
1741 1049 869
1546 1339 870
1713 1313 870
1488 518 870
1488 32 870
1190 394 870
1339 1546 870
1540 48 870
1313 1713 870
768 1280 870
346 1346 870
1346 346 870
346 1346 870
398 447 870
1346 346 870
143 201 870
12 1312 870
822 727 870
12 67 870
155 525 870
346 1346 871
1346 346 871
346 1346 871
346 1346 871
1346 518 871
1346 346 871
1240 809 871
518 1488 871
1280 768 871
1231 984 871
1231 984 871
1312 12 871
32 1488 871
1713 36 871
201 143 871
85 1434 872
249 85 872
699 959 872
224 175 872
36 1713 872
809 1240 872
1713 1493 872
1493 1713 872
176 1493 872
1713 1493 872
557 843 872
1713 536 872
1713 1342 872
1493 176 872
1493 1713 872
1713 1313 872
176 1493 872
1493 176 872
176 1493 872
1713 36 872
1493 176 872
176 1493 872
1493 176 872
176 1493 872
1713 1742 872
1493 176 872
176 1493 872
924 768 872
924 768 872
1493 176 872
176 1493 872
1493 176 872
176 1493 872
1493 176 872
176 1493 872
1493 176 872
176 1493 872
547 1616 873
1346 367 873
1181 620 873
547 143 873
1713 1742 873
1713 1313 873
172 1647 873
1713 1743 873
1540 1744 874
1406 495 874
711 547 874
1644 557 874
249 1238 874
674 1742 874
1744 1540 874
851 312 874
249 1644 874
595 191 874
595 1526 874
12 1312 874
1540 1744 874
1540 1744 874
843 557 875
176 1745 875
1744 1540 875
1540 1744 875
1713 1493 875
1493 1474 875
1493 1713 875
1493 1113 875
1713 1493 875
1493 1713 875
1713 1493 875
1493 1713 875
557 843 875
557 843 875
1113 1493 875
843 557 875
1009 27 875
1746 1021 875
341 1395 875
708 281 875
674 1346 876
191 429 876
191 595 876
1240 809 876
727 822 876
1029 1713 877
783 1741 877
1644 249 878
557 843 878
249 1644 879
27 1009 879
1190 394 879
1313 1713 879
281 708 879
44 211 880
1730 1746 880
199 1346 880
1730 1034 880
1730 1042 880
1387 95 880
211 44 880
211 93 880
794 1118 880
794 277 880
1746 1029 880
1644 249 881
1314 1346 881
1713 1029 881
1713 1313 881
447 398 881
367 1346 881
1346 367 881
1434 193 881
1434 85 881
1434 81 881
1434 1562 881
1346 1314 882
1343 212 882
1713 605 882
605 1713 882
1713 605 882
312 851 882
1713 1346 882
1346 1713 882
1713 1346 882
1346 1713 882
1713 1346 882
1346 1713 882
592 249 882
592 871 882
176 1747 882
176 475 882
475 176 882
176 475 882
475 176 882
1713 1346 882
249 1644 882
249 1489 882
1346 1713 882
1713 1346 882
878 438 883
1748 384 883
878 1489 883
67 1748 883
398 447 883
1472 1346 883
1118 794 883
1312 12 883
1346 1713 883
1312 12 883
1713 1346 883
1313 1713 884
429 191 884
429 1680 884
1749 1734 884
1749 1727 884
1727 1749 884
1749 346 884
1727 353 884
1667 537 884
1749 995 884
1727 471 884
1667 8 884
1644 249 884
537 1009 884
249 1644 884
1669 1665 884
1395 341 884
537 1667 885
12 1312 885
12 1312 885
739 969 885
1647 1713 885
1647 482 885
1647 1282 885
1647 1688 885
249 447 885
447 398 885
1647 714 885
1713 1647 885
1667 843 885
447 249 885
249 1742 885
843 1667 885
19 1742 885
193 1742 885
1339 1624 885
346 1749 885
1749 346 885
1749 346 885
1713 175 886
843 193 886
557 1644 886
984 1231 886
1669 454 886
1513 1520 886
1669 437 886
1520 1540 886
1520 63 886
1520 1513 886
1742 211 886
1520 1513 886
1669 1521 886
1520 912 886
1513 1520 886
1520 1513 886
1513 1520 886
1520 1513 886
1513 1520 886
1513 1520 886
1513 1520 886
1520 1513 886
1520 1513 886
1669 204 886
1513 1520 886
1669 979 886
1520 1513 886
1513 1520 886
1488 518 886
1029 1746 886
1520 1513 886
1669 784 886
1513 1520 886
1520 1513 886
1513 1520 886
1513 1520 886
1669 1056 886
1520 1513 886
1669 561 886
1727 97 886
1669 460 886
1669 391 886
1669 1423 886
191 429 887
851 312 888
342 971 889
1026 1713 889
1312 12 889
1312 12 889
1312 12 889
1440 288 889
1624 1339 890
561 1669 890
1669 561 890
367 1346 890
95 561 890
95 447 890
95 621 890
95 626 890
95 1387 890
768 924 890
1190 1285 890
768 1280 890
346 1644 890
193 843 890
1540 1520 890
1540 1669 890
822 727 891
822 1642 891
822 1339 891
595 191 891
211 1742 891
211 93 891
1713 135 891
1332 1069 891
1713 1346 891
1346 367 891
1644 249 891
1644 557 891
1644 346 891
398 447 891
1741 783 892
233 193 892
233 1738 892
233 1013 892
1713 233 892
32 72 892
233 1713 892
233 810 892
1713 233 892
1738 233 892
233 1738 892
1332 1545 892
233 1713 892
1713 233 892
93 211 892
93 36 892
1346 1472 892
233 1713 892
1738 233 892
233 1738 892
1738 233 892
233 1738 892
1738 233 892
561 1669 892
233 1738 892
1671 438 892
1738 233 892
211 93 892
233 1738 892
1713 233 892
561 95 892
233 1713 892
1713 561 892
1713 233 892
1738 233 892
431 561 892
431 85 892
431 1644 892
1644 431 892
233 1738 892
233 1713 892
361 1436 892
1713 233 892
561 1713 892
561 431 892
1713 561 892
1136 233 892
1742 211 893
233 1136 893
36 93 893
1669 1540 893
1669 561 893
341 1395 893
783 1741 893
1387 95 893
1472 1346 893
1346 1472 894
1423 1669 894
431 1644 894
431 561 894
1748 67 894
1406 1748 894
1013 233 894
1748 1406 894
1748 1406 894
1667 620 894
843 193 894
1406 1748 894
1748 1406 894
1406 1748 894
1406 1744 894
1285 27 894
1285 8 894
1285 1565 895
1545 1332 895
1713 1585 895
447 95 895
447 398 895
447 398 895
1741 783 895
1724 1713 895
1724 1543 895
398 447 895
1744 1406 895
1713 1724 895
1647 1713 895
1647 1669 896
1669 1647 896
1669 1423 896
1543 1712 896
1543 1739 896
1472 1346 896
1713 1647 896
1346 1472 898
8 1285 898
518 1488 900
1136 233 900
12 1312 900
12 1312 900
1198 1746 900
367 1346 900
211 1742 900
1644 431 900
1346 367 901
1724 1713 901
1312 12 901
12 1312 901
1312 12 901
12 1312 901
12 1312 901
1312 12 901
1312 12 901
1338 9 901
1338 67 901
1338 341 901
1742 211 901
1713 1724 901
1713 1313 901
1338 1042 901
346 1644 901
1231 984 901
288 1440 901
1713 1742 901
1644 346 901
233 1676 902
233 1676 902
233 1676 902
233 1136 902
42 249 902
1285 8 902
1712 1572 902
1713 1563 902
1132 1285 902
234 969 903
1285 1132 903
1132 1285 903
1285 1132 903
1487 620 903
1132 1285 903
1487 1520 903
1285 1132 903
1724 1713 903
1132 1285 903
708 281 903
1285 1132 903
32 1132 903
32 1072 903
1136 233 903
969 234 903
1282 1647 903
969 847 903
969 739 903
346 1644 903
749 474 904
557 1644 904
474 749 904
431 1644 904
1339 474 904
431 1624 904
601 400 904
1489 249 904
9 1343 904
1489 878 904
9 788 904
9 1338 904
674 1338 904
674 168 904
378 812 904
1624 431 904
878 1489 904
1423 1669 904
561 1713 905
1750 1338 905
561 431 905
447 398 905
1132 9 905
1734 1436 905
454 1669 905
212 1343 905
644 1749 905
1741 277 905
1280 768 905
211 36 905
1741 297 906
341 1338 906
1741 1282 906
1741 475 906
1741 475 906
1741 475 906
1741 475 906
36 211 906
431 1624 906
8 1285 906
1741 1497 906
1741 899 906
431 561 906
1487 974 906
1436 1734 906
1669 454 906
1669 1423 906
189 44 906
1741 537 906
1669 974 906
1579 1667 906
1741 783 906
1741 783 906
431 1579 906
822 727 906
727 822 906
822 727 906
644 8 907
504 1740 907
1713 3 908
3 1190 908
3 172 908
3 176 908
3 199 908
3 242 908
3 252 908
3 26 908
3 288 908
3 374 908
3 475 908
3 640 908
3 652 908
3 1103 908
3 1110 908
3 1154 908
3 1167 908
3 1185 908
3 1185 908
3 1371 908
3 1662 908
3 2 908
3 302 908
3 308 908
3 32 908
3 32 908
3 498 908
3 62 908
3 68 908
3 72 908
3 790 908
3 840 908
3 846 908
3 881 908
3 1117 908
3 1231 908
3 1237 908
3 1281 908
3 1315 908
3 1340 908
3 1340 908
3 1344 908
3 1440 908
3 1620 908
3 1751 908
3 224 908
3 249 908
3 26 908
3 408 908
3 569 908
3 645 908
3 697 908
3 700 908
3 700 908
3 740 908
3 782 908
3 800 908
3 810 908
3 865 908
3 1127 908
3 1189 908
3 1237 908
3 1270 908
3 1335 908
3 1349 908
3 1352 908
3 1415 908
3 2 908
3 2 908
3 243 908
3 249 908
3 26 908
3 394 908
3 477 908
3 482 908
3 545 908
3 569 908
3 681 908
3 687 908
3 711 908
3 731 908
3 752 908
3 794 908
3 823 908
3 823 908
3 1317 908
3 1412 908
3 173 908
3 42 908
3 933 908
3 1713 908
1713 3 908
3 1713 908
1713 3 908
3 1713 908
1314 1346 909
1713 1344 909
1644 431 909
1644 346 909
847 969 909
1624 431 910
27 1285 910
1190 394 910
32 3 910
67 1338 910
969 847 911
1359 1343 911
1540 1669 911
8 644 911
495 1406 911
431 1644 911
431 1624 911
1579 431 911
1667 1579 912
1624 431 912
127 1072 912
127 233 912
95 561 912
127 1724 912
398 447 912
127 1050 912
127 809 912
127 1021 912
127 1338 912
127 1312 912
127 1198 912
127 495 912
319 317 912
12 1312 912
9 1132 912
95 319 912
1312 12 912
1312 127 912
127 1312 912
319 95 912
85 1434 912
211 36 912
211 1742 913
95 319 913
1406 495 913
1655 1641 913
36 211 913
1655 1397 913
12 1312 913
1542 249 913
1344 1713 913
9 1752 913
1749 644 913
644 8 913
1127 1203 913
1647 1669 913
1647 1713 913
1647 1282 913
1647 1132 913
1647 724 913
1667 969 913
8 644 913
1282 1647 913
969 172 913
969 1667 913
1132 1647 914
172 969 914
431 1579 914
431 1624 914
431 1132 914
969 172 914
1132 431 914
431 1132 914
1713 1072 914
809 127 914
724 1647 914
95 1749 914
1434 85 914
1677 1290 915
1312 12 915
1203 1127 915
431 1111 915
1579 1667 915
1579 431 915
431 1579 915
1579 431 915
431 1579 915
1713 1178 915
281 708 915
172 969 916
127 809 916
1669 1540 916
1669 1647 916
1423 1669 916
95 175 916
1343 1359 916
1343 9 916
19 353 916
1647 1132 916
1647 1282 916
1647 724 916
1647 1669 916
1752 9 916
724 1647 916
429 191 916
1669 1423 916
1669 1647 916
1669 1655 916
1669 429 916
1647 724 916
1647 1669 916
1647 1269 916
1423 1669 916
708 281 917
124 1255 917
1472 1489 917
1009 27 917
1009 1346 917
201 143 917
1255 124 917
9 1343 918
9 97 918
3 32 918
1644 431 919
1543 1103 920
1543 525 920
1543 1724 920
1624 431 920
1543 969 920
124 1255 920
1255 124 920
431 1644 920
431 1624 920
175 95 920
447 398 921
1669 1647 921
1669 1423 921
27 1009 921
454 1669 921
1488 518 921
143 201 921
143 547 921
518 1488 921
518 1488 921
400 1681 921
400 8 921
400 1169 921
1169 400 921
1467 309 921
1520 1540 921
1520 1487 921
281 708 922
713 1059 922
201 143 922
12 1312 922
1158 1497 922
1332 1752 922
1655 1669 922
1655 48 922
1655 32 922
189 1742 922
189 1749 922
189 1749 922
189 44 922
27 1009 922
1423 1669 922
652 1130 923
309 1467 923
1312 12 923
12 1312 923
1543 1467 923
1285 1387 923
12 282 923
495 127 923
495 1406 923
1406 495 923
724 1647 924
1317 3 924
768 1280 924
1642 822 924
1285 27 924
1487 1520 924
93 36 924
32 3 924
1724 127 924
249 1724 924
1724 249 924
249 1724 924
1488 518 925
1488 518 925
1489 1472 925
127 495 925
127 1724 925
1724 127 925
1724 249 925
127 1724 925
1079 27 925
1079 27 925
1079 27 925
27 1079 925
398 447 926
1280 768 926
346 1644 926
644 8 926
447 398 926
318 1736 926
143 201 926
8 644 926
323 298 926
1647 1669 926
1713 1647 926
1647 724 926
1647 1713 926
1669 454 926
1669 1655 926
1713 1647 926
429 1669 926
1669 429 926
1397 1655 926
323 68 926
1669 1423 926
620 874 926
644 8 926
1669 1647 926
959 699 927
8 644 927
1198 127 927
1113 1493 927
783 1741 928
201 143 928
3 32 928
3 1317 928
1497 1158 929
1713 3 929
1713 1497 929
3 1713 929
1312 12 930
1675 32 930
1675 67 930
277 1741 930
1332 27 930
27 1332 930
27 1285 931
211 1742 931
1423 1669 931
12 1312 931
699 959 931
143 201 931
1742 211 931
495 1406 932
1713 495 932
495 127 932
495 1713 932
1713 495 932
495 1713 932
1387 1285 932
1079 27 932
1059 713 932
27 1079 932
1190 1488 932
1669 1423 932
319 95 933
617 431 933
617 1667 933
1285 27 933
1290 1677 933
1285 1387 933
1312 12 933
1312 1313 933
1313 1312 933
1313 1312 933
1312 1313 933
1313 1312 933
1313 1713 933
443 32 933
176 1436 933
431 617 933
12 1312 933
1312 12 933
1158 1497 935
1158 1497 935
1285 1312 935
233 1136 935
1535 1753 935
1312 1313 935
201 143 935
724 1647 935
1667 617 935
1667 969 935
32 3 935
32 1675 935
32 1731 935
1493 1113 935
1647 724 935
1647 1669 935
1713 1647 935
1647 1713 935
1713 1647 935
1647 1713 935
1713 1647 935
1647 1713 935
1713 1647 935
1647 1713 935
1713 1647 935
1713 1313 935
1647 1713 935
644 8 935
1436 176 935
1669 1647 936
1343 9 936
1042 1338 936
1042 1730 936
1406 495 936
1713 1647 936
1178 1713 936
193 118 936
249 582 936
1231 1667 936
1647 1669 937
1647 1713 937
249 974 937
1741 783 937
1741 277 937
431 1231 937
249 437 937
42 344 937
878 1647 937
41 1745 937
41 1652 937
67 1675 937
1730 1042 937
788 9 937
48 1655 937
1009 27 937
42 1744 938
1540 48 938
582 249 938
1497 1158 939
1497 1158 939
3 32 939
1748 1406 940
3 312 940
1136 233 941
27 1285 941
27 1009 941
1744 42 941
1423 1669 941
1406 1748 941
1669 1647 942
1669 1423 942
1231 431 942
95 1387 942
95 175 942
95 319 942
9 788 942
312 3 942
9 1343 942
175 95 943
12 1312 943
1624 431 943
1042 1730 943
969 1667 943
431 1231 943
431 1624 943
1730 1042 944
233 1136 944
233 127 944
1624 431 944
495 1406 944
431 1624 944
1312 12 944
1624 431 944
1748 1406 945
1406 495 945
1406 1748 945
1343 9 945
27 620 945
1474 1493 946
1285 27 946
525 1543 946
431 1624 946
1748 1406 946
483 189 946
1406 1748 946
1748 1406 946
1644 346 946
1406 1748 947
724 1647 947
1009 27 947
1647 878 947
1647 1669 947
1647 724 947
1423 1669 947
620 27 947
27 620 948
1520 1487 948
1493 1474 948
1669 1423 948
620 27 948
1253 644 948
1158 1497 948
1158 1497 948
1675 67 949
1644 431 950
874 620 951
874 620 952
561 431 952
620 874 952
561 95 952
1395 1113 952
36 211 952
211 36 952
431 1644 952
431 561 952
1423 1669 952
874 620 952
620 874 952
1669 1423 953
812 378 953
874 620 953
27 1285 953
27 1009 953
95 561 953
319 95 953
95 175 953
95 319 953
1127 1203 953
1543 1724 954
697 214 954
1136 233 954
440 1384 955
997 415 955
1423 1669 955
495 1406 956
214 697 957
1669 1423 957
233 1136 957
233 193 957
415 997 957
193 233 957
191 429 957
233 193 957
724 1647 958
1497 1158 961
85 1434 961
561 431 961
561 95 961
1423 1669 962
431 561 963
95 561 963
697 214 964
1488 1190 964
1669 1423 965
1746 1730 966
1434 85 966
1158 1497 968
3 312 969
67 3 969
249 67 970
1190 1488 972
1644 1754 973
1647 878 973
1647 724 973
144 12 974
144 9 974
847 561 974
561 431 974
561 95 974
561 847 974
561 1713 974
673 1253 974
1755 642 975
1406 495 975
1713 561 975
1724 1543 975
1409 443 975
1409 167 975
878 1647 975
189 483 975
483 189 975
1667 654 976
1346 1314 976
495 1406 977
1655 48 977
1655 719 977
474 1285 977
1285 474 977
1285 1312 977
474 1285 977
1285 474 977
621 924 977
621 1647 977
621 924 977
474 1285 977
1748 1406 977
1748 799 977
429 191 978
847 561 978
431 561 978
431 1316 978
1316 431 978
1072 1158 978
431 1316 979
1632 1039 979
3 144 981
1756 1655 982
1312 12 982
1713 1585 982
561 1713 983
561 847 983
561 431 983
749 474 983
431 561 984
1543 1724 984
191 429 984
312 3 984
1740 504 984
788 9 984
12 144 985
12 1312 985
249 495 985
308 1655 985
1436 1757 985
561 431 985
431 561 985
1626 1624 986
431 1731 986
1731 32 986
144 3 986
144 12 986
12 144 986
144 12 986
12 144 986
144 1758 986
144 12 986
12 144 986
144 12 986
12 144 986
144 12 986
719 1655 986
12 144 986
144 12 986
12 144 986
144 12 986
1713 788 986
12 144 986
144 12 986
12 144 986
12 1255 986
346 1749 986
1624 1626 986
308 254 987
1312 12 987
9 788 987
9 144 987
9 1343 987
429 191 987
144 9 987
1741 277 987
1741 391 987
1741 784 987
1741 277 987
1741 1380 988
1741 1497 988
1741 1282 988
1741 475 988
1741 773 988
1741 1391 988
1741 588 988
1741 1673 988
118 193 988
249 144 988
468 1748 988
1647 878 988
1647 621 988
1676 233 988
1676 233 988
525 211 988
95 561 989
727 561 989
1533 1489 989
1749 346 989
1673 1741 990
970 1748 991
3 312 991
3 1728 991
3 1738 991
3 27 991
3 249 991
3 970 991
1467 309 993
1655 719 993
1285 27 994
9 144 994
9 1655 994
9 1467 994
9 1731 994
9 1489 994
9 97 994
9 8 994
9 1255 994
9 1308 994
1308 9 994
9 1308 994
9 1759 994
9 1760 994
9 1749 994
1308 9 994
1308 9 994
9 1742 994
9 1308 994
9 1719 994
9 1753 994
1308 9 994
8 9 994
9 1308 994
9 8 994
1308 9 994
9 1308 994
191 429 994
8 9 994
9 8 994
9 1308 994
1308 9 994
8 9 994
621 1647 994
1655 9 996
1285 1731 996
1285 8 996
8 1285 996
1741 1673 996
1741 277 996
1255 12 996
1255 9 996
1313 1713 996
810 233 996
27 1285 996
810 1338 996
308 674 997
1346 1314 997
1758 144 997
1731 9 997
193 118 997
193 118 997
312 3 997
474 749 997
1754 1644 997
144 1758 998
175 95 998
346 1655 998
175 95 998
494 389 998
1343 9 998
995 27 998
1644 1754 998
995 1749 998
447 395 998
995 318 998
995 318 998
1113 1493 998
1644 995 998
249 447 998
144 1761 998
1113 1395 998
995 1644 998
1644 995 998
995 1644 998
1644 995 998
995 1644 998
1644 995 998
995 1644 998
1644 995 998
1497 1158 998
995 1644 998
249 1497 998
995 1644 998
1644 995 998
27 995 998
1644 995 998
995 1644 998
995 1644 998
995 27 998
1754 1644 999
1253 673 999
810 175 999
1762 1281 999
1758 144 999
67 318 999
67 713 999
67 97 999
67 97 999
67 97 999
1346 1678 999
1678 1346 1000
1678 475 1000
3 312 1000
1756 713 1002
1756 1644 1002
1756 1375 1002
518 1346 1002
768 1280 1002
1467 9 1003
1121 142 1003
12 1255 1003
12 1312 1003
12 1313 1003
12 1387 1003
1346 1678 1004
312 1 1004
1493 1113 1004
1280 768 1004
1281 1762 1004
431 1497 1005
308 1762 1005
1127 1665 1005
1127 997 1005
1568 1585 1005
175 810 1006
509 1026 1006
1644 1756 1006
823 242 1006
249 44 1006
810 175 1006
44 249 1006
249 44 1006
44 249 1006
175 810 1006
9 1467 1007
9 1343 1007
9 1731 1007
9 1255 1007
9 1655 1007
9 1308 1007
1762 308 1007
1762 1281 1007
1281 1762 1007
810 175 1007
175 810 1008
67 1346 1008
67 1239 1008
308 1762 1008
1343 9 1008
1343 3 1008
1343 12 1008
1343 12 1008
9 1343 1008
9 1387 1008
9 1265 1008
9 1763 1008
9 1763 1008
9 1763 1008
9 1763 1008
9 1763 1008
9 724 1008
561 431 1008
561 95 1008
561 727 1008
12 143 1008
12 1343 1008
12 9 1008
9 12 1008
9 12 1008
143 12 1008
429 191 1008
12 143 1008
12 1763 1008
1763 12 1008
12 1763 1008
12 1313 1008
1313 12 1008
12 1313 1008
1313 12 1008
1395 1113 1008
1395 1746 1008
12 1313 1008
1313 12 1009
12 1313 1009
1313 12 1009
12 1313 1009
1313 12 1009
12 1313 1009
1313 12 1009
12 1313 1009
1313 12 1009
1313 12 1009
12 1313 1009
12 547 1009
1313 12 1009
1647 621 1009
12 1313 1009
1255 9 1009
12 1313 1009
1313 12 1009
1009 27 1009
161 1255 1009
483 1408 1009
1762 308 1009
1762 1281 1009
810 175 1009
843 1237 1009
1346 1314 1009
810 175 1009
9 1255 1009
1493 1113 1009
9 847 1009
27 1009 1009
144 1758 1009
431 561 1009
615 1764 1009
1673 161 1010
1758 144 1010
143 12 1010
67 1034 1010
1158 1072 1010
1158 1497 1010
72 1765 1010
1253 1157 1010
1678 779 1010
582 27 1010
3 1343 1011
242 823 1011
255 1 1011
1 255 1011
1281 1762 1012
1762 1281 1012
1255 1673 1013
1255 1673 1013
1308 9 1013
1255 161 1013
495 249 1013
9 1308 1013
175 810 1013
27 582 1013
191 429 1014
1265 9 1014
1716 1308 1014
1756 1644 1014
443 1409 1014
9 1265 1014
582 1678 1014
1763 12 1014
1265 9 1014
810 175 1015
1644 1756 1015
1644 1754 1015
1308 1716 1015
1308 9 1015
1127 1350 1015
1127 547 1015
1285 27 1016
652 52 1016
12 1763 1016
144 1758 1017
1359 1343 1017
547 1127 1017
1754 1644 1017
12 1313 1018
12 143 1018
12 8 1018
1343 9 1018
1343 1359 1018
1343 12 1018
1343 3 1018
1343 12 1018
1312 12 1018
12 1312 1018
1713 1312 1018
12 1343 1018
1758 144 1018
1312 12 1018
12 1312 1018
617 431 1018
1678 711 1018
1678 711 1018
431 617 1018
1667 1280 1018
1748 468 1018
1748 970 1018
9 1343 1019
1343 12 1019
9 1308 1019
1343 9 1019
799 1748 1019
1281 1762 1019
19 1181 1019
19 8 1019
8 19 1019
429 191 1019
429 242 1019
1741 475 1019
1280 1667 1020
674 1280 1020
194 9 1020
1678 328 1020
1391 1741 1020
242 429 1021
27 1285 1023
3 1 1023
1312 12 1023
1644 1754 1023
1698 1644 1023
1756 1644 1023
1756 69 1023
1756 69 1023
1756 69 1023
1756 1312 1023
1756 1403 1023
1762 308 1023
175 810 1024
1313 12 1024
582 27 1024
27 582 1024
308 1762 1024
582 27 1024
810 175 1025
1359 1343 1025
1342 1359 1025
1359 1342 1025
1403 1756 1025
1756 1403 1025
1253 812 1025
1545 809 1025
1644 1698 1025
1644 1756 1025
1308 9 1025
312 1 1026
194 199 1026
194 295 1026
809 1545 1026
1127 1260 1026
429 242 1026
1127 547 1026
1127 1034 1026
1127 142 1026
1312 1756 1027
1762 308 1027
144 1758 1027
48 1540 1027
52 652 1027
9 194 1027
9 1343 1027
9 1308 1027
1346 9 1027
1343 9 1027
1343 1359 1027
242 429 1027
1754 1644 1027
1713 1308 1028
1713 233 1028
233 1713 1028
1713 233 1028
233 1713 1028
1713 233 1028
233 1713 1028
233 1676 1028
1713 233 1028
233 1713 1028
1713 233 1028
799 1475 1028
175 810 1028
1758 144 1028
843 1237 1028
1644 1754 1028
970 1748 1028
277 252 1029
1280 1738 1030
624 595 1030
1716 1308 1030
1716 1308 1030
191 429 1030
1493 1113 1030
9 1343 1030
9 1346 1030
144 1758 1030
1113 1493 1030
1346 9 1032
1493 1113 1033
1509 1669 1033
318 995 1034
561 431 1034
561 95 1035
727 1280 1035
810 175 1035
431 561 1035
1762 308 1035
1253 1744 1036
1285 27 1036
1 312 1036
1738 1280 1036
1669 1509 1037
3 32 1037
1 1655 1037
1343 9 1037
1758 144 1039
1698 1644 1039
309 1467 1039
1280 727 1039
175 810 1039
429 191 1039
308 1762 1039
1253 984 1040
1253 549 1040
1644 1698 1040
1310 561 1040
727 1280 1040
1253 1765 1040
1026 509 1040
1741 1391 1040
1713 809 1040
9 1346 1041
9 1343 1041
1749 1063 1041
595 1101 1041
595 1101 1041
1762 308 1041
1346 9 1042
1 312 1044
3 1 1044
1 3 1044
1 3 1044
1744 1253 1044
3 1 1044
1 3 1044
3 1 1044
809 1713 1045
1655 1 1045
12 1313 1045
12 1312 1045
12 1343 1045
1313 12 1045
856 1117 1045
312 1 1045
1 312 1045
9 1346 1046
9 1255 1046
1346 9 1046
9 1346 1046
193 1362 1046
1308 1713 1046
1308 1716 1047
12 1313 1047
810 175 1047
175 810 1047
1312 12 1047
1647 233 1047
1647 749 1047
1713 809 1047
644 143 1047
768 774 1047
1253 1744 1047
1281 1762 1048
12 1312 1048
711 1678 1048
1313 12 1048
1676 233 1048
1748 970 1048
1748 172 1048
32 3 1049
389 494 1049
42 1329 1049
1329 42 1049
42 1329 1049
42 1731 1049
1748 1440 1049
144 1758 1049
1748 1075 1049
1075 1748 1049
143 644 1049
1343 12 1049
1748 1075 1049
1343 9 1049
970 1748 1050
970 1641 1050
970 774 1050
970 298 1050
1314 1346 1050
1023 1766 1050
271 277 1050
271 638 1050
271 713 1050
443 42 1050
298 970 1050
995 318 1050
1765 1253 1050
995 318 1050
1765 72 1050
1181 19 1050
9 1343 1050
9 67 1050
191 429 1050
1255 42 1050
1765 1253 1050
1762 1281 1050
1280 727 1050
1713 1195 1051
1624 48 1051
48 1624 1051
1742 211 1051
67 9 1051
67 1767 1051
67 1768 1051
67 1769 1051
67 1760 1051
67 1749 1051
1042 1338 1052
970 710 1052
1253 1765 1052
3 32 1052
3 32 1052
1346 1314 1052
1312 12 1052
1677 1290 1054
1756 1644 1054
1756 1312 1054
1403 1756 1054
1748 970 1054
1281 1762 1054
27 582 1054
27 1285 1054
1042 67 1054
1042 1730 1054
561 431 1054
1624 48 1055
561 1310 1055
1713 561 1055
167 1758 1055
1765 1253 1055
431 561 1055
211 1742 1056
1762 1281 1056
1762 308 1056
1762 308 1056
1742 211 1056
312 1 1056
1509 1744 1056
1 312 1056
1281 1762 1056
105 713 1056
105 1624 1056
105 42 1056
105 1644 1056
308 1762 1056
1624 105 1056
1644 105 1057
1644 1756 1057
12 1312 1057
12 1343 1057
12 1312 1057
1756 1644 1057
1756 8 1057
1644 1756 1057
1756 1644 1057
1130 652 1057
67 710 1057
8 1756 1057
1756 8 1057
810 175 1057
8 1756 1057
105 1644 1057
105 1624 1057
494 389 1057
233 1647 1057
233 1676 1057
1624 105 1058
1343 12 1058
1676 233 1058
12 1343 1058
1343 12 1058
1343 9 1058
12 1343 1058
582 27 1058
1343 12 1058
12 1343 1058
1343 12 1058
1310 561 1058
1285 27 1058
1644 1756 1058
1644 105 1058
1285 1312 1058
12 1343 1058
12 1313 1058
12 1644 1058
12 27 1058
1313 1285 1058
1644 12 1058
12 1644 1058
1644 12 1058
12 1644 1058
727 1280 1058
1644 12 1058
1440 1748 1058
1343 12 1059
1312 12 1059
1312 1756 1059
1312 12 1059
1034 1624 1059
44 1669 1059
12 1644 1059
12 1312 1059
12 1343 1059
27 12 1059
12 27 1059
12 67 1059
1624 1034 1059
1624 48 1059
1762 1281 1059
1758 144 1059
9 1343 1059
1678 1118 1059
1644 12 1060
172 1748 1060
32 3 1060
1343 12 1060
1343 9 1060
9 1343 1060
32 1042 1060
1238 32 1060
1343 9 1060
32 1238 1060
9 1343 1060
32 9 1060
9 32 1060
9 32 1060
1238 32 1060
1343 9 1060
9 1343 1060
1343 9 1060
1343 9 1060
9 1343 1060
9 1343 1060
9 1343 1060
1343 9 1060
1343 9 1060
9 1343 1060
9 1343 1060
1343 9 1060
9 1343 1060
9 1343 1060
9 1118 1060
144 1758 1060
95 561 1061
1280 727 1061
95 175 1061
1762 308 1061
67 1770 1061
48 1624 1061
189 358 1062
189 443 1062
189 1749 1062
105 1644 1062
105 1624 1062
3 32 1062
105 1624 1062
105 1624 1062
105 474 1062
189 708 1062
189 44 1062
1756 8 1064
1756 1403 1064
1756 1644 1064
1756 1312 1064
27 12 1065
27 1285 1065
1624 48 1065
1624 105 1065
1686 27 1065
27 1686 1065
1686 27 1065
27 1686 1065
1312 1756 1065
1312 12 1065
105 1624 1065
67 394 1065
67 394 1065
105 1027 1065
105 1518 1065
1644 105 1065
1644 1756 1065
1686 1644 1065
105 1644 1065
1644 1686 1065
1686 1644 1065
1644 105 1065
1644 1686 1065
1686 1644 1065
105 1644 1065
1644 1686 1065
1644 105 1065
105 1644 1065
1644 1758 1065
105 474 1065
1644 105 1065
105 1655 1065
105 1644 1065
105 1641 1065
1644 105 1065
105 1644 1066
105 1118 1066
105 44 1066
105 474 1066
1644 105 1066
105 1485 1066
105 1644 1066
105 9 1066
1644 105 1066
1281 1762 1066
44 105 1066
1281 1771 1066
1676 233 1066
105 44 1066
105 1644 1066
95 1452 1066
1756 1644 1066
12 1312 1066
12 27 1066
1669 44 1067
27 12 1067
429 191 1067
191 429 1067
1713 1195 1067
1624 105 1067
308 1762 1067
1771 1281 1067
1118 9 1068
1118 1678 1068
1118 105 1068
1285 1313 1068
1285 1190 1068
1467 309 1068
277 271 1068
9 1118 1068
9 8 1068
1118 9 1068
474 105 1068
1281 1771 1068
1644 105 1068
1644 1756 1068
12 27 1069
1312 1313 1069
97 9 1069
749 1647 1069
673 1253 1069
1762 308 1069
1762 245 1069
673 1253 1069
1565 27 1069
8 9 1069
1713 617 1069
105 1624 1069
105 1118 1069
105 474 1069
105 1644 1069
617 1713 1069
1713 617 1069
175 810 1070
1118 105 1070
1395 1772 1070
1667 105 1070
1772 1395 1070
1667 1118 1070
32 9 1070
1713 1585 1070
67 1042 1070
1713 525 1070
32 9 1070
32 9 1070
32 12 1070
525 1713 1070
1313 1312 1070
1253 673 1070
809 1713 1070
809 642 1070
1647 749 1070
1667 942 1071
474 105 1071
67 256 1071
67 474 1071
1686 256 1071
1624 105 1071
1034 1313 1071
1731 9 1071
1731 42 1071
474 67 1071
1624 48 1071
984 1208 1071
1059 713 1071
67 1344 1071
429 191 1071
810 175 1071
1313 1034 1071
67 1675 1071
674 1253 1071
1713 1493 1072
191 429 1072
44 1669 1072
189 144 1072
1773 679 1072
1545 809 1072
1344 67 1073
1312 1313 1074
27 12 1074
1312 1344 1074
1756 1644 1074
1489 1533 1075
1756 286 1075
1756 286 1075
1756 286 1075
1756 286 1075
1756 1130 1075
1756 1130 1075
1756 1130 1075
1756 1130 1075
1756 525 1075
1756 525 1075
1395 1772 1075
9 32 1076
9 1731 1076
63 127 1076
1 312 1076
9 97 1076
9 8 1076
9 1118 1076
1118 1667 1076
1118 9 1076
1344 1312 1076
1758 144 1076
1758 1644 1076
1644 1758 1077
1644 1756 1077
429 191 1077
430 72 1077
430 144 1077
430 8 1077
9 1118 1077
1118 9 1077
1118 9 1077
1756 1644 1077
1127 319 1077
561 431 1078
1716 1308 1078
1716 1308 1078
191 429 1078
679 1773 1078
561 1310 1078
1237 843 1078
1686 1395 1078
561 95 1078
561 1713 1078
697 642 1079
175 95 1079
697 1774 1079
1493 1713 1079
1312 1344 1079
1387 9 1080
1387 12 1080
1387 95 1080
431 561 1080
9 1387 1080
1034 1313 1080
1308 1716 1080
1624 48 1080
1758 1644 1080
1772 1395 1080
175 810 1080
1238 1472 1080
749 1647 1080
1253 674 1080
561 431 1080
1644 1758 1081
1773 679 1081
710 970 1081
710 67 1081
1686 710 1081
710 1686 1081
1253 1773 1081
1686 710 1081
674 1253 1081
1762 431 1081
620 27 1081
431 561 1081
431 1762 1081
1472 1238 1081
1253 674 1081
843 1237 1081
19 8 1081
19 1181 1081
674 1253 1081
852 1775 1081
1195 1713 1081
48 1624 1082
642 809 1082
642 697 1082
809 1545 1082
970 1748 1082
970 710 1082
429 191 1082
67 710 1082
67 1776 1082
67 1775 1082
67 1777 1082
67 1777 1082
67 1770 1082
9 1313 1082
9 1313 1082
9 1313 1082
9 1313 1082
9 1313 1082
67 9 1082
8 9 1082
1778 234 1084
1 1779 1084
1403 1756 1084
1762 431 1085
1231 1168 1085
32 1731 1085
191 429 1085
32 443 1085
32 377 1085
1756 1403 1085
1748 970 1085
1748 172 1085
1395 1772 1085
27 620 1085
1395 1686 1085
394 1190 1085
1624 48 1086
1052 697 1086
1190 1285 1086
1190 394 1086
1052 1238 1086
652 1130 1086
95 1387 1086
95 44 1086
1281 32 1086
561 431 1086
1168 1231 1087
9 8 1087
431 1762 1087
431 561 1087
9 32 1087
1285 1190 1087
525 1756 1087
44 95 1087
1756 525 1087
525 1756 1087
429 191 1087
1491 132 1087
312 1 1087
1756 525 1087
1772 1395 1087
1 312 1087
1 312 1087
1313 9 1087
1313 9 1087
1313 9 1087
1313 9 1087
1313 9 1087
543 1513 1088
1231 1168 1088
1756 474 1088
697 1052 1088
697 642 1088
1758 1644 1089
474 1756 1089
525 1756 1089
1403 1756 1089
1624 1052 1089
1647 749 1090
995 318 1090
32 1281 1090
32 9 1090
105 1624 1090
1644 1758 1090
105 1118 1090
172 1748 1090
105 1624 1090
1168 105 1090
105 1168 1090
1624 105 1090
105 1624 1090
105 1039 1090
1624 105 1090
105 1624 1090
105 1255 1091
1255 105 1091
105 1255 1091
1624 105 1091
105 1624 1091
1395 1772 1091
1772 1395 1091
1181 19 1091
1624 105 1091
105 1624 1091
1713 593 1091
621 593 1091
593 621 1091
1624 105 1091
105 1624 1091
19 1181 1091
19 1313 1091
105 19 1091
1686 1026 1091
1026 1686 1091
19 1313 1091
1686 1026 1091
19 1026 1091
1313 19 1092
1026 1686 1092
1686 1026 1092
19 1313 1092
19 1313 1092
1026 1686 1092
1026 1686 1092
1686 1026 1092
1118 308 1092
1026 1686 1092
1686 1026 1092
1780 1255 1092
8 9 1092
105 557 1092
105 557 1092
27 1686 1092
191 429 1093
1773 1253 1093
1253 1773 1093
1741 593 1094
42 1255 1095
42 105 1095
1756 1403 1095
1312 1313 1095
1756 1312 1095
1312 1756 1095
1756 474 1095
1756 1312 1095
1468 1554 1096
1686 27 1096
561 431 1096
394 1190 1096
431 561 1096
9 8 1096
44 36 1096
27 1686 1096
36 44 1096
1313 19 1096
1313 9 1096
1313 1312 1096
19 1313 1096
309 1467 1097
1395 1772 1097
105 42 1097
1190 1285 1097
12 1387 1097
12 27 1097
12 1644 1097
12 1343 1097
12 1313 1097
12 1312 1097
1312 12 1097
1313 12 1098
1127 1771 1098
1313 19 1098
739 969 1098
12 1313 1098
12 1312 1098
1772 1395 1098
9 1313 1098
1052 697 1098
1052 697 1098
1338 341 1099
1052 1338 1099
1338 9 1099
1338 1052 1099
1052 1338 1099
1338 1052 1099
1338 1052 1099
1052 1338 1099
1052 1338 1099
1338 1052 1099
1052 1338 1099
1285 1190 1099
1338 1052 1099
19 1313 1099
1624 1285 1099
1190 1285 1099
1338 341 1099
1624 1052 1099
308 1118 1099
1748 172 1099
1748 1362 1099
1313 19 1099
1313 9 1099
1118 308 1099
1313 1624 1099
1624 1313 1099
1181 19 1100
516 1445 1100
516 1445 1100
516 1445 1100
1313 1624 1100
557 105 1101
19 1181 1101
19 1313 1101
398 27 1101
1545 809 1101
342 843 1101
172 1748 1101
1313 19 1101
1771 1127 1101
1775 67 1102
1775 852 1102
105 557 1102
1713 1775 1102
1775 1713 1102
674 1338 1102
431 483 1102
19 1313 1102
431 1585 1102
431 1771 1102
431 727 1102
1238 1052 1102
1713 1775 1102
843 342 1103
652 1728 1105
1748 172 1106
561 431 1107
1052 1624 1107
1052 1238 1107
431 561 1107
431 1039 1107
1771 431 1107
1312 12 1107
27 398 1108
431 1771 1108
1127 1771 1108
1127 1203 1108
172 1748 1108
1395 1772 1108
407 372 1108
429 191 1109
12 1312 1109
344 42 1109
1362 193 1109
1362 1748 1109
308 1118 1109
1771 1127 1109
652 862 1109
1343 12 1110
1312 12 1110
1127 36 1110
1772 1395 1111
1686 27 1111
1314 1346 1111
1758 1644 1111
1758 167 1111
105 852 1111
9 1338 1111
9 1313 1111
9 32 1111
12 1343 1112
12 1312 1112
1686 475 1112
557 302 1112
302 557 1112
557 302 1112
1313 9 1112
302 557 1112
621 593 1112
557 302 1112
1343 12 1112
431 495 1112
431 394 1112
557 302 1112
302 557 1112
398 27 1112
302 557 1112
1472 27 1113
1118 308 1113
36 1127 1113
191 429 1113
105 639 1114
105 639 1114
1349 1183 1116
561 431 1117
1585 3 1117
3 1585 1117
431 561 1117
32 9 1117
1127 36 1117
1312 12 1118
768 593 1118
768 1280 1118
431 969 1118
969 431 1118
431 969 1118
969 431 1118
969 431 1118
431 969 1118
431 1312 1118
271 277 1119
1624 1313 1119
1624 1052 1119
1716 1308 1119
1285 1624 1119
1285 1021 1119
1181 19 1119
1009 27 1119
1009 27 1120
1312 431 1120
1052 1624 1120
1624 1285 1120
1624 1052 1120
431 1312 1120
1285 1624 1120
1312 431 1120
431 1312 1120
1773 1253 1120
1624 1285 1121
19 1181 1121
1280 768 1121
1253 1773 1121
198 809 1121
431 1255 1121
9 1313 1121
1285 1624 1122
32 938 1122
32 67 1122
1313 9 1122
1624 1285 1122
642 711 1122
67 1304 1122
1533 594 1122
1686 358 1122
711 642 1122
358 1686 1122
1686 358 1122
431 358 1122
1686 1624 1122
358 1686 1122
358 431 1122
1686 358 1122
1758 474 1122
431 358 1122
642 711 1122
358 1686 1122
358 431 1122
711 642 1122
431 358 1122
474 1758 1122
19 447 1122
1052 1624 1122
812 1253 1122
1021 1285 1123
557 302 1123
377 32 1123
302 557 1123
809 198 1124
1346 1314 1124
271 27 1126
271 1644 1126
1675 67 1126
1312 431 1126
1644 12 1126
27 1686 1127
27 398 1127
27 1472 1127
27 1009 1127
561 431 1127
27 271 1127
431 1312 1127
431 561 1127
1161 257 1127
1314 1346 1127
1312 431 1127
431 1312 1127
1716 1775 1128
67 1775 1128
198 809 1128
9 1313 1128
431 1190 1128
1190 431 1128
431 1190 1128
1190 431 1128
431 1190 1128
809 198 1129
1775 1716 1129
1775 67 1129
12 1644 1129
12 1312 1129
12 1343 1129
42 1255 1129
95 561 1129
95 175 1129
95 44 1129
768 1280 1129
1255 431 1129
431 1255 1130
51 1775 1130
233 1676 1130
233 193 1130
1312 12 1130
1312 431 1130
1775 51 1130
1313 9 1130
1313 1034 1130
1285 1021 1130
95 868 1130
105 1312 1131
431 1312 1131
674 1724 1131
193 233 1131
44 1406 1132
1406 44 1132
175 95 1132
1313 1312 1132
1624 1686 1132
296 1565 1132
1565 296 1132
51 1775 1132
1343 12 1132
766 1513 1132
44 95 1132
1624 1781 1132
516 1724 1132
674 70 1132
19 1313 1133
620 1487 1133
1562 1565 1133
1034 1313 1133
1280 768 1133
1775 51 1133
1332 1342 1133
105 474 1134
474 105 1134
105 474 1134
639 105 1134
105 639 1134
639 105 1134
105 639 1134
639 105 1134
1440 1782 1134
483 431 1134
3 1461 1135
3 2 1135
3 234 1135
3 687 1135
3 754 1135
3 928 1135
105 639 1135
1675 32 1135
1551 1636 1137
1190 1285 1137
1021 1285 1137
1127 1350 1137
431 483 1137
1313 1034 1137
1517 1562 1137
198 809 1137
342 975 1138
1467 309 1138
1342 1332 1138
1676 233 1138
856 1398 1138
1562 1517 1138
1282 1741 1138
1332 1342 1138
234 1778 1138
1332 1545 1138
1332 1313 1138
1342 1332 1139
32 1675 1139
32 377 1139
32 1781 1139
32 1565 1139
1474 1493 1139
1474 598 1139
1647 749 1139
483 431 1139
1313 1332 1139
1313 19 1139
1255 431 1139
639 105 1139
105 639 1139
19 1313 1139
105 494 1139
51 1775 1139
494 105 1140
494 429 1140
1002 273 1140
1731 9 1141
105 494 1141
105 358 1141
260 430 1141
1493 1474 1141
12 1312 1141
1312 12 1141
12 1312 1141
1312 12 1141
12 1312 1141
1312 12 1141
1332 1313 1141
1332 1342 1141
561 431 1141
1741 1282 1141
1748 172 1141
431 561 1142
431 1255 1142
431 483 1142
494 105 1142
429 494 1142
1783 260 1142
144 1758 1142
1783 52 1142
1783 144 1142
144 1783 1142
105 494 1142
144 1783 1142
561 95 1142
1783 144 1142
1313 1332 1142
144 1472 1142
561 431 1142
1781 32 1142
431 561 1142
1313 1312 1142
1713 561 1142
144 1783 1142
561 431 1142
431 561 1142
144 142 1142
561 1713 1142
617 1713 1142
1713 617 1142
1724 516 1143
1783 212 1143
1724 674 1143
1332 1313 1143
868 95 1143
1332 1781 1143
1332 1781 1143
1781 1332 1143
1332 1781 1143
1781 1332 1143
1332 1781 1143
1255 431 1143
1781 1332 1143
32 1781 1143
1781 32 1143
1332 1781 1143
674 1724 1143
1781 1332 1143
1332 1781 1143
1332 1781 1143
431 1255 1143
938 32 1143
1781 1332 1143
1332 1781 1143
1332 1436 1143
1781 1332 1143
1332 1781 1143
1781 1332 1143
1332 1781 1143
398 27 1143
1472 144 1143
1675 32 1143
393 193 1143
1440 494 1144
1346 1314 1144
42 1440 1144
42 72 1144
72 42 1144
1440 42 1144
1545 1332 1144
1713 617 1144
483 431 1144
249 483 1144
1312 1313 1146
1756 483 1147
27 398 1147
1332 1545 1148
398 27 1148
1758 144 1148
494 429 1149
494 1440 1149
398 1738 1149
105 639 1150
1183 1349 1150
431 483 1150
105 308 1150
358 105 1150
483 1756 1151
483 249 1151
483 431 1151
431 483 1151
431 1748 1151
1748 431 1151
1748 431 1151
1748 1472 1151
1748 830 1151
1472 1748 1151
1748 1472 1151
1748 1472 1151
105 358 1151
358 105 1152
1713 1585 1152
1585 1713 1152
1713 1585 1152
1585 1713 1152
1713 1585 1152
483 431 1152
1313 1332 1152
642 36 1152
1783 1585 1152
1346 1783 1152
3 1784 1152
1783 1346 1153
105 1585 1153
1313 19 1153
1346 1783 1153
1013 398 1153
1034 1313 1153
172 1748 1153
398 1013 1153
1487 132 1153
105 1487 1153
1487 620 1153
1487 105 1153
105 398 1153
105 1487 1153
1783 1346 1153
431 483 1153
431 1748 1153
1783 1346 1153
398 105 1153
1346 1783 1153
1238 1052 1153
1434 1313 1153
1783 1346 1153
1346 1783 1153
36 642 1153
483 431 1153
27 398 1153
3 1748 1153
42 72 1154
431 483 1154
483 431 1154
353 1772 1154
1052 1238 1154
431 483 1154
431 353 1154
431 429 1154
431 773 1154
249 483 1154
483 431 1155
483 249 1155
9 1731 1155
9 1313 1155
9 1313 1155
1 312 1157
1756 483 1157
1748 431 1157
1517 1562 1157
1517 1562 1157
1313 1434 1157
431 483 1158
431 1748 1158
431 727 1158
1783 1346 1158
1373 710 1158
132 1487 1158
27 652 1159
19 1313 1159
483 431 1159
398 27 1159
483 1756 1159
308 105 1159
308 1762 1159
312 1 1159
431 483 1159
483 431 1159
642 36 1159
105 308 1159
105 398 1159
32 938 1160
1785 67 1160
32 1675 1160
319 1127 1160
1434 1313 1160
652 27 1160
1332 1313 1160
8 32 1160
12 1312 1160
1783 1724 1160
27 652 1161
27 398 1161
1772 353 1161
1285 32 1161
8 32 1161
398 27 1161
652 27 1162
271 27 1162
1748 431 1162
1785 32 1162
1724 1783 1162
1042 67 1162
32 8 1162
32 1285 1162
32 8 1162
32 1785 1162
1756 483 1162
483 1756 1162
431 1748 1162
768 1280 1163
710 1373 1163
132 1487 1163
809 198 1163
1585 1783 1164
557 302 1164
1762 308 1164
1647 494 1164
639 105 1164
384 1748 1164
1280 768 1164
105 639 1164
72 42 1164
1750 1338 1164
899 101 1165
1756 483 1168
1312 12 1168
27 652 1168
27 398 1168
27 271 1168
483 1756 1168
1312 1313 1169
1786 1624 1169
1786 1344 1169
1786 1231 1169
398 27 1169
652 27 1169
810 175 1170
494 1647 1170
1313 1312 1172
1313 9 1172
1313 1332 1172
1313 19 1172
70 674 1172
1748 384 1172
749 1647 1172
9 1313 1172
1312 1313 1172
975 342 1173
144 1758 1173
144 1472 1173
144 12 1173
969 1416 1173
969 1756 1173
1756 969 1174
969 1756 1174
1756 483 1174
1756 969 1174
969 1756 1174
1756 969 1174
969 1756 1174
1756 969 1174
1 312 1174
12 1312 1175
1312 12 1175
12 1312 1175
1312 12 1175
12 1312 1175
1312 12 1175
1487 132 1175
1487 132 1175
809 198 1176
1545 1332 1176
1545 1754 1176
1545 1754 1176
1545 1754 1176
1545 1754 1176
1772 1395 1178
95 1246 1179
768 1280 1179
1758 144 1180
12 1312 1180
1332 1313 1180
1313 1312 1180
1395 1772 1180
1313 1332 1180
1313 9 1180
1332 1313 1180
1313 1332 1180
1772 1395 1180
474 1786 1180
144 1758 1181
19 1313 1181
19 1645 1181
19 1645 1181
1312 1313 1181
1312 12 1181
468 1585 1181
1168 632 1181
595 1101 1182
12 1312 1182
12 144 1182
429 431 1183
1312 12 1183
1246 95 1183
271 27 1183
1783 1246 1183
585 495 1183
175 810 1184
12 1312 1184
1280 768 1184
233 1676 1184
438 319 1185
189 1749 1185
1 312 1185
1 3 1185
810 175 1188
1169 547 1189
997 1127 1189
997 1425 1189
431 429 1190
1231 1750 1190
652 105 1190
1127 997 1190
1127 319 1190
36 44 1191
1472 144 1192
495 585 1192
1215 194 1192
1731 9 1192
620 1487 1192
249 503 1193
443 32 1193
67 1781 1193
175 810 1193
1585 468 1193
27 398 1194
1487 620 1194
27 652 1194
27 271 1194
398 27 1194
1344 1786 1194
1647 494 1194
1786 1344 1194
1786 474 1194
429 494 1194
429 191 1194
429 431 1194
503 249 1195
1644 140 1195
1644 271 1195
1644 12 1195
431 429 1195
9 1731 1195
9 1313 1195
1675 32 1196
847 1675 1196
27 398 1199
95 175 1199
95 44 1199
398 27 1199
398 27 1199
95 561 1199
1342 942 1199
95 868 1199
95 1246 1199
342 975 1200
1349 1183 1200
1246 95 1200
652 27 1200
105 652 1200
105 1624 1200
105 1781 1200
1624 105 1201
1624 474 1201
27 398 1201
1127 1585 1201
431 1395 1201
810 175 1201
105 1624 1201
1624 105 1201
105 1624 1201
652 105 1201
494 1647 1201
494 429 1201
942 1342 1201
652 105 1201
27 652 1201
1342 942 1202
398 27 1202
561 95 1202
291 1787 1202
291 1787 1202
191 429 1203
1788 1771 1203
1771 1788 1203
1788 1771 1203
1771 1788 1203
1771 719 1203
1758 144 1203
674 1789 1203
97 871 1203
398 1013 1204
1312 12 1204
719 1771 1204
429 191 1204
1781 67 1204
1781 105 1204
652 27 1204
1771 719 1204
1013 398 1204
398 1013 1204
191 429 1205
12 1312 1205
975 342 1205
398 1397 1205
942 1342 1205
1013 398 1205
398 1013 1205
1013 398 1205
1013 398 1205
398 1013 1205
398 1013 1205
1562 898 1205
1013 398 1205
557 1338 1206
1338 557 1206
1 1790 1206
249 503 1206
1101 595 1206
1675 847 1207
1675 847 1207
1675 1 1207
1 1675 1207
1 3 1207
1675 1 1207
1 1675 1207
1675 1 1208
1676 233 1209
1312 12 1209
474 1786 1209
1543 70 1209
1543 109 1209
105 1781 1209
105 652 1209
1543 1768 1209
105 1771 1209
1395 431 1209
431 1395 1209
847 1675 1210
1786 474 1210
1342 942 1210
1786 474 1210
942 1342 1210
652 105 1210
27 398 1210
27 652 1210
105 652 1211
1397 502 1211
1585 1127 1211
319 438 1211
319 1127 1211
474 1786 1212
474 1786 1212
1771 105 1212
1771 105 1212
503 249 1212
1059 713 1212
398 27 1212
969 1756 1212
1756 969 1213
1771 1285 1213
1686 27 1214
1724 1786 1214
32 1791 1215
1786 1724 1215
1786 1255 1215
1255 1786 1215
1786 1603 1215
1786 1491 1215
1786 1344 1215
1786 1280 1215
1280 1786 1215
1 1675 1215
140 1644 1216
189 1749 1216
969 1756 1216
1675 1 1217
1675 847 1217
105 1675 1217
1168 1624 1217
1675 105 1217
175 810 1218
1644 140 1219
27 1686 1219
105 1675 1220
1491 1786 1220
1756 969 1220
1756 1603 1220
1756 1130 1220
105 97 1220
1724 1786 1220
105 1724 1220
1724 105 1220
1724 1791 1220
713 1059 1220
847 1675 1220
1624 1168 1220
1059 713 1221
1127 1603 1221
1127 1724 1221
1724 1127 1221
1127 840 1221
1724 1127 1221
1127 1724 1221
1724 1127 1221
431 1724 1221
1724 431 1221
105 1724 1221
1285 1771 1221
105 1724 1221
431 1724 1221
768 1280 1221
1436 1332 1222
639 105 1222
652 27 1222
1285 1190 1222
1626 1 1222
1313 9 1222
1313 9 1222
713 1059 1222
810 175 1223
105 639 1223
105 398 1223
494 1436 1223
1724 431 1223
398 105 1223
1724 105 1223
1509 199 1224
1509 193 1224
1792 1285 1224
1792 1168 1224
1168 1792 1224
1792 72 1224
172 1748 1225
1792 1168 1225
1792 520 1225
1792 1399 1225
1792 1310 1225
1792 278 1225
1792 1583 1225
1436 494 1225
1771 1285 1225
1346 1433 1225
1792 474 1225
1280 768 1225
431 1724 1225
175 810 1225
1285 1792 1225
1285 1771 1225
9 1313 1225
9 1313 1225
1 1626 1225
1314 1346 1225
72 1792 1226
12 1312 1226
1168 1792 1226
12 997 1226
12 9 1226
12 1343 1226
1 3 1226
1031 1739 1226
1031 707 1226
1031 831 1226
1344 1786 1226
1792 1285 1226
1792 72 1226
1792 1168 1226
1792 1373 1226
249 503 1226
1 3 1228
1 3 1228
1 3 1228
1 3 1228
1 3 1228
199 1509 1229
1748 172 1229
1793 1474 1229
1543 1215 1230
1786 1344 1230
1543 639 1230
1312 12 1230
105 1724 1230
105 398 1230
105 1792 1230
105 1756 1230
1059 713 1230
1059 713 1230
474 1792 1230
1792 474 1230
27 398 1230
27 652 1230
1756 105 1230
398 105 1231
398 27 1231
1127 1794 1231
1346 1314 1231
105 398 1231
105 1756 1231
27 398 1231
1756 105 1232
1756 105 1232
1756 105 1232
312 132 1232
749 1788 1232
303 1724 1232
211 1 1232
211 93 1232
1285 1792 1232
398 27 1233
398 105 1233
398 697 1233
1771 1285 1233
93 211 1233
1343 12 1233
1756 1346 1233
831 1031 1233
1031 831 1234
1031 651 1234
132 312 1234
1792 1285 1234
1792 620 1235
1346 1756 1235
1021 1449 1235
286 1756 1235
856 50 1235
1724 303 1235
1724 105 1235
1724 431 1235
1297 1771 1235
1786 1344 1236
1792 1042 1236
1792 341 1236
140 1644 1236
1 211 1236
1771 1297 1236
1 312 1236
431 1724 1236
72 1792 1237
1 1626 1238
1626 1 1238
1 1626 1238
1 1626 1238
1626 1 1238
1626 1 1238
1626 1 1238
1 1626 1238
1 1626 1238
1 1626 1238
1 1626 1238
1 3 1238
1756 1346 1239
1756 286 1239
1756 1644 1239
27 398 1240
1792 221 1240
1297 1771 1240
1543 483 1240
652 27 1241
652 105 1241
1346 1756 1241
1786 1308 1241
1543 893 1241
1543 335 1241
1543 256 1241
1543 588 1241
1543 1214 1241
1543 1029 1241
1543 1376 1241
1543 375 1241
1543 595 1241
1543 1255 1241
1543 561 1241
1543 874 1241
1543 840 1241
105 652 1241
105 1724 1241
105 398 1241
1543 657 1241
105 1756 1241
1543 600 1241
132 1491 1241
1543 190 1241
105 713 1241
105 1543 1241
1543 1260 1241
1543 697 1241
1543 105 1242
1543 1046 1242
1543 852 1242
1756 1346 1242
1543 523 1242
1543 1385 1242
1543 302 1242
1543 443 1242
1543 1675 1242
1543 553 1242
1543 943 1242
312 132 1242
312 1 1242
3 1793 1242
1 3 1242
1 3 1242
1 3 1242
1 312 1242
132 312 1242
1543 318 1243
768 1280 1243
1434 1344 1243
483 1543 1244
398 105 1244
398 27 1244
398 27 1244
286 1756 1244
1255 1543 1244
494 1436 1244
583 821 1245
697 1543 1245
1756 286 1246
1647 714 1246
1756 1436 1246
1491 132 1246
1285 1792 1247
1310 1792 1247
249 1489 1248
101 193 1248
342 588 1249
342 588 1249
342 588 1249
342 588 1249
342 588 1249
312 132 1251
105 1543 1251
105 398 1251
318 1543 1252
318 1285 1252
1285 318 1252
398 105 1252
1724 105 1252
1724 431 1252
431 1724 1252
620 1792 1253
193 101 1253
1436 494 1254
1436 1756 1254
847 818 1254
818 847 1254
398 1136 1255
443 1543 1255
847 818 1255
818 847 1255
898 1562 1256
1756 1436 1256
1756 105 1256
32 818 1256
1485 1756 1257
1436 1756 1257
1562 898 1257
874 1543 1257
1542 818 1257
852 1543 1258
105 1756 1258
105 1724 1258
105 398 1258
809 912 1259
847 818 1262
398 105 1262
144 1472 1262
144 1758 1262
1786 1255 1262
3 1795 1262
1750 1231 1262
1472 144 1263
818 1542 1263
818 32 1263
818 847 1263
547 1169 1263
898 1562 1264
847 818 1264
1724 105 1264
1724 431 1264
504 1740 1264
1167 713 1265
1750 1338 1265
1750 1246 1265
1280 768 1265
1416 969 1265
431 1724 1265
32 818 1265
494 1436 1265
1562 898 1265
652 1565 1266
1724 431 1266
1168 1750 1266
105 1724 1266
1750 1168 1266
105 398 1266
1168 1750 1266
1750 1168 1266
1542 818 1266
144 1472 1266
144 42 1266
1168 1750 1266
1183 1349 1266
1472 144 1267
105 1349 1267
95 1796 1267
95 561 1267
1786 1585 1267
1796 95 1267
95 1796 1267
105 140 1267
1786 1344 1267
67 1796 1267
302 1543 1267
1797 1798 1268
1 3 1268
1 44 1268
1 36 1268
1 3 1268
341 1792 1268
1 3 1270
713 105 1271
713 1167 1271
713 1756 1271
713 1059 1271
1750 393 1271
1167 713 1271
431 1724 1271
884 713 1271
561 1543 1271
342 561 1271
561 95 1272
561 342 1272
561 1310 1272
561 727 1272
1127 818 1272
67 1675 1272
105 713 1272
105 398 1272
1436 494 1272
997 1127 1272
997 12 1272
67 1781 1272
398 105 1273
1246 1750 1273
1543 483 1273
105 398 1273
1543 697 1273
1543 318 1273
27 652 1273
1543 443 1273
1543 852 1273
1543 561 1273
1543 1395 1273
1543 1553 1273
1342 1081 1273
697 1543 1273
1543 1282 1273
1543 697 1273
1543 952 1273
1543 974 1273
1543 735 1273
1543 39 1273
1698 605 1273
283 277 1273
1543 1565 1273
1543 697 1273
1543 798 1273
1543 835 1274
1741 784 1274
1543 617 1274
1741 840 1274
1059 713 1274
1741 277 1274
1741 1029 1274
1741 1029 1274
1741 391 1274
1741 975 1274
1741 59 1274
1741 626 1274
1741 523 1274
1059 713 1274
1750 1799 1274
1799 8 1274
969 1416 1274
1543 1788 1274
1799 1750 1274
494 1436 1274
342 561 1274
1792 1285 1274
1344 1434 1274
1344 1786 1274
1792 1310 1274
1792 620 1274
768 1280 1274
1792 341 1274
44 1800 1274
1724 431 1275
1724 105 1275
95 1788 1275
95 1789 1275
561 1543 1275
431 1724 1275
561 342 1275
1416 969 1275
105 1724 1275
652 27 1275
1436 494 1275
727 561 1276
969 1756 1276
342 561 1276
1724 105 1276
1724 431 1276
140 557 1276
557 140 1277
818 1127 1277
818 1542 1277
818 32 1277
818 847 1277
140 557 1277
483 1543 1277
557 140 1277
140 557 1277
140 1281 1277
1281 140 1277
140 1281 1277
140 1781 1277
144 1472 1277
140 557 1277
1281 140 1277
557 140 1277
140 557 1277
140 1281 1277
557 140 1277
1543 561 1277
105 1724 1277
341 1792 1277
1543 483 1277
1796 67 1277
1543 1255 1277
67 1796 1277
1281 140 1277
67 657 1277
657 67 1277
67 657 1278
1796 67 1278
657 67 1278
67 657 1278
67 1796 1278
1231 1750 1278
1786 1546 1278
318 1543 1278
1280 768 1278
8 1799 1278
221 1792 1278
847 818 1278
821 583 1278
755 697 1278
105 27 1278
105 72 1278
105 995 1278
105 353 1279
483 1543 1279
1675 105 1279
1675 847 1279
1675 1543 1279
1675 67 1280
1 312 1280
1675 32 1280
1756 1485 1281
1756 1436 1281
1756 105 1281
1756 969 1281
1756 713 1281
1127 818 1281
1127 1796 1281
1796 95 1281
1796 1127 1281
1543 318 1281
27 105 1281
1543 1675 1281
1675 1543 1281
1543 483 1282
561 727 1282
415 997 1282
561 342 1282
1750 1796 1282
1750 561 1282
561 1543 1282
561 1750 1282
342 561 1282
431 1724 1282
1 312 1282
312 1 1282
1169 547 1282
1434 1344 1282
847 1675 1283
713 1167 1283
1750 561 1283
713 1756 1283
727 561 1283
713 1059 1283
105 1756 1283
105 1675 1283
1167 713 1284
1626 312 1284
318 1543 1284
27 620 1284
286 1756 1284
995 105 1284
105 995 1284
1059 713 1285
105 1783 1285
1792 341 1285
1792 221 1285
1756 713 1285
1783 393 1285
1756 286 1285
1724 431 1285
1724 105 1285
561 342 1285
1781 140 1285
561 727 1285
561 1750 1285
1713 561 1285
561 431 1285
1713 561 1285
175 95 1285
561 1713 1285
561 557 1285
1713 561 1285
557 561 1285
818 1127 1285
1285 1792 1286
105 1724 1286
1190 1285 1286
1190 1111 1286
1792 1285 1286
847 1255 1286
1255 847 1286
431 561 1286
1796 221 1286
431 1796 1286
431 561 1286
342 561 1286
342 1585 1286
1750 561 1286
342 843 1286
843 342 1286
342 843 1286
342 843 1286
1756 1255 1286
1434 847 1286
749 1724 1287
1724 749 1287
1724 105 1287
561 1713 1287
561 557 1287
561 431 1287
561 431 1287
561 342 1287
727 561 1287
830 1748 1287
561 1750 1287
847 1434 1287
431 561 1287
620 27 1287
1750 561 1287
27 620 1287
557 302 1287
557 561 1287
1255 1756 1287
1756 1255 1287
1756 483 1287
1542 818 1288
1 3 1288
1543 1796 1288
847 152 1288
821 483 1289
1675 847 1289
847 843 1289
843 847 1289
1 652 1289
483 821 1290
483 1756 1290
1 3 1290
32 1675 1291
1756 483 1291
1750 561 1291
1127 818 1291
652 1 1291
1052 1796 1292
1543 1675 1292
342 561 1292
1543 561 1292
1543 318 1292
95 175 1292
95 561 1292
105 1724 1293
847 843 1293
12 997 1293
1059 713 1293
1724 105 1293
105 1724 1293
312 1626 1294
1 652 1294
105 1308 1294
1724 105 1294
503 1316 1294
713 1059 1294
1255 1756 1294
1756 1255 1294
1756 503 1294
520 1792 1295
361 1749 1295
1285 1190 1295
167 1758 1295
1543 1343 1295
1543 1582 1295
1543 1312 1295
561 727 1295
561 431 1295
1624 1543 1295
1716 1624 1295
1624 1716 1295
561 1750 1295
561 1750 1295
561 557 1296
1801 1802 1296
561 1750 1296
1801 1800 1296
561 342 1296
561 1543 1296
557 561 1296
561 95 1296
561 557 1296
431 561 1296
431 561 1296
843 847 1296
342 561 1296
1434 847 1296
1312 1543 1296
1312 1543 1296
1485 1756 1297
19 1803 1297
19 1246 1297
1246 19 1297
19 1246 1297
19 1246 1297
561 557 1297
561 431 1297
1246 19 1297
557 561 1297
1542 1246 1297
1246 1542 1297
1246 1542 1297
1542 1246 1297
1542 1246 1297
1246 1542 1297
1542 1246 1297
1246 1542 1297
1542 44 1297
1542 1246 1297
1246 1542 1297
1542 1246 1297
1542 1750 1297
1750 1542 1297
1246 1542 1297
1542 1246 1297
1542 1246 1297
1246 1542 1297
1542 1246 1297
1246 1542 1297
1542 1246 1297
1246 1542 1297
1542 1246 1297
1332 1624 1297
1246 1542 1297
1783 1246 1297
1542 1246 1297
105 1724 1297
1246 1542 1297
431 561 1298
1786 1517 1298
1517 1786 1298
1796 431 1298
1796 1052 1298
1343 1543 1298
431 1796 1298
1343 1517 1298
1786 1517 1298
1626 312 1298
847 1434 1298
847 843 1298
847 1675 1298
1771 1340 1298
1 3 1299
1796 67 1299
1675 847 1299
1675 32 1299
1675 1543 1299
1 3 1299
1762 1281 1300
105 1675 1300
1675 105 1300
1255 1756 1301
415 1343 1302
1756 1485 1302
1543 1312 1302
1543 1312 1302
1543 1624 1302
1543 561 1302
1312 1543 1302
95 1796 1303
95 1246 1303
1246 95 1303
1316 503 1303
1804 1543 1303
1543 1804 1303
1804 1543 1303
105 1675 1303
1543 1675 1303
847 8 1303
1543 1312 1303
312 1626 1303
1624 1332 1304
1624 1543 1304
1308 105 1304
1308 1716 1304
1543 1316 1304
1312 1543 1304
1730 1783 1305
1789 95 1305
1542 1246 1305
1246 1542 1306
1543 1312 1306
1542 1246 1306
1434 847 1306
1543 1624 1306
1246 1542 1306
1624 1543 1306
821 483 1306
27 1285 1306
483 821 1306
1796 1750 1306
105 1308 1306
125 1796 1306
1713 1246 1306
125 131 1306
1783 1730 1307
843 847 1307
1246 1713 1307
561 557 1307
561 431 1307
561 1543 1307
431 561 1307
561 431 1307
821 483 1307
1343 415 1307
1312 1543 1307
44 1542 1307
1796 1343 1307
431 561 1307
1686 1796 1307
1796 1686 1307
27 1686 1307
1686 27 1307
1686 1796 1307
1796 1686 1307
1713 868 1307
1756 144 1307
1542 44 1307
144 1756 1307
1542 1246 1307
1756 144 1308
415 1343 1308
1756 212 1308
95 1789 1308
634 1796 1308
1796 634 1308
193 1805 1308
193 1565 1308
131 125 1308
1796 95 1308
634 1796 1308
1332 1624 1308
847 1434 1308
1624 1332 1308
557 561 1308
1786 1280 1308
1332 1585 1308
27 1686 1308
145 810 1308
341 1338 1308
1308 105 1308
1 312 1308
1 3 1309
1626 312 1309
1081 1342 1311
1756 1255 1312
1543 1624 1312
1543 561 1312
1543 1312 1312
1804 1543 1312
1804 1543 1312
1804 1543 1312
1246 1542 1313
1624 1543 1313
1332 1246 1313
561 1543 1313
1 312 1313
681 1792 1313
681 1789 1313
1312 1543 1314
456 143 1314
727 561 1314
1312 1543 1314
1246 1332 1314
749 1724 1314
1280 1786 1314
95 1246 1314
95 561 1315
1111 1190 1315
95 1796 1315
1603 1127 1315
312 1626 1315
1052 1796 1316
1246 95 1316
1543 1312 1316
1543 1624 1316
1543 561 1316
36 1 1316
224 621 1316
105 1308 1317
1624 1543 1317
1332 1246 1317
1332 713 1317
1796 1052 1317
224 1796 1317
1312 1543 1317
1724 749 1317
494 1436 1318
1246 1332 1318
503 1756 1318
503 1316 1318
503 1316 1318
621 224 1319
1750 538 1319
67 1796 1319
1542 583 1319
1509 847 1322
1332 1246 1323
1285 27 1323
95 1246 1324
95 1246 1324
1127 1603 1324
1246 95 1324
224 770 1325
224 770 1325
224 621 1325
1756 503 1325
1565 193 1325
868 95 1325
95 868 1326
868 95 1326
95 868 1326
868 95 1326
95 868 1326
868 95 1326
95 868 1326
868 95 1326
95 868 1326
868 95 1326
95 868 1326
868 95 1326
1332 1246 1326
538 615 1326
1246 1332 1327
615 538 1327
105 1789 1327
1042 1792 1327
1624 1042 1327
1624 398 1327
1624 95 1327
749 1724 1327
12 1312 1327
503 1756 1327
398 1624 1327
1312 12 1327
1624 398 1328
1783 1624 1328
1624 1783 1328
1783 1624 1328
1783 1624 1328
1624 1783 1328
1624 1783 1328
1783 1624 1328
1624 1783 1328
1783 1624 1328
1542 1246 1328
1724 749 1328
1796 224 1328
193 1565 1328
1343 1796 1329
1343 415 1329
1756 503 1329
1246 1542 1329
1624 1756 1329
621 224 1329
1517 1786 1329
1517 1343 1329
175 95 1329
1796 125 1329
12 1312 1329
12 1343 1329
12 143 1329
415 997 1329
1716 1796 1329
125 1796 1329
503 1756 1330
1542 1246 1333
415 1343 1333
561 1543 1333
561 727 1333
561 95 1333
810 145 1333
810 175 1333
1285 393 1335
1343 12 1335
1343 415 1335
1343 1517 1335
95 1624 1335
1756 1624 1335
1624 95 1335
1624 1756 1335
1756 503 1335
1756 1624 1335
503 1756 1336
393 1285 1336
1285 393 1336
175 810 1336
415 1343 1337
105 615 1337
1781 1783 1337
19 1246 1337
1373 1792 1337
105 1373 1337
105 175 1337
1343 415 1337
105 1781 1338
105 783 1338
1312 12 1338
1781 105 1338
105 1781 1338
105 1624 1338
1624 105 1338
415 1343 1338
105 1624 1338
1781 105 1338
1624 105 1338
105 1781 1338
105 1624 1338
1796 95 1338
1796 1716 1338
105 32 1338
32 105 1338
105 32 1338
32 1675 1338
32 1789 1338
32 125 1338
1783 1781 1338
1781 1783 1338
1783 1781 1338
1781 1783 1338
1783 1781 1338
1781 1783 1338
615 105 1338
1783 1781 1338
1781 1783 1338
1783 1781 1338
105 615 1338
1781 1783 1338
1783 1781 1338
1781 1783 1338
1783 1781 1338
1781 1783 1338
1783 1781 1338
1781 1783 1338
1783 1781 1338
1781 1783 1338
1398 856 1338
1783 1781 1338
1781 1783 1338
1783 1781 1338
32 1255 1338
32 105 1338
105 32 1338
1585 1332 1339
1585 1280 1339
105 1585 1339
1585 105 1339
105 1585 1339
105 44 1339
1343 415 1339
1543 1312 1339
1312 1543 1339
1543 561 1339
1312 1543 1339
1543 1312 1339
1312 1543 1339
1543 1312 1339
1543 1312 1339
1312 1543 1339
1312 1543 1339
1543 1312 1339
1543 1312 1339
1312 1543 1339
95 1246 1339
1312 1543 1339
1543 1312 1339
1312 1543 1339
1312 1543 1339
1543 1312 1339
1312 1543 1339
1543 1312 1339
1312 1543 1339
1543 1312 1339
1312 1543 1339
95 1796 1339
1543 1312 1339
1312 1543 1339
1543 1312 1339
1312 1543 1339
1543 1312 1339
175 105 1339
615 105 1339
1253 492 1339
105 175 1339
105 615 1339
105 1730 1339
415 1343 1339
415 1781 1339
1688 277 1339
393 1285 1339
19 1624 1339
19 1046 1339
1624 19 1339
19 1624 1339
19 1624 1339
19 1806 1339
19 1806 1339
1624 19 1339
19 1624 1339
95 1624 1339
19 1645 1339
19 1645 1339
19 434 1339
615 105 1339
19 1624 1340
19 443 1340
19 443 1340
19 443 1340
105 615 1340
1749 361 1340
19 1749 1340
967 308 1340
1332 1585 1340
1546 1786 1340
1546 1554 1340
1280 1585 1340
1675 32 1342
1675 1543 1342
27 1285 1343
1543 1675 1343
523 585 1343
1624 19 1344
1624 95 1344
713 696 1344
713 1059 1344
639 105 1344
1791 574 1344
1783 523 1344
1059 713 1345
1436 518 1345
1807 3 1345
32 105 1345
1474 1493 1345
1474 1793 1345
1474 1375 1345
32 1675 1345
1756 503 1345
105 32 1345
105 639 1345
1807 3 1346
32 105 1346
95 1624 1346
1624 95 1346
32 1807 1346
1624 697 1346
1807 32 1346
1624 105 1346
1543 639 1346
1543 1808 1346
503 1756 1346
561 1543 1346
105 1624 1346
105 32 1346
1713 503 1346
105 367 1347
770 1021 1347
770 311 1347
105 595 1347
770 595 1347
1285 393 1347
1756 503 1347
1285 27 1347
503 1756 1347
503 1713 1347
1624 105 1347
1756 503 1347
105 1624 1347
1343 415 1347
415 1343 1348
1343 415 1348
1624 105 1348
415 1343 1348
105 1624 1348
415 1343 1348
1624 105 1348
105 1624 1348
1624 105 1348
1624 105 1348
1436 144 1348
105 1624 1348
105 1132 1348
1132 105 1348
105 1132 1348
1624 105 1348
856 1398 1348
105 1624 1348
1132 105 1348
1624 105 1348
144 1436 1348
105 1132 1348
105 1624 1348
105 1771 1348
1545 1332 1349
1332 1545 1349
1686 831 1349
1686 1132 1349
831 1686 1349
1686 831 1349
831 1686 1349
1487 1626 1349
1686 831 1349
831 1686 1349
1398 856 1349
1686 831 1349
105 1027 1349
1686 783 1349
393 1285 1349
831 1686 1349
831 1686 1349
32 105 1349
32 1807 1349
32 1749 1349
32 1809 1349
32 105 1349
105 32 1350
308 967 1350
1543 561 1350
19 1624 1350
503 1756 1350
105 697 1350
1624 19 1350
967 308 1351
105 180 1351
105 1168 1351
180 105 1351
105 180 1352
180 105 1352
105 180 1352
1756 503 1353
302 557 1353
27 1285 1353
586 396 1353
713 1059 1353
3 1807 1353
1 36 1353
1543 1618 1354
503 1756 1354
400 710 1355
1756 503 1355
503 1756 1355
1562 503 1355
1756 503 1355
810 175 1355
727 561 1355
105 1624 1355
1624 105 1355
1686 697 1356
1686 27 1356
27 1686 1356
1624 1810 1356
1373 105 1356
503 1756 1356
503 1562 1356
1756 503 1356
1289 639 1357
768 1280 1357
503 1756 1357
1280 768 1358
1756 503 1358
1717 1026 1358
583 1542 1358
1792 1644 1358
105 1373 1358
105 1624 1358
674 569 1358
1493 1474 1358
1285 1600 1358
1332 1545 1358
1603 1127 1359
431 983 1359
342 1603 1359
260 1783 1359
1132 1686 1359
357 525 1359
1756 245 1359
502 1397 1359
856 1398 1359
1343 415 1359
1343 415 1359
1582 1543 1359
415 1343 1359
1582 1585 1359
19 1624 1359
1730 105 1360
105 1730 1360
1783 1730 1360
1730 1783 1360
1783 1730 1360
1730 1783 1360
1783 1730 1360
1730 1783 1360
1783 1730 1360
605 1698 1360
1783 221 1360
1756 1485 1360
1543 1582 1360
710 400 1360
710 245 1360
503 1756 1360
1562 503 1360
1793 1474 1361
42 1280 1362
1713 3 1362
180 3 1362
67 180 1362
180 67 1362
3 1713 1362
67 180 1362
180 3 1362
3 180 1362
1713 3 1362
180 67 1362
67 180 1362
180 67 1362
67 180 1362
180 67 1362
67 180 1362
180 67 1362
180 67 1362
67 180 1362
105 1132 1362
3 180 1363
1756 503 1363
503 1756 1364
1756 503 1364
1397 502 1365
9 1190 1365
1585 1582 1365
713 1059 1365
63 494 1366
12 1312 1366
12 1343 1366
95 1624 1366
95 175 1366
95 561 1366
95 1190 1366
95 1322 1367
1312 12 1367
1811 525 1367
1543 1312 1367
503 1756 1367
67 697 1367
105 1624 1367
105 561 1367
1624 105 1368
561 95 1368
105 1624 1368
1624 105 1368
525 1811 1368
525 1811 1368
525 357 1368
1811 525 1368
105 1624 1368
1624 105 1368
1343 415 1368
1756 503 1368
105 1624 1368
415 1343 1368
1624 105 1368
105 1624 1368
1624 105 1368
105 1624 1368
1624 105 1368
105 1624 1368
1624 105 1368
105 1624 1368
1624 105 1368
105 1624 1368
1624 105 1368
1132 105 1368
105 1132 1369
105 1624 1369
1132 105 1369
1624 105 1369
105 1132 1369
105 1624 1369
1624 456 1369
1624 105 1369
456 1624 1369
1624 456 1369
105 1624 1369
1624 105 1369
456 1624 1369
456 1624 1369
1624 456 1369
105 1624 1369
1624 456 1369
456 1624 1369
456 1624 1369
1624 105 1369
1624 456 1369
1624 456 1369
105 1624 1369
1624 105 1369
456 1132 1369
456 1624 1369
105 1624 1369
1624 456 1369
1624 105 1369
456 1624 1369
456 1624 1369
1624 456 1369
105 1624 1369
1624 105 1369
105 1624 1369
1624 105 1369
105 1624 1369
1624 105 1369
105 1624 1369
561 1543 1369
1280 42 1369
561 105 1369
105 561 1369
561 727 1369
561 105 1369
1812 1813 1369
1029 1741 1369
105 561 1369
525 1811 1370
1802 1801 1370
1762 1281 1370
538 224 1370
224 538 1370
1190 9 1370
1783 538 1370
224 538 1370
969 1669 1370
1669 969 1370
1281 1762 1370
967 27 1371
538 224 1371
538 1783 1371
538 224 1371
503 1756 1371
1741 1796 1371
1472 847 1371
1756 503 1374
27 967 1374
1543 561 1374
143 12 1375
1042 1624 1375
503 1756 1375
224 538 1375
357 525 1375
357 525 1375
1756 503 1375
1624 1042 1375
1624 1340 1375
713 1059 1376
538 224 1376
12 1312 1376
224 538 1376
1312 12 1376
1312 1543 1376
538 224 1376
224 538 1377
1543 1312 1377
538 224 1377
224 538 1377
272 674 1377
1280 1287 1377
1585 1669 1377
503 1756 1377
1669 1585 1377
1811 1814 1378
244 142 1378
1624 1811 1378
1814 1811 1378
1756 503 1378
1811 1624 1378
1624 1811 1378
175 810 1378
1474 1793 1378
1474 1375 1378
503 1756 1378
1756 503 1378
245 710 1378
1756 1624 1378
1624 1756 1378
1624 105 1378
1756 1624 1378
105 1624 1378
1624 1756 1379
1624 105 1379
105 1624 1379
1756 1624 1379
1624 105 1379
585 523 1379
969 1669 1379
105 1624 1379
1624 1756 1379
1624 105 1379
396 586 1379
1624 224 1379
105 1624 1379
696 713 1379
561 1543 1379
561 105 1379
357 1796 1379
1488 298 1379
1343 415 1379
1343 12 1379
1796 67 1379
105 561 1379
1669 969 1379
1312 1543 1379
561 105 1380
105 561 1380
1582 1543 1380
105 874 1380
1762 1281 1380
1585 1669 1380
494 63 1380
1585 1349 1380
415 1343 1380
1026 1717 1381
423 1026 1381
1026 423 1381
1338 1815 1381
1669 1585 1381
105 1771 1382
105 474 1382
1186 1816 1383
1167 396 1385
1167 809 1385
1543 1582 1385
1543 1312 1385
1543 561 1385
1543 1624 1385
713 696 1385
1312 1543 1386
518 1436 1386
1624 1543 1386
1811 525 1386
298 1488 1386
1786 1344 1386
1436 518 1387
969 1669 1387
503 1756 1387
1543 1312 1387
1543 1624 1387
1756 503 1387
63 494 1387
525 1811 1387
1625 105 1388
1488 298 1388
847 1488 1388
503 1756 1388
1362 1608 1388
1756 503 1388
1603 342 1388
1312 1543 1388
342 1603 1388
456 1313 1388
503 1756 1389
696 713 1389
1312 1344 1389
105 1625 1389
525 357 1389
105 1731 1390
1756 503 1390
1756 1624 1390
1346 1314 1390
1313 456 1390
503 1756 1390
415 1467 1390
1669 969 1391
1756 503 1391
12 1343 1391
12 1312 1391
12 143 1391
1344 1312 1392
1344 1786 1392
1167 1050 1392
503 1756 1393
847 1280 1395
1756 503 1395
1543 1312 1395
494 63 1395
1312 1344 1395
1312 1543 1395
1312 1344 1395
1316 1543 1395
1316 503 1395
518 1436 1396
523 32 1396
523 182 1396
523 1635 1396
523 141 1396
523 1332 1396
523 1149 1396
523 1817 1396
523 629 1396
523 36 1396
523 875 1396
523 612 1396
523 89 1396
523 1806 1396
523 64 1396
523 1114 1396
523 899 1396
523 1818 1396
523 591 1396
523 15 1396
523 1380 1396
523 1182 1396
523 1819 1396
523 1820 1396
523 70 1396
523 44 1396
523 920 1396
523 111 1396
523 172 1396
523 137 1396
523 418 1396
523 1821 1396
523 298 1396
523 1822 1396
523 708 1396
523 1823 1396
523 799 1396
523 1137 1396
523 846 1396
523 1541 1396
523 1566 1396
523 1041 1396
523 1394 1396
523 328 1396
523 334 1396
523 812 1396
523 118 1396
523 1824 1396
523 1825 1396
523 122 1396
523 1592 1396
523 1826 1396
523 1827 1396
523 1343 1396
523 1022 1396
523 1814 1396
1032 523 1396
1624 1756 1396
1814 175 1396
1814 8 1396
1814 523 1397
12 1808 1397
1310 561 1398
105 1789 1398
357 525 1398
1310 1792 1398
396 1472 1398
525 357 1398
1344 1312 1398
431 561 1398
1472 396 1398
1608 1362 1399
143 12 1399
1436 518 1399
1312 1387 1399
12 143 1399
1641 1619 1399
1362 1608 1399
95 626 1400
105 1771 1400
105 367 1400
1808 12 1400
1808 95 1400
12 1808 1400
95 1808 1400
1789 681 1400
1789 1472 1400
1472 1789 1400
1771 105 1400
1789 1472 1400
105 1771 1400
1608 1362 1400
1472 1789 1400
1771 105 1400
105 1771 1400
1771 105 1400
105 1771 1400
1771 105 1400
105 1789 1400
105 1771 1400
1789 105 1400
105 1789 1400
1771 1789 1400
1771 105 1400
1686 1789 1400
105 1771 1400
1789 1686 1400
1789 1771 1400
1789 105 1400
105 1789 1401
1771 1789 1401
1789 1771 1401
1789 105 1401
1771 1789 1401
105 1789 1401
1789 105 1401
105 1789 1401
1789 105 1401
105 1789 1401
1789 105 1401
105 1789 1401
503 1756 1401
1686 27 1401
847 152 1401
152 847 1401
152 847 1401
847 152 1401
152 847 1401
1792 1310 1401
1280 847 1401
1669 1641 1402
1786 1280 1402
393 193 1405
1675 32 1406
1675 1543 1406
1783 1675 1406
1675 1783 1406
1783 1675 1406
95 1403 1407
1052 1796 1407
547 1246 1407
1052 1789 1407
809 1167 1408
1332 523 1408
1808 12 1408
1808 95 1409
1246 547 1409
1280 1786 1409
1783 1183 1410
193 393 1410
1387 1312 1410
561 431 1410
561 1310 1410
561 105 1410
105 561 1410
561 1543 1410
561 105 1410
12 1808 1411
175 1814 1411
1312 1387 1411
1648 719 1411
1167 809 1411
1808 12 1411
1167 809 1411
32 523 1411
32 1675 1411
12 1808 1411
12 32 1411
12 398 1411
431 561 1411
1543 52 1411
1310 561 1412
63 494 1412
1741 783 1412
523 32 1412
523 1332 1412
620 27 1412
809 1167 1412
582 27 1412
1 1626 1413
1675 32 1415
1675 1783 1415
27 620 1415
1808 12 1415
1488 847 1415
1167 809 1416
398 12 1416
398 12 1416
1485 1756 1416
547 1246 1416
1543 1675 1416
620 27 1416
847 1488 1416
1543 561 1416
27 620 1417
809 1167 1417
809 1167 1417
1756 503 1417
1756 1485 1417
1624 456 1417
105 561 1417
768 1280 1417
1167 809 1418
494 63 1418
1814 175 1418
32 1403 1418
105 1395 1418
1540 48 1418
1540 249 1418
12 398 1418
12 868 1418
12 1808 1419
12 1246 1419
1280 768 1419
620 27 1419
27 620 1419
105 697 1419
105 697 1419
1132 341 1419
398 12 1419
105 1624 1419
1624 105 1419
105 1624 1419
1624 105 1419
105 1624 1419
1624 105 1419
105 1624 1419
1624 105 1419
1713 561 1419
105 1624 1420
1756 1629 1420
1624 105 1420
175 1814 1420
105 1624 1420
1624 105 1420
105 1624 1420
1624 105 1420
105 1624 1420
1624 105 1420
105 1624 1420
1624 105 1420
105 1624 1420
868 12 1420
1624 105 1420
12 868 1420
12 868 1420
868 12 1420
12 398 1420
868 12 1420
12 868 1420
398 12 1420
105 1624 1420
12 868 1420
868 12 1420
12 868 1420
868 12 1420
1624 105 1420
12 868 1420
12 398 1420
868 12 1420
1624 398 1420
105 1624 1420
1624 105 1420
12 868 1420
105 1624 1420
868 12 1420
12 868 1420
868 12 1420
12 868 1420
1624 105 1420
398 12 1420
105 1624 1420
868 12 1420
1624 105 1420
12 1624 1420
1624 12 1420
398 1624 1420
12 868 1420
12 1624 1420
1624 398 1420
1624 12 1420
12 1624 1420
1624 12 1420
12 1624 1420
12 868 1420
1624 12 1420
868 12 1420
868 12 1420
398 1624 1420
105 1624 1420
1624 105 1420
1624 398 1420
398 1624 1420
398 1624 1420
1624 398 1420
1624 398 1420
398 1624 1420
1624 398 1420
398 1624 1420
1624 398 1420
398 1624 1420
1624 398 1420
398 1624 1420
1624 398 1420
398 1624 1420
1624 398 1420
398 1624 1420
1624 398 1420
398 1624 1420
398 1624 1420
398 1624 1420
105 1624 1420
1624 398 1420
1624 398 1420
1624 105 1420
105 1624 1420
398 1624 1420
1624 105 1420
1488 847 1420
105 1624 1421
32 12 1421
12 32 1421
1545 1332 1421
1545 1556 1421
1783 204 1422
1217 1344 1422
783 1741 1422
105 1743 1422
847 1021 1422
221 1783 1422
221 1796 1422
105 415 1422
415 105 1422
105 415 1422
105 927 1425
1314 1346 1426
32 12 1427
561 1713 1427
561 105 1427
561 1543 1427
713 696 1427
561 431 1427
561 1310 1427
1789 1052 1427
1789 36 1427
1789 456 1427
1624 456 1427
456 1789 1427
431 561 1428
1167 454 1428
105 561 1428
1362 1608 1428
681 1789 1428
810 175 1428
334 523 1428
1344 1217 1428
41 1828 1428
41 1807 1428
41 176 1429
41 176 1429
41 176 1429
41 176 1429
41 176 1429
41 176 1429
1713 495 1429
12 32 1429
456 1542 1429
1246 547 1430
1783 1246 1430
32 1829 1430
1713 617 1430
175 810 1430
1608 1362 1431
51 1436 1431
970 1641 1431
1698 605 1431
1542 456 1432
1310 561 1432
12 868 1432
1042 1624 1432
63 494 1432
456 1542 1432
456 415 1432
1585 1788 1433
1542 456 1433
1183 1783 1433
1798 1797 1433
503 1756 1433
298 970 1433
456 1542 1436
429 1167 1436
1543 561 1436
1167 429 1436
868 12 1436
1756 503 1436
1556 1545 1436
1237 843 1436
1542 456 1437
415 1676 1437
456 1542 1437
518 1830 1437
1624 1042 1437
193 393 1437
1246 547 1437
547 1246 1438
983 431 1438
249 1540 1438
1542 456 1438
494 63 1438
431 983 1438
456 1542 1439
1436 51 1439
95 1808 1439
582 1436 1439
1624 456 1440
456 1624 1440
1624 456 1440
1624 456 1440
1624 1398 1440
1398 1624 1440
1398 1624 1440
1624 1398 1440
1624 1398 1440
1398 1624 1440
1624 1398 1440
1398 1624 1440
1543 405 1440
1624 1398 1440
1398 1624 1441
1624 1398 1441
1624 719 1441
1127 1749 1441
51 1775 1441
1624 1398 1441
843 1237 1441
1542 456 1441
456 1542 1441
456 1097 1442
1246 547 1442
1783 405 1442
429 1167 1442
415 1343 1442
1624 456 1442
63 494 1442
673 1127 1442
51 1436 1442
1346 1314 1442
1592 523 1442
494 63 1442
673 415 1443
415 673 1443
673 415 1443
415 673 1443
673 415 1443
1815 1338 1443
1641 970 1443
201 143 1443
95 1624 1443
980 1603 1445
523 334 1446
547 1246 1446
1127 105 1447
1127 32 1447
561 1310 1447
561 431 1447
561 1543 1447
1042 1624 1447
1784 3 1447
1624 95 1447
1624 1042 1447
105 1127 1447
32 1127 1448
431 561 1448
431 1831 1448
1831 431 1448
431 1831 1448
145 810 1448
673 32 1448
509 1026 1448
1784 3 1449
1784 3 1449
1167 429 1449
1167 809 1449
810 145 1449
1807 41 1449
1807 289 1449
1807 32 1449
1314 1346 1449
1624 1626 1449
1624 1704 1449
1624 12 1449
1704 1624 1449
1624 1704 1449
809 1167 1450
1626 1624 1450
1026 509 1450
1624 1626 1450
1783 673 1450
1783 1624 1450
1624 1783 1450
1624 456 1450
1246 547 1451
32 673 1451
32 1807 1451
1807 32 1451
12 1831 1451
617 1543 1451
868 12 1451
617 1713 1451
1050 1049 1452
617 431 1452
1050 1454 1452
1783 1231 1452
1485 1756 1452
673 32 1452
673 1783 1452
503 1756 1452
1784 3 1452
431 617 1452
1375 1756 1452
1375 1474 1452
1375 1474 1452
719 1624 1452
1756 503 1452
12 868 1452
1762 1281 1453
1217 1344 1453
1585 393 1453
1285 1000 1453
32 673 1457
32 1831 1457
1543 617 1457
1543 561 1457
1543 1831 1457
95 1624 1457
95 1796 1457
673 32 1457
503 1756 1458
1436 582 1458
1436 51 1458
1624 719 1459
1624 95 1459
95 1624 1459
67 32 1459
308 415 1459
308 967 1459
1624 95 1460
1603 980 1460
1756 503 1460
582 1436 1460
51 1217 1461
1546 32 1461
1624 479 1461
32 1546 1461
32 67 1461
1436 582 1462
95 1624 1462
277 1688 1462
1624 95 1463
1332 1730 1463
1545 1332 1463
63 494 1463
51 1436 1463
1436 51 1463
51 1436 1463
95 1624 1464
12 1312 1464
3 36 1464
3 44 1464
1784 3 1464
1784 3 1464
1784 3 1464
1546 32 1464
799 523 1466
1 3 1467
1784 3 1467
32 1546 1467
443 1543 1468
1312 12 1468
398 673 1468
1042 1624 1468
398 1397 1469
398 1397 1469
1127 32 1469
1127 105 1469
1127 456 1469
582 1436 1469
1397 398 1469
398 1397 1469
456 1127 1469
768 1280 1469
1280 1403 1470
1403 95 1470
1403 1280 1470
1231 1783 1472
1784 3 1472
1784 3 1472
1783 1231 1473
1436 51 1473
1436 582 1473
1741 1832 1473
398 1013 1473
105 1127 1473
1280 1403 1474
1624 95 1474
1624 1042 1474
67 783 1475
617 431 1477
617 1713 1478
1535 1434 1478
1713 617 1479
431 617 1479
1127 105 1479
1543 443 1479
1565 67 1479
983 431 1481
189 44 1481
143 201 1482
1397 398 1482
1315 1724 1482
503 1756 1482
334 523 1482
1434 1535 1483
1343 415 1483
673 1403 1483
398 1397 1483
95 1624 1483
398 697 1483
1676 415 1483
398 1644 1483
398 1676 1483
398 1676 1483
1676 398 1483
398 1676 1483
1676 398 1483
1724 1315 1483
1783 1724 1483
1724 1783 1483
1546 1786 1483
1624 95 1483
398 1624 1483
1231 1783 1484
1796 95 1484
1587 673 1484
673 1587 1485
1403 673 1487
1756 503 1488
1786 1280 1488
809 308 1488
1644 398 1489
1644 456 1489
456 1644 1489
431 1587 1489
456 1644 1489
1644 456 1489
1644 456 1489
398 1644 1489
1783 1231 1489
357 1403 1489
1644 398 1489
1231 1783 1490
249 1026 1490
398 1644 1490
398 1644 1490
1783 1231 1490
1190 394 1490
1624 398 1490
1315 1724 1491
398 1624 1491
1013 398 1491
1403 357 1491
32 1127 1491
1783 697 1491
204 1783 1492
423 447 1492
429 1167 1492
9 1644 1492
1026 249 1493
1253 1168 1493
1167 429 1493
503 1756 1493
415 1343 1493
456 1132 1493
456 1132 1493
1624 456 1493
357 1403 1493
456 1132 1494
1168 1253 1494
105 1127 1494
1624 105 1494
198 1565 1494
970 1641 1494
1280 1786 1494
105 1624 1494
67 1809 1494
1562 1517 1494
1517 1562 1494
1231 1783 1494
289 1807 1494
970 1565 1495
557 302 1496
617 1713 1497
617 431 1497
1403 357 1498
3 32 1499
357 1403 1499
431 617 1499
95 1624 1499
95 1796 1499
95 561 1499
1644 9 1499
1644 398 1499
1624 95 1500
1756 1375 1500
1783 1231 1501
67 1403 1501
1756 503 1501
36 1789 1501
503 1756 1501
398 1644 1501
697 1783 1501
1403 67 1501
1127 1227 1501
12 1312 1502
1831 32 1502
12 1624 1502
1624 12 1502
1831 1543 1502
32 3 1502
12 1624 1502
1831 12 1502
398 1644 1502
1756 503 1502
1624 12 1502
183 1676 1502
105 1831 1502
1724 1315 1503
1312 12 1503
105 1624 1503
1624 105 1503
95 1624 1503
1624 95 1503
95 1624 1503
1831 105 1503
1808 95 1503
1624 95 1503
1783 697 1503
1713 617 1503
1831 1752 1503
105 1831 1503
105 1624 1503
1831 105 1503
105 1831 1504
357 1403 1504
456 1132 1504
67 1675 1504
398 1781 1504
1781 398 1504
447 423 1504
398 1781 1504
1079 27 1504
398 1781 1504
1079 27 1504
398 447 1504
398 90 1504
1517 710 1505
983 1079 1505
1231 1783 1505
1079 983 1506
710 1517 1506
27 1079 1507
1543 1831 1508
1789 456 1509
1789 681 1509
1789 36 1509
847 1132 1510
1644 398 1510
1132 456 1511
1132 847 1511
697 642 1511
67 1831 1511
67 1403 1511
1403 357 1511
1403 67 1511
67 1403 1511
642 697 1512
1403 67 1512
1079 27 1512
398 1644 1512
398 1644 1512
1644 398 1512
398 1644 1512
1752 1831 1512
1097 456 1512
1781 398 1513
1624 1781 1513
605 1698 1513
1624 520 1513
1676 183 1513
1676 183 1513
36 1789 1513
983 1079 1513
983 985 1513
1783 1231 1514
1783 1831 1514
1406 260 1514
1831 1783 1514
697 642 1514
1231 1783 1514
1248 131 1514
1783 1831 1514
1783 1231 1514
1789 36 1514
1789 32 1514
1789 44 1514
847 1132 1515
398 1781 1515
642 697 1515
32 1789 1515
67 32 1515
51 1436 1516
1517 710 1516
1 312 1518
1 132 1518
1675 67 1518
1756 1675 1518
697 642 1519
1079 983 1519
32 67 1519
1756 1624 1520
1624 1756 1520
1756 1624 1520
1831 1783 1520
1789 32 1521
1231 1783 1521
561 95 1521
1783 1831 1522
561 1543 1522
1543 561 1523
1624 1756 1523
1756 1624 1523
1624 1756 1523
1756 1624 1523
1624 1756 1523
1756 1624 1523
398 1624 1523
1624 398 1523
398 1624 1523
132 1 1523
1624 398 1523
398 1624 1523
1756 1624 1523
1624 398 1523
1624 1756 1523
1756 1624 1523
1624 1756 1523
1756 1624 1523
1624 1756 1523
398 1624 1523
1624 398 1523
398 1624 1523
32 1789 1523
1624 398 1523
1624 1398 1523
398 1624 1523
561 1750 1524
1543 1312 1524
1 132 1524
1562 1517 1525
1807 289 1525
1474 1375 1525
1644 1758 1526
617 1713 1529
1675 1756 1529
342 27 1530
1756 1675 1530
27 342 1530
132 1 1530
312 1 1530
557 561 1531
1624 557 1531
983 1079 1532
1127 1573 1532
342 561 1532
1758 1644 1532
847 1488 1533
1 312 1533
561 557 1533
561 342 1533
1756 1833 1533
843 1834 1534
843 1835 1534
1675 1756 1534
810 1792 1534
1042 1624 1534
1042 1675 1535
697 492 1535
1132 847 1535
42 1724 1535
42 27 1535
1644 1758 1535
1644 398 1535
1644 1758 1535
67 1403 1535
398 1644 1535
1434 1312 1535
710 1517 1535
1675 1042 1536
847 1132 1536
456 1132 1539
809 1167 1540
1359 1343 1540
620 27 1541
1713 617 1541
393 1585 1541
1836 1291 1541
1836 1321 1541
1836 1393 1541
1836 375 1541
1836 143 1541
1836 697 1541
1836 398 1541
1836 1340 1541
1836 699 1541
398 1836 1541
398 1836 1541
1629 1756 1541
1836 398 1542
398 1836 1542
1836 398 1542
95 1403 1542
398 1836 1542
1836 398 1542
398 1836 1542
95 1808 1542
95 1624 1542
1624 95 1542
95 1624 1542
1624 95 1542
95 1624 1542
1836 398 1542
1836 1249 1542
95 561 1542
95 1452 1542
681 1837 1542
557 1624 1543
145 810 1543
1332 1737 1543
557 561 1543
1281 1762 1543
1332 1312 1543
1624 557 1543
1312 1434 1543
1312 1332 1543
503 1756 1544
699 1836 1544
398 1836 1544
1758 1644 1544
1758 1644 1545
1758 1644 1545
260 1406 1545
67 1675 1545
617 1713 1545
770 639 1545
770 617 1545
617 770 1545
1167 809 1546
1750 561 1546
1675 67 1547
1132 847 1549
1132 456 1549
1 1626 1550
1 312 1550
1626 1 1551
1756 503 1551
1756 1675 1551
1756 1629 1551
312 1 1551
1626 312 1551
312 1626 1551
1626 312 1551
557 1624 1551
312 1626 1551
1626 312 1551
312 1626 1551
1626 312 1551
312 1626 1551
1624 557 1551
193 1565 1551
557 1624 1551
1624 557 1551
1624 557 1551
557 1624 1551
1626 312 1551
67 1675 1552
1624 341 1552
341 1624 1552
394 1190 1553
1624 341 1553
810 175 1553
1624 1052 1553
1624 810 1553
1052 1624 1553
1624 1052 1553
1624 755 1553
146 3 1553
1781 755 1553
1675 67 1553
1675 1756 1553
1675 67 1553
1624 105 1553
3 146 1554
3 146 1554
1 312 1554
1644 1758 1554
697 808 1554
1624 1811 1554
1624 95 1554
1756 1781 1554
95 1624 1554
1756 1675 1554
561 1750 1554
561 557 1554
1282 1543 1554
561 95 1554
431 561 1554
1 1626 1554
1 132 1554
697 95 1554
1783 710 1554
27 42 1554
27 620 1554
1724 42 1555
1811 1624 1555
1624 1811 1555
1800 44 1555
1332 1312 1555
1836 536 1555
1800 1801 1555
1657 1624 1555
1543 975 1555
1624 1657 1555
1624 725 1555
1781 1756 1555
429 1720 1555
429 1700 1555
429 372 1555
146 3 1555
44 1 1555
1 44 1555
44 1 1555
1 44 1556
44 1 1556
1406 843 1556
621 830 1556
621 1647 1556
32 1838 1556
1836 398 1556
843 1406 1556
398 1836 1556
1792 1052 1556
1 44 1556
1434 1312 1556
105 1624 1557
3 1649 1557
847 1132 1557
1750 561 1557
536 1836 1559
1756 429 1559
1127 1340 1560
52 1543 1560
1641 970 1560
1237 843 1560
1038 132 1560
1052 1792 1560
1756 1781 1560
557 561 1560
1543 1282 1560
1543 52 1561
1543 109 1561
1675 1543 1561
1771 1127 1561
1312 1434 1561
27 652 1561
9 1644 1561
9 1190 1561
9 1255 1561
9 1255 1561
9 1255 1561
9 1255 1561
9 1308 1561
9 1839 1561
9 1839 1561
561 557 1562
561 1750 1562
398 1624 1562
1624 398 1562
561 431 1562
1543 1675 1562
1750 561 1562
1543 1637 1562
557 561 1562
398 1624 1562
503 1756 1562
652 27 1562
27 652 1562
1644 9 1563
42 27 1563
1700 429 1563
1052 635 1563
1052 420 1563
1750 561 1563
697 1517 1563
652 27 1563
1756 503 1563
1791 1724 1563
1791 32 1563
1839 9 1564
620 27 1564
1839 681 1564
1079 983 1564
1624 398 1564
398 1624 1564
1624 398 1564
398 1624 1564
1700 1839 1564
1839 1700 1564
1700 1839 1564
1839 1700 1564
1700 1839 1564
1839 1700 1564
1700 1839 1564
503 1756 1564
398 1624 1564
1624 398 1564
1624 398 1564
398 1624 1564
1624 398 1564
398 1624 1564
398 1624 1564
1624 398 1564
1624 398 1564
398 1624 1564
398 1624 1564
1624 398 1564
1624 398 1564
1839 1700 1564
398 1624 1564
1624 398 1564
1406 843 1564
398 1624 1564
398 1624 1564
1624 346 1565
1624 398 1565
398 1624 1565
1624 398 1565
1624 1052 1565
1624 1700 1565
398 1624 1565
1624 398 1565
1700 1624 1565
1624 1700 1565
398 1624 1565
1619 1644 1565
1700 1624 1565
398 1624 1565
1644 1619 1565
1724 1791 1565
429 1700 1565
1700 429 1565
475 341 1565
1312 1 1565
1535 303 1565
1403 95 1565
1535 1434 1566
1756 503 1566
1 1312 1566
1657 1624 1566
1756 1565 1566
1783 536 1566
681 1839 1566
1657 536 1566
681 1839 1566
1789 32 1566
1543 1839 1566
1434 1312 1566
1789 1052 1566
1565 1756 1566
975 1543 1566
1624 1700 1566
1624 398 1566
1624 398 1566
1624 1657 1566
95 697 1566
1781 1756 1566
95 1649 1566
843 1237 1566
1227 1127 1567
431 561 1567
1756 1565 1570
1756 1781 1570
561 557 1570
398 1624 1570
27 652 1570
27 620 1570
1781 1756 1570
398 1781 1570
1781 398 1571
652 27 1571
1756 1781 1571
652 1565 1571
398 1781 1571
1543 975 1571
1312 1434 1571
1312 1 1571
652 1372 1571
652 1208 1571
1639 1737 1571
1474 1375 1571
1839 681 1571
557 561 1572
1624 398 1572
810 1624 1572
536 1783 1572
536 1657 1572
140 557 1572
809 1167 1573
303 1535 1573
27 42 1573
1167 809 1573
697 95 1573
95 1839 1573
95 697 1573
95 561 1573
561 557 1573
561 95 1573
1629 1756 1573
1291 1836 1574
27 652 1574
1291 1836 1574
1783 244 1574
1756 1629 1574
1781 1756 1574
1781 398 1574
1282 1543 1574
503 1756 1574
469 1781 1574
469 503 1574
469 1181 1574
469 175 1574
1783 1649 1574
1565 492 1574
1756 1781 1574
1756 503 1574
1624 810 1574
1624 1075 1574
398 1624 1575
398 1781 1575
1118 1737 1575
1052 1789 1575
1517 697 1575
710 1783 1575
681 1839 1575
697 95 1575
697 1517 1575
95 1840 1575
95 697 1575
32 1789 1576
697 95 1576
429 1700 1576
503 1756 1576
503 469 1576
447 398 1576
1836 1291 1576
398 447 1576
398 1836 1576
1158 1072 1577
1836 398 1577
1434 1312 1577
809 1167 1577
1756 1624 1580
1127 1227 1580
1167 809 1581
1237 843 1581
398 1836 1581
1237 398 1581
843 1237 1581
843 1406 1581
843 1237 1581
1781 469 1581
1781 1756 1581
1781 398 1581
652 27 1581
1543 1282 1582
812 523 1582
1434 1312 1582
1308 9 1582
1434 1535 1582
1624 1756 1582
1624 1168 1582
1168 1624 1582
1624 1168 1582
1619 143 1583
1624 1168 1583
1168 1624 1583
1624 1168 1583
1624 1052 1583
1624 805 1583
1624 1168 1583
1168 1624 1583
1168 1624 1583
1624 1168 1583
1624 1168 1583
1756 1624 1583
1168 1624 1583
1624 1756 1583
1624 1168 1583
1756 1781 1583
1756 1624 1583
1168 1624 1583
1624 1168 1583
1624 1756 1583
1756 503 1583
1756 1624 1583
1312 1434 1584
1312 1434 1584
509 1026 1584
1839 681 1584
1839 95 1584
1839 1397 1584
509 1839 1584
1839 509 1584
681 1839 1584
509 1839 1584
509 316 1584
1624 1626 1584
983 1079 1585
1624 1168 1585
1168 1624 1585
1624 1168 1585
1168 1624 1585
1624 1168 1585
1168 1624 1585
1624 1168 1585
1168 1624 1585
1168 1624 1585
1624 1168 1585
1624 95 1585
1168 1624 1585
1624 1168 1585
1624 1052 1585
1168 1624 1585
1624 1168 1585
1624 474 1585
474 1624 1585
1168 1624 1585
1624 1168 1585
474 105 1585
1168 1624 1585
1624 474 1585
1624 1168 1585
1168 1624 1585
809 1167 1585
1624 1168 1585
105 474 1585
1168 1624 1585
1624 1168 1585
1168 1624 1585
398 1781 1585
398 1237 1585
1168 1624 1585
1811 1624 1585
1624 1168 1585
1624 1811 1586
1624 1168 1586
1624 812 1586
9 1644 1586
9 1839 1586
1488 847 1586
1601 1402 1586
1811 525 1586
1601 1338 1586
1601 1279 1586
525 1811 1586
1644 9 1586
1601 114 1586
1601 318 1586
1781 398 1586
1781 1756 1586
12 1831 1587
398 1781 1587
12 1624 1587
9 1644 1587
12 1644 1587
9 1308 1587
12 974 1587
1601 1781 1587
1601 1505 1587
1781 1601 1587
1781 398 1587
1601 1781 1587
398 1781 1587
1601 1675 1587
1434 1312 1587
1601 553 1587
1836 1839 1587
469 1217 1587
469 1781 1587
469 503 1587
469 525 1587
341 475 1587
1720 429 1587
1565 652 1587
1644 9 1587
1644 12 1587
1624 12 1588
1406 1649 1588
970 1641 1588
1831 12 1591
1781 1601 1591
1781 398 1591
1781 469 1591
398 1781 1591
652 1565 1591
27 652 1591
652 27 1591
1781 398 1592
1000 1285 1592
1624 456 1592
456 1624 1592
1308 9 1592
652 585 1592
398 1781 1593
143 1619 1593
1255 9 1593
492 1565 1593
1452 95 1593
95 1452 1593
95 1839 1593
1452 95 1593
95 1403 1593
1452 346 1593
95 1452 1593
492 1565 1593
1452 95 1593
95 1452 1594
1624 456 1594
1540 1700 1594
1540 1725 1594
1314 1346 1594
456 105 1594
503 1756 1594
503 469 1594
1756 503 1595
1181 469 1595
1756 1781 1595
1181 469 1595
1181 9 1595
1781 398 1595
1781 1756 1595
1756 1781 1595
1624 1349 1595
525 469 1595
525 1811 1595
1624 492 1595
1624 652 1595
652 1624 1595
1624 652 1595
398 1781 1595
1811 525 1596
1217 1841 1596
1811 1624 1596
1624 1811 1596
1624 398 1596
398 1624 1596
1781 1756 1596
1781 398 1596
95 697 1596
398 1781 1596
398 1624 1596
398 1624 1596
105 456 1596
105 1831 1596
1675 1601 1596
821 483 1596
1601 1675 1596
1237 673 1597
1413 454 1597
1413 969 1597
1413 969 1597
1282 1543 1597
1565 652 1597
1231 1783 1598
483 821 1599
1756 1781 1601
1132 847 1601
27 652 1601
1624 398 1601
1624 1175 1601
1781 398 1602
1781 1756 1602
312 1 1602
312 1 1602
1756 1781 1602
1543 1282 1602
394 1190 1602
1282 1543 1602
557 561 1602
557 140 1602
1543 1312 1602
697 95 1603
652 1565 1603
652 27 1603
1397 1839 1603
710 1283 1603
1167 1540 1603
1624 544 1603
1624 1168 1603
1624 557 1603
1168 1624 1603
1839 1836 1603
1624 1168 1603
1839 509 1603
1168 1624 1603
1839 95 1603
1839 1397 1603
1168 1624 1603
1783 1231 1604
1540 1543 1604
1624 1168 1604
1624 1168 1604
1624 1168 1604
1168 1624 1604
1624 1168 1604
1168 1624 1604
1624 1168 1604
1168 1624 1604
1168 1624 1604
1168 1624 1604
1624 1168 1604
1624 1168 1604
1168 1624 1604
1624 1168 1604
1168 1624 1604
1624 1168 1604
1168 1624 1604
1624 1168 1604
1168 1624 1604
1624 1168 1604
1168 1624 1604
1624 1168 1604
1168 1624 1604
1624 1168 1604
1168 1624 1604
1052 1624 1604
1624 1168 1604
1624 1052 1604
1052 1624 1604
1624 1052 1604
1168 1624 1604
1624 1168 1604
1168 1624 1604
1624 1168 1604
1168 1624 1604
1624 1168 1604
1168 1624 1604
1624 1168 1604
1168 1624 1604
95 1839 1605
95 697 1605
1624 1168 1605
95 1842 1605
95 1837 1605
95 924 1605
95 1767 1605
1543 1540 1605
1624 155 1606
1175 1624 1606
211 1 1606
211 93 1606
211 673 1606
1 312 1606
1 312 1606
1 211 1606
1 312 1607
697 95 1607
1629 346 1607
398 1291 1607
1291 398 1607
398 1291 1607
1291 398 1607
398 1291 1607
1291 398 1607
1312 1543 1607
398 1291 1607
1291 398 1607
398 1291 1607
1291 398 1607
398 1291 1607
1291 398 1607
97 1748 1607
318 1601 1608
1338 1601 1608
1540 1167 1608
1540 1543 1608
585 652 1608
312 1 1611
1713 495 1612
1285 1000 1614
1285 27 1614
1836 1026 1614
1727 143 1615
1730 828 1615
1783 1626 1615
1540 1836 1616
346 1629 1616
95 1843 1616
652 585 1616
585 652 1616
652 585 1617
1844 1839 1617
1844 1845 1617
1844 1843 1617
821 483 1618
1624 1175 1619
1167 1540 1619
1167 1540 1619
503 1756 1619
244 1783 1623
143 1727 1623
95 561 1624
557 1624 1624
1727 143 1624
51 1436 1624
1626 1783 1624
44 1846 1625
1624 557 1625
398 1730 1625
398 1730 1625
1624 398 1625
398 1624 1625
1624 398 1625
398 1730 1625
398 1624 1625
398 1624 1625
1624 398 1625
1624 398 1625
1624 281 1625
1624 1758 1626
398 1624 1626
1624 398 1626
398 1624 1626
1624 398 1626
561 95 1626
1624 1349 1626
1624 398 1626
398 1624 1626
398 1624 1626
1624 398 1626
398 1624 1626
1624 398 1626
398 1624 1626
398 1624 1626
1624 398 1626
1624 398 1626
398 1624 1626
1624 398 1626
398 1624 1626
1624 398 1626
398 1624 1626
1624 398 1626
398 1624 1626
1624 398 1626
398 1624 1626
1624 398 1626
398 1624 1626
1624 398 1626
398 1624 1626
1624 398 1626
398 1624 1626
1624 398 1626
398 1624 1626
1624 398 1626
398 1624 1626
398 1624 1626
1624 398 1626
398 1624 1626
1624 398 1626
398 1624 1626
398 1624 1626
1624 398 1626
1624 398 1626
398 1624 1626
1624 398 1626
1624 271 1626
398 1624 1626
1624 398 1626
398 1624 1626
1403 95 1627
1543 1847 1627
1543 1848 1627
1758 1624 1627
492 145 1627
95 1849 1627
44 1850 1627
44 1851 1627
143 1727 1627
155 1624 1627
1624 155 1628
1730 398 1628
1730 398 1628
1730 398 1628
398 1730 1628
398 1730 1628
398 1730 1628
1540 1167 1628
1848 1543 1628
1852 44 1628
475 341 1629
323 298 1629
1167 1847 1632
1167 1848 1632
1167 97 1632
1167 1853 1632
1543 1848 1632
1543 1540 1632
27 652 1633
175 810 1633
1756 503 1634
509 1839 1635
509 1026 1635
1758 1845 1636
1543 710 1636
520 1624 1636
810 175 1637
1852 1344 1637
1601 1246 1637
44 1852 1637
1026 509 1637
492 710 1638
1854 224 1639
1624 520 1639
1624 1362 1639
1220 27 1639
1624 1601 1639
1391 1741 1639
1601 784 1639
755 1624 1639
1624 755 1639
755 1624 1639
1 3 1639
1 3 1639
710 492 1640
710 1281 1640
27 1220 1642
1291 1836 1643
557 1624 1643
1750 561 1643
1167 1280 1643
224 1854 1643
224 1644 1643
1724 1237 1643
1624 755 1644
1624 557 1644
1344 1852 1644
211 1 1644
1362 1624 1644
1362 1624 1644
561 1750 1644
1750 561 1644
1644 224 1645
1647 621 1645
281 1624 1645
1281 710 1645
1543 1855 1645
224 1644 1645
367 105 1645
367 317 1645
1343 1796 1646
97 1167 1646
492 1181 1647
1 211 1647
652 27 1647
1624 1362 1647
1624 1362 1647
1624 281 1647
561 1750 1647
492 1565 1647
492 1644 1647
1246 1601 1647
492 1021 1647
492 61 1647
1644 492 1647
1644 224 1647
492 1644 1647
1644 492 1647
1852 1344 1648
697 1472 1648
1472 697 1648
1601 711 1649
710 1281 1649
224 1644 1649
1657 36 1649
1657 36 1649
1657 1624 1649
1624 1657 1649
1624 1657 1649
1657 366 1649
1657 1675 1649
1657 1731 1649
1220 27 1650
1848 1543 1650
1344 1852 1650
105 367 1650
1543 1848 1653
509 1026 1653
1362 1624 1654
1 1626 1654
1644 224 1654
224 1644 1654
1626 1 1654
1644 224 1654
1237 1724 1654
32 1856 1655
32 1857 1655
1624 1362 1655
1852 1781 1656
1724 1237 1656
1852 1724 1656
1601 1118 1656
1601 1858 1656
1601 1768 1656
42 1724 1657
1181 492 1657
224 1644 1657
1724 42 1657
1724 1852 1657
1601 143 1658
1781 1852 1658
1781 1657 1658
792 1190 1659
443 520 1659
492 747 1659
523 812 1659
523 334 1659
652 1130 1659
95 1859 1659
1859 95 1659
95 1859 1659
1859 95 1659
95 1859 1659
1859 95 1659
95 1859 1659
1601 1859 1659
1859 95 1659
1859 1601 1659
1624 95 1659
95 1859 1659
95 1624 1659
1624 95 1659
1859 95 1659
1 1626 1659
95 1859 1659
1859 95 1659
95 1859 1659
1859 95 1659
95 1859 1660
1859 95 1660
143 1601 1660
843 1167 1660
1860 494 1660
1543 1861 1660
697 1472 1663
1052 1859 1664
12 1831 1665
12 1644 1665
199 959 1665
1852 1781 1665
1052 1624 1665
1781 1852 1665
1859 1052 1665
1624 1052 1665
1624 1862 1665
1852 697 1665
145 492 1666
1644 224 1666
1852 1781 1666
492 145 1666
1624 398 1666
398 1624 1666
1624 398 1666
398 1624 1666
398 1624 1666
9 1181 1666
1034 697 1666
9 1308 1666
95 697 1666
9 1644 1666
9 1255 1666
95 1403 1666
697 95 1666
697 95 1666
95 561 1666
95 697 1666
95 697 1666
697 95 1666
95 697 1666
1601 1859 1666
95 697 1667
1624 398 1667
1624 234 1667
398 1624 1667
334 523 1667
1781 1657 1667
1052 1859 1667
719 1641 1667
1624 1781 1668
1796 1343 1669
1181 9 1669
342 1848 1669
1601 973 1669
1472 697 1669
1836 1540 1669
398 828 1669
1836 1863 1669
9 1181 1670
1 312 1670
1859 1601 1670
1859 1052 1670
1860 993 1671
503 1756 1671
1601 1859 1672
1601 143 1672
1601 1246 1672
1601 1781 1672
1848 342 1673
1848 1543 1673
342 1848 1673
1859 1601 1673
143 1601 1674
1601 143 1674
1781 1601 1674
1308 9 1674
1237 1167 1675
9 1308 1675
586 396 1675
1644 9 1675
1624 105 1675
1624 1168 1675
1624 398 1675
1168 1624 1675
1624 95 1675
1624 1168 1675
1624 1168 1675
1168 1624 1675
1624 1168 1675
1168 1624 1675
1624 1168 1675
1168 1624 1675
398 1624 1675
1624 1168 1676
1624 398 1676
1168 1624 1676
398 1624 1676
1624 1168 1676
1624 398 1676
1624 1727 1676
1168 1624 1676
1624 1168 1676
1168 1624 1676
1624 1862 1676
1624 1168 1676
1727 1624 1676
1168 1624 1676
1624 1727 1676
1624 1168 1676
1168 1624 1676
1624 1168 1676
1727 1624 1676
1624 1626 1676
1624 1727 1676
1727 143 1676
1727 1624 1676
1727 1624 1676
1168 1624 1676
1624 1864 1676
1624 1727 1676
1624 1727 1676
1624 1168 1676
1168 1624 1676
1624 1864 1676
1624 1168 1676
1168 1624 1676
1624 1285 1676
1624 1168 1676
1168 1624 1676
1624 1168 1676
1168 1624 1676
1624 1168 1676
1168 1624 1676
1601 701 1676
1624 1168 1676
1624 1052 1676
1052 1859 1676
1052 1624 1676
1624 1052 1676
1168 1624 1676
1624 1168 1676
1052 1624 1676
1168 1624 1676
1624 1052 1676
1624 1168 1676
1052 1624 1676
1168 1624 1676
1626 1624 1676
1624 1052 1676
1624 1168 1676
1624 1626 1676
1168 1624 1676
1624 1168 1676
1168 1624 1676
1624 1168 1676
1168 1624 1676
1624 1168 1676
1168 1624 1676
1624 1168 1676
1168 1624 1676
1624 1168 1676
1168 1624 1676
1624 1168 1676
1168 1624 1676
1543 1848 1676
1543 1865 1676
1624 1168 1676
1168 1624 1676
1675 1657 1676
1624 1168 1676
1168 1624 1676
1624 1168 1676
1168 1624 1676
1624 1168 1676
1168 1624 1676
1624 1168 1676
1168 1624 1676
1624 1168 1676
1168 1624 1676
1624 1168 1676
1168 1624 1676
1624 1168 1676
1168 1624 1676
1624 1168 1676
1756 503 1676
1168 1624 1676
1624 1168 1676
1624 1866 1676
1168 1624 1676
1624 1168 1676
1866 1624 1676
1168 1624 1676
1624 1866 1676
1866 1624 1676
1624 1168 1676
1624 1866 1676
1168 1624 1676
1624 1168 1676
1866 1624 1676
1168 1624 1676
1624 1866 1676
1624 1168 1676
1866 1624 1676
1866 1624 1676
1168 1624 1676
1624 1866 1676
1624 1866 1676
1624 1168 1676
1866 1624 1676
1168 1624 1676
1866 1624 1676
1624 1866 1676
1624 1168 1676
1624 1866 1676
1866 1624 1676
1168 1624 1676
1624 1866 1676
1624 1168 1676
1866 1624 1676
520 443 1676
1866 1624 1676
1624 1866 1676
1624 1866 1677
1624 520 1677
1866 1624 1677
1624 1866 1677
1866 1624 1677
1866 1624 1677
1624 1866 1677
1624 1866 1677
1866 1624 1677
1866 1624 1677
1624 1866 1677
1866 1624 1677
1624 1866 1677
1624 1866 1677
1866 1624 1677
1866 1624 1677
1624 1866 1677
1624 1866 1677
1866 1624 1677
1624 1866 1677
1866 1624 1677
1624 1866 1677
1866 1624 1677
1866 1624 1677
1168 1624 1677
1624 1168 1677
1168 1624 1677
1624 1168 1677
1168 1624 1677
1168 1624 1677
1624 1168 1677
32 1675 1677
143 1727 1677
143 1601 1677
1862 1624 1677
1624 1862 1677
1231 1783 1677
509 1097 1677
509 1839 1677
1181 9 1677
398 1624 1678
1811 1624 1678
1783 1231 1678
843 1237 1678
1859 1052 1679
1280 1167 1679
1624 398 1680
1624 1811 1680
969 1867 1681
479 1540 1681
479 1546 1681
1546 479 1681
95 1624 1684
9 1181 1684
1052 1859 1685
1724 785 1685
1724 1836 1685
1624 95 1685
1601 143 1686
398 1624 1686
719 1868 1686
447 398 1687
398 447 1687
1869 1862 1687
1862 1869 1687
1859 1052 1687
1 36 1688
1624 1866 1688
36 1 1688
1 36 1689
36 1 1689
9 1644 1689
1543 256 1689
1783 645 1689
1868 719 1689
1675 32 1689
1675 32 1689
1868 719 1690
1868 1338 1690
1619 1343 1690
1750 561 1691
1543 1870 1691
1 312 1692
1836 1724 1694
32 1675 1695
536 927 1695
312 1 1695
711 1601 1695
711 1868 1695
557 1624 1696
1724 1836 1696
1308 9 1696
1246 1601 1696
95 1624 1696
1118 1601 1697
1624 95 1697
398 1624 1697
9 1308 1698
9 708 1698
9 899 1698
1624 398 1698
9 1380 1698
1624 810 1698
1624 1862 1698
1624 1781 1698
398 1624 1698
1624 398 1698
398 1624 1698
1624 398 1698
1781 1624 1698
398 1624 1698
1624 1781 1698
1624 1601 1698
398 1624 1698
1781 1624 1698
1624 398 1698
1624 1781 1698
1781 1624 1698
1624 1781 1698
1675 32 1698
1624 1781 1698
1624 1772 1698
1344 1312 1698
1624 810 1698
810 1624 1698
810 1624 1698
1624 810 1698
1624 810 1698
810 1624 1698
1624 645 1698
810 1624 1698
1624 810 1698
810 1624 1698
810 1624 1698
1624 810 1698
1624 810 1698
1624 1868 1698
810 1624 1698
1868 1624 1698
1387 1312 1698
1868 711 1698
810 1624 1698
1624 810 1698
1624 1868 1698
810 1624 1698
1624 810 1698
1624 810 1698
1868 1624 1698
1624 1868 1699
1624 1871 1699
810 1624 1699
1871 1624 1699
1624 810 1699
1868 1624 1699
1624 1871 1699
1624 1868 1699
1871 1624 1699
1624 1871 1699
1871 1624 1699
1624 1871 1699
1871 1624 1699
1624 1871 1699
1868 1624 1699
810 1624 1699
1624 1868 1699
1624 810 1699
810 1624 1699
1624 810 1699
1868 1624 1699
810 1624 1699
1624 1868 1699
1624 810 1699
1868 1624 1699
1624 1868 1699
810 1624 1699
1624 810 1699
1868 1624 1699
1624 1868 1699
810 1624 1699
1868 1624 1699
1624 810 1699
1624 1868 1699
810 1624 1699
1624 810 1699
1624 1868 1699
1868 1624 1699
810 1624 1699
1624 1868 1699
1624 810 1699
810 1624 1699
561 1750 1699
1868 1624 1699
1624 810 1699
398 1624 1699
398 1624 1699
1624 1868 1699
1624 398 1699
1624 1868 1699
1624 810 1699
398 1624 1699
810 1624 1699
1872 810 1699
1872 810 1699
1872 1868 1699
1836 1724 1700
1868 1872 1700
9 1781 1700
620 27 1700
494 1860 1700
443 520 1700
1190 792 1700
1190 9 1700
899 9 1700
1750 561 1701
821 483 1701
821 583 1701
821 483 1701
105 1624 1702
105 1127 1702
27 620 1704
9 899 1704
9 1190 1704
1312 1387 1704
1312 1344 1704
561 1750 1705
1052 711 1705
1052 701 1706
1 312 1706
768 1280 1706
145 492 1707
620 27 1707
1344 1312 1707
1601 711 1707
1601 711 1707
1 312 1708
1601 1118 1708
1181 9 1708
492 1181 1708
492 1181 1708
1601 1872 1708
9 1181 1708
1750 561 1708
1868 1052 1708
1624 810 1708
1624 1868 1708
1781 9 1708
1781 1624 1709
1624 1781 1709
1624 1052 1709
1624 1052 1709
312 1 1709
1724 1836 1709
1624 1601 1709
1624 1727 1709
785 1724 1709
1280 768 1710
1624 234 1710
1868 1624 1710
1346 1868 1710
492 463 1711
1190 9 1711
1190 394 1711
1724 785 1711
652 1644 1711
652 69 1711
9 1781 1711
9 1190 1711
1860 494 1712
1860 1873 1712
1644 652 1714
1312 1344 1715
27 620 1715
768 1280 1715
32 673 1715
32 1167 1715
1624 1868 1715
1601 1624 1715
431 561 1716
620 27 1716
1624 1601 1716
1868 1346 1717
1237 1236 1717
1237 843 1717
1852 1865 1717
673 32 1717
1874 451 1718
32 673 1719
1 312 1719
1836 1724 1719
193 393 1720
1601 1875 1720
697 1319 1720
393 193 1720
1491 847 1720
652 1644 1720
674 1865 1720
1624 95 1721
847 1491 1721
1346 1868 1721
1190 9 1721
843 1237 1721
843 1237 1721
697 492 1721
830 621 1721
1781 9 1721
234 1624 1722
1644 652 1722
1624 234 1722
234 1624 1722
234 1624 1722
847 1872 1722
652 278 1723
9 1781 1725
9 1190 1725
1167 32 1725
1167 809 1725
1167 1540 1725
1167 429 1725
1181 9 1726
1181 492 1726
1713 561 1726
1624 234 1726
1624 234 1726
1543 536 1727
1750 561 1728
1075 1624 1728
785 1724 1728
1724 1836 1728
1724 785 1728
1624 1075 1729
697 1866 1729
652 69 1730
1332 1565 1730
1332 1796 1730
1781 9 1730
621 830 1731
1308 9 1731
1565 1332 1731
785 1724 1731
1836 1724 1731
1713 1565 1731
808 697 1731
1565 1713 1731
1346 1713 1731
9 1781 1732
9 1308 1732
1773 673 1732
1866 1402 1732
1866 1768 1732
1713 1346 1735
673 1773 1735
536 1543 1735
1624 1678 1736
1543 536 1736
1864 1624 1736
1772 1624 1736
1864 1624 1736
1864 1624 1736
1346 1713 1736
697 808 1736
1713 617 1737
1781 9 1737
969 1669 1737
1724 1836 1737
1624 1772 1737
1624 1864 1737
1624 1864 1737
1624 1864 1737
1624 1168 1737
1624 9 1738
1 312 1738
1669 969 1738
1543 1724 1738
1543 969 1738
557 1624 1738
1491 847 1738
1624 557 1739
536 1543 1739
1865 674 1739
1865 1852 1739
9 1624 1739
12 1312 1739
1864 1624 1740
234 642 1740
1280 768 1740
1624 9 1741
1624 1864 1741
1836 1724 1741
1343 1619 1741
1312 12 1741
674 1865 1742
1866 1847 1742
1866 773 1742
540 615 1743
1168 1624 1743
1406 194 1743
1865 674 1745
1543 886 1746
1543 536 1746
652 1565 1746
557 1624 1746
9 1624 1746
9 1781 1746
1644 9 1747
674 1865 1747
1338 1868 1747
316 509 1747
509 316 1747
1190 9 1747
1624 1168 1748
1624 557 1748
1624 9 1748
1168 1624 1748
1624 1168 1748
27 620 1748
1852 1865 1748
768 1280 1748
12 1312 1748
1876 1865 1749
1624 557 1749
561 1750 1749
557 1624 1749
1624 557 1749
1624 557 1749
557 1624 1749
1624 557 1749
557 1624 1749
561 431 1749
561 1713 1749
561 95 1749
1285 1624 1749
536 1543 1749
423 1565 1749
1565 652 1749
642 234 1750
711 1601 1750
431 561 1750
1543 536 1750
847 1781 1750
9 1624 1750
95 1865 1750
9 1190 1750
539 710 1750
1781 9 1751
1781 847 1751
1624 9 1751
1724 1836 1751
1362 1624 1751
1624 1362 1751
1565 652 1752
847 1781 1752
809 1167 1754
652 1565 1756
1 312 1758
1601 1796 1760
1870 1543 1760
1783 1344 1761
652 27 1761
674 1877 1762
1678 1565 1763
601 1862 1764
583 821 1764
1175 1246 1766
821 583 1767
536 1543 1767
1713 536 1767
1167 809 1768
312 1 1768
620 27 1768
1783 697 1768
1 312 1768
1862 601 1769
1781 847 1769
1713 561 1769
1713 617 1769
1713 233 1769
233 1713 1769
1713 233 1769
561 1713 1770
1713 561 1770
1280 768 1770
1864 697 1771
1543 1870 1771
93 1624 1771
1624 93 1771
172 523 1772
1713 1117 1772
1601 1875 1772
27 652 1772
697 1864 1772
27 620 1772
1117 1713 1772
1876 868 1772
1876 27 1772
1876 1117 1772
1362 1624 1772
312 1 1772
620 27 1772
1864 697 1773
1878 1864 1773
1878 1865 1773
1624 1362 1773
1836 1724 1773
1700 429 1773
1700 1540 1773
27 1876 1773
27 620 1773
1730 1878 1774
536 1713 1777
620 27 1777
1878 1730 1777
652 1565 1778
27 620 1778
1724 1836 1781
1 312 1781
1624 1866 1781
1624 1727 1781
1781 1624 1781
1624 1781 1781
1781 1624 1781
1730 1878 1781
1781 1624 1781
1624 1781 1781
1624 1781 1781
1781 1624 1781
1713 536 1781
868 1876 1781
342 1362 1781
1836 1362 1781
1836 1724 1782
1864 1878 1782
1750 561 1782
9 1624 1782
1876 868 1782
1876 27 1782
1624 9 1782
27 1876 1782
312 1 1782
1601 711 1782
1565 652 1782
1338 1601 1782
1724 1836 1782
1344 1783 1783
9 1624 1784
1773 1282 1784
1362 342 1786
1362 1836 1786
536 1713 1787
697 645 1787
868 1876 1787
1624 9 1787
1836 1362 1788
1836 1724 1788
1836 536 1788
1724 1836 1789
536 1836 1789
809 1167 1789
1168 1624 1789
1168 1624 1789
1852 697 1789
1836 1724 1790
1836 536 1790
1362 1836 1790
1836 1362 1790
342 1362 1790
1158 1072 1790
42 323 1790
697 1852 1790
768 1280 1791
1713 536 1791
1713 987 1791
1543 1879 1791
1724 1836 1791
1876 868 1792
1866 868 1792
868 1876 1792
868 1866 1792
1866 868 1792
868 1866 1792
1866 868 1792
868 1866 1792
1866 868 1792
1866 868 1792
1876 1880 1792
1876 868 1792
193 393 1792
1866 44 1792
44 1866 1792
1866 44 1792
1866 44 1792
44 1866 1792
1866 44 1792
44 1866 1792
1866 44 1792
1876 983 1792
1876 1565 1792
44 1866 1792
1866 44 1792
1601 1338 1792
1624 1168 1792
1624 1168 1792
1836 1362 1793
536 1713 1793
536 1836 1793
868 1876 1793
393 193 1793
447 1866 1793
1866 447 1793
1836 536 1793
447 1866 1793
1866 447 1793
1852 697 1793
447 1866 1793
1866 447 1793
447 1866 1793
1866 447 1793
447 1866 1793
1866 447 1793
447 1866 1793
1866 447 1793
447 1866 1793
1866 447 1793
447 1866 1793
1866 447 1793
447 1866 1793
1866 447 1794
447 1866 1794
1866 447 1794
447 1866 1794
1866 447 1794
447 1866 1794
1866 447 1794
447 1866 1794
1866 447 1794
447 1866 1794
1866 447 1794
447 1866 1794
1866 447 1794
447 1866 1794
1866 447 1794
447 1866 1794
1866 447 1794
447 1866 1794
1866 447 1794
447 1866 1794
1866 447 1794
1 312 1794
536 1836 1797
469 1181 1799
652 1565 1800
1181 469 1800
342 561 1801
1565 652 1801
1836 536 1801
1546 1875 1801
1876 868 1801
312 1 1802
868 1876 1802
1282 1773 1802
1866 1644 1803
1878 1362 1803
1362 1836 1803
1773 1282 1803
1362 1878 1803
1878 1362 1803
224 1644 1803
1881 1750 1804
1676 1881 1804
1881 1676 1804
536 1836 1804
1713 536 1804
1881 1052 1804
983 1079 1804
1079 983 1804
1881 1642 1804
1079 983 1804
983 1079 1804
1642 1881 1804
983 1079 1804
1079 983 1804
1079 1881 1804
1079 983 1804
983 1079 1804
1881 1079 1804
1079 1881 1804
1079 983 1804
1881 1079 1804
1750 1881 1804
1881 1750 1804
1079 1881 1804
983 1079 1804
1750 1881 1804
1079 983 1804
1881 1079 1804
1881 1750 1804
1079 1881 1804
983 1079 1804
1881 1079 1804
1079 983 1804
1079 1881 1804
983 1079 1804
1881 1079 1804
1750 1881 1804
1079 983 1804
1079 1881 1804
983 1079 1804
1079 983 1804
983 1079 1804
1750 1881 1804
1079 983 1804
1881 1750 1804
983 1079 1804
1079 983 1804
983 1079 1804
1079 983 1804
1741 463 1804
983 1079 1804
1079 983 1804
983 1079 1804
1079 983 1804
1741 1792 1804
1741 475 1804
1741 773 1804
1741 1847 1804
1280 768 1805
536 1713 1805
302 557 1806
1 312 1807
1676 1881 1807
1644 1866 1808
1052 1881 1808
561 342 1809
561 1750 1809
1750 561 1809
1836 1362 1809
1362 1836 1810
557 302 1810
557 561 1810
1 132 1810
1866 1644 1811
1282 1773 1811
1881 1052 1812
1052 1881 1812
1836 1362 1812
1474 1793 1812
1474 1375 1812
652 1565 1813
652 1565 1813
1881 1052 1813
342 561 1818
1052 1881 1819
993 1860 1822
19 1882 1823
19 1882 1823
19 1882 1823
1644 224 1823
1375 1756 1823
1375 1474 1823
1713 697 1823
697 1713 1823
561 1750 1823
561 557 1823
561 342 1823
561 105 1823
1319 697 1824
1168 1883 1824
615 540 1824
557 561 1827
105 561 1830
1488 1724 1832
1488 1884 1832
1488 1885 1832
1488 1886 1832
1488 1887 1832
1488 1877 1832
1488 1875 1832
1488 1888 1832
1488 1865 1832
1488 1870 1832
1488 1889 1832
492 686 1834
492 536 1834
697 1319 1835
1 312 1836
312 1 1840
536 492 1840
1 312 1840
561 557 1840
431 561 1840
475 1741 1840
1332 1395 1841
1332 1395 1841
1332 1178 1841
492 536 1841
768 1280 1841
536 492 1842
1624 1878 1842
1724 1488 1843
1291 1836 1843
1487 1890 1843
342 561 1843
1052 1002 1844
1236 1237 1844
1280 768 1844
561 342 1844
1878 1624 1844
429 1700 1844
492 429 1844
1836 1291 1845
418 1565 1845
418 928 1845
1 312 1849
32 1878 1850
32 1034 1850
9 1624 1850
9 1644 1850
1624 1878 1850
1624 9 1850
1052 1865 1850
1878 32 1851
1878 1624 1851
1543 1395 1851
146 1 1852
1181 131 1852
1 146 1852
32 1878 1853
1624 1878 1853
1395 1543 1854
1395 1332 1854
312 1 1854
1079 27 1854
1079 1865 1854
1079 674 1854
1878 32 1855
1878 1624 1855
674 1079 1855
1079 674 1855
674 1079 1855
1079 868 1855
1079 674 1855
1681 1771 1855
1681 1771 1855
1681 1771 1855
1079 1644 1855
233 810 1855
342 561 1859
456 1132 1859
1792 1285 1859
27 1079 1859
1624 1878 1859
32 1878 1860
1888 1488 1860
810 233 1861
1644 1079 1861
1771 1681 1861
1878 1624 1861
1878 32 1861
1237 1236 1862
1237 843 1862
93 525 1863
1 312 1863
429 492 1863
189 712 1863
233 810 1864
828 398 1864
1624 1878 1865
1601 1891 1865
312 1 1865
1878 1624 1865
810 233 1866
1540 479 1866
1540 1167 1866
1 312 1867
1892 1280 1867
312 1 1870
1 312 1870
1557 673 1871
1624 1557 1871
1557 1624 1871
1557 1624 1871
673 1557 1871
1624 1557 1871
1167 1540 1872
768 1280 1872
843 1237 1872
1893 1840 1872
1893 868 1872
423 132 1873
131 1181 1873
686 492 1873
868 1079 1873
868 1893 1873
1543 1395 1873
193 773 1874
312 1 1874
1783 1792 1875
398 828 1875
828 398 1875
146 1 1875
469 1181 1875
1079 868 1875
469 1629 1875
469 1629 1875
469 1629 1875
492 686 1875
492 1629 1875
1079 1344 1875
1079 1344 1875
1079 1313 1875
1079 1644 1875
1644 1079 1875
1079 1644 1875
1644 1079 1875
1079 1644 1875
1079 1644 1875
1773 1282 1876
1748 97 1876
1178 1332 1876
1236 1237 1876
1 312 1877
1 146 1877
686 492 1877
1629 469 1879
1543 513 1880
1344 1079 1880
696 713 1881
561 342 1881
561 105 1881
1543 1487 1883
1543 69 1883
868 1079 1884
617 1713 1885
1878 617 1885
342 561 1886
105 561 1886
886 1543 1890
1713 617 1891
557 561 1892
1865 95 1893
431 561 1893
1548 1868 1894
1488 1888 1894
1487 1543 1894
1181 469 1894
1181 131 1894
1875 1546 1894
536 927 1896
1808 1876 1897
1280 1892 1898
1280 768 1898
686 492 1903
1002 1052 1903
1888 1488 1903
1713 144 1904
3 176 1904
3 242 1904
3 249 1904
3 249 1904
3 333 1904
3 338 1904
3 83 1904
3 9 1904
3 1042 1904
3 1180 1904
3 1187 1904
3 1189 1904
3 1196 1904
3 1262 1904
3 1419 1904
3 1463 1904
3 2 1904
3 2 1904
3 249 1904
3 249 1904
3 26 1904
3 281 1904
3 281 1904
3 283 1904
3 285 1904
3 346 1904
3 372 1904
3 372 1904
3 41 1904
3 41 1904
3 482 1904
3 545 1904
3 582 1904
3 610 1904
3 615 1904
3 640 1904
3 701 1904
3 740 1904
3 741 1904
3 752 1904
3 768 1904
3 800 1904
3 800 1904
3 800 1904
3 824 1904
3 893 1904
1488 1888 1907
1013 1889 1908
1013 1894 1908
582 1882 1909
1888 1488 1911
431 561 1911
1064 168 1916
1064 447 1916
1064 1375 1916
561 342 1917
561 105 1917
561 557 1917
561 431 1917
1313 1079 1917
447 1064 1917
1013 1346 1917
1892 1280 1918
72 1765 1918
105 561 1919
1013 773 1921
431 561 1922
144 1713 1922
768 1280 1924
1644 9 1924
1168 697 1924
1079 1644 1925
1673 844 1925
1280 768 1926
1079 1624 1926
1644 1079 1927
1079 1644 1927
1644 1079 1927
768 686 1927
1895 1021 1928
1520 1879 1928
1879 1520 1928
1879 1543 1928
1624 1079 1928
342 561 1931
1 312 1932
1079 1624 1933
1079 1644 1933
1624 1079 1933
686 768 1934
1079 1624 1935
1644 1079 1935
1079 1644 1935
1765 72 1936
1878 1346 1936
1878 1021 1936
492 967 1937
1700 429 1937
843 969 1937
843 1237 1937
67 697 1937
1644 1079 1937
1079 1644 1937
1644 1079 1938
1079 1644 1938
1079 1644 1938
768 686 1938
1624 1079 1943
557 561 1944
1079 1624 1944
1716 1308 1946
561 557 1946
561 431 1946
561 95 1946
1079 868 1946
1557 1808 1946
1557 868 1946
1543 1487 1947
1543 1879 1947
431 561 1947
342 969 1948
1416 969 1948
9 1644 1948
540 615 1950
1814 175 1950
1644 1079 1953
1876 1808 1956
1 312 1956
561 431 1957
431 561 1958
1896 221 1958
868 1557 1958
868 1079 1958
1808 1876 1958
1013 1894 1958
187 131 1958
1013 1291 1958
1291 1013 1958
1897 187 1958
187 1897 1958
1557 1291 1958
1557 868 1958
868 1557 1958
1557 868 1958
868 1557 1958
1557 868 1958
868 1557 1958
868 1557 1958
1557 1755 1959
312 1 1962
1 312 1963
843 1237 1966
1 32 1967
3 1626 1967
1876 1808 1968
1520 1879 1969
95 561 1971
95 1796 1974
1079 1616 1974
1079 1644 1974
32 1 1974
312 1 1975
1 312 1975
818 620 1976
768 1280 1977
93 1616 1977
1713 61 1977
211 415 1978
211 1546 1978
1546 211 1978
211 1546 1978
1546 211 1978
211 1546 1978
312 1 1978
1 312 1979
1118 1543 1979
1562 1879 1981
1280 768 1981
1783 1280 1984
312 1 1985
1783 617 1986
415 211 1986
42 1 1987
1 312 1987
1 42 1987
1808 1876 1987
711 642 1988
561 95 1988
561 431 1988
561 557 1988
561 105 1988
105 561 1988
642 711 1988
172 1724 1989
1280 1783 1989
1312 1344 1989
1344 1312 1989
1312 1344 1989
1344 1312 1989
711 642 1990
1724 172 1990
1724 172 1990
1543 561 1990
927 536 1990
1876 1808 1990
1543 1118 1990
561 1543 1994
431 561 1994
1868 1548 1994
711 1898 1995
1898 711 1996
620 818 1996
1543 561 1999
393 193 1999
818 620 1999
1899 987 1999
969 342 1999
969 1416 1999
1899 1372 1999
1899 713 2000
1899 1792 2000
1899 306 2000
1899 1215 2000
1899 447 2000
1899 204 2000
1899 1781 2000
1899 784 2000
1899 144 2000
1899 1497 2000
1899 314 2000
1899 61 2000
1899 8 2000
1416 969 2000
1899 1217 2000
1899 561 2000
1899 657 2000
1899 1436 2000
1899 1284 2000
1899 391 2000
1899 1417 2000
1899 311 2000
1899 1847 2000
1899 1097 2000
1899 277 2000
1878 1624 2000
1878 1624 2000
