428 538 1
374 538 1
231 452 1
2 538 1
187 538 1
196 705 1
792 538 1
676 538 1
732 538 1
374 878 1
732 878 1
428 878 1
187 878 1
706 538 1
871 308 1
179 538 1
179 878 1
692 656 1
252 656 1
252 656 1
252 656 1
672 656 1
252 656 1
252 656 1
252 656 1
687 387 1
374 387 1
428 387 1
672 387 1
732 387 1
2 387 1
395 386 1
2 390 1
428 390 1
193 389 2
643 387 2
95 389 2
184 387 2
871 308 2
333 386 2
220 394 2
870 308 2
870 878 2
870 391 2
774 308 2
231 308 3
545 538 3
788 538 3
243 308 3
512 387 3
871 308 3
388 538 3
338 387 3
323 308 3
636 387 3
636 388 3
636 388 3
39 387 3
777 308 3
353 308 4
492 389 4
871 390 4
492 705 4
445 705 4
190 308 4
190 389 4
494 237 4
494 387 4
677 538 6
432 241 6
432 102 6
332 389 6
887 389 7
352 389 7
887 240 7
389 394 7
196 387 7
791 393 7
791 236 7
791 452 7
791 148 7
193 393 7
193 102 7
193 389 7
79 389 8
79 389 8
127 389 8
731 387 8
127 387 8
731 390 8
731 308 8
871 484 8
731 389 8
731 484 8
257 389 8
98 389 8
295 308 8
871 389 9
251 387 9
631 389 9
359 387 9
153 393 9
871 389 9
737 388 9
244 393 9
677 245 9
244 388 9
184 244 9
290 308 9
447 389 9
193 393 9
236 390 9
236 484 9
236 392 9
728 240 9
512 389 10
431 387 10
592 308 10
592 241 10
431 394 10
431 388 10
152 386 10
152 388 10
243 106 10
637 395 10
124 389 10
194 389 10
871 389 10
871 484 10
372 387 10
372 452 10
705 308 10
418 240 11
636 387 11
418 240 11
592 388 11
592 99 11
395 386 11
95 389 11
443 386 11
791 239 11
592 875 11
432 874 11
418 484 11
432 873 11
127 389 11
152 386 11
152 388 11
193 389 11
520 484 11
520 484 11
190 389 11
152 452 11
443 656 11
443 656 11
443 388 11
152 388 11
432 237 11
432 237 11
98 389 11
98 389 11
386 386 11
631 389 11
631 389 11
204 308 11
872 99 11
233 484 11
55 389 12
443 386 12
395 388 12
395 386 12
395 656 12
395 395 12
395 395 12
443 389 12
5 395 12
519 538 12
95 389 12
95 389 12
95 389 12
95 389 12
492 392 12
352 395 12
492 393 12
618 308 12
371 387 12
121 389 12
121 389 12
71 705 12
709 874 12
443 389 12
443 389 12
443 656 12
95 389 12
95 389 12
95 389 12
95 389 12
95 389 12
31 389 13
237 452 13
102 869 13
237 308 13
102 869 13
395 389 13
395 656 13
395 389 13
235 386 13
235 388 13
235 395 13
81 386 13
540 388 13
540 237 13
764 388 13
102 386 13
540 870 13
81 386 13
352 389 13
6 452 13
6 242 13
102 869 13
392 388 13
102 386 13
395 867 13
81 867 13
443 386 13
190 389 13
395 386 13
395 388 13
443 389 13
636 390 13
888 394 14
333 386 14
242 308 14
242 308 14
98 389 14
220 394 14
395 386 14
102 386 14
395 386 14
443 386 14
102 386 14
709 392 14
64 394 14
100 869 14
102 869 14
443 869 14
420 871 14
102 869 14
149 392 14
100 869 14
420 394 14
149 392 14
190 308 14
420 867 14
65 740 14
102 869 14
369 452 14
420 868 14
13 242 14
149 740 14
750 387 15
220 394 15
149 392 15
750 100 15
34 394 15
55 393 15
524 394 15
55 389 15
65 484 15
156 705 15
64 391 15
374 105 15
640 452 15
512 389 15
640 148 15
709 868 15
127 237 16
517 387 16
127 867 16
871 484 16
149 240 16
83 740 16
444 874 17
444 736 17
444 394 17
444 705 17
444 740 17
444 868 17
709 874 17
709 868 17
395 386 18
389 736 19
389 868 19
51 387 20
709 868 20
226 237 20
226 387 20
194 389 20
422 240 20
226 388 20
51 387 20
153 868 20
55 389 20
495 389 20
231 148 20
231 308 20
332 104 20
332 393 21
332 484 21
332 734 21
709 868 21
728 240 21
728 242 21
492 392 21
395 734 21
395 386 21
149 392 21
193 393 21
728 242 21
728 240 21
422 585 21
704 538 21
204 867 21
51 538 21
728 101 21
100 735 21
149 867 21
871 392 21
447 242 21
422 871 21
422 388 22
418 484 22
98 389 22
418 874 22
609 240 22
636 734 22
395 585 22
395 867 22
389 735 22
728 242 22
728 240 22
709 874 22
333 386 22
713 387 22
124 389 22
442 237 22
871 484 22
494 104 22
51 740 22
870 734 22
447 242 22
226 390 22
5 388 23
5 388 23
289 100 23
447 243 23
389 868 23
389 868 23
728 242 23
31 389 23
554 734 23
432 101 23
894 387 23
432 874 23
432 874 23
445 245 23
288 245 23
592 736 23
422 412 23
98 392 23
709 874 24
709 868 24
98 392 24
102 386 24
224 389 24
447 242 24
224 387 24
692 656 24
395 386 24
395 734 24
122 538 24
193 740 24
193 389 24
39 387 24
31 868 25
636 388 25
748 387 25
548 389 25
62 734 25
51 387 25
39 387 25
442 389 25
728 242 25
254 656 25
254 656 25
728 101 25
95 743 25
442 237 25
442 740 25
851 389 25
747 874 25
709 868 25
887 389 25
692 656 25
887 392 25
886 386 26
637 389 26
447 308 26
887 389 26
98 389 26
637 245 26
98 392 26
226 734 26
178 743 26
224 389 26
677 538 26
224 387 26
389 868 26
636 237 26
193 105 26
5 394 26
506 244 26
637 412 26
5 386 26
5 386 26
442 237 26
5 594 26
348 391 26
153 740 26
120 484 26
120 241 26
538 393 26
887 392 26
899 593 26
637 873 26
5 395 26
39 387 26
886 447 26
244 388 26
132 308 26
392 869 26
519 734 26
132 741 26
354 734 26
245 395 26
358 100 26
132 388 26
120 874 26
120 105 26
232 389 26
120 741 26
132 741 26
232 389 26
548 389 26
232 389 26
232 389 26
374 736 26
65 388 26
749 100 26
522 388 26
250 393 26
250 734 26
371 389 26
371 741 27
250 484 27
98 389 27
856 394 27
250 389 27
672 734 27
422 594 27
672 388 27
124 389 27
672 656 27
232 389 27
832 100 27
832 387 27
5 394 27
5 394 27
832 393 27
832 734 27
637 443 27
56 389 27
883 870 27
39 387 27
122 538 27
179 878 27
358 874 27
156 394 27
358 105 27
540 870 27
590 308 27
34 740 27
747 484 27
448 392 27
238 308 27
747 241 27
448 450 27
238 393 27
747 874 27
31 868 27
871 484 27
74 388 27
251 386 27
251 394 27
709 874 28
592 874 28
744 390 28
709 868 28
592 590 28
592 105 28
592 484 28
524 395 28
857 705 28
857 105 28
524 394 28
237 148 28
237 594 28
744 390 28
636 237 28
187 443 28
636 388 28
237 308 28
231 452 28
187 387 28
445 389 28
708 293 28
237 394 28
871 390 29
871 484 29
709 592 30
709 874 30
777 293 31
777 593 31
777 735 31
724 394 31
393 734 31
120 874 31
678 395 31
731 740 31
55 389 31
1 741 32
691 538 32
746 538 32
538 296 32
538 743 32
538 395 32
538 291 32
244 412 32
538 291 32
395 386 32
538 412 32
395 869 32
244 392 32
395 446 32
422 412 32
395 386 32
495 389 32
235 394 32
120 484 32
747 443 32
333 386 32
838 244 32
5 594 32
188 99 32
395 734 32
395 452 32
395 452 32
747 874 32
435 240 32
587 244 32
587 736 32
435 239 32
372 237 32
587 389 32
422 451 32
435 244 32
435 244 32
5 395 32
133 592 32
369 452 32
336 734 32
124 389 32
709 592 33
709 736 33
286 393 33
876 290 33
883 387 33
286 394 33
375 241 33
375 590 33
286 395 33
227 244 33
227 240 33
120 874 33
791 393 33
55 389 33
791 388 33
791 148 33
791 395 33
308 585 33
791 392 33
434 290 33
55 284 33
838 394 33
227 244 33
308 388 33
838 290 33
55 388 33
71 387 33
71 105 33
392 388 33
156 394 33
71 592 33
393 290 33
120 241 33
97 592 33
388 538 33
744 153 33
744 240 33
56 284 33
744 240 33
395 388 33
395 452 33
39 387 33
154 389 33
395 442 34
392 290 34
395 290 34
375 241 34
392 388 34
392 388 34
392 388 34
395 388 34
392 869 34
434 446 34
392 388 34
395 869 34
395 388 34
392 388 34
395 388 34
543 388 34
392 388 34
395 388 34
392 388 34
392 388 34
392 869 34
395 242 34
392 157 34
395 157 34
392 157 34
395 388 34
434 734 34
636 387 34
744 157 34
744 390 34
548 156 34
5 388 34
395 157 34
395 656 34
538 284 34
395 734 34
434 244 34
434 295 34
371 387 34
98 389 34
98 392 34
395 869 34
250 412 34
98 99 34
98 99 34
871 390 34
435 734 34
871 392 34
435 240 34
435 295 34
392 388 34
871 389 34
392 157 34
445 389 34
392 869 34
871 99 34
871 296 34
392 242 34
392 450 35
392 735 35
119 294 35
392 412 35
375 294 35
643 705 35
709 592 35
709 392 35
333 393 35
187 867 35
560 290 35
134 593 35
560 387 35
187 150 35
560 295 35
243 293 35
560 393 35
237 148 35
560 236 35
237 452 35
243 290 35
560 245 35
395 867 35
560 742 35
838 290 35
395 734 35
243 290 35
838 295 35
838 290 35
395 242 35
395 452 35
637 412 35
363 867 35
392 290 35
395 290 35
631 236 35
392 290 35
395 157 35
363 871 35
392 157 35
395 388 35
363 152 35
395 869 35
392 242 35
447 242 35
392 869 35
363 446 35
392 388 35
40 295 35
744 157 35
744 240 35
744 390 35
363 93 35
838 448 35
40 290 35
98 392 35
98 392 35
744 157 35
40 867 35
747 241 35
127 94 35
375 150 35
395 388 35
395 869 35
395 242 35
395 290 35
395 157 35
5 388 35
744 393 35
127 389 35
245 395 35
395 93 35
31 106 35
745 538 35
435 240 35
753 236 35
148 290 35
442 237 35
40 94 35
40 94 35
393 290 35
887 94 35
40 295 35
56 389 35
194 105 36
194 705 36
102 386 36
5 594 36
5 594 36
71 592 36
154 705 36
154 445 36
766 290 36
154 94 36
744 240 36
678 451 36
709 592 36
678 388 36
878 290 36
98 99 36
709 392 36
871 91 36
102 388 36
766 290 36
5 594 36
98 91 36
871 91 36
392 388 36
392 388 36
392 290 36
392 242 36
766 290 36
392 386 36
392 386 36
392 386 36
392 386 36
392 386 36
870 734 36
870 293 36
392 386 36
392 386 36
870 843 36
870 290 36
428 734 36
871 392 36
393 290 36
392 290 36
422 451 36
422 412 36
133 868 36
898 236 36
100 869 36
485 97 36
395 386 36
395 388 36
709 868 36
395 242 36
512 97 36
395 290 36
395 157 36
766 290 36
447 308 36
393 734 36
187 150 36
338 97 36
8 244 36
308 290 36
434 95 36
363 95 36
434 244 36
445 94 36
236 734 36
880 102 37
880 244 37
375 150 37
445 393 37
393 388 37
522 446 37
435 734 37
445 94 37
880 394 37
880 388 37
40 94 37
102 386 37
703 237 37
308 236 37
445 94 37
133 592 37
31 868 37
880 387 37
880 734 37
395 92 37
878 446 37
291 394 37
8 152 37
709 592 37
435 762 37
886 93 37
435 388 37
511 100 37
511 387 37
269 96 37
226 387 37
269 90 37
764 446 37
31 761 37
511 758 37
856 442 37
587 244 37
100 869 37
540 237 37
587 736 37
8 90 37
435 869 37
540 295 37
8 757 37
56 393 37
486 97 37
486 705 37
486 245 37
870 734 37
870 734 37
428 387 37
870 240 37
390 538 37
506 295 37
339 761 37
435 734 38
709 736 38
886 448 38
424 388 38
887 95 38
102 869 38
102 388 38
395 386 38
887 94 38
395 869 38
395 93 38
8 412 38
395 443 38
8 412 38
538 759 38
3 157 38
424 388 38
3 395 38
3 759 38
100 869 38
434 95 38
62 292 38
434 95 38
395 766 38
362 767 38
3 387 38
362 244 38
363 767 38
3 586 38
3 244 38
443 766 38
49 236 38
362 448 38
3 90 38
49 106 38
554 443 38
3 90 38
8 90 38
98 240 38
437 767 38
3 451 38
8 387 38
362 394 38
362 387 38
851 388 38
747 154 38
362 90 38
8 244 38
178 743 38
554 290 38
31 106 38
362 758 38
127 94 38
3 412 38
8 90 38
127 237 38
3 296 38
872 99 38
3 392 38
435 871 38
3 757 38
8 490 38
371 308 38
435 767 38
435 767 38
3 766 38
70 389 38
538 490 38
3 93 38
538 759 38
548 295 38
435 869 38
443 452 38
8 244 38
766 290 38
3 490 38
538 490 38
8 759 38
371 393 38
3 244 38
3 759 38
363 767 38
3 387 38
8 244 38
538 296 38
548 388 38
538 759 38
8 244 38
90 867 38
49 290 38
8 759 38
90 392 38
3 244 38
587 736 38
8 244 38
3 244 38
759 740 38
125 757 38
247 763 38
767 394 38
767 242 38
8 387 38
3 90 38
31 495 38
776 395 38
220 767 38
759 493 38
8 90 38
759 493 38
709 392 38
767 392 38
709 736 38
767 392 38
3 395 39
102 869 39
3 490 39
247 290 39
102 386 39
767 496 39
149 759 39
3 757 39
8 244 39
102 388 39
102 388 39
102 388 39
102 388 39
8 244 39
776 395 39
3 759 39
220 496 39
93 388 39
3 244 39
149 759 39
759 496 39
759 496 39
93 395 39
296 308 39
296 308 39
220 496 39
296 395 39
98 389 39
98 392 39
8 290 39
93 104 39
393 290 39
8 759 39
767 496 39
149 759 39
767 740 39
93 295 39
93 295 39
93 244 39
767 106 39
93 452 39
767 223 39
93 100 39
93 498 39
93 101 39
93 394 39
220 496 39
149 392 39
751 152 39
149 392 39
93 484 39
93 656 39
108 589 39
93 443 39
98 392 39
93 742 39
93 90 39
93 102 39
149 392 39
93 106 39
362 244 39
93 107 39
93 107 39
93 152 39
93 870 39
388 387 39
93 585 39
93 757 39
93 734 39
93 290 39
362 867 39
709 392 39
375 97 39
362 90 39
134 308 39
890 222 39
499 495 39
362 767 39
362 767 39
65 222 39
833 391 39
495 389 39
833 388 39
833 388 39
156 387 39
227 767 39
359 97 39
65 102 39
708 221 39
227 295 40
522 154 40
375 241 40
747 220 40
227 762 40
236 290 40
624 236 40
560 762 40
71 592 40
560 387 40
71 294 40
71 443 40
435 222 40
435 222 40
547 236 40
560 152 40
522 236 40
445 152 40
592 292 40
592 220 40
592 93 40
869 294 40
158 395 40
592 870 40
592 491 40
158 734 40
504 484 40
504 484 40
158 443 40
158 290 40
504 443 40
540 237 40
517 443 40
158 594 40
871 392 40
121 734 41
121 92 41
224 389 41
224 767 41
224 226 41
611 226 41
244 92 42
244 592 43
244 90 43
244 843 43
244 585 43
5 594 43
244 392 43
395 386 43
395 157 43
395 93 43
395 443 43
193 284 43
870 759 43
363 767 43
363 867 43
363 734 43
363 244 43
560 395 43
560 762 43
560 152 43
237 762 43
791 874 43
791 222 43
237 452 43
791 497 43
791 594 43
237 452 43
395 388 44
677 387 44
677 387 44
478 387 44
677 245 44
395 762 44
677 390 44
677 538 44
127 237 44
395 734 44
239 155 44
81 734 44
128 387 44
128 390 44
128 393 44
709 874 44
709 392 44
709 736 44
709 592 44
557 393 44
372 226 44
81 386 44
538 490 44
538 490 44
538 759 44
538 412 44
791 148 44
357 443 44
8 244 44
88 484 44
395 869 45
395 452 45
244 240 45
362 767 45
362 767 45
286 152 45
832 758 45
362 244 45
286 742 45
362 244 45
362 387 45
362 758 45
335 240 45
239 290 45
256 491 45
435 762 45
445 762 45
435 244 45
392 290 45
395 386 45
247 445 45
247 296 45
437 767 45
244 240 45
267 197 45
237 452 45
731 240 45
870 734 45
244 592 45
870 395 45
709 592 45
870 308 45
870 290 45
694 244 45
540 444 45
102 869 45
871 392 45
56 284 45
540 878 45
244 240 45
636 205 45
540 205 45
678 451 45
226 387 45
678 441 45
886 93 45
636 104 45
636 491 46
55 284 46
3 90 46
49 290 46
363 734 46
247 155 46
363 93 46
363 244 46
393 290 46
308 236 46
704 443 46
55 389 46
8 290 46
308 290 46
375 491 46
97 592 46
750 443 46
538 296 46
8 244 46
389 735 46
171 871 46
8 244 46
285 296 46
890 222 46
631 236 46
776 395 46
538 296 46
389 592 46
389 868 46
71 736 46
389 392 46
71 105 46
247 296 46
118 226 46
118 484 46
735 225 46
118 390 46
735 225 46
851 445 46
98 389 46
98 392 46
709 736 46
709 592 46
98 94 46
709 392 46
184 850 46
445 196 46
445 107 46
118 850 46
118 393 46
434 290 47
435 222 47
121 226 47
121 225 47
832 850 47
445 758 47
434 767 47
777 293 47
638 308 47
374 387 47
871 296 47
434 443 47
374 878 47
256 491 47
434 443 47
556 90 47
429 95 47
8 760 47
686 388 47
8 90 47
706 387 47
429 762 47
374 387 47
556 90 47
8 90 47
434 734 47
31 495 47
285 296 47
445 391 47
31 868 47
364 90 47
434 446 47
766 290 47
871 296 47
434 295 47
8 90 47
393 290 47
363 446 47
348 445 47
8 90 47
445 290 47
434 95 47
127 205 47
434 95 47
348 391 47
871 152 47
637 290 47
766 290 47
637 107 47
70 389 47
247 290 47
127 94 47
764 446 47
247 296 47
540 205 47
188 99 47
429 852 47
362 767 47
364 767 47
78 734 47
362 767 47
363 95 47
364 767 47
362 387 47
363 852 47
362 867 47
362 767 47
429 95 47
364 767 47
362 759 47
445 152 47
362 767 47
870 878 47
364 767 47
870 290 47
870 390 47
98 94 47
148 757 47
363 767 47
392 735 47
392 290 47
434 290 47
735 855 47
98 392 47
512 97 47
478 159 47
708 245 47
105 763 47
478 734 47
105 104 47
838 244 47
335 99 48
392 412 48
395 452 48
395 869 48
239 736 48
93 290 48
634 155 48
395 734 48
359 97 48
634 484 48
395 734 48
227 244 48
737 290 48
424 388 48
227 734 48
102 869 48
392 869 48
102 388 48
519 443 48
709 738 48
93 290 48
3 451 48
226 388 48
554 443 48
3 759 48
3 759 48
3 759 48
637 99 48
3 412 48
226 387 48
554 734 48
3 490 48
49 290 48
3 90 48
93 290 48
149 759 48
3 90 48
395 869 48
269 90 48
3 244 48
93 510 48
3 759 48
3 392 48
149 759 48
269 90 48
133 592 48
871 99 48
127 205 48
127 387 48
435 734 48
435 734 48
637 741 48
392 869 48
392 869 48
435 295 48
392 412 48
839 244 48
435 244 48
392 388 48
3 96 48
871 240 48
871 240 48
429 852 48
393 290 48
395 443 48
433 97 48
395 388 48
395 734 48
395 290 48
433 443 48
393 290 48
486 94 48
392 388 48
395 388 48
867 493 48
392 388 48
71 736 48
395 388 48
392 388 48
71 592 48
71 387 48
395 388 48
392 388 48
395 388 48
104 389 48
392 388 48
395 388 48
5 388 48
392 388 48
395 388 48
392 388 48
395 388 48
133 592 49
119 90 49
766 290 49
437 766 49
776 395 49
55 284 49
231 148 49
51 387 49
393 290 49
624 236 49
227 244 49
5 388 49
98 392 49
98 855 49
193 102 49
193 740 49
193 393 49
424 388 49
40 245 49
40 867 49
40 585 49
389 592 49
389 868 49
372 452 49
333 386 49
363 244 49
709 592 49
363 867 49
224 226 49
124 389 49
3 90 49
486 443 49
224 767 49
3 759 49
556 90 49
3 412 49
193 290 49
3 96 49
3 90 49
760 108 49
3 96 49
98 389 49
556 90 49
395 766 49
3 156 49
395 295 49
3 497 49
193 284 49
224 393 49
362 759 49
3 498 49
224 387 49
362 244 49
362 767 49
3 197 49
193 284 49
224 390 49
362 867 49
392 388 49
362 90 49
3 759 49
412 637 49
875 308 49
392 412 49
3 90 49
167 105 49
3 412 49
3 392 49
394 395 49
412 152 49
854 736 49
123 106 49
3 90 49
3 759 49
854 736 49
3 759 49
875 740 49
394 585 49
875 757 49
519 538 49
519 538 49
224 767 49
519 387 49
538 296 49
394 388 49
519 443 49
519 734 49
445 389 49
392 412 49
363 767 49
538 759 49
538 490 49
394 412 49
898 236 49
735 639 49
735 855 49
359 850 49
247 763 49
705 106 49
375 196 49
705 445 49
375 760 49
587 736 49
445 196 49
31 106 49
31 868 49
618 93 49
554 642 49
554 495 49
244 230 49
98 99 49
618 448 49
98 855 49
392 388 49
153 448 49
618 102 50
103 443 50
618 757 50
618 868 50
244 643 50
227 244 50
220 154 50
244 851 50
103 386 50
103 585 50
103 155 50
95 767 50
227 734 50
100 869 50
709 736 50
100 869 50
709 868 50
100 869 50
3 640 50
435 869 50
3 639 50
435 762 50
362 387 50
712 585 50
389 636 50
244 290 50
133 592 50
362 759 50
559 870 50
362 90 50
393 734 50
3 639 50
362 244 50
244 91 50
149 759 50
637 108 50
1 741 50
709 636 50
637 741 50
393 230 50
712 290 50
709 592 50
31 594 50
395 93 50
395 395 50
870 878 50
395 388 50
395 388 50
494 443 50
125 757 50
227 244 50
103 290 50
227 95 50
227 364 50
821 104 50
447 365 50
363 767 50
672 656 50
437 766 50
745 878 50
709 642 50
538 759 50
821 762 50
103 585 50
437 364 50
5 594 50
437 295 50
363 93 50
120 241 50
743 99 50
349 761 50
596 363 50
428 387 50
428 878 50
308 290 50
870 293 50
435 295 50
743 362 50
308 236 50
745 878 50
153 363 50
747 241 50
444 494 50
444 738 50
444 758 50
39 387 50
126 874 50
100 850 50
127 868 50
126 104 50
709 868 50
127 867 50
372 90 50
764 736 50
126 103 50
127 389 50
873 589 50
102 388 50
126 735 50
126 493 50
120 241 50
220 640 50
319 363 50
126 452 50
596 94 50
363 867 50
126 635 50
873 642 50
389 868 50
392 388 50
126 159 50
435 361 50
31 360 50
392 869 50
126 868 50
184 850 50
362 90 50
102 388 50
887 392 50
98 392 50
887 389 50
224 767 50
362 244 50
362 448 50
392 388 50
887 392 50
887 392 50
31 495 50
887 94 50
102 388 50
392 388 50
437 767 50
372 90 50
631 389 50
554 495 50
363 767 50
3 412 50
8 90 50
3 759 50
8 759 50
3 759 50
3 759 50
3 759 50
100 869 50
587 736 50
3 759 50
8 757 50
254 360 50
8 412 50
3 490 50
374 878 50
3 759 50
193 102 50
547 395 50
3 90 50
709 642 50
894 222 50
709 738 50
3 156 50
374 736 50
3 412 51
3 412 51
308 358 51
8 290 51
547 451 51
374 387 51
547 498 51
8 387 51
8 244 51
98 94 51
8 760 51
49 106 51
432 876 51
3 244 51
388 387 51
98 392 51
8 90 51
894 766 51
388 638 51
49 290 51
3 90 51
8 759 51
547 236 51
3 90 51
495 443 51
226 387 51
3 639 51
3 639 51
149 759 51
422 360 51
3 640 51
8 412 51
3 759 51
3 759 51
547 297 51
3 759 51
149 759 51
519 638 51
486 538 51
428 538 51
823 484 51
422 365 51
792 387 51
149 759 51
422 589 51
220 640 51
285 296 51
822 108 51
335 99 51
125 743 51
422 412 51
269 90 51
871 91 51
362 767 51
821 104 51
362 90 51
226 642 51
98 99 51
8 90 51
422 871 51
362 759 51
362 759 51
8 490 51
8 240 51
422 451 51
759 494 51
8 759 51
745 878 51
870 878 51
1 870 51
870 878 51
759 103 51
8 152 51
712 290 51
547 641 51
270 356 51
827 290 51
39 594 51
422 91 51
547 106 51
547 106 51
39 231 51
708 484 51
547 388 51
270 371 51
270 484 51
422 594 51
822 290 51
39 152 51
121 226 51
270 495 51
270 370 51
39 290 51
871 484 51
270 290 51
39 495 51
270 395 51
39 758 51
871 91 51
39 491 51
270 484 51
39 226 51
333 386 51
270 594 51
190 389 51
746 850 51
270 388 51
871 99 51
270 740 51
220 757 51
871 240 51
270 372 51
371 443 51
39 369 51
871 296 51
270 369 51
333 92 51
39 387 51
39 308 51
39 308 51
270 387 51
375 297 51
375 241 51
375 196 51
261 369 51
393 290 51
261 495 51
261 373 51
812 387 51
31 360 51
31 495 51
270 375 51
31 594 51
270 484 51
31 448 51
31 394 51
261 356 51
31 106 51
270 379 51
31 389 51
261 370 51
270 736 51
8 290 51
270 379 51
270 376 51
39 387 51
635 108 51
712 240 51
31 360 51
220 394 51
712 388 51
8 290 51
363 759 51
363 759 51
363 759 51
363 759 51
363 759 51
363 759 51
363 759 51
363 759 51
149 759 51
363 759 51
363 759 51
363 759 51
363 759 51
363 759 51
363 759 51
363 759 51
363 759 51
363 759 51
363 759 51
363 759 51
166 538 51
388 757 51
712 290 51
512 97 51
428 538 51
8 759 51
587 736 51
166 538 51
712 585 51
813 356 51
8 290 51
512 226 51
8 290 51
83 159 51
494 104 51
494 103 51
434 222 51
512 389 51
813 369 51
494 308 51
434 767 51
149 759 51
434 295 51
813 374 51
149 759 51
434 95 51
826 762 51
261 387 52
580 443 52
434 734 52
514 445 52
514 391 52
514 394 52
83 738 52
8 96 52
579 739 52
434 290 52
434 852 52
93 290 52
51 387 52
435 767 52
83 739 52
93 388 52
93 870 52
93 870 52
435 852 52
8 759 52
580 740 52
579 738 52
93 107 52
435 871 52
93 152 52
580 389 52
65 759 52
435 388 52
579 293 52
609 92 52
435 388 52
93 102 52
823 359 52
435 869 52
83 387 52
826 443 52
636 757 52
34 740 52
296 498 52
764 736 52
636 757 52
359 734 52
93 295 52
826 387 52
895 393 52
686 389 52
580 491 52
435 290 52
93 510 52
686 389 52
435 356 52
686 92 52
712 49 52
435 375 52
686 49 52
579 53 52
712 49 52
149 759 52
871 240 52
871 240 52
435 762 52
712 95 52
435 375 52
712 364 52
686 49 52
686 49 52
777 868 52
90 393 52
871 387 52
871 445 52
237 452 52
579 159 52
93 290 52
93 290 52
777 293 52
777 593 52
871 484 52
777 735 52
482 294 52
226 222 52
93 585 52
93 388 52
579 740 52
83 740 52
188 188 52
712 290 52
353 393 52
353 875 52
503 734 52
353 55 52
580 391 52
712 585 52
353 443 52
373 734 52
353 452 52
83 636 52
577 105 52
90 867 52
373 442 52
373 393 52
90 734 52
90 737 52
374 736 52
373 739 52
373 739 52
187 387 52
580 52 52
187 387 52
64 52 52
580 51 52
579 739 52
373 236 52
856 236 52
831 387 52
187 376 52
706 159 52
706 736 52
706 105 52
580 876 52
437 767 53
437 852 53
854 736 54
820 222 55
820 395 55
726 874 55
726 308 55
820 393 55
766 874 55
677 443 55
335 99 55
184 852 55
118 850 55
820 442 55
833 642 55
56 284 55
631 389 55
677 360 55
631 236 55
447 242 55
64 737 55
93 585 55
747 850 55
93 290 55
93 290 55
637 108 56
747 874 56
422 585 56
434 95 56
422 393 56
267 159 56
422 871 56
395 869 56
395 388 56
422 594 56
395 734 56
267 197 56
422 594 56
422 594 56
133 636 56
93 585 56
93 388 56
267 159 56
422 240 56
422 240 56
422 240 56
538 490 56
98 91 56
709 105 56
428 387 56
428 387 56
132 108 56
709 636 56
580 740 56
709 736 56
709 738 56
709 642 56
822 240 56
826 762 56
678 451 56
826 443 56
395 388 56
93 388 56
580 443 56
221 428 56
753 236 56
580 52 56
826 387 56
678 395 56
678 395 56
285 296 56
871 296 56
871 99 56
441 874 56
871 392 56
73 226 56
389 736 56
389 868 56
441 738 56
256 437 56
256 492 56
871 91 57
495 447 57
477 766 57
435 222 57
395 766 57
477 294 57
477 150 57
435 91 57
435 762 57
477 594 57
359 97 57
435 290 57
821 738 57
477 295 57
435 852 57
375 150 57
821 104 57
709 736 57
363 95 57
363 95 57
375 759 57
374 736 57
374 878 57
435 436 57
435 436 57
435 436 57
435 436 57
435 295 57
374 159 57
374 105 57
618 868 57
592 45 57
363 867 57
618 393 57
618 102 57
871 91 57
352 443 57
538 759 57
153 363 57
583 870 57
362 759 57
538 743 57
881 226 57
583 734 57
153 448 57
538 412 57
737 290 57
362 448 57
153 636 57
583 387 57
618 442 57
618 757 57
362 767 57
39 375 57
39 239 57
39 510 57
39 156 57
709 105 57
546 639 57
270 356 57
261 152 57
270 484 57
745 387 57
39 387 57
39 373 57
881 225 57
39 237 57
745 380 57
270 736 57
270 394 57
732 390 57
735 851 57
270 694 57
735 639 57
732 590 57
735 855 57
732 592 57
39 290 57
270 152 57
39 386 57
39 386 57
39 238 57
270 107 57
39 742 57
39 380 57
39 538 57
39 495 57
636 757 57
39 393 57
690 225 58
437 852 58
548 156 58
791 222 58
690 394 58
548 156 58
690 757 58
5 594 58
597 297 58
709 636 58
5 594 58
5 594 58
822 108 58
90 737 58
512 97 58
90 867 58
5 594 58
31 245 58
308 290 58
5 594 58
435 759 58
435 244 58
226 757 58
435 767 58
5 594 58
435 290 58
478 159 58
244 230 58
820 222 58
244 635 58
128 55 58
420 294 58
375 297 58
375 294 58
428 387 58
392 412 58
375 437 58
375 876 58
239 857 58
375 45 58
375 443 58
375 443 58
239 290 58
375 759 58
478 159 58
34 740 58
548 295 58
428 878 58
428 878 58
548 389 58
62 510 58
825 97 58
51 369 58
62 498 58
239 290 58
363 767 58
363 767 58
352 150 58
62 45 58
825 97 58
435 767 58
363 867 58
435 734 58
363 867 58
62 734 58
494 104 59
435 766 59
380 150 59
308 290 59
538 759 59
538 412 59
498 495 59
363 767 59
712 95 59
362 767 59
333 386 59
362 244 59
363 767 59
745 380 59
333 393 59
745 380 59
363 244 59
712 394 59
706 380 59
493 393 59
31 868 59
609 443 59
493 393 59
363 95 59
395 386 59
395 734 59
443 432 59
706 736 59
435 759 59
371 850 59
373 152 59
745 878 59
122 538 59
745 380 59
98 392 59
392 412 59
187 387 59
392 290 59
745 387 59
64 391 59
187 443 59
187 387 59
187 538 59
187 878 59
747 241 59
747 484 59
121 226 59
121 225 59
127 868 59
106 290 59
821 45 59
244 639 59
789 388 59
244 585 59
106 388 59
308 290 60
712 95 60
226 387 60
237 693 60
437 244 60
551 154 60
551 297 60
551 496 60
3 156 60
3 156 60
712 290 60
3 490 60
833 363 60
492 369 60
792 380 60
3 412 60
3 759 60
3 90 60
492 690 60
243 290 60
492 103 60
3 639 60
3 639 60
243 290 60
551 223 60
363 244 60
363 95 60
359 97 60
363 95 60
359 387 60
745 380 60
128 51 60
709 868 60
393 290 60
322 363 60
322 445 60
322 484 60
856 442 60
56 284 61
332 734 61
364 389 61
56 389 61
548 156 61
392 388 61
392 388 61
392 388 61
56 393 61
735 851 61
392 290 61
548 154 61
353 388 61
177 226 61
395 388 61
395 432 61
395 734 61
822 389 61
90 734 61
90 442 61
424 388 61
149 589 61
424 737 61
352 443 61
554 642 61
372 226 61
424 389 61
126 105 61
389 868 61
149 759 61
149 759 61
38 55 61
813 380 61
712 95 61
493 94 61
493 94 61
493 242 61
596 363 61
712 95 61
493 448 61
100 868 61
100 735 61
102 388 61
580 51 61
105 388 61
102 388 61
580 498 61
425 389 61
105 388 61
435 759 61
363 95 61
435 388 61
627 107 61
105 388 61
435 734 61
237 452 61
709 868 61
833 691 61
389 735 61
375 241 61
375 294 61
336 294 62
39 369 62
395 766 62
39 369 62
395 433 62
395 734 62
574 691 62
737 238 62
251 394 62
244 636 62
251 394 62
120 241 62
363 767 62
87 290 62
118 226 62
261 152 62
813 240 62
813 369 62
261 868 62
87 222 62
813 356 62
121 226 62
813 291 62
813 835 62
261 835 62
813 835 62
813 835 62
813 835 62
270 835 62
261 237 62
813 739 62
261 835 62
813 739 62
261 835 62
181 372 62
270 154 62
813 736 62
554 760 62
261 834 62
813 834 62
270 356 62
538 490 62
538 490 62
813 834 62
261 736 62
261 736 62
270 736 62
813 152 62
261 154 62
181 443 62
813 370 62
261 452 62
813 388 62
261 370 62
261 375 62
261 379 62
261 694 62
261 740 62
224 226 62
813 222 62
813 763 62
737 238 62
261 380 62
737 442 62
737 442 62
261 374 62
1 741 62
813 295 62
424 388 62
308 290 62
709 636 62
376 388 62
376 225 62
87 294 62
261 388 62
813 388 62
105 763 62
813 379 62
424 388 62
133 592 62
261 222 62
709 636 62
376 388 62
424 388 62
492 369 62
578 831 62
492 361 62
239 736 62
376 388 62
424 388 62
51 830 62
193 393 62
83 53 62
313 150 62
313 294 62
220 394 62
812 389 62
83 105 62
313 236 62
313 433 62
313 433 62
313 245 62
107 694 62
83 636 62
193 284 62
193 740 62
637 107 62
319 363 62
362 244 62
362 387 62
637 395 62
362 759 62
39 538 62
39 356 62
39 242 62
39 240 62
3 156 62
220 740 62
39 237 62
39 156 62
39 386 62
3 490 62
39 238 62
73 241 62
887 94 62
39 495 62
39 290 62
3 640 62
887 389 62
745 380 62
102 388 62
392 290 62
3 640 62
3 640 62
392 412 62
3 640 62
93 290 62
442 226 62
83 738 62
90 734 63
83 636 63
260 370 63
371 431 63
102 412 63
83 740 63
674 448 63
712 290 63
712 290 63
813 356 63
538 490 63
538 412 63
859 452 63
859 308 63
764 736 63
709 592 63
282 495 63
764 388 63
295 154 63
709 105 63
243 393 63
98 389 63
872 99 63
83 739 63
820 442 63
859 492 63
859 185 63
424 388 63
127 389 63
859 443 63
127 389 63
538 412 63
583 242 63
127 868 63
509 108 63
741 98 63
392 412 63
447 738 63
83 701 63
611 242 63
392 290 63
637 437 63
445 853 63
254 360 63
254 394 63
83 55 63
83 55 63
445 389 63
872 362 63
153 363 63
763 389 63
359 97 63
424 389 63
8 244 63
672 388 63
823 359 63
823 875 63
822 389 63
8 90 63
444 361 63
359 387 63
295 154 63
8 412 63
8 412 63
83 105 63
237 452 63
764 388 63
237 308 63
631 389 63
8 90 63
237 762 63
8 90 63
8 90 63
509 593 63
424 389 63
149 392 63
98 99 63
631 295 63
6 443 63
424 389 63
220 640 63
631 389 63
434 852 63
6 452 63
187 183 63
120 154 63
631 236 63
422 412 63
148 182 63
445 245 63
260 373 63
40 94 63
50 444 63
8 759 63
637 412 63
260 740 63
8 759 63
445 152 63
310 445 63
190 389 63
826 431 63
39 594 63
39 389 63
445 637 63
39 387 63
445 107 63
826 430 63
221 428 63
631 389 63
445 837 63
78 179 63
39 226 63
826 240 63
39 242 63
388 638 63
851 445 63
98 392 63
826 762 63
41 735 63
392 412 63
547 242 63
353 242 63
353 55 63
437 95 63
712 734 63
437 852 63
431 179 63
39 90 63
39 55 63
39 448 63
39 186 63
39 244 63
39 689 63
39 187 63
577 493 63
39 358 63
313 225 63
39 183 63
39 692 63
269 90 63
117 394 63
851 104 63
577 242 63
220 154 63
851 104 63
154 874 64
64 737 64
851 104 64
577 105 64
154 705 64
149 357 64
338 97 64
93 510 64
348 394 64
90 702 64
424 389 64
102 412 64
348 102 64
93 102 64
93 102 64
1 325 64
93 152 64
249 325 64
102 388 64
93 107 64
65 380 64
826 443 64
226 387 64
93 388 64
93 870 64
150 443 64
826 56 64
286 394 64
577 857 64
93 290 64
611 55 64
348 102 64
826 387 64
315 694 64
871 94 64
827 363 64
871 152 64
359 373 64
812 389 64
372 226 64
812 97 64
447 321 64
121 226 64
372 369 64
48 762 64
48 149 64
48 393 64
435 762 64
335 99 64
747 484 64
435 238 64
435 238 64
374 380 64
435 244 64
118 226 64
435 290 64
435 767 64
374 878 64
48 762 64
224 226 64
435 734 64
372 226 64
428 387 64
374 105 64
435 762 64
48 393 64
494 104 64
48 762 64
372 452 64
353 443 64
220 394 64
60 45 64
353 308 64
71 294 64
71 705 64
445 389 64
618 868 64
611 154 65
592 53 65
592 372 65
444 372 65
444 437 65
231 452 65
444 186 65
444 494 65
444 45 65
444 738 65
444 324 65
444 180 65
237 452 65
493 389 65
237 452 65
871 99 65
444 874 65
871 484 65
444 736 65
444 735 65
444 448 65
444 105 65
444 740 65
444 868 65
376 104 66
376 186 66
376 876 66
376 735 66
376 448 66
376 102 66
376 868 66
540 328 66
376 372 66
376 595 66
56 389 66
853 290 66
791 55 66
126 159 67
126 105 67
389 592 67
820 393 67
737 442 67
271 106 67
870 437 67
31 389 68
282 45 68
76 97 68
31 495 68
31 868 68
39 308 68
39 373 68
820 99 68
335 99 68
39 369 68
39 369 68
39 186 68
39 244 68
39 448 68
41 324 68
41 736 68
443 432 68
395 433 68
395 734 68
395 432 68
637 180 68
41 324 68
41 239 68
41 735 68
395 386 68
395 838 68
395 388 68
235 388 68
709 592 68
709 874 68
709 738 68
637 443 68
445 389 68
618 572 68
363 244 68
389 735 68
389 636 68
435 244 68
389 592 68
435 388 68
372 452 68
334 197 68
443 388 68
424 389 68
334 45 68
334 90 68
424 388 68
519 638 68
898 236 68
39 226 68
509 290 69
39 448 69
39 238 69
39 491 69
39 239 69
39 538 69
39 55 69
39 386 69
412 637 69
412 637 69
247 763 69
538 759 69
538 490 69
813 763 69
126 152 69
631 236 69
445 389 69
445 152 69
636 328 69
60 444 69
602 297 69
429 95 69
60 444 69
881 226 69
40 328 69
748 830 69
813 838 69
429 852 69
226 387 69
420 294 69
495 599 69
60 597 69
359 387 69
371 431 69
226 237 69
813 867 69
420 154 69
813 436 69
813 735 69
371 360 69
371 443 69
39 226 69
813 495 69
336 294 69
813 451 69
73 226 69
826 431 69
813 323 69
124 389 69
73 241 69
60 329 69
1 741 69
420 394 69
813 412 69
60 572 69
826 870 69
497 149 69
392 735 69
120 874 69
60 600 69
48 149 69
636 328 69
392 388 69
43 442 69
374 159 69
395 443 69
373 98 69
318 495 69
364 90 69
376 186 69
373 734 69
826 762 69
364 389 69
435 759 69
237 762 69
376 868 69
435 436 69
270 387 69
270 694 69
270 107 69
120 442 69
321 152 70
8 90 70
443 432 70
424 595 70
321 100 70
270 356 70
31 495 70
270 736 70
270 734 70
313 433 70
313 294 70
270 394 70
270 152 70
183 642 70
270 694 70
577 105 70
871 99 70
270 736 70
445 393 70
321 387 70
777 868 70
313 236 70
777 735 70
313 740 70
244 702 70
313 186 70
244 493 70
424 595 70
270 452 70
743 362 70
333 386 70
243 106 70
270 379 70
244 45 70
48 762 70
678 451 70
48 762 70
244 90 70
832 184 70
592 850 70
832 572 70
313 326 70
31 868 70
313 701 70
832 225 70
592 241 70
333 734 70
313 225 70
153 363 70
884 390 70
333 734 70
229 442 70
832 734 70
313 387 70
492 392 70
244 762 70
422 240 70
244 431 70
813 451 70
813 436 70
313 596 70
422 412 70
422 451 70
871 392 70
229 446 70
229 593 70
743 99 70
106 388 70
106 157 70
106 308 70
106 593 70
677 491 70
677 538 70
777 868 70
674 308 70
884 757 70
677 387 70
677 360 70
580 740 70
71 387 70
884 740 70
580 102 70
353 443 70
747 452 70
747 874 70
546 245 70
424 394 70
269 395 70
599 853 70
580 94 70
580 740 70
363 867 70
364 90 70
580 443 70
580 391 70
599 572 70
580 389 70
424 389 70
580 186 70
8 90 70
227 762 70
434 734 70
434 734 70
546 639 70
363 319 70
785 692 70
363 308 70
363 767 70
363 760 70
363 760 70
363 871 70
363 852 70
434 95 70
47 450 71
118 491 71
60 387 71
47 450 71
389 735 71
244 290 71
60 370 71
444 186 71
363 759 71
444 738 71
834 734 71
834 734 71
244 52 71
313 740 71
244 636 71
551 433 71
149 759 71
445 389 71
445 853 71
445 393 71
126 452 71
551 640 71
149 392 71
434 295 71
631 389 71
126 159 71
149 392 71
631 295 71
745 380 71
83 326 71
83 294 71
712 95 71
631 226 71
746 838 71
434 446 71
752 89 71
540 444 71
335 99 71
712 392 71
712 394 71
39 226 71
712 734 71
3 156 71
56 393 71
3 490 71
3 90 71
3 90 71
3 412 71
822 389 71
3 412 71
434 95 71
3 759 71
3 497 71
39 374 71
39 370 71
3 244 71
3 639 71
120 369 71
3 640 71
522 446 71
576 742 71
677 245 71
709 592 71
709 636 71
709 642 71
709 868 71
540 237 71
121 226 71
813 451 71
812 389 71
392 157 71
392 388 71
121 225 71
392 412 71
424 389 71
311 431 71
311 393 71
746 95 71
102 388 71
127 237 71
235 388 71
509 593 71
374 159 71
270 394 71
424 388 71
270 394 71
119 294 71
424 394 71
102 869 71
270 394 71
127 389 71
102 388 71
424 394 71
308 236 71
127 867 71
127 868 72
65 221 72
270 394 72
48 762 72
120 874 72
270 372 72
270 323 72
39 226 72
581 693 72
424 394 72
48 762 72
268 492 72
270 394 72
443 869 72
389 636 72
93 388 72
445 94 72
93 388 72
39 369 72
39 380 72
93 295 72
39 380 72
270 372 72
39 308 72
686 49 72
39 104 72
39 156 72
424 394 72
39 387 72
93 152 72
93 107 72
93 585 72
93 870 72
624 236 72
93 290 72
93 290 72
392 388 72
791 596 72
392 388 72
881 226 72
881 225 72
329 237 72
269 498 72
424 388 72
93 388 72
3 639 72
512 762 72
424 388 72
93 388 72
424 388 72
546 639 72
120 241 72
357 444 72
93 388 72
362 867 72
583 387 72
747 740 72
747 874 72
392 388 72
424 388 72
747 741 72
102 388 72
747 850 72
392 388 72
376 388 72
392 388 72
93 388 72
102 388 72
62 734 72
102 388 72
583 308 72
392 388 72
747 876 72
102 388 72
764 388 72
392 388 72
93 388 72
392 388 72
791 874 72
747 443 72
102 388 72
102 388 72
747 443 72
392 388 72
392 388 72
747 394 72
62 443 72
102 388 72
102 388 72
424 388 72
764 736 72
392 388 72
93 388 72
392 388 72
392 388 72
102 388 72
102 388 72
764 388 72
93 388 72
392 388 72
102 388 72
747 726 72
65 56 72
62 875 72
392 388 72
102 388 72
392 388 72
424 388 72
392 388 72
3 639 72
764 446 72
424 388 72
424 388 72
764 446 72
392 388 72
132 491 72
764 388 72
62 395 72
764 388 72
62 292 72
424 388 72
93 388 72
62 388 72
546 639 72
93 388 72
102 388 72
93 388 72
93 388 72
764 388 72
102 388 72
764 388 72
93 394 72
102 388 72
93 388 72
270 376 72
270 107 72
392 388 72
102 388 72
102 388 72
424 388 72
93 107 72
270 388 72
102 388 72
270 388 72
735 225 72
102 388 72
424 388 72
48 105 72
102 388 72
424 388 72
270 484 72
102 388 72
424 388 72
102 388 72
102 388 72
424 388 72
102 388 72
424 388 72
546 538 72
102 388 72
102 388 72
424 737 72
633 874 72
392 446 72
392 766 72
633 357 72
709 636 72
709 868 72
709 874 72
822 108 72
313 433 72
388 387 72
540 328 72
435 762 72
777 868 72
121 226 72
588 446 72
709 45 72
40 205 72
435 869 72
40 94 72
709 868 72
764 446 72
389 636 72
435 244 73
260 373 73
445 107 73
334 57 73
133 592 73
270 373 73
633 728 73
495 436 73
495 498 73
495 597 73
236 431 73
45 237 73
236 572 73
93 107 73
834 724 73
834 725 73
395 433 73
445 393 73
395 838 73
395 432 73
395 734 73
395 290 73
596 94 73
220 394 73
290 389 73
334 388 73
269 240 73
712 95 73
855 389 73
220 640 73
56 389 73
116 390 73
116 242 73
712 394 73
627 107 73
712 290 73
627 221 73
627 55 73
220 394 73
861 62 73
709 636 73
709 592 73
120 105 73
709 158 73
712 240 73
712 394 73
103 734 73
220 394 73
636 205 73
873 182 73
712 394 73
861 99 73
745 380 73
873 642 73
435 599 73
103 237 73
636 443 73
767 55 74
861 387 74
767 55 74
887 392 74
712 328 74
538 490 74
741 98 74
538 412 74
759 759 74
767 376 74
767 376 74
759 759 74
767 323 74
767 323 74
767 323 74
583 766 74
887 853 74
759 740 74
826 431 74
710 701 74
637 851 74
3 759 74
710 155 74
509 364 74
826 762 74
429 95 74
767 64 74
372 369 74
759 837 74
424 389 74
393 230 74
448 450 74
730 389 74
881 226 74
710 390 74
448 450 74
268 729 74
371 734 74
448 242 74
710 635 74
393 290 74
710 727 74
826 387 74
389 592 74
371 443 74
710 484 74
448 236 74
710 90 74
393 230 74
270 394 74
103 328 74
737 238 74
710 491 74
493 493 74
710 390 74
710 635 74
444 874 74
710 484 74
710 727 74
710 90 74
437 95 74
826 443 74
437 852 74
444 735 74
493 393 74
444 448 74
624 236 74
551 325 74
898 236 74
393 496 74
389 636 74
335 99 74
437 244 74
363 95 74
389 868 74
268 45 74
870 878 74
393 734 74
190 389 74
870 60 74
200 443 74
374 736 74
127 205 74
872 99 74
201 370 74
437 95 74
767 733 74
636 443 74
444 105 74
181 594 74
636 443 74
181 372 74
437 95 74
444 152 74
95 94 74
444 740 74
483 437 74
444 757 74
200 443 74
702 443 74
201 370 74
308 290 74
702 387 74
493 66 74
757 197 74
493 837 74
444 868 74
375 62 74
420 868 74
229 446 74
41 324 74
392 388 74
36 372 74
335 99 74
551 833 74
120 874 74
709 636 74
200 45 74
120 225 74
196 705 74
200 484 74
373 236 74
35 369 74
335 99 74
434 852 74
428 387 74
624 450 74
35 510 74
373 98 74
35 510 74
712 95 74
296 45 74
244 230 74
712 734 74
375 241 74
712 394 74
270 394 74
443 432 74
443 432 74
389 736 74
498 442 74
229 225 74
200 764 74
498 435 74
701 244 74
200 442 74
336 245 74
247 296 74
737 290 74
125 637 74
125 637 74
836 100 74
737 442 74
546 639 74
200 442 74
198 158 74
83 53 74
546 240 74
395 388 74
106 585 74
395 734 74
737 759 74
712 734 74
106 593 74
106 157 74
106 388 74
709 874 74
149 639 75
637 107 75
637 108 75
363 95 75
43 45 75
43 442 75
637 412 75
637 443 75
393 290 75
580 727 75
71 105 75
194 105 75
637 223 75
8 197 75
8 197 75
437 95 75
611 373 75
8 183 75
437 244 75
611 832 75
69 730 75
48 762 75
611 100 75
611 387 75
611 854 75
637 637 75
8 431 75
393 484 75
237 762 75
237 762 75
582 240 75
237 308 75
8 387 75
8 90 75
813 867 75
583 308 75
538 759 75
39 226 75
709 158 75
49 155 75
583 868 75
709 736 75
452 708 75
445 853 75
49 437 75
49 437 75
813 356 75
445 107 75
745 878 75
49 876 75
777 595 75
269 90 75
745 183 75
745 183 75
777 60 75
826 510 75
49 636 75
393 766 75
731 394 75
731 757 75
315 89 75
233 105 75
833 37 75
833 395 75
393 594 75
833 445 75
393 389 75
833 642 75
583 734 75
363 244 75
55 284 75
363 867 75
49 240 75
444 183 75
452 391 75
282 435 75
291 868 75
747 105 75
187 376 75
8 490 75
291 394 75
187 183 75
319 363 75
62 510 75
187 387 75
49 704 75
821 395 75
49 704 75
122 538 75
55 389 75
821 443 75
154 445 75
579 739 75
62 388 75
187 38 75
290 734 75
579 159 75
126 159 75
62 734 75
579 738 75
187 45 75
326 446 75
39 448 76
187 60 76
187 291 76
187 180 76
418 222 76
745 35 76
579 598 76
788 380 76
445 837 76
193 284 76
335 389 76
745 35 76
437 244 76
418 36 76
226 387 76
290 149 76
83 598 76
579 33 76
38 55 76
588 183 76
588 871 76
709 636 76
833 850 76
353 55 76
435 762 76
353 34 76
832 734 76
429 95 76
448 236 76
187 183 76
50 444 76
50 360 76
374 149 76
445 831 76
832 225 76
149 363 77
353 388 77
629 293 77
824 850 77
353 55 77
618 572 77
250 222 77
618 757 77
618 442 77
353 92 77
392 388 77
826 240 77
708 245 77
898 53 77
192 92 77
517 236 77
221 871 77
353 443 77
577 105 77
359 242 77
577 493 77
452 364 77
243 106 77
30 97 77
3 90 78
3 90 78
3 639 78
3 639 78
3 639 78
3 639 78
3 490 78
3 156 78
3 244 78
3 640 78
308 236 78
98 94 79
395 766 79
237 762 79
237 762 79
395 734 79
395 388 79
587 736 79
587 736 79
745 183 79
244 731 79
244 572 79
244 369 79
519 60 79
747 740 79
363 852 79
395 446 80
395 429 80
395 386 80
395 389 80
395 867 80
395 432 80
709 868 80
709 736 80
334 388 80
334 197 80
334 389 80
422 871 80
422 871 80
422 871 80
422 871 80
870 878 80
752 290 80
83 428 80
870 734 80
870 293 80
752 364 80
752 39 80
752 154 80
752 154 80
326 446 80
326 446 80
326 446 80
782 740 80
120 442 80
512 838 80
290 878 80
538 296 80
538 412 80
538 490 80
538 291 80
538 437 80
588 871 80
343 389 80
538 38 80
49 636 80
709 595 80
3 412 80
538 40 80
333 386 80
3 197 80
709 636 80
395 386 80
3 759 80
395 734 80
62 734 80
62 395 80
538 326 80
49 636 80
49 437 80
333 386 80
235 388 80
538 759 80
343 53 80
93 510 80
538 412 80
93 107 80
333 386 80
495 436 80
495 60 80
395 858 80
395 858 80
538 412 80
340 393 80
709 636 80
253 149 80
592 736 81
149 759 81
741 98 81
592 45 81
343 45 81
395 386 81
395 734 81
347 452 81
588 183 81
708 641 81
435 762 81
450 395 81
450 245 81
450 245 81
450 854 81
579 730 81
435 871 81
313 598 81
148 182 81
41 736 81
313 433 81
313 105 81
435 852 81
313 245 81
495 389 81
313 150 81
495 59 81
313 326 81
495 599 81
484 225 81
313 326 81
435 599 81
313 326 81
435 238 81
495 724 81
313 596 81
313 740 81
313 740 81
495 443 81
435 448 81
495 737 81
313 387 81
495 230 81
437 852 81
495 437 81
437 95 81
437 766 81
93 152 81
30 242 81
30 221 81
478 730 81
93 484 81
93 484 81
93 759 81
93 102 81
495 759 81
93 585 81
426 730 81
93 187 81
93 222 81
495 389 81
600 734 81
134 593 81
134 155 81
343 389 81
645 853 81
495 594 81
627 55 81
495 59 81
627 221 81
443 432 81
363 867 81
495 599 81
627 107 81
432 782 81
645 572 81
48 878 81
376 868 81
376 102 81
49 636 81
93 389 81
119 240 81
48 762 81
395 433 81
395 452 81
395 443 81
100 789 81
395 867 81
93 102 81
395 388 81
495 704 81
395 432 81
93 107 81
445 389 81
48 762 81
48 762 81
100 869 81
93 636 81
445 245 81
445 94 81
93 783 81
93 435 81
495 520 81
424 389 81
424 388 81
336 245 81
93 394 81
424 388 81
89 45 81
424 388 81
31 389 81
340 389 81
93 759 81
235 388 81
340 724 81
340 40 81
340 735 81
443 432 81
38 55 81
93 435 81
424 388 81
340 493 81
424 595 81
858 31 81
340 66 81
424 735 82
340 364 82
93 636 82
340 294 82
340 45 82
340 443 82
50 154 82
340 644 82
340 52 82
330 590 82
340 324 82
187 150 82
187 38 82
187 60 82
340 150 82
187 291 82
870 789 82
445 389 82
445 853 82
395 432 82
624 236 83
343 389 83
538 759 83
538 759 83
538 437 83
538 40 83
8 90 83
538 291 83
445 393 83
751 152 83
8 412 83
538 326 83
538 412 83
692 734 83
493 66 83
376 595 83
376 186 83
493 853 83
637 704 83
376 735 83
637 741 83
376 102 83
376 388 83
745 878 83
745 878 83
49 437 83
637 35 83
751 155 83
504 99 83
424 595 83
745 35 83
517 443 83
517 443 83
751 734 83
346 510 83
517 236 83
493 393 83
493 837 83
493 493 83
588 591 83
493 94 83
493 94 83
313 701 83
313 150 83
313 433 83
313 245 83
826 387 83
313 186 83
371 706 83
313 326 83
313 730 83
313 294 83
313 294 83
93 510 83
580 518 83
627 107 83
580 740 83
93 102 83
93 759 83
93 152 83
93 107 83
93 290 83
313 594 83
580 94 83
313 433 83
435 762 83
435 244 83
233 105 83
546 637 83
435 388 83
346 150 83
538 518 83
538 759 83
346 184 83
538 326 83
709 636 83
709 736 83
709 595 83
709 105 83
346 53 83
546 639 83
392 388 83
14 701 83
346 179 83
546 155 83
334 197 83
424 595 83
290 387 83
524 290 83
363 446 83
363 93 83
346 491 83
546 538 83
363 93 83
445 853 83
62 388 83
363 867 83
524 179 83
445 245 83
363 759 83
198 704 83
445 389 83
363 734 83
363 244 83
346 443 83
745 35 83
363 290 83
62 484 83
62 437 83
731 152 83
731 518 83
731 226 83
62 376 84
731 92 84
194 105 84
62 759 84
540 870 84
579 596 84
313 53 84
39 369 84
39 373 84
39 323 84
226 237 84
552 92 84
587 736 84
201 786 84
345 31 84
418 290 84
345 387 84
678 451 84
201 874 84
39 517 84
233 105 84
233 709 84
8 759 84
344 103 84
48 762 84
62 395 84
48 878 84
48 762 84
834 724 84
747 443 84
290 878 84
290 308 84
48 105 84
429 852 84
340 443 84
290 393 84
340 66 84
62 759 84
48 878 84
340 40 84
861 62 84
340 393 84
104 389 84
340 735 84
238 31 84
324 484 84
49 437 84
8 759 84
8 183 84
49 636 84
546 389 84
340 389 84
62 437 84
56 284 84
62 759 84
56 389 84
574 691 84
201 329 84
813 451 84
375 62 84
709 636 84
813 867 84
202 443 84
861 295 84
122 428 84
290 878 84
861 62 84
49 437 84
538 759 84
49 155 84
49 636 84
202 443 85
69 730 85
861 437 85
850 388 85
412 637 85
437 852 85
375 62 85
237 762 85
264 31 85
898 236 85
334 395 85
62 437 85
592 585 85
832 58 85
860 858 85
196 53 85
592 870 85
313 105 85
239 155 85
149 639 85
379 290 85
592 103 85
244 589 85
345 31 85
619 94 85
345 290 85
237 34 85
861 644 86
62 759 86
831 39 86
334 395 86
831 641 86
250 364 86
253 791 86
508 742 86
253 40 86
103 237 86
250 389 86
103 387 86
345 92 86
549 572 86
193 740 86
549 388 86
345 387 86
345 387 86
345 492 86
103 290 86
8 759 86
220 394 86
103 387 86
333 386 86
103 387 86
313 732 86
102 869 86
313 150 86
313 730 86
103 92 86
313 245 86
103 443 86
494 103 86
677 290 86
103 491 86
83 53 86
83 732 86
677 387 86
83 730 86
677 245 86
83 33 86
345 92 86
345 387 86
772 150 86
677 443 86
709 636 86
103 387 86
389 636 86
83 186 86
622 31 86
49 636 86
839 244 86
392 869 86
870 878 86
435 244 86
8 412 86
49 437 86
435 290 86
745 878 86
48 762 86
745 878 86
435 852 86
622 572 87
435 759 87
48 326 87
745 387 87
435 762 87
193 59 87
193 493 87
745 538 87
221 428 87
345 387 87
193 389 87
435 762 87
317 40 87
340 40 87
623 31 87
395 433 87
395 869 87
395 858 87
395 867 87
395 734 87
428 387 87
428 878 87
864 443 87
359 734 87
48 762 87
48 105 87
48 878 87
53 55 87
560 290 87
777 595 87
826 50 87
826 762 87
560 245 87
625 150 87
747 726 87
560 767 87
149 519 87
39 692 87
560 295 87
418 290 87
709 636 87
826 388 87
149 759 87
435 95 87
709 690 87
452 39 87
127 363 87
747 394 87
452 45 87
435 95 87
759 759 87
674 867 87
735 53 87
492 690 87
674 732 87
521 443 87
521 239 87
435 762 87
521 236 87
777 293 87
435 734 88
772 524 88
126 159 88
193 36 88
860 858 88
51 387 88
362 767 88
41 324 88
193 55 88
362 90 88
284 448 88
100 789 88
284 732 88
709 690 88
362 867 88
672 388 88
351 443 88
540 328 88
540 444 88
362 759 88
540 870 88
362 758 88
452 711 88
48 762 88
48 762 88
374 387 88
43 152 88
345 290 88
364 90 88
109 50 88
109 240 88
753 35 88
328 52 88
110 726 88
109 704 88
515 360 88
109 443 88
418 36 88
642 31 88
508 149 88
576 443 88
47 450 88
822 108 88
287 854 88
48 149 89
418 874 89
48 522 89
418 240 89
418 240 89
418 152 89
418 290 89
418 221 89
203 31 89
345 31 89
345 31 89
745 35 89
48 240 89
187 376 89
345 572 89
187 538 89
249 325 89
1 325 89
1 329 89
166 538 89
445 389 89
629 34 89
859 452 90
112 185 90
705 40 91
705 106 91
705 102 91
882 870 92
53 357 92
882 484 92
124 389 92
747 874 92
444 186 92
444 394 92
204 448 92
444 105 92
444 183 92
444 868 92
444 94 92
204 361 92
674 867 93
133 636 93
674 448 93
882 759 93
674 727 93
133 592 93
234 789 93
352 150 93
133 158 93
352 150 93
870 789 93
870 290 93
270 694 93
870 60 93
870 395 93
870 437 93
870 391 93
870 376 93
127 389 93
882 365 93
882 365 93
424 735 93
870 36 93
870 706 93
418 36 93
270 519 93
418 484 93
418 240 93
418 393 93
62 484 93
234 789 93
588 290 93
418 484 93
418 96 93
234 36 93
547 152 93
547 373 93
547 594 93
351 36 93
547 726 93
547 360 93
547 388 93
826 762 93
321 100 93
435 762 93
435 762 93
435 762 93
452 787 93
645 184 93
645 853 93
645 240 93
645 393 93
495 59 93
743 99 93
743 484 93
743 99 93
495 443 93
645 644 93
149 183 93
645 762 94
588 392 94
890 709 94
706 736 94
363 867 94
308 290 94
363 734 94
578 831 94
526 843 94
64 737 94
193 102 94
190 389 94
122 428 94
193 36 94
546 637 94
190 365 94
743 854 94
190 284 94
637 704 94
51 387 94
546 245 94
709 636 94
709 868 94
56 393 94
667 443 94
418 36 94
418 290 94
56 389 94
418 240 94
56 284 94
546 538 94
250 96 94
50 55 94
418 393 94
351 443 94
546 240 94
861 644 94
776 150 94
861 362 94
776 230 94
314 55 94
861 94 94
861 437 94
861 295 94
124 389 94
851 102 94
239 290 94
870 789 94
352 230 94
418 290 94
870 878 94
870 726 94
418 240 94
588 290 94
418 389 94
588 762 94
861 52 94
861 197 95
353 34 95
334 395 95
776 395 95
582 389 95
90 867 95
445 762 95
861 36 95
353 393 95
861 728 95
861 63 95
445 389 95
861 724 95
418 36 95
861 376 95
93 295 95
93 394 95
93 484 95
424 389 95
93 102 95
193 284 95
124 757 95
633 36 95
193 706 95
424 737 95
93 152 95
193 393 95
62 437 95
418 515 95
62 376 95
62 734 95
49 437 95
49 704 95
592 292 95
364 45 95
592 736 95
592 103 95
592 324 95
343 53 95
343 855 95
43 419 95
343 94 95
41 736 95
583 185 95
582 240 95
418 874 96
870 788 96
239 183 96
363 867 96
576 290 96
363 852 96
363 759 96
363 855 96
363 734 96
269 96 96
269 240 96
871 484 96
270 572 96
121 226 96
592 93 96
250 96 96
250 240 96
897 153 96
49 290 96
576 704 96
205 50 96
49 704 96
333 420 96
205 40 96
49 788 96
205 443 96
813 370 96
49 183 96
49 515 96
190 158 96
332 420 96
49 495 96
49 495 96
190 594 96
753 35 97
619 521 97
352 418 97
744 153 97
190 94 97
352 295 97
8 90 97
237 762 97
778 376 97
776 418 97
776 295 97
344 103 97
744 222 97
881 365 97
881 388 97
776 93 97
269 96 97
776 95 97
269 90 97
744 240 97
776 876 97
270 55 97
744 155 97
121 446 97
445 393 97
49 876 97
49 515 97
383 782 97
776 515 97
383 738 97
492 393 97
383 874 97
308 290 97
870 437 97
492 389 97
492 392 97
308 236 97
445 393 97
49 182 97
49 515 97
115 572 98
49 437 98
668 91 98
115 45 98
115 851 98
494 104 98
239 433 98
62 759 98
62 759 98
111 422 98
193 389 98
494 443 98
100 789 98
100 869 98
153 421 98
336 392 98
336 592 98
100 592 98
420 53 98
114 387 98
624 701 98
494 736 98
115 702 98
198 158 98
198 50 98
48 762 98
198 787 98
114 222 98
198 704 98
198 443 98
198 853 98
250 521 98
494 735 98
250 853 98
395 443 98
250 484 98
445 853 98
341 96 98
334 197 98
198 443 98
198 853 98
580 788 98
580 727 98
580 501 98
580 101 98
743 362 98
580 443 98
728 101 98
340 735 98
198 704 98
669 360 98
548 295 98
579 598 99
669 50 99
579 33 99
100 498 99
340 443 99
669 60 99
382 52 99
100 735 99
579 730 99
384 179 99
420 428 99
133 592 99
579 738 99
395 388 99
579 739 99
114 517 99
382 56 99
201 517 99
153 786 99
645 521 99
153 55 99
153 363 99
560 852 99
560 852 99
560 592 99
560 791 99
560 791 99
560 387 99
560 767 99
560 295 99
181 372 99
270 390 99
127 94 99
270 131 99
270 370 99
424 735 99
669 387 99
14 701 99
435 35 99
435 762 99
221 428 99
435 361 99
39 517 99
445 133 99
253 128 99
435 867 99
98 49 99
786 244 99
98 703 99
98 855 99
435 95 99
98 99 99
445 45 99
98 392 99
709 592 99
418 515 99
418 495 99
418 393 99
125 757 99
125 90 99
639 444 99
435 767 99
49 515 99
39 156 99
227 295 99
288 831 100
772 328 100
121 421 100
121 424 100
159 94 100
616 152 100
224 226 100
93 295 100
227 295 100
540 40 100
93 290 100
14 242 100
93 759 100
93 870 100
93 152 100
547 152 100
616 701 100
616 373 100
616 242 100
125 197 100
185 445 100
5 594 100
490 711 100
125 587 100
104 393 100
579 419 100
745 35 100
619 853 100
619 49 100
619 762 100
601 521 100
576 704 100
435 35 100
435 295 100
579 598 100
579 598 100
579 598 100
338 740 100
198 853 100
198 704 100
258 50 101
382 222 101
346 443 101
871 91 101
189 130 101
382 426 101
512 387 101
751 155 101
898 236 101
346 150 101
624 701 101
522 55 101
14 701 101
578 831 101
578 386 101
578 386 101
578 590 101
14 701 101
346 183 101
14 519 101
445 94 101
418 515 101
735 855 101
812 290 101
548 295 101
812 388 101
48 762 101
48 521 101
601 732 101
31 389 101
445 393 101
90 388 101
492 393 101
492 392 101
492 736 101
583 766 101
445 158 101
826 762 102
826 50 102
826 538 102
826 56 102
826 392 102
826 491 102
102 789 102
601 372 102
601 129 102
826 387 102
102 789 102
30 221 102
30 242 102
30 240 102
30 45 102
30 387 102
30 443 102
30 431 102
540 444 102
540 328 102
114 61 103
114 421 103
62 498 104
185 45 104
185 387 104
627 55 104
185 102 104
153 421 104
359 242 104
369 452 104
519 538 104
519 538 104
870 734 105
51 292 105
285 296 105
250 240 105
250 443 105
250 734 105
94 386 105
341 125 105
578 510 105
578 510 105
578 186 105
578 495 105
870 789 105
578 871 105
234 789 105
826 431 105
578 238 105
826 443 105
201 370 105
382 56 105
507 425 105
367 50 105
367 446 105
637 704 105
239 417 105
31 94 105
677 538 105
870 789 105
239 290 105
367 443 105
239 5 105
98 49 105
826 395 105
62 50 105
62 734 106
153 492 106
153 40 106
512 126 106
153 702 106
791 52 106
239 857 106
392 735 106
392 735 106
392 735 106
392 412 106
392 290 106
76 126 106
634 484 106
634 155 106
234 789 106
30 126 106
772 328 106
634 518 106
546 538 106
548 156 106
226 55 106
871 296 106
634 50 106
51 831 106
378 389 106
418 290 106
601 127 106
418 393 106
578 831 106
601 424 106
578 831 106
51 831 106
250 96 106
492 6 106
831 237 106
554 642 106
250 701 106
250 50 106
831 39 106
445 393 106
250 713 106
578 7 106
831 328 106
445 831 106
578 830 106
250 418 106
363 734 106
363 867 106
395 867 106
250 187 106
51 831 106
250 183 106
395 734 106
381 40 106
93 290 106
250 431 106
250 65 106
93 152 106
250 424 106
250 495 106
445 389 107
492 393 107
128 179 107
333 386 107
62 376 107
62 759 107
86 50 107
424 735 107
637 741 107
812 387 107
619 389 107
812 874 107
812 126 107
619 49 107
313 732 107
345 492 107
313 732 107
619 762 107
313 326 107
512 45 107
313 598 107
313 740 107
313 433 107
345 387 107
833 187 107
384 492 107
345 290 107
313 150 107
313 730 107
601 732 107
313 245 107
619 853 107
384 183 107
833 644 107
512 426 107
352 150 107
384 636 107
313 186 107
512 706 107
313 186 107
313 701 107
384 450 107
352 295 107
313 701 107
776 150 107
512 597 107
185 126 107
49 515 107
512 97 107
49 704 107
352 150 107
49 495 107
49 290 107
745 183 107
833 858 107
833 641 107
65 221 107
776 150 107
507 639 107
546 538 107
546 639 107
776 418 107
353 55 107
870 789 107
776 295 107
870 843 107
159 94 107
424 451 107
381 788 107
745 35 107
381 3 107
870 290 107
870 293 107
381 291 107
114 421 107
745 35 107
870 125 107
870 179 107
5 594 107
892 854 107
546 515 107
892 854 107
745 387 107
674 4 107
595 830 107
637 58 107
745 538 107
65 132 107
51 158 107
490 443 107
62 395 107
645 127 108
49 788 108
431 45 108
431 426 108
51 830 108
193 393 108
601 127 108
381 3 108
637 829 108
635 829 108
637 704 108
381 3 108
635 181 108
319 363 108
270 373 108
353 786 108
172 179 108
381 743 108
515 443 108
494 61 108
283 183 108
371 706 108
40 94 108
283 390 108
870 423 108
283 538 108
283 380 108
40 205 108
40 245 108
283 376 108
445 393 108
100 789 108
40 389 108
445 853 108
47 492 108
226 387 108
445 705 108
226 222 108
47 183 108
100 868 108
100 735 108
384 2 108
40 585 108
188 99 108
519 2 108
418 515 108
418 240 108
418 290 108
445 831 108
418 393 108
49 183 108
48 878 108
341 125 108
517 236 108
435 867 108
435 222 108
226 179 108
226 242 108
517 443 108
43 419 108
104 49 108
47 2 108
47 743 108
384 2 108
492 393 108
181 372 108
633 728 108
359 97 108
48 731 108
892 392 108
247 515 108
247 515 108
49 515 109
71 387 109
49 290 109
71 705 109
134 637 109
395 433 109
636 678 109
627 221 109
745 380 109
627 107 109
357 443 109
315 644 109
870 290 109
382 132 109
315 694 109
870 125 109
870 293 109
870 437 109
870 434 109
418 290 109
49 437 109
418 515 109
582 853 109
870 240 109
870 878 109
507 639 109
100 498 109
551 325 109
384 639 109
202 240 109
62 388 109
55 389 109
62 510 109
204 871 109
515 360 109
204 448 109
204 867 109
285 296 109
196 705 109
707 92 109
55 284 109
226 706 109
226 706 109
445 853 109
418 515 109
226 642 109
678 395 109
418 393 109
445 290 109
678 451 109
445 393 109
851 445 109
445 152 109
678 62 109
150 443 109
851 61 109
546 639 109
851 104 109
153 40 109
153 103 109
424 451 109
418 393 109
48 878 110
345 492 110
359 443 110
363 95 110
445 245 110
270 694 110
345 178 110
345 152 110
429 95 110
345 92 110
578 831 110
83 701 110
429 852 110
578 677 110
83 53 110
48 393 110
83 738 110
62 759 110
193 102 110
83 33 110
864 593 110
205 40 110
731 448 110
205 91 110
193 393 110
205 91 110
193 740 110
83 419 110
193 706 110
345 450 110
389 592 110
193 284 110
383 2 110
30 126 110
71 443 110
51 831 110
424 737 110
51 7 110
338 126 110
709 592 110
83 730 110
424 240 110
253 50 110
709 636 110
83 636 110
98 49 110
745 35 110
49 636 110
393 290 110
752 843 110
669 443 110
120 105 110
120 874 110
812 874 110
351 637 110
618 388 110
247 515 110
834 724 110
200 101 110
812 853 110
834 389 110
445 637 110
39 703 110
39 156 110
270 372 110
395 443 110
395 386 110
363 867 110
395 388 110
363 93 110
678 869 110
424 388 110
346 150 110
359 126 110
185 126 110
153 735 110
448 450 110
3 412 110
435 388 110
3 518 110
3 498 110
3 197 110
3 197 110
578 376 110
65 293 110
870 293 110
870 293 110
134 637 110
65 293 110
3 90 111
777 293 111
578 376 111
412 637 111
435 35 111
578 831 111
435 762 111
435 869 111
462 675 111
435 734 111
424 675 111
424 675 111
348 674 111
389 592 111
65 293 111
65 293 111
777 425 111
389 736 111
100 869 111
247 437 111
14 701 111
881 421 111
247 417 111
190 389 111
271 106 111
247 704 111
432 101 111
388 538 111
84 293 111
870 734 111
190 594 111
582 389 111
104 637 111
870 293 111
345 390 111
432 782 111
870 706 111
447 741 111
43 53 111
56 393 111
104 389 111
44 297 111
56 284 111
776 93 111
393 734 111
65 293 111
55 389 111
445 853 111
546 389 111
777 293 111
193 706 111
100 498 111
49 515 111
181 594 111
8 90 111
492 393 111
187 150 111
44 495 111
492 736 111
187 538 111
290 393 111
8 412 111
345 389 111
345 295 111
187 60 111
494 101 111
58 394 111
560 61 111
546 673 111
560 245 111
560 852 111
560 128 111
873 678 111
51 831 111
70 389 111
249 325 111
461 388 111
39 290 111
249 394 111
70 290 111
363 93 111
291 242 111
887 392 111
173 50 111
424 412 111
64 437 111
637 703 111
870 789 111
710 63 111
173 36 111
710 65 111
429 852 111
173 393 111
461 434 111
315 694 111
173 227 112
851 102 112
781 701 112
173 423 112
495 60 112
495 443 112
445 521 112
833 730 112
833 391 112
833 644 112
745 538 112
317 40 112
833 240 112
445 393 112
833 363 112
579 730 112
833 96 112
813 703 112
833 517 112
834 389 112
813 703 112
64 491 112
579 596 112
434 290 112
243 293 112
315 183 112
315 640 112
825 103 112
153 492 112
495 685 112
378 686 112
540 678 112
173 671 112
418 36 112
291 394 112
418 515 112
291 308 112
375 443 112
834 484 112
823 673 112
47 729 112
645 127 112
375 150 112
823 152 112
375 591 112
345 61 112
418 290 112
345 290 112
686 49 112
512 226 112
418 484 112
686 392 112
507 639 112
813 52 112
813 52 112
877 394 112
65 51 112
83 701 112
512 126 112
445 290 112
50 55 112
813 412 112
351 45 112
579 546 112
83 730 112
522 55 112
315 596 112
249 102 112
83 636 112
442 226 112
315 851 112
494 103 112
636 443 112
478 546 112
126 103 112
579 546 112
47 496 112
579 546 112
249 394 112
346 240 112
592 484 112
83 546 112
351 637 112
346 443 112
50 444 112
887 392 112
887 392 112
619 49 112
346 644 112
887 240 112
592 105 112
71 705 112
887 49 112
887 49 112
202 448 112
592 308 112
592 103 112
346 521 112
887 703 112
886 447 112
44 36 112
221 428 112
412 572 112
315 644 112
678 850 112
194 705 112
412 572 112
678 850 112
592 292 112
812 45 112
592 53 112
126 105 112
224 510 112
224 767 112
224 226 112
678 152 112
224 387 112
173 36 112
118 850 112
745 546 113
202 390 113
435 388 113
156 105 113
435 448 113
98 392 113
678 387 113
435 158 113
98 49 113
678 197 113
192 157 113
678 708 113
359 126 113
359 387 113
592 92 113
495 40 113
592 870 113
495 676 113
418 495 113
371 706 113
592 105 113
577 394 113
669 60 113
820 99 113
686 49 113
346 644 113
346 240 113
521 443 113
371 850 113
601 127 113
371 443 113
371 387 113
686 392 113
371 741 113
686 290 113
250 187 113
669 443 113
686 734 113
492 393 113
250 495 113
492 392 113
192 545 113
353 55 113
121 421 113
121 424 113
102 789 113
870 293 113
102 789 113
121 226 113
83 159 113
678 393 113
870 789 113
102 789 113
102 789 113
592 850 113
870 789 113
102 789 113
173 389 113
1 741 113
675 448 113
662 388 113
353 50 113
83 739 113
83 546 113
173 393 113
662 154 113
662 394 113
348 101 113
662 60 113
662 444 113
348 102 113
71 705 113
662 543 113
764 736 114
618 154 114
861 197 114
861 99 114
861 724 114
861 240 114
861 240 114
861 63 114
861 389 114
861 644 114
861 52 114
861 728 114
861 36 114
30 547 115
494 61 116
826 50 116
826 56 116
870 547 116
326 674 116
334 197 116
334 389 116
334 388 116
184 850 116
521 443 116
521 236 116
752 154 116
243 290 116
871 99 116
247 515 116
747 50 116
731 850 117
678 451 117
193 36 117
193 393 117
193 706 117
127 205 117
777 293 117
812 388 117
592 178 117
185 387 117
789 428 117
592 182 117
709 425 117
709 125 117
825 540 117
592 673 117
644 672 117
244 731 117
341 125 117
221 290 117
592 358 117
592 220 117
418 36 117
34 391 117
194 389 117
34 740 117
592 540 117
592 590 117
194 105 117
134 637 117
538 743 117
538 40 117
538 726 117
870 789 117
592 875 117
592 874 117
592 133 117
538 412 117
721 590 117
422 585 117
592 590 117
709 874 117
639 444 118
592 372 118
639 444 118
422 594 118
592 736 118
833 853 118
375 590 118
445 393 118
422 365 118
359 387 118
833 637 118
538 545 118
512 389 118
737 388 118
512 387 118
447 242 118
833 60 118
833 735 118
512 126 118
359 126 118
445 853 118
39 703 118
512 388 118
512 126 118
753 35 118
4 443 118
538 264 118
39 789 118
257 389 118
463 101 118
538 296 118
538 703 118
463 538 118
463 875 118
39 35 118
39 35 118
463 484 118
463 387 118
100 592 118
100 850 118
49 290 118
481 45 118
432 874 118
669 360 118
639 220 118
777 265 118
777 264 118
777 546 118
587 736 118
813 323 118
813 323 118
752 284 118
56 389 118
56 284 118
98 49 118
578 677 118
56 393 118
578 831 118
434 95 118
90 737 118
632 415 118
632 50 118
632 45 118
722 851 118
3 197 118
722 92 118
618 522 118
722 179 118
3 156 118
3 640 118
3 640 118
3 90 118
14 701 118
3 90 118
203 290 118
3 490 118
203 152 118
203 788 118
203 492 118
359 387 118
3 759 118
3 759 118
119 850 118
203 221 118
745 35 118
203 499 118
3 639 118
3 639 118
203 40 118
722 443 118
203 387 119
14 701 119
103 290 119
745 35 119
3 244 119
345 492 119
345 390 119
722 858 119
56 389 119
319 363 119
345 572 119
709 592 119
345 389 119
709 874 119
122 152 119
345 40 119
722 40 119
345 40 119
823 673 119
345 290 119
823 415 119
722 50 119
823 415 119
171 390 119
823 178 119
345 266 119
722 266 119
623 266 119
345 445 119
171 96 119
345 156 119
623 445 119
434 222 119
623 156 119
100 592 119
623 674 119
445 133 119
345 266 119
418 515 119
203 266 119
519 40 119
134 103 119
171 240 119
134 297 119
392 157 119
623 157 119
171 737 119
392 766 119
623 876 119
418 376 119
83 701 119
556 90 119
601 372 119
192 545 119
14 701 119
538 264 119
712 95 119
203 519 119
538 490 119
418 786 119
14 326 119
203 94 119
334 197 119
203 94 119
538 545 119
148 182 119
14 326 119
14 326 119
538 759 119
14 326 119
203 363 119
743 99 119
424 737 119
203 55 119
14 701 119
203 394 119
434 852 119
422 158 119
743 99 119
422 37 119
538 326 119
601 868 119
345 60 119
712 392 119
203 183 119
203 759 119
269 240 119
93 510 119
345 374 119
93 295 119
93 394 119
313 433 119
93 484 119
313 732 119
93 187 119
313 732 119
203 421 119
93 102 119
203 546 119
171 737 119
93 759 119
313 326 119
313 245 119
93 152 119
313 150 119
100 789 119
93 107 119
722 183 119
313 33 119
313 596 119
132 34 119
250 544 119
313 53 119
83 701 119
83 701 119
192 545 119
93 290 119
132 178 119
338 97 119
791 596 119
132 388 119
192 92 119
83 150 119
338 105 119
338 126 119
48 240 119
83 53 119
171 445 119
171 240 119
83 33 119
171 706 119
203 31 119
171 34 119
171 268 120
578 92 120
870 789 120
171 871 120
601 732 120
125 743 120
203 94 120
345 374 120
345 60 120
345 92 120
345 31 120
345 498 120
203 498 120
776 93 120
751 242 120
14 701 120
247 515 120
269 419 120
290 734 120
14 701 120
671 237 120
753 596 120
753 596 120
363 93 120
291 741 120
93 270 120
153 103 120
674 40 120
445 94 120
59 50 120
495 759 120
671 261 120
362 244 120
362 767 120
362 448 120
362 197 120
418 515 120
362 197 120
205 40 120
328 52 120
723 156 120
887 319 120
205 99 120
328 701 120
49 788 120
39 242 120
49 515 120
173 50 120
723 40 120
49 290 120
359 126 120
48 240 120
48 731 120
192 92 120
547 788 120
576 290 120
777 264 120
547 788 120
764 736 120
777 546 120
128 701 120
40 572 120
583 868 120
583 185 120
393 290 120
14 701 120
70 154 120
237 308 120
40 572 120
40 585 120
40 205 120
133 636 120
70 389 120
41 736 120
133 592 120
288 7 120
41 736 120
166 389 120
100 592 120
120 242 120
120 242 120
637 672 120
173 393 121
871 240 121
345 266 121
198 443 121
345 290 121
345 40 121
315 596 121
345 92 121
445 393 121
776 869 121
381 40 121
381 179 121
43 419 121
863 832 121
863 55 121
871 99 121
732 590 121
247 515 121
759 636 121
709 636 121
764 242 121
747 874 121
747 437 121
35 510 121
35 510 121
717 261 121
863 236 121
863 105 121
863 854 121
592 93 121
744 222 121
592 437 121
351 62 121
171 240 121
269 240 121
721 734 121
540 40 121
833 851 121
247 290 121
351 36 121
351 637 121
351 94 121
351 62 121
190 389 121
203 492 121
352 150 121
870 290 121
619 49 121
345 388 121
619 853 121
326 96 122
716 220 122
247 159 122
98 703 122
395 766 122
395 433 122
716 131 122
229 319 122
395 443 122
722 290 122
633 728 122
395 734 122
716 851 122
395 442 122
181 726 122
463 100 122
463 31 122
633 521 122
463 742 122
463 106 122
463 843 122
463 830 122
633 240 122
495 59 122
463 705 122
463 107 122
776 93 122
463 591 122
463 328 122
229 517 122
735 421 122
716 735 122
445 853 122
714 220 122
445 637 122
445 126 122
521 741 122
374 878 122
716 291 122
716 155 122
587 736 122
522 446 122
716 152 122
716 572 122
424 675 122
716 6 122
716 675 122
714 45 122
714 373 122
871 152 122
424 675 122
714 152 122
714 675 122
395 93 122
424 675 122
714 437 122
714 492 122
221 544 122
8 197 122
3 244 122
611 554 122
3 197 122
31 389 122
48 878 122
3 90 122
127 205 122
3 490 122
345 492 122
221 549 122
595 831 122
3 759 122
345 290 122
374 878 122
825 178 122
374 878 122
184 538 122
825 97 122
825 871 122
351 126 122
601 868 122
363 93 122
464 265 122
464 595 122
464 791 122
464 791 122
464 423 122
721 572 122
363 734 122
244 92 122
721 590 122
721 40 122
506 538 122
578 831 122
637 829 122
418 515 122
434 290 122
418 240 122
494 103 122
721 734 122
434 50 122
592 675 122
173 428 122
674 40 122
674 290 122
39 572 122
830 444 123
173 585 123
722 290 123
173 442 123
62 292 123
62 50 123
887 703 123
40 245 123
270 131 123
645 127 123
887 49 123
887 49 123
595 831 123
62 734 123
270 152 123
887 392 123
393 290 123
887 240 123
39 373 123
51 7 123
39 437 123
62 759 123
39 131 123
62 395 123
51 831 123
49 515 123
39 543 123
39 555 123
579 596 123
49 636 123
711 428 123
98 703 123
98 392 123
39 46 123
49 290 123
193 393 123
838 178 123
98 644 123
512 97 123
538 264 123
538 545 123
502 155 123
538 490 123
506 178 123
871 152 123
193 59 123
247 515 123
813 376 123
43 442 123
220 394 123
813 266 123
338 547 123
776 93 123
813 267 123
579 546 123
712 392 123
171 871 123
588 290 123
579 739 123
813 328 123
824 32 123
686 49 123
813 236 123
712 734 123
270 152 123
173 393 123
813 594 123
686 290 123
428 878 123
428 538 123
813 221 123
173 290 123
8 90 123
813 186 123
813 782 123
712 585 123
86 443 123
686 392 123
428 538 123
686 392 123
813 40 123
173 640 123
93 290 123
428 380 123
173 290 123
712 394 123
813 270 123
49 290 123
93 510 123
686 388 123
712 388 123
8 244 123
428 742 123
429 852 123
93 759 123
428 701 123
686 734 123
712 734 123
93 152 123
153 786 123
66 734 123
686 290 123
345 266 123
93 394 123
813 519 123
114 421 123
712 388 123
93 636 123
114 434 123
674 672 123
93 585 123
93 585 123
712 388 123
715 61 123
359 97 123
686 388 123
114 132 123
187 150 123
283 387 123
93 870 123
342 105 123
712 290 123
712 328 123
428 701 123
93 270 123
674 290 123
715 428 123
715 260 123
871 178 123
872 736 123
35 510 123
424 388 123
239 290 123
715 58 123
100 133 123
715 524 123
715 484 123
8 759 123
686 388 123
8 759 123
838 178 123
8 244 123
495 59 123
215 96 123
838 290 123
215 154 123
56 393 123
215 484 123
521 236 123
838 244 123
551 549 123
93 484 123
838 244 123
863 236 123
173 290 123
715 290 123
93 510 123
234 789 123
686 290 123
686 290 123
93 222 124
100 789 124
173 393 124
173 183 124
173 585 124
100 869 124
173 388 124
579 260 124
363 93 124
173 423 124
50 444 124
712 388 124
813 270 124
825 126 124
363 244 124
813 594 124
825 855 124
712 290 124
261 261 124
777 264 124
770 701 124
592 45 124
117 394 124
117 394 124
601 127 124
117 394 124
424 388 124
745 538 124
620 261 124
620 373 124
221 549 124
14 701 124
574 388 124
271 290 124
203 266 124
574 428 124
70 558 124
203 492 124
211 245 124
216 874 124
203 499 124
492 6 124
211 245 124
518 446 124
685 245 124
1 741 124
216 739 124
270 222 124
826 443 124
31 557 124
173 388 124
492 392 124
210 40 124
196 705 124
492 690 124
133 45 124
98 392 124
78 97 124
833 40 124
203 31 124
64 391 124
871 45 124
196 53 124
812 126 124
173 388 124
64 674 124
517 741 124
291 242 124
812 389 124
578 92 124
639 444 124
359 97 124
578 7 124
318 839 124
712 290 124
712 290 124
712 290 124
70 839 124
70 154 124
206 326 124
192 92 124
770 557 124
192 93 124
737 283 124
578 871 124
250 127 124
250 393 124
712 585 124
192 545 124
118 59 124
348 102 124
250 734 124
445 389 124
185 445 124
203 61 124
445 245 124
38 55 124
577 515 124
833 261 124
721 734 124
580 51 124
580 788 124
552 152 124
580 102 124
357 40 124
833 594 124
580 740 124
717 373 124
226 55 124
540 237 125
580 387 125
435 869 125
540 444 125
540 444 125
580 268 125
31 557 125
552 54 125
31 557 125
580 5 125
64 282 125
618 442 125
445 831 125
31 389 125
580 282 125
345 266 125
833 858 125
833 183 125
833 644 125
345 492 125
346 376 125
345 92 125
93 290 125
833 282 125
833 60 125
93 585 125
221 871 125
119 282 125
833 735 125
540 40 125
93 152 125
833 391 125
580 282 125
833 240 125
345 388 125
93 759 125
313 326 125
618 93 125
313 269 125
93 197 125
288 831 125
93 197 125
288 831 125
345 290 125
93 102 125
93 394 125
313 433 125
93 270 125
93 270 125
93 222 125
93 437 125
773 387 125
774 240 125
93 133 125
93 154 125
315 94 125
93 376 125
694 152 125
93 782 125
773 285 125
93 839 125
866 484 125
93 395 125
93 594 125
866 197 125
93 594 125
93 92 125
256 437 125
72 297 125
93 266 125
866 542 125
93 543 125
315 572 125
93 836 125
93 836 125
93 371 125
93 60 125
866 96 125
93 4 125
866 390 125
93 183 125
30 412 125
93 444 125
93 761 125
93 703 125
93 412 125
72 484 125
93 328 125
93 678 125
374 736 125
866 734 125
468 740 125
374 538 125
823 178 125
34 282 125
34 282 125
468 220 125
34 287 125
93 290 125
93 484 125
93 197 125
93 152 125
93 435 125
211 245 125
173 585 126
173 290 126
173 40 126
173 585 126
871 644 126
632 415 126
632 50 126
632 484 126
632 832 126
632 55 126
632 854 126
632 179 126
490 701 126
490 701 126
632 853 126
632 853 126
632 711 126
166 389 126
166 152 126
93 290 126
490 50 126
39 437 128
592 105 128
592 362 128
872 736 128
752 267 128
395 433 128
395 442 128
371 850 128
363 93 128
62 376 128
62 443 128
171 543 128
43 442 128
395 734 128
546 673 128
870 789 129
832 421 129
64 737 129
65 51 129
821 357 129
244 545 129
51 158 129
117 394 129
244 839 129
93 437 129
93 839 129
51 292 129
93 394 129
93 484 129
244 183 129
244 369 129
93 152 129
244 431 129
93 585 129
580 644 129
244 585 129
580 543 129
580 186 129
93 863 129
244 326 129
577 242 129
244 731 129
428 387 129
743 362 129
743 99 129
295 154 129
743 179 129
469 183 129
93 543 129
469 390 129
49 644 129
709 636 129
318 839 129
447 242 129
49 636 129
762 373 129
49 495 129
762 102 129
776 93 129
634 155 129
577 152 129
762 435 129
30 412 129
30 431 129
634 484 129
247 515 129
49 240 129
49 240 129
318 558 129
49 876 129
250 65 129
49 876 129
49 788 129
203 492 129
49 515 129
51 831 129
203 266 129
49 290 130
645 127 130
495 759 130
618 572 130
395 386 130
395 838 130
395 442 130
832 260 130
435 734 130
825 288 130
435 759 130
51 546 130
244 731 130
244 92 130
244 183 130
244 4 130
244 557 130
244 493 130
645 572 130
737 556 130
737 556 130
592 220 130
592 388 130
283 40 130
813 594 130
813 270 130
813 782 130
548 543 130
620 159 130
639 40 130
282 495 130
731 491 130
620 491 130
731 226 130
731 226 130
620 635 130
620 484 130
639 220 130
540 444 130
620 152 130
472 676 130
472 869 130
99 45 130
676 380 130
472 290 130
472 708 130
472 222 130
424 737 130
881 226 130
472 782 130
472 636 130
83 546 130
870 878 130
813 266 130
98 5 130
98 5 130
98 853 130
379 290 130
578 831 130
592 220 130
662 543 131
578 186 131
214 499 131
551 549 131
709 636 131
203 55 131
392 869 131
392 766 131
392 735 131
678 393 131
678 869 131
395 93 131
65 184 131
342 757 131
49 183 131
192 93 131
342 360 131
418 495 131
674 4 131
418 96 131
418 786 131
418 222 131
870 290 131
870 726 131
870 293 131
420 428 131
49 290 131
267 270 131
543 388 131
735 639 131
92 357 131
49 290 131
92 91 131
267 197 131
735 392 131
171 178 131
171 445 131
92 49 131
267 152 131
171 240 131
851 61 131
92 99 131
171 543 131
92 130 131
383 782 131
418 290 131
383 782 131
418 874 131
470 730 131
383 222 131
710 65 131
383 186 131
192 545 131
244 183 131
362 380 131
347 556 131
383 293 131
362 538 131
49 290 131
288 831 131
383 394 131
383 869 131
384 869 131
348 102 131
383 587 131
124 839 131
346 183 131
546 45 131
92 836 131
512 226 131
346 544 131
721 734 131
820 99 131
346 40 131
51 831 131
92 99 131
346 644 131
346 184 131
346 419 131
418 240 131
208 587 131
418 251 131
773 387 131
773 288 131
823 415 131
374 878 131
185 445 131
346 546 131
374 538 131
157 293 131
374 736 132
580 51 132
823 673 132
374 380 132
823 491 132
580 5 132
445 853 132
823 491 132
445 521 132
445 393 132
445 758 132
580 644 132
353 786 132
580 102 132
353 34 132
580 102 132
631 236 132
637 672 132
31 495 132
624 701 132
637 181 132
14 701 132
345 61 132
14 373 132
345 492 132
14 433 132
353 242 132
83 428 132
345 92 132
353 308 132
93 270 132
345 60 132
93 759 132
93 154 132
345 572 132
93 222 132
93 376 132
353 92 132
93 782 132
83 326 132
495 759 132
93 839 132
345 290 132
93 92 132
345 92 132
93 594 132
93 92 132
98 5 132
434 734 132
601 127 132
93 543 132
93 543 132
98 99 132
120 154 132
98 853 132
98 392 132
719 265 132
8 197 132
361 597 132
871 99 132
157 597 132
39 369 132
157 559 132
813 495 132
362 538 132
813 222 132
362 244 132
719 249 132
733 31 132
184 244 132
777 265 132
363 446 132
813 376 132
362 435 132
392 869 132
363 244 132
362 867 132
98 546 132
719 265 132
813 735 132
362 759 132
362 758 132
315 644 132
428 701 132
361 790 132
428 701 132
721 734 132
315 644 132
157 484 132
851 388 132
315 851 132
602 762 132
362 197 132
474 150 132
813 236 132
435 759 132
362 197 132
157 183 132
361 642 132
506 538 132
813 236 132
201 786 132
98 546 132
362 90 132
364 839 132
362 538 132
428 538 132
315 572 132
201 587 132
157 676 132
361 678 132
362 759 132
776 869 132
270 694 132
813 374 132
362 538 132
157 430 132
428 538 132
184 852 132
361 424 132
361 423 132
577 515 132
428 850 132
362 501 132
577 515 132
362 5 132
201 260 132
577 437 132
318 839 132
820 99 132
39 374 132
361 31 132
267 197 132
201 288 132
39 437 132
345 31 132
345 374 132
39 308 132
345 572 132
345 388 132
308 358 132
39 543 132
39 543 132
308 290 132
521 236 132
863 105 132
863 324 132
619 853 132
863 58 132
315 572 132
361 266 132
315 694 132
361 543 132
353 92 132
471 179 132
90 45 132
347 641 132
308 236 132
353 308 132
471 757 132
270 380 132
395 766 132
209 597 132
44 495 132
395 433 132
209 152 132
395 93 132
332 493 132
395 790 132
578 34 132
578 34 132
371 183 132
478 510 132
478 394 132
790 58 132
578 831 132
623 674 132
623 674 132
93 154 132
623 876 132
93 222 132
93 510 132
578 590 132
93 376 132
93 839 132
623 266 132
93 92 132
686 92 132
93 266 132
93 92 132
478 387 132
623 31 132
93 543 132
93 394 132
209 394 132
346 179 132
93 4 132
390 858 132
93 60 132
623 387 132
93 484 132
723 4 132
93 197 132
209 836 132
93 4 132
93 836 133
345 92 133
346 644 133
478 546 133
209 836 133
345 266 133
345 31 133
345 387 133
93 290 133
346 150 133
93 290 133
392 766 133
93 678 133
345 572 133
345 290 133
478 510 133
185 674 133
203 387 133
393 290 133
686 154 133
777 265 133
686 92 133
93 836 133
93 836 133
93 836 133
686 290 133
70 839 133
93 836 133
93 836 133
70 839 133
70 154 133
70 154 133
62 437 133
62 376 133
773 288 133
456 572 133
31 495 133
62 434 133
712 394 133
62 875 133
712 585 133
70 444 133
618 572 133
395 290 133
62 45 133
247 515 133
77 519 133
62 759 133
62 443 133
290 878 133
62 292 133
49 876 133
62 388 133
49 515 133
418 493 133
418 484 133
588 524 133
49 644 133
418 495 133
62 484 133
98 546 133
418 495 133
418 484 133
98 853 133
62 484 133
98 99 133
98 5 133
49 676 133
551 260 133
98 644 133
551 726 133
193 493 133
395 867 133
193 59 133
49 290 133
395 443 133
313 732 133
313 326 133
745 878 133
49 96 133
313 433 133
467 590 133
313 236 133
235 388 133
834 389 133
467 290 133
395 433 133
313 596 133
313 433 133
467 757 133
313 421 133
551 640 133
745 538 133
62 443 133
351 387 133
351 443 133
395 433 133
395 443 133
395 443 133
313 433 133
313 387 133
92 99 133
351 443 133
149 740 133
49 387 133
193 740 133
521 239 133
495 133 133
464 541 133
466 541 133
521 443 133
39 437 133
39 543 133
295 155 133
44 495 133
62 443 133
267 635 133
315 572 133
464 13 133
464 40 133
464 541 133
495 38 133
464 265 133
721 247 133
464 13 133
49 247 133
464 287 134
39 308 134
464 54 134
583 387 134
619 853 134
49 387 134
719 265 134
254 240 134
464 265 134
619 2 134
719 5 134
279 2 134
185 133 134
351 443 134
234 789 134
464 572 134
98 5 134
464 249 134
618 572 134
464 249 134
315 644 134
464 572 134
362 5 134
98 644 134
719 249 134
618 13 134
362 380 134
618 572 134
98 99 134
362 867 134
574 428 134
464 13 134
362 759 134
464 249 134
618 13 134
362 387 134
362 197 134
386 98 134
464 13 134
464 13 134
546 639 134
546 673 134
221 428 134
887 323 134
540 444 134
464 252 134
715 293 134
231 308 134
342 743 134
342 596 134
342 596 134
719 248 134
464 128 134
345 92 134
464 248 134
345 387 134
709 874 134
709 736 134
361 597 134
887 260 134
383 874 134
70 444 134
383 782 134
361 266 134
361 782 134
383 587 134
171 445 134
202 50 134
738 491 134
383 2 134
361 4 134
361 387 134
383 726 134
315 644 134
196 152 134
47 743 134
62 759 134
361 759 134
384 2 134
383 450 134
98 546 134
383 450 134
47 2 134
48 149 134
48 149 134
48 878 134
383 2 134
384 2 134
319 363 134
47 726 134
149 639 134
383 782 134
384 507 134
383 782 134
395 433 134
383 507 134
47 495 134
50 444 134
790 740 134
47 271 134
65 184 134
424 394 134
47 2 134
522 394 134
296 498 134
445 853 134
361 290 134
445 152 134
512 152 134
445 290 134
445 152 134
624 519 134
435 759 134
308 290 134
512 152 134
452 711 134
122 152 134
592 491 134
452 711 134
98 644 134
31 495 134
452 711 134
487 730 134
49 644 134
64 737 134
224 226 134
452 39 134
452 448 135
220 154 135
512 226 135
64 52 135
34 740 135
64 391 135
787 284 135
452 38 135
424 737 135
452 436 135
55 284 135
117 394 135
295 154 135
389 636 135
452 858 135
452 45 135
318 839 135
363 867 135
460 442 135
62 759 135
452 872 135
64 737 135
363 867 135
452 706 135
538 264 135
363 290 135
538 743 135
64 282 135
196 152 135
424 737 135
452 517 135
48 878 135
222 445 135
47 743 135
428 878 135
737 290 135
393 290 135
522 394 135
452 293 135
522 55 135
49 290 135
460 510 135
395 442 135
424 675 135
363 290 135
363 290 135
70 154 135
47 495 135
363 152 135
70 839 135
220 394 135
62 510 135
434 443 135
49 290 135
434 290 135
290 878 135
363 290 135
290 878 135
871 152 135
737 290 135
870 878 135
395 290 135
434 446 135
601 732 135
326 674 135
343 389 135
782 740 135
326 96 135
14 326 135
49 96 135
14 709 135
326 54 135
871 389 135
720 518 135
279 2 135
326 152 135
343 94 135
14 433 135
318 389 135
14 242 135
220 757 135
47 2 135
125 587 135
49 290 135
250 701 135
619 389 135
62 395 135
250 127 135
674 732 135
551 128 135
48 878 135
279 35 135
250 65 135
62 759 135
201 587 135
637 154 135
61 736 135
95 94 135
279 182 135
280 493 135
395 433 135
61 497 135
201 726 135
637 395 135
49 182 135
551 726 135
517 443 135
279 851 135
201 517 135
551 395 135
645 51 135
371 443 135
201 726 135
279 182 135
579 260 135
371 493 135
279 428 135
517 443 135
201 260 135
551 260 135
279 94 135
315 596 135
201 260 135
737 290 135
14 433 135
538 743 135
14 701 135
201 260 135
551 260 135
14 701 135
737 759 135
412 572 135
645 853 135
395 433 135
579 260 135
517 443 135
645 184 135
813 519 135
720 31 135
813 519 135
77 519 135
745 878 135
584 505 135
577 493 135
62 759 135
813 519 135
125 743 135
62 395 135
813 495 135
426 850 135
745 878 135
279 572 135
426 387 135
870 878 135
104 389 135
426 542 135
418 874 135
552 290 135
393 290 135
426 730 135
393 290 136
8 244 136
31 389 136
782 705 136
426 734 136
49 290 136
14 433 136
8 197 136
870 706 136
445 94 136
552 290 136
782 45 136
49 290 136
870 240 136
686 388 136
782 426 136
269 240 136
49 240 136
49 240 136
686 734 136
8 90 136
279 94 136
243 290 136
371 734 136
478 546 136
460 850 136
712 394 136
371 706 136
269 90 136
125 637 136
712 240 136
269 394 136
552 290 136
243 290 136
371 443 136
371 443 136
686 290 136
552 544 136
269 240 136
737 388 136
552 290 136
98 5 136
98 94 136
686 290 136
98 644 136
686 290 136
737 290 136
363 734 136
98 853 136
356 100 136
686 734 136
686 290 136
552 290 136
712 388 136
601 839 136
686 290 136
712 290 136
49 290 136
426 734 136
8 290 136
431 97 136
870 240 136
870 734 136
49 290 136
686 290 136
226 734 136
268 729 136
148 182 136
786 244 136
786 244 136
686 734 136
712 734 136
49 182 136
148 757 136
426 734 136
686 734 136
712 734 136
274 244 136
49 285 136
863 236 136
148 182 136
764 319 136
47 729 136
49 182 136
426 734 136
8 222 136
579 596 136
870 734 136
49 558 136
185 736 136
50 55 136
363 244 136
601 735 136
8 90 136
1 741 136
125 587 136
468 866 136
468 740 136
61 736 136
3 640 136
522 55 136
61 735 136
47 507 136
39 248 136
3 640 136
39 248 136
61 325 136
3 197 136
522 388 136
8 759 136
353 55 136
3 197 136
14 222 136
786 775 136
522 55 136
274 775 136
61 636 136
3 197 136
148 589 136
39 323 136
3 490 136
823 673 136
8 197 136
49 636 136
220 261 136
148 829 136
8 757 136
601 735 136
786 775 136
353 786 136
103 585 136
124 709 136
345 374 136
148 839 136
393 734 136
764 388 136
3 759 136
353 55 136
61 372 136
48 731 136
48 731 136
786 775 136
61 636 136
601 372 136
3 759 136
220 640 136
786 244 136
786 244 136
3 759 136
3 759 136
3 90 136
209 786 136
3 197 136
3 156 136
833 641 136
833 445 136
670 498 136
833 54 136
833 187 136
3 639 136
833 644 136
61 372 136
239 5 136
833 858 136
239 5 136
185 445 136
522 55 136
833 96 136
50 757 136
70 839 136
601 372 136
833 222 136
434 222 136
83 874 136
833 445 136
185 178 136
102 789 136
50 55 136
827 546 136
833 282 136
269 90 136
318 839 136
14 388 136
833 391 136
185 126 136
215 125 136
3 640 136
522 55 136
3 640 136
3 640 136
833 363 136
215 96 136
601 839 136
833 60 136
61 372 136
220 640 136
50 154 136
318 542 136
3 90 136
215 154 136
424 388 136
637 829 136
833 96 136
777 265 136
833 517 136
837 150 136
83 493 136
831 39 136
215 96 136
102 869 136
83 55 136
51 158 136
826 443 136
637 741 136
83 732 136
833 388 136
826 387 136
83 387 136
51 387 136
833 96 136
8 90 136
269 90 136
51 292 136
362 5 136
148 839 136
362 244 136
827 290 136
424 388 136
51 830 136
837 292 136
833 543 136
601 839 136
148 839 136
83 740 136
522 546 136
362 197 136
833 242 136
98 5 136
318 839 136
870 734 136
239 5 136
833 242 136
669 50 136
362 387 136
83 326 136
870 290 136
827 546 136
837 546 136
669 443 136
362 759 136
827 290 136
361 187 136
827 546 136
522 546 136
522 546 136
98 5 136
126 103 136
393 290 136
393 734 136
827 395 136
83 554 136
345 266 136
361 395 136
837 294 136
827 546 136
51 831 136
827 395 136
361 266 136
831 387 136
579 776 136
827 257 136
345 498 136
83 776 136
345 387 136
827 328 136
837 290 136
833 260 136
619 94 136
388 387 136
576 150 136
353 55 136
275 293 137
619 853 137
623 31 137
772 328 137
623 387 137
833 395 137
275 701 137
577 437 137
426 197 137
833 388 137
328 701 137
445 853 137
83 701 137
14 701 137
445 94 137
83 701 137
678 197 137
786 244 137
678 395 137
328 701 137
236 432 137
825 178 137
65 293 137
825 288 137
236 376 137
92 290 137
494 736 137
328 52 137
236 776 137
92 854 137
122 428 137
540 585 137
92 854 137
236 839 137
70 839 137
122 152 137
424 388 137
601 853 137
83 776 137
70 839 137
579 260 137
130 428 137
231 185 137
122 853 137
122 853 137
286 510 137
70 154 137
601 839 137
122 759 137
231 185 137
318 839 137
460 393 137
92 854 137
50 154 137
540 92 137
859 185 137
50 154 137
14 701 137
863 554 137
601 839 137
579 776 137
220 154 137
859 308 137
346 376 137
635 829 137
635 829 137
579 743 137
576 779 137
130 523 137
610 257 137
83 776 137
83 776 137
83 701 137
130 642 137
859 492 137
280 35 137
361 642 137
346 183 137
83 33 137
576 496 137
424 35 137
833 642 137
833 853 137
424 35 137
833 183 137
833 152 137
833 388 137
276 779 137
579 776 137
424 388 137
524 55 137
424 357 137
231 572 137
220 496 137
276 497 137
576 254 137
328 445 137
887 94 137
497 878 137
833 445 137
83 776 137
887 319 137
870 878 137
833 388 137
576 779 137
870 293 137
870 734 137
831 328 137
276 436 137
281 504 137
276 436 137
579 33 137
579 776 137
424 388 137
281 740 137
1 741 137
276 572 137
764 319 137
487 730 137
764 388 137
281 50 137
424 388 137
357 443 137
357 50 137
276 779 137
357 40 137
281 850 137
374 538 137
445 94 137
357 538 137
609 92 137
345 31 137
345 492 137
345 40 137
281 781 137
345 92 137
345 572 137
345 388 137
345 388 137
70 154 137
374 878 137
345 266 137
328 445 137
280 35 137
328 674 137
70 444 137
50 154 137
552 290 137
494 308 137
171 96 137
50 444 137
552 757 137
171 240 137
859 148 137
623 445 137
277 106 137
623 674 137
712 734 137
623 31 137
623 96 137
870 878 137
277 868 137
623 437 137
720 31 137
859 374 137
686 290 137
712 283 137
277 372 137
281 868 137
712 290 137
328 445 137
629 293 137
686 283 137
712 49 137
277 447 137
192 93 137
686 544 137
592 388 137
92 290 137
764 388 137
686 544 137
524 55 137
192 92 137
712 686 137
870 789 137
552 290 137
870 133 137
577 493 137
686 290 137
192 545 137
192 545 137
686 290 137
552 92 137
280 504 137
92 290 137
192 838 137
38 55 137
92 290 137
686 290 137
686 290 137
345 92 137
870 265 137
552 544 137
224 226 137
686 388 137
712 388 137
345 31 137
577 515 137
345 374 137
345 388 137
281 264 137
812 126 137
345 290 137
583 185 137
764 388 137
92 290 137
92 290 137
712 388 137
277 504 137
812 97 137
686 290 137
764 388 137
686 290 137
92 290 137
577 701 137
712 290 137
281 504 137
686 388 137
712 290 137
712 290 137
192 92 137
764 388 137
92 290 137
686 290 137
192 388 137
552 290 138
277 593 138
712 290 138
92 290 138
686 388 138
712 388 138
870 395 138
712 290 138
686 290 138
686 290 138
92 290 138
686 290 138
552 290 138
92 290 138
712 290 138
92 290 138
712 290 138
598 572 138
686 290 138
92 290 138
92 99 138
686 290 138
712 290 138
92 99 138
686 290 138
764 388 138
92 290 138
686 388 138
712 388 138
712 290 138
686 290 138
92 290 138
712 290 138
764 388 138
92 290 138
686 290 138
712 388 138
92 290 138
712 290 138
764 388 138
686 290 138
686 290 138
622 572 138
686 290 138
712 388 138
686 388 138
764 388 138
92 290 138
716 572 138
712 290 138
712 290 138
92 290 138
686 388 138
686 388 138
92 290 138
712 290 138
716 851 138
764 388 138
712 388 138
712 703 138
764 388 138
92 290 138
712 703 138
686 703 138
173 389 138
173 585 138
92 290 138
716 288 138
764 388 138
622 387 138
764 876 138
203 31 138
353 55 138
353 786 138
194 705 138
395 433 140
395 93 140
777 265 140
777 264 140
777 546 140
777 293 140
14 701 140
392 388 140
747 726 140
375 437 140
601 839 140
369 738 140
3 640 140
264 31 140
478 546 140
521 443 140
98 853 140
361 266 140
98 703 140
279 182 140
361 31 140
279 851 140
98 546 140
120 738 140
279 428 140
361 387 140
361 183 140
279 94 140
395 443 140
395 388 140
341 125 141
256 734 141
217 31 141
217 31 141
870 265 141
217 387 141
39 374 141
620 261 141
264 387 141
870 293 141
247 515 141
122 428 141
361 759 141
538 759 141
122 759 141
538 264 141
478 546 141
478 546 141
538 640 141
538 743 141
538 40 141
538 490 141
70 154 141
221 549 141
721 734 141
244 326 141
326 96 141
244 731 141
244 545 141
244 493 141
244 702 141
359 126 141
359 242 141
14 388 141
14 154 141
14 326 141
14 326 141
445 126 141
244 290 141
244 326 141
389 736 141
244 592 141
244 92 141
244 4 141
244 839 141
424 388 141
150 387 141
43 152 141
464 265 141
745 35 141
538 270 141
578 831 141
538 559 141
363 734 141
745 387 141
495 447 141
464 128 141
717 261 141
256 734 141
464 248 141
464 248 141
256 734 141
538 518 141
342 874 141
395 388 142
395 734 142
764 242 142
721 734 142
432 876 142
432 101 142
432 102 142
432 873 142
432 782 142
432 241 142
4 443 142
395 388 142
424 388 142
424 388 142
395 388 142
578 831 142
578 831 142
65 56 142
346 40 142
39 248 142
39 248 142
346 544 142
122 92 142
122 152 142
318 558 142
271 757 142
83 701 142
445 387 142
538 40 142
619 94 142
619 389 142
631 236 142
3 90 142
3 640 142
106 593 142
538 640 142
3 490 142
3 490 142
538 490 142
3 640 142
538 640 142
777 265 142
239 290 142
620 105 142
777 264 142
538 264 142
777 264 142
239 5 142
106 423 142
762 424 142
538 264 142
56 493 142
777 425 142
813 236 142
3 53 142
274 775 142
3 701 142
55 250 142
56 250 142
56 250 142
55 250 142
56 250 142
709 636 142
55 250 142
392 388 142
709 874 142
56 250 142
709 425 142
392 290 142
719 248 142
777 264 142
424 388 142
424 780 142
719 249 142
83 874 142
435 436 142
83 326 142
83 326 142
777 595 142
388 242 142
33 50 142
434 290 142
712 388 143
244 636 143
424 388 143
686 544 143
686 92 143
712 388 143
507 639 143
359 387 143
359 242 143
623 437 143
78 390 143
623 96 143
623 445 143
49 558 143
49 515 143
623 876 143
49 876 143
623 266 143
623 40 143
261 517 143
244 4 143
575 359 143
78 179 143
78 395 143
859 185 143
261 261 143
78 387 143
78 388 143
424 388 143
49 183 143
78 97 143
424 388 143
78 388 143
118 59 143
424 388 143
93 270 143
93 123 143
93 290 143
93 510 143
619 2 143
93 782 143
870 423 143
226 179 143
93 484 143
93 152 143
93 107 143
226 55 143
870 265 143
226 242 143
226 642 143
226 387 143
445 94 143
269 90 143
428 538 143
495 59 143
552 572 143
428 878 143
674 40 143
552 544 143
674 40 143
40 94 143
209 786 143
837 373 143
395 388 143
395 869 143
546 389 143
538 264 143
546 673 143
538 40 143
71 705 143
267 270 143
538 270 143
71 387 143
267 270 143
686 96 143
424 388 143
267 388 143
870 789 143
686 388 143
43 53 143
686 388 143
43 36 143
470 542 143
686 544 143
62 437 143
62 437 143
870 544 143
833 642 143
870 437 143
833 96 143
833 261 143
833 261 143
833 261 143
623 543 143
833 242 143
62 395 143
833 395 143
44 36 143
62 759 143
93 270 143
93 376 143
250 96 143
250 50 143
93 839 143
371 387 143
250 94 143
62 388 143
634 484 143
93 222 143
634 484 143
250 393 143
93 92 143
538 759 143
93 266 143
44 122 143
250 187 143
93 187 143
538 270 143
277 447 143
538 543 143
93 270 143
62 734 143
250 544 143
62 376 143
92 99 143
92 91 143
93 759 143
93 703 143
93 183 143
62 759 143
93 120 143
93 759 143
637 107 143
521 443 143
712 388 143
62 4 143
93 107 143
93 376 143
194 105 143
93 395 143
98 5 144
93 636 144
53 154 144
93 435 144
62 120 144
837 443 144
538 759 144
93 120 144
538 270 144
93 270 144
98 389 144
93 759 144
538 183 144
93 412 144
93 154 144
538 759 144
93 437 144
93 543 144
538 412 144
53 832 144
837 389 144
435 762 144
93 759 144
62 376 144
93 4 144
538 759 144
73 241 144
62 395 144
538 120 144
93 376 144
93 120 144
288 705 144
93 395 144
93 759 144
93 60 144
495 447 144
93 183 144
288 677 144
619 762 144
686 96 144
712 290 144
93 412 144
495 120 144
93 328 144
825 326 144
93 120 144
93 585 144
538 120 144
53 40 144
62 4 144
93 4 144
538 40 144
93 120 144
719 672 144
346 40 144
119 437 144
98 389 144
62 4 144
194 705 144
220 261 144
346 179 144
62 759 144
93 4 144
93 437 144
98 495 144
93 759 144
712 290 144
825 288 144
93 863 144
93 290 144
62 4 144
552 290 144
39 373 144
73 236 144
39 248 144
53 154 144
825 260 144
62 759 144
93 759 144
93 154 144
73 241 144
39 248 144
53 357 144
93 4 144
636 686 144
53 597 144
39 437 144
73 236 144
751 734 144
719 248 144
39 517 144
712 686 144
93 437 144
39 35 144
633 521 144
633 357 144
395 734 144
633 96 144
62 734 144
62 4 144
712 290 144
93 4 144
580 282 144
61 40 144
825 254 144
825 254 144
27 150 144
49 96 144
62 4 144
825 178 144
178 743 144
93 4 144
49 290 144
580 501 144
519 638 144
580 51 144
580 5 144
256 734 144
580 498 144
624 519 144
49 290 144
226 832 144
718 55 144
93 290 144
62 644 144
125 152 144
117 452 144
62 498 144
49 290 144
98 644 144
185 178 144
93 290 144
34 740 144
62 120 144
837 389 144
49 290 144
49 290 144
34 287 144
837 389 144
93 120 144
345 266 144
93 266 144
715 293 144
30 387 144
345 498 144
62 120 144
871 91 144
93 120 144
715 58 144
62 498 144
30 434 144
712 394 144
345 498 144
123 446 144
751 734 144
123 446 144
871 484 144
30 443 144
62 498 144
576 254 144
62 484 144
93 484 144
62 484 144
62 734 144
173 443 144
592 777 144
93 484 144
62 443 144
715 290 144
712 290 144
395 734 144
715 290 144
49 290 144
62 734 144
334 222 144
98 91 144
93 222 144
62 388 144
62 388 144
64 496 144
63 124 144
185 117 144
512 387 144
313 326 144
173 290 144
313 433 144
49 290 144
64 391 144
313 294 144
595 831 144
313 387 144
619 521 144
49 387 144
313 150 144
391 863 144
313 596 144
313 33 144
777 265 144
53 832 144
53 832 144
313 387 144
777 264 144
395 734 144
93 863 144
313 53 144
578 92 144
63 495 144
215 96 144
351 387 144
49 387 144
49 495 145
452 293 145
276 436 145
276 781 145
345 498 145
345 387 145
452 39 145
452 39 145
422 158 145
345 388 145
503 226 145
345 266 145
639 444 145
393 290 145
761 703 145
62 734 145
49 290 145
393 290 145
361 387 145
812 126 145
49 290 145
361 187 145
619 158 145
393 290 145
634 484 145
326 152 145
583 387 145
452 391 145
78 179 145
78 395 145
743 99 145
743 99 145
743 484 145
361 387 145
361 642 145
452 702 145
519 773 145
361 423 145
424 388 145
173 423 145
712 388 145
185 126 145
395 388 145
712 388 145
452 291 145
452 183 145
452 183 145
395 388 145
3 640 145
3 640 145
452 713 145
424 388 145
745 35 145
395 388 145
395 734 145
551 549 145
288 705 145
3 90 145
125 155 145
452 497 145
578 376 145
452 791 145
452 858 145
97 596 145
578 677 145
221 549 145
578 517 145
837 294 145
424 388 145
551 640 145
551 549 145
871 91 145
203 266 145
315 596 145
452 247 145
686 154 145
837 388 145
336 84 145
686 96 145
237 308 145
452 785 145
452 785 145
279 35 145
686 283 145
92 357 145
392 869 145
452 713 145
346 376 145
747 391 145
5 58 145
346 53 145
747 105 145
747 154 145
452 391 145
14 154 145
14 53 145
747 391 145
253 128 145
346 150 145
445 853 145
253 149 145
747 484 145
253 791 145
153 702 145
452 83 145
452 702 145
100 850 145
452 702 145
712 388 145
452 391 145
100 498 145
452 791 145
100 592 145
602 762 145
39 830 145
100 789 145
452 702 145
747 391 145
452 702 145
870 789 145
452 702 145
747 850 145
343 853 145
709 636 145
100 869 145
678 542 145
100 868 145
708 242 145
709 592 145
100 850 145
24 730 145
25 730 145
837 572 145
452 558 145
516 50 145
516 730 145
343 853 145
424 388 145
709 874 145
823 178 145
47 152 146
577 437 146
823 437 146
823 240 146
577 437 146
823 437 146
639 572 146
823 152 146
735 53 146
395 790 146
686 389 146
49 247 146
56 389 146
49 387 146
779 741 146
639 675 146
735 53 146
281 264 146
620 394 146
735 124 146
620 874 146
194 705 146
375 437 146
226 179 146
464 265 146
464 222 146
226 832 146
90 702 146
445 853 146
452 183 146
375 150 146
464 40 146
395 790 146
464 260 146
280 504 146
392 157 146
281 50 146
452 702 146
464 595 146
424 595 146
464 757 146
464 595 146
452 702 146
261 261 146
125 183 146
464 423 146
424 595 146
464 595 146
445 152 146
412 637 146
445 387 146
392 869 146
813 519 146
412 81 146
383 2 146
392 388 146
100 869 146
472 869 146
870 265 146
100 869 146
100 708 146
100 708 146
256 437 146
472 782 146
256 734 146
40 94 146
464 506 146
83 53 146
171 96 146
83 33 146
281 690 146
472 507 146
472 708 146
171 178 146
83 387 146
40 585 146
273 222 146
100 708 146
464 737 146
582 853 146
90 737 146
633 544 146
686 544 146
753 596 146
744 152 146
744 155 146
712 154 146
551 40 146
744 155 146
551 260 146
452 708 146
623 157 146
215 118 146
623 266 146
273 242 146
623 266 146
623 266 146
623 266 146
273 876 146
273 394 146
273 387 146
522 546 146
273 152 146
392 157 146
522 55 146
551 546 146
392 766 146
864 50 146
522 777 146
296 498 146
296 395 146
345 266 146
522 308 146
296 45 146
93 782 146
522 546 146
345 40 146
93 395 146
445 107 146
93 484 146
503 767 146
93 152 146
353 786 146
834 484 146
592 63 146
93 290 146
345 498 146
93 484 146
392 86 146
49 290 146
592 776 146
93 703 146
343 853 146
445 290 146
93 107 146
345 387 146
93 636 146
288 705 146
93 585 146
345 572 146
870 290 146
93 290 146
870 149 146
93 290 146
93 444 146
62 734 146
345 388 146
49 636 147
361 782 147
361 782 147
686 508 147
361 266 147
361 790 147
279 572 147
686 778 147
361 498 147
62 388 147
93 782 147
686 388 147
279 290 147
361 387 147
426 850 147
188 671 147
173 290 147
198 96 147
93 290 147
62 484 147
426 387 147
173 671 147
361 183 147
62 498 147
426 542 147
93 484 147
279 290 147
93 290 147
686 290 147
93 290 147
361 498 147
62 395 147
269 90 147
93 395 147
712 388 147
764 388 147
62 388 147
712 388 147
686 388 147
62 395 147
62 50 147
361 395 147
361 388 147
472 636 147
445 853 147
62 437 147
198 2 147
361 61 147
445 853 147
288 196 147
445 196 147
198 13 147
361 640 147
361 597 147
361 40 147
445 387 147
198 671 147
361 92 147
471 81 147
361 790 147
198 264 147
62 772 147
84 790 147
8 222 147
173 671 147
374 878 147
361 31 147
361 790 147
274 60 147
813 266 147
198 671 147
361 197 147
721 247 147
361 266 147
274 704 147
361 187 147
3 90 147
361 759 147
623 157 147
361 123 147
623 876 147
370 388 147
361 424 147
62 759 147
8 90 147
61 157 147
274 758 147
623 266 147
471 179 147
3 640 147
634 155 147
8 759 147
8 759 147
548 119 147
623 157 147
274 120 147
100 850 147
877 372 147
686 92 147
274 324 147
374 878 147
623 387 147
712 96 147
361 92 147
361 790 147
274 596 147
712 96 147
823 152 147
384 869 147
274 598 147
753 85 147
424 388 147
712 96 147
592 187 147
198 704 147
376 595 147
538 759 147
709 636 147
592 362 147
361 387 147
709 595 147
538 264 147
198 96 147
538 640 147
376 675 147
592 437 147
376 675 147
424 675 147
538 40 147
376 675 147
424 675 147
775 850 147
274 264 147
538 546 147
62 437 147
712 287 147
552 572 147
538 264 147
712 96 147
777 265 147
62 759 147
428 387 147
98 546 147
231 572 147
552 92 147
592 308 147
592 777 147
777 264 147
325 237 147
777 595 147
592 372 147
446 117 147
428 878 147
777 868 147
446 117 147
220 394 147
39 572 147
424 595 147
274 264 147
315 572 147
592 124 147
580 740 147
51 830 147
825 254 147
90 437 147
777 264 147
747 154 147
353 308 147
269 90 147
220 496 147
90 240 147
186 81 147
90 759 147
446 434 147
712 82 147
592 590 147
446 434 147
100 850 147
737 290 147
825 326 147
220 261 147
198 96 147
592 851 147
878 80 147
100 868 147
637 856 147
100 868 147
446 80 147
446 79 147
719 265 147
274 264 147
825 673 147
267 197 147
446 348 147
279 2 147
555 257 147
267 519 147
279 572 147
446 547 147
279 572 147
712 424 147
346 179 147
709 868 147
637 672 147
100 6 147
637 704 147
637 107 147
8 90 147
3 90 147
478 546 147
592 328 147
84 96 147
3 90 147
512 126 147
719 541 147
322 363 147
522 777 147
8 197 147
3 662 147
49 704 147
49 96 147
322 484 147
3 759 147
322 445 147
3 412 147
576 254 147
3 197 147
712 328 147
8 759 147
548 257 147
8 197 147
712 328 147
77 519 147
250 94 147
97 592 147
256 437 147
745 35 147
8 662 147
125 183 147
745 260 147
8 197 147
745 878 147
777 265 147
345 61 147
777 264 147
8 197 147
220 154 147
764 388 147
551 260 147
495 60 147
709 595 147
712 154 147
777 868 147
8 183 147
361 61 147
39 239 147
274 264 147
8 662 147
709 868 147
623 543 147
361 40 147
326 96 147
295 686 147
521 239 147
361 543 147
277 504 147
777 264 147
522 239 147
709 642 147
274 264 147
460 395 147
601 868 147
274 183 147
780 242 147
363 767 147
547 437 147
19 373 147
780 373 147
19 590 147
273 388 147
547 373 147
345 92 148
43 36 148
547 498 148
345 498 148
345 498 148
19 729 148
39 373 148
824 850 148
345 387 148
39 239 148
19 45 148
503 767 148
224 767 148
19 387 148
224 226 148
887 49 148
887 703 148
637 594 148
887 703 148
345 388 148
503 767 148
712 388 148
887 319 148
224 767 148
48 731 148
712 686 148
887 260 148
712 96 148
196 53 148
359 387 148
363 767 148
49 96 148
19 734 148
78 395 148
359 126 148
887 853 148
719 265 148
624 519 148
538 40 148
78 387 148
361 40 148
772 328 148
538 412 148
424 388 148
61 157 148
185 254 148
538 662 148
446 222 148
446 222 148
351 126 148
61 183 148
361 253 148
637 395 148
61 324 148
777 265 148
19 491 148
279 240 148
274 324 148
446 543 148
747 484 148
747 50 148
49 240 148
503 767 148
157 559 148
688 445 148
249 325 148
712 388 148
91 154 148
619 240 148
424 388 148
538 559 148
49 240 148
637 133 148
772 685 148
61 324 148
193 493 148
279 240 148
90 867 148
49 240 148
62 395 148
269 240 148
274 324 148
712 388 148
688 388 148
688 388 148
503 226 148
62 388 148
712 388 148
49 240 148
510 91 148
637 518 148
424 388 148
712 240 148
637 245 148
93 120 148
712 388 148
62 388 148
715 61 148
712 388 148
424 388 148
688 86 148
62 120 148
93 222 148
688 388 148
825 254 148
712 388 148
93 120 148
712 388 148
62 120 148
93 92 148
93 120 148
688 445 148
269 240 148
93 395 148
688 829 148
274 120 148
712 240 148
93 197 148
616 594 148
342 701 148
93 120 148
759 636 148
313 326 148
93 759 148
688 843 148
313 598 148
20 56 148
269 96 148
313 701 148
93 152 148
313 53 148
342 493 148
39 242 148
93 107 148
313 53 148
93 290 148
313 294 148
688 635 148
8 395 148
279 240 148
93 395 148
8 197 148
20 290 148
8 197 148
93 133 148
720 31 148
239 155 148
239 183 148
313 245 148
688 388 148
8 395 148
20 290 148
93 290 148
744 155 148
313 105 148
93 395 148
239 155 148
93 412 148
313 596 148
239 5 148
712 686 148
93 484 148
688 290 148
274 183 148
93 197 148
8 395 148
495 120 148
93 290 148
712 388 148
294 352 148
294 352 148
641 352 148
92 91 148
8 197 148
274 596 148
827 257 148
641 352 148
827 257 148
313 732 148
61 324 148
877 360 148
93 120 148
688 388 148
90 388 148
93 395 148
499 495 148
39 830 148
712 388 148
274 120 148
764 242 148
712 388 148
8 395 148
226 242 148
93 395 148
93 120 148
688 388 148
510 91 148
827 395 148
712 388 148
93 395 148
618 388 148
712 388 148
315 596 148
92 91 148
103 443 148
688 388 148
871 91 148
315 183 148
712 388 148
827 395 148
274 270 148
8 759 148
877 325 148
688 388 148
877 394 148
93 270 148
8 244 148
274 183 148
83 53 148
424 388 148
464 265 148
190 389 148
877 183 148
93 395 148
318 839 148
83 701 148
313 596 148
464 287 148
688 388 148
712 395 148
424 388 148
719 265 148
827 328 148
291 496 148
712 388 148
274 123 148
688 388 148
291 242 148
424 388 148
291 242 148
445 107 148
464 40 148
274 596 148
753 596 148
464 265 148
464 265 148
291 446 148
20 572 148
712 328 148
83 732 148
712 328 148
83 732 148
688 388 148
313 443 148
712 388 148
827 395 148
712 388 148
260 740 148
712 395 148
753 773 148
464 13 148
39 242 148
688 388 148
118 850 148
712 154 148
813 519 148
712 388 148
464 572 148
313 740 148
424 388 148
243 260 148
464 595 148
813 270 148
291 394 148
712 395 148
827 328 148
712 388 148
554 247 148
688 388 148
720 443 148
20 572 148
554 50 148
712 388 148
464 260 148
8 395 148
827 260 148
712 328 148
827 395 148
813 703 148
313 596 148
48 559 148
827 395 148
827 328 148
712 395 148
83 636 148
464 572 148
764 242 148
719 265 148
712 395 148
274 596 148
688 388 148
93 759 148
190 250 148
813 412 148
712 388 148
313 596 148
554 290 148
753 596 148
20 572 148
291 868 148
363 867 148
93 270 148
827 395 148
601 839 148
291 242 148
464 265 148
554 443 148
637 50 148
712 395 148
48 40 148
31 761 148
637 829 148
83 33 148
274 596 148
688 703 148
827 395 148
274 270 148
291 878 148
424 388 148
712 395 148
688 829 148
84 790 148
827 395 148
84 790 148
86 790 148
745 878 148
270 261 148
712 395 148
313 596 148
187 734 148
688 388 148
291 878 148
448 450 148
464 572 148
464 572 148
499 220 148
753 596 148
813 270 148
464 572 148
712 395 148
675 295 148
187 776 148
464 672 148
383 701 148
98 5 148
434 290 148
499 641 148
20 572 148
464 868 148
313 776 148
464 572 148
190 596 148
813 703 148
464 423 148
83 776 148
889 290 148
50 154 148
499 241 148
274 874 148
173 443 148
619 780 148
198 13 148
827 395 148
383 782 148
813 295 148
313 596 148
313 443 148
464 541 148
198 734 148
827 290 148
83 701 148
50 444 148
187 269 148
274 596 148
313 269 148
8 395 148
370 546 148
434 290 148
274 596 148
313 596 148
50 757 148
313 596 148
39 248 148
287 357 148
14 701 148
313 596 148
383 701 148
313 701 148
187 269 148
274 596 148
552 290 148
313 701 148
434 290 148
190 596 148
313 701 148
712 395 148
274 596 148
313 596 148
499 179 148
187 786 148
753 596 148
20 853 148
8 395 148
424 874 148
313 596 148
371 850 148
274 596 148
287 854 148
20 393 148
383 701 148
313 596 148
274 596 148
712 395 148
190 596 148
637 703 148
313 596 148
827 395 148
753 596 148
712 395 148
274 874 148
313 596 148
827 395 148
313 596 148
870 878 148
753 596 148
859 452 148
424 874 148
313 701 148
712 395 148
522 446 148
313 596 148
461 484 148
662 283 148
827 395 148
712 283 148
461 484 148
821 357 148
753 596 148
712 395 148
274 596 148
313 596 148
827 395 148
712 395 148
777 265 148
424 780 148
827 395 148
92 854 148
626 510 148
845 493 148
510 91 148
291 446 148
753 596 148
92 91 148
618 93 148
274 874 148
313 596 148
256 734 148
424 874 148
671 261 149
92 357 149
445 853 149
371 443 149
671 261 149
434 353 149
8 395 149
274 874 149
431 597 149
20 853 149
222 445 149
753 596 149
479 325 149
826 56 149
719 248 149
445 853 149
686 388 149
777 264 149
764 446 149
827 395 149
313 596 149
8 395 149
39 248 149
61 874 149
447 389 149
313 740 149
20 290 149
20 290 149
20 290 149
712 395 149
712 395 149
712 395 149
20 853 149
753 596 149
827 395 149
548 388 149
827 388 149
552 290 149
261 261 149
83 740 149
92 91 149
50 152 149
452 247 149
8 395 149
452 247 149
8 395 149
833 445 149
552 152 149
261 261 149
712 395 149
833 644 149
313 596 149
833 642 149
827 395 149
351 443 149
8 395 149
521 443 149
281 491 149
521 741 149
83 701 149
92 91 149
827 290 149
47 450 149
552 290 149
833 261 149
637 395 149
833 242 149
712 395 149
40 94 149
383 701 149
833 850 149
833 282 149
8 395 149
827 395 149
268 729 149
712 395 149
827 395 149
833 391 149
8 395 149
14 701 149
833 240 149
827 395 149
712 395 149
833 637 149
833 81 149
833 81 149
281 766 149
8 395 149
452 391 149
712 395 149
833 395 149
8 395 149
20 371 149
827 395 149
452 179 149
712 395 149
833 395 149
827 395 149
833 730 149
434 86 149
833 183 149
833 388 149
33 282 149
827 388 149
833 152 149
8 395 149
274 373 149
31 389 149
712 389 149
434 290 149
291 446 149
452 642 149
274 183 149
786 775 149
747 220 149
274 775 149
626 391 149
20 290 149
55 389 149
494 61 149
827 852 149
708 242 149
20 218 149
626 641 149
889 218 149
827 290 149
552 290 149
93 270 149
20 218 149
93 123 149
190 389 149
83 739 149
93 510 149
83 739 149
274 261 149
93 395 149
434 290 149
274 270 149
31 389 149
274 123 149
20 290 149
188 671 149
83 261 149
464 265 149
434 227 149
261 156 149
620 4 149
261 231 149
827 290 149
261 46 149
90 240 149
83 355 149
173 290 149
827 290 149
188 219 149
552 290 149
274 261 149
93 290 149
173 227 149
20 290 149
20 290 149
55 389 149
274 497 149
430 491 149
464 595 149
93 123 149
833 641 149
8 290 149
93 270 149
233 452 149
93 197 149
93 120 149
833 642 149
827 389 149
93 107 149
8 197 149
827 290 149
359 443 149
827 290 149
464 791 149
833 261 149
274 120 149
220 261 149
288 517 149
93 290 149
833 242 149
833 261 149
552 290 149
93 290 149
833 261 149
833 391 149
270 46 149
351 443 149
93 120 149
764 242 149
512 389 149
351 389 149
577 242 149
173 671 149
274 261 149
93 290 149
8 290 149
220 261 149
93 290 149
93 761 149
863 703 149
93 782 149
512 126 149
31 761 149
833 261 149
8 290 149
93 290 149
827 389 149
777 595 149
190 389 149
93 839 149
444 361 149
686 389 149
93 197 149
391 290 149
274 155 149
552 863 149
93 761 149
93 863 149
444 874 149
391 290 149
93 295 149
276 778 149
188 671 149
274 874 149
444 186 149
93 290 149
601 127 149
93 152 149
391 120 149
276 497 149
424 874 149
391 290 149
93 120 149
31 389 149
291 878 149
276 497 149
686 778 149
93 290 149
444 738 149
93 412 149
552 152 149
93 152 149
391 120 149
274 412 149
774 786 149
774 786 149
623 157 149
93 371 149
31 761 149
274 497 149
445 389 149
274 435 149
715 484 149
577 155 149
276 778 149
857 372 149
587 736 149
274 120 149
629 572 149
857 372 149
93 120 149
276 572 149
521 443 149
276 152 149
552 572 149
276 495 149
857 242 149
276 572 149
274 120 149
31 389 149
552 863 149
276 868 149
93 120 149
857 50 149
93 120 149
577 242 149
686 389 149
274 120 149
31 495 149
93 863 149
93 120 149
34 287 149
435 869 149
276 236 149
686 778 149
552 863 149
435 852 149
93 863 149
281 236 149
435 388 149
435 290 149
20 572 149
276 778 149
93 290 149
93 120 149
190 389 149
274 120 149
31 389 149
445 389 149
93 120 149
445 290 149
576 254 149
274 120 149
445 389 149
93 290 149
93 120 149
194 705 149
31 389 149
20 388 150
633 283 150
374 878 150
576 388 150
250 94 150
93 120 150
93 120 150
250 187 150
93 266 150
250 544 150
392 86 150
194 389 150
392 869 150
250 495 150
512 389 150
31 495 150
392 766 150
30 547 150
392 766 150
812 97 150
812 97 150
93 761 150
30 97 150
540 328 150
392 556 150
93 594 150
20 86 150
93 543 150
93 4 150
392 389 150
93 60 150
392 86 150
20 86 150
93 703 150
392 703 150
93 435 150
392 703 150
20 86 150
392 179 150
392 295 150
281 766 150
392 86 150
392 766 150
281 295 150
70 444 150
521 236 150
281 4 150
70 154 150
20 86 150
593 386 150
281 236 150
635 829 150
592 178 150
592 328 151
592 133 151
592 103 151
592 736 151
93 133 151
93 4 151
627 55 151
627 107 151
519 757 151
39 517 152
39 133 152
39 632 152
39 632 152
39 831 152
93 107 152
870 423 152
93 133 152
423 872 152
62 120 152
62 644 152
62 50 152
62 759 152
93 120 152
93 120 152
50 444 152
97 33 152
93 759 152
47 495 152
93 120 152
93 120 152
184 852 152
93 120 153
93 120 153
93 120 153
764 388 153
870 734 153
395 386 153
870 434 153
395 434 153
395 86 153
740 516 153
14 484 153
14 53 153
14 373 153
363 244 153
8 244 153
14 557 153
93 484 153
434 290 153
825 97 153
434 290 153
93 290 153
737 283 153
708 242 153
378 686 153
290 878 153
290 393 153
637 117 153
538 264 153
709 642 153
538 559 153
538 40 153
538 270 153
424 389 153
209 86 153
277 372 153
209 786 153
593 843 153
538 518 153
538 412 153
619 853 153
619 780 153
318 839 153
619 389 153
330 117 153
424 780 153
330 247 153
740 179 153
838 244 153
634 362 153
359 126 153
437 295 153
359 97 153
361 597 153
361 61 153
634 393 153
361 92 153
499 220 153
837 294 153
633 544 153
361 31 153
388 757 154
483 220 154
49 290 154
813 266 154
56 250 154
361 395 154
499 220 154
56 393 154
499 179 154
361 790 154
499 495 154
51 830 154
56 493 154
93 270 154
637 120 154
538 266 154
93 120 154
51 292 154
538 120 154
226 179 154
221 544 154
393 290 154
637 349 154
39 830 154
715 484 154
637 81 154
93 120 154
637 260 154
499 179 154
56 389 154
93 290 154
56 94 154
221 290 154
56 543 154
221 549 154
93 92 154
93 395 154
519 757 154
93 395 154
39 231 154
39 242 154
39 369 154
519 676 154
93 270 154
260 596 154
220 632 154
93 290 154
618 757 154
384 179 154
93 266 154
93 266 154
83 33 154
384 869 154
83 55 154
134 81 154
384 2 154
522 388 154
871 81 154
83 740 154
552 544 154
615 45 154
203 519 154
83 33 154
83 33 154
93 839 154
93 295 154
276 495 154
318 839 154
276 781 154
580 5 154
580 543 154
84 790 154
93 412 154
203 498 154
445 393 154
461 498 154
546 673 154
127 94 154
93 839 154
871 780 154
127 363 154
461 498 154
93 759 154
737 290 154
341 96 154
149 759 154
515 443 154
737 388 154
435 244 154
93 290 154
837 389 154
49 290 154
445 853 154
435 759 154
499 627 154
93 290 154
93 759 154
93 759 154
361 266 154
155 572 154
93 266 154
361 790 154
148 829 154
155 93 154
461 290 154
63 96 154
155 188 154
517 443 154
361 266 154
270 371 154
270 628 154
93 266 154
627 388 154
93 290 154
361 270 154
627 538 154
737 238 154
580 852 154
627 107 154
361 759 154
63 53 154
361 546 154
93 270 154
461 290 154
580 40 154
361 123 154
44 495 154
637 829 154
93 123 154
361 123 154
63 495 154
361 290 154
93 270 154
361 863 154
461 270 154
580 282 154
39 596 154
93 270 154
580 498 154
93 270 154
620 498 154
39 371 154
93 270 154
361 270 154
39 572 154
93 270 154
93 123 154
93 863 154
93 371 154
93 759 154
48 522 154
93 107 154
517 50 154
203 498 154
93 290 154
93 270 154
203 31 154
361 123 154
764 388 154
639 675 154
361 31 154
93 270 154
203 387 154
639 444 154
346 240 154
93 123 154
153 702 154
93 270 154
418 96 154
56 393 154
56 389 154
418 493 155
148 829 155
93 270 155
93 270 155
871 240 155
777 265 155
346 544 155
93 270 155
346 240 155
538 120 155
93 270 155
777 53 155
279 240 155
887 703 155
871 240 155
346 443 155
601 839 155
279 2 155
318 839 155
601 732 155
671 261 155
678 708 155
346 183 155
445 393 155
149 662 155
538 270 155
538 662 155
841 94 155
841 431 155
841 393 155
601 839 155
677 290 155
351 443 155
97 33 155
239 60 155
623 266 155
601 372 155
345 266 155
345 61 155
93 270 155
363 244 155
93 120 155
93 839 155
93 266 155
93 290 155
538 270 155
93 270 155
538 270 155
841 357 155
538 120 155
93 270 155
93 120 155
677 270 155
93 270 155
288 705 155
538 120 155
93 120 155
841 597 155
361 270 155
93 270 155
841 40 155
98 853 155
98 703 155
98 546 155
841 521 155
193 250 155
841 120 155
848 31 155
512 97 155
841 780 155
49 96 155
93 120 155
841 152 155
93 120 155
622 31 155
431 97 155
361 61 155
361 270 155
73 241 155
361 266 155
53 55 155
93 270 155
73 236 155
674 672 155
424 388 155
73 241 155
392 86 155
361 431 155
361 642 155
392 179 155
361 642 155
674 179 155
93 270 155
49 236 155
39 371 155
551 549 155
418 251 155
512 97 155
279 290 155
343 853 155
93 270 155
418 96 155
93 270 155
361 270 155
93 270 155
49 290 155
361 270 155
49 290 155
93 290 155
49 96 155
93 290 155
49 290 155
514 674 155
712 328 155
546 81 155
93 270 155
560 852 155
514 101 155
560 61 155
93 270 155
712 283 155
712 703 155
93 266 155
712 686 155
445 152 155
40 328 155
445 94 155
712 154 155
560 295 155
428 878 155
428 878 155
452 702 155
834 389 155
274 183 155
538 40 155
452 38 155
50 154 155
538 120 155
834 491 155
274 412 155
345 61 155
274 596 155
538 412 155
841 759 155
318 839 155
677 270 155
351 637 155
841 45 155
345 156 155
93 270 155
274 270 155
345 92 155
445 637 155
93 270 155
345 498 155
93 120 155
345 60 155
173 393 155
93 92 155
560 152 155
93 839 155
560 128 155
93 759 155
93 152 155
560 791 155
384 152 155
92 49 155
560 791 156
93 290 156
674 893 156
552 572 156
93 152 156
437 852 156
552 544 156
779 88 156
93 371 156
273 388 156
53 154 156
209 86 156
838 244 156
93 412 156
753 600 156
483 627 156
50 444 156
93 154 156
524 88 156
846 388 156
580 282 156
524 832 156
93 270 156
331 701 156
14 701 156
173 585 156
357 444 156
669 60 156
555 549 156
555 833 156
335 780 156
712 394 156
712 394 156
712 154 156
551 549 156
731 627 156
592 328 156
712 154 156
104 637 156
612 88 156
849 417 156
712 328 156
849 117 156
49 558 156
775 850 156
619 240 156
623 266 156
623 674 156
318 558 156
747 220 156
849 443 156
522 388 156
619 778 156
601 839 156
49 558 156
49 558 156
601 732 156
770 701 156
495 120 156
637 672 156
78 179 156
770 557 156
627 388 156
677 270 156
428 701 156
627 107 156
677 538 156
78 97 156
677 387 156
539 637 156
677 245 156
424 388 156
871 81 156
519 387 156
286 437 156
39 437 156
887 260 156
887 49 156
887 853 156
39 572 156
887 703 156
392 86 156
887 389 156
592 328 156
634 393 156
887 81 156
712 686 156
83 33 156
686 389 156
308 236 156
83 33 156
49 236 156
592 850 156
592 220 156
686 49 156
592 437 156
592 362 156
592 241 156
887 251 156
592 182 156
871 81 156
592 45 156
445 853 156
92 49 156
592 92 156
871 45 156
592 484 156
887 65 156
592 45 156
273 388 156
887 81 156
273 154 156
592 675 156
519 491 156
887 49 156
592 673 156
887 853 156
887 389 156
639 444 156
445 780 156
50 154 156
592 585 156
639 675 156
552 572 156
848 387 156
592 675 156
777 264 156
738 731 156
777 425 156
198 443 156
848 266 156
44 495 156
712 154 156
510 130 156
93 270 156
187 183 156
871 81 156
345 266 156
93 270 156
187 38 156
291 394 156
187 538 156
420 53 156
345 546 156
745 183 156
345 388 156
187 60 156
187 387 156
93 270 157
887 81 157
745 387 157
745 387 157
187 734 157
861 63 157
50 154 157
93 270 157
812 126 157
39 572 157
745 878 157
90 702 157
23 766 157
93 120 157
93 839 157
90 240 157
93 92 157
93 266 157
93 107 157
93 703 157
345 266 157
887 703 157
445 387 157
345 387 157
239 388 157
239 388 157
170 709 157
345 388 157
785 445 157
706 159 157
512 126 157
706 538 157
48 731 157
639 675 157
785 387 157
478 546 157
705 282 157
705 445 157
785 387 157
378 686 157
395 790 157
478 159 157
20 86 157
318 839 157
624 236 157
50 444 157
239 266 157
318 495 157
43 53 157
435 266 157
552 572 157
848 266 157
98 546 157
874 781 157
98 94 157
19 221 157
866 96 157
62 183 157
827 260 157
464 572 157
124 839 157
827 395 157
93 270 157
813 556 157
813 556 157
392 86 157
443 431 157
392 86 157
64 282 157
887 94 157
887 260 157
361 270 157
887 855 157
827 852 157
64 391 157
580 282 157
827 260 157
359 850 157
359 126 157
472 222 157
346 269 157
472 782 157
346 40 157
384 222 157
472 507 157
173 40 157
688 388 157
472 636 157
619 49 157
346 546 157
392 766 157
392 389 157
392 556 157
688 703 157
392 703 157
93 270 157
472 222 157
274 60 157
50 360 157
48 105 157
826 387 157
497 878 157
83 53 157
48 105 157
48 878 157
104 49 158
343 389 158
861 99 158
343 94 158
363 86 158
688 86 158
93 395 158
343 81 158
706 159 158
83 159 158
359 105 158
706 105 158
861 387 158
194 105 158
49 96 158
861 52 158
194 705 158
62 388 158
861 65 158
424 780 158
706 105 158
49 236 158
250 443 158
239 60 158
343 853 158
861 94 158
813 270 158
106 423 158
250 431 158
445 780 158
848 422 158
848 390 158
848 390 158
546 81 158
709 425 158
785 598 158
709 642 158
546 673 158
841 484 158
812 387 158
424 780 158
359 387 158
861 546 158
424 890 158
383 222 158
102 869 158
102 869 158
552 133 158
777 546 158
383 2 158
98 49 158
241 6 158
443 431 158
98 546 158
39 133 158
546 245 158
522 105 158
39 572 158
592 388 158
522 388 158
592 673 158
822 389 158
592 92 158
592 372 158
241 739 158
592 105 158
592 373 158
578 831 158
592 38 158
592 349 158
592 329 158
471 81 158
592 156 158
359 105 158
578 780 158
592 361 158
592 356 158
578 780 158
592 230 158
445 245 158
18 897 158
592 126 158
445 389 158
592 415 158
592 431 158
592 835 158
53 154 158
592 517 158
636 734 158
592 60 158
717 897 158
230 896 158
50 154 158
56 389 158
592 524 158
634 415 158
592 638 158
898 236 158
185 126 158
592 790 158
56 393 158
592 4 158
764 876 158
62 759 158
592 260 158
592 502 158
720 31 158
720 31 158
592 735 158
592 133 158
720 443 158
720 50 158
669 559 158
308 236 158
720 236 158
308 290 158
877 394 158
56 493 158
688 394 158
359 443 158
484 6 159
98 546 159
134 81 159
249 393 159
606 452 159
606 185 159
393 290 159
320 92 159
239 290 159
552 290 159
460 393 159
712 154 159
70 444 159
97 33 159
20 86 159
592 394 159
20 572 159
418 251 159
316 88 159
49 236 159
313 294 159
834 484 159
464 572 159
39 373 159
50 444 159
774 220 159
464 287 159
50 154 159
834 389 159
464 265 159
39 133 159
752 788 159
552 133 159
20 572 159
721 247 159
767 788 159
31 495 159
767 788 159
39 133 159
39 894 159
767 788 159
552 894 159
64 52 159
346 53 159
64 52 159
64 88 159
825 260 159
825 260 159
786 775 159
418 290 159
721 734 159
93 782 159
889 290 159
93 92 159
20 290 159
93 4 159
326 446 159
220 154 159
93 290 159
767 394 159
211 245 159
774 424 159
211 245 159
277 372 159
245 743 159
239 290 159
70 154 159
239 290 159
619 49 159
220 154 159
848 896 159
49 495 159
39 894 159
50 154 159
39 831 159
49 290 159
774 56 159
211 290 159
230 896 159
211 290 159
619 780 159
552 290 159
848 896 159
49 290 159
49 290 159
230 896 159
743 99 159
743 249 159
743 349 159
538 264 159
538 559 159
538 40 159
848 896 159
538 266 159
848 266 159
538 546 159
538 266 159
619 895 159
434 290 159
230 896 159
220 154 159
848 896 159
230 896 159
230 896 159
159 94 159
349 761 159
870 423 159
230 633 159
645 51 159
230 701 159
50 154 159
777 546 159
777 265 159
50 376 159
777 60 159
499 627 159
499 220 159
499 241 159
41 324 159
499 179 159
41 324 159
239 290 159
41 735 159
239 5 159
777 264 159
826 431 159
41 736 159
338 547 159
338 387 159
153 702 159
274 775 159
83 53 159
83 739 159
83 33 159
499 832 159
507 425 159
499 60 159
338 126 160
338 97 160
871 417 160
288 831 160
712 424 160
712 154 160
813 376 160
351 389 160
712 154 160
712 389 160
871 389 160
239 627 160
90 702 160
777 425 160
61 324 160
775 850 160
362 501 160
775 876 160
478 159 160
98 5 160
773 260 160
362 244 160
362 244 160
499 627 160
478 546 160
98 389 160
620 899 160
98 49 160
777 546 160
620 889 160
426 734 160
620 888 160
243 290 160
391 290 160
424 388 160
478 734 160
514 152 160
592 627 160
592 220 160
593 388 160
269 240 160
592 894 160
644 388 160
592 736 160
269 391 160
592 60 160
445 389 160
743 179 160
269 90 160
538 264 160
185 734 160
538 546 160
39 831 160
592 324 160
445 853 160
8 90 160
274 596 160
592 53 160
644 556 160
445 831 160
274 324 160
274 546 160
615 743 160
592 4 160
173 290 160
592 324 160
777 53 160
592 241 160
274 324 160
777 546 160
499 241 160
434 227 160
295 154 160
601 732 160
434 227 160
49 876 160
274 546 160
93 290 160
473 359 160
41 324 160
274 598 160
269 90 160
363 244 160
93 4 160
434 850 160
173 227 160
93 759 160
592 324 160
434 850 160
93 183 160
841 734 160
340 735 160
274 324 160
211 290 160
93 703 160
592 735 160
173 290 160
582 94 160
274 183 160
93 290 160
592 4 160
340 294 160
373 105 160
373 734 160
93 290 160
737 290 160
8 90 160
93 270 160
712 154 160
582 853 160
93 636 160
340 735 160
393 290 160
393 734 160
93 290 160
601 735 160
247 417 160
256 734 160
93 4 160
35 60 160
579 743 160
582 251 160
19 734 160
582 45 160
335 780 160
61 735 160
582 81 160
579 53 160
362 759 160
595 831 160
7 547 160
362 867 160
753 596 160
362 435 160
274 596 160
499 60 160
274 435 160
362 394 160
362 435 160
579 739 160
274 435 160
7 296 160
49 636 160
49 183 160
499 868 160
70 154 161
51 831 161
499 491 161
70 154 161
712 154 161
777 735 161
712 154 161
8 558 161
712 154 161
833 445 161
61 627 161
49 558 161
51 387 161
582 503 161
499 627 161
274 183 161
49 183 161
281 868 161
709 636 161
579 33 161
275 644 161
49 636 161
833 222 161
49 644 161
833 644 161
98 389 161
281 735 161
595 831 161
61 636 161
98 546 161
275 293 161
7 644 161
281 766 161
269 90 161
499 868 161
833 81 161
719 249 161
276 868 161
833 644 161
276 781 161
51 831 161
51 7 161
777 735 161
499 868 161
586 241 161
274 546 161
833 735 161
274 874 161
833 735 161
276 868 161
64 887 161
499 241 161
775 897 161
499 887 161
363 887 161
833 60 161
499 887 161
7 868 161
499 60 161
64 887 161
499 868 161
499 887 161
346 53 161
579 598 161
7 448 161
276 236 161
775 850 161
61 644 161
346 179 161
61 546 161
775 876 161
7 36 161
499 179 161
7 868 161
833 850 161
276 868 161
346 644 161
624 53 161
276 868 161
499 868 161
346 53 161
7 644 161
508 516 161
61 627 161
619 94 161
499 627 161
579 419 161
7 868 161
346 644 161
274 627 161
619 389 161
7 885 161
499 868 161
586 241 161
499 627 161
61 627 161
7 627 161
775 491 161
357 40 161
833 644 161
276 868 161
445 780 161
346 419 161
194 105 161
276 105 161
274 627 161
499 627 161
7 627 161
637 829 161
194 547 161
499 885 161
104 49 161
269 419 161
346 419 161
870 734 161
871 417 161
499 868 161
276 497 161
346 895 161
7 547 161
871 36 161
7 885 161
499 627 161
276 868 161
499 868 161
499 627 161
871 780 161
592 627 161
445 831 161
499 627 161
445 780 161
576 448 161
424 874 161
592 850 161
870 434 161
18 121 161
592 627 161
499 627 161
601 735 161
592 4 161
499 885 161
813 356 161
371 850 161
61 735 161
576 735 161
346 4 161
592 735 161
592 356 161
813 556 161
61 735 161
61 4 161
592 133 161
7 885 161
194 547 161
592 4 161
18 843 161
592 183 161
580 644 161
346 4 161
592 258 161
592 4 161
346 644 161
346 4 161
346 258 161
592 880 161
592 553 161
445 133 161
592 133 161
678 395 161
227 35 161
173 671 161
576 150 161
678 197 161
18 897 161
374 878 161
592 258 161
592 4 161
424 35 161
346 150 161
346 4 161
592 632 161
346 258 161
227 35 161
592 4 161
592 258 161
592 4 161
592 675 161
576 150 161
348 152 161
447 600 161
424 35 161
346 258 161
346 150 161
619 495 161
592 258 161
60 600 161
346 258 161
188 671 161
209 597 161
220 154 161
93 395 161
93 435 161
592 258 161
7 644 161
93 152 161
346 644 161
93 759 161
148 887 161
93 197 161
173 671 161
346 258 161
93 133 161
93 894 161
848 394 161
93 4 161
592 258 161
253 882 161
346 258 161
173 862 161
173 862 161
7 295 161
592 258 161
50 154 161
601 881 161
288 831 161
346 258 161
373 734 161
83 636 161
313 598 161
313 701 161
313 294 161
580 546 161
313 245 161
692 548 161
313 596 161
313 596 161
313 269 161
345 388 161
369 369 161
369 369 161
313 53 161
313 105 161
515 360 162
361 395 162
209 81 162
361 759 162
209 638 162
209 129 162
361 423 162
361 388 162
361 270 162
424 388 162
361 270 162
361 270 162
361 270 162
361 270 162
361 270 162
361 270 162
361 270 162
361 270 162
361 270 162
361 270 162
361 270 162
392 869 162
361 270 162
392 869 162
361 270 162
361 388 162
747 105 162
883 635 162
48 105 162
883 159 162
883 585 162
370 88 162
353 443 162
435 222 162
435 361 162
435 295 162
435 244 162
435 266 162
435 35 162
497 878 162
435 759 162
435 867 162
435 852 162
353 786 162
174 152 162
424 35 162
353 777 162
353 252 162
353 523 162
827 852 163
827 395 163
662 257 163
662 444 163
662 725 163
573 493 164
14 701 164
43 419 164
49 876 164
49 876 164
418 240 165
193 393 165
731 736 165
851 445 165
753 868 165
737 759 165
737 759 165
209 786 165
743 179 165
418 495 165
361 395 165
743 249 165
361 678 165
538 296 165
538 759 165
538 759 165
538 743 165
538 40 165
538 270 165
478 546 165
383 701 165
3 662 165
190 389 165
3 662 165
3 545 165
3 558 165
538 545 165
434 887 165
705 40 165
434 850 165
538 40 165
538 40 165
53 154 165
357 444 165
538 662 165
434 852 165
434 227 165
357 538 165
49 644 165
53 558 165
721 247 165
49 558 165
49 247 165
418 376 165
56 393 165
56 389 165
418 251 166
253 556 166
341 179 166
62 510 166
597 297 166
499 887 166
499 885 166
574 428 166
721 247 166
499 179 166
434 387 166
190 389 166
639 444 166
276 495 166
639 675 166
276 868 166
870 60 166
237 887 166
237 252 166
39 369 166
220 154 166
39 632 166
435 759 166
70 154 166
70 154 166
637 521 166
56 389 166
386 559 166
386 103 166
620 222 166
220 154 166
620 376 166
424 675 166
30 126 166
93 270 166
637 549 166
93 270 166
435 227 166
184 850 166
184 852 166
645 895 166
53 154 166
220 154 166
645 523 166
93 395 166
93 152 166
93 266 166
221 549 166
435 852 166
93 290 166
499 60 166
291 868 166
93 376 166
499 868 166
93 394 166
93 60 166
291 868 166
93 759 166
499 60 166
93 60 166
499 868 166
418 495 166
418 222 166
93 759 166
499 60 166
418 376 166
124 389 166
93 233 166
499 512 166
93 376 166
93 376 166
435 222 166
93 222 166
93 60 166
435 266 166
371 443 166
93 627 166
499 60 166
435 759 166
93 266 166
93 60 166
93 759 166
118 850 166
295 154 166
93 183 166
118 491 166
93 678 166
871 296 166
93 636 166
93 585 166
209 597 166
715 293 166
715 547 166
715 61 166
518 540 166
837 389 166
639 675 166
871 178 166
686 49 166
518 431 166
100 735 166
686 389 166
295 686 166
743 179 166
50 154 166
686 388 166
295 676 166
100 708 166
743 362 166
100 869 166
50 154 166
295 154 166
50 444 166
50 154 166
686 154 166
1 741 166
185 126 166
592 362 166
592 632 166
619 49 166
592 126 167
220 632 167
291 868 167
580 644 167
269 240 167
149 662 167
580 644 167
592 178 167
592 632 167
56 389 167
149 376 167
378 686 167
686 49 167
378 389 167
100 40 167
279 428 167
295 154 167
848 266 167
848 266 167
848 266 167
686 389 167
295 686 167
149 392 167
848 387 167
70 154 167
686 154 167
260 740 167
295 234 167
686 392 167
220 154 167
98 49 167
50 376 167
98 644 167
295 154 167
619 49 167
100 868 167
295 376 167
100 290 167
98 49 167
98 49 167
70 154 167
212 88 167
745 387 167
50 154 167
689 244 167
552 894 167
445 389 167
472 222 167
753 868 167
472 782 167
47 636 167
472 708 167
361 290 167
712 395 167
47 776 167
361 782 167
735 887 167
472 869 167
472 869 167
712 686 167
233 452 167
49 636 167
70 389 167
712 686 167
608 235 167
472 676 167
70 558 167
472 636 167
70 558 167
47 636 167
49 636 167
49 676 167
712 686 167
8 90 167
472 676 167
4 443 167
83 776 167
472 701 167
418 290 167
445 389 167
49 676 167
49 676 167
341 179 167
49 290 167
83 355 167
8 558 167
8 558 167
712 154 167
871 644 167
83 232 167
345 61 167
785 445 167
328 52 167
55 89 167
752 89 167
93 894 167
752 788 167
817 851 167
93 290 167
752 154 167
205 443 167
93 222 167
205 417 167
205 417 167
50 154 167
752 154 167
752 154 167
719 249 167
392 86 167
639 444 167
392 869 167
190 389 167
392 869 167
558 388 167
205 229 167
50 154 167
100 869 167
871 417 167
817 491 167
100 290 167
848 394 167
50 444 167
848 422 167
848 422 167
424 675 167
269 90 167
871 229 167
357 491 167
39 632 167
825 126 167
886 447 167
445 389 167
269 419 167
70 389 167
538 296 167
712 154 167
392 556 167
886 526 167
538 559 167
538 559 167
538 40 167
93 290 167
346 40 167
50 154 167
712 154 167
93 782 167
43 350 167
90 442 167
374 878 167
231 452 167
90 868 167
190 389 167
346 644 167
315 644 167
190 389 167
346 644 167
606 788 167
315 644 167
166 389 168
315 154 168
871 296 168
313 421 168
745 878 168
345 40 168
667 548 168
173 227 168
186 484 168
345 152 168
825 260 168
445 389 168
753 421 168
445 152 168
53 558 168
186 757 168
186 222 168
428 387 168
190 389 168
186 876 168
825 899 168
98 389 168
635 585 168
834 725 168
834 389 168
277 447 168
578 831 168
295 686 168
777 868 168
295 676 168
578 780 168
319 363 168
578 780 168
645 780 168
601 868 168
445 389 168
445 780 168
578 231 168
578 231 168
871 780 168
578 590 168
871 152 168
499 627 168
518 387 168
578 517 168
499 887 168
499 60 168
445 780 168
499 868 168
295 424 168
218 896 168
499 437 168
548 283 168
90 437 168
93 152 168
351 389 168
499 437 168
49 676 168
395 887 168
395 887 168
90 319 168
102 869 168
90 737 168
392 290 168
392 869 168
245 417 168
353 523 168
102 869 168
418 290 168
49 290 168
392 86 168
392 869 168
392 290 168
102 869 168
392 290 168
392 869 168
102 869 168
826 431 168
392 869 168
102 869 168
245 777 168
826 538 168
424 737 168
156 394 168
90 737 168
738 512 168
102 869 168
424 737 168
336 734 168
313 421 168
336 357 168
8 558 168
49 558 168
351 637 168
336 729 168
274 376 168
375 362 168
90 737 168
336 35 168
14 242 168
63 268 168
345 290 168
49 290 168
833 644 168
14 390 168
833 644 168
14 53 168
14 53 168
833 222 168
49 644 168
833 850 168
14 484 168
833 851 168
14 222 168
14 850 168
833 391 168
14 388 168
104 637 168
833 240 168
375 880 168
472 222 168
49 240 168
871 417 168
472 782 168
61 636 168
378 686 168
824 850 168
871 780 168
833 395 168
445 780 168
833 60 169
63 240 169
833 517 169
833 183 169
93 395 169
239 417 169
833 388 169
93 290 169
833 222 169
93 222 169
63 644 169
93 782 169
833 850 169
712 686 169
93 394 169
63 880 169
712 686 169
712 585 169
833 240 169
712 424 169
786 775 169
786 244 169
363 734 169
871 417 169
363 86 169
351 637 169
245 417 169
351 734 169
288 705 169
848 896 169
848 896 169
435 266 169
276 868 169
276 49 169
19 729 169
706 105 169
825 183 169
435 290 169
825 530 169
825 627 169
706 105 169
132 388 169
706 159 169
42 484 169
61 627 169
519 538 169
412 232 169
250 431 169
250 495 169
126 635 169
478 546 169
126 159 169
478 159 169
592 894 169
592 484 169
744 155 169
48 762 169
624 186 169
624 186 169
20 86 169
499 627 169
194 705 169
274 60 169
274 627 169
825 832 169
499 182 169
464 757 169
464 392 169
50 757 169
775 876 170
77 129 170
522 777 170
78 179 170
539 376 170
39 894 170
539 743 170
39 242 170
395 50 170
395 442 170
395 434 170
239 417 170
121 421 170
395 790 170
538 296 170
395 443 170
604 867 170
538 40 170
637 107 170
460 442 170
637 58 170
395 869 170
637 266 170
891 106 170
434 708 170
637 362 170
434 850 170
434 227 170
576 868 170
822 672 170
494 60 170
637 672 170
281 868 170
637 248 170
245 417 170
637 249 170
475 628 170
764 876 170
870 434 170
475 128 170
495 60 170
871 417 170
288 705 170
475 774 170
495 50 170
576 853 170
495 447 170
7 644 170
495 627 170
7 295 170
47 128 170
7 627 170
247 417 170
279 851 170
495 389 170
601 129 170
601 868 170
132 178 170
281 868 170
578 780 170
604 179 170
507 425 170
735 887 171
604 53 171
507 762 171
604 734 171
604 858 171
495 759 171
635 851 171
253 128 171
39 248 171
250 734 171
343 853 171
237 887 171
343 45 171
844 40 171
637 503 171
637 704 171
637 775 171
375 45 171
308 290 171
637 38 171
49 704 171
637 437 171
253 884 171
253 732 171
253 544 171
759 759 171
351 734 171
93 894 171
887 526 171
887 49 171
887 319 171
887 703 171
887 251 171
887 260 171
887 81 171
418 495 171
688 703 171
93 290 171
418 376 171
418 290 171
49 290 171
383 636 171
227 290 171
47 128 171
870 789 171
49 290 171
153 448 171
51 387 171
618 448 171
827 395 171
688 290 171
688 843 171
827 852 171
418 229 172
49 290 172
827 290 172
593 443 172
827 260 172
418 290 172
342 597 172
286 387 172
286 240 172
764 106 172
193 55 172
618 572 172
688 290 172
539 662 172
592 777 172
592 45 172
592 590 172
286 96 172
721 590 172
297 50 172
592 38 172
34 287 172
619 49 172
592 437 172
607 287 172
574 428 172
295 686 172
295 376 172
637 732 172
592 851 172
49 290 172
295 424 172
39 35 172
580 268 172
580 740 172
154 517 172
619 762 172
827 290 172
622 387 172
622 506 172
494 388 172
269 701 172
3 662 172
3 662 172
3 662 172
49 290 172
3 662 172
49 96 172
14 701 172
14 701 172
3 558 172
3 640 172
3 759 172
3 759 172
3 90 172
49 558 172
274 60 172
93 395 172
3 701 172
517 236 172
274 704 172
420 428 172
882 388 172
274 775 172
882 870 172
93 627 172
3 545 172
3 545 172
420 53 172
274 627 172
93 627 172
3 197 172
93 627 172
827 376 172
274 627 172
813 295 172
813 376 172
871 229 172
93 290 172
827 376 172
14 701 172
813 543 172
813 222 172
580 543 172
63 495 172
245 156 172
93 627 172
274 627 172
813 52 172
444 874 172
444 186 172
93 627 172
719 672 172
735 851 172
93 759 172
3 701 172
719 249 172
735 887 172
447 741 172
274 701 172
49 704 173
49 236 173
274 4 173
864 523 173
601 732 173
43 153 173
60 597 173
60 741 173
274 267 173
60 572 173
360 387 173
618 572 173
278 597 173
360 738 173
14 701 173
60 572 173
269 701 173
773 222 173
773 484 173
773 387 173
420 355 173
48 762 173
637 704 173
245 270 173
64 52 173
360 874 173
64 391 173
360 876 173
418 229 173
360 106 173
418 376 173
348 388 173
418 484 173
418 36 173
580 391 173
348 391 173
871 484 173
348 52 173
351 387 173
844 673 173
844 502 173
871 36 173
844 866 173
871 229 173
135 701 173
637 437 173
861 99 173
392 179 173
392 703 173
135 491 173
253 239 173
253 496 173
8 290 173
253 50 173
135 484 173
775 876 173
135 572 173
392 86 173
64 391 173
135 510 173
392 869 173
253 240 173
135 437 173
871 240 173
253 260 173
777 425 173
637 437 173
637 851 173
637 637 173
268 729 173
412 572 173
637 349 173
637 556 173
618 572 173
392 556 173
392 556 173
582 240 173
392 556 173
378 686 173
215 96 173
215 96 173
215 96 173
135 437 173
135 572 173
135 155 174
135 329 174
870 544 174
522 105 174
192 545 174
552 894 174
192 93 174
582 510 174
192 157 174
90 388 174
20 86 174
346 179 174
194 705 174
392 157 174
392 86 174
250 701 174
250 96 174
487 387 174
445 705 174
577 155 174
83 738 174
83 355 174
294 887 174
841 431 174
494 757 174
494 60 174
269 701 175
494 740 175
841 437 175
635 851 175
288 7 175
173 388 175
173 290 175
615 874 177
62 759 177
62 183 177
678 708 177
62 759 177
62 4 177
395 734 177
395 388 177
187 183 177
864 593 178
187 538 178
187 878 178
870 734 178
870 878 178
43 36 178
362 538 178
362 244 178
362 448 178
362 394 178
362 197 178
362 387 178
362 90 178
98 49 178
362 759 178
362 867 178
362 435 178
362 380 178
98 644 178
362 5 178
187 387 178
98 392 178
187 734 178
362 387 178
362 387 178
362 387 178
98 546 178
362 887 178
77 129 178
49 240 178
817 876 178
41 736 178
737 759 178
552 290 178
827 290 178
517 239 178
361 61 178
361 782 178
361 597 178
90 388 178
822 290 178
813 556 178
588 392 178
588 319 178
495 392 179
285 296 179
861 644 179
861 644 179
861 387 179
297 443 179
361 270 179
872 99 179
861 636 179
297 242 179
872 91 179
861 759 179
318 839 179
392 556 179
30 126 179
295 686 179
19 734 179
62 734 179
19 734 179
392 703 179
499 627 179
360 874 179
861 62 179
360 242 179
360 876 179
360 738 179
156 887 179
156 105 179
831 39 179
281 874 179
592 126 179
592 517 179
378 686 179
592 437 179
777 425 179
593 673 179
592 183 179
592 182 179
592 590 179
592 736 179
592 4 179
281 740 179
705 40 179
705 445 179
705 434 179
705 106 179
705 52 179
360 106 179
173 437 179
47 729 179
360 572 179
499 437 179
499 182 179
871 644 179
499 60 179
49 106 179
49 644 179
49 437 180
239 736 180
731 291 180
360 106 180
731 308 180
499 437 180
731 850 180
49 106 180
731 390 180
731 390 180
49 106 180
731 226 180
52 419 180
871 644 180
70 839 180
478 546 180
52 52 180
52 742 180
164 99 180
52 100 180
731 152 180
52 443 180
288 705 180
636 757 180
552 757 180
164 224 180
615 874 180
164 874 180
243 81 180
164 155 180
494 60 180
164 738 180
281 874 180
243 152 180
615 874 180
164 874 180
281 874 180
615 874 180
164 508 180
281 874 180
243 887 180
220 154 180
164 156 180
164 81 180
164 637 180
552 155 180
552 290 180
375 45 180
841 127 180
164 450 180
522 308 180
164 94 180
164 554 180
164 544 180
164 320 180
132 297 180
49 876 180
827 290 180
62 4 180
827 260 180
341 544 180
164 98 180
164 734 180
552 257 180
539 876 180
827 257 180
171 240 180
552 257 180
827 257 180
49 876 180
487 508 180
741 98 180
345 266 180
345 387 180
345 572 180
345 572 180
445 637 180
789 618 180
552 560 181
639 675 181
47 495 181
639 222 181
381 40 181
106 50 181
381 437 181
639 444 181
494 60 181
318 839 181
392 290 181
624 186 181
624 496 181
744 153 181
744 153 181
395 50 181
395 290 181
838 244 181
639 152 181
392 290 181
186 152 181
53 154 181
203 387 181
106 50 181
345 290 181
345 387 181
250 183 181
375 437 181
578 830 181
49 437 181
49 437 181
351 62 181
360 572 181
237 308 181
552 496 181
375 437 181
552 152 181
499 437 181
39 830 182
735 851 182
813 186 182
134 593 182
3 197 182
813 222 182
3 701 182
106 593 182
3 90 182
205 229 182
3 156 182
205 417 182
3 244 182
592 99 182
3 775 182
686 49 182
205 615 182
686 544 182
274 775 182
592 182 182
3 775 182
3 662 182
445 853 182
360 106 182
721 590 182
49 106 182
363 887 182
363 244 182
243 887 182
645 853 182
360 106 182
744 153 182
243 887 182
181 242 182
826 437 182
826 124 182
72 437 182
826 701 182
835 153 182
50 444 182
274 60 182
274 387 182
50 154 182
744 153 182
677 538 183
346 544 183
362 887 183
362 538 183
362 244 183
362 387 183
592 437 183
592 60 183
592 258 183
592 880 183
497 878 183
497 705 183
62 437 183
49 106 183
49 437 183
345 156 183
93 270 183
98 49 183
98 49 183
345 572 183
345 152 183
192 157 183
93 290 183
93 894 183
93 152 183
98 644 183
93 627 183
98 703 183
52 183 183
518 431 183
518 673 183
52 81 183
518 673 183
52 514 183
835 153 183
98 240 183
835 154 183
392 157 183
392 703 183
50 154 183
753 228 183
360 572 183
49 644 183
835 154 183
499 627 183
494 60 183
733 31 183
428 387 183
428 538 183
215 154 183
546 380 183
494 60 183
619 49 183
817 228 183
592 508 183
184 244 183
98 49 183
345 387 183
345 572 183
592 613 183
817 876 183
395 50 184
870 878 184
51 387 184
362 244 184
362 387 184
362 380 184
744 153 184
870 544 184
71 105 184
346 240 184
538 545 184
71 387 184
538 640 184
346 183 184
346 521 184
345 387 184
499 60 184
346 376 184
269 240 184
499 241 184
362 387 184
464 506 184
345 387 184
420 355 184
192 157 184
49 387 184
49 240 184
825 673 184
375 880 184
815 100 184
825 254 184
825 97 184
274 376 184
624 519 184
775 876 184
288 705 184
775 832 184
815 758 184
274 376 184
51 517 184
420 868 184
601 839 184
33 634 184
194 705 184
637 133 184
106 50 184
313 732 184
25 40 185
871 229 185
164 156 185
313 740 185
420 154 185
164 81 185
164 637 185
269 876 185
420 740 185
34 287 185
164 99 185
164 544 185
164 853 185
164 155 185
313 421 185
57 292 185
579 419 185
580 634 185
345 701 185
343 853 185
269 96 185
753 228 185
346 544 185
345 392 185
592 99 185
592 880 185
753 421 185
98 392 185
34 674 185
34 446 185
34 740 185
345 376 185
871 392 185
345 781 185
345 392 185
592 241 185
592 156 185
98 392 185
515 387 185
345 392 185
515 757 185
362 758 185
636 757 185
98 392 185
345 392 185
288 705 185
39 437 185
758 240 185
269 419 185
221 428 185
64 496 185
49 240 185
64 81 185
49 437 185
579 355 185
83 428 185
83 355 185
194 705 185
64 850 185
64 40 185
221 544 185
362 867 185
579 355 185
64 373 185
221 428 185
14 887 185
64 355 185
83 355 185
64 887 185
552 544 185
552 544 185
83 355 185
362 887 185
579 355 185
539 637 185
579 355 185
64 887 185
362 887 185
539 662 185
196 705 185
420 355 185
83 355 185
83 355 185
580 5 185
64 355 185
64 887 185
83 355 185
64 355 185
552 92 185
83 355 185
83 355 185
64 887 185
420 355 185
64 355 185
83 355 185
83 355 185
64 868 185
71 705 185
83 53 185
64 355 186
445 133 186
71 387 186
445 705 186
64 94 186
619 853 186
281 740 186
445 853 186
64 391 186
281 105 186
186 876 186
83 355 186
269 876 186
192 152 186
281 423 186
668 417 186
64 673 186
668 49 186
192 395 186
418 36 186
64 152 186
64 736 186
420 355 186
64 737 186
418 229 186
418 240 186
75 391 186
186 759 186
871 229 186
281 86 186
50 154 186
601 732 186
281 628 186
281 497 186
418 229 186
601 868 186
281 159 186
601 372 186
574 428 186
83 732 186
871 229 186
871 240 186
827 290 186
827 395 186
512 97 186
418 290 186
418 240 186
221 428 186
814 360 186
601 732 186
814 443 186
592 673 186
592 53 186
418 240 186
202 183 187
576 443 187
370 88 187
392 86 187
392 157 187
173 50 187
633 96 188
633 544 188
171 240 188
737 40 189
737 283 189
360 572 189
279 851 189
279 240 189
279 428 189
279 35 189
49 96 189
49 240 189
49 876 189
588 446 190
411 856 190
716 851 190
41 736 190
411 101 190
418 240 190
411 107 190
411 832 190
870 868 190
56 389 190
870 133 190
276 781 191
276 105 191
63 96 191
276 572 191
276 495 191
276 868 191
39 133 191
39 133 191
276 49 191
276 49 191
237 887 191
592 133 191
592 736 191
592 105 191
276 105 191
345 572 191
592 611 191
592 105 191
592 239 191
592 222 191
592 873 191
592 54 191
592 286 191
1 741 191
592 881 191
592 612 191
592 373 191
592 854 191
156 105 191
93 290 191
156 105 191
93 627 191
60 741 191
156 235 191
871 240 191
443 386 191
53 558 191
633 96 191
392 290 191
593 597 191
362 5 191
362 387 191
362 759 191
149 662 191
291 741 191
201 517 191
291 373 191
149 392 191
83 105 192
522 105 192
83 186 192
83 33 192
686 544 192
149 90 192
814 629 192
872 99 192
814 387 192
814 559 192
814 150 192
227 244 192
405 102 192
362 244 192
362 90 192
405 590 192
731 270 192
731 850 192
405 391 192
576 391 192
405 740 192
576 868 192
731 222 192
149 4 192
633 544 192
731 395 192
383 738 192
633 283 192
627 107 192
592 99 192
814 254 192
20 843 192
149 639 192
405 850 192
362 361 192
383 869 192
429 708 192
731 594 192
274 4 192
274 183 192
593 56 192
777 868 192
548 257 192
418 290 193
637 107 193
637 290 193
702 55 193
622 506 193
47 495 193
134 40 193
515 395 193
418 240 193
93 270 193
39 133 193
93 290 193
627 786 193
93 759 193
93 484 193
553 887 193
93 782 193
553 596 193
552 257 193
553 370 193
428 380 193
583 242 193
52 616 193
52 4 193
60 596 193
779 88 193
779 540 193
346 40 193
149 514 193
346 544 193
209 295 193
842 293 193
126 555 193
842 159 193
842 102 193
126 552 193
194 705 193
126 609 193
51 542 193
601 881 193
51 639 193
601 868 193
274 240 193
39 370 193
39 380 193
39 242 193
39 35 193
39 555 193
279 851 193
369 369 193
279 240 193
39 369 193
279 333 193
290 870 193
39 628 193
39 628 193
132 741 193
414 261 193
290 424 193
829 428 193
39 129 193
62 4 193
829 855 193
62 376 193
290 424 193
414 261 193
62 759 193
872 99 193
775 876 193
18 107 193
62 292 193
779 87 193
779 741 193
62 443 193
374 878 193
290 585 193
41 736 193
418 240 193
418 290 193
351 387 193
686 544 193
227 244 193
775 832 193
93 290 194
237 60 194
538 369 194
237 887 194
93 107 194
445 107 194
93 107 194
367 444 194
812 389 194
281 86 194
281 242 194
209 786 194
39 369 194
585 105 194
818 675 194
551 40 194
376 595 194
424 675 194
636 360 194
97 33 194
376 675 194
826 431 194
585 874 194
826 56 194
814 360 194
826 437 194
826 701 194
585 738 194
424 675 194
253 240 194
424 738 194
816 97 194
592 292 194
585 736 194
826 240 194
345 701 194
826 395 194
585 738 194
345 40 194
816 530 194
826 701 194
744 786 194
592 133 194
424 738 194
826 387 194
445 107 194
345 152 194
345 701 194
592 675 194
424 675 194
592 736 194
592 60 194
585 736 194
816 370 194
193 740 194
585 324 194
816 491 194
418 290 194
411 832 194
411 107 194
592 81 195
345 60 195
592 832 195
411 538 195
418 65 195
411 832 195
411 102 195
592 60 195
826 701 195
826 392 195
826 248 195
39 248 195
39 437 195
637 617 195
158 701 195
555 283 195
269 240 195
518 742 195
538 40 195
153 40 195
538 369 195
392 86 195
158 557 195
158 227 195
627 107 195
384 179 195
392 179 195
384 152 195
194 105 195
384 179 195
384 636 195
384 676 195
384 2 195
825 530 195
384 179 195
825 673 195
464 287 195
464 672 195
719 248 195
719 672 195
719 541 195
464 40 195
464 541 195
719 265 195
464 248 195
371 850 195
41 324 195
593 673 195
411 107 195
585 105 195
47 152 195
362 244 195
362 387 195
585 324 195
362 380 195
134 103 195
499 832 195
384 735 195
428 538 195
93 92 195
93 290 195
93 376 195
239 60 195
93 133 195
93 839 195
269 876 195
330 876 195
93 437 195
424 735 195
93 154 195
239 60 195
93 594 195
93 394 195
276 105 195
276 105 195
346 376 196
721 290 196
351 387 196
346 240 196
721 335 196
153 557 196
586 105 196
540 870 196
637 672 196
153 786 196
637 107 196
637 829 196
585 105 196
721 247 196
39 369 196
39 380 196
39 133 196
39 437 196
50 154 196
209 829 196
39 538 196
295 424 196
585 183 196
585 835 196
553 50 196
39 742 196
553 443 196
383 412 196
548 833 196
326 152 196
553 370 196
553 887 196
585 738 196
93 290 196
93 376 196
93 107 196
93 60 196
411 388 196
424 412 196
411 538 196
93 102 196
62 376 196
93 759 196
585 152 196
93 376 196
93 152 196
93 435 196
62 183 196
93 636 196
62 759 196
585 183 196
93 759 196
201 786 196
39 370 196
93 154 196
62 759 196
39 206 196
201 206 196
62 388 196
93 759 196
50 376 196
592 870 196
201 324 196
93 870 196
592 735 196
201 254 196
50 360 196
424 735 196
201 178 196
592 92 196
592 585 196
592 850 196
39 183 196
592 735 196
592 673 196
592 870 196
551 833 196
39 133 196
192 92 196
435 867 196
592 835 196
721 290 196
592 133 196
39 104 196
721 178 196
592 178 196
346 183 196
592 832 196
470 178 196
592 183 196
552 92 196
201 56 196
552 544 196
592 92 196
592 133 196
552 92 196
346 183 196
93 290 196
243 290 196
435 852 196
93 290 196
93 133 196
221 544 196
764 106 196
721 178 196
585 324 196
552 544 196
346 544 196
274 412 196
552 544 196
424 412 196
585 835 196
243 106 196
538 369 196
221 257 196
585 835 196
538 412 196
552 257 196
221 544 196
424 412 196
764 106 196
274 412 196
221 257 196
551 549 196
243 106 196
346 544 196
777 265 196
181 242 196
169 152 196
764 106 196
552 544 196
777 868 196
243 106 196
181 372 197
346 544 197
221 544 197
764 106 197
424 412 197
579 738 197
274 412 197
169 40 197
169 40 197
424 412 197
164 156 197
705 40 197
705 40 197
705 40 197
705 40 197
243 152 197
705 106 197
274 412 197
164 99 197
164 738 197
164 544 197
546 673 197
546 673 197
271 106 197
164 853 197
164 508 197
813 370 197
428 380 197
717 897 197
782 2 197
822 558 197
153 103 197
347 556 197
418 290 197
418 515 197
253 50 197
601 129 197
601 839 197
30 97 197
633 544 197
686 544 197
147 431 197
253 393 197
633 240 197
362 867 197
362 380 197
633 644 197
686 544 197
253 339 197
269 240 197
633 557 197
136 339 197
184 244 197
269 240 197
538 412 197
686 94 197
424 412 197
274 412 197
269 240 197
90 737 197
90 868 197
48 393 197
134 853 197
83 105 197
424 737 197
39 370 197
318 558 197
826 431 197
39 129 197
221 544 197
39 183 197
39 369 197
826 387 197
592 99 197
592 508 197
826 762 197
592 103 197
592 92 197
592 431 197
71 105 197
719 265 197
552 92 197
552 544 197
592 105 197
693 102 197
362 387 197
842 159 197
346 491 197
295 183 197
295 154 197
362 387 197
813 370 197
813 370 197
842 102 197
592 790 197
360 572 197
512 97 197
346 544 197
813 835 197
813 835 197
50 554 197
592 835 197
50 154 197
39 370 198
39 183 198
592 324 198
842 701 198
345 92 198
346 240 198
345 60 198
295 154 198
153 557 198
552 92 198
221 544 198
345 392 198
134 103 198
842 843 198
204 35 198
592 103 198
842 319 198
204 54 198
592 60 198
842 178 198
204 81 198
592 220 198
842 152 198
158 596 198
842 233 198
435 759 198
592 81 198
592 491 198
560 295 198
592 183 198
842 183 198
560 395 198
592 183 198
842 484 198
560 387 198
560 245 198
560 393 198
842 635 198
346 183 198
560 152 198
346 491 198
842 183 198
592 484 198
842 127 198
592 491 198
842 484 198
552 133 198
84 555 198
592 484 198
842 876 198
98 644 198
592 133 198
552 876 198
552 133 198
842 876 198
552 547 198
592 133 198
592 92 198
552 876 198
552 133 198
346 644 198
592 388 198
552 92 198
346 491 198
592 133 198
592 92 198
552 133 198
592 491 198
552 92 198
592 92 198
592 133 198
552 92 198
552 133 198
842 107 198
696 889 198
552 92 198
842 876 198
592 133 198
552 133 198
552 876 198
552 257 198
592 92 198
136 544 198
552 92 198
592 133 198
552 133 198
552 291 198
61 324 198
136 686 198
61 874 198
592 874 198
61 372 198
592 133 198
136 40 198
592 92 198
136 319 198
445 245 198
445 107 198
269 876 198
552 133 198
552 92 198
592 133 198
592 92 198
345 92 198
552 133 198
345 60 198
552 92 198
345 388 198
237 887 198
592 133 198
592 92 198
48 762 198
346 491 198
136 149 198
842 319 198
552 133 198
744 153 198
552 92 198
552 894 198
346 183 198
592 133 198
592 894 198
744 240 198
592 92 198
744 152 198
592 491 198
192 92 198
592 388 198
552 133 198
552 894 198
192 152 198
136 319 198
346 240 198
552 92 198
84 293 198
136 240 198
744 240 198
744 240 198
318 839 198
592 133 198
136 240 198
744 152 198
136 283 198
346 491 198
744 240 198
136 290 198
192 703 198
192 703 198
136 543 198
192 152 198
552 133 198
192 92 198
592 92 198
192 388 198
192 92 198
85 40 198
192 545 198
346 240 198
552 92 198
187 150 198
592 133 198
552 133 199
592 92 199
552 92 199
592 133 199
744 240 199
592 92 199
592 491 199
675 448 199
619 762 199
346 491 199
872 99 199
592 179 199
592 491 199
346 491 199
181 295 199
250 222 199
250 393 199
250 544 199
250 65 199
237 308 199
490 701 199
503 103 199
825 673 199
825 97 199
825 178 199
279 2 200
627 107 200
627 388 200
270 694 201
577 515 201
627 786 201
627 390 201
627 206 201
627 53 201
239 290 201
693 102 201
693 102 201
153 448 202
176 107 202
176 231 202
176 231 202
52 183 202
39 127 202
39 555 202
39 206 202
39 206 202
52 81 202
39 231 202
52 387 202
383 2 202
383 2 202
405 850 202
405 102 202
405 737 202
870 293 202
185 254 202
209 236 202
209 541 202
383 738 202
637 829 202
362 387 202
637 829 202
546 673 202
209 786 202
362 448 202
383 81 202
234 789 202
383 412 202
383 293 202
519 387 202
134 308 202
383 782 202
134 40 202
18 897 202
813 370 202
710 65 202
342 596 202
342 493 202
637 133 202
62 388 202
62 759 202
62 376 202
343 853 202
62 183 202
56 543 202
62 395 202
56 94 202
494 103 202
35 369 202
247 515 202
247 290 202
733 394 203
538 545 203
538 291 203
538 412 203
822 558 203
418 515 203
418 376 203
418 786 203
49 290 203
870 789 203
870 290 203
134 853 203
367 50 203
367 50 203
149 759 203
49 495 203
49 515 203
618 393 203
859 452 203
383 412 203
671 261 203
859 308 203
84 293 203
90 737 203
585 183 203
585 324 203
585 835 203
512 97 203
585 868 203
47 495 203
731 395 203
731 594 203
731 627 203
250 701 203
585 105 203
47 81 203
585 105 203
395 50 203
73 241 203
627 786 203
627 332 203
383 293 203
627 34 203
627 206 203
52 133 203
627 221 203
717 261 203
591 890 203
591 352 203
52 419 203
717 897 203
52 81 203
209 786 203
744 726 203
52 100 203
209 493 203
209 81 203
70 154 203
62 395 203
209 206 203
70 839 203
47 81 203
62 50 203
62 759 203
52 4 203
52 81 203
70 839 203
70 558 203
52 387 203
499 627 203
153 786 203
499 491 203
753 868 204
395 93 204
224 226 204
392 179 204
392 179 204
392 703 204
842 102 204
842 102 204
842 319 204
842 178 204
369 452 204
209 102 204
369 369 204
842 897 204
369 369 204
827 852 204
369 226 204
326 673 204
93 233 204
253 40 204
840 50 204
840 50 204
253 50 204
98 644 204
253 283 204
424 412 204
192 545 204
424 890 204
276 105 204
192 92 204
424 738 204
93 894 204
392 556 204
437 708 204
93 759 204
93 290 204
93 290 204
362 387 204
93 152 204
93 782 204
437 708 204
93 839 204
345 152 204
93 92 204
345 388 204
93 295 204
392 556 204
93 484 204
93 152 204
93 107 204
93 133 204
93 102 204
733 387 204
371 618 204
93 183 204
190 735 204
190 45 204
93 60 204
357 102 204
209 102 204
759 493 204
209 786 204
209 493 204
274 376 204
637 107 204
418 515 204
418 290 204
385 549 204
14 557 204
136 50 204
385 222 204
418 376 204
136 40 204
274 412 204
14 701 204
274 376 204
385 365 204
136 283 204
274 701 204
500 290 204
385 103 204
759 493 204
49 290 204
385 49 204
14 701 204
56 493 204
47 152 204
586 726 204
546 673 204
546 389 204
153 557 204
56 389 204
848 394 204
674 40 204
153 735 204
593 50 204
326 673 205
181 295 205
546 673 205
633 283 205
555 833 205
555 257 205
149 706 205
149 706 205
422 600 205
422 589 205
422 589 205
422 589 205
18 897 205
424 412 205
70 874 205
274 874 205
813 835 205
14 887 205
274 412 205
272 105 205
336 729 205
705 308 205
164 508 205
124 897 205
164 81 205
124 897 205
164 738 205
515 395 205
592 491 205
592 491 205
553 887 205
164 544 205
553 50 205
553 370 205
592 133 205
221 544 205
164 853 205
592 508 205
221 257 205
592 308 205
746 850 205
164 99 205
591 74 205
592 388 205
164 508 205
592 99 205
209 897 205
592 508 205
592 894 205
592 103 205
385 518 205
44 589 205
385 735 205
592 53 205
592 627 205
592 394 205
592 2 205
825 627 205
585 874 205
592 92 205
592 874 205
825 97 205
5 596 205
592 673 205
274 874 205
552 133 205
825 673 205
5 596 205
592 133 205
552 894 205
592 673 205
585 874 205
592 874 205
637 133 205
592 894 205
464 868 205
552 92 205
93 894 205
552 894 205
552 544 205
592 133 205
93 627 205
592 894 205
385 388 205
552 133 205
5 179 205
552 894 205
93 290 205
592 92 205
5 832 205
592 133 205
626 81 205
585 105 205
825 832 205
825 103 205
592 324 205
825 540 205
552 133 205
585 835 205
592 894 205
93 290 205
592 179 205
825 288 205
385 887 205
464 349 205
585 874 205
93 894 205
70 874 205
592 133 205
592 105 205
592 60 205
385 290 205
552 133 205
585 874 205
552 894 205
592 874 205
49 290 205
585 324 205
592 627 205
592 103 205
385 829 205
592 324 205
871 81 205
93 290 205
592 81 205
592 894 205
371 706 205
414 261 205
585 874 205
735 53 205
274 874 205
592 53 205
735 887 205
274 627 205
592 874 205
585 874 205
735 53 205
592 627 205
592 870 205
136 544 205
585 874 205
375 706 205
136 50 205
136 283 205
626 81 205
136 240 205
147 431 205
585 105 205
147 431 205
49 240 206
371 222 206
552 894 206
592 894 206
221 544 206
592 133 206
585 611 206
552 133 206
93 152 206
552 894 206
93 894 206
552 544 206
592 133 206
93 107 206
700 858 206
93 102 206
700 387 206
445 107 206
700 36 206
93 627 206
238 308 206
700 734 206
700 895 206
700 155 206
190 596 206
93 107 206
93 870 206
700 178 206
227 763 206
221 544 206
93 60 206
745 538 206
552 544 206
753 596 206
546 673 206
93 92 206
753 596 206
346 895 206
395 858 206
93 295 206
395 734 206
204 308 206
227 503 206
637 206 206
150 548 206
552 92 206
637 107 206
346 544 206
274 874 206
111 422 206
274 627 206
552 544 206
604 850 206
274 596 206
264 387 206
18 897 206
346 544 206
39 369 206
39 370 206
243 293 206
39 894 206
39 206 206
346 258 206
39 183 206
604 290 206
842 293 206
243 549 206
243 293 206
842 233 206
604 387 206
842 701 206
133 636 206
326 673 206
744 240 206
604 197 206
842 102 206
842 183 206
190 596 206
842 178 206
134 503 206
126 897 206
705 102 206
593 492 206
274 596 206
39 183 206
124 897 206
126 897 206
126 104 206
39 596 206
274 596 206
126 103 206
39 596 206
546 673 206
58 395 206
274 596 206
445 389 206
39 596 206
39 596 206
288 705 206
637 133 206
18 897 206
274 596 206
637 349 206
637 544 206
637 372 206
637 851 206
124 897 206
637 240 206
637 443 206
592 870 206
592 258 206
637 120 206
592 851 206
49 240 206
592 349 206
637 349 206
592 178 206
592 894 206
592 183 206
744 240 206
592 627 206
592 60 207
552 894 207
592 894 207
460 850 207
552 894 207
274 627 207
895 560 207
592 894 207
552 560 207
592 627 207
685 72 207
274 627 207
209 102 207
8 90 207
209 102 207
29 443 207
592 590 207
326 673 207
326 673 207
39 894 207
445 853 207
29 242 207
39 290 207
39 242 207
842 104 207
552 894 207
313 355 207
313 433 207
313 387 207
842 183 207
842 178 207
313 701 207
274 387 207
39 894 207
274 701 207
313 421 207
39 387 207
842 701 207
313 740 207
842 876 207
39 183 207
631 492 207
39 133 207
842 897 207
134 308 207
478 546 207
39 285 207
84 330 207
39 323 207
313 701 207
313 701 207
592 242 207
313 701 207
313 701 207
274 701 207
592 178 207
313 701 207
313 245 207
592 673 207
238 308 207
313 598 207
592 308 207
478 868 207
313 387 207
313 387 207
313 736 207
313 150 207
313 150 207
274 701 207
274 598 207
5 596 207
5 596 207
392 179 207
5 596 207
5 179 207
424 394 207
522 394 207
522 394 207
411 832 207
67 888 207
424 394 207
147 388 207
411 326 207
39 242 207
424 394 207
147 388 207
411 326 207
383 738 207
522 394 207
411 102 207
39 596 207
735 851 207
238 132 207
826 492 207
39 133 207
67 685 207
424 394 207
411 388 207
411 614 207
411 332 207
383 186 207
411 354 207
411 354 207
411 354 207
826 491 207
688 394 207
383 703 207
411 435 207
98 240 207
825 832 207
411 774 207
695 549 207
39 703 207
825 627 207
18 897 207
18 843 207
825 178 207
255 552 207
383 738 207
411 774 207
255 46 207
552 133 207
411 832 207
825 326 207
222 35 207
49 240 207
522 394 207
362 90 207
98 240 207
237 308 207
362 435 207
98 703 207
411 435 207
411 388 207
592 133 207
424 394 207
255 776 207
499 627 207
411 517 207
411 517 207
499 491 207
371 850 207
411 542 207
552 133 207
39 133 207
592 627 207
326 673 207
39 517 207
39 35 207
371 741 207
39 46 207
411 686 207
39 491 207
384 152 207
592 133 207
31 868 207
346 240 207
411 517 207
700 77 207
346 491 207
31 627 207
478 868 207
411 222 207
592 394 207
592 222 207
700 503 207
592 627 207
154 705 207
700 503 207
411 222 207
592 517 207
384 782 207
578 855 207
18 523 207
578 855 207
411 437 207
592 222 207
411 437 207
592 491 207
332 782 207
700 390 207
411 222 207
411 517 207
424 35 207
592 222 207
777 265 207
411 222 207
424 394 207
18 238 207
371 390 207
777 868 207
592 394 207
546 673 207
592 675 207
546 673 207
700 644 207
592 673 207
424 394 207
424 675 207
18 290 207
592 675 207
546 673 207
551 833 207
592 673 207
424 675 207
592 675 208
698 337 208
546 673 208
147 157 208
424 675 208
546 245 208
49 240 208
51 517 208
326 673 208
255 739 208
378 686 208
574 428 208
247 515 208
546 673 208
255 35 208
255 35 208
593 843 208
417 290 208
8 197 208
585 874 208
417 308 208
221 544 208
221 544 208
818 675 208
601 868 208
18 843 208
637 423 208
417 593 208
637 544 208
424 675 208
376 675 208
418 36 208
552 544 208
424 675 208
552 92 208
546 511 208
546 511 208
392 157 208
546 511 208
418 874 208
546 511 208
392 92 208
369 730 208
392 179 208
392 703 208
279 428 208
369 369 208
98 703 208
363 93 208
842 152 208
842 178 208
842 897 208
579 776 208
747 242 208
369 748 208
369 749 208
39 77 208
392 703 208
237 308 208
39 369 208
585 874 208
250 495 208
785 387 208
369 369 208
585 868 208
39 78 208
871 36 208
39 369 208
39 437 208
245 777 208
871 78 208
686 544 208
39 242 208
238 78 208
346 544 208
623 445 208
245 308 208
190 78 208
460 437 208
39 78 208
238 78 208
623 156 208
245 308 208
83 186 208
623 157 208
627 388 208
371 178 208
346 53 208
77 519 208
39 437 208
627 786 208
627 786 208
39 308 208
39 242 208
39 156 208
39 78 208
39 387 208
39 517 208
3 90 208
620 888 208
623 876 208
623 876 208
39 35 208
39 152 208
623 266 208
39 491 208
39 290 208
346 854 208
39 133 208
872 880 208
623 31 208
39 186 208
585 186 208
5 179 208
3 662 208
50 376 208
627 673 208
3 412 208
39 373 208
50 154 208
90 734 208
326 673 208
39 77 208
39 495 208
39 90 208
39 238 208
83 186 208
83 701 208
346 179 208
39 703 208
539 662 208
221 544 208
465 337 208
522 777 208
827 852 208
827 290 208
686 544 208
125 637 208
435 852 208
83 326 208
699 2 208
269 876 208
238 492 208
546 673 208
827 852 208
51 387 208
203 266 208
435 852 208
313 701 208
686 734 208
203 31 208
546 673 208
134 308 208
546 673 208
238 308 208
827 852 208
238 31 208
238 393 208
313 730 208
65 293 208
270 155 208
51 610 208
83 355 208
100 40 208
270 746 208
678 197 208
825 178 208
745 183 208
825 78 208
827 852 208
136 240 208
32 393 208
221 544 208
435 852 208
39 183 208
552 544 208
47 495 208
826 437 208
326 673 208
39 437 208
93 233 208
5 596 208
363 867 208
826 492 208
238 492 208
93 290 208
826 701 208
826 492 208
579 355 209
101 338 209
14 326 209
14 326 209
39 596 209
359 97 209
19 221 209
14 701 209
19 102 209
192 92 209
209 786 209
353 50 209
437 852 209
538 545 209
32 293 209
353 34 209
856 235 209
538 662 209
856 235 209
608 235 209
538 412 209
32 224 209
424 451 209
424 412 209
238 37 209
871 78 209
19 206 209
39 78 209
405 850 209
842 178 209
134 308 209
8 558 209
507 762 209
39 78 209
405 102 209
209 206 209
842 701 209
871 78 209
435 852 209
842 876 209
209 102 209
552 92 209
552 78 209
842 102 209
552 133 209
842 233 209
209 102 209
134 308 209
14 701 209
826 437 209
548 833 209
58 862 209
238 78 209
871 78 209
494 103 209
775 832 209
238 78 209
775 832 209
871 78 209
552 78 209
367 50 209
367 224 209
392 92 209
747 242 209
371 308 209
826 701 209
371 50 209
14 701 209
512 97 209
775 876 209
153 786 209
619 240 209
147 157 209
424 773 209
269 876 209
871 240 209
253 50 209
552 876 209
204 706 209
204 224 209
552 133 209
627 673 209
243 308 209
204 308 209
593 50 209
593 492 209
526 843 209
863 554 209
582 853 209
593 843 209
435 867 209
582 503 209
863 552 209
826 492 209
871 484 209
204 35 209
164 81 209
147 751 209
147 337 209
164 637 209
428 538 209
147 106 209
735 887 209
39 78 209
698 106 209
164 155 209
698 517 209
348 445 209
698 751 209
552 751 209
824 850 209
318 839 209
824 850 209
348 102 209
392 157 209
392 157 209
737 238 209
747 443 209
392 179 209
392 389 209
209 597 209
737 238 209
735 183 209
842 701 209
392 510 209
392 412 209
579 874 209
579 183 209
860 858 209
825 78 209
601 839 209
825 78 209
825 183 209
39 78 209
825 97 209
747 50 209
93 233 209
93 870 209
19 206 209
371 50 209
245 308 209
19 102 209
93 510 209
93 782 209
93 839 209
747 308 209
93 107 209
93 107 209
93 636 209
93 60 209
93 60 209
93 197 209
93 102 209
93 703 209
149 90 209
842 233 209
835 154 209
281 781 210
190 78 210
274 701 210
221 544 210
835 394 210
870 293 210
18 238 210
359 97 210
706 159 210
359 437 210
93 233 210
411 686 210
418 376 210
93 376 210
411 538 210
359 88 210
592 78 210
549 415 210
592 880 210
418 376 210
250 892 210
592 133 210
592 437 210
237 887 210
237 308 210
418 36 210
277 106 210
827 852 210
592 870 210
31 887 210
592 675 210
592 673 210
592 104 210
712 424 210
712 424 210
418 515 210
522 308 210
712 283 210
592 517 210
592 178 210
712 686 210
712 686 210
712 686 210
253 2 210
712 154 210
619 2 210
50 154 210
50 154 210
871 308 210
345 266 210
518 178 210
619 240 210
70 154 210
346 544 210
92 130 210
346 183 210
92 99 210
92 99 210
346 240 210
346 179 210
346 4 210
592 183 210
645 762 210
592 179 210
592 4 210
197 446 210
592 127 210
136 544 210
346 179 210
592 51 210
221 544 210
346 183 210
346 544 210
221 544 210
592 183 210
871 78 210
592 179 210
346 179 210
592 78 210
274 376 210
592 179 210
93 870 210
871 78 211
93 133 211
274 183 211
93 437 211
93 376 211
274 376 211
346 376 211
93 376 211
346 376 211
93 183 211
93 376 211
93 376 211
93 4 211
662 257 211
60 435 211
93 435 212
93 120 212
392 179 212
585 186 212
546 673 212
677 538 212
677 245 212
274 183 213
14 701 213
41 324 213
41 738 213
295 424 213
250 127 213
362 867 213
777 293 213
153 40 213
250 389 213
250 495 213
250 495 213
279 2 213
279 35 213
699 747 213
478 546 213
478 546 213
699 442 213
705 308 213
705 106 213
363 867 213
699 662 213
709 636 214
199 219 214
870 293 214
538 40 214
538 412 214
360 395 214
51 517 214
519 387 214
39 206 214
39 127 214
39 78 214
873 589 214
873 678 214
873 181 214
580 437 214
478 387 214
472 222 214
710 727 214
838 387 214
472 782 214
375 150 214
472 869 214
472 676 214
838 244 214
838 244 214
580 727 214
472 636 214
872 687 214
580 51 214
376 675 214
580 5 214
580 876 214
472 412 214
472 786 214
376 186 214
580 543 214
78 179 214
376 876 214
411 832 214
376 876 214
376 448 214
376 735 214
580 52 214
385 452 214
376 868 214
105 763 214
376 40 214
411 517 214
376 372 214
762 102 214
64 391 214
753 35 214
580 634 214
768 222 214
762 444 214
237 452 214
411 222 214
237 308 214
635 181 214
168 516 214
768 832 214
546 538 214
635 678 214
580 897 214
19 206 214
737 238 214
592 78 214
635 108 214
593 492 214
593 50 214
733 31 214
635 70 214
93 782 214
269 876 214
318 389 214
645 127 214
871 78 214
698 517 214
395 442 215
395 452 215
279 35 215
686 389 215
602 762 215
435 867 215
435 762 215
437 244 215
838 244 215
478 676 215
435 544 215
49 515 215
627 206 215
627 614 215
627 332 215
49 636 215
49 387 215
634 50 215
445 245 215
634 415 215
634 393 215
92 99 215
619 762 215
289 393 215
36 155 215
62 4 215
842 293 215
62 388 215
39 127 215
627 388 215
62 434 215
250 222 215
250 127 215
709 636 215
346 376 215
540 444 215
826 492 215
826 387 215
346 4 215
93 376 215
289 182 215
346 544 215
709 868 215
148 182 215
627 498 215
709 595 215
29 443 215
346 183 215
712 424 215
592 127 215
636 443 215
712 154 215
592 832 215
636 443 215
592 870 215
93 543 215
592 4 215
592 388 215
346 269 215
592 517 215
775 876 215
592 183 215
592 675 215
91 154 215
203 31 215
592 673 215
775 832 215
592 415 215
29 443 215
279 182 215
29 443 215
751 155 215
93 4 215
346 443 215
359 126 215
346 4 215
392 869 216
392 179 216
346 179 216
623 157 216
392 389 216
93 870 216
623 876 216
85 68 216
623 266 216
623 31 216
346 546 216
85 331 216
85 443 216
134 155 216
93 678 216
85 40 216
98 495 216
98 389 216
18 897 216
98 546 216
85 290 216
777 735 216
209 376 216
526 843 216
777 595 216
209 543 216
257 389 216
247 515 216
209 206 216
546 673 216
257 362 216
709 738 216
677 245 216
543 388 216
546 245 216
677 245 216
546 245 216
32 747 216
743 362 216
743 249 216
743 99 216
697 491 216
827 395 216
424 675 216
601 127 216
19 206 216
424 763 216
721 442 216
253 2 216
418 515 216
418 495 216
353 786 216
353 50 216
747 50 216
418 389 216
233 519 216
50 444 216
50 376 216
747 443 216
752 267 216
50 154 216
39 183 216
156 235 216
194 389 216
842 843 216
498 495 216
842 701 216
771 596 216
8 490 216
8 490 216
842 876 216
8 662 216
842 127 216
842 159 216
842 102 216
156 103 216
842 102 216
173 389 216
156 387 216
842 183 216
604 395 216
773 288 216
411 832 216
842 107 216
842 897 216
538 490 216
538 662 216
411 102 216
411 435 216
411 326 216
411 332 216
411 614 216
842 96 216
70 154 216
19 102 216
375 443 216
769 117 216
243 106 216
376 675 217
149 503 217
376 40 217
243 290 217
376 876 217
247 515 217
376 876 217
56 543 217
192 92 217
192 703 217
346 443 217
346 183 217
634 415 217
98 389 217
346 491 217
710 635 217
274 244 217
104 389 217
710 886 217
710 886 217
710 886 217
610 257 217
871 389 217
871 389 217
91 154 217
91 154 217
91 152 217
560 387 217
560 245 217
132 443 217
274 183 217
560 852 217
560 791 217
445 245 217
91 686 217
362 387 217
91 686 217
777 392 217
435 762 217
91 734 217
785 387 217
783 491 217
745 35 217
91 734 217
181 372 217
269 876 217
435 544 217
560 884 217
560 496 217
560 339 217
560 592 217
560 882 217
560 40 217
560 883 217
764 876 217
560 260 217
560 260 217
560 2 217
253 883 217
560 544 217
443 386 217
345 31 217
745 748 217
560 543 217
745 662 217
709 592 217
709 736 217
709 425 217
510 130 217
3 662 217
346 644 217
822 235 217
822 235 217
745 662 217
745 35 217
369 748 217
827 395 217
369 748 217
764 736 217
424 675 217
777 425 217
777 522 217
333 572 217
552 572 217
1 741 217
250 127 217
360 876 217
360 395 217
360 572 217
777 868 217
50 154 217
50 154 217
288 245 217
53 152 217
378 686 218
478 546 218
478 868 218
26 40 218
478 387 218
279 2 218
26 393 218
418 393 218
418 389 218
14 326 218
35 510 218
333 572 218
185 133 218
842 876 218
539 876 218
619 895 218
333 572 218
842 152 218
842 152 218
333 572 218
842 876 218
871 152 218
842 635 218
842 102 218
842 152 218
105 763 218
848 31 218
539 876 218
90 867 218
848 394 218
513 294 218
49 515 218
130 183 218
405 102 218
405 491 218
106 157 218
104 389 218
93 290 218
135 572 218
135 491 218
871 389 218
699 747 218
325 288 218
164 738 218
164 544 218
93 510 218
93 152 218
93 102 218
93 107 218
250 393 218
250 544 218
439 50 218
634 393 218
250 389 218
719 249 218
250 393 218
719 442 218
719 541 218
247 515 218
552 442 218
250 349 218
552 572 218
460 442 218
250 234 218
711 589 218
698 152 218
585 324 218
435 572 219
698 70 219
253 2 219
619 393 219
19 102 219
435 867 219
551 154 219
619 389 219
19 734 219
295 686 219
627 673 219
552 572 219
627 388 219
627 388 219
62 734 219
93 435 219
62 510 219
367 50 219
367 443 219
185 102 219
775 832 219
424 763 219
775 491 219
62 395 219
185 736 219
779 88 219
209 152 219
209 376 219
50 152 219
346 546 219
350 447 219
326 673 219
50 294 219
350 271 219
62 50 219
295 234 219
350 372 219
756 102 219
50 154 219
552 152 219
346 544 219
350 874 219
825 260 219
460 395 219
812 126 219
578 590 219
350 554 219
91 686 219
93 376 219
93 510 219
83 387 219
350 767 219
93 703 219
429 852 219
363 767 219
83 636 219
363 867 219
363 867 219
363 244 219
363 446 219
552 451 219
363 734 219
362 5 219
747 874 219
62 376 219
745 748 219
362 244 219
350 704 219
378 686 219
362 394 219
362 197 219
709 636 219
842 876 219
362 867 219
362 435 219
709 868 219
842 102 219
842 183 219
709 425 219
192 157 219
83 636 219
478 868 219
62 183 219
295 686 219
709 636 219
295 376 219
709 868 219
764 446 219
709 738 219
705 102 219
686 734 219
478 868 219
712 686 219
478 868 219
712 686 219
712 96 219
712 240 219
712 394 219
395 442 219
395 446 219
149 183 219
181 372 219
395 386 219
295 686 219
395 867 219
126 46 219
552 442 219
395 734 219
295 686 219
126 635 219
126 159 219
395 442 219
552 442 219
62 183 219
495 447 219
495 704 220
149 183 220
98 91 220
14 701 220
435 244 220
435 244 220
443 386 220
435 867 220
443 386 220
395 386 220
395 867 220
411 832 220
287 672 220
253 240 220
411 326 220
709 868 220
386 92 220
756 102 220
117 394 220
756 102 220
97 592 220
209 102 220
97 592 220
825 103 220
209 376 220
618 442 220
209 597 220
362 244 220
362 867 220
756 445 220
478 868 220
134 503 220
596 672 220
133 636 220
257 503 220
19 734 220
19 734 220
53 672 220
376 876 220
592 99 220
592 870 220
592 133 220
376 40 220
48 522 220
378 686 220
585 874 220
376 675 220
592 736 220
48 522 220
376 372 220
592 388 220
376 868 220
48 326 220
592 179 220
585 736 220
30 373 220
257 62 220
712 686 220
585 868 220
93 376 220
712 686 220
712 686 220
48 762 220
392 157 220
712 686 220
295 154 220
712 154 220
264 31 220
367 541 220
756 49 220
640 730 220
295 686 220
295 686 220
756 154 220
295 154 220
93 870 220
546 245 220
295 686 220
7 644 220
360 395 220
604 895 220
604 387 220
348 445 220
185 126 220
348 102 220
604 850 220
49 644 220
14 326 220
604 850 220
62 734 220
604 104 220
777 425 220
777 522 220
227 763 220
743 99 220
363 446 220
743 249 220
62 376 220
743 179 220
363 734 220
173 50 220
628 672 220
363 867 220
173 442 220
582 503 220
378 686 220
743 350 220
363 244 220
363 887 220
173 393 220
353 55 220
743 124 220
295 686 220
309 354 220
19 734 220
510 99 220
173 389 220
19 102 220
764 446 220
173 388 220
267 159 220
267 197 220
566 592 221
269 90 221
478 387 221
164 99 221
579 159 221
269 662 221
616 242 221
712 686 221
8 90 221
712 686 221
392 86 221
712 686 221
625 220 221
519 538 221
519 390 221
519 443 221
8 197 221
519 734 221
148 68 221
519 676 221
712 154 221
8 395 221
712 388 221
712 585 221
825 126 221
712 734 221
895 560 221
93 376 221
93 585 221
745 538 221
93 183 221
47 271 221
93 133 221
243 887 221
47 2 221
136 96 221
47 495 221
275 886 221
93 290 221
198 704 221
136 544 221
149 183 221
443 386 221
891 106 221
243 290 221
243 106 221
184 850 221
678 393 221
891 106 221
136 686 221
209 86 221
136 686 221
136 40 221
136 240 221
709 868 221
49 676 221
617 618 221
700 644 221
49 106 221
266 65 221
132 178 221
266 63 221
700 895 221
202 387 221
712 686 221
777 868 221
295 686 221
712 686 221
712 686 221
49 704 221
266 689 221
295 686 221
266 61 221
755 388 221
359 126 221
266 437 221
424 675 221
266 508 221
426 197 221
566 735 221
295 376 221
424 451 221
266 390 221
645 2 221
566 749 221
266 233 221
56 393 221
266 233 221
544 124 221
266 91 221
369 749 221
266 863 221
266 90 221
478 676 221
826 443 221
266 222 221
266 451 221
478 868 221
266 558 221
833 445 221
266 559 221
478 387 221
198 2 221
266 418 221
198 704 221
424 451 221
710 497 221
43 350 221
833 152 221
77 129 221
512 126 221
848 70 221
14 242 221
891 106 221
822 672 221
478 734 221
822 389 221
32 49 221
113 155 221
32 747 221
70 839 221
712 686 221
833 242 221
147 751 221
737 388 221
70 558 221
147 446 221
592 437 221
737 40 221
592 124 221
136 319 221
369 730 221
592 870 221
842 159 221
592 508 221
842 635 221
347 556 221
280 227 221
593 597 221
842 183 221
753 596 221
50 376 221
842 152 221
163 442 221
132 443 221
698 517 221
719 249 221
871 91 221
753 35 221
753 85 221
375 319 221
347 452 221
835 394 221
824 32 222
158 227 222
14 242 222
14 242 222
785 387 222
561 237 222
785 394 222
562 72 222
637 672 222
275 61 222
637 704 222
592 133 222
275 293 222
592 585 222
275 701 222
318 558 222
14 701 222
275 644 222
568 445 222
50 154 222
592 126 222
274 244 222
359 437 222
568 628 222
592 517 222
592 60 222
359 126 222
852 729 222
274 155 222
592 437 222
275 701 222
495 634 222
580 644 222
580 634 222
478 387 222
338 97 222
323 308 222
592 126 222
568 226 222
318 389 222
445 389 222
275 221 222
495 704 222
378 686 222
275 512 222
580 543 222
568 360 222
712 686 222
564 830 222
348 152 222
91 154 222
378 686 222
721 442 222
721 442 222
777 293 222
564 152 222
277 447 222
85 294 222
712 686 222
91 686 222
346 376 222
85 60 222
580 282 222
712 686 222
91 686 222
712 686 222
564 387 222
712 686 222
712 686 222
85 60 222
346 179 222
91 686 222
712 686 222
712 686 222
91 686 222
712 686 222
346 443 222
91 686 222
85 443 222
712 686 222
91 152 222
712 686 222
91 152 222
91 734 222
346 644 222
91 686 222
187 38 222
346 183 222
523 446 222
437 690 222
85 56 222
85 68 222
712 686 222
350 271 222
706 635 222
706 159 222
856 235 223
856 235 223
238 75 223
231 308 223
231 452 223
238 392 223
231 887 223
238 56 223
494 103 223
192 157 223
863 554 223
494 736 223
90 319 223
158 596 223
158 596 223
158 596 223
158 596 223
158 596 223
173 393 223
173 72 223
173 585 223
173 388 223
173 290 223
274 319 223
274 596 223
158 596 223
662 394 224
295 686 224
48 491 224
243 152 225
56 543 225
627 618 225
97 592 225
677 245 225
677 538 225
49 106 225
705 445 225
705 282 225
49 644 225
349 446 225
19 56 225
49 515 225
378 686 225
378 686 226
340 735 226
164 508 226
580 282 226
340 52 226
326 446 226
164 544 226
164 155 226
580 81 226
47 56 226
164 81 226
580 644 226
580 852 226
395 452 226
580 514 226
395 734 226
268 492 226
383 782 226
383 412 226
585 736 226
395 734 226
395 386 226
395 867 226
255 552 226
592 508 226
279 2 226
255 776 226
255 592 226
255 35 226
255 46 226
83 776 226
538 40 226
255 552 226
255 776 226
567 36 226
567 36 226
341 544 226
567 757 226
737 40 226
83 387 226
341 672 226
83 636 226
478 159 226
570 788 226
83 636 226
384 157 226
250 644 226
250 65 226
83 636 226
83 636 226
83 159 226
842 701 226
164 508 226
842 159 226
842 635 226
164 544 226
842 319 226
842 152 226
148 68 226
519 538 226
91 686 226
637 133 226
91 152 226
709 636 226
709 690 226
785 445 226
30 437 226
91 734 226
785 445 226
785 387 226
870 734 226
418 290 226
418 65 226
418 376 226
418 96 226
221 544 226
48 878 227
259 572 227
14 701 227
226 237 227
57 742 227
745 538 227
709 736 227
226 431 227
478 159 227
592 508 227
478 546 227
592 851 227
630 94 227
861 62 227
630 558 227
733 387 227
63 240 227
380 294 227
630 268 227
392 86 227
63 495 227
4 443 227
630 737 227
519 443 227
388 538 227
863 552 227
359 739 227
52 4 227
341 544 227
630 557 227
630 357 227
424 737 227
513 294 227
150 319 227
150 734 227
630 319 227
630 319 227
346 376 227
630 737 227
777 392 227
346 240 227
630 417 227
705 52 227
346 491 227
831 394 227
435 572 227
50 154 227
50 294 227
98 91 227
424 737 227
209 86 227
98 546 227
209 268 227
630 268 227
871 417 227
49 96 227
630 417 227
764 446 227
395 867 227
625 437 227
305 240 227
257 62 227
147 517 227
257 503 227
26 117 227
305 179 227
560 883 227
26 70 227
305 854 227
560 245 228
305 90 228
560 508 228
305 507 228
26 705 228
305 393 228
699 628 228
560 290 228
478 734 228
131 443 228
131 546 228
243 152 228
478 546 228
856 767 228
136 319 228
870 878 228
131 224 228
239 417 228
870 734 228
630 417 228
239 155 228
131 530 228
131 431 228
625 387 228
131 50 228
64 52 228
64 282 228
131 387 228
734 446 228
328 52 228
64 394 228
606 484 228
328 484 228
305 94 228
49 290 228
777 264 228
392 157 228
567 253 228
384 157 228
384 412 228
247 763 228
384 412 228
472 701 228
472 222 228
384 222 228
472 786 228
384 786 228
383 507 228
383 782 228
472 222 228
383 412 228
384 412 228
384 222 228
712 686 228
472 782 228
833 851 228
472 869 228
833 60 228
712 154 228
472 507 228
384 869 228
383 782 228
472 676 228
383 412 228
350 530 228
472 782 228
472 782 228
384 507 228
384 782 228
383 507 228
472 869 228
384 507 228
384 676 228
472 507 228
714 373 228
737 290 228
472 676 228
383 736 228
384 412 228
842 701 228
560 387 228
383 507 228
384 676 228
472 636 228
209 786 228
478 510 228
842 96 228
472 412 228
560 558 228
472 701 228
478 394 228
842 484 228
472 786 228
472 507 228
478 676 228
472 676 228
383 869 228
472 676 228
384 507 228
83 636 228
472 869 228
478 734 228
472 869 228
560 557 228
316 297 228
384 869 228
383 676 228
478 730 228
472 507 228
384 676 228
478 676 228
383 507 228
39 373 228
472 869 228
383 676 228
383 676 228
472 507 228
478 676 228
384 507 228
384 676 228
472 676 228
83 734 228
383 412 228
472 507 228
383 676 228
201 56 228
472 636 228
49 290 228
472 676 228
383 676 228
478 676 228
538 264 228
478 676 228
472 412 228
384 676 228
472 676 228
383 869 228
538 40 228
478 734 228
384 412 228
383 676 228
472 869 228
472 676 228
630 786 228
384 869 228
472 412 228
842 319 228
478 676 228
384 676 228
383 450 228
472 786 228
384 412 228
383 676 228
472 676 228
472 676 228
384 676 228
472 412 228
122 428 228
383 676 228
472 676 228
122 92 228
478 676 228
871 484 228
383 676 228
472 676 228
478 676 228
122 759 228
122 538 228
3 662 228
383 546 228
93 233 228
93 863 228
424 412 228
29 484 228
3 558 228
478 546 228
424 763 228
383 293 228
472 546 228
3 639 228
3 156 228
383 412 228
333 572 228
333 572 228
3 545 228
630 558 228
384 412 228
3 545 228
472 412 228
383 869 228
383 412 228
83 546 228
384 546 228
83 739 228
383 546 228
39 572 228
472 546 228
383 546 228
3 759 228
478 546 228
383 546 228
384 546 228
472 546 228
538 759 228
478 868 228
104 389 228
478 546 228
318 389 229
134 155 229
134 297 229
192 157 229
192 157 229
269 391 229
269 240 229
269 78 229
269 90 229
269 662 229
671 261 229
305 510 229
437 767 229
437 690 229
83 261 229
326 445 229
83 33 229
369 730 229
19 52 229
369 748 229
85 294 229
369 748 229
48 105 229
756 445 229
85 56 229
359 105 229
85 40 229
285 512 229
395 734 229
448 450 229
375 297 229
448 450 229
777 868 229
777 264 229
478 734 229
19 56 229
538 264 229
538 40 229
538 78 229
538 662 229
247 763 229
737 290 229
838 290 229
49 290 229
173 428 229
371 431 229
438 874 229
737 40 229
371 360 229
777 264 229
438 329 229
709 636 229
709 874 229
709 690 229
438 81 229
438 148 229
715 886 229
567 49 229
438 498 229
393 290 229
438 229 229
829 412 229
715 484 229
438 45 229
538 264 229
393 290 229
743 124 229
743 350 229
871 229 229
438 283 229
743 249 229
49 290 229
438 392 229
438 6 229
756 179 229
420 428 229
104 392 229
777 264 229
104 392 229
279 428 229
353 786 229
105 763 229
353 629 229
420 355 229
429 52 229
360 572 229
360 874 229
552 544 229
552 572 229
552 560 229
156 235 230
562 247 230
671 261 230
628 672 230
64 391 230
134 297 230
274 319 230
269 391 230
503 734 230
698 56 230
698 517 230
698 60 230
675 448 230
764 446 230
433 222 230
102 869 230
221 428 230
221 544 230
3 662 230
552 544 230
3 662 230
102 869 230
375 297 230
36 50 230
102 789 230
576 672 230
102 86 230
221 544 230
578 871 230
51 831 230
102 869 230
395 86 230
269 662 230
582 503 230
582 503 230
582 503 230
582 503 230
50 154 230
411 354 230
424 412 230
50 444 230
411 388 230
50 283 230
424 763 230
50 55 230
14 701 230
283 538 230
424 874 230
863 55 230
209 86 230
50 55 230
892 81 230
209 81 230
892 392 230
359 437 230
359 446 230
91 154 230
91 734 230
47 546 230
91 727 230
287 357 230
595 831 230
395 734 230
499 512 231
395 86 231
43 350 231
381 788 231
381 788 231
381 96 231
381 96 231
247 763 231
98 546 231
381 88 231
381 88 231
381 597 231
346 544 231
381 597 231
381 559 231
381 559 231
135 152 231
346 880 231
135 510 231
381 295 231
381 295 231
381 735 231
381 610 231
842 701 231
102 86 231
392 556 231
135 484 231
392 556 231
392 556 231
392 157 231
48 105 231
392 86 231
424 763 231
623 445 231
51 610 231
623 157 231
623 31 231
392 869 231
392 157 231
392 92 231
392 412 231
392 389 231
392 389 231
616 706 231
392 389 231
863 55 231
424 412 231
460 510 231
418 96 231
102 86 231
392 869 231
102 86 231
102 869 231
60 104 231
300 887 231
122 428 231
247 763 231
19 734 231
122 759 231
122 538 231
424 763 231
118 850 231
19 56 231
91 152 231
493 493 231
91 734 231
493 837 231
493 393 231
91 290 231
429 690 231
245 417 231
91 424 231
578 831 231
269 240 231
383 874 231
384 157 231
743 350 231
91 424 231
91 542 231
384 869 231
733 31 231
102 869 231
349 446 231
62 510 231
43 350 231
384 869 232
43 36 232
392 869 232
733 394 232
392 157 232
19 734 232
102 869 232
14 701 232
733 627 232
384 157 232
733 221 232
43 442 232
259 572 232
628 672 232
383 450 232
733 782 232
93 290 232
438 874 232
438 738 232
628 672 232
269 240 232
383 874 232
581 689 232
634 393 232
93 290 232
291 868 232
448 450 232
291 496 232
93 290 232
494 782 232
93 627 232
630 874 232
384 593 232
395 442 232
264 387 232
383 874 232
395 295 232
395 869 232
592 880 232
592 437 232
395 790 232
592 491 232
592 627 232
49 240 232
438 874 232
829 412 232
93 133 232
93 222 232
93 376 232
93 295 232
93 782 232
556 90 232
891 290 232
91 734 232
756 36 232
85 40 232
384 290 232
269 240 232
91 290 232
737 556 232
384 290 232
568 776 232
91 686 232
43 442 232
737 290 232
737 290 232
28 729 232
384 290 232
85 290 232
43 53 232
383 874 232
686 544 232
62 388 232
871 81 232
686 49 232
3 90 232
19 729 232
383 450 232
3 662 232
395 442 232
261 261 232
384 2 232
392 869 232
39 133 232
3 759 232
383 869 232
507 425 232
39 572 232
709 690 232
39 789 232
245 308 232
395 869 232
49 290 232
261 543 232
392 869 232
261 543 232
83 355 232
705 40 232
83 636 232
261 835 232
48 393 232
163 734 232
261 835 232
395 734 232
505 386 232
83 261 232
295 686 232
384 131 232
100 40 232
842 701 232
247 763 232
384 701 232
83 701 232
100 869 232
83 701 232
271 106 232
56 493 232
538 264 232
424 412 232
538 662 232
424 738 232
384 545 232
48 521 232
424 874 232
777 425 232
424 763 232
777 264 232
162 226 232
662 444 232
274 701 232
295 154 232
438 874 232
274 874 232
434 290 232
384 701 232
162 850 232
49 290 232
162 387 232
438 40 232
438 676 232
438 546 232
295 676 232
438 874 232
49 290 232
162 373 232
49 290 232
125 743 232
85 40 232
85 40 232
438 676 232
438 776 232
678 197 232
582 81 232
829 412 232
438 738 232
424 874 232
162 388 232
295 676 232
438 357 232
424 412 232
737 759 232
438 676 232
51 831 233
438 874 233
438 874 233
162 50 233
438 572 233
438 437 233
424 874 233
417 507 233
438 392 233
842 701 233
325 5 233
438 874 233
362 867 233
93 290 233
424 874 233
709 738 233
83 776 233
783 491 233
83 701 233
438 874 233
221 428 233
438 776 233
44 880 233
19 734 233
19 393 233
221 257 233
221 871 233
306 247 233
29 443 233
434 222 233
301 554 233
149 90 233
434 852 233
434 852 233
49 290 233
301 554 233
564 517 233
149 376 233
434 86 233
552 257 233
562 247 233
392 86 233
392 86 233
299 102 233
299 387 233
299 830 233
743 350 233
299 572 233
102 789 233
552 572 233
592 206 233
299 52 233
564 830 233
209 206 233
564 387 233
592 880 233
579 355 233
8 90 233
185 445 233
592 874 233
185 102 233
564 434 233
579 33 233
424 738 233
592 373 233
719 5 233
424 874 233
592 373 233
564 512 233
164 94 233
580 282 233
592 222 233
630 94 233
8 222 233
592 81 233
592 222 233
424 388 233
164 81 233
164 544 233
346 376 233
592 2 233
592 517 233
592 53 233
346 393 233
346 53 233
39 206 233
580 727 233
580 788 233
39 789 233
51 830 233
43 53 233
564 830 233
153 448 233
153 448 233
760 108 233
564 830 233
39 596 233
346 880 233
346 491 233
346 53 233
582 81 233
765 442 233
8 412 233
522 55 233
19 102 233
43 53 233
682 54 233
19 206 233
19 706 233
506 226 233
19 706 233
443 432 233
162 492 233
268 729 233
268 492 233
826 50 233
346 544 233
346 544 233
826 492 233
335 392 234
682 558 234
682 180 234
682 180 234
494 443 234
734 222 234
209 102 234
8 517 234
443 157 234
359 88 234
872 880 234
19 393 234
619 106 234
359 105 234
249 70 234
359 443 234
682 673 234
734 855 234
249 774 234
8 558 234
494 102 234
249 325 234
494 735 234
8 197 234
494 443 234
249 325 234
827 852 234
353 443 234
519 443 234
747 484 234
837 686 234
747 50 234
842 701 234
641 352 234
826 431 234
887 49 234
826 701 234
842 484 234
871 392 234
887 392 234
221 544 234
348 102 234
887 703 234
221 257 234
351 94 234
887 319 234
392 157 234
392 703 234
887 853 234
50 154 234
887 260 234
238 56 234
887 94 234
50 444 234
887 703 234
50 55 234
238 355 234
50 554 234
192 92 234
98 392 234
298 830 234
238 729 234
192 157 234
98 49 234
19 102 234
19 729 234
243 152 234
856 235 234
392 157 234
712 686 234
619 49 234
424 703 234
14 484 234
712 686 234
14 701 234
712 424 234
712 424 234
477 269 234
833 261 234
833 850 234
477 269 234
34 287 234
833 391 234
392 157 234
630 94 234
630 558 234
240 437 234
14 850 234
637 672 234
637 180 234
477 230 234
240 724 234
477 523 234
494 443 234
392 735 234
494 735 234
392 703 234
424 703 234
494 388 234
250 96 234
530 641 234
477 634 234
250 222 234
427 491 234
221 544 234
281 690 234
353 55 234
93 290 234
93 627 234
281 295 234
250 393 234
250 65 234
392 703 234
630 376 234
871 180 234
93 507 234
93 376 234
250 495 234
93 870 234
93 197 234
313 269 234
630 376 234
392 388 234
313 701 234
392 735 234
313 150 234
378 686 234
392 412 234
313 294 234
313 294 234
435 572 234
281 50 234
435 222 235
93 376 235
135 572 235
135 484 235
859 452 235
580 634 235
435 388 235
580 52 235
34 740 235
585 105 235
540 444 235
370 88 236
30 97 236
753 596 236
346 544 236
346 269 236
346 644 236
434 222 237
678 197 237
432 874 237
871 91 237
48 393 237
48 105 237
97 33 237
14 701 237
49 290 237
49 290 237
395 734 237
395 442 237
395 295 237
395 443 237
395 388 238
235 388 238
257 503 238
395 86 238
257 558 238
49 558 238
257 636 238
870 789 238
429 52 238
429 690 238
870 734 238
19 734 238
56 393 238
295 154 238
538 759 238
709 636 238
538 264 238
295 424 238
149 392 238
133 592 238
318 558 238
424 890 238
395 734 238
279 2 238
445 853 238
318 839 238
19 127 238
51 830 238
627 388 238
627 221 238
414 261 238
627 673 238
627 206 238
414 543 238
825 627 238
825 97 238
83 776 238
426 850 238
83 33 238
414 234 238
618 572 238
619 2 238
5 388 238
715 867 238
414 889 238
83 701 238
437 690 238
83 33 239
83 261 239
83 355 239
418 495 239
637 703 239
235 388 239
777 264 239
39 206 239
671 261 239
19 206 239
238 266 239
83 261 239
762 395 239
134 853 239
762 585 239
420 355 239
762 444 239
384 2 239
119 240 239
119 240 239
671 261 239
671 237 239
119 106 239
93 290 239
119 90 239
93 266 239
83 261 239
49 290 239
228 415 239
546 673 239
662 283 239
575 260 239
100 290 239
596 672 239
477 290 239
891 106 239
238 758 239
891 290 239
477 269 239
238 287 239
567 295 239
567 389 239
201 2 239
49 106 239
495 60 239
619 240 239
891 106 239
418 484 239
870 878 239
49 240 239
49 106 239
477 290 239
477 295 239
483 220 239
49 290 239
438 874 239
438 776 239
477 290 239
438 283 239
93 627 239
124 839 239
276 49 239
477 290 239
49 290 239
671 261 239
858 31 240
627 206 240
392 86 240
538 264 240
499 627 240
499 220 240
521 236 240
62 388 240
247 763 240
395 86 240
395 429 240
166 853 240
424 763 240
299 102 240
299 830 240
117 394 240
299 52 240
285 512 240
765 442 240
438 517 240
733 31 240
50 444 240
747 220 240
733 221 240
50 154 240
747 484 240
737 388 240
898 236 240
733 596 240
477 290 240
359 97 240
477 290 240
98 49 240
98 703 240
753 897 240
383 507 240
257 36 240
434 86 240
383 636 240
257 91 240
861 83 240
257 636 240
709 592 240
563 443 240
53 152 240
91 727 240
53 392 240
91 734 240
73 236 240
73 241 240
392 86 240
392 86 240
779 389 240
271 106 240
271 290 240
789 618 240
107 268 240
846 388 241
14 484 241
14 701 241
789 518 241
789 703 241
870 734 241
117 242 241
870 290 241
134 297 241
118 226 241
710 65 241
710 63 241
829 412 241
710 63 241
437 295 241
494 443 241
435 572 241
34 394 241
710 701 241
710 497 241
846 617 241
710 497 241
846 548 241
417 507 241
515 360 241
417 152 241
515 443 241
205 417 241
205 229 241
313 740 241
313 596 241
313 105 241
29 484 241
51 517 241
375 241 241
375 241 241
637 133 241
619 49 241
346 443 241
102 86 241
102 86 241
405 850 241
861 187 241
405 319 241
712 686 241
247 763 241
247 290 241
247 445 241
517 236 241
3 662 241
443 157 241
585 105 241
83 261 241
49 290 241
556 90 241
362 759 241
362 758 241
392 703 241
362 90 241
362 387 241
822 389 241
362 197 241
345 388 241
822 558 241
362 767 241
362 767 241
362 244 241
362 538 241
301 554 241
639 222 241
83 33 241
639 87 241
83 33 241
257 558 241
639 444 241
39 133 241
679 2 241
39 517 241
639 435 242
49 558 242
92 99 242
601 839 242
92 91 242
8 90 242
274 261 242
39 226 242
192 703 242
495 96 242
639 675 242
326 673 242
50 554 242
50 444 242
639 444 242
186 484 242
395 443 242
556 90 242
395 86 242
438 229 242
360 158 242
744 40 242
360 226 242
580 727 242
669 60 242
164 94 242
164 99 242
360 874 242
671 261 242
363 767 242
363 767 242
202 96 242
64 394 242
376 675 242
679 743 242
454 732 242
248 70 242
777 264 242
384 2 242
48 105 242
679 2 242
29 443 242
437 86 242
628 672 242
628 672 242
392 86 242
255 592 242
495 627 242
392 86 242
392 86 242
437 767 242
445 853 242
842 484 242
154 517 242
392 86 242
392 86 242
392 86 242
392 86 242
53 558 242
393 734 242
395 734 242
392 86 242
424 675 242
266 390 242
395 867 242
383 507 243
266 91 243
266 91 243
472 412 243
306 247 243
472 701 243
326 674 243
705 751 243
887 49 243
472 786 243
887 319 243
737 247 243
472 782 243
185 102 243
887 703 243
887 260 243
688 445 243
887 392 243
472 869 243
306 247 243
887 389 243
259 572 243
472 507 243
887 240 243
472 636 243
472 676 243
255 674 243
255 674 243
21 424 243
21 286 243
67 417 243
680 636 243
98 240 243
98 853 243
98 392 243
229 435 243
238 758 243
149 392 243
426 197 243
395 869 243
255 886 243
255 867 243
679 886 243
255 886 243
350 554 243
350 767 243
253 2 243
67 431 243
363 767 243
363 867 243
363 867 243
47 435 243
812 389 243
39 517 243
50 444 243
630 558 243
291 394 243
506 538 243
255 867 243
255 867 243
733 178 243
521 236 243
521 443 243
53 558 243
630 558 243
19 734 243
250 96 243
67 297 244
250 234 244
67 888 244
333 386 244
250 240 244
250 484 244
250 393 244
333 572 244
250 443 244
250 644 244
552 572 244
333 572 244
153 786 244
630 786 244
552 572 244
300 183 244
19 183 244
745 538 244
209 102 244
19 102 244
164 320 244
698 751 244
19 56 244
19 56 244
209 52 244
102 86 244
438 874 244
3 197 244
438 392 244
93 290 244
93 290 244
678 850 244
19 52 244
737 247 244
698 70 244
102 412 244
424 763 244
97 33 244
97 592 244
736 388 244
209 86 244
539 636 244
91 734 244
424 412 244
269 782 244
295 234 244
392 869 244
35 510 244
295 676 244
102 869 244
679 2 244
295 424 244
187 538 244
187 387 244
295 426 244
187 291 244
187 180 244
392 412 244
829 120 244
414 261 244
424 412 244
347 556 244
378 686 244
705 445 244
315 644 244
347 556 244
395 386 244
392 556 244
83 33 244
209 52 244
392 556 244
47 636 244
238 56 244
45 237 244
326 674 244
747 484 244
899 325 244
347 452 244
180 386 244
347 641 244
130 523 244
130 538 244
53 558 245
247 763 245
102 412 245
259 572 245
579 33 245
680 636 245
28 729 245
8 197 245
414 261 245
498 435 245
745 183 245
458 60 245
698 60 245
538 759 245
538 264 245
891 290 245
538 662 245
871 484 245
680 222 245
458 293 245
871 417 245
871 853 245
756 445 245
871 389 245
881 226 245
83 261 245
680 759 245
65 293 245
149 759 245
363 867 245
756 592 245
383 897 245
680 36 245
680 81 245
351 389 245
255 674 245
351 36 245
255 592 245
735 183 245
680 295 245
255 739 245
680 759 245
680 389 245
255 491 245
680 897 245
891 290 245
18 897 245
91 154 245
19 590 245
378 389 245
680 437 245
383 412 245
91 424 245
49 240 245
680 858 245
49 290 245
539 759 245
14 484 245
14 850 245
91 290 245
14 222 245
53 154 245
91 154 245
49 290 245
91 290 245
53 154 245
91 444 245
680 897 245
383 157 245
393 290 245
91 154 245
220 261 245
91 290 245
383 869 245
220 394 245
50 154 245
393 290 245
185 52 245
91 154 245
435 388 245
747 388 245
435 734 245
435 388 245
871 240 245
50 154 245
220 154 245
49 240 245
435 240 245
243 290 245
85 60 245
18 843 245
837 424 245
777 293 245
18 55 245
50 444 245
443 157 245
756 222 245
91 444 245
756 36 245
756 389 245
255 886 246
756 444 246
91 444 246
8 517 246
539 183 246
53 55 246
8 412 246
53 154 246
351 389 246
363 734 246
236 506 246
747 437 246
747 874 246
747 373 246
747 242 246
747 776 246
281 373 246
393 290 246
236 706 246
393 734 246
747 105 246
569 88 246
393 544 246
393 484 246
393 389 246
747 484 246
4 443 246
747 443 246
247 417 246
247 290 246
3 662 246
3 412 246
393 290 246
3 90 246
3 197 246
3 197 246
238 96 246
3 558 246
3 558 246
3 759 246
3 759 246
238 96 246
3 759 246
3 759 246
3 759 246
3 759 246
3 759 246
737 388 246
393 40 246
393 388 246
3 759 246
538 759 246
3 759 246
538 662 246
494 443 246
582 240 246
538 759 246
494 556 246
3 759 246
393 432 246
3 759 246
538 759 246
435 734 246
269 90 246
269 662 246
635 388 246
635 388 246
353 786 246
755 426 246
19 590 246
508 105 246
392 869 246
392 157 246
18 55 246
181 242 246
181 105 246
709 636 246
14 484 246
562 70 246
681 730 246
562 886 246
579 759 246
392 890 246
353 55 246
164 853 247
477 295 247
477 523 247
477 443 247
831 237 247
477 290 247
424 890 247
477 290 247
477 634 247
477 230 247
424 157 247
477 294 247
477 150 247
619 2 247
346 544 247
431 426 247
512 426 247
435 544 247
512 226 247
376 40 247
376 675 247
833 641 247
833 445 247
424 675 247
833 222 247
833 261 247
833 240 247
833 735 247
833 735 247
833 60 247
833 730 247
833 183 247
833 152 247
593 388 247
593 443 247
645 2 247
494 735 247
714 220 247
714 373 247
667 548 248
526 843 248
898 236 248
429 690 249
295 424 249
747 105 249
438 676 249
347 556 249
363 734 250
91 734 250
117 242 250
117 437 250
737 290 250
392 157 250
621 767 250
621 242 250
3 662 250
3 90 250
3 490 250
3 244 250
3 775 250
3 640 250
435 240 250
3 545 250
438 572 250
464 506 250
464 287 250
255 886 250
684 50 250
684 50 250
438 389 250
566 592 250
566 592 250
566 789 250
255 592 250
255 592 250
83 261 250
438 636 250
83 730 250
49 290 250
538 545 250
83 636 250
538 640 250
634 362 250
49 240 250
538 40 250
14 701 250
538 490 250
538 662 250
83 701 250
83 701 250
149 759 250
83 776 251
438 484 251
98 853 251
438 81 251
580 740 251
580 740 251
580 644 251
424 157 251
34 287 251
34 740 251
34 674 251
733 782 251
896 388 251
14 484 251
14 701 251
274 261 251
606 452 251
274 240 251
126 104 251
274 758 251
274 706 251
274 435 251
560 852 251
274 412 251
592 99 251
279 2 251
592 133 251
560 544 251
592 362 251
592 484 251
871 484 251
592 220 251
375 744 251
231 452 251
861 362 251
244 585 251
861 266 251
592 373 251
592 388 251
50 154 251
360 242 251
306 499 251
538 412 251
495 59 251
634 362 251
634 484 251
871 484 251
126 552 251
91 154 251
247 290 251
8 558 251
19 744 251
383 869 251
50 154 251
93 120 251
39 133 251
93 290 251
592 133 251
392 157 251
392 869 251
592 133 251
392 412 251
392 290 251
393 290 251
592 362 251
29 242 252
29 484 252
634 362 252
626 781 252
626 391 252
634 484 252
744 153 252
626 593 252
626 107 252
744 431 252
678 197 252
619 49 252
83 701 252
678 869 252
744 673 252
747 242 252
39 133 252
383 293 252
618 388 252
394 637 252
383 2 252
383 157 252
679 2 252
679 886 252
381 284 252
472 412 252
472 701 252
472 222 252
47 776 252
472 786 252
472 782 252
472 869 252
472 676 252
383 869 252
472 636 252
472 636 252
472 869 252
679 45 252
756 222 252
472 222 252
424 157 252
257 853 252
628 672 252
257 636 252
383 636 252
418 484 252
464 287 252
472 897 252
842 183 252
733 31 252
237 83 252
383 897 252
842 484 252
472 897 252
842 293 252
842 701 252
842 701 252
628 672 252
464 40 252
383 897 252
705 40 252
833 261 252
47 636 252
833 735 252
833 767 252
833 767 252
833 183 252
298 292 252
833 388 252
619 853 252
619 895 252
392 869 252
392 869 252
295 154 252
392 157 253
392 735 253
392 412 253
295 426 253
392 869 253
193 284 253
552 572 253
392 869 253
392 869 253
291 394 253
546 673 253
546 673 253
405 850 253
546 81 253
624 236 253
64 152 253
627 673 253
281 593 253
281 391 253
281 106 253
698 153 253
298 390 253
213 237 253
744 153 253
744 673 253
706 105 253
634 484 253
572 548 253
572 387 253
669 50 253
298 774 253
64 737 253
62 510 253
64 391 253
62 183 253
50 154 253
744 40 253
34 287 253
395 388 253
709 592 253
744 517 254
203 499 254
375 590 254
715 886 254
715 293 254
546 673 254
14 242 254
424 388 254
14 701 254
14 701 254
306 499 254
735 96 254
181 443 254
539 183 254
93 290 254
93 222 254
443 386 254
93 782 254
375 776 254
29 242 254
445 853 254
207 50 254
48 96 254
786 775 254
83 701 254
346 544 254
83 261 254
346 644 254
83 355 254
353 786 254
395 386 254
395 388 254
83 355 254
85 294 254
619 853 254
4 183 254
83 355 254
592 60 254
592 627 254
592 790 254
592 260 254
592 675 254
592 585 254
601 732 254
592 388 254
592 92 254
592 127 254
592 81 254
592 744 254
495 759 254
592 540 254
592 776 254
592 517 254
539 127 254
698 153 254
592 850 254
499 627 254
499 220 254
605 674 254
499 512 254
359 105 254
744 153 254
698 153 254
744 153 254
304 388 254
709 158 254
698 153 254
744 153 254
744 153 254
709 158 254
102 869 254
420 355 254
346 546 254
49 290 254
679 674 254
679 674 254
698 153 255
102 869 255
744 153 255
420 294 255
102 412 255
744 546 255
698 153 255
744 517 255
744 153 255
744 153 255
698 153 255
546 880 255
49 644 255
744 431 255
49 236 255
39 789 255
102 789 255
238 96 255
494 735 255
298 294 255
83 355 255
420 355 255
420 355 255
83 636 255
83 355 255
360 242 255
360 158 255
495 627 255
326 673 255
326 674 255
546 673 255
709 158 255
392 869 255
326 673 255
680 830 255
848 388 255
848 388 255
546 673 255
308 236 255
418 484 255
677 443 255
424 388 255
276 874 255
842 222 256
842 843 256
842 319 256
437 690 256
437 767 256
560 558 256
435 153 256
560 260 256
435 92 256
209 897 256
435 544 256
435 759 256
637 672 256
552 92 256
435 92 256
552 92 256
435 92 256
698 153 256
509 750 256
326 673 256
51 830 256
556 90 256
552 92 256
566 592 256
566 789 256
679 596 256
744 153 256
51 830 256
8 90 256
51 7 256
870 789 256
861 63 256
861 295 256
556 90 256
861 895 256
68 640 256
892 81 256
892 81 256
383 412 256
424 412 257
346 544 257
346 376 257
709 636 257
295 154 257
383 869 257
259 572 257
259 388 257
383 157 257
383 701 257
827 388 257
383 271 257
424 388 257
93 290 257
842 361 257
445 853 257
47 271 257
385 395 257
98 853 257
385 93 257
44 880 257
385 452 257
385 484 257
385 388 257
347 452 257
14 484 257
14 701 257
745 387 257
745 183 257
135 152 257
348 445 257
149 376 257
348 391 257
348 152 257
499 627 257
499 627 257
785 445 257
238 387 257
18 897 258
552 544 258
494 627 258
367 50 258
393 544 258
393 585 258
18 843 258
393 484 258
203 31 258
606 452 258
209 152 258
392 869 258
50 154 258
392 157 258
53 55 258
53 55 258
362 538 258
362 361 258
362 244 258
585 105 258
362 767 258
362 867 258
445 152 258
362 759 258
576 742 258
619 853 258
362 758 258
362 435 258
362 90 258
585 105 258
362 387 258
759 103 258
362 197 258
18 55 258
759 759 258
18 867 258
445 853 258
193 102 258
83 636 258
193 102 258
193 740 258
564 512 258
564 387 258
564 517 258
238 758 258
564 759 259
564 830 259
19 102 259
564 152 259
564 673 259
438 676 259
435 153 259
435 295 259
93 197 259
84 293 259
149 759 259
281 740 259
747 220 259
881 226 259
747 105 259
185 102 259
714 373 259
634 362 259
92 99 259
48 105 259
353 55 259
592 362 260
592 880 260
592 835 260
592 585 260
592 388 260
592 431 260
592 361 260
592 45 260
592 63 260
592 222 260
592 230 260
592 206 260
194 387 260
737 388 260
825 744 260
737 290 260
737 556 260
737 238 260
679 45 261
464 40 262
464 265 262
621 767 262
621 767 262
621 767 262
621 767 262
405 102 262
621 767 262
363 767 262
405 850 262
621 242 262
710 63 262
627 206 262
851 104 262
234 789 262
234 789 262
743 362 263
582 853 263
582 81 263
362 767 263
362 867 263
556 197 263
362 758 263
362 197 263
362 387 263
743 249 263
360 264 263
360 874 263
580 51 263
360 158 263
360 876 263
360 395 263
360 738 263
360 706 263
719 294 263
585 105 263
737 388 263
585 835 263
585 736 263
777 265 263
118 226 263
51 517 263
43 152 263
447 242 264
709 158 264
604 197 264
872 880 264
870 789 264
365 706 264
693 291 264
350 874 264
437 767 264
365 178 264
365 154 264
350 767 264
365 50 264
365 538 264
369 452 264
585 105 264
365 873 264
365 881 264
477 295 264
365 242 264
369 850 264
365 390 264
585 874 264
365 285 264
365 428 264
365 237 264
365 100 264
365 594 264
365 484 264
365 387 264
365 618 264
365 730 264
365 443 264
365 325 264
365 742 264
365 843 264
118 850 264
365 389 264
365 423 264
611 437 264
670 88 264
670 88 264
670 88 264
411 222 264
102 412 264
625 150 264
566 789 264
315 644 264
670 120 264
510 99 264
510 320 264
346 521 264
871 521 264
747 105 264
510 91 264
782 426 265
91 152 265
753 596 265
753 596 265
556 197 265
619 521 265
585 105 265
709 874 265
64 706 265
747 105 265
346 521 265
445 853 265
552 572 265
414 261 265
156 394 265
192 545 265
164 81 265
164 320 265
192 157 265
85 294 265
416 734 265
164 544 265
192 92 265
164 99 265
8 90 265
392 157 265
8 197 265
53 55 265
50 294 265
720 236 265
53 294 265
8 545 265
633 544 265
8 244 265
8 517 265
3 662 265
3 545 265
3 490 265
515 498 265
3 558 265
3 558 265
3 640 265
3 759 265
515 369 266
3 90 266
515 221 266
515 637 266
3 197 266
515 393 266
3 775 266
515 53 266
3 412 266
515 428 266
3 412 266
515 290 266
515 50 266
515 518 266
53 558 266
238 758 266
347 556 266
193 740 266
347 452 266
118 70 266
118 493 266
578 590 266
578 7 266
279 428 266
118 708 266
118 694 266
269 90 266
118 154 266
118 750 266
872 99 266
395 734 266
395 388 266
619 853 266
619 895 266
10 293 266
680 290 266
193 493 266
443 734 266
14 484 266
14 850 266
193 102 266
679 886 266
43 757 266
154 517 266
556 90 266
298 294 266
363 767 266
835 153 267
383 157 267
835 295 267
737 388 267
383 869 267
435 388 267
744 153 267
744 153 267
744 431 267
281 740 267
786 775 267
744 40 267
744 673 267
744 81 267
281 740 267
434 244 267
395 734 267
585 105 267
621 242 267
595 831 267
618 393 267
435 244 267
546 673 267
515 393 267
149 90 267
645 853 267
104 389 268
445 853 268
538 759 268
538 545 268
538 640 268
538 490 268
538 662 268
538 412 268
93 120 268
601 750 268
221 257 268
630 558 268
556 90 268
9 119 268
9 224 268
9 873 268
9 530 268
630 558 268
9 107 268
104 853 268
104 853 268
9 597 268
9 179 268
9 335 268
351 637 268
50 154 268
445 853 268
619 853 268
416 390 268
619 853 268
416 390 268
104 853 268
416 734 268
367 230 268
48 521 268
392 157 268
91 734 268
445 853 268
134 853 269
8 90 269
8 197 269
504 45 269
149 90 269
164 99 269
86 442 269
39 373 269
313 732 269
313 269 269
494 308 269
83 53 269
193 740 269
164 81 269
224 226 269
164 544 269
164 853 269
83 734 269
224 767 269
438 40 269
133 592 269
237 308 269
133 636 269
710 749 269
180 386 269
710 507 269
710 254 269
180 117 269
671 261 269
671 261 269
298 830 270
83 261 270
383 2 270
149 77 270
39 77 270
39 77 270
719 249 270
39 789 270
250 96 270
250 96 270
250 50 270
383 2 270
627 107 270
383 636 270
250 644 270
383 81 270
250 585 270
846 692 270
747 105 270
510 320 270
98 853 270
98 389 270
285 296 270
98 91 270
39 517 270
281 373 270
48 393 270
619 853 270
564 521 270
592 590 270
564 673 270
279 2 270
747 105 270
345 266 270
345 701 270
445 853 270
345 40 270
345 92 270
345 31 270
645 853 271
345 572 271
825 530 271
626 81 271
274 627 271
274 261 271
207 498 271
696 392 271
238 96 271
447 242 271
274 120 271
238 84 271
696 235 271
238 266 271
274 60 271
445 853 271
561 148 271
445 107 271
585 105 271
656 154 271
656 394 271
274 264 271
619 853 271
434 86 271
434 244 271
48 762 271
777 264 271
362 244 271
362 758 271
362 867 271
437 244 271
437 86 271
847 751 272
231 308 272
56 389 272
870 789 272
435 762 272
435 244 272
315 694 272
315 596 272
426 197 273
679 2 273
679 2 273
679 81 273
838 244 274
838 394 274
49 644 274
551 640 275
93 120 275
538 296 275
538 264 275
418 389 275
360 264 275
418 376 275
285 512 275
333 386 276
434 767 276
434 767 276
645 853 276
645 127 276
445 2 276
590 757 276
445 2 276
759 493 276
8 759 276
395 734 276
318 389 276
395 442 276
621 242 276
250 96 276
621 749 276
621 518 276
50 154 276
621 598 276
705 152 276
621 86 276
207 242 276
279 2 276
621 451 276
72 325 276
621 498 276
621 35 276
621 98 276
49 451 276
238 96 276
238 96 276
49 96 277
49 96 277
131 530 277
238 96 277
238 708 277
856 442 277
556 90 277
238 96 277
679 530 277
621 295 277
50 152 277
56 493 277
621 451 277
848 31 277
639 220 277
395 86 277
777 264 277
628 672 277
715 260 277
133 158 277
628 672 277
281 376 277
628 672 277
237 308 277
383 2 277
628 706 277
383 2 277
383 2 277
628 611 277
454 732 277
679 2 277
628 55 277
269 90 277
149 90 277
132 329 277
556 90 277
445 2 277
555 257 277
593 843 277
601 127 277
601 732 277
49 451 277
93 133 277
383 2 277
93 222 277
93 266 277
130 428 277
709 158 277
239 736 278
362 244 278
362 244 278
337 224 278
337 224 278
588 183 278
190 706 278
134 895 278
376 876 278
376 675 278
592 611 278
418 376 278
592 220 278
733 31 278
733 31 278
744 40 278
744 673 278
733 394 278
871 392 278
733 782 278
552 257 278
18 843 278
538 759 278
98 392 278
721 734 278
149 90 278
745 35 278
149 392 278
149 392 278
556 90 278
19 393 278
121 226 278
121 421 278
627 498 278
604 197 278
121 424 278
255 592 278
255 886 278
634 393 278
621 451 278
621 498 278
346 376 278
370 868 279
221 257 279
592 744 279
861 895 279
592 627 279
592 63 279
239 183 279
239 240 279
837 424 279
592 308 279
592 431 279
445 2 279
100 708 279
861 266 279
264 31 279
19 744 279
498 492 279
326 673 279
362 759 279
564 152 279
564 673 279
445 152 279
375 744 279
8 90 279
8 244 279
8 517 279
8 183 279
7 644 279
7 296 279
7 868 279
601 868 279
31 750 279
416 734 279
582 240 279
185 102 279
582 240 279
601 750 279
637 133 279
637 107 279
556 90 279
637 437 279
49 451 280
363 244 280
49 240 280
363 867 280
733 154 280
621 451 280
546 673 280
43 153 280
602 762 280
281 868 280
637 38 280
492 392 280
645 127 280
492 392 280
19 744 280
43 81 280
43 725 280
43 92 280
43 419 280
51 517 280
39 517 280
637 627 280
621 394 280
637 851 280
637 294 280
53 152 280
513 394 280
637 873 280
62 759 280
395 734 280
637 437 280
62 734 280
395 734 280
326 673 280
62 183 280
552 257 280
274 245 280
19 183 280
674 732 280
274 183 280
126 104 280
434 86 280
744 153 280
498 56 280
126 159 280
892 183 280
395 394 280
892 81 280
97 592 280
395 86 280
892 81 280
362 244 280
68 308 280
39 437 280
892 759 280
679 81 280
52 81 280
445 245 280
14 701 280
98 392 280
52 183 280
52 419 280
134 81 280
134 81 280
209 759 280
538 296 280
134 631 280
3 558 280
3 775 280
3 759 280
3 662 280
3 90 280
492 392 280
3 244 280
8 90 280
274 245 280
3 412 280
274 245 280
679 81 280
679 392 280
8 244 280
3 197 280
3 490 280
3 545 280
491 102 280
3 640 280
3 640 280
8 197 280
3 244 281
98 392 281
3 197 281
8 490 281
8 197 281
3 490 281
8 490 281
8 244 281
360 264 281
556 197 281
8 197 281
8 662 281
556 197 281
250 96 281
8 197 281
8 412 281
8 412 281
3 782 281
250 183 281
8 759 281
637 117 281
735 421 281
161 117 281
698 153 281
8 197 281
134 357 281
551 260 281
50 154 281
345 266 281
447 242 281
318 839 281
833 445 281
851 104 281
833 242 281
833 391 281
833 81 281
833 735 281
833 152 281
833 60 281
8 240 281
833 853 281
833 240 281
346 419 281
556 197 281
363 244 281
98 853 281
8 197 281
203 31 281
362 244 281
135 91 281
8 244 281
777 264 281
556 197 281
135 152 281
8 197 281
134 853 281
336 394 281
98 91 281
706 102 281
362 759 281
98 853 281
249 394 281
630 102 281
698 56 281
164 81 281
164 320 281
8 759 281
8 244 281
336 357 281
582 853 281
698 492 281
582 81 281
268 706 281
313 598 281
268 729 281
313 701 281
405 102 281
270 376 281
270 131 281
270 694 281
270 133 281
569 88 281
270 373 281
313 421 281
270 77 281
270 226 281
270 572 281
637 437 281
270 389 281
270 596 281
268 45 281
270 390 281
270 154 281
270 107 281
270 835 281
313 596 281
270 484 281
270 55 281
268 492 281
270 387 281
270 782 281
270 152 281
313 740 281
295 686 281
270 222 281
270 46 281
270 736 281
270 261 281
313 294 281
728 352 281
51 357 281
118 708 281
118 750 282
871 81 282
392 869 282
118 13 282
83 701 282
19 373 282
411 102 282
19 387 282
14 701 282
14 701 282
118 154 282
50 154 282
132 617 282
871 91 282
510 320 282
83 355 282
149 418 282
871 514 282
85 154 282
274 701 282
879 352 282
153 363 282
50 235 282
891 790 282
153 702 282
50 446 282
630 702 282
153 610 282
744 153 282
891 560 282
281 735 282
635 790 282
891 432 282
243 290 282
231 308 282
443 432 282
351 853 282
637 639 282
522 55 282
134 103 282
522 308 282
348 391 282
759 493 282
165 850 282
251 394 282
590 308 282
522 308 282
238 708 282
443 389 282
98 91 282
747 850 282
355 235 282
355 235 282
291 868 282
871 91 282
619 895 282
619 853 282
134 895 282
134 853 282
68 308 282
645 853 282
68 777 282
522 308 282
281 868 282
91 734 283
98 91 283
231 308 283
871 91 283
68 308 283
68 308 283
98 91 283
15 50 283
871 91 283
98 91 283
231 308 283
871 91 283
98 91 283
374 159 283
68 308 283
871 91 283
231 308 283
98 91 283
735 639 283
822 235 283
696 394 283
833 391 283
871 91 283
719 672 283
837 686 283
494 104 283
335 91 283
68 297 283
98 91 283
64 887 283
335 91 283
494 60 283
494 735 283
856 235 283
98 392 283
871 91 283
785 692 283
785 598 283
68 308 283
895 560 283
231 308 283
231 308 283
281 596 283
237 308 283
237 308 283
281 881 284
435 222 285
435 759 285
435 869 285
56 493 285
395 446 286
519 538 286
592 308 286
592 521 286
592 585 286
891 560 286
91 686 286
752 788 286
762 585 286
592 627 287
592 81 287
737 290 287
592 187 287
592 127 287
592 777 287
405 850 287
825 260 287
14 701 287
556 197 287
826 431 287
826 431 287
873 68 287
346 4 287
346 544 287
679 2 287
363 446 287
363 446 287
363 446 287
122 759 287
122 428 287
454 732 287
90 702 287
454 732 287
395 446 287
53 759 287
52 290 287
52 514 287
326 446 287
627 206 288
247 290 288
153 702 288
824 850 288
255 592 288
504 45 288
255 867 288
824 850 288
231 148 288
639 220 288
623 445 288
679 445 288
623 157 288
623 876 288
715 290 288
623 266 288
623 266 288
326 445 288
715 363 288
623 31 288
16 293 288
679 445 288
734 446 288
383 869 288
641 352 288
43 81 288
861 886 288
326 445 288
16 323 288
16 149 288
165 850 288
138 106 288
16 706 288
16 352 288
58 233 288
274 592 288
274 596 288
384 2 288
274 183 288
43 757 288
50 757 288
635 585 289
619 2 289
176 231 289
176 241 289
346 897 289
434 750 289
176 107 289
434 750 289
709 592 289
253 2 289
620 159 289
620 159 289
153 594 289
434 850 289
601 750 289
601 750 289
279 428 289
434 86 289
601 750 289
699 2 289
434 750 289
477 290 289
477 290 289
601 732 289
699 2 289
434 750 289
269 240 289
619 895 289
213 31 289
213 130 289
510 130 289
861 725 289
861 81 289
255 886 289
319 363 289
538 545 289
538 640 289
538 490 289
3 545 289
538 662 289
538 545 289
538 412 289
424 412 289
420 355 289
8 490 289
538 490 289
538 412 289
281 596 289
85 68 289
85 68 289
424 412 289
337 496 289
337 496 289
699 747 289
747 241 289
639 672 289
747 220 290
39 323 290
337 706 290
621 598 290
171 445 290
62 734 290
62 759 290
384 2 290
637 672 290
871 81 290
395 734 290
679 2 290
275 886 290
275 886 290
679 445 290
275 61 290
275 512 290
275 221 290
337 737 290
619 2 290
743 99 290
747 373 290
747 154 290
639 220 290
308 743 290
679 2 290
747 50 290
308 290 290
383 2 290
679 743 290
747 220 290
747 838 290
747 391 290
747 105 290
192 838 290
3 490 290
3 545 290
3 640 290
47 743 290
715 363 290
4 50 290
472 701 291
472 222 291
472 786 291
472 782 291
790 58 291
472 869 291
472 507 291
472 676 291
472 636 291
173 50 291
4 60 291
472 556 291
472 412 291
392 735 291
472 897 291
153 363 291
153 886 291
381 418 291
552 560 291
97 592 291
102 412 291
29 484 291
824 850 291
737 556 291
733 394 291
688 445 291
375 706 291
250 897 291
512 838 291
592 53 291
592 260 291
592 517 291
592 179 291
190 706 291
592 790 291
630 706 291
281 735 291
592 45 291
592 60 291
592 4 291
240 308 291
240 878 291
698 517 292
63 96 292
472 556 292
472 556 292
472 412 292
472 897 292
472 782 292
472 782 292
630 517 292
734 706 292
522 308 292
395 790 292
395 394 292
395 442 292
522 394 292
424 412 292
560 40 292
560 295 292
560 767 292
634 50 292
634 484 292
679 445 292
694 775 292
281 50 292
560 245 292
560 544 292
154 747 292
560 152 292
737 556 292
737 388 292
102 412 292
395 394 292
237 308 292
349 446 292
538 545 292
538 640 292
538 490 292
538 412 292
19 152 292
522 394 292
395 394 292
238 308 292
487 730 292
424 412 293
566 592 293
93 233 293
93 290 293
237 308 293
805 282 293
679 2 293
712 394 293
14 701 293
34 154 293
805 446 293
43 81 293
62 734 293
237 308 293
384 224 293
134 308 293
887 392 293
326 242 293
33 282 293
392 412 293
62 759 293
365 730 293
870 878 293
424 412 293
8 508 293
348 370 293
437 852 293
50 154 293
805 370 293
551 640 293
348 370 293
237 308 293
392 412 293
392 290 293
193 493 293
30 373 293
62 4 293
264 31 293
16 373 293
829 428 293
630 268 293
371 183 293
395 734 293
279 2 293
395 394 293
395 290 293
51 610 293
579 743 293
521 50 293
221 428 293
393 734 293
552 290 293
552 894 293
279 428 293
743 124 293
539 637 294
392 290 294
539 4 294
130 428 294
538 743 294
50 360 294
510 99 294
637 672 294
745 878 294
747 373 294
745 878 294
353 786 294
580 282 294
198 853 294
628 672 294
109 634 294
172 549 294
153 610 294
628 672 294
153 786 294
221 549 294
134 637 294
109 443 294
628 672 294
58 81 294
480 880 294
313 732 294
313 598 294
395 734 294
85 60 294
85 60 294
737 290 294
19 373 294
83 355 294
83 730 294
175 637 294
512 373 294
83 636 294
152 880 294
747 373 294
134 837 294
870 330 294
240 308 294
696 183 294
18 897 294
637 388 294
580 634 294
580 634 294
347 556 294
522 308 294
688 445 294
580 154 294
209 786 294
522 154 294
259 572 294
259 572 294
259 92 294
522 239 294
522 105 294
253 2 294
243 290 294
253 2 295
134 388 295
348 445 295
4 60 295
4 50 295
236 506 295
19 373 295
445 2 295
515 50 295
445 2 295
445 245 295
30 547 295
747 50 295
30 373 295
747 373 295
494 60 295
30 373 295
30 221 295
118 850 295
619 2 295
34 370 295
231 308 295
197 446 295
871 392 295
34 379 295
19 373 295
743 99 295
197 242 295
90 867 295
353 786 296
345 701 296
345 40 296
238 221 296
353 50 296
345 572 296
149 392 296
173 50 297
173 50 297
173 442 297
173 295 297
679 2 298
395 442 298
678 197 298
44 880 298
403 887 298
255 592 298
255 886 298
306 247 298
466 49 298
363 867 299
737 388 299
384 2 299
384 412 299
454 732 299
699 2 299
764 242 299
308 290 299
729 70 299
308 743 299
383 412 299
383 224 299
560 245 300
560 295 300
560 592 300
560 852 300
560 36 300
747 242 300
782 2 300
560 557 300
560 183 300
392 412 300
516 730 300
237 308 300
637 549 300
243 549 300
243 290 300
243 290 300
833 242 300
833 391 300
833 735 300
833 60 300
833 730 300
91 290 300
346 183 300
175 637 300
445 637 300
255 592 300
255 867 300
231 308 300
31 495 300
62 183 301
347 433 301
62 498 301
62 443 301
62 50 301
556 197 301
556 90 301
326 391 301
347 831 301
279 428 301
8 90 301
856 442 301
376 40 301
376 876 301
376 868 301
715 363 301
394 240 301
842 159 301
842 293 301
842 701 301
472 701 301
472 701 301
842 701 301
472 786 301
14 242 301
472 701 301
362 759 301
14 701 301
472 636 301
842 361 301
842 127 301
842 484 301
472 556 301
3 545 301
842 102 301
472 897 301
3 782 301
3 90 301
3 90 301
3 197 301
14 484 301
3 759 301
3 759 301
3 775 301
3 490 301
3 490 301
3 662 301
3 662 301
3 662 301
100 290 301
3 640 301
416 773 301
495 418 301
810 705 301
495 737 301
172 549 301
98 392 302
734 446 302
420 355 302
420 428 302
412 637 302
346 183 302
445 152 302
785 445 302
39 369 302
39 369 302
593 50 302
522 777 302
785 598 302
785 692 302
522 308 302
19 102 302
4 50 302
744 40 302
308 290 302
332 104 302
487 730 302
621 598 302
556 90 302
83 355 302
556 197 302
83 636 302
345 40 302
173 295 302
739 206 302
237 308 302
43 442 303
739 206 303
134 637 303
281 868 303
234 789 303
395 433 303
44 880 303
395 442 303
805 492 303
848 31 303
18 523 303
35 510 303
62 510 303
164 508 303
420 355 303
164 637 303
164 99 303
486 45 303
93 290 303
231 308 303
480 880 303
424 773 303
424 737 303
480 258 303
121 421 303
28 254 303
34 287 303
250 96 303
250 127 303
250 484 303
9 530 303
34 433 303
9 81 303
34 282 303
9 876 303
9 179 303
9 92 303
9 627 303
9 45 303
9 387 303
9 183 303
9 759 303
9 431 303
9 152 303
9 107 303
739 180 303
9 740 303
9 432 303
743 99 303
9 290 303
739 180 303
739 180 303
679 45 303
552 92 303
494 50 303
3 197 304
3 90 304
739 776 304
3 759 304
739 776 304
622 31 304
622 31 304
739 124 304
279 428 304
200 50 304
281 50 304
392 86 304
392 157 304
62 183 304
62 50 304
805 282 304
805 740 304
556 197 304
588 392 304
556 90 304
805 851 304
601 127 304
517 387 304
517 492 304
805 52 304
805 387 304
362 81 304
362 759 304
601 732 304
739 293 304
322 363 304
322 445 304
739 293 304
739 293 304
739 293 304
322 484 304
394 637 304
153 363 304
238 96 304
83 776 304
582 81 304
328 445 304
795 226 304
173 50 304
395 432 304
395 433 304
382 221 305
764 388 305
699 443 305
445 107 305
548 289 305
237 308 305
346 258 305
346 376 305
870 789 305
395 388 305
892 743 305
195 855 305
892 392 305
538 545 305
538 490 305
538 662 305
291 242 305
827 852 305
14 484 305
14 242 305
132 782 305
265 874 305
265 517 305
265 632 305
265 632 305
386 103 305
265 508 305
764 388 305
437 852 305
437 86 305
265 738 305
265 497 305
637 107 305
363 734 305
265 595 305
265 595 305
871 484 305
125 637 305
3 662 305
3 197 305
3 90 305
743 124 305
3 545 305
3 490 305
3 759 305
363 244 305
363 244 305
3 244 305
3 782 305
363 244 305
16 293 305
438 776 305
363 86 305
438 676 305
133 592 305
392 86 305
637 511 305
538 490 305
538 662 305
8 90 305
392 388 306
274 701 306
764 388 306
405 102 306
274 96 306
363 86 306
627 221 306
8 197 306
351 637 306
363 86 306
623 31 306
578 831 306
164 508 306
100 592 306
392 86 306
274 592 306
384 271 306
274 737 306
164 637 306
255 776 306
164 99 306
91 734 306
91 734 306
164 320 306
255 592 306
91 734 306
424 737 306
562 247 306
274 737 306
279 2 306
279 851 306
363 86 306
97 592 306
424 737 306
371 850 306
645 127 306
363 119 306
34 740 306
34 855 306
34 152 306
34 445 306
34 154 306
34 433 306
34 391 306
50 152 306
83 776 306
782 2 306
255 592 306
255 592 306
851 104 306
274 737 306
274 592 306
630 376 306
250 96 306
250 734 306
144 36 306
50 376 306
744 40 306
165 850 306
580 282 306
144 124 306
424 737 306
144 257 306
580 740 307
144 221 307
274 737 307
328 484 307
144 837 307
144 388 307
548 119 307
144 290 307
580 52 307
424 737 307
435 852 307
238 96 307
243 290 307
274 96 307
376 595 307
376 40 307
274 737 307
376 868 307
592 308 307
592 777 307
424 737 307
274 737 307
592 60 307
499 627 307
463 444 307
50 444 307
50 444 307
463 444 307
463 444 307
424 737 307
592 183 307
221 549 307
274 737 307
826 431 307
826 387 307
826 443 307
8 759 307
629 293 307
8 662 307
144 224 307
85 443 307
128 2 307
856 235 307
128 51 307
887 392 307
887 392 307
856 242 307
856 236 307
887 81 307
833 282 307
833 391 307
84 330 307
833 81 307
833 363 307
833 60 307
747 443 307
84 96 307
833 183 307
274 183 307
369 749 307
833 183 307
274 587 307
346 376 307
274 376 307
274 335 307
494 735 307
833 735 307
274 72 307
494 60 307
494 735 307
274 233 307
565 388 307
274 884 307
67 230 307
67 4 307
568 222 308
494 308 308
833 222 308
568 226 308
833 735 308
833 60 308
259 92 308
568 222 308
833 388 308
833 222 308
259 572 308
494 387 308
568 628 308
568 222 308
494 735 308
231 308 308
494 308 308
881 226 308
424 388 308
833 388 308
744 40 308
494 388 308
281 740 308
568 445 308
568 776 308
568 850 308
568 788 308
281 740 309
34 740 310
34 282 310
679 2 310
679 2 310
679 2 310
383 2 310
383 2 310
383 2 310
97 592 310
383 587 310
472 222 310
472 676 310
472 636 310
679 2 310
14 242 310
363 119 310
363 734 310
420 154 310
679 2 311
39 628 311
64 282 311
43 81 311
48 762 311
255 81 311
510 320 311
255 876 311
618 388 311
255 739 311
510 99 311
3 197 311
3 490 311
3 759 311
679 2 311
556 197 311
556 90 311
3 639 311
796 734 311
3 662 311
753 236 311
620 261 311
538 490 311
538 662 311
743 99 311
580 282 311
332 104 311
637 639 311
826 388 311
826 395 311
826 762 311
510 99 311
826 443 311
826 491 311
826 387 311
826 390 311
83 776 311
126 782 312
639 152 312
264 31 312
464 265 312
93 233 312
464 506 312
464 287 312
93 290 312
773 289 312
773 492 312
376 876 312
376 672 312
360 874 312
238 96 312
256 492 312
238 152 312
238 492 312
745 88 312
90 442 312
363 290 312
39 206 312
39 517 312
50 154 312
255 876 312
3 197 312
255 776 312
255 491 312
3 662 312
255 776 312
3 490 312
3 90 312
255 776 312
3 639 312
395 442 312
205 880 312
274 96 312
274 96 312
205 99 313
785 598 313
785 437 313
785 686 313
274 233 313
785 492 313
274 598 313
785 782 313
785 598 313
785 2 313
785 850 313
9 224 313
9 81 313
9 92 313
9 36 313
9 627 313
9 335 313
9 45 313
9 183 313
9 759 313
9 52 313
9 431 313
833 222 313
833 261 313
833 152 313
274 335 313
593 492 313
237 308 313
237 762 313
538 490 313
538 662 313
9 107 313
621 598 313
9 335 313
864 855 313
864 40 313
9 740 313
102 412 313
9 432 313
9 290 313
144 36 313
383 412 313
383 412 313
435 244 313
435 767 313
548 257 313
548 119 313
393 484 313
392 412 313
9 119 313
9 36 313
371 850 313
371 50 313
363 244 314
363 290 314
367 224 314
753 596 314
384 412 314
367 868 314
747 50 314
747 484 314
472 222 314
472 782 314
747 105 314
747 762 314
564 517 314
747 154 314
747 220 314
384 412 314
472 412 314
384 412 314
3 490 314
3 662 314
3 759 314
14 484 314
538 490 314
538 662 314
3 662 314
3 490 314
443 432 314
678 451 314
678 542 314
250 431 314
64 391 314
134 593 314
737 759 314
64 674 314
363 437 314
735 639 314
64 737 314
363 349 314
892 392 314
363 71 314
454 236 314
363 390 314
363 639 314
363 81 314
363 40 314
122 393 314
9 759 314
420 154 314
9 431 314
104 393 314
363 295 314
9 290 314
262 742 314
363 92 314
262 764 314
262 5 314
262 5 314
363 13 314
363 836 314
363 248 314
739 293 314
91 154 314
744 40 314
384 179 314
363 283 314
91 152 314
739 293 314
363 219 314
91 734 314
362 244 314
91 290 314
739 124 314
362 759 314
517 236 314
362 81 314
257 389 314
739 776 314
363 244 314
363 734 314
144 492 314
826 431 314
739 776 314
144 492 314
384 492 314
238 96 314
739 776 314
98 389 314
345 492 314
429 852 314
445 389 314
345 40 314
345 92 314
345 31 314
156 6 314
285 598 314
156 6 314
345 572 314
345 392 314
363 92 314
733 31 315
552 257 315
637 107 315
3 759 315
93 233 315
93 290 315
739 776 315
93 290 315
276 495 315
308 290 315
715 290 315
308 236 315
715 428 315
715 222 315
420 154 315
827 852 315
420 154 315
279 2 315
257 636 315
50 154 315
420 868 315
420 154 315
499 220 315
274 96 315
39 248 315
274 737 315
274 233 315
274 596 315
363 248 315
392 412 315
619 389 315
747 220 315
274 412 315
777 595 315
256 492 315
383 412 315
50 154 315
192 92 315
383 782 315
383 2 315
3 639 315
409 843 315
384 412 315
91 154 315
384 492 315
91 290 315
50 154 315
383 412 315
91 154 315
384 412 315
91 154 315
91 154 315
91 154 315
747 154 315
363 290 315
50 154 315
326 437 315
424 737 315
281 391 315
735 389 315
363 437 315
424 412 315
43 442 315
43 81 315
43 92 315
43 92 315
83 53 315
424 412 315
43 53 315
409 270 315
221 257 315
871 780 316
522 308 316
522 105 316
363 81 316
522 388 316
838 244 316
18 897 316
747 154 316
838 290 316
346 376 316
346 179 316
346 393 316
870 290 316
363 244 316
8 197 316
548 887 316
838 734 316
424 388 316
409 152 316
8 759 316
409 224 316
838 244 316
91 154 316
838 244 316
8 662 316
214 499 316
62 4 316
363 244 316
548 257 316
231 777 316
375 880 316
214 55 316
214 31 316
264 31 316
264 31 316
313 732 316
438 776 316
264 266 316
753 236 316
522 55 316
83 636 316
735 53 316
83 53 316
306 499 316
735 53 316
49 290 316
83 53 316
499 220 316
83 53 316
891 290 316
83 33 316
480 880 316
384 636 316
384 897 316
614 150 316
614 843 316
214 499 316
214 31 316
384 69 316
14 701 316
679 2 316
744 40 316
478 730 316
336 84 316
326 437 317
279 2 317
556 197 317
546 639 317
546 639 317
164 81 317
435 545 317
164 99 317
164 320 317
435 266 317
435 852 317
62 388 317
255 776 317
164 99 317
255 81 317
435 734 317
32 55 317
424 388 317
255 81 317
144 36 317
861 785 317
193 102 317
144 257 317
144 257 317
679 81 317
861 266 317
259 572 317
173 393 317
250 96 317
424 393 317
62 388 317
522 388 317
424 388 317
250 431 317
62 388 317
348 391 317
4 858 317
259 92 317
498 253 317
580 876 317
556 90 317
350 874 317
91 734 317
62 734 317
582 389 317
582 81 317
582 895 317
634 874 317
50 154 317
634 484 317
582 895 317
634 393 317
267 388 317
267 424 317
267 197 317
47 69 317
267 585 317
472 701 317
256 734 317
43 92 317
472 782 317
472 636 317
39 248 317
39 437 317
39 632 317
472 412 317
891 106 317
39 156 317
39 127 317
384 412 317
555 257 317
384 636 317
384 69 317
39 831 317
805 282 318
39 517 318
805 492 318
628 672 318
601 732 318
102 71 318
747 220 318
91 154 318
548 257 318
522 105 318
91 734 318
144 257 318
805 387 318
257 636 318
393 290 318
892 297 318
805 391 318
250 127 318
424 412 318
328 52 318
255 593 318
274 96 318
813 556 318
50 154 318
494 308 318
747 154 318
243 887 318
50 154 318
353 786 318
243 290 318
243 290 318
44 297 318
102 869 318
576 150 318
601 127 318
747 154 318
367 868 318
50 154 318
565 412 318
494 388 318
384 412 318
863 55 318
826 50 318
8 90 318
8 197 318
510 320 318
510 320 318
424 412 318
827 852 318
709 595 318
124 70 318
838 244 318
395 734 318
506 244 318
838 244 318
347 556 318
838 244 318
737 290 318
637 412 318
347 831 318
384 412 318
395 442 318
85 290 319
181 391 319
834 389 319
247 290 319
424 412 319
134 881 319
747 154 319
747 391 319
541 492 319
541 56 319
50 154 319
522 868 319
541 729 319
279 2 319
416 734 319
579 739 319
392 869 319
392 556 319
197 446 319
579 33 319
134 297 319
392 412 319
392 412 319
637 371 319
388 538 319
121 226 319
519 538 319
346 150 319
432 105 319
39 371 319
39 371 319
494 78 319
424 412 319
392 412 319
637 786 319
65 221 319
825 254 319
373 105 320
122 393 320
122 393 320
173 393 320
1 850 320
308 290 320
308 236 320
881 226 320
824 850 320
824 850 320
856 442 321
315 596 321
315 572 321
315 325 321
315 644 321
528 874 321
383 412 321
383 2 321
383 897 321
383 222 321
383 786 321
895 560 321
395 442 322
395 869 322
395 556 322
395 290 322
255 739 322
891 290 322
777 595 323
47 729 323
47 56 323
454 732 323
16 639 323
156 105 323
424 412 323
898 236 323
898 236 323
392 869 323
861 224 323
414 261 323
392 556 323
861 90 323
592 99 323
592 60 323
619 895 324
335 392 324
335 790 324
238 729 324
538 759 324
538 662 324
538 490 324
53 392 324
619 631 324
753 596 324
472 412 324
472 556 324
93 270 324
93 233 324
472 222 324
472 786 324
93 290 324
856 442 324
472 869 324
388 538 324
472 636 324
472 897 324
518 742 324
518 540 324
785 598 324
395 442 324
395 556 324
785 437 324
395 222 324
9 224 324
9 81 324
395 290 324
564 222 324
247 290 324
785 394 324
785 152 324
785 152 324
564 152 324
9 290 324
412 572 324
346 644 324
43 92 324
424 394 325
91 154 325
392 869 325
91 734 325
326 437 325
91 290 325
777 593 325
39 437 325
887 392 325
392 556 325
392 412 325
392 92 325
39 572 325
392 92 325
887 389 325
887 81 325
743 99 325
743 124 325
257 636 325
257 636 325
592 220 325
592 241 325
556 90 325
384 222 325
256 734 325
8 90 325
639 672 325
534 239 325
435 222 325
639 572 325
39 68 325
639 572 325
494 60 325
494 389 325
384 222 325
435 222 325
384 222 325
435 222 325
639 762 325
639 762 325
119 224 325
249 325 325
315 644 325
39 369 325
236 572 325
363 734 325
393 734 325
272 40 325
50 154 325
313 732 325
313 598 325
313 598 325
308 290 325
363 290 325
308 290 325
53 885 325
93 290 325
93 290 325
351 389 325
90 737 325
351 389 325
90 867 325
861 224 325
861 644 325
871 644 325
432 874 326
97 596 326
97 33 326
424 737 326
829 412 326
829 233 326
472 222 326
472 869 326
871 81 326
90 737 326
678 197 326
173 290 326
1 850 326
871 36 326
93 233 326
93 290 326
435 852 326
834 724 326
9 40 326
9 36 326
733 394 326
91 154 326
274 737 326
91 290 326
274 598 326
580 282 326
813 556 326
98 392 326
98 392 326
83 776 326
424 737 326
541 729 326
164 81 326
164 99 326
164 320 326
19 729 326
347 556 326
637 672 326
454 732 326
555 283 327
371 850 327
255 776 327
375 150 327
392 869 327
844 154 327
568 222 327
844 93 327
528 874 327
568 776 327
844 706 327
345 92 327
827 852 327
777 265 327
3 662 327
3 197 327
3 490 327
3 90 327
3 759 327
674 732 327
3 639 327
568 226 327
3 782 327
335 392 327
363 93 327
363 92 327
861 62 327
83 33 327
83 33 327
83 881 327
522 394 327
47 776 327
200 362 327
47 729 327
383 782 327
796 734 328
473 235 328
383 897 328
473 373 328
117 593 328
796 734 328
445 49 328
473 593 328
473 484 328
473 297 328
510 320 328
546 81 328
510 362 328
102 869 328
102 869 328
510 99 328
104 393 328
98 49 328
384 869 328
510 130 328
510 91 328
43 36 328
102 869 328
43 81 328
546 81 328
98 91 328
429 52 328
546 81 328
93 290 328
3 782 328
376 595 328
376 40 328
376 876 328
376 876 328
53 40 328
91 290 328
565 868 328
764 876 328
506 244 328
234 789 328
9 81 329
445 853 329
582 853 329
595 831 329
480 258 329
534 388 329
373 394 329
259 92 329
257 853 329
384 869 329
541 729 329
522 394 329
135 390 329
871 91 329
424 394 329
135 572 329
528 491 329
90 394 329
645 895 329
362 759 329
556 90 329
871 853 329
314 772 329
493 179 329
454 595 329
539 183 329
384 179 329
98 853 329
409 224 329
384 224 329
392 869 329
384 412 329
636 836 329
392 389 329
512 373 329
512 226 329
313 492 329
384 869 329
313 150 329
64 394 329
98 389 329
743 362 329
134 853 329
424 412 329
28 106 329
250 393 329
250 183 329
274 183 329
494 491 329
274 412 329
539 183 329
539 183 329
363 836 329
367 224 329
367 868 329
117 394 329
117 394 329
887 392 329
578 590 329
824 850 330
288 831 330
164 99 330
164 320 330
164 853 330
327 325 330
285 598 330
93 290 330
395 734 330
395 394 330
395 394 330
313 598 330
833 261 330
833 391 330
833 81 330
8 90 330
833 388 330
735 53 330
34 282 330
833 282 330
568 49 330
392 869 330
34 394 330
144 492 330
705 40 330
34 287 330
360 106 330
705 106 330
384 869 330
4 183 330
392 869 330
303 93 330
538 490 330
538 662 330
392 869 330
384 869 330
532 499 330
392 869 330
4 492 330
303 428 330
4 492 330
443 93 330
303 778 330
753 236 330
4 222 330
102 869 330
97 33 330
102 869 330
4 253 330
257 49 330
833 222 331
50 154 331
30 373 331
392 869 331
623 876 331
392 869 331
392 556 331
568 49 331
43 66 331
521 236 331
637 511 331
637 775 331
238 729 331
637 639 331
568 222 331
4 222 331
747 220 331
98 49 331
274 775 331
274 598 331
564 759 331
73 241 331
346 183 331
619 49 331
747 105 331
274 183 331
353 786 331
353 55 331
568 373 331
770 557 331
770 701 331
350 447 331
881 226 331
98 49 331
590 757 332
274 701 332
870 789 332
870 734 332
870 878 332
213 130 332
48 878 332
214 499 332
445 389 332
18 428 333
18 428 333
783 491 333
871 853 335
383 869 335
383 556 335
395 394 335
395 556 335
395 290 335
473 319 335
255 876 335
81 446 335
235 388 335
747 726 336
93 290 336
445 853 336
247 290 336
164 81 336
164 853 336
164 99 336
164 155 336
277 447 336
56 389 336
363 446 336
43 81 336
337 224 336
805 282 336
805 282 336
375 590 336
805 282 336
375 62 336
805 492 336
337 776 336
357 40 336
743 99 336
743 179 336
743 349 336
743 750 336
117 394 336
737 290 336
509 545 336
861 99 336
509 750 336
601 750 336
509 593 337
861 895 337
445 389 337
250 349 337
83 776 337
83 33 337
83 636 337
90 737 337
418 484 337
134 593 337
134 881 337
134 857 337
509 750 337
131 224 337
585 874 337
131 197 337
838 244 337
509 70 337
601 750 337
509 858 337
538 545 337
384 869 337
395 394 337
395 290 337
395 290 337
156 394 337
383 874 337
871 853 337
619 853 337
383 869 337
871 853 338
384 869 338
48 40 338
838 515 338
367 224 338
367 446 338
376 595 338
376 40 338
376 876 338
494 446 338
838 71 338
838 81 338
464 265 338
777 265 338
719 349 338
861 497 338
424 595 338
220 394 338
257 636 338
645 895 338
645 521 338
395 394 338
395 869 338
509 545 338
764 876 338
346 491 338
39 789 338
164 99 338
743 750 338
743 99 338
164 99 338
47 776 338
117 394 339
363 244 339
739 878 339
682 180 339
739 878 339
494 491 339
98 853 339
98 853 339
739 776 339
518 446 339
739 99 339
582 853 339
739 180 339
739 180 339
739 180 339
535 220 339
739 180 339
870 789 339
739 91 339
98 853 339
842 127 339
223 206 339
19 206 339
98 853 339
811 119 339
699 443 339
538 545 339
619 853 339
891 560 339
891 560 339
621 394 339
582 853 339
90 442 339
8 197 339
518 542 340
8 244 340
8 490 340
8 319 340
376 876 340
39 789 340
891 247 340
891 432 340
62 388 340
83 636 340
679 432 340
679 155 340
871 91 340
721 247 340
538 490 340
93 290 340
281 497 340
281 443 340
710 63 340
346 491 340
710 636 340
395 432 340
395 442 340
395 388 340
395 290 341
81 446 341
383 293 341
62 388 341
637 703 341
77 881 341
351 389 341
98 703 341
395 388 341
861 497 341
861 295 341
861 503 341
106 308 341
257 503 341
891 247 341
281 295 341
216 497 341
281 497 341
281 497 341
281 497 341
216 497 341
98 853 341
861 418 341
826 492 342
85 443 342
255 491 342
892 392 342
459 448 342
861 636 342
328 52 342
593 484 342
593 492 342
238 308 342
9 703 342
9 290 342
259 388 342
247 515 342
208 288 342
395 388 342
728 352 342
255 598 342
43 442 342
43 442 342
154 517 343
337 776 343
593 236 343
376 421 343
870 265 343
281 236 343
838 244 343
47 776 343
443 432 343
443 432 343
560 884 344
560 36 344
90 737 344
634 484 344
560 896 344
291 878 344
237 308 344
376 876 344
580 282 344
777 265 344
250 127 344
250 484 344
568 776 344
580 81 344
362 759 344
362 759 344
362 90 344
362 387 344
362 197 344
362 197 344
362 81 344
699 349 344
699 349 344
699 2 344
861 197 345
861 853 345
861 853 345
614 484 346
454 236 347
645 127 347
14 701 347
14 530 347
699 530 347
699 443 347
568 282 347
699 443 347
699 747 347
361 253 348
361 253 348
47 2 348
14 530 348
637 412 348
509 545 348
509 290 348
255 598 348
234 789 348
255 776 348
255 776 348
255 876 348
637 498 348
637 220 348
257 544 348
870 789 348
870 878 348
637 349 348
528 874 348
306 247 348
637 786 348
472 701 348
472 222 348
637 507 348
472 782 348
39 517 348
472 869 348
39 789 348
257 389 348
699 530 349
580 282 349
62 388 349
62 759 349
592 220 349
592 99 349
592 437 349
592 349 349
376 598 349
592 362 349
592 239 349
376 736 349
592 632 349
216 853 349
679 432 349
90 867 349
184 244 349
363 867 349
48 878 349
363 244 349
376 732 349
548 283 349
166 538 349
435 759 349
247 515 349
395 867 349
360 876 349
281 236 349
395 442 349
281 740 349
395 869 349
395 388 349
395 290 349
274 736 349
592 308 349
8 90 349
272 50 349
8 197 349
375 759 350
255 739 350
395 50 350
527 93 350
47 759 350
592 491 350
592 388 350
592 585 350
4 50 350
592 389 350
592 183 350
592 431 350
592 105 350
363 867 350
250 544 350
592 4 350
592 206 350
9 876 350
592 60 350
250 431 350
592 484 350
592 517 350
47 69 350
592 373 350
62 759 350
592 590 350
47 759 350
592 63 350
592 736 350
393 389 350
592 2 350
592 179 350
592 92 350
592 627 350
861 252 350
493 179 350
578 831 350
493 837 350
39 632 350
39 206 350
39 517 350
39 517 350
639 672 350
639 444 350
635 290 350
592 127 350
592 206 350
592 431 350
601 732 350
418 515 350
418 36 350
418 484 350
445 2 350
392 869 350
445 389 350
580 184 350
392 869 351
637 672 351
279 428 351
279 2 351
593 236 351
193 393 351
193 740 351
102 71 351
861 389 351
102 869 351
445 389 351
43 350 351
47 450 351
281 740 351
527 732 351
635 181 351
395 766 351
395 434 351
313 732 351
395 429 351
313 326 351
247 515 351
313 326 351
1 741 351
247 763 351
313 598 351
9 543 351
9 854 351
313 421 351
313 492 351
9 251 351
725 830 351
9 870 351
639 87 351
639 87 351
298 101 351
200 362 351
601 129 351
279 182 351
789 703 351
871 853 351
789 585 351
764 876 351
588 871 351
588 524 351
789 290 351
588 183 351
588 591 351
98 389 351
105 763 351
62 292 351
62 759 351
98 853 351
62 183 351
384 869 351
424 890 351
62 644 351
62 4 351
62 498 351
62 875 351
47 759 351
14 709 351
14 484 351
14 326 351
14 701 351
281 740 351
187 183 351
237 252 351
237 83 351
637 498 351
315 644 351
50 444 351
238 75 351
637 78 351
634 415 351
601 372 351
637 50 351
637 220 351
39 78 351
758 69 352
861 759 352
44 589 352
861 62 352
326 54 352
593 492 352
62 50 352
367 446 352
367 541 352
367 444 352
62 443 352
509 863 352
509 678 352
509 108 352
509 498 352
326 446 352
83 186 352
83 428 352
772 524 352
47 69 352
418 515 352
735 737 352
418 251 352
418 229 352
418 484 352
735 421 352
472 556 352
472 701 352
472 897 352
185 126 352
62 484 352
62 484 352
185 387 352
418 752 352
384 897 352
418 484 352
383 782 352
445 126 352
383 897 352
509 671 352
336 394 352
383 222 352
509 387 352
721 247 352
129 70 352
813 834 352
813 295 352
813 763 352
813 356 352
129 94 352
870 878 352
510 130 352
510 320 352
510 91 353
129 247 353
510 362 353
268 706 353
637 108 353
268 729 353
268 492 353
148 182 353
509 108 353
637 706 353
637 108 353
14 484 353
14 701 353
739 362 353
637 50 353
739 878 353
9 876 353
9 703 353
448 450 353
756 445 353
185 126 353
185 445 353
28 182 353
28 106 353
756 445 353
890 709 353
51 831 353
739 2 353
739 2 353
756 222 353
739 91 353
756 389 353
725 387 353
255 876 353
756 389 353
580 727 353
580 727 353
580 501 353
319 363 353
348 445 353
346 854 353
346 644 353
753 228 353
351 126 353
580 516 353
539 492 353
777 425 353
192 545 353
192 93 353
588 251 353
376 598 353
306 247 353
306 247 353
637 388 354
98 644 354
16 352 354
630 418 354
630 737 354
630 94 354
154 747 354
154 705 354
22 241 354
22 484 354
359 126 354
73 241 354
62 50 354
881 870 354
279 182 354
336 734 354
279 2 354
91 727 354
445 2 354
445 389 354
445 126 354
417 593 354
592 292 354
592 875 354
592 362 354
21 424 354
592 372 354
36 504 354
36 372 354
592 484 354
568 776 354
345 701 354
22 241 354
22 484 354
62 875 354
568 222 354
48 559 354
48 522 354
295 234 354
438 776 354
438 229 354
892 591 354
892 81 354
62 376 355
39 127 355
62 759 355
538 559 355
85 443 355
62 443 355
63 495 355
395 93 355
14 484 355
395 394 355
14 701 355
395 290 355
829 395 355
371 706 355
756 445 355
568 445 355
756 786 355
493 66 355
493 94 355
493 493 355
62 395 355
493 853 355
630 706 355
493 389 355
870 390 355
18 897 355
493 36 355
50 376 355
247 445 355
393 389 355
247 515 355
541 152 355
185 126 355
326 445 355
18 428 355
756 222 355
825 530 355
825 288 355
825 326 355
825 183 355
870 557 355
870 179 355
588 737 355
588 591 355
493 236 355
568 445 355
861 418 355
861 387 356
250 222 356
250 713 356
861 222 356
250 127 356
250 892 356
346 443 356
870 788 356
250 443 356
870 627 356
346 897 356
250 183 356
861 725 356
383 897 356
250 65 356
392 703 356
601 127 356
250 127 356
346 443 356
601 127 356
250 443 356
250 127 356
326 445 356
346 443 356
424 780 356
826 762 356
346 544 356
30 373 356
30 50 356
568 373 356
756 445 356
48 762 356
371 734 356
371 443 356
872 362 356
371 493 356
509 545 356
509 108 356
509 290 356
509 388 356
362 759 356
826 492 356
362 244 356
362 867 356
582 251 356
826 390 356
362 90 356
9 530 356
582 81 356
362 759 356
9 395 356
362 387 356
362 387 356
362 387 356
362 197 356
274 736 356
362 197 356
869 294 356
445 389 356
869 269 356
445 126 356
30 759 356
30 126 356
30 37 357
494 329 357
870 734 357
493 892 357
493 424 357
281 504 357
353 34 357
281 868 357
48 878 358
48 878 358
48 96 358
826 492 358
48 731 358
48 522 358
48 559 358
48 762 358
18 428 358
18 428 358
747 443 359
16 878 359
16 706 359
62 395 359
62 734 359
510 91 360
829 395 360
255 867 360
383 222 360
383 786 360
637 108 360
512 126 360
19 734 360
480 589 360
363 867 360
363 867 360
285 598 360
473 359 360
285 296 360
473 319 360
243 290 360
564 376 360
564 830 360
564 388 360
637 50 360
870 290 360
870 706 360
335 99 360
870 395 360
335 91 361
39 373 361
838 244 361
302 829 361
495 447 361
891 290 361
838 515 361
838 71 361
257 544 361
637 829 361
247 515 361
247 290 361
395 388 361
637 107 361
60 572 361
509 108 361
132 741 361
132 617 361
359 126 361
132 388 361
132 178 361
132 873 361
132 705 361
134 867 361
568 388 361
538 296 361
255 867 361
255 598 361
255 598 361
384 222 361
4 443 361
350 704 361
73 241 361
148 182 361
350 554 361
861 197 361
148 829 361
861 387 361
739 776 362
696 357 362
90 867 362
739 2 362
62 50 362
341 478 362
637 704 362
637 829 362
739 91 362
698 153 362
619 2 362
826 437 362
601 732 362
29 443 362
257 478 362
363 867 362
255 867 362
18 238 362
870 423 362
870 643 362
231 185 362
18 843 362
247 417 362
237 762 362
48 762 362
48 878 362
347 556 362
18 897 362
132 55 362
347 641 362
347 504 362
134 297 362
347 185 363
522 546 363
395 394 363
636 237 363
395 388 363
395 869 363
634 362 363
634 155 363
156 870 363
285 296 363
30 373 363
30 97 363
39 373 363
48 790 363
637 14 363
637 856 363
415 53 363
415 53 363
281 504 363
279 224 363
279 781 363
279 776 363
415 394 363
637 703 363
243 549 363
237 762 363
637 549 363
637 50 363
47 546 363
637 376 363
637 741 363
9 395 363
637 636 363
9 107 363
637 107 363
9 870 363
9 107 363
62 395 363
62 376 363
48 762 363
295 155 363
62 50 363
822 389 363
30 373 363
30 178 363
822 290 363
371 618 364
30 443 364
601 70 364
30 423 364
822 558 364
699 349 364
375 297 364
91 734 364
756 782 364
205 615 364
205 229 364
637 107 364
756 183 364
637 50 364
637 349 364
756 854 364
637 6 364
756 444 364
299 830 364
564 387 364
109 349 364
637 349 364
637 434 364
392 703 364
770 557 364
770 701 364
435 762 364
392 556 364
538 296 364
435 871 364
435 544 364
283 183 364
392 290 364
31 448 364
31 757 364
9 395 364
34 394 364
435 636 364
34 287 364
405 737 364
405 491 364
637 873 364
637 875 364
637 870 364
637 181 364
250 734 364
637 61 364
637 498 364
1 741 364
345 376 364
1 741 364
1 329 364
628 832 364
345 572 364
65 132 364
628 502 364
65 390 364
193 740 365
359 97 365
870 878 365
870 636 365
870 290 365
819 791 365
91 444 365
91 734 365
91 154 365
887 251 365
247 290 365
592 875 365
47 636 365
509 70 365
472 701 365
50 154 365
509 498 365
367 224 365
50 444 365
472 222 365
472 782 365
472 869 365
117 394 365
345 498 365
393 290 365
313 732 365
313 269 365
233 870 365
313 326 365
336 394 365
313 598 365
313 421 365
193 740 365
313 105 365
813 295 365
395 790 365
395 734 365
345 290 365
313 294 365
313 294 365
395 394 365
395 394 365
153 557 365
153 886 365
318 897 366
416 178 366
892 81 366
844 154 366
892 155 366
892 124 366
62 50 366
892 637 366
166 389 366
8 197 366
556 197 366
892 335 366
62 875 366
193 284 366
416 782 366
445 637 366
153 776 366
153 498 366
630 418 366
735 53 366
582 389 366
582 81 366
281 295 366
393 734 366
347 740 366
8 197 366
8 244 366
281 740 366
8 387 366
719 541 366
8 96 366
719 541 366
719 248 366
363 244 366
747 105 366
627 617 366
521 236 366
363 219 366
3 662 366
9 155 366
3 197 366
3 490 366
803 672 366
637 637 366
363 855 366
555 549 366
39 248 366
803 737 366
593 236 366
803 502 366
281 236 366
3 90 366
637 672 366
85 443 366
85 443 366
47 776 366
85 546 366
738 154 366
47 224 366
274 183 366
383 782 366
47 546 366
313 740 366
132 741 366
347 740 366
47 2 366
829 395 366
383 556 366
194 105 366
243 549 366
237 762 366
281 740 366
237 762 366
257 544 366
204 448 366
204 308 366
747 105 366
204 871 366
281 740 366
204 867 366
384 2 366
47 2 366
383 636 366
383 897 367
735 53 367
3 775 367
223 388 367
223 206 367
8 90 367
747 443 367
296 498 367
296 498 367
8 662 367
296 498 367
296 45 367
204 243 367
510 91 367
8 244 367
881 870 367
135 390 367
135 484 367
135 491 367
11 50 367
509 498 367
11 50 367
11 50 367
446 80 367
204 349 367
446 290 367
747 50 367
383 546 367
134 81 367
134 637 367
362 759 367
362 197 367
362 197 367
362 197 367
362 387 367
371 741 367
362 244 367
362 81 367
362 538 367
57 292 367
392 556 367
231 308 367
589 106 367
11 880 367
392 388 367
164 81 367
392 290 367
164 637 367
383 556 367
164 99 367
164 320 367
164 544 367
164 853 367
886 526 367
164 155 367
346 897 367
346 853 367
718 618 367
383 897 367
346 897 367
29 443 367
590 757 367
83 53 367
39 206 367
30 50 368
30 97 368
104 637 368
4 50 368
4 443 368
376 886 368
60 600 368
60 365 368
383 897 368
775 876 368
346 897 368
870 789 368
250 61 368
345 387 368
250 96 368
346 376 368
250 443 368
346 240 368
346 443 368
90 867 368
346 880 368
250 734 368
346 544 368
346 895 368
346 269 368
195 70 368
195 70 368
585 324 368
345 290 368
885 247 368
740 516 368
71 105 368
18 897 369
601 853 369
62 388 369
62 292 369
62 759 369
62 183 369
62 498 369
62 376 369
93 863 370
437 637 370
93 290 370
437 86 370
209 541 370
209 295 370
592 880 370
592 124 370
592 870 370
237 308 370
627 206 370
257 544 371
790 740 371
153 886 372
435 871 372
306 247 372
435 867 372
384 2 372
395 446 372
395 388 372
172 549 372
172 549 372
264 31 372
679 2 372
392 556 372
383 556 372
124 389 372
383 222 372
49 515 372
9 870 372
480 880 372
326 446 372
22 241 372
336 59 372
336 59 372
336 245 372
384 2 372
463 555 372
47 2 372
813 295 373
509 863 373
345 31 373
733 178 373
733 31 373
716 103 373
716 851 373
803 236 373
538 662 373
538 490 373
209 295 373
276 239 373
276 497 373
276 436 373
276 436 373
276 236 373
193 740 373
276 105 373
85 443 373
276 868 373
160 734 373
85 443 373
255 867 373
255 776 373
255 886 373
255 552 373
98 389 373
472 222 373
447 308 373
472 782 373
447 600 373
347 556 373
472 636 373
347 740 373
472 546 373
346 443 373
472 556 373
346 897 373
472 897 373
350 874 373
363 867 373
363 86 373
844 360 373
715 886 373
243 549 373
19 734 373
715 524 373
715 363 373
715 132 373
243 290 373
39 831 373
39 206 373
39 555 373
39 789 373
715 290 373
166 538 373
166 240 373
144 618 373
14 701 374
19 206 374
510 320 374
510 99 374
18 897 374
898 236 374
173 443 374
805 740 374
805 2 374
637 290 374
756 876 374
1 741 374
90 867 374
737 290 374
129 247 374
362 867 374
90 867 374
363 867 374
529 90 374
362 867 374
285 598 374
637 703 374
285 394 374
764 876 374
375 880 374
375 269 374
90 737 374
891 290 374
891 247 374
216 497 374
156 394 374
156 105 374
193 740 374
363 867 374
363 867 374
363 867 374
90 702 374
209 394 374
281 236 375
383 636 375
383 874 375
382 132 375
9 876 375
203 31 375
383 897 375
509 290 375
3 90 375
3 244 375
3 244 375
3 78 375
153 702 375
50 360 375
39 206 375
39 78 375
592 880 375
592 851 375
4 443 375
153 886 375
592 324 375
562 247 375
592 356 375
562 873 375
562 760 375
562 70 375
562 776 375
98 853 375
281 740 375
562 490 375
562 886 375
562 870 375
680 101 375
785 387 375
437 86 375
705 319 375
437 690 375
637 875 375
18 867 375
564 376 375
257 853 375
19 206 375
363 867 375
375 880 375
564 446 375
98 853 375
509 70 375
635 70 375
121 446 375
637 376 375
637 206 375
121 226 375
173 290 375
90 868 376
604 730 376
872 880 376
872 365 376
562 70 376
891 290 376
844 360 376
395 394 376
39 206 376
424 394 376
838 515 376
870 636 376
363 446 376
870 390 376
9 870 376
247 515 376
333 420 376
367 541 376
367 446 376
367 443 376
539 637 376
135 390 376
9 703 376
9 395 376
376 886 376
829 395 376
376 736 376
376 516 376
756 876 376
582 853 377
582 389 377
153 886 377
173 290 377
345 31 377
345 290 377
62 734 377
93 863 377
9 395 377
464 349 377
93 290 377
804 510 377
50 360 377
637 703 377
93 894 377
173 290 377
744 153 377
546 637 377
346 853 377
257 443 377
257 853 377
383 556 377
255 886 377
255 598 377
885 247 377
123 287 377
802 546 377
509 70 377
803 236 377
237 600 377
448 450 377
214 31 378
135 258 378
135 560 378
135 557 378
135 748 378
135 435 378
135 673 378
435 436 378
313 598 378
231 308 378
313 269 378
313 186 378
313 701 378
313 776 378
435 636 378
313 245 378
313 105 378
362 435 378
362 244 378
592 373 378
892 637 378
384 636 378
747 373 378
562 70 378
562 870 378
562 247 378
562 391 378
747 391 378
562 558 378
562 391 378
546 673 378
546 673 378
347 518 378
637 117 378
637 617 378
851 424 378
822 247 378
851 424 378
91 424 378
91 444 378
91 444 378
91 444 378
53 597 379
245 417 379
245 308 379
844 360 379
56 94 379
443 386 379
739 2 379
823 359 379
705 751 379
823 673 379
39 373 379
715 132 379
739 91 379
383 450 379
164 637 379
164 320 379
233 870 379
164 544 379
247 417 379
634 415 379
164 323 379
164 738 379
31 757 379
601 839 379
424 738 379
833 641 379
387 418 379
833 445 379
833 643 379
536 349 379
833 858 379
833 282 379
833 391 379
833 240 379
50 757 379
30 373 379
833 81 379
833 60 379
833 691 379
858 757 379
132 741 379
132 617 379
132 782 379
132 108 379
132 319 379
250 701 379
891 560 379
250 349 379
250 418 379
415 53 379
375 319 379
134 197 379
415 53 379
34 287 379
50 757 379
303 855 379
19 787 380
838 244 380
881 870 380
346 546 380
552 751 380
287 854 380
314 854 380
314 179 380
314 49 380
499 220 380
564 376 380
98 49 380
18 60 380
18 60 380
709 595 380
30 597 381
281 504 381
345 60 381
345 376 381
11 880 381
870 390 381
34 282 381
445 2 381
1 741 381
825 97 381
825 126 381
801 788 382
801 294 382
801 106 382
801 150 382
39 323 382
39 370 382
47 546 383
39 448 383
14 701 383
580 282 383
580 282 383
829 855 383
4 858 383
710 701 383
710 749 383
710 558 383
710 727 383
710 557 384
91 727 384
383 738 384
805 282 384
193 59 384
285 598 384
285 296 384
326 391 384
153 448 384
395 386 384
868 442 384
64 391 384
395 442 384
813 295 384
813 370 384
813 370 384
539 637 384
822 108 384
395 858 384
392 157 384
578 7 384
578 831 384
578 780 384
578 92 384
392 869 384
637 108 385
392 869 385
637 220 385
637 38 385
699 2 385
392 869 385
637 775 385
637 870 385
844 782 385
680 127 385
699 349 385
637 376 385
699 349 385
680 222 385
53 597 385
53 597 385
472 701 385
472 222 385
472 782 385
680 81 385
680 222 385
472 869 385
699 747 385
472 222 385
595 831 385
472 636 385
472 546 385
472 546 385
680 498 385
472 897 385
255 445 385
255 81 385
255 598 385
680 81 385
680 81 385
680 81 385
631 295 385
18 843 385
93 120 385
802 546 385
384 897 385
564 376 385
415 492 385
564 446 385
695 858 385
802 706 385
392 869 385
392 869 385
18 708 386
363 446 386
346 294 386
619 49 386
62 498 386
838 81 386
424 703 386
376 876 386
102 869 386
679 445 386
250 897 386
538 296 386
250 585 386
39 370 386
383 869 386
509 117 386
509 108 386
509 108 386
383 157 386
509 70 386
383 703 386
509 858 386
509 863 386
509 498 386
628 672 386
268 492 386
326 446 386
93 863 386
362 197 386
562 247 386
562 70 386
562 70 386
285 296 386
562 391 386
285 512 386
868 442 386
562 92 386
362 244 386
362 81 386
4 492 386
392 703 386
19 492 386
392 157 386
392 869 386
4 492 387
209 597 387
392 869 387
395 442 387
395 446 387
395 858 387
637 108 387
424 703 387
326 446 387
371 390 387
743 349 387
743 350 387
229 319 387
347 504 387
347 504 387
375 294 387
805 492 387
564 446 387
546 673 387
432 241 387
432 241 387
564 673 387
395 394 387
395 394 387
637 376 387
637 703 387
102 869 387
102 869 387
546 538 387
510 320 387
756 445 387
510 91 387
637 349 387
719 349 387
363 390 387
255 81 387
556 197 388
556 90 388
394 637 388
495 59 388
495 59 388
537 572 388
564 376 388
132 319 388
132 873 388
132 782 388
132 108 388
132 108 388
28 182 388
10 391 388
281 504 388
28 776 388
526 843 388
526 843 388
745 538 388
124 839 388
10 293 388
10 757 388
148 182 388
472 869 388
148 673 388
472 897 388
60 597 388
375 241 388
747 241 388
50 757 388
3 90 388
637 108 388
637 376 388
637 873 388
418 251 388
710 418 389
14 701 389
418 229 389
283 221 389
283 538 389
283 376 389
50 376 389
826 492 389
826 701 389
826 431 389
192 545 389
760 108 389
92 91 389
635 108 389
18 843 389
635 585 389
62 510 389
62 376 389
62 498 389
281 690 389
50 154 389
392 703 389
9 873 389
9 431 389
621 749 389
54 45 389
856 323 389
383 157 389
383 869 389
383 703 389
424 703 389
250 701 389
3 759 389
556 90 389
3 78 389
250 431 389
250 585 389
250 897 389
336 84 389
3 90 389
336 394 389
373 394 389
3 90 389
415 394 390
123 287 390
415 492 390
825 786 390
117 394 390
637 376 390
637 133 390
435 244 390
435 244 390
50 154 390
296 498 390
637 78 390
637 498 390
314 49 390
637 703 390
635 594 390
510 445 390
363 244 390
392 869 390
392 703 390
538 296 390
803 197 390
198 2 390
164 81 390
164 637 390
255 445 390
255 46 390
164 323 390
164 320 390
743 349 390
395 394 390
202 390 390
510 673 390
872 323 390
733 394 390
164 323 390
872 323 390
164 323 390
164 94 390
395 394 390
220 394 391
733 394 391
209 394 391
209 597 391
802 736 391
22 241 391
220 394 391
588 871 391
803 502 391
865 593 391
395 394 391
899 593 391
85 154 391
369 748 391
43 68 391
180 386 391
134 593 391
180 117 391
180 152 391
291 394 391
802 152 391
34 287 391
747 154 391
865 293 391
39 77 391
614 843 391
39 323 391
39 231 391
735 53 391
362 197 391
362 244 391
362 759 391
362 81 391
562 391 391
799 437 391
799 593 391
799 786 391
799 530 391
457 883 391
637 437 391
799 782 391
34 445 391
799 484 391
865 484 391
191 242 391
799 197 391
799 484 391
457 560 391
562 873 391
314 94 391
799 726 391
799 762 391
799 762 391
801 294 391
799 858 391
250 187 391
865 242 391
799 52 391
799 507 391
799 184 392
799 491 392
705 445 392
892 81 392
275 644 392
432 241 392
630 644 392
275 221 392
275 512 392
275 644 392
275 644 392
393 585 392
238 221 392
275 2 392
539 759 392
346 53 392
392 157 392
392 86 392
392 766 392
392 735 392
392 703 392
346 294 392
392 92 392
392 179 392
392 179 392
346 184 392
346 491 392
392 373 392
65 221 392
392 373 392
392 373 392
392 324 392
65 132 392
392 395 392
65 184 392
382 132 392
392 498 392
861 521 392
630 644 392
861 197 392
628 502 392
628 502 392
92 373 392
92 373 392
285 394 392
92 242 392
92 242 392
92 319 392
92 319 392
92 319 392
92 297 392
92 297 392
628 502 392
92 319 392
92 297 392
92 297 392
92 596 392
92 596 392
50 395 392
432 102 392
134 297 392
134 197 392
134 593 392
89 498 392
754 492 392
132 741 392
132 108 392
635 108 392
84 293 393
376 598 393
285 6 393
18 523 394
18 55 394
47 492 394
47 6 394
395 766 395
395 386 395
70 839 395
395 394 395
395 394 395
395 858 395
472 701 395
472 786 395
472 782 395
472 507 395
383 507 395
472 897 395
472 507 395
279 182 395
279 776 395
453 593 395
279 2 395
510 870 396
593 492 396
91 152 396
91 154 396
395 703 396
318 839 396
285 394 396
4 858 396
4 492 396
4 294 396
93 123 396
518 431 396
93 222 396
347 452 397
498 492 397
281 264 397
743 179 397
9 395 397
216 247 397
48 878 397
829 395 397
538 264 397
250 701 397
865 593 397
250 431 397
705 308 397
250 897 397
9 395 397
392 869 397
392 766 397
392 179 397
395 452 397
205 229 397
205 417 397
255 876 397
255 598 397
192 703 398
601 839 398
392 703 398
601 853 398
132 108 398
153 786 398
132 394 398
825 260 398
437 244 398
392 395 398
437 690 398
346 294 398
346 184 398
420 94 398
739 293 398
8 244 398
739 293 398
8 759 398
797 504 398
871 521 398
871 853 398
797 703 398
797 703 398
797 703 398
739 878 398
739 2 398
362 759 398
362 244 398
362 197 398
362 197 398
362 81 398
739 91 398
271 106 398
135 390 398
135 673 398
135 748 398
135 152 398
135 484 399
359 881 399
90 867 399
216 853 399
216 395 399
216 627 399
797 386 399
9 395 399
9 627 399
216 627 399
564 376 399
9 627 399
216 395 399
216 738 399
9 395 399
9 395 399
306 247 399
623 157 399
4 294 399
801 294 399
50 395 399
216 395 399
753 236 399
62 395 399
62 498 399
62 644 399
62 759 399
510 91 399
531 323 399
870 726 399
345 92 399
346 644 399
345 152 399
83 701 399
362 867 399
445 853 399
564 759 400
39 323 400
39 127 400
392 395 400
392 498 400
384 157 400
384 157 400
383 157 400
345 498 400
803 236 400
64 594 400
803 502 400
64 394 400
14 484 400
134 197 400
14 701 400
345 701 400
448 450 400
237 452 400
237 308 400
153 594 400
546 673 400
803 701 400
363 244 400
255 867 401
580 282 401
580 727 401
756 876 401
281 236 401
347 504 401
803 96 401
803 96 401
347 452 401
353 786 401
803 96 401
562 247 401
803 236 401
347 185 401
250 96 401
733 394 401
353 523 401
353 308 401
250 96 401
250 96 401
250 96 401
281 504 401
250 484 401
250 644 401
803 96 401
274 96 401
250 502 401
83 355 401
274 96 401
539 876 401
22 241 401
418 229 401
418 484 401
539 759 401
827 77 401
803 502 401
250 502 401
62 498 401
8 197 401
62 644 401
8 244 401
134 197 401
8 759 401
592 133 401
3 197 401
8 197 401
62 759 401
392 498 401
392 556 401
8 662 401
3 545 401
592 220 401
3 244 401
62 498 401
392 498 401
8 244 401
8 244 401
8 244 401
8 244 401
3 244 401
592 308 401
3 244 401
3 244 401
3 78 401
231 308 401
592 627 401
231 452 401
8 244 401
333 386 401
592 61 401
592 308 401
274 244 401
592 222 402
552 133 402
764 876 402
592 182 402
592 133 402
3 244 402
592 179 402
592 81 402
592 484 402
592 242 402
592 491 402
592 776 402
347 452 402
592 206 402
592 127 402
134 857 402
346 491 402
753 236 402
326 673 402
564 222 402
592 502 402
239 857 402
239 857 402
538 662 402
19 206 402
422 258 402
813 370 402
564 673 402
62 484 402
801 150 402
362 244 402
326 673 402
803 236 402
803 672 402
838 244 402
822 247 402
346 150 402
346 258 402
753 236 402
8 244 402
203 887 402
216 247 402
592 53 402
592 735 402
592 92 402
281 236 402
592 2 402
592 484 403
592 790 403
592 394 403
592 540 403
592 258 403
274 206 403
255 876 403
592 491 403
592 673 403
592 324 403
592 585 403
326 673 403
802 152 403
592 870 403
326 673 403
592 415 403
592 673 403
592 431 403
281 236 403
592 556 403
592 556 403
592 133 403
797 556 403
326 673 403
562 247 403
580 644 403
592 556 403
592 673 403
803 295 403
892 743 403
326 673 403
797 556 403
797 556 403
43 92 403
630 644 403
43 53 403
797 504 403
449 105 403
637 108 403
797 504 403
753 236 403
362 759 403
472 869 403
39 77 403
637 703 403
472 701 403
579 739 403
216 247 403
833 644 403
45 247 403
579 355 403
833 858 403
833 853 403
281 504 403
562 92 403
346 53 403
562 247 403
281 236 403
346 644 403
281 236 403
346 258 403
346 491 403
346 376 403
18 96 403
346 240 403
346 40 403
18 96 403
777 735 403
346 544 403
777 264 403
18 96 403
499 627 403
499 241 403
274 96 403
18 96 403
803 96 403
18 96 403
803 96 403
274 96 403
18 96 403
803 96 403
764 446 403
274 96 403
803 96 403
274 96 403
783 491 403
803 96 403
803 96 403
803 236 403
803 236 403
274 96 404
148 182 404
803 632 404
518 540 404
518 431 404
18 96 404
9 179 404
274 96 404
345 376 404
345 40 404
345 92 404
345 498 404
257 644 404
83 701 404
48 491 404
345 152 404
345 701 404
861 376 404
345 376 404
281 236 404
861 644 404
630 644 404
861 260 404
623 157 404
899 593 404
72 593 404
899 593 404
72 593 404
72 593 404
528 876 404
39 127 404
528 876 404
494 491 404
346 491 405
809 391 405
83 355 405
156 105 405
592 632 405
592 241 405
353 92 405
592 491 405
592 627 405
353 308 405
592 258 405
592 556 405
592 260 405
592 127 405
592 105 405
592 179 405
592 92 405
592 431 405
592 673 405
353 92 405
825 260 405
630 418 405
528 491 405
250 644 406
250 431 406
250 585 406
92 242 406
92 91 406
801 150 406
822 240 407
822 247 407
255 593 407
255 491 407
257 644 407
346 150 407
346 897 407
825 97 408
383 869 408
742 428 408
744 224 408
742 598 408
742 546 408
285 546 408
395 867 408
83 428 408
395 887 408
395 452 408
395 394 408
395 394 408
153 40 409
630 644 409
518 431 409
518 540 409
37 786 409
438 776 409
37 776 409
639 220 409
237 452 409
438 546 409
257 644 409
237 308 409
438 738 409
438 498 409
438 897 409
274 598 409
472 701 409
472 222 409
472 786 409
472 869 409
472 546 409
472 556 409
472 897 409
153 40 409
65 184 409
803 701 409
873 182 409
326 638 410
873 589 410
805 282 410
346 184 410
346 546 410
405 319 410
747 220 410
405 491 410
538 759 410
842 701 410
842 701 410
538 264 410
538 743 410
250 701 410
250 240 410
250 431 410
250 897 410
9 179 410
250 892 410
797 556 410
797 492 410
464 265 410
464 595 410
464 128 410
231 308 410
156 394 410
592 517 410
592 540 410
592 220 410
592 220 410
592 242 410
363 867 410
592 222 410
592 308 410
592 179 410
237 308 411
346 240 411
346 491 411
586 241 411
580 51 411
589 106 411
3 662 412
3 244 412
3 759 412
135 786 412
3 224 412
135 491 412
582 240 412
719 249 412
486 538 412
486 538 412
346 491 412
539 738 412
259 92 412
494 308 412
494 491 412
281 628 412
8 662 412
803 737 412
281 242 412
384 222 412
231 308 412
148 589 412
747 242 412
424 737 412
527 236 412
737 238 413
499 241 413
538 759 413
538 662 413
221 887 413
510 870 414
383 222 414
383 738 414
347 452 414
281 236 414
91 152 414
8 244 414
8 244 414
871 484 414
546 673 414
546 880 414
546 895 414
546 81 414
871 392 414
275 644 414
220 394 414
39 628 414
39 242 414
39 594 414
275 2 414
747 242 414
747 484 414
39 517 414
39 242 414
39 831 414
275 221 414
39 373 414
281 628 414
231 452 414
308 236 414
395 433 414
395 452 414
395 452 414
395 452 414
395 394 414
39 628 414
395 556 414
274 737 415
200 388 415
255 592 415
255 592 415
747 242 415
255 592 415
255 598 415
803 737 415
62 644 415
744 224 415
274 737 415
3 662 415
3 759 415
3 244 415
3 224 415
3 224 415
62 759 415
744 896 415
744 512 415
744 512 415
637 507 415
791 881 415
9 224 416
696 392 416
32 738 416
735 737 416
376 595 416
376 876 416
376 672 416
376 598 416
424 388 416
345 392 416
803 737 416
803 595 416
274 737 416
734 881 416
216 738 416
47 592 416
8 662 416
8 851 416
39 242 416
85 492 416
85 154 416
34 282 416
579 355 417
579 260 417
747 242 417
281 242 417
538 759 417
538 662 417
705 676 417
274 737 417
590 222 417
592 373 417
709 592 417
709 595 417
592 308 417
709 636 417
833 644 417
29 484 417
833 242 417
833 224 417
833 594 417
833 517 417
833 152 417
833 388 417
735 851 417
636 205 417
592 517 417
592 230 417
592 491 417
592 491 417
592 851 417
592 484 417
592 241 417
592 870 417
592 242 417
592 431 417
592 388 418
592 556 418
281 242 418
494 308 418
90 737 419
495 737 419
495 183 419
405 491 419
274 737 419
90 737 419
405 491 419
274 183 419
274 737 419
405 776 419
405 737 419
370 388 419
274 737 419
495 737 419
274 737 419
472 701 419
472 222 419
472 786 419
495 737 419
472 507 419
472 676 419
472 636 419
472 546 419
472 556 419
472 897 419
495 4 419
274 737 419
495 737 419
274 737 419
531 323 420
495 737 420
274 737 420
495 737 420
274 737 420
495 737 420
274 737 420
48 790 420
454 236 420
347 556 420
347 452 420
783 491 420
424 388 420
384 507 421
384 222 421
237 452 421
237 308 421
39 323 421
39 632 421
438 40 421
39 517 421
39 517 421
39 594 421
438 738 421
438 676 421
438 392 421
777 264 421
639 220 421
777 595 421
538 264 421
62 4 421
62 183 421
472 222 421
472 556 421
237 83 421
5 596 421
580 282 421
580 644 421
346 546 421
495 183 421
803 595 421
521 741 422
255 867 422
39 242 422
871 484 422
8 759 422
255 867 422
395 790 422
395 452 422
395 388 422
341 479 422
341 479 422
185 126 423
237 452 423
347 556 423
347 452 423
805 492 423
805 282 423
60 597 423
60 596 423
257 479 423
510 870 423
383 507 423
383 224 423
383 556 423
383 636 423
173 183 423
395 452 423
395 452 423
363 867 424
363 867 424
237 452 424
336 59 424
472 507 424
472 636 424
472 546 424
472 556 424
447 388 424
538 759 424
90 867 424
807 359 424
807 730 425
807 516 425
53 152 425
362 244 425
62 484 425
62 759 425
753 897 425
9 597 425
9 107 425
345 92 425
596 363 426
744 40 426
834 484 426
47 897 427
243 887 427
844 154 427
777 264 427
220 394 428
91 154 428
18 897 428
285 512 428
285 546 428
538 759 428
538 264 428
92 373 428
92 319 428
296 498 428
135 786 428
296 389 428
39 373 429
50 154 429
5 596 429
5 596 429
5 373 429
5 373 429
5 388 429
739 2 429
871 484 429
153 40 429
739 91 429
822 388 429
739 91 429
739 91 429
283 538 430
283 538 430
30 373 430
53 597 430
739 2 430
739 2 430
627 538 431
627 394 431
679 2 432
405 491 432
813 370 433
813 370 433
844 154 433
844 154 433
844 394 433
376 595 433
376 595 433
376 516 433
472 786 433
472 546 433
472 897 434
668 417 434
285 106 434
285 546 434
285 183 434
285 394 434
9 40 434
91 154 434
277 106 434
277 106 434
277 106 434
825 126 435
627 394 435
705 40 435
705 40 435
39 370 435
39 594 435
237 887 435
516 730 436
744 776 437
777 264 437
538 264 437
255 776 437
803 183 437
753 897 438
472 546 438
472 897 438
592 790 438
592 126 438
153 594 438
844 394 438
844 782 438
274 183 438
395 790 438
733 394 438
592 388 438
592 870 438
592 491 438
592 556 438
842 127 438
842 484 438
274 546 439
842 843 439
580 282 439
580 51 439
274 596 439
870 149 439
72 593 439
72 423 439
823 359 439
271 106 439
813 370 439
808 596 439
313 598 440
39 594 440
39 127 440
39 46 440
627 394 440
50 55 440
547 270 440
194 705 440
164 81 440
164 323 440
164 94 440
164 99 440
164 738 440
164 853 440
826 538 440
826 701 440
39 323 440
39 369 440
91 542 441
91 686 441
91 686 441
308 236 441
308 852 441
515 387 441
579 33 441
579 33 441
194 387 441
635 119 442
369 748 442
3 662 445
3 224 445
3 851 445
3 759 445
3 759 445
255 46 445
777 264 445
363 767 446
346 491 446
822 558 446
538 759 446
538 264 446
538 264 446
538 662 446
360 876 446
360 738 446
360 264 446
164 323 447
582 853 447
60 597 447
538 264 447
384 2 447
679 2 447
360 264 447
628 502 447
538 264 448
164 853 448
628 502 448
247 417 448
628 502 448
628 502 448
628 502 448
628 502 448
628 502 448
318 897 448
472 701 448
472 782 448
472 546 448
628 502 448
628 502 448
472 897 448
472 869 448
472 869 448
744 224 448
376 40 448
376 876 448
376 598 448
378 686 449
51 387 449
39 323 449
360 264 449
360 546 449
844 394 449
277 106 449
8 851 449
383 492 449
548 156 449
8 662 449
8 490 449
8 244 449
8 244 449
124 897 449
392 869 449
538 264 449
538 490 449
538 662 449
135 748 449
250 701 450
250 502 450
216 738 450
445 245 450
196 705 450
313 387 450
313 105 450
630 558 451
318 897 451
565 247 451
861 724 451
861 62 451
861 119 451
743 249 451
802 105 451
434 244 452
645 853 452
9 40 452
345 31 452
871 484 452
153 40 452
345 40 452
424 738 452
681 730 452
18 897 453
592 222 453
65 221 453
592 127 453
592 776 453
32 738 453
592 502 453
592 777 453
518 742 453
592 484 453
592 644 453
871 392 453
592 644 453
592 394 453
592 105 453
592 51 453
592 491 453
83 738 453
83 33 453
83 701 453
83 261 453
494 104 453
83 387 453
83 730 453
493 853 454
353 55 454
264 387 456
437 767 456
744 776 457
801 150 457
742 261 457
341 479 457
341 240 457
472 701 457
472 222 457
472 869 457
472 546 457
376 40 457
472 897 458
214 31 458
592 790 458
384 2 458
863 236 458
863 58 458
250 240 458
250 644 458
250 502 458
65 843 458
126 104 458
671 261 458
834 724 459
97 33 459
395 790 459
97 592 459
445 853 459
417 507 460
417 507 460
743 99 460
142 387 460
592 502 461
592 502 461
142 355 461
142 355 461
578 831 461
578 92 461
50 154 461
62 498 461
62 484 461
432 102 461
83 33 461
83 701 461
83 355 461
83 387 461
345 92 461
142 510 461
142 183 461
18 843 462
18 843 462
420 355 462
392 869 462
164 323 462
164 99 462
164 738 462
164 853 462
65 843 462
216 738 462
892 287 463
892 854 463
892 187 463
892 762 463
892 183 463
892 297 463
424 738 463
892 392 463
802 546 463
257 479 463
613 370 463
457 69 463
47 69 463
582 853 464
634 484 464
367 224 464
510 99 464
9 224 464
9 854 464
870 60 464
463 593 464
194 421 464
858 387 464
134 297 465
346 854 465
346 546 465
531 323 465
153 40 465
683 855 465
107 388 465
821 104 465
1 741 465
592 99 465
821 357 465
821 365 465
821 222 465
72 297 465
898 236 465
494 104 466
494 104 466
341 479 468
743 99 469
432 101 469
578 7 470
578 855 470
578 855 470
192 545 470
383 224 470
383 738 470
383 738 470
39 323 470
39 370 470
480 880 470
134 593 470
480 428 470
134 853 470
39 127 470
336 357 470
480 258 470
405 491 470
198 227 471
417 593 471
8 662 471
711 871 471
91 154 472
90 867 472
725 421 472
538 662 472
194 421 472
98 392 472
98 853 472
14 701 473
420 867 473
347 556 473
733 387 473
201 370 473
871 392 473
1 221 473
276 778 473
194 387 474
345 387 474
744 224 474
744 224 474
744 627 474
744 627 474
39 370 474
858 387 474
472 701 474
472 222 474
472 869 474
725 421 474
472 507 474
725 390 474
472 546 474
472 556 474
153 627 475
274 264 475
274 546 475
288 705 475
288 7 475
72 222 475
72 593 475
72 627 475
83 186 475
383 186 475
83 186 475
405 133 476
193 105 476
285 546 476
798 60 476
250 127 476
510 99 476
538 264 476
268 729 476
443 386 476
274 264 477
274 546 477
601 127 477
3 662 477
3 851 477
3 224 477
3 244 477
3 759 477
376 186 478
531 870 478
531 99 478
538 759 479
538 264 479
538 662 479
395 386 480
14 390 481
106 157 481
578 7 481
567 637 482
870 789 482
813 370 482
83 881 482
83 881 483
51 387 483
185 387 483
562 247 483
562 558 483
562 870 483
562 70 483
562 70 483
435 867 483
322 363 483
39 370 483
745 538 483
39 127 483
743 99 483
802 105 483
705 186 484
62 183 484
395 867 484
443 386 485
445 705 485
172 549 485
345 387 485
250 127 485
765 790 485
870 627 485
417 507 486
51 69 486
395 790 486
744 543 486
744 543 486
865 54 486
619 778 486
98 392 487
806 759 487
255 867 487
285 546 487
861 724 487
436 244 487
367 224 487
196 705 488
142 387 488
39 127 488
538 759 488
142 183 488
538 546 488
501 572 488
194 705 488
501 62 488
233 870 488
233 226 488
758 69 488
424 780 488
539 738 488
164 323 488
164 99 488
164 738 488
164 853 488
595 830 488
871 392 488
164 99 489
271 106 489
83 186 489
347 831 489
47 69 489
815 100 489
800 829 489
899 593 489
276 778 489
137 443 489
383 224 489
378 686 490
378 389 490
134 853 490
592 99 490
806 706 490
460 686 493
509 863 493
445 780 494
627 107 494
827 852 494
200 443 494
193 559 494
747 443 494
813 370 494
813 370 494
813 379 494
578 831 494
164 853 494
412 107 495
624 236 495
347 831 495
39 323 495
135 572 495
747 236 495
39 370 495
345 572 495
624 236 495
392 869 495
137 443 495
93 863 496
756 49 496
636 443 496
743 99 496
833 222 496
833 224 496
833 183 496
345 183 496
345 392 496
796 734 496
90 867 496
91 734 496
846 617 497
255 867 497
134 867 497
367 224 497
865 593 497
637 180 497
205 99 497
637 107 497
142 830 497
619 853 498
619 778 498
134 593 498
134 853 498
29 443 498
494 443 498
29 443 498
9 224 498
9 627 498
9 107 498
383 224 498
134 81 498
134 637 498
134 881 498
383 222 498
134 297 498
164 99 498
870 734 498
333 734 498
733 31 498
733 387 498
90 867 498
137 388 498
137 443 498
137 593 498
213 31 498
137 230 498
194 387 498
637 107 498
637 852 499
137 102 499
412 222 499
739 224 499
739 776 499
295 686 499
739 881 499
739 180 499
216 627 499
51 387 499
739 392 500
739 149 500
345 31 500
83 881 500
83 881 500
238 492 500
562 706 500
255 776 500
255 867 500
153 776 500
578 831 500
185 387 501
717 261 501
1 388 501
578 830 501
725 830 501
135 572 501
378 686 501
72 593 501
72 706 501
19 706 501
346 443 501
870 149 501
637 180 501
747 220 501
538 546 501
592 99 501
383 222 501
278 40 502
347 831 502
194 734 502
531 706 502
359 126 502
637 388 502
499 627 502
637 549 503
637 507 503
637 369 503
637 617 503
637 853 503
637 786 503
637 762 503
637 851 503
637 371 503
637 627 503
637 498 503
637 133 503
91 686 504
264 31 505
405 776 505
295 686 506
51 830 506
383 507 506
797 386 506
797 504 506
393 290 506
393 734 506
345 388 506
345 290 506
255 593 506
592 133 507
592 104 507
592 851 507
592 230 507
205 99 507
412 222 507
137 387 508
137 443 508
137 388 508
257 479 508
53 230 508
285 546 508
285 598 508
345 388 508
90 867 509
376 598 509
106 388 509
378 686 509
744 119 509
93 290 509
363 867 509
346 443 509
592 776 510
592 292 510
592 230 510
200 362 510
264 31 510
405 776 511
405 590 511
405 102 511
455 443 511
501 727 511
268 492 511
255 867 511
255 776 511
510 99 511
393 290 511
745 69 511
259 107 512
259 724 512
601 127 512
137 443 512
418 786 512
221 544 512
395 867 512
395 388 512
39 369 512
295 686 512
194 734 512
274 240 512
216 627 513
578 831 513
578 831 513
393 734 513
393 388 513
393 544 513
393 585 513
538 546 513
891 60 513
891 96 513
628 706 513
274 627 513
628 854 513
142 133 513
153 786 513
274 96 513
424 388 513
142 387 513
166 240 513
274 240 513
142 830 513
592 362 513
274 387 513
592 362 513
592 590 513
592 546 513
592 101 513
375 590 513
375 241 513
375 443 513
19 734 514
185 387 514
194 387 514
19 102 514
447 242 514
47 776 514
47 69 514
17 730 514
197 242 514
90 867 515
90 734 515
194 734 515
405 590 517
405 590 517
106 423 517
556 90 517
405 776 517
51 387 517
51 830 518
828 31 518
255 592 518
870 706 518
384 2 518
881 226 518
63 49 519
833 261 519
833 242 519
833 388 519
62 498 519
62 292 519
62 388 519
62 734 519
234 789 519
205 776 519
205 40 519
739 99 519
205 615 519
164 362 519
739 149 519
739 776 519
164 99 519
164 544 519
164 853 519
164 323 519
164 323 519
193 260 519
39 323 519
134 853 520
72 706 520
72 240 520
72 222 520
72 96 520
637 498 520
637 617 520
90 867 520
637 672 520
231 452 520
231 308 520
134 867 520
231 881 520
231 185 520
53 672 520
238 31 520
255 867 520
891 96 520
209 102 520
630 102 520
723 260 521
619 49 521
619 853 521
216 853 521
592 99 521
592 292 521
592 875 521
592 222 521
592 590 521
592 308 521
592 60 521
592 362 521
592 105 521
592 126 521
9 627 521
405 102 521
637 362 521
637 222 521
637 627 521
496 227 521
375 590 522
630 102 522
185 126 522
135 362 522
135 786 522
135 99 522
618 102 522
72 627 522
405 102 522
39 593 523
39 261 523
347 185 523
347 831 523
510 99 523
592 126 523
592 627 523
592 92 523
592 187 523
592 222 523
592 790 523
106 593 523
592 183 523
9 92 523
578 871 524
18 867 524
214 31 524
39 593 524
858 31 524
106 593 524
204 777 524
39 593 525
825 126 525
871 99 525
645 895 525
645 521 525
645 644 525
72 319 525
346 240 525
346 895 525
822 247 525
346 544 525
346 443 525
822 290 525
83 261 525
378 686 525
791 596 526
601 895 526
142 387 526
142 183 526
142 830 526
142 776 526
90 867 526
90 240 526
345 31 526
345 183 526
375 241 526
134 895 527
173 227 527
405 776 530
870 149 530
264 31 530
705 186 531
216 627 531
578 590 531
743 99 531
367 443 531
285 546 531
367 230 531
639 672 531
193 706 531
445 107 532
753 596 532
205 106 532
756 512 532
276 778 532
395 790 532
395 442 532
448 450 532
255 867 532
623 31 532
623 157 532
623 157 532
345 31 532
860 858 533
255 876 533
164 450 533
9 627 533
119 546 533
383 450 533
18 523 533
18 708 533
493 66 534
9 873 534
9 530 534
9 179 534
9 395 534
9 36 534
9 726 534
9 45 534
9 251 534
9 52 534
9 431 534
9 703 534
106 703 534
49 515 534
64 887 534
64 737 534
64 52 534
319 363 534
756 288 534
634 415 534
634 362 534
39 373 534
39 77 534
39 628 534
39 248 534
39 555 534
39 206 534
39 78 534
39 371 534
39 632 534
39 156 534
39 356 534
39 517 535
39 129 535
39 231 535
326 446 535
891 60 535
891 106 535
796 734 535
747 373 535
747 726 535
9 703 535
671 261 535
134 197 535
134 857 535
739 293 535
106 703 535
345 156 535
345 60 535
739 776 535
106 593 535
739 91 535
739 878 535
9 703 535
9 726 535
872 323 535
72 437 535
72 593 535
494 61 535
494 329 535
72 627 535
494 391 535
62 376 535
494 736 535
494 735 535
62 875 535
494 443 535
62 498 535
72 431 535
72 706 535
68 395 535
494 757 535
62 4 535
72 435 535
62 4 535
62 395 535
395 766 535
62 45 535
395 433 535
62 443 535
395 434 535
395 429 535
62 644 535
395 86 535
39 373 536
44 495 536
39 323 536
277 447 536
153 363 536
834 725 536
132 178 536
797 703 536
216 395 536
216 627 536
711 589 536
418 36 536
382 132 536
418 515 536
582 853 536
582 102 536
806 392 536
243 887 536
418 493 536
216 853 536
376 186 537
376 876 537
185 102 537
299 830 537
568 776 537
568 776 537
359 97 537
276 239 537
276 497 537
735 53 537
9 395 537
9 627 537
9 703 537
601 839 537
601 732 537
601 372 537
142 776 537
216 395 537
142 497 537
142 739 537
142 183 537
142 52 537
216 627 537
637 856 537
637 108 537
870 265 537
290 734 537
185 126 537
185 387 537
538 296 537
221 257 537
510 673 537
510 320 537
90 737 537
90 240 537
83 53 537
645 895 537
83 739 537
645 184 537
83 261 537
645 762 537
645 51 537
346 376 537
346 53 537
346 179 538
346 294 538
194 387 538
64 435 538
64 887 538
64 737 538
64 391 538
422 258 538
64 282 538
346 443 538
346 184 538
135 329 538
135 442 538
135 99 538
135 152 538
135 673 538
135 560 538
135 557 538
135 91 538
227 244 538
630 376 538
784 830 538
360 264 538
209 102 538
318 495 538
137 424 538
802 105 538
134 895 538
822 108 538
531 91 539
592 540 539
592 875 539
531 320 539
592 99 539
592 78 539
870 636 542
564 830 542
564 673 542
93 120 542
93 123 542
93 290 542
595 830 542
173 442 542
205 229 542
173 288 542
548 257 543
9 395 543
9 627 543
9 152 543
395 442 543
173 442 543
173 395 543
328 52 543
705 445 543
705 751 543
705 676 543
193 706 543
193 284 543
619 895 543
39 78 543
679 743 543
43 442 543
679 530 543
43 350 543
745 538 543
679 206 543
43 153 543
679 517 543
679 392 543
135 442 543
135 706 543
756 49 543
193 706 543
645 895 544
14 242 544
14 709 544
176 231 544
137 759 544
326 673 544
72 183 544
72 627 544
137 452 544
9 395 544
9 627 544
9 183 544
9 759 544
9 52 544
130 523 544
257 636 544
592 61 544
592 362 545
592 632 545
105 763 545
347 452 545
347 556 545
62 759 545
62 395 545
392 86 545
392 869 545
231 452 545
803 706 545
392 395 545
796 734 545
161 117 545
134 895 545
164 323 545
164 320 545
62 395 545
1 329 545
274 264 546
420 556 546
106 157 546
106 388 546
394 491 546
637 703 546
285 788 546
536 349 546
548 154 546
139 641 546
49 515 546
39 323 546
39 517 546
34 287 547
34 855 547
725 830 547
307 788 547
307 724 547
57 292 547
307 855 547
383 874 547
307 40 547
307 247 547
135 329 547
825 97 547
825 855 547
62 292 548
250 349 548
515 360 548
515 518 548
250 240 548
250 418 548
216 874 548
250 892 548
216 739 548
250 521 548
216 627 548
250 544 548
216 395 548
250 431 548
250 495 548
858 183 548
635 181 548
635 181 548
83 739 548
83 33 548
216 739 548
367 157 549
861 62 549
405 102 549
405 102 549
861 62 549
480 495 549
405 776 549
336 84 549
336 59 549
438 874 549
438 6 549
634 362 549
214 31 549
784 830 549
53 672 549
579 743 549
579 739 549
579 33 549
395 442 549
139 247 549
395 452 549
418 515 549
395 869 549
395 86 549
185 102 549
418 874 549
139 484 549
418 376 549
870 240 549
637 518 550
805 391 550
392 157 550
392 157 550
744 153 550
744 153 550
392 556 550
142 874 550
142 776 550
142 739 550
142 443 550
142 52 550
142 830 550
346 376 550
346 240 550
346 521 550
346 544 550
295 234 550
141 92 550
141 617 550
141 97 550
141 70 550
141 597 550
141 183 550
137 452 551
137 443 551
137 102 551
137 759 551
137 703 551
137 388 551
592 292 552
592 38 552
395 452 553
743 362 553
747 443 554
106 703 554
307 247 554
9 597 554
9 92 554
9 703 554
91 154 555
91 444 555
383 874 555
898 236 555
422 880 555
422 880 555
478 730 555
422 37 555
134 895 555
422 589 555
50 444 555
422 871 555
494 104 555
91 444 555
422 251 555
39 156 555
39 242 555
39 231 555
39 68 555
730 240 555
62 759 555
813 556 556
432 241 556
578 92 556
784 830 556
447 600 556
582 851 556
582 851 556
307 897 556
137 92 556
137 452 556
137 443 556
578 92 556
307 558 556
307 558 556
106 703 556
631 36 557
739 776 557
739 776 557
739 776 557
255 445 557
263 734 557
255 776 557
255 876 557
719 541 557
719 294 557
719 248 557
50 444 557
871 36 558
347 556 558
347 641 558
347 452 558
686 49 558
139 748 558
686 778 558
231 452 558
637 703 558
18 238 558
18 867 558
592 880 558
645 895 558
592 239 558
592 437 558
592 874 558
645 521 558
333 420 558
140 106 558
51 830 558
51 830 558
140 119 558
384 2 558
383 897 558
420 428 558
164 362 558
420 53 558
711 428 558
164 323 559
420 829 559
548 119 559
858 31 559
209 236 559
548 295 559
395 452 559
548 154 559
142 830 559
359 97 559
359 126 559
43 442 559
383 293 559
871 521 559
679 2 559
60 329 559
60 329 560
50 154 560
307 897 560
637 829 560
243 887 560
797 556 560
797 556 560
797 703 560
797 703 560
9 437 560
9 703 560
797 386 560
797 390 560
797 390 560
100 260 560
100 288 560
39 323 560
39 248 560
39 437 560
872 323 560
872 362 560
351 36 560
139 876 560
328 52 560
150 760 560
139 431 560
347 556 560
347 556 560
420 829 561
64 391 561
64 445 561
274 703 561
348 445 561
64 445 561
898 236 561
367 443 561
367 157 561
216 874 561
582 853 561
216 739 561
420 355 561
91 154 561
91 444 561
91 734 561
83 53 561
510 362 561
83 33 561
83 355 561
637 437 561
747 443 561
494 437 561
705 445 561
50 444 561
50 154 561
686 734 562
135 437 562
135 329 562
135 390 562
686 154 562
721 734 562
823 178 562
366 282 562
580 501 562
64 445 562
72 431 562
141 97 562
141 545 562
753 236 563
57 292 563
285 6 563
285 788 563
90 867 563
531 323 564
531 362 564
531 75 564
283 538 565
730 437 566
9 222 566
9 349 566
326 437 567
318 558 567
134 895 567
62 292 567
62 734 568
39 323 568
39 437 568
205 106 568
205 417 568
205 615 568
480 880 568
619 895 568
9 880 568
231 881 568
90 867 568
624 53 568
194 734 568
345 31 568
93 290 569
796 734 569
645 895 569
62 759 569
39 369 569
72 222 569
139 706 569
843 34 569
733 31 569
705 445 569
834 545 569
822 558 570
739 881 570
326 673 570
231 881 570
231 777 570
214 31 570
872 880 570
531 880 570
137 443 570
733 31 570
733 31 570
859 185 571
859 452 571
224 226 571
622 31 571
141 545 571
141 545 571
392 157 571
392 556 571
709 595 571
784 830 571
870 290 571
153 776 571
255 776 571
255 876 571
255 739 571
844 673 571
259 724 572
259 92 572
539 876 572
287 357 572
287 854 572
209 236 572
281 690 572
322 363 572
9 880 572
9 290 572
695 106 572
783 491 572
345 156 572
345 183 572
345 40 572
164 362 572
164 323 572
164 895 572
347 185 572
164 99 572
347 452 572
637 290 573
637 371 573
142 874 573
142 739 573
142 294 573
142 830 573
346 880 573
283 183 573
637 222 573
9 222 573
231 452 573
463 444 573
637 627 573
28 52 573
637 222 573
637 349 573
637 376 573
173 437 573
898 236 573
747 236 573
29 443 574
243 290 574
637 290 574
83 874 574
637 875 574
531 880 574
422 880 574
555 257 574
216 874 574
83 874 574
141 477 574
141 476 574
846 617 574
846 477 574
846 476 574
47 2 574
72 222 575
1 329 575
193 706 577
631 36 578
744 119 578
744 40 578
9 437 578
9 222 578
9 36 578
9 627 578
9 880 578
9 52 578
9 706 578
9 290 578
192 545 579
283 557 579
562 558 579
562 92 579
383 874 579
318 839 579
710 260 579
494 443 579
193 518 579
193 627 579
9 627 580
205 99 580
898 236 580
173 437 580
39 323 580
39 437 580
747 241 580
747 220 580
634 415 580
634 362 580
47 729 580
198 787 580
422 880 580
198 264 580
862 55 581
9 437 581
141 759 581
141 178 581
538 264 581
62 759 582
307 557 582
307 376 582
405 437 582
834 545 582
834 545 583
637 372 583
891 290 583
141 759 583
637 498 583
360 264 583
345 290 583
623 31 583
173 437 583
367 157 584
538 264 584
538 264 584
823 516 584
63 240 584
797 556 584
834 477 584
14 222 584
345 31 584
858 31 584
637 627 585
637 706 585
371 618 585
601 839 585
134 491 585
784 830 585
770 557 586
420 53 586
420 881 586
237 83 586
237 252 586
142 183 586
142 830 586
318 839 586
420 868 586
895 560 586
141 477 586
609 386 586
827 257 587
348 391 587
90 240 587
90 737 587
90 522 587
307 557 587
90 737 587
345 31 587
72 222 587
137 443 587
307 418 590
255 739 591
313 732 591
93 290 591
871 392 591
214 31 591
250 521 591
250 484 591
62 388 592
62 498 592
172 549 592
39 437 592
53 392 592
623 31 592
476 359 593
135 673 593
135 101 593
784 830 593
803 732 594
624 883 594
825 178 594
825 126 594
173 437 594
51 830 594
870 734 595
346 53 595
194 734 595
62 734 595
285 598 595
14 701 595
182 477 595
637 388 596
637 549 596
233 226 596
106 388 596
637 294 596
699 747 596
699 747 596
124 839 596
846 477 597
733 31 597
870 734 597
870 878 597
493 66 597
624 851 597
601 839 597
395 734 597
395 388 597
602 308 597
276 868 598
784 830 598
283 183 598
142 183 598
142 830 598
592 362 598
592 126 598
164 99 598
592 590 598
863 554 598
592 736 598
592 206 598
185 736 598
298 830 598
298 101 598
29 443 598
202 448 599
619 895 599
619 853 599
285 512 599
494 736 600
97 33 602
686 734 603
686 392 603
870 734 603
671 261 604
83 874 604
83 739 604
637 512 604
472 701 604
637 853 604
472 507 604
472 636 604
472 676 604
472 897 604
83 261 605
637 507 605
205 99 605
205 91 605
805 851 605
805 391 605
395 734 606
395 388 606
637 851 606
744 153 606
280 504 606
280 227 606
313 598 607
313 596 607
313 294 607
313 701 607
313 443 607
805 851 607
805 2 607
384 2 607
318 839 608
62 734 608
636 205 608
560 558 608
560 742 608
560 767 608
870 789 608
560 852 608
870 636 608
560 260 608
560 791 608
526 843 608
560 883 608
560 557 608
637 870 608
560 128 608
164 99 608
560 152 608
560 183 608
560 592 609
560 896 609
383 874 609
383 874 609
383 897 609
560 61 609
83 701 609
624 851 609
637 775 609
637 703 610
637 786 610
637 297 610
47 2 610
47 2 610
637 437 610
287 357 610
881 226 610
881 870 610
72 183 610
328 52 610
637 369 610
637 518 610
9 512 610
9 870 610
571 153 610
744 153 610
424 737 611
637 234 611
637 870 611
132 108 611
132 782 611
132 617 611
132 178 611
135 362 611
346 183 611
601 868 612
859 452 612
859 308 612
496 227 614
405 530 615
637 108 616
637 617 616
234 789 616
637 713 616
637 127 616
39 369 616
62 183 616
145 387 616
62 388 616
145 387 616
39 437 616
145 387 616
39 632 616
145 387 616
39 127 616
39 206 616
369 748 616
872 99 617
510 99 617
510 362 617
510 320 617
142 874 617
510 91 617
142 739 617
142 830 617
494 387 617
525 40 617
9 530 617
141 617 618
141 152 618
141 492 618
422 880 618
805 851 618
871 392 618
137 851 618
525 324 619
624 851 619
57 742 619
457 560 619
196 705 619
39 371 619
39 596 619
578 831 619
255 867 620
255 598 620
414 261 620
414 543 620
9 543 620
384 897 620
630 357 620
881 365 620
65 484 620
578 7 621
578 556 621
91 154 621
91 444 621
59 227 621
91 152 621
59 221 621
634 484 621
825 530 622
870 734 622
622 31 622
496 376 622
135 560 622
134 895 622
735 421 623
333 386 623
134 94 623
637 362 623
637 369 623
405 530 627
405 133 627
326 437 627
645 853 627
645 895 628
813 556 628
637 741 628
392 556 628
618 868 628
345 388 628
345 40 628
255 365 628
585 874 628
205 99 628
205 776 628
822 388 629
637 388 629
39 369 630
784 830 630
141 152 630
341 479 630
578 556 630
743 362 631
743 99 631
190 389 631
90 867 631
345 388 631
637 362 631
637 388 631
637 187 632
822 388 632
142 830 632
756 445 632
216 739 632
216 874 632
623 31 633
83 739 633
93 290 633
422 365 633
422 365 633
216 739 633
44 880 633
152 492 633
83 739 633
83 874 634
637 672 634
870 290 634
870 878 634
307 557 634
858 31 634
858 31 634
307 40 634
307 40 634
345 40 634
83 874 634
345 388 634
634 362 634
50 55 634
383 874 634
383 874 634
637 362 634
18 867 634
83 874 634
187 183 634
187 150 635
187 180 635
187 443 635
187 734 635
187 786 635
637 180 635
637 831 635
91 152 635
29 443 635
91 290 635
91 154 635
539 874 635
348 445 635
460 510 636
137 851 636
627 55 637
93 290 639
743 362 639
283 557 640
283 183 640
283 221 640
547 857 640
547 423 640
3 662 641
3 90 641
733 31 641
345 290 641
895 560 641
870 423 641
383 874 642
585 874 642
383 874 642
90 737 642
173 437 642
777 264 642
395 734 643
752 741 643
752 559 643
752 284 643
105 763 643
752 743 643
789 618 643
152 492 643
185 445 644
50 154 644
745 878 644
9 376 644
243 290 644
64 445 644
538 264 644
64 324 644
538 559 644
538 662 644
90 749 645
345 376 645
496 376 645
216 739 645
216 874 645
806 392 645
870 240 645
637 240 645
756 445 645
18 96 645
756 445 645
18 708 645
753 236 645
274 96 646
93 290 646
628 502 646
83 739 646
347 726 646
870 290 646
627 618 646
91 154 646
91 154 646
848 896 646
91 290 646
624 236 646
346 443 646
510 362 646
346 183 646
346 150 646
813 370 646
50 757 646
64 445 646
870 726 646
73 241 646
898 236 646
367 444 647
367 868 647
367 224 647
169 40 647
822 240 647
822 290 647
595 831 647
375 150 647
322 484 647
92 373 648
92 373 648
92 357 648
92 319 648
92 297 648
47 224 648
72 297 648
873 589 652
91 290 652
873 182 652
873 181 652
873 676 652
873 68 652
873 829 652
424 737 652
91 686 653
91 727 653
91 542 653
91 444 653
91 152 653
91 424 653
91 734 653
91 152 653
91 542 653
39 370 653
699 530 654
699 747 654
274 240 655
47 2 655
784 830 655
509 863 655
405 319 655
345 376 656
383 224 656
803 96 656
525 2 656
98 392 656
98 853 656
247 290 656
247 515 656
247 417 656
142 874 656
247 763 656
142 443 656
142 830 656
345 290 656
539 376 656
628 672 656
216 739 656
216 874 656
783 491 657
274 557 657
420 355 657
420 53 657
438 874 657
345 376 657
637 831 658
29 443 658
735 2 658
346 53 658
619 853 658
861 62 658
861 197 658
216 874 658
601 868 658
806 392 658
637 197 658
83 874 658
102 71 658
510 445 658
336 357 659
336 734 659
336 245 659
521 239 659
164 362 659
48 105 659
164 99 659
164 320 659
645 853 659
4 443 659
895 349 659
383 874 659
895 349 659
47 2 659
135 557 659
274 557 660
50 446 660
72 491 660
93 863 660
93 863 660
93 290 660
93 290 660
448 450 661
870 557 662
91 734 662
91 290 662
82 91 663
637 349 663
637 443 663
770 557 664
578 831 664
719 349 664
719 541 664
719 249 664
132 741 664
39 437 664
39 594 664
39 156 664
39 68 664
39 46 665
194 105 665
205 417 665
205 91 665
205 99 665
141 585 665
871 229 665
257 479 665
645 521 666
756 445 666
756 222 666
556 90 666
737 290 666
737 238 666
784 830 666
105 763 666
539 874 666
326 445 667
806 90 667
395 734 667
395 446 667
637 437 667
180 386 668
180 117 668
634 362 668
231 452 668
743 349 668
743 249 668
231 452 668
326 446 668
64 445 668
822 240 668
870 240 669
637 349 669
637 240 669
383 874 669
9 437 669
247 290 669
247 763 669
247 417 669
637 437 669
420 94 669
756 445 669
274 240 670
274 557 670
870 149 670
395 386 670
395 452 670
9 437 670
351 62 670
637 437 670
360 264 670
50 446 670
510 320 670
510 362 670
274 594 670
725 830 670
832 100 670
870 557 670
102 869 671
748 221 671
274 557 671
83 738 671
748 830 671
895 270 671
274 270 671
705 445 671
748 387 671
274 738 671
153 594 671
274 594 671
295 686 671
18 238 671
399 70 672
538 264 672
65 221 673
496 227 674
91 686 675
637 362 676
51 830 676
813 834 676
143 386 677
833 641 677
833 643 677
833 187 677
833 261 677
833 282 677
833 735 677
833 594 677
833 363 677
833 543 677
833 691 677
833 853 677
345 290 677
645 853 677
645 127 677
645 895 677
378 686 678
634 362 678
393 585 678
64 445 678
396 829 678
396 58 678
422 589 679
326 446 679
8 90 679
8 490 679
8 662 679
205 229 679
130 379 680
395 386 680
39 127 680
39 594 680
748 221 680
65 221 680
274 594 680
394 270 681
846 476 681
384 869 681
412 637 681
412 81 681
509 593 681
141 476 681
274 270 681
383 869 681
401 590 681
401 117 681
748 221 681
401 615 681
401 417 682
401 54 682
401 637 682
401 62 682
401 152 682
637 829 682
83 261 682
705 445 683
134 62 683
538 490 683
538 662 683
216 738 683
143 386 683
645 81 683
739 224 683
739 180 683
739 149 684
619 853 684
739 149 684
83 738 684
233 226 685
739 362 685
98 853 685
98 392 685
47 224 685
394 585 685
777 593 687
777 264 687
777 868 687
777 265 687
347 831 688
384 869 688
216 738 688
580 282 688
205 615 689
83 738 689
538 264 689
578 831 689
134 853 690
39 593 690
39 594 690
846 476 690
268 729 690
846 638 690
274 738 690
873 482 690
134 593 690
383 869 690
383 738 690
582 81 691
822 389 691
498 247 691
498 493 691
498 62 691
283 221 692
283 538 692
283 538 692
283 557 692
870 183 692
609 386 692
846 617 693
141 476 693
539 738 694
865 293 694
274 738 694
83 738 694
347 389 694
216 738 694
65 843 695
805 851 695
805 851 695
748 221 695
173 437 696
686 94 696
422 594 700
91 477 701
91 290 701
91 433 701
91 152 701
102 869 701
822 389 701
193 493 701
359 437 701
359 97 701
9 152 702
9 290 702
567 36 702
480 495 702
141 477 702
43 442 702
375 62 702
91 477 702
318 495 703
347 389 703
141 477 703
117 593 703
117 394 703
164 362 704
164 81 704
164 99 704
164 320 704
164 323 704
485 572 704
856 442 704
395 433 704
395 442 704
395 442 704
39 594 705
578 92 705
392 869 705
870 437 705
418 515 705
418 493 705
238 75 706
238 729 706
382 221 706
756 445 706
813 370 706
813 370 706
813 370 706
813 370 706
219 323 706
18 897 706
91 433 707
510 320 707
510 362 707
510 362 707
346 183 707
346 897 707
298 830 707
46 780 707
366 282 707
164 362 708
164 323 708
164 320 708
846 476 708
846 477 708
745 538 708
812 126 708
745 69 708
397 672 708
438 874 708
438 738 708
531 320 708
531 75 708
744 673 708
65 518 710
531 762 710
531 595 710
531 628 710
531 45 710
531 870 710
274 775 711
47 69 711
806 759 711
188 855 711
188 671 711
870 395 711
870 706 711
384 507 711
283 538 712
283 538 712
283 51 712
283 390 712
283 221 712
9 790 712
578 855 712
578 871 712
395 766 712
18 762 712
18 60 712
18 428 712
18 523 712
97 592 713
97 33 713
447 242 713
447 738 713
172 549 713
43 350 713
719 249 713
719 672 713
719 294 713
205 106 713
719 248 713
164 320 713
164 544 713
135 329 714
398 45 714
398 437 714
276 778 714
538 296 714
538 759 714
134 4 714
438 738 714
438 676 714
438 546 714
813 703 714
728 101 714
142 874 714
838 244 714
838 515 714
838 290 714
119 546 714
119 294 714
119 543 714
822 389 714
9 4 714
9 45 714
9 759 714
9 703 714
367 230 714
1 741 714
1 741 714
63 49 715
141 545 715
141 597 715
141 295 715
141 759 715
743 362 715
743 99 715
743 249 715
141 178 715
743 179 715
743 349 715
346 4 715
346 854 715
346 544 715
346 644 715
346 184 715
220 394 715
347 433 715
347 504 715
347 185 715
347 389 715
347 518 715
102 869 715
450 245 715
102 86 715
744 153 715
392 86 715
392 157 715
842 104 715
274 4 715
274 738 715
806 644 715
285 788 715
285 512 715
285 296 715
259 724 716
259 388 716
637 672 716
637 856 716
91 433 716
637 180 716
637 107 716
91 234 716
91 881 716
18 96 716
57 292 716
891 60 716
891 106 716
892 743 716
395 433 716
395 86 716
892 81 716
892 81 716
892 297 716
752 54 716
805 282 716
405 102 716
811 119 716
531 320 716
48 762 717
48 790 717
164 362 717
870 60 717
485 97 717
9 759 717
538 296 717
538 759 717
538 545 717
538 743 717
64 887 717
619 96 717
383 507 717
383 157 717
383 738 717
383 738 717
383 869 717
181 372 717
695 549 717
695 858 717
695 431 717
695 725 717
695 260 717
752 284 717
752 559 717
752 559 717
752 154 717
395 790 718
395 386 718
510 320 718
394 725 718
384 157 718
510 362 718
509 545 718
243 549 718
243 498 718
243 290 718
243 152 718
538 559 718
91 433 718
91 290 718
438 738 718
438 6 718
438 389 718
695 549 718
321 734 718
821 104 719
216 738 719
216 738 719
216 874 719
813 834 719
264 31 719
872 323 719
735 855 719
756 288 719
834 725 719
238 75 719
173 759 720
141 759 720
141 545 720
393 734 720
164 362 720
397 672 720
164 323 720
164 320 720
870 734 720
870 636 720
394 725 720
870 627 720
231 452 720
601 839 720
601 732 720
274 627 720
422 589 720
422 589 720
221 257 720
531 75 720
531 320 720
580 501 721
580 282 721
516 730 721
392 869 721
872 323 724
817 851 724
255 592 724
255 876 724
91 734 724
51 830 724
529 96 724
634 362 725
318 839 725
318 558 725
512 126 725
592 292 725
592 540 725
592 875 725
592 99 725
592 880 725
592 220 725
592 45 725
432 873 726
432 782 726
432 876 726
432 101 726
432 102 726
578 881 726
39 77 726
39 628 726
39 323 726
39 248 726
39 703 726
39 370 726
39 555 726
39 78 726
39 231 726
39 242 726
39 517 726
39 129 726
47 729 726
244 230 726
105 763 726
735 507 727
645 81 727
645 184 727
645 521 727
287 357 727
743 362 727
743 99 727
422 829 727
637 829 728
838 178 728
637 362 728
347 556 728
809 418 728
803 96 728
231 777 728
274 96 728
739 224 728
91 154 728
739 224 728
375 107 729
739 224 729
739 224 729
870 734 729
173 759 729
164 323 729
164 99 729
509 545 729
164 320 729
142 874 729
813 703 729
813 370 729
141 545 729
351 62 729
395 734 729
351 637 729
556 90 729
92 357 729
62 292 729
92 357 729
421 437 729
91 734 730
844 881 730
637 437 730
50 154 730
141 437 730
18 96 730
842 701 730
842 854 730
231 881 730
813 379 730
345 701 730
624 701 730
18 96 731
871 81 731
871 484 731
346 854 731
216 874 731
274 96 731
274 96 731
395 734 732
395 858 732
395 389 732
539 597 732
83 186 732
83 738 732
268 729 732
268 729 732
725 830 732
83 33 732
268 776 732
268 706 732
494 104 732
494 782 732
494 61 732
494 736 732
295 234 732
367 224 732
582 851 732
394 389 732
747 220 733
60 600 733
705 760 733
705 751 733
705 106 733
705 52 733
531 320 733
18 96 734
90 867 734
193 559 735
891 106 735
870 734 736
870 706 736
192 545 736
383 507 737
99 855 737
742 261 737
194 734 737
336 84 738
813 356 738
336 394 738
283 38 738
142 874 738
142 782 738
578 881 738
578 830 738
578 830 738
283 184 738
3 662 739
3 90 739
3 490 739
3 558 739
3 545 739
64 52 739
247 290 739
247 515 739
18 96 739
62 759 740
39 323 740
39 703 740
39 370 740
39 437 740
39 356 740
39 389 740
384 224 740
197 106 740
59 227 740
274 96 740
59 221 740
59 757 740
274 96 740
274 261 740
247 417 740
531 320 740
247 763 740
538 490 740
538 662 740
525 394 740
556 90 740
797 386 740
797 703 740
421 557 741
870 789 741
870 734 741
870 557 741
91 290 741
124 389 742
871 417 742
336 394 742
274 557 742
336 59 742
395 386 742
395 867 742
395 734 742
135 362 742
29 443 742
296 498 742
376 876 742
91 734 742
805 282 742
805 851 742
489 182 742
525 394 742
126 897 742
126 104 742
126 104 742
489 296 742
141 295 743
538 296 743
870 734 743
637 362 743
637 498 744
637 443 744
637 703 744
637 518 744
164 323 744
164 320 744
443 386 744
816 370 744
18 96 744
18 96 744
18 897 745
18 867 745
274 96 745
274 96 745
274 96 745
274 96 745
346 184 745
346 897 745
346 443 745
756 592 745
531 320 746
803 96 748
742 261 748
637 443 749
405 417 749
405 437 749
405 590 749
405 530 749
405 737 749
283 184 749
283 221 749
83 874 749
83 734 749
274 261 749
619 853 750
745 69 750
359 97 750
205 417 750
345 290 750
64 737 750
18 96 750
229 435 751
421 557 751
421 394 751
559 244 751
137 545 751
137 851 751
813 370 752
274 96 752
498 637 752
699 442 753
870 734 753
699 747 753
65 293 753
686 734 754
686 96 754
686 389 754
686 388 754
686 388 754
238 75 754
238 729 754
62 734 755
709 874 755
274 96 755
274 96 756
18 96 756
443 389 756
18 96 756
628 502 756
346 443 756
274 96 756
83 734 756
83 734 756
822 389 756
871 417 756
18 96 756
637 443 756
30 126 757
753 236 757
861 558 757
861 759 757
237 83 757
237 252 757
531 75 757
861 644 757
645 644 760
405 417 760
9 759 761
292 482 761
91 290 761
274 96 761
873 482 762
873 589 762
873 706 762
62 644 762
871 417 762
522 388 762
18 96 762
194 734 762
424 737 762
733 394 763
367 443 763
752 788 763
752 559 764
90 734 764
29 443 764
134 870 765
134 627 765
405 102 765
405 102 765
367 443 767
870 557 767
870 706 767
153 627 767
346 443 768
346 644 768
285 627 768
268 729 768
435 762 768
435 545 768
443 734 769
401 481 769
531 762 770
531 870 770
633 357 770
582 240 773
803 96 776
803 96 776
803 236 776
580 282 776
347 556 777
239 857 777
359 126 778
870 293 778
870 878 778
870 240 778
628 672 778
595 830 778
142 874 779
142 294 779
142 830 779
142 389 779
18 96 779
18 96 779
298 294 779
298 830 779
243 293 779
347 556 780
727 637 781
727 81 781
733 31 781
861 418 781
861 418 781
870 437 781
861 197 781
861 895 781
173 290 781
173 759 782
637 672 783
637 437 783
805 282 787
805 851 787
805 370 787
805 370 787
39 323 787
39 370 787
93 270 787
93 290 787
93 290 787
574 691 787
72 593 787
72 222 787
619 895 788
813 370 788
92 357 788
39 370 789
264 360 789
709 739 789
709 595 789
709 690 789
582 895 790
582 851 790
582 240 790
375 590 790
268 729 791
192 545 791
384 2 791
30 126 791
794 257 791
794 572 791
336 357 791
47 2 792
865 593 792
276 236 792
397 672 792
137 851 792
510 320 792
368 881 792
494 391 793
777 522 794
777 293 794
737 238 794
813 370 796
395 386 797
742 257 797
395 734 797
395 442 797
395 443 797
9 437 797
9 759 797
9 706 797
405 437 797
405 590 797
822 558 798
822 389 798
787 615 798
619 895 799
619 357 799
634 362 799
846 477 799
346 443 799
164 895 799
164 320 799
619 895 800
777 593 800
134 895 800
205 615 800
64 391 800
64 887 800
509 593 801
677 538 801
435 240 801
173 759 801
173 389 801
435 636 801
55 284 801
578 590 801
435 852 801
55 389 801
797 390 801
797 390 801
243 887 802
231 452 802
231 308 802
619 895 802
173 389 802
93 290 802
735 389 802
9 437 802
9 290 802
367 483 802
705 40 802
435 759 803
435 759 803
279 182 803
383 222 803
216 874 803
216 738 803
870 636 803
435 222 803
762 373 803
762 424 803
173 437 803
173 290 803
296 498 804
397 672 804
142 443 804
142 389 804
142 294 804
443 734 804
805 851 804
394 389 804
367 443 804
686 96 805
173 389 805
686 734 805
394 389 805
93 290 805
164 99 805
373 236 805
121 226 805
121 421 805
443 734 806
443 734 806
36 94 806
881 226 807
881 226 807
881 421 807
531 595 807
345 498 808
603 493 810
9 437 810
9 759 810
9 290 810
603 448 810
194 389 810
220 394 810
220 394 810
93 290 811
117 394 811
367 444 811
870 789 811
870 734 811
336 394 811
39 373 811
39 370 811
102 789 811
39 437 811
62 734 811
62 759 811
62 443 811
62 498 812
625 150 812
56 389 812
56 493 812
85 294 812
613 370 812
582 389 812
582 851 812
382 132 812
525 394 813
367 443 813
375 150 813
870 734 814
9 222 814
383 222 814
752 284 814
733 394 814
279 713 815
360 572 815
834 389 815
50 294 815
489 182 815
797 437 815
395 734 816
870 734 816
637 437 816
637 498 816
394 389 816
31 557 816
193 559 816
548 257 817
153 518 817
83 739 817
861 62 817
861 492 817
173 448 817
47 729 817
447 357 818
870 423 818
220 394 818
141 545 818
141 759 818
57 292 819
57 292 819
93 123 821
93 120 821
742 598 821
91 734 821
91 734 821
91 734 821
91 734 821
91 734 821
91 444 821
9 133 821
9 437 821
9 251 821
9 759 821
435 222 821
264 31 822
192 545 822
283 705 822
803 197 822
803 96 822
803 595 822
803 595 822
57 742 822
247 290 822
220 632 822
861 197 823
62 292 823
62 498 823
62 510 823
62 437 823
803 197 823
92 357 823
539 759 824
345 133 824
50 444 824
686 96 824
803 96 824
336 394 824
336 357 824
686 96 824
686 94 824
709 636 824
709 739 824
363 767 824
803 96 824
803 96 824
313 732 825
313 598 825
313 598 825
313 421 825
313 433 825
313 186 825
313 736 825
313 53 825
313 294 825
313 730 825
313 245 825
313 105 825
313 443 825
313 150 825
313 596 825
285 788 825
285 546 825
752 788 825
9 759 825
752 843 825
752 789 825
752 789 825
564 830 825
194 421 825
420 394 825
178 743 826
624 851 826
624 883 826
345 546 826
435 244 826
318 389 826
392 869 827
392 157 827
443 386 827
321 100 827
321 100 827
435 869 827
18 96 827
102 869 828
392 869 828
102 869 828
102 869 828
392 869 828
654 869 828
654 641 828
392 869 828
705 434 828
705 258 828
725 387 828
725 830 828
102 869 828
102 869 828
383 293 828
216 739 828
276 497 828
190 389 829
200 362 829
98 389 829
628 672 829
628 672 829
367 443 829
367 444 829
367 546 829
510 99 829
709 739 829
83 53 829
268 729 829
392 869 829
39 369 829
39 370 829
47 128 829
594 370 829
47 729 829
594 786 829
164 99 829
346 240 829
346 294 829
631 389 829
346 258 829
582 851 830
531 320 830
582 851 830
39 370 830
582 389 830
39 437 830
39 632 830
39 206 830
39 371 830
531 362 830
872 99 830
609 107 830
861 387 830
871 91 830
871 484 830
871 392 830
533 572 830
533 181 831
533 222 831
635 181 831
861 759 831
187 150 831
29 443 832
90 737 832
90 734 832
93 290 833
392 389 834
9 107 834
255 365 835
603 288 835
367 443 835
745 387 835
538 546 835
654 869 835
435 222 835
247 290 836
91 290 836
106 388 836
135 362 836
135 510 836
135 572 836
135 748 836
135 258 836
135 91 836
283 387 836
283 387 836
752 60 836
19 787 837
347 641 837
422 437 837
510 99 837
510 320 837
422 258 837
510 362 837
65 843 837
719 541 838
645 895 838
645 521 838
531 320 838
870 240 838
870 843 838
318 389 839
102 869 839
637 437 839
384 869 839
173 759 839
173 290 839
483 287 839
102 869 839
533 222 840
533 181 840
695 392 840
695 392 840
3 662 840
3 490 840
686 392 840
891 60 840
539 105 840
538 490 840
538 662 840
745 387 841
601 127 841
601 732 841
601 732 841
725 830 841
856 442 841
9 437 841
346 521 841
346 258 841
194 389 842
57 292 842
190 389 842
190 284 842
190 284 842
98 392 842
238 75 845
238 729 845
803 732 845
803 96 845
803 672 845
742 546 845
742 261 845
742 261 845
742 703 845
268 729 845
742 428 846
383 703 847
634 484 847
47 729 847
62 292 847
62 759 847
345 387 848
345 290 848
9 703 848
285 546 848
285 598 848
538 546 849
752 789 849
752 559 849
351 62 849
752 843 849
752 182 849
57 292 849
383 546 850
384 703 850
62 292 850
164 99 850
164 320 850
164 323 850
494 104 851
806 759 851
498 492 851
259 725 852
394 725 852
806 392 853
628 672 853
346 546 853
805 492 853
890 709 853
435 759 854
435 762 854
802 437 855
863 554 855
627 107 857
62 759 858
285 546 859
285 6 859
285 6 859
645 127 859
645 521 859
538 546 860
164 734 860
91 734 861
91 290 861
164 734 862
141 759 862
806 392 862
216 739 862
802 40 862
870 60 863
278 516 863
383 392 864
489 643 864
367 546 864
825 530 865
825 540 865
825 178 865
825 97 865
825 97 865
861 68 865
861 759 865
861 94 865
861 187 865
861 759 865
861 81 865
435 153 865
274 261 865
861 724 865
538 759 865
567 637 865
567 36 865
274 244 865
567 757 865
579 738 865
579 33 865
579 598 865
274 546 865
861 759 865
274 598 866
285 546 866
285 598 866
285 598 866
83 33 866
173 290 866
806 759 866
392 869 866
392 869 866
871 81 866
705 308 866
635 851 867
39 323 868
870 643 870
870 759 870
495 447 871
164 81 871
164 323 871
268 729 871
164 94 871
216 738 871
255 593 871
255 776 871
383 869 871
383 738 871
634 362 871
283 387 872
200 881 872
392 869 872
392 703 872
435 869 873
709 739 873
739 776 874
405 530 874
489 290 874
367 522 874
392 869 874
345 290 874
813 703 874
383 703 875
489 290 875
173 290 875
865 593 875
592 292 875
62 292 875
592 78 875
592 540 875
592 292 875
592 61 875
592 133 875
592 45 875
592 491 875
592 543 875
592 874 875
592 437 875
592 239 875
592 632 875
395 433 876
592 881 876
395 429 876
395 386 876
592 182 876
592 53 876
592 38 876
395 734 876
395 290 876
592 220 876
592 373 876
592 222 876
592 372 876
592 51 876
592 349 876
592 870 876
592 329 876
592 735 876
592 590 876
592 356 876
592 517 876
592 179 876
592 4 876
592 851 876
592 242 876
592 241 876
592 776 876
592 127 876
592 484 876
592 260 876
592 206 876
592 81 876
592 388 876
592 60 876
538 546 876
592 230 876
592 2 876
592 736 876
592 585 876
592 101 876
592 556 876
592 627 876
592 790 876
592 502 876
592 546 876
592 854 876
592 644 876
592 105 876
592 178 876
592 389 876
592 829 876
592 187 876
592 126 876
592 431 876
592 777 876
592 258 876
592 183 876
592 673 876
592 415 876
592 324 876
744 153 876
870 734 876
602 240 876
489 290 876
602 96 876
602 737 876
602 99 876
85 294 876
85 68 876
85 68 876
185 126 876
85 290 876
59 329 877
164 738 877
383 738 877
510 362 877
392 703 877
298 294 877
725 734 877
9 133 877
9 530 877
18 96 878
686 96 878
686 96 878
686 96 878
383 703 878
435 222 878
435 153 878
686 94 878
686 94 878
871 644 878
686 49 878
346 4 878
346 546 878
579 738 878
83 738 878
9 759 878
9 703 878
579 738 878
579 33 878
579 598 878
435 759 879
861 644 879
861 759 880
555 257 880
861 68 880
93 290 880
861 853 880
861 94 880
861 81 880
384 546 881
279 182 882
333 386 882
742 703 882
742 546 882
742 261 882
221 544 882
424 522 883
47 729 883
383 738 883
47 776 883
47 2 883
62 644 884
62 437 884
62 4 884
62 45 884
405 590 884
405 776 884
515 221 884
421 359 884
93 222 884
93 507 884
93 435 884
93 510 884
93 133 884
93 376 884
93 627 884
93 839 884
93 437 884
93 154 884
93 782 884
93 295 884
93 92 884
93 594 884
93 543 884
93 394 884
93 4 884
93 60 884
93 371 884
93 484 884
93 197 884
93 187 884
93 102 884
93 183 884
93 759 884
93 703 884
93 389 884
93 152 884
93 107 884
93 636 884
93 585 884
93 870 884
367 522 884
367 522 884
367 92 885
742 703 885
135 362 885
9 376 885
9 782 885
135 673 885
9 703 885
9 107 885
9 290 885
405 102 885
405 133 885
742 703 885
538 759 885
538 543 885
285 394 885
121 421 886
47 776 886
93 133 886
47 69 886
121 734 886
93 376 886
93 782 886
121 226 886
93 92 886
93 543 886
121 424 886
93 394 886
93 102 886
93 759 886
93 703 886
93 107 886
93 290 886
813 703 886
744 153 886
744 153 886
194 734 886
510 362 886
91 154 886
91 290 886
91 290 886
62 759 886
9 782 887
383 782 887
383 703 887
538 759 887
538 543 887
457 517 887
383 183 887
347 556 887
347 389 887
9 703 887
9 290 887
285 546 887
285 788 887
18 96 887
19 221 887
200 362 887
562 70 887
870 60 887
50 154 888
891 60 888
392 869 888
392 556 888
489 182 888
420 94 888
489 290 888
307 558 889
307 558 889
307 105 889
307 543 889
435 869 889
62 759 889
62 183 889
102 869 889
395 480 889
395 790 889
579 738 889
602 96 889
395 386 889
405 102 889
395 388 889
194 105 889
392 869 889
392 92 889
392 92 889
392 703 889
18 96 889
397 853 889
9 790 890
9 703 890
83 738 890
307 105 890
307 238 890
601 521 890
346 4 890
346 544 890
346 546 890
83 734 890
538 543 890
392 869 890
861 759 891
93 154 891
93 782 891
93 290 891
93 703 891
93 92 891
93 543 891
93 4 891
93 60 891
93 389 891
93 759 891
93 183 891
93 102 891
762 373 891
762 444 891
762 424 891
194 105 891
881 226 892
531 55 892
531 320 892
333 386 893
742 703 893
803 96 895
803 183 895
891 247 895
891 560 895
9 759 895
9 703 895
538 759 895
93 863 895
93 183 895
93 703 895
93 759 895
868 442 895
567 81 895
567 81 895
405 319 896
285 543 896
93 543 896
345 156 896
405 102 896
205 229 896
383 782 896
383 738 896
383 450 896
93 102 896
93 782 896
579 355 897
579 260 897
579 264 897
579 759 897
579 730 897
634 415 897
405 102 897
787 615 897
93 759 897
93 102 897
47 495 897
39 323 897
39 632 897
39 206 897
39 78 897
39 127 897
56 94 897
870 734 897
52 100 897
9 81 897
9 759 897
9 703 897
538 759 898
538 264 898
173 442 898
173 290 898
686 94 898
686 544 898
858 31 898
394 782 898
870 265 898
870 759 898
62 759 898
345 31 899
538 759 899
268 729 899
268 776 899
268 706 899
18 708 899
18 96 899
405 776 899
3 759 900
9 759 900
3 224 900
360 264 900
538 759 900
538 759 900
538 264 900
91 686 900
91 727 900
91 542 900
91 444 900
93 782 900
91 290 900
93 759 900
93 703 900
93 290 900
400 96 900
833 445 900
833 643 900
538 759 900
400 260 900
50 444 900
50 154 900
400 741 900
400 242 900
375 590 901
870 706 901
870 878 901
870 788 901
216 739 901
529 96 901
383 782 901
383 224 901
686 96 901
861 295 901
62 759 901
861 759 901
861 187 901
861 94 901
62 759 901
205 615 901
861 759 901
861 521 902
9 759 902
9 703 902
803 96 902
861 252 902
861 881 902
861 759 902
861 183 902
394 782 902
541 706 902
443 706 902
341 479 902
83 355 903
83 730 903
141 476 903
141 295 903
141 92 903
141 617 903
141 178 903
141 97 903
363 446 903
655 853 903
619 853 903
39 46 906
742 703 906
243 308 906
91 154 906
91 290 906
9 703 907
538 759 908
548 257 908
548 156 908
619 389 908
510 362 908
871 780 908
392 869 909
742 703 909
98 853 910
313 732 911
313 598 911
313 421 911
313 150 911
313 596 911
313 736 911
313 105 911
435 759 911
49 247 911
62 759 911
285 598 911
285 546 911
202 448 911
285 788 911
285 512 911
813 370 911
56 94 912
383 782 912
400 96 912
383 556 912
383 556 912
132 107 912
9 512 912
538 546 912
538 759 912
392 556 912
90 737 913
90 749 913
871 81 913
871 389 913
90 737 913
392 389 913
367 224 913
861 759 913
634 362 913
698 153 913
383 556 913
870 183 913
861 295 913
709 739 913
345 183 913
151 855 913
733 394 914
538 759 914
233 709 914
787 615 914
233 83 914
216 739 914
435 759 914
326 446 914
579 739 914
579 596 914
579 759 914
141 295 914
744 153 914
686 94 915
686 389 915
443 157 915
173 448 915
173 183 915
164 362 917
164 81 917
164 323 917
164 320 917
395 442 918
627 673 919
872 323 919
216 739 919
496 227 919
634 362 919
264 31 919
562 391 919
562 880 919
562 870 919
337 260 920
337 737 920
861 759 920
247 515 920
422 258 920
422 437 920
422 594 920
280 504 920
422 880 920
422 589 920
803 737 920
422 829 920
173 759 920
392 157 920
31 868 920
392 869 920
9 437 921
367 157 921
9 880 921
367 546 921
367 546 921
135 362 921
742 546 921
135 442 921
135 782 921
135 58 921
742 452 921
538 546 921
141 585 921
205 615 921
205 880 921
383 157 921
803 362 921
742 546 921
92 373 921
742 261 921
92 596 921
62 183 922
47 157 922
538 546 922
384 157 922
510 320 922
510 362 922
872 880 923
531 880 923
531 595 923
531 75 923
871 81 923
419 448 923
803 595 923
861 759 923
618 102 923
803 595 923
173 759 924
62 759 924
395 442 924
812 126 924
448 450 924
448 450 924
448 450 924
93 437 924
93 154 924
93 782 924
93 92 924
93 594 924
93 394 924
93 290 924
93 870 924
93 585 924
93 107 924
47 450 924
93 759 925
93 183 925
93 187 925
93 102 925
93 671 925
9 437 925
93 437 925
173 671 925
93 671 925
173 671 925
93 671 925
173 437 925
173 437 925
173 895 925
93 437 925
56 389 925
698 153 925
93 349 925
93 517 925
9 437 925
173 437 925
93 437 925
579 598 925
579 759 925
93 759 925
346 546 925
83 598 925
9 437 926
93 437 926
129 70 926
93 40 926
435 153 926
93 597 926
93 512 926
93 251 926
62 759 926
93 52 926
698 153 926
93 706 926
93 759 926
616 593 926
220 394 926
93 394 926
62 759 926
93 759 926
93 127 926
432 873 926
744 153 926
698 153 926
744 153 926
9 873 926
93 881 926
538 546 927
285 546 927
134 593 927
134 881 927
134 870 927
686 389 927
538 546 927
709 739 928
709 357 928
861 724 928
861 759 928
93 870 928
93 389 928
93 759 928
592 78 930
592 133 930
592 437 930
592 870 930
592 632 930
742 598 930
742 222 931
742 883 931
742 883 931
745 538 932
192 92 932
395 388 932
395 734 932
93 92 932
93 222 932
93 437 932
93 870 932
62 437 933
93 133 933
93 437 933
645 780 933
146 725 934
83 598 934
803 897 935
803 863 935
9 133 935
9 437 935
9 222 935
9 376 935
9 224 935
9 530 935
9 597 935
62 437 935
93 863 935
93 133 935
9 437 935
62 376 935
9 133 935
93 133 935
9 376 935
9 133 935
9 512 935
9 876 935
9 395 935
9 627 935
9 703 935
93 437 935
9 870 935
9 437 935
93 133 935
62 437 935
9 880 935
93 437 935
9 133 935
62 395 935
9 437 935
9 395 935
62 437 935
9 290 935
62 395 935
9 437 935
9 395 935
62 437 935
9 431 935
173 437 935
9 437 935
9 437 935
9 437 935
12 229 935
62 437 935
9 437 935
62 437 935
9 107 935
9 437 935
12 857 935
62 437 935
12 99 935
9 437 935
9 287 935
62 437 935
93 290 935
285 512 935
93 512 935
337 395 935
9 512 935
9 395 935
9 290 935
383 222 935
383 703 935
9 703 935
618 442 935
93 222 936
93 512 936
93 703 936
93 290 936
448 450 936
285 296 936
64 391 936
579 546 938
579 759 938
579 598 938
93 759 938
846 476 938
861 895 938
846 617 938
861 187 938
861 759 938
861 52 938
285 598 939
18 96 939
50 154 939
93 52 939
93 759 939
93 154 939
93 187 939
83 759 939
579 759 939
83 759 939
579 759 939
83 759 939
134 857 940
803 96 940
861 362 940
861 52 940
861 662 940
394 725 940
721 247 943
279 428 944
538 662 944
405 102 944
405 417 944
405 530 944
400 543 944
384 222 945
93 222 945
93 543 945
93 102 945
93 759 945
93 52 945
871 417 945
394 388 945
322 363 946
205 417 946
205 229 946
196 705 946
255 46 947
12 229 947
870 290 948
870 627 948
93 290 948
93 627 948
185 126 948
283 538 948
285 546 948
18 96 948
803 96 949
489 643 949
616 593 949
367 224 949
367 546 949
861 52 949
861 662 949
861 662 949
861 546 949
400 96 950
400 543 950
777 265 950
400 40 950
777 264 950
538 264 950
538 662 950
538 546 950
367 546 950
392 869 950
803 96 950
803 96 950
285 546 950
18 96 950
803 96 950
803 96 950
579 759 950
18 96 950
4 492 950
18 96 950
4 222 950
18 96 951
18 96 951
494 757 951
83 759 951
806 759 951
871 417 951
803 96 951
803 96 951
803 96 951
803 96 951
803 96 951
18 96 951
515 221 951
515 443 951
515 360 951
72 491 952
72 423 952
72 706 952
72 319 952
72 431 952
72 627 952
72 390 952
671 261 953
93 222 953
93 40 953
93 543 953
93 627 953
93 759 953
93 52 953
93 706 953
870 423 956
870 643 956
62 759 956
62 376 956
489 643 956
205 417 956
400 96 956
93 376 956
93 759 956
395 442 956
239 417 956
91 290 956
752 60 956
752 60 956
752 60 956
871 229 957
624 883 957
18 96 957
443 734 958
60 329 958
243 290 958
752 788 958
752 154 958
18 96 958
18 96 958
18 96 958
18 96 958
18 96 958
9 703 958
9 706 958
395 734 958
395 869 958
395 388 958
12 229 959
443 388 959
443 157 959
443 386 959
347 556 959
861 376 959
347 556 959
861 759 959
383 556 959
435 734 959
686 96 959
686 96 959
686 96 959
686 96 959
529 90 959
529 790 960
686 96 960
9 376 960
9 790 960
62 759 960
655 637 960
18 96 960
93 154 960
93 376 960
93 60 960
93 290 960
93 759 960
93 706 960
93 703 960
287 357 960
9 703 960
287 357 960
9 290 960
62 759 960
62 376 960
870 240 960
420 94 961
53 40 961
762 585 961
400 96 961
392 869 961
141 70 961
141 70 961
141 92 961
395 386 962
395 388 962
395 480 962
243 887 962
871 229 962
525 394 962
813 556 962
813 388 962
686 96 962
141 545 962
686 96 962
686 96 962
637 437 962
216 739 962
62 437 962
92 99 962
92 91 962
39 373 963
39 323 963
39 370 963
579 759 963
394 388 963
861 376 963
861 90 963
188 99 964
806 759 966
803 96 967
742 222 967
742 883 967
742 759 967
742 703 967
742 636 967
742 182 967
742 703 967
510 362 967
538 759 968
742 261 968
384 703 968
742 703 969
443 388 969
742 546 969
394 388 969
742 598 969
806 759 969
1 741 969
538 759 969
392 556 969
93 437 969
93 376 969
93 394 969
93 92 969
93 759 969
93 703 969
93 636 969
93 585 969
93 290 969
387 593 969
345 60 969
345 388 969
783 491 969
783 491 969
742 636 969
578 881 969
346 443 970
637 437 970
62 437 970
395 858 970
4 222 971
367 443 971
422 594 971
422 703 971
655 853 971
384 703 971
135 437 971
135 362 971
141 92 972
141 759 972
383 703 972
383 556 972
733 394 972
93 437 972
93 222 972
93 881 972
93 92 972
93 594 972
383 222 972
93 394 972
93 222 972
93 60 972
93 759 972
93 703 972
93 636 972
62 759 972
62 437 972
345 60 972
384 703 972
384 703 972
383 222 972
383 703 972
383 507 972
18 96 972
18 96 972
870 734 972
93 437 972
93 222 972
93 60 972
93 759 972
93 507 972
93 703 972
383 507 972
383 703 972
860 858 972
93 703 972
93 507 973
93 507 973
383 507 973
243 887 973
274 96 973
686 96 973
274 261 973
739 293 973
739 878 973
739 878 973
274 775 973
739 878 973
739 878 973
633 357 974
18 96 974
83 759 974
739 99 974
83 734 974
9 703 974
739 99 974
93 703 974
93 507 974
93 759 974
185 734 974
9 507 974
9 703 974
652 81 974
652 787 974
700 734 974
9 81 974
336 357 974
652 81 974
336 394 974
9 81 974
9 133 974
9 437 974
9 376 974
62 437 974
367 224 975
336 874 975
336 96 975
336 96 975
488 90 975
336 523 975
579 759 975
93 376 975
93 759 975
93 703 975
93 507 975
93 437 975
93 133 975
336 737 975
93 394 975
135 442 975
336 102 975
336 759 975
336 264 975
336 868 975
367 357 975
62 437 975
141 92 975
141 759 975
538 759 976
538 264 976
93 437 976
93 92 976
93 102 976
93 759 976
424 522 976
62 437 976
194 734 976
62 734 976
62 759 976
93 759 976
93 437 976
671 261 976
709 357 976
709 739 976
709 739 976
686 96 976
62 875 977
62 875 977
90 442 977
90 867 977
93 270 977
18 96 978
742 418 979
742 636 979
742 703 979
742 222 979
742 261 979
742 81 979
742 759 979
742 557 979
742 53 979
742 871 979
742 257 979
283 184 979
870 734 979
870 789 979
870 434 979
578 871 980
578 830 980
752 287 980
538 759 980
695 549 980
383 224 980
861 119 980
861 376 980
861 418 980
93 222 980
93 376 980
93 759 980
93 636 980
93 703 980
9 437 980
9 376 980
9 81 980
9 676 980
686 778 981
93 376 981
93 437 981
9 376 981
247 763 981
367 224 981
367 522 981
367 86 981
742 418 981
742 81 981
753 897 981
274 96 981
274 557 982
205 106 982
395 766 982
395 867 982
395 734 982
395 442 982
395 858 982
395 86 982
9 81 982
283 858 982
283 442 982
173 442 982
805 282 982
739 776 982
384 222 982
709 592 982
709 636 982
671 261 982
255 739 982
336 84 982
336 96 982
185 676 982
742 261 982
585 874 982
742 557 982
742 636 983
830 373 983
830 760 983
93 222 983
830 154 983
93 376 983
830 743 983
830 643 983
93 636 983
830 387 983
830 858 983
830 444 983
830 152 983
830 873 983
830 54 983
830 390 983
830 282 983
830 186 983
830 597 983
830 512 983
830 628 983
830 81 983
830 40 983
830 49 983
830 323 983
830 881 983
830 735 983
830 94 983
830 589 983
830 179 983
830 395 983
830 395 983
830 270 983
830 594 983
830 498 983
9 376 983
830 83 983
830 627 983
830 448 983
830 252 983
830 523 983
830 4 983
830 206 983
830 521 983
830 371 983
803 96 983
830 484 983
803 96 983
830 618 983
803 875 983
830 106 983
803 868 983
830 431 983
830 518 983
830 662 983
830 706 983
830 557 983
830 757 983
830 421 983
830 596 983
830 423 983
830 123 983
229 435 983
141 92 983
91 234 984
18 96 984
18 96 984
336 96 984
861 418 984
797 386 984
93 435 984
93 376 984
93 92 984
797 388 984
367 86 985
292 482 985
18 96 985
865 293 985
90 867 985
686 96 985
593 856 985
243 549 986
243 776 986
18 96 986
18 96 986
283 442 986
173 442 986
3 662 986
3 90 986
3 759 986
3 759 986
3 224 986
3 775 986
400 543 986
62 437 986
62 376 986
806 759 986
62 875 986
62 759 986
9 437 986
367 437 986
733 106 986
9 152 986
395 386 986
395 858 987
585 739 987
579 759 987
141 92 987
367 870 987
9 759 987
9 870 987
846 638 987
846 421 987
870 395 987
307 376 987
135 442 987
307 418 987
135 759 987
197 446 988
93 870 988
93 437 988
93 376 988
93 92 988
93 543 988
93 152 988
375 297 988
93 759 988
709 636 988
709 874 988
709 739 988
709 690 988
637 856 988
637 437 988
173 585 989
742 636 991
742 222 991
742 53 991
742 81 991
742 871 991
62 437 992
62 376 992
283 858 992
283 442 992
578 881 992
283 379 992
9 437 993
173 442 993
9 376 993
9 81 993
9 395 993
9 759 993
9 152 993
9 870 993
173 448 993
742 357 993
49 247 993
580 282 993
580 501 993
400 627 993
135 442 993
135 759 993
92 357 994
141 92 994
346 53 994
346 184 994
93 437 994
435 222 994
93 222 994
93 376 994
93 881 994
93 92 994
93 627 994
93 759 994
93 152 994
93 636 994
93 585 994
93 870 994
742 357 994
336 357 994
192 92 995
93 92 995
538 543 995
93 543 995
686 96 995
62 395 995
62 376 995
62 437 995
274 96 996
274 96 996
91 152 996
18 96 996
865 593 997
865 242 997
865 491 997
18 96 997
18 96 997
93 376 997
93 152 997
8 90 997
8 244 997
8 197 997
8 319 997
283 437 997
93 437 997
865 437 997
803 197 998
62 376 998
686 96 998
216 739 998
579 739 998
383 874 998
93 437 998
93 376 998
803 96 998
601 129 998
870 70 998
870 290 998
93 290 998
164 323 998
735 53 999
62 376 999
891 96 999
602 297 999
83 53 999
709 874 999
709 739 999
709 479 999
709 883 999
709 522 999
709 6 999
709 868 999
336 96 999
336 96 999
336 96 999
695 549 999
624 701 1001
742 53 1003
742 883 1003
192 92 1004
383 701 1004
870 706 1004
285 106 1004
822 247 1005
9 395 1005
173 442 1005
173 442 1005
135 442 1005
173 442 1005
709 883 1006
686 96 1006
93 706 1006
93 376 1006
93 92 1006
395 388 1006
395 86 1007
395 869 1007
395 556 1007
367 86 1007
62 376 1007
255 776 1007
336 96 1007
435 92 1008
435 388 1008
435 153 1008
345 376 1008
326 446 1008
62 376 1008
709 776 1009
447 600 1009
345 376 1009
870 133 1009
395 388 1009
395 86 1009
742 883 1009
739 2 1009
367 86 1010
739 776 1010
624 53 1010
18 96 1010
744 153 1010
400 96 1010
652 585 1010
652 81 1010
653 96 1011
420 53 1011
336 96 1011
336 96 1011
336 2 1011
336 2 1011
579 759 1011
579 546 1011
18 96 1011
891 96 1011
18 96 1011
671 261 1011
18 96 1011
371 706 1012
346 53 1012
698 153 1012
93 376 1012
93 585 1012
259 725 1012
93 92 1012
93 706 1012
93 759 1012
259 92 1012
134 297 1012
420 53 1012
861 376 1012
443 585 1012
72 585 1012
93 376 1013
93 92 1013
93 585 1013
742 261 1016
742 53 1016
742 759 1016
62 376 1016
336 759 1017
496 349 1017
384 2 1017
255 739 1017
255 776 1017
93 376 1017
93 759 1017
133 776 1018
133 883 1018
133 592 1018
637 133 1018
742 883 1018
861 376 1019
619 895 1019
861 62 1019
709 776 1020
709 883 1020
709 739 1020
488 543 1020
733 394 1020
733 394 1020
268 492 1021
268 706 1021
392 869 1021
268 776 1021
392 86 1021
198 2 1021
720 236 1021
744 153 1022
135 442 1022
243 549 1022
243 776 1022
243 290 1023
870 290 1023
624 53 1023
624 53 1023
742 53 1023
624 53 1023
742 53 1023
742 557 1023
255 739 1024
255 592 1024
255 776 1024
579 759 1024
384 869 1024
102 869 1024
384 869 1024
102 869 1024
384 869 1024
72 706 1024
72 585 1024
164 362 1024
164 99 1024
164 320 1024
283 557 1024
164 323 1024
283 557 1024
173 585 1024
709 592 1026
870 706 1028
400 543 1028
238 729 1029
345 290 1029
83 33 1030
268 60 1030
173 290 1030
102 869 1030
83 33 1030
367 92 1030
383 869 1030
383 869 1030
39 77 1030
39 323 1031
39 248 1031
205 99 1031
62 376 1031
9 376 1031
62 376 1031
9 376 1031
679 445 1031
392 869 1031
384 869 1032
43 442 1032
42 484 1032
173 442 1032
422 388 1033
400 788 1033
400 257 1033
102 869 1033
822 290 1034
578 881 1034
384 869 1034
515 360 1034
283 442 1034
283 557 1034
102 869 1035
420 53 1035
346 895 1035
383 869 1036
383 869 1036
188 99 1036
579 33 1037
239 857 1041
193 706 1041
193 260 1041
43 53 1042
367 868 1042
367 94 1042
752 284 1042
752 559 1042
709 868 1043
62 376 1043
538 284 1043
786 775 1043
161 117 1044
83 33 1044
134 857 1045
268 729 1045
834 94 1045
59 227 1045
59 329 1045
59 221 1045
18 96 1046
645 895 1046
9 376 1046
400 96 1046
283 221 1046
283 748 1046
813 379 1047
562 247 1047
870 868 1047
135 442 1048
392 869 1048
392 388 1048
392 388 1048
392 388 1048
579 636 1048
579 759 1048
83 759 1048
686 96 1049
806 392 1049
806 392 1049
686 96 1049
686 96 1049
686 94 1049
686 392 1049
43 442 1052
279 182 1052
126 555 1053
126 46 1053
49 106 1053
742 598 1053
9 759 1053
806 392 1053
742 759 1053
445 133 1054
445 705 1054
721 247 1054
891 106 1054
891 106 1054
555 257 1054
93 376 1054
93 92 1054
93 543 1054
93 290 1054
93 585 1054
93 759 1054
93 706 1054
93 394 1054
93 636 1054
510 320 1055
510 362 1055
395 442 1055
395 869 1055
395 388 1055
135 442 1055
709 636 1055
9 376 1055
742 703 1055
742 81 1055
686 392 1055
686 392 1055
93 376 1055
93 636 1055
220 394 1055
93 703 1055
97 592 1055
93 394 1055
9 376 1055
9 703 1055
92 357 1055
742 703 1056
742 636 1056
786 775 1056
786 293 1056
384 869 1056
525 394 1057
705 751 1057
9 703 1057
83 636 1057
400 96 1057
83 636 1057
400 788 1057
400 257 1057
102 869 1057
400 242 1057
400 741 1057
400 81 1057
400 543 1057
400 40 1057
173 442 1057
400 260 1057
400 627 1057
400 585 1057
173 759 1057
400 442 1057
870 290 1057
742 703 1058
742 636 1058
367 94 1058
59 221 1059
375 297 1059
43 442 1059
49 106 1059
392 869 1059
102 869 1059
49 106 1060
686 94 1060
579 636 1060
673 84 1060
579 759 1060
891 106 1060
673 676 1060
49 106 1060
891 106 1060
802 706 1060
102 869 1060
49 106 1060
173 442 1060
367 94 1061
367 230 1061
709 636 1061
435 492 1061
435 887 1061
346 895 1061
164 99 1063
164 320 1063
164 853 1063
164 323 1063
742 636 1064
531 320 1064
62 388 1064
62 376 1064
93 376 1065
93 290 1065
93 543 1065
93 543 1065
9 376 1065
9 290 1065
9 290 1065
255 445 1066
135 99 1066
496 530 1066
283 221 1067
19 442 1067
367 92 1067
806 392 1068
400 543 1068
238 308 1068
43 442 1068
618 868 1068
618 572 1068
383 869 1068
624 53 1069
83 759 1069
742 759 1069
62 759 1070
9 759 1070
686 392 1070
153 40 1071
499 627 1071
499 220 1071
3 68 1071
742 68 1071
337 260 1071
93 376 1071
93 40 1071
93 92 1071
93 543 1071
93 394 1071
93 290 1071
93 759 1071
93 703 1071
806 392 1071
93 706 1071
93 636 1071
395 388 1071
870 734 1071
9 40 1071
9 759 1071
9 703 1071
9 290 1071
83 759 1071
9 133 1071
9 119 1071
9 437 1071
9 287 1071
9 222 1071
9 349 1071
9 376 1071
9 224 1071
9 873 1071
9 530 1071
9 782 1071
9 597 1071
9 512 1071
9 81 1071
9 40 1072
9 876 1072
9 94 1072
9 179 1072
9 92 1072
9 395 1072
9 790 1072
9 36 1072
9 543 1072
9 627 1072
9 4 1072
9 726 1072
9 45 1072
9 725 1072
9 387 1072
9 854 1072
9 251 1072
9 183 1072
9 759 1072
9 52 1072
9 507 1072
9 431 1072
9 703 1072
9 676 1072
9 152 1072
9 107 1072
9 706 1072
9 870 1072
9 290 1072
19 734 1072
93 290 1072
19 442 1072
62 734 1072
62 759 1072
62 437 1072
93 222 1072
93 870 1072
93 133 1072
93 92 1072
93 107 1072
93 512 1072
93 376 1072
93 782 1072
346 53 1072
93 152 1072
346 179 1072
93 4 1072
346 854 1072
93 703 1072
93 437 1072
93 349 1072
346 853 1072
93 597 1072
93 40 1072
93 543 1072
93 627 1072
346 40 1072
93 40 1072
93 507 1072
93 52 1072
93 759 1072
93 183 1072
510 320 1072
141 387 1072
141 585 1072
141 585 1072
93 585 1074
480 179 1075
709 636 1075
786 775 1076
742 53 1077
742 703 1077
93 703 1077
93 636 1077
93 897 1077
93 557 1077
478 730 1077
478 868 1077
742 557 1077
283 557 1078
62 437 1078
538 40 1078
9 133 1078
9 437 1078
9 222 1078
9 349 1078
9 782 1078
9 597 1078
9 40 1078
9 92 1078
9 387 1078
9 759 1078
9 703 1078
346 179 1078
346 897 1078
705 40 1078
752 788 1078
752 708 1079
752 708 1079
93 133 1079
93 222 1079
347 556 1079
93 437 1079
93 349 1079
93 782 1079
93 597 1079
93 40 1079
93 92 1079
93 759 1079
93 703 1079
93 557 1079
93 897 1079
742 703 1079
742 557 1079
671 261 1079
742 182 1080
383 556 1080
742 759 1080
93 557 1081
93 703 1081
93 759 1081
141 437 1082
548 257 1082
806 759 1082
405 776 1082
870 734 1082
367 92 1082
367 897 1082
650 437 1083
803 701 1083
803 868 1083
9 703 1083
18 897 1083
548 543 1083
268 492 1084
268 776 1084
400 788 1084
268 45 1084
345 492 1084
745 538 1084
392 869 1084
392 869 1084
250 713 1084
395 734 1084
102 869 1084
48 878 1084
48 559 1084
48 105 1084
392 556 1084
392 703 1084
250 502 1084
102 789 1084
102 789 1084
102 789 1084
102 789 1084
102 789 1084
102 789 1084
392 869 1084
250 495 1084
871 853 1084
228 415 1084
83 730 1084
83 636 1084
47 868 1085
709 868 1085
18 96 1088
18 96 1088
742 703 1088
742 636 1088
193 706 1088
742 788 1088
193 559 1088
531 320 1088
91 734 1089
164 99 1089
164 320 1089
93 897 1089
93 706 1089
93 92 1089
93 543 1089
93 636 1089
93 703 1089
93 759 1089
93 598 1089
93 644 1089
93 91 1089
93 373 1089
870 789 1089
870 734 1089
870 878 1089
62 644 1089
62 759 1089
696 357 1090
696 49 1090
392 703 1090
696 394 1090
696 394 1090
752 843 1090
752 788 1090
742 357 1090
752 60 1090
742 788 1090
696 357 1090
696 558 1090
9 759 1090
9 703 1090
283 373 1090
742 357 1090
93 373 1090
93 394 1090
93 644 1090
93 759 1090
93 60 1090
93 703 1090
686 49 1090
686 96 1090
392 703 1091
363 734 1091
363 867 1091
363 446 1091
9 759 1091
742 703 1091
696 734 1092
873 482 1092
39 323 1092
39 703 1092
39 703 1092
748 830 1093
742 636 1093
742 759 1093
742 883 1093
83 636 1093
742 636 1093
742 81 1093
813 703 1093
872 323 1093
585 874 1094
585 105 1094
585 868 1094
47 759 1094
285 598 1094
106 94 1094
196 705 1094
196 705 1094
196 705 1094
488 62 1094
333 420 1095
333 734 1095
90 867 1095
141 92 1095
9 81 1095
9 94 1095
9 759 1095
9 703 1095
510 320 1095
510 91 1095
415 53 1095
415 53 1095
336 96 1096
336 84 1096
336 357 1096
336 105 1096
336 734 1096
336 868 1096
336 748 1096
336 759 1096
47 81 1096
383 869 1096
721 734 1096
18 96 1097
777 293 1097
579 183 1097
579 759 1097
777 264 1097
133 883 1097
363 867 1097
777 868 1097
194 105 1097
39 323 1097
39 632 1097
39 78 1097
39 543 1097
39 555 1097
673 84 1098
709 868 1099
709 883 1099
695 549 1100
742 557 1100
742 759 1100
192 92 1101
90 867 1101
384 869 1101
384 703 1101
363 867 1102
62 734 1102
538 264 1102
346 183 1102
64 445 1102
93 598 1103
93 543 1103
93 92 1103
93 703 1103
93 759 1103
93 636 1103
93 183 1103
93 557 1103
173 183 1103
742 222 1103
803 96 1103
803 96 1103
803 96 1103
803 96 1103
83 636 1104
141 92 1104
141 183 1104
255 598 1104
255 445 1104
383 869 1104
777 868 1105
9 376 1105
9 395 1105
777 739 1105
777 790 1105
274 96 1105
777 265 1105
400 96 1105
62 183 1105
62 395 1105
8 662 1105
451 376 1105
8 662 1106
451 434 1106
451 873 1106
451 743 1106
451 782 1106
451 512 1106
9 395 1106
102 789 1106
102 789 1106
102 789 1106
173 376 1106
539 759 1106
803 96 1107
18 96 1107
18 96 1107
742 759 1108
525 394 1108
3 662 1108
3 662 1108
3 662 1108
3 775 1108
3 68 1108
3 558 1108
742 68 1108
742 68 1108
742 68 1108
135 557 1108
742 53 1108
742 53 1108
400 96 1108
538 743 1108
538 662 1108
579 759 1109
220 394 1109
579 183 1109
83 759 1109
83 186 1109
579 636 1109
579 738 1109
861 62 1109
861 62 1109
367 92 1109
367 549 1109
435 492 1109
435 759 1109
861 725 1109
435 734 1109
435 734 1109
435 867 1109
861 295 1109
435 636 1109
285 512 1109
803 96 1109
803 96 1109
216 739 1109
861 644 1109
803 96 1109
803 96 1109
802 706 1110
709 636 1112
709 739 1112
90 867 1114
93 759 1114
93 376 1114
93 706 1114
93 222 1114
62 759 1115
62 376 1115
9 725 1115
9 759 1115
400 559 1116
62 510 1117
753 713 1117
451 376 1117
451 512 1117
451 743 1117
870 265 1117
9 376 1117
141 295 1117
451 627 1118
451 708 1118
451 52 1118
451 676 1118
451 857 1118
451 388 1118
9 627 1118
9 52 1118
18 708 1119
18 96 1119
18 708 1119
18 96 1119
451 708 1119
451 708 1119
451 52 1119
18 708 1119
538 743 1119
9 52 1119
686 734 1119
283 748 1119
400 96 1120
400 96 1120
803 96 1120
803 96 1120
395 734 1120
194 734 1120
515 498 1121
18 96 1121
18 96 1121
18 96 1121
870 627 1121
870 868 1121
153 498 1121
686 96 1121
90 737 1121
90 240 1122
786 775 1122
259 708 1122
93 759 1122
93 92 1122
93 376 1122
93 183 1122
93 510 1122
90 734 1123
47 743 1123
870 734 1125
18 96 1126
62 734 1126
62 759 1126
62 376 1126
62 498 1126
9 376 1126
9 627 1126
9 183 1126
9 759 1126
93 759 1126
93 376 1126
451 743 1127
243 549 1127
538 743 1127
400 96 1127
400 96 1127
18 96 1128
9 376 1128
9 759 1128
451 743 1128
400 96 1128
400 96 1129
62 376 1129
18 96 1129
18 96 1129
18 96 1129
173 183 1129
336 96 1130
336 240 1130
478 730 1130
478 676 1130
478 868 1130
90 867 1130
346 183 1131
538 743 1131
395 734 1131
400 96 1131
173 183 1131
93 376 1131
93 759 1131
93 183 1131
93 782 1131
93 512 1131
93 295 1132
62 376 1132
93 627 1132
93 557 1132
93 376 1132
9 376 1132
9 759 1132
93 394 1132
93 376 1132
93 759 1132
93 636 1132
93 598 1132
400 627 1132
83 730 1132
345 492 1132
141 183 1132
93 627 1132
93 644 1132
93 183 1132
802 105 1132
802 40 1132
93 290 1132
250 713 1132
250 897 1133
141 183 1133
93 897 1133
93 40 1133
93 183 1133
141 183 1133
141 183 1133
173 376 1133
744 153 1134
686 96 1134
686 96 1134
686 734 1134
579 636 1134
579 759 1134
579 105 1134
579 730 1134
806 759 1134
93 636 1135
93 759 1135
93 183 1135
395 442 1137
398 437 1137
62 734 1137
62 644 1137
478 730 1138
478 387 1138
18 96 1138
752 96 1138
752 284 1138
752 858 1138
18 96 1138
803 96 1139
93 437 1139
803 96 1139
93 644 1139
62 644 1139
18 96 1140
752 741 1140
220 394 1140
18 96 1140
393 290 1140
173 290 1140
135 442 1140
93 394 1140
93 644 1140
93 290 1140
803 96 1140
803 96 1140
803 96 1140
803 708 1140
803 868 1140
752 60 1140
803 240 1140
803 240 1140
395 442 1140
395 858 1140
752 708 1140
141 387 1140
141 759 1140
803 708 1140
646 437 1141
696 394 1141
62 759 1141
696 394 1141
93 394 1141
93 60 1141
696 778 1141
646 290 1141
47 2 1141
47 2 1141
9 437 1142
9 759 1142
9 133 1142
9 437 1142
9 376 1142
9 703 1142
9 627 1142
83 730 1142
239 857 1142
239 417 1142
173 437 1142
585 186 1142
585 739 1142
585 105 1142
93 133 1142
93 437 1142
93 376 1143
93 290 1143
93 627 1143
93 703 1143
93 759 1143
259 388 1143
336 105 1143
91 154 1143
91 433 1143
91 881 1143
91 686 1143
91 727 1143
283 858 1143
283 183 1143
382 52 1143
92 91 1143
18 708 1143
18 708 1143
18 96 1143
50 154 1143
173 437 1143
398 417 1143
9 133 1143
9 437 1144
9 376 1144
9 627 1144
9 759 1144
870 627 1144
870 395 1144
870 557 1144
753 897 1144
12 417 1144
870 734 1144
134 857 1144
62 734 1144
451 52 1144
451 388 1144
802 437 1144
173 437 1144
173 759 1144
93 133 1145
93 154 1145
93 437 1145
93 376 1145
93 627 1145
93 96 1145
93 759 1145
93 183 1145
400 96 1145
93 96 1145
93 557 1145
93 897 1145
646 492 1145
870 557 1146
870 556 1146
646 240 1146
18 96 1146
93 96 1146
93 557 1146
742 703 1149
742 598 1149
742 883 1149
742 883 1149
870 183 1150
870 557 1150
478 730 1150
478 387 1150
742 557 1150
742 636 1150
742 261 1150
742 81 1150
400 96 1150
400 81 1150
742 759 1150
742 759 1150
18 96 1150
283 557 1150
135 442 1150
9 437 1151
822 389 1151
9 627 1151
9 759 1151
9 703 1151
205 417 1151
803 96 1151
62 437 1151
803 708 1151
803 708 1151
124 389 1151
285 598 1151
90 734 1151
709 883 1151
742 598 1151
93 437 1151
93 627 1151
93 759 1151
93 636 1151
93 183 1151
93 703 1151
93 389 1151
9 627 1151
93 557 1151
93 627 1151
9 703 1151
93 598 1151
93 703 1151
696 154 1152
696 734 1152
9 627 1152
9 703 1152
18 708 1152
742 703 1152
18 96 1152
432 241 1152
742 703 1152
742 636 1152
742 759 1152
742 557 1152
93 627 1152
93 703 1152
93 636 1152
93 557 1152
9 759 1153
9 703 1153
705 186 1153
705 52 1153
705 676 1153
742 703 1153
90 734 1153
742 257 1153
742 507 1153
93 759 1153
93 507 1153
93 703 1153
93 52 1153
871 81 1154
786 775 1154
119 517 1154
4 858 1154
239 857 1155
239 417 1155
336 96 1155
93 517 1155
400 96 1155
673 676 1155
93 96 1155
400 627 1155
93 627 1155
283 538 1155
83 186 1155
83 387 1155
83 730 1155
739 2 1156
585 186 1156
9 81 1156
9 759 1156
9 52 1156
9 703 1156
62 734 1156
18 96 1156
285 598 1156
18 708 1156
18 897 1156
47 2 1157
870 627 1157
50 154 1157
400 96 1157
753 236 1157
740 516 1158
221 544 1158
740 179 1158
777 541 1158
777 593 1158
861 725 1158
579 236 1159
579 730 1159
579 33 1159
579 636 1159
800 395 1160
18 96 1161
395 433 1161
395 734 1161
395 442 1161
395 858 1161
742 759 1161
742 636 1161
742 81 1161
752 60 1161
742 507 1161
822 389 1162
9 725 1162
9 759 1162
870 734 1162
193 260 1162
478 730 1162
478 387 1162
371 493 1163
93 154 1163
93 60 1163
93 759 1163
93 507 1163
93 703 1163
93 389 1163
93 636 1163
93 598 1163
93 249 1163
93 897 1163
198 2 1163
239 443 1163
742 636 1164
742 598 1164
742 507 1164
803 96 1164
803 708 1164
93 507 1164
93 636 1164
93 598 1164
579 759 1164
579 598 1164
384 507 1164
93 507 1165
93 759 1165
93 598 1165
405 133 1165
405 437 1165
9 133 1165
9 759 1165
495 59 1165
495 447 1165
806 759 1166
255 593 1166
255 598 1166
742 759 1166
742 636 1166
9 759 1166
395 734 1166
39 593 1166
83 33 1167
83 387 1167
83 730 1167
83 598 1167
742 598 1167
742 355 1167
742 222 1167
742 597 1167
384 507 1167
742 671 1168
742 858 1168
243 549 1168
383 507 1168
383 222 1168
393 290 1168
393 734 1168
259 585 1168
231 185 1168
141 597 1169
141 585 1169
93 437 1169
93 222 1169
93 597 1169
93 671 1169
93 759 1169
93 507 1169
93 636 1169
420 881 1169
93 290 1169
93 598 1169
346 179 1169
538 759 1169
93 759 1169
285 598 1169
870 734 1169
83 355 1169
83 598 1169
538 759 1169
420 355 1170
579 636 1170
579 759 1170
579 730 1170
579 355 1170
443 157 1170
93 636 1170
93 759 1170
93 598 1170
142 874 1170
142 52 1170
142 830 1170
290 878 1171
742 759 1173
742 507 1173
742 598 1173
742 222 1173
870 878 1174
752 788 1174
383 507 1174
384 507 1174
478 730 1174
742 507 1175
345 388 1175
93 222 1175
93 759 1175
93 507 1175
93 598 1175
647 238 1176
216 874 1176
216 874 1176
9 222 1176
9 597 1176
9 507 1176
173 671 1176
742 222 1176
742 788 1177
742 418 1177
742 394 1177
585 874 1177
742 883 1177
235 388 1177
173 388 1177
395 442 1177
405 437 1177
405 258 1177
173 442 1178
395 388 1178
395 442 1178
395 443 1178
91 154 1178
91 433 1178
173 443 1178
259 585 1178
259 585 1178
9 222 1178
777 593 1178
709 883 1179
96 242 1179
93 507 1179
93 394 1179
93 585 1179
93 437 1179
93 671 1179
93 222 1179
93 154 1179
93 597 1179
90 319 1179
83 730 1179
447 242 1179
216 874 1180
9 597 1180
9 507 1180
90 240 1180
90 737 1180
259 585 1180
55 284 1181
96 242 1181
141 759 1181
141 585 1181
9 759 1181
133 883 1181
398 417 1181
579 759 1182
124 389 1182
585 874 1182
585 105 1182
628 672 1182
12 417 1182
4 222 1182
4 443 1182
173 585 1182
806 759 1183
709 874 1185
255 739 1186
742 222 1186
742 597 1186
742 883 1186
742 428 1186
742 418 1186
742 703 1186
742 636 1186
742 546 1186
613 370 1186
613 387 1186
613 734 1186
613 221 1186
613 868 1186
613 437 1186
742 222 1187
383 507 1187
9 597 1187
239 417 1187
239 443 1187
422 437 1188
422 703 1188
478 387 1188
742 703 1188
400 585 1188
739 878 1188
422 395 1188
18 708 1188
18 96 1189
9 395 1189
9 703 1189
742 703 1189
141 437 1189
141 597 1189
141 759 1189
870 788 1190
9 597 1190
9 759 1190
9 703 1190
9 703 1190
50 154 1191
50 154 1191
336 759 1191
336 96 1191
518 540 1191
93 437 1191
141 437 1191
141 178 1191
141 92 1191
141 70 1191
141 97 1191
367 92 1191
93 759 1191
141 585 1191
141 92 1191
141 92 1191
141 759 1191
367 92 1191
141 92 1191
141 545 1191
93 507 1191
367 92 1191
9 437 1192
9 759 1192
9 507 1192
696 734 1192
56 284 1193
383 507 1193
400 96 1193
786 775 1193
784 830 1193
39 370 1193
39 543 1194
93 759 1194
93 507 1194
18 96 1194
400 96 1194
9 507 1194
18 96 1194
400 96 1194
259 585 1194
259 388 1194
18 96 1195
400 96 1195
141 585 1195
141 388 1195
173 437 1195
405 319 1198
18 96 1199
315 644 1199
141 437 1200
9 437 1200
752 559 1200
752 788 1200
752 843 1200
141 437 1200
813 370 1200
9 703 1201
383 703 1201
336 96 1201
9 703 1201
742 703 1201
285 788 1201
400 96 1201
400 788 1202
742 395 1202
9 703 1202
367 549 1202
39 370 1202
39 242 1202
39 242 1202
93 507 1203
93 703 1203
93 585 1203
93 96 1203
93 437 1203
93 437 1203
93 636 1203
93 222 1203
93 154 1203
93 597 1203
93 92 1203
93 543 1203
93 644 1203
93 389 1203
9 597 1203
93 868 1203
93 597 1203
9 597 1203
9 251 1203
93 786 1203
93 251 1203
93 597 1203
18 96 1203
9 251 1203
9 597 1203
336 96 1203
333 734 1203
333 420 1203
93 597 1203
9 597 1203
93 96 1203
93 597 1203
9 597 1203
102 869 1203
268 729 1203
93 597 1203
9 597 1204
870 482 1204
870 376 1204
870 96 1204
400 96 1204
384 869 1204
400 242 1204
39 437 1204
39 543 1204
742 597 1204
285 788 1205
742 703 1205
742 788 1205
9 597 1205
742 507 1205
742 597 1205
9 703 1205
9 597 1205
9 507 1205
742 355 1205
742 703 1205
400 96 1205
9 703 1205
813 370 1205
803 708 1205
803 708 1205
259 585 1205
259 708 1205
259 708 1205
259 708 1205
259 708 1205
141 585 1205
259 585 1205
742 703 1205
742 788 1205
18 708 1205
83 355 1205
742 355 1205
742 222 1205
9 703 1205
9 287 1205
9 222 1205
9 349 1205
9 376 1205
9 224 1206
9 873 1206
9 530 1206
9 782 1206
9 512 1206
9 81 1206
9 179 1206
9 92 1206
9 395 1206
9 790 1206
9 543 1206
9 627 1206
9 4 1206
9 45 1206
9 759 1206
102 869 1206
102 869 1206
102 869 1206
395 734 1206
478 868 1206
164 81 1206
164 323 1206
164 320 1206
422 703 1206
164 99 1206
134 81 1206
400 788 1206
400 543 1206
400 585 1206
9 703 1206
861 644 1206
579 874 1206
579 105 1206
579 759 1206
786 293 1206
579 636 1206
83 759 1206
579 738 1206
579 738 1206
579 759 1206
861 759 1206
579 759 1207
742 788 1211
742 759 1211
870 734 1211
259 585 1211
259 92 1211
870 293 1211
870 183 1211
870 734 1211
91 154 1212
870 395 1212
803 708 1212
91 708 1212
803 708 1212
803 708 1212
872 99 1212
367 234 1212
367 234 1212
367 686 1212
367 379 1212
285 788 1212
285 512 1212
363 734 1212
268 45 1212
9 92 1212
9 45 1212
18 708 1213
18 708 1213
18 708 1213
400 788 1213
400 585 1213
259 708 1213
259 708 1213
243 549 1213
555 257 1214
239 45 1214
870 179 1215
285 788 1215
744 153 1215
93 222 1215
93 349 1215
93 376 1215
93 597 1215
93 782 1215
93 627 1215
93 92 1215
93 512 1215
93 543 1215
9 349 1215
9 782 1215
9 597 1215
9 92 1215
9 45 1215
93 349 1215
93 597 1215
18 96 1215
93 782 1215
93 782 1215
93 507 1215
93 92 1215
93 759 1215
93 703 1215
93 636 1215
93 4 1215
93 585 1215
93 183 1215
93 868 1215
93 644 1215
239 182 1216
239 182 1216
802 105 1216
384 507 1216
93 507 1216
9 349 1216
9 92 1216
93 92 1216
395 734 1216
216 874 1216
216 739 1216
777 264 1216
9 703 1216
93 703 1216
216 738 1216
653 855 1216
93 388 1216
93 388 1216
9 703 1216
861 759 1216
93 703 1217
43 81 1217
9 81 1217
9 759 1217
93 786 1217
93 759 1217
9 759 1217
861 68 1217
861 36 1217
93 759 1217
93 686 1217
93 757 1217
384 507 1217
861 99 1217
93 507 1217
9 395 1217
9 36 1217
653 395 1217
19 52 1218
870 627 1218
870 36 1218
870 759 1218
93 759 1218
93 627 1218
9 395 1218
9 759 1218
93 287 1218
93 759 1218
9 287 1218
9 759 1218
93 282 1218
510 320 1218
93 287 1218
93 759 1218
9 287 1218
9 759 1218
93 287 1218
93 759 1218
93 759 1218
630 186 1218
510 99 1218
709 874 1218
709 739 1218
727 81 1218
630 556 1218
367 686 1218
346 376 1219
93 376 1221
93 686 1221
742 759 1222
742 507 1222
742 703 1222
742 68 1222
192 545 1222
588 446 1223
239 376 1223
239 45 1223
742 597 1223
742 788 1223
742 257 1223
9 45 1223
478 868 1224
671 261 1224
870 556 1224
870 395 1224
585 186 1224
205 99 1224
9 395 1225
93 376 1225
93 597 1225
93 759 1225
93 507 1225
93 703 1225
93 868 1225
489 182 1225
489 643 1225
742 182 1225
742 703 1225
742 479 1226
9 703 1226
742 887 1226
742 703 1226
9 703 1226
742 703 1226
9 703 1226
742 703 1226
9 703 1226
346 376 1226
872 99 1226
786 293 1226
93 376 1226
93 703 1226
173 437 1226
93 437 1226
353 786 1227
49 106 1227
93 786 1227
173 437 1227
173 437 1227
93 437 1227
93 101 1227
93 515 1227
285 788 1227
813 676 1227
742 788 1227
742 373 1227
742 597 1227
50 154 1227
742 81 1227
742 179 1227
93 373 1227
93 597 1227
478 676 1227
686 96 1228
686 96 1228
686 96 1228
93 96 1228
870 179 1228
9 376 1228
686 96 1228
9 597 1228
9 81 1228
9 703 1228
93 376 1228
93 597 1228
93 96 1228
93 703 1228
686 778 1228
471 179 1228
9 597 1228
9 179 1228
141 545 1228
9 703 1228
141 585 1228
93 585 1228
93 597 1228
93 703 1228
742 179 1229
624 186 1229
400 96 1229
164 99 1229
164 738 1229
164 320 1229
164 895 1229
872 99 1229
164 94 1229
548 257 1229
93 96 1229
255 598 1229
12 99 1229
255 598 1229
872 99 1229
93 598 1230
832 58 1230
12 99 1230
395 734 1230
585 186 1230
435 759 1230
93 759 1230
285 788 1230
619 389 1230
800 782 1230
18 96 1230
18 96 1230
18 96 1231
18 96 1231
18 96 1231
18 96 1231
93 782 1231
93 96 1231
9 782 1231
9 94 1231
9 759 1231
93 759 1231
93 782 1231
173 585 1232
197 446 1232
93 585 1232
197 106 1232
477 290 1232
477 290 1232
39 373 1232
39 437 1232
39 231 1232
197 70 1232
197 855 1232
93 290 1233
93 373 1233
93 437 1233
93 270 1233
93 123 1233
93 863 1233
93 287 1233
742 703 1234
742 598 1234
742 557 1234
742 597 1234
742 206 1234
192 545 1235
870 734 1235
870 557 1235
585 739 1235
870 179 1235
742 179 1235
18 240 1235
395 734 1235
9 597 1235
9 703 1235
9 703 1236
742 703 1236
205 99 1236
141 545 1236
49 106 1236
686 734 1236
97 33 1237
97 592 1237
93 598 1237
93 597 1237
93 703 1237
9 597 1237
93 557 1237
9 703 1237
93 703 1237
93 703 1237
93 597 1237
39 373 1237
742 597 1237
858 31 1237
742 788 1237
742 759 1237
742 759 1237
9 597 1237
9 759 1237
9 703 1237
585 739 1238
800 829 1238
742 759 1238
709 592 1238
400 96 1238
400 96 1238
400 788 1238
405 776 1238
18 96 1239
18 96 1239
395 734 1239
93 597 1240
93 703 1240
93 373 1240
93 759 1240
197 106 1240
9 597 1240
652 870 1240
673 676 1240
686 96 1240
188 99 1240
153 395 1240
686 96 1240
18 96 1240
686 96 1240
18 96 1240
686 96 1240
18 96 1240
686 96 1240
686 96 1240
18 96 1240
367 870 1240
18 96 1240
686 96 1240
686 96 1241
18 96 1241
93 597 1241
93 870 1241
829 428 1241
283 184 1241
49 106 1241
630 855 1241
39 373 1242
135 782 1242
630 357 1242
834 290 1242
239 290 1242
579 738 1242
833 643 1242
833 445 1242
833 54 1242
579 33 1242
579 759 1242
141 759 1242
833 858 1242
833 261 1242
141 545 1242
35 369 1243
35 369 1243
400 96 1243
400 96 1243
400 96 1243
624 186 1243
93 782 1244
93 290 1244
93 759 1244
592 540 1245
592 875 1245
592 99 1245
592 78 1245
592 292 1245
592 220 1245
592 60 1245
197 855 1245
93 60 1245
83 186 1246
83 33 1246
870 789 1247
871 392 1248
18 96 1248
834 290 1248
834 545 1248
360 387 1248
360 738 1248
255 776 1248
585 186 1249
630 186 1249
630 855 1249
9 703 1249
478 387 1249
93 96 1249
93 703 1249
93 290 1249
345 392 1249
9 387 1249
9 703 1249
39 369 1249
39 242 1249
39 78 1249
362 244 1249
362 867 1249
362 759 1249
362 435 1249
362 90 1249
362 197 1249
362 767 1249
205 99 1249
870 240 1250
573 493 1250
102 789 1250
518 387 1250
518 446 1250
268 776 1250
376 595 1250
173 36 1250
376 876 1250
93 197 1250
93 435 1250
93 759 1250
742 557 1250
93 703 1250
93 557 1250
376 598 1250
742 598 1250
742 858 1250
18 240 1250
93 598 1250
239 431 1250
562 247 1250
9 703 1250
93 703 1250
696 392 1251
141 545 1251
285 788 1251
742 598 1252
742 703 1252
9 703 1252
93 703 1252
93 598 1252
742 703 1252
93 703 1252
742 703 1252
870 240 1252
742 222 1252
742 373 1252
742 598 1252
9 703 1252
742 154 1252
742 703 1252
742 597 1252
742 81 1252
279 182 1252
9 597 1252
93 373 1252
93 222 1252
93 597 1252
93 703 1252
9 222 1252
93 598 1252
9 597 1252
9 81 1252
93 222 1252
93 597 1252
9 597 1252
363 867 1252
363 867 1252
9 703 1252
363 867 1252
93 703 1252
93 597 1252
742 597 1252
9 597 1252
93 597 1252
9 597 1252
93 597 1252
742 597 1252
742 703 1252
742 373 1252
9 597 1252
742 81 1252
9 703 1252
9 81 1252
326 446 1252
742 81 1252
742 81 1252
9 81 1252
93 373 1252
93 597 1252
93 597 1252
93 703 1252
9 597 1252
93 597 1252
730 391 1253
400 788 1253
832 100 1254
347 556 1254
518 431 1254
834 545 1254
12 876 1254
624 186 1254
18 240 1254
630 186 1255
630 557 1255
686 96 1255
686 96 1255
686 96 1255
18 96 1256
18 96 1256
861 36 1257
861 119 1257
861 62 1257
742 557 1258
742 636 1258
742 759 1258
742 507 1258
742 671 1258
742 81 1258
870 557 1259
870 240 1259
870 36 1259
531 320 1259
531 870 1259
478 387 1259
478 387 1259
585 105 1260
285 788 1260
9 119 1260
9 81 1260
9 507 1260
9 636 1260
9 870 1261
18 240 1261
18 96 1261
102 869 1261
871 36 1261
93 96 1261
93 671 1261
93 759 1261
93 507 1261
93 636 1261
93 557 1262
93 870 1262
870 557 1262
9 636 1262
9 870 1262
870 240 1262
870 96 1262
695 106 1262
93 870 1262
93 636 1262
93 557 1262
742 557 1262
742 557 1262
93 557 1262
93 557 1262
131 224 1263
362 759 1263
362 197 1263
686 96 1263
18 240 1263
346 240 1263
686 96 1263
18 96 1263
18 96 1263
93 197 1263
93 759 1263
18 240 1263
400 96 1263
400 96 1263
742 788 1263
400 296 1263
400 788 1263
742 81 1263
538 296 1263
742 557 1263
742 597 1263
742 507 1263
742 703 1263
742 636 1263
9 507 1263
9 703 1263
9 376 1263
870 240 1264
285 788 1264
93 96 1264
9 288 1264
93 96 1264
93 96 1264
93 96 1264
50 154 1264
93 376 1264
93 597 1264
93 507 1264
93 557 1264
93 636 1264
93 703 1264
686 96 1264
686 96 1264
18 96 1264
686 96 1264
9 376 1264
9 597 1264
686 96 1264
742 154 1264
742 557 1264
93 96 1264
870 96 1264
93 96 1264
870 96 1264
93 96 1264
870 96 1264
93 376 1264
93 597 1264
93 557 1264
811 119 1264
9 119 1264
742 557 1264
870 734 1265
9 597 1265
742 597 1265
9 597 1265
742 597 1265
9 597 1265
515 518 1265
93 597 1265
93 557 1265
384 869 1265
18 96 1265
18 96 1265
9 597 1265
18 96 1265
18 96 1265
870 96 1265
93 96 1265
93 96 1265
93 96 1265
18 96 1265
93 96 1265
93 597 1266
870 96 1266
870 556 1266
870 376 1266
18 96 1266
363 734 1266
164 99 1266
164 320 1266
164 94 1266
405 530 1266
870 734 1266
696 154 1267
872 99 1267
844 360 1267
188 99 1267
686 240 1267
18 240 1267
93 96 1268
93 96 1268
173 288 1268
93 376 1268
93 240 1268
90 867 1269
550 641 1269
550 479 1269
742 479 1271
742 257 1271
742 154 1271
742 597 1271
742 222 1271
193 260 1271
400 96 1273
400 296 1273
91 154 1273
400 296 1273
91 686 1273
18 96 1273
276 391 1273
538 296 1273
18 240 1273
173 895 1274
164 637 1274
93 240 1274
93 222 1274
93 597 1274
93 686 1274
742 597 1274
93 597 1274
630 417 1274
686 96 1274
844 782 1275
255 867 1275
18 96 1275
800 782 1275
198 734 1276
93 782 1276
264 31 1276
870 734 1277
346 376 1277
50 154 1277
858 31 1277
870 391 1277
92 99 1277
93 376 1277
872 99 1277
870 497 1277
400 96 1278
205 417 1278
250 349 1278
93 349 1278
250 349 1278
250 544 1278
250 431 1279
18 96 1279
93 349 1279
686 96 1279
686 544 1279
686 154 1279
686 94 1279
18 240 1279
18 96 1279
18 708 1279
164 99 1279
12 417 1279
12 99 1279
164 362 1279
630 417 1280
443 431 1280
394 725 1280
93 96 1280
93 154 1280
93 240 1280
394 240 1280
686 240 1281
90 81 1281
742 154 1283
870 240 1283
870 96 1283
18 240 1284
18 240 1284
18 240 1284
18 240 1284
872 99 1284
872 362 1284
91 154 1284
91 686 1284
91 734 1284
239 240 1284
239 240 1284
205 417 1284
205 99 1284
394 240 1284
394 240 1285
9 349 1285
363 734 1285
18 240 1285
18 240 1285
18 240 1285
18 240 1285
384 2 1285
394 240 1285
285 598 1285
285 296 1285
394 240 1285
394 240 1285
634 362 1285
18 240 1285
538 296 1285
406 81 1285
686 240 1286
686 240 1286
686 240 1286
686 154 1286
201 370 1286
201 288 1286
201 206 1286
18 240 1286
91 734 1286
91 734 1286
18 240 1286
18 240 1286
259 708 1286
201 288 1286
753 713 1286
93 96 1287
93 349 1287
93 686 1287
93 686 1287
93 598 1287
47 2 1287
679 530 1288
679 81 1288
400 96 1288
846 154 1288
870 240 1288
870 240 1288
93 96 1289
255 876 1289
393 734 1289
18 240 1290
141 585 1290
870 240 1290
870 240 1290
870 734 1290
489 182 1290
400 296 1290
400 585 1290
18 240 1290
93 585 1290
898 236 1290
806 759 1291
696 392 1291
696 357 1291
696 94 1291
696 154 1291
93 759 1291
538 296 1291
871 417 1291
871 81 1291
39 370 1292
12 99 1293
12 229 1293
363 734 1294
870 734 1295
870 240 1296
205 229 1296
205 99 1296
624 53 1297
18 96 1297
18 240 1297
515 53 1297
247 417 1298
588 549 1298
337 703 1298
752 788 1298
752 708 1298
752 858 1298
752 858 1298
752 741 1298
752 284 1298
752 559 1298
18 708 1298
173 423 1299
367 703 1299
367 379 1299
405 417 1300
48 105 1300
870 423 1300
825 288 1300
825 855 1300
812 734 1301
846 154 1301
585 105 1302
585 105 1302
93 96 1302
93 703 1302
9 349 1302
9 530 1302
9 81 1302
9 703 1302
730 431 1302
686 96 1302
686 154 1302
870 734 1302
696 154 1303
107 829 1303
395 858 1303
102 869 1303
102 388 1303
102 86 1303
102 515 1303
164 362 1303
164 81 1303
164 99 1303
50 154 1303
50 444 1303
187 150 1303
496 182 1304
39 156 1304
39 206 1304
582 81 1304
592 372 1304
844 782 1307
745 538 1308
239 182 1309
496 182 1309
753 236 1310
93 349 1310
93 782 1310
93 515 1310
93 703 1310
93 388 1310
753 236 1310
400 96 1311
812 734 1311
93 96 1311
173 388 1311
395 734 1311
395 386 1311
93 388 1311
173 388 1311
93 388 1311
102 515 1311
102 388 1311
346 376 1311
346 150 1311
93 376 1311
93 515 1311
93 388 1311
247 515 1311
93 515 1312
49 515 1312
336 240 1312
93 515 1312
93 515 1312
164 81 1312
870 734 1313
870 240 1313
870 388 1313
393 734 1313
93 388 1313
102 515 1313
102 388 1313
102 388 1313
93 388 1313
93 388 1313
102 388 1313
93 515 1313
93 388 1313
205 99 1314
205 99 1314
395 734 1314
12 99 1314
742 598 1314
164 99 1314
93 598 1314
247 515 1314
742 598 1314
652 92 1314
742 703 1314
870 734 1314
652 703 1314
652 62 1314
742 759 1314
652 81 1314
742 703 1314
652 703 1314
696 734 1315
742 703 1315
93 92 1315
93 515 1315
93 759 1315
93 703 1315
93 598 1315
499 627 1315
93 627 1315
686 734 1315
49 515 1315
259 96 1315
49 515 1315
239 627 1315
400 96 1315
259 96 1315
259 96 1315
259 96 1315
259 708 1315
141 92 1316
347 556 1316
93 92 1316
93 515 1316
870 734 1316
870 627 1316
93 627 1316
742 598 1319
742 703 1319
742 507 1319
752 788 1319
283 538 1320
730 240 1321
730 240 1321
730 240 1321
730 240 1321
730 240 1321
730 96 1321
247 515 1321
730 84 1321
730 84 1321
730 84 1321
730 84 1321
400 96 1321
259 96 1322
696 734 1322
259 96 1322
259 96 1322
255 598 1322
346 734 1322
50 360 1323
515 360 1323
515 360 1323
363 734 1323
12 91 1323
237 452 1323
237 777 1323
12 486 1323
49 515 1323
91 154 1323
91 686 1323
91 444 1323
91 734 1323
730 389 1323
173 389 1324
730 96 1324
730 96 1324
521 239 1324
730 96 1324
730 96 1324
395 734 1324
686 96 1324
870 734 1324
686 708 1324
686 96 1324
686 96 1324
686 389 1324
395 734 1324
93 507 1324
93 703 1324
686 734 1324
395 734 1324
93 686 1324
870 734 1324
93 389 1324
93 515 1325
93 598 1325
395 734 1325
870 96 1325
834 734 1325
383 507 1326
91 686 1326
91 734 1326
91 734 1326
803 240 1326
393 734 1326
803 708 1326
803 595 1326
395 734 1326
630 556 1327
336 96 1327
803 96 1327
259 96 1327
803 96 1327
803 96 1327
259 96 1327
259 96 1327
259 96 1327
259 708 1327
259 96 1327
540 91 1327
39 129 1327
592 415 1327
259 708 1327
400 96 1327
400 96 1327
696 734 1327
259 240 1327
400 727 1327
259 96 1327
259 96 1327
400 96 1327
686 96 1327
686 96 1327
686 96 1328
686 708 1328
730 96 1328
730 96 1328
730 96 1328
730 240 1328
259 96 1328
259 240 1328
259 708 1328
274 598 1328
274 96 1328
50 360 1328
50 444 1328
542 251 1328
173 895 1329
725 734 1331
478 730 1332
313 598 1332
313 732 1332
313 433 1332
313 701 1332
313 186 1332
313 776 1332
313 387 1332
313 730 1332
313 33 1332
313 596 1332
351 36 1332
351 94 1332
91 727 1332
91 444 1332
91 734 1332
804 542 1333
384 507 1333
259 96 1333
259 96 1333
363 734 1333
730 96 1333
730 96 1333
730 240 1333
730 240 1333
730 240 1333
730 240 1333
730 708 1333
91 734 1333
9 94 1333
9 251 1333
588 251 1333
259 96 1334
259 240 1334
696 94 1334
90 867 1334
686 96 1334
686 96 1334
9 251 1334
9 94 1334
367 444 1335
283 387 1335
173 376 1335
395 433 1335
395 867 1335
9 376 1335
173 376 1335
9 376 1335
173 376 1335
730 240 1335
730 240 1335
696 154 1335
9 376 1335
363 867 1335
730 96 1335
730 96 1336
93 376 1336
93 686 1336
93 686 1336
93 251 1336
93 507 1336
93 598 1336
9 376 1336
686 96 1336
686 94 1336
141 759 1336
686 708 1336
686 708 1336
9 759 1336
173 759 1336
9 759 1336
421 154 1336
555 257 1337
400 96 1337
93 96 1337
93 154 1337
93 376 1337
93 759 1337
752 481 1337
752 481 1337
400 96 1337
515 360 1338
93 96 1338
515 437 1338
515 222 1338
515 390 1338
515 240 1338
515 81 1338
515 40 1338
515 94 1338
515 395 1338
515 498 1338
515 226 1338
515 45 1338
515 387 1338
515 443 1338
515 183 1338
515 759 1338
515 389 1338
515 388 1338
93 437 1338
93 222 1338
93 40 1338
93 388 1338
601 129 1338
705 431 1338
742 257 1338
742 154 1338
742 222 1338
742 598 1338
9 222 1338
259 96 1338
259 96 1338
83 186 1338
83 730 1338
259 240 1338
259 708 1338
93 154 1338
93 222 1338
93 598 1338
730 96 1338
730 96 1338
400 96 1338
730 240 1338
730 240 1338
50 154 1338
582 240 1338
870 734 1338
164 94 1339
268 776 1339
501 36 1339
870 36 1339
686 96 1339
686 708 1339
686 734 1339
395 734 1339
395 867 1339
367 224 1340
400 96 1340
870 222 1340
515 557 1340
870 557 1340
133 595 1340
630 418 1340
4 222 1340
811 119 1340
93 154 1341
93 222 1341
93 557 1341
730 559 1343
153 498 1343
478 387 1344
478 734 1344
478 730 1344
515 387 1344
363 867 1344
363 867 1344
752 788 1344
752 62 1344
742 557 1344
752 789 1344
752 708 1344
752 388 1344
752 96 1344
752 284 1344
360 387 1345
730 708 1345
745 387 1345
9 222 1345
93 222 1345
93 557 1345
91 734 1345
91 708 1345
91 686 1345
91 154 1345
91 433 1345
255 598 1345
395 433 1346
395 734 1346
395 388 1346
730 708 1346
686 708 1346
141 759 1347
478 387 1347
478 734 1347
9 387 1347
367 686 1347
132 107 1347
9 107 1348
739 99 1348
12 99 1348
9 376 1349
80 319 1350
3 90 1350
3 90 1350
3 662 1350
3 68 1350
3 244 1350
153 376 1350
3 224 1350
742 68 1350
276 239 1351
276 105 1351
83 33 1351
83 730 1351
83 598 1351
90 81 1351
90 867 1351
538 662 1351
83 523 1351
555 257 1351
742 257 1351
742 222 1351
742 222 1351
742 597 1351
742 418 1351
742 53 1351
742 395 1351
742 598 1351
742 636 1351
742 703 1351
336 96 1351
336 240 1351
421 437 1351
686 240 1352
742 206 1352
742 154 1352
813 703 1352
141 759 1352
141 759 1352
443 323 1352
730 240 1355
730 708 1355
730 708 1355
730 708 1356
730 708 1356
730 708 1356
730 708 1356
730 708 1356
730 240 1356
585 105 1356
585 186 1356
730 240 1356
730 96 1356
395 867 1356
255 598 1356
395 703 1356
107 585 1356
686 240 1357
283 387 1357
645 523 1357
515 395 1357
515 759 1357
515 107 1357
363 867 1357
870 395 1357
83 186 1357
515 395 1357
205 99 1358
400 323 1358
846 319 1358
686 49 1358
9 437 1358
9 376 1358
9 597 1358
9 81 1358
9 395 1358
9 703 1359
9 107 1359
51 830 1359
51 183 1359
51 292 1359
51 542 1359
51 369 1359
51 713 1359
51 357 1359
51 517 1359
51 546 1359
435 759 1359
247 515 1359
742 395 1360
742 703 1360
422 703 1360
49 515 1361
164 323 1361
164 99 1361
141 759 1361
141 759 1361
153 376 1362
56 284 1362
56 431 1362
362 90 1363
142 874 1363
142 830 1363
142 52 1363
9 376 1363
80 319 1363
478 730 1364
250 222 1364
250 418 1364
400 323 1364
83 598 1364
83 523 1364
102 515 1364
102 515 1364
102 515 1364
102 515 1364
295 376 1365
295 686 1365
871 484 1365
673 84 1365
871 417 1365
730 84 1367
709 739 1368
49 515 1370
336 96 1370
246 641 1370
205 417 1370
870 395 1371
90 867 1371
50 154 1372
196 481 1372
630 417 1372
630 186 1372
279 428 1372
363 867 1372
190 389 1374
12 417 1374
695 49 1375
91 154 1375
279 182 1375
279 52 1375
870 437 1375
622 31 1375
737 238 1376
515 389 1376
737 388 1376
93 703 1376
93 585 1376
83 186 1376
871 229 1376
12 229 1376
12 229 1376
515 107 1377
631 389 1381
3 68 1381
3 90 1381
3 759 1381
3 759 1381
3 759 1381
3 759 1381
216 739 1381
216 874 1381
205 417 1381
531 595 1383
531 320 1383
50 154 1383
686 49 1383
257 94 1384
870 308 1384
247 417 1385
279 389 1385
279 572 1385
279 282 1385
279 592 1385
279 880 1385
279 482 1385
695 49 1386
695 49 1386
141 759 1386
141 759 1386
707 92 1386
515 759 1387
548 257 1388
346 376 1389
871 417 1390
871 229 1390
871 229 1390
742 257 1392
418 251 1393
418 251 1393
418 290 1393
418 493 1393
418 222 1393
418 251 1393
418 251 1393
435 867 1393
12 229 1393
12 417 1393
435 395 1393
515 222 1394
91 154 1394
91 154 1394
91 290 1394
49 290 1394
91 734 1394
91 734 1394
91 290 1394
134 867 1395
249 92 1395
367 686 1395
49 290 1395
730 751 1396
730 559 1396
9 251 1396
255 598 1396
407 572 1397
395 734 1397
395 222 1397
395 703 1397
279 572 1397
499 627 1397
398 417 1398
515 222 1398
392 86 1398
686 49 1398
861 62 1398
383 703 1398
383 703 1398
861 99 1399
861 362 1399
395 222 1399
395 388 1399
239 417 1399
239 417 1399
861 36 1399
786 775 1399
398 417 1399
91 734 1399
398 417 1399
126 452 1400
93 290 1400
394 703 1400
443 434 1401
50 154 1402
742 703 1404
742 775 1404
3 759 1404
395 434 1405
395 86 1405
871 417 1406
400 627 1406
400 257 1406
870 627 1406
564 830 1406
131 530 1407
742 598 1407
742 68 1407
256 734 1407
91 290 1407
93 282 1408
93 437 1408
93 597 1408
93 686 1408
93 92 1408
93 627 1408
93 484 1408
93 515 1408
93 251 1408
93 759 1408
93 703 1408
93 703 1408
93 636 1408
93 290 1408
93 598 1408
742 636 1408
398 417 1408
93 636 1408
786 775 1408
822 389 1408
630 417 1408
752 55 1409
742 636 1409
742 775 1409
9 636 1409
9 437 1409
93 437 1410
93 636 1410
622 442 1410
12 417 1410
12 99 1410
1 741 1410
404 387 1411
696 734 1411
696 357 1411
283 184 1412
395 442 1412
395 703 1412
249 92 1412
92 91 1413
93 92 1413
93 703 1413
515 387 1413
447 741 1413
447 357 1413
346 184 1414
515 389 1414
752 226 1418
752 510 1418
752 154 1418
752 154 1418
752 60 1418
752 743 1418
9 703 1418
394 703 1418
394 703 1418
255 739 1418
400 442 1419
132 617 1419
132 178 1419
846 617 1419
686 96 1420
686 734 1420
478 734 1420
363 734 1420
43 442 1420
283 184 1420
283 442 1420
12 229 1421
395 734 1421
395 442 1422
395 703 1422
9 703 1422
173 227 1422
400 442 1422
652 703 1422
9 703 1422
8 90 1422
8 197 1422
8 490 1422
91 734 1423
395 734 1423
9 759 1423
153 448 1423
274 387 1424
709 739 1424
134 197 1424
585 739 1424
216 739 1424
164 362 1424
164 320 1424
164 323 1424
164 99 1424
158 227 1425
93 703 1426
93 759 1426
93 197 1426
531 91 1427
531 880 1427
91 734 1428
742 636 1428
93 636 1428
742 703 1428
742 636 1428
742 703 1428
332 104 1429
255 739 1430
9 636 1430
478 734 1430
418 251 1431
418 229 1431
742 636 1431
418 222 1431
216 739 1431
418 175 1431
538 490 1431
290 734 1432
742 222 1432
362 867 1432
362 356 1432
362 759 1432
362 90 1432
362 387 1432
362 197 1432
362 197 1432
255 739 1433
255 739 1433
216 739 1433
239 857 1434
363 734 1434
634 362 1435
395 734 1435
395 222 1435
395 703 1435
141 387 1435
141 387 1435
141 617 1435
141 759 1435
141 178 1435
515 222 1435
410 157 1436
410 69 1436
255 598 1436
255 739 1436
216 739 1437
861 197 1437
861 759 1437
141 759 1437
346 184 1439
255 739 1441
519 538 1442
406 442 1443
205 99 1443
871 417 1443
871 229 1443
90 749 1443
395 442 1444
742 557 1445
585 739 1445
686 734 1446
742 81 1446
742 81 1446
742 557 1446
870 60 1446
12 99 1446
12 417 1446
274 557 1446
480 258 1446
480 880 1446
64 52 1446
754 386 1447
333 290 1448
93 290 1448
592 99 1448
49 290 1449
142 874 1450
142 52 1450
142 734 1450
871 417 1450
674 308 1451
400 81 1451
709 636 1451
709 739 1451
363 734 1454
268 437 1454
719 541 1454
393 734 1454
90 81 1454
132 617 1455
134 197 1455
752 510 1455
752 128 1455
752 788 1455
651 238 1455
255 739 1456
249 154 1456
249 154 1456
377 31 1456
255 739 1457
400 81 1458
255 592 1459
216 739 1461
65 184 1461
858 31 1461
3 759 1461
3 490 1461
43 442 1461
787 615 1461
478 734 1461
345 392 1462
346 184 1462
346 734 1462
141 759 1462
287 854 1462
785 387 1462
592 362 1463
538 490 1466
395 442 1467
91 734 1467
347 556 1467
39 369 1468
164 99 1468
12 99 1468
142 734 1469
652 749 1470
9 119 1470
9 437 1470
9 287 1470
9 222 1470
9 376 1470
363 734 1470
9 94 1470
648 387 1471
28 776 1471
28 776 1471
802 437 1471
725 830 1472
249 70 1473
141 437 1473
141 70 1473
141 387 1473
93 222 1474
93 287 1474
766 290 1474
766 123 1474
93 123 1475
93 510 1475
93 376 1475
93 60 1475
93 251 1475
93 636 1475
93 759 1475
93 52 1475
93 557 1475
93 290 1476
93 598 1476
742 598 1477
742 636 1477
332 493 1478
332 389 1478
332 420 1478
313 598 1478
313 433 1478
422 395 1478
422 880 1478
422 703 1478
422 703 1478
49 290 1478
422 320 1478
9 437 1478
9 395 1478
742 395 1478
422 258 1478
422 395 1478
422 91 1478
9 395 1478
742 395 1479
91 734 1479
91 290 1479
91 290 1479
91 290 1479
686 96 1479
141 437 1480
9 437 1480
141 759 1480
141 545 1480
141 437 1480
255 776 1480
255 598 1480
173 759 1480
9 437 1480
173 376 1480
398 417 1480
786 775 1481
802 736 1481
93 636 1481
93 290 1481
93 598 1481
393 290 1482
255 598 1482
872 736 1482
872 91 1482
742 598 1483
742 507 1483
742 703 1483
742 759 1483
742 222 1483
9 703 1483
393 734 1484
188 91 1484
585 736 1484
861 759 1484
49 290 1484
363 734 1484
742 703 1484
742 179 1485
742 373 1485
742 479 1485
686 734 1485
742 261 1485
395 433 1485
871 417 1485
9 759 1485
48 522 1486
696 734 1486
870 734 1488
478 734 1489
755 734 1491
406 437 1492
406 788 1492
478 734 1493
9 437 1495
239 417 1495
91 734 1495
173 437 1496
141 437 1496
141 759 1496
870 734 1496
93 373 1496
93 222 1496
93 759 1496
93 507 1496
93 703 1496
91 734 1496
93 290 1496
93 598 1496
395 734 1496
255 739 1497
255 598 1497
255 598 1497
393 734 1497
686 734 1497
362 197 1498
315 596 1499
709 739 1499
480 258 1501
742 507 1501
742 598 1501
255 598 1502
255 739 1502
313 596 1502
742 175 1503
422 703 1503
422 395 1503
422 258 1503
400 543 1504
9 437 1504
173 437 1504
9 437 1504
5 594 1504
393 734 1505
422 594 1505
753 596 1506
9 376 1506
742 703 1507
742 598 1507
742 373 1507
742 788 1507
742 81 1507
62 734 1507
742 179 1507
742 395 1507
742 395 1507
742 206 1507
742 759 1507
742 775 1507
422 395 1507
422 829 1507
91 734 1508
9 703 1508
9 829 1508
93 437 1508
93 373 1508
93 376 1508
93 594 1508
93 543 1508
93 197 1508
93 703 1508
93 759 1508
93 507 1508
93 598 1508
173 395 1508
870 734 1508
255 598 1508
255 598 1508
65 184 1509
102 869 1509
164 320 1509
392 869 1509
392 869 1509
392 869 1509
102 869 1509
268 437 1509
268 776 1509
268 128 1509
18 708 1510
18 96 1510
18 96 1510
274 96 1510
274 598 1510
9 437 1510
5 594 1510
742 598 1513
742 598 1513
585 739 1514
395 734 1514
395 556 1514
422 594 1514
422 320 1514
420 355 1514
422 395 1514
422 703 1514
422 829 1515
422 418 1515
422 388 1515
742 355 1515
398 417 1515
12 417 1515
709 739 1515
709 128 1515
742 703 1515
9 829 1515
730 708 1516
255 739 1516
630 417 1516
630 418 1516
630 206 1516
422 829 1516
422 498 1516
422 365 1516
585 739 1516
50 154 1516
400 96 1516
400 788 1516
107 829 1517
274 96 1517
274 206 1517
274 598 1517
9 829 1518
93 270 1518
93 437 1518
93 437 1518
93 703 1518
93 96 1518
93 594 1518
93 388 1518
93 598 1518
92 91 1518
9 437 1519
742 598 1519
255 739 1519
255 365 1519
255 598 1519
742 598 1519
422 594 1519
422 270 1519
164 320 1519
153 776 1520
93 270 1520
93 437 1520
93 594 1520
93 598 1520
777 541 1521
369 748 1521
313 355 1521
313 598 1521
313 33 1521
274 598 1521
281 106 1521
173 437 1521
834 734 1522
59 227 1522
18 708 1523
18 96 1523
709 739 1524
395 734 1525
478 734 1526
255 598 1526
585 739 1526
9 437 1526
585 105 1527
573 725 1527
205 417 1527
205 99 1527
205 615 1527
51 830 1527
395 734 1528
422 437 1528
422 365 1528
422 388 1528
733 31 1528
422 96 1529
478 734 1529
478 734 1529
9 437 1529
83 33 1529
83 355 1529
83 734 1529
9 870 1530
9 287 1530
9 222 1530
9 349 1530
9 376 1530
9 224 1530
9 530 1530
262 742 1530
90 734 1530
400 96 1530
861 197 1530
861 197 1530
737 238 1531
873 482 1532
873 829 1532
395 734 1532
395 388 1532
12 99 1532
834 734 1532
49 106 1533
247 417 1533
383 703 1534
18 240 1535
18 240 1535
18 240 1535
18 240 1535
18 240 1535
18 240 1535
18 240 1535
158 227 1535
510 91 1537
510 320 1537
510 99 1537
510 362 1537
510 673 1537
205 417 1538
281 881 1539
188 99 1539
164 362 1539
164 320 1539
164 734 1540
164 323 1540
91 734 1541
408 484 1541
90 734 1541
347 556 1541
141 492 1542
451 734 1544
422 703 1544
422 437 1544
18 84 1544
422 388 1545
395 734 1545
395 388 1545
268 437 1546
47 2 1546
283 184 1546
283 538 1546
510 362 1546
510 320 1546
510 99 1546
268 776 1546
268 128 1546
268 729 1546
408 435 1547
408 485 1547
478 734 1547
630 417 1548
630 206 1549
709 739 1549
395 734 1551
395 485 1551
395 556 1551
395 734 1551
395 734 1551
478 734 1551
154 391 1551
154 881 1551
154 747 1551
154 270 1551
154 790 1551
154 320 1551
154 107 1551
393 734 1552
255 776 1552
255 776 1552
711 238 1552
673 84 1553
673 84 1553
673 84 1553
422 556 1553
422 91 1553
422 388 1553
395 734 1553
173 437 1553
9 437 1554
9 376 1554
9 703 1555
9 395 1555
652 870 1555
652 703 1555
9 870 1555
9 703 1555
395 734 1556
737 238 1557
3 490 1557
62 734 1558
413 868 1558
413 495 1558
777 790 1559
777 265 1559
93 270 1561
93 270 1561
93 376 1561
93 703 1561
93 107 1561
93 598 1561
93 222 1561
93 349 1561
93 287 1561
93 437 1561
93 96 1561
93 240 1561
93 484 1561
93 197 1561
93 197 1561
93 435 1561
93 388 1561
93 870 1561
93 868 1561
422 388 1562
205 99 1563
478 868 1564
510 91 1565
247 417 1565
274 96 1566
274 240 1566
274 240 1566
274 240 1566
498 495 1566
498 492 1566
255 598 1566
59 227 1567
173 227 1567
313 598 1567
313 492 1567
313 105 1567
313 33 1567
255 593 1567
255 776 1567
255 876 1567
255 739 1567
255 598 1567
255 598 1567
255 445 1567
9 876 1567
9 703 1567
9 107 1567
141 759 1568
413 495 1568
18 240 1568
18 240 1568
255 876 1568
62 388 1569
93 96 1569
93 240 1569
93 759 1569
93 703 1569
93 107 1569
93 388 1569
93 868 1569
93 598 1569
93 290 1569
18 96 1569
18 84 1569
153 395 1569
153 776 1569
395 790 1569
856 442 1569
413 495 1569
395 734 1570
673 84 1570
673 84 1570
673 84 1570
239 857 1570
440 476 1570
18 84 1570
18 84 1570
9 790 1570
9 759 1570
9 703 1570
65 388 1570
286 394 1571
671 261 1571
83 33 1571
274 240 1572
274 240 1572
274 240 1572
276 495 1572
276 868 1572
93 759 1572
93 703 1572
93 868 1572
90 734 1573
742 394 1574
742 759 1574
478 868 1574
478 734 1574
752 510 1575
346 734 1575
12 99 1576
93 868 1576
205 99 1577
18 240 1577
18 240 1577
371 734 1578
805 492 1578
255 776 1578
255 739 1578
609 107 1578
255 876 1578
255 598 1578
90 240 1578
560 742 1578
742 598 1578
285 106 1579
274 240 1579
274 240 1579
274 240 1579
274 598 1579
18 240 1580
154 517 1580
154 445 1580
18 240 1580
154 445 1580
154 705 1580
18 240 1580
106 106 1580
422 388 1580
9 107 1580
39 373 1580
39 323 1580
39 593 1580
422 91 1580
39 55 1580
39 129 1580
403 829 1580
246 876 1581
631 492 1581
91 734 1581
91 154 1581
158 227 1581
158 227 1581
153 776 1582
896 388 1582
18 240 1582
463 444 1582
164 362 1582
164 323 1582
164 99 1582
164 320 1582
164 734 1582
164 99 1582
164 362 1582
173 227 1582
173 388 1582
478 734 1582
62 388 1582
62 644 1582
274 240 1582
274 240 1582
274 240 1582
158 227 1582
274 240 1582
400 96 1582
891 247 1582
891 495 1582
274 96 1582
274 96 1582
673 84 1583
18 96 1583
18 96 1583
18 84 1583
18 240 1583
18 240 1583
585 739 1583
737 238 1583
737 238 1583
188 91 1583
47 69 1583
274 96 1584
274 96 1584
274 96 1584
18 96 1584
274 240 1584
18 96 1584
274 240 1584
274 96 1584
18 240 1584
274 240 1584
274 240 1584
18 96 1584
18 96 1584
274 96 1584
18 240 1584
274 96 1584
18 96 1584
274 240 1584
274 96 1584
18 96 1584
18 96 1584
274 96 1584
93 290 1584
93 290 1584
274 96 1584
274 96 1584
18 96 1584
274 96 1584
18 96 1584
274 96 1584
274 96 1584
18 96 1585
18 96 1585
18 96 1586
216 739 1587
422 829 1587
395 388 1587
422 123 1587
49 290 1588
49 290 1588
97 868 1588
97 592 1588
9 290 1588
9 703 1588
336 84 1588
255 776 1588
4 492 1588
255 876 1588
4 593 1588
255 739 1588
255 593 1588
255 598 1588
255 876 1588
255 598 1588
336 96 1588
18 84 1588
18 96 1588
585 739 1588
578 831 1589
274 96 1589
274 96 1589
274 96 1589
274 96 1589
313 492 1589
313 33 1589
313 730 1589
510 91 1589
400 96 1589
510 362 1589
18 96 1589
400 96 1589
18 96 1589
18 96 1589
18 96 1589
480 880 1589
870 734 1589
673 84 1589
673 84 1590
395 734 1590
395 290 1590
49 290 1590
652 388 1590
501 734 1590
50 154 1590
421 492 1590
50 360 1590
413 495 1590
50 360 1590
413 868 1591
393 734 1591
12 99 1591
93 123 1591
93 373 1591
93 517 1591
93 644 1591
93 703 1591
93 107 1591
93 388 1591
93 868 1591
93 290 1591
453 389 1591
393 389 1592
9 703 1592
9 107 1592
659 732 1592
421 517 1593
651 238 1593
83 33 1593
417 507 1593
417 179 1593
417 541 1593
347 556 1593
400 179 1594
336 96 1594
422 880 1594
422 91 1594
422 389 1594
336 84 1594
336 96 1594
59 227 1594
393 389 1594
709 776 1594
709 739 1594
709 636 1594
255 739 1595
164 81 1595
164 895 1595
870 734 1595
478 868 1595
660 557 1595
630 868 1596
870 706 1598
661 417 1600
661 247 1600
661 247 1600
49 247 1600
422 706 1600
395 556 1600
422 96 1600
417 179 1600
367 444 1600
9 706 1601
478 868 1601
62 388 1601
134 881 1602
32 46 1602
463 444 1603
892 637 1605
892 297 1605
892 297 1605
892 392 1605
631 389 1605
822 388 1606
395 290 1606
18 96 1607
18 96 1607
392 71 1607
392 71 1607
9 290 1607
18 240 1608
65 293 1608
65 221 1608
660 417 1608
660 226 1608
660 392 1608
660 484 1608
660 881 1608
870 789 1610
870 878 1610
47 743 1610
742 597 1611
721 590 1611
239 182 1611
239 627 1611
239 4 1611
239 443 1611
239 183 1611
239 431 1611
239 319 1611
49 515 1611
49 290 1611
292 589 1611
50 444 1612
755 873 1612
625 220 1612
12 486 1612
538 296 1612
538 264 1612
538 559 1612
538 40 1612
43 350 1613
18 897 1613
18 523 1613
18 843 1613
18 84 1613
313 732 1613
313 492 1613
313 186 1613
313 701 1613
313 53 1613
313 294 1613
313 236 1613
313 245 1613
313 443 1613
313 443 1613
313 150 1613
313 421 1613
418 36 1613
418 251 1613
418 290 1613
418 229 1613
392 86 1613
418 177 1613
418 177 1613
91 424 1613
498 101 1613
91 477 1613
783 491 1613
93 863 1614
93 290 1614
9 251 1614
9 290 1614
454 732 1614
298 292 1614
377 371 1614
377 31 1614
141 477 1614
141 390 1614
141 92 1614
141 585 1614
141 388 1614
9 92 1614
347 556 1614
347 388 1614
47 450 1614
90 737 1615
395 766 1615
395 434 1615
395 429 1615
395 446 1615
395 388 1615
705 282 1616
705 751 1616
871 780 1616
871 853 1616
753 713 1616
871 392 1616
53 881 1616
652 388 1616
141 92 1617
861 62 1617
247 763 1617
861 897 1617
861 546 1617
83 738 1617
861 497 1617
861 295 1617
83 730 1617
861 558 1617
861 521 1617
861 853 1617
861 895 1617
861 197 1617
861 197 1617
861 644 1617
861 759 1617
861 759 1617
861 36 1617
421 492 1617
463 444 1617
733 31 1618
9 92 1619
9 759 1619
777 595 1619
777 541 1619
759 759 1619
164 544 1619
164 853 1619
164 362 1619
164 99 1619
164 320 1619
432 241 1619
172 549 1619
432 241 1619
432 873 1619
432 782 1619
432 101 1619
432 102 1619
658 257 1619
626 530 1619
624 851 1620
624 883 1620
624 53 1620
624 236 1620
712 240 1620
18 240 1620
787 284 1621
709 357 1622
709 738 1622
709 6 1622
480 880 1624
463 555 1624
499 627 1624
499 241 1624
205 229 1624
673 84 1625
673 84 1625
673 84 1625
673 84 1625
673 84 1625
9 530 1625
786 775 1625
786 244 1625
786 293 1625
283 51 1626
283 662 1626
283 858 1626
283 183 1626
657 227 1626
657 437 1626
9 437 1627
673 676 1627
652 585 1627
652 703 1627
102 869 1627
393 389 1627
742 703 1627
9 703 1627
164 738 1627
9 530 1628
141 437 1628
141 183 1628
62 388 1628
861 853 1629
674 448 1629
173 183 1629
9 437 1629
326 446 1629
392 869 1629
285 296 1629
510 320 1630
510 99 1630
658 549 1630
18 84 1630
90 734 1630
281 881 1630
281 236 1630
18 240 1630
276 778 1631
276 49 1631
454 738 1631
737 238 1631
737 238 1631
740 516 1632
740 359 1632
709 324 1632
709 690 1632
377 242 1636
395 734 1636
395 869 1636
777 357 1636
205 99 1637
134 297 1637
552 572 1637
552 560 1637
55 284 1637
517 741 1637
517 105 1637
517 236 1637
517 742 1637
517 443 1637
517 492 1637
517 239 1637
91 444 1638
91 734 1638
91 290 1638
164 99 1638
164 320 1638
588 871 1638
164 853 1638
588 319 1638
164 734 1638
873 589 1638
873 871 1638
873 829 1638
744 153 1639
18 240 1639
652 703 1640
742 703 1640
742 703 1640
652 870 1640
9 703 1640
9 870 1640
652 870 1640
652 703 1640
686 734 1640
871 36 1640
80 152 1640
742 703 1640
652 703 1640
384 2 1640
9 703 1640
9 870 1640
488 62 1641
488 90 1641
652 870 1641
9 870 1641
652 870 1641
488 759 1641
488 558 1641
488 725 1641
488 197 1641
488 197 1641
9 376 1641
742 703 1641
472 869 1641
472 636 1641
472 636 1641
472 782 1641
472 701 1641
472 897 1641
9 782 1641
9 703 1641
652 703 1641
9 703 1641
285 6 1641
652 703 1641
489 99 1641
18 240 1641
488 99 1641
488 91 1641
239 319 1642
392 869 1643
478 734 1643
59 227 1643
59 757 1643
432 782 1643
432 782 1643
432 241 1643
578 590 1643
861 62 1643
861 197 1643
861 90 1643
861 558 1643
861 759 1643
861 897 1643
346 179 1643
346 294 1643
102 869 1643
102 869 1643
517 387 1644
274 240 1644
274 240 1644
274 497 1644
18 897 1644
93 290 1645
93 703 1645
18 240 1645
18 708 1645
872 99 1647
510 91 1647
510 320 1647
313 294 1648
255 598 1648
659 732 1648
422 589 1649
422 829 1649
422 829 1649
422 558 1649
422 627 1649
422 880 1649
422 880 1649
337 737 1649
395 734 1649
395 446 1649
422 871 1650
144 618 1650
861 497 1650
392 869 1651
105 763 1651
413 423 1651
53 881 1652
53 881 1652
102 869 1652
326 446 1652
383 507 1652
392 556 1652
107 260 1652
255 739 1652
742 598 1653
205 91 1653
652 870 1653
9 870 1653
753 596 1654
753 236 1654
247 763 1654
833 445 1655
548 257 1655
422 497 1655
12 99 1655
709 739 1657
872 99 1658
255 739 1659
825 97 1659
255 598 1659
742 598 1659
91 734 1660
91 734 1660
478 734 1660
395 703 1660
844 766 1660
844 154 1660
395 766 1660
238 308 1661
495 447 1661
400 627 1661
480 880 1662
480 179 1662
585 739 1662
255 739 1662
255 598 1662
313 732 1663
313 598 1663
313 596 1663
313 881 1663
753 596 1663
753 596 1663
742 179 1663
742 598 1663
742 154 1663
400 179 1664
134 308 1664
844 766 1665
448 450 1665
274 737 1666
274 598 1666
395 766 1666
844 766 1666
62 734 1667
62 183 1667
336 96 1667
83 739 1667
83 701 1667
856 442 1667
18 96 1668
142 355 1668
142 830 1668
652 870 1668
281 881 1668
90 737 1669
709 357 1671
709 739 1671
478 734 1672
478 734 1672
255 598 1672
216 739 1673
91 734 1673
91 734 1673
91 881 1673
822 389 1673
777 357 1673
418 36 1673
418 36 1673
395 734 1674
395 734 1674
9 36 1674
9 177 1674
478 734 1674
510 91 1675
510 320 1675
515 757 1675
85 68 1676
62 734 1676
62 45 1676
62 875 1676
62 376 1676
62 395 1676
501 734 1676
9 395 1676
91 734 1676
793 53 1677
422 703 1677
422 320 1677
422 395 1677
709 739 1677
422 433 1678
274 737 1678
274 598 1678
62 395 1679
586 241 1679
586 726 1679
92 99 1679
92 91 1679
573 36 1679
400 96 1679
400 442 1679
383 897 1679
527 876 1680
83 53 1680
686 389 1680
281 881 1681
281 881 1681
281 881 1681
18 96 1681
281 881 1681
255 598 1683
777 739 1686
445 245 1686
752 60 1687
868 185 1687
274 598 1688
861 36 1688
861 62 1688
709 484 1689
73 241 1689
164 320 1690
346 376 1690
346 294 1690
346 734 1690
198 734 1690
336 734 1690
478 734 1691
313 596 1691
395 703 1691
832 58 1691
47 729 1691
890 709 1692
14 701 1692
14 222 1692
14 709 1692
14 390 1692
14 484 1692
400 96 1692
609 92 1692
93 703 1692
93 376 1692
39 373 1692
39 77 1692
39 628 1692
39 323 1692
39 248 1692
39 370 1692
39 133 1692
39 632 1692
39 308 1692
39 593 1692
39 242 1692
39 127 1692
39 156 1692
39 329 1692
39 226 1692
39 555 1692
39 206 1692
39 78 1692
39 371 1692
39 789 1692
39 387 1692
39 517 1692
39 231 1692
39 572 1692
39 152 1692
652 585 1693
517 387 1693
274 596 1694
62 734 1697
422 585 1697
62 376 1697
422 703 1697
18 96 1697
392 703 1697
392 389 1697
91 881 1698
91 734 1698
91 734 1698
753 596 1698
418 177 1698
93 703 1698
93 507 1698
510 320 1699
634 415 1699
9 703 1699
443 389 1699
257 62 1700
257 389 1700
422 703 1700
50 444 1700
9 703 1700
420 355 1700
686 389 1701
752 481 1701
400 96 1702
649 734 1702
655 133 1703
655 853 1703
18 96 1703
18 96 1703
447 600 1705
205 99 1709
822 389 1710
400 96 1710
480 179 1712
255 739 1713
18 96 1714
153 428 1714
395 734 1715
312 590 1715
312 727 1715
312 727 1715
153 363 1715
417 507 1715
395 734 1715
417 179 1715
194 734 1716
221 428 1717
221 544 1717
521 236 1718
752 284 1722
752 788 1722
478 730 1723
243 290 1723
686 96 1724
686 493 1724
686 94 1724
515 389 1724
173 290 1724
12 99 1724
517 734 1724
62 734 1724
91 727 1725
91 734 1725
18 96 1725
346 544 1725
346 853 1725
346 734 1725
422 320 1726
501 734 1726
400 727 1727
91 727 1727
91 734 1727
742 68 1727
745 538 1727
205 99 1728
164 323 1728
164 320 1728
164 853 1728
93 703 1728
93 703 1728
204 871 1729
204 557 1729
204 777 1729
204 323 1729
204 308 1729
585 739 1729
93 127 1730
93 597 1730
93 782 1730
93 686 1730
93 92 1730
93 154 1730
93 786 1730
93 376 1730
93 376 1730
93 512 1730
93 40 1730
93 839 1730
93 295 1730
93 881 1730
93 627 1730
93 515 1730
93 101 1730
93 4 1730
93 60 1730
93 371 1730
93 484 1730
93 197 1730
93 517 1730
93 251 1730
93 251 1730
93 187 1730
93 644 1730
93 102 1730
93 183 1730
93 759 1730
93 249 1730
93 507 1730
93 290 1730
93 388 1730
93 152 1730
93 585 1730
93 870 1730
93 598 1730
872 323 1733
255 739 1733
9 703 1733
422 703 1733
134 637 1734
134 853 1734
663 867 1734
93 703 1735
93 107 1735
93 636 1735
93 706 1735
93 557 1735
93 757 1735
93 868 1735
93 897 1735
9 703 1736
9 107 1736
255 739 1739
613 370 1739
686 96 1740
686 389 1740
281 106 1740
83 730 1741
93 703 1741
93 107 1741
121 424 1742
121 421 1742
255 739 1744
313 355 1745
313 421 1745
313 701 1745
255 739 1746
12 99 1746
9 437 1748
216 739 1748
216 739 1748
400 727 1749
400 585 1749
188 99 1750
205 99 1750
164 323 1750
164 99 1750
164 853 1750
296 446 1751
296 498 1751
400 323 1751
400 96 1751
686 96 1751
9 498 1752
49 515 1752
567 36 1752
872 99 1752
12 99 1752
18 96 1752
281 881 1752
281 881 1752
400 96 1753
12 99 1753
93 515 1754
93 585 1754
868 789 1755
62 388 1757
62 759 1757
872 99 1757
538 759 1758
661 2 1759
91 881 1759
91 727 1759
12 99 1759
47 2 1760
49 515 1760
663 867 1761
686 96 1761
686 96 1761
83 701 1762
83 355 1762
861 62 1762
205 99 1763
861 644 1763
861 644 1763
861 759 1763
861 897 1763
861 387 1763
861 636 1763
12 99 1764
663 247 1764
93 515 1765
93 388 1765
592 292 1766
592 127 1766
93 127 1766
345 701 1766
345 133 1766
93 897 1767
585 739 1769
585 739 1769
255 739 1769
49 515 1770
709 739 1770
709 636 1770
395 867 1770
417 507 1771
93 515 1771
93 507 1771
93 507 1771
93 636 1771
255 739 1772
753 713 1772
102 869 1773
753 596 1773
709 739 1773
18 867 1774
8 490 1774
8 244 1774
255 739 1775
173 759 1775
257 389 1775
164 323 1776
164 99 1776
93 759 1776
90 734 1776
283 538 1776
12 99 1777
686 389 1778
93 389 1778
395 867 1782
665 671 1784
173 671 1784
419 518 1784
62 734 1784
257 389 1785
870 878 1785
870 789 1785
93 671 1785
844 154 1786
844 641 1786
93 154 1786
173 671 1787
93 671 1787
478 734 1787
18 96 1788
18 708 1788
18 240 1788
18 84 1788
415 851 1789
415 851 1789
415 53 1789
415 394 1789
39 323 1789
39 370 1789
39 789 1789
39 517 1789
346 53 1789
346 4 1789
346 734 1789
274 387 1791
274 596 1791
650 437 1795
164 323 1795
93 4 1795
93 517 1795
686 389 1797
93 389 1797
93 389 1797
422 703 1797
400 323 1798
541 593 1800
205 91 1800
872 323 1800
93 703 1801
673 84 1801
673 84 1801
518 540 1802
518 742 1802
868 789 1802
383 507 1802
18 84 1802
494 61 1803
709 739 1804
709 484 1804
255 739 1806
510 99 1806
510 320 1806
510 362 1806
134 593 1807
783 437 1807
93 484 1808
91 734 1808
62 292 1808
62 875 1808
62 734 1808
62 759 1808
62 388 1808
280 504 1810
803 197 1811
803 732 1811
164 362 1812
164 323 1812
164 320 1812
62 644 1812
62 484 1812
62 498 1812
9 498 1812
336 357 1813
336 84 1813
141 759 1813
36 504 1814
91 734 1814
872 99 1814
295 234 1814
733 31 1815
62 734 1819
283 387 1820
18 96 1820
18 240 1820
18 708 1820
709 739 1821
709 484 1821
93 507 1821
93 484 1821
93 197 1821
93 644 1821
93 759 1821
93 388 1821
93 759 1821
422 437 1821
18 84 1822
18 84 1822
336 96 1822
336 2 1823
47 2 1823
402 229 1823
402 174 1823
451 734 1823
451 873 1823
673 84 1825
673 84 1825
673 84 1825
673 84 1825
673 84 1825
673 84 1825
673 84 1825
62 388 1825
62 484 1825
62 437 1825
91 734 1825
91 734 1825
664 734 1826
93 484 1827
93 388 1827
255 739 1829
730 751 1830
53 94 1831
395 734 1831
711 881 1831
650 437 1832
711 871 1832
711 871 1832
861 644 1833
313 701 1833
97 33 1835
392 869 1835
102 869 1836
102 515 1836
686 94 1836
664 734 1837
336 84 1837
93 515 1838
93 881 1838
93 644 1838
313 33 1842
281 881 1843
281 881 1843
281 504 1843
336 96 1843
418 515 1843
418 36 1843
418 290 1843
418 240 1843
418 240 1843
833 858 1844
9 36 1844
93 515 1845
93 290 1845
392 869 1845
392 869 1845
173 36 1845
83 53 1845
83 53 1845
83 33 1845
83 701 1845
9 36 1846
18 240 1846
18 96 1846
18 84 1846
18 84 1846
97 33 1847
588 873 1848
39 323 1848
39 789 1848
39 517 1848
893 734 1848
893 734 1848
893 734 1848
893 741 1848
83 33 1848
205 99 1848
205 91 1848
673 84 1848
673 84 1848
673 84 1848
49 515 1848
794 572 1849
400 96 1849
664 734 1849
293 258 1849
891 560 1849
891 495 1849
336 84 1850
336 96 1850
18 96 1850
18 84 1850
90 522 1851
336 84 1851
336 84 1851
336 96 1851
336 96 1851
673 84 1851
673 84 1851
62 443 1853
62 510 1853
498 492 1854
498 220 1854
205 417 1854
205 615 1854
579 546 1854
579 874 1854
579 743 1854
579 776 1854
579 53 1854
579 355 1854
579 260 1854
579 738 1854
579 236 1854
579 730 1854
579 105 1854
579 33 1854
579 183 1854
579 759 1854
579 264 1854
579 636 1854
47 69 1855
538 264 1855
538 559 1855
538 543 1855
538 662 1855
538 545 1855
49 182 1856
18 762 1856
18 238 1856
18 843 1856
18 523 1856
752 60 1856
752 388 1856
18 84 1856
18 96 1856
624 53 1857
255 776 1857
239 857 1857
239 736 1857
239 431 1857
239 319 1857
625 150 1857
421 221 1857
744 153 1858
310 617 1858
83 53 1858
62 759 1858
83 186 1858
62 183 1858
62 183 1858
83 883 1858
83 759 1858
686 49 1858
83 636 1858
686 96 1858
686 778 1858
686 521 1858
686 392 1858
400 96 1859
250 349 1859
250 713 1859
250 240 1859
250 418 1859
250 94 1859
250 521 1859
250 502 1859
250 431 1859
250 585 1859
250 897 1859
12 486 1859
102 869 1859
141 476 1860
141 477 1860
141 617 1860
141 617 1860
3 490 1860
663 857 1860
538 490 1860
673 84 1860
673 84 1861
673 84 1861
451 734 1861
451 873 1861
336 96 1862
93 270 1862
93 123 1862
93 863 1862
93 287 1862
93 349 1862
93 510 1862
93 594 1862
93 543 1862
93 515 1862
93 60 1862
93 517 1862
93 183 1862
93 759 1862
93 52 1862
93 636 1862
93 435 1862
93 585 1862
93 388 1862
93 897 1862
400 543 1862
18 240 1862
18 84 1863
673 84 1863
93 543 1863
673 84 1863
803 595 1864
268 729 1866
268 492 1866
268 776 1866
752 789 1866
752 741 1866
478 734 1866
18 96 1867
313 443 1867
313 150 1867
785 445 1868
785 598 1868
93 598 1868
686 96 1869
686 96 1869
686 521 1869
308 743 1870
308 290 1870
609 386 1870
538 743 1870
400 96 1871
164 81 1871
164 323 1871
164 895 1871
164 738 1871
400 559 1872
400 543 1872
318 558 1872
80 360 1873
488 90 1873
488 725 1873
488 558 1873
9 725 1873
510 99 1874
510 99 1874
283 51 1874
283 184 1874
12 99 1874
18 96 1875
661 417 1875
538 559 1876
90 734 1878
686 96 1882
686 96 1882
686 96 1882
18 96 1885
308 743 1885
451 734 1885
400 96 1885
18 96 1885
595 831 1886
595 830 1886
488 725 1887
709 592 1888
709 479 1888
709 739 1888
47 356 1888
47 450 1888
47 676 1888
47 128 1888
635 181 1889
635 672 1889
635 119 1889
18 84 1893
395 766 1893
395 434 1893
395 790 1893
395 386 1893
478 734 1894
686 96 1894
686 96 1894
686 96 1894
686 96 1894
255 592 1895
777 541 1896
777 264 1896
777 293 1896
777 357 1896
777 735 1896
777 265 1896
777 522 1896
538 264 1897
742 479 1897
742 257 1897
742 261 1897
742 182 1897
742 883 1897
742 81 1897
742 759 1897
742 775 1897
742 636 1897
742 546 1898
742 598 1898
742 222 1898
400 96 1898
18 96 1898
18 96 1898
220 394 1899
871 392 1899
673 84 1900
673 84 1900
673 84 1900
531 320 1900
673 84 1900
93 222 1900
93 543 1900
93 543 1900
93 394 1900
93 759 1900
93 636 1900
93 290 1900
93 598 1901
255 598 1903
705 423 1904
705 282 1904
538 543 1904
538 392 1904
443 323 1905
93 543 1905
93 598 1905
424 780 1905
478 734 1905
538 543 1905
164 320 1905
164 734 1905
164 99 1905
346 521 1905
346 895 1905
346 854 1905
346 491 1905
783 491 1906
400 543 1907
518 431 1907
518 178 1907
686 392 1907
531 320 1908
871 392 1908
609 92 1909
664 734 1909
93 92 1910
93 543 1910
91 290 1910
91 734 1910
91 542 1910
686 96 1911
686 96 1911
686 96 1911
686 96 1911
220 394 1911
673 84 1911
673 84 1911
673 84 1911
18 96 1912
93 290 1912
93 394 1912
18 96 1912
521 239 1915
521 391 1915
395 734 1916
239 443 1916
18 84 1917
673 84 1918
673 84 1918
673 84 1918
400 96 1919
18 96 1919
624 53 1920
229 68 1920
313 598 1921
538 543 1921
93 543 1921
93 598 1921
83 53 1922
92 99 1922
90 734 1926
255 598 1928
538 543 1928
93 598 1929
93 543 1929
510 91 1933
510 320 1933
759 759 1933
759 55 1933
538 543 1934
531 320 1934
47 729 1934
93 543 1936
93 759 1936
870 878 1936
709 357 1939
709 6 1939
709 484 1939
18 84 1940
538 543 1940
424 737 1942
93 543 1942
93 484 1942
205 91 1943
164 895 1944
164 320 1944
90 737 1946
225 743 1946
666 743 1947
90 867 1947
90 867 1947
91 734 1948
346 734 1948
395 867 1951
395 869 1951
510 320 1953
164 320 1955
164 734 1955
92 99 1956
555 257 1956
510 320 1957
102 869 1958
91 734 1958
451 734 1965
870 734 1966
451 734 1967
451 881 1967
91 734 1972
346 734 1974
424 737 1980
243 290 1982
93 290 1982
384 2 1982
102 869 1983
753 713 1984
753 596 1984
753 236 1984
753 897 1984
93 897 1984
83 881 1984
83 186 1984
83 776 1984
83 53 1984
83 739 1984
83 738 1984
83 33 1984
93 881 1985
531 320 1986
531 75 1986
531 874 1986
268 729 1989
268 128 1989
538 881 1989
709 324 1989
709 690 1989
47 729 1990
93 881 1990
91 290 1990
19 729 1991
19 734 1991
19 206 1991
478 734 1992
12 91 1992
164 99 1992
164 320 1992
164 734 1992
383 869 1993
870 734 1993
446 390 1993
446 290 1994
336 240 1994
336 84 1994
336 96 1994
336 759 1994
47 2 1994
47 69 1994
448 450 1995
83 881 1995
451 734 1995
548 257 1995
93 881 1996
93 290 1996
93 290 1996
510 320 1996
510 99 1996
83 881 1996
90 734 1996
531 99 1997
18 240 1997
18 96 1997
346 734 1997
268 729 2000
268 729 2000
