1 1240 0
1 1241 0
1 1242 0
1 166 0
1 2 0
1 3 0
1 4 0
1 454 0
1 5 0
1 6 0
1 680 0
1 807 0
1 827 0
100 101 0
100 102 0
1000 904 0
1000 988 0
1001 905 0
1002 991 0
1003 918 0
1005 308 0
1005 962 0
1005 963 0
1006 971 0
1006 972 0
1007 1002 0
1007 1008 0
1007 1008 0
1007 1224 0
1007 124 0
1007 1362 0
1007 1363 0
1007 1565 0
1007 1674 0
1007 31 0
1007 579 0
1007 742 0
1007 993 0
1008 1117 0
1008 1167 0
1008 1197 0
1008 1338 0
1008 1686 0
1008 1726 0
1008 742 0
1009 1567 0
101 103 0
101 41 0
101 41 0
101 668 0
101 712 0
101 713 0
101 81 0
101 9 0
1010 1011 0
1011 1079 0
1012 1013 0
1013 178 0
1014 1054 0
1014 1105 0
1014 478 0
1015 1016 0
1016 1039 0
1016 778 0
1017 1018 0
1019 1020 0
102 125 0
102 156 0
102 46 0
102 597 0
1020 1068 0
1020 1137 0
1021 87 0
1021 925 0
1022 1023 0
1022 66 0
1023 1028 0
1024 1025 0
1024 1026 0
1024 1151 0
1024 1224 0
1024 1289 0
1024 549 0
1024 710 0
1024 991 0
1025 1026 0
1025 1071 0
1025 1880 0
1025 549 0
1026 1110 0
1027 1177 0
1027 1178 0
1027 1181 0
1027 1294 0
1027 371 0
1027 497 0
1027 659 0
1028 1022 0
1028 1029 0
1028 1030 0
1028 1181 0
1028 691 0
1029 1022 0
1029 1074 0
1029 1179 0
1029 1219 0
1029 1220 0
1029 748 0
103 130 0
103 148 0
103 214 0
103 68 0
1030 1022 0
1030 1029 0
1030 1074 0
1030 66 0
1031 1032 0
1032 1123 0
1032 1124 0
1032 1125 0
1032 1579 0
1032 1599 0
1032 1679 0
1032 958 0
1033 1034 0
1033 570 0
1034 1033 0
1035 117 0
1035 142 0
1035 360 0
1035 680 0
1035 91 0
1036 1146 0
1036 1244 0
1036 155 0
1036 1761 0
1036 440 0
1036 500 0
1037 1038 0
1039 1040 0
104 105 0
104 106 0
104 77 0
104 78 0
1040 1126 0
1041 1042 0
1042 661 0
1043 1044 0
1043 1045 0
1044 1142 0
1046 1047 0
1047 1092 0
1047 1100 0
1047 1111 0
1047 226 0
1048 227 0
1049 1050 0
1049 1051 0
1049 339 0
1049 59 0
1049 930 0
105 278 0
105 911 0
105 912 0
1050 1060 0
1050 1107 0
1050 339 0
1050 59 0
1050 930 0
1051 109 0
1051 1107 0
1051 1130 0
1051 310 0
1051 930 0
1052 1053 0
1052 256 0
1052 651 0
1054 1187 0
1054 357 0
1054 383 0
1054 478 0
1054 704 0
1054 79 0
1055 1817 0
1056 1388 0
1056 497 0
1057 1214 0
1057 516 0
1057 573 0
1059 1021 0
1059 1058 0
106 16 0
106 170 0
106 199 0
1060 109 0
1061 1014 0
1061 1054 0
1061 1215 0
1061 66 0
1061 824 0
1062 1063 0
1063 1047 0
1063 1092 0
1063 1100 0
1064 1042 0
1065 1042 0
1065 1063 0
1065 1064 0
1065 1150 0
1065 1282 0
1065 1408 0
1065 1459 0
1065 1630 0
1065 229 0
1065 237 0
1065 53 0
1065 673 0
1066 1032 0
1066 1059 0
1066 1274 0
1066 1400 0
1066 87 0
1067 1020 0
1067 1068 0
1067 1069 0
1069 1142 0
1069 1159 0
107 171 0
1070 379 0
1070 641 0
1071 1024 0
1071 1026 0
1071 549 0
1072 1113 0
1072 396 0
1072 741 0
1072 765 0
1073 667 0
1074 1022 0
1074 1023 0
1074 1075 0
1074 66 0
1075 824 0
1076 1077 0
1078 1079 0
108 109 0
108 110 0
108 166 0
108 339 0
108 340 0
108 340 0
108 57 0
108 933 0
1080 153 0
1081 1007 0
1081 1073 0
1081 1082 0
1081 1362 0
1081 1504 0
1081 336 0
1081 659 0
1082 1073 0
1082 1088 0
1082 336 0
1083 1084 0
1085 1104 0
1087 1065 0
1087 724 0
1088 1081 0
1088 1081 0
1088 1151 0
1088 1908 0
1088 1923 0
1089 1090 0
1089 601 0
109 1050 0
109 1097 0
109 110 0
109 1208 0
109 173 0
109 3 0
109 339 0
109 454 0
109 59 0
109 59 0
109 59 0
109 680 0
1090 1028 0
1090 1056 0
1090 113 0
1090 42 0
1090 601 0
1091 1047 0
1091 1092 0
1091 226 0
1092 1111 0
1093 1031 0
1093 1032 0
1093 991 0
1094 1095 0
1094 1096 0
1095 1096 0
1095 1117 0
1095 1527 0
1095 357 0
1095 637 0
1095 651 0
1095 714 0
1095 719 0
1096 1037 0
1096 1135 0
1097 1049 0
1097 1051 0
1097 1060 0
1097 59 0
1097 930 0
1099 1138 0
11 12 0
110 108 0
110 173 0
110 57 0
110 59 0
1100 1111 0
1100 226 0
1100 286 0
1100 421 0
1100 736 0
1100 92 0
1101 1102 0
1101 1103 0
1103 1117 0
1104 121 0
1104 1424 0
1104 1549 0
1104 447 0
1104 742 0
1105 1054 0
1106 162 0
1107 1049 0
1107 109 0
1107 1097 0
1107 310 0
1107 339 0
1108 1109 0
1108 1194 0
1108 130 0
1108 165 0
1108 270 0
1108 33 0
1108 357 0
1108 487 0
1109 112 0
111 112 0
111 185 0
111 223 0
111 224 0
111 519 0
111 84 0
1110 1024 0
1110 1071 0
1110 1503 0
1110 1903 0
1111 1063 0
1111 1122 0
1111 1141 0
1112 1113 0
1112 1364 0
1112 1763 0
1112 396 0
1112 741 0
1112 765 0
1113 396 0
1113 765 0
1114 1086 0
1115 1040 0
1116 1019 0
1116 1020 0
1116 1067 0
1117 1109 0
1117 127 0
1117 1546 0
1117 165 0
1117 173 0
1117 201 0
1117 545 0
1117 789 0
1118 1073 0
1118 1081 0
1118 1082 0
1118 160 0
1118 1674 0
1118 336 0
1119 497 0
112 140 0
112 149 0
112 150 0
112 1846 0
112 352 0
112 492 0
112 508 0
112 522 0
112 661 0
112 822 0
1120 163 0
1121 1122 0
1123 1031 0
1123 141 0
1123 1500 0
1123 1690 0
1123 88 0
1123 958 0
1124 1093 0
1124 958 0
1125 1031 0
1125 1093 0
1125 141 0
1125 1755 0
1125 87 0
1125 958 0
1126 1015 0
1126 654 0
1127 734 0
1128 1129 0
113 1028 0
113 103 0
113 120 0
113 128 0
113 1309 0
113 132 0
113 151 0
113 152 0
113 188 0
113 330 0
113 455 0
113 691 0
113 775 0
113 778 0
113 948 0
113 949 0
1130 109 0
1130 1107 0
1130 310 0
1130 339 0
1131 1308 0
1131 1645 0
1131 637 0
1132 1131 0
1132 285 0
1133 1043 0
1133 1069 0
1133 1126 0
1134 1039 0
1134 1044 0
1135 1038 0
1136 121 0
1138 496 0
1139 1140 0
114 101 0
114 130 0
114 152 0
114 156 0
114 168 0
114 41 0
114 45 0
114 712 0
114 713 0
1140 163 0
1141 1047 0
1141 1062 0
1141 1091 0
1141 183 0
1143 1137 0
1143 1144 0
1143 653 0
1144 1127 0
1146 1166 0
1146 1751 0
1146 1813 0
1146 2 0
1146 827 0
1147 1423 0
1147 1752 0
1147 396 0
1148 153 0
1148 314 0
1149 1148 0
1149 145 0
1149 42 0
1149 496 0
115 116 0
115 117 0
115 118 0
115 119 0
115 120 0
115 148 0
115 226 0
1150 1063 0
1151 1007 0
1151 1081 0
1151 1081 0
1151 1082 0
1151 1118 0
1151 1502 0
1151 1885 0
1151 1898 0
1151 710 0
1152 1153 0
1154 1019 0
1155 1045 0
1156 71 0
1157 1104 0
1157 1158 0
1157 216 0
1160 1057 0
1160 1241 0
1160 3 0
1160 42 0
1160 447 0
1160 637 0
1160 831 0
1162 1163 0
1162 289 0
1163 1851 0
1163 289 0
1163 449 0
1163 849 0
1163 968 0
1164 352 0
1165 792 0
1166 1054 0
1166 1246 0
1166 1247 0
1166 1248 0
1166 127 0
1166 357 0
1166 742 0
1167 1166 0
1167 1168 0
1167 1169 0
1167 1170 0
1167 1252 0
1167 1253 0
1167 1254 0
1167 2 0
1168 926 0
1169 251 0
1169 252 0
117 1351 0
117 1591 0
117 207 0
117 210 0
117 668 0
117 70 0
117 764 0
117 818 0
117 91 0
117 980 0
1170 1054 0
1170 1173 0
1170 303 0
1170 79 0
1172 1165 0
1173 1016 0
1173 1054 0
1173 1209 0
1173 127 0
1173 1620 0
1173 721 0
1173 883 0
1174 1580 0
1174 32 0
1174 79 0
1175 1176 0
1177 1057 0
1177 482 0
1177 586 0
1178 1057 0
1178 1242 0
1178 1243 0
1178 1245 0
1178 1372 0
1178 199 0
1178 229 0
1178 455 0
1178 487 0
1178 497 0
1178 503 0
1178 537 0
1178 573 0
1178 673 0
1178 818 0
1179 1180 0
1179 447 0
118 182 0
118 200 0
118 396 0
118 602 0
118 833 0
1180 1029 0
1180 1185 0
1180 1214 0
1180 1382 0
1180 1383 0
1180 1822 0
1180 448 0
1180 497 0
1181 1090 0
1181 1199 0
1181 1294 0
1181 874 0
1182 1145 0
1183 1108 0
1183 1184 0
1183 721 0
1183 742 0
1183 968 0
1184 1235 0
1184 803 0
1185 1029 0
1185 383 0
1186 1424 0
1186 1425 0
1186 144 0
1186 36 0
1186 913 0
1187 1146 0
1187 1209 0
1188 1189 0
1188 846 0
1189 813 0
119 175 0
119 179 0
1191 1192 0
1191 1312 0
1191 1455 0
1191 183 0
1191 287 0
1191 607 0
1192 1207 0
1193 747 0
1194 130 0
1194 1308 0
1194 256 0
1194 286 0
1194 33 0
1195 1174 0
1195 1685 0
1196 1216 0
1196 742 0
1196 79 0
1197 1184 0
1197 127 0
1197 2 0
1197 968 0
1199 1883 0
1199 477 0
1199 480 0
1199 691 0
1199 746 0
12 48 0
120 159 0
120 195 0
120 244 0
120 34 0
120 63 0
120 701 0
1200 112 0
1200 1201 0
1201 114 0
1201 1231 0
1202 211 0
1202 228 0
1202 330 0
1202 36 0
1202 931 0
1202 959 0
1202 98 0
1203 1204 0
1203 485 0
1204 1199 0
1205 1206 0
1206 1237 0
1207 1173 0
1207 1191 0
1209 1216 0
1209 79 0
1209 931 0
121 1085 0
121 1086 0
121 17 0
121 235 0
121 251 0
121 34 0
121 520 0
121 71 0
1210 1008 0
1210 1166 0
1210 252 0
1210 968 0
1211 1163 0
1211 1212 0
1212 1162 0
1212 1163 0
1213 1145 0
1213 1176 0
1214 1027 0
1214 1177 0
1214 1178 0
1214 1827 0
1214 478 0
1215 1234 0
1216 1168 0
1216 1169 0
1216 926 0
1217 1179 0
1217 1218 0
1217 260 0
122 123 0
122 124 0
122 189 0
122 317 0
122 403 0
122 525 0
122 940 0
1220 1171 0
1220 1185 0
1220 383 0
1220 574 0
1221 187 0
1222 1223 0
1224 1093 0
1224 1110 0
1224 1352 0
1224 1462 0
1224 1848 0
1224 222 0
1224 24 0
1224 673 0
1225 688 0
1226 112 0
1226 1183 0
1226 328 0
1226 328 0
1226 416 0
1226 423 0
1226 495 0
1226 646 0
1227 66 0
1228 1179 0
1228 1219 0
123 139 0
123 237 0
1230 1201 0
1231 1200 0
1231 1230 0
1232 1233 0
1232 194 0
1232 463 0
1234 393 0
1234 480 0
1235 2 0
1235 704 0
1236 1218 0
1237 1193 0
1237 1205 0
1238 1239 0
1238 720 0
1239 1601 0
124 1478 0
124 150 0
124 288 0
124 500 0
124 519 0
124 704 0
124 955 0
124 956 0
124 957 0
1240 1400 0
1240 409 0
1241 268 0
1241 3 0
1242 1536 0
1243 1244 0
1243 1245 0
1244 1380 0
1244 1395 0
1244 1728 0
1244 228 0
1244 500 0
1244 546 0
1244 931 0
1244 955 0
1245 1202 0
1245 1396 0
1245 199 0
1245 229 0
1245 357 0
1245 731 0
1246 1585 0
1246 1586 0
1246 654 0
1247 1624 0
1247 1625 0
1247 367 0
1248 1301 0
1248 608 0
1249 1250 0
1249 525 0
125 100 0
125 126 0
125 127 0
125 128 0
1250 240 0
1250 933 0
1251 242 0
1252 1398 0
1252 461 0
1253 1282 0
1254 1401 0
1254 1455 0
1255 142 0
1255 96 0
1256 1257 0
1256 507 0
1257 1268 0
1257 1597 0
1257 1738 0
1257 231 0
1257 803 0
1258 1259 0
1259 1414 0
1259 1610 0
126 1200 0
126 156 0
126 224 0
126 269 0
126 477 0
126 522 0
126 7 0
126 716 0
126 733 0
1260 1261 0
1261 1777 0
1261 671 0
1262 258 0
1262 465 0
1262 714 0
1263 1264 0
1263 1265 0
1264 1146 0
1264 1582 0
1265 1270 0
1265 1422 0
1266 1771 0
1268 1269 0
1268 798 0
127 101 0
127 1054 0
127 1108 0
127 1183 0
127 1196 0
127 130 0
127 1403 0
127 156 0
127 250 0
127 41 0
127 712 0
127 713 0
127 84 0
127 883 0
1270 1263 0
1270 1264 0
1270 1271 0
1271 1281 0
1271 256 0
1272 1273 0
1272 1274 0
1272 885 0
1273 1521 0
1273 703 0
1274 1633 0
1275 1276 0
1275 1277 0
1276 1277 0
1276 1326 0
1277 1319 0
1277 1539 0
1278 1495 0
1278 1496 0
1278 516 0
1278 747 0
1279 1280 0
1279 275 0
128 102 0
128 114 0
128 167 0
128 40 0
128 668 0
128 669 0
1281 1191 0
1281 1263 0
1282 67 0
1283 1284 0
1283 1285 0
1283 1286 0
1283 1823 0
1283 79 0
1283 901 0
1284 1459 0
1285 1357 0
1285 1424 0
1285 92 0
1286 1773 0
1287 1238 0
1287 1288 0
1287 453 0
1288 1239 0
1288 1456 0
1288 1471 0
1289 1178 0
1289 1241 0
1289 1891 0
129 130 0
129 328 0
129 39 0
129 424 0
129 425 0
129 44 0
129 733 0
1290 1291 0
1291 1395 0
1291 1627 0
1292 1293 0
1293 1565 0
1293 191 0
1294 1160 0
1294 124 0
1294 3 0
1294 45 0
1294 455 0
1294 637 0
1295 1248 0
1295 1256 0
1295 1296 0
1295 1297 0
1297 1494 0
1298 1036 0
1298 1825 0
1298 1826 0
1298 214 0
1299 1300 0
1299 1301 0
1299 1302 0
1299 763 0
1299 882 0
13 14 0
13 14 0
13 14 0
13 188 0
13 211 0
13 275 0
13 280 0
13 280 0
13 461 0
13 503 0
13 801 0
13 98 0
130 101 0
130 1117 0
130 126 0
130 126 0
130 128 0
130 1308 0
130 132 0
130 147 0
130 152 0
130 156 0
130 251 0
130 256 0
130 33 0
130 41 0
130 41 0
130 54 0
130 643 0
130 712 0
130 713 0
130 789 0
130 84 0
130 9 0
130 98 0
1300 1517 0
1301 1178 0
1301 1551 0
1302 1167 0
1302 1279 0
1302 1283 0
1302 1823 0
1302 238 0
1302 901 0
1303 1526 0
1304 1658 0
1304 425 0
1305 1306 0
1306 736 0
1306 860 0
1306 885 0
1307 1308 0
1307 1395 0
1307 1808 0
1307 450 0
1307 659 0
1307 862 0
1308 1108 0
1308 1202 0
1308 1252 0
1308 14 0
1308 1495 0
1308 1689 0
1308 1728 0
1308 200 0
1308 256 0
1308 455 0
1308 560 0
1308 659 0
1308 659 0
1308 705 0
1309 1304 0
1309 421 0
131 234 0
131 49 0
131 75 0
1310 1284 0
1310 1482 0
1310 1786 0
1310 237 0
1311 1265 0
1311 1312 0
1311 1313 0
1311 703 0
1314 124 0
1314 1460 0
1314 1493 0
1314 646 0
1315 1316 0
1315 1317 0
1315 1318 0
1315 1319 0
1315 1320 0
1315 1321 0
1318 1317 0
1318 1643 0
1318 1692 0
132 1202 0
132 139 0
132 211 0
132 269 0
132 324 0
132 44 0
132 465 0
132 467 0
132 495 0
132 659 0
132 817 0
132 978 0
1320 1316 0
1320 1692 0
1321 1642 0
1321 1800 0
1322 1356 0
1322 1358 0
1323 1324 0
1323 133 0
1323 174 0
1323 451 0
1324 1271 0
1324 1281 0
1324 1404 0
1325 1317 0
1327 121 0
1327 1328 0
1329 1330 0
133 134 0
133 135 0
133 136 0
133 138 0
133 61 0
1331 318 0
1331 538 0
1331 863 0
1332 1333 0
1332 1334 0
1333 1191 0
1333 1311 0
1333 1674 0
1333 1880 0
1333 24 0
1333 777 0
1335 525 0
1336 1337 0
1336 1338 0
1337 1411 0
1337 1412 0
1337 1688 0
1337 1710 0
1338 1605 0
1338 788 0
1339 1277 0
1339 1340 0
1340 1275 0
1340 1319 0
1341 1342 0
1342 1598 0
1342 1613 0
1343 1344 0
1343 1345 0
1343 955 0
1344 1036 0
1344 1430 0
1345 1618 0
1345 1623 0
1346 1347 0
1346 179 0
1346 1828 0
1346 1829 0
1346 908 0
1348 473 0
1348 633 0
1349 1350 0
135 175 0
135 233 0
135 32 0
1350 1371 0
1351 1031 0
1351 1352 0
1352 1469 0
1353 1354 0
1354 1589 0
1354 1590 0
1355 1356 0
1356 1733 0
1358 1359 0
1358 1360 0
1358 1361 0
1359 1524 0
1359 409 0
136 195 0
1361 1360 0
1361 608 0
1362 1363 0
1363 1088 0
1363 1151 0
1363 1224 0
1363 1674 0
1365 1366 0
1365 144 0
1366 1528 0
1367 1368 0
1368 1806 0
1368 1807 0
1369 1290 0
137 138 0
1370 1371 0
1370 1372 0
1370 1373 0
1370 1374 0
1371 1372 0
1371 1374 0
1371 1444 0
1372 1251 0
1372 1289 0
1372 1444 0
1372 356 0
1373 1260 0
1373 1543 0
1373 1544 0
1375 1146 0
1375 1263 0
1375 1332 0
1376 1377 0
1377 1602 0
1377 173 0
1378 1195 0
1378 1379 0
1379 1712 0
138 1192 0
138 36 0
138 824 0
138 913 0
1380 1298 0
1380 1381 0
1380 583 0
1381 1243 0
1381 1458 0
1381 1597 0
1381 450 0
1382 516 0
1382 574 0
1383 1382 0
1383 448 0
1383 574 0
1384 1385 0
1384 874 0
1385 1497 0
1385 1551 0
1385 1593 0
1385 1594 0
1385 1595 0
1387 1388 0
1387 601 0
1388 1090 0
1389 1390 0
139 140 0
139 147 0
139 1527 0
139 621 0
1391 1344 0
1391 1345 0
1391 1392 0
1391 1393 0
1392 1305 0
1392 1467 0
1392 1468 0
1393 1036 0
1393 1430 0
1393 1599 0
1394 1376 0
1394 1395 0
1395 1146 0
1395 1558 0
1395 955 0
1396 1244 0
1396 384 0
1397 1396 0
1397 546 0
1397 803 0
1397 955 0
1398 1262 0
1398 1443 0
1398 1520 0
1399 1035 0
1399 453 0
14 1160 0
14 1178 0
14 1245 0
14 13 0
14 13 0
14 207 0
14 257 0
14 280 0
14 280 0
14 455 0
14 53 0
14 537 0
14 637 0
14 731 0
140 111 0
140 1180 0
140 131 0
140 203 0
140 285 0
140 412 0
140 421 0
140 423 0
140 502 0
140 581 0
140 582 0
140 74 0
140 842 0
140 851 0
140 852 0
1400 588 0
1401 1402 0
1401 1403 0
1401 228 0
1401 731 0
1403 1546 0
1403 436 0
1406 1537 0
1407 1620 0
1408 1365 0
1408 258 0
1409 1336 0
1409 1410 0
1409 1411 0
1409 1412 0
1409 993 0
141 1031 0
141 1093 0
141 142 0
141 143 0
141 144 0
141 88 0
1410 1338 0
1410 1462 0
1410 1463 0
1412 1411 0
1412 788 0
1413 1414 0
1414 1520 0
1415 1568 0
1415 1693 0
1415 1878 0
1415 1891 0
1415 685 0
1416 92 0
1417 1344 0
1417 1391 0
1417 1418 0
1417 960 0
1418 1343 0
1418 1400 0
1418 1623 0
1418 849 0
1418 959 0
1419 1420 0
142 1469 0
142 1698 0
142 225 0
142 36 0
142 43 0
142 668 0
142 818 0
142 87 0
142 91 0
142 96 0
1420 1434 0
1421 1422 0
1421 1423 0
1422 1423 0
1422 256 0
1423 1648 0
1423 451 0
1424 144 0
1424 446 0
1424 85 0
1424 913 0
1425 111 0
1425 1295 0
1425 160 0
1425 763 0
1426 1427 0
1426 36 0
1426 482 0
1426 880 0
1427 1464 0
1427 195 0
1427 686 0
1428 1429 0
143 108 0
143 142 0
143 151 0
143 173 0
143 339 0
143 535 0
143 57 0
143 59 0
143 680 0
143 810 0
1430 1418 0
1430 1621 0
1430 1680 0
1430 1681 0
1430 203 0
1430 296 0
1430 92 0
1431 1481 0
1431 1723 0
1432 370 0
1433 1434 0
1434 992 0
1435 1436 0
1437 1438 0
1437 484 0
1438 32 0
1439 1440 0
1439 1441 0
144 142 0
144 1718 0
1440 468 0
1440 959 0
1441 183 0
1441 92 0
1443 1554 0
1443 238 0
1444 1374 0
1444 1486 0
1444 1487 0
1444 1488 0
1444 1489 0
1446 1447 0
1447 1151 0
1447 1504 0
1448 1449 0
1448 772 0
1449 731 0
145 1098 0
145 146 0
145 1853 0
145 397 0
1450 1361 0
1450 1451 0
1451 1254 0
1451 1327 0
1452 1238 0
1452 182 0
1452 448 0
1453 1454 0
1454 212 0
1455 1379 0
1455 1724 0
1455 1797 0
1455 224 0
1456 1457 0
1457 1224 0
1458 1244 0
1458 1626 0
146 1054 0
146 1072 0
146 1112 0
146 1113 0
146 1210 0
146 127 0
146 191 0
1460 1461 0
1461 124 0
1461 1533 0
1461 1581 0
1462 710 0
1463 1411 0
1463 1436 0
1464 1302 0
1464 36 0
1465 570 0
1466 1245 0
1466 1426 0
1466 902 0
1467 1479 0
1467 1753 0
1467 595 0
1468 1530 0
1468 155 0
1468 897 0
1469 1351 0
1469 764 0
147 148 0
147 152 0
147 1545 0
147 373 0
147 477 0
147 53 0
1470 1471 0
1470 1472 0
1470 1473 0
1470 182 0
1470 453 0
1471 1352 0
1471 1363 0
1472 1287 0
1472 1399 0
1472 1471 0
1472 720 0
1473 1601 0
1473 1745 0
1473 1750 0
1473 925 0
1474 1475 0
1475 1279 0
1475 1661 0
1476 1025 0
1476 1333 0
1476 1714 0
1476 1898 0
1476 356 0
1477 1478 0
1477 459 0
1478 1370 0
1478 1374 0
1479 1272 0
1479 1393 0
1479 1480 0
1479 1481 0
1479 1811 0
1479 451 0
148 1722 0
148 45 0
148 46 0
148 496 0
148 687 0
148 773 0
148 784 0
148 789 0
148 799 0
148 83 0
148 903 0
1480 92 0
1481 1298 0
1481 1598 0
1481 885 0
1482 1248 0
1483 1454 0
1483 1484 0
1485 238 0
1486 1371 0
1486 1478 0
1488 1371 0
1488 1374 0
1488 1515 0
1488 1644 0
1489 1372 0
1489 1372 0
1489 1553 0
1489 1909 0
1489 356 0
149 1381 0
149 1530 0
1490 1729 0
1490 849 0
1492 1400 0
1493 1009 0
1493 646 0
1494 1253 0
1494 1258 0
1494 1528 0
1494 1616 0
1494 1617 0
1495 1728 0
1495 673 0
1495 89 0
1496 1495 0
1496 1754 0
1496 808 0
1497 1304 0
1497 737 0
1497 824 0
1498 1331 0
1498 538 0
1498 577 0
1498 863 0
1499 1500 0
1499 1501 0
15 1266 0
15 1267 0
15 16 0
150 1791 0
150 1889 0
1500 1501 0
1500 1563 0
1500 1614 0
1500 1615 0
1501 1584 0
1502 1409 0
1502 1503 0
1503 1446 0
1503 1587 0
1504 1502 0
1504 1587 0
1505 1178 0
1505 1506 0
1505 98 0
1506 264 0
1506 955 0
1507 1508 0
1509 1510 0
1509 1511 0
151 184 0
151 381 0
151 382 0
151 881 0
1510 1388 0
1511 1090 0
1511 1510 0
1512 1261 0
1512 1513 0
1512 1514 0
1514 1349 0
1514 1350 0
1514 1737 0
1515 1444 0
1515 1516 0
1517 717 0
1518 1166 0
1518 1280 0
1518 1464 0
1519 1363 0
152 101 0
152 126 0
152 129 0
152 130 0
152 184 0
152 373 0
152 41 0
152 41 0
152 668 0
152 712 0
152 713 0
152 84 0
152 9 0
1520 467 0
1520 664 0
1521 1639 0
1521 1641 0
1522 1523 0
1523 330 0
1523 47 0
1524 1532 0
1525 1309 0
1525 1890 0
1525 252 0
1525 961 0
1526 195 0
1526 719 0
1527 1284 0
1527 1528 0
1527 586 0
1528 1285 0
1528 662 0
1529 1328 0
1529 1403 0
1529 872 0
153 1099 0
153 111 0
153 115 0
153 313 0
153 354 0
1530 1391 0
1530 1466 0
1530 500 0
1531 1339 0
1531 1354 0
1531 1532 0
1532 1557 0
1533 1314 0
1533 1355 0
1533 1579 0
1533 1810 0
1533 459 0
1534 1260 0
1534 1389 0
1535 1146 0
1536 1537 0
1536 793 0
1537 1572 0
1537 516 0
1537 6 0
1537 793 0
1537 818 0
1537 89 0
1538 1399 0
1538 1406 0
1538 815 0
1538 833 0
1539 1319 0
154 155 0
1540 1056 0
1540 1541 0
1540 1542 0
1542 1638 0
1542 1748 0
1543 1261 0
1543 1512 0
1544 1487 0
1545 1258 0
1545 1451 0
1545 1666 0
1546 1256 0
1546 1297 0
1546 654 0
1547 1548 0
1547 1549 0
1547 1550 0
1548 1592 0
1549 1592 0
1549 514 0
155 124 0
155 1418 0
155 201 0
155 207 0
155 931 0
1550 1548 0
1550 1549 0
1551 1384 0
1551 1474 0
1551 574 0
1552 1477 0
1552 1478 0
1552 1553 0
1553 1515 0
1554 1095 0
1555 1095 0
1555 1299 0
1555 1556 0
1555 482 0
1557 1360 0
1557 1524 0
1558 1386 0
1559 1560 0
156 101 0
156 101 0
156 128 0
156 130 0
156 130 0
156 152 0
156 152 0
156 1571 0
156 41 0
156 7 0
156 712 0
156 713 0
156 83 0
156 84 0
156 85 0
156 85 0
156 9 0
1560 15 0
1560 1670 0
1561 1 0
1562 1066 0
1563 1125 0
1563 1483 0
1564 1559 0
1566 258 0
1566 560 0
1568 1151 0
1568 1314 0
1568 1476 0
1568 1493 0
1568 1674 0
1568 1898 0
1569 1570 0
157 158 0
157 159 0
157 159 0
157 185 0
157 302 0
157 337 0
1571 1448 0
1571 260 0
1572 1238 0
1572 1399 0
1572 448 0
1572 815 0
1572 833 0
1573 1574 0
1575 1576 0
1576 1692 0
1577 117 0
1577 1457 0
1578 1007 0
1578 1240 0
1578 1289 0
1578 1322 0
1578 1842 0
1578 1879 0
1578 1892 0
1578 24 0
1578 299 0
1578 987 0
1579 1342 0
1579 1479 0
1579 1814 0
158 159 0
158 164 0
158 165 0
1580 1259 0
1581 1025 0
1581 1314 0
1581 1362 0
1581 1810 0
1581 931 0
1582 1265 0
1582 1270 0
1582 1583 0
1584 927 0
1585 1712 0
1585 370 0
1585 719 0
1586 1296 0
1586 1310 0
1586 1555 0
1587 1224 0
1587 160 0
1588 1151 0
1588 1178 0
1589 1276 0
1589 1319 0
1589 1340 0
1589 1539 0
1589 1899 0
1589 549 0
159 17 0
159 185 0
159 186 0
159 301 0
159 302 0
159 302 0
159 334 0
1590 1353 0
1591 1577 0
1591 166 0
1591 1765 0
1592 1104 0
1592 1547 0
1594 1449 0
1594 1683 0
1594 874 0
1595 778 0
1596 1123 0
1596 1224 0
1596 1347 0
1597 1036 0
1597 1244 0
1597 1327 0
1597 1505 0
1597 440 0
1597 456 0
1597 662 0
1598 1599 0
1598 883 0
1599 1490 0
160 1578 0
160 1581 0
160 161 0
160 162 0
160 1885 0
160 1893 0
160 24 0
160 256 0
160 500 0
160 654 0
160 714 0
160 788 0
160 873 0
1600 1562 0
1600 960 0
1601 1457 0
1601 1577 0
1601 1790 0
1602 1603 0
1603 1290 0
1603 1386 0
1603 1558 0
1603 1662 0
1604 1605 0
1605 1412 0
1605 1446 0
1606 133 0
1606 138 0
1606 612 0
1606 706 0
1607 1253 0
1607 1608 0
1607 383 0
1608 260 0
1609 1341 0
161 336 0
161 362 0
161 935 0
1611 1333 0
1611 1404 0
1611 1752 0
1612 1613 0
1613 1479 0
1613 1599 0
1614 1615 0
1617 144 0
1617 1450 0
1617 165 0
1618 1036 0
1618 1396 0
1618 1619 0
1619 1391 0
1619 1458 0
1619 1480 0
1619 1774 0
162 42 0
1620 1678 0
1620 519 0
1620 874 0
1621 1416 0
1621 1530 0
1621 1622 0
1621 1623 0
1621 897 0
1622 1481 0
1622 483 0
1623 1622 0
1625 1407 0
1626 1306 0
1626 1619 0
1628 1629 0
163 1847 0
163 734 0
1630 1403 0
1630 1631 0
1630 824 0
1630 874 0
1631 1620 0
1631 728 0
1632 1093 0
1632 1409 0
1632 1446 0
1633 1066 0
1634 1297 0
1634 1635 0
1635 1257 0
1636 1308 0
1636 1637 0
1636 560 0
1637 1108 0
1637 560 0
1637 659 0
1637 673 0
1638 1511 0
1638 1540 0
1638 1541 0
164 157 0
164 185 0
164 186 0
164 202 0
164 300 0
164 536 0
164 764 0
1641 1273 0
1642 1643 0
1643 1743 0
1643 1744 0
1644 1477 0
1644 1645 0
1645 126 0
1645 1578 0
1645 1871 0
1645 1909 0
1646 1647 0
1648 1313 0
1648 61 0
1649 507 0
165 1196 0
165 1210 0
165 157 0
165 164 0
165 224 0
165 334 0
165 456 0
165 477 0
165 648 0
165 789 0
165 880 0
165 973 0
1650 1566 0
1650 370 0
1651 1606 0
1651 1652 0
1651 1653 0
1651 1654 0
1652 1264 0
1652 1313 0
1652 706 0
1653 1652 0
1653 1654 0
1653 188 0
1654 451 0
1655 1291 0
1655 1656 0
1657 1523 0
1657 47 0
1658 1711 0
1658 288 0
1658 716 0
1659 1355 0
1659 148 0
166 109 0
166 1346 0
166 141 0
166 142 0
166 144 0
166 179 0
166 1829 0
166 3 0
166 305 0
166 307 0
166 345 0
166 346 0
166 680 0
166 818 0
166 87 0
166 88 0
166 908 0
1660 1661 0
1661 1727 0
1663 1007 0
1664 1434 0
1665 1621 0
1665 860 0
1666 1302 0
1666 1475 0
1668 1669 0
167 129 0
167 168 0
1671 1451 0
1671 1672 0
1671 1673 0
1674 1362 0
1674 1476 0
1674 1588 0
1674 24 0
1674 673 0
1675 1676 0
1675 1677 0
1675 1678 0
1676 1166 0
1676 461 0
1676 85 0
1677 1248 0
1677 1566 0
1677 461 0
1677 519 0
1677 556 0
1677 643 0
1677 968 0
1678 1167 0
1678 736 0
1679 1431 0
168 102 0
168 125 0
168 46 0
1680 1681 0
1680 1682 0
1681 1682 0
1681 612 0
1682 203 0
1682 296 0
1683 1566 0
1683 1585 0
1684 1104 0
1684 1547 0
1684 1548 0
1684 1550 0
1685 1259 0
1685 201 0
1685 864 0
1686 1446 0
1686 1502 0
1686 1604 0
1687 1688 0
1688 1495 0
1688 1732 0
169 123 0
1691 1365 0
1691 1494 0
1692 1275 0
1692 1325 0
1694 1317 0
1695 160 0
1695 1696 0
1695 507 0
1696 1256 0
1696 1793 0
1697 1370 0
1697 1373 0
1699 1349 0
1699 1700 0
17 18 0
17 300 0
17 301 0
17 302 0
170 171 0
1700 1553 0
1700 24 0
1701 1286 0
1701 458 0
1702 1462 0
1703 1704 0
1704 1367 0
1704 1757 0
1705 1298 0
1705 1341 0
1705 879 0
1706 1678 0
1706 385 0
1707 1708 0
1708 1560 0
1708 1740 0
171 106 0
171 12 0
171 222 0
171 33 0
171 51 0
171 79 0
1710 1411 0
1710 1435 0
1711 1246 0
1713 1352 0
1713 1483 0
1714 1024 0
1714 1151 0
1714 1604 0
1715 1276 0
1715 1317 0
1715 1340 0
1716 542 0
1717 1718 0
1719 933 0
172 1104 0
172 1529 0
172 1597 0
172 23 0
172 5 0
172 91 0
1720 1317 0
1720 1354 0
1720 1590 0
1720 1721 0
1721 1353 0
1721 1354 0
1722 1355 0
1723 1342 0
1723 1623 0
1725 1224 0
1726 1410 0
1726 1447 0
1727 1738 0
1728 1202 0
1728 1397 0
1728 1645 0
1728 1885 0
1728 637 0
1728 673 0
1728 798 0
1728 931 0
1729 1032 0
1729 1598 0
1729 1599 0
173 108 0
173 142 0
173 143 0
173 151 0
173 212 0
173 339 0
173 57 0
173 59 0
173 59 0
173 702 0
173 703 0
173 810 0
173 855 0
173 87 0
173 907 0
173 96 0
1730 1495 0
1730 1731 0
1732 1411 0
1732 1730 0
1732 1734 0
1733 1722 0
1734 1587 0
1735 1675 0
1735 1709 0
1736 1436 0
1736 1688 0
1739 1482 0
1739 795 0
174 104 0
174 115 0
174 175 0
174 176 0
174 177 0
174 178 0
1740 1394 0
1740 1669 0
1741 1742 0
1745 1614 0
1746 1265 0
1746 1747 0
1747 1147 0
1747 1313 0
1747 1324 0
1747 1648 0
1749 1296 0
1749 1546 0
175 115 0
175 179 0
175 180 0
1750 1456 0
1750 1457 0
1750 1469 0
1750 1471 0
1751 1263 0
1752 1652 0
1752 1653 0
1753 1609 0
1753 1723 0
1754 1457 0
1754 448 0
1754 720 0
1754 89 0
1755 1779 0
1756 1434 0
1758 1376 0
1758 1759 0
176 16 0
176 50 0
1760 1146 0
1760 1716 0
1761 1380 0
1761 1622 0
1762 1387 0
1764 1723 0
1765 1745 0
1765 764 0
1766 1767 0
1768 1763 0
1769 1624 0
1769 1770 0
177 104 0
177 12 0
177 131 0
177 52 0
1770 1717 0
1772 1298 0
1772 1363 0
1772 1473 0
1772 1601 0
1772 1745 0
1772 1825 0
1772 214 0
1772 764 0
1772 958 0
1774 1381 0
1774 1480 0
1774 1579 0
1774 1812 0
1775 1437 0
1776 1464 0
1776 1555 0
1776 207 0
1778 1271 0
1778 1281 0
1778 1312 0
1778 1583 0
178 1012 0
178 32 0
178 357 0
1780 1491 0
1780 736 0
1781 172 0
1781 872 0
1782 574 0
1783 595 0
1784 992 0
1785 1532 0
1786 1174 0
1786 1529 0
1786 1595 0
1787 1389 0
1788 1389 0
1788 1514 0
1789 124 0
1789 160 0
179 1028 0
179 50 0
179 59 0
179 75 0
179 907 0
179 908 0
1790 1457 0
1790 1470 0
1791 124 0
1791 1432 0
1791 1916 0
1791 706 0
1791 959 0
1793 1678 0
1794 1104 0
1794 1607 0
1795 1796 0
1798 1009 0
18 170 0
18 48 0
18 49 0
180 119 0
180 135 0
180 176 0
180 179 0
180 18 0
180 197 0
180 241 0
180 281 0
180 396 0
1801 1473 0
1801 453 0
1801 958 0
1802 310 0
1803 1727 0
1804 1756 0
1804 1784 0
1805 1281 0
1805 1778 0
1806 1479 0
1808 595 0
1809 955 0
181 118 0
181 124 0
181 182 0
181 54 0
181 819 0
1810 1461 0
1810 459 0
1810 931 0
1810 955 0
1811 1814 0
1812 1813 0
1813 1814 0
1814 1146 0
1814 1355 0
1814 1815 0
1815 1395 0
1815 1533 0
1815 1809 0
1816 1579 0
1816 1774 0
1818 686 0
1819 1578 0
1819 252 0
1819 356 0
182 1456 0
182 1601 0
182 183 0
182 227 0
182 228 0
182 229 0
182 602 0
1820 1821 0
1820 771 0
1821 1830 0
1821 1831 0
1821 649 0
1822 1214 0
1822 480 0
1822 691 0
1823 200 0
1823 436 0
1823 79 0
1823 901 0
1824 1398 0
1824 231 0
1825 1835 0
1825 214 0
1825 939 0
1826 1825 0
1826 1835 0
1826 939 0
1827 1180 0
1827 1199 0
1827 446 0
1827 478 0
1827 480 0
1828 166 0
1828 1836 0
1828 680 0
1828 907 0
1829 1828 0
1829 1836 0
1829 59 0
1829 907 0
1829 908 0
183 1065 0
183 1070 0
183 254 0
183 47 0
183 724 0
183 913 0
1830 1820 0
1830 1831 0
1830 649 0
1831 1820 0
1831 701 0
1832 1833 0
1834 1346 0
1834 179 0
1834 1829 0
1834 59 0
1835 1772 0
1836 1346 0
1836 179 0
1836 1834 0
1836 680 0
1837 312 0
1838 1578 0
1838 1819 0
1838 252 0
1838 356 0
1839 1149 0
1839 1853 0
184 168 0
184 250 0
184 432 0
184 539 0
184 8 0
1840 1841 0
1840 194 0
1840 283 0
1841 1232 0
1841 1862 0
1842 1819 0
1842 1838 0
1842 333 0
1843 714 0
1844 818 0
1844 96 0
1845 654 0
1846 1103 0
1846 1143 0
1846 126 0
1846 456 0
1846 519 0
1847 1818 0
1848 1887 0
1848 222 0
1848 24 0
1848 372 0
1848 783 0
1849 1398 0
1849 1864 0
1849 1869 0
185 1525 0
185 158 0
185 159 0
185 1608 0
185 165 0
185 208 0
185 264 0
185 519 0
185 808 0
1852 520 0
1853 470 0
1855 1856 0
1856 1868 0
1856 976 0
1858 1859 0
1859 1866 0
1859 1867 0
186 157 0
186 165 0
186 185 0
186 281 0
186 700 0
186 861 0
1860 1840 0
1860 1862 0
1860 825 0
1861 686 0
1862 1840 0
1862 283 0
1863 1857 0
1863 976 0
1864 1845 0
1865 1188 0
1865 846 0
1867 1398 0
1867 1555 0
1867 874 0
1869 1855 0
1869 1866 0
1869 187 0
1869 654 0
187 1857 0
187 188 0
187 231 0
187 470 0
187 54 0
1870 1398 0
1870 1858 0
1870 1859 0
1871 1131 0
1871 659 0
1872 1873 0
1872 1874 0
1872 685 0
1874 1877 0
1875 1199 0
1876 1415 0
1877 1878 0
1878 1906 0
1879 1645 0
188 113 0
188 135 0
188 138 0
188 14 0
188 197 0
188 200 0
188 237 0
188 237 0
188 257 0
188 384 0
188 462 0
188 519 0
188 687 0
188 728 0
188 798 0
188 829 0
1880 1489 0
1880 1892 0
1880 24 0
1881 373 0
1882 1289 0
1882 372 0
1883 1827 0
1883 1875 0
1883 691 0
1884 126 0
1885 1886 0
1886 1888 0
1886 710 0
1886 777 0
1887 1913 0
1889 124 0
1889 704 0
1889 706 0
1889 736 0
189 1335 0
189 190 0
189 32 0
189 402 0
1890 185 0
1890 235 0
1890 264 0
1891 160 0
1892 1025 0
1892 1495 0
1892 1882 0
1892 242 0
1894 1895 0
1896 1372 0
1896 1476 0
1896 1897 0
1897 1885 0
1897 1904 0
1897 1919 0
1898 160 0
1898 1891 0
1898 1899 0
1899 1903 0
19 20 0
19 21 0
19 22 0
19 7 0
19 8 0
190 18 0
190 193 0
190 270 0
190 411 0
190 412 0
190 490 0
190 545 0
190 828 0
1900 161 0
1901 1902 0
1902 1895 0
1902 1918 0
1903 1848 0
1903 1900 0
1904 1872 0
1904 1905 0
1905 1415 0
1907 92 0
1908 1874 0
191 1466 0
191 686 0
1910 1461 0
1910 1581 0
1911 775 0
1912 1900 0
1913 1894 0
1914 1117 0
1914 725 0
1915 1903 0
1916 124 0
1916 882 0
1917 1918 0
1919 1848 0
1919 1886 0
1919 1896 0
1919 1915 0
1919 1920 0
192 193 0
192 495 0
1920 1901 0
1920 1922 0
1924 1846 0
1924 53 0
193 534 0
193 56 0
193 74 0
194 138 0
194 1860 0
194 283 0
194 837 0
194 850 0
195 1167 0
195 1292 0
195 196 0
195 197 0
195 198 0
195 207 0
195 913 0
196 117 0
196 174 0
196 178 0
197 244 0
197 263 0
197 396 0
198 48 0
198 64 0
198 912 0
199 1506 0
199 180 0
199 253 0
199 384 0
199 77 0
199 93 0
2 1117 0
2 1166 0
2 3 0
2 303 0
2 926 0
20 156 0
20 167 0
20 184 0
200 1108 0
200 1194 0
200 130 0
200 1302 0
200 153 0
200 171 0
200 285 0
200 33 0
200 33 0
200 418 0
200 419 0
200 54 0
200 79 0
200 79 0
200 901 0
201 140 0
201 1440 0
201 1649 0
201 1650 0
201 202 0
202 1163 0
202 1846 0
202 246 0
202 262 0
202 263 0
202 416 0
202 522 0
202 61 0
202 681 0
202 741 0
202 968 0
203 1680 0
203 612 0
203 999 0
204 196 0
204 205 0
205 268 0
205 450 0
205 451 0
205 579 0
205 588 0
206 70 0
207 104 0
207 132 0
207 183 0
207 211 0
207 232 0
207 254 0
207 330 0
207 36 0
207 579 0
207 62 0
207 731 0
207 773 0
207 98 0
208 159 0
208 164 0
208 165 0
209 210 0
21 102 0
21 115 0
21 129 0
21 142 0
21 279 0
21 344 0
21 366 0
21 531 0
21 851 0
21 999 0
210 241 0
210 70 0
211 1027 0
211 1245 0
211 132 0
211 188 0
211 228 0
211 28 0
211 330 0
211 371 0
211 455 0
211 659 0
211 98 0
212 108 0
212 110 0
212 1501 0
212 57 0
213 139 0
214 1826 0
214 1835 0
214 224 0
214 38 0
215 216 0
216 1085 0
216 199 0
216 251 0
217 40 0
217 80 0
218 193 0
218 219 0
218 598 0
22 20 0
22 217 0
220 221 0
220 222 0
222 107 0
222 195 0
222 26 0
223 1283 0
223 1302 0
223 156 0
223 200 0
223 436 0
223 51 0
223 84 0
224 1283 0
224 1365 0
224 202 0
224 22 0
224 373 0
224 412 0
224 560 0
224 80 0
224 92 0
225 166 0
225 88 0
226 1062 0
226 1111 0
226 1173 0
226 1191 0
226 286 0
226 456 0
226 48 0
226 62 0
226 872 0
226 883 0
226 973 0
227 1148 0
227 1167 0
227 251 0
227 258 0
227 357 0
227 42 0
227 556 0
227 557 0
227 873 0
228 1728 0
228 177 0
228 207 0
228 211 0
228 29 0
228 35 0
228 371 0
228 383 0
228 458 0
228 486 0
228 500 0
228 507 0
228 537 0
228 705 0
228 92 0
229 232 0
229 257 0
229 277 0
229 278 0
229 36 0
229 62 0
23 1 0
23 2 0
23 3 0
230 231 0
230 232 0
231 160 0
231 1610 0
231 1863 0
231 1864 0
231 30 0
231 471 0
231 482 0
231 714 0
231 803 0
232 1186 0
232 1593 0
232 226 0
232 256 0
232 257 0
232 28 0
232 497 0
232 98 0
233 105 0
233 222 0
233 29 0
233 43 0
234 136 0
234 99 0
235 252 0
235 370 0
235 440 0
235 54 0
235 643 0
235 662 0
235 772 0
235 961 0
236 1 0
236 6 0
236 820 0
236 849 0
236 89 0
236 90 0
236 91 0
237 1683 0
237 227 0
237 229 0
237 231 0
237 256 0
237 64 0
237 801 0
237 85 0
237 880 0
237 902 0
238 147 0
238 1650 0
238 224 0
238 239 0
238 240 0
238 357 0
238 363 0
238 364 0
238 461 0
238 643 0
238 707 0
238 716 0
24 1118 0
24 1314 0
24 142 0
24 21 0
24 222 0
24 25 0
24 372 0
24 890 0
240 190 0
240 253 0
241 131 0
241 135 0
241 206 0
242 1477 0
242 149 0
242 155 0
242 160 0
243 32 0
243 51 0
244 241 0
244 274 0
245 35 0
245 70 0
246 247 0
246 460 0
246 549 0
246 583 0
247 160 0
247 231 0
248 189 0
248 249 0
248 410 0
248 537 0
248 61 0
248 610 0
25 30 0
25 316 0
25 922 0
25 93 0
250 148 0
250 44 0
251 1104 0
251 248 0
251 252 0
251 461 0
251 584 0
251 613 0
251 728 0
251 742 0
251 789 0
251 95 0
252 1146 0
252 1151 0
252 1196 0
252 1197 0
252 1578 0
252 1842 0
252 246 0
252 32 0
252 336 0
252 356 0
252 357 0
252 459 0
252 461 0
252 462 0
252 503 0
252 644 0
252 65 0
252 736 0
252 987 0
254 228 0
254 28 0
254 35 0
255 1581 0
255 174 0
255 197 0
255 569 0
256 1161 0
256 1651 0
256 1791 0
256 180 0
256 183 0
256 195 0
256 200 0
256 243 0
256 33 0
256 36 0
256 42 0
256 455 0
256 48 0
256 547 0
256 580 0
256 63 0
256 651 0
256 654 0
256 656 0
256 803 0
256 959 0
257 211 0
257 226 0
257 545 0
257 580 0
257 63 0
257 714 0
257 801 0
258 1252 0
258 21 0
258 224 0
258 432 0
258 731 0
258 857 0
258 872 0
259 198 0
26 27 0
260 1 0
260 1146 0
260 1218 0
260 1228 0
260 1229 0
260 154 0
260 1660 0
260 261 0
260 748 0
260 89 0
261 190 0
261 193 0
261 266 0
261 412 0
261 492 0
261 521 0
261 619 0
261 847 0
261 854 0
261 856 0
262 1529 0
262 1850 0
262 520 0
262 541 0
262 815 0
263 18 0
263 251 0
263 255 0
263 265 0
263 281 0
263 396 0
263 47 0
263 48 0
264 1178 0
264 1525 0
264 205 0
264 235 0
264 252 0
264 257 0
264 28 0
264 579 0
264 588 0
264 926 0
264 960 0
266 21 0
266 24 0
266 36 0
266 880 0
267 209 0
268 1754 0
269 101 0
269 125 0
269 127 0
269 130 0
269 152 0
269 156 0
269 373 0
269 40 0
269 712 0
27 107 0
27 222 0
270 1117 0
271 18 0
272 266 0
273 235 0
275 14 0
275 256 0
275 330 0
275 440 0
275 467 0
275 483 0
275 62 0
275 659 0
275 801 0
275 801 0
276 188 0
276 195 0
276 32 0
276 33 0
277 329 0
277 330 0
277 491 0
277 492 0
277 493 0
278 142 0
278 254 0
278 266 0
278 33 0
278 44 0
278 612 0
278 913 0
278 915 0
278 98 0
278 980 0
279 175 0
28 190 0
28 261 0
28 29 0
28 411 0
28 412 0
28 56 0
28 74 0
28 891 0
280 130 0
280 14 0
280 14 0
280 440 0
280 455 0
280 53 0
280 546 0
280 563 0
280 659 0
280 801 0
281 12 0
281 120 0
281 18 0
281 18 0
281 182 0
281 198 0
281 49 0
281 63 0
281 647 0
281 701 0
282 66 0
283 113 0
283 1841 0
283 1860 0
284 285 0
285 111 0
285 224 0
285 238 0
285 33 0
285 418 0
285 419 0
285 438 0
285 445 0
285 45 0
285 644 0
285 677 0
285 773 0
285 814 0
285 902 0
286 1192 0
286 1207 0
286 200 0
286 436 0
287 199 0
287 231 0
287 281 0
287 43 0
287 641 0
287 98 0
288 1292 0
288 1293 0
288 1555 0
289 1212 0
289 218 0
289 224 0
289 545 0
289 805 0
291 25 0
291 292 0
291 293 0
291 316 0
291 349 0
291 78 0
291 910 0
294 295 0
294 296 0
294 297 0
294 99 0
295 314 0
295 315 0
295 316 0
295 344 0
295 375 0
295 396 0
295 397 0
296 1680 0
296 1681 0
296 203 0
296 295 0
296 297 0
296 316 0
296 999 0
297 295 0
297 314 0
297 315 0
298 161 0
298 299 0
299 161 0
299 1838 0
299 252 0
299 333 0
299 362 0
3 1 0
3 1035 0
3 117 0
3 1181 0
3 1242 0
3 172 0
3 236 0
3 4 0
3 542 0
3 59 0
3 6 0
3 602 0
3 680 0
3 89 0
3 91 0
30 256 0
30 31 0
30 483 0
30 502 0
30 54 0
30 573 0
30 651 0
30 653 0
30 654 0
300 1407 0
300 1630 0
300 301 0
300 302 0
300 334 0
300 467 0
300 579 0
300 771 0
301 120 0
301 335 0
301 774 0
302 334 0
302 519 0
302 579 0
302 647 0
302 739 0
303 1173 0
303 1174 0
303 252 0
303 304 0
303 345 0
303 394 0
303 575 0
304 325 0
304 326 0
304 328 0
305 306 0
305 307 0
305 308 0
306 129 0
306 313 0
306 328 0
306 350 0
306 351 0
306 551 0
306 552 0
306 565 0
307 306 0
307 308 0
307 308 0
307 313 0
307 363 0
307 66 0
307 962 0
308 303 0
308 306 0
308 313 0
308 345 0
308 575 0
308 615 0
308 963 0
309 310 0
309 59 0
31 1131 0
31 1728 0
310 1 0
310 1097 0
310 181 0
310 361 0
310 453 0
310 58 0
310 59 0
310 59 0
310 6 0
310 6 0
310 793 0
310 818 0
310 819 0
311 312 0
311 313 0
312 311 0
312 513 0
312 629 0
313 166 0
313 305 0
313 311 0
313 345 0
313 347 0
313 348 0
313 589 0
314 294 0
314 315 0
314 316 0
314 47 0
314 496 0
314 99 0
315 294 0
315 344 0
315 349 0
315 99 0
316 294 0
316 349 0
316 349 0
316 909 0
316 922 0
316 93 0
316 942 0
317 401 0
317 402 0
317 403 0
317 61 0
318 1348 0
318 238 0
318 365 0
318 413 0
318 473 0
318 538 0
319 108 0
319 110 0
319 143 0
32 1357 0
32 164 0
32 172 0
32 33 0
32 34 0
32 35 0
32 36 0
32 37 0
32 468 0
32 61 0
32 884 0
32 897 0
32 898 0
32 899 0
320 317 0
320 321 0
321 317 0
321 395 0
321 399 0
321 61 0
322 277 0
322 330 0
322 621 0
322 952 0
322 973 0
323 330 0
323 352 0
323 865 0
324 132 0
324 277 0
324 302 0
324 323 0
324 352 0
324 579 0
324 647 0
324 785 0
325 303 0
325 326 0
325 327 0
325 328 0
326 303 0
326 327 0
326 353 0
326 354 0
326 559 0
327 353 0
328 112 0
328 1226 0
328 326 0
328 327 0
328 567 0
328 609 0
328 646 0
328 733 0
328 852 0
329 322 0
329 323 0
329 323 0
329 324 0
329 332 0
329 67 0
33 1308 0
33 200 0
33 42 0
33 43 0
33 468 0
33 773 0
33 79 0
33 900 0
33 901 0
33 902 0
330 1657 0
330 187 0
330 211 0
330 227 0
330 237 0
330 246 0
330 252 0
330 352 0
330 371 0
330 455 0
330 460 0
330 461 0
330 461 0
330 462 0
330 47 0
330 483 0
330 556 0
330 569 0
330 659 0
330 67 0
330 8 0
330 803 0
330 913 0
331 324 0
331 330 0
331 332 0
331 67 0
331 8 0
332 1178 0
332 1252 0
332 323 0
332 324 0
332 330 0
332 607 0
332 67 0
332 772 0
332 8 0
333 1578 0
333 298 0
333 299 0
333 356 0
334 157 0
334 159 0
334 165 0
334 185 0
334 335 0
334 477 0
334 508 0
334 739 0
334 973 0
335 159 0
335 17 0
335 301 0
335 302 0
335 735 0
336 1073 0
336 1088 0
336 298 0
336 333 0
336 645 0
336 65 0
336 667 0
336 753 0
337 159 0
337 17 0
337 300 0
337 301 0
337 302 0
337 335 0
337 338 0
337 514 0
337 515 0
337 678 0
337 715 0
338 301 0
338 302 0
338 335 0
338 357 0
339 1051 0
339 1060 0
339 1097 0
339 142 0
339 143 0
339 143 0
339 143 0
339 173 0
339 319 0
339 340 0
339 343 0
339 382 0
339 535 0
339 843 0
339 907 0
339 908 0
339 930 0
339 945 0
34 278 0
34 47 0
34 48 0
34 890 0
340 110 0
340 1429 0
340 143 0
340 1713 0
340 319 0
340 360 0
340 88 0
341 320 0
341 321 0
341 342 0
341 358 0
342 320 0
342 321 0
342 358 0
343 110 0
343 340 0
344 294 0
344 297 0
344 314 0
344 42 0
344 916 0
344 99 0
345 1854 0
345 305 0
345 307 0
345 308 0
345 346 0
345 353 0
346 306 0
346 308 0
346 313 0
346 351 0
347 313 0
347 348 0
348 313 0
348 347 0
349 25 0
349 294 0
349 296 0
349 314 0
349 344 0
349 910 0
349 942 0
35 12 0
35 163 0
350 166 0
350 305 0
350 345 0
350 346 0
351 305 0
351 313 0
352 1677 0
352 329 0
352 331 0
352 332 0
352 53 0
352 621 0
352 654 0
352 656 0
352 659 0
352 716 0
352 8 0
352 862 0
352 952 0
353 304 0
353 308 0
353 325 0
354 304 0
354 325 0
354 328 0
354 353 0
354 633 0
354 685 0
354 98 0
355 238 0
355 318 0
355 356 0
356 148 0
356 1581 0
356 1842 0
356 21 0
356 238 0
356 299 0
356 365 0
356 366 0
356 577 0
356 851 0
357 1008 0
357 115 0
357 1173 0
357 1174 0
357 1235 0
357 1466 0
357 476 0
357 693 0
357 707 0
357 716 0
358 317 0
358 320 0
358 321 0
358 488 0
359 360 0
359 58 0
359 59 0
36 1173 0
36 1194 0
36 1526 0
36 1658 0
36 188 0
36 207 0
36 24 0
36 441 0
36 573 0
36 579 0
36 686 0
36 728 0
36 775 0
36 776 0
36 883 0
36 919 0
360 108 0
360 1288 0
360 166 0
360 309 0
360 690 0
360 691 0
360 720 0
360 87 0
361 309 0
361 359 0
361 523 0
361 670 0
361 87 0
362 252 0
362 333 0
362 336 0
362 65 0
363 308 0
363 318 0
363 355 0
363 356 0
363 365 0
363 962 0
363 963 0
364 318 0
364 355 0
365 238 0
365 248 0
365 355 0
365 364 0
366 355 0
367 368 0
369 370 0
369 48 0
37 35 0
370 132 0
370 58 0
370 59 0
370 607 0
370 810 0
370 870 0
370 907 0
370 908 0
371 1027 0
371 1164 0
371 211 0
371 211 0
371 228 0
371 232 0
371 275 0
371 330 0
371 372 0
371 373 0
371 537 0
371 580 0
371 659 0
371 67 0
371 704 0
371 879 0
371 98 0
371 98 0
372 1224 0
372 1891 0
372 222 0
372 242 0
372 466 0
372 561 0
373 126 0
373 127 0
373 130 0
373 152 0
373 1631 0
373 1884 0
373 190 0
373 1921 0
373 352 0
373 372 0
373 444 0
373 523 0
373 61 0
373 725 0
373 854 0
373 9 0
374 375 0
374 376 0
375 376 0
375 399 0
375 400 0
376 400 0
377 378 0
378 600 0
378 624 0
379 112 0
379 380 0
38 39 0
38 40 0
38 41 0
380 121 0
380 121 0
380 541 0
381 143 0
381 173 0
381 398 0
381 59 0
381 96 0
382 143 0
382 381 0
382 398 0
382 536 0
383 1014 0
383 1171 0
383 384 0
383 385 0
383 42 0
383 705 0
383 85 0
384 1380 0
384 1397 0
384 264 0
384 42 0
384 440 0
384 450 0
384 500 0
384 574 0
384 728 0
385 1482 0
385 447 0
385 486 0
385 503 0
385 664 0
385 85 0
386 387 0
386 388 0
387 21 0
387 366 0
387 577 0
388 410 0
388 531 0
389 390 0
389 391 0
39 202 0
39 53 0
39 728 0
390 550 0
391 377 0
391 390 0
391 437 0
392 1172 0
392 393 0
393 480 0
393 89 0
395 396 0
395 397 0
396 18 0
396 281 0
396 310 0
396 375 0
396 397 0
396 399 0
396 453 0
396 6 0
396 765 0
396 818 0
396 833 0
397 314 0
397 374 0
397 42 0
398 173 0
398 339 0
398 535 0
398 96 0
399 146 0
399 295 0
399 400 0
399 714 0
399 961 0
4 172 0
4 236 0
4 89 0
4 91 0
40 101 0
40 114 0
40 127 0
40 130 0
40 156 0
40 269 0
40 669 0
400 1883 0
400 232 0
400 295 0
400 383 0
400 447 0
400 447 0
400 480 0
400 497 0
401 402 0
401 403 0
402 1415 0
402 248 0
402 403 0
402 463 0
402 464 0
403 1009 0
403 108 0
403 1249 0
403 1415 0
403 402 0
403 463 0
403 464 0
403 525 0
404 405 0
404 406 0
404 407 0
406 405 0
408 406 0
409 1 0
409 1322 0
409 410 0
41 100 0
41 126 0
41 128 0
41 147 0
41 156 0
41 269 0
41 269 0
41 40 0
41 477 0
41 81 0
41 9 0
410 473 0
411 193 0
411 261 0
412 111 0
412 193 0
412 223 0
412 285 0
412 411 0
412 490 0
412 814 0
413 248 0
413 409 0
414 415 0
414 416 0
414 417 0
415 508 0
415 568 0
416 112 0
416 1201 0
416 1677 0
416 202 0
416 373 0
416 653 0
417 415 0
417 568 0
417 571 0
418 419 0
419 286 0
419 438 0
42 113 0
42 1181 0
42 145 0
42 316 0
42 400 0
42 446 0
42 455 0
42 456 0
42 458 0
42 478 0
42 89 0
42 980 0
420 421 0
420 422 0
420 423 0
421 1065 0
421 373 0
421 423 0
421 510 0
421 53 0
421 582 0
422 140 0
423 328 0
423 852 0
424 425 0
424 426 0
425 1280 0
425 228 0
425 6 0
426 129 0
427 428 0
427 429 0
428 529 0
428 631 0
429 428 0
429 631 0
43 131 0
43 198 0
430 431 0
430 432 0
430 433 0
430 434 0
431 432 0
431 433 0
431 539 0
431 540 0
432 1224 0
432 539 0
432 539 0
432 540 0
432 543 0
432 841 0
432 947 0
433 432 0
433 434 0
433 539 0
433 540 0
433 543 0
435 285 0
435 286 0
435 418 0
435 436 0
436 1283 0
436 1302 0
436 1525 0
436 200 0
436 200 0
437 261 0
437 378 0
437 389 0
438 435 0
438 436 0
439 14 0
439 332 0
439 371 0
439 440 0
439 447 0
439 53 0
439 54 0
439 556 0
439 557 0
439 621 0
439 728 0
44 1112 0
44 126 0
44 1364 0
44 19 0
44 443 0
44 45 0
44 46 0
44 655 0
44 674 0
44 92 0
440 13 0
440 132 0
440 14 0
440 439 0
440 439 0
440 462 0
440 487 0
440 547 0
440 557 0
440 580 0
440 728 0
440 968 0
440 98 0
441 132 0
441 442 0
441 45 0
441 48 0
441 556 0
441 643 0
441 682 0
441 683 0
442 139 0
442 507 0
443 112 0
443 371 0
443 372 0
443 444 0
443 445 0
443 445 0
443 563 0
443 684 0
443 822 0
444 561 0
445 1132 0
445 132 0
445 277 0
445 461 0
445 492 0
445 530 0
445 561 0
445 563 0
445 609 0
445 779 0
445 822 0
446 1149 0
446 115 0
446 1822 0
446 384 0
446 393 0
446 447 0
446 448 0
446 449 0
446 662 0
446 691 0
447 1057 0
447 1176 0
447 1190 0
447 1387 0
447 1442 0
447 1443 0
447 228 0
447 42 0
447 449 0
447 455 0
447 478 0
447 479 0
447 481 0
447 507 0
447 89 0
448 1198 0
448 1382 0
448 393 0
448 497 0
448 66 0
448 827 0
448 89 0
449 1846 0
449 1851 0
449 275 0
449 385 0
449 456 0
449 482 0
449 574 0
449 92 0
45 1285 0
45 132 0
45 152 0
45 300 0
45 535 0
45 643 0
45 67 0
45 687 0
45 882 0
450 1396 0
450 1397 0
450 451 0
450 452 0
450 659 0
450 92 0
451 115 0
451 1521 0
451 1611 0
451 1815 0
451 264 0
451 452 0
451 703 0
451 92 0
452 264 0
452 579 0
453 118 0
453 1405 0
453 1406 0
453 181 0
453 182 0
453 454 0
453 6 0
453 819 0
454 1 0
454 602 0
454 807 0
454 853 0
454 874 0
455 1027 0
455 1160 0
455 1181 0
455 1241 0
455 1307 0
455 1308 0
455 165 0
455 211 0
455 231 0
455 3 0
455 302 0
455 324 0
455 330 0
455 383 0
455 384 0
455 384 0
455 446 0
455 456 0
455 457 0
455 458 0
455 461 0
455 519 0
455 560 0
455 574 0
455 579 0
455 673 0
455 684 0
455 728 0
455 831 0
455 913 0
455 914 0
456 1104 0
456 202 0
456 449 0
456 458 0
456 482 0
456 483 0
456 484 0
456 968 0
457 1522 0
457 484 0
457 573 0
457 574 0
458 1266 0
458 449 0
458 487 0
458 574 0
459 126 0
459 1461 0
459 1552 0
459 246 0
459 460 0
459 462 0
459 569 0
46 214 0
46 217 0
46 224 0
46 250 0
46 41 0
460 461 0
460 549 0
460 569 0
460 583 0
461 1131 0
461 1132 0
461 13 0
461 1597 0
461 1677 0
461 1709 0
461 246 0
461 285 0
461 31 0
461 330 0
461 455 0
461 459 0
461 462 0
461 465 0
461 643 0
461 659 0
461 880 0
461 968 0
462 130 0
462 211 0
462 246 0
462 293 0
462 330 0
462 371 0
462 441 0
462 460 0
462 465 0
462 470 0
462 557 0
462 569 0
462 569 0
462 573 0
462 583 0
462 621 0
463 122 0
463 317 0
463 464 0
464 122 0
464 401 0
464 403 0
465 1112 0
465 188 0
465 277 0
465 357 0
465 466 0
465 54 0
465 693 0
465 84 0
465 880 0
465 882 0
465 913 0
465 913 0
465 952 0
466 493 0
466 523 0
467 1055 0
467 1056 0
467 1178 0
467 1245 0
467 256 0
467 468 0
467 48 0
467 516 0
467 519 0
467 651 0
468 1440 0
468 256 0
468 462 0
468 580 0
468 611 0
468 676 0
468 79 0
468 803 0
468 885 0
468 886 0
468 899 0
468 959 0
468 959 0
469 261 0
47 256 0
47 33 0
47 36 0
47 495 0
47 717 0
47 719 0
47 763 0
470 1149 0
470 1839 0
470 471 0
470 914 0
471 462 0
472 473 0
473 612 0
473 633 0
473 863 0
474 466 0
474 475 0
475 112 0
475 522 0
475 523 0
475 565 0
475 832 0
476 238 0
476 477 0
476 699 0
477 1203 0
477 152 0
477 156 0
477 165 0
477 269 0
477 334 0
477 373 0
477 467 0
477 485 0
477 508 0
477 516 0
477 85 0
477 973 0
478 1061 0
478 11 0
478 1180 0
478 1822 0
478 457 0
478 485 0
478 486 0
478 487 0
478 66 0
479 384 0
479 385 0
479 457 0
479 478 0
479 573 0
48 131 0
48 197 0
48 245 0
48 49 0
48 499 0
48 64 0
480 1875 0
480 446 0
480 478 0
480 481 0
480 484 0
480 691 0
480 831 0
480 92 0
481 228 0
481 400 0
481 457 0
481 484 0
481 574 0
481 827 0
482 1525 0
482 1526 0
482 1849 0
482 446 0
482 457 0
482 480 0
482 487 0
482 586 0
482 641 0
482 654 0
483 1341 0
483 1345 0
483 1396 0
483 237 0
483 322 0
483 450 0
483 545 0
483 546 0
483 841 0
483 883 0
483 897 0
484 156 0
484 393 0
484 478 0
484 92 0
485 228 0
485 383 0
485 480 0
486 455 0
486 92 0
486 92 0
486 921 0
487 1307 0
487 1308 0
487 1636 0
487 1637 0
487 330 0
487 36 0
487 385 0
487 447 0
487 455 0
487 455 0
487 465 0
487 481 0
487 560 0
487 573 0
487 736 0
488 489 0
489 512 0
49 12 0
49 263 0
49 50 0
49 51 0
49 52 0
490 261 0
490 28 0
491 465 0
491 511 0
492 445 0
492 465 0
492 491 0
492 511 0
492 519 0
492 839 0
493 491 0
493 492 0
493 587 0
494 235 0
494 495 0
494 496 0
495 1361 0
495 1427 0
495 462 0
495 499 0
495 53 0
495 600 0
495 607 0
495 737 0
495 88 0
496 139 0
496 256 0
496 30 0
496 32 0
496 725 0
496 862 0
496 886 0
496 887 0
497 1057 0
497 1090 0
497 1214 0
497 42 0
497 449 0
497 467 0
497 573 0
497 66 0
497 690 0
498 495 0
498 499 0
498 500 0
499 468 0
5 236 0
5 4 0
5 6 0
50 107 0
500 1245 0
500 139 0
500 1397 0
500 155 0
500 1618 0
500 1761 0
500 441 0
500 560 0
501 129 0
501 367 0
501 502 0
501 503 0
502 1308 0
502 443 0
502 476 0
502 495 0
502 508 0
502 594 0
502 595 0
502 716 0
502 842 0
503 1027 0
503 1117 0
503 13 0
503 14 0
503 252 0
503 368 0
503 586 0
503 594 0
504 407 0
505 1407 0
505 185 0
505 506 0
505 717 0
505 924 0
506 616 0
507 138 0
507 1432 0
507 495 0
507 498 0
508 334 0
508 443 0
508 477 0
508 509 0
508 510 0
508 563 0
508 684 0
508 74 0
508 842 0
508 973 0
509 415 0
509 571 0
51 1302 0
51 135 0
51 182 0
51 1823 0
51 200 0
51 256 0
51 275 0
51 285 0
51 33 0
51 33 0
51 79 0
510 1117 0
510 1231 0
510 416 0
510 516 0
510 519 0
510 568 0
510 684 0
510 733 0
510 863 0
511 465 0
511 466 0
512 341 0
512 488 0
512 578 0
513 1837 0
513 312 0
513 629 0
514 1592 0
514 1684 0
514 599 0
514 742 0
515 618 0
516 1383 0
516 1494 0
516 1495 0
516 1496 0
516 1497 0
516 259 0
516 448 0
516 517 0
516 518 0
516 66 0
516 808 0
516 818 0
516 932 0
517 570 0
518 102 0
518 519 0
519 121 0
519 224 0
519 466 0
519 487 0
519 495 0
519 548 0
519 563 0
519 586 0
519 661 0
519 684 0
519 725 0
519 725 0
520 541 0
521 475 0
521 519 0
521 522 0
521 523 0
522 202 0
522 492 0
522 555 0
522 562 0
522 563 0
522 564 0
522 565 0
523 112 0
523 126 0
523 474 0
523 534 0
523 56 0
523 587 0
523 710 0
523 856 0
524 442 0
524 496 0
525 1428 0
525 317 0
525 402 0
525 402 0
525 670 0
526 390 0
526 527 0
526 528 0
527 193 0
527 528 0
528 261 0
528 469 0
528 567 0
529 427 0
53 127 0
53 129 0
53 13 0
53 132 0
53 152 0
53 225 0
53 373 0
53 426 0
53 439 0
53 502 0
53 510 0
53 510 0
53 656 0
53 8 0
53 84 0
53 85 0
530 188 0
530 277 0
531 532 0
532 603 0
532 610 0
533 534 0
534 562 0
535 151 0
535 285 0
535 381 0
535 382 0
536 143 0
536 1650 0
536 173 0
536 339 0
536 381 0
536 398 0
536 59 0
537 1518 0
537 228 0
537 256 0
537 318 0
537 322 0
537 371 0
537 413 0
537 468 0
537 538 0
537 546 0
537 580 0
537 621 0
537 827 0
537 98 0
537 98 0
538 413 0
538 473 0
538 577 0
538 603 0
539 151 0
539 881 0
539 888 0
54 275 0
54 439 0
54 440 0
54 55 0
54 56 0
54 6 0
54 659 0
54 801 0
54 880 0
54 882 0
540 1104 0
540 160 0
540 32 0
540 430 0
540 543 0
542 109 0
542 454 0
542 6 0
543 430 0
543 431 0
543 434 0
543 557 0
543 841 0
543 857 0
543 864 0
543 973 0
544 365 0
544 538 0
545 1100 0
545 39 0
545 416 0
545 455 0
545 546 0
545 74 0
545 798 0
545 831 0
545 832 0
546 1036 0
546 1268 0
546 1308 0
546 1343 0
546 1505 0
546 1554 0
546 1597 0
546 1618 0
546 455 0
546 456 0
546 573 0
546 882 0
547 231 0
547 48 0
548 533 0
549 1026 0
549 330 0
549 459 0
549 462 0
549 73 0
551 306 0
551 552 0
552 1005 0
552 306 0
552 307 0
552 308 0
552 551 0
553 337 0
553 514 0
553 515 0
554 442 0
554 468 0
554 537 0
555 516 0
555 534 0
555 563 0
555 595 0
556 1245 0
556 1303 0
556 1304 0
556 211 0
556 45 0
556 882 0
557 432 0
557 500 0
557 502 0
557 54 0
557 554 0
557 556 0
557 580 0
557 659 0
557 841 0
557 857 0
558 507 0
56 188 0
56 190 0
56 261 0
56 412 0
56 468 0
56 567 0
56 632 0
56 636 0
56 74 0
56 803 0
56 809 0
56 832 0
56 842 0
56 944 0
560 1108 0
560 124 0
560 383 0
560 439 0
560 545 0
560 546 0
560 659 0
560 955 0
560 956 0
560 957 0
561 371 0
561 530 0
561 585 0
561 586 0
562 475 0
562 563 0
563 140 0
563 280 0
563 519 0
563 545 0
563 609 0
563 614 0
563 671 0
563 684 0
563 854 0
564 534 0
564 632 0
565 328 0
565 519 0
565 521 0
565 562 0
565 609 0
565 609 0
565 800 0
566 112 0
566 190 0
566 261 0
566 412 0
566 445 0
566 56 0
566 563 0
566 74 0
566 822 0
567 469 0
567 522 0
567 609 0
567 645 0
568 414 0
569 1488 0
569 1516 0
569 461 0
569 549 0
569 579 0
569 583 0
569 728 0
57 142 0
57 143 0
57 173 0
57 173 0
57 370 0
57 58 0
57 59 0
57 59 0
57 680 0
57 680 0
57 681 0
57 833 0
57 907 0
57 908 0
570 464 0
570 476 0
570 477 0
571 414 0
571 572 0
572 414 0
572 415 0
572 510 0
573 1027 0
573 1214 0
573 207 0
573 371 0
573 449 0
573 467 0
573 483 0
573 487 0
573 497 0
573 580 0
573 580 0
573 601 0
573 687 0
574 1029 0
574 1160 0
574 1180 0
574 1180 0
574 1548 0
574 1610 0
574 383 0
574 400 0
574 42 0
574 42 0
574 448 0
574 516 0
574 573 0
574 653 0
575 345 0
575 576 0
576 66 0
577 21 0
577 366 0
577 473 0
577 633 0
578 358 0
578 488 0
578 489 0
579 145 0
579 1839 0
579 1853 0
579 439 0
579 440 0
579 450 0
579 455 0
579 455 0
579 470 0
579 577 0
579 586 0
579 647 0
579 931 0
58 108 0
58 1208 0
58 143 0
58 166 0
58 173 0
58 309 0
58 339 0
58 57 0
58 59 0
58 59 0
58 680 0
58 702 0
58 703 0
58 87 0
58 945 0
58 950 0
580 1117 0
580 140 0
580 257 0
580 285 0
580 443 0
580 45 0
580 502 0
580 537 0
580 537 0
580 557 0
580 563 0
580 573 0
580 621 0
580 708 0
580 802 0
580 879 0
580 882 0
582 422 0
583 1257 0
583 252 0
583 470 0
583 549 0
583 73 0
583 932 0
584 389 0
585 373 0
585 491 0
585 519 0
586 14 0
586 1401 0
586 185 0
586 302 0
586 373 0
586 443 0
586 455 0
586 503 0
586 503 0
586 585 0
586 66 0
586 880 0
587 465 0
587 474 0
587 511 0
588 1416 0
588 450 0
588 817 0
588 92 0
588 946 0
588 978 0
589 166 0
59 1051 0
59 1060 0
59 1107 0
59 1130 0
59 166 0
59 173 0
59 1828 0
59 212 0
59 339 0
59 339 0
59 361 0
59 382 0
59 398 0
59 455 0
59 58 0
59 58 0
59 680 0
59 680 0
59 681 0
59 754 0
59 87 0
59 907 0
59 930 0
590 591 0
592 593 0
594 570 0
594 595 0
595 1298 0
595 1307 0
595 1392 0
595 1417 0
595 1753 0
595 451 0
595 627 0
596 516 0
596 597 0
597 476 0
597 595 0
598 326 0
599 553 0
6 1035 0
6 118 0
6 1262 0
6 139 0
6 142 0
6 182 0
6 3 0
6 4 0
6 453 0
6 454 0
6 680 0
6 818 0
6 91 0
60 1377 0
60 1386 0
60 173 0
60 61 0
600 527 0
600 717 0
600 742 0
601 1119 0
601 113 0
601 1607 0
601 1672 0
601 1762 0
601 384 0
601 42 0
601 448 0
601 456 0
601 485 0
601 574 0
601 763 0
601 92 0
602 109 0
602 310 0
602 453 0
602 542 0
602 6 0
602 818 0
602 833 0
602 89 0
603 318 0
603 365 0
603 409 0
603 413 0
604 369 0
605 407 0
606 607 0
606 608 0
607 1166 0
607 1262 0
607 1432 0
607 468 0
608 1432 0
608 1482 0
609 1224 0
609 129 0
609 306 0
609 492 0
609 493 0
609 562 0
609 738 0
609 781 0
609 788 0
61 1535 0
61 179 0
61 264 0
61 320 0
61 342 0
61 358 0
61 653 0
61 960 0
610 186 0
610 537 0
610 544 0
611 160 0
611 554 0
612 1364 0
612 1430 0
612 1682 0
612 1763 0
612 443 0
612 593 0
612 620 0
614 533 0
614 555 0
614 564 0
615 308 0
615 353 0
616 505 0
616 617 0
618 337 0
62 42 0
62 63 0
62 64 0
620 410 0
621 322 0
621 500 0
621 557 0
621 622 0
621 659 0
621 848 0
621 952 0
623 21 0
623 532 0
623 577 0
624 261 0
624 390 0
624 437 0
624 600 0
625 387 0
625 577 0
626 251 0
626 584 0
627 126 0
627 502 0
628 629 0
629 312 0
629 513 0
63 182 0
63 183 0
630 53 0
631 427 0
633 1498 0
633 318 0
633 354 0
633 538 0
634 557 0
635 1407 0
635 1617 0
635 1738 0
635 596 0
637 1081 0
637 1243 0
637 138 0
637 148 0
637 1578 0
637 183 0
637 1871 0
637 199 0
637 432 0
637 461 0
637 66 0
638 1191 0
638 1262 0
638 288 0
638 639 0
638 640 0
638 641 0
639 641 0
639 664 0
639 772 0
64 12 0
64 286 0
64 98 0
640 1055 0
640 639 0
640 664 0
641 1262 0
641 1303 0
641 495 0
641 640 0
641 772 0
641 876 0
642 643 0
642 644 0
643 1677 0
643 30 0
643 36 0
643 439 0
643 456 0
643 461 0
643 487 0
643 556 0
643 573 0
643 714 0
643 773 0
643 968 0
643 973 0
644 1890 0
644 264 0
644 573 0
644 683 0
644 794 0
645 523 0
645 646 0
646 1567 0
646 1568 0
646 577 0
646 741 0
646 852 0
646 932 0
647 120 0
647 120 0
647 300 0
647 300 0
647 648 0
647 649 0
648 164 0
649 1820 0
649 186 0
65 161 0
65 298 0
65 299 0
65 66 0
650 643 0
651 1554 0
651 1824 0
651 436 0
651 44 0
651 652 0
651 653 0
651 654 0
651 655 0
651 656 0
651 657 0
651 658 0
651 885 0
652 686 0
653 1200 0
653 1283 0
653 1546 0
653 160 0
653 1884 0
653 231 0
653 654 0
653 656 0
653 662 0
653 663 0
653 67 0
653 692 0
654 126 0
654 1555 0
654 1597 0
654 187 0
654 231 0
654 352 0
654 421 0
654 45 0
654 653 0
654 656 0
654 661 0
654 662 0
654 663 0
654 891 0
655 652 0
655 658 0
655 658 0
655 674 0
655 686 0
655 721 0
655 722 0
655 724 0
656 1554 0
656 160 0
656 231 0
656 416 0
656 492 0
656 495 0
656 653 0
656 684 0
656 692 0
656 842 0
656 844 0
657 652 0
657 658 0
657 658 0
657 674 0
657 721 0
657 722 0
657 724 0
658 674 0
658 723 0
658 759 0
659 1202 0
659 1728 0
659 462 0
659 467 0
659 487 0
659 54 0
659 543 0
659 557 0
659 637 0
659 673 0
659 731 0
66 112 0
66 1382 0
66 1833 0
66 478 0
66 557 0
66 684 0
66 730 0
66 785 0
66 789 0
66 824 0
66 93 0
66 96 0
660 661 0
660 662 0
660 663 0
661 1041 0
661 1055 0
661 1064 0
661 1065 0
661 1357 0
661 202 0
661 653 0
661 654 0
661 660 0
661 662 0
661 724 0
662 144 0
662 1624 0
662 1650 0
662 653 0
662 654 0
662 660 0
662 661 0
663 653 0
663 654 0
663 660 0
664 121 0
664 123 0
664 1309 0
664 1310 0
664 300 0
664 641 0
665 666 0
665 667 0
666 746 0
666 747 0
667 1081 0
667 1088 0
667 745 0
668 1035 0
668 1036 0
668 130 0
668 156 0
668 269 0
668 3 0
668 40 0
668 6 0
668 669 0
668 680 0
668 81 0
669 101 0
669 127 0
669 130 0
669 152 0
669 156 0
67 114 0
67 132 0
67 1408 0
67 277 0
67 322 0
67 323 0
67 371 0
67 862 0
67 885 0
67 952 0
670 1335 0
670 523 0
670 671 0
670 744 0
670 933 0
671 711 0
672 148 0
672 673 0
673 1131 0
673 1308 0
673 1308 0
673 1424 0
673 1645 0
673 1663 0
673 372 0
673 439 0
673 560 0
673 637 0
673 664 0
673 685 0
673 705 0
673 777 0
673 889 0
674 657 0
674 723 0
674 759 0
675 676 0
676 32 0
676 56 0
676 731 0
676 809 0
676 886 0
676 898 0
676 943 0
676 944 0
677 573 0
677 676 0
678 649 0
678 679 0
68 20 0
68 22 0
68 44 0
680 1208 0
680 1346 0
680 142 0
680 143 0
680 166 0
680 166 0
680 179 0
680 1829 0
680 1834 0
680 3 0
680 339 0
680 370 0
680 58 0
680 59 0
680 59 0
680 681 0
680 754 0
680 810 0
680 818 0
680 87 0
680 91 0
680 91 0
681 143 0
681 173 0
681 352 0
681 58 0
681 702 0
681 703 0
681 716 0
681 725 0
683 1792 0
683 580 0
684 140 0
684 302 0
684 373 0
684 580 0
684 586 0
684 830 0
684 838 0
685 1407 0
685 148 0
685 1848 0
685 370 0
685 516 0
685 637 0
685 672 0
685 888 0
686 1304 0
686 1464 0
686 1518 0
686 163 0
686 1847 0
686 44 0
686 651 0
686 674 0
687 441 0
687 556 0
687 643 0
687 917 0
688 360 0
688 689 0
688 690 0
688 691 0
689 360 0
69 103 0
69 269 0
69 9 0
690 1089 0
690 1119 0
690 691 0
691 1090 0
691 1180 0
691 1875 0
691 400 0
691 42 0
691 480 0
691 601 0
691 689 0
691 792 0
691 793 0
692 104 0
692 1065 0
693 476 0
693 699 0
694 600 0
694 695 0
694 696 0
694 697 0
695 696 0
695 718 0
695 727 0
696 192 0
697 695 0
697 770 0
697 88 0
698 188 0
699 238 0
699 465 0
699 707 0
7 10 0
7 8 0
7 9 0
70 71 0
70 72 0
700 120 0
700 281 0
700 647 0
700 701 0
701 1821 0
701 1830 0
701 186 0
701 649 0
701 771 0
702 59 0
702 680 0
702 754 0
703 1521 0
703 1639 0
703 1640 0
703 1641 0
703 680 0
703 702 0
704 1146 0
704 1166 0
704 1167 0
704 1174 0
704 150 0
704 706 0
704 736 0
704 789 0
704 882 0
704 882 0
705 1108 0
705 1257 0
705 1636 0
705 1637 0
705 439 0
705 461 0
705 560 0
705 560 0
705 706 0
705 736 0
705 862 0
706 124 0
706 150 0
706 1611 0
706 1648 0
706 1746 0
706 704 0
706 882 0
707 1407 0
707 476 0
707 693 0
707 716 0
707 888 0
708 709 0
709 791 0
71 77 0
710 1241 0
710 1476 0
710 1876 0
710 563 0
711 567 0
711 670 0
711 753 0
712 128 0
712 40 0
712 41 0
712 668 0
712 669 0
713 40 0
713 41 0
713 81 0
714 1072 0
714 1843 0
714 256 0
714 257 0
714 30 0
714 396 0
714 482 0
714 543 0
714 638 0
714 643 0
714 651 0
714 654 0
714 656 0
714 659 0
714 765 0
714 968 0
716 112 0
716 202 0
716 227 0
716 465 0
716 476 0
716 519 0
716 693 0
716 699 0
717 1285 0
717 718 0
717 719 0
717 720 0
718 696 0
718 697 0
719 1556 0
719 288 0
719 714 0
719 742 0
720 1198 0
720 1283 0
720 1287 0
720 1288 0
720 47 0
720 477 0
720 719 0
720 757 0
721 1108 0
721 1146 0
721 251 0
721 658 0
721 674 0
721 722 0
721 723 0
721 724 0
721 840 0
722 658 0
722 674 0
722 723 0
722 724 0
723 655 0
723 657 0
723 734 0
723 759 0
724 1041 0
724 1042 0
724 1064 0
724 113 0
724 658 0
724 674 0
725 126 0
725 352 0
725 726 0
726 1406 0
726 36 0
726 730 0
726 731 0
726 936 0
726 937 0
727 757 0
728 1631 0
728 251 0
728 289 0
728 330 0
728 439 0
728 44 0
728 440 0
728 455 0
728 729 0
728 931 0
73 246 0
73 252 0
73 330 0
73 459 0
73 460 0
73 461 0
73 462 0
73 74 0
730 185 0
730 252 0
730 264 0
730 755 0
730 756 0
730 849 0
731 1307 0
731 1308 0
731 188 0
731 199 0
731 371 0
731 580 0
731 580 0
731 621 0
731 883 0
732 285 0
733 306 0
733 475 0
733 609 0
733 738 0
733 828 0
733 838 0
733 842 0
734 1016 0
734 1044 0
734 1884 0
734 53 0
734 655 0
734 674 0
734 721 0
736 1087 0
736 1408 0
736 150 0
736 1600 0
736 1676 0
736 195 0
736 232 0
736 278 0
736 287 0
736 704 0
736 706 0
736 882 0
736 92 0
737 192 0
737 447 0
737 717 0
737 727 0
737 763 0
738 328 0
739 157 0
739 185 0
739 337 0
739 740 0
74 112 0
74 190 0
74 411 0
74 412 0
74 443 0
74 475 0
74 477 0
74 684 0
74 830 0
740 17 0
740 768 0
740 787 0
741 14 0
741 146 0
741 1597 0
741 399 0
741 477 0
741 567 0
741 637 0
741 788 0
741 803 0
741 961 0
742 1209 0
742 1547 0
742 1550 0
742 1592 0
742 1673 0
742 1684 0
742 720 0
742 737 0
742 931 0
743 445 0
743 563 0
743 74 0
743 744 0
743 842 0
744 122 0
744 609 0
744 892 0
744 893 0
745 665 0
745 666 0
745 746 0
745 747 0
745 748 0
746 1203 0
746 477 0
746 485 0
746 667 0
747 1472 0
747 1496 0
747 665 0
747 667 0
747 833 0
748 1145 0
748 1179 0
748 574 0
748 666 0
748 746 0
748 747 0
749 302 0
749 750 0
75 49 0
75 76 0
75 77 0
75 78 0
75 79 0
751 752 0
752 337 0
752 740 0
754 143 0
754 1529 0
754 1678 0
754 58 0
754 681 0
757 1065 0
757 695 0
757 737 0
757 770 0
758 646 0
758 753 0
759 655 0
759 721 0
759 724 0
759 734 0
76 61 0
760 580 0
761 726 0
761 762 0
763 1300 0
763 1482 0
763 1724 0
763 720 0
764 1347 0
764 1351 0
764 1591 0
765 146 0
765 399 0
765 687 0
765 961 0
766 735 0
766 767 0
766 768 0
768 752 0
769 647 0
77 12 0
77 215 0
77 216 0
770 600 0
770 695 0
771 1830 0
771 1831 0
772 237 0
772 638 0
772 673 0
773 200 0
773 51 0
773 901 0
776 1177 0
776 495 0
776 686 0
777 148 0
777 1876 0
777 637 0
777 672 0
777 784 0
777 929 0
778 202 0
778 232 0
778 330 0
778 583 0
778 664 0
778 772 0
778 776 0
779 336 0
779 711 0
78 120 0
78 133 0
78 99 0
780 644 0
781 523 0
781 563 0
781 779 0
782 207 0
783 148 0
783 1912 0
783 672 0
783 685 0
784 637 0
784 783 0
785 324 0
785 66 0
785 946 0
785 977 0
785 978 0
786 649 0
786 787 0
788 1409 0
788 1502 0
788 1726 0
789 1108 0
789 1197 0
789 730 0
789 731 0
789 755 0
789 83 0
79 1008 0
79 1168 0
79 1184 0
79 223 0
79 237 0
79 28 0
79 436 0
79 51 0
79 51 0
790 235 0
790 45 0
790 505 0
790 643 0
790 882 0
790 990 0
791 148 0
791 687 0
791 765 0
791 790 0
791 83 0
792 1206 0
792 360 0
792 688 0
793 1802 0
793 268 0
793 360 0
793 454 0
793 688 0
793 689 0
795 47 0
795 484 0
796 774 0
797 786 0
798 1202 0
798 1244 0
798 188 0
798 523 0
798 743 0
798 743 0
8 20 0
8 277 0
8 322 0
8 323 0
8 324 0
8 67 0
8 67 0
8 68 0
8 69 0
80 81 0
80 82 0
800 129 0
800 306 0
800 328 0
800 738 0
801 1027 0
801 211 0
801 257 0
801 440 0
801 455 0
801 465 0
801 467 0
801 673 0
801 84 0
803 1008 0
803 113 0
803 1168 0
803 1268 0
803 1269 0
803 252 0
803 840 0
804 751 0
806 740 0
807 1035 0
807 310 0
807 815 0
807 816 0
807 853 0
808 1238 0
808 1278 0
808 157 0
808 159 0
808 28 0
808 334 0
808 739 0
808 818 0
809 468 0
809 803 0
809 810 0
809 811 0
81 114 0
81 127 0
81 130 0
81 156 0
81 20 0
81 269 0
81 40 0
81 669 0
810 57 0
810 58 0
810 59 0
810 840 0
810 945 0
811 834 0
811 840 0
812 813 0
813 1188 0
813 858 0
813 858 0
814 223 0
815 448 0
815 454 0
815 747 0
815 816 0
815 833 0
815 91 0
816 1 0
816 454 0
816 874 0
817 132 0
817 188 0
817 588 0
818 1 0
818 1035 0
818 118 0
818 1278 0
818 1791 0
818 453 0
818 6 0
818 6 0
818 668 0
818 680 0
818 819 0
818 833 0
819 118 0
819 602 0
819 833 0
82 184 0
82 19 0
82 22 0
820 730 0
820 821 0
821 236 0
821 730 0
822 733 0
823 824 0
824 1022 0
824 1028 0
824 1030 0
824 1074 0
824 778 0
824 878 0
825 1840 0
825 826 0
826 194 0
826 837 0
827 260 0
827 400 0
827 42 0
827 447 0
827 872 0
828 126 0
829 477 0
829 510 0
829 830 0
829 831 0
83 1202 0
83 127 0
83 425 0
83 465 0
83 483 0
83 756 0
83 84 0
83 85 0
83 86 0
830 743 0
830 839 0
830 844 0
831 1202 0
831 373 0
831 42 0
831 516 0
831 828 0
832 373 0
832 521 0
832 656 0
833 142 0
833 181 0
833 1844 0
833 310 0
833 453 0
834 810 0
834 835 0
834 836 0
835 810 0
835 811 0
836 809 0
836 811 0
836 840 0
837 850 0
838 817 0
838 831 0
838 863 0
839 261 0
839 566 0
839 684 0
839 733 0
84 130 0
84 183 0
84 373 0
84 425 0
84 555 0
84 654 0
84 801 0
840 1183 0
840 704 0
840 834 0
841 1398 0
841 227 0
841 238 0
841 258 0
841 872 0
841 873 0
842 443 0
842 443 0
842 445 0
842 563 0
842 580 0
842 798 0
843 173 0
843 212 0
844 126 0
844 74 0
845 813 0
845 846 0
846 1188 0
846 813 0
847 445 0
847 475 0
848 439 0
848 54 0
849 1211 0
849 1212 0
849 450 0
849 820 0
849 821 0
849 869 0
85 130 0
85 147 0
85 214 0
85 354 0
85 373 0
85 38 0
85 41 0
85 67 0
851 407 0
852 1226 0
852 186 0
852 577 0
852 851 0
852 861 0
853 1 0
853 815 0
853 816 0
854 190 0
854 443 0
854 830 0
854 831 0
855 339 0
855 843 0
856 566 0
856 743 0
856 847 0
857 864 0
858 1189 0
858 877 0
859 860 0
86 114 0
86 217 0
860 883 0
860 897 0
861 862 0
862 1108 0
862 1178 0
862 1637 0
862 455 0
862 496 0
862 579 0
862 673 0
863 318 0
863 538 0
863 656 0
863 844 0
864 1635 0
864 1739 0
864 227 0
864 262 0
864 432 0
864 841 0
865 329 0
866 646 0
867 868 0
87 1058 0
87 1059 0
87 143 0
87 1445 0
87 310 0
87 57 0
87 58 0
87 702 0
87 703 0
87 88 0
870 1585 0
870 1630 0
870 323 0
870 329 0
870 574 0
870 865 0
870 871 0
871 323 0
871 329 0
871 865 0
872 557 0
872 742 0
872 857 0
872 864 0
872 873 0
873 1087 0
873 258 0
873 557 0
874 1160 0
874 1301 0
874 1866 0
874 258 0
874 543 0
874 59 0
874 651 0
874 754 0
874 807 0
874 815 0
875 859 0
876 132 0
876 227 0
876 322 0
876 83 0
876 865 0
877 845 0
877 846 0
879 1626 0
879 651 0
879 67 0
879 704 0
879 731 0
879 955 0
88 142 0
88 1591 0
88 166 0
88 360 0
88 87 0
88 933 0
88 951 0
880 1195 0
880 188 0
880 455 0
880 503 0
880 557 0
880 728 0
880 801 0
880 882 0
880 932 0
881 184 0
881 432 0
881 888 0
881 947 0
882 1791 0
882 371 0
882 441 0
882 465 0
882 643 0
882 687 0
882 731 0
882 801 0
882 880 0
882 883 0
883 1016 0
883 138 0
883 1431 0
883 1626 0
883 195 0
883 371 0
883 446 0
883 483 0
883 580 0
883 955 0
884 468 0
884 496 0
884 676 0
884 885 0
884 886 0
884 887 0
885 1467 0
885 1490 0
885 1491 0
885 1492 0
885 32 0
885 468 0
885 468 0
885 543 0
885 860 0
885 886 0
885 959 0
886 32 0
886 887 0
886 897 0
886 898 0
887 468 0
887 898 0
887 964 0
888 151 0
888 432 0
888 947 0
889 124 0
889 560 0
89 109 0
89 1190 0
89 1452 0
89 2 0
89 23 0
89 3 0
89 392 0
89 453 0
89 454 0
89 574 0
89 6 0
89 6 0
89 827 0
89 90 0
89 91 0
891 1448 0
891 1650 0
891 659 0
892 670 0
892 893 0
893 670 0
893 940 0
893 987 0
894 791 0
895 896 0
896 900 0
897 1626 0
897 468 0
897 885 0
897 898 0
897 899 0
897 964 0
898 468 0
898 496 0
898 884 0
898 899 0
898 964 0
899 496 0
899 884 0
899 885 0
899 886 0
899 964 0
9 113 0
9 114 0
9 269 0
9 477 0
90 2 0
90 3 0
90 5 0
900 895 0
900 939 0
901 200 0
901 436 0
901 51 0
901 51 0
902 1174 0
902 1676 0
902 1677 0
902 200 0
902 467 0
902 51 0
902 773 0
902 901 0
903 66 0
904 664 0
905 557 0
906 486 0
907 1346 0
907 1834 0
907 59 0
907 950 0
908 1828 0
908 1836 0
908 58 0
908 59 0
908 680 0
908 810 0
908 907 0
908 907 0
908 950 0
909 25 0
909 291 0
909 910 0
91 1 0
91 1 0
91 109 0
91 1160 0
91 2 0
91 23 0
91 3 0
91 3 0
91 5 0
91 6 0
91 747 0
91 818 0
91 818 0
91 874 0
910 25 0
910 316 0
910 922 0
912 915 0
913 1065 0
913 1070 0
913 1173 0
913 188 0
913 287 0
913 495 0
913 736 0
913 841 0
913 931 0
914 1177 0
914 885 0
915 21 0
915 916 0
917 557 0
917 923 0
918 407 0
918 919 0
918 920 0
919 982 0
92 1458 0
92 1881 0
92 483 0
92 497 0
92 921 0
92 93 0
92 94 0
92 973 0
920 266 0
920 982 0
921 228 0
922 291 0
922 93 0
922 942 0
923 709 0
924 904 0
925 1059 0
925 1066 0
925 142 0
925 1456 0
925 87 0
925 926 0
925 927 0
925 928 0
925 929 0
925 930 0
926 1170 0
926 1184 0
926 130 0
926 61 0
926 934 0
926 935 0
927 926 0
927 934 0
927 935 0
927 958 0
928 926 0
928 927 0
928 929 0
928 930 0
928 934 0
929 1899 0
929 927 0
929 934 0
929 935 0
929 958 0
93 115 0
93 349 0
93 77 0
93 909 0
93 942 0
930 109 0
930 310 0
930 926 0
930 929 0
930 958 0
931 1146 0
931 1307 0
931 1597 0
931 1806 0
931 1810 0
931 1812 0
931 1815 0
931 1910 0
931 2 0
931 207 0
931 252 0
931 459 0
931 583 0
931 803 0
931 803 0
931 840 0
931 968 0
932 1567 0
932 1568 0
932 1667 0
932 461 0
932 974 0
933 142 0
933 166 0
933 189 0
933 340 0
933 360 0
933 764 0
934 925 0
934 935 0
935 1110 0
935 928 0
937 959 0
937 961 0
937 988 0
938 895 0
938 896 0
938 939 0
939 1298 0
939 1835 0
94 290 0
940 670 0
940 744 0
940 892 0
940 941 0
941 122 0
941 892 0
942 291 0
942 910 0
943 56 0
943 944 0
944 468 0
944 809 0
945 143 0
945 370 0
945 57 0
945 908 0
946 588 0
946 785 0
947 539 0
95 96 0
95 97 0
950 143 0
950 173 0
950 339 0
950 370 0
950 57 0
950 680 0
950 945 0
951 108 0
951 360 0
951 933 0
952 537 0
952 621 0
952 862 0
953 954 0
955 1355 0
955 1392 0
955 1400 0
955 1619 0
955 1811 0
955 384 0
955 451 0
955 483 0
955 500 0
955 673 0
956 889 0
957 673 0
957 889 0
957 955 0
958 1031 0
958 1031 0
958 1093 0
958 1224 0
958 141 0
958 925 0
958 925 0
958 935 0
959 1426 0
959 1440 0
959 1609 0
959 468 0
959 580 0
959 664 0
959 790 0
959 885 0
959 924 0
96 1287 0
96 131 0
96 1363 0
96 1519 0
96 382 0
96 535 0
96 536 0
96 57 0
96 59 0
96 74 0
96 818 0
96 833 0
960 1418 0
960 1430 0
960 1431 0
961 1072 0
961 1112 0
961 185 0
961 264 0
961 714 0
961 726 0
961 730 0
962 552 0
962 963 0
963 307 0
963 552 0
964 676 0
964 885 0
964 886 0
965 890 0
966 894 0
967 142 0
967 344 0
967 76 0
968 1146 0
968 1546 0
968 165 0
968 1677 0
968 1846 0
968 1851 0
968 357 0
968 449 0
968 461 0
968 643 0
968 714 0
968 728 0
968 880 0
969 970 0
97 239 0
971 707 0
971 772 0
971 972 0
973 1556 0
973 165 0
973 334 0
973 446 0
973 477 0
973 508 0
973 719 0
973 891 0
973 954 0
974 569 0
975 202 0
975 28 0
975 653 0
975 808 0
975 891 0
975 976 0
976 187 0
976 28 0
976 808 0
977 785 0
978 132 0
978 1461 0
978 1799 0
978 356 0
978 588 0
978 785 0
979 266 0
98 1016 0
98 1027 0
98 1065 0
98 1245 0
98 130 0
98 1466 0
98 211 0
98 264 0
98 275 0
98 275 0
98 280 0
98 280 0
98 330 0
98 330 0
98 371 0
98 537 0
98 633 0
98 659 0
98 704 0
98 705 0
98 706 0
98 801 0
98 880 0
98 99 0
981 285 0
981 33 0
981 773 0
981 902 0
982 42 0
982 983 0
983 105 0
983 915 0
984 961 0
985 986 0
986 1004 0
986 965 0
987 1842 0
987 299 0
987 32 0
987 670 0
987 892 0
987 940 0
987 941 0
987 978 0
988 959 0
989 440 0
99 296 0
99 297 0
99 316 0
99 49 0
991 1224 0
991 1446 0
991 1604 0
991 992 0
991 993 0
992 1329 0
992 1337 0
992 1736 0
993 1002 0
993 1412 0
993 1435 0
993 1504 0
993 1730 0
993 992 0
994 505 0
994 936 0
995 187 0
995 237 0
995 516 0
996 231 0
997 403 0
997 978 0
998 1174 0
998 201 0
998 971 0
998 972 0
999 1430 0
999 1680 0
999 1682 0
999 911 0
1 1214 1
1 1217 1
1 2454 1
1 448 1
1 808 1
1 819 1
100 1929 1
100 47 1
100 586 1
1002 991 1
1004 1948 1
1004 291 1
1005 1021 1
1005 1066 1
1005 513 1
1007 1002 1
1007 1333 1
1007 185 1
1007 1872 1
1007 1882 1
1007 2103 1
1007 446 1
1007 841 1
1012 1070 1
1012 1095 1
1013 1027 1
1013 573 1
1013 880 1
1015 1055 1
1015 1201 1
1015 2289 1
1015 721 1
1016 2151 1
1016 465 1
1016 635 1
1016 728 1
1016 731 1
1020 1087 1
1020 1153 1
1020 1866 1
1020 396 1
1021 1066 1
1021 1286 1
1021 1637 1
1021 2303 1
1025 148 1
1025 1872 1
1025 1908 1
1025 242 1
1025 2518 1
1025 300 1
1026 1415 1
1027 1016 1
1027 1307 1
1027 1361 1
1027 1791 1
1027 1791 1
1027 195 1
1027 261 1
1027 446 1
1027 496 1
1027 538 1
1027 573 1
1027 968 1
1028 1029 1
1028 1145 1
1028 2005 1
1029 1105 1
1029 1171 1
1029 345 1
1032 1343 1
1032 1373 1
1032 1418 1
1032 2057 1
1032 595 1
1032 955 1
1033 2285 1
1033 2479 1
1033 463 1
1033 55 1
1035 92 1
1036 1524 1
1036 2472 1
1036 2630 1
104 115 1
104 12 1
104 1944 1
1041 2016 1
1041 226 1
1042 1064 1
1042 1100 1
1047 1092 1
1047 1141 1
1049 177 1
1049 1932 1
1049 29 1
1050 1985 1
1050 958 1
1054 392 1
1054 688 1
1055 140 1
1055 2594 1
1055 275 1
1055 639 1
1055 721 1
1056 1935 1
1056 2001 1
1056 665 1
1057 1027 1
1057 1177 1
1057 446 1
1057 720 1
106 241 1
106 35 1
1064 275 1
1064 287 1
1066 1181 1
1066 1722 1
1066 552 1
107 37 1
1070 1095 1
1073 2230 1
1075 2179 1
108 1693 1
108 248 1
1082 161 1
1082 2029 1
1082 2043 1
1082 694 1
1082 697 1
1082 873 1
1085 1180 1
1085 1635 1
1085 650 1
1087 1201 1
1087 1866 1
1087 2655 1
1087 396 1
1088 1568 1
1088 1578 1
1088 161 1
1088 1933 1
1088 2311 1
1088 2465 1
109 1483 1
109 1966 1
109 339 1
109 57 1
109 59 1
109 87 1
109 87 1
1090 574 1
1092 1101 1
1092 1103 1
1092 1121 1
1093 1239 1
1093 1501 1
1093 2396 1
1093 925 1
1098 1180 1
1098 1623 1
1098 1839 1
1098 1853 1
1098 1924 1
1098 1976 1
1098 446 1
1098 446 1
1099 2111 1
1099 900 1
1100 2133 1
1100 641 1
1100 652 1
1100 674 1
1100 734 1
1103 1088 1
1103 1141 1
1103 2310 1
1104 1684 1
1104 2660 1
1104 573 1
1104 622 1
1104 800 1
1105 1028 1
1105 2007 1
1105 2392 1
1108 1178 1
1108 1202 1
1108 2188 1
1108 2189 1
1108 503 1
1108 537 1
1108 560 1
1108 673 1
1109 1108 1
1109 1117 1
1110 1898 1
1110 2287 1
1110 840 1
1112 1245 1
1112 1636 1
1112 439 1
1113 1963 1
1113 2681 1
1113 2692 1
1113 396 1
1114 2350 1
1117 1108 1
1117 1971 1
1117 2161 1
1117 364 1
112 2406 1
112 313 1
112 412 1
112 510 1
112 587 1
112 684 1
112 789 1
1120 1015 1
1120 639 1
1120 721 1
1121 2582 1
1123 1406 1
1123 1456 1
1123 685 1
1125 1066 1
1125 1722 1
113 1186 1
1131 1308 1
1131 1933 1
1131 2465 1
1131 659 1
1131 777 1
1132 2376 1
1136 1098 1
1136 1853 1
1136 1976 1
1136 2644 1
1136 446 1
1137 639 1
114 152 1
114 40 1
1141 1092 1
1141 1101 1
1141 639 1
1145 1029 1
1145 1029 1
1145 1090 1
1145 1883 1
1146 1654 1
1146 2311 1
1146 2536 1
1147 1146 1
1148 1195 1
1148 2042 1
115 170 1
1153 1087 1
1153 1623 1
1153 2655 1
1154 1041 1
1157 113 1
1160 1243 1
1160 1692 1
1160 242 1
1160 798 1
1163 2237 1
1163 2266 1
1163 2683 1
1163 412 1
1164 1440 1
1164 1826 1
1164 2003 1
1166 1186 1
1166 1327 1
1166 1328 1
1166 1666 1
1166 2351 1
1166 514 1
1166 942 1
1166 968 1
1167 2457 1
1167 3 1
1169 1117 1
1169 1554 1
1169 635 1
117 204 1
117 37 1
1170 1228 1
1170 242 1
1170 516 1
1171 1203 1
1171 1990 1
1173 1695 1
1173 641 1
1173 664 1
1174 487 1
1174 503 1
1174 720 1
1175 1615 1
1175 1961 1
1175 2155 1
1175 251 1
1175 793 1
1177 1098 1
1177 1301 1
1177 145 1
1177 190 1
1177 1932 1
1177 21 1
1177 211 1
1177 226 1
1177 32 1
1177 446 1
1177 455 1
1177 455 1
1177 497 1
1177 704 1
1178 1025 1
1178 1088 1
1178 1728 1
1178 1871 1
1178 2437 1
1178 300 1
1178 393 1
1178 507 1
1178 560 1
1178 569 1
1178 64 1
1178 741 1
1179 2007 1
1179 345 1
1179 748 1
1180 1098 1
1180 1136 1
1180 1839 1
1180 1976 1
1180 2232 1
1180 2308 1
1180 375 1
1180 446 1
1180 71 1
1181 1178 1
1181 2437 1
1181 643 1
1182 2374 1
1182 392 1
1183 324 1
1186 162 1
1186 1635 1
1186 187 1
1186 211 1
1186 231 1
1186 2328 1
1186 2364 1
1187 1226 1
1187 2018 1
1187 2019 1
1187 2037 1
1187 437 1
1187 566 1
1188 1285 1
1188 658 1
119 15 1
119 199 1
1190 1182 1
1191 1212 1
1191 1269 1
1191 1651 1
1191 2022 1
1191 2023 1
1191 2136 1
1191 219 1
1191 2245 1
1191 2292 1
1191 2319 1
1191 440 1
1191 495 1
1191 737 1
1192 148 1
1192 2180 1
1192 921 1
1194 1544 1
1194 2003 1
1194 2119 1
1194 228 1
1194 285 1
1194 436 1
1194 664 1
1195 1252 1
1195 1302 1
1195 201 1
1195 2172 1
1195 2174 1
1195 2435 1
1195 256 1
1195 287 1
1195 449 1
1195 503 1
1195 514 1
1195 576 1
1195 89 1
1197 1169 1
1197 2161 1
1197 364 1
1197 716 1
1197 728 1
12 1932 1
12 517 1
120 158 1
120 184 1
120 241 1
120 2447 1
1201 1041 1
1201 1055 1
1201 1120 1
1201 2655 1
1201 396 1
1201 639 1
1202 1191 1
1202 1308 1
1202 1651 1
1202 1676 1
1202 264 1
1202 278 1
1202 287 1
1202 560 1
1202 862 1
1203 1170 1
1203 242 1
1203 685 1
1205 1171 1
1205 1179 1
1209 150 1
1209 1846 1
1209 387 1
1209 423 1
1209 659 1
1210 148 1
1210 1525 1
1210 2163 1
1210 2493 1
1210 429 1
1210 692 1
1210 726 1
1210 730 1
1210 730 1
1211 1380 1
1211 2695 1
1211 573 1
1211 891 1
1212 238 1
1212 264 1
1212 2701 1
1212 306 1
1213 1236 1
1214 1990 1
1214 807 1
1217 400 1
1217 874 1
1218 345 1
1218 448 1
1219 392 1
122 1675 1
122 2178 1
122 2367 1
122 2379 1
122 2403 1
122 362 1
122 525 1
122 670 1
122 842 1
122 862 1
122 987 1
1220 1170 1
1220 1203 1
1220 1205 1
1220 260 1
1220 485 1
1220 516 1
1220 748 1
1221 158 1
1221 1973 1
1221 335 1
1221 354 1
1221 649 1
1221 774 1
1221 833 1
1222 112 1
1222 132 1
1222 1600 1
1222 202 1
1222 2110 1
1222 2659 1
1222 42 1
1222 778 1
1226 636 1
1226 684 1
1226 829 1
1228 1203 1
1228 1220 1
1228 242 1
1228 393 1
1228 89 1
1234 1054 1
1234 1219 1
1234 1999 1
1234 2005 1
1234 2030 1
1234 400 1
1234 574 1
1234 691 1
1234 792 1
1235 2275 1
1235 642 1
1236 2446 1
1239 1093 1
1239 1483 1
1239 1501 1
1239 1828 1
1239 1965 1
1239 2396 1
1239 453 1
1239 57 1
1239 925 1
124 1195 1
124 1692 1
124 188 1
124 229 1
124 231 1
124 2545 1
124 387 1
124 519 1
124 560 1
124 563 1
124 586 1
124 595 1
124 653 1
124 659 1
124 684 1
124 913 1
1242 392 1
1242 393 1
1242 446 1
1243 1148 1
1243 1191 1
1243 2214 1
1243 2215 1
1243 2233 1
1243 237 1
1243 432 1
1243 462 1
1243 539 1
1243 540 1
1244 1401 1
1244 500 1
1244 500 1
1245 1380 1
1245 456 1
1245 457 1
1245 462 1
1245 487 1
1245 560 1
1245 653 1
1249 1250 1
1249 2456 1
1250 570 1
1252 1301 1
1252 1635 1
1252 2315 1
1252 2316 1
1252 725 1
1257 124 1
1257 483 1
1257 586 1
1257 741 1
126 1529 1
126 2031 1
126 264 1
126 516 1
126 844 1
126 953 1
1261 1350 1
1261 1368 1
1264 1480 1
1264 2318 1
1264 458 1
1264 637 1
1264 736 1
1265 1264 1
1265 1264 1
1265 133 1
1265 219 1
1265 440 1
1265 610 1
1267 1264 1
1267 1792 1
1267 34 1
1268 1778 1
1269 1245 1
127 14 1
127 152 1
127 40 1
127 68 1
127 712 1
1272 1715 1
1272 1729 1
1273 1056 1
1273 1587 1
1275 2004 1
1275 2061 1
1275 2461 1
128 1123 1
128 833 1
128 976 1
1280 2201 1
1281 1265 1
1281 2400 1
1281 868 1
1283 1286 1
1283 371 1
1283 482 1
1283 482 1
1283 542 1
1284 2054 1
1284 2076 1
1284 2099 1
1284 883 1
1285 1556 1
1285 2504 1
1285 2505 1
1285 658 1
1286 1792 1
1289 356 1
1289 372 1
1292 15 1
1294 324 1
1294 458 1
1294 817 1
1294 946 1
1294 978 1
1296 1166 1
1296 158 1
1296 1635 1
1296 1797 1
1296 2024 1
1296 2035 1
1296 514 1
1298 1032 1
1298 2225 1
13 180 1
13 257 1
13 275 1
13 731 1
13 801 1
130 127 1
130 1650 1
130 1977 1
130 269 1
130 40 1
130 41 1
130 623 1
130 712 1
130 801 1
1301 2315 1
1301 2332 1
1301 2351 1
1301 36 1
1302 1243 1
1302 1711 1
1306 1326 1
1306 2049 1
1307 2454 1
1307 2469 1
1307 519 1
1308 1178 1
1308 1191 1
1308 1191 1
1308 1243 1
1308 1243 1
1308 1301 1
1308 275 1
1308 458 1
1308 465 1
1308 583 1
1308 895 1
1309 2022 1
1309 795 1
131 115 1
131 180 1
131 62 1
1313 1323 1
1313 1752 1
1313 459 1
1315 1353 1
1315 2470 1
1315 2471 1
1317 148 1
132 1016 1
132 1183 1
132 1581 1
132 193 1
132 211 1
132 251 1
132 261 1
132 278 1
132 371 1
132 387 1
132 54 1
132 580 1
132 817 1
132 946 1
132 977 1
132 978 1
132 98 1
1321 1244 1
1321 1343 1
1321 542 1
1323 1265 1
1323 1268 1
1323 1422 1
1325 1318 1
1325 2475 1
1326 1785 1
1327 1296 1
1327 158 1
1327 1592 1
1327 1684 1
1327 1684 1
1327 536 1
1328 1623 1
1328 2142 1
1328 2162 1
1328 2309 1
1328 2400 1
1328 2680 1
1328 2682 1
1328 287 1
1329 2378 1
133 138 1
133 77 1
1333 1415 1
1333 1904 1
1339 2034 1
1339 2482 1
1339 2483 1
1342 2514 1
1342 595 1
1343 1397 1
1343 251 1
1343 483 1
1343 803 1
1343 883 1
1344 1181 1
1344 1244 1
1344 1397 1
1344 623 1
1345 1373 1
1345 1418 1
1345 1479 1
1345 860 1
1345 879 1
1349 2486 1
135 237 1
1350 1370 1
1350 1657 1
1350 1789 1
1354 1785 1
1354 2549 1
1355 1027 1
1355 1307 1
1355 496 1
136 107 1
136 179 1
136 517 1
1360 2475 1
1361 1307 1
1361 1355 1
1361 2404 1
1362 1674 1
1362 2371 1
1362 2372 1
1362 2373 1
1362 24 1
1363 62 1
1364 1112 1
1364 467 1
1364 61 1
1368 1737 1
1368 1741 1
1368 2498 1
137 184 1
137 212 1
1370 1389 1
1370 1544 1
1370 2492 1
1371 53 1
1373 1458 1
1373 1481 1
1373 955 1
1374 1516 1
1374 2451 1
1376 1290 1
138 1197 1
138 216 1
138 384 1
138 486 1
138 569 1
138 622 1
1380 1243 1
1380 1244 1
1380 1334 1
1380 264 1
1380 371 1
1380 385 1
1380 583 1
1380 803 1
1386 1668 1
1386 463 1
1388 2036 1
1388 66 1
1389 1261 1
139 1651 1
139 789 1
1391 228 1
1393 2309 1
1393 595 1
1393 860 1
1394 1618 1
1394 1669 1
1394 2326 1
1394 2496 1
1395 736 1
1397 1132 1
1397 384 1
1397 483 1
1397 879 1
1398 595 1
14 127 1
14 2028 1
14 211 1
14 275 1
14 643 1
14 952 1
14 98 1
140 1819 1
140 1976 1
140 2189 1
1400 2496 1
1400 2497 1
1400 525 1
1401 456 1
1403 1222 1
1403 503 1
1403 595 1
1406 1456 1
1406 2317 1
1406 685 1
1406 819 1
1408 1025 1
1408 1131 1
1408 579 1
1408 673 1
1408 777 1
1408 861 1
1415 1209 1
1415 150 1
1415 1903 1
1415 2309 1
1415 356 1
1418 1626 1
1418 860 1
1418 955 1
1422 1313 1
1422 2536 1
1424 2043 1
1424 725 1
1424 864 1
1424 873 1
1428 1252 1
1428 1438 1
1428 2299 1
1428 2300 1
1428 2316 1
1429 231 1
143 109 1
143 1966 1
143 57 1
1430 1629 1
1430 2614 1
1430 42 1
1430 754 1
1431 1393 1
1431 1416 1
1431 1564 1
1431 1761 1
1431 671 1
1431 885 1
1434 1214 1
1434 1748 1
1438 1007 1
1438 2152 1
1438 2298 1
1438 2315 1
1438 2316 1
1438 2342 1
1439 1441 1
1439 2 1
1439 2008 1
1439 2028 1
1439 90 1
1440 1194 1
1440 147 1
1440 1929 1
1440 322 1
1440 47 1
1441 2010 1
1441 2028 1
1441 2240 1
145 1098 1
145 1818 1
145 1839 1
145 1839 1
145 314 1
1456 819 1
1456 976 1
1458 1274 1
1458 1431 1
1458 1761 1
1458 2603 1
146 160 1
146 231 1
146 2335 1
146 714 1
146 765 1
146 842 1
1461 1657 1
1466 1631 1
1466 418 1
1468 2618 1
147 1929 1
147 47 1
1470 1722 1
1470 1829 1
1470 1967 1
1470 2651 1
1470 57 1
1470 59 1
1472 1167 1
1472 2598 1
1472 819 1
1472 9 1
1476 148 1
1476 935 1
1478 173 1
1478 2569 1
1478 2579 1
1479 1562 1
1479 189 1
1479 595 1
148 1166 1
148 1202 1
148 1333 1
148 1663 1
148 1730 1
148 1904 1
148 2163 1
148 2180 1
148 2210 1
148 2454 1
148 2465 1
148 285 1
148 400 1
148 692 1
148 730 1
148 777 1
1480 1397 1
1480 450 1
1480 451 1
1480 500 1
1481 1721 1
1481 860 1
1482 2231 1
1482 2272 1
1483 1965 1
1483 1967 1
1483 2082 1
1483 339 1
1486 1374 1
1486 1644 1
1486 1789 1
1487 1486 1
1487 1544 1
1488 160 1
1489 24 1
1489 256 1
1489 546 1
149 1393 1
149 1657 1
149 1677 1
149 185 1
149 2057 1
149 2293 1
149 2333 1
149 714 1
149 92 1
1491 1214 1
1491 1217 1
1491 448 1
1491 807 1
15 197 1
15 254 1
15 256 1
150 2257 1
150 2309 1
150 423 1
150 542 1
1500 453 1
1500 57 1
1501 1093 1
1501 1175 1
1501 1222 1
1501 1239 1
1501 1500 1
1501 1519 1
1501 2650 1
1501 57 1
1505 1380 1
1505 1391 1
1505 2400 1
1505 264 1
1505 495 1
1505 64 1
1506 171 1
1506 2067 1
1510 1175 1
1510 1501 1
1510 2155 1
1512 1807 1
1512 2499 1
1512 2529 1
1513 1349 1
1513 2498 1
1516 1871 1
1516 2451 1
1516 2492 1
1519 1175 1
1519 1510 1
1519 1997 1
1519 2187 1
152 130 1
152 1440 1
152 1939 1
152 2195 1
152 227 1
152 557 1
152 713 1
152 83 1
1522 1021 1
1522 371 1
1522 720 1
1523 1283 1
1523 1522 1
1523 18 1
1523 720 1
1524 1842 1
1524 2472 1
1524 2563 1
1525 2255 1
1525 704 1
1525 803 1
1529 2020 1
1529 2021 1
1529 416 1
1529 563 1
153 71 1
153 974 1
1530 1344 1
1530 1431 1
1530 1489 1
1530 149 1
1530 2057 1
1532 1317 1
1532 2563 1
1533 160 1
1533 255 1
1533 300 1
1536 1175 1
1536 1501 1
1536 1519 1
1541 1273 1
1543 1807 1
1544 1284 1
1544 1693 1
1544 2051 1
1544 2076 1
1544 2101 1
1544 2111 1
1544 2121 1
1546 622 1
1548 2657 1
1548 471 1
155 1600 1
1552 1374 1
1552 1487 1
1552 1644 1
1553 1487 1
1553 1552 1
1554 2086 1
1554 914 1
1555 1398 1
1556 1285 1
1556 1981 1
1556 1982 1
1556 2503 1
1556 2505 1
1556 2506 1
1556 658 1
1557 1533 1
1559 41 1
1559 448 1
156 114 1
156 41 1
1560 1376 1
1560 525 1
1561 1937 1
1562 1729 1
1562 1787 1
1562 2522 1
1562 450 1
1562 451 1
1562 92 1
1568 1131 1
1568 1505 1
1568 1773 1
1568 2523 1
1568 2656 1
1568 815 1
1569 2539 1
157 1221 1
157 17 1
157 1973 1
157 2075 1
157 2341 1
157 24 1
157 300 1
157 649 1
157 806 1
157 806 1
1571 138 1
1571 227 1
1571 300 1
1571 595 1
1571 640 1
1573 2541 1
1576 1753 1
1578 1728 1
1578 1871 1
1579 885 1
158 1166 1
158 157 1
158 184 1
158 1973 1
158 1973 1
158 2024 1
158 2035 1
158 2075 1
158 310 1
158 334 1
158 335 1
158 739 1
158 833 1
158 942 1
1581 1461 1
1581 1657 1
1581 1728 1
1581 1882 1
1581 2381 1
1581 2408 1
1581 242 1
1581 252 1
1581 684 1
1582 2494 1
1587 1541 1
1589 1360 1
1589 2162 1
1589 2461 1
159 2179 1
159 2186 1
159 302 1
159 335 1
159 345 1
1590 1315 1
1590 1326 1
1590 2508 1
160 1211 1
160 1243 1
160 1289 1
160 157 1
160 1674 1
160 238 1
160 255 1
160 258 1
160 92 1
1600 1787 1
1603 1602 1
1608 1826 1
1608 2097 1
1608 895 1
1609 1195 1
1609 1562 1
1609 2152 1
1609 736 1
1609 885 1
1609 960 1
161 1900 1
161 1908 1
161 2022 1
161 2042 1
161 2513 1
161 2530 1
161 2538 1
161 2580 1
161 2646 1
161 2656 1
161 763 1
1613 1715 1
1613 2572 1
1615 1510 1
1615 2155 1
1615 793 1
1618 330 1
1619 1243 1
1619 1597 1
1619 931 1
162 1157 1
162 2327 1
1620 2025 1
1620 2142 1
1620 2161 1
1620 2197 1
1620 260 1
1620 627 1
1621 1275 1
1621 1318 1
1621 1339 1
1621 1360 1
1621 1842 1
1621 2563 1
1622 1812 1
1622 204 1
1622 2697 1
1623 1020 1
1623 1087 1
1623 1136 1
1623 1177 1
1623 1180 1
1623 1180 1
1623 1195 1
1623 1620 1
1623 1924 1
1623 1976 1
1623 246 1
1623 383 1
1623 44 1
1623 482 1
1623 496 1
1624 2151 1
1624 2197 1
1624 261 1
1624 2682 1
1626 1345 1
1626 1479 1
1626 2567 1
1626 671 1
1629 1606 1
163 115 1
163 1946 1
1631 1544 1
1631 2062 1
1631 2063 1
1631 883 1
1633 1997 1
1635 153 1
1635 1546 1
1635 1609 1
1635 1853 1
1635 2161 1
1635 2193 1
1635 2250 1
1635 2328 1
1635 281 1
1636 452 1
1636 612 1
1637 1771 1
1638 66 1
164 1221 1
164 1489 1
164 157 1
164 17 1
164 1959 1
164 300 1
164 300 1
164 301 1
164 301 1
164 327 1
164 335 1
164 648 1
164 806 1
1640 1430 1
1640 1760 1
1642 1340 1
1642 2508 1
1644 1251 1
1644 1374 1
1644 1553 1
1644 2370 1
1644 2569 1
1645 1131 1
1645 1488 1
1645 1909 1
1645 2103 1
1647 2600 1
1648 1747 1
1648 2512 1
165 715 1
165 774 1
1650 1996 1
1651 2576 1
1651 2577 1
1651 507 1
1653 741 1
1654 1147 1
1654 1218 1
1654 214 1
1654 2536 1
1655 60 1
1657 1371 1
1657 1568 1
166 2015 1
166 325 1
1660 1194 1
1660 2076 1
1660 500 1
1660 902 1
1662 1393 1
1663 777 1
1666 1283 1
1666 2351 1
1666 640 1
1668 204 1
1669 1657 1
1669 1773 1
1674 1110 1
1674 2287 1
1674 2288 1
1674 634 1
1675 1252 1
1675 1328 1
1675 1393 1
1675 1546 1
1675 1609 1
1675 2161 1
1675 2687 1
1675 595 1
1675 724 1
1675 862 1
1675 89 1
1675 983 1
1676 1202 1
1677 185 1
1677 714 1
1677 882 1
1683 130 1
1683 1976 1
1683 227 1
1683 2276 1
1683 497 1
1683 998 1
1684 1296 1
1684 1548 1
1684 2660 1
1684 536 1
1688 2377 1
1688 707 1
1692 1178 1
1692 1264 1
1692 457 1
1692 560 1
1692 637 1
1693 122 1
1693 2453 1
1695 2057 1
17 1221 1
17 157 1
17 158 1
17 2460 1
17 300 1
17 335 1
17 649 1
17 752 1
17 774 1
170 197 1
170 244 1
1702 1900 1
1702 2489 1
1704 1512 1
1704 2499 1
1705 1416 1
1707 41 1
1709 2 1
1709 2028 1
1709 2240 1
171 106 1
171 177 1
171 1823 1
171 1945 1
171 2003 1
171 222 1
171 2263 1
171 29 1
171 33 1
171 33 1
171 436 1
171 51 1
171 901 1
1712 1401 1
1712 400 1
1713 108 1
1713 2449 1
1715 1274 1
1715 1395 1
1715 1418 1
1719 1799 1
1719 2066 1
1719 2083 1
1719 2096 1
1719 2111 1
172 1439 1
172 1439 1
172 1709 1
172 2010 1
172 2028 1
172 2413 1
172 323 1
172 566 1
172 952 1
1721 1787 1
1722 1470 1
1722 59 1
1723 1395 1
1728 1007 1
1728 1871 1
1728 1872 1
1729 1599 1
1730 1663 1
1733 1361 1
1733 2454 1
1737 1513 1
174 115 1
174 276 1
1740 1603 1
1741 1704 1
1741 2500 1
1747 1582 1
1747 868 1
1748 1960 1
1748 1999 1
175 138 1
175 28 1
1753 1320 1
1753 1340 1
1758 1669 1
1758 1773 1
176 1946 1
176 76 1
1760 1606 1
1760 2360 1
1760 2443 1
1760 265 1
1761 1298 1
1761 1373 1
1761 483 1
1765 1066 1
1765 1125 1
1765 1722 1
1767 2558 1
177 2150 1
177 79 1
1773 2326 1
1773 956 1
1774 1785 1
1774 2034 1
1774 2461 1
1778 1582 1
178 177 1
178 28 1
1782 151 1
1782 2313 1
1782 583 1
1782 742 1
1782 830 1
1785 1318 1
1787 1272 1
1787 1418 1
1789 1370 1
179 131 1
179 314 1
179 92 1
1791 1013 1
1791 1177 1
1791 211 1
1791 226 1
1791 32 1
1791 324 1
1791 467 1
1791 557 1
1791 573 1
1791 885 1
1792 546 1
1792 720 1
1793 2079 1
1793 482 1
1793 507 1
1793 51 1
1793 902 1
1794 1401 1
1794 2134 1
1797 736 1
1799 2100 1
1799 2132 1
1799 2143 1
1799 463 1
18 1055 1
18 1120 1
18 1283 1
18 1522 1
18 2289 1
18 2537 1
18 49 1
180 13 1
180 37 1
180 49 1
1805 2377 1
1806 1416 1
1806 960 1
1807 1741 1
1807 1789 1
1809 2485 1
1810 2493 1
1812 1313 1
1812 459 1
1818 145 1
1818 314 1
1819 186 1
1819 460 1
1819 461 1
1819 462 1
1819 538 1
1819 569 1
1819 743 1
1819 968 1
182 14 1
182 257 1
182 278 1
1820 157 1
1820 164 1
1820 1959 1
1820 806 1
1823 2071 1
1823 2101 1
1823 2105 1
1823 2132 1
1823 2145 1
1823 2145 1
1826 1194 1
1826 1284 1
1826 2003 1
1826 2098 1
1826 2107 1
1826 2394 1
1826 418 1
1826 9 1
1826 959 1
1827 242 1
1827 2453 1
1827 2611 1
1827 2668 1
1827 2669 1
1828 1500 1
1828 1501 1
1828 1829 1
1828 2650 1
1829 1239 1
1829 1500 1
1829 1965 1
1829 453 1
1829 907 1
183 106 1
183 175 1
183 1928 1
183 724 1
1830 2347 1
1835 1544 1
1835 1939 1
1835 2124 1
1837 1969 1
1837 312 1
1838 1931 1
1838 1933 1
1838 1938 1
1838 2507 1
1838 299 1
1839 1177 1
1839 145 1
1839 1853 1
1839 2644 1
1839 2645 1
1839 314 1
184 335 1
1840 1940 1
1840 360 1
1840 933 1
1841 2230 1
1841 825 1
1842 1937 1
1846 1917 1
1846 2679 1
1846 387 1
1847 1103 1
1848 2535 1
185 2170 1
185 285 1
185 692 1
185 714 1
1851 2235 1
1851 2236 1
1852 326 1
1853 1098 1
1853 1186 1
1853 1623 1
1853 1924 1
1853 2644 1
1853 446 1
1853 71 1
186 1931 1
186 659 1
186 771 1
1860 1841 1
1860 1991 1
1866 1153 1
1866 1623 1
1866 2655 1
1868 2662 1
1869 2654 1
1869 2663 1
187 1222 1
187 140 1
187 2178 1
187 2397 1
187 2691 1
187 330 1
187 44 1
187 958 1
187 961 1
1870 653 1
1871 1088 1
1871 1486 1
1871 173 1
1871 2370 1
1871 242 1
1871 2465 1
1871 2466 1
1871 697 1
1872 2466 1
1878 1081 1
1878 1838 1
1878 2535 1
188 1016 1
188 1364 1
188 274 1
188 407 1
188 456 1
188 496 1
188 61 1
188 66 1
188 704 1
188 968 1
1880 685 1
1881 1871 1
1881 373 1
1882 1025 1
1882 1489 1
1883 1050 1
1883 1090 1
1883 1985 1
1883 485 1
1883 958 1
1886 2535 1
189 1210 1
189 1613 1
189 1715 1
189 252 1
189 730 1
189 803 1
1891 1088 1
1891 1880 1
1891 1904 1
1891 2466 1
1891 710 1
1894 1026 1
1894 160 1
1894 1886 1
1894 1922 1
1894 2339 1
1894 2442 1
1894 336 1
1894 783 1
1897 1923 1
1898 1151 1
1898 1880 1
1898 2542 1
1899 1880 1
1899 238 1
190 1186 1
190 21 1
190 226 1
190 465 1
190 537 1
190 567 1
1900 1923 1
1900 2489 1
1900 2543 1
1900 2555 1
1902 2555 1
1903 1605 1
1903 1848 1
1903 1880 1
1903 783 1
1904 1110 1
1904 1289 1
1904 356 1
1908 1131 1
1908 1568 1
1908 1663 1
1908 1730 1
1908 2656 1
1910 33 1
1910 580 1
1910 741 1
1910 788 1
1915 1886 1
1917 112 1
1917 161 1
1919 1374 1
1919 2103 1
1920 1848 1
1920 2462 1
1920 2555 1
1922 1782 1
1922 2313 1
1923 1589 1
1923 161 1
1923 1903 1
1923 929 1
1924 1020 1
1924 1087 1
1924 1136 1
1924 1153 1
1924 1180 1
1924 1201 1
1924 1623 1
1924 1866 1
1924 2328 1
1925 1298 1
1925 1466 1
1925 1926 1
1925 2290 1
1925 2291 1
1925 467 1
1925 542 1
1926 1927 1
1927 1264 1
1927 1267 1
1927 2170 1
1927 723 1
1928 1191 1
1928 163 1
1928 219 1
1928 33 1
1928 47 1
1928 824 1
1929 152 1
1929 47 1
193 255 1
193 412 1
193 461 1
193 519 1
193 74 1
1930 2386 1
1930 463 1
1931 1933 1
1931 1938 1
1931 299 1
1931 31 1
1932 119 1
1932 233 1
1932 2565 1
1932 2586 1
1933 1908 1
1933 1938 1
1933 2656 1
1933 299 1
1933 333 1
1934 1210 1
1934 202 1
1934 2163 1
1934 2163 1
1934 2247 1
1934 238 1
1934 264 1
1934 2698 1
1934 285 1
1935 1219 1
1935 1964 1
1935 689 1
1935 792 1
1936 1937 1
1938 31 1
1938 65 1
1939 1440 1
1939 147 1
1939 1929 1
1939 203 1
1939 2083 1
1939 2087 1
1939 2088 1
1939 2089 1
1939 557 1
1940 1951 1
1940 360 1
1941 203 1
1941 79 1
1942 171 1
1942 199 1
1943 754 1
1944 1955 1
1944 233 1
1944 75 1
1945 241 1
1945 244 1
1945 47 1
1945 92 1
1946 241 1
1946 94 1
1948 232 1
1949 1950 1
195 226 1
195 256 1
1950 1760 1
1950 2292 1
1951 1840 1
1952 1840 1
1952 1940 1
1952 1951 1
1953 241 1
1955 1004 1
1955 1049 1
1955 241 1
1955 291 1
1957 1430 1
1957 1943 1
1958 234 1
1959 1221 1
1959 157 1
1959 17 1
1959 300 1
1959 301 1
196 246 1
1960 2463 1
1960 574 1
1961 1434 1
1961 831 1
1962 1991 1
1962 1992 1
1962 283 1
1962 589 1
1963 200 1
1963 2681 1
1963 285 1
1963 765 1
1963 782 1
1963 990 1
1964 1990 1
1965 109 1
1965 1501 1
1965 1966 1
1965 1967 1
1965 453 1
1966 109 1
1966 1967 1
1966 1967 1
1966 1968 1
1966 2642 1
1966 339 1
1966 87 1
1967 109 1
1967 109 1
1967 143 1
1967 1470 1
1967 1968 1
1967 2642 1
1967 2651 1
1967 339 1
1967 57 1
1967 59 1
1968 1483 1
1968 59 1
1969 1970 1
1969 321 1
1969 358 1
1969 358 1
197 1506 1
197 1942 1
197 1954 1
197 2096 1
197 2136 1
1970 1837 1
1970 1969 1
1970 312 1
1970 358 1
1970 358 1
1971 1973 1
1971 1993 1
1971 2151 1
1971 385 1
1971 563 1
1972 994 1
1973 1566 1
1973 158 1
1973 158 1
1973 17 1
1973 1993 1
1973 1993 1
1973 2075 1
1973 2430 1
1973 334 1
1973 354 1
1973 79 1
1973 819 1
1973 833 1
1973 9 1
1974 248 1
1975 819 1
1976 1108 1
1976 1650 1
1976 1853 1
1976 1977 1
1976 202 1
1976 446 1
1977 1650 1
1977 1683 1
1977 497 1
1978 1960 1
1978 1979 1
1980 1969 1
1980 1969 1
1980 1970 1
1980 321 1
1980 488 1
1980 578 1
1981 1987 1
1983 1050 1
1983 1883 1
1983 1984 1
1983 689 1
1984 1883 1
1984 1985 1
1985 1983 1
1985 689 1
1986 1650 1
1986 1976 1
1986 1977 1
1987 1989 1
1988 1556 1
1988 1982 1
1988 1987 1
1988 1989 1
1989 1556 1
1989 1982 1
199 1523 1
199 2076 1
1990 1203 1
1990 2000 1
1990 831 1
1991 2230 1
1991 248 1
1991 593 1
1991 825 1
1992 1991 1
1992 366 1
1992 589 1
1993 1973 1
1993 2075 1
1993 334 1
1994 1995 1
1994 597 1
1995 251 1
1996 130 1
1996 1976 1
1996 1986 1
1997 1383 1
1997 1501 1
1997 1510 1
1997 1536 1
1997 2155 1
1997 793 1
1998 1719 1
1998 200 1
1998 2107 1
1998 285 1
1998 418 1
2 14 1
2 172 1
2 2010 1
2 2240 1
2 277 1
2 371 1
200 1631 1
200 2060 1
200 2089 1
200 2099 1
200 2107 1
200 285 1
200 418 1
2002 1175 1
2003 1440 1
2003 2053 1
2003 2067 1
2003 2097 1
2003 228 1
2003 231 1
2003 436 1
2003 9 1
2004 2049 1
2005 1029 1
2005 1105 1
2005 1105 1
2005 1234 1
2005 2007 1
2005 2030 1
2005 480 1
2005 689 1
2005 690 1
2005 792 1
2006 2007 1
2006 345 1
2006 983 1
2007 2030 1
2007 345 1
2007 691 1
2008 2028 1
201 1620 1
201 1793 1
201 1939 1
201 200 1
201 2003 1
201 2079 1
201 2094 1
201 2263 1
201 231 1
2010 1439 1
2010 1709 1
2010 2008 1
2010 23 1
2010 322 1
2010 323 1
2010 952 1
2011 510 1
2012 2013 1
2012 277 1
2013 2052 1
2013 2065 1
2013 416 1
2013 475 1
2014 2015 1
2014 325 1
2014 551 1
2015 1005 1
2015 1021 1
2015 1066 1
2015 304 1
2015 306 1
2015 325 1
2015 354 1
2015 394 1
2015 576 1
2016 1201 1
2016 664 1
2017 2020 1
2017 416 1
2018 2019 1
2019 416 1
2019 443 1
2019 829 1
202 1163 1
202 1195 1
202 1848 1
202 2193 1
202 2235 1
202 2693 1
202 486 1
202 623 1
202 704 1
202 710 1
202 789 1
2020 2021 1
2020 510 1
2021 2018 1
2022 757 1
2023 1082 1
2023 1148 1
2023 2044 1
2023 795 1
2024 1684 1
2024 942 1
2025 1623 1
2025 1624 1
2025 2013 1
2025 2031 1
2025 2161 1
2025 2171 1
2025 277 1
2025 504 1
2026 645 1
2026 753 1
2027 1179 1
2027 2007 1
2028 1439 1
2028 172 1
2028 2010 1
2028 2010 1
2028 2240 1
2028 23 1
2028 323 1
2028 352 1
2028 586 1
2029 757 1
2029 770 1
203 117 1
203 195 1
203 948 1
2030 1105 1
2030 2005 1
2030 2005 1
2030 2007 1
2030 345 1
2030 392 1
2030 470 1
2030 480 1
2030 792 1
2031 2037 1
2031 2171 1
2032 193 1
2032 227 1
2032 2273 1
2032 462 1
2033 2034 1
2034 2046 1
2035 1166 1
2035 1327 1
2035 1684 1
2035 2024 1
2036 1388 1
2036 601 1
2036 66 1
2037 2018 1
2037 510 1
2038 2039 1
2039 2034 1
204 33 1
2040 770 1
2041 1309 1
2041 697 1
2041 763 1
2042 1191 1
2042 2040 1
2042 710 1
2043 2009 1
2043 2032 1
2043 2055 1
2043 725 1
2043 864 1
2044 2040 1
2044 770 1
2044 795 1
2044 96 1
2046 2038 1
2047 261 1
2047 490 1
2047 56 1
2048 2047 1
2048 412 1
2048 490 1
2050 2051 1
2050 2150 1
2051 1099 1
2051 1302 1
2051 1711 1
2051 201 1
2051 201 1
2051 2105 1
2052 1226 1
2052 636 1
2053 2054 1
2053 51 1
2053 896 1
2054 2108 1
2054 2431 1
2055 1082 1
2055 1424 1
2055 2056 1
2055 872 1
2056 2043 1
2056 725 1
2056 864 1
2057 1173 1
2057 1298 1
2057 1431 1
2057 201 1
2057 2063 1
2057 33 1
2057 418 1
2057 638 1
2057 778 1
2058 2059 1
2058 2263 1
2058 901 1
2059 2102 1
2061 2491 1
2062 1284 1
2062 1823 1
2062 197 1
2062 2094 1
2062 2119 1
2062 959 1
2063 2064 1
2063 2066 1
2063 2067 1
2063 2382 1
2064 2123 1
2065 587 1
2065 798 1
2066 2057 1
2066 2078 1
2066 2088 1
2066 2382 1
2067 228 1
2067 33 1
2068 373 1
2068 522 1
2068 728 1
2068 84 1
2069 1608 1
2069 2060 1
2069 2078 1
207 1272 1
207 195 1
207 278 1
207 462 1
207 580 1
207 98 1
2070 2071 1
2070 436 1
2071 1823 1
2071 199 1
2071 2077 1
2071 2078 1
2071 2091 1
2071 255 1
2072 564 1
2073 2074 1
2074 1939 1
2074 199 1
2074 1998 1
2074 1998 1
2075 164 1
2075 2330 1
2075 327 1
2075 715 1
2076 199 1
2076 2074 1
2076 403 1
2076 468 1
2076 883 1
2076 959 1
2076 981 1
2077 2101 1
2078 2077 1
2078 2109 1
2078 2137 1
2079 1033 1
2079 1660 1
2079 1799 1
2079 1925 1
2079 2136 1
2079 2326 1
2079 265 1
2079 968 1
2082 453 1
2083 2063 1
2083 2088 1
2083 2096 1
2084 1993 1
2084 2085 1
2084 2297 1
2084 337 1
2085 165 1
2085 184 1
2085 2084 1
2085 335 1
2085 376 1
2086 1169 1
2086 1197 1
2086 635 1
2086 716 1
2087 2083 1
2087 2119 1
2087 2139 1
2087 2418 1
2087 51 1
2088 2105 1
2088 2111 1
2088 2132 1
2088 2138 1
2089 2116 1
2090 1100 1
2090 2093 1
2091 2057 1
2091 2092 1
2091 809 1
2091 981 1
2092 2087 1
2092 2135 1
2093 1100 1
2093 2133 1
2093 734 1
2094 1631 1
2094 203 1
2094 2071 1
2094 2117 1
2094 981 1
2095 444 1
2095 580 1
2096 2067 1
2096 2097 1
2096 2138 1
2097 1194 1
2097 1466 1
2097 1826 1
2097 2111 1
2097 2112 1
2097 2113 1
2097 436 1
2097 51 1
2098 2099 1
2098 2100 1
2099 228 1
21 1177 1
21 257 1
21 503 1
21 545 1
21 640 1
2100 1998 1
2100 435 1
2100 51 1
2100 883 1
2101 1302 1
2101 2069 1
2101 2094 1
2101 2100 1
2101 2109 1
2101 2115 1
2101 2422 1
2102 286 1
2103 238 1
2103 2465 1
2103 491 1
2103 624 1
2104 1100 1
2104 2093 1
2104 734 1
2105 171 1
2105 2094 1
2105 2431 1
2106 1660 1
2106 200 1
2106 2434 1
2107 2050 1
2107 2076 1
2107 2089 1
2107 2100 1
2107 2110 1
2107 2111 1
2108 1799 1
2108 2003 1
2108 2116 1
2108 2118 1
2108 2418 1
2108 2423 1
2108 435 1
2109 1823 1
2109 2101 1
2109 2444 1
211 1177 1
211 132 1
211 2670 1
211 278 1
211 278 1
211 280 1
211 330 1
211 371 1
211 371 1
211 455 1
211 461 1
211 580 1
211 801 1
211 801 1
211 880 1
211 973 1
2110 2061 1
2110 2112 1
2111 2126 1
2111 959 1
2112 2073 1
2112 228 1
2112 436 1
2113 2137 1
2113 2148 1
2113 2382 1
2113 809 1
2113 896 1
2114 171 1
2114 199 1
2116 1284 1
2116 2091 1
2116 2117 1
2116 2138 1
2116 2402 1
2117 2063 1
2118 2053 1
2119 1380 1
2119 160 1
2119 171 1
2119 1998 1
2119 2074 1
2119 235 1
2119 2404 1
212 120 1
212 2248 1
212 2249 1
2120 2108 1
2120 2121 1
2120 2122 1
2121 2119 1
2121 2126 1
2122 1544 1
2122 2064 1
2122 2073 1
2122 2087 1
2122 2401 1
2123 2091 1
2123 2110 1
2123 2124 1
2125 1608 1
2125 981 1
2126 2083 1
2126 2091 1
2126 2120 1
2126 436 1
2126 809 1
2127 2128 1
2127 2129 1
2129 112 1
2129 502 1
2130 286 1
2131 256 1
2132 203 1
2132 2091 1
2132 2100 1
2132 418 1
2133 2104 1
2133 674 1
2134 164 1
2134 400 1
2134 436 1
2135 171 1
2138 2063 1
2138 2077 1
2138 2105 1
2138 2116 1
2138 2434 1
2139 2422 1
2140 2141 1
2140 572 1
2141 415 1
2142 157 1
2142 164 1
2142 164 1
2142 2329 1
2142 2624 1
2142 627 1
2142 648 1
2143 1826 1
2143 2097 1
2144 415 1
2145 2077 1
2145 2092 1
2145 2101 1
2145 398 1
2145 418 1
2145 436 1
2146 2063 1
2146 2083 1
2146 2135 1
2147 2137 1
2149 1284 1
2149 2111 1
2149 2116 1
2149 2147 1
2149 2150 1
2150 155 1
2150 2069 1
2150 901 1
2151 1166 1
2151 132 1
2151 1328 1
2151 1782 1
2151 2152 1
2151 2189 1
2151 640 1
2152 256 1
2152 385 1
2152 574 1
2153 755 1
2153 765 1
2154 159 1
2154 262 1
2155 1501 1
2155 1536 1
2156 2153 1
2157 2156 1
2158 2159 1
2158 2160 1
2159 820 1
2159 953 1
216 180 1
216 1956 1
216 2268 1
216 25 1
216 29 1
216 910 1
2160 953 1
2161 1971 1
2161 2178 1
2161 407 1
2162 21 1
2162 2151 1
2162 2164 1
2162 2189 1
2163 285 1
2163 714 1
2163 726 1
2163 730 1
2163 773 1
2164 1307 1
2164 1620 1
2164 2174 1
2167 1192 1
2167 1624 1
2167 2162 1
2167 2168 1
2168 2164 1
2168 2172 1
2168 2180 1
2168 2397 1
2168 2398 1
2168 461 1
2169 782 1
2170 149 1
2170 1677 1
2170 2271 1
2170 285 1
2170 456 1
2170 461 1
2170 705 1
2170 736 1
2170 98 1
2171 646 1
2172 1328 1
2172 1819 1
2172 44 1
2172 622 1
2172 789 1
2173 496 1
2173 676 1
2173 885 1
2173 886 1
2173 950 1
2174 148 1
2174 2167 1
2174 2168 1
2174 2678 1
2174 2680 1
2174 42 1
2175 905 1
2176 2177 1
2177 687 1
2178 1675 1
2178 2180 1
2178 260 1
2178 830 1
2178 852 1
2178 943 1
2179 2154 1
2179 2186 1
2179 2305 1
2179 2329 1
2179 2331 1
2179 262 1
2179 774 1
2179 787 1
218 615 1
2180 2172 1
2180 2678 1
2180 921 1
2181 2176 1
2182 2176 1
2182 790 1
2183 820 1
2184 2158 1
2184 2159 1
2184 820 1
2186 2345 1
2186 345 1
2186 649 1
2186 749 1
2186 787 1
2187 1510 1
2188 138 1
2188 387 1
2188 423 1
2188 605 1
2188 605 1
2189 122 1
2189 1307 1
2189 1623 1
2189 202 1
2189 2180 1
219 150 1
219 161 1
219 1928 1
219 2245 1
219 2282 1
219 2537 1
219 824 1
219 878 1
2190 2191 1
2191 2153 1
2193 1211 1
2193 1252 1
2193 2695 1
2193 278 1
2193 462 1
2194 2164 1
2194 421 1
2194 921 1
2195 114 1
2195 127 1
2195 130 1
2195 156 1
2195 40 1
2195 41 1
2195 668 1
2196 1197 1
2196 1317 1
2196 2469 1
2196 2540 1
2196 659 1
2196 827 1
2197 1166 1
2197 1819 1
2197 2167 1
2198 820 1
220 232 1
2200 756 1
2201 2202 1
2203 862 1
2204 905 1
2205 504 1
2205 832 1
2206 2157 1
2207 1640 1
2207 2208 1
2207 2318 1
2207 451 1
2207 55 1
2207 703 1
2208 2211 1
2209 114 1
2209 130 1
2209 269 1
2209 41 1
2209 668 1
2209 713 1
2212 882 1
2213 2202 1
2215 2260 1
2215 547 1
2216 2217 1
2217 2170 1
2218 2219 1
2218 2220 1
2218 249 1
2219 2231 1
2219 249 1
2219 284 1
222 1362 1
222 1955 1
222 232 1
222 2373 1
222 2391 1
222 276 1
222 32 1
2220 1482 1
2220 2264 1
2223 2224 1
2223 327 1
2224 2244 1
2225 2227 1
2226 1298 1
2227 2228 1
2228 2423 1
2229 1235 1
2229 642 1
223 158 1
223 184 1
223 2447 1
2230 2032 1
2230 2215 1
2230 825 1
2231 2272 1
2231 2672 1
2231 399 1
2231 97 1
2233 193 1
2233 432 1
2233 539 1
2233 540 1
2234 2224 1
2235 2246 1
2235 2247 1
2235 2514 1
2235 2677 1
2235 516 1
2236 2266 1
2237 202 1
2237 2238 1
2237 412 1
2237 915 1
2238 1163 1
2238 187 1
2238 2679 1
2238 915 1
2239 863 1
224 1148 1
224 96 1
2240 323 1
2241 1064 1
2241 2501 1
2241 2502 1
2242 1925 1
2242 2243 1
2244 113 1
2244 2362 1
2244 327 1
2244 423 1
2245 1928 1
2245 2278 1
2245 2576 1
2246 1851 1
2246 2266 1
2246 2267 1
2247 1851 1
2247 2236 1
2247 289 1
2247 968 1
2248 2249 1
2249 120 1
2249 184 1
2250 1180 1
2250 1839 1
2250 1853 1
2250 2328 1
2250 237 1
2250 2645 1
2250 376 1
2251 1064 1
2252 2239 1
2252 987 1
2253 2219 1
2253 2220 1
2254 1683 1
2255 189 1
2255 252 1
2255 432 1
2255 539 1
2255 704 1
2256 432 1
2257 1298 1
2258 150 1
2258 2228 1
2259 895 1
226 1027 1
226 1243 1
226 1308 1
226 138 1
226 1791 1
226 183 1
226 2016 1
226 254 1
226 287 1
226 354 1
226 638 1
226 664 1
226 736 1
2261 447 1
2261 455 1
2262 2258 1
2263 1194 1
2263 1675 1
2263 1782 1
2263 1797 1
2263 2126 1
2263 959 1
2264 2253 1
2264 2272 1
2265 2032 1
2265 2222 1
2266 2247 1
2266 2701 1
2267 1851 1
2267 2235 1
2267 2236 1
2267 2266 1
2268 281 1
2268 349 1
2269 988 1
227 1025 1
227 1178 1
227 1283 1
227 130 1
227 1440 1
227 1939 1
227 1976 1
227 1996 1
227 320 1
227 330 1
227 519 1
227 557 1
2270 150 1
2272 284 1
2273 432 1
2274 543 1
2275 2229 1
2275 642 1
2275 917 1
2277 1286 1
2278 1267 1
2278 1925 1
2278 2217 1
2278 2279 1
228 1007 1
228 1025 1
228 1166 1
228 12 1
228 1244 1
228 200 1
228 2050 1
228 2067 1
228 2067 1
228 2139 1
228 276 1
228 436 1
228 447 1
228 542 1
228 803 1
228 981 1
2280 987 1
2281 990 1
2282 1191 1
2282 2320 1
2282 2322 1
2282 2467 1
2282 265 1
2283 2284 1
2283 2285 1
2284 118 1
2284 2295 1
2285 149 1
2285 2304 1
2285 723 1
2286 1674 1
2286 2287 1
2286 2288 1
2287 2288 1
2287 507 1
2287 634 1
2287 840 1
2288 1110 1
2289 1120 1
229 1460 1
229 1928 1
229 227 1
229 455 1
229 637 1
229 956 1
2290 2079 1
2290 2326 1
2291 118 1
2291 1290 1
2292 2293 1
2292 2294 1
2292 2295 1
2293 1033 1
2293 1191 1
2293 2519 1
2294 1033 1
2294 2320 1
2295 1760 1
2295 968 1
2296 2084 1
2296 752 1
2296 786 1
2296 806 1
2297 2296 1
2297 700 1
2297 752 1
2298 1252 1
2298 2299 1
2298 2300 1
2299 1252 1
2299 2300 1
2299 2332 1
23 1439 1
23 172 1
23 2008 1
23 90 1
23 952 1
2300 1252 1
2300 1301 1
2300 1438 1
2300 2316 1
2301 1005 1
2301 1021 1
2301 2303 1
2301 2474 1
2301 2532 1
2301 520 1
2302 2301 1
2302 520 1
2303 1005 1
2303 218 1
2303 2649 1
2303 303 1
2304 1191 1
2305 1075 1
2305 1221 1
2306 160 1
2306 714 1
2307 778 1
2308 2328 1
2308 71 1
2309 1209 1
2309 387 1
2309 423 1
2309 507 1
231 2057 1
231 2131 1
231 278 1
231 30 1
231 44 1
231 486 1
231 653 1
231 654 1
231 936 1
2310 1088 1
2310 2311 1
2310 2312 1
2311 1103 1
2311 1654 1
2311 2349 1
2312 1846 1
2312 2235 1
2312 2349 1
2313 1894 1
2313 2339 1
2313 2664 1
2313 336 1
2314 2311 1
2314 2312 1
2315 1428 1
2315 2299 1
2315 2300 1
2315 2351 1
2316 1301 1
2316 2298 1
2316 2315 1
2316 2332 1
2316 2342 1
2317 1456 1
2317 685 1
2317 819 1
2318 2319 1
2318 2320 1
2319 1212 1
2319 131 1
2319 1927 1
2319 2340 1
2319 2559 1
2319 440 1
232 1191 1
232 124 1
232 231 1
232 2610 1
232 653 1
232 913 1
2320 1950 1
2320 736 1
2321 633 1
2322 1265 1
2322 2291 1
2322 2340 1
2322 55 1
2324 2321 1
2324 2325 1
2324 306 1
2325 2321 1
2325 2343 1
2325 605 1
2326 2278 1
2327 1114 1
2327 2328 1
2327 974 1
2328 1098 1
2328 1136 1
2328 1180 1
2328 1623 1
2328 1839 1
2328 2644 1
2328 2645 1
2329 2305 1
2329 2330 1
2329 2331 1
2330 1221 1
2330 2179 1
2330 576 1
2331 2330 1
2332 1252 1
2332 2300 1
2332 2342 1
2333 1364 1
2333 2170 1
2333 265 1
2333 704 1
2334 2233 1
2334 2336 1
2334 539 1
2335 285 1
2335 714 1
2336 1243 1
2336 432 1
2337 2338 1
2337 749 1
2338 2346 1
2338 2352 1
2339 1782 1
2339 1922 1
234 240 1
234 50 1
234 72 1
2340 2079 1
2340 2207 1
2340 723 1
2341 2353 1
2342 1252 1
2342 1428 1
2342 2298 1
2342 2299 1
2342 2351 1
2343 605 1
2343 633 1
2344 2294 1
2345 2352 1
2346 2186 1
2347 2341 1
2347 2348 1
2347 771 1
2348 2358 1
2348 2366 1
2349 1088 1
2349 1103 1
235 160 1
235 673 1
2351 1252 1
2351 1428 1
2351 1794 1
2351 2299 1
2351 2300 1
2351 2316 1
2351 2332 1
2351 2624 1
2352 2346 1
2352 649 1
2353 157 1
2354 2323 1
2355 2307 1
2355 2356 1
2355 2357 1
2356 2307 1
2356 2357 1
2357 2307 1
2357 2676 1
2358 2359 1
2360 2323 1
2360 2344 1
2360 34 1
2361 1674 1
2361 2286 1
2361 507 1
2361 634 1
2363 157 1
2363 2353 1
2363 771 1
2364 1635 1
2364 1635 1
2364 1839 1
2364 1853 1
2364 2250 1
2364 2328 1
2364 237 1
2365 1831 1
2367 2368 1
2367 2369 1
2367 893 1
2368 2369 1
2368 941 1
2369 122 1
2369 2379 1
2369 892 1
2369 941 1
237 1085 1
237 1180 1
237 153 1
237 2172 1
237 2174 1
237 2350 1
237 256 1
237 449 1
237 487 1
237 71 1
237 98 1
2370 1251 1
2370 1750 1
2371 1035 1
2371 2372 1
2371 2373 1
2371 704 1
2371 721 1
2372 222 1
2372 2391 1
2373 2391 1
2373 77 1
2374 1234 1
2374 2005 1
2374 2005 1
2374 2007 1
2374 2030 1
2374 2392 1
2374 481 1
2375 459 1
2376 193 1
2376 2377 1
2377 1132 1
2378 202 1
2378 2664 1
2378 2691 1
2378 432 1
2379 2367 1
2379 2368 1
238 1476 1
238 2252 1
238 549 1
238 720 1
238 741 1
238 789 1
238 915 1
2380 1099 1
2380 2143 1
2380 500 1
2381 2375 1
2381 252 1
2382 200 1
2382 621 1
2383 320 1
2384 463 1
2385 1566 1
2386 2089 1
2387 161 1
2388 1257 1
2388 1329 1
2388 1430 1
2388 2389 1
2389 202 1
2389 2435 1
239 161 1
239 2387 1
2390 977 1
2391 1362 1
2391 2371 1
2391 2468 1
2392 2005 1
2392 2005 1
2392 2030 1
2392 2374 1
2393 1361 1
2393 1750 1
2394 2083 1
2394 2150 1
2395 1624 1
2395 1917 1
2395 1971 1
2395 2151 1
2395 514 1
2396 1093 1
2396 1239 1
2396 925 1
2399 1228 1
24 1882 1
24 2009 1
24 462 1
24 733 1
2400 1393 1
2401 2402 1
2402 2120 1
2405 1283 1
2407 2381 1
2408 2375 1
2408 2407 1
2409 1007 1
2409 1104 1
2409 1283 1
241 184 1
2410 196 1
2411 400 1
2412 1108 1
2412 1109 1
2412 1117 1
2413 172 1
2413 2416 1
2414 449 1
2415 2132 1
2416 2413 1
2416 566 1
2417 1589 1
2417 834 1
2418 1835 1
2418 1939 1
2419 362 1
242 1191 1
242 1220 1
242 1257 1
242 14 1
242 1408 1
242 1578 1
242 1827 1
242 2453 1
242 2611 1
242 2668 1
242 2669 1
242 673 1
242 685 1
2421 2408 1
2421 2420 1
2422 1544 1
2422 2054 1
2422 2431 1
2423 2121 1
2424 1675 1
2424 2309 1
2424 2425 1
2425 139 1
2425 895 1
2427 1431 1
2427 711 1
2428 1631 1
2428 2062 1
2430 159 1
2430 1959 1
2430 721 1
2433 834 1
2434 2051 1
2434 2394 1
2435 2370 1
2435 2432 1
2436 1495 1
2437 393 1
2437 477 1
2438 1495 1
2438 2398 1
2438 2427 1
2439 2406 1
244 1049 1
244 1941 1
244 1947 1
2440 2442 1
2440 459 1
2442 1362 1
2442 1415 1
2442 459 1
2443 2632 1
2445 2057 1
2445 2263 1
2447 1566 1
2447 158 1
2447 184 1
2447 771 1
2448 2092 1
2448 2118 1
2448 2150 1
245 33 1
2450 807 1
2451 1789 1
2451 2452 1
2451 2453 1
2452 1251 1
2452 1552 1
2452 1553 1
2453 1488 1
2453 1827 1
2453 242 1
2453 2492 1
2453 2611 1
2453 2669 1
2455 2613 1
2456 234 1
2457 1472 1
2457 310 1
2458 1364 1
2458 2459 1
2458 823 1
2459 1430 1
246 138 1
246 1819 1
246 1819 1
246 186 1
246 2252 1
246 231 1
246 287 1
246 330 1
246 330 1
246 460 1
246 549 1
246 583 1
246 609 1
2460 1809 1
2461 2061 1
2462 1915 1
2464 2371 1
2465 1645 1
2466 1110 1
2466 1578 1
2466 1880 1
2466 1885 1
2467 1647 1
2467 2245 1
2467 2468 1
2468 2530 1
2469 1524 1
2469 1937 1
2469 2563 1
2470 2487 1
2471 1277 1
2471 2461 1
2472 1842 1
2473 1005 1
2473 218 1
2473 2301 1
2473 2474 1
2473 2649 1
2473 513 1
2474 1005 1
2474 2532 1
2475 1590 1
2475 2461 1
2476 2477 1
2476 2478 1
248 1962 1
248 2556 1
248 283 1
248 318 1
2480 227 1
2481 1807 1
2484 1618 1
2486 1569 1
2486 2539 1
2488 2468 1
2489 161 1
2489 1920 1
2489 929 1
249 2220 1
2490 1753 1
2490 2491 1
2491 1785 1
2494 1648 1
2495 1400 1
2496 2291 1
2497 1758 1
2497 204 1
2498 1349 1
2498 1487 1
2498 2499 1
2498 2500 1
25 2268 1
25 315 1
25 910 1
2500 1704 1
2500 1757 1
2501 2282 1
2503 1285 1
2503 1556 1
2503 2504 1
2503 2505 1
2503 2506 1
2503 658 1
2503 848 1
2504 2506 1
2504 658 1
2506 1285 1
2506 1285 1
2506 2503 1
2506 2665 1
2506 2684 1
2506 848 1
2507 1897 1
2508 1277 1
2508 1785 1
2509 2512 1
251 140 1
251 1935 1
251 2068 1
251 563 1
251 566 1
251 659 1
251 66 1
2510 1267 1
2511 2486 1
2512 2513 1
2513 2601 1
2515 721 1
2516 2517 1
2517 1371 1
2518 1488 1
2518 1645 1
2519 2520 1
252 1525 1
252 1581 1
252 1581 1
252 1609 1
252 1819 1
252 1898 1
252 1903 1
252 246 1
252 362 1
252 439 1
252 462 1
252 730 1
2520 219 1
2520 2646 1
2521 2371 1
2521 2464 1
2522 1910 1
2522 2567 1
2522 560 1
2523 1657 1
2523 546 1
2524 2525 1
2526 2527 1
2527 2628 1
2527 2629 1
2528 1910 1
253 240 1
253 463 1
2531 1654 1
2532 2473 1
2533 1291 1
2534 1576 1
2535 2462 1
2536 1147 1
2537 161 1
2537 1928 1
2537 2538 1
2538 219 1
2538 2537 1
2538 2646 1
254 275 1
2540 1317 1
2540 1937 1
2540 2469 1
2540 496 1
2542 1026 1
2542 1151 1
2542 2462 1
2542 2543 1
2544 1360 1
2545 655 1
2546 1927 1
2546 2547 1
2546 2548 1
255 1430 1
255 1460 1
255 1750 1
255 24 1
255 64 1
2550 1036 1
2551 1758 1
2551 2484 1
2551 2510 1
2552 2553 1
2552 2554 1
2554 2571 1
2555 1908 1
2555 783 1
2556 1009 1
2557 579 1
2558 1629 1
2558 1927 1
2559 1582 1
2559 2494 1
256 1016 1
256 1027 1
256 1104 1
256 135 1
256 1418 1
256 204 1
256 2057 1
256 226 1
256 287 1
256 35 1
256 418 1
256 486 1
256 486 1
256 704 1
256 841 1
256 901 1
2560 1311 1
2560 1606 1
2560 1640 1
2560 2558 1
2560 703 1
2561 1740 1
2562 1590 1
2563 1842 1
2564 2529 1
2565 1701 1
2565 464 1
2566 2489 1
2567 1418 1
2567 189 1
2568 118 1
2568 2550 1
2569 1488 1
2569 1645 1
2569 2518 1
2569 514 1
257 13 1
257 187 1
257 1942 1
257 207 1
257 256 1
257 322 1
257 467 1
257 6 1
257 64 1
257 67 1
257 70 1
257 778 1
257 801 1
2570 1191 1
2570 131 1
2570 2245 1
2570 2571 1
2571 2488 1
2572 1562 1
2572 189 1
2573 1910 1
2573 2516 1
2574 2531 1
2575 2516 1
2576 2278 1
2577 2467 1
2577 2525 1
2577 2570 1
2579 173 1
258 1007 1
258 1899 1
2580 2542 1
2581 2574 1
2581 685 1
2583 2525 1
2584 2049 1
2584 2585 1
2587 1886 1
2587 1895 1
2588 1317 1
2588 1361 1
2588 409 1
2589 2590 1
259 1364 1
259 175 1
259 467 1
259 70 1
259 90 1
2590 2617 1
2592 2577 1
2593 2283 1
2595 2596 1
2597 1668 1
2598 1167 1
2598 2457 1
2598 310 1
2598 819 1
2598 9 1
2598 91 1
2599 2493 1
260 1029 1
260 1186 1
260 383 1
260 537 1
2600 1364 1
2602 1917 1
2603 879 1
2604 2485 1
2604 2605 1
2605 39 1
2606 2527 1
2607 2538 1
2608 1141 1
2609 1430 1
261 138 1
261 2031 1
261 2048 1
261 2140 1
261 252 1
261 256 1
261 477 1
261 490 1
261 530 1
261 563 1
261 736 1
261 798 1
2611 1827 1
2611 242 1
2611 2453 1
2611 2590 1
2611 2612 1
2611 2669 1
2614 1583 1
2614 1747 1
2614 1778 1
2614 2207 1
2615 161 1
2616 551 1
2617 1430 1
2617 2611 1
2617 2618 1
2618 1311 1
2618 1629 1
2619 1368 1
2619 1807 1
262 159 1
2620 1809 1
2621 1737 1
2621 2622 1
2623 131 1
2624 1283 1
2624 1328 1
2624 1623 1
2624 2134 1
2624 627 1
2624 676 1
2625 229 1
2626 1281 1
2626 703 1
2627 1737 1
263 1211 1
263 961 1
2631 1036 1
2631 1589 1
2631 2472 1
2633 214 1
2634 1344 1
2635 1047 1
2636 49 1
2639 1291 1
264 1707 1
264 1813 1
264 2573 1
264 457 1
264 79 1
264 808 1
264 819 1
264 849 1
264 915 1
2640 2641 1
2642 109 1
2642 143 1
2642 57 1
2643 622 1
2644 1186 1
2644 1623 1
2644 1853 1
2644 2328 1
2644 71 1
2645 2364 1
2646 219 1
2646 2537 1
2647 1566 1
2647 334 1
2647 833 1
2648 2643 1
2649 1005 1
2649 513 1
2649 615 1
265 1925 1
265 1925 1
265 1950 1
265 2291 1
265 2667 1
265 542 1
2650 1239 1
2650 1500 1
2650 1829 1
2650 57 1
2651 1470 1
2651 1967 1
2651 339 1
2651 59 1
2652 2653 1
2654 1869 1
2655 1020 1
2655 1623 1
2655 1924 1
2656 1131 1
2658 1398 1
2660 1327 1
2661 1327 1
2661 2110 1
2663 651 1
2664 1163 1
2664 2247 1
2665 2666 1
2666 2684 1
2666 2685 1
2667 1466 1
2667 2079 1
2668 1827 1
2668 242 1
2669 1827 1
2669 242 1
2669 2453 1
2669 2611 1
267 216 1
267 2268 1
267 25 1
267 315 1
267 999 1
2670 211 1
2671 573 1
2672 399 1
2672 97 1
2673 1851 1
2673 2674 1
2675 2357 1
2675 2676 1
2676 2506 1
2676 2665 1
2676 2666 1
2677 202 1
2677 2378 1
2678 2162 1
2679 2688 1
2680 2395 1
2681 2692 1
2681 396 1
2681 765 1
2681 782 1
2682 2168 1
2683 2703 1
2684 2357 1
2684 2665 1
2684 2676 1
2685 2357 1
2685 2665 1
2685 2675 1
2685 2684 1
2686 1211 1
2686 2193 1
2686 263 1
2686 2673 1
2686 449 1
2687 300 1
2687 482 1
2688 1212 1
2688 2689 1
269 152 1
269 40 1
269 712 1
2690 1113 1
2690 1963 1
2690 2681 1
2690 782 1
2692 396 1
2692 765 1
2692 782 1
2693 2694 1
2695 2674 1
2695 573 1
2696 1846 1
2697 1313 1
2697 1812 1
2698 2673 1
2698 2691 1
2698 2695 1
2698 968 1
2699 2231 1
2699 399 1
2700 202 1
2700 2701 1
2702 2703 1
2702 968 1
2703 2694 1
2704 2235 1
2704 961 1
2705 2704 1
2705 961 1
2706 1851 1
2706 2313 1
2706 2705 1
2706 289 1
2707 1846 1
2707 2688 1
2708 2689 1
275 1041 1
275 1154 1
275 1243 1
275 13 1
275 255 1
275 278 1
275 287 1
275 440 1
275 487 1
275 545 1
275 580 1
275 724 1
275 801 1
275 918 1
275 98 1
275 98 1
276 207 1
276 64 1
277 140 1
277 1675 1
277 2 1
277 2019 1
277 2065 1
277 237 1
277 261 1
277 400 1
277 523 1
277 545 1
278 1202 1
278 132 1
278 1675 1
278 1928 1
278 211 1
278 226 1
278 228 1
278 257 1
278 371 1
278 455 1
278 53 1
278 580 1
278 580 1
278 580 1
278 659 1
278 676 1
278 92 1
278 98 1
28 174 1
28 182 1
28 517 1
280 1245 1
280 275 1
280 278 1
280 580 1
280 98 1
281 1114 1
281 216 1
281 224 1
281 267 1
281 28 1
281 349 1
281 354 1
281 999 1
283 1841 1
283 1974 1
283 1991 1
283 1991 1
283 620 1
283 826 1
285 1210 1
285 1440 1
285 146 1
285 149 1
285 1677 1
285 2163 1
285 2306 1
285 329 1
285 418 1
285 436 1
285 692 1
285 714 1
285 726 1
285 730 1
285 730 1
285 741 1
285 842 1
285 874 1
285 9 1
285 961 1
286 1099 1
286 1793 1
286 201 1
287 1027 1
287 1041 1
287 1055 1
287 1104 1
287 195 1
287 28 1
287 622 1
287 623 1
287 627 1
287 724 1
289 1308 1
289 2694 1
289 2704 1
289 573 1
29 131 1
29 77 1
291 203 1
291 232 1
291 948 1
299 1938 1
299 2032 1
299 246 1
299 462 1
299 65 1
3 1 1
3 1472 1
3 808 1
3 9 1
30 232 1
30 654 1
300 1195 1
300 1222 1
300 1328 1
300 1675 1
300 1793 1
300 1820 1
300 1959 1
300 301 1
300 335 1
300 715 1
301 1221 1
301 164 1
301 2075 1
301 300 1
301 648 1
302 159 1
302 159 1
302 2075 1
302 301 1
302 648 1
303 2301 1
303 2302 1
303 520 1
304 2014 1
304 306 1
304 551 1
304 576 1
306 2014 1
306 2321 1
306 2325 1
306 2343 1
306 576 1
31 1933 1
31 333 1
310 1167 1
310 1470 1
310 1472 1
310 1566 1
310 1973 1
310 2647 1
310 3 1
310 57 1
310 9 1
310 91 1
312 1969 1
312 1980 1
314 145 1
314 1818 1
314 1839 1
314 94 1
315 216 1
315 281 1
315 999 1
318 1962 1
318 283 1
318 366 1
32 276 1
32 440 1
32 483 1
32 676 1
32 803 1
32 886 1
32 886 1
32 922 1
320 2383 1
320 323 1
320 329 1
320 547 1
321 1837 1
321 1970 1
321 312 1
321 358 1
322 14 1
322 1439 1
322 1440 1
322 172 1
322 2008 1
322 23 1
322 330 1
322 352 1
322 371 1
322 467 1
322 90 1
322 952 1
323 1709 1
323 2 1
323 320 1
324 1294 1
324 132 1
324 588 1
325 2015 1
325 304 1
327 1221 1
327 158 1
327 1973 1
327 2224 1
327 2234 1
327 301 1
327 310 1
327 354 1
329 285 1
329 320 1
33 1194 1
33 1608 1
33 188 1
33 2061 1
33 2067 1
33 61 1
33 75 1
33 922 1
330 1177 1
330 1364 1
330 1397 1
330 1657 1
330 17 1
330 1791 1
330 2178 1
330 2395 1
330 257 1
330 461 1
330 789 1
330 798 1
330 852 1
330 913 1
330 943 1
330 968 1
333 1838 1
333 1931 1
333 299 1
334 158 1
334 1971 1
334 310 1
334 327 1
334 455 1
334 647 1
334 79 1
335 120 1
335 159 1
335 164 1
335 164 1
335 1820 1
335 186 1
335 2179 1
335 2329 1
335 455 1
335 519 1
336 1782 1
336 2339 1
336 758 1
337 2296 1
337 806 1
339 109 1
339 143 1
339 1965 1
339 1966 1
339 1967 1
339 1967 1
339 2642 1
339 2651 1
339 59 1
339 87 1
34 1760 1
340 360 1
341 1969 1
341 1970 1
341 578 1
345 1145 1
345 2005 1
345 2179 1
345 2374 1
345 260 1
345 383 1
349 216 1
349 25 1
349 267 1
349 315 1
349 999 1
352 14 1
352 1439 1
352 172 1
352 172 1
352 2008 1
352 330 1
352 467 1
352 67 1
352 684 1
352 790 1
352 842 1
352 90 1
352 952 1
353 345 1
354 158 1
354 165 1
354 178 1
354 199 1
354 262 1
354 2647 1
354 334 1
354 552 1
354 79 1
356 1110 1
356 122 1
356 1333 1
356 148 1
356 2252 1
356 538 1
356 610 1
356 863 1
357 289 1
358 1980 1
358 312 1
358 341 1
359 2420 1
359 2421 1
359 362 1
36 163 1
36 201 1
36 207 1
36 956 1
360 108 1
360 1713 1
360 1951 1
360 464 1
362 122 1
362 2421 1
364 1169 1
364 1554 1
364 635 1
364 716 1
364 914 1
366 248 1
366 593 1
369 1589 1
37 1049 1
371 1021 1
371 1202 1
371 132 1
371 1523 1
371 2028 1
371 211 1
371 211 1
371 278 1
371 280 1
371 466 1
371 482 1
371 580 1
371 580 1
371 636 1
371 74 1
371 801 1
371 92 1
371 952 1
372 1624 1
372 455 1
372 560 1
372 827 1
373 1148 1
373 224 1
373 281 1
373 737 1
373 74 1
375 376 1
376 1180 1
376 2084 1
376 2232 1
376 2296 1
376 797 1
376 806 1
383 1205 1
383 122 1
383 1220 1
383 66 1
383 842 1
384 1264 1
384 1344 1
384 1619 1
384 228 1
384 676 1
385 1294 1
385 1676 1
385 2168 1
385 2393 1
385 2395 1
385 2409 1
385 278 1
385 537 1
385 622 1
385 640 1
385 651 1
387 1307 1
387 150 1
387 202 1
387 2167 1
387 2188 1
387 421 1
387 423 1
387 579 1
387 579 1
389 2052 1
39 2493 1
39 788 1
392 1203 1
392 1213 1
392 1234 1
392 2005 1
392 470 1
392 688 1
392 747 1
392 792 1
392 792 1
392 958 1
393 1203 1
393 1220 1
393 242 1
393 392 1
393 42 1
393 477 1
393 747 1
394 166 1
394 325 1
396 1153 1
396 1623 1
396 1636 1
396 2655 1
396 2690 1
396 765 1
398 2094 1
399 975 1
40 152 1
40 68 1
40 712 1
400 1178 1
400 1571 1
400 1883 1
400 251 1
400 574 1
400 635 1
403 1950 1
403 228 1
407 2152 1
407 2164 1
407 557 1
407 827 1
409 1524 1
409 1532 1
409 2472 1
41 152 1
41 2531 1
41 269 1
41 40 1
41 68 1
41 712 1
412 202 1
412 2047 1
412 261 1
412 56 1
412 915 1
415 2081 1
416 477 1
416 798 1
416 831 1
418 1963 1
418 201 1
418 2066 1
418 256 1
418 436 1
418 809 1
418 9 1
418 961 1
418 981 1
42 1257 1
42 1571 1
42 1623 1
42 1624 1
42 2437 1
42 477 1
421 1195 1
421 1675 1
421 237 1
421 53 1
421 577 1
421 610 1
421 646 1
421 851 1
423 202 1
423 2223 1
423 2234 1
423 327 1
423 387 1
423 579 1
423 851 1
429 285 1
429 726 1
430 519 1
430 543 1
432 2032 1
432 2222 1
432 2334 1
432 2400 1
432 540 1
432 557 1
435 1631 1
435 177 1
435 200 1
435 2062 1
435 2067 1
435 2089 1
435 418 1
435 901 1
436 1194 1
436 1440 1
436 1963 1
436 1998 1
436 2079 1
436 2107 1
436 2107 1
436 2109 1
436 2263 1
436 874 1
436 959 1
436 981 1
437 2012 1
439 1183 1
439 124 1
439 132 1
439 1791 1
439 54 1
439 98 1
44 1117 1
44 190 1
44 2161 1
44 2162 1
44 260 1
44 736 1
440 149 1
440 1791 1
440 211 1
440 2291 1
440 2426 1
440 467 1
440 801 1
440 803 1
440 882 1
441 990 1
443 2017 1
443 2068 1
443 564 1
443 580 1
443 609 1
443 844 1
444 466 1
445 112 1
445 1187 1
445 1529 1
445 415 1
445 477 1
445 491 1
446 1177 1
446 1839 1
446 1853 1
446 1924 1
446 2328 1
446 2644 1
446 392 1
446 393 1
446 516 1
446 573 1
446 720 1
447 1489 1
447 211 1
447 574 1
447 601 1
447 623 1
447 800 1
447 983 1
448 2522 1
448 807 1
448 874 1
449 2152 1
449 2313 1
449 246 1
449 2673 1
449 2674 1
449 2706 1
449 371 1
449 538 1
449 569 1
45 643 1
450 1619 1
450 897 1
450 92 1
451 1311 1
451 2559 1
451 450 1
451 92 1
452 1480 1
452 1562 1
452 450 1
452 451 1
453 1483 1
453 1828 1
453 2650 1
453 88 1
455 1108 1
455 1177 1
455 186 1
455 226 1
455 256 1
455 447 1
455 458 1
455 461 1
455 487 1
455 537 1
455 659 1
455 968 1
456 1025 1
456 1104 1
456 1112 1
456 1257 1
456 2193 1
456 2671 1
456 34 1
456 487 1
456 560 1
456 579 1
456 579 1
456 913 1
456 968 1
457 1191 1
457 1505 1
457 384 1
457 849 1
458 275 1
458 560 1
458 741 1
459 1025 1
459 1055 1
459 1622 1
459 2407 1
459 277 1
459 467 1
459 569 1
459 569 1
460 330 1
460 461 1
460 583 1
460 741 1
460 758 1
460 861 1
461 124 1
461 185 1
461 202 1
461 246 1
461 2465 1
461 252 1
461 255 1
461 299 1
461 462 1
461 537 1
461 56 1
461 623 1
461 692 1
462 1408 1
462 2045 1
462 226 1
462 242 1
462 246 1
462 2643 1
462 330 1
462 330 1
462 400 1
462 460 1
462 523 1
462 583 1
462 742 1
462 758 1
462 798 1
463 1033 1
463 1799 1
463 1930 1
463 253 1
464 2556 1
464 987 1
464 997 1
465 1308 1
465 496 1
465 537 1
465 557 1
465 610 1
465 852 1
466 2095 1
466 564 1
466 586 1
466 74 1
467 1013 1
467 1267 1
467 172 1
467 32 1
467 330 1
467 330 1
467 330 1
467 545 1
467 659 1
467 676 1
467 704 1
467 736 1
467 882 1
467 952 1
467 968 1
468 2174 1
468 252 1
468 496 1
468 676 1
468 950 1
47 152 1
47 227 1
47 275 1
47 878 1
470 2005 1
470 689 1
470 792 1
471 1212 1
475 126 1
475 2011 1
476 1013 1
477 2012 1
479 2521 1
48 133 1
48 2311 1
480 2374 1
480 2392 1
480 2393 1
480 690 1
482 1007 1
482 1245 1
482 1867 1
482 1971 1
482 227 1
482 237 1
482 261 1
482 2682 1
482 503 1
482 53 1
482 586 1
482 673 1
482 704 1
483 2057 1
483 384 1
483 440 1
483 450 1
483 456 1
483 500 1
483 798 1
483 803 1
483 882 1
485 2411 1
485 400 1
486 1296 1
486 482 1
486 656 1
486 731 1
486 777 1
486 830 1
487 1025 1
487 1178 1
487 124 1
487 278 1
487 385 1
487 458 1
487 579 1
487 720 1
487 736 1
488 1969 1
488 1970 1
488 341 1
49 131 1
49 220 1
49 28 1
490 193 1
490 412 1
490 74 1
491 2080 1
491 2081 1
495 160 1
495 289 1
495 638 1
496 1307 1
496 1733 1
496 32 1
496 546 1
496 731 1
497 1027 1
497 130 1
497 1976 1
497 1986 1
497 1996 1
497 21 1
497 227 1
497 446 1
497 516 1
497 710 1
50 1942 1
50 253 1
50 35 1
500 1257 1
500 1619 1
500 200 1
500 2076 1
500 2097 1
500 2107 1
500 2113 1
500 2448 1
500 384 1
500 467 1
500 731 1
500 741 1
500 900 1
502 56 1
502 653 1
503 1109 1
503 1117 1
503 190 1
503 487 1
503 519 1
503 537 1
503 545 1
503 569 1
503 586 1
503 66 1
503 98 1
504 2171 1
504 2321 1
504 2324 1
504 2325 1
504 421 1
504 590 1
504 646 1
504 832 1
505 1972 1
507 1110 1
507 2288 1
507 2624 1
507 407 1
507 640 1
51 138 1
51 197 1
51 2003 1
51 2057 1
51 2067 1
51 255 1
51 47 1
51 638 1
510 190 1
510 251 1
513 2474 1
513 615 1
514 1327 1
514 300 1
516 1027 1
516 1203 1
516 1654 1
516 1741 1
516 1810 1
516 623 1
517 1947 1
519 1177 1
519 186 1
519 497 1
519 623 1
519 655 1
519 673 1
519 684 1
519 778 1
519 862 1
519 913 1
520 2303 1
521 2193 1
522 443 1
522 519 1
523 251 1
523 563 1
523 609 1
523 829 1
525 579 1
53 126 1
53 1533 1
53 207 1
53 226 1
53 2578 1
53 62 1
530 2081 1
536 1166 1
536 1794 1
536 2024 1
536 2035 1
536 514 1
536 638 1
537 1108 1
537 1676 1
537 252 1
537 280 1
537 456 1
537 465 1
537 487 1
537 580 1
537 610 1
537 623 1
537 801 1
537 852 1
537 92 1
538 132 1
538 2188 1
538 330 1
538 504 1
538 605 1
538 827 1
539 2221 1
539 2222 1
539 432 1
539 543 1
54 621 1
540 2336 1
540 557 1
542 1302 1
542 1343 1
542 1466 1
542 1505 1
542 2079 1
542 2667 1
542 387 1
542 931 1
543 1243 1
543 2233 1
545 1016 1
545 1151 1
545 1195 1
545 124 1
545 275 1
545 461 1
545 497 1
545 583 1
545 913 1
545 952 1
546 1186 1
546 1267 1
546 1657 1
546 1771 1
546 1791 1
547 193 1
549 1576 1
549 196 1
549 2410 1
55 2319 1
551 306 1
551 576 1
552 1005 1
552 2015 1
552 325 1
555 572 1
556 952 1
557 147 1
557 1791 1
557 1929 1
557 2191 1
557 2334 1
557 2336 1
557 465 1
557 47 1
557 543 1
557 573 1
557 610 1
557 62 1
557 66 1
557 682 1
557 692 1
557 852 1
558 938 1
56 193 1
56 2048 1
56 261 1
56 462 1
56 798 1
560 1112 1
560 1117 1
560 1202 1
560 126 1
560 246 1
560 2480 1
560 455 1
560 487 1
560 487 1
560 64 1
560 720 1
560 741 1
563 124 1
563 187 1
563 2021 1
563 2168 1
563 251 1
563 277 1
563 468 1
563 477 1
563 537 1
563 545 1
563 560 1
563 566 1
563 731 1
563 914 1
566 172 1
566 2103 1
566 2416 1
566 684 1
567 2017 1
567 2019 1
567 684 1
569 1243 1
569 1397 1
569 2026 1
569 2032 1
569 2152 1
569 2440 1
569 252 1
569 299 1
569 459 1
569 460 1
569 462 1
569 507 1
569 728 1
57 1829 1
57 1965 1
57 1966 1
57 339 1
57 453 1
57 907 1
570 2591 1
573 1027 1
573 2200 1
573 2309 1
573 467 1
573 476 1
573 497 1
573 557 1
573 66 1
573 880 1
573 913 1
573 913 1
574 1056 1
574 1883 1
574 211 1
574 2261 1
574 455 1
574 485 1
574 496 1
574 721 1
574 92 1
576 787 1
577 421 1
577 504 1
577 610 1
577 646 1
577 92 1
578 1969 1
578 1970 1
578 358 1
578 488 1
579 1112 1
579 1976 1
579 465 1
579 545 1
579 586 1
579 60 1
579 623 1
579 635 1
579 736 1
579 736 1
58 1483 1
580 132 1
580 211 1
580 211 1
580 278 1
580 322 1
580 352 1
580 371 1
580 440 1
580 519 1
580 595 1
580 637 1
580 801 1
580 84 1
583 1027 1
583 1819 1
583 1976 1
583 2429 1
583 252 1
583 299 1
583 461 1
583 545 1
583 549 1
583 569 1
583 621 1
583 92 1
586 1675 1
586 2 1
586 322 1
586 371 1
586 373 1
586 444 1
586 545 1
586 563 1
586 6 1
586 67 1
586 913 1
587 56 1
588 324 1
588 817 1
588 946 1
588 977 1
588 978 1
589 1991 1
589 248 1
589 318 1
589 366 1
59 1470 1
59 1483 1
59 1722 1
59 1966 1
59 2651 1
59 339 1
59 339 1
590 605 1
590 851 1
593 1962 1
593 1974 1
593 1992 1
593 283 1
593 318 1
593 589 1
595 1555 1
595 1665 1
595 1675 1
595 1849 1
595 237 1
595 2557 1
595 2638 1
595 461 1
595 62 1
595 623 1
595 652 1
595 654 1
595 725 1
595 879 1
597 1587 1
6 257 1
6 586 1
60 107 1
60 1701 1
60 2495 1
601 2036 1
601 211 1
601 2261 1
601 455 1
601 574 1
601 623 1
601 66 1
601 885 1
605 2188 1
605 2324 1
605 306 1
605 387 1
605 504 1
605 538 1
605 577 1
605 633 1
609 2019 1
609 519 1
609 852 1
61 104 1
61 275 1
61 75 1
61 90 1
610 1927 1
610 1971 1
610 257 1
610 421 1
610 537 1
610 545 1
610 557 1
610 577 1
610 579 1
610 852 1
610 92 1
62 1623 1
62 188 1
62 2164 1
62 257 1
62 278 1
62 64 1
62 664 1
62 742 1
620 825 1
621 199 1
621 2076 1
621 2132 1
621 231 1
621 260 1
621 275 1
621 324 1
621 439 1
621 500 1
621 641 1
621 913 1
621 92 1
621 981 1
622 2178 1
622 2393 1
622 583 1
622 830 1
622 921 1
623 130 1
623 1623 1
623 1675 1
623 190 1
623 211 1
623 2261 1
623 2605 1
623 263 1
623 387 1
623 421 1
623 423 1
623 455 1
623 461 1
623 519 1
623 53 1
623 537 1
623 605 1
623 704 1
624 2140 1
627 1623 1
627 449 1
627 731 1
633 2324 1
633 2325 1
633 306 1
633 504 1
634 1110 1
634 840 1
635 1197 1
635 1546 1
635 1554 1
635 1571 1
635 456 1
635 885 1
636 566 1
636 684 1
636 829 1
637 1131 1
637 1160 1
637 1202 1
637 1202 1
637 124 1
637 1505 1
637 2235 1
637 2455 1
637 507 1
637 731 1
637 778 1
638 1173 1
638 1186 1
638 2053 1
638 641 1
638 664 1
639 1015 1
639 1103 1
64 1257 1
64 188 1
64 207 1
64 2152 1
64 257 1
64 462 1
64 465 1
64 742 1
64 956 1
640 1173 1
640 1257 1
640 1328 1
640 2687 1
640 638 1
640 664 1
640 778 1
641 1103 1
641 1137 1
641 1695 1
641 621 1
641 664 1
642 917 1
643 14 1
643 1557 1
643 330 1
643 45 1
645 753 1
646 2031 1
646 2188 1
646 387 1
646 623 1
646 832 1
647 120 1
647 159 1
647 164 1
648 1195 1
648 2075 1
648 2330 1
648 337 1
648 740 1
649 164 1
649 1820 1
649 2297 1
649 2338 1
649 2345 1
649 749 1
65 1838 1
65 1931 1
65 2387 1
65 239 1
65 333 1
650 1186 1
651 1174 1
651 487 1
651 537 1
652 674 1
653 1398 1
653 1869 1
653 30 1
653 371 1
653 482 1
653 502 1
653 654 1
653 655 1
654 124 1
654 874 1
655 124 1
655 232 1
655 30 1
655 654 1
656 2021 1
656 2193 1
656 372 1
656 400 1
656 778 1
658 1285 1
658 1556 1
658 2503 1
659 1212 1
659 1264 1
659 1645 1
659 2370 1
659 455 1
659 519 1
659 573 1
659 66 1
659 673 1
659 777 1
659 880 1
66 1388 1
66 1638 1
66 2036 1
66 2151 1
66 560 1
66 601 1
66 621 1
66 952 1
661 1100 1
661 1793 1
661 2643 1
661 841 1
664 1041 1
664 1201 1
664 1695 1
664 1928 1
664 2057 1
664 207 1
664 228 1
664 275 1
664 287 1
664 33 1
664 418 1
664 70 1
664 714 1
665 1234 1
665 1748 1
668 114 1
668 127 1
668 156 1
668 269 1
668 40 1
668 41 1
668 712 1
67 172 1
67 172 1
67 2028 1
67 23 1
67 322 1
67 330 1
67 352 1
67 371 1
67 467 1
670 2367 1
670 2379 1
671 1480 1
671 803 1
673 1131 1
673 1581 1
673 2193 1
673 335 1
673 455 1
673 458 1
673 649 1
673 659 1
673 777 1
674 2090 1
674 2104 1
674 734 1
675 1280 1
676 1791 1
676 32 1
676 32 1
676 440 1
676 447 1
676 476 1
676 496 1
676 803 1
676 803 1
676 882 1
676 886 1
676 898 1
676 913 1
676 950 1
68 130 1
68 2195 1
68 668 1
68 713 1
682 2200 1
684 1195 1
684 352 1
684 372 1
684 437 1
684 466 1
684 497 1
684 563 1
684 563 1
684 579 1
685 1151 1
685 1170 1
685 128 1
685 1350 1
685 1897 1
685 393 1
685 819 1
685 976 1
687 799 1
688 1234 1
688 1935 1
689 1050 1
689 1054 1
689 1219 1
689 1883 1
689 1984 1
689 2030 1
689 392 1
689 958 1
690 2392 1
690 792 1
691 2005 1
691 2030 1
692 1210 1
692 1434 1
692 1677 1
692 1934 1
692 285 1
692 429 1
692 665 1
692 714 1
692 726 1
692 730 1
694 1191 1
694 161 1
697 1309 1
697 2044 1
70 245 1
700 752 1
700 787 1
703 1606 1
704 182 1
704 189 1
704 1927 1
704 2521 1
704 387 1
704 423 1
704 462 1
704 462 1
704 479 1
704 55 1
704 730 1
704 736 1
704 798 1
704 92 1
705 98 1
707 148 1
707 459 1
709 2166 1
71 1186 1
71 1635 1
71 1839 1
71 2232 1
71 2250 1
71 2327 1
71 2328 1
71 2364 1
71 281 1
71 375 1
710 1039 1
710 1166 1
710 160 1
710 1609 1
710 161 1
710 1782 1
710 486 1
710 569 1
710 763 1
710 795 1
711 1397 1
711 2395 1
712 152 1
712 2209 1
712 68 1
712 713 1
713 114 1
713 127 1
713 130 1
713 2195 1
713 269 1
713 41 1
713 668 1
714 2156 1
714 2170 1
714 692 1
714 765 1
714 842 1
715 2075 1
716 1117 1
716 1169 1
716 1554 1
716 635 1
716 914 1
720 1021 1
720 1177 1
720 1202 1
720 1252 1
720 1286 1
720 226 1
720 264 1
720 371 1
720 497 1
720 516 1
720 651 1
721 1201 1
721 158 1
721 1973 1
721 2464 1
721 2521 1
721 623 1
721 639 1
721 704 1
722 652 1
723 1950 1
723 2136 1
723 2293 1
723 456 1
724 1064 1
724 1195 1
724 2162 1
724 42 1
724 482 1
724 89 1
725 1082 1
725 1197 1
725 2055 1
725 387 1
725 456 1
725 462 1
725 872 1
726 1210 1
726 148 1
726 1934 1
726 285 1
726 730 1
726 730 1
728 1307 1
728 2025 1
728 627 1
728 66 1
730 148 1
730 1525 1
730 1934 1
730 2183 1
730 2255 1
730 285 1
730 692 1
730 773 1
730 803 1
731 1108 1
731 1197 1
731 13 1
731 1692 1
731 2193 1
731 483 1
731 623 1
731 673 1
731 741 1
731 798 1
731 849 1
733 741 1
734 2090 1
736 1195 1
736 1212 1
736 1245 1
736 188 1
736 2025 1
736 2170 1
736 2227 1
736 2283 1
736 2567 1
736 2572 1
736 259 1
736 263 1
736 330 1
736 456 1
736 560 1
736 623 1
736 849 1
736 860 1
736 90 1
737 2040 1
737 2042 1
737 694 1
739 2515 1
739 721 1
74 1226 1
74 2047 1
74 246 1
74 412 1
74 728 1
741 1210 1
741 124 1
741 2306 1
741 2335 1
741 242 1
741 2637 1
741 336 1
741 586 1
741 637 1
741 714 1
741 765 1
741 789 1
741 798 1
741 842 1
741 861 1
741 861 1
742 1166 1
742 1296 1
742 2197 1
742 2432 1
742 252 1
742 482 1
742 486 1
742 536 1
743 2032 1
743 246 1
743 741 1
744 2367 1
744 941 1
747 1242 1
747 89 1
748 89 1
749 2338 1
749 337 1
75 12 1
75 49 1
752 158 1
752 1973 1
752 2075 1
752 2430 1
752 302 1
752 337 1
752 376 1
752 787 1
753 2045 1
753 336 1
756 2199 1
756 952 1
757 2023 1
757 2044 1
757 694 1
758 1408 1
758 569 1
758 733 1
758 74 1
758 861 1
76 1946 1
761 264 1
761 790 1
763 1148 1
763 2040 1
765 2192 1
765 2306 1
765 2335 1
765 2690 1
768 2441 1
77 222 1
77 2372 1
770 1309 1
770 1881 1
770 763 1
771 157 1
773 285 1
774 1075 1
774 2331 1
777 1025 1
777 1025 1
777 1244 1
777 1308 1
777 1546 1
777 1581 1
777 1908 1
777 601 1
777 637 1
778 1166 1
778 2051 1
778 2196 1
778 2355 1
778 2356 1
778 2357 1
778 2395 1
778 456 1
778 638 1
778 664 1
778 728 1
782 396 1
782 765 1
783 1900 1
783 2489 1
783 2535 1
785 817 1
785 977 1
785 978 1
787 2075 1
787 2084 1
787 2154 1
787 2296 1
787 2297 1
787 262 1
787 337 1
787 345 1
787 376 1
788 1810 1
788 2578 1
789 196 1
789 260 1
789 277 1
789 372 1
789 462 1
789 563 1
789 707 1
789 736 1
789 753 1
789 778 1
79 1221 1
79 1505 1
79 158 1
79 2647 1
79 327 1
79 37 1
79 92 1
790 324 1
790 573 1
790 952 1
790 953 1
792 1219 1
792 2005 1
792 2030 1
792 2374 1
792 689 1
792 689 1
792 793 1
792 958 1
793 1501 1
793 1510 1
793 1519 1
793 1536 1
793 2030 1
793 2155 1
795 2041 1
795 696 1
797 165 1
797 2142 1
798 1257 1
798 1257 1
798 1495 1
798 1971 1
798 2013 1
798 372 1
8 631 1
801 13 1
801 130 1
801 14 1
801 204 1
801 211 1
801 275 1
801 278 1
801 537 1
801 64 1
801 973 1
801 98 1
803 1210 1
803 1505 1
803 1791 1
803 2255 1
803 32 1
803 467 1
803 704 1
803 885 1
806 1221 1
806 157 1
806 1959 1
806 2085 1
806 2297 1
806 301 1
806 335 1
806 376 1
806 752 1
806 764 1
806 797 1
807 449 1
807 495 1
807 874 1
808 819 1
808 96 1
809 33 1
813 1188 1
813 2503 1
813 2506 1
815 2484 1
817 1294 1
817 132 1
817 588 1
817 74 1
817 785 1
819 1167 1
819 158 1
819 1971 1
819 1973 1
819 2430 1
819 2457 1
819 310 1
819 833 1
819 9 1
819 91 1
820 2159 1
820 2160 1
820 2165 1
820 714 1
820 953 1
823 2509 1
824 2502 1
825 1860 1
825 283 1
825 826 1
826 620 1
829 1187 1
83 1440 1
83 147 1
83 1939 1
83 227 1
83 557 1
830 112 1
830 1222 1
830 53 1
831 2011 1
831 2012 1
831 574 1
831 692 1
831 844 1
832 2025 1
832 2171 1
833 1123 1
833 1406 1
833 1566 1
833 2317 1
833 327 1
833 334 1
833 354 1
833 685 1
833 976 1
834 1222 1
834 1495 1
834 2173 1
834 32 1
834 468 1
834 803 1
834 914 1
836 2427 1
836 711 1
838 567 1
838 74 1
84 443 1
84 609 1
840 2288 1
840 2361 1
841 1013 1
841 385 1
842 1222 1
842 160 1
842 2306 1
842 2335 1
842 385 1
842 42 1
842 640 1
844 656 1
848 813 1
849 1480 1
849 188 1
849 2304 1
849 265 1
849 3 1
849 384 1
849 42 1
849 741 1
849 79 1
849 91 1
851 51 1
851 605 1
852 356 1
852 465 1
852 537 1
852 557 1
852 610 1
852 646 1
852 863 1
852 943 1
861 186 1
861 462 1
861 56 1
861 569 1
862 264 1
862 357 1
862 371 1
862 545 1
862 564 1
862 580 1
862 586 1
862 742 1
862 790 1
863 2252 1
863 330 1
864 1082 1
864 2055 1
864 872 1
868 1265 1
87 143 1
87 1483 1
87 1965 1
87 1967 1
87 1968 1
87 2642 1
87 339 1
87 59 1
872 873 1
873 864 1
874 1214 1
874 1491 1
874 1998 1
874 200 1
874 9 1
878 161 1
878 219 1
879 1321 1
88 1239 1
88 1483 1
880 1027 1
880 14 1
880 190 1
880 211 1
880 421 1
880 467 1
880 659 1
882 1677 1
882 1934 1
882 2153 1
882 32 1
882 322 1
882 331 1
882 885 1
883 1321 1
883 1373 1
883 2094 1
883 2415 1
883 51 1
883 879 1
883 900 1
885 1729 1
885 207 1
885 440 1
885 468 1
885 483 1
885 676 1
885 676 1
885 834 1
885 886 1
886 468 1
886 496 1
886 676 1
886 834 1
886 950 1
89 1179 1
89 1218 1
89 122 1
89 2189 1
89 393 1
89 446 1
89 640 1
891 1007 1
891 542 1
891 731 1
892 122 1
892 2368 1
892 670 1
893 122 1
893 2369 1
895 2060 1
895 2087 1
895 789 1
895 851 1
895 939 1
896 2107 1
896 2108 1
896 2109 1
896 2405 1
897 1391 1
897 1418 1
898 32 1
9 1167 1
9 1194 1
9 1214 1
9 1491 1
9 200 1
9 2457 1
9 2515 1
9 285 1
9 436 1
9 436 1
9 448 1
9 807 1
9 819 1
9 91 1
90 1364 1
90 172 1
90 188 1
90 2010 1
90 2028 1
90 467 1
900 2074 1
900 2109 1
900 2113 1
901 1826 1
901 2078 1
901 2105 1
901 2106 1
901 2113 1
902 436 1
905 148 1
907 1470 1
907 310 1
91 1472 1
91 264 1
91 3 1
91 808 1
910 267 1
910 281 1
910 349 1
910 999 1
913 1013 1
913 1283 1
913 1791 1
913 227 1
913 231 1
913 30 1
913 455 1
913 456 1
913 467 1
913 53 1
913 653 1
913 655 1
913 707 1
914 112 1
914 2086 1
914 2433 1
915 1163 1
915 1212 1
915 1934 1
915 202 1
915 720 1
917 1235 1
918 275 1
918 72 1
92 1055 1
92 1344 1
92 1380 1
92 1480 1
92 228 1
92 2464 1
92 371 1
92 452 1
92 537 1
92 546 1
92 577 1
92 610 1
92 75 1
92 879 1
92 93 1
921 1782 1
921 2168 1
921 2174 1
921 2197 1
921 610 1
921 720 1
922 12 1
925 1093 1
925 1239 1
925 2396 1
929 1886 1
929 1900 1
93 1944 1
93 204 1
93 221 1
93 244 1
931 1202 1
931 1480 1
931 79 1
931 913 1
933 1940 1
933 1951 1
933 1952 1
933 61 1
935 148 1
935 1904 1
935 1919 1
935 710 1
936 441 1
938 1329 1
938 2083 1
938 900 1
939 2087 1
939 851 1
94 12 1
94 1945 1
94 244 1
94 35 1
94 93 1
941 122 1
941 2379 1
941 892 1
942 1296 1
942 1327 1
942 1684 1
942 2035 1
942 536 1
942 742 1
943 1191 1
943 1202 1
943 122 1
943 2239 1
943 2252 1
946 1294 1
946 132 1
946 588 1
948 175 1
948 204 1
948 92 1
950 803 1
950 834 1
952 322 1
952 545 1
952 580 1
952 586 1
952 66 1
952 67 1
952 90 1
953 1810 1
953 2158 1
953 2184 1
953 2185 1
953 448 1
955 913 1
956 1376 1
956 183 1
956 2291 1
956 60 1
958 1219 1
958 1983 1
958 1985 1
958 2398 1
958 2429 1
958 306 1
958 689 1
959 1719 1
959 1761 1
959 2003 1
959 2067 1
959 2132 1
959 2415 1
959 902 1
959 960 1
96 1871 1
96 2022 1
96 696 1
96 91 1
960 1564 1
960 1715 1
960 1729 1
961 1162 1
961 1963 1
961 2693 1
961 436 1
961 9 1
968 149 1
968 1707 1
968 1976 1
968 2313 1
968 2326 1
968 2613 1
968 2686 1
968 440 1
968 557 1
968 98 1
97 2264 1
97 399 1
97 975 1
972 2254 1
973 211 1
973 801 1
974 1 1
974 1157 1
974 1214 1
974 1491 1
974 448 1
975 2231 1
975 2672 1
975 2699 1
976 1123 1
976 1406 1
976 2317 1
977 132 1
977 588 1
977 785 1
978 1294 1
978 132 1
978 588 1
978 785 1
98 1257 1
98 1308 1
98 132 1
98 1380 1
98 1583 1
98 21 1
98 2170 1
98 2323 1
98 257 1
98 275 1
98 278 1
98 34 1
98 440 1
98 456 1
98 487 1
98 496 1
98 503 1
98 53 1
98 580 1
981 2061 1
981 2139 1
981 256 1
981 500 1
981 809 1
983 2007 1
983 446 1
983 462 1
987 122 1
987 2239 1
987 2403 1
987 356 1
987 744 1
991 1007 1
991 992 1
991 993 1
992 1007 1
993 1002 1
994 505 1
998 2254 1
999 216 1
999 2268 1
999 25 1
1001 2851 2
1004 241 2
1004 918 2
1007 1489 2
1007 777 2
1009 1799 2
1012 651 2
1013 798 2
1013 913 2
1021 1891 2
1021 2919 2
1021 720 2
1025 1289 2
1025 1489 2
1025 1578 2
1025 1919 2
1025 1919 2
1026 1136 2
1026 1919 2
1026 2555 2
1026 3018 2
1026 784 2
1026 920 2
1027 1032 2
1027 1108 2
1027 124 2
1027 673 2
1030 383 2
1030 42 2
1032 1108 2
1032 1244 2
1032 1533 2
1032 242 2
1032 275 2
1032 2927 2
1032 673 2
1032 818 2
1033 340 2
1035 1891 2
1035 334 2
1036 2487 2
1036 2972 2
1039 224 2
1039 2655 2
1039 2763 2
1039 674 2
1039 722 2
104 115 2
104 1973 2
104 207 2
104 244 2
104 375 2
104 485 2
1042 1064 2
1042 1100 2
1042 3000 2
1045 1230 2
1045 2643 2
1045 3014 2
1046 1042 2
1046 1055 2
1046 661 2
1047 1063 2
1047 1103 2
1053 2250 2
1053 2985 2
1053 395 2
1054 1214 2
1054 1921 2
1054 2005 2
1054 2296 2
1054 792 2
1054 793 2
1054 827 2
1054 827 2
1055 652 2
1055 661 2
106 70 2
1061 1220 2
1061 2030 2
1061 393 2
1061 996 2
1062 1047 2
1062 2994 2
1063 1062 2
1063 1101 2
1063 1143 2
1063 3000 2
1064 183 2
1066 1272 2
1066 1344 2
1066 860 2
107 1942 2
107 197 2
1072 138 2
1072 2854 2
1073 2282 2
1073 2940 2
1073 706 2
1077 478 2
1077 690 2
1086 1053 2
1086 2250 2
1086 2985 2
1086 989 2
1087 1039 2
1087 1201 2
1087 715 2
1088 1025 2
1088 1026 2
1088 1408 2
1088 1919 2
1088 1919 2
1088 2392 2
1088 242 2
1088 685 2
1088 777 2
1088 788 2
109 143 2
109 1828 2
109 908 2
1090 2186 2
1098 197 2
1098 49 2
1099 1544 2
1099 2069 2
1099 2088 2
1099 3006 2
1100 1046 2
1100 1055 2
1100 1064 2
1100 1116 2
1100 1200 2
1100 287 2
1100 507 2
1100 674 2
1100 759 2
1100 983 2
1101 1047 2
1101 1062 2
1101 3000 2
1103 1062 2
1103 1063 2
1103 1141 2
1103 515 2
1104 1617 2
1104 1852 2
1104 1942 2
1104 2024 2
1104 316 2
1104 61 2
1104 627 2
1108 1308 2
1108 1373 2
1108 487 2
1108 659 2
111 2802 2
111 2803 2
111 523 2
111 557 2
111 568 2
111 687 2
111 842 2
1110 2442 2
1112 452 2
1112 707 2
1114 1086 2
1114 2308 2
1114 2364 2
1114 71 2
1114 989 2
1116 1039 2
1116 1055 2
1116 1201 2
1116 661 2
1116 715 2
1117 112 2
1118 1289 2
1118 1372 2
1118 1880 2
1118 783 2
1118 929 2
112 1200 2
112 251 2
112 2722 2
112 2808 2
112 862 2
1121 1847 2
1121 983 2
1122 1141 2
1123 1966 2
1123 690 2
1123 819 2
113 1631 2
113 17 2
113 2121 2
113 399 2
113 436 2
1131 1025 2
1131 1408 2
1131 1882 2
1131 777 2
1136 2902 2
1136 515 2
114 128 2
114 130 2
114 152 2
114 3038 2
114 3043 2
1141 1047 2
1141 226 2
1141 3000 2
1141 494 2
1143 1101 2
1143 2994 2
1145 193 2
1145 2005 2
1145 2179 2
1145 383 2
1146 1265 2
1146 2536 2
1147 1599 2
1147 2536 2
1147 2942 2
1148 1197 2
1148 1684 2
1149 1853 2
1149 314 2
115 106 2
1151 1372 2
1158 1713 2
1158 1980 2
1158 358 2
116 281 2
1160 1344 2
1160 1871 2
1166 2792 2
1166 942 2
1168 1572 2
1168 59 2
1173 1201 2
1173 1231 2
1173 778 2
1175 1054 2
1175 1219 2
1175 2005 2
1175 827 2
1177 229 2
1177 64 2
1177 685 2
1178 1118 2
1178 1397 2
1178 1476 2
1178 2311 2
1178 457 2
1178 64 2
118 2496 2
1180 1149 2
1180 1853 2
1180 2644 2
1180 579 2
1183 2744 2
1183 2745 2
1183 641 2
1184 1148 2
1184 238 2
1184 545 2
1184 687 2
1184 880 2
1185 2005 2
1185 2030 2
1185 2711 2
1185 996 2
1187 466 2
1187 563 2
1187 74 2
1188 2503 2
1188 2992 2
119 1958 2
1191 2527 2
1191 2930 2
1194 113 2
1194 201 2
1194 2382 2
1195 1328 2
1197 2127 2
1197 2714 2
1197 364 2
12 115 2
12 2070 2
12 278 2
12 93 2
120 647 2
1200 1121 2
1200 1847 2
1200 2722 2
1200 610 2
1200 968 2
1200 983 2
1201 1039 2
1201 1231 2
1201 124 2
1201 2405 2
1201 2643 2
1201 778 2
1202 1027 2
1202 1533 2
1202 1636 2
1202 188 2
1202 257 2
1202 371 2
1202 455 2
1202 467 2
1202 622 2
1208 60 2
121 1222 2
121 2180 2
1210 148 2
1210 1657 2
1210 2778 2
1211 3008 2
1212 2691 2
1212 908 2
1214 1234 2
1214 1921 2
1214 2392 2
1214 691 2
1219 1054 2
1219 1968 2
1219 691 2
1219 793 2
122 1428 2
122 670 2
122 987 2
1220 1088 2
1220 1090 2
1220 2358 2
1220 2392 2
1221 104 2
1221 2075 2
1221 2330 2
1221 334 2
1221 335 2
1221 649 2
1222 1104 2
1222 1296 2
1222 1328 2
1222 1675 2
1222 2168 2
1222 2180 2
1222 2189 2
1222 3024 2
1222 385 2
1230 2643 2
1231 1695 2
1231 638 2
1231 641 2
1231 778 2
1234 1362 2
1234 145 2
1234 1990 2
1234 2030 2
1234 2392 2
1235 2852 2
1235 959 2
124 1697 2
124 1711 2
124 280 2
124 330 2
124 455 2
124 458 2
124 560 2
124 621 2
124 676 2
124 731 2
124 885 2
1243 1418 2
1243 17 2
1243 1806 2
1243 2735 2
1244 462 2
1244 487 2
1244 637 2
1244 798 2
1245 1235 2
1245 124 2
1245 1480 2
1245 1871 2
1245 2176 2
1245 2196 2
1245 278 2
1245 280 2
1245 545 2
125 1929 2
125 68 2
1250 525 2
1251 1339 2
1252 602 2
1252 818 2
1252 89 2
1257 1178 2
1257 1480 2
1257 2311 2
1257 849 2
1257 853 2
126 2210 2
126 45 2
1261 1372 2
1261 1460 2
1261 2963 2
1264 133 2
1264 2136 2
1264 256 2
1264 2939 2
1265 1147 2
1265 2512 2
1265 742 2
1267 2916 2
1267 2925 2
1267 48 2
1269 2814 2
127 114 2
127 223 2
127 3036 2
127 3037 2
127 39 2
127 41 2
127 712 2
127 713 2
1270 1266 2
1270 2916 2
1273 2572 2
1273 960 2
1274 1530 2
1275 1492 2
1275 2483 2
128 127 2
128 223 2
128 269 2
128 39 2
128 41 2
128 712 2
1281 2918 2
1284 2138 2
1284 2405 2
1286 1021 2
1286 2916 2
1289 148 2
1289 710 2
1289 784 2
1290 2559 2
1291 2605 2
1296 1852 2
1296 627 2
1298 1930 2
1298 2218 2
13 1027 2
13 1244 2
13 1791 2
13 275 2
13 537 2
13 673 2
13 913 2
13 98 2
130 127 2
130 197 2
130 223 2
130 2413 2
130 39 2
130 41 2
130 51 2
1302 199 2
1305 483 2
1307 1763 2
1307 1812 2
1307 2196 2
1308 1245 2
1308 1380 2
1308 1397 2
1308 1581 2
1308 371 2
1309 737 2
1309 770 2
131 237 2
131 2636 2
131 517 2
131 721 2
131 77 2
1311 2920 2
1311 2921 2
1313 1599 2
1313 1812 2
1313 459 2
1315 1340 2
1315 2461 2
1317 1618 2
1318 1307 2
1318 2964 2
132 124 2
132 1245 2
132 257 2
132 452 2
132 545 2
132 560 2
132 573 2
132 913 2
132 92 2
1323 2920 2
1326 1487 2
1328 1222 2
1328 1675 2
1328 2180 2
133 107 2
133 1941 2
133 2170 2
133 219 2
133 256 2
1333 1903 2
1334 2611 2
1335 2929 2
1335 570 2
1339 1757 2
1339 2541 2
1340 1355 2
1340 1715 2
1341 1281 2
1341 2391 2
1343 1505 2
1344 1136 2
1344 1257 2
1344 1373 2
1344 1406 2
1344 1428 2
1344 1871 2
1344 1949 2
1344 2902 2
1344 704 2
1344 920 2
1345 1273 2
1345 1370 2
1345 1530 2
1345 1564 2
1345 1619 2
1345 228 2
1345 384 2
1349 1633 2
1349 1737 2
135 1104 2
1350 1741 2
1350 1742 2
1350 1757 2
1350 2917 2
1350 600 2
1354 2496 2
1354 2953 2
1355 2915 2
1356 1036 2
1356 2034 2
1360 2966 2
1360 2972 2
1362 1578 2
1362 1891 2
1362 2296 2
1363 219 2
1363 53 2
1366 2822 2
1366 2824 2
1366 2825 2
1369 2614 2
1370 1597 2
1370 264 2
1370 671 2
1371 1693 2
1371 1789 2
1372 2555 2
1373 1202 2
1373 264 2
1374 1110 2
1374 1317 2
1374 1618 2
1374 1891 2
1374 356 2
1377 118 2
1377 1354 2
138 1112 2
138 1440 2
138 1963 2
138 35 2
138 765 2
1380 1480 2
1389 2640 2
139 1202 2
139 160 2
139 673 2
1390 1326 2
1390 1633 2
1391 1257 2
1391 1380 2
1391 2311 2
1393 883 2
1394 1377 2
1394 1701 2
1394 1932 2
1396 1334 2
1397 1373 2
1397 1480 2
1397 2196 2
1397 64 2
1398 653 2
14 580 2
1400 118 2
1400 1377 2
1400 2928 2
1401 653 2
1401 961 2
1405 818 2
1406 142 2
1406 1983 2
1406 2901 2
1406 515 2
1408 1308 2
1408 1894 2
1408 238 2
1408 3018 2
1408 637 2
1408 777 2
1408 788 2
1415 401 2
1415 61 2
1415 987 2
1416 1370 2
1416 149 2
1416 228 2
1416 264 2
1416 671 2
1417 1757 2
1417 2932 2
1418 1272 2
1418 1273 2
1418 1562 2
1418 1703 2
1418 2023 2
1418 256 2
142 1456 2
142 2015 2
142 9 2
1421 1146 2
1421 182 2
1421 36 2
1421 48 2
1428 1252 2
1428 2551 2
1428 402 2
1428 808 2
1428 9 2
143 1501 2
143 398 2
143 908 2
1430 2245 2
1430 2927 2
1431 1305 2
1438 2090 2
1438 2826 2
1438 507 2
1438 652 2
1438 663 2
144 68 2
1440 1963 2
1440 2107 2
1440 51 2
1440 641 2
1440 731 2
145 1054 2
145 1214 2
145 2296 2
145 827 2
1450 1366 2
1450 2821 2
1450 2822 2
1456 1032 2
1456 1035 2
1456 1472 2
1456 310 2
1456 818 2
1456 819 2
1456 872 2
1456 91 2
1458 2319 2
1458 885 2
1458 931 2
1461 1478 2
1461 1733 2
1461 189 2
1466 337 2
1466 352 2
1466 515 2
1472 1035 2
1472 91 2
1476 929 2
1479 1272 2
1479 155 2
1479 1562 2
1479 1600 2
148 1025 2
148 1871 2
148 2156 2
148 450 2
148 692 2
148 875 2
1480 1553 2
1480 1747 2
1480 1768 2
1480 546 2
1481 1431 2
1481 1657 2
1481 384 2
1487 1349 2
1487 1633 2
1488 1317 2
1488 1478 2
1488 2952 2
1489 1178 2
1489 1244 2
1489 1645 2
1489 1885 2
1489 2317 2
1489 461 2
1489 462 2
149 2227 2
149 440 2
149 483 2
149 583 2
149 92 2
1495 161 2
1495 788 2
1498 2803 2
1498 2995 2
1499 340 2
15 104 2
15 2710 2
150 2391 2
150 2920 2
150 451 2
1501 109 2
1501 87 2
151 2736 2
1512 1787 2
1512 595 2
1512 955 2
1513 1326 2
1513 1789 2
1514 885 2
152 128 2
152 2209 2
152 713 2
1522 1021 2
1522 2342 2
1524 1261 2
1529 1851 2
1529 399 2
153 162 2
153 162 2
153 1719 2
1530 228 2
1530 264 2
1531 2461 2
1532 1613 2
1532 2469 2
1532 681 2
1532 853 2
1533 1108 2
1533 1244 2
1533 371 2
1533 487 2
1533 637 2
1534 1569 2
1544 1461 2
1544 1514 2
1544 1552 2
1544 1631 2
1544 1998 2
1544 24 2
1544 687 2
1549 1747 2
155 1440 2
155 1729 2
155 201 2
155 2963 2
155 32 2
1552 1461 2
1552 160 2
1553 1391 2
1553 1393 2
1557 1290 2
1561 2932 2
1562 1066 2
1564 1343 2
1564 1808 2
1564 885 2
1568 1544 2
1568 2736 2
1568 2760 2
1568 2779 2
157 120 2
157 1221 2
157 164 2
157 1993 2
157 2075 2
157 2305 2
157 335 2
1570 2565 2
1572 1828 2
1572 2651 2
1572 2765 2
1576 1633 2
1578 1728 2
1578 1885 2
1578 238 2
1579 1066 2
158 2648 2
1580 233 2
1581 1131 2
1581 1244 2
1581 1533 2
1582 1323 2
1582 2391 2
1584 1641 2
1584 2819 2
1584 3019 2
1584 310 2
1589 2914 2
1589 2969 2
159 17 2
159 1973 2
159 1993 2
159 2297 2
159 2661 2
159 2775 2
159 334 2
159 627 2
1592 1549 2
1592 2370 2
1592 2867 2
1592 2881 2
160 1025 2
160 1733 2
160 1919 2
160 199 2
160 238 2
160 467 2
160 622 2
1600 1273 2
1600 1418 2
1600 1431 2
1602 2496 2
1605 1894 2
1605 1900 2
1605 2587 2
1608 3003 2
1609 1393 2
161 2580 2
161 356 2
161 935 2
1618 1516 2
1618 1742 2
1619 1305 2
1619 1512 2
1619 1787 2
1619 2057 2
1619 803 2
162 19 2
162 267 2
162 2776 2
162 3011 2
162 3020 2
1621 1360 2
1621 2959 2
1622 1313 2
1622 1812 2
1622 459 2
1623 2189 2
1623 237 2
1623 396 2
1623 44 2
1623 482 2
1623 557 2
1624 385 2
1628 2962 2
163 1421 2
163 178 2
163 260 2
1631 178 2
1631 2003 2
1635 1114 2
1635 1853 2
1635 71 2
1635 989 2
1636 1307 2
1636 1763 2
1636 2196 2
1636 2907 2
1637 542 2
164 1221 2
1640 2567 2
1640 2951 2
1641 1584 2
1641 2819 2
1641 3019 2
1641 310 2
1643 1275 2
1644 1317 2
1644 1374 2
1645 1178 2
1645 1397 2
1645 1581 2
1645 637 2
1645 673 2
1646 1582 2
1646 2391 2
1646 2509 2
165 1820 2
1654 2942 2
1657 1245 2
1657 1431 2
1657 1458 2
1657 148 2
1657 1808 2
1657 2774 2
1657 2974 2
1657 452 2
1657 692 2
166 1456 2
166 819 2
1668 2958 2
1670 1290 2
1670 815 2
1675 1195 2
1675 2151 2
1675 2168 2
1675 2180 2
1675 2189 2
1675 2834 2
1675 385 2
1677 2723 2
1677 441 2
1677 465 2
1677 831 2
1681 2940 2
1683 201 2
1684 1166 2
1684 2872 2
1692 2487 2
1693 2499 2
1695 1201 2
1695 2643 2
1695 640 2
1695 664 2
1697 1317 2
1697 1777 2
1697 500 2
1697 720 2
17 1103 2
17 1221 2
17 1466 2
17 155 2
17 186 2
17 260 2
17 2737 2
17 334 2
170 241 2
1701 2953 2
1702 1362 2
1702 784 2
1703 1579 2
1703 1600 2
1703 956 2
171 1544 2
171 2091 2
171 2138 2
171 275 2
171 486 2
1711 32 2
1711 357 2
1711 66 2
1711 914 2
1713 313 2
1713 578 2
1715 2461 2
1719 113 2
1719 122 2
1719 2100 2
1719 2105 2
1719 2415 2
1719 418 2
1721 1621 2
1721 2534 2
1721 2970 2
1722 2644 2
1722 340 2
1722 59 2
1728 461 2
1728 783 2
1729 1479 2
1733 1544 2
1733 1552 2
1733 1742 2
1735 1981 2
1735 2763 2
1735 2782 2
1735 848 2
1737 2968 2
1738 2764 2
174 517 2
1740 1949 2
1740 2954 2
1741 1326 2
1741 2481 2
1742 1374 2
1742 1644 2
1747 1763 2
1752 1313 2
1753 1589 2
1753 2949 2
1757 2599 2
1758 1270 2
1758 1400 2
1760 1640 2
1760 2360 2
1760 2962 2
1761 1514 2
1761 255 2
1766 1490 2
1768 1380 2
1768 1391 2
1768 1490 2
1768 583 2
1768 803 2
177 2729 2
177 2900 2
177 2906 2
1774 2461 2
1774 2946 2
1777 2917 2
1778 2458 2
1778 2520 2
178 1201 2
178 2076 2
178 219 2
178 48 2
178 88 2
1782 139 2
1782 188 2
1782 500 2
1782 622 2
1787 1458 2
1787 24 2
1787 483 2
1789 2541 2
179 153 2
179 1580 2
179 256 2
179 2740 2
179 2776 2
179 92 2
1791 440 2
1791 458 2
1791 66 2
1791 742 2
1792 1354 2
1792 1377 2
1792 1758 2
1792 2523 2
18 2458 2
18 723 2
180 1955 2
1800 2969 2
1806 1273 2
1806 1703 2
1807 1326 2
1808 1274 2
1808 149 2
1808 228 2
1808 879 2
1808 931 2
1811 1814 2
1811 2751 2
1811 2752 2
1811 2754 2
1812 1361 2
1812 2326 2
1812 2752 2
1812 2947 2
1813 1243 2
1814 2750 2
1819 1931 2
1819 330 2
1819 461 2
1819 462 2
1819 583 2
182 183 2
1820 739 2
1820 797 2
1820 806 2
1823 2050 2
1823 2088 2
1823 2380 2
1826 1099 2
1826 2076 2
1827 2816 2
1827 2818 2
1827 890 2
1828 1501 2
1828 398 2
1828 908 2
183 1122 2
183 226 2
183 36 2
183 48 2
1830 2075 2
1835 2108 2
1835 228 2
1835 51 2
1837 880 2
1838 272 2
1838 333 2
1842 1530 2
1842 1609 2
1846 1098 2
1846 2035 2
1846 2193 2
1846 2701 2
1846 2721 2
1846 2933 2
1846 2934 2
1846 2936 2
1846 3022 2
1847 1100 2
1847 1103 2
1848 1897 2
1851 2704 2
1851 289 2
1851 444 2
1851 449 2
1851 610 2
1852 1617 2
1852 552 2
1853 1086 2
1853 1098 2
1853 314 2
1853 49 2
1853 71 2
1855 557 2
186 300 2
186 302 2
186 465 2
1866 1959 2
1866 2142 2
1867 482 2
1868 1398 2
1868 3028 2
1869 1868 2
1869 277 2
1869 874 2
187 202 2
187 289 2
1870 30 2
1871 1025 2
1871 1131 2
1871 1289 2
1871 1373 2
1871 2466 2
1871 467 2
1871 560 2
1871 673 2
1871 849 2
1871 92 2
1872 3034 2
1878 3018 2
188 1202 2
188 160 2
188 182 2
188 228 2
188 2716 2
188 300 2
188 302 2
188 673 2
1880 1897 2
1880 2361 2
1880 3048 2
1882 1408 2
1882 637 2
1882 673 2
1885 2466 2
1886 1915 2
1886 3018 2
1886 3044 2
189 138 2
189 1418 2
189 1719 2
189 2079 2
189 2453 2
189 51 2
189 997 2
1891 204 2
1891 2086 2
1891 2342 2
1892 1110 2
1892 1933 2
1894 1026 2
1894 1900 2
1894 1919 2
1894 2555 2
1894 2580 2
1894 788 2
1897 2542 2
1898 1899 2
1899 1118 2
1899 685 2
19 153 2
19 2900 2
19 61 2
190 416 2
190 798 2
1900 1908 2
1900 2489 2
1900 788 2
1903 1917 2
1903 685 2
1904 1897 2
1904 1903 2
1904 929 2
1906 1904 2
1908 1333 2
1908 2587 2
1908 3034 2
1910 496 2
1912 1900 2
1915 1906 2
1915 2442 2
1915 3034 2
1915 3048 2
1918 2587 2
1918 3050 2
1919 1007 2
1919 1408 2
1919 148 2
1919 1871 2
1919 1885 2
1919 77 2
1921 1362 2
1921 2296 2
1921 2392 2
1921 2892 2
1921 2896 2
1921 827 2
1926 1428 2
1926 2551 2
1926 860 2
1927 1428 2
1927 1926 2
1927 2551 2
1927 2855 2
1927 2856 2
1927 467 2
1928 2520 2
1928 2629 2
1929 68 2
1929 83 2
193 2129 2
193 2221 2
193 2849 2
193 45 2
193 824 2
1931 2408 2
1931 2804 2
1931 299 2
1931 2997 2
1931 31 2
1931 73 2
1932 2559 2
1933 1118 2
1933 1289 2
1933 1838 2
1933 1938 2
1933 362 2
1934 2703 2
1934 573 2
1937 1597 2
1937 2311 2
1937 681 2
1938 460 2
1939 2097 2
1939 2122 2
1941 107 2
1941 78 2
1941 910 2
1942 133 2
1942 171 2
1942 92 2
1944 2525 2
1949 1926 2
1949 2551 2
195 1363 2
195 1421 2
195 163 2
195 207 2
195 736 2
1950 2170 2
1951 1940 2
1953 316 2
1955 517 2
1959 334 2
1960 2738 2
1965 818 2
1966 819 2
1968 1054 2
1968 691 2
1968 792 2
1968 793 2
1969 104 2
1969 1221 2
1969 79 2
197 189 2
197 207 2
197 234 2
197 2413 2
197 3003 2
197 42 2
197 500 2
197 710 2
1971 400 2
1971 961 2
1973 1221 2
1973 1969 2
1973 262 2
1973 2775 2
1973 334 2
1973 375 2
1973 79 2
1976 164 2
1976 586 2
1980 578 2
1981 1183 2
1981 2676 2
1981 848 2
1983 1026 2
1985 2746 2
199 1025 2
199 1719 2
199 222 2
199 228 2
199 435 2
199 93 2
1990 2711 2
1990 659 2
1990 787 2
1993 1221 2
1993 17 2
1993 647 2
1998 199 2
200 1004 2
200 1421 2
200 189 2
200 197 2
200 2067 2
200 207 2
200 2121 2
200 2773 2
200 500 2
200 981 2
2003 200 2
2005 1219 2
2005 1968 2
2005 2844 2
2005 392 2
2005 393 2
2005 691 2
2005 771 2
2005 792 2
2005 827 2
2006 1145 2
2006 2179 2
2006 2296 2
2006 2739 2
2006 383 2
2009 1931 2
2009 460 2
201 178 2
201 2094 2
201 2107 2
2012 129 2
2015 1032 2
2015 1405 2
2015 1456 2
2015 2255 2
2015 2598 2
2015 819 2
2016 1466 2
2019 53 2
2019 831 2
202 1846 2
202 2313 2
2023 1562 2
2024 321 2
2024 942 2
203 2077 2
203 2097 2
2030 1054 2
2030 1214 2
2030 145 2
2030 1921 2
2030 2296 2
2030 345 2
2030 392 2
2030 827 2
2034 17 2
2034 1937 2
2034 2948 2
204 1021 2
204 1522 2
204 163 2
204 2086 2
204 232 2
204 35 2
204 49 2
2040 1309 2
2040 737 2
2041 696 2
2041 737 2
2041 757 2
2050 2067 2
2050 2984 2
2051 2067 2
2051 275 2
2053 2051 2
2053 2071 2
2053 2105 2
2053 2138 2
2053 256 2
2058 2087 2
2062 201 2
2062 2097 2
2066 2003 2
2066 981 2
2067 1099 2
2067 1631 2
2068 2129 2
2068 728 2
2069 2109 2
2069 2111 2
207 171 2
207 2079 2
207 278 2
207 34 2
207 47 2
207 721 2
2070 2126 2
2071 171 2
2072 1112 2
2075 2885 2
2075 649 2
2075 787 2
2076 1194 2
2076 1201 2
2076 2053 2
2076 2066 2
2076 2092 2
2077 2111 2
2078 2058 2
2078 2098 2
2079 200 2
2079 981 2
2084 2883 2
2087 2228 2
2089 113 2
2089 1835 2
2089 2119 2
2089 809 2
2090 2749 2
2090 30 2
2090 661 2
2090 759 2
2092 2119 2
2092 883 2
2094 1939 2
2094 2062 2
2094 2111 2
2094 2422 2
2096 2107 2
2096 2402 2
2099 1823 2
2099 2113 2
2099 2143 2
2100 2053 2
2100 2070 2
2100 2105 2
2101 197 2
2101 2066 2
2101 2077 2
2101 2126 2
2102 2120 2
2105 200 2
2105 2057 2
2105 2066 2
2105 621 2
2108 2382 2
2109 201 2
2109 2100 2
2109 2149 2
211 487 2
2111 12 2
2113 1608 2
2119 33 2
2121 2113 2
2121 418 2
2122 2062 2
2122 2063 2
2126 33 2
2127 34 2
2127 728 2
2127 968 2
2129 567 2
2129 728 2
213 1827 2
213 77 2
213 785 2
213 890 2
2130 2073 2
2132 1835 2
2132 2083 2
2132 2150 2
2133 232 2
2133 654 2
2133 655 2
2133 722 2
2133 722 2
2136 2340 2
2138 1719 2
2138 2263 2
2138 621 2
2139 171 2
2139 558 2
2141 1187 2
2141 399 2
2142 1993 2
2142 334 2
2150 1939 2
2151 1195 2
2151 1222 2
2151 482 2
2158 2160 2
2158 2712 2
2158 682 2
216 179 2
216 314 2
2160 682 2
2160 799 2
2166 2200 2
2168 1195 2
2168 2151 2
2168 482 2
2170 1146 2
2170 1265 2
2170 2536 2
2172 1148 2
2172 2888 2
2172 2892 2
2172 914 2
2179 2849 2
2180 1195 2
2180 1675 2
2180 2151 2
2180 2168 2
2180 3025 2
2180 385 2
2181 2768 2
2184 808 2
2186 1061 2
2187 2809 2
2188 1851 2
2189 2151 2
2189 2180 2
2189 2682 2
219 2629 2
219 736 2
2193 2674 2
2193 289 2
2193 968 2
2196 1344 2
2196 1480 2
2196 1645 2
2196 1747 2
2196 704 2
2200 148 2
2200 573 2
2203 709 2
2207 1481 2
2207 1512 2
2207 265 2
2207 2667 2
2207 384 2
2207 885 2
2209 130 2
2210 2181 2
2210 2787 2
2213 2780 2
222 106 2
222 116 2
222 174 2
222 2724 2
2221 2129 2
2221 2805 2
2224 1722 2
2226 2227 2
2226 2856 2
2227 2858 2
2227 2859 2
223 2209 2
223 269 2
223 3038 2
223 3043 2
223 713 2
2233 151 2
2233 1568 2
2233 2742 2
2235 1851 2
2235 2674 2
2237 1846 2
2237 2266 2
2237 2707 2
2237 2839 2
2237 3017 2
2238 2193 2
2238 2237 2
2238 2266 2
2238 2677 2
2238 3040 2
2238 449 2
224 2655 2
224 42 2
2242 2262 2
2243 2855 2
2247 2983 2
2247 2993 2
2247 3 2
2247 3008 2
2247 444 2
2247 521 2
2247 89 2
2250 1114 2
2250 1623 2
2250 61 2
2250 71 2
2250 989 2
2252 439 2
2255 1405 2
2255 1965 2
2255 2598 2
2255 2819 2
226 1047 2
226 1657 2
226 219 2
226 34 2
226 803 2
2262 2290 2
2262 2311 2
2262 2870 2
2263 1631 2
2263 199 2
2263 2071 2
2263 435 2
2263 900 2
2266 2247 2
2266 2677 2
2266 2707 2
2278 2467 2
2278 2468 2
2278 2926 2
228 1553 2
228 1631 2
228 1842 2
228 2551 2
228 2572 2
228 281 2
228 483 2
228 486 2
228 517 2
2282 1264 2
2282 266 2
2283 256 2
2283 44 2
2284 2243 2
2284 256 2
229 163 2
229 237 2
229 461 2
2290 2295 2
2290 2874 2
2293 2600 2
2293 2868 2
2295 2856 2
2295 736 2
2296 1061 2
2296 1234 2
2296 165 2
2296 2005 2
2296 2392 2
2296 691 2
2296 77 2
2297 1973 2
2297 627 2
2297 648 2
2297 700 2
2305 749 2
2307 734 2
2311 1480 2
2311 1532 2
2311 1597 2
2311 1613 2
2311 1871 2
2311 2196 2
2311 2226 2
2311 264 2
2311 98 2
2313 2689 2
2317 467 2
2317 560 2
2317 64 2
2317 849 2
2319 1564 2
2319 2552 2
2319 2610 2
232 1039 2
232 1100 2
232 2607 2
232 722 2
232 759 2
2321 187 2
2321 2188 2
2321 2718 2
2321 328 2
2321 423 2
2321 817 2
2326 1267 2
2326 1313 2
2326 1622 2
2326 2923 2
2328 17 2
2328 400 2
233 92 2
2330 467 2
2330 480 2
2333 2876 2
2333 542 2
234 2717 2
234 2929 2
2340 1950 2
2340 2354 2
2340 2856 2
2342 1021 2
2344 2136 2
2344 2667 2
2349 1045 2
2349 2670 2
2354 2874 2
2358 1090 2
236 1440 2
236 765 2
236 808 2
236 923 2
2360 2242 2
2360 2865 2
2361 1415 2
2363 1990 2
2363 42 2
2363 787 2
2364 1053 2
2364 2985 2
2364 395 2
2364 989 2
2367 744 2
2368 2379 2
2368 2755 2
2368 670 2
237 12 2
2370 778 2
2377 2617 2
2378 2193 2
2379 122 2
2379 2755 2
2379 941 2
238 111 2
238 1289 2
238 2188 2
238 3018 2
238 77 2
2382 2100 2
2382 2122 2
2382 2422 2
2384 3016 2
2384 398 2
239 1819 2
239 1931 2
239 1931 2
239 2804 2
239 299 2
239 2997 2
239 330 2
2392 1054 2
2392 145 2
2392 392 2
2392 827 2
24 1025 2
240 2734 2
240 43 2
2400 1580 2
2401 2444 2
2403 514 2
2405 124 2
2405 33 2
2406 401 2
2408 2982 2
2413 1466 2
2413 1529 2
2413 352 2
2413 500 2
2413 731 2
2413 832 2
2419 1938 2
2419 2998 2
242 1289 2
242 148 2
242 1728 2
242 1871 2
242 1871 2
242 1882 2
242 1885 2
242 2453 2
242 2626 2
242 2806 2
242 2807 2
242 487 2
2422 558 2
2425 1298 2
2425 1930 2
2426 2340 2
2426 2864 2
2426 2870 2
2428 1835 2
2430 2075 2
2430 648 2
2430 739 2
2431 2096 2
2431 2116 2
2431 558 2
2434 1939 2
244 316 2
2442 1674 2
2442 1899 2
2443 133 2
2444 2063 2
2448 1930 2
245 178 2
2453 1644 2
2453 1733 2
2453 242 2
2453 2626 2
2453 2669 2
2453 2807 2
2459 2527 2
2461 1340 2
2462 935 2
2465 1313 2
2465 1622 2
2465 459 2
2466 1025 2
2466 1489 2
2466 242 2
2468 2225 2
2469 1531 2
2472 2948 2
2476 2922 2
2478 2241 2
2478 2965 2
248 1250 2
248 1415 2
248 153 2
248 360 2
2481 2640 2
2487 1721 2
2487 2956 2
2488 239 2
2488 2547 2
2490 1692 2
2490 1753 2
2490 1785 2
2490 2914 2
2499 1389 2
2499 1777 2
2499 2932 2
2501 2245 2
2501 723 2
2502 2636 2
2502 824 2
2503 2992 2
2503 658 2
2509 1313 2
2509 2278 2
2509 2646 2
251 112 2
251 193 2
251 456 2
2511 1576 2
2513 2520 2
2513 2552 2
2515 2885 2
2519 2571 2
252 1819 2
252 239 2
252 330 2
252 462 2
2520 1466 2
2520 2629 2
2523 1266 2
2524 2525 2
2524 2576 2
2524 807 2
2525 2478 2
2526 2527 2
2527 2323 2
2527 2628 2
2527 296 2
253 316 2
2534 2913 2
2534 2946 2
2536 1480 2
2536 1636 2
2536 1763 2
2536 2196 2
2537 2245 2
2537 2538 2
2537 2950 2
254 12 2
254 174 2
254 2731 2
254 47 2
254 70 2
254 79 2
2540 2469 2
2541 1389 2
2542 1903 2
2546 2290 2
2546 2609 2
255 2207 2
255 956 2
2551 1066 2
2551 1723 2
2551 1842 2
2551 860 2
2552 131 2
2552 2501 2
2552 89 2
2555 1088 2
2555 1118 2
2555 1408 2
2555 1903 2
2555 238 2
2555 3018 2
2555 3048 2
2555 77 2
2558 1066 2
2558 1243 2
2558 1656 2
2559 2597 2
256 117 2
256 1842 2
256 2262 2
256 2731 2
256 2984 2
256 384 2
256 92 2
2560 1291 2
2560 1949 2
2561 1668 2
2561 2958 2
2564 1339 2
2564 1371 2
2564 1737 2
2564 2565 2
2565 1642 2
2565 2511 2
2567 2962 2
257 132 2
257 189 2
257 207 2
257 45 2
257 461 2
257 573 2
257 610 2
257 913 2
257 92 2
257 973 2
2572 1370 2
2572 1564 2
2572 868 2
2576 1944 2
2576 2478 2
2577 133 2
2580 929 2
2587 2462 2
2590 1767 2
2590 2611 2
2591 1250 2
2591 248 2
2591 525 2
2591 670 2
2593 1265 2
2597 1290 2
2597 1627 2
2598 2819 2
2599 2499 2
260 104 2
260 35 2
260 47 2
2600 2583 2
2607 1466 2
2607 2426 2
2607 2520 2
2608 183 2
2609 2950 2
2610 1928 2
2610 2513 2
2614 1394 2
2614 2928 2
2615 2501 2
262 159 2
262 2647 2
2626 242 2
2626 2453 2
2626 2669 2
2626 2945 2
2626 612 2
2629 1265 2
2629 131 2
264 149 2
264 371 2
264 92 2
2640 1251 2
2640 1513 2
2643 1231 2
2643 2349 2
2643 2670 2
2643 638 2
2643 640 2
2643 778 2
2644 340 2
2644 59 2
2647 159 2
2647 2297 2
2647 2661 2
2647 627 2
2648 158 2
2648 2792 2
2648 2815 2
2648 321 2
2648 942 2
265 2859 2
265 2864 2
2651 1168 2
2651 930 2
2655 1087 2
2655 1201 2
266 456 2
2662 1859 2
2663 1366 2
2663 1450 2
2663 2824 2
2664 2935 2
2664 2944 2
2667 623 2
2669 2453 2
2669 2626 2
2669 2806 2
2669 2807 2
267 153 2
267 19 2
267 2900 2
2670 1045 2
2670 1230 2
2670 3012 2
2670 3013 2
2670 3014 2
2673 3008 2
2676 1735 2
2676 2744 2
2676 2745 2
2676 2763 2
2676 641 2
2677 2247 2
2678 1924 2
2681 1440 2
2682 2174 2
2682 482 2
2686 2703 2
269 114 2
269 130 2
269 152 2
269 2209 2
269 3038 2
269 3043 2
269 713 2
2693 3040 2
2700 3051 2
2701 187 2
2701 2238 2
2701 2677 2
2702 2312 2
2703 2193 2
2704 1163 2
2704 2378 2
2706 2674 2
2706 2694 2
2706 2704 2
2706 968 2
2707 2664 2
2707 2838 2
2708 1212 2
2709 2321 2
2710 135 2
2710 316 2
2711 193 2
2711 659 2
2711 787 2
2712 682 2
2712 755 2
2712 799 2
2713 2811 2
2713 443 2
2713 473 2
2714 461 2
2715 1123 2
2715 1966 2
2716 104 2
2716 2732 2
2716 922 2
2717 106 2
2717 2730 2
2717 517 2
2718 1851 2
2718 509 2
2718 562 2
2719 2158 2
2719 2160 2
2719 2712 2
2719 682 2
272 1931 2
272 2804 2
272 333 2
2720 399 2
2720 477 2
2720 511 2
2720 798 2
2721 19 2
2721 197 2
2721 267 2
2721 99 2
2722 112 2
2722 1184 2
2722 2727 2
2722 412 2
2722 828 2
2722 842 2
2723 2247 2
2723 2713 2
2723 580 2
2723 643 2
2724 241 2
2725 1955 2
2726 522 2
2727 2810 2
2727 557 2
2727 684 2
2727 968 2
2727 98 2
2728 1529 2
2728 523 2
2729 224 2
2729 281 2
2729 2900 2
2729 2906 2
2729 396 2
2731 15 2
2733 1180 2
2733 1853 2
2733 514 2
2733 579 2
2735 1244 2
2735 1581 2
2735 2563 2
2736 2233 2
2736 2742 2
2739 2296 2
2739 2746 2
2740 153 2
2740 216 2
2740 910 2
2741 826 2
2742 2743 2
2742 432 2
2742 891 2
2744 1735 2
2744 1981 2
2744 2745 2
2744 658 2
2745 1735 2
2745 2763 2
2745 658 2
2746 2006 2
2746 2296 2
2746 747 2
2747 2741 2
2747 2748 2
2748 2741 2
2748 2761 2
2748 2770 2
2749 2133 2
2749 498 2
2749 651 2
2749 652 2
2749 653 2
2749 661 2
2749 674 2
2749 759 2
275 1244 2
275 13 2
275 1302 2
275 1533 2
275 2053 2
275 264 2
275 280 2
275 801 2
275 92 2
2750 1811 2
2750 2751 2
2750 2752 2
2751 1814 2
2751 2752 2
2751 2754 2
2752 1814 2
2752 2465 2
2752 459 2
2754 2750 2
2755 941 2
2756 2759 2
2756 826 2
2757 2761 2
2757 2762 2
2759 2747 2
2759 2762 2
2759 2791 2
2759 825 2
276 200 2
276 237 2
276 37 2
276 965 2
2760 2743 2
2762 2741 2
2762 2747 2
2763 1100 2
2763 1981 2
2763 2133 2
2763 232 2
2763 2744 2
2763 277 2
2763 330 2
2763 641 2
2764 125 2
2764 68 2
2765 1828 2
2765 2651 2
2765 930 2
2766 2767 2
2767 144 2
2767 1738 2
2768 2159 2
2769 2757 2
2769 2770 2
2769 826 2
277 1623 2
277 1870 2
277 256 2
277 477 2
277 662 2
2771 2780 2
2771 441 2
2772 148 2
2773 189 2
2773 197 2
2773 207 2
2773 981 2
2775 262 2
2775 627 2
2776 216 2
2776 2740 2
2776 314 2
2777 2181 2
2777 2841 2
2779 2742 2
278 1108 2
278 1202 2
278 211 2
278 32 2
278 37 2
278 546 2
2782 1183 2
2782 2676 2
2782 2744 2
2782 641 2
2782 848 2
2783 2738 2
2783 360 2
2784 355 2
2785 2786 2
2788 2575 2
2789 2779 2
2790 60 2
2792 1166 2
2792 2648 2
2792 536 2
2793 609 2
2794 2795 2
2795 2307 2
2795 734 2
2796 443 2
2797 2321 2
2797 538 2
2798 111 2
2798 2799 2
2798 568 2
2798 609 2
2799 111 2
2799 1498 2
2799 2713 2
2799 523 2
2799 568 2
2799 609 2
2799 609 2
280 132 2
280 275 2
280 330 2
280 487 2
280 801 2
2800 2321 2
2800 328 2
2800 423 2
2801 2800 2
2801 538 2
2802 2793 2
2802 2798 2
2802 2799 2
2802 2803 2
2802 2811 2
2803 2713 2
2803 2798 2
2803 2799 2
2803 2995 2
2803 609 2
2804 1933 2
2804 31 2
2805 415 2
2805 56 2
2805 74 2
2806 242 2
2806 2669 2
2806 2807 2
2807 242 2
2807 2453 2
2807 2669 2
2807 2806 2
2808 112 2
2809 2299 2
281 1401 2
281 195 2
281 264 2
281 2667 2
281 514 2
281 64 2
281 931 2
2810 2727 2
2811 1498 2
2811 2799 2
2811 523 2
2811 568 2
2811 609 2
2812 2797 2
2812 2800 2
2813 738 2
2815 2648 2
2816 213 2
2817 1195 2
2818 785 2
2819 1405 2
2819 1584 2
2819 1641 2
2819 1965 2
2819 3019 2
2820 412 2
2821 1366 2
2821 2663 2
2821 2827 2
2822 2821 2
2822 2825 2
2822 2827 2
2823 1055 2
2823 2749 2
2824 1450 2
2824 2822 2
2824 2825 2
2825 2827 2
2826 759 2
2828 2013 2
2829 2830 2
2831 112 2
2831 190 2
2832 2068 2
2832 567 2
2832 656 2
2833 2829 2
2835 1623 2
2835 385 2
2836 623 2
2837 1529 2
2839 1846 2
2839 2237 2
2839 2266 2
2839 2707 2
2840 2297 2
2840 700 2
2841 2213 2
2842 557 2
2843 1221 2
2844 2296 2
2845 1657 2
2845 799 2
2846 2185 2
2849 1145 2
2849 2006 2
2849 771 2
2853 1061 2
2853 1090 2
2853 2844 2
2854 236 2
2855 1950 2
2856 2868 2
2857 236 2
2859 2170 2
2859 2293 2
2860 1264 2
2861 2152 2
2861 2862 2
2863 2659 2
2864 1593 2
2864 2858 2
2865 2290 2
2866 1072 2
2866 2857 2
2866 765 2
2867 1549 2
2868 266 2
2868 34 2
2869 138 2
287 1847 2
287 62 2
287 622 2
287 639 2
287 653 2
287 734 2
287 983 2
2870 2290 2
2870 2340 2
2870 248 2
2871 500 2
2872 1327 2
2872 2152 2
2873 138 2
2873 1440 2
2874 2242 2
2874 2295 2
2874 2864 2
2875 514 2
2876 1265 2
2877 30 2
2878 2243 2
2879 2860 2
2880 1583 2
2880 973 2
2882 234 2
2883 376 2
2885 2884 2
2885 376 2
2886 2515 2
2887 2890 2
2888 1684 2
2888 880 2
2889 2890 2
289 1211 2
289 2193 2
289 2235 2
289 2237 2
289 2247 2
289 2983 2
289 968 2
2890 1148 2
2890 2648 2
2890 914 2
2891 2897 2
2891 376 2
2893 2648 2
2896 1166 2
2896 2180 2
2897 2430 2
2898 2894 2
2899 2590 2
2900 162 2
2900 2721 2
2900 396 2
2900 99 2
2901 1026 2
2901 1344 2
2902 1026 2
2902 1406 2
2902 1983 2
2902 2901 2
2902 515 2
2903 451 2
2904 2903 2
2905 98 2
2906 2900 2
2908 723 2
2909 736 2
291 189 2
291 245 2
291 486 2
291 94 2
2910 177 2
2910 2900 2
2910 2906 2
2911 1187 2
2911 2912 2
2911 74 2
2912 466 2
2913 2914 2
2914 1531 2
2914 1800 2
2915 1590 2
2917 1741 2
2919 1266 2
2919 1891 2
2919 2923 2
2919 60 2
2920 2590 2
2921 1767 2
2921 2962 2
2923 1267 2
2923 2924 2
2923 720 2
2925 2597 2
2925 2605 2
2927 2245 2
2928 1270 2
2928 1792 2
2928 2496 2
2930 2443 2
2930 2577 2
2930 2636 2
2930 2931 2
2932 1460 2
2932 1534 2
2932 2599 2
2933 2934 2
2933 2935 2
2933 2936 2
2934 2936 2
2934 2943 2
2934 2944 2
2935 1846 2
2935 2943 2
2935 2944 2
2936 2935 2
2936 2943 2
2936 2944 2
2937 1760 2
2938 2478 2
2938 2519 2
2939 2632 2
2939 2930 2
2939 623 2
2941 514 2
2942 1648 2
2943 1846 2
2943 2933 2
2943 2944 2
2944 1846 2
2945 1396 2
2945 1654 2
2945 1778 2
2946 1643 2
2946 1715 2
2947 1361 2
2949 1643 2
2951 2611 2
2952 1644 2
2952 2453 2
2953 118 2
2953 1602 2
2954 1369 2
2955 1599 2
2955 1778 2
2956 1036 2
2956 2957 2
2960 1291 2
2961 1394 2
2961 1557 2
2963 2511 2
2964 496 2
2965 1468 2
2966 1532 2
2966 2540 2
2967 1583 2
2967 2918 2
2969 2913 2
2970 1360 2
2970 1531 2
2970 2956 2
2971 1418 2
2973 2921 2
2975 2225 2
2975 2600 2
2975 2965 2
2975 2976 2
2977 1643 2
2977 1753 2
2977 2508 2
2977 2978 2
2978 1785 2
2979 1760 2
2980 1582 2
2980 2571 2
2980 2576 2
2980 2600 2
2980 2965 2
2981 931 2
2982 1938 2
2983 968 2
2984 1284 2
2985 1114 2
2985 1635 2
2985 1853 2
2985 2250 2
2985 395 2
2986 1464 2
2986 1631 2
2987 359 2
2988 2989 2
2989 3001 2
2989 3002 2
299 1819 2
299 187 2
299 252 2
299 31 2
299 842 2
2990 2998 2
2990 2999 2
2990 359 2
2992 658 2
2993 202 2
2994 1103 2
2995 2799 2
2995 2811 2
2995 473 2
2995 523 2
2996 2135 2
2997 2419 2
2998 2997 2
2999 2982 2
3 602 2
3 808 2
3 9 2
30 1963 2
30 2749 2
300 673 2
3000 1047 2
3001 239 2
3001 2408 2
3001 2991 2
3001 3007 2
3002 1933 2
3003 2099 2
3005 2996 2
3008 968 2
3009 2999 2
3011 2900 2
3012 2349 2
3012 2643 2
3012 3014 2
3013 1045 2
3013 1230 2
3013 3012 2
3014 2643 2
3015 1617 2
3015 2180 2
3015 2896 2
3016 2384 2
3016 398 2
3018 1088 2
3018 1151 2
3018 1894 2
3018 1906 2
3018 77 2
3019 1584 2
3019 1641 2
3019 2819 2
3019 310 2
302 467 2
302 485 2
302 673 2
3020 153 2
3020 2900 2
3021 1077 2
3021 478 2
3022 2237 2
3022 2839 2
3022 3017 2
3022 3026 2
3023 882 2
3024 1296 2
3026 2237 2
3026 2839 2
3026 3017 2
3027 1867 2
3029 1859 2
3029 1870 2
3030 3031 2
3030 882 2
3032 3033 2
3033 3041 2
3033 3042 2
3033 674 2
3034 1895 2
3034 1917 2
3035 2700 2
3036 152 2
3036 2209 2
3036 3038 2
3036 3043 2
3036 713 2
3037 114 2
3037 2209 2
3037 269 2
3037 3043 2
3038 127 2
3038 128 2
3038 2209 2
3039 3040 2
3041 3046 2
3042 3046 2
3042 674 2
3043 127 2
3043 128 2
3043 130 2
3043 39 2
3043 41 2
3043 712 2
3045 3032 2
3045 3033 2
3045 3042 2
3046 3033 2
3046 3045 2
3047 2708 2
3048 1476 2
3048 1904 2
3048 2361 2
3049 1908 2
3049 2587 2
3050 1902 2
3050 1920 2
3050 3052 2
3053 1848 2
31 2009 2
31 239 2
31 252 2
31 2988 2
31 2990 2
31 330 2
310 1032 2
310 1406 2
310 142 2
310 1584 2
310 1641 2
310 3019 2
310 818 2
310 872 2
313 1158 2
313 578 2
314 1098 2
314 153 2
314 162 2
314 2733 2
314 2740 2
314 42 2
314 514 2
316 15 2
316 2717 2
32 88 2
32 997 2
321 2024 2
321 2648 2
321 536 2
328 2188 2
328 2722 2
328 2797 2
328 2812 2
328 423 2
328 725 2
328 832 2
330 1245 2
330 132 2
330 1791 2
330 1931 2
330 452 2
330 461 2
330 487 2
330 537 2
330 583 2
330 849 2
333 1933 2
333 362 2
334 1456 2
334 1472 2
334 159 2
334 1866 2
334 1973 2
334 2297 2
334 2647 2
334 2661 2
334 485 2
335 1993 2
337 1136 2
337 19 2
337 1976 2
337 519 2
338 1711 2
338 1791 2
338 2723 2
339 143 2
339 1501 2
339 1828 2
339 398 2
34 1177 2
34 256 2
34 265 2
34 266 2
34 423 2
34 522 2
34 64 2
34 931 2
340 1249 2
340 2224 2
340 59 2
345 1061 2
345 1185 2
345 393 2
35 2170 2
35 2724 2
352 704 2
355 2640 2
355 443 2
355 522 2
355 543 2
356 783 2
357 338 2
357 458 2
357 914 2
358 313 2
359 2999 2
359 3002 2
359 462 2
360 189 2
360 2738 2
360 401 2
362 1838 2
362 1933 2
362 2982 2
362 3004 2
364 1184 2
37 275 2
371 1032 2
371 373 2
371 441 2
371 461 2
371 461 2
371 467 2
371 623 2
371 643 2
371 731 2
371 789 2
373 147 2
373 2766 2
373 610 2
375 1114 2
375 1221 2
375 334 2
375 79 2
376 1830 2
376 2084 2
376 2430 2
376 2886 2
383 1791 2
383 2005 2
383 573 2
383 659 2
384 1431 2
384 1530 2
384 1564 2
384 1619 2
384 1808 2
384 483 2
384 956 2
385 1195 2
385 1328 2
385 2168 2
385 482 2
387 1184 2
387 423 2
387 521 2
39 114 2
39 2209 2
39 223 2
39 269 2
39 3036 2
39 3037 2
39 3038 2
39 41 2
39 713 2
392 1185 2
392 1220 2
392 2711 2
393 1185 2
393 1220 2
393 2392 2
393 2711 2
393 996 2
395 1114 2
395 1853 2
395 2016 2
395 2250 2
395 71 2
396 177 2
396 2224 2
396 2326 2
396 2496 2
396 2729 2
396 456 2
396 60 2
398 109 2
398 2384 2
398 3016 2
398 87 2
399 2127 2
399 2663 2
399 2714 2
399 654 2
400 1401 2
400 2364 2
401 2591 2
402 1249 2
403 248 2
403 360 2
403 401 2
409 1715 2
409 2487 2
41 152 2
41 269 2
41 3036 2
41 3037 2
41 3038 2
415 56 2
416 112 2
418 197 2
418 275 2
419 18 2
42 1180 2
42 1683 2
42 1942 2
42 1990 2
42 2250 2
42 237 2
42 2405 2
42 2733 2
42 2986 2
42 648 2
42 649 2
42 725 2
421 684 2
421 862 2
423 112 2
423 2413 2
423 2797 2
423 2801 2
423 2812 2
423 817 2
423 832 2
43 1958 2
432 151 2
432 1568 2
432 2743 2
435 179 2
435 1823 2
435 2101 2
435 2263 2
436 2051 2
436 2107 2
436 2119 2
436 2984 2
439 13 2
439 2252 2
439 440 2
44 1177 2
44 1430 2
44 2926 2
440 13 2
440 1808 2
440 2426 2
440 265 2
440 330 2
440 676 2
440 885 2
441 2753 2
441 461 2
441 659 2
441 789 2
443 2796 2
443 445 2
443 562 2
443 577 2
443 684 2
444 251 2
444 545 2
444 577 2
444 716 2
445 519 2
449 2694 2
45 1117 2
45 832 2
450 803 2
451 2921 2
452 124 2
452 1245 2
452 280 2
455 1032 2
455 1108 2
455 913 2
456 2247 2
456 2247 2
456 2673 2
456 2993 2
456 312 2
456 42 2
456 573 2
456 653 2
456 736 2
456 98 2
457 913 2
458 1308 2
458 1533 2
458 1711 2
458 338 2
458 742 2
459 1812 2
460 2804 2
460 2988 2
460 2990 2
460 362 2
461 1677 2
461 2466 2
461 252 2
461 299 2
461 31 2
461 452 2
461 457 2
461 523 2
461 583 2
461 623 2
461 659 2
461 731 2
462 1344 2
462 1931 2
462 239 2
462 299 2
462 31 2
462 359 2
462 371 2
462 45 2
462 461 2
462 546 2
462 583 2
462 643 2
462 659 2
462 968 2
464 403 2
465 1197 2
465 2095 2
465 302 2
465 586 2
465 673 2
465 862 2
466 1677 2
466 2141 2
466 563 2
466 838 2
467 1160 2
467 1677 2
467 1782 2
467 1791 2
467 188 2
467 2340 2
467 278 2
467 2843 2
467 480 2
467 545 2
467 586 2
467 622 2
467 704 2
467 731 2
467 736 2
47 1421 2
47 178 2
47 188 2
47 48 2
47 824 2
473 1498 2
473 2799 2
473 2803 2
473 609 2
477 586 2
477 716 2
48 1270 2
48 182 2
48 226 2
48 487 2
480 1221 2
482 1675 2
482 1870 2
482 2180 2
482 2189 2
482 385 2
483 1345 2
483 2572 2
485 1969 2
485 1973 2
485 375 2
485 503 2
485 749 2
487 1027 2
487 124 2
487 13 2
487 1308 2
487 132 2
487 211 2
487 452 2
487 455 2
487 560 2
49 1149 2
49 117 2
49 1636 2
49 170 2
49 579 2
491 587 2
494 1141 2
496 1244 2
496 1533 2
496 1581 2
496 2469 2
498 1055 2
498 661 2
498 734 2
500 113 2
500 1711 2
500 1768 2
500 514 2
500 621 2
500 671 2
500 673 2
502 567 2
503 467 2
507 2090 2
507 2826 2
507 652 2
507 722 2
509 2728 2
509 477 2
51 1363 2
51 200 2
51 2077 2
51 2079 2
51 2402 2
51 2413 2
51 2422 2
51 2773 2
51 3010 2
51 70 2
51 731 2
510 461 2
510 557 2
511 2720 2
514 1098 2
514 2659 2
514 2781 2
514 312 2
515 1026 2
515 1983 2
515 234 2
515 2644 2
515 281 2
515 2901 2
517 12 2
519 1307 2
519 164 2
519 1812 2
519 443 2
519 649 2
521 1197 2
521 2671 2
521 456 2
521 829 2
521 831 2
522 257 2
522 656 2
523 1498 2
523 2793 2
523 2799 2
523 2802 2
523 2803 2
523 2803 2
523 2811 2
523 299 2
523 725 2
525 1415 2
525 15 2
536 1296 2
536 1617 2
536 2792 2
536 2896 2
536 3025 2
536 321 2
537 1791 2
537 439 2
537 913 2
538 2800 2
538 328 2
542 1264 2
542 1760 2
542 1925 2
542 2284 2
543 2713 2
543 557 2
543 573 2
545 1117 2
545 1677 2
545 2723 2
545 280 2
545 789 2
546 1393 2
546 1597 2
557 2127 2
557 2780 2
557 635 2
558 2097 2
558 2111 2
558 2150 2
56 193 2
56 74 2
560 1257 2
560 1269 2
560 2196 2
560 452 2
562 1851 2
562 34 2
562 399 2
562 973 2
563 129 2
563 2713 2
563 3008 2
563 465 2
563 586 2
568 2793 2
568 2803 2
569 1308 2
57 2715 2
57 819 2
573 132 2
573 202 2
573 2200 2
573 2266 2
573 257 2
573 2718 2
573 462 2
573 467 2
573 913 2
574 1929 2
574 373 2
574 83 2
577 562 2
579 1853 2
580 1791 2
580 2317 2
580 330 2
580 439 2
580 537 2
580 673 2
580 98 2
583 1931 2
583 252 2
583 31 2
586 1187 2
586 1677 2
586 2709 2
586 337 2
586 519 2
586 610 2
586 715 2
59 1499 2
59 1572 2
59 2224 2
59 2765 2
59 930 2
595 1479 2
595 1619 2
595 1723 2
60 1270 2
60 1758 2
60 2523 2
600 1561 2
602 1428 2
602 2247 2
602 808 2
609 111 2
609 1498 2
609 2802 2
609 2803 2
609 2811 2
609 2995 2
609 523 2
61 1250 2
61 222 2
61 2328 2
61 2591 2
61 2721 2
61 623 2
61 637 2
610 188 2
610 257 2
610 371 2
610 461 2
612 2939 2
612 623 2
614 2837 2
614 412 2
62 115 2
62 254 2
621 113 2
621 178 2
621 2067 2
621 2076 2
621 371 2
621 399 2
621 440 2
621 452 2
621 725 2
622 139 2
622 188 2
622 287 2
622 673 2
623 1112 2
623 1180 2
623 1677 2
623 2072 2
623 441 2
623 462 2
623 968 2
627 1222 2
627 1852 2
627 262 2
627 3025 2
635 53 2
635 656 2
635 684 2
635 728 2
637 1245 2
637 1373 2
637 1581 2
637 1846 2
637 1871 2
637 2317 2
637 278 2
637 710 2
638 1173 2
638 1695 2
638 640 2
638 664 2
64 14 2
64 1489 2
64 188 2
64 204 2
64 2196 2
64 49 2
640 1231 2
640 664 2
640 778 2
641 1100 2
641 1173 2
641 1683 2
641 1695 2
641 1735 2
641 2744 2
641 640 2
641 661 2
641 664 2
643 1677 2
643 193 2
643 2774 2
643 441 2
643 461 2
643 580 2
643 623 2
643 789 2
644 2156 2
648 2840 2
648 2884 2
648 649 2
648 700 2
649 1030 2
649 157 2
649 164 2
649 2297 2
649 2840 2
65 2927 2
651 30 2
651 396 2
651 399 2
651 654 2
652 2090 2
652 2133 2
652 2749 2
652 30 2
652 651 2
652 654 2
652 674 2
652 722 2
652 734 2
652 759 2
653 2090 2
653 30 2
653 30 2
653 30 2
653 399 2
653 651 2
653 651 2
653 654 2
653 674 2
654 113 2
654 2749 2
654 651 2
654 882 2
655 1055 2
655 2749 2
655 2823 2
655 30 2
656 1234 2
656 2068 2
656 2330 2
658 1735 2
658 2763 2
658 2782 2
659 1027 2
659 1645 2
659 1791 2
659 2363 2
659 242 2
659 371 2
659 467 2
659 573 2
659 637 2
659 643 2
659 656 2
659 789 2
66 357 2
66 742 2
661 1042 2
661 1055 2
661 1064 2
661 2823 2
661 507 2
661 652 2
661 663 2
661 759 2
662 34 2
663 2826 2
663 507 2
663 652 2
664 1201 2
664 1231 2
664 2076 2
670 941 2
670 997 2
671 883 2
671 956 2
673 1007 2
673 1308 2
673 1408 2
673 160 2
673 455 2
673 457 2
673 467 2
673 659 2
673 913 2
674 2090 2
674 2133 2
674 232 2
674 30 2
674 3045 2
674 3046 2
674 654 2
674 655 2
674 722 2
674 722 2
675 1245 2
676 803 2
676 885 2
68 1738 2
681 1597 2
681 1613 2
681 2311 2
682 794 2
682 799 2
684 2013 2
684 2141 2
684 251 2
684 522 2
684 543 2
685 1220 2
685 1892 2
685 2224 2
685 392 2
685 393 2
685 42 2
687 1235 2
687 355 2
687 828 2
691 1054 2
691 1234 2
691 1362 2
691 145 2
691 1921 2
691 2030 2
691 2392 2
691 792 2
692 1210 2
692 257 2
692 450 2
692 563 2
692 803 2
696 1309 2
696 763 2
700 1030 2
700 649 2
704 1466 2
704 2311 2
704 2333 2
704 2413 2
704 34 2
704 395 2
704 9 2
704 98 2
706 2290 2
706 704 2
706 742 2
707 1112 2
707 738 2
71 1086 2
712 114 2
712 152 2
712 223 2
712 269 2
712 3036 2
712 3037 2
712 41 2
712 713 2
713 128 2
713 130 2
713 3038 2
713 3043 2
715 1039 2
715 1153 2
715 1976 2
715 649 2
716 2718 2
716 387 2
720 1286 2
720 1440 2
720 155 2
720 48 2
720 641 2
722 1100 2
722 2090 2
722 30 2
722 654 2
722 655 2
722 759 2
725 1711 2
725 500 2
725 521 2
725 641 2
726 515 2
728 2141 2
728 2720 2
728 521 2
728 656 2
73 2991 2
73 362 2
731 1202 2
731 1244 2
731 130 2
731 197 2
731 440 2
731 621 2
731 637 2
731 676 2
734 2749 2
734 2823 2
734 639 2
736 1264 2
736 1593 2
736 885 2
737 696 2
737 763 2
738 2813 2
738 707 2
739 2084 2
739 2885 2
739 2891 2
739 774 2
74 2129 2
74 2141 2
74 2221 2
74 466 2
74 838 2
741 961 2
742 1073 2
742 2723 2
742 914 2
743 687 2
743 728 2
743 98 2
747 2296 2
749 302 2
749 503 2
749 647 2
75 254 2
75 2716 2
755 2158 2
755 2160 2
755 2719 2
755 794 2
757 1309 2
757 2040 2
757 770 2
759 1039 2
759 1438 2
759 2090 2
759 2133 2
759 507 2
759 652 2
759 653 2
759 663 2
759 674 2
759 674 2
759 722 2
761 2771 2
763 1309 2
763 770 2
769 2848 2
77 1026 2
77 1088 2
77 12 2
77 1408 2
77 1827 2
77 1894 2
77 200 2
77 241 2
77 2746 2
77 747 2
77 890 2
770 2040 2
770 2041 2
770 737 2
771 1145 2
771 2006 2
774 157 2
774 165 2
774 1820 2
777 1489 2
777 1581 2
777 1645 2
777 1871 2
777 1882 2
777 685 2
778 1695 2
778 2659 2
778 2863 2
778 2875 2
778 641 2
78 170 2
78 200 2
78 204 2
783 1374 2
783 1898 2
783 2466 2
784 1088 2
784 1408 2
784 1578 2
784 1891 2
784 238 2
784 2555 2
784 77 2
785 1827 2
787 2883 2
787 824 2
788 1026 2
788 1919 2
788 2555 2
788 784 2
789 1677 2
789 2321 2
789 2787 2
789 2850 2
789 328 2
789 461 2
789 462 2
789 623 2
79 104 2
79 1221 2
79 200 2
79 334 2
79 34 2
79 485 2
79 75 2
790 643 2
790 762 2
792 793 2
793 1175 2
794 2158 2
794 2160 2
794 2712 2
797 165 2
797 833 2
798 112 2
798 1645 2
798 2720 2
798 493 2
799 2158 2
799 2719 2
799 755 2
801 275 2
801 280 2
803 1210 2
803 124 2
803 148 2
803 440 2
803 560 2
803 731 2
806 2296 2
806 833 2
807 2292 2
808 1252 2
808 2247 2
808 9 2
808 959 2
809 895 2
813 2992 2
813 658 2
817 1851 2
817 862 2
818 142 2
818 1428 2
818 2015 2
818 2255 2
818 2598 2
818 2819 2
818 3 2
818 602 2
818 808 2
818 819 2
818 89 2
818 9 2
819 1032 2
819 1406 2
819 142 2
819 1456 2
819 2715 2
819 9 2
824 1234 2
824 1990 2
824 2363 2
824 2512 2
824 2593 2
824 2711 2
825 2741 2
825 2747 2
825 2756 2
826 2748 2
826 2757 2
826 2758 2
827 1214 2
827 1219 2
827 2296 2
827 691 2
827 792 2
829 519 2
83 125 2
83 147 2
831 1529 2
831 465 2
831 510 2
831 577 2
832 2321 2
832 2797 2
832 2800 2
832 2801 2
832 538 2
832 573 2
833 334 2
833 819 2
838 2141 2
838 2911 2
839 728 2
842 2722 2
842 491 2
848 2744 2
848 2745 2
848 2763 2
848 641 2
848 658 2
849 1160 2
849 14 2
849 1609 2
849 2311 2
849 883 2
853 1597 2
853 1937 2
853 681 2
860 1927 2
860 1949 2
862 1677 2
862 2723 2
862 842 2
862 995 2
868 1393 2
868 1530 2
868 1657 2
87 339 2
872 1406 2
872 2015 2
872 819 2
872 9 2
879 1274 2
879 1530 2
88 1194 2
88 621 2
880 1166 2
880 1711 2
880 1791 2
880 2172 2
880 2887 2
880 357 2
882 482 2
883 1397 2
883 2069 2
883 264 2
883 2984 2
885 1481 2
885 2413 2
885 731 2
885 803 2
885 9 2
89 1428 2
89 602 2
89 9 2
890 2816 2
891 432 2
895 1631 2
895 2984 2
9 1123 2
9 1252 2
9 1466 2
9 2247 2
9 2413 2
9 310 2
9 602 2
9 736 2
9 819 2
900 113 2
900 1544 2
900 199 2
901 2163 2
901 2204 2
901 557 2
902 1928 2
902 2458 2
902 2610 2
908 2691 2
908 2693 2
908 339 2
908 87 2
91 1035 2
91 166 2
91 833 2
910 162 2
910 179 2
910 233 2
910 314 2
913 13 2
913 13 2
913 132 2
913 257 2
913 537 2
913 569 2
913 573 2
913 798 2
913 92 2
914 1791 2
914 2894 2
914 2895 2
914 364 2
914 880 2
918 228 2
918 2717 2
918 999 2
92 132 2
92 133 2
92 1380 2
92 1597 2
92 197 2
92 2311 2
92 257 2
92 913 2
920 2901 2
920 2902 2
920 515 2
922 115 2
922 179 2
922 276 2
923 138 2
923 2281 2
929 1906 2
929 2542 2
93 1955 2
93 47 2
930 1168 2
930 1828 2
931 1177 2
931 183 2
931 595 2
935 3050 2
938 2116 2
938 2986 2
938 2996 2
941 122 2
941 987 2
942 1166 2
942 2024 2
942 2648 2
943 2132 2
945 2266 2
945 2838 2
945 2839 2
955 1458 2
955 256 2
955 931 2
956 1609 2
956 483 2
956 931 2
959 2847 2
959 762 2
960 153 2
960 255 2
960 464 2
960 987 2
961 1869 2
961 2266 2
961 2378 2
961 251 2
961 653 2
965 2960 2
965 2961 2
968 371 2
968 441 2
968 509 2
968 643 2
968 716 2
968 789 2
973 1265 2
973 2283 2
973 299 2
973 656 2
974 396 2
974 961 2
98 149 2
98 1791 2
98 197 2
98 257 2
98 37 2
98 387 2
98 439 2
98 440 2
98 467 2
98 556 2
981 171 2
981 189 2
981 436 2
981 51 2
983 1847 2
987 2591 2
987 464 2
987 670 2
989 2985 2
989 71 2
99 162 2
99 19 2
99 267 2
99 3020 2
995 1197 2
995 257 2
995 684 2
995 725 2
996 2005 2
996 2030 2
996 2711 2
997 122 2
999 1941 2
10 114 3
100 183 3
100 1929 3
100 2195 3
100 250 3
100 669 3
100 712 3
100 713 3
1003 213 3
1003 3100 3
1003 396 3
1003 99 3
1005 2042 3
1005 3089 3
1005 353 3
1005 354 3
1005 633 3
1005 646 3
1005 763 3
1007 1131 3
1007 1489 3
1007 160 3
1007 1645 3
1007 3365 3
1008 2542 3
101 128 3
101 147 3
101 156 3
101 269 3
101 3037 3
101 3038 3
101 444 3
101 47 3
101 712 3
1013 1095 3
1013 1201 3
1013 1571 3
1013 595 3
1013 64 3
1013 913 3
1016 1057 3
1016 536 3
1016 641 3
1016 913 3
102 127 3
102 1676 3
102 2 3
102 2195 3
102 3104 3
102 3138 3
102 373 3
1021 2814 3
1023 3056 3
1023 574 3
1024 3066 3
1025 1131 3
1025 132 3
1025 1623 3
1025 235 3
1025 242 3
1025 2478 3
1025 333 3
1025 92 3
1026 1432 3
1026 1900 3
1026 1900 3
1026 2103 3
1026 2103 3
1026 2466 3
1026 2580 3
1026 3018 3
1026 3050 3
1026 3234 3
1026 3459 3
1026 499 3
1027 113 3
1027 132 3
1027 48 3
1027 487 3
1027 519 3
1027 659 3
1027 731 3
1027 807 3
1028 2154 3
1028 2358 3
103 444 3
1031 1125 3
1032 2278 3
1032 416 3
1032 902 3
1033 1335 3
1033 17 3
1033 2170 3
1033 2574 3
1033 55 3
1035 1523 3
1035 2916 3
1035 60 3
1036 1361 3
1039 1101 3
1039 1173 3
1039 3224 3
1039 722 3
104 1327 3
104 229 3
104 241 3
104 36 3
104 910 3
1042 1116 3
1042 226 3
1046 1067 3
1046 2016 3
1046 734 3
1054 1090 3
1054 2142 3
1054 302 3
1055 1062 3
1055 1067 3
1055 1116 3
1055 1173 3
1055 132 3
1055 207 3
1055 226 3
1055 3422 3
1055 638 3
1055 772 3
1055 778 3
1056 246 3
1056 605 3
1056 968 3
1057 1180 3
1057 1202 3
1057 165 3
1057 17 3
1057 2336 3
1057 449 3
1057 573 3
1057 833 3
106 2717 3
1061 1214 3
1061 2154 3
1061 771 3
1061 792 3
1062 1103 3
1065 1257 3
1065 2655 3
1065 462 3
1065 497 3
1066 1244 3
1066 2319 3
1066 2521 3
1066 3341 3
1067 1039 3
1067 1042 3
1067 1101 3
1067 3013 3
1067 3236 3
1071 1497 3
1071 3243 3
1072 2681 3
1072 2869 3
1072 765 3
1074 1061 3
1074 3159 3
1074 3160 3
1074 958 3
1077 1054 3
1077 2005 3
1077 2142 3
108 3204 3
108 340 3
108 88 3
1080 1148 3
1080 1393 3
1080 458 3
1080 66 3
1080 742 3
1081 2361 3
1082 221 3
1082 268 3
1082 2959 3
1087 1201 3
1087 3465 3
1087 715 3
1088 1885 3
1088 1906 3
1090 1077 3
1090 1131 3
1090 164 3
1090 1979 3
1090 2363 3
1090 42 3
1090 448 3
1090 787 3
1092 1067 3
1092 1100 3
1092 226 3
1092 3000 3
1095 1231 3
1095 2016 3
1095 3342 3
1095 913 3
1100 3000 3
1100 3151 3
1100 3185 3
1101 1092 3
1101 1100 3
1101 2289 3
1101 2670 3
1101 3013 3
1103 1092 3
1103 1100 3
1103 1141 3
1103 237 3
1103 515 3
1104 1197 3
1104 1548 3
1104 165 3
1104 1684 3
1104 2315 3
1104 3064 3
1104 3065 3
1104 3146 3
1104 3181 3
1104 3242 3
1104 3245 3
1104 3330 3
1104 387 3
1104 64 3
1104 742 3
1108 1202 3
1108 1397 3
1108 207 3
1108 2172 3
1108 357 3
1108 519 3
1108 704 3
1110 1476 3
1110 3050 3
1113 765 3
1114 237 3
1116 1046 3
1116 1067 3
1116 1231 3
1117 188 3
1117 2412 3
1117 2464 3
1117 3324 3
1117 455 3
1118 2555 3
112 1209 3
112 2188 3
112 2311 3
112 251 3
112 256 3
112 277 3
112 2796 3
112 466 3
112 545 3
112 56 3
112 56 3
112 572 3
112 830 3
1123 1031 3
1123 121 3
1125 1123 3
1125 121 3
1125 1241 3
1125 3201 3
1125 3212 3
1125 3261 3
1125 3380 3
113 1180 3
113 1581 3
113 1719 3
113 2057 3
113 207 3
113 2152 3
113 2233 3
113 3481 3
113 516 3
113 621 3
113 840 3
113 997 3
1131 1782 3
1131 1997 3
1131 2002 3
1131 228 3
1131 312 3
1131 385 3
1131 637 3
1131 659 3
1131 673 3
1131 777 3
1136 482 3
114 101 3
114 1031 3
114 1123 3
114 1125 3
114 128 3
114 1769 3
114 21 3
114 2209 3
114 223 3
114 3037 3
114 3130 3
114 3261 3
114 39 3
1141 1062 3
1141 1100 3
1141 1116 3
1141 1231 3
1141 3167 3
1143 1101 3
1145 1061 3
1145 3159 3
1145 958 3
1146 2572 3
1146 956 3
1147 2255 3
1147 2277 3
1147 2278 3
1148 112 3
1148 1177 3
1148 1327 3
1148 1393 3
1148 1635 3
1148 2464 3
1148 3150 3
1148 3184 3
1148 446 3
1148 580 3
1148 612 3
1148 66 3
1148 742 3
1149 1136 3
1149 1623 3
1149 3460 3
115 138 3
115 207 3
115 278 3
115 3464 3
115 49 3
115 64 3
1151 1289 3
1151 1880 3
1151 1894 3
1151 2442 3
1151 3066 3
1153 1087 3
1153 256 3
1153 715 3
1157 1201 3
1157 237 3
1160 1057 3
1160 1393 3
1160 42 3
1160 496 3
1166 2351 3
1167 1200 3
1167 1803 3
1167 3448 3
1167 3449 3
1167 3450 3
1167 3481 3
1167 902 3
1167 959 3
1168 2264 3
1168 3098 3
1173 638 3
1173 664 3
1173 759 3
1173 778 3
1174 3127 3
1174 3143 3
1174 502 3
1176 1151 3
1176 1894 3
1177 2392 3
1177 3388 3
1177 400 3
1177 465 3
1177 580 3
1177 583 3
1177 720 3
1177 833 3
1178 1397 3
1178 1885 3
1178 2600 3
118 255 3
118 965 3
1180 165 3
1180 17 3
1180 1976 3
1180 2350 3
1180 2364 3
1180 3490 3
1180 455 3
1180 71 3
1180 989 3
1181 1963 3
1181 2317 3
1183 3293 3
1184 1033 3
1184 1104 3
1184 1148 3
1184 1186 3
1184 1308 3
1184 14 3
1184 17 3
1184 1747 3
1184 2170 3
1184 2574 3
1184 456 3
1184 461 3
1184 639 3
1184 801 3
1184 976 3
1186 1177 3
1186 383 3
1186 462 3
1186 673 3
1186 725 3
119 234 3
1191 1344 3
1191 2930 3
1191 3373 3
1192 1566 3
1192 2464 3
1196 3413 3
1197 1529 3
1197 1548 3
1197 2351 3
1197 2905 3
1197 508 3
12 974 3
120 2598 3
120 266 3
120 3057 3
120 647 3
1200 1095 3
1200 1231 3
1200 130 3
1200 1660 3
1200 2626 3
1200 3104 3
1200 3385 3
1200 46 3
1200 736 3
1201 1065 3
1201 1200 3
1201 1230 3
1201 1511 3
1201 1571 3
1201 1839 3
1201 256 3
1201 2655 3
1201 400 3
1201 416 3
1201 514 3
1201 715 3
1202 1057 3
1202 1160 3
1202 1180 3
1202 124 3
1202 17 3
1202 2714 3
1202 3232 3
1202 3315 3
1202 500 3
1202 522 3
1202 959 3
1205 2739 3
1205 685 3
121 114 3
121 2015 3
121 2301 3
121 3380 3
121 543 3
121 552 3
1210 2160 3
1210 2163 3
1210 441 3
1210 557 3
1210 790 3
1212 2934 3
1214 2296 3
1214 2296 3
1214 2330 3
1214 2849 3
1214 601 3
1214 77 3
1219 1061 3
1219 3159 3
1219 3160 3
1219 958 3
122 1428 3
122 2368 3
122 2379 3
122 408 3
122 893 3
1221 165 3
1221 1830 3
1221 1866 3
1221 1993 3
1221 2358 3
1221 2844 3
1221 3259 3
1221 647 3
1221 797 3
1222 112 3
1223 3193 3
1226 2011 3
1226 586 3
123 580 3
123 801 3
1230 1055 3
1230 1087 3
1230 1153 3
1230 1200 3
1230 3422 3
1231 1042 3
1231 1046 3
1231 1200 3
1231 1230 3
1231 2016 3
1231 2016 3
1231 226 3
1231 3385 3
1231 734 3
1232 1862 3
1235 187 3
1235 2160 3
1235 2163 3
1235 2163 3
1235 3114 3
1235 3260 3
1235 3261 3
1235 3278 3
1235 3358 3
1239 3169 3
1239 3178 3
124 2090 3
124 2718 3
124 3468 3
124 407 3
124 543 3
1241 1519 3
1241 1713 3
1243 1180 3
1243 164 3
1244 2572 3
1245 673 3
1247 1366 3
1247 2675 3
1247 54 3
125 3103 3
1257 1186 3
1257 130 3
1257 1481 3
1257 1597 3
1257 1937 3
1257 299 3
1257 635 3
1257 661 3
1257 731 3
1257 731 3
1257 9 3
126 2413 3
1261 3108 3
1261 3369 3
1264 137 3
1265 1147 3
1265 3386 3
1267 1707 3
1267 720 3
1269 1146 3
1269 1564 3
1269 2572 3
127 114 3
127 114 3
127 129 3
127 130 3
127 2209 3
127 269 3
127 3037 3
127 3112 3
127 3124 3
127 3474 3
127 3512 3
127 46 3
127 959 3
1270 1286 3
1270 1522 3
1273 2980 3
1274 228 3
1275 1621 3
128 127 3
128 2135 3
128 269 3
128 3038 3
128 3139 3
128 3257 3
128 3510 3
128 669 3
128 712 3
128 81 3
128 9 3
1281 1778 3
1286 1927 3
1286 2170 3
1286 3322 3
1286 736 3
1289 1081 3
1289 1151 3
1289 1176 3
1289 1372 3
1289 1894 3
1289 3240 3
1289 3499 3
129 3116 3
129 41 3
129 510 3
129 586 3
1290 1707 3
1290 1805 3
1291 1949 3
1294 1027 3
1294 516 3
1296 462 3
13 1202 3
13 1791 3
13 1791 3
13 280 3
13 440 3
13 462 3
13 467 3
13 53 3
13 537 3
13 913 3
130 1403 3
130 2631 3
130 269 3
130 3037 3
130 3135 3
130 330 3
130 483 3
130 500 3
130 621 3
130 731 3
130 973 3
1302 1733 3
1302 681 3
1307 1613 3
1307 2957 3
1308 1027 3
1308 13 3
1308 1343 3
1308 238 3
1308 458 3
1308 495 3
1308 519 3
1308 583 3
1308 62 3
1308 731 3
1308 862 3
1308 880 3
131 1191 3
131 246 3
1313 1104 3
1313 1417 3
1313 1778 3
1313 2626 3
1314 1715 3
1314 2959 3
1314 3340 3
1315 1642 3
1315 2913 3
1317 2964 3
1317 3368 3
1318 1667 3
132 1025 3
132 211 3
132 237 3
132 275 3
132 3080 3
132 416 3
132 439 3
132 467 3
132 467 3
132 487 3
132 487 3
132 53 3
132 573 3
132 586 3
132 621 3
132 659 3
132 66 3
132 673 3
132 801 3
132 92 3
132 981 3
1322 2049 3
1322 2540 3
1322 2631 3
1326 3436 3
1327 120 3
1327 1527 3
1327 158 3
1327 2464 3
1327 2598 3
1327 2661 3
1327 3057 3
1327 3150 3
1327 328 3
1327 3364 3
1327 595 3
133 3386 3
133 35 3
133 66 3
1334 612 3
1335 1033 3
1339 1036 3
1339 2472 3
1340 1715 3
1340 2490 3
1343 1323 3
1344 2710 3
1344 3366 3
1344 55 3
1344 868 3
1349 1350 3
1349 1806 3
1349 2452 3
1349 2541 3
1349 3122 3
135 199 3
1350 1428 3
1350 1553 3
1350 1768 3
1350 1806 3
1350 1926 3
1350 2498 3
1350 542 3
1354 1932 3
1355 2470 3
1355 2534 3
1355 2966 3
1361 1257 3
1361 2631 3
1361 2915 3
1361 3411 3
1361 731 3
1362 1110 3
1362 1289 3
1363 345 3
1364 1466 3
1364 1637 3
1364 2311 3
1364 556 3
1366 2090 3
1366 2104 3
1366 2307 3
1366 2357 3
1366 3106 3
1366 3170 3
1366 3476 3
1366 658 3
1366 663 3
1366 674 3
137 2170 3
137 2278 3
1370 1633 3
1370 2492 3
1370 2511 3
1371 149 3
1371 1785 3
1372 1489 3
1372 1645 3
1374 2361 3
1374 2555 3
1374 3400 3
1374 600 3
138 1184 3
138 151 3
138 161 3
138 207 3
138 254 3
138 2667 3
138 3306 3
138 462 3
138 61 3
138 639 3
138 64 3
138 77 3
1380 1395 3
1380 257 3
1380 3298 3
1380 3299 3
1380 457 3
1380 458 3
1381 1806 3
1383 2392 3
1383 3381 3
1383 400 3
1387 1542 3
1387 1638 3
1387 516 3
1389 1349 3
1389 1704 3
1389 3369 3
1389 3370 3
139 1148 3
139 1177 3
139 968 3
1391 118 3
1391 1393 3
1393 155 3
1393 1619 3
1393 1702 3
1393 2196 3
1393 338 3
1393 461 3
1393 48 3
1393 637 3
1393 897 3
1394 3359 3
1395 458 3
1396 228 3
1396 255 3
1396 384 3
1397 1027 3
1397 1202 3
1397 500 3
1398 3457 3
1398 652 3
14 1013 3
14 1095 3
14 1201 3
14 238 3
14 28 3
14 3174 3
14 3195 3
14 500 3
14 519 3
14 522 3
14 573 3
14 574 3
14 595 3
14 798 3
14 838 3
14 862 3
1400 3090 3
1401 2393 3
1401 387 3
1401 983 3
1403 1440 3
1403 147 3
1403 1711 3
1403 2557 3
1403 3112 3
1403 3128 3
1403 373 3
1406 1456 3
1406 1949 3
1406 21 3
1406 2521 3
1406 3341 3
1406 3347 3
1406 89 3
1408 1151 3
1408 1880 3
1408 1903 3
1408 3272 3
1408 460 3
1415 933 3
1415 987 3
1416 1417 3
1416 1654 3
1417 2618 3
1418 1431 3
142 1406 3
142 21 3
1421 1344 3
1421 1803 3
1421 2536 3
1421 3054 3
1421 344 3
1421 3450 3
1421 3461 3
1421 706 3
1424 507 3
1428 1768 3
1428 3309 3
1428 408 3
1430 2509 3
1431 1178 3
1431 1562 3
1431 3235 3
1432 2007 3
1432 3099 3
1432 681 3
1432 747 3
1432 808 3
1438 1660 3
1438 447 3
1438 536 3
1439 172 3
1439 352 3
144 9 3
1440 100 3
1440 1963 3
1440 741 3
1440 83 3
1440 988 3
145 132 3
145 2030 3
145 3274 3
1456 1472 3
1456 2301 3
1456 325 3
1456 327 3
1456 448 3
1456 91 3
1458 1761 3
1459 3346 3
1459 874 3
1461 1533 3
1461 1768 3
1461 226 3
1461 459 3
1461 48 3
1461 66 3
1461 931 3
1466 1197 3
1466 1298 3
1466 1683 3
1466 1927 3
1466 3473 3
1472 1406 3
1472 448 3
1472 91 3
1476 1118 3
1476 1674 3
1476 1908 3
1479 1272 3
1479 1418 3
1479 1564 3
1479 483 3
1479 560 3
148 2163 3
148 2442 3
148 3066 3
148 557 3
1480 1274 3
1480 1719 3
1480 637 3
1481 455 3
1482 1963 3
1482 2272 3
1482 2574 3
1482 2699 3
1482 97 3
1487 1807 3
1487 2492 3
1487 3370 3
1489 1088 3
1489 160 3
1489 1782 3
1489 442 3
149 674 3
149 778 3
149 965 3
1491 1181 3
1491 1963 3
1497 3227 3
1498 3488 3
1498 3494 3
1498 3495 3
15 2371 3
15 3145 3
1506 2380 3
1506 883 3
1507 3381 3
1507 3382 3
151 1223 3
151 1871 3
151 2056 3
151 3192 3
151 3193 3
151 3194 3
1510 3396 3
1511 1023 3
1511 1968 3
1511 446 3
1511 497 3
1516 2750 3
1516 2952 3
1519 1713 3
1519 3200 3
152 3038 3
152 47 3
152 668 3
1522 1286 3
1522 3387 3
1523 2916 3
1527 34 3
1527 910 3
1527 965 3
1529 156 3
1529 185 3
1529 223 3
1529 259 3
1529 3195 3
1529 32 3
1529 407 3
1529 418 3
1529 510 3
1529 636 3
1529 661 3
1529 801 3
153 162 3
153 189 3
153 1958 3
153 2730 3
153 279 3
153 61 3
153 744 3
1530 1768 3
1530 451 3
1532 113 3
1533 2224 3
1533 2518 3
1533 459 3
1538 1239 3
1540 1090 3
1540 1979 3
1540 3379 3
1540 448 3
1541 120 3
1541 3263 3
1541 327 3
1542 1090 3
1542 1748 3
1542 3484 3
1542 516 3
1542 831 3
1544 1645 3
1547 2861 3
1547 2863 3
1548 1117 3
1548 1184 3
1548 1657 3
1548 1684 3
1548 2867 3
1548 64 3
1548 66 3
1549 1547 3
1549 2370 3
1549 3241 3
155 1711 3
1553 1261 3
1553 1787 3
1555 3468 3
1556 2307 3
1557 1167 3
1557 1290 3
1557 2495 3
1557 2521 3
1557 3090 3
1557 3173 3
1557 661 3
1558 1291 3
1558 3390 3
156 129 3
156 2277 3
156 2860 3
156 3120 3
156 3497 3
156 482 3
1560 3367 3
1560 60 3
1562 1479 3
1564 1656 3
1564 1785 3
1566 1257 3
1566 1711 3
1566 1971 3
1566 2305 3
1566 3166 3
1566 327 3
1568 1007 3
157 185 3
157 1973 3
157 3259 3
157 3265 3
157 3276 3
1571 1095 3
1571 14 3
1571 2152 3
1571 3431 3
1573 3359 3
1576 1590 3
1576 2033 3
1576 2490 3
1578 1007 3
1578 1728 3
158 1571 3
158 2152 3
158 2385 3
158 335 3
158 3394 3
158 3395 3
158 649 3
158 749 3
1581 1131 3
1581 1408 3
1581 1532 3
1581 1937 3
1581 637 3
1581 673 3
1581 777 3
1582 3393 3
1589 1777 3
1589 2023 3
159 3273 3
159 338 3
1590 1315 3
1590 3428 3
1595 1005 3
1595 3449 3
1595 3469 3
1597 1937 3
1597 2631 3
1597 455 3
1597 468 3
1597 885 3
1597 965 3
160 1885 3
160 442 3
1600 1243 3
1600 1729 3
1600 264 3
1600 383 3
1602 1066 3
1602 1560 3
1602 906 3
1608 2351 3
1609 1274 3
1609 1458 3
1609 2836 3
1609 3156 3
1609 3168 3
161 1081 3
161 1289 3
161 2152 3
161 3287 3
161 3499 3
161 742 3
1611 2570 3
1613 1257 3
1613 1361 3
1613 1597 3
1613 2311 3
1613 2631 3
1617 2405 3
1617 522 3
1618 1553 3
1618 160 3
1618 3400 3
1619 1579 3
1619 1597 3
1619 1640 3
1619 2972 3
1619 330 3
1619 736 3
162 3206 3
1621 1937 3
1621 2948 3
1623 1975 3
1623 2005 3
1623 2030 3
1623 2606 3
1623 2667 3
1623 281 3
1623 3214 3
1623 3272 3
1623 3414 3
1623 3460 3
1623 44 3
1623 560 3
1627 1558 3
1627 1668 3
1631 2354 3
1631 2710 3
1631 2903 3
1635 1136 3
1635 1608 3
1635 2232 3
1635 237 3
1635 681 3
1636 2478 3
1637 1032 3
1638 831 3
164 1057 3
164 165 3
164 299 3
164 337 3
164 649 3
164 797 3
1640 1564 3
1640 803 3
1641 1026 3
1641 3234 3
1642 2969 3
1643 3286 3
1645 1408 3
1645 1894 3
1645 2361 3
165 1383 3
165 161 3
165 1973 3
165 1997 3
165 2006 3
165 2351 3
165 312 3
165 36 3
165 536 3
1653 2216 3
1653 3283 3
1654 1334 3
1654 2558 3
1656 1777 3
1656 2617 3
1657 1148 3
1657 1684 3
1657 1711 3
1657 451 3
1657 66 3
166 108 3
166 3204 3
166 88 3
1660 1712 3
1660 2079 3
1660 2135 3
1660 2380 3
1660 507 3
1660 523 3
1661 3073 3
1661 693 3
1666 1998 3
1667 2490 3
167 39 3
1674 1894 3
1674 2804 3
1674 3018 3
1674 685 3
1675 3323 3
1676 130 3
1676 3104 3
1676 3111 3
1676 3130 3
1676 3132 3
1677 211 3
1677 461 3
1677 643 3
1677 659 3
1679 1026 3
1679 3048 3
168 1403 3
1682 2358 3
1682 2501 3
1682 2600 3
1682 3321 3
1683 3243 3
1683 3470 3
1683 3475 3
1684 1104 3
1684 1184 3
1684 1197 3
1684 165 3
1684 2861 3
1684 3146 3
1684 3233 3
1684 3242 3
1684 673 3
1684 728 3
1692 1036 3
1692 1667 3
1692 2471 3
1692 2977 3
1692 3429 3
17 1160 3
17 1623 3
17 2170 3
17 2574 3
17 3262 3
17 42 3
17 700 3
17 739 3
17 74 3
17 92 3
1702 1160 3
1702 2196 3
1704 2541 3
1706 149 3
1706 189 3
1706 2282 3
1706 2513 3
1706 2629 3
171 1939 3
171 2067 3
171 2405 3
171 2626 3
171 3356 3
171 959 3
1711 10 3
1711 171 3
1711 200 3
1711 201 3
1711 3112 3
1711 338 3
1711 36 3
1711 455 3
1711 897 3
1711 98 3
1712 1025 3
1713 1125 3
1713 2738 3
1713 2773 3
1713 3201 3
1713 3212 3
1713 360 3
1713 825 3
1715 1576 3
1715 2207 3
1715 2491 3
1715 2959 3
1717 173 3
1717 972 3
1719 1200 3
1719 1597 3
1719 3384 3
1719 426 3
1719 449 3
1719 61 3
1719 883 3
172 2008 3
172 322 3
172 952 3
1722 89 3
1722 91 3
1724 2307 3
1724 3266 3
1724 3275 3
1728 1313 3
1728 1993 3
1728 238 3
1728 28 3
1728 333 3
1728 573 3
1729 1066 3
1729 2023 3
173 2276 3
1733 1645 3
174 131 3
174 17 3
174 1911 3
174 2364 3
174 3319 3
174 3500 3
1741 1703 3
1741 1808 3
1747 1479 3
1747 3374 3
1747 3384 3
1747 61 3
1748 2392 3
1748 3381 3
1749 223 3
1749 3118 3
175 115 3
175 1421 3
175 1924 3
175 2900 3
175 965 3
1753 2913 3
1753 3442 3
1753 3443 3
1758 3377 3
1760 1582 3
1761 264 3
1768 118 3
1768 1481 3
1768 3309 3
1768 965 3
1769 1676 3
1769 3123 3
1774 1715 3
1774 2977 3
1777 483 3
1778 1344 3
178 1177 3
178 188 3
178 207 3
178 653 3
1782 132 3
1782 2134 3
1782 778 3
1782 803 3
1782 886 3
1785 1479 3
1787 1374 3
1787 2750 3
179 1082 3
179 3091 3
1791 13 3
1791 13 3
1791 132 3
1791 278 3
1791 280 3
1791 371 3
1791 53 3
1791 659 3
1791 880 3
1791 913 3
1792 1707 3
1794 1747 3
1794 44 3
180 2717 3
1803 1595 3
1807 1370 3
1807 1741 3
1808 1251 3
1808 1703 3
1808 1807 3
1808 3419 3
1809 1032 3
1809 1637 3
1809 416 3
1811 2750 3
1811 2751 3
1811 3122 3
1812 1307 3
1812 2631 3
1814 1811 3
1814 2596 3
1814 3122 3
1819 1838 3
1819 299 3
1819 330 3
1819 461 3
1819 461 3
1819 462 3
1819 549 3
1820 165 3
1820 2891 3
1824 1869 3
183 1403 3
183 1440 3
183 2766 3
183 712 3
1830 1984 3
1830 2844 3
1830 3215 3
1838 272 3
1838 330 3
1838 333 3
1839 1114 3
1839 12 3
1839 1230 3
1839 1635 3
1839 202 3
1839 3270 3
1839 3509 3
184 199 3
184 316 3
1841 247 3
1842 1343 3
1842 1396 3
1842 1719 3
1849 1857 3
185 1719 3
1852 1456 3
1852 2015 3
1852 327 3
1853 1149 3
1853 1186 3
1853 1623 3
1857 124 3
1857 1867 3
1861 2655 3
1862 1841 3
1862 320 3
1863 1398 3
1863 3030 3
1867 1859 3
1868 1855 3
1869 124 3
1869 874 3
187 3278 3
187 642 3
187 816 3
1871 1007 3
1871 1025 3
1871 1131 3
1871 1374 3
1871 1568 3
1871 1581 3
1871 333 3
1871 569 3
188 1104 3
188 178 3
188 193 3
188 207 3
188 385 3
188 447 3
188 47 3
188 66 3
188 736 3
188 838 3
188 913 3
1880 1008 3
1880 1794 3
1880 2361 3
1880 3066 3
1880 3306 3
1880 913 3
1883 2264 3
1885 1308 3
1885 1906 3
189 1482 3
189 1733 3
189 207 3
189 227 3
189 2413 3
189 248 3
189 257 3
189 2699 3
189 500 3
1894 1898 3
1894 2369 3
1894 3066 3
1894 3240 3
1897 1289 3
1898 1674 3
1898 3499 3
1898 788 3
190 2723 3
190 3305 3
1900 1024 3
1900 1081 3
1900 1582 3
1900 2103 3
1900 2804 3
1900 3318 3
1900 3482 3
1900 929 3
1903 3511 3
1906 1007 3
1906 1308 3
1906 1489 3
1906 1728 3
1908 1912 3
191 3124 3
1910 459 3
1910 931 3
1911 1186 3
1911 2308 3
1912 672 3
1914 1148 3
1916 171 3
1918 3049 3
1919 1374 3
1919 1674 3
1919 685 3
1921 1186 3
1921 1207 3
1921 165 3
1921 228 3
1921 2393 3
1922 3491 3
1924 1214 3
1924 2330 3
1924 2716 3
1924 3407 3
1924 393 3
1925 1184 3
1925 1458 3
1925 17 3
1926 1350 3
1926 2224 3
1926 3108 3
1927 1597 3
1927 171 3
1927 2170 3
1927 2560 3
1927 2904 3
1927 2905 3
1927 588 3
1927 736 3
1927 92 3
1927 98 3
1928 1191 3
1928 1927 3
1928 2426 3
1928 2574 3
1928 3316 3
1928 519 3
1929 1403 3
1929 183 3
1929 2766 3
1929 3038 3
1929 3507 3
193 277 3
193 586 3
1930 153 3
1933 1578 3
1933 1838 3
1933 1871 3
1933 1938 3
1933 2600 3
1933 2804 3
1933 3109 3
1933 3279 3
1933 3289 3
1933 330 3
1933 583 3
1933 807 3
1937 122 3
1937 1361 3
1937 1532 3
1937 1613 3
1937 2152 3
1937 2964 3
1937 3368 3
1937 3432 3
1937 840 3
1938 272 3
1938 2982 3
1938 3109 3
1938 333 3
1939 113 3
1939 250 3
1939 426 3
1941 222 3
1941 49 3
1944 2278 3
1944 2468 3
1944 2478 3
1944 2927 3
1949 1066 3
1949 1668 3
1949 2319 3
1949 2495 3
1949 3347 3
1949 65 3
1954 754 3
1957 49 3
1958 153 3
1958 189 3
1958 248 3
1958 2591 3
1958 2667 3
1958 279 3
1958 3231 3
1958 3249 3
1958 933 3
196 2770 3
196 3090 3
1960 2006 3
1960 2006 3
1960 2372 3
1960 246 3
1963 1210 3
1963 2317 3
1963 2574 3
1963 285 3
1963 651 3
1963 862 3
1963 988 3
1964 3272 3
1965 1584 3
1965 3058 3
1965 310 3
1968 1180 3
1969 2006 3
1969 2006 3
1969 3056 3
1969 334 3
1969 647 3
197 1013 3
197 300 3
197 312 3
197 314 3
1971 1973 3
1971 2006 3
1971 2305 3
1971 2647 3
1971 3215 3
1971 327 3
1971 334 3
1971 681 3
1973 1541 3
1973 185 3
1973 1969 3
1973 2330 3
1973 2447 3
1973 647 3
1973 833 3
1975 2152 3
1975 2161 3
1975 2336 3
1975 302 3
1975 3164 3
1975 3203 3
1975 334 3
1975 3375 3
1975 720 3
1975 983 3
1976 1383 3
1976 1511 3
1979 1180 3
1979 3371 3
1979 448 3
1980 358 3
1983 3478 3
1984 1028 3
1984 2358 3
1989 1556 3
199 1941 3
199 2041 3
199 3228 3
199 3307 3
199 3365 3
199 757 3
1990 1387 3
1990 1542 3
1990 1638 3
1990 3378 3
1993 1294 3
1993 158 3
1993 2330 3
1993 2574 3
1993 302 3
1993 3295 3
1993 649 3
1997 1023 3
1997 1243 3
1997 1511 3
1997 446 3
1997 447 3
1997 456 3
1997 482 3
1997 831 3
1998 2056 3
2 1439 3
2 152 3
2 23 3
200 171 3
2002 165 3
2002 3504 3
2005 1623 3
2005 2030 3
2005 3272 3
2006 1177 3
2006 1383 3
2006 1973 3
2006 3056 3
2006 327 3
2006 334 3
2006 383 3
2006 392 3
2006 681 3
2007 3372 3
2008 2 3
2008 322 3
2008 952 3
201 1087 3
201 1432 3
201 1791 3
201 2351 3
201 3099 3
201 3121 3
201 370 3
201 608 3
201 681 3
201 883 3
2011 3083 3
2011 684 3
2013 112 3
2013 132 3
2013 2129 3
2013 3069 3
2013 3079 3
2013 3079 3
2013 798 3
2013 831 3
2015 114 3
2015 1456 3
2015 2301 3
2015 327 3
2015 448 3
2015 720 3
2016 1042 3
2016 226 3
2016 734 3
2016 734 3
2016 959 3
202 1853 3
202 2050 3
2021 1523 3
2021 2916 3
2021 2919 3
2023 1562 3
2024 1197 3
2024 2892 3
2024 968 3
2030 145 3
2030 1623 3
2030 2005 3
2030 2296 3
2030 3272 3
2034 1326 3
2034 2472 3
2034 2977 3
2034 3418 3
204 115 3
204 3387 3
204 720 3
2040 1005 3
2040 3455 3
2040 538 3
2040 552 3
2040 737 3
2041 1035 3
2041 696 3
2042 3454 3
2042 3455 3
2042 727 3
2049 2540 3
2049 2956 3
2049 407 3
2050 2216 3
2056 1104 3
2056 138 3
2056 471 3
2057 436 3
2067 2136 3
207 1025 3
207 1027 3
207 104 3
207 1202 3
207 132 3
207 178 3
207 1791 3
207 188 3
207 2238 3
207 278 3
207 3298 3
207 439 3
207 447 3
207 487 3
207 500 3
207 77 3
207 79 3
207 872 3
207 891 3
2079 959 3
2090 124 3
2090 1398 3
2090 149 3
2090 1824 3
2090 1869 3
2090 211 3
2090 3170 3
2090 652 3
2090 655 3
2100 3321 3
2103 1025 3
2103 1679 3
2103 2368 3
2103 2988 3
2103 3189 3
2103 3191 3
2103 3234 3
2104 1398 3
2104 2090 3
2104 652 3
2104 663 3
2104 674 3
211 132 3
211 1677 3
211 1791 3
211 1791 3
211 1819 3
211 2090 3
211 275 3
211 278 3
211 439 3
211 461 3
211 595 3
211 659 3
211 98 3
2116 1660 3
2129 2723 3
2129 3080 3
2129 416 3
2129 829 3
213 234 3
2134 1252 3
2134 1635 3
2134 201 3
2134 2718 3
2135 2380 3
2136 508 3
214 3102 3
2142 1090 3
2142 2515 3
2142 338 3
2143 145 3
2143 1818 3
2152 122 3
2152 1532 3
2152 1581 3
2152 2792 3
2152 3403 3
2152 61 3
2152 913 3
2152 983 3
2154 3215 3
2154 771 3
2155 1713 3
2155 3201 3
2160 1963 3
2160 285 3
2161 158 3
2161 302 3
2163 1963 3
2163 285 3
2163 3211 3
2163 3260 3
2163 642 3
2170 2980 3
2170 44 3
2170 74 3
2172 462 3
2172 728 3
2183 692 3
2184 32 3
2184 610 3
2184 654 3
2186 1984 3
2186 2844 3
2188 452 3
2188 92 3
2189 1202 3
2189 1975 3
2189 736 3
2189 862 3
2189 983 3
2191 148 3
2193 188 3
2195 147 3
2195 156 3
2195 2209 3
2195 250 3
2196 1146 3
2196 1160 3
2196 1391 3
2196 1597 3
2196 92 3
2196 956 3
220 1104 3
220 1421 3
220 175 3
220 1954 3
220 278 3
220 2900 3
2200 2156 3
2200 2159 3
2203 3134 3
2203 709 3
2203 761 3
2207 1082 3
2207 1281 3
2207 1313 3
2207 1314 3
2207 1631 3
2207 3366 3
2207 55 3
2207 703 3
2209 100 3
2209 101 3
2209 128 3
2209 269 3
2209 3037 3
2209 3038 3
2209 3101 3
2209 3120 3
2209 668 3
2209 9 3
221 2716 3
2211 1623 3
2218 1302 3
2218 803 3
2224 1147 3
2224 1910 3
2224 2257 3
2224 2277 3
2224 2391 3
2224 3108 3
2225 1646 3
223 113 3
223 128 3
223 2209 3
223 3037 3
223 3116 3
223 3130 3
223 39 3
223 436 3
223 523 3
223 725 3
223 9 3
223 9 3
2232 1180 3
2232 2250 3
2232 2308 3
2232 295 3
2232 3230 3
2232 681 3
2232 71 3
2233 1025 3
2233 1608 3
2233 560 3
2238 495 3
2243 3337 3
2244 1157 3
2244 197 3
2244 2232 3
2244 227 3
2244 228 3
2244 2733 3
2244 3274 3
2244 89 3
2245 1611 3
2245 3339 3
2247 1197 3
2247 1201 3
2247 1529 3
2247 728 3
2250 1635 3
2250 3230 3
2250 3270 3
2250 449 3
2250 71 3
2251 2216 3
2252 1819 3
2252 246 3
2252 549 3
2253 2264 3
2253 284 3
2253 3226 3
2255 1791 3
2255 2224 3
2255 2351 3
2257 1147 3
2257 2277 3
226 1046 3
226 1200 3
226 1201 3
226 1480 3
226 2016 3
226 965 3
2264 2272 3
2264 2672 3
2264 3097 3
2266 1212 3
2266 2934 3
2266 2936 3
2268 316 3
2269 32 3
2269 610 3
2269 654 3
227 2612 3
227 3099 3
227 3235 3
227 3335 3
227 451 3
227 989 3
2271 88 3
2272 2574 3
2272 824 3
2276 1466 3
2276 1683 3
2276 1717 3
2276 3471 3
2276 3475 3
2276 972 3
2277 2278 3
2278 2224 3
2278 2255 3
2278 2467 3
2278 2468 3
2278 2590 3
2278 2611 3
2278 2661 3
2278 815 3
228 1016 3
228 1207 3
228 2079 3
228 426 3
2280 1581 3
2280 462 3
2282 2458 3
2289 1067 3
2289 2670 3
2289 3224 3
229 207 3
229 64 3
2290 2922 3
2290 3355 3
2292 2476 3
2296 1214 3
2296 2030 3
2296 2348 3
2296 2849 3
2296 690 3
2297 1090 3
2297 787 3
2299 1294 3
2299 1313 3
2299 432 3
2299 900 3
23 1439 3
23 172 3
23 2008 3
23 352 3
2301 1852 3
2305 2647 3
2305 3215 3
2305 327 3
2307 2744 3
2307 2782 3
2307 3106 3
2307 3266 3
2307 3267 3
2307 3268 3
2307 3268 3
2307 3293 3
2307 3296 3
2307 3297 3
2307 877 3
2308 1635 3
2308 2244 3
2308 3280 3
2308 71 3
2309 371 3
2309 516 3
2309 981 3
2311 1032 3
2311 1197 3
2311 1201 3
2311 1257 3
2311 1937 3
2311 560 3
2311 639 3
2311 731 3
2315 188 3
2317 2930 3
2319 1406 3
2319 2521 3
2319 3401 3
2319 542 3
232 3250 3
232 49 3
2321 2797 3
2327 2586 3
2327 3377 3
2330 185 3
2330 1866 3
2330 2515 3
2330 601 3
2330 647 3
2330 748 3
2330 77 3
2330 824 3
234 1926 3
234 61 3
234 803 3
234 853 3
2343 2321 3
2343 2715 3
2343 318 3
2343 582 3
2348 1028 3
235 1202 3
235 496 3
235 959 3
2350 237 3
2350 2985 3
2351 507 3
2351 725 3
2354 2207 3
2354 2710 3
2356 1247 3
2356 1366 3
2356 2675 3
2357 2782 3
2357 3268 3
2358 2186 3
2359 383 3
236 709 3
2361 1151 3
2361 1372 3
2362 661 3
2363 1061 3
2363 2297 3
2363 337 3
2364 133 3
2364 17 3
2364 2733 3
2364 3280 3
2367 2403 3
2367 3256 3
2367 463 3
2368 1641 3
2368 2369 3
2368 2379 3
2368 893 3
2368 987 3
2369 1151 3
2369 1176 3
2369 2755 3
2369 3016 3
237 1056 3
237 1177 3
237 1177 3
237 1201 3
237 1719 3
237 201 3
237 2232 3
237 2232 3
237 2250 3
237 2362 3
237 2364 3
237 2661 3
237 314 3
237 376 3
237 515 3
237 517 3
237 673 3
237 681 3
237 98 3
2370 3237 3
2370 3238 3
2370 387 3
2370 95 3
2372 1214 3
2372 1924 3
2372 2006 3
2374 1074 3
2374 1145 3
2374 3160 3
2374 958 3
2379 2369 3
2379 2755 3
2379 3107 3
2379 987 3
238 1578 3
238 228 3
238 2321 3
2380 1239 3
2380 1506 3
2380 1538 3
2380 185 3
2380 2116 3
2380 2244 3
2380 725 3
2385 1975 3
2385 2161 3
2385 752 3
239 1746 3
239 2225 3
239 2975 3
2390 2606 3
2391 1926 3
2391 234 3
2391 3108 3
2391 3401 3
2392 1205 3
2392 2005 3
2392 2739 3
2392 3484 3
2392 3490 3
2392 383 3
24 160 3
24 242 3
240 119 3
2405 1108 3
2405 1711 3
2405 256 3
2405 2894 3
2405 610 3
2405 673 3
2405 959 3
2409 2438 3
2409 2439 3
2409 637 3
241 120 3
241 1327 3
241 34 3
241 36 3
241 910 3
241 920 3
2412 3317 3
2413 189 3
2413 2203 3
2413 557 3
2414 545 3
2419 1933 3
2419 2381 3
242 1533 3
242 1618 3
242 2103 3
242 2518 3
242 637 3
242 777 3
2427 2218 3
2427 681 3
2430 120 3
2430 3258 3
2430 3259 3
2430 771 3
2432 3472 3
2439 1016 3
2439 3156 3
2439 3319 3
2439 3329 3
2440 3001 3
2440 583 3
2441 648 3
2442 1645 3
2447 1221 3
2447 749 3
2452 1251 3
2452 1806 3
2452 3370 3
2458 219 3
2458 246 3
2458 754 3
2458 824 3
246 1819 3
246 1838 3
246 2006 3
246 503 3
246 549 3
246 573 3
246 586 3
246 720 3
2461 1275 3
2461 1715 3
2461 2977 3
2461 3429 3
2463 1748 3
2463 2738 3
2463 2773 3
2464 1021 3
2464 1057 3
2464 3146 3
2464 79 3
2466 929 3
2467 2980 3
2467 3338 3
2467 807 3
2468 1308 3
2468 2513 3
2468 2661 3
2468 2927 3
2468 807 3
2469 1937 3
2469 2948 3
247 1232 3
247 3162 3
2471 2915 3
2476 2538 3
2476 2976 3
2478 132 3
2478 239 3
2478 2409 3
2478 2860 3
2478 2975 3
2478 3322 3
248 122 3
248 1958 3
248 2667 3
248 279 3
248 2929 3
2486 1026 3
249 1482 3
249 97 3
2490 1036 3
2490 2491 3
2491 1774 3
2492 1807 3
2492 2541 3
2496 1394 3
2496 1602 3
2498 1261 3
250 130 3
250 185 3
250 2 3
250 2195 3
250 3137 3
250 3507 3
250 669 3
250 959 3
2501 1651 3
2504 1989 3
2504 2782 3
2504 3106 3
2506 2504 3
2506 2782 3
2506 3106 3
2506 3244 3
2509 2527 3
251 1025 3
251 1177 3
251 2714 3
251 3080 3
251 3149 3
251 3319 3
251 385 3
251 416 3
251 443 3
251 511 3
251 560 3
251 64 3
251 731 3
251 880 3
2512 2216 3
2513 2980 3
2514 1558 3
2514 3421 3
2515 1054 3
2515 1541 3
2515 1866 3
2515 1973 3
2515 2005 3
2515 300 3
2515 647 3
2518 199 3
2518 24 3
2519 1944 3
2519 2468 3
2519 2570 3
2520 1430 3
2520 2245 3
2520 2600 3
2520 44 3
2521 1949 3
2521 3173 3
2521 542 3
2523 3165 3
2525 2571 3
2527 1680 3
2527 1681 3
2527 2502 3
253 563 3
2534 2956 3
2534 2959 3
2536 2317 3
2536 2955 3
2536 3399 3
2536 868 3
2537 161 3
254 920 3
2540 1317 3
2540 1812 3
2540 1937 3
2540 2469 3
2542 2587 3
2544 1307 3
2548 1680 3
2548 2646 3
255 883 3
2553 1938 3
2555 1362 3
2555 148 3
2555 3059 3
2555 788 3
2557 2 3
2557 3111 3
2557 693 3
2557 713 3
2557 713 3
2558 1265 3
2558 1416 3
2558 3373 3
2559 1146 3
2559 1371 3
2559 1418 3
2559 1431 3
2559 264 3
256 1178 3
256 1192 3
256 1230 3
256 200 3
256 2655 3
256 959 3
2565 1373 3
2565 2511 3
2565 3369 3
257 1027 3
257 1177 3
257 1197 3
257 400 3
257 496 3
257 725 3
257 728 3
257 891 3
2570 2225 3
2570 2467 3
2570 2537 3
2572 1431 3
2572 955 3
2574 1055 3
2574 1136 3
2574 1482 3
2574 1782 3
2574 189 3
2574 2170 3
2574 2253 3
2574 259 3
2574 3226 3
2574 432 3
2574 498 3
2574 500 3
2574 74 3
2574 803 3
2578 1055 3
2580 1922 3
2586 3402 3
2587 2555 3
2587 3018 3
2587 3287 3
259 1557 3
259 171 3
259 736 3
2590 1752 3
2590 2611 3
2591 153 3
2591 408 3
2591 960 3
2593 2292 3
2596 2750 3
2598 104 3
2598 241 3
2598 266 3
2598 3057 3
2598 910 3
2599 1381 3
2599 1489 3
2599 3425 3
260 229 3
260 754 3
260 918 3
2600 1611 3
2601 902 3
2605 1602 3
2605 3090 3
2606 1680 3
2606 2509 3
2606 296 3
2606 736 3
2607 3063 3
2609 2940 3
261 3331 3
261 373 3
261 586 3
2612 3099 3
2612 3229 3
2612 3235 3
2612 451 3
2617 227 3
2617 2551 3
2617 2612 3
2617 3335 3
2617 451 3
2617 483 3
2625 3359 3
2626 127 3
2626 1646 3
2626 2079 3
2629 149 3
2629 232 3
2629 2458 3
2629 723 3
2631 1257 3
2631 1317 3
2631 1355 3
2631 1532 3
2631 1937 3
2631 2152 3
2631 2311 3
2631 483 3
2631 605 3
2631 731 3
2631 840 3
2631 973 3
264 1564 3
264 1777 3
264 1927 3
2640 1704 3
2647 164 3
2647 2447 3
2647 295 3
2647 302 3
2647 3087 3
2647 749 3
2647 833 3
2648 2405 3
2648 416 3
2648 661 3
2648 704 3
2652 2875 3
2655 1087 3
2655 1153 3
266 104 3
266 294 3
266 36 3
266 965 3
2661 1148 3
2661 1623 3
2661 1944 3
2661 1975 3
2661 201 3
2661 2152 3
2661 2836 3
2661 3164 3
2661 3180 3
2661 3431 3
2661 452 3
2661 462 3
2661 639 3
2661 725 3
2661 92 3
2667 1958 3
2667 202 3
2667 237 3
2667 248 3
2667 2607 3
2667 279 3
2670 3224 3
2672 249 3
2672 3098 3
2672 810 3
2675 1366 3
268 115 3
268 179 3
268 1924 3
268 221 3
268 2716 3
2681 3202 3
2681 3307 3
269 114 3
269 127 3
269 3105 3
269 3139 3
269 3139 3
269 3141 3
269 3474 3
269 352 3
269 46 3
269 502 3
269 621 3
269 669 3
269 81 3
2699 1782 3
2699 201 3
2699 2612 3
2699 2617 3
2699 3121 3
2699 3227 3
2699 608 3
2699 803 3
2710 2207 3
2710 2903 3
2713 2831 3
2713 636 3
2714 1108 3
2714 1566 3
2714 1617 3
2714 3083 3
2715 2321 3
2715 238 3
2715 318 3
2716 268 3
2716 3091 3
2718 449 3
272 1933 3
272 2991 3
272 3109 3
272 3290 3
272 789 3
2721 61 3
2723 2813 3
2723 3305 3
2723 443 3
2723 636 3
2730 3206 3
2733 1911 3
2733 2308 3
2733 237 3
2733 295 3
2733 3501 3
2733 71 3
2735 1461 3
2735 1533 3
2735 1910 3
2735 2224 3
2738 360 3
2738 825 3
2739 393 3
2739 685 3
2742 3193 3
2742 3197 3
2742 3198 3
2744 3268 3
2744 3476 3
2744 658 3
2746 1219 3
2746 345 3
2746 958 3
2747 1232 3
2747 3152 3
2747 596 3
275 13 3
275 132 3
275 1782 3
275 222 3
275 352 3
275 656 3
2750 1814 3
2751 2596 3
2755 2367 3
2755 2368 3
2755 2368 3
2755 2379 3
2755 2403 3
2755 670 3
2755 670 3
2761 3161 3
2761 826 3
2765 1965 3
2765 3055 3
2765 339 3
2766 1440 3
2766 147 3
2769 247 3
2769 2761 3
277 2103 3
277 2831 3
2770 3090 3
2773 360 3
2774 790 3
2777 2774 3
278 115 3
278 138 3
278 138 3
278 211 3
278 229 3
278 371 3
278 455 3
278 462 3
278 53 3
278 545 3
278 586 3
278 62 3
278 79 3
2782 1366 3
2782 1556 3
2782 1989 3
2782 2307 3
2782 3244 3
2782 3268 3
2786 3119 3
279 153 3
279 1958 3
279 248 3
279 2667 3
2791 1841 3
2791 441 3
2791 826 3
2792 3150 3
2792 3184 3
2792 3412 3
2792 983 3
2794 3300 3
2796 112 3
2796 3489 3
2797 2343 3
2797 238 3
2797 2715 3
2797 3163 3
2797 582 3
28 53 3
28 897 3
280 13 3
280 132 3
280 1791 3
280 275 3
280 53 3
280 913 3
2803 3080 3
2804 1071 3
2804 1679 3
2804 1838 3
2804 1938 3
2804 272 3
2804 3048 3
2804 333 3
2805 2013 3
2805 3077 3
2805 3085 3
2805 3093 3
281 3460 3
2810 1511 3
2810 165 3
2810 246 3
2813 2723 3
2814 2464 3
283 1693 3
2831 466 3
2836 1548 3
2836 1566 3
2836 3327 3
2836 496 3
2837 3190 3
284 1482 3
284 1883 3
284 1983 3
284 2264 3
284 3097 3
284 3226 3
2842 643 3
2844 3208 3
2846 2213 3
2847 2163 3
2847 875 3
2849 2154 3
285 1210 3
285 441 3
2851 816 3
2860 2468 3
2860 2920 3
2861 1104 3
2861 3233 3
2862 3245 3
2863 2370 3
2867 2189 3
2869 2681 3
2869 2690 3
2869 3202 3
2869 765 3
287 1013 3
287 1016 3
287 201 3
2871 2100 3
2871 2652 3
2875 2439 3
2875 3299 3
2875 3308 3
2875 605 3
2881 2875 3
2882 514 3
2888 42 3
2890 1344 3
2890 1654 3
2890 3373 3
2890 344 3
2891 700 3
2892 1186 3
2892 1327 3
2892 1617 3
2894 2311 3
2894 3146 3
2894 3181 3
2897 165 3
2900 3054 3
2900 344 3
2903 1344 3
2903 1529 3
2903 2207 3
2903 3366 3
2903 55 3
2904 137 3
2904 2903 3
2904 3277 3
2905 3349 3
2905 588 3
2906 153 3
2908 1945 3
2908 3325 3
2909 264 3
291 3011 3
291 316 3
2911 563 3
2911 829 3
2913 1318 3
2913 1326 3
2916 2919 3
2916 2923 3
2919 1267 3
2920 1927 3
2922 2512 3
2923 1523 3
2923 1707 3
2923 2021 3
2923 720 3
2926 1681 3
2926 2922 3
2927 2468 3
2927 2661 3
2929 3357 3
2930 612 3
2930 736 3
294 1957 3
294 49 3
2941 1104 3
2941 1548 3
2941 1684 3
2941 742 3
295 2244 3
295 3087 3
295 71 3
2950 1582 3
2952 1544 3
2955 2890 3
2956 1355 3
2957 1613 3
2957 2544 3
2957 3368 3
2959 1621 3
2959 3340 3
296 2476 3
296 2509 3
296 2526 3
2960 1291 3
2964 2544 3
2964 3368 3
2966 1322 3
2969 1318 3
2969 2913 3
2971 1761 3
2972 1395 3
2972 1927 3
2975 2391 3
2977 1339 3
2980 2468 3
2982 2553 3
2982 2988 3
2985 2308 3
2985 3336 3
2988 1026 3
2988 1900 3
2988 2553 3
2988 2804 3
2988 65 3
299 1177 3
299 1201 3
299 1529 3
299 246 3
299 460 3
299 66 3
299 720 3
299 789 3
299 831 3
2991 1838 3
2991 1933 3
2991 1938 3
2991 2804 3
2991 333 3
2995 3083 3
2995 3179 3
2995 56 3
2995 728 3
300 1056 3
300 1057 3
300 1131 3
300 157 3
300 2439 3
300 301 3
300 3282 3
300 467 3
300 749 3
3000 1055 3
3001 3289 3
3001 583 3
3004 1838 3
3004 1933 3
3004 1938 3
3004 2804 3
3004 2991 3
3008 1055 3
3008 1173 3
3008 638 3
3008 640 3
301 1993 3
301 3282 3
301 334 3
3011 291 3
3011 316 3
3013 3224 3
3013 3236 3
3016 1289 3
3016 1894 3
3018 1151 3
3018 1880 3
3018 1898 3
3018 1903 3
3018 3066 3
302 300 3
302 335 3
302 648 3
302 752 3
3020 1003 3
3020 213 3
3020 3091 3
3020 99 3
3021 1432 3
3021 3372 3
3024 3383 3
3025 1148 3
3025 1202 3
3025 385 3
3030 657 3
3037 128 3
3037 269 3
3037 3038 3
3037 3139 3
3037 39 3
3037 9 3
3038 127 3
3038 269 3
3038 3139 3
3038 3508 3
3038 712 3
3038 81 3
3038 9 3
3038 9 3
3048 1026 3
3048 2988 3
3054 220 3
3054 344 3
3055 310 3
3055 339 3
3056 1511 3
3056 1997 3
3056 2372 3
3056 3062 3
3056 446 3
3056 447 3
3057 104 3
3057 131 3
3057 241 3
3057 36 3
3058 1584 3
3058 310 3
3058 57 3
3059 1026 3
3059 2587 3
3059 3018 3
3060 197 3
3061 61 3
3062 2372 3
3063 1180 3
3065 3077 3
3065 3079 3
3065 3083 3
3065 3084 3
3066 1374 3
3066 2442 3
3066 2555 3
3066 2587 3
3066 3059 3
3067 693 3
3068 3069 3
3068 3070 3
3068 3071 3
3069 2803 3
3069 3065 3
3069 3080 3
3070 2805 3
3070 3078 3
3071 3070 3
3071 3095 3
3072 3073 3
3072 693 3
3073 1661 3
3074 179 3
3074 221 3
3074 2716 3
3075 3069 3
3075 3076 3
3075 3077 3
3075 3078 3
3076 3083 3
3076 3084 3
3076 3085 3
3077 3085 3
3077 3086 3
3078 3068 3
3078 3080 3
3078 3081 3
3078 3082 3
3079 3075 3
3079 3076 3
3079 568 3
3079 798 3
3080 2013 3
3080 3068 3
3080 3081 3
3080 3082 3
3081 2803 3
3081 2805 3
3082 3071 3
3082 3076 3
3083 190 3
3083 3077 3
3083 3079 3
3083 3085 3
3084 3068 3
3084 3082 3
3084 3095 3
3084 3096 3
3085 2013 3
3085 3070 3
3085 3075 3
3086 3068 3
3086 3085 3
3087 485 3
3088 1975 3
3088 2647 3
3088 295 3
3088 3087 3
3088 647 3
3089 303 3
3089 325 3
3089 357 3
3090 1560 3
3090 3094 3
3090 3377 3
3091 1003 3
3091 1082 3
3091 213 3
3091 268 3
3091 3074 3
3091 396 3
3091 99 3
3092 3084 3
3093 2803 3
3093 3065 3
3093 3086 3
3095 112 3
3095 3079 3
3095 3081 3
3095 3093 3
3095 3096 3
3095 491 3
3095 563 3
3095 568 3
3096 3065 3
3096 3086 3
3096 3093 3
3097 1168 3
3097 2672 3
3097 3098 3
3097 3478 3
3098 2264 3
3098 2264 3
3098 2272 3
3098 810 3
3098 97 3
3099 2617 3
3099 2699 3
3099 3227 3
3099 3335 3
3099 547 3
310 1026 3
310 1432 3
310 1584 3
310 2765 3
310 3459 3
310 453 3
310 57 3
3100 3020 3
3100 3091 3
3100 396 3
3101 127 3
3101 152 3
3101 3138 3
3103 152 3
3103 167 3
3103 668 3
3105 3103 3
3106 1556 3
3106 1989 3
3106 2307 3
3106 2357 3
3106 2782 3
3106 3244 3
3106 3300 3
3106 54 3
3106 658 3
3107 2368 3
3107 2369 3
3108 1926 3
3108 1926 3
3108 234 3
3108 542 3
3109 1838 3
3109 2804 3
3109 3004 3
3110 130 3
3111 2 3
3111 870 3
3112 130 3
3112 1929 3
3112 2209 3
3112 250 3
3112 256 3
3112 83 3
3113 114 3
3113 152 3
3113 2209 3
3113 3038 3
3114 1623 3
3114 2712 3
3114 643 3
3115 1466 3
3115 1717 3
3115 2276 3
3115 2432 3
3115 3466 3
3115 998 3
3116 3037 3
3117 220 3
3117 260 3
3118 1403 3
312 1511 3
312 1979 3
312 488 3
312 628 3
3120 1403 3
3120 256 3
3120 269 3
3121 370 3
3122 1370 3
3122 1808 3
3122 2492 3
3122 2511 3
3122 2750 3
3122 2751 3
3123 713 3
3124 10 3
3124 1403 3
3124 38 3
3125 3126 3
3126 2786 3
3126 3220 3
3126 973 3
3127 352 3
3128 1769 3
3129 1174 3
3129 502 3
313 892 3
3130 171 3
3130 269 3
3130 435 3
3130 713 3
3130 81 3
3130 9 3
3131 130 3
3131 712 3
3132 114 3
3132 223 3
3132 38 3
3133 2774 3
3133 3207 3
3134 692 3
3134 799 3
3135 1200 3
3135 168 3
3135 47 3
3135 621 3
3136 573 3
3137 214 3
3138 144 3
3139 101 3
3139 127 3
3139 2209 3
3139 3102 3
3139 3474 3
3139 3512 3
3139 81 3
314 1201 3
314 145 3
314 2143 3
3140 687 3
3141 214 3
3142 1929 3
3142 6 3
3143 6 3
3144 41 3
3146 1548 3
3146 1711 3
3146 2315 3
3146 2836 3
3146 498 3
3147 3148 3
3149 132 3
3149 828 3
3150 1975 3
3150 2152 3
3150 2661 3
3150 3164 3
3150 3180 3
3151 1101 3
3151 3000 3
3152 1862 3
3152 2791 3
3153 2713 3
3153 277 3
3154 1039 3
3154 657 3
3155 3176 3
3155 3190 3
3155 728 3
3155 74 3
3156 1296 3
3156 2718 3
3157 596 3
3158 3095 3
3159 1061 3
3159 3160 3
316 2268 3
316 291 3
316 3011 3
3160 3175 3
3160 958 3
3161 3183 3
3162 1862 3
3162 2761 3
3163 2321 3
3163 2343 3
3163 238 3
3163 318 3
3163 582 3
3164 1327 3
3164 2152 3
3164 2792 3
3164 983 3
3165 60 3
3166 742 3
3167 1055 3
3167 3000 3
3169 1538 3
3169 2380 3
3170 163 3
3170 2104 3
3170 652 3
3170 655 3
3171 3172 3
3174 522 3
3174 831 3
3175 2374 3
3175 792 3
3176 277 3
3176 477 3
3177 1239 3
3178 1538 3
3178 2380 3
3178 3169 3
3178 3177 3
3179 2837 3
3179 817 3
318 2321 3
318 238 3
318 371 3
3180 1148 3
3180 2152 3
3180 3164 3
3181 1257 3
3181 3168 3
3181 476 3
3182 3183 3
3184 1975 3
3184 2661 3
3184 3150 3
3185 1062 3
3185 1143 3
3186 2648 3
3186 2892 3
3187 586 3
3187 862 3
3188 491 3
3189 2221 3
3189 3190 3
3189 728 3
3190 2221 3
3190 2995 3
3190 743 3
3191 74 3
3192 3196 3
3192 3235 3
3193 3192 3
3193 495 3
3194 495 3
3194 891 3
3195 2160 3
3195 2185 3
3195 3312 3
3195 798 3
3196 2742 3
3196 3193 3
3196 3198 3
3197 3196 3
3197 891 3
3198 1223 3
3198 151 3
3198 3192 3
3198 3194 3
3199 3213 3
32 1557 3
32 2079 3
32 2184 3
32 2269 3
32 3225 3
32 401 3
32 960 3
320 1841 3
320 2747 3
3200 1125 3
3200 3201 3
3201 1519 3
3202 1113 3
3202 2690 3
3203 3088 3
3203 508 3
3203 647 3
3204 340 3
3205 725 3
3206 153 3
3206 2906 3
3206 397 3
3209 3210 3
3212 1241 3
3212 1519 3
3215 1566 3
3215 334 3
3215 833 3
3216 692 3
3217 1090 3
3217 337 3
3218 3169 3
3219 2413 3
322 144 3
322 2 3
322 9 3
322 952 3
3220 143 3
3220 3209 3
3221 482 3
3222 234 3
3222 2652 3
3223 1026 3
3223 1641 3
3223 2103 3
3223 2368 3
3224 1067 3
3224 1101 3
3224 3236 3
3225 32 3
3225 589 3
3225 610 3
3225 654 3
3226 2264 3
3227 1071 3
3227 2612 3
3227 2617 3
3227 451 3
3228 1958 3
3228 199 3
3228 3307 3
3229 542 3
3229 840 3
3230 1635 3
3230 71 3
3231 3228 3
3231 3232 3
3232 1958 3
3232 2100 3
3232 278 3
3232 3228 3
3232 3249 3
3232 807 3
3233 3241 3
3233 3242 3
3234 3223 3
3234 499 3
3235 1308 3
3235 249 3
3235 2574 3
3235 2699 3
3235 3226 3
3235 3227 3
3235 97 3
3236 2670 3
3237 1548 3
3237 1592 3
3238 2863 3
3239 2152 3
3240 1151 3
3240 1176 3
3240 2369 3
3241 161 3
3241 3242 3
3242 2861 3
3242 64 3
3243 1674 3
3243 2804 3
3243 3115 3
3243 3227 3
3243 971 3
3244 1556 3
3244 1989 3
3245 1548 3
3245 1684 3
3245 2941 3
3245 3146 3
3245 742 3
3246 3247 3
3247 2882 3
3248 2152 3
3248 3239 3
3248 357 3
3249 303 3
3249 3231 3
325 1005 3
325 1852 3
325 2301 3
3250 2159 3
3251 1960 3
3251 3252 3
3253 1547 3
3253 3245 3
3254 3255 3
3254 648 3
3255 1820 3
3255 3276 3
3256 2367 3
3256 463 3
3257 1660 3
3257 2380 3
3258 3259 3
3258 771 3
3258 833 3
3259 165 3
3259 3276 3
3260 3278 3
3260 3278 3
3260 3358 3
3260 642 3
3260 816 3
3261 121 3
3261 2163 3
3261 3260 3
3261 3278 3
3263 1866 3
3263 376 3
3263 797 3
3264 3254 3
3265 649 3
3265 833 3
3266 3268 3
3267 1724 3
3267 3281 3
3268 1366 3
3268 1724 3
3268 3106 3
3268 3281 3
3269 1264 3
3269 3277 3
327 1177 3
327 185 3
327 1969 3
327 1973 3
327 3215 3
327 325 3
327 681 3
327 700 3
3270 2244 3
3270 3271 3
3272 1581 3
3272 1623 3
3272 1964 3
3272 2005 3
3272 2030 3
3272 462 3
3274 2364 3
3275 3268 3
3275 877 3
3276 771 3
3276 833 3
3277 2546 3
3277 3350 3
3278 2163 3
3278 642 3
3278 642 3
3278 816 3
3279 583 3
328 3166 3
328 3168 3
328 3487 3
328 3488 3
328 3494 3
328 3495 3
328 639 3
328 968 3
3280 661 3
3280 71 3
3281 2307 3
3281 3275 3
3282 164 3
3282 334 3
3282 337 3
3283 250 3
3284 1593 3
3285 3286 3
3286 2879 3
3286 3292 3
3287 239 3
3287 272 3
3287 3290 3
3287 929 3
3288 2224 3
3288 89 3
3289 2440 3
3290 161 3
3290 239 3
3290 789 3
3291 2430 3
3291 2515 3
3291 647 3
3293 1843 3
3293 641 3
3294 466 3
3294 56 3
3295 1393 3
3295 1928 3
3295 2315 3
3298 189 3
3298 2370 3
3298 3299 3
330 1016 3
330 1112 3
330 1257 3
330 1274 3
330 1327 3
330 2172 3
330 256 3
330 272 3
330 421 3
330 446 3
330 462 3
330 500 3
330 789 3
330 789 3
330 789 3
3301 387 3
3302 1195 3
3302 3303 3
3304 3294 3
3306 2867 3
3307 199 3
3307 2681 3
3307 3228 3
3308 174 3
3309 3310 3
3310 1768 3
3311 1178 3
3313 1343 3
3314 2438 3
3317 3324 3
3320 1350 3
3320 1428 3
3320 1768 3
3320 3309 3
3321 545 3
3321 634 3
3324 2412 3
3326 261 3
3326 42 3
3328 2358 3
3328 2600 3
3329 1794 3
333 1131 3
333 1933 3
333 242 3
333 3109 3
333 659 3
333 673 3
3330 1684 3
3330 742 3
3332 2238 3
3332 3314 3
3333 3304 3
3333 830 3
3333 831 3
3334 129 3
3334 190 3
3335 2699 3
3335 451 3
3336 2308 3
3336 2350 3
3337 3351 3
3339 2467 3
334 1566 3
334 159 3
334 1973 3
334 2305 3
334 3088 3
334 3203 3
334 327 3
334 3273 3
334 376 3
334 447 3
334 455 3
334 482 3
334 681 3
334 833 3
334 983 3
3340 2207 3
3341 1949 3
3342 1459 3
3342 3343 3
3342 653 3
3343 1459 3
3343 3346 3
3343 653 3
3344 151 3
3344 1997 3
3344 2263 3
3344 2648 3
3344 622 3
3345 2527 3
3345 296 3
3346 1095 3
3346 3342 3
3347 3341 3
3347 65 3
3348 1489 3
3348 442 3
3349 1927 3
3349 2294 3
335 1975 3
3351 156 3
3353 3352 3
3357 402 3
3358 187 3
3358 3278 3
3359 1558 3
3360 1386 3
3360 3361 3
3362 3363 3
3364 3394 3
3365 1533 3
3365 24 3
3365 2518 3
3366 1631 3
3366 2354 3
3366 2710 3
3367 1557 3
3368 2540 3
3369 1370 3
3369 671 3
337 159 3
337 2297 3
337 2447 3
337 2647 3
337 300 3
337 302 3
337 3273 3
3370 1349 3
3371 601 3
3373 1265 3
3373 1344 3
3373 2955 3
3374 1479 3
3374 384 3
3375 1327 3
3375 3376 3
3376 3430 3
3377 1400 3
3377 2586 3
3378 1387 3
3378 1542 3
3378 1638 3
3378 484 3
3378 831 3
3379 1090 3
3379 3381 3
3379 601 3
338 461 3
338 66 3
338 897 3
3380 114 3
3380 3261 3
3380 543 3
3381 1056 3
3381 1979 3
3381 3382 3
3382 1056 3
3382 3396 3
3384 1579 3
3384 2559 3
3384 483 3
3385 1055 3
3385 1116 3
3385 3422 3
3386 1416 3
3386 2890 3
3388 983 3
3389 2470 3
3389 2959 3
339 1584 3
339 1965 3
339 3058 3
339 310 3
3390 1291 3
3390 1394 3
3390 1627 3
3390 3410 3
3391 2590 3
3391 2611 3
3392 1103 3
3392 1136 3
3393 1646 3
3393 1752 3
3393 3424 3
3395 2152 3
3397 1805 3
3397 3398 3
3399 1313 3
34 1327 3
34 965 3
340 166 3
340 360 3
3400 1645 3
3400 1733 3
3400 600 3
3401 1582 3
3402 1290 3
3403 158 3
3403 3435 3
3404 3405 3
3406 1393 3
3406 496 3
3407 1921 3
3407 344 3
3408 1281 3
3408 2558 3
3408 2626 3
3409 3024 3
3409 3395 3
341 1980 3
341 312 3
341 313 3
3411 2469 3
3411 2534 3
3413 3420 3
3414 2661 3
3414 3431 3
3414 3434 3
3415 3416 3
3416 3407 3
3416 3412 3
3417 1326 3
3422 1116 3
3422 1200 3
3423 3024 3
3424 1311 3
3425 1703 3
3425 1741 3
3425 2627 3
3426 1576 3
3427 3405 3
343 3125 3
3430 3375 3
3432 1621 3
3433 2391 3
3435 2792 3
3435 2890 3
3436 2969 3
3437 3438 3
3438 3423 3
3439 3396 3
344 1527 3
344 1957 3
344 220 3
344 965 3
3440 1668 3
3440 2496 3
3441 1307 3
3441 1812 3
3444 1762 3
3445 1532 3
3445 2956 3
3446 3388 3
3447 1657 3
3447 2617 3
3448 1595 3
3448 3461 3
3448 3467 3
3448 424 3
345 1219 3
345 958 3
3450 3448 3
3450 3467 3
3451 2006 3
3451 2392 3
3451 477 3
3452 2040 3
3452 737 3
3453 1595 3
3454 3455 3
3454 696 3
3455 3469 3
3455 737 3
3455 763 3
3455 770 3
3456 1527 3
3456 266 3
3456 344 3
3456 965 3
3457 2090 3
3458 808 3
3459 3458 3
3459 808 3
3460 1853 3
3462 1398 3
3463 1398 3
3465 1153 3
3465 1201 3
3465 256 3
3465 2655 3
3465 715 3
3466 3473 3
3467 1167 3
3467 3449 3
3467 425 3
3468 1863 3
3469 2042 3
3469 3454 3
3469 737 3
3470 3115 3
3471 1683 3
3471 3472 3
3471 3473 3
3473 971 3
3474 101 3
3474 128 3
3474 2209 3
3474 223 3
3474 3037 3
3474 39 3
3474 9 3
3475 2432 3
3475 3471 3
3475 971 3
3477 3454 3
3477 770 3
3479 3480 3
3482 3483 3
3483 1915 3
3483 2462 3
3484 299 3
3485 1008 3
3485 1912 3
3485 1920 3
3486 2796 3
3486 328 3
3486 3487 3
3486 3488 3
3486 3489 3
3487 1498 3
3487 2796 3
3487 3488 3
3487 3495 3
3488 2796 3
3488 3496 3
3488 3498 3
3489 1498 3
3489 328 3
3489 3487 3
3489 3494 3
3489 3495 3
3490 1131 3
3490 1243 3
3490 1979 3
3491 1915 3
3492 803 3
3493 100 3
3494 2796 3
3494 3488 3
3494 3498 3
3495 3488 3
3495 3494 3
3495 3496 3
3495 3498 3
3496 328 3
3496 3487 3
3497 128 3
3497 191 3
3498 328 3
3498 3487 3
3498 3496 3
3499 1081 3
3499 1118 3
3499 2542 3
35 1809 3
35 2317 3
35 2930 3
3501 3502 3
3501 3503 3
3504 1090 3
3504 1201 3
3505 125 3
3505 2209 3
3505 3506 3
3506 2195 3
3507 100 3
3507 669 3
3507 713 3
3508 156 3
3508 3137 3
3510 3135 3
3510 38 3
3511 1408 3
3514 2393 3
3515 3037 3
3515 3101 3
352 127 3
352 13 3
352 172 3
352 2 3
352 2008 3
352 280 3
352 6 3
352 98 3
353 303 3
353 3089 3
353 325 3
353 633 3
354 325 3
354 633 3
356 1408 3
356 1581 3
356 1898 3
356 461 3
356 685 3
357 1005 3
357 2862 3
357 330 3
357 353 3
357 455 3
357 462 3
357 563 3
358 312 3
358 892 3
36 112 3
36 1327 3
36 237 3
36 2598 3
36 2631 3
36 465 3
36 573 3
360 122 3
360 2463 3
360 825 3
360 88 3
360 892 3
362 246 3
362 460 3
362 462 3
369 189 3
369 2272 3
369 461 3
37 72 3
370 3099 3
370 606 3
371 1027 3
371 1177 3
371 1226 3
371 1245 3
371 13 3
371 1728 3
371 197 3
371 211 3
371 2714 3
371 275 3
371 45 3
371 461 3
371 503 3
371 586 3
371 586 3
371 742 3
371 98 3
372 3327 3
372 74 3
373 127 3
373 129 3
373 1427 3
373 2195 3
373 3135 3
373 74 3
376 157 3
376 2189 3
376 2250 3
376 2515 3
376 3230 3
376 3265 3
376 647 3
376 681 3
38 3101 3
38 3104 3
38 84 3
383 1090 3
383 1660 3
383 1791 3
383 2296 3
383 3451 3
383 392 3
383 477 3
383 56 3
383 635 3
383 913 3
384 1785 3
384 483 3
384 803 3
384 965 3
385 2351 3
385 2875 3
385 3146 3
385 3168 3
385 328 3
385 849 3
387 1016 3
387 3344 3
387 3406 3
387 45 3
387 456 3
387 508 3
387 605 3
387 684 3
39 100 3
39 128 3
39 2195 3
39 269 3
39 3038 3
39 3105 3
39 3139 3
39 81 3
39 870 3
39 9 3
392 2392 3
392 3451 3
392 477 3
393 1205 3
393 1214 3
393 2005 3
393 2330 3
393 2392 3
393 601 3
393 77 3
393 89 3
396 1245 3
396 1380 3
396 3020 3
396 546 3
397 153 3
397 162 3
397 2730 3
397 2906 3
400 1054 3
400 1098 3
400 1243 3
400 156 3
400 2002 3
400 302 3
400 3166 3
400 461 3
400 465 3
400 622 3
407 1184 3
407 2957 3
407 3441 3
407 387 3
407 449 3
407 742 3
408 1595 3
408 3453 3
408 401 3
408 61 3
409 118 3
409 1747 3
409 955 3
41 47 3
412 1148 3
412 2631 3
412 2718 3
412 373 3
412 577 3
412 580 3
412 610 3
412 621 3
412 661 3
416 452 3
416 522 3
416 563 3
416 580 3
42 1057 3
42 1209 3
42 1230 3
42 1272 3
42 1609 3
42 2363 3
42 299 3
42 61 3
42 748 3
421 1635 3
421 725 3
421 736 3
421 886 3
421 973 3
423 2301 3
423 557 3
424 425 3
425 1803 3
425 3450 3
425 3461 3
426 223 3
426 2626 3
426 661 3
432 1104 3
432 449 3
435 1660 3
435 223 3
435 2380 3
435 2626 3
436 1065 3
436 228 3
436 32 3
436 435 3
439 1027 3
439 132 3
439 275 3
439 278 3
439 280 3
439 467 3
44 2143 3
44 2391 3
44 3339 3
44 400 3
440 1597 3
440 280 3
440 352 3
440 371 3
440 483 3
440 731 3
440 98 3
441 1963 3
441 2160 3
441 2163 3
441 232 3
442 778 3
443 251 3
443 3304 3
443 3305 3
443 371 3
443 475 3
443 573 3
443 798 3
444 2836 3
444 621 3
445 1226 3
445 3187 3
445 371 3
445 444 3
446 1023 3
446 1057 3
446 2405 3
446 497 3
447 1033 3
447 1184 3
447 1424 3
447 1511 3
447 1548 3
447 17 3
447 1997 3
447 2170 3
447 2574 3
447 456 3
447 503 3
447 659 3
447 742 3
447 801 3
448 1406 3
448 142 3
448 1722 3
448 3371 3
448 3379 3
448 720 3
448 89 3
448 91 3
449 1065 3
449 2050 3
449 455 3
449 456 3
449 467 3
449 79 3
451 118 3
451 1619 3
451 1777 3
451 2278 3
451 496 3
452 237 3
453 1026 3
453 1432 3
453 3458 3
453 3459 3
455 1057 3
455 1160 3
455 1257 3
455 1791 3
455 1997 3
455 211 3
455 447 3
455 574 3
455 66 3
455 731 3
455 742 3
456 1108 3
456 124 3
456 1928 3
456 207 3
456 28 3
456 300 3
456 334 3
456 36 3
456 440 3
456 455 3
456 482 3
456 500 3
456 885 3
456 928 3
457 455 3
457 48 3
457 560 3
458 1108 3
458 1393 3
458 1657 3
458 338 3
458 461 3
458 560 3
458 673 3
459 2224 3
46 128 3
46 1403 3
46 256 3
46 3104 3
46 713 3
46 9 3
460 1581 3
460 1819 3
460 246 3
460 3272 3
460 461 3
461 1080 3
461 1578 3
461 1581 3
461 1677 3
461 1782 3
461 1819 3
461 207 3
461 211 3
461 211 3
461 256 3
461 275 3
461 362 3
461 385 3
461 462 3
461 465 3
461 487 3
461 537 3
461 62 3
461 643 3
461 66 3
461 79 3
461 880 3
461 914 3
462 1308 3
462 1566 3
462 17 3
462 1819 3
462 2252 3
462 2311 3
462 246 3
462 2661 3
462 3186 3
462 543 3
462 635 3
462 704 3
463 2367 3
463 3256 3
464 960 3
464 997 3
465 1184 3
465 1184 3
465 1711 3
465 251 3
465 338 3
465 371 3
465 385 3
465 387 3
465 605 3
465 648 3
465 968 3
466 3153 3
466 519 3
466 656 3
467 1202 3
467 1231 3
467 124 3
467 1395 3
467 1782 3
467 1791 3
467 235 3
467 251 3
467 275 3
467 2972 3
467 352 3
467 371 3
467 371 3
467 371 3
467 383 3
467 439 3
467 44 3
467 446 3
467 461 3
467 461 3
467 500 3
467 500 3
467 623 3
467 734 3
467 98 3
468 456 3
468 483 3
468 500 3
47 1929 3
47 237 3
471 1057 3
473 605 3
475 522 3
476 188 3
476 299 3
476 412 3
476 560 3
476 684 3
477 2006 3
477 2103 3
477 277 3
477 2831 3
48 2196 3
48 849 3
482 1207 3
482 189 3
482 300 3
482 3133 3
482 447 3
482 637 3
482 742 3
483 1597 3
483 330 3
483 412 3
483 500 3
483 621 3
483 9 3
483 928 3
483 973 3
484 1387 3
484 1990 3
485 2647 3
485 295 3
485 3088 3
487 13 3
487 132 3
487 1791 3
487 211 3
487 2458 3
487 280 3
487 560 3
487 573 3
487 92 3
488 341 3
49 1327 3
49 138 3
49 1527 3
49 266 3
49 278 3
49 34 3
49 3456 3
49 61 3
49 64 3
49 723 3
49 910 3
49 965 3
49 965 3
490 636 3
491 3079 3
491 490 3
495 151 3
495 3196 3
495 3314 3
495 385 3
495 891 3
496 1391 3
496 1597 3
496 1702 3
496 2233 3
496 396 3
496 455 3
496 455 3
496 537 3
496 595 3
496 98 3
497 1023 3
497 1997 3
497 257 3
497 3166 3
497 456 3
498 1782 3
498 2299 3
498 275 3
498 461 3
498 467 3
498 897 3
499 2103 3
499 2368 3
499 3223 3
5 115 3
5 3318 3
5 56 3
50 2721 3
500 1027 3
500 1257 3
500 1313 3
500 132 3
500 1597 3
500 189 3
500 440 3
500 456 3
500 580 3
500 580 3
500 583 3
500 79 3
500 880 3
500 897 3
500 98 3
502 114 3
502 127 3
502 352 3
502 801 3
503 124 3
503 400 3
503 92 3
507 1148 3
507 637 3
508 1466 3
508 188 3
508 1975 3
508 2189 3
508 2860 3
508 3025 3
508 330 3
508 831 3
508 983 3
51 2050 3
51 2170 3
510 261 3
510 3305 3
510 511 3
510 798 3
511 251 3
511 510 3
514 1623 3
514 2370 3
515 1136 3
515 2574 3
516 1180 3
516 1638 3
516 3301 3
516 3378 3
517 920 3
519 1108 3
519 112 3
519 1197 3
519 13 3
519 1397 3
519 14 3
519 2013 3
519 251 3
519 251 3
519 2714 3
519 372 3
519 383 3
519 443 3
519 465 3
519 500 3
519 560 3
519 828 3
522 300 3
522 519 3
522 643 3
522 862 3
523 456 3
523 997 3
53 1393 3
53 207 3
53 211 3
53 371 3
53 439 3
53 440 3
53 467 3
536 113 3
536 1623 3
536 2836 3
536 824 3
537 13 3
537 211 3
537 237 3
537 595 3
537 913 3
537 98 3
538 737 3
54 1366 3
54 2356 3
54 2675 3
54 3106 3
542 1066 3
542 1350 3
542 1637 3
542 1809 3
542 1949 3
542 2612 3
542 3108 3
542 3341 3
542 3347 3
542 65 3
543 1125 3
543 1177 3
543 1184 3
543 1192 3
543 3261 3
543 577 3
543 610 3
545 1117 3
545 112 3
545 1684 3
545 202 3
545 2911 3
545 383 3
545 443 3
545 563 3
545 74 3
545 831 3
545 862 3
546 149 3
546 384 3
546 467 3
547 1432 3
547 201 3
547 3121 3
547 681 3
549 1838 3
549 330 3
55 1033 3
55 1631 3
55 2354 3
55 2710 3
55 3366 3
551 2163 3
551 3211 3
552 2015 3
552 2301 3
552 3469 3
552 423 3
552 538 3
552 646 3
556 1657 3
557 1235 3
557 2163 3
557 441 3
557 573 3
56 14 3
56 3179 3
56 412 3
56 573 3
560 1393 3
560 2718 3
560 2972 3
560 579 3
560 623 3
560 64 3
560 880 3
560 897 3
563 2172 3
563 2193 3
563 36 3
563 56 3
563 579 3
563 636 3
568 3081 3
57 1584 3
57 2765 3
57 3055 3
572 822 3
573 126 3
573 132 3
573 139 3
573 1578 3
573 1933 3
573 237 3
573 2413 3
573 3126 3
573 357 3
573 461 3
573 462 3
573 487 3
573 519 3
573 522 3
573 610 3
573 62 3
573 692 3
573 801 3
573 92 3
574 1252 3
574 1975 3
574 1997 3
574 1997 3
574 2718 3
574 3056 3
574 742 3
577 412 3
577 543 3
577 725 3
577 973 3
579 1440 3
579 1963 3
579 2464 3
579 330 3
580 1013 3
580 14 3
580 257 3
580 456 3
580 741 3
582 2321 3
582 238 3
582 2715 3
583 2419 3
583 412 3
583 476 3
583 987 3
586 1184 3
586 1677 3
586 275 3
586 497 3
586 500 3
586 503 3
586 545 3
586 580 3
586 610 3
586 801 3
586 92 3
588 3351 3
588 92 3
589 2281 3
589 3195 3
595 1117 3
595 1391 3
595 1571 3
595 2196 3
595 278 3
595 451 3
595 496 3
595 500 3
595 543 3
595 560 3
595 580 3
595 639 3
595 66 3
596 2769 3
596 3161 3
6 1711 3
6 214 3
6 84 3
60 1792 3
60 2605 3
60 3090 3
60 3367 3
600 1787 3
600 3108 3
601 1979 3
601 2006 3
601 2372 3
601 3062 3
601 448 3
601 77 3
605 1192 3
605 387 3
605 467 3
605 473 3
605 656 3
605 92 3
606 1432 3
606 201 3
606 2699 3
608 547 3
608 606 3
61 1761 3
61 253 3
61 2578 3
61 259 3
61 278 3
61 3146 3
61 3384 3
61 357 3
61 360 3
61 62 3
61 987 3
610 1117 3
610 1184 3
610 1184 3
610 17 3
610 2184 3
610 2269 3
610 3225 3
610 412 3
610 416 3
610 497 3
610 543 3
610 545 3
610 651 3
610 654 3
610 885 3
62 207 3
62 299 3
62 49 3
62 545 3
62 64 3
62 77 3
62 79 3
621 1177 3
621 1200 3
621 127 3
621 1529 3
621 156 3
621 2631 3
621 287 3
621 373 3
621 439 3
621 487 3
621 659 3
621 913 3
622 1871 3
623 1027 3
623 1200 3
623 139 3
623 461 3
623 461 3
623 519 3
623 545 3
627 344 3
628 1980 3
628 341 3
633 303 3
633 3089 3
633 325 3
633 357 3
634 3232 3
634 3235 3
634 330 3
635 1660 3
635 400 3
635 545 3
635 560 3
635 79 3
636 261 3
636 3095 3
636 3158 3
636 3294 3
637 1025 3
637 1160 3
637 17 3
637 1794 3
637 1871 3
637 275 3
637 457 3
637 465 3
637 659 3
637 891 3
638 664 3
638 772 3
638 778 3
639 1104 3
639 2631 3
639 536 3
639 801 3
64 197 3
64 2861 3
64 588 3
64 66 3
64 673 3
64 77 3
640 1055 3
640 1173 3
640 638 3
640 772 3
641 1012 3
641 1013 3
641 1183 3
641 798 3
642 1235 3
642 3260 3
642 3261 3
642 3358 3
642 644 3
643 1226 3
643 1677 3
643 461 3
643 543 3
643 557 3
643 659 3
643 773 3
644 1235 3
646 1595 3
646 2041 3
646 3469 3
646 696 3
646 696 3
647 1866 3
647 1971 3
647 1975 3
647 2006 3
647 2189 3
647 334 3
647 508 3
647 833 3
648 3258 3
648 400 3
649 2330 3
649 2447 3
649 2647 3
649 300 3
649 337 3
649 749 3
65 1406 3
65 1938 3
65 2319 3
65 2982 3
65 3341 3
651 579 3
651 714 3
651 862 3
651 984 3
652 1366 3
652 674 3
652 778 3
653 1095 3
653 259 3
653 330 3
653 3346 3
653 483 3
653 500 3
653 654 3
653 736 3
653 874 3
654 2184 3
654 2269 3
654 2866 3
654 3225 3
654 651 3
655 149 3
655 2104 3
656 132 3
656 251 3
656 456 3
656 495 3
656 545 3
656 62 3
656 66 3
657 1039 3
657 3023 3
658 2782 3
658 3268 3
659 124 3
659 1308 3
659 1677 3
659 1711 3
659 1871 3
659 188 3
659 1933 3
659 211 3
659 211 3
659 2714 3
659 302 3
659 487 3
659 643 3
659 673 3
66 1057 3
66 1166 3
66 132 3
66 1393 3
66 164 3
66 165 3
66 1684 3
66 1711 3
66 174 3
66 237 3
66 300 3
66 396 3
66 465 3
66 465 3
66 515 3
66 545 3
66 897 3
661 1617 3
661 1660 3
661 171 3
661 2244 3
661 256 3
661 2733 3
661 500 3
661 725 3
663 1398 3
663 149 3
663 1863 3
663 2090 3
663 655 3
664 1055 3
664 640 3
668 114 3
668 1200 3
668 3102 3
668 373 3
668 712 3
669 2854 3
670 122 3
670 2367 3
670 2379 3
670 893 3
670 987 3
671 1516 3
671 2498 3
672 1476 3
672 1895 3
672 1908 3
672 3485 3
672 356 3
673 1025 3
673 1548 3
673 1711 3
673 1871 3
673 2255 3
673 2272 3
673 257 3
673 487 3
673 543 3
673 981 3
674 1398 3
674 2090 3
674 3170 3
674 663 3
681 1177 3
681 1969 3
681 1973 3
681 2218 3
681 2699 3
681 606 3
681 71 3
684 112 3
684 193 3
684 300 3
684 373 3
684 56 3
684 66 3
684 736 3
685 1897 3
685 2392 3
685 2587 3
685 393 3
685 89 3
687 126 3
690 2296 3
692 178 3
692 2774 3
692 736 3
693 1661 3
693 2557 3
693 3067 3
693 3072 3
697 2042 3
697 3453 3
697 408 3
697 552 3
700 3255 3
700 3262 3
703 3373 3
703 3408 3
704 1201 3
704 3168 3
704 456 3
706 1191 3
709 2200 3
709 2851 3
71 113 3
71 1635 3
71 2232 3
71 2244 3
71 237 3
712 127 3
712 129 3
712 130 3
712 1403 3
712 144 3
712 2 3
712 223 3
712 2766 3
712 3101 3
712 3112 3
712 3139 3
712 322 3
712 3512 3
712 81 3
712 83 3
712 973 3
713 102 3
713 3112 3
713 3493 3
713 6 3
714 1440 3
714 1963 3
714 579 3
714 741 3
714 755 3
715 1230 3
715 256 3
715 2655 3
720 1027 3
720 114 3
720 1294 3
720 142 3
720 1707 3
720 21 3
720 2279 3
720 2904 3
720 574 3
720 64 3
720 807 3
722 3154 3
723 1191 3
725 1719 3
725 201 3
725 2057 3
725 236 3
725 421 3
725 508 3
725 577 3
726 761 3
727 3452 3
727 763 3
728 1327 3
728 188 3
728 2072 3
728 251 3
728 2661 3
728 656 3
728 659 3
731 130 3
731 1597 3
731 1613 3
731 1711 3
731 1937 3
731 200 3
731 330 3
731 412 3
731 483 3
731 497 3
731 500 3
731 653 3
731 959 3
731 98 3
734 1042 3
734 1200 3
734 1201 3
736 1562 3
736 178 3
736 2170 3
736 299 3
736 723 3
736 731 3
736 946 3
736 98 3
739 1541 3
74 1184 3
74 1226 3
74 14 3
74 447 3
74 830 3
741 1056 3
741 1202 3
741 1963 3
741 455 3
741 583 3
741 586 3
741 651 3
741 988 3
742 1184 3
742 1186 3
742 1197 3
742 1202 3
742 1548 3
742 1684 3
742 2152 3
742 2317 3
742 330 3
742 334 3
742 3354 3
742 387 3
742 456 3
742 573 3
742 610 3
742 623 3
743 2011 3
743 2221 3
744 2591 3
744 933 3
747 3021 3
748 1090 3
748 2297 3
748 383 3
749 164 3
749 1993 3
749 300 3
749 302 3
749 302 3
749 400 3
752 1975 3
752 335 3
754 220 3
754 3117 3
757 2041 3
757 696 3
759 3154 3
763 3477 3
763 408 3
763 697 3
765 2681 3
765 2690 3
77 2372 3
77 49 3
77 61 3
770 1005 3
770 697 3
771 165 3
771 2296 3
771 2348 3
771 2409 3
771 2430 3
772 3008 3
772 664 3
773 3207 3
777 1088 3
777 1871 3
777 2103 3
778 1489 3
778 2090 3
778 2104 3
778 3008 3
778 3170 3
778 655 3
778 663 3
778 664 3
778 674 3
780 3352 3
780 3353 3
783 1886 3
783 1900 3
787 1214 3
787 1820 3
787 337 3
788 1118 3
788 1289 3
788 1408 3
788 672 3
789 161 3
789 1819 3
789 239 3
789 2478 3
789 3287 3
789 330 3
789 460 3
789 461 3
789 487 3
789 771 3
79 1177 3
79 138 3
79 1911 3
79 204 3
79 229 3
79 278 3
79 62 3
79 64 3
79 741 3
790 2203 3
790 2818 3
792 1219 3
792 2374 3
792 3159 3
797 1973 3
797 2330 3
797 2515 3
797 3265 3
797 647 3
798 1013 3
798 3083 3
798 3158 3
798 3327 3
798 466 3
798 830 3
798 913 3
799 1235 3
799 2786 3
801 112 3
801 132 3
801 1380 3
801 371 3
801 371 3
801 573 3
801 580 3
801 635 3
801 92 3
803 1302 3
803 1323 3
803 1482 3
803 1579 3
803 189 3
803 1963 3
803 2427 3
803 500 3
803 543 3
803 681 3
803 897 3
807 1294 3
807 1582 3
807 2358 3
807 516 3
808 1026 3
808 126 3
81 114 3
81 127 3
81 130 3
81 1403 3
81 2209 3
81 223 3
81 3474 3
81 3507 3
810 1168 3
810 3097 3
815 1147 3
815 2257 3
815 2277 3
816 3358 3
816 642 3
817 3155 3
82 127 3
822 2221 3
824 131 3
824 1819 3
824 1945 3
824 219 3
824 246 3
824 2661 3
824 3299 3
824 516 3
824 563 3
824 659 3
824 897 3
824 92 3
826 3157 3
828 443 3
828 475 3
828 573 3
828 862 3
829 2013 3
829 3080 3
829 416 3
83 100 3
83 101 3
83 147 3
83 1929 3
83 214 3
830 1529 3
830 2013 3
830 838 3
831 1090 3
831 1387 3
831 1748 3
831 251 3
831 3294 3
831 3312 3
831 484 3
831 516 3
831 563 3
831 829 3
833 1027 3
833 1566 3
833 164 3
833 164 3
833 1820 3
833 1971 3
833 2006 3
833 2430 3
833 300 3
833 3264 3
833 327 3
833 327 3
833 649 3
833 681 3
833 700 3
838 3312 3
838 545 3
838 563 3
84 1676 3
84 3037 3
84 373 3
840 122 3
840 1532 3
840 2152 3
840 2612 3
840 542 3
847 2837 3
848 1183 3
848 3293 3
849 1104 3
849 1160 3
849 1395 3
849 1657 3
849 1711 3
853 500 3
853 803 3
853 897 3
860 3384 3
862 1440 3
862 174 3
862 278 3
862 3232 3
862 573 3
862 643 3
862 714 3
862 741 3
868 1421 3
868 3386 3
870 952 3
872 197 3
872 238 3
872 574 3
872 891 3
874 1095 3
874 3342 3
874 3462 3
875 692 3
875 790 3
877 1724 3
877 3266 3
877 3281 3
88 1361 3
88 340 3
880 1711 3
880 256 3
880 338 3
880 465 3
880 482 3
880 496 3
880 515 3
880 519 3
880 53 3
880 580 3
880 595 3
880 849 3
882 2208 3
882 3195 3
883 1506 3
883 1564 3
883 1939 3
883 2380 3
883 451 3
885 3492 3
885 487 3
885 507 3
885 731 3
885 803 3
885 928 3
886 976 3
89 1456 3
89 1472 3
89 1635 3
89 2414 3
891 2742 3
891 659 3
891 801 3
891 897 3
892 1980 3
892 341 3
892 628 3
893 2379 3
893 2755 3
893 987 3
897 1080 3
897 234 3
897 458 3
897 880 3
9 127 3
9 130 3
9 130 3
9 1929 3
9 3101 3
9 3113 3
9 3139 3
9 330 3
9 653 3
9 669 3
9 712 3
9 731 3
9 81 3
90 1439 3
90 172 3
90 2008 3
90 322 3
90 352 3
900 2315 3
902 1529 3
902 1945 3
902 2278 3
902 2380 3
902 621 3
906 1066 3
91 89 3
910 120 3
910 1327 3
910 1327 3
910 266 3
910 34 3
910 965 3
913 1012 3
913 113 3
913 1148 3
913 1202 3
913 13 3
913 1343 3
913 14 3
913 1791 3
913 180 3
913 202 3
913 235 3
913 280 3
913 287 3
913 537 3
914 1711 3
914 849 3
915 3199 3
92 132 3
92 1619 3
92 1677 3
92 2714 3
92 278 3
92 2972 3
92 383 3
92 48 3
92 487 3
92 545 3
92 560 3
92 573 3
92 579 3
92 64 3
92 742 3
92 801 3
92 913 3
920 1327 3
920 1942 3
920 49 3
920 910 3
921 2892 3
921 2894 3
921 385 3
928 1597 3
928 500 3
929 1915 3
929 3491 3
929 3513 3
931 1533 3
931 2735 3
931 459 3
933 153 3
933 2591 3
933 32 3
933 960 3
933 997 3
946 178 3
946 653 3
952 1439 3
952 2 3
952 3128 3
952 352 3
955 880 3
956 118 3
956 1391 3
956 1458 3
958 1219 3
958 3175 3
958 792 3
959 1557 3
959 200 3
959 251 3
959 467 3
959 641 3
959 883 3
959 913 3
960 189 3
960 32 3
961 32 3
961 610 3
961 862 3
965 1244 3
965 1257 3
965 1391 3
965 1527 3
965 1957 3
965 241 3
965 294 3
965 3054 3
965 344 3
965 920 3
968 1200 3
968 1684 3
968 2351 3
968 921 3
97 2672 3
971 3471 3
972 173 3
972 3115 3
973 130 3
973 2722 3
973 421 3
973 577 3
973 621 3
973 675 3
973 731 3
973 9 3
974 1114 3
974 2224 3
976 2718 3
976 64 3
976 720 3
98 1286 3
98 13 3
98 1927 3
98 275 3
98 456 3
98 465 3
98 637 3
98 64 3
98 673 3
98 741 3
98 742 3
98 880 3
98 955 3
981 1380 3
981 1711 3
981 237 3
981 2370 3
981 36 3
981 543 3
983 1013 3
983 1148 3
983 1177 3
983 1327 3
983 14 3
983 1975 3
983 2661 3
983 3088 3
983 3150 3
983 3180 3
983 3184 3
983 3420 3
983 447 3
984 1210 3
984 2791 3
984 988 3
987 1930 3
987 2381 3
987 2591 3
987 933 3
987 997 3
988 579 3
988 651 3
988 714 3
988 862 3
989 259 3
989 400 3
989 482 3
99 213 3
99 396 3
997 153 3
997 1958 3
997 902 3
997 960 3
998 1717 3
998 173 3
998 2276 3
1007 1757 4
1007 1838 4
1007 461 4
1008 2716 4
1008 3234 4
1012 1134 4
1013 330 4
1013 383 4
1013 913 4
1014 3871 4
1014 3882 4
1016 1466 4
1016 1556 4
1016 251 4
1016 465 4
1016 534 4
1018 2270 4
102 589 4
102 664 4
1025 1080 4
1025 1108 4
1025 132 4
1025 147 4
1025 1711 4
1025 24 4
1025 242 4
1025 242 4
1025 2555 4
1025 595 4
1025 637 4
1025 685 4
1026 1008 4
1026 1035 4
1026 1081 4
1026 1110 4
1026 1118 4
1026 1362 4
1026 1931 4
1026 272 4
1026 3 4
1026 333 4
1026 499 4
1026 893 4
1027 1489 4
1027 1928 4
1027 322 4
1027 452 4
1027 482 4
1027 538 4
1027 64 4
1027 720 4
1027 840 4
1027 89 4
1027 913 4
1029 2711 4
1029 66 4
1030 337 4
1030 66 4
1031 1123 4
1031 685 4
1032 1618 4
1032 2536 4
1033 1466 4
1033 153 4
1033 2311 4
1033 234 4
1033 3547 4
1033 959 4
1035 1130 4
1035 1597 4
1035 3 4
1035 452 4
1035 92 4
1039 1183 4
1039 1408 4
1039 1818 4
1039 197 4
1039 610 4
104 3456 4
104 910 4
1046 1122 4
1046 2016 4
1046 661 4
1053 2351 4
1053 3754 4
1053 6 4
1054 1175 4
1054 1175 4
1054 1205 4
1054 1983 4
1054 337 4
1054 3575 4
1055 1231 4
1055 3714 4
1055 396 4
1056 1205 4
1056 1638 4
1056 1983 4
1056 2372 4
1056 3922 4
1056 833 4
1057 1160 4
1057 455 4
1057 673 4
1057 720 4
1061 1206 4
1064 1580 4
1065 1052 4
1065 1141 4
1065 132 4
1065 2016 4
1066 1344 4
1066 309 4
1070 251 4
1071 634 4
1071 778 4
1073 179 4
1073 2527 4
1073 268 4
108 122 4
108 2882 4
108 3548 4
108 360 4
108 360 4
108 670 4
1080 1197 4
1080 1684 4
1080 2872 4
1080 64 4
1081 1333 4
1081 1903 4
1081 2103 4
1081 3713 4
1081 685 4
1082 1168 4
1082 2055 4
1082 2380 4
1082 2804 4
1082 3018 4
1082 3733 4
1082 3734 4
1082 725 4
1082 864 4
1087 1039 4
1087 1230 4
1087 1818 4
1087 2655 4
1088 1026 4
1088 1123 4
1088 1374 4
1088 1408 4
1088 1415 4
1088 1931 4
1088 272 4
1088 2804 4
1088 3018 4
1088 710 4
1089 1830 4
109 448 4
1090 1175 4
1090 1979 4
1090 3451 4
1090 481 4
1090 601 4
1090 691 4
1091 3709 4
1095 3805 4
1099 1939 4
1099 200 4
1099 201 4
1099 2076 4
1099 2380 4
1099 2405 4
1100 1881 4
1100 3902 4
1101 1296 4
1103 1167 4
1103 1466 4
1103 188 4
1104 1613 4
1104 1684 4
1104 2653 4
1104 2872 4
1104 3233 4
1104 3694 4
1104 789 4
1108 1035 4
1108 124 4
1108 1308 4
1108 1711 4
1108 1782 4
1108 1791 4
1108 200 4
1108 2255 4
1108 2574 4
1108 2667 4
1108 2718 4
1108 330 4
1108 371 4
1108 456 4
1108 471 4
1108 538 4
1108 557 4
1108 637 4
1108 664 4
1108 92 4
1109 1168 4
1109 3911 4
1110 161 4
1110 1674 4
1110 1892 4
1110 1900 4
1110 3108 4
1112 149 4
1116 1052 4
1116 1398 4
1117 1108 4
1117 1167 4
1117 1197 4
1117 130 4
1117 1625 4
1117 1684 4
1117 2103 4
1117 2718 4
1117 3799 4
1117 3913 4
1117 476 4
1117 664 4
1117 687 4
1117 849 4
1118 1026 4
1118 1131 4
1118 1362 4
1118 160 4
1118 1838 4
1118 2097 4
1118 24 4
1118 272 4
1118 3001 4
1118 3018 4
1118 3707 4
1118 499 4
1118 549 4
112 147 4
112 1846 4
112 261 4
112 2911 4
112 3153 4
112 3260 4
112 3648 4
112 477 4
112 543 4
112 557 4
112 56 4
112 789 4
112 803 4
112 822 4
1120 2189 4
1120 3681 4
1122 1116 4
1122 1881 4
1122 224 4
1122 3465 4
1123 2392 4
1123 3451 4
1123 685 4
1123 685 4
1125 1787 4
1125 330 4
1126 3705 4
1128 1401 4
1128 487 4
1128 652 4
113 1180 4
113 1637 4
113 2089 4
113 24 4
113 393 4
113 456 4
113 467 4
113 480 4
113 601 4
1130 3624 4
1130 3644 4
1131 1178 4
1131 1438 4
1131 1581 4
1131 1891 4
1131 2177 4
1131 3654 4
1131 3883 4
1131 462 4
1131 573 4
1131 637 4
1131 673 4
1134 207 4
114 3112 4
114 3135 4
114 9 4
1141 721 4
1141 734 4
1146 1479 4
1146 409 4
1148 1548 4
1149 262 4
1149 3274 4
1149 3614 4
1149 76 4
115 138 4
115 229 4
115 2402 4
115 268 4
115 79 4
1151 238 4
1151 3016 4
1151 3049 4
1160 1108 4
1160 1925 4
1160 1937 4
1160 300 4
1160 412 4
1160 569 4
1160 623 4
1160 749 4
1166 1296 4
1166 1426 4
1166 1466 4
1166 1925 4
1166 251 4
1166 3150 4
1166 3602 4
1166 621 4
1166 959 4
1167 127 4
1167 2106 4
1167 2290 4
1167 2909 4
1167 3754 4
1167 664 4
1168 1197 4
1168 2055 4
1168 2310 4
1168 3555 4
1168 872 4
1174 1186 4
1174 2351 4
1174 3748 4
1174 643 4
1174 772 4
1174 880 4
1175 1165 4
1175 1214 4
1175 2374 4
1175 3571 4
1175 3722 4
1175 746 4
1177 1056 4
1177 1180 4
1177 130 4
1177 238 4
1177 3548 4
1177 456 4
1177 508 4
1178 1007 4
1178 1025 4
1178 113 4
1178 1181 4
1178 641 4
118 409 4
1180 2006 4
1180 2392 4
1180 257 4
1180 400 4
1180 601 4
1180 649 4
1180 89 4
1181 113 4
1181 1180 4
1181 14 4
1181 477 4
1183 1065 4
1183 1087 4
1183 14 4
1183 1597 4
1183 197 4
1183 2090 4
1183 2307 4
1183 3077 4
1183 3465 4
1183 352 4
1183 465 4
1183 519 4
1183 586 4
1183 654 4
1183 983 4
1184 1927 4
1184 2143 4
1184 2278 4
1184 2311 4
1184 3215 4
1184 3326 4
1184 503 4
1185 1206 4
1186 1428 4
1186 1623 4
1186 707 4
1187 112 4
1187 315 4
1187 510 4
1191 1927 4
1191 219 4
1191 2468 4
1192 1930 4
1194 113 4
1194 1939 4
1194 2003 4
1194 2053 4
1194 895 4
1195 1684 4
1195 2478 4
1195 639 4
1197 1166 4
1197 1202 4
1197 238 4
1197 3899 4
1197 574 4
1197 983 4
12 3658 4
120 2330 4
120 649 4
120 797 4
1200 2311 4
1200 2722 4
1200 414 4
1200 468 4
1200 833 4
1201 1294 4
1201 1466 4
1201 2574 4
1201 330 4
1201 516 4
1201 595 4
1202 1025 4
1202 2170 4
1202 2283 4
1202 385 4
1202 455 4
1202 497 4
1202 500 4
1202 538 4
1202 623 4
1202 720 4
1202 731 4
1202 731 4
1204 1220 4
1204 1990 4
1205 2006 4
1205 446 4
1205 446 4
1205 574 4
1205 747 4
1206 1090 4
1206 2746 4
1208 32 4
1209 202 4
1209 3799 4
121 1672 4
121 2301 4
121 963 4
1210 232 4
1210 2355 4
1210 2681 4
1210 3628 4
1210 790 4
1210 882 4
1214 1054 4
1214 1089 4
1214 1822 4
1214 1968 4
1214 2331 4
1214 2366 4
1214 260 4
1214 3571 4
1214 3922 4
1214 574 4
1215 257 4
1216 2095 4
1217 1220 4
1217 1985 4
1218 3642 4
1219 1217 4
1219 3722 4
122 108 4
122 1466 4
122 166 4
122 2379 4
122 259 4
122 3247 4
122 360 4
122 605 4
122 933 4
122 987 4
1220 1234 4
1220 1472 4
1220 1983 4
1220 300 4
1220 383 4
1220 400 4
1220 827 4
1221 164 4
1221 1984 4
1221 2296 4
1221 2359 4
1221 2711 4
1221 3264 4
1221 337 4
1221 3569 4
1221 771 4
1221 787 4
1222 199 4
1222 2582 4
1226 112 4
1226 1529 4
1226 3574 4
1226 3609 4
1226 471 4
1226 621 4
1226 623 4
1226 684 4
1228 3722 4
1228 3751 4
123 193 4
123 3540 4
123 465 4
123 623 4
1230 197 4
1230 224 4
1231 1183 4
1231 224 4
1231 330 4
1231 3328 4
1231 3465 4
1231 3717 4
1231 641 4
1231 807 4
1232 259 4
1232 596 4
1232 817 4
1234 1175 4
1234 1204 4
1234 1990 4
1234 383 4
1235 236 4
1235 692 4
1235 761 4
1237 1061 4
124 2090 4
124 235 4
124 334 4
124 3601 4
124 66 4
1243 1174 4
1243 487 4
1243 626 4
1243 66 4
1243 720 4
1243 976 4
1244 1564 4
1244 579 4
1244 957 4
1246 3767 4
1249 3561 4
1249 408 4
1254 1166 4
1254 1246 4
1254 132 4
1254 1556 4
1254 627 4
1257 1244 4
1257 1340 4
1257 1633 4
1257 1777 4
1257 2643 4
1257 671 4
126 2847 4
126 3136 4
126 644 4
126 862 4
1261 1390 4
1264 440 4
1264 467 4
1265 3408 4
1267 1574 4
1267 1707 4
1267 2021 4
127 1117 4
127 128 4
127 130 4
127 2207 4
127 223 4
127 3038 4
127 3135 4
127 426 4
127 731 4
127 880 4
1272 1355 4
1272 2461 4
1272 2469 4
1272 2966 4
1273 2488 4
1273 2922 4
1275 2491 4
1275 2876 4
1275 3840 4
128 114 4
128 3037 4
128 3038 4
128 38 4
128 712 4
1280 1401 4
1280 1625 4
1280 1658 4
1281 219 4
1281 2478 4
1284 2092 4
1284 2107 4
1284 2138 4
1284 3004 4
1289 1151 4
1289 1408 4
1289 1922 4
1289 82 4
129 1421 4
129 234 4
129 278 4
129 3579 4
129 492 4
129 842 4
1290 1523 4
1290 1612 4
1290 1792 4
1290 3843 4
1291 1290 4
1293 627 4
1294 132 4
1294 1533 4
1294 447 4
1294 455 4
1294 516 4
1294 807 4
1295 1769 4
1295 3760 4
1296 1438 4
1296 2896 4
1296 983 4
1297 961 4
1299 1366 4
1299 1989 4
1299 2307 4
13 211 4
13 275 4
13 280 4
13 371 4
13 371 4
13 503 4
13 537 4
13 801 4
13 98 4
130 171 4
130 1747 4
130 200 4
130 2067 4
130 32 4
130 330 4
130 455 4
130 456 4
130 462 4
130 537 4
130 801 4
130 880 4
130 913 4
130 973 4
1302 2053 4
1302 2643 4
1302 2750 4
1302 418 4
1303 3754 4
1303 607 4
1303 976 4
1307 1600 4
1307 1613 4
1307 2049 4
1307 3441 4
1308 1177 4
1308 1374 4
1308 1746 4
1308 3018 4
1308 330 4
1308 387 4
1308 452 4
1308 468 4
1308 798 4
131 1778 4
1313 133 4
1313 1344 4
1313 1750 4
1313 2311 4
1313 2317 4
1313 2371 4
1313 2570 4
1313 357 4
1313 448 4
1315 2490 4
1317 1007 4
1317 1460 4
1317 2569 4
1318 1400 4
1318 1640 4
1318 3861 4
1318 451 4
1318 61 4
132 1183 4
132 1294 4
132 147 4
132 2574 4
132 259 4
132 3369 4
132 455 4
132 500 4
132 731 4
132 959 4
1321 24 4
1321 2959 4
1322 2914 4
1323 1397 4
1323 1842 4
1324 3856 4
1326 1390 4
1326 3122 4
1327 1025 4
1327 158 4
1327 2890 4
1327 330 4
1327 3363 4
1327 595 4
1327 64 4
133 1529 4
133 330 4
1333 2286 4
1339 1789 4
1339 2498 4
1340 1397 4
1340 1619 4
1340 1806 4
1340 1842 4
1340 956 4
1344 1311 4
1344 1466 4
1344 1523 4
1344 1752 4
1344 3419 4
1344 741 4
1349 1339 4
1349 2498 4
1349 3851 4
1350 1481 4
1350 3400 4
1355 2540 4
1355 3389 4
1357 1295 4
1357 3012 4
1360 1721 4
1360 3735 4
1361 1117 4
1361 1461 4
1361 334 4
1361 720 4
1361 92 4
1362 1081 4
1362 1983 4
1362 2555 4
1362 3684 4
1363 1875 4
1365 536 4
1366 1183 4
1366 1210 4
1366 1556 4
1366 1843 4
1366 1989 4
1366 2090 4
1366 2307 4
1366 2684 4
1366 3023 4
1366 3106 4
1366 3565 4
1366 3636 4
1366 3646 4
1366 3647 4
1366 3695 4
1366 534 4
1366 663 4
1366 663 4
1366 759 4
1366 778 4
1368 1737 4
1368 3370 4
137 2468 4
137 2509 4
1372 148 4
1372 1906 4
1372 2555 4
1373 1480 4
1373 1530 4
1373 3861 4
1374 1024 4
1374 1289 4
1374 1568 4
1374 2003 4
1374 2138 4
1374 234 4
1374 2442 4
138 140 4
138 1637 4
138 229 4
138 266 4
138 910 4
138 914 4
1380 1396 4
1380 1530 4
1380 1925 4
1380 1926 4
1380 455 4
1381 450 4
1383 1090 4
1385 655 4
1387 484 4
1388 484 4
1389 1326 4
139 1108 4
139 3518 4
139 366 4
139 449 4
139 589 4
1390 2452 4
1393 1108 4
1393 457 4
1393 467 4
1393 569 4
1394 1701 4
1395 1027 4
1395 1160 4
1396 1340 4
1396 3861 4
1397 1479 4
1397 1619 4
1397 3384 4
1397 595 4
1398 1649 4
1398 3154 4
1398 721 4
1398 721 4
1398 722 4
14 132 4
14 228 4
14 251 4
14 259 4
14 275 4
14 412 4
14 510 4
14 731 4
14 828 4
140 1819 4
140 2995 4
140 3312 4
1400 2955 4
1401 3309 4
1401 803 4
1406 1027 4
1406 228 4
1406 3556 4
1408 3232 4
1408 3552 4
1408 3553 4
1415 1939 4
1415 2591 4
1415 900 4
1415 960 4
1416 3858 4
1417 2565 4
1417 868 4
1418 1768 4
142 1008 4
142 1294 4
142 423 4
1421 1416 4
1421 2307 4
1421 2836 4
1424 1082 4
1424 2055 4
1424 2056 4
1424 2310 4
1424 639 4
1426 976 4
1427 2658 4
1427 449 4
1427 536 4
1428 1533 4
1428 237 4
1428 3342 4
1428 366 4
1428 461 4
1428 748 4
1430 1222 4
1431 2956 4
1431 3389 4
1432 1026 4
1432 1451 4
1432 1937 4
1432 2153 4
1432 2307 4
1432 547 4
1432 608 4
1432 808 4
1438 1186 4
1438 3099 4
1438 3150 4
1438 3602 4
1438 83 4
1439 257 4
1440 1293 4
1440 226 4
1440 455 4
1443 891 4
1444 868 4
145 3562 4
1451 3770 4
1451 496 4
1451 741 4
1451 778 4
1455 151 4
1455 1617 4
1455 1925 4
1455 3328 4
1455 742 4
1458 1646 4
1459 3795 4
1460 1544 4
1460 1871 4
1461 1393 4
1461 1926 4
1461 3736 4
1464 627 4
1466 1497 4
1466 2283 4
1466 2317 4
1466 235 4
1466 309 4
1466 322 4
1466 573 4
1466 66 4
1466 66 4
147 2351 4
147 3449 4
147 661 4
147 675 4
147 773 4
147 778 4
1472 1204 4
1472 3640 4
1476 1906 4
1479 1564 4
1479 1602 4
1479 1815 4
1479 3861 4
148 2103 4
148 238 4
148 2713 4
148 3109 4
148 862 4
1480 2224 4
1480 330 4
1480 637 4
1481 3400 4
1482 132 4
1482 138 4
1482 1769 4
1482 2316 4
1482 259 4
1483 1472 4
1483 310 4
1483 3639 4
1483 3642 4
1483 927 4
1489 1361 4
1489 161 4
1489 272 4
1489 330 4
1489 538 4
1489 557 4
1489 589 4
149 1393 4
149 1461 4
149 1597 4
149 1660 4
149 1733 4
149 214 4
149 2930 4
149 334 4
149 563 4
149 66 4
1491 1125 4
1491 3201 4
1491 807 4
1495 1900 4
1495 1903 4
1498 3848 4
1498 3863 4
1498 3864 4
1498 3865 4
1500 340 4
1500 720 4
1501 2015 4
1501 448 4
1506 1719 4
1506 1998 4
1506 2053 4
1506 2105 4
1506 2380 4
151 1181 4
151 1280 4
151 1295 4
151 3193 4
151 3756 4
1511 1387 4
1511 1638 4
1514 1747 4
1514 2242 4
1514 403 4
1518 2670 4
1523 1066 4
1523 1466 4
1523 1612 4
1523 2916 4
1523 309 4
1523 66 4
1529 2013 4
1529 233 4
1529 3195 4
1529 328 4
1529 3801 4
1529 414 4
1529 522 4
1529 56 4
1529 653 4
1529 798 4
1529 862 4
153 162 4
153 166 4
153 2268 4
153 259 4
153 2930 4
153 318 4
153 3649 4
1530 1480 4
1530 1926 4
1530 483 4
1533 1186 4
1533 142 4
1533 1488 4
1533 1544 4
1533 3365 4
1533 748 4
1533 885 4
1540 1542 4
1544 1482 4
1544 1580 4
1544 1613 4
1544 201 4
1544 2518 4
1544 959 4
1545 1518 4
1548 1013 4
1548 1362 4
1548 1566 4
1548 157 4
1548 1623 4
1548 1657 4
1548 2861 4
1548 519 4
1548 742 4
1549 2863 4
1549 3146 4
1549 3691 4
155 643 4
1551 1365 4
1553 1339 4
1553 1702 4
1556 3106 4
1556 3244 4
1556 3281 4
1557 1560 4
1557 3874 4
1558 1386 4
1559 1627 4
1559 3359 4
1560 914 4
1564 1318 4
1564 1400 4
1566 1053 4
1566 449 4
1566 891 4
1568 1192 4
1568 1308 4
1568 132 4
1568 2263 4
1568 692 4
157 17 4
157 1993 4
157 1993 4
157 300 4
1574 3688 4
1576 3898 4
1578 1007 4
1578 1025 4
1578 1118 4
1578 1178 4
1578 160 4
1578 2555 4
1578 685 4
1579 1326 4
1580 1137 4
1580 1398 4
1580 1666 4
1580 288 4
1581 1025 4
1581 362 4
1581 583 4
1581 637 4
1581 659 4
1582 1430 4
1582 2481 4
1582 3520 4
1582 3858 4
1582 824 4
1585 1660 4
1585 2467 4
1585 45 4
1590 1146 4
1590 1380 4
1590 1925 4
1590 409 4
1592 1747 4
1592 3222 4
1593 442 4
1593 557 4
1593 692 4
1594 1794 4
1595 1594 4
1595 3342 4
1595 3756 4
1597 1443 4
1597 1937 4
1597 330 4
1597 385 4
1597 457 4
1597 638 4
160 1025 4
160 1131 4
160 1880 4
160 258 4
160 538 4
160 720 4
1600 1418 4
1600 1609 4
1600 1800 4
1602 1340 4
1602 1777 4
1602 1842 4
1602 560 4
1608 1466 4
1608 2003 4
1608 201 4
1608 2067 4
1608 2699 4
1608 3727 4
1608 3753 4
1608 3762 4
1608 3810 4
1608 831 4
1608 878 4
1609 651 4
161 1514 4
161 3108 4
161 3593 4
161 3842 4
161 672 4
1612 1707 4
1612 783 4
1613 2189 4
1613 2964 4
1613 30 4
1613 662 4
1615 2155 4
1615 3458 4
1615 815 4
1617 1782 4
1617 385 4
1618 2478 4
1618 3853 4
1619 1380 4
1619 1787 4
1619 3384 4
1619 352 4
162 1080 4
162 2730 4
162 316 4
1621 1360 4
1621 1692 4
1622 1421 4
1622 1618 4
1622 2536 4
1623 2631 4
1624 1964 4
1624 2007 4
1624 3560 4
1624 394 4
1625 3193 4
1627 3361 4
163 1881 4
163 226 4
163 610 4
163 639 4
1633 1582 4
1633 2481 4
1633 3858 4
1634 3123 4
1636 162 4
1637 1184 4
1637 1381 4
1637 3870 4
1638 1387 4
1638 447 4
1638 484 4
164 1056 4
164 113 4
164 1131 4
164 120 4
164 2002 4
164 237 4
164 376 4
164 720 4
164 748 4
164 752 4
164 787 4
164 849 4
1640 1343 4
1641 2443 4
1641 3794 4
1643 1315 4
1643 2876 4
1645 1007 4
1645 1025 4
1645 1578 4
1645 3018 4
1645 673 4
1645 788 4
1646 264 4
1649 2316 4
165 2658 4
165 3111 4
165 3739 4
165 700 4
165 983 4
1650 3525 4
1650 91 4
1650 946 4
1651 1971 4
1651 2509 4
1651 2927 4
1654 1618 4
1654 3285 4
1657 1400 4
1657 1600 4
1657 162 4
1657 2872 4
1657 3146 4
1657 330 4
1657 692 4
1658 2624 4
166 122 4
166 2079 4
166 248 4
166 2882 4
166 3058 4
166 341 4
166 3548 4
166 360 4
166 549 4
166 670 4
166 987 4
1660 1975 4
1660 494 4
1662 385 4
1663 1374 4
1666 1401 4
1666 2653 4
1666 3253 4
1668 3889 4
1671 2311 4
1671 3771 4
1672 2180 4
1672 3763 4
1674 1118 4
1674 1151 4
1674 1333 4
1674 2097 4
1674 2313 4
1674 3243 4
1677 211 4
1677 2718 4
1677 461 4
1677 605 4
1677 623 4
1677 653 4
1677 789 4
1679 1819 4
1683 1257 4
1683 226 4
1683 3761 4
1684 1548 4
1684 162 4
1684 2875 4
1684 3556 4
1689 1081 4
169 1117 4
169 188 4
1692 2471 4
1697 1829 4
1697 516 4
17 1108 4
17 1548 4
17 164 4
17 228 4
17 2319 4
17 2496 4
17 2984 4
17 352 4
17 3577 4
17 447 4
17 573 4
1701 1324 4
1701 1792 4
1701 3843 4
1701 3856 4
1706 270 4
1706 2716 4
1706 3057 4
1707 1290 4
171 1103 4
171 1464 4
171 1623 4
171 1998 4
171 2076 4
171 2145 4
171 622 4
171 692 4
1711 1104 4
1711 130 4
1711 1548 4
1711 162 4
1711 1684 4
1711 3146 4
1711 3737 4
1711 387 4
1711 456 4
1711 482 4
1711 514 4
1711 573 4
1711 61 4
1711 692 4
1711 742 4
1712 1518 4
1713 2463 4
1713 2773 4
1713 825 4
1715 1881 4
1715 3917 4
1715 950 4
1718 1357 4
1718 607 4
1719 113 4
1719 1506 4
1719 1597 4
1719 1747 4
1719 1815 4
1719 1998 4
1719 2079 4
1719 2368 4
1719 248 4
1719 2876 4
1719 2904 4
1719 3004 4
1719 3523 4
1719 3655 4
1719 3702 4
172 234 4
172 25 4
172 278 4
172 322 4
172 519 4
172 521 4
172 621 4
172 77 4
172 79 4
172 952 4
1721 3418 4
1722 237 4
1722 3372 4
1722 59 4
1723 1260 4
1723 868 4
1728 1118 4
1728 1679 4
1728 1819 4
1728 1931 4
1728 3290 4
1733 1035 4
1733 2930 4
1733 387 4
1733 457 4
1733 840 4
1735 3664 4
1737 1349 4
1737 1370 4
1748 2002 4
1748 3484 4
1751 1291 4
1751 1394 4
1751 3359 4
1752 2558 4
1752 2990 4
1756 1689 4
1758 3859 4
1760 3369 4
1761 1609 4
1768 1458 4
1768 1606 4
1768 1657 4
1768 1777 4
1768 2170 4
1769 229 4
1769 3823 4
1769 3825 4
1769 385 4
1777 3242 4
1777 595 4
1778 1191 4
178 1497 4
178 201 4
178 275 4
178 3926 4
178 534 4
1781 710 4
1782 1489 4
1782 2716 4
1782 3602 4
1782 383 4
1782 462 4
1782 736 4
1782 833 4
1787 1491 4
1787 1925 4
1787 454 4
1789 3851 4
179 268 4
179 965 4
1791 1117 4
1791 1197 4
1791 2255 4
1791 280 4
1791 299 4
1791 3083 4
1791 330 4
1791 3833 4
1791 497 4
1791 653 4
1791 731 4
1791 876 4
1791 913 4
1791 959 4
1792 3843 4
1794 1128 4
1794 1459 4
1794 1671 4
1796 1081 4
18 2576 4
1801 3623 4
1806 1066 4
1806 1146 4
1806 1371 4
1806 2170 4
1807 3909 4
1808 1318 4
1808 1418 4
1808 1600 4
1808 1656 4
1808 483 4
1811 1814 4
1811 2751 4
1811 3577 4
1814 2750 4
1814 2751 4
1814 3577 4
1815 1035 4
1815 1108 4
1815 1373 4
1815 149 4
1815 2930 4
1816 900 4
1818 1183 4
1818 224 4
1818 2655 4
1819 1177 4
1819 1931 4
1819 1931 4
1819 24 4
1819 2890 4
1819 3004 4
1819 3018 4
1819 3079 4
1819 333 4
1819 3755 4
1819 461 4
1819 670 4
1819 736 4
1820 2430 4
1820 2886 4
1820 3264 4
1820 354 4
1820 3677 4
1820 3678 4
1820 647 4
1820 649 4
1820 833 4
1820 963 4
1823 1099 4
1823 1506 4
1823 883 4
1826 171 4
1826 197 4
1826 2076 4
1826 2105 4
1826 2149 4
1826 436 4
1827 104 4
1827 1461 4
1827 220 4
1827 3766 4
1828 1472 4
1828 1500 4
1829 2015 4
1829 2871 4
1829 2882 4
1829 3062 4
1829 720 4
1835 1823 4
1837 2783 4
1837 2791 4
1837 355 4
1838 1026 4
1838 24 4
1838 3234 4
1838 673 4
1840 2882 4
1842 1619 4
1842 1787 4
1842 255 4
1842 2930 4
1842 3384 4
1842 3719 4
1842 3720 4
1842 3721 4
1842 956 4
1843 1299 4
1843 1989 4
1843 2255 4
1843 3767 4
1843 385 4
1843 536 4
1843 543 4
1843 897 4
1843 913 4
1846 186 4
1846 2281 4
1846 2306 4
1846 285 4
1846 3225 4
1846 654 4
185 797 4
1852 1005 4
1852 162 4
1854 2532 4
186 3596 4
1861 1122 4
1861 1231 4
1862 153 4
1862 247 4
1862 247 4
1862 3182 4
1863 30 4
1863 736 4
1863 870 4
1866 165 4
1868 1869 4
1869 1243 4
1869 1385 4
1869 3462 4
1869 874 4
187 102 4
187 112 4
187 1210 4
187 1846 4
187 202 4
187 2163 4
187 2177 4
187 2238 4
187 2281 4
187 2778 4
187 285 4
187 538 4
187 714 4
187 859 4
1871 1008 4
1871 1317 4
1871 148 4
1871 3018 4
1871 673 4
1875 2331 4
1875 2359 4
188 278 4
188 2920 4
188 3524 4
188 436 4
188 440 4
188 477 4
188 561 4
188 563 4
188 736 4
1880 1289 4
1880 1408 4
1880 1906 4
1880 272 4
1881 1055 4
1881 1141 4
1881 1231 4
1881 1861 4
1881 396 4
1883 2006 4
1883 2844 4
1885 1024 4
1885 1374 4
1886 1895 4
1886 672 4
1889 1184 4
1889 1927 4
1889 2309 4
1889 3918 4
1889 706 4
189 2773 4
189 825 4
1890 1846 4
1890 1997 4
1890 654 4
1891 242 4
1891 258 4
1891 3883 4
1891 777 4
1892 1476 4
1892 1900 4
1892 2442 4
1895 1894 4
1895 1897 4
1895 2286 4
1897 161 4
1897 1920 4
1898 3880 4
1900 1026 4
1900 1081 4
1900 1224 4
1900 1838 4
1900 3234 4
1903 1333 4
1903 1362 4
1903 2286 4
1903 2466 4
1906 1871 4
1906 1892 4
1908 1581 4
1908 1891 4
1908 242 4
1908 3883 4
191 3783 4
1919 1110 4
1919 1489 4
1919 1906 4
1919 2286 4
1921 3435 4
1921 3768 4
1921 3814 4
1921 3821 4
1921 3835 4
1922 1151 4
1922 3049 4
1922 3706 4
1924 1921 4
1924 232 4
1924 3915 4
1925 1530 4
1925 1636 4
1925 2218 4
1925 2231 4
1925 2413 4
1925 2574 4
1925 2574 4
1925 259 4
1925 2631 4
1925 2648 4
1925 2904 4
1925 3603 4
1925 659 4
1925 736 4
1925 983 4
1926 1373 4
1926 1997 4
1926 3018 4
1926 447 4
1926 807 4
1927 1066 4
1927 1889 4
1927 2143 4
1927 2231 4
1927 232 4
1927 3326 4
1927 334 4
1927 467 4
1927 671 4
1927 736 4
1927 895 4
1928 1191 4
1928 155 4
1928 2278 4
1928 3111 4
1928 455 4
1928 902 4
193 1226 4
193 211 4
193 2129 4
193 412 4
193 519 4
193 90 4
1930 1837 4
1930 2413 4
1930 2431 4
1930 318 4
1930 3195 4
1931 1008 4
1931 1082 4
1931 1581 4
1931 1838 4
1931 1900 4
1931 24 4
1931 2555 4
1931 3004 4
1931 3018 4
1931 362 4
1931 583 4
1931 637 4
1931 685 4
1932 1612 4
1934 2312 4
1934 3725 4
1934 449 4
1935 1501 4
1935 3640 4
1936 1120 4
1936 2024 4
1937 1432 4
1937 24 4
1937 2959 4
1937 3927 4
1937 455 4
1937 547 4
1937 569 4
1937 608 4
1937 659 4
1939 113 4
1939 1302 4
1939 2053 4
1939 2067 4
1939 2097 4
1939 981 4
1944 2468 4
1944 281 4
1949 161 4
1949 1646 4
1949 2568 4
1949 3108 4
1949 3242 4
1949 3593 4
195 1421 4
195 3705 4
195 3805 4
195 580 4
195 635 4
1958 1073 4
1958 1415 4
1958 179 4
1958 2591 4
1958 283 4
1958 3543 4
1958 366 4
1960 2277 4
1963 130 4
1963 1398 4
1963 1408 4
1963 187 4
1963 227 4
1963 2681 4
1963 2714 4
1963 3771 4
1963 387 4
1963 452 4
1963 654 4
1963 657 4
1963 726 4
1963 741 4
1964 2142 4
1964 3550 4
1964 3566 4
1966 2371 4
1967 2845 4
1969 2309 4
1969 234 4
197 3715 4
197 640 4
197 983 4
1971 2164 4
1971 654 4
1975 1197 4
1975 536 4
1979 1383 4
1979 1540 4
1979 3371 4
1981 897 4
1983 2006 4
1983 2244 4
1983 485 4
1983 880 4
1984 337 4
1984 485 4
1984 649 4
1984 787 4
1985 1175 4
1985 1214 4
1985 1472 4
1985 2374 4
1985 447 4
1987 2506 4
1987 3281 4
1987 662 4
1989 1366 4
1989 2307 4
1989 3106 4
1989 3281 4
1989 3676 4
199 113 4
199 2097 4
199 2138 4
199 3431 4
199 3658 4
199 89 4
1993 17 4
1993 2515 4
1993 334 4
1996 1649 4
1996 638 4
1996 775 4
1997 1177 4
1997 1184 4
1997 2006 4
1997 238 4
1997 246 4
1997 3123 4
1997 497 4
1998 1415 4
1998 1506 4
1998 1719 4
1998 2064 4
1998 2111 4
2 610 4
200 2071 4
200 692 4
2002 1363 4
2002 1875 4
2003 2097 4
2003 2405 4
2006 1056 4
2006 1408 4
2006 1926 4
2006 1983 4
2006 2002 4
2006 237 4
2006 257 4
2006 3451 4
2006 383 4
2006 393 4
2006 748 4
2006 807 4
2007 1964 4
2007 3566 4
201 130 4
201 1438 4
201 199 4
201 2067 4
201 383 4
201 447 4
201 500 4
201 959 4
2013 3574 4
2015 109 4
2015 1935 4
2015 307 4
2015 576 4
2015 633 4
2015 927 4
202 1235 4
202 1934 4
202 2163 4
202 2235 4
202 2247 4
202 3260 4
202 3627 4
202 3628 4
202 3637 4
202 994 4
2021 1523 4
2021 204 4
2021 3814 4
2021 3821 4
2021 3888 4
2021 416 4
2023 1600 4
2024 1101 4
2024 3194 4
2024 3299 4
2033 1272 4
2033 1360 4
2033 2471 4
2033 2472 4
2033 3436 4
2034 1036 4
2034 2977 4
2034 3850 4
204 1560 4
2041 2021 4
2041 416 4
2041 508 4
2041 737 4
2049 1322 4
2049 1613 4
2049 2207 4
2049 2964 4
2049 3406 4
2049 3719 4
2049 652 4
2051 2146 4
2051 2431 4
2051 2986 4
2053 2057 4
2053 2070 4
2053 2087 4
2053 3632 4
2055 2311 4
2055 3755 4
2055 3756 4
2055 725 4
2055 872 4
2056 1168 4
2056 864 4
2057 132 4
2057 1939 4
2057 352 4
2057 387 4
2058 2112 4
2063 1099 4
2063 1194 4
2063 2096 4
2063 2102 4
2063 2150 4
2064 199 4
2064 2076 4
2064 2119 4
2067 132 4
2067 17 4
2067 2057 4
2067 2071 4
2067 2089 4
2067 2145 4
2067 2380 4
2067 3194 4
2067 471 4
2067 543 4
2067 959 4
2067 981 4
2069 12 4
2069 197 4
2069 2120 4
207 2444 4
207 778 4
2070 2120 4
2070 25 4
2070 883 4
2071 1506 4
2071 2079 4
2071 2089 4
2071 959 4
2073 2149 4
2073 895 4
2076 113 4
2076 2101 4
2076 2105 4
2076 2405 4
2078 2092 4
2078 2259 4
2078 2401 4
2078 2448 4
2079 1103 4
2079 1374 4
2079 153 4
2079 2063 4
2079 228 4
2079 247 4
2079 2791 4
2079 605 4
2085 1014 4
2085 3867 4
2085 3869 4
2086 3872 4
2087 2054 4
2087 2259 4
2087 558 4
2088 2092 4
2088 3749 4
2089 1835 4
2089 2003 4
2089 2123 4
2089 2405 4
2089 2405 4
2089 51 4
2090 1184 4
2090 1782 4
2090 654 4
2090 663 4
2090 848 4
2094 2102 4
2094 2149 4
2095 3581 4
2095 3597 4
2095 74 4
2096 197 4
2097 1826 4
2097 2053 4
2097 2294 4
2097 2431 4
2097 3243 4
2097 3658 4
2097 3707 4
2097 500 4
2099 1998 4
2099 2149 4
2099 2405 4
2099 895 4
21 1108 4
21 1820 4
21 2041 4
21 257 4
21 281 4
21 696 4
21 720 4
2100 1930 4
2101 1069 4
2101 228 4
2101 883 4
2102 1194 4
2102 1568 4
2102 1799 4
2102 2069 4
2102 2089 4
2102 2100 4
2102 33 4
2103 270 4
2103 2797 4
2103 2973 4
2103 318 4
2103 3314 4
2103 455 4
2103 466 4
2103 493 4
2103 522 4
2103 609 4
2103 659 4
2103 712 4
2104 30 4
2104 652 4
2105 155 4
2105 199 4
2105 2097 4
2105 2984 4
2106 61 4
2107 2097 4
2107 2143 4
2107 2146 4
2107 2984 4
2107 2986 4
2107 3655 4
2107 900 4
2108 197 4
2108 200 4
2108 2069 4
2108 2120 4
2109 2092 4
2109 2116 4
2109 2135 4
2109 3010 4
211 132 4
211 1677 4
211 195 4
211 2247 4
211 373 4
211 456 4
211 580 4
211 580 4
211 653 4
211 653 4
211 789 4
211 801 4
211 801 4
211 98 4
2111 2109 4
2111 2148 4
2116 2062 4
2116 2070 4
2116 2122 4
2119 1544 4
2119 2102 4
2119 2130 4
2119 2448 4
2119 959 4
2120 2101 4
2120 2138 4
2120 3658 4
2121 1568 4
2121 1711 4
2121 1827 4
2121 1835 4
2121 2096 4
2121 2106 4
2121 2119 4
2121 2150 4
2121 2431 4
2121 3815 4
2121 435 4
2122 2069 4
2122 2107 4
2122 2121 4
2122 2150 4
2122 2986 4
2122 51 4
2123 938 4
2126 115 4
2129 3600 4
2130 1284 4
2130 2448 4
2132 2121 4
2134 3655 4
2135 2087 4
2135 2431 4
2137 2097 4
2138 12 4
2138 1826 4
2138 2116 4
2139 2087 4
2140 129 4
2140 521 4
2142 1624 4
2142 2007 4
2143 1889 4
2143 3274 4
2143 3918 4
2143 97 4
2145 2402 4
2146 2109 4
2146 2402 4
2146 2448 4
2146 2986 4
2148 199 4
2148 2079 4
2148 2984 4
2149 1194 4
2149 2097 4
2149 3673 4
2149 435 4
2150 1284 4
2150 256 4
2150 2984 4
2150 3658 4
2150 419 4
2151 1997 4
2152 3150 4
2152 3237 4
2152 3248 4
2152 3430 4
2153 1026 4
2153 1035 4
2153 88 4
2154 1089 4
2154 1205 4
2155 2819 4
2157 3126 4
2157 3260 4
2157 3633 4
2159 1967 4
2159 816 4
2160 2181 4
2160 802 4
2163 3260 4
2163 3607 4
2163 429 4
2163 790 4
2163 816 4
2163 859 4
2164 1089 4
2164 3156 4
2164 3800 4
2165 2213 4
2170 1257 4
2170 1397 4
2170 149 4
2170 1800 4
2170 1889 4
2170 1925 4
2170 2143 4
2170 2574 4
2170 3918 4
2170 731 4
2172 563 4
2172 713 4
2177 1210 4
2177 2780 4
2177 3672 4
2177 441 4
2177 589 4
2177 761 4
2177 984 4
2179 1014 4
2179 2085 4
2179 3867 4
218 3616 4
2181 1131 4
2186 3215 4
2188 1108 4
2188 1677 4
2188 352 4
2188 3534 4
2188 538 4
2188 741 4
2188 851 4
2189 2233 4
219 1544 4
219 2053 4
219 2509 4
219 612 4
2196 595 4
220 104 4
220 36 4
2200 285 4
2200 3633 4
2203 2200 4
2203 3650 4
2203 3697 4
2207 1307 4
2207 1613 4
2207 2257 4
2207 2909 4
2209 127 4
2209 128 4
2209 223 4
2209 9 4
2210 126 4
2212 285 4
2213 148 4
2213 2851 4
2216 1018 4
2216 1927 4
2216 3283 4
2218 1066 4
2218 2574 4
2218 976 4
2224 1617 4
2224 2896 4
2224 543 4
2227 2583 4
223 128 4
223 3037 4
223 38 4
223 712 4
2230 3246 4
2231 2218 4
2231 2574 4
2231 2631 4
2233 123 4
2233 2713 4
2233 3705 4
2235 3544 4
2237 2993 4
2237 3726 4
224 1055 4
224 1881 4
224 197 4
224 2655 4
224 983 4
2241 2513 4
2242 161 4
2242 1949 4
2242 1969 4
2242 2568 4
2242 3520 4
2242 403 4
2243 2207 4
2243 2344 4
2244 1008 4
2244 2372 4
2247 1108 4
2247 124 4
2247 187 4
2247 2121 4
2247 2677 4
2247 2765 4
2247 3201 4
2247 3372 4
2247 3458 4
2247 692 4
2255 1202 4
2255 1619 4
2255 1927 4
2255 3384 4
2255 452 4
2255 560 4
2255 595 4
2257 1430 4
2257 2290 4
2257 2920 4
2257 824 4
2259 1826 4
226 1070 4
226 1843 4
226 3422 4
226 455 4
2263 1506 4
2263 1544 4
2263 2122 4
2263 900 4
2266 3544 4
2268 162 4
2268 2730 4
2268 3649 4
227 1200 4
227 1302 4
227 1782 4
227 2392 4
227 880 4
227 897 4
2272 1548 4
2272 2574 4
2272 436 4
2277 2882 4
2277 2903 4
2277 3523 4
2277 3561 4
2278 1191 4
2278 127 4
2278 219 4
2278 2242 4
2278 878 4
2278 895 4
228 1033 4
228 2121 4
228 2380 4
228 2545 4
228 3497 4
228 3744 4
228 476 4
228 560 4
228 563 4
228 921 4
2281 187 4
2281 1890 4
2281 3225 4
2281 714 4
2281 765 4
2282 1184 4
2282 824 4
2283 2270 4
2284 2874 4
2284 2878 4
2284 3688 4
2286 161 4
2289 3681 4
2289 3705 4
2289 651 4
229 2086 4
229 3823 4
229 580 4
229 6 4
229 610 4
229 79 4
229 910 4
229 913 4
2290 3689 4
2294 1674 4
2294 2313 4
2296 1090 4
2296 1984 4
2296 2330 4
2296 2348 4
2296 3608 4
2296 480 4
2296 599 4
23 2718 4
2301 3576 4
2306 187 4
2306 285 4
2306 654 4
2306 714 4
2307 1366 4
2307 1556 4
2307 1989 4
2307 2782 4
2307 3281 4
2307 3770 4
2307 3771 4
2309 1101 4
2309 1184 4
2309 1408 4
2309 1927 4
2309 234 4
2309 2397 4
2309 2624 4
2309 2744 4
2309 2887 4
2309 3326 4
2310 2055 4
2310 3572 4
2310 725 4
2310 864 4
2311 1265 4
2311 1622 4
2311 3277 4
2311 3711 4
2311 442 4
2311 456 4
2311 622 4
2311 791 4
2312 3544 4
2312 449 4
2313 1118 4
2313 2097 4
2313 3001 4
2316 1660 4
2316 2716 4
2316 3772 4
2316 400 4
2317 138 4
2317 140 4
2317 1711 4
2317 1819 4
2317 2121 4
2317 219 4
2317 232 4
2317 3350 4
2317 496 4
2318 1608 4
2318 2699 4
2318 3727 4
2319 3509 4
232 2281 4
232 2681 4
232 3350 4
232 765 4
232 902 4
2321 3521 4
2321 3522 4
2326 1313 4
2326 133 4
2326 2626 4
2327 2496 4
2328 2006 4
2328 220 4
2328 3012 4
2329 3215 4
233 300 4
2330 164 4
2330 2341 4
2330 2897 4
2330 66 4
2331 2348 4
2331 383 4
2339 2311 4
2339 524 4
234 115 4
234 172 4
234 2242 4
234 2263 4
234 2278 4
234 2413 4
234 2416 4
234 25 4
234 3161 4
234 318 4
234 366 4
234 463 4
2341 2365 4
2343 355 4
2343 466 4
2343 522 4
2343 775 4
2344 1574 4
2344 2257 4
2348 164 4
2348 1820 4
2348 185 4
2348 752 4
2348 787 4
235 1071 4
235 3564 4
235 436 4
235 507 4
235 973 4
2351 3813 4
2351 436 4
2355 1366 4
2355 2684 4
2355 3629 4
2355 3630 4
2355 3631 4
2358 3215 4
2359 649 4
236 2177 4
236 816 4
2361 2466 4
2363 1984 4
2365 701 4
2368 2310 4
2368 2317 4
2368 2903 4
2368 2984 4
2368 2988 4
2368 3737 4
2369 1026 4
2369 1118 4
237 147 4
237 312 4
237 357 4
237 393 4
237 45 4
237 482 4
237 627 4
237 74 4
237 741 4
237 748 4
2370 1684 4
2370 3692 4
2371 2521 4
2371 357 4
2374 1236 4
238 1057 4
238 1289 4
238 1645 4
238 1880 4
238 1892 4
238 213 4
238 440 4
2380 1619 4
2380 171 4
2380 2053 4
2380 2263 4
2380 3811 4
2380 3916 4
2380 59 4
2380 661 4
2384 270 4
2384 312 4
2391 1654 4
2391 1722 4
2391 2819 4
2391 3372 4
2391 3858 4
2392 1008 4
2392 1205 4
2392 1214 4
2392 2006 4
2392 2437 4
2392 246 4
2392 2716 4
2392 3108 4
2392 393 4
2392 579 4
2392 833 4
2396 2400 4
2396 2699 4
2397 1408 4
2397 2582 4
2397 3303 4
2397 3552 4
2397 3789 4
24 1281 4
24 1578 4
24 2957 4
24 3290 4
2400 661 4
2401 2119 4
2401 2139 4
2402 1506 4
2402 2070 4
2402 2108 4
2402 2120 4
2402 883 4
2405 2057 4
2405 2132 4
2405 2380 4
2405 2448 4
2405 3581 4
2405 436 4
2405 500 4
2405 74 4
2412 1117 4
2413 2170 4
2413 247 4
2413 270 4
2413 3317 4
2413 3556 4
2413 635 4
2413 736 4
2413 862 4
2416 234 4
2416 25 4
2416 79 4
242 1131 4
242 1871 4
242 3018 4
242 64 4
242 659 4
242 673 4
242 673 4
242 685 4
242 720 4
242 777 4
2423 1284 4
2426 2317 4
2426 3441 4
2430 3262 4
2431 2107 4
2431 2123 4
2431 3003 4
2431 3010 4
2431 3632 4
2434 1464 4
2437 1214 4
2442 1151 4
2442 1289 4
2442 2555 4
2443 3806 4
2443 3807 4
2443 3834 4
2444 1826 4
2444 2116 4
2444 2120 4
2444 2121 4
2444 2150 4
2444 2263 4
2445 1081 4
2445 1617 4
2445 3788 4
2448 113 4
2448 2094 4
2448 2111 4
2448 2259 4
2448 435 4
2452 1261 4
246 1581 4
246 1931 4
246 1983 4
246 2006 4
246 330 4
246 462 4
246 880 4
2461 2034 4
2461 2977 4
2461 3850 4
2462 2466 4
2462 3841 4
2462 3842 4
2462 929 4
2463 2372 4
2463 3546 4
2463 793 4
2463 831 4
2466 2587 4
2466 3016 4
2467 1191 4
2467 137 4
2467 1944 4
2467 2509 4
2467 2527 4
2467 2927 4
2467 3269 4
2467 3763 4
2467 3764 4
2467 44 4
2467 971 4
2468 2467 4
2468 2527 4
2468 3339 4
2468 3858 4
2468 824 4
2469 1355 4
2469 2956 4
2469 2966 4
2469 3845 4
247 3182 4
247 3545 4
247 817 4
2471 1621 4
2472 1431 4
2472 2469 4
2472 2969 4
2472 3845 4
2476 1651 4
2476 2537 4
2476 3724 4
2478 2391 4
248 153 4
248 2079 4
248 247 4
248 825 4
2483 560 4
2487 1066 4
2487 264 4
2488 131 4
2490 1643 4
2491 2969 4
2491 3838 4
2492 1807 4
2496 1264 4
2496 3322 4
2496 3688 4
2498 1368 4
2499 3847 4
25 115 4
25 172 4
25 2416 4
25 2681 4
25 90 4
2500 1579 4
2500 3425 4
2501 1313 4
2502 2227 4
2502 2609 4
2506 54 4
2506 897 4
2508 1753 4
2508 2915 4
2508 3860 4
2509 1430 4
2509 1944 4
2509 2467 4
2509 2537 4
2509 2927 4
2509 824 4
251 1166 4
251 2722 4
251 287 4
251 465 4
251 467 4
251 56 4
251 580 4
251 586 4
251 653 4
251 92 4
2512 130 4
2512 1747 4
2513 807 4
2515 301 4
2518 1488 4
2518 1533 4
2519 3732 4
2520 1746 4
2520 2576 4
2520 44 4
2521 2876 4
2521 2901 4
2521 426 4
2524 2546 4
2527 2502 4
2527 2927 4
2529 1389 4
2529 1807 4
2529 3122 4
253 234 4
2532 615 4
2534 1621 4
2534 2471 4
2534 2956 4
2534 3389 4
2536 24 4
2536 3853 4
2537 2965 4
2540 2966 4
2540 3406 4
2545 1117 4
2545 30 4
2545 897 4
2546 1809 4
2549 3860 4
255 1787 4
255 1927 4
255 546 4
255 61 4
2551 362 4
2551 9 4
2555 1088 4
2555 1110 4
2555 1131 4
2555 1906 4
2555 2286 4
2555 242 4
2555 3018 4
2555 637 4
2555 637 4
2555 685 4
2555 685 4
2555 710 4
2558 1760 4
2558 2564 4
256 1533 4
256 1823 4
256 2368 4
256 2444 4
256 255 4
256 2984 4
256 3369 4
2564 1417 4
2564 2611 4
2568 1323 4
2568 3598 4
2568 385 4
2568 926 4
2569 1460 4
2569 1871 4
257 1883 4
257 400 4
257 543 4
257 653 4
257 743 4
2570 2576 4
2574 1108 4
2574 1201 4
2574 1202 4
2574 1202 4
2574 1482 4
2574 1711 4
2574 2272 4
2574 2413 4
2574 259 4
2574 3111 4
2574 330 4
2574 334 4
2574 467 4
2574 496 4
2574 500 4
2574 543 4
2574 566 4
2574 621 4
2574 635 4
2574 731 4
2574 736 4
2574 976 4
2576 1582 4
2576 2519 4
2576 3350 4
2583 2292 4
2583 3520 4
2586 1324 4
2586 1394 4
2586 1932 4
2586 3361 4
2586 3377 4
259 189 4
259 2413 4
259 2574 4
259 2770 4
259 3525 4
259 3549 4
259 500 4
259 736 4
259 862 4
259 91 4
259 946 4
259 987 4
2590 1066 4
2591 234 4
2591 283 4
2591 960 4
2599 1326 4
2599 3425 4
260 2392 4
260 574 4
260 605 4
2600 2513 4
2600 2570 4
261 2013 4
261 3600 4
261 3600 4
261 416 4
261 426 4
261 74 4
2612 557 4
2619 1349 4
2619 2451 4
262 552 4
2626 1983 4
2626 3393 4
2628 3730 4
2631 1066 4
2631 1649 4
2631 2218 4
2631 2574 4
264 1533 4
264 2170 4
264 256 4
264 3447 4
264 451 4
264 849 4
2643 1450 4
2643 897 4
2648 1438 4
2648 1455 4
2648 1684 4
2648 2667 4
2648 3618 4
2652 3062 4
2653 3241 4
2653 3253 4
2655 1039 4
2655 197 4
2655 983 4
2658 3772 4
2661 1975 4
2661 3904 4
2665 3629 4
2665 3630 4
2665 3631 4
2666 1735 4
2666 3663 4
2667 1166 4
2667 1455 4
2667 3603 4
2670 1120 4
2670 2289 4
2670 651 4
2672 3348 4
2677 187 4
2677 2934 4
2679 187 4
268 1958 4
268 234 4
268 25 4
268 2681 4
268 965 4
2681 1035 4
2681 3 4
2681 449 4
2681 453 4
2681 589 4
2681 610 4
2681 765 4
2681 88 4
2681 961 4
2684 1210 4
2684 3106 4
2684 3668 4
2699 3814 4
270 1033 4
270 153 4
270 1837 4
270 2343 4
270 2793 4
270 3189 4
270 3555 4
270 3846 4
270 3866 4
270 466 4
270 609 4
270 712 4
270 842 4
2708 3725 4
2708 3726 4
2711 1175 4
2711 1985 4
2711 2296 4
2711 3451 4
2711 66 4
2711 752 4
2713 123 4
2713 1819 4
2713 2797 4
2713 2813 4
2713 3077 4
2713 318 4
2713 3852 4
2713 538 4
2713 712 4
2714 112 4
2714 1216 4
2714 2013 4
2714 261 4
2714 278 4
2714 519 4
2714 822 4
2716 142 4
2716 1706 4
2716 1816 4
2716 2372 4
2716 3057 4
2716 3825 4
2716 586 4
2718 1108 4
2718 1148 4
2718 1677 4
2718 1890 4
2718 25 4
2718 385 4
2718 496 4
2718 742 4
2718 920 4
2719 3125 4
272 1408 4
272 1933 4
272 2555 4
272 2998 4
272 3004 4
2720 2714 4
2720 508 4
2722 1529 4
2722 2233 4
2722 412 4
2722 475 4
2722 580 4
2722 862 4
2723 328 4
2723 3488 4
2729 2372 4
2729 2392 4
2730 2910 4
2730 3666 4
2735 421 4
2738 1713 4
2738 825 4
2741 1615 4
2741 2463 4
2741 793 4
2744 1545 4
2745 1366 4
2745 1989 4
2745 2307 4
2745 3695 4
275 1027 4
275 13 4
275 151 4
275 1597 4
275 178 4
275 2105 4
275 371 4
275 371 4
275 383 4
275 467 4
275 482 4
275 53 4
275 580 4
275 692 4
275 801 4
275 959 4
2750 1317 4
2750 1811 4
2750 1871 4
2750 2569 4
2750 2751 4
2750 2752 4
2751 2752 4
2751 3122 4
2751 3577 4
2752 1814 4
2752 3577 4
2763 1366 4
2763 2357 4
2763 2506 4
2765 602 4
277 3083 4
277 586 4
2770 248 4
2770 3548 4
2773 1713 4
2773 189 4
2773 2738 4
2773 2783 4
2774 2169 4
2777 2210 4
2777 643 4
2778 452 4
278 115 4
278 138 4
278 1529 4
278 229 4
278 251 4
278 324 4
278 352 4
278 461 4
278 503 4
278 53 4
278 566 4
278 580 4
278 736 4
278 85 4
2780 2160 4
2780 2212 4
2780 3220 4
2782 1556 4
2782 3106 4
2782 3676 4
2783 1033 4
2783 1713 4
2783 2479 4
2783 2773 4
2783 320 4
2783 3523 4
2783 3563 4
2783 463 4
2791 312 4
2791 3161 4
2791 3921 4
2791 670 4
2793 2343 4
2793 2803 4
2793 3314 4
2793 3326 4
2793 387 4
2793 646 4
2796 445 4
2797 2800 4
2797 3326 4
2797 433 4
2797 466 4
2799 2793 4
2799 3326 4
2799 3599 4
28 2837 4
28 2995 4
280 13 4
280 1791 4
280 371 4
280 439 4
280 621 4
2800 2797 4
2800 424 4
2800 47 4
2803 3186 4
2803 3599 4
2803 523 4
2804 1308 4
2804 1931 4
2804 2555 4
281 2041 4
281 2467 4
281 2509 4
281 508 4
281 696 4
2813 462 4
2819 2380 4
2819 3200 4
2819 3811 4
2819 59 4
283 234 4
283 549 4
283 960 4
2836 2813 4
2836 3580 4
2836 3596 4
2836 508 4
2837 112 4
2843 2055 4
2847 3625 4
285 1890 4
285 2281 4
285 259 4
285 3844 4
285 507 4
285 714 4
285 817 4
2851 2157 4
2851 3844 4
2851 644 4
2851 917 4
2860 3322 4
2860 723 4
2861 3242 4
2861 3684 4
2861 742 4
2861 849 4
2863 2152 4
2867 1592 4
2867 1747 4
2867 2872 4
2867 2881 4
2868 2136 4
287 1016 4
287 1065 4
287 1116 4
287 1398 4
287 3189 4
287 3465 4
287 45 4
287 639 4
287 731 4
287 90 4
2872 1104 4
2872 1548 4
2872 1684 4
2872 1711 4
2872 3146 4
2872 3253 4
2872 3692 4
2872 514 4
2872 514 4
2872 742 4
2874 2496 4
2874 2920 4
2875 2370 4
2876 2290 4
2876 3700 4
2876 3840 4
2878 1925 4
2878 451 4
2879 2216 4
2879 2874 4
288 1718 4
288 3271 4
2881 1104 4
2881 2872 4
2882 270 4
2882 347 4
2882 360 4
2882 933 4
2886 165 4
2886 3264 4
2886 700 4
2887 3299 4
2887 37 4
2887 3836 4
2888 2233 4
2888 3799 4
2888 882 4
289 2934 4
289 448 4
2890 158 4
2890 416 4
2891 1820 4
2891 3677 4
2894 1166 4
2894 1636 4
2896 1131 4
2896 1166 4
2896 1617 4
2897 120 4
2897 157 4
2897 2447 4
2900 316 4
2900 3718 4
2901 1966 4
2901 2371 4
2903 1018 4
2903 2243 4
2903 3062 4
2904 1184 4
2904 1187 4
2904 1927 4
2909 706 4
2910 2900 4
2910 3718 4
2911 2129 4
2911 3836 4
2911 3837 4
2911 477 4
2913 3838 4
2914 1881 4
2914 2371 4
2914 2948 4
2914 3917 4
2914 448 4
2914 950 4
2916 3090 4
2916 60 4
2920 1202 4
2927 1191 4
2930 1380 4
2930 2170 4
2930 255 4
2934 2193 4
2934 2266 4
2934 3051 4
2936 2266 4
2940 1681 4
2940 2931 4
2943 3544 4
2952 2568 4
2955 1564 4
2955 1590 4
2955 595 4
2956 1355 4
2956 3845 4
2957 2948 4
2957 3432 4
2957 3927 4
2959 2957 4
2964 1307 4
2965 2227 4
2966 1355 4
2966 2033 4
2969 867 4
2971 451 4
2971 860 4
2973 1723 4
2976 2478 4
2976 2501 4
2977 3227 4
2977 3850 4
2980 1184 4
2980 2509 4
2980 44 4
2984 149 4
2984 2069 4
2984 2111 4
2984 2122 4
2986 2069 4
2986 2121 4
2986 3010 4
2986 661 4
2988 1897 4
2988 2310 4
2988 2361 4
2988 2587 4
2988 2804 4
2988 3572 4
299 1791 4
2993 1934 4
2995 1197 4
2995 315 4
2995 798 4
2995 882 4
2996 3749 4
2996 3750 4
2998 1933 4
2998 2988 4
2998 3109 4
3 1125 4
3 1432 4
3 453 4
3 453 4
30 1366 4
30 1857 4
30 21 4
30 227 4
30 3023 4
30 3519 4
30 3565 4
30 449 4
30 662 4
30 663 4
30 952 4
300 157 4
300 17 4
300 1993 4
300 376 4
300 447 4
3003 2051 4
3003 2119 4
3003 2149 4
3004 1679 4
3004 1728 4
3004 24 4
3004 2988 4
3004 2998 4
3004 3109 4
3005 1357 4
3005 901 4
301 157 4
301 1993 4
301 2897 4
301 3683 4
301 578 4
301 648 4
3010 2097 4
3010 558 4
3012 1365 4
3012 3760 4
3016 1151 4
3016 1289 4
3016 3066 4
3016 3518 4
3016 3708 4
3016 82 4
3018 1026 4
3018 1088 4
3018 1118 4
3018 1131 4
3018 1186 4
3018 1362 4
3018 1408 4
3018 1428 4
3018 1931 4
3018 1997 4
3018 2006 4
3018 24 4
3018 2555 4
3018 685 4
302 3215 4
302 3259 4
302 684 4
3023 1366 4
3023 3154 4
3023 3636 4
3023 3646 4
3023 3647 4
3023 651 4
3023 652 4
3023 654 4
3023 654 4
3023 759 4
3023 848 4
3023 848 4
3037 114 4
3037 3112 4
3037 38 4
3037 712 4
3038 114 4
3038 3037 4
3038 38 4
3038 712 4
3048 499 4
3048 549 4
3049 1289 4
3049 3016 4
3049 3706 4
3051 2266 4
3051 2936 4
3056 516 4
3056 574 4
3057 1706 4
3057 2716 4
3058 1035 4
3058 1218 4
3058 3623 4
3062 1008 4
3062 2871 4
3062 3479 4
3066 1489 4
3066 1900 4
3066 1919 4
3069 3862 4
3077 123 4
3077 2796 4
3077 3195 4
3077 416 4
3077 74 4
3079 112 4
3079 14 4
3079 188 4
3079 251 4
3079 605 4
3079 72 4
308 2301 4
3081 412 4
3083 1183 4
3083 28 4
3083 2911 4
3083 3303 4
3083 445 4
3083 502 4
3084 3076 4
3084 3085 4
3084 3588 4
3084 3595 4
3085 526 4
309 1344 4
309 741 4
3090 1291 4
3090 3377 4
3090 60 4
3099 139 4
310 453 4
3106 1183 4
3106 1231 4
3106 130 4
3106 2307 4
3106 2355 4
3106 3244 4
3106 3629 4
3106 3663 4
3106 3664 4
3106 3676 4
3107 272 4
3108 142 4
3108 1514 4
3108 2242 4
3108 2316 4
3108 2729 4
3108 403 4
3109 171 4
3109 1880 4
3109 272 4
3111 622 4
3112 127 4
3112 128 4
3112 223 4
3112 3135 4
3112 9 4
312 122 4
312 17 4
312 2277 4
312 2783 4
312 3919 4
312 628 4
3122 1261 4
3122 1390 4
3122 1811 4
3122 1814 4
3122 2500 4
3123 1357 4
3124 1151 4
3124 3706 4
3126 2200 4
3126 2203 4
3126 3697 4
3126 761 4
3126 799 4
3131 1660 4
3131 2372 4
3131 3742 4
3131 3755 4
3131 872 4
3135 128 4
3135 3038 4
3135 712 4
3136 3672 4
3136 726 4
3146 162 4
3146 1684 4
3146 3703 4
3147 228 4
3147 921 4
3150 1131 4
3150 2224 4
3153 2129 4
3153 3083 4
3153 572 4
3154 1366 4
3154 1366 4
3154 2090 4
3154 3636 4
3154 651 4
3154 657 4
3154 674 4
3155 186 4
3155 613 4
3156 3168 4
316 153 4
316 2730 4
316 3666 4
3161 3182 4
3161 3247 4
3161 366 4
3161 3921 4
318 1158 4
318 189 4
318 1958 4
318 2591 4
318 2797 4
318 3247 4
318 466 4
3180 1177 4
3182 2413 4
3182 320 4
3182 3921 4
3182 817 4
3186 2799 4
3186 523 4
3188 2140 4
3188 530 4
3189 112 4
3189 3079 4
3189 3153 4
3189 822 4
3193 3196 4
3194 2247 4
3194 3775 4
3194 3930 4
3195 149 4
3195 2051 4
3195 2057 4
3195 2380 4
3195 3312 4
3195 3573 4
3195 3609 4
3195 3731 4
3195 728 4
3196 151 4
32 1099 4
32 1134 4
32 1466 4
32 1862 4
32 2230 4
32 2594 4
32 2986 4
32 3194 4
32 320 4
32 3853 4
32 471 4
32 641 4
320 1232 4
320 1862 4
320 2277 4
320 3549 4
320 596 4
3200 1615 4
3200 2155 4
3201 1787 4
3201 3458 4
3204 108 4
3204 166 4
3204 166 4
3204 340 4
3204 88 4
3207 2780 4
3210 2774 4
3211 126 4
3211 2200 4
3215 1205 4
3215 2366 4
3215 3259 4
3215 621 4
3215 684 4
3215 849 4
3217 1214 4
3217 648 4
3217 649 4
322 1027 4
322 1197 4
322 251 4
322 278 4
322 519 4
322 545 4
3220 3199 4
3222 1104 4
3222 2867 4
3222 3680 4
3225 187 4
3225 1890 4
3225 2306 4
3227 2472 4
3227 3426 4
3227 3855 4
3232 2309 4
3232 3568 4
3234 1026 4
3234 1931 4
3234 333 4
3237 1684 4
3237 2863 4
3238 1666 4
3238 2653 4
324 352 4
3241 1104 4
3241 3146 4
3242 1066 4
3242 357 4
3242 3684 4
3243 2294 4
3243 2313 4
3243 3001 4
3243 3707 4
3244 1366 4
3244 2307 4
3244 2745 4
3244 2782 4
3244 3676 4
3244 3695 4
3246 234 4
3246 3548 4
3247 32 4
325 345 4
325 351 4
325 552 4
3253 3238 4
3254 1820 4
3254 1973 4
3254 2430 4
3254 3682 4
3259 623 4
3260 2166 4
3260 3607 4
3260 816 4
3260 859 4
3262 1820 4
3262 185 4
3262 3254 4
3264 165 4
3264 2447 4
3264 2883 4
3269 189 4
3269 2628 4
3269 451 4
327 1966 4
327 2521 4
327 3254 4
3271 3827 4
3274 76 4
3276 301 4
3276 3682 4
3276 648 4
3277 2922 4
328 1706 4
328 3488 4
328 3488 4
328 3498 4
328 3690 4
328 372 4
328 473 4
328 798 4
3281 1366 4
3281 1981 4
3281 2506 4
3281 2745 4
3281 2782 4
3281 3557 4
3281 897 4
3283 127 4
3283 2277 4
3283 2311 4
3285 1344 4
3285 3520 4
3285 3890 4
3286 3283 4
3287 238 4
3290 1679 4
3290 1819 4
3290 3004 4
3290 3018 4
3295 275 4
3296 2666 4
3296 3664 4
3296 3782 4
3299 2894 4
33 1099 4
33 2380 4
330 1025 4
330 1080 4
330 1167 4
330 1177 4
330 1197 4
330 139 4
330 1581 4
330 1593 4
330 17 4
330 1815 4
330 1819 4
330 1931 4
330 2247 4
330 2351 4
330 333 4
330 357 4
330 440 4
330 455 4
330 461 4
330 462 4
330 467 4
330 467 4
330 543 4
330 545 4
330 621 4
330 635 4
330 897 4
330 913 4
3303 1430 4
3309 1424 4
3312 129 4
3312 444 4
3312 56 4
3312 656 4
3314 270 4
3314 466 4
3314 609 4
3314 712 4
3317 248 4
3317 605 4
332 3662 4
332 6 4
332 6 4
332 90 4
332 90 4
3322 2874 4
3322 736 4
3324 605 4
3325 1202 4
3325 98 4
3326 1889 4
3326 2170 4
3326 270 4
3326 2713 4
3326 3186 4
3326 3314 4
3326 355 4
3326 3918 4
3326 522 4
3326 609 4
3326 712 4
3328 3602 4
3328 536 4
333 1008 4
333 1581 4
333 1900 4
333 362 4
333 583 4
3338 3108 4
3338 3479 4
3339 1944 4
3339 2224 4
3339 2467 4
3339 2476 4
334 1201 4
334 1308 4
334 1593 4
334 1782 4
334 242 4
334 300 4
334 447 4
334 452 4
334 622 4
334 731 4
3342 195 4
3345 2527 4
3348 2380 4
3348 604 4
3350 1636 4
3350 2980 4
3357 366 4
3361 1751 4
3369 1582 4
3369 3195 4
3369 914 4
337 1029 4
337 1180 4
337 1202 4
337 599 4
337 649 4
337 659 4
337 66 4
3370 1326 4
3370 2452 4
3370 2500 4
3371 1090 4
3371 1383 4
3371 1542 4
3372 2765 4
3372 2819 4
3372 3811 4
3374 1368 4
3377 1758 4
338 1362 4
338 2296 4
338 3242 4
338 3684 4
3384 1787 4
3384 2487 4
3387 1345 4
3387 931 4
3391 1313 4
3391 1633 4
3391 3877 4
3393 1778 4
3393 2311 4
3393 3912 4
3395 2661 4
3395 983 4
3396 1056 4
3396 1510 4
3396 3854 4
3396 601 4
34 234 4
34 25 4
34 268 4
340 108 4
340 109 4
340 166 4
340 360 4
340 3623 4
340 3670 4
3400 1007 4
3400 1757 4
3402 1394 4
3402 1558 4
3402 1627 4
3402 3859 4
3406 1307 4
3406 2207 4
3406 2964 4
3407 3376 4
3408 133 4
341 997 4
3416 3431 4
3416 344 4
3418 2977 4
3422 1360 4
3422 1443 4
3422 1842 4
3422 1881 4
3422 2914 4
3422 3797 4
3422 3917 4
3422 83 4
3425 1370 4
3425 1552 4
3425 1741 4
3426 2471 4
3426 2956 4
3426 2966 4
3430 1327 4
3432 1272 4
3432 1621 4
3432 2469 4
3432 2472 4
3432 3855 4
3436 2461 4
3437 983 4
3439 1056 4
3439 3886 4
344 3427 4
3440 3821 4
3440 3843 4
3440 783 4
3441 2544 4
3441 2964 4
3449 1254 4
345 1005 4
345 1852 4
3451 1090 4
3451 2392 4
3451 2392 4
3451 393 4
3451 393 4
3451 89 4
3456 910 4
3458 2765 4
3458 2819 4
3458 3200 4
3458 3645 4
3465 1055 4
3465 1087 4
3465 1230 4
3465 1818 4
3465 1861 4
3465 224 4
3465 2272 4
3465 468 4
3465 610 4
3467 1649 4
3467 3786 4
3467 3795 4
3468 202 4
3468 808 4
3468 994 4
347 166 4
347 312 4
347 629 4
3470 445 4
3473 3792 4
3473 621 4
3479 1489 4
3479 2361 4
3479 2372 4
3479 2392 4
3482 1886 4
3488 444 4
3488 473 4
3488 504 4
3488 609 4
3495 3488 4
3497 3662 4
3497 3797 4
3498 2723 4
3498 3699 4
3498 504 4
35 1675 4
35 3799 4
3504 246 4
3504 3164 4
3509 1574 4
3509 1719 4
351 1005 4
351 1852 4
351 345 4
3516 3517 4
3518 1151 4
3518 1922 4
3518 2405 4
3518 3124 4
3518 443 4
3518 789 4
3518 822 4
352 1025 4
352 129 4
352 149 4
352 1711 4
352 172 4
352 251 4
352 322 4
352 3731 4
352 39 4
352 455 4
352 545 4
352 586 4
352 621 4
352 635 4
352 659 4
352 738 4
352 862 4
3520 1344 4
3520 1752 4
3520 2242 4
3521 3522 4
3521 3530 4
3521 582 4
3521 590 4
3522 3533 4
3522 590 4
3523 1177 4
3523 2384 4
3523 3547 4
3523 3558 4
3524 2888 4
3525 1027 4
3525 1650 4
3525 259 4
3525 275 4
3525 91 4
3525 946 4
3526 1243 4
3527 3528 4
3527 3529 4
3528 3530 4
3528 3537 4
3529 3528 4
3529 3534 4
3529 3536 4
3529 3537 4
353 541 4
3530 3522 4
3530 3529 4
3530 3533 4
3530 582 4
3532 3527 4
3532 3529 4
3532 3530 4
3532 3533 4
3533 3529 4
3533 3530 4
3533 3535 4
3533 3536 4
3533 3537 4
3533 3538 4
3534 2188 4
3534 3521 4
3534 3522 4
3534 3527 4
3534 3530 4
3534 3530 4
3534 3533 4
3535 2321 4
3535 3521 4
3535 3530 4
3536 3527 4
3536 3532 4
3537 3527 4
3537 3530 4
3537 3532 4
3537 3534 4
3538 3528 4
3538 3532 4
3538 3534 4
354 121 4
354 2301 4
354 963 4
3541 1706 4
3542 448 4
3543 179 4
3544 2237 4
3544 2708 4
3544 289 4
3544 2936 4
3544 3051 4
3545 122 4
3545 3161 4
3546 2741 4
3547 2791 4
3547 3161 4
3547 3182 4
3547 3556 4
3548 1722 4
3548 2079 4
3548 2151 4
3548 2882 4
3548 3204 4
3548 355 4
3548 360 4
3548 933 4
3549 1960 4
3549 2413 4
3549 3561 4
3549 3563 4
355 1719 4
355 2103 4
355 2103 4
355 270 4
355 2793 4
355 2882 4
355 318 4
355 3314 4
355 3326 4
355 3545 4
355 3558 4
355 466 4
355 493 4
355 725 4
3550 2142 4
3550 3551 4
3550 394 4
3551 1624 4
3551 2007 4
3551 3560 4
3551 394 4
3552 3232 4
3552 3553 4
3552 3568 4
3553 2309 4
3553 2397 4
3553 3232 4
3553 3568 4
3554 1862 4
3555 1719 4
3555 444 4
3555 445 4
3556 2648 4
3556 355 4
3557 1987 4
3558 2079 4
3558 2277 4
3558 670 4
3559 1987 4
3559 662 4
3560 1964 4
3560 2007 4
3561 3555 4
3561 61 4
3562 1149 4
3563 1033 4
3563 189 4
3563 3556 4
3563 670 4
3564 471 4
3565 1299 4
3565 1366 4
3565 1843 4
3565 1989 4
3565 3023 4
3565 3106 4
3565 655 4
3565 662 4
3566 1624 4
3566 2142 4
3566 3551 4
3567 3552 4
3567 3553 4
3568 1408 4
3568 2397 4
3568 3567 4
357 1362 4
357 1432 4
357 220 4
357 2911 4
357 338 4
357 3684 4
357 742 4
357 833 4
3570 1216 4
3570 414 4
3571 1054 4
3574 2995 4
3574 656 4
3574 798 4
3575 1214 4
3575 3571 4
3576 1820 4
3576 354 4
3577 2750 4
3577 2879 4
3578 3495 4
3580 188 4
3581 1216 4
3582 3583 4
3583 3581 4
3584 1820 4
3584 1830 4
3584 2330 4
3584 2359 4
3584 3678 4
3584 701 4
3585 3586 4
3585 3587 4
3586 3582 4
3586 3592 4
3587 3195 4
3588 2140 4
3588 530 4
3588 561 4
3589 3573 4
3589 414 4
3590 1830 4
3590 701 4
3590 752 4
3591 2348 4
3592 3585 4
3592 492 4
3593 1514 4
3593 2242 4
3593 2952 4
3593 3090 4
3593 3108 4
3593 3598 4
3593 385 4
3594 2140 4
3594 3595 4
3595 3579 4
3596 3085 4
3597 492 4
3597 521 4
3598 1514 4
3598 1949 4
3598 2952 4
3598 3593 4
3598 918 4
3599 523 4
3599 568 4
36 104 4
36 1827 4
36 3456 4
360 166 4
360 3204 4
360 347 4
360 670 4
360 987 4
3600 193 4
3600 3081 4
3600 412 4
3602 1296 4
3602 2667 4
3603 1455 4
3603 3602 4
3603 471 4
3604 1057 4
3604 3705 4
3604 471 4
3605 2532 4
3605 394 4
3607 187 4
3607 202 4
3607 642 4
3608 1222 4
3608 1936 4
3608 3328 4
3608 3603 4
3608 3618 4
3608 3826 4
3608 471 4
3609 477 4
3609 656 4
3609 728 4
3610 574 4
3611 1428 4
3611 3147 4
3611 3693 4
3611 486 4
3611 637 4
3612 218 4
3613 3614 4
3613 551 4
3614 552 4
3615 511 4
3616 308 4
3616 3617 4
3617 3612 4
3618 1296 4
3618 3328 4
3619 303 4
3619 551 4
362 1244 4
362 330 4
362 583 4
362 720 4
362 789 4
362 957 4
3620 1205 4
3621 2154 4
3622 3619 4
3623 1483 4
3623 2015 4
3624 1501 4
3625 2753 4
3627 3468 4
3627 3637 4
3628 1235 4
3628 2159 4
3628 2213 4
3628 3468 4
3628 3626 4
3628 3627 4
3628 3637 4
3628 643 4
3628 917 4
3628 994 4
3629 2355 4
3629 3106 4
3631 3106 4
3631 3629 4
3632 2089 4
3633 236 4
3633 862 4
3634 1130 4
3634 927 4
3635 2077 4
3636 3565 4
3636 3646 4
3637 994 4
3638 3639 4
3638 516 4
3639 166 4
3639 3634 4
364 270 4
364 447 4
3640 3058 4
3641 1829 4
3642 1035 4
3643 2077 4
3643 2382 4
3644 3651 4
3645 1615 4
3646 3565 4
3646 662 4
3647 3154 4
3647 3565 4
3647 3646 4
3648 2166 4
3648 756 4
3650 147 4
3650 3126 4
3651 3058 4
3651 815 4
3652 3653 4
3652 3738 4
3654 859 4
3656 2969 4
3657 2079 4
3658 1284 4
3658 2444 4
3659 147 4
366 17 4
366 2311 4
366 283 4
366 3182 4
366 3547 4
366 3923 4
366 960 4
366 997 4
3660 3661 4
3660 3662 4
3661 3660 4
3661 3662 4
3662 1449 4
3662 151 4
3662 332 4
3662 3660 4
3662 3661 4
3663 1735 4
3663 3631 4
3663 3664 4
3663 3667 4
3663 3782 4
3664 2355 4
3664 3668 4
3664 3782 4
3665 1967 4
3665 3126 4
3665 790 4
3666 2268 4
3667 2355 4
3667 3106 4
3667 3106 4
3667 3630 4
3668 1210 4
3668 2355 4
3668 2355 4
3668 3106 4
3668 3667 4
3669 2148 4
3669 2986 4
3669 883 4
3670 3879 4
3670 815 4
3671 900 4
3672 2203 4
3672 236 4
3673 2121 4
3675 3679 4
3675 468 4
3675 676 4
3675 834 4
3675 898 4
3676 1366 4
3676 1556 4
3676 2745 4
3677 3678 4
3677 647 4
3677 649 4
3678 647 4
3678 649 4
3679 496 4
3679 803 4
3679 834 4
3679 886 4
3680 1592 4
3682 2430 4
3682 2897 4
3682 3683 4
3682 648 4
3682 739 4
3683 1973 4
3683 3276 4
3683 578 4
3684 897 4
3687 1574 4
3687 3325 4
3688 451 4
3689 2257 4
3689 2283 4
3689 2903 4
369 3083 4
369 334 4
3690 2723 4
3690 3488 4
3690 3699 4
3691 1684 4
3691 2152 4
3691 3146 4
3691 3238 4
3692 3233 4
3693 3147 4
3694 2653 4
3695 1556 4
3695 1989 4
3695 2307 4
3695 3106 4
3695 3281 4
3696 1820 4
3696 3677 4
3696 647 4
3697 3650 4
3697 687 4
3697 790 4
3697 816 4
3698 2216 4
3698 3687 4
3699 2723 4
3699 3488 4
3699 504 4
37 1178 4
37 2894 4
3700 17 4
3701 449 4
3701 452 4
3702 2207 4
3702 3283 4
3703 2370 4
3703 2875 4
3703 3691 4
3704 3242 4
3705 2055 4
3705 3713 4
3705 461 4
3705 476 4
3706 1289 4
3706 3016 4
3706 3708 4
3707 2313 4
3707 3001 4
3708 1922 4
3708 3124 4
3708 3518 4
371 1197 4
371 13 4
371 130 4
371 2722 4
371 456 4
371 461 4
371 467 4
371 487 4
371 537 4
371 580 4
371 586 4
371 64 4
3710 610 4
3712 130 4
3712 2216 4
3712 3277 4
3712 3711 4
3713 1126 4
3713 121 4
3713 2545 4
3715 1055 4
3715 1134 4
3715 3713 4
3716 2288 4
3718 2730 4
3719 3720 4
3719 3721 4
372 2188 4
3720 1360 4
3720 3422 4
3720 3735 4
3721 1360 4
3721 3422 4
3721 3720 4
3722 2374 4
3722 383 4
3723 228 4
3724 1273 4
3724 2965 4
3725 2993 4
3726 187 4
3726 2993 4
3727 2699 4
3728 202 4
3728 2193 4
3729 947 4
373 412 4
373 801 4
3731 2067 4
3731 61 4
3734 610 4
3735 1842 4
3735 3719 4
3739 1866 4
3739 2886 4
3739 3264 4
374 3262 4
3740 2392 4
3740 748 4
3741 2546 4
3742 1174 4
3742 2006 4
3742 3743 4
3743 1174 4
3743 227 4
3743 2272 4
3743 3123 4
3743 3748 4
3743 502 4
3744 396 4
3744 92 4
3745 3431 4
3746 2922 4
3747 2488 4
3747 2519 4
3748 3742 4
3751 1175 4
3751 1217 4
3751 1985 4
3751 2374 4
3751 383 4
3751 481 4
3751 485 4
3753 1835 4
3753 2445 4
3753 3824 4
3754 139 4
3754 1432 4
3754 3467 4
3754 456 4
3754 605 4
3755 1081 4
3755 1280 4
3756 1672 4
3756 178 4
3756 2233 4
3756 229 4
3756 45 4
3757 1131 4
3757 2090 4
3758 1280 4
3758 2643 4
3759 1089 4
3759 1209 4
3759 805 4
376 1220 4
376 157 4
376 1993 4
376 3276 4
376 833 4
3760 3796 4
3761 1174 4
3761 2658 4
3761 3762 4
3762 1890 4
3763 1197 4
3764 3832 4
3765 2309 4
3765 2396 4
3767 3754 4
3768 1921 4
3769 3193 4
3770 1254 4
3770 195 4
3770 3777 4
3770 673 4
3771 1302 4
3771 3781 4
3771 3792 4
3772 1997 4
3772 3662 4
3772 3773 4
3774 3775 4
3774 634 4
3776 539 4
3777 1597 4
3777 2400 4
3777 3804 4
3778 3779 4
3779 369 4
3780 1148 4
3780 2055 4
3780 487 4
3780 824 4
3780 833 4
3781 436 4
3781 686 4
3782 1595 4
3782 1683 4
3782 686 4
3783 3790 4
3784 3785 4
3784 3786 4
3785 1863 4
3785 3773 4
3785 3795 4
3786 1297 4
3786 1459 4
3786 400 4
3787 1438 4
3788 3705 4
3789 133 4
3789 1529 4
3790 2631 4
3790 2658 4
3790 3005 4
3791 160 4
3791 3788 4
3791 3792 4
3792 1408 4
3792 1482 4
3792 1545 4
3792 3755 4
3792 3811 4
3793 3794 4
3794 3806 4
3794 3807 4
3795 3792 4
3796 1128 4
3797 2643 4
3797 3761 4
3799 2478 4
3799 369 4
3799 3901 4
38 2209 4
38 3112 4
3801 2397 4
3801 690 4
3802 3803 4
3803 1293 4
3803 3767 4
3804 3473 4
3805 1254 4
3805 3770 4
3805 3777 4
3807 1641 4
3807 3793 4
3807 3806 4
3807 3834 4
3808 3809 4
3808 872 4
3809 1295 4
3809 1769 4
3809 3309 4
3810 1666 4
3811 2391 4
3811 3193 4
3811 3916 4
3812 2024 4
3812 641 4
3813 1254 4
3813 3805 4
3813 661 4
3814 1921 4
3814 2021 4
3814 2699 4
3816 1128 4
3816 652 4
3817 3772 4
3818 1963 4
3819 1081 4
3820 1890 4
3821 1394 4
3821 1921 4
3821 2021 4
3821 2586 4
3821 3876 4
3822 3757 4
3822 539 4
3823 1455 4
3823 1816 4
3823 900 4
3824 1401 4
3824 882 4
3826 888 4
3828 1450 4
3828 536 4
3828 736 4
3829 1459 4
3829 201 4
383 1181 4
383 1472 4
383 1769 4
383 1990 4
383 2326 4
383 2363 4
383 2392 4
383 3215 4
383 3451 4
383 485 4
383 536 4
383 579 4
383 648 4
383 736 4
3830 2478 4
3830 2672 4
3830 690 4
3831 2049 4
3831 652 4
3832 1666 4
3834 1641 4
3834 3794 4
3835 1921 4
3836 1109 4
3839 355 4
384 1318 4
384 1343 4
384 2196 4
3840 1721 4
3841 1362 4
3841 1886 4
3841 3066 4
3842 1489 4
3842 1897 4
3842 2988 4
3843 1523 4
3843 1612 4
3844 3126 4
3845 1621 4
3845 3389 4
3846 2995 4
3847 1778 4
3847 3419 4
3848 3069 4
3848 3849 4
3848 3863 4
3848 3864 4
3848 3865 4
3849 3069 4
3849 3864 4
3849 3865 4
3849 577 4
385 1117 4
385 211 4
385 3556 4
385 3598 4
385 394 4
385 500 4
385 543 4
385 742 4
385 918 4
385 961 4
3850 3426 4
3851 1339 4
3851 1579 4
3852 1117 4
3852 1168 4
3853 1819 4
3853 219 4
3853 736 4
3854 1540 4
3854 2372 4
3854 2463 4
3855 1360 4
3855 2033 4
3857 3873 4
3857 3897 4
3857 441 4
3857 726 4
3858 2499 4
3858 868 4
3859 2586 4
3860 2034 4
3860 2915 4
3861 1480 4
3861 483 4
3862 1498 4
3862 3848 4
3862 3849 4
3862 3863 4
3862 3864 4
3862 3865 4
3863 3069 4
3863 3849 4
3863 3864 4
3863 3865 4
3864 3069 4
3864 414 4
3864 577 4
3865 3069 4
3865 3864 4
3865 414 4
3865 577 4
3867 1014 4
3867 3868 4
3867 3869 4
3868 2085 4
3868 3871 4
3868 3882 4
3869 3868 4
3869 3871 4
3869 690 4
387 1027 4
387 122 4
387 2681 4
387 2793 4
387 449 4
387 467 4
387 610 4
387 692 4
387 728 4
387 973 4
3870 24 4
3871 2085 4
3871 2179 4
3871 3867 4
3872 1117 4
3872 2887 4
3873 790 4
3874 2916 4
3875 2466 4
3876 1394 4
3876 2496 4
3876 3377 4
3878 2911 4
3878 2995 4
3879 1796 4
3880 2988 4
3881 270 4
3882 2085 4
3882 2179 4
3882 3871 4
3883 659 4
3883 673 4
3884 1197 4
3885 270 4
3886 2002 4
3886 3484 4
3887 3850 4
3888 60 4
3890 1265 4
3890 3391 4
3891 1383 4
3891 831 4
3892 2876 4
3893 3394 4
3894 355 4
3895 133 4
3895 1654 4
3895 3896 4
3896 133 4
3896 1416 4
3896 1633 4
3897 2212 4
3897 3844 4
3897 682 4
3899 3881 4
39 2121 4
3900 3438 4
3902 1122 4
3902 2016 4
3905 3892 4
3907 2911 4
3907 725 4
3908 942 4
3910 2496 4
3912 1582 4
3912 2481 4
3912 3285 4
3914 783 4
3914 929 4
3916 1722 4
3916 2391 4
3916 3372 4
3917 950 4
3918 1184 4
3920 1859 4
3921 366 4
3921 3923 4
3922 1722 4
3922 237 4
3922 2463 4
3922 746 4
3923 2791 4
3923 3161 4
3923 3182 4
3924 2079 4
3924 2986 4
3925 17 4
3925 312 4
3926 418 4
3926 61 4
3927 1321 4
3928 1735 4
3928 2666 4
3928 3296 4
3928 3663 4
3928 3664 4
3929 499 4
393 1181 4
393 1205 4
393 2392 4
393 383 4
393 446 4
393 497 4
393 748 4
393 89 4
3930 3931 4
3932 24 4
3932 2957 4
394 1202 4
394 1925 4
394 3608 4
396 1122 4
396 1231 4
396 213 4
396 224 4
396 3465 4
398 2123 4
398 3635 4
400 1178 4
400 2006 4
400 2844 4
400 300 4
400 376 4
400 447 4
400 447 4
400 477 4
400 536 4
400 749 4
400 761 4
400 849 4
400 89 4
401 3246 4
401 3247 4
403 161 4
403 1949 4
403 3593 4
403 3598 4
407 1529 4
408 1428 4
408 3547 4
408 997 4
409 1380 4
409 255 4
411 2129 4
411 261 4
411 74 4
412 139 4
412 211 4
412 261 4
412 387 4
412 480 4
412 664 4
414 1711 4
414 270 4
414 3195 4
414 3573 4
414 3848 4
414 3849 4
414 521 4
416 455 4
416 646 4
416 696 4
416 712 4
416 728 4
416 828 4
418 1691 4
418 2138 4
418 3754 4
418 664 4
419 1192 4
419 468 4
419 731 4
419 885 4
42 1057 4
42 1202 4
42 1875 4
42 2330 4
42 497 4
42 659 4
42 752 4
42 833 4
421 1460 4
421 364 4
423 1533 4
424 2800 4
426 1202 4
426 3081 4
426 451 4
429 790 4
433 2797 4
433 47 4
435 122 4
435 1826 4
435 2067 4
435 2079 4
435 2089 4
435 2578 4
435 3926 4
436 1128 4
436 2003 4
436 2105 4
436 3930 4
436 573 4
436 635 4
436 638 4
439 275 4
439 467 4
439 621 4
44 2292 4
44 2583 4
440 1195 4
440 1197 4
440 1200 4
440 2247 4
440 235 4
440 330 4
440 543 4
440 579 4
440 98 4
441 2203 4
441 3136 4
441 3211 4
441 3628 4
442 17 4
442 2612 4
443 172 4
444 1226 4
444 3609 4
444 3881 4
444 475 4
445 2412 4
445 269 4
445 270 4
445 3539 4
445 412 4
445 465 4
445 510 4
445 573 4
446 1054 4
446 1123 4
446 1388 4
446 1983 4
446 2392 4
446 3056 4
446 3451 4
446 574 4
446 685 4
447 1131 4
447 1387 4
447 1511 4
447 1548 4
447 1979 4
447 573 4
447 788 4
448 1035 4
448 357 4
449 1963 4
449 228 4
449 3077 4
449 3079 4
449 3628 4
449 726 4
449 741 4
449 833 4
449 961 4
449 961 4
449 968 4
449 971 4
45 1210 4
45 123 4
45 2103 4
45 2888 4
45 466 4
45 503 4
45 573 4
45 687 4
45 692 4
45 741 4
450 113 4
451 1458 4
451 1600 4
451 1949 4
451 2278 4
451 3520 4
452 1025 4
452 1027 4
452 132 4
452 1971 4
452 2995 4
452 461 4
452 496 4
452 64 4
452 692 4
452 828 4
452 961 4
452 961 4
452 98 4
453 1026 4
453 947 4
454 1491 4
455 1160 4
455 127 4
455 1294 4
455 132 4
455 1395 4
455 1440 4
455 147 4
455 149 4
455 1564 4
455 1719 4
455 2397 4
455 2930 4
455 3781 4
455 419 4
455 42 4
455 483 4
455 496 4
455 580 4
455 637 4
455 637 4
455 656 4
455 741 4
456 1025 4
456 1108 4
456 1197 4
456 1466 4
456 1489 4
456 157 4
456 164 4
456 178 4
456 2079 4
456 235 4
456 387 4
456 467 4
456 635 4
456 643 4
456 741 4
456 801 4
457 1108 4
457 1815 4
457 458 4
457 92 4
458 371 4
458 452 4
458 569 4
458 64 4
461 1080 4
461 1088 4
461 1108 4
461 13 4
461 132 4
461 1482 4
461 1677 4
461 1711 4
461 1711 4
461 1933 4
461 199 4
461 2189 4
461 2255 4
461 246 4
461 259 4
461 275 4
461 385 4
461 500 4
461 560 4
461 623 4
461 653 4
461 659 4
461 725 4
461 742 4
461 789 4
462 1055 4
462 1166 4
462 1581 4
462 193 4
462 1931 4
462 2224 4
462 2648 4
462 362 4
462 579 4
462 641 4
462 778 4
463 189 4
463 2463 4
465 275 4
465 278 4
465 302 4
465 3077 4
465 445 4
465 467 4
465 545 4
465 623 4
465 636 4
465 692 4
466 2103 4
466 2713 4
466 3326 4
466 3524 4
466 355 4
466 522 4
466 522 4
466 775 4
467 164 4
467 1733 4
467 1927 4
467 2278 4
467 2574 4
467 278 4
467 280 4
467 3215 4
467 376 4
467 383 4
467 537 4
467 580 4
467 586 4
467 621 4
467 634 4
467 66 4
467 673 4
467 801 4
467 862 4
467 913 4
467 92 4
467 98 4
468 1186 4
468 2574 4
468 366 4
468 3679 4
468 3743 4
468 455 4
468 467 4
468 471 4
468 496 4
468 676 4
468 731 4
468 834 4
468 885 4
468 898 4
47 2800 4
47 433 4
471 2247 4
471 2887 4
471 3930 4
471 621 4
473 3578 4
473 3690 4
473 443 4
473 504 4
475 1529 4
475 2722 4
475 477 4
475 519 4
475 56 4
475 862 4
476 1013 4
476 1791 4
476 201 4
476 2400 4
476 3608 4
476 471 4
476 643 4
477 113 4
477 1178 4
477 1180 4
477 1226 4
477 1226 4
477 1684 4
477 2072 4
477 3800 4
477 601 4
477 656 4
477 842 4
477 89 4
480 1185 4
480 157 4
480 467 4
481 1985 4
481 2711 4
482 1246 4
482 1366 4
482 731 4
483 1343 4
483 2224 4
483 468 4
483 496 4
483 741 4
484 1511 4
485 1054 4
485 1056 4
485 1875 4
485 2006 4
485 383 4
485 42 4
486 228 4
486 3693 4
487 1027 4
487 1148 4
487 1489 4
487 500 4
487 720 4
487 798 4
487 89 4
487 976 4
492 3076 4
492 3570 4
492 3581 4
492 738 4
493 3326 4
493 775 4
494 1280 4
494 3780 4
494 3783 4
496 2067 4
496 2255 4
496 2283 4
496 237 4
496 3752 4
496 419 4
496 468 4
496 471 4
496 476 4
496 659 4
496 801 4
497 1131 4
497 1181 4
497 3056 4
497 3328 4
497 446 4
497 447 4
497 461 4
497 516 4
497 538 4
499 2103 4
499 2369 4
499 2973 4
499 549 4
500 14 4
500 1482 4
500 1544 4
500 487 4
500 537 4
500 801 4
500 92 4
500 971 4
502 104 4
502 112 4
502 1174 4
502 3748 4
502 519 4
502 521 4
502 973 4
503 1184 4
503 1440 4
503 172 4
503 352 4
503 371 4
503 447 4
503 545 4
503 635 4
503 79 4
503 913 4
503 952 4
504 3495 4
504 3578 4
504 3690 4
504 443 4
504 609 4
504 707 4
507 1593 4
507 2247 4
508 21 4
508 2995 4
508 416 4
508 595 4
508 737 4
51 1194 4
51 1835 4
51 418 4
510 1684 4
510 2796 4
510 56 4
510 563 4
511 14 4
514 1104 4
514 1548 4
514 1684 4
514 2881 4
514 3694 4
515 1149 4
515 2143 4
515 3274 4
515 76 4
516 1057 4
516 1472 4
516 1801 4
516 1997 4
516 229 4
516 310 4
516 364 4
516 3644 4
516 383 4
516 446 4
516 447 4
516 447 4
516 659 4
519 1548 4
519 1636 4
519 251 4
519 510 4
519 725 4
519 74 4
519 828 4
521 1117 4
521 129 4
521 3077 4
522 2103 4
522 2713 4
522 2797 4
522 318 4
522 3314 4
522 3326 4
522 609 4
522 712 4
522 712 4
523 2793 4
523 2799 4
523 609 4
524 604 4
526 3155 4
526 561 4
53 1197 4
53 455 4
53 913 4
530 2718 4
530 3076 4
530 3174 4
530 561 4
534 1095 4
534 880 4
536 1258 4
536 201 4
536 2224 4
536 2648 4
536 2667 4
536 3193 4
536 538 4
537 130 4
537 130 4
537 275 4
537 500 4
537 580 4
537 621 4
537 801 4
537 880 4
537 92 4
538 1000 4
538 1025 4
538 1296 4
538 13 4
538 1846 4
538 1925 4
538 1945 4
538 2188 4
538 330 4
538 387 4
538 452 4
538 742 4
539 1712 4
539 3742 4
539 574 4
54 2357 4
54 3106 4
541 421 4
543 1125 4
543 160 4
543 1719 4
543 412 4
543 440 4
543 741 4
543 91 4
545 1184 4
545 172 4
545 188 4
545 2796 4
545 3077 4
545 330 4
545 352 4
545 3798 4
545 467 4
545 566 4
545 654 4
545 803 4
545 862 4
545 952 4
546 1590 4
547 1432 4
547 1937 4
547 608 4
549 1958 4
549 234 4
549 2369 4
549 248 4
549 2591 4
549 318 4
55 1033 4
551 1149 4
551 353 4
557 187 4
557 237 4
557 251 4
557 3531 4
557 687 4
557 791 4
557 842 4
557 973 4
557 98 4
56 257 4
56 2722 4
56 659 4
560 1380 4
560 1619 4
560 1640 4
560 1733 4
560 3111 4
560 3384 4
560 3422 4
560 720 4
561 3084 4
563 17 4
563 2 4
563 387 4
563 502 4
563 526 4
563 610 4
563 753 4
563 968 4
566 511 4
566 573 4
566 920 4
568 2793 4
568 523 4
572 2103 4
572 3189 4
573 1057 4
573 1183 4
573 1214 4
573 1235 4
573 126 4
573 149 4
573 1619 4
573 165 4
573 2079 4
573 211 4
573 2722 4
573 42 4
573 45 4
573 456 4
573 673 4
573 673 4
574 1117 4
574 1997 4
574 2296 4
574 2467 4
574 30 4
574 3797 4
574 480 4
574 497 4
574 516 4
574 748 4
576 968 4
577 3848 4
577 3862 4
577 3863 4
579 1529 4
579 2006 4
579 237 4
579 330 4
579 3451 4
579 393 4
579 507 4
579 557 4
579 610 4
579 748 4
580 13 4
580 1308 4
580 193 4
580 2713 4
580 352 4
580 439 4
580 455 4
580 465 4
580 468 4
580 537 4
580 621 4
580 684 4
580 801 4
580 983 4
582 2321 4
582 3534 4
582 623 4
583 1819 4
583 246 4
583 330 4
583 462 4
583 789 4
586 14 4
586 21 4
586 2713 4
586 2722 4
586 322 4
586 3259 4
586 352 4
586 371 4
586 465 4
586 465 4
586 53 4
586 580 4
586 623 4
586 684 4
589 1071 4
589 2778 4
589 3211 4
589 3219 4
589 449 4
589 610 4
589 66 4
589 687 4
59 3372 4
59 3916 4
590 3534 4
590 3535 4
590 582 4
595 1013 4
595 1025 4
595 1183 4
595 330 4
595 409 4
595 452 4
595 461 4
595 64 4
595 870 4
596 247 4
596 3182 4
599 338 4
6 1166 4
6 1556 4
6 332 4
6 332 4
6 440 4
6 500 4
6 90 4
6 90 4
60 1267 4
600 1308 4
601 1178 4
601 1979 4
601 3371 4
601 3906 4
602 2247 4
602 3201 4
602 3458 4
604 1593 4
604 235 4
604 2574 4
604 622 4
605 123 4
605 130 4
605 1684 4
605 23 4
605 2412 4
605 2995 4
607 1782 4
607 3422 4
608 1432 4
608 1937 4
608 547 4
609 3186 4
609 3326 4
609 3498 4
609 355 4
609 473 4
609 568 4
609 707 4
609 712 4
61 1497 4
61 166 4
61 1782 4
61 1808 4
61 1949 4
61 2071 4
61 2406 4
61 256 4
61 264 4
61 285 4
61 464 4
61 496 4
61 849 4
61 933 4
610 1197 4
610 1439 4
610 17 4
610 186 4
610 1963 4
610 226 4
610 2836 4
610 3580 4
610 3710 4
610 387 4
610 436 4
610 443 4
610 476 4
610 538 4
610 545 4
610 623 4
610 654 4
610 664 4
610 687 4
610 726 4
610 726 4
610 741 4
612 2317 4
613 3580 4
613 3596 4
615 3605 4
615 3606 4
62 910 4
621 1160 4
621 1996 4
621 2574 4
621 278 4
621 330 4
621 383 4
621 465 4
621 467 4
621 467 4
621 503 4
621 659 4
621 801 4
621 952 4
622 1489 4
622 171 4
622 178 4
622 2106 4
622 3926 4
622 833 4
623 1057 4
623 1202 4
623 1677 4
623 242 4
623 251 4
623 2574 4
623 3079 4
623 3215 4
623 3465 4
623 371 4
623 461 4
623 462 4
623 465 4
623 53 4
623 573 4
623 582 4
623 586 4
623 610 4
623 637 4
623 643 4
623 731 4
627 3467 4
627 3777 4
628 347 4
629 2079 4
629 628 4
633 576 4
633 968 4
634 1662 4
634 2296 4
635 1108 4
635 1126 4
635 123 4
635 1769 4
635 1843 4
635 1925 4
635 1963 4
635 211 4
635 2170 4
635 2224 4
635 461 4
635 503 4
635 543 4
635 731 4
635 862 4
635 98 4
635 98 4
635 983 4
635 983 4
636 2722 4
636 416 4
636 56 4
637 1082 4
637 1104 4
637 1131 4
637 1373 4
637 1533 4
637 1645 4
637 1871 4
637 1891 4
637 242 4
637 242 4
637 2804 4
637 3018 4
637 440 4
637 557 4
637 673 4
638 83 4
639 2718 4
639 721 4
64 115 4
64 160 4
64 1927 4
64 278 4
64 461 4
64 910 4
640 197 4
641 139 4
641 165 4
641 2396 4
641 3106 4
641 462 4
641 534 4
641 778 4
642 187 4
642 2163 4
642 3260 4
642 859 4
643 1108 4
643 1131 4
643 3633 4
643 589 4
644 1235 4
644 3844 4
644 761 4
646 112 4
646 2793 4
647 301 4
647 337 4
647 3584 4
647 649 4
648 2331 4
648 2366 4
648 3685 4
648 3686 4
648 771 4
649 1030 4
649 1054 4
649 2330 4
649 2447 4
649 2897 4
649 3584 4
649 3696 4
649 797 4
651 1120 4
651 1231 4
651 1398 4
651 30 4
651 3681 4
651 641 4
651 674 4
651 721 4
651 725 4
652 1366 4
652 1366 4
652 2090 4
652 30 4
652 3154 4
652 759 4
653 130 4
653 1440 4
653 1529 4
653 1677 4
653 1791 4
653 2090 4
653 211 4
653 251 4
653 257 4
653 461 4
653 801 4
653 98 4
654 124 4
654 1863 4
654 187 4
654 285 4
654 452 4
654 652 4
654 655 4
655 30 4
655 3462 4
655 662 4
656 129 4
656 234 4
656 287 4
656 328 4
656 455 4
656 466 4
656 521 4
656 572 4
657 722 4
659 1166 4
659 1308 4
659 160 4
659 1777 4
659 1908 4
659 2 4
659 2188 4
659 2240 4
659 3083 4
659 3215 4
659 369 4
659 383 4
659 42 4
659 467 4
659 557 4
659 573 4
659 66 4
659 673 4
659 789 4
659 801 4
659 973 4
66 1095 4
66 1200 4
66 1344 4
66 1566 4
66 1782 4
66 1984 4
66 309 4
66 3215 4
66 3759 4
66 383 4
66 436 4
66 557 4
66 621 4
66 649 4
66 725 4
66 741 4
66 913 4
661 1016 4
661 1116 4
661 3194 4
661 471 4
661 959 4
662 1366 4
662 1981 4
662 3281 4
662 3557 4
662 3636 4
662 622 4
662 721 4
662 848 4
663 2104 4
663 3023 4
663 654 4
663 655 4
663 759 4
664 129 4
664 187 4
664 1939 4
664 2177 4
664 421 4
664 436 4
664 538 4
664 589 4
670 108 4
670 1158 4
670 166 4
670 1862 4
670 32 4
670 538 4
670 88 4
670 893 4
670 933 4
671 118 4
671 1564 4
671 595 4
671 926 4
671 956 4
672 1898 4
672 710 4
673 1025 4
673 1461 4
673 1578 4
673 1891 4
673 1908 4
673 242 4
673 42 4
673 487 4
673 497 4
673 516 4
673 623 4
673 64 4
673 720 4
673 777 4
673 831 4
673 98 4
674 657 4
674 722 4
676 3679 4
676 834 4
676 886 4
676 898 4
682 790 4
684 139 4
684 193 4
684 211 4
684 2722 4
684 3259 4
684 3312 4
684 465 4
684 56 4
684 664 4
684 842 4
684 880 4
685 1008 4
685 1026 4
685 1131 4
685 1205 4
685 1645 4
685 1674 4
685 1838 4
685 1871 4
685 1900 4
685 1900 4
685 333 4
685 3451 4
685 747 4
685 808 4
685 89 4
686 130 4
686 1303 4
687 112 4
687 3126 4
687 3857 4
687 644 4
687 682 4
687 726 4
687 773 4
687 882 4
687 98 4
690 1014 4
690 2085 4
690 278 4
690 3348 4
690 89 4
692 1108 4
692 1131 4
692 1200 4
692 275 4
692 39 4
692 435 4
692 465 4
692 468 4
692 643 4
692 661 4
692 761 4
696 2021 4
696 2041 4
700 3262 4
700 3682 4
701 1820 4
701 2891 4
701 3584 4
701 3677 4
701 3678 4
701 647 4
706 2277 4
706 2904 4
706 467 4
707 1863 4
707 3488 4
707 3498 4
707 3690 4
707 3699 4
707 383 4
707 468 4
709 2847 4
709 3126 4
709 644 4
710 1118 4
710 3018 4
710 3482 4
712 2103 4
712 2172 4
712 2793 4
712 2797 4
712 3112 4
712 355 4
712 355 4
712 364 4
712 38 4
712 466 4
712 466 4
712 493 4
712 605 4
712 775 4
712 9 4
713 557 4
714 1846 4
714 1890 4
714 3225 4
720 109 4
720 1294 4
720 142 4
720 1470 4
720 1472 4
720 1634 4
720 1820 4
720 201 4
720 272 4
720 275 4
720 2927 4
720 3209 4
720 3670 4
720 371 4
720 423 4
720 447 4
720 500 4
720 516 4
720 538 4
720 595 4
720 849 4
720 849 4
720 89 4
720 927 4
720 952 4
721 1065 4
721 1116 4
721 163 4
721 1963 4
721 287 4
721 30 4
721 3154 4
721 3465 4
721 610 4
721 651 4
721 722 4
721 734 4
722 3154 4
723 2878 4
723 426 4
725 1053 4
725 1168 4
725 1169 4
725 2056 4
725 2574 4
725 2686 4
725 2995 4
725 3866 4
725 461 4
725 519 4
725 651 4
725 872 4
725 98 4
726 1131 4
726 2681 4
726 3790 4
726 741 4
726 961 4
726 992 4
728 1226 4
728 1439 4
728 2714 4
728 579 4
731 127 4
731 1482 4
731 1711 4
731 1791 4
731 242 4
731 2574 4
731 278 4
731 483 4
731 736 4
731 741 4
731 741 4
731 92 4
731 983 4
733 808 4
734 163 4
734 849 4
736 1016 4
736 1131 4
736 1184 4
736 1202 4
736 1202 4
736 127 4
736 2090 4
736 2170 4
736 2284 4
736 2309 4
736 330 4
736 3465 4
736 635 4
736 706 4
736 731 4
736 862 4
736 98 4
737 21 4
737 696 4
738 130 4
738 1677 4
738 235 4
738 563 4
739 2430 4
74 2836 4
74 3174 4
74 3597 4
74 3600 4
74 364 4
74 412 4
74 436 4
74 753 4
741 1066 4
741 1466 4
741 1523 4
741 1846 4
741 2574 4
741 2681 4
741 387 4
741 419 4
741 468 4
741 862 4
741 885 4
741 913 4
742 1548 4
742 1608 4
742 1684 4
742 1782 4
742 3603 4
742 3662 4
742 849 4
742 983 4
743 352 4
746 1204 4
746 1219 4
746 1234 4
746 1472 4
746 3751 4
747 1031 4
747 3451 4
747 393 4
747 446 4
747 685 4
748 2392 4
748 2392 4
748 2437 4
748 312 4
748 3451 4
748 383 4
748 637 4
749 1220 4
749 1221 4
749 1820 4
749 185 4
749 2359 4
749 3276 4
749 376 4
752 1029 4
752 2330 4
752 300 4
752 787 4
753 426 4
753 545 4
759 1366 4
759 2104 4
759 655 4
759 663 4
76 145 4
76 3562 4
761 1443 4
761 187 4
761 2718 4
761 3743 4
761 421 4
761 580 4
761 954 4
762 3213 4
762 709 4
77 172 4
77 1926 4
771 1214 4
771 2366 4
772 2631 4
772 3791 4
772 981 4
773 449 4
775 1257 4
775 2103 4
775 2103 4
775 2713 4
775 330 4
775 3326 4
775 522 4
775 635 4
777 1088 4
777 1578 4
777 1581 4
778 1012 4
778 1231 4
778 1466 4
778 207 4
778 227 4
778 3106 4
778 3348 4
778 3525 4
778 3813 4
778 651 4
780 3776 4
780 3790 4
780 772 4
783 1523 4
783 1920 4
783 60 4
784 2310 4
784 2368 4
784 2988 4
787 1875 4
787 2296 4
787 3569 4
788 1885 4
788 3108 4
788 605 4
789 1819 4
789 246 4
789 330 4
789 3312 4
789 333 4
789 684 4
789 961 4
79 1585 4
79 172 4
79 2416 4
79 278 4
79 3818 4
79 545 4
79 62 4
790 3169 4
790 3633 4
790 3650 4
790 756 4
797 164 4
797 2330 4
797 2348 4
797 3276 4
798 1027 4
798 1160 4
798 1209 4
798 188 4
798 1937 4
798 2722 4
798 28 4
798 475 4
798 522 4
798 572 4
798 635 4
798 659 4
798 684 4
799 2845 4
801 130 4
801 132 4
801 280 4
801 352 4
801 371 4
801 412 4
801 439 4
801 500 4
801 537 4
801 537 4
801 580 4
801 580 4
801 92 4
801 98 4
802 3126 4
802 682 4
802 954 4
803 235 4
803 3675 4
803 3705 4
803 3757 4
803 610 4
803 728 4
803 886 4
807 2296 4
807 3018 4
807 3201 4
807 330 4
807 3611 4
807 447 4
807 465 4
807 516 4
807 543 4
808 1031 4
808 1035 4
808 1123 4
808 202 4
808 2153 4
808 2681 4
808 3626 4
808 3627 4
808 3628 4
808 747 4
815 109 4
815 1829 4
815 2463 4
815 2741 4
816 202 4
816 2719 4
816 3650 4
816 3873 4
816 642 4
816 726 4
816 859 4
816 953 4
817 1862 4
817 2413 4
817 320 4
817 61 4
82 3049 4
82 3124 4
82 3518 4
82 3706 4
822 372 4
822 465 4
822 572 4
822 656 4
824 1297 4
824 18 4
824 219 4
824 2527 4
824 3106 4
825 2773 4
825 2783 4
825 2882 4
825 318 4
825 3545 4
825 3555 4
827 1968 4
827 574 4
828 112 4
828 1529 4
83 228 4
83 6 4
831 1090 4
831 1383 4
831 1769 4
831 228 4
831 3371 4
833 1071 4
833 1160 4
833 1220 4
833 124 4
833 1466 4
833 165 4
833 1660 4
833 17 4
833 1997 4
833 2330 4
833 2447 4
833 2897 4
833 621 4
833 775 4
834 496 4
834 803 4
834 886 4
838 3312 4
840 1393 4
840 1530 4
840 637 4
842 172 4
842 3077 4
842 3488 4
842 728 4
848 3154 4
848 3646 4
848 3647 4
848 759 4
849 1202 4
849 1533 4
849 1548 4
849 160 4
849 227 4
849 255 4
849 3822 4
849 623 4
849 637 4
849 673 4
849 89 4
849 897 4
849 913 4
85 2574 4
85 269 4
851 2188 4
860 1800 4
862 13 4
862 1925 4
862 211 4
862 2170 4
862 251 4
862 2574 4
862 2574 4
862 3136 4
862 3633 4
862 3674 4
862 445 4
862 465 4
862 510 4
862 580 4
862 589 4
862 636 4
862 644 4
862 731 4
862 816 4
862 983 4
864 1424 4
864 872 4
867 3656 4
868 3903 4
869 2166 4
869 3628 4
870 138 4
870 780 4
872 1082 4
872 1424 4
872 2310 4
872 3822 4
876 1597 4
876 3525 4
878 1482 4
878 2468 4
878 3769 4
88 1026 4
88 1035 4
88 108 4
88 122 4
88 1432 4
88 340 4
880 1174 4
880 1177 4
880 164 4
880 17 4
880 1997 4
880 684 4
882 139 4
882 14 4
882 3757 4
882 644 4
882 822 4
882 917 4
882 954 4
883 1323 4
883 1619 4
883 2069 4
883 2101 4
883 2119 4
883 2138 4
885 255 4
885 256 4
885 264 4
885 483 4
885 731 4
885 849 4
886 3675 4
886 468 4
888 151 4
888 3193 4
888 634 4
889 1244 4
889 2551 4
89 1123 4
89 1178 4
89 1406 4
89 2672 4
89 446 4
89 595 4
89 747 4
891 1166 4
891 913 4
893 1118 4
893 2369 4
893 987 4
895 113 4
895 1264 4
895 1925 4
895 2089 4
895 2096 4
895 2097 4
895 2270 4
895 2380 4
895 706 4
896 2089 4
896 2131 4
896 2138 4
897 1039 4
897 3242 4
897 3559 4
897 357 4
897 662 4
898 496 4
898 803 4
898 834 4
9 128 4
9 223 4
9 3038 4
9 3135 4
9 889 4
90 332 4
90 332 4
90 416 4
90 6 4
90 6 4
90 85 4
900 1939 4
900 201 4
900 2057 4
900 2094 4
900 2097 4
900 2116 4
900 3295 4
902 139 4
91 1125 4
91 1650 4
91 259 4
91 3525 4
910 115 4
910 278 4
913 1027 4
913 1183 4
913 149 4
913 1623 4
913 1791 4
913 1843 4
913 2574 4
913 280 4
913 467 4
913 519 4
913 635 4
914 1025 4
914 421 4
914 595 4
917 1235 4
917 692 4
918 2568 4
918 2952 4
918 3593 4
92 1016 4
92 1243 4
92 1489 4
92 149 4
92 17 4
92 213 4
92 500 4
92 537 4
92 560 4
92 573 4
92 801 4
921 3693 4
926 118 4
926 2255 4
926 956 4
927 3641 4
927 815 4
929 1898 4
929 2988 4
931 1345 4
931 1522 4
933 108 4
933 122 4
933 166 4
933 2277 4
933 2929 4
933 670 4
933 987 4
938 1099 4
938 1823 4
938 2405 4
938 435 4
938 558 4
946 1650 4
946 259 4
946 3525 4
947 310 4
950 1881 4
950 3422 4
952 2307 4
952 251 4
952 278 4
952 322 4
952 324 4
952 371 4
952 586 4
952 641 4
953 1131 4
954 2851 4
956 1146 4
956 409 4
957 2551 4
957 9 4
959 1082 4
959 1099 4
959 1428 4
959 1544 4
959 1719 4
959 1939 4
959 455 4
960 248 4
960 549 4
961 1000 4
961 573 4
961 876 4
963 3576 4
965 1073 4
965 1958 4
968 1187 4
968 1684 4
968 188 4
968 2193 4
968 2235 4
97 2107 4
971 952 4
973 2188 4
973 278 4
973 456 4
973 502 4
973 741 4
975 3765 4
976 1927 4
976 2231 4
976 2631 4
976 3761 4
98 1184 4
98 1426 4
98 1927 4
98 1927 4
98 2496 4
98 275 4
98 275 4
98 280 4
98 280 4
98 334 4
98 440 4
98 467 4
98 496 4
98 503 4
98 53 4
98 537 4
98 579 4
98 621 4
98 635 4
98 673 4
98 687 4
98 736 4
98 798 4
981 1243 4
981 191 4
981 195 4
981 200 4
981 2089 4
981 2448 4
981 775 4
983 1087 4
983 1202 4
983 1818 4
983 1975 4
983 229 4
983 259 4
983 3465 4
983 394 4
983 476 4
983 610 4
983 736 4
983 742 4
983 789 4
984 3701 4
987 166 4
987 1837 4
987 2791 4
987 320 4
987 670 4
987 933 4
992 610 4
997 283 4
1 91 5
1 925 5
1007 1025 5
1007 1131 5
1007 1701 5
1007 1926 5
1007 333 5
1007 3593 5
1007 637 5
1007 673 5
1008 1578 5
1008 783 5
1013 1027 5
1013 1065 5
1013 1183 5
1013 287 5
1013 436 5
1013 653 5
1014 3867 5
1014 3869 5
1014 3871 5
1014 3871 5
1014 3882 5
1014 689 5
1014 690 5
1016 1782 5
1016 2316 5
1018 144 5
1018 4086 5
1021 1406 5
1021 204 5
1021 931 5
1021 960 5
1025 1033 5
1025 1131 5
1025 1197 5
1025 1401 5
1025 1581 5
1025 1645 5
1025 1891 5
1025 1925 5
1025 1927 5
1025 211 5
1025 272 5
1025 2890 5
1025 3272 5
1025 330 5
1025 460 5
1025 496 5
1025 583 5
1025 673 5
1025 673 5
1025 789 5
1026 1081 5
1026 128 5
1026 1362 5
1026 1408 5
1026 1903 5
1026 1933 5
1026 2813 5
1026 3240 5
1026 685 5
1026 719 5
1027 1025 5
1027 1557 5
1027 1791 5
1027 1925 5
1027 211 5
1027 452 5
1027 487 5
1027 720 5
1027 720 5
1027 798 5
1029 3871 5
1029 446 5
1031 1538 5
1031 212 5
1031 3634 5
1032 149 5
1035 383 5
1035 384 5
1035 4001 5
1035 546 5
1035 637 5
1035 685 5
1035 91 5
1039 1087 5
1039 224 5
1039 3151 5
1039 3465 5
1039 661 5
1039 661 5
104 116 5
104 138 5
104 1933 5
104 207 5
104 237 5
104 79 5
1040 1231 5
1040 3465 5
1040 641 5
1040 983 5
1046 778 5
1052 1044 5
1054 1180 5
1054 2296 5
1054 2374 5
1054 2392 5
1054 383 5
1054 447 5
1054 740 5
1054 833 5
1055 1100 5
1055 640 5
1055 640 5
1056 1214 5
1056 447 5
1056 484 5
1057 1180 5
1057 1529 5
1057 1548 5
1057 1854 5
1057 260 5
1057 42 5
1057 467 5
1057 516 5
1057 573 5
1057 605 5
1057 673 5
1062 640 5
1065 778 5
1065 778 5
1066 1576 5
1066 1975 5
1066 2170 5
1066 2189 5
1066 2196 5
1066 3518 5
1066 3990 5
1067 639 5
1070 3740 5
1076 1014 5
1076 827 5
108 2715 5
108 3204 5
108 89 5
108 933 5
1080 165 5
1080 3330 5
1080 4095 5
1081 1118 5
1081 1408 5
1081 1478 5
1081 1903 5
1081 2369 5
1081 3059 5
1081 3240 5
1081 3240 5
1081 3943 5
1081 3960 5
1081 4186 5
1082 2221 5
1082 3600 5
1086 113 5
1087 1153 5
1087 1231 5
1087 207 5
1087 639 5
1087 715 5
1088 1026 5
1088 1081 5
1088 1362 5
1088 158 5
1088 1581 5
1088 1871 5
1088 3004 5
1088 4188 5
1088 719 5
109 1123 5
109 1352 5
109 1536 5
109 1722 5
109 1750 5
109 3026 5
109 3949 5
109 4114 5
109 4185 5
109 499 5
1090 1541 5
1090 1979 5
1090 312 5
1095 1040 5
1095 1231 5
1097 4019 5
1098 237 5
1098 989 5
1099 200 5
1099 2053 5
1099 2070 5
1099 2415 5
1099 3658 5
1100 1062 5
1100 1101 5
1101 1055 5
1101 3151 5
1103 1971 5
1103 2016 5
1103 2090 5
1103 663 5
1103 674 5
1104 1529 5
1104 1711 5
1104 1747 5
1104 2872 5
1104 742 5
1108 1226 5
1108 14 5
1108 165 5
1108 2040 5
1108 211 5
1108 211 5
1108 229 5
1108 280 5
1108 34 5
1108 387 5
1108 449 5
1108 455 5
1108 467 5
1108 537 5
1108 538 5
1108 623 5
1108 74 5
1108 741 5
1108 838 5
1108 913 5
1108 973 5
1108 98 5
1109 1025 5
1109 1117 5
1109 3324 5
1109 414 5
1109 416 5
1109 586 5
1109 71 5
1112 1035 5
1112 1479 5
1114 2250 5
1114 4143 5
1117 1245 5
1117 1791 5
1117 2255 5
1117 239 5
1117 2718 5
1117 3324 5
1117 38 5
1117 45 5
1117 487 5
1117 605 5
1117 66 5
1117 721 5
1118 1025 5
1118 1026 5
1118 1088 5
1118 1645 5
1118 1880 5
1118 1891 5
1118 3004 5
1118 3842 5
1118 4194 5
112 1197 5
112 2713 5
112 278 5
112 2811 5
112 2836 5
112 330 5
112 330 5
112 421 5
112 462 5
112 508 5
112 557 5
112 656 5
112 684 5
1122 639 5
1123 4180 5
1125 1242 5
1125 3644 5
1125 818 5
113 1234 5
113 2350 5
113 337 5
113 4122 5
113 747 5
113 748 5
113 959 5
1130 2765 5
1130 4179 5
1131 1118 5
1131 122 5
1131 1533 5
1131 2244 5
1131 242 5
1131 2988 5
1131 3083 5
1131 333 5
1131 3384 5
1131 387 5
1131 4191 5
1131 467 5
1131 573 5
1131 637 5
1137 1013 5
1138 1619 5
1138 4088 5
1146 1842 5
1146 1949 5
1146 3702 5
1148 1166 5
1148 1585 5
1148 272 5
115 104 5
115 199 5
115 207 5
115 278 5
115 62 5
115 910 5
1151 2466 5
1153 1201 5
1153 1231 5
1153 207 5
1153 224 5
1157 1911 5
1157 237 5
116 772 5
1160 1112 5
1160 387 5
1160 471 5
1160 913 5
1166 1148 5
1166 1160 5
1166 1401 5
1166 1706 5
1166 201 5
1166 53 5
1166 721 5
1166 981 5
1167 127 5
1167 1432 5
1167 3073 5
1167 3515 5
1167 3702 5
1167 53 5
1168 1081 5
1168 2334 5
1168 2466 5
1168 25 5
1168 3602 5
1168 4113 5
1169 156 5
1169 1931 5
1169 1975 5
1173 4141 5
1173 638 5
1173 772 5
1173 778 5
1175 1217 5
1177 1201 5
1177 1624 5
1177 3395 5
1177 649 5
1178 1181 5
1178 1289 5
1178 1374 5
1178 1808 5
1178 310 5
1178 3458 5
1178 393 5
1178 4176 5
1178 4179 5
1179 164 5
1179 739 5
118 1406 5
118 1559 5
118 4233 5
1180 1097 5
1180 1205 5
1180 1214 5
1180 1542 5
1180 164 5
1180 1985 5
1180 2006 5
1180 400 5
1180 4120 5
1180 480 5
1180 827 5
1181 1241 5
1181 393 5
1181 89 5
1183 1013 5
1183 1677 5
1183 211 5
1183 3106 5
1183 3244 5
1183 573 5
1183 780 5
1183 798 5
1183 862 5
1183 880 5
1184 3311 5
1184 3602 5
1184 519 5
1184 538 5
1186 1098 5
1186 1782 5
1186 3460 5
1186 989 5
1187 278 5
1188 1677 5
1188 1843 5
1188 4126 5
1188 4127 5
1191 219 5
1191 741 5
1192 2349 5
1192 2631 5
1194 1099 5
1194 1099 5
1194 436 5
1196 1921 5
1197 1104 5
1197 1327 5
1197 1548 5
1197 178 5
1197 187 5
1197 2006 5
1197 2247 5
1197 2413 5
1197 251 5
1197 4033 5
1197 440 5
1197 461 5
1197 66 5
1197 741 5
1197 778 5
1198 2392 5
12 1796 5
1200 1039 5
1200 1231 5
1201 1070 5
1201 1087 5
1201 1383 5
1201 1533 5
1201 164 5
1201 1791 5
1201 2067 5
1201 207 5
1201 2888 5
1201 3835 5
1201 400 5
1201 538 5
1201 715 5
1202 1027 5
1202 452 5
1202 461 5
1202 673 5
1202 815 5
1202 98 5
1206 1883 5
1206 3871 5
1206 392 5
1206 748 5
1208 1654 5
1209 1054 5
1209 2310 5
1209 3951 5
1209 893 5
1210 1623 5
1210 252 5
1210 4032 5
1210 452 5
1210 859 5
1212 2934 5
1213 1180 5
1213 2739 5
1213 3871 5
1213 4031 5
1213 689 5
1213 748 5
1213 792 5
1214 1054 5
1214 1180 5
1214 1234 5
1214 1711 5
1214 3460 5
1214 3571 5
1214 4019 5
1214 833 5
1216 2714 5
1216 842 5
1217 1076 5
1217 1180 5
1217 1206 5
1217 2005 5
1217 3964 5
122 1819 5
122 1891 5
122 388 5
122 414 5
122 798 5
1220 1029 5
1220 446 5
1220 480 5
1221 2085 5
1221 2711 5
1221 2843 5
1221 4265 5
1221 690 5
1221 787 5
1222 2395 5
1222 622 5
1224 3841 5
1224 3960 5
1226 1108 5
1226 456 5
1226 817 5
1228 1213 5
1228 3751 5
1228 383 5
1228 740 5
1231 2655 5
1231 3422 5
1231 3465 5
1231 641 5
1231 721 5
1232 1889 5
1232 2277 5
1234 1542 5
1234 2746 5
1234 3964 5
1234 447 5
1234 689 5
1235 1623 5
1235 1623 5
1235 2177 5
1235 2203 5
1235 236 5
1235 3023 5
1235 3278 5
1235 3695 5
1235 3857 5
1235 3936 5
1235 4009 5
1235 4043 5
1235 4111 5
1235 789 5
1235 973 5
1237 3722 5
1237 480 5
1237 740 5
1239 1537 5
1239 1722 5
1239 2166 5
1239 3240 5
1239 339 5
1239 3645 5
1241 1294 5
1241 3623 5
1241 4061 5
1241 4062 5
1242 1406 5
1242 310 5
1242 87 5
1243 2509 5
1243 258 5
1243 2731 5
1243 4016 5
1243 831 5
1244 1564 5
1244 926 5
1245 371 5
1245 966 5
1249 1503 5
1250 941 5
1252 1397 5
1252 1438 5
1252 1645 5
1252 2351 5
1252 2600 5
1252 3309 5
1252 89 5
1252 997 5
1257 1244 5
1257 2196 5
1257 2262 5
1257 3369 5
1257 690 5
126 1188 5
126 2203 5
126 2247 5
126 2888 5
126 3267 5
126 3503 5
126 421 5
126 441 5
126 441 5
126 756 5
126 762 5
126 789 5
126 859 5
126 862 5
1265 4222 5
1267 560 5
1267 92 5
1268 2476 5
1268 2576 5
127 112 5
127 2667 5
127 2888 5
127 3225 5
127 3481 5
127 505 5
127 692 5
127 79 5
127 862 5
127 961 5
1271 272 5
1271 2995 5
1271 536 5
1271 583 5
1271 886 5
1272 1715 5
1275 1146 5
1275 149 5
1275 483 5
1278 1123 5
1278 1501 5
128 1088 5
128 1885 5
128 2681 5
128 2813 5
128 2887 5
128 3505 5
128 4110 5
128 563 5
128 610 5
128 621 5
128 84 5
128 961 5
1281 1562 5
1281 2391 5
1281 868 5
1284 2064 5
1284 938 5
1289 3018 5
1289 4184 5
129 188 5
129 2020 5
129 3083 5
129 3449 5
129 3999 5
129 545 5
129 605 5
129 865 5
129 973 5
1290 1021 5
1290 3598 5
1291 1244 5
1291 1344 5
1294 1363 5
1294 637 5
1294 647 5
1294 807 5
1294 833 5
13 1027 5
13 1108 5
13 211 5
13 275 5
13 275 5
13 275 5
13 275 5
13 280 5
13 280 5
13 280 5
13 371 5
13 439 5
13 500 5
13 537 5
13 801 5
13 913 5
130 1791 5
130 2631 5
130 462 5
130 483 5
130 586 5
130 605 5
1301 2351 5
1301 3062 5
1307 1361 5
1307 879 5
1308 1008 5
1308 1131 5
1308 1197 5
1308 1202 5
1308 1522 5
1308 2247 5
1308 333 5
1308 516 5
1308 673 5
131 2716 5
1311 4212 5
1313 3408 5
1313 3890 5
1314 1829 5
1315 1257 5
1315 1418 5
1315 1564 5
1317 1308 5
1318 2913 5
132 1167 5
132 211 5
132 223 5
132 455 5
132 950 5
1320 2977 5
1320 3443 5
1323 1315 5
1323 1729 5
1323 2196 5
1327 741 5
1328 4139 5
133 2316 5
133 458 5
1333 1880 5
1333 4063 5
1333 4175 5
1335 3367 5
1339 1479 5
1339 1768 5
1339 546 5
1340 1240 5
1343 1722 5
1343 1747 5
1343 1925 5
1344 1275 5
1344 1479 5
1344 1927 5
1344 3593 5
1344 440 5
1344 92 5
1347 3058 5
1347 3201 5
1347 3623 5
1348 3486 5
1348 3988 5
1348 4003 5
1348 4183 5
1350 1522 5
1350 2317 5
1350 92 5
1352 2715 5
1352 747 5
1355 1937 5
1355 2966 5
1355 2977 5
1362 1026 5
1362 1081 5
1362 1088 5
1362 1289 5
1362 1489 5
1362 1944 5
1362 242 5
1363 268 5
1363 3 5
1363 793 5
1366 1843 5
1366 4128 5
1366 54 5
1366 848 5
1370 1390 5
1370 1787 5
1370 1872 5
1370 2492 5
1371 3890 5
1372 1488 5
1373 1007 5
1373 1757 5
1374 1737 5
1374 1814 5
1374 671 5
138 115 5
138 1706 5
138 64 5
138 736 5
138 913 5
1380 1350 5
1380 2626 5
1380 579 5
1380 731 5
1380 92 5
1383 484 5
1383 516 5
1386 1927 5
1386 4215 5
1387 4217 5
1388 447 5
1390 4208 5
1393 1117 5
1393 2426 5
1393 815 5
1394 2613 5
1395 960 5
1396 384 5
1397 1380 5
1397 1479 5
1397 2351 5
1397 3062 5
1397 3801 5
14 586 5
1401 2400 5
1401 731 5
1401 891 5
1401 981 5
1406 1792 5
1406 3598 5
1406 807 5
1408 1025 5
1408 1118 5
1408 2309 5
1408 238 5
1408 3232 5
1408 3240 5
1408 798 5
1415 1362 5
1415 1476 5
1415 2783 5
1415 3048 5
1415 4174 5
1416 1315 5
1416 2207 5
1416 2255 5
1416 560 5
1418 1066 5
1418 1396 5
1418 1416 5
1418 1576 5
1418 2196 5
1418 483 5
1421 1018 5
1421 1777 5
1421 178 5
1421 3431 5
1421 4055 5
1421 440 5
1421 868 5
1422 1007 5
1422 1289 5
1424 165 5
1424 418 5
1430 2520 5
1430 2570 5
1430 2980 5
1431 1355 5
1431 1785 5
1431 3340 5
1432 3743 5
1438 1191 5
1438 1201 5
1438 2351 5
1438 272 5
1438 3062 5
1439 2028 5
1439 23 5
1439 3135 5
1439 3803 5
1439 387 5
144 1927 5
144 2277 5
144 4084 5
1447 1615 5
1447 454 5
1448 1451 5
1451 2281 5
1457 1713 5
1457 4176 5
1457 4190 5
1460 1645 5
1472 1239 5
1472 3638 5
1476 1906 5
1478 4174 5
1479 1619 5
148 1289 5
148 1307 5
148 2964 5
148 4186 5
148 47 5
1480 1146 5
1480 1344 5
1480 1701 5
1480 1842 5
1480 2034 5
1482 1201 5
1482 2450 5
1482 2916 5
1483 4185 5
1488 1422 5
1489 1110 5
1489 1333 5
1489 1372 5
1489 1415 5
1489 148 5
1489 1871 5
1489 207 5
1489 950 5
149 3593 5
149 659 5
1491 1301 5
1491 1397 5
1491 1438 5
1491 3309 5
1500 1125 5
1500 1802 5
1501 2376 5
1503 4189 5
1503 941 5
1505 53 5
1505 897 5
1506 1026 5
1506 1998 5
151 387 5
151 4018 5
151 560 5
151 683 5
1511 4231 5
1512 1374 5
1512 2697 5
1514 4208 5
1516 1533 5
1516 3018 5
1522 1160 5
1522 1380 5
1522 487 5
1523 1290 5
1523 1406 5
1529 1548 5
1529 1843 5
1529 1927 5
1529 2247 5
1529 2796 5
1529 2888 5
1529 508 5
1529 53 5
1529 545 5
1529 563 5
1529 583 5
1529 728 5
1529 968 5
1533 1885 5
1533 2023 5
1533 3999 5
1533 4224 5
1533 560 5
1536 1457 5
1536 1519 5
1536 1601 5
1536 4190 5
1537 310 5
1538 1239 5
1538 1802 5
1538 2082 5
1538 3458 5
1538 3638 5
1542 2005 5
1542 3571 5
1542 3575 5
1544 2064 5
1544 3655 5
1544 855 5
1545 1235 5
1545 1366 5
1545 651 5
1545 780 5
1547 2152 5
1548 1080 5
1548 1104 5
1548 1424 5
1548 1711 5
1548 1711 5
1548 1747 5
1548 2890 5
1548 3222 5
1548 3237 5
1548 3830 5
1548 503 5
1548 514 5
1548 622 5
1548 635 5
1548 656 5
1549 1547 5
1549 178 5
1550 3253 5
1550 742 5
1553 1533 5
1553 2452 5
1555 2090 5
1557 1245 5
1557 1317 5
1557 538 5
1557 623 5
1557 849 5
1558 1335 5
1559 1394 5
1559 3421 5
156 1578 5
156 223 5
156 2555 5
156 3926 5
1562 2391 5
1562 885 5
1563 1483 5
1563 59 5
1564 1416 5
1564 2496 5
1567 2585 5
1567 2959 5
1568 1826 5
1568 2102 5
1568 258 5
157 165 5
157 185 5
1576 1602 5
1576 2496 5
1576 2955 5
1576 3227 5
1576 3242 5
1578 1169 5
1578 223 5
1578 3518 5
1578 3926 5
158 1026 5
158 1885 5
158 2555 5
158 2804 5
158 3018 5
158 3227 5
158 685 5
158 719 5
1581 1007 5
1581 1081 5
1581 1131 5
1581 1308 5
1581 3240 5
1581 333 5
1581 549 5
1581 673 5
1582 2559 5
1582 2927 5
1582 3122 5
1582 3393 5
1583 4152 5
1584 1239 5
1585 1608 5
1585 228 5
1585 891 5
1589 2207 5
1590 2461 5
1590 2959 5
1592 1548 5
1592 259 5
1592 3222 5
1595 3448 5
1595 3450 5
1595 4067 5
1597 1267 5
1597 130 5
1597 1350 5
1597 2317 5
1597 2373 5
1597 239 5
1597 2631 5
1597 692 5
1597 885 5
160 1460 5
160 4191 5
160 783 5
1600 1418 5
1600 1723 5
1600 2196 5
1601 1457 5
1601 339 5
1602 1291 5
1602 1396 5
1602 1564 5
1602 409 5
1602 860 5
1606 1066 5
1608 113 5
1608 12 5
1608 3604 5
1608 622 5
1609 3393 5
161 160 5
161 238 5
161 2699 5
1611 2876 5
1613 2948 5
1613 2957 5
1615 1125 5
1615 3 5
1615 3645 5
1615 4187 5
1615 516 5
1619 1522 5
1619 2255 5
1619 2626 5
1619 53 5
162 4082 5
1620 1186 5
1620 3460 5
1620 989 5
1621 1240 5
1621 1643 5
1621 2956 5
1623 126 5
1623 2177 5
1623 2203 5
1623 236 5
1623 285 5
1623 4009 5
1623 4079 5
1623 500 5
1623 642 5
1623 741 5
1623 800 5
1624 3584 5
1624 385 5
1624 4035 5
1627 1394 5
1627 304 5
1627 3367 5
1636 1582 5
1636 2426 5
1637 113 5
1637 138 5
1637 2890 5
164 1993 5
164 2007 5
164 2392 5
164 302 5
164 312 5
164 400 5
164 448 5
164 649 5
164 739 5
1640 1311 5
1640 1313 5
1640 2750 5
1640 4229 5
1641 1636 5
1642 1315 5
1642 1323 5
1642 1343 5
1642 1416 5
1642 264 5
1643 2461 5
1645 1871 5
1645 2518 5
1645 3018 5
1645 4224 5
1645 637 5
1645 673 5
1645 777 5
1645 783 5
1646 2444 5
1646 895 5
1648 1235 5
1648 1623 5
1648 2153 5
1648 2200 5
1648 482 5
165 1117 5
165 128 5
165 1592 5
165 178 5
165 1822 5
165 1935 5
165 1976 5
165 2647 5
165 3326 5
165 357 5
165 3604 5
165 400 5
165 481 5
165 537 5
165 742 5
165 774 5
1654 1371 5
1654 2391 5
1654 2973 5
1654 4222 5
1656 4240 5
166 122 5
166 927 5
1662 1394 5
1662 2586 5
1662 3367 5
1662 3421 5
1666 1624 5
1666 2373 5
1666 400 5
1668 3390 5
1674 3048 5
1675 1328 5
1675 200 5
1675 2193 5
1675 3083 5
1675 4035 5
1675 4142 5
1675 622 5
1677 1025 5
1677 1027 5
1677 1183 5
1677 1235 5
1677 1927 5
1677 3106 5
1677 3106 5
1677 4074 5
1677 455 5
1677 54 5
1677 655 5
1677 664 5
1677 687 5
1677 9 5
1677 983 5
1682 2537 5
1684 1548 5
1684 2379 5
1684 514 5
1684 742 5
169 1044 5
169 721 5
1692 2033 5
1692 4234 5
17 2667 5
17 3137 5
17 334 5
17 4244 5
17 449 5
17 720 5
1701 1926 5
1701 2111 5
1701 2277 5
1701 2317 5
1701 457 5
1701 725 5
1703 1178 5
1703 4225 5
1704 1178 5
1704 1422 5
1704 1871 5
1706 104 5
1706 1791 5
1706 199 5
1706 207 5
1706 278 5
1706 3999 5
1706 503 5
1706 62 5
171 1568 5
171 2071 5
1711 1097 5
1711 1180 5
1711 132 5
1711 1684 5
1711 17 5
1711 1791 5
1711 2413 5
1711 3237 5
1711 387 5
1711 451 5
1711 465 5
1711 563 5
1711 635 5
1711 656 5
1711 721 5
1711 880 5
1711 914 5
1711 92 5
1712 1191 5
1713 1123 5
1713 1499 5
1713 1536 5
1713 1577 5
1713 1750 5
1713 347 5
1715 1355 5
1715 3340 5
1719 19 5
1719 1998 5
1719 2139 5
1719 2380 5
1719 3896 5
1719 436 5
1719 868 5
172 1108 5
172 128 5
172 2637 5
172 462 5
172 605 5
172 801 5
1722 1239 5
1722 1935 5
1722 1965 5
1722 2166 5
1722 2819 5
1722 310 5
1722 3204 5
1722 3369 5
1722 3447 5
1722 3490 5
1722 3945 5
1722 3950 5
1722 4215 5
1722 499 5
1723 1573 5
1724 4100 5
1724 848 5
1733 1422 5
1733 997 5
1735 1103 5
1735 2090 5
1735 2307 5
1735 4026 5
1735 759 5
1737 1512 5
1737 2492 5
1740 1257 5
1747 1592 5
1747 1684 5
1747 1711 5
1747 4092 5
1747 514 5
1747 742 5
1748 2000 5
1750 4180 5
1750 4205 5
1752 1311 5
1752 1719 5
1753 1318 5
1753 4219 5
1757 4224 5
1757 4225 5
1758 926 5
1768 1949 5
1768 2034 5
1768 3227 5
1768 409 5
1768 451 5
1772 1352 5
1772 1750 5
1772 340 5
1772 4185 5
1772 4195 5
1777 1636 5
1777 2067 5
1777 2973 5
1777 3408 5
1778 1582 5
178 1595 5
178 3450 5
178 3469 5
178 456 5
178 476 5
1782 104 5
1782 2316 5
1782 2400 5
1782 2439 5
1782 385 5
1782 385 5
1782 4018 5
1782 471 5
1782 634 5
1782 95 5
1782 981 5
1785 3340 5
1787 1241 5
1787 3623 5
1787 4061 5
1787 4062 5
1787 4228 5
1789 1007 5
1789 1161 5
1789 671 5
1791 1183 5
1791 127 5
1791 211 5
1791 371 5
1791 455 5
1791 487 5
1791 510 5
1791 605 5
1791 637 5
1791 653 5
1791 98 5
1792 118 5
1792 1290 5
1792 3361 5
1796 4201 5
1799 883 5
18 2570 5
18 3520 5
18 754 5
18 910 5
1802 1 5
1802 3634 5
1802 87 5
1803 3326 5
1808 1872 5
1814 1757 5
1814 1808 5
1814 3425 5
1818 1466 5
1819 1891 5
1819 272 5
1819 3272 5
1819 798 5
1819 798 5
182 1093 5
1820 1975 5
1820 1997 5
1820 3215 5
1820 749 5
1820 89 5
1822 1205 5
1822 1214 5
1822 400 5
1823 1099 5
1823 201 5
1823 256 5
1823 33 5
1823 436 5
1826 33 5
1828 1722 5
1828 3026 5
1828 3949 5
1829 1519 5
1829 2966 5
1829 3722 5
1829 815 5
1831 4139 5
1835 1506 5
1835 1823 5
1835 4168 5
1835 4169 5
1836 2447 5
1836 2884 5
1836 648 5
184 1082 5
184 2129 5
184 2681 5
184 3057 5
184 844 5
1842 1397 5
1842 1524 5
1842 1701 5
1843 172 5
1843 3762 5
1843 462 5
1843 643 5
185 165 5
1853 237 5
1854 1076 5
1854 1213 5
1854 3312 5
1854 4047 5
1854 742 5
1862 3152 5
1862 3545 5
1863 3462 5
1863 651 5
1869 30 5
1869 4112 5
187 202 5
187 2847 5
187 285 5
1871 1131 5
1871 1516 5
1871 1906 5
1871 3004 5
1871 637 5
1872 1789 5
1872 3425 5
1872 4208 5
1872 4209 5
188 1216 5
188 211 5
188 2718 5
188 371 5
188 387 5
188 400 5
188 500 5
188 610 5
188 801 5
188 861 5
1880 1933 5
1880 4189 5
1880 4194 5
1880 4196 5
1881 1087 5
1883 1214 5
1883 334 5
1883 4031 5
1883 574 5
1883 689 5
1883 833 5
1885 1008 5
1885 1088 5
1885 158 5
1885 160 5
1885 1645 5
1885 1871 5
1885 1975 5
1885 242 5
1885 2518 5
1885 255 5
1885 2887 5
1885 3066 5
1885 3227 5
1885 685 5
1886 1908 5
1886 4189 5
1889 2277 5
189 1250 5
189 248 5
189 250 5
189 313 5
189 366 5
189 826 5
1891 1289 5
1891 1645 5
1891 1871 5
1891 1908 5
1891 1931 5
1891 242 5
1891 673 5
1891 798 5
1895 1919 5
1895 3066 5
1895 4063 5
1898 1415 5
1898 1516 5
1898 4224 5
1900 1110 5
1900 2555 5
1903 1151 5
1903 3234 5
1903 336 5
1903 3842 5
1903 4064 5
1906 1081 5
1906 161 5
1906 2466 5
1906 4184 5
1908 1025 5
1908 1118 5
1908 1645 5
1908 1871 5
1908 1895 5
1908 242 5
1911 1086 5
1911 2364 5
1911 2733 5
1911 71 5
1919 1908 5
1919 3016 5
1919 3108 5
1924 1201 5
1924 2463 5
1925 1035 5
1925 1168 5
1925 1854 5
1925 1938 5
1925 2133 5
1925 2170 5
1925 2532 5
1925 3447 5
1925 3918 5
1925 421 5
1925 503 5
1925 519 5
1925 736 5
1926 1619 5
1926 2626 5
1926 3062 5
1926 3108 5
1926 3443 5
1926 451 5
1926 731 5
1926 955 5
1927 1025 5
1927 1027 5
1927 1117 5
1927 1244 5
1927 1619 5
1927 1925 5
1927 1931 5
1927 2170 5
1927 2878 5
1927 2988 5
1927 736 5
1928 1166 5
1928 1191 5
1928 1201 5
1928 2311 5
1928 2527 5
1928 510 5
1928 92 5
193 2103 5
193 2129 5
193 261 5
193 2888 5
193 443 5
193 491 5
1930 3738 5
1930 987 5
1931 122 5
1931 156 5
1931 1719 5
1931 1819 5
1931 1975 5
1931 3004 5
1931 3312 5
1931 388 5
1931 3990 5
1931 449 5
1931 549 5
1931 798 5
1933 122 5
1933 1819 5
1933 1931 5
1933 2462 5
1933 2990 5
1933 3830 5
1933 4175 5
1933 459 5
1933 560 5
1935 1057 5
1935 310 5
1935 3490 5
1935 3945 5
1935 42 5
1936 2231 5
1936 634 5
1936 649 5
1937 2957 5
1937 3443 5
1938 1131 5
1938 1931 5
1938 2995 5
1938 4054 5
1938 497 5
1939 1608 5
1939 2067 5
1944 1243 5
1944 2509 5
1944 3339 5
1949 1418 5
1949 2170 5
1949 2903 5
1949 2930 5
1949 2995 5
195 1197 5
195 537 5
195 983 5
1954 304 5
1954 4105 5
1954 4107 5
1960 1201 5
1960 1383 5
1960 2738 5
1960 2783 5
1960 3922 5
1963 187 5
1963 202 5
1963 2281 5
1963 2681 5
1963 387 5
1963 904 5
1963 961 5
1965 109 5
1965 3406 5
1965 3458 5
1965 3950 5
1965 448 5
197 2116 5
1971 1735 5
1971 2103 5
1971 652 5
1971 961 5
1973 752 5
1975 156 5
1975 158 5
1975 219 5
1975 2555 5
1975 2555 5
1975 2804 5
1975 3215 5
1975 338 5
1975 3446 5
1975 3518 5
1975 375 5
1975 685 5
1975 833 5
1976 172 5
1976 300 5
1976 914 5
1981 3106 5
1981 3244 5
1981 3562 5
1981 3695 5
1981 3940 5
1983 400 5
1983 579 5
1983 71 5
1985 1206 5
1985 1214 5
1985 1217 5
1985 4030 5
1987 1988 5
1987 2307 5
1987 2833 5
1988 3244 5
1988 3782 5
1988 4075 5
1988 653 5
199 1826 5
199 207 5
199 278 5
199 62 5
199 910 5
1990 1204 5
1990 1228 5
1990 2392 5
1990 3867 5
1993 2447 5
1993 599 5
1993 774 5
1993 787 5
1997 1388 5
1997 228 5
1997 299 5
1997 3215 5
1997 447 5
1998 1568 5
1998 1719 5
1998 2263 5
1998 2320 5
1998 2380 5
1998 436 5
2 172 5
2 3991 5
2 421 5
2 456 5
2 462 5
2 483 5
2 623 5
2 879 5
200 1194 5
200 300 5
200 3003 5
200 418 5
200 721 5
200 849 5
200 883 5
2000 2463 5
2000 4217 5
2002 2372 5
2003 3004 5
2005 1234 5
2005 1883 5
2005 4001 5
2006 2005 5
2006 2437 5
2006 2843 5
2006 4044 5
2006 42 5
2006 740 5
2006 833 5
2007 1179 5
2007 739 5
2008 90 5
201 1257 5
201 1939 5
201 2067 5
201 4263 5
2012 128 5
2012 1885 5
2013 2911 5
2013 416 5
2016 2049 5
2016 4026 5
2016 652 5
2016 759 5
202 1209 5
202 2255 5
202 2681 5
202 285 5
202 449 5
202 637 5
202 913 5
2020 1216 5
2020 238 5
2020 3987 5
2020 4006 5
2020 4056 5
2021 1021 5
2021 1406 5
2021 931 5
2023 1576 5
2023 1706 5
2023 264 5
2023 3996 5
2028 2008 5
2028 23 5
2028 3989 5
2028 4060 5
2032 1408 5
2032 2397 5
2032 3568 5
2032 3962 5
2032 3963 5
2034 1576 5
204 960 5
2040 1108 5
2049 1103 5
2049 1320 5
2049 1613 5
2049 2948 5
2049 4026 5
2050 2150 5
2051 2105 5
2051 2111 5
2051 634 5
2051 95 5
2055 449 5
2056 1209 5
2056 3951 5
2056 499 5
2057 1939 5
2057 2101 5
2057 2405 5
2058 1192 5
2058 938 5
2064 4007 5
2067 1482 5
2067 1506 5
2067 1818 5
2067 2101 5
2067 2916 5
2067 3312 5
2067 3948 5
2067 461 5
2067 503 5
2067 736 5
2067 895 5
2069 1544 5
207 116 5
207 1231 5
207 165 5
207 211 5
207 224 5
207 2574 5
207 2655 5
207 2716 5
207 440 5
207 539 5
207 623 5
207 635 5
207 64 5
207 692 5
207 721 5
207 910 5
207 92 5
2070 2079 5
2071 1998 5
2071 2067 5
2073 2107 5
2073 2448 5
2075 2180 5
2075 2189 5
2076 2145 5
2078 2108 5
2079 2111 5
2079 436 5
2079 558 5
2079 656 5
2079 664 5
2084 1221 5
2084 4132 5
2084 4258 5
2084 700 5
2084 774 5
2084 787 5
2085 4258 5
2085 4262 5
2085 767 5
2085 806 5
2087 2405 5
2088 2434 5
2089 3948 5
2090 1188 5
2090 1971 5
2090 2016 5
2090 2049 5
2090 30 5
2090 3646 5
2090 4129 5
2090 4133 5
2090 4243 5
2090 657 5
2090 663 5
2090 674 5
2092 2431 5
2094 2122 5
2096 2149 5
2096 3838 5
2097 3006 5
2099 1998 5
2099 3658 5
2099 51 5
2101 1608 5
2101 197 5
2101 2070 5
2101 2079 5
2102 2149 5
2102 2984 5
2105 2121 5
2105 2263 5
2107 2448 5
2109 1719 5
2109 2089 5
2109 3655 5
2109 896 5
211 1183 5
211 207 5
211 251 5
211 2574 5
211 280 5
211 2888 5
211 3754 5
211 412 5
211 467 5
211 580 5
211 580 5
211 623 5
211 880 5
211 92 5
211 98 5
211 98 5
2110 259 5
2110 3242 5
2110 3684 5
2110 4091 5
2110 503 5
2111 1818 5
2111 1927 5
2111 2097 5
2111 4093 5
2111 558 5
2111 895 5
2116 2121 5
2116 435 5
2119 2382 5
212 108 5
212 1472 5
212 4200 5
2120 113 5
2120 1799 5
2121 1157 5
2121 12 5
2121 2069 5
2122 2986 5
2123 1799 5
2126 2123 5
2129 1082 5
2129 186 5
2129 2221 5
2129 3600 5
2129 4005 5
2129 56 5
2131 4202 5
2133 1079 5
2133 1466 5
2133 1818 5
2133 2247 5
2133 3562 5
2133 3700 5
2133 3941 5
2133 3942 5
2133 3952 5
2133 3954 5
2133 4143 5
2133 53 5
2134 1016 5
2134 1666 5
2134 435 5
2136 1138 5
2136 3283 5
2136 4085 5
2136 4101 5
2138 1099 5
2138 959 5
2139 2134 5
2139 3658 5
2143 1180 5
2143 1197 5
2143 1835 5
2143 2070 5
2143 2362 5
2143 33 5
2143 337 5
2143 4202 5
2143 51 5
2145 200 5
2145 3003 5
2145 435 5
2145 436 5
2148 3669 5
2148 558 5
2149 2138 5
2149 3652 5
2150 2094 5
2152 1549 5
2152 1924 5
2152 2653 5
2152 3146 5
2153 1210 5
2153 865 5
2155 2568 5
2155 3200 5
2155 925 5
2157 441 5
2157 45 5
2160 1623 5
2160 643 5
2161 1971 5
2161 2682 5
2163 2380 5
2163 790 5
2166 1239 5
2166 1722 5
2166 2819 5
2166 339 5
2168 1675 5
2168 1971 5
2168 2682 5
2170 1323 5
2170 2023 5
2170 2242 5
2170 3062 5
2170 3269 5
2170 4101 5
2170 421 5
2172 447 5
2172 508 5
2172 725 5
2177 1210 5
2177 1648 5
2177 236 5
2177 482 5
2177 642 5
2177 800 5
2179 3868 5
2180 2835 5
2189 1328 5
2189 2075 5
2189 2388 5
2189 4034 5
2189 4166 5
2189 943 5
219 200 5
219 2292 5
2193 1184 5
2193 2414 5
2193 3830 5
2193 573 5
2196 2207 5
2200 1210 5
2200 1623 5
2200 2177 5
2200 236 5
2200 4009 5
2200 800 5
2203 112 5
2203 1235 5
2203 1448 5
2203 2210 5
2203 3029 5
2203 3195 5
2203 3937 5
2203 4040 5
2203 642 5
2203 664 5
2207 1243 5
2207 1244 5
2207 1315 5
2207 1421 5
2207 2136 5
2207 2930 5
2207 3062 5
2207 3227 5
2207 449 5
2209 2192 5
2209 496 5
2209 563 5
2209 610 5
2209 92 5
2210 687 5
2214 194 5
2214 2230 5
2218 1271 5
2218 234 5
2218 886 5
2221 3600 5
2221 844 5
2224 1637 5
2225 754 5
2227 3302 5
2227 409 5
223 1066 5
223 1169 5
223 1931 5
223 387 5
223 3990 5
223 4255 5
2230 3965 5
2230 4247 5
2231 1308 5
2231 1782 5
2231 2409 5
2231 330 5
2232 3962 5
2233 1108 5
2233 1482 5
2233 983 5
2234 2207 5
2234 2371 5
2234 2901 5
2234 542 5
2237 3201 5
2237 3406 5
2237 3458 5
2237 3645 5
224 1087 5
224 1200 5
224 1201 5
224 1231 5
224 715 5
2240 1889 5
2240 913 5
2242 1949 5
2242 2309 5
2242 3918 5
2242 3918 5
2243 144 5
2243 4088 5
2244 1186 5
2244 1620 5
2244 3562 5
2244 4018 5
2244 4148 5
2247 1027 5
2247 1197 5
2247 1202 5
2247 1466 5
2247 17 5
2247 3999 5
2247 4211 5
2247 452 5
2247 462 5
2247 519 5
2247 563 5
2247 673 5
2247 687 5
2250 337 5
2250 4120 5
2250 42 5
2252 239 5
2252 2553 5
2252 2987 5
2252 789 5
2255 1016 5
2255 1438 5
2255 1949 5
2255 1983 5
2255 2296 5
2255 237 5
2255 2909 5
2255 3608 5
2255 452 5
2255 455 5
2255 560 5
2255 656 5
2255 753 5
2262 690 5
2263 2071 5
2263 2099 5
2263 2109 5
2263 436 5
2266 1212 5
2266 2677 5
2266 961 5
227 1568 5
227 2612 5
227 64 5
2277 2170 5
2277 2909 5
2277 397 5
2277 55 5
2278 1925 5
2278 2277 5
2278 2532 5
228 1148 5
228 2051 5
2281 128 5
2281 1843 5
2281 3106 5
2281 3225 5
2281 790 5
2281 848 5
2283 132 5
2283 496 5
2283 92 5
2288 640 5
2293 1018 5
2293 4088 5
2296 1221 5
2296 1252 5
2296 2414 5
2296 2843 5
2296 3195 5
2296 327 5
2296 748 5
2296 787 5
23 1439 5
23 165 5
23 2008 5
23 605 5
23 90 5
2307 1981 5
2307 1988 5
2307 3244 5
2307 3935 5
2307 54 5
2309 2714 5
2309 384 5
2309 891 5
2310 3947 5
2310 893 5
2311 500 5
2316 1438 5
2316 1491 5
2316 161 5
2316 2134 5
2316 2233 5
2316 2699 5
2316 3801 5
2317 131 5
2317 1393 5
2317 467 5
2317 798 5
2320 1998 5
2320 2380 5
2320 436 5
2321 3533 5
2321 3973 5
2327 3421 5
2330 2075 5
2330 2296 5
2330 3276 5
2330 599 5
2334 4113 5
2336 1168 5
2336 540 5
234 1271 5
234 184 5
234 2143 5
234 435 5
234 987 5
2340 2876 5
2340 3791 5
2343 238 5
2343 2812 5
2343 355 5
2343 513 5
2343 593 5
2344 1018 5
2344 1138 5
2344 1167 5
2344 706 5
2348 1221 5
235 237 5
2350 4019 5
2351 1491 5
2351 3309 5
2355 4128 5
2355 4144 5
2355 664 5
236 482 5
236 642 5
2367 1009 5
2368 1706 5
2368 2247 5
2368 446 5
2368 463 5
2369 1168 5
2369 3059 5
2369 3943 5
2369 3960 5
237 1027 5
237 1117 5
237 1623 5
237 1712 5
237 2392 5
237 2624 5
237 3098 5
237 3271 5
237 536 5
237 900 5
2370 2867 5
2370 2872 5
2370 742 5
2371 2372 5
2371 542 5
2372 2234 5
2372 2463 5
2372 3062 5
2372 665 5
2373 1180 5
2373 1489 5
2374 1228 5
2374 691 5
2376 1971 5
2379 2023 5
2379 2247 5
2379 3326 5
238 1871 5
238 2797 5
238 3962 5
238 3972 5
238 3987 5
238 4045 5
238 4046 5
238 4056 5
238 4151 5
238 839 5
2380 1271 5
2380 1719 5
2380 1998 5
2380 2281 5
2380 2320 5
2380 435 5
2380 436 5
2380 755 5
2383 259 5
2383 4010 5
2383 817 5
2383 9 5
2388 4019 5
239 1131 5
239 1608 5
239 272 5
239 362 5
239 460 5
239 461 5
239 510 5
239 573 5
239 65 5
239 731 5
239 789 5
2391 1636 5
2392 1213 5
2392 1213 5
2392 1960 5
2392 2296 5
2392 3451 5
2392 3504 5
2392 485 5
2392 748 5
2392 833 5
2395 4020 5
2397 1408 5
2397 2309 5
2397 238 5
2397 3568 5
2400 201 5
2402 2102 5
2405 2109 5
2405 2138 5
2407 1933 5
2409 1186 5
2409 807 5
2413 127 5
2413 2383 5
2413 4012 5
2413 510 5
2415 2145 5
242 1025 5
242 1118 5
242 1871 5
242 238 5
242 255 5
242 3018 5
242 673 5
2423 2096 5
2426 634 5
2428 436 5
2430 3262 5
2430 4258 5
2437 691 5
2439 3348 5
2439 369 5
2445 3295 5
2445 3503 5
2447 1221 5
2447 1836 5
2447 2075 5
2447 2884 5
2447 2897 5
2447 4139 5
2447 648 5
2447 649 5
2447 787 5
2448 2069 5
2448 2259 5
2452 1178 5
2452 1422 5
2452 997 5
246 2252 5
246 235 5
246 239 5
246 4210 5
246 461 5
246 789 5
246 789 5
2461 4227 5
2461 4237 5
2462 1333 5
2463 1387 5
2463 2773 5
2463 2773 5
2463 347 5
2466 1081 5
2466 1415 5
2466 2369 5
2466 3960 5
2467 1430 5
2467 2468 5
2467 2593 5
2467 3345 5
2467 4089 5
2467 4090 5
2468 219 5
2468 507 5
247 2791 5
247 3157 5
247 320 5
2471 1340 5
2471 2472 5
2472 2876 5
2472 2915 5
2476 2478 5
2476 2537 5
2476 2600 5
2476 2731 5
2476 2980 5
2476 4177 5
2478 4192 5
2479 403 5
248 1250 5
248 1489 5
248 189 5
248 250 5
248 61 5
248 744 5
248 987 5
2487 4219 5
2488 162 5
2488 451 5
2492 1544 5
2492 4208 5
2492 4209 5
2492 671 5
2496 955 5
25 115 5
25 184 5
25 2990 5
25 4018 5
250 189 5
250 248 5
250 61 5
250 826 5
2504 3676 5
2504 4131 5
251 1117 5
251 14 5
251 188 5
251 3312 5
251 387 5
251 42 5
251 467 5
251 580 5
251 595 5
251 605 5
251 623 5
251 635 5
251 913 5
2513 1651 5
2513 3747 5
2518 242 5
252 1623 5
252 2177 5
252 2200 5
252 285 5
2520 2488 5
2520 2965 5
2527 131 5
2527 902 5
2532 2714 5
2532 2904 5
2532 510 5
2534 615 5
2536 1313 5
2536 1461 5
2536 3877 5
2536 3896 5
2540 1589 5
2540 1937 5
2540 2956 5
2546 1636 5
2546 2426 5
255 1533 5
255 160 5
255 1645 5
255 2518 5
2551 113 5
2551 1131 5
2553 1933 5
2553 239 5
2553 2987 5
2555 1066 5
2555 1169 5
2555 1885 5
2555 1903 5
2555 1931 5
2555 223 5
2555 3018 5
2555 3066 5
2555 685 5
2559 3122 5
256 219 5
256 257 5
256 3653 5
256 605 5
2568 1241 5
2568 1787 5
2568 4062 5
2568 925 5
257 2718 5
257 387 5
257 477 5
2574 1027 5
2574 1201 5
2574 1201 5
2574 1677 5
2574 1927 5
2574 207 5
2574 211 5
2574 2407 5
2574 278 5
2574 2796 5
2574 2916 5
2574 387 5
2574 455 5
2574 731 5
2574 880 5
2574 9 5
2574 92 5
2574 983 5
2574 983 5
2576 18 5
2576 2241 5
2576 2570 5
2576 2922 5
2579 806 5
258 4016 5
258 831 5
258 857 5
2586 4220 5
2587 1920 5
2587 929 5
259 1548 5
259 165 5
259 3237 5
259 3481 5
259 456 5
259 53 5
259 605 5
259 817 5
259 9 5
259 92 5
2593 2930 5
260 1054 5
260 2006 5
260 2843 5
260 42 5
260 497 5
260 827 5
2600 2332 5
2600 2927 5
2600 451 5
261 2129 5
261 2723 5
261 2836 5
261 56 5
2612 370 5
2612 3938 5
2613 304 5
2613 4233 5
2624 476 5
2626 1339 5
2626 1530 5
2626 2496 5
2626 579 5
2628 4089 5
2631 468 5
2631 692 5
2637 865 5
264 1600 5
264 3242 5
2643 1173 5
2643 640 5
2643 772 5
2647 157 5
2647 300 5
2647 301 5
265 3830 5
2652 3959 5
2653 1549 5
2653 3222 5
2653 4108 5
2655 1087 5
2655 1201 5
2655 224 5
2661 3024 5
2661 3362 5
2661 4157 5
2667 621 5
2675 1987 5
2675 2307 5
2675 3782 5
2677 1212 5
2677 2934 5
2677 416 5
2681 187 5
2681 1963 5
2681 234 5
2681 25 5
2681 387 5
2681 449 5
2681 66 5
2682 2168 5
2685 1735 5
2685 2675 5
2685 3782 5
2685 3935 5
2697 2498 5
2697 283 5
2697 671 5
2699 2064 5
2699 4007 5
2699 4036 5
270 2343 5
270 355 5
270 3603 5
270 4046 5
2711 1213 5
2711 2296 5
2711 3751 5
2713 3083 5
2713 728 5
2714 14 5
2714 2255 5
2714 2413 5
2714 414 5
2714 510 5
2714 656 5
2714 830 5
2716 116 5
2716 3747 5
2716 772 5
2716 824 5
2718 1057 5
2718 1711 5
2718 239 5
2718 357 5
2718 455 5
2718 465 5
2718 494 5
2718 798 5
2718 865 5
2718 98 5
2719 3126 5
2719 3633 5
272 112 5
272 1197 5
272 246 5
272 278 5
272 3272 5
272 330 5
272 4081 5
272 42 5
272 460 5
272 460 5
272 461 5
272 462 5
272 467 5
272 519 5
272 687 5
272 879 5
2721 1194 5
2721 2050 5
2722 1226 5
2722 2713 5
2722 2726 5
2722 728 5
2723 3574 5
2726 193 5
2729 1675 5
2729 2138 5
2729 2888 5
2730 162 5
2730 3666 5
2730 754 5
2731 2509 5
2731 2927 5
2733 3270 5
2733 3271 5
2733 3962 5
2738 1713 5
2738 1984 5
2738 2463 5
2738 2746 5
2739 1035 5
2739 383 5
2739 3867 5
2739 685 5
2739 747 5
2744 3873 5
2744 643 5
2746 1214 5
2746 1234 5
2746 1519 5
2746 2005 5
2746 689 5
275 13 5
275 13 5
275 1557 5
275 1939 5
275 280 5
275 280 5
275 280 5
275 371 5
275 371 5
275 439 5
275 439 5
275 913 5
2750 4214 5
2759 247 5
2759 2747 5
2765 108 5
2765 1457 5
2765 1601 5
2765 3638 5
2765 602 5
2772 3503 5
2773 108 5
2773 347 5
2773 825 5
278 112 5
278 1187 5
278 138 5
278 2233 5
278 234 5
278 2574 5
278 4018 5
278 461 5
278 467 5
278 573 5
278 62 5
278 687 5
2782 1981 5
2782 3244 5
2782 3342 5
2783 464 5
2791 189 5
2791 313 5
2791 3182 5
2791 366 5
2791 3921 5
2791 3966 5
2796 193 5
2796 2255 5
2796 2574 5
2796 272 5
2796 98 5
2797 2812 5
2797 593 5
280 13 5
280 13 5
280 275 5
280 275 5
280 371 5
280 439 5
280 456 5
280 635 5
280 801 5
280 913 5
280 98 5
2800 3533 5
2800 4003 5
2804 2555 5
2805 3084 5
2805 3518 5
2805 3588 5
281 2888 5
2810 2376 5
2810 304 5
2811 129 5
2811 2722 5
2811 2726 5
2811 510 5
2811 728 5
2812 238 5
2812 270 5
2812 3972 5
2812 4068 5
2812 593 5
2813 1088 5
2813 158 5
2813 2887 5
2817 2075 5
2819 109 5
2819 1722 5
2819 2166 5
2819 339 5
2819 3623 5
2819 3940 5
2823 4250 5
2823 4251 5
2823 654 5
2827 3463 5
2828 112 5
2828 2722 5
283 1512 5
283 2277 5
2833 1988 5
2833 2307 5
2833 2504 5
2833 4074 5
2833 4075 5
2835 4147 5
2836 1197 5
2836 2067 5
2836 3155 5
2836 3574 5
2836 423 5
2836 579 5
2836 92 5
2837 3579 5
2837 3600 5
2837 444 5
2842 1843 5
2842 3633 5
2843 1054 5
2843 2348 5
2843 2437 5
2843 690 5
285 1210 5
285 2177 5
285 3515 5
285 387 5
285 482 5
285 859 5
2851 3260 5
2862 1104 5
287 1044 5
287 1052 5
287 1183 5
287 169 5
2872 1548 5
2872 1711 5
2872 2875 5
2872 4103 5
2872 514 5
2872 742 5
2874 2293 5
2875 3680 5
2876 1621 5
2876 2111 5
2876 2570 5
2878 1018 5
2878 2136 5
2882 1104 5
2882 1592 5
2884 1836 5
2884 2447 5
2884 648 5
2886 3262 5
2886 374 5
2887 1026 5
2887 1088 5
2887 3227 5
2888 127 5
2888 211 5
2888 238 5
2888 4087 5
2888 456 5
2888 465 5
2888 586 5
2888 637 5
2888 833 5
2890 1197 5
2890 3362 5
2890 3608 5
2890 4105 5
2890 950 5
2894 3303 5
2897 1973 5
2897 4260 5
2901 2207 5
2901 3062 5
2903 2242 5
2903 2995 5
2904 2278 5
2904 2309 5
2904 3520 5
2909 2242 5
2909 2278 5
2909 4093 5
2915 1798 5
2916 1201 5
2916 3835 5
2922 1268 5
2922 2292 5
2922 2476 5
2922 2488 5
2922 2965 5
2927 1268 5
2927 2468 5
2927 4089 5
2927 4090 5
2927 902 5
2930 1032 5
2930 1275 5
2930 1343 5
2934 2266 5
2940 4192 5
2955 1386 5
2956 1314 5
2956 1340 5
2956 1829 5
2957 2049 5
2957 2964 5
2964 1361 5
2964 1431 5
2964 2544 5
2966 615 5
2969 1340 5
2969 2534 5
2969 3656 5
2969 867 5
2971 1668 5
2973 1208 5
2973 4207 5
2974 3330 5
2974 914 5
2977 1715 5
2977 2966 5
2977 3340 5
2977 840 5
2984 1939 5
2984 201 5
2984 2067 5
2984 257 5
2987 1931 5
2987 1933 5
2987 239 5
2987 2407 5
2987 362 5
2988 1925 5
2988 3608 5
2988 447 5
299 3215 5
299 462 5
2990 400 5
2990 4159 5
2990 497 5
2995 104 5
2995 2170 5
2995 2242 5
2995 4054 5
2995 519 5
2995 563 5
2995 566 5
2996 1777 5
3 1035 5
3 1241 5
3 448 5
3 453 5
3 516 5
3 9 5
30 1677 5
30 2090 5
30 2823 5
30 3154 5
30 330 5
30 3989 5
30 421 5
30 643 5
30 653 5
30 654 5
30 663 5
300 1166 5
300 165 5
300 185 5
300 720 5
3002 2471 5
3003 2070 5
3004 1081 5
3004 1408 5
3004 1578 5
3004 1608 5
3004 242 5
3005 1393 5
3005 2150 5
3006 2073 5
3006 2119 5
301 157 5
301 1831 5
301 185 5
301 1976 5
301 2075 5
301 300 5
301 4139 5
301 4262 5
3016 1118 5
3016 1903 5
3016 4064 5
3016 4194 5
3018 1026 5
3018 128 5
3018 1533 5
3018 1885 5
3018 1885 5
3018 1975 5
3018 2012 5
3018 2804 5
3018 3066 5
3018 719 5
302 1993 5
302 2075 5
302 2447 5
302 649 5
3023 1235 5
3023 1868 5
3023 1988 5
3023 3029 5
3023 3462 5
3024 3383 5
3026 1722 5
3026 3949 5
3026 499 5
3029 1183 5
3029 3106 5
3029 654 5
3037 3213 5
304 1954 5
304 2376 5
304 3917 5
304 4050 5
304 4105 5
304 60 5
3048 1476 5
3048 1489 5
3048 161 5
3056 1383 5
3057 25 5
3057 2681 5
3058 930 5
3059 3943 5
3062 1007 5
3062 1252 5
3062 1491 5
3062 1701 5
3062 1949 5
3062 2234 5
3062 2316 5
3062 2871 5
3062 2903 5
3062 2995 5
3062 3309 5
3062 451 5
3066 1118 5
3066 158 5
3066 1975 5
3066 2804 5
3066 672 5
3066 685 5
3073 1117 5
3083 122 5
3083 2796 5
3083 412 5
3083 462 5
3083 466 5
3083 56 5
3083 560 5
3083 562 5
3083 684 5
3084 491 5
3085 2722 5
3085 4006 5
3085 4012 5
3085 817 5
3090 3361 5
3090 453 5
3090 60 5
3090 783 5
3091 109 5
3091 2679 5
3091 2819 5
3091 927 5
3095 2221 5
3097 2064 5
3097 3971 5
3098 635 5
310 3295 5
310 3372 5
310 339 5
310 3490 5
310 3503 5
310 3634 5
310 3944 5
310 3945 5
310 4176 5
310 925 5
3102 165 5
3102 605 5
3104 259 5
3104 4106 5
3104 664 5
3104 950 5
3106 1183 5
3106 1183 5
3106 1677 5
3106 2307 5
3106 2782 5
3106 3244 5
3106 54 5
3106 54 5
3106 778 5
3108 1362 5
3108 1900 5
3108 3018 5
3108 685 5
3109 462 5
3114 4156 5
312 1960 5
312 2738 5
3124 3785 5
3124 4028 5
3124 412 5
3124 656 5
3125 4071 5
3126 112 5
3126 1235 5
3126 2177 5
3126 2192 5
313 3161 5
313 3182 5
313 3204 5
313 825 5
3135 502 5
3138 1025 5
3145 1733 5
3146 2653 5
3146 4103 5
3146 4108 5
3151 1055 5
3152 3182 5
3152 320 5
3154 2823 5
3154 674 5
3155 261 5
3155 2723 5
3157 2791 5
3157 3152 5
3160 2738 5
3160 42 5
3161 2791 5
3161 825 5
3163 582 5
317 129 5
3176 3490 5
3176 3540 5
3176 3567 5
3176 4254 5
3176 826 5
3180 1327 5
3182 3161 5
3182 3547 5
3182 825 5
3189 728 5
3194 3943 5
3195 1184 5
3195 2105 5
3195 2120 5
3195 2722 5
3195 2851 5
3195 2984 5
3195 471 5
3195 816 5
32 2667 5
32 3679 5
32 3924 5
32 4214 5
32 496 5
32 834 5
32 898 5
320 2759 5
320 3946 5
3200 1787 5
3200 2568 5
3201 1035 5
3201 1536 5
3201 2765 5
3201 3058 5
3201 3406 5
3201 3458 5
3201 4190 5
3201 448 5
3201 91 5
3204 109 5
3204 1828 5
3204 2122 5
3204 2368 5
3204 3026 5
3204 339 5
3204 340 5
3204 3561 5
3204 3949 5
3204 933 5
3204 933 5
3215 337 5
3215 375 5
3215 421 5
3215 447 5
3215 455 5
3215 467 5
3215 833 5
3215 833 5
322 952 5
3220 112 5
3221 1623 5
3222 1104 5
3222 1684 5
3222 1747 5
3222 2872 5
3222 64 5
3225 1963 5
3225 3515 5
3227 1244 5
3227 128 5
3227 1323 5
3227 1722 5
3227 2012 5
3227 3018 5
3227 61 5
3230 1234 5
3230 494 5
3230 913 5
3232 2032 5
3232 2397 5
3232 3962 5
3232 3963 5
3233 2110 5
3233 357 5
3234 1722 5
3234 1935 5
3234 310 5
3234 4059 5
3235 886 5
3237 1080 5
3237 2110 5
3237 3684 5
3237 968 5
3240 1088 5
3240 1093 5
3240 1168 5
3240 1242 5
3240 3004 5
3240 3960 5
3240 516 5
3242 3684 5
3244 1183 5
3244 2675 5
3244 2782 5
3244 3106 5
3244 3342 5
3244 4126 5
3244 4136 5
3244 4162 5
3245 2653 5
3246 1033 5
3247 1033 5
3247 3246 5
3253 1549 5
3253 1666 5
3253 3680 5
3256 3976 5
3256 577 5
3260 2213 5
3260 3261 5
3260 992 5
3261 1843 5
3261 643 5
3262 4173 5
3266 1987 5
3266 1988 5
3266 3244 5
3266 3695 5
3267 2090 5
3267 4146 5
3269 1701 5
3269 2909 5
327 1021 5
327 1523 5
327 2330 5
327 3262 5
327 4173 5
327 599 5
327 648 5
3270 2731 5
3270 4121 5
3271 1157 5
3271 42 5
3272 1408 5
3272 3256 5
3272 330 5
3274 3509 5
3276 2296 5
3276 648 5
3276 797 5
3278 1623 5
328 3494 5
328 4104 5
328 4104 5
328 4256 5
3283 2340 5
3283 3687 5
3285 1265 5
3295 2445 5
3295 310 5
3295 3490 5
3295 3503 5
3295 649 5
3295 708 5
3295 981 5
3299 1186 5
3299 95 5
33 2003 5
33 201 5
33 2138 5
330 1408 5
330 1557 5
330 1597 5
330 30 5
330 3593 5
330 605 5
330 610 5
330 798 5
3302 4019 5
3303 400 5
3309 1166 5
3309 1438 5
3309 1585 5
3309 2316 5
3309 3801 5
3311 3943 5
3311 4155 5
3312 1548 5
3312 188 5
3312 3124 5
3312 3573 5
3312 684 5
3312 817 5
3312 831 5
3313 4153 5
3317 270 5
3317 4017 5
3322 4096 5
3323 4018 5
3324 3913 5
3326 3073 5
3326 3124 5
3326 3124 5
3326 3312 5
3326 3527 5
3326 3530 5
3326 387 5
3326 4004 5
3326 412 5
3326 539 5
3326 586 5
3326 595 5
3326 635 5
3326 661 5
333 449 5
333 659 5
333 710 5
3330 1711 5
3330 3233 5
3330 4095 5
3330 741 5
3335 3326 5
3338 1098 5
3338 1186 5
3338 1620 5
3338 202 5
3338 2227 5
3338 3460 5
3339 1243 5
3339 2502 5
3339 2731 5
334 1178 5
334 1181 5
334 387 5
334 4022 5
334 42 5
334 447 5
334 481 5
334 545 5
334 647 5
3340 1355 5
3340 2534 5
3340 2966 5
3342 2281 5
3342 2307 5
3342 3106 5
3342 3695 5
3342 4129 5
3345 1191 5
3347 3098 5
3347 720 5
3348 2388 5
3348 2819 5
3348 369 5
3348 3940 5
3348 855 5
335 1975 5
335 3215 5
335 79 5
335 833 5
3352 3967 5
3358 3106 5
3359 2613 5
336 1931 5
336 3004 5
336 4059 5
336 4063 5
3361 1290 5
3365 1637 5
3365 2890 5
3365 458 5
3367 1559 5
3367 3421 5
3369 2170 5
3369 860 5
337 1975 5
337 335 5
337 3962 5
337 4130 5
337 749 5
337 79 5
337 791 5
3372 339 5
3372 3651 5
3372 3934 5
338 337 5
338 749 5
338 79 5
3380 128 5
3380 3326 5
3384 1711 5
3384 404 5
339 1239 5
339 1722 5
339 2166 5
339 2819 5
339 3934 5
339 3949 5
339 499 5
339 602 5
339 991 5
3391 3122 5
3393 3903 5
3395 2668 5
3396 1090 5
3396 1511 5
3396 1541 5
3396 4231 5
340 108 5
3403 3150 5
3406 1307 5
3406 1613 5
3406 3458 5
3406 91 5
3408 1641 5
3408 2391 5
3408 4207 5
3416 1924 5
3421 404 5
3422 224 5
3423 4091 5
3425 1488 5
3431 1281 5
3431 1461 5
3431 1562 5
3431 1636 5
3431 1818 5
3431 3184 5
3438 1196 5
3438 3150 5
344 2890 5
3441 1146 5
3441 1339 5
3441 1479 5
3441 1602 5
3441 1619 5
3441 1842 5
3443 2472 5
3443 3108 5
3443 615 5
3448 178 5
3448 3450 5
3450 1421 5
3450 3469 5
3451 1035 5
3451 2739 5
3451 383 5
3458 1035 5
3458 448 5
3460 1098 5
3460 1180 5
3460 1711 5
3460 1981 5
3460 2244 5
3460 989 5
3465 1013 5
3465 1095 5
3465 1137 5
3465 1192 5
3465 1200 5
3465 224 5
3465 3422 5
3465 418 5
3465 734 5
3465 983 5
3469 1421 5
347 2463 5
3476 4126 5
3476 653 5
3479 4172 5
3479 672 5
3481 128 5
3481 456 5
3486 4003 5
3486 4182 5
3488 3495 5
3488 3498 5
3488 4099 5
3488 4104 5
3488 4256 5
3490 310 5
3490 3234 5
3490 3295 5
3490 3567 5
3490 3944 5
3490 3945 5
3490 4253 5
3490 4254 5
3490 826 5
3494 3488 5
3495 3488 5
3495 3488 5
3495 3494 5
3495 3498 5
3495 4098 5
3495 4104 5
3495 4104 5
3495 4256 5
3498 3488 5
3498 3495 5
3498 4104 5
3498 4256 5
3503 2445 5
3503 310 5
3503 3295 5
3503 3659 5
3504 312 5
3505 1025 5
3505 352 5
3509 4143 5
3515 17 5
3518 1169 5
3518 1931 5
3518 2555 5
3518 3979 5
3518 684 5
3518 74 5
352 465 5
352 467 5
352 538 5
352 656 5
3520 1273 5
3520 2488 5
3520 2628 5
3520 4242 5
3524 1711 5
3524 1927 5
3524 3124 5
3524 3312 5
3524 3326 5
3525 2344 5
3527 3533 5
3527 4004 5
3529 3326 5
3529 3527 5
3529 4254 5
3529 826 5
3530 238 5
3530 3537 5
3530 3987 5
3530 4045 5
3530 4056 5
3532 4008 5
3532 410 5
3532 423 5
3533 3530 5
3533 3975 5
3533 4013 5
3533 577 5
3534 3326 5
3534 3527 5
3534 3529 5
3534 3533 5
3534 3537 5
3534 3993 5
3537 3326 5
3537 3527 5
3541 824 5
3545 2747 5
3547 189 5
3547 1925 5
3547 2242 5
3547 2277 5
3547 3921 5
3547 825 5
3548 108 5
355 238 5
355 2812 5
355 3972 5
355 513 5
355 593 5
3555 3317 5
3561 1415 5
3561 463 5
3562 2731 5
3562 4122 5
3562 515 5
3562 579 5
3567 3529 5
3567 4257 5
3568 1408 5
3568 238 5
357 3135 5
357 3137 5
357 3242 5
357 3330 5
357 3684 5
3571 3964 5
3573 3586 5
3573 3978 5
3574 261 5
3575 1175 5
3575 1180 5
3575 1234 5
3575 1985 5
3575 2005 5
3575 2746 5
3579 830 5
3579 85 5
358 578 5
3580 2140 5
3580 838 5
3592 3540 5
3592 3849 5
3592 3862 5
3592 4049 5
3593 1275 5
3593 1701 5
3593 1926 5
3593 3108 5
3595 2995 5
3595 3195 5
3598 327 5
3598 3361 5
36 635 5
36 902 5
360 933 5
3600 2129 5
3600 56 5
3601 1559 5
3602 1983 5
3602 42 5
3602 661 5
3603 3991 5
3603 719 5
3604 1294 5
3604 1438 5
3604 1666 5
3605 2812 5
3607 3936 5
3607 3937 5
3607 610 5
3607 66 5
3608 2244 5
3608 460 5
3608 465 5
362 2023 5
362 2252 5
362 246 5
362 2553 5
362 3995 5
3623 2155 5
3623 2568 5
3623 3200 5
3623 339 5
3623 3933 5
3623 815 5
3633 3654 5
3633 762 5
3633 790 5
3634 1538 5
3634 815 5
3634 87 5
3638 1601 5
3638 3623 5
3643 2077 5
3644 3458 5
3644 3645 5
3645 1 5
3645 1431 5
3645 1965 5
3645 2540 5
3645 2948 5
3645 3201 5
3645 3240 5
3645 3458 5
3645 447 5
3645 453 5
3645 87 5
3645 9 5
3646 652 5
3646 655 5
3647 2090 5
3647 3646 5
3647 657 5
3647 759 5
3650 3213 5
3651 310 5
3651 3934 5
3653 2067 5
3653 2089 5
3653 2401 5
3654 3633 5
3654 954 5
3656 3927 5
3658 1799 5
3658 200 5
3659 882 5
366 1930 5
366 313 5
366 3182 5
366 670 5
366 987 5
3665 128 5
3666 162 5
3669 256 5
3673 1284 5
3676 1724 5
3676 848 5
3680 1104 5
3680 514 5
3684 165 5
3684 1711 5
3684 3233 5
3684 4091 5
3687 2277 5
3689 2344 5
3689 2874 5
369 547 5
369 74 5
3695 2307 5
3695 2782 5
3695 3244 5
3695 4074 5
3695 662 5
3695 664 5
3696 1177 5
3696 3584 5
370 47 5
3700 3525 5
3702 4085 5
3702 706 5
371 13 5
371 14 5
371 211 5
371 2247 5
371 251 5
371 275 5
371 280 5
371 421 5
371 439 5
371 456 5
371 545 5
371 580 5
371 653 5
371 801 5
371 862 5
371 880 5
3710 2020 5
3710 3530 5
3714 3952 5
372 412 5
372 580 5
372 623 5
3722 1601 5
3722 2006 5
3722 2437 5
3722 2765 5
3722 4176 5
3722 485 5
3724 2576 5
3738 2053 5
3739 2891 5
3739 740 5
3739 752 5
3740 1201 5
3743 502 5
3747 2940 5
3749 1797 5
375 1820 5
375 337 5
375 79 5
3751 1990 5
3751 2739 5
3751 3867 5
3751 792 5
3754 211 5
3754 3137 5
3754 4244 5
3756 1383 5
3756 1960 5
376 2891 5
376 4199 5
3762 1183 5
3762 4127 5
3762 4144 5
3762 692 5
3775 2051 5
3775 383 5
3778 2189 5
3782 4124 5
3782 4125 5
3791 2170 5
3791 4096 5
3801 1301 5
3801 1438 5
3801 1491 5
3803 3326 5
3803 39 5
3803 84 5
3823 1393 5
3826 2407 5
3826 2836 5
3826 471 5
3826 838 5
383 1029 5
383 1220 5
383 1237 5
383 2309 5
383 237 5
383 3431 5
383 3451 5
383 393 5
383 446 5
383 446 5
383 563 5
383 691 5
3830 1706 5
3830 1820 5
3830 622 5
3833 2376 5
3835 2067 5
3835 2574 5
3835 543 5
3838 2105 5
384 1416 5
384 1768 5
384 1925 5
384 560 5
3841 3984 5
3841 4014 5
3848 2221 5
3848 3312 5
3848 3580 5
3849 4057 5
3849 4076 5
385 1624 5
385 300 5
385 4018 5
385 4147 5
385 421 5
385 64 5
385 833 5
3858 2973 5
3861 931 5
3862 4076 5
3863 2812 5
3863 4069 5
3863 4070 5
3865 3540 5
3865 4078 5
3865 4080 5
3867 1090 5
3867 2179 5
3867 2392 5
3867 3451 5
3867 3869 5
3867 3871 5
3867 3882 5
3867 690 5
3868 1014 5
3868 3867 5
3869 2179 5
3869 3868 5
3869 690 5
387 1027 5
387 1108 5
387 1167 5
387 122 5
387 17 5
387 17 5
387 187 5
387 202 5
387 259 5
387 2888 5
387 3295 5
387 383 5
387 455 5
387 519 5
387 74 5
387 861 5
387 913 5
387 938 5
3871 164 5
3871 2005 5
3871 3868 5
3871 392 5
3871 739 5
3873 1108 5
3873 1235 5
3873 13 5
3873 211 5
3873 275 5
3873 519 5
3873 573 5
3873 580 5
3873 882 5
3873 913 5
3877 3408 5
3877 4221 5
3877 868 5
388 1933 5
3882 2179 5
3882 3869 5
3882 690 5
3886 1748 5
3890 4221 5
3891 3396 5
3896 3433 5
39 2 5
3902 1087 5
3902 639 5
3906 2372 5
3906 2463 5
3906 4238 5
3913 1109 5
3914 4196 5
3917 2376 5
3917 4050 5
3918 1949 5
3918 2255 5
3918 2309 5
3918 2903 5
3918 2995 5
3918 3547 5
3919 358 5
3919 488 5
392 1076 5
392 164 5
392 1883 5
392 2006 5
392 334 5
3921 2463 5
3921 3182 5
3921 366 5
3922 1090 5
3922 1924 5
3922 3504 5
3924 664 5
3926 223 5
3926 2555 5
3926 3518 5
3927 867 5
393 2739 5
393 334 5
393 3451 5
393 447 5
393 685 5
393 747 5
393 89 5
3933 2819 5
3933 3940 5
3933 855 5
3934 1079 5
3934 2133 5
3934 310 5
3934 3941 5
3934 3942 5
3935 1735 5
3935 2675 5
3935 3782 5
3936 2203 5
3936 482 5
3936 642 5
3937 3278 5
3937 3936 5
3938 227 5
3938 3939 5
3939 227 5
3939 2612 5
3940 3562 5
3940 507 5
3940 515 5
3941 1079 5
3941 3714 5
3941 3942 5
3941 3952 5
3941 3954 5
3942 1079 5
3942 3714 5
3942 3952 5
3942 3954 5
3943 1168 5
3943 2466 5
3943 3240 5
3944 1722 5
3944 1935 5
3944 3234 5
3945 3234 5
3945 3944 5
3946 3157 5
3947 2056 5
3947 3951 5
3947 499 5
3949 1722 5
3949 1965 5
3949 3950 5
3949 499 5
3950 109 5
3950 1828 5
3950 3204 5
3951 1897 5
3951 2310 5
3951 3479 5
3951 499 5
3952 3934 5
3952 3953 5
3952 3954 5
3953 2133 5
3953 3714 5
3953 3934 5
3954 3714 5
3954 3934 5
3954 3953 5
3955 3956 5
3955 3957 5
3955 3958 5
3956 3958 5
3956 3961 5
3958 3957 5
3959 1529 5
3959 2110 5
396 1056 5
396 239 5
396 3230 5
396 3861 5
3960 1168 5
3960 3059 5
3960 3841 5
3960 3943 5
3960 3998 5
3961 3955 5
3961 3957 5
3961 3958 5
3962 1180 5
3962 1853 5
3962 237 5
3962 3568 5
3963 1408 5
3963 2309 5
3963 2397 5
3964 1214 5
3964 2746 5
3964 3575 5
3965 1209 5
3965 2214 5
3965 2310 5
3965 3947 5
3965 4023 5
3965 4024 5
3965 4027 5
3966 2747 5
3966 3545 5
3968 3897 5
3968 4 5
3969 2110 5
3970 2166 5
3971 2064 5
3971 2699 5
3972 2343 5
3972 270 5
3972 3256 5
3972 3973 5
3972 4046 5
3972 4151 5
3973 2813 5
3973 3163 5
3973 3326 5
3973 3529 5
3973 3534 5
3973 3537 5
3973 866 5
3974 193 5
3974 2103 5
3974 521 5
3975 3976 5
3976 3973 5
3976 4000 5
3977 2 5
3977 865 5
3980 713 5
3981 505 5
3982 643 5
3982 961 5
3983 505 5
3984 1224 5
3984 3960 5
3985 3973 5
3986 2090 5
3986 657 5
3987 3710 5
3987 3988 5
3987 839 5
3988 3972 5
3988 3993 5
3989 2 5
3989 90 5
399 187 5
399 1963 5
399 202 5
399 285 5
3990 156 5
3990 1578 5
3990 2555 5
3990 511 5
3991 352 5
3992 3982 5
3992 3983 5
3992 904 5
3993 3987 5
3994 465 5
3995 2023 5
3995 3996 5
3995 3997 5
3996 362 5
3996 3997 5
3997 362 5
3998 1224 5
3998 3984 5
3999 3604 5
3999 400 5
3999 502 5
4 1245 5
4 992 5
400 1057 5
400 113 5
400 1131 5
400 1180 5
400 1608 5
400 1854 5
400 2392 5
400 2392 5
400 260 5
400 4047 5
400 42 5
400 447 5
400 497 5
400 503 5
400 574 5
400 574 5
400 574 5
400 622 5
4000 2800 5
4001 1542 5
4001 2739 5
4001 2746 5
4001 3451 5
4001 3575 5
4001 685 5
4002 3272 5
4002 3973 5
4003 3534 5
4003 4182 5
4003 423 5
4003 577 5
4004 3530 5
4004 3533 5
4004 3534 5
4004 3973 5
4006 2726 5
4006 491 5
4006 838 5
4006 842 5
4007 3971 5
4008 2321 5
4008 3528 5
4008 3534 5
4009 236 5
4009 642 5
4010 3137 5
4011 3532 5
4011 3975 5
4012 2726 5
4012 3095 5
4012 3573 5
4012 414 5
4012 74 5
4012 831 5
4013 3972 5
4015 3573 5
4016 1568 5
4016 831 5
4017 3555 5
4018 1098 5
4018 1186 5
4018 2067 5
4018 2407 5
4018 3235 5
4018 3460 5
4018 3826 5
4018 4019 5
4019 3460 5
4019 3778 5
4019 3940 5
4019 4122 5
4019 4153 5
4022 2006 5
4022 2392 5
4023 3965 5
4023 4024 5
4023 4025 5
4024 3965 5
4024 4023 5
4024 4025 5
4024 4027 5
4025 4023 5
4025 4024 5
4025 4027 5
4026 2090 5
4026 663 5
4026 674 5
4027 3965 5
4027 4024 5
4027 4025 5
4028 3312 5
4029 4042 5
4029 966 5
403 283 5
4030 1076 5
4030 164 5
4031 1217 5
4031 2006 5
4031 3215 5
4034 2180 5
4034 2835 5
4034 4147 5
4035 1328 5
4035 385 5
4036 4221 5
4037 1623 5
4038 1197 5
4039 973 5
404 1627 5
4041 1584 5
4044 2023 5
4044 2379 5
4044 2988 5
4045 2020 5
4045 3710 5
4045 4046 5
4045 839 5
4046 2020 5
4046 238 5
4046 2812 5
4046 3530 5
4046 355 5
4046 4151 5
4046 593 5
4047 104 5
4048 4049 5
4049 3176 5
4049 3540 5
4049 4058 5
4049 4065 5
4051 3862 5
4051 3865 5
4051 4052 5
4051 4053 5
4053 3176 5
4053 3849 5
4054 1684 5
4054 2143 5
4054 2172 5
4055 1595 5
4055 178 5
4056 4045 5
4056 839 5
4057 4058 5
4057 4253 5
4057 4254 5
4058 3862 5
4058 4077 5
4058 4080 5
4059 1903 5
4059 3016 5
4060 726 5
4060 910 5
4061 3623 5
4062 2155 5
4062 3200 5
4062 3623 5
4063 1903 5
4063 1919 5
4063 3016 5
4063 4064 5
4063 685 5
4064 3234 5
4064 336 5
4065 4051 5
4066 3469 5
4066 4055 5
4066 4067 5
4067 1421 5
4067 3448 5
4068 3863 5
4068 4069 5
4069 2812 5
4069 3605 5
4069 4070 5
4070 2812 5
4072 3605 5
4072 3863 5
4072 4068 5
4072 4069 5
4073 2209 5
4074 1869 5
4074 2307 5
4074 3244 5
4074 3266 5
4074 4075 5
4074 662 5
4074 848 5
4075 1987 5
4075 2307 5
4076 3865 5
4076 4049 5
4077 3176 5
4077 4052 5
4077 4078 5
4078 4052 5
408 122 5
408 2479 5
4080 3176 5
4080 4051 5
4080 4077 5
4080 4078 5
4081 1711 5
4081 2408 5
4081 2990 5
4081 2999 5
4082 2730 5
4082 3666 5
4082 754 5
4083 4051 5
4084 4085 5
4084 4086 5
4085 2243 5
4085 467 5
4087 1608 5
4087 32 5
4087 885 5
4087 950 5
4088 1018 5
4089 1191 5
4089 1191 5
4089 2922 5
4089 3345 5
4089 736 5
4089 902 5
409 1112 5
409 1386 5
409 1480 5
409 278 5
4090 3345 5
4091 1327 5
4091 1684 5
4091 3233 5
4092 2862 5
4093 2136 5
4094 32 5
4094 496 5
4094 803 5
4094 834 5
4094 898 5
4095 1548 5
4095 3062 5
4095 3233 5
4095 357 5
4096 144 5
4097 3468 5
4098 3494 5
4099 328 5
4099 3495 5
410 3528 5
410 3710 5
4100 2504 5
4100 2833 5
4101 2247 5
4101 4084 5
4101 706 5
4102 1712 5
4102 2867 5
4102 4092 5
4103 2653 5
4104 328 5
4104 3488 5
4104 3494 5
4104 3495 5
4104 3498 5
4104 4099 5
4104 4256 5
4105 1562 5
4105 1954 5
4105 304 5
4105 3365 5
4105 4107 5
4107 1954 5
4107 4105 5
4108 1549 5
4108 4103 5
4109 1424 5
4111 1869 5
4112 1188 5
4112 2355 5
4112 3244 5
4112 3476 5
4114 2679 5
4114 927 5
4115 4116 5
4115 651 5
4115 654 5
4117 2203 5
4117 4111 5
4117 4118 5
4118 1987 5
4118 2744 5
4118 30 5
4118 4124 5
4119 848 5
412 1108 5
412 188 5
412 193 5
412 251 5
412 3312 5
412 3312 5
412 3326 5
412 3524 5
412 371 5
412 508 5
412 610 5
412 801 5
4120 1086 5
4120 113 5
4122 4120 5
4122 4130 5
4122 66 5
4123 3267 5
4123 3782 5
4124 3342 5
4125 3476 5
4126 1857 5
4126 2355 5
4126 3342 5
4127 3267 5
4127 651 5
4128 2281 5
4128 2504 5
4128 2675 5
4128 3476 5
4129 4140 5
4130 2364 5
4130 2897 5
4130 301 5
4131 1188 5
4131 2355 5
4131 4119 5
4133 126 5
4133 3244 5
4134 1029 5
4134 1179 5
4134 2007 5
4134 3871 5
4135 651 5
4136 1188 5
4136 4137 5
4136 643 5
4136 651 5
4137 1677 5
4138 4126 5
4138 4127 5
4139 1328 5
4139 2167 5
4139 4142 5
414 112 5
414 1529 5
414 2413 5
414 251 5
414 3146 5
414 423 5
4140 2090 5
4140 3023 5
4140 662 5
4141 2643 5
4141 638 5
4142 1675 5
4143 448 5
4143 579 5
4144 1366 5
4144 1857 5
4144 2090 5
4145 4131 5
4146 1188 5
4146 1869 5
4146 4137 5
4147 1624 5
4149 1451 5
4149 3244 5
4149 4131 5
415 4245 5
415 4246 5
415 4261 5
4150 2355 5
4150 3476 5
4151 2343 5
4151 2812 5
4151 593 5
4155 3194 5
4155 383 5
4157 1975 5
4158 3200 5
4159 462 5
416 112 5
416 113 5
416 2828 5
416 3595 5
416 421 5
416 656 5
4160 1257 5
4160 2103 5
4160 2227 5
4161 1166 5
4161 384 5
4161 4158 5
4161 451 5
4162 3695 5
4162 4074 5
4163 1818 5
4164 112 5
4164 3943 5
4167 1794 5
4167 3230 5
4167 3323 5
4167 805 5
4168 1971 5
4170 673 5
4171 2408 5
4171 4081 5
4171 462 5
4172 1333 5
4172 1880 5
4172 1918 5
4173 599 5
4173 797 5
4174 4063 5
4175 2466 5
4176 1031 5
4176 1802 5
4176 3458 5
4176 808 5
4176 87 5
4178 2437 5
4178 2711 5
4179 1031 5
4179 108 5
4179 1538 5
4179 1829 5
418 19 5
418 2071 5
4180 109 5
4180 1483 5
4180 1563 5
4181 1347 5
4181 1713 5
4181 340 5
4182 1348 5
4182 4183 5
4182 423 5
4183 3486 5
4183 4003 5
4183 423 5
4186 1362 5
4186 2466 5
4186 3108 5
4186 4175 5
4187 808 5
4187 818 5
4188 1891 5
4188 242 5
4189 1026 5
4189 3016 5
4190 1352 5
4190 3722 5
4191 1568 5
4192 2513 5
4192 2576 5
4193 1719 5
4195 360 5
4195 747 5
4197 316 5
4198 2513 5
4199 1221 5
4199 1831 5
42 1057 5
42 1180 5
42 1482 5
42 2731 5
42 3562 5
42 3604 5
42 421 5
42 447 5
42 573 5
42 731 5
42 748 5
42 748 5
42 827 5
42 98 5
4202 1466 5
4202 200 5
4203 933 5
4204 1348 5
4204 3486 5
4204 4003 5
4204 4182 5
4204 4183 5
4206 3010 5
4206 3653 5
4207 1654 5
4207 2536 5
4207 32 5
4207 603 5
4208 1370 5
4208 4216 5
4209 1806 5
421 1197 5
421 129 5
421 129 5
421 1557 5
421 1701 5
421 1791 5
421 201 5
421 2233 5
421 272 5
421 4011 5
421 462 5
421 467 5
421 53 5
421 543 5
421 605 5
421 683 5
421 801 5
421 849 5
4210 1395 5
4211 1184 5
4211 586 5
4212 1640 5
4212 3393 5
4213 2002 5
4213 3886 5
4213 665 5
4214 1208 5
4214 1313 5
4214 1778 5
4214 4226 5
4215 1606 5
4215 956 5
4217 1960 5
4217 2372 5
4218 4219 5
4220 1656 5
4221 1371 5
4221 868 5
4222 3858 5
4223 1703 5
4223 1704 5
4223 2697 5
4224 1808 5
4225 1161 5
4225 1374 5
4225 1704 5
4225 1808 5
4225 1850 5
4227 1036 5
4228 1161 5
4228 1390 5
4228 2498 5
423 1348 5
423 2836 5
423 3155 5
423 3574 5
423 387 5
423 3973 5
423 4081 5
423 4204 5
423 445 5
423 503 5
423 538 5
423 577 5
423 736 5
423 838 5
4230 2196 5
4231 1090 5
4231 3906 5
4232 1872 5
4232 3425 5
4234 1240 5
4234 1643 5
4234 2461 5
4235 1390 5
4236 1806 5
4239 1567 5
4239 2549 5
4241 1609 5
4243 3023 5
4244 259 5
4245 4246 5
4245 633 5
4246 633 5
4247 2214 5
4247 3965 5
4248 4249 5
4249 4260 5
4249 4267 5
4250 4251 5
4250 4252 5
4251 4252 5
4252 2823 5
4252 4266 5
4253 3529 5
4253 4257 5
4254 3567 5
4254 4253 5
4254 826 5
4255 127 5
4256 328 5
4256 3488 5
4256 3495 5
4256 3498 5
4256 4104 5
4257 3176 5
4257 4254 5
4258 4268 5
4259 2430 5
4259 4260 5
4262 2084 5
4262 4199 5
4262 767 5
4263 946 5
4264 2084 5
4265 1831 5
4265 4262 5
4265 767 5
4266 2823 5
4266 4250 5
4269 4250 5
433 1168 5
433 2334 5
433 2336 5
433 4113 5
435 1271 5
435 1719 5
435 2218 5
435 2415 5
435 418 5
435 886 5
436 1998 5
436 2320 5
436 2380 5
436 4255 5
436 536 5
439 13 5
439 275 5
439 275 5
439 280 5
439 371 5
439 537 5
439 801 5
44 2593 5
44 2940 5
44 4089 5
44 902 5
440 130 5
440 1675 5
440 1925 5
440 2170 5
440 2247 5
440 2496 5
440 2631 5
440 3326 5
440 3593 5
440 462 5
440 885 5
440 946 5
443 566 5
444 830 5
445 261 5
445 503 5
446 1054 5
446 1166 5
446 1237 5
446 3999 5
446 4054 5
447 1178 5
447 1181 5
447 1214 5
447 1519 5
447 164 5
447 1820 5
447 2296 5
447 2392 5
447 246 5
447 2746 5
447 385 5
447 400 5
447 42 5
447 477 5
447 481 5
447 573 5
447 661 5
447 747 5
447 753 5
447 833 5
447 976 5
448 113 5
448 1388 5
448 1997 5
448 2133 5
448 2237 5
448 3562 5
448 447 5
448 91 5
449 1109 5
449 1146 5
449 1619 5
449 1963 5
449 2876 5
449 387 5
449 399 5
449 462 5
449 500 5
449 961 5
45 129 5
45 2 5
45 2247 5
45 30 5
45 36 5
45 537 5
451 1138 5
451 1184 5
451 151 5
451 1548 5
451 1701 5
451 2023 5
451 2207 5
451 2282 5
451 3593 5
451 3995 5
451 412 5
451 447 5
451 736 5
451 742 5
451 891 5
452 112 5
452 1317 5
452 1597 5
452 2203 5
452 3199 5
452 3261 5
452 371 5
452 98 5
453 1035 5
453 1538 5
453 463 5
453 89 5
453 91 5
453 993 5
454 1035 5
454 1093 5
454 91 5
455 1025 5
455 1197 5
455 132 5
455 132 5
455 1927 5
455 1997 5
455 251 5
455 299 5
455 3665 5
455 487 5
455 500 5
455 566 5
455 574 5
455 623 5
455 635 5
455 9 5
455 983 5
456 129 5
456 178 5
456 1931 5
456 2263 5
456 259 5
456 275 5
456 2796 5
456 2888 5
456 387 5
456 455 5
456 467 5
456 53 5
456 635 5
456 673 5
456 720 5
456 801 5
457 1747 5
457 546 5
458 2890 5
459 239 5
459 246 5
459 3004 5
460 122 5
460 1408 5
460 2990 5
460 330 5
460 462 5
460 789 5
461 1257 5
461 1308 5
461 1533 5
461 1581 5
461 1677 5
461 1928 5
461 246 5
461 2890 5
461 460 5
461 462 5
461 623 5
461 64 5
461 861 5
462 1025 5
462 1529 5
462 2379 5
462 239 5
462 2408 5
462 246 5
462 4081 5
462 503 5
462 56 5
462 579 5
462 635 5
462 721 5
462 778 5
462 789 5
463 313 5
463 3402 5
463 366 5
463 941 5
464 1503 5
464 2479 5
465 1533 5
465 3138 5
465 3989 5
465 508 5
465 572 5
465 721 5
465 728 5
466 193 5
467 1108 5
467 1167 5
467 13 5
467 1623 5
467 2067 5
467 251 5
467 251 5
467 275 5
467 280 5
467 2995 5
467 330 5
467 352 5
467 3873 5
467 421 5
467 456 5
467 461 5
467 53 5
467 635 5
467 659 5
467 838 5
468 32 5
468 3679 5
468 4087 5
468 4094 5
468 440 5
468 483 5
47 2023 5
47 227 5
47 2612 5
47 3938 5
47 3939 5
471 265 5
471 3348 5
471 369 5
471 547 5
476 1080 5
476 1147 5
476 1711 5
476 440 5
476 595 5
476 975 5
477 1205 5
477 3085 5
477 334 5
477 3974 5
477 443 5
477 89 5
480 113 5
480 383 5
481 1076 5
481 1181 5
481 1883 5
481 3871 5
481 477 5
482 1235 5
482 126 5
482 1623 5
482 1869 5
482 2177 5
482 2200 5
482 252 5
482 3278 5
482 3873 5
482 3937 5
482 651 5
482 800 5
482 800 5
482 859 5
483 1386 5
483 1723 5
483 440 5
483 451 5
483 955 5
484 3056 5
487 1245 5
487 1308 5
487 2255 5
488 358 5
488 578 5
49 47 5
491 510 5
492 387 5
492 563 5
494 1675 5
494 2332 5
494 3313 5
496 1167 5
496 1719 5
496 3679 5
496 4087 5
496 468 5
496 487 5
497 731 5
497 827 5
499 1828 5
499 1965 5
499 2310 5
499 3204 5
499 3950 5
499 3965 5
499 893 5
500 1013 5
500 1557 5
500 2 5
500 2076 5
500 352 5
500 3523 5
500 455 5
500 487 5
500 623 5
500 741 5
500 975 5
502 257 5
502 3524 5
502 4010 5
502 456 5
503 300 5
503 3155 5
503 333 5
503 3574 5
503 460 5
503 914 5
505 3992 5
505 904 5
507 1835 5
507 1971 5
507 369 5
507 471 5
508 1931 5
508 2796 5
508 3994 5
508 421 5
508 778 5
51 1608 5
51 2405 5
510 131 5
510 188 5
510 1925 5
510 2023 5
510 2247 5
510 2574 5
510 3518 5
510 3918 5
510 421 5
510 492 5
510 586 5
510 586 5
510 635 5
510 725 5
510 9 5
510 973 5
511 186 5
511 4005 5
513 238 5
513 2797 5
513 3972 5
513 4046 5
514 1104 5
514 1104 5
514 1197 5
514 1548 5
514 1549 5
514 1711 5
514 3222 5
514 3680 5
515 1981 5
515 4018 5
515 4019 5
516 1056 5
516 2232 5
516 2350 5
516 2362 5
516 3056 5
516 3098 5
516 421 5
516 53 5
516 573 5
519 1117 5
519 112 5
519 129 5
519 1928 5
519 2247 5
519 278 5
519 3873 5
519 412 5
519 416 5
519 656 5
522 414 5
53 1197 5
53 1226 5
53 127 5
53 30 5
53 32 5
53 3525 5
53 383 5
53 387 5
53 45 5
53 451 5
53 510 5
53 656 5
53 720 5
53 880 5
530 728 5
530 74 5
536 1168 5
536 1438 5
536 1712 5
536 503 5
536 833 5
537 1108 5
537 1197 5
537 13 5
537 439 5
537 580 5
537 728 5
537 952 5
537 98 5
538 1201 5
538 13 5
538 261 5
538 2723 5
538 2836 5
538 357 5
538 605 5
54 2203 5
54 2307 5
54 3106 5
54 654 5
54 862 5
54 973 5
540 2334 5
540 433 5
542 2372 5
542 3062 5
543 1201 5
543 1438 5
543 2055 5
543 2067 5
543 237 5
543 2413 5
543 2916 5
543 3326 5
545 112 5
545 127 5
545 129 5
545 14 5
545 17 5
545 1711 5
545 387 5
545 456 5
545 510 5
545 586 5
546 1275 5
546 1701 5
547 507 5
549 461 5
55 128 5
55 2277 5
55 3754 5
557 187 5
557 3126 5
557 4033 5
557 692 5
557 838 5
558 1192 5
56 193 5
56 3348 5
56 3524 5
56 414 5
56 502 5
560 1842 5
560 1928 5
560 207 5
560 2172 5
560 2718 5
560 2930 5
560 834 5
560 861 5
560 885 5
561 2911 5
561 492 5
562 2020 5
562 414 5
563 1184 5
563 1197 5
563 2231 5
563 2574 5
563 259 5
563 2718 5
563 39 5
563 456 5
563 53 5
563 545 5
563 586 5
563 649 5
563 656 5
563 742 5
563 801 5
563 817 5
563 82 5
563 838 5
563 9 5
563 98 5
566 1529 5
566 188 5
566 3083 5
566 519 5
566 563 5
572 2796 5
572 56 5
573 1226 5
573 1235 5
573 1294 5
573 1623 5
573 1623 5
573 3873 5
573 653 5
573 654 5
573 720 5
573 773 5
573 92 5
574 113 5
574 113 5
574 1180 5
574 1388 5
574 165 5
574 1820 5
574 1822 5
574 1997 5
574 2392 5
574 827 5
577 1348 5
577 3486 5
577 3975 5
577 3993 5
577 4182 5
579 1438 5
579 1522 5
579 1597 5
579 165 5
579 1711 5
579 2133 5
579 272 5
579 3509 5
579 410 5
579 440 5
579 467 5
579 643 5
579 817 5
580 2 5
580 211 5
580 237 5
580 330 5
580 371 5
580 3873 5
580 537 5
580 573 5
580 586 5
580 610 5
580 623 5
582 2813 5
583 2023 5
583 510 5
583 595 5
586 112 5
586 129 5
586 130 5
586 14 5
586 2247 5
586 421 5
586 421 5
586 563 5
586 563 5
586 579 5
586 64 5
586 684 5
586 842 5
586 862 5
586 975 5
59 927 5
593 238 5
593 270 5
593 3972 5
593 513 5
595 1782 5
595 447 5
595 610 5
595 731 5
595 778 5
595 891 5
599 648 5
602 1347 5
602 3058 5
602 4200 5
605 1782 5
605 2143 5
605 3750 5
605 4010 5
605 456 5
605 465 5
605 497 5
605 545 5
605 563 5
605 610 5
605 635 5
605 664 5
61 248 5
61 250 5
61 826 5
610 1222 5
610 172 5
610 3679 5
610 371 5
610 400 5
610 412 5
610 455 5
610 476 5
610 505 5
610 579 5
610 623 5
610 721 5
610 801 5
610 98 5
615 1240 5
615 1320 5
615 2948 5
62 138 5
62 207 5
621 132 5
621 946 5
622 228 5
622 2987 5
622 3465 5
622 476 5
622 605 5
622 950 5
623 1117 5
623 13 5
623 207 5
623 211 5
623 3215 5
623 421 5
623 455 5
623 466 5
623 467 5
623 500 5
623 538 5
623 580 5
623 64 5
623 741 5
623 761 5
623 849 5
623 849 5
623 92 5
623 92 5
623 98 5
633 4261 5
634 112 5
634 3299 5
634 64 5
635 1108 5
635 13 5
635 2 5
635 211 5
635 3873 5
635 421 5
635 467 5
635 502 5
635 595 5
635 647 5
635 720 5
635 731 5
635 74 5
635 778 5
637 1025 5
637 1057 5
637 1118 5
637 1308 5
637 1339 5
637 1684 5
637 1908 5
637 242 5
637 272 5
637 3441 5
637 384 5
637 468 5
637 710 5
637 777 5
638 2643 5
638 640 5
639 1055 5
639 2288 5
64 104 5
64 1080 5
64 1197 5
64 1202 5
64 1549 5
64 1928 5
64 278 5
64 452 5
64 53 5
64 579 5
64 62 5
64 815 5
64 98 5
640 1100 5
640 4141 5
640 772 5
640 778 5
641 1881 5
641 734 5
642 1235 5
642 1235 5
642 1648 5
642 2200 5
642 3278 5
642 3607 5
642 482 5
642 800 5
643 127 5
643 2247 5
643 2380 5
643 3126 5
643 3342 5
643 36 5
643 3607 5
643 573 5
643 726 5
643 924 5
644 573 5
644 755 5
647 1711 5
647 3823 5
647 387 5
647 456 5
648 1836 5
648 2447 5
648 2884 5
648 4173 5
648 752 5
649 1608 5
649 1993 5
649 3584 5
649 3696 5
649 516 5
649 787 5
649 806 5
65 272 5
65 461 5
65 462 5
651 1235 5
651 1863 5
651 3266 5
651 4112 5
651 482 5
652 1103 5
652 2090 5
652 3647 5
652 3986 5
652 663 5
652 759 5
652 759 5
653 1108 5
653 1183 5
653 1201 5
653 172 5
653 30 5
653 3106 5
653 580 5
653 862 5
653 880 5
653 882 5
653 973 5
654 2675 5
654 30 5
654 30 5
654 3266 5
654 4119 5
654 456 5
654 573 5
654 663 5
654 761 5
655 2090 5
655 2785 5
655 3647 5
656 1117 5
656 129 5
656 132 5
656 1976 5
656 2995 5
656 352 5
656 3595 5
656 545 5
656 563 5
656 566 5
656 572 5
656 973 5
657 3646 5
657 652 5
659 1025 5
659 1184 5
659 1350 5
659 1397 5
659 2888 5
659 3083 5
659 3215 5
659 421 5
659 421 5
659 483 5
659 610 5
659 610 5
659 637 5
659 710 5
66 1889 5
66 2240 5
66 2681 5
66 337 5
66 3607 5
661 151 5
661 2368 5
661 494 5
661 579 5
661 893 5
662 4125 5
662 4127 5
662 4162 5
662 848 5
663 1735 5
663 2049 5
663 2823 5
664 2090 5
665 2002 5
671 1512 5
671 4223 5
672 2587 5
672 3049 5
673 1317 5
673 1393 5
673 1701 5
673 1871 5
673 1908 5
673 278 5
673 3194 5
673 3593 5
673 4155 5
673 42 5
673 461 5
673 516 5
673 580 5
673 637 5
673 637 5
673 659 5
673 720 5
673 777 5
673 833 5
674 1735 5
674 1971 5
674 2016 5
674 2049 5
674 30 5
674 652 5
674 654 5
683 3299 5
683 649 5
684 257 5
684 257 5
684 53 5
684 817 5
685 1415 5
685 1674 5
685 2555 5
685 3018 5
685 3451 5
687 1183 5
687 1625 5
687 1927 5
687 278 5
687 3762 5
687 3873 5
687 4115 5
687 653 5
689 1854 5
689 3575 5
689 3964 5
689 4001 5
689 4030 5
689 481 5
690 193 5
690 2179 5
690 2296 5
690 2711 5
691 2392 5
691 3451 5
691 3722 5
692 126 5
692 127 5
692 207 5
692 2163 5
692 2763 5
692 285 5
692 440 5
692 482 5
692 483 5
692 573 5
692 643 5
692 790 5
692 92 5
706 2111 5
706 3689 5
706 4093 5
708 1186 5
708 2231 5
708 891 5
71 4044 5
71 446 5
71 451 5
710 1007 5
710 1025 5
713 1117 5
713 2718 5
713 656 5
713 9 5
715 1153 5
715 1231 5
715 207 5
715 2655 5
715 721 5
717 1432 5
719 1885 5
719 2012 5
719 2813 5
719 3099 5
719 630 5
720 1057 5
720 1294 5
720 1557 5
720 1791 5
720 2079 5
720 2413 5
720 268 5
720 32 5
720 487 5
720 516 5
720 560 5
720 579 5
720 635 5
720 793 5
720 973 5
721 1052 5
721 1087 5
721 1201 5
721 2655 5
721 2718 5
721 287 5
721 976 5
725 1007 5
725 1271 5
725 317 5
725 3449 5
725 385 5
725 465 5
725 833 5
725 92 5
726 352 5
726 687 5
726 865 5
728 1108 5
728 130 5
728 14 5
728 14 5
728 412 5
728 443 5
731 1925 5
731 280 5
731 440 5
731 451 5
731 455 5
731 455 5
731 456 5
731 579 5
731 673 5
731 98 5
734 1095 5
736 116 5
736 188 5
736 2467 5
736 449 5
736 753 5
736 772 5
736 98 5
739 1029 5
739 2180 5
74 1054 5
74 1108 5
74 1782 5
74 1820 5
74 193 5
74 2013 5
74 3083 5
74 3524 5
74 3994 5
74 4006 5
74 461 5
74 56 5
74 983 5
740 260 5
740 376 5
740 691 5
741 1711 5
741 178 5
741 2255 5
741 371 5
741 476 5
741 880 5
742 1548 5
742 2110 5
742 3222 5
742 741 5
744 318 5
744 960 5
744 987 5
747 1772 5
747 3058 5
748 1014 5
748 1054 5
748 1057 5
748 1214 5
748 1215 5
748 1220 5
748 2392 5
748 260 5
748 3215 5
748 383 5
748 400 5
748 447 5
748 497 5
748 827 5
748 833 5
749 1975 5
749 3215 5
752 301 5
752 4173 5
752 4267 5
752 701 5
753 1131 5
753 2713 5
753 416 5
753 466 5
753 508 5
754 2546 5
755 4029 5
756 610 5
759 2090 5
759 2090 5
759 3986 5
759 4026 5
759 663 5
759 674 5
760 1648 5
761 1875 5
761 2166 5
761 3126 5
761 455 5
761 859 5
762 1235 5
762 1648 5
762 644 5
764 1 5
764 740 5
767 3259 5
772 104 5
772 207 5
773 557 5
774 302 5
777 1007 5
777 333 5
777 659 5
778 122 5
778 1677 5
778 2643 5
778 4141 5
778 510 5
778 734 5
778 772 5
778 849 5
780 1988 5
780 4125 5
783 1406 5
783 1578 5
783 1885 5
783 3018 5
783 404 5
783 60 5
787 2711 5
787 690 5
787 806 5
789 2 5
789 239 5
789 272 5
789 2987 5
789 362 5
789 461 5
789 65 5
789 790 5
79 115 5
79 1706 5
79 199 5
79 3215 5
79 502 5
79 64 5
79 74 5
79 749 5
79 833 5
790 2160 5
790 675 5
790 677 5
791 1853 5
791 2244 5
792 1228 5
792 1990 5
792 3867 5
793 1035 5
793 182 5
797 2330 5
797 374 5
797 376 5
797 4199 5
797 648 5
798 1025 5
798 1201 5
798 1933 5
798 3272 5
798 388 5
798 460 5
798 467 5
798 519 5
798 545 5
798 653 5
798 66 5
798 913 5
800 1235 5
800 1623 5
800 252 5
800 4009 5
800 816 5
800 859 5
801 13 5
801 211 5
801 280 5
801 371 5
801 371 5
801 439 5
801 545 5
801 586 5
803 2888 5
803 3679 5
803 4087 5
803 496 5
803 595 5
803 673 5
805 4154 5
806 164 5
806 1993 5
806 2447 5
806 302 5
806 599 5
806 752 5
807 1027 5
807 1035 5
807 1242 5
807 2600 5
807 454 5
807 720 5
807 886 5
807 925 5
808 1125 5
808 1239 5
808 1242 5
808 3240 5
808 447 5
808 925 5
815 1031 5
815 1130 5
815 4179 5
815 798 5
816 1648 5
816 187 5
816 3873 5
816 482 5
817 193 5
817 798 5
818 1406 5
818 1615 5
818 3 5
818 91 5
824 1925 5
824 3345 5
824 902 5
825 189 5
825 2463 5
825 2791 5
825 366 5
825 3921 5
825 3921 5
826 189 5
826 250 5
826 2747 5
826 2791 5
826 3567 5
826 4253 5
826 4257 5
826 61 5
827 1057 5
827 1180 5
827 1205 5
827 164 5
827 1822 5
827 1883 5
827 1985 5
827 2005 5
830 14 5
831 1568 5
831 165 5
831 1935 5
831 227 5
831 3095 5
831 3518 5
831 857 5
833 1108 5
833 17 5
833 1924 5
833 2067 5
833 2296 5
833 299 5
833 337 5
833 338 5
833 375 5
833 400 5
833 42 5
833 496 5
833 720 5
833 827 5
834 1675 5
834 3679 5
838 1711 5
838 2677 5
838 656 5
839 2020 5
84 3073 5
84 9 5
840 1272 5
840 2534 5
840 987 5
842 443 5
844 1082 5
844 2129 5
848 2833 5
848 3695 5
848 4100 5
848 4117 5
848 4135 5
848 4162 5
848 643 5
848 653 5
849 1117 5
849 13 5
849 188 5
849 2890 5
849 387 5
849 635 5
849 720 5
855 1646 5
855 2148 5
855 2819 5
855 3623 5
857 1243 5
857 1568 5
857 227 5
859 1623 5
859 2177 5
859 2200 5
859 252 5
860 1257 5
860 1722 5
861 112 5
861 1197 5
861 2990 5
861 92 5
862 1108 5
862 1210 5
862 1235 5
862 30 5
862 53 5
862 684 5
862 687 5
862 882 5
865 2719 5
865 3607 5
866 2813 5
866 3163 5
866 582 5
867 3656 5
868 2973 5
868 3408 5
87 1500 5
87 1537 5
87 3 5
87 453 5
87 89 5
87 91 5
879 148 5
879 1564 5
879 4018 5
879 789 5
88 1519 5
88 1829 5
88 2715 5
880 1013 5
880 1025 5
880 1108 5
880 1108 5
880 1201 5
880 1327 5
880 1505 5
880 2392 5
880 2574 5
880 447 5
880 456 5
880 623 5
880 731 5
880 741 5
880 798 5
882 2675 5
882 573 5
882 580 5
883 1099 5
883 1415 5
883 2145 5
883 234 5
883 2415 5
883 435 5
883 981 5
885 1131 5
885 1208 5
885 2631 5
885 692 5
886 234 5
886 385 5
89 1178 5
89 1538 5
89 334 5
89 447 5
89 481 5
89 519 5
891 2332 5
891 3465 5
893 2056 5
893 3951 5
893 4018 5
895 2063 5
895 3689 5
896 197 5
897 300 5
897 834 5
898 3679 5
898 4087 5
898 496 5
898 803 5
898 834 5
9 1035 5
9 1927 5
9 3201 5
9 3505 5
9 453 5
9 635 5
9 817 5
9 87 5
90 1439 5
90 2028 5
900 2121 5
900 3005 5
900 34 5
901 1797 5
902 1191 5
902 219 5
902 4090 5
904 127 5
904 3981 5
904 3982 5
904 3983 5
91 2237 5
91 3 5
91 3 5
91 3458 5
91 3645 5
91 3645 5
91 4187 5
91 9 5
910 104 5
910 4060 5
913 1108 5
913 1202 5
913 1257 5
913 13 5
913 130 5
913 1791 5
913 2240 5
913 251 5
913 2626 5
913 275 5
913 280 5
913 387 5
913 3873 5
914 1184 5
914 23 5
914 514 5
914 630 5
914 64 5
92 1482 5
92 1597 5
92 1684 5
92 1782 5
92 207 5
92 211 5
92 223 5
92 2574 5
92 299 5
92 3237 5
92 330 5
92 460 5
92 483 5
92 497 5
92 623 5
92 64 5
92 692 5
92 742 5
924 285 5
925 1787 5
925 3623 5
925 3644 5
925 4061 5
925 4062 5
926 1768 5
926 2170 5
927 109 5
930 1278 5
930 88 5
931 1290 5
933 108 5
933 1335 5
933 2463 5
933 2773 5
933 340 5
938 1544 5
938 2073 5
938 2078 5
941 2755 5
941 3204 5
941 360 5
941 670 5
946 2209 5
946 3269 5
95 2309 5
95 3943 5
950 272 5
950 32 5
950 468 5
950 53 5
950 605 5
950 803 5
950 834 5
950 92 5
952 322 5
952 537 5
955 1032 5
955 560 5
956 1066 5
956 1112 5
956 1418 5
956 2496 5
956 3369 5
956 409 5
959 201 5
959 2071 5
959 418 5
960 189 5
960 403 5
961 1212 5
961 2681 5
961 4165 5
965 783 5
968 1080 5
968 1197 5
968 259 5
968 3969 5
968 741 5
973 1108 5
973 14 5
973 2778 5
973 3633 5
973 371 5
973 54 5
973 56 5
973 563 5
973 580 5
973 728 5
973 862 5
975 2055 5
975 2311 5
976 1482 5
976 3679 5
976 725 5
976 849 5
98 112 5
98 1711 5
98 172 5
98 1791 5
98 1925 5
98 1927 5
98 1933 5
98 275 5
98 387 5
98 4 5
98 4021 5
98 455 5
98 456 5
98 467 5
98 53 5
98 537 5
98 610 5
98 635 5
98 637 5
98 687 5
98 74 5
98 92 5
981 1016 5
981 1257 5
981 1482 5
981 228 5
981 3679 5
981 384 5
981 647 5
983 1025 5
983 1027 5
983 1166 5
983 1231 5
983 1421 5
983 1927 5
983 2255 5
983 2316 5
983 2574 5
983 423 5
983 440 5
983 467 5
983 537 5
983 92 5
987 2033 5
987 463 5
989 2244 5
989 237 5
989 3338 5
991 1031 5
991 602 5
992 3106 5
993 1125 5
993 1538 5
997 408 5
997 933 5
997 960 5
1 1363 6
1 1615 6
1 3644 6
1 4477 6
1007 132 6
1007 1582 6
1007 1747 6
1007 1926 6
1007 255 6
1007 264 6
1007 3240 6
1007 3771 6
1007 710 6
1008 1088 6
1008 1178 6
1008 2 6
1008 3240 6
1008 637 6
1008 748 6
101 152 6
101 223 6
101 39 6
101 4540 6
101 4542 6
101 46 6
1013 1166 6
1013 207 6
1013 3713 6
1013 720 6
1013 803 6
1013 879 6
1014 1076 6
1014 690 6
1016 807 6
1016 83 6
102 3135 6
102 4362 6
102 712 6
1025 1308 6
1025 1711 6
1025 1711 6
1025 1791 6
1025 1796 6
1025 1933 6
1025 2076 6
1025 371 6
1025 371 6
1025 455 6
1025 461 6
1025 741 6
1025 798 6
1025 914 6
1025 92 6
1025 98 6
1026 1169 6
1026 158 6
1026 2076 6
1026 2555 6
1026 33 6
1026 3708 6
1027 2765 6
1027 452 6
1027 731 6
1027 807 6
1027 818 6
1027 913 6
1028 1624 6
1029 1217 6
1029 1228 6
1029 2392 6
1029 3867 6
1029 4030 6
1029 485 6
1030 2296 6
1030 337 6
1033 2380 6
1033 467 6
1034 1033 6
1035 1008 6
1035 1066 6
1035 142 6
1035 2170 6
1035 2259 6
1035 3108 6
1035 516 6
1051 1363 6
1051 1802 6
1051 2765 6
1054 746 6
1056 1179 6
1056 1383 6
1056 1960 6
1056 2006 6
1056 2810 6
1056 3056 6
1056 3484 6
1056 4030 6
1057 1029 6
1057 1206 6
1057 2374 6
1057 3056 6
1057 3108 6
1057 3593 6
1061 1180 6
1061 1220 6
1061 2392 6
1061 485 6
1065 1580 6
1065 721 6
1066 440 6
1066 741 6
1076 2179 6
1076 2919 6
1076 4546 6
108 991 6
1080 1327 6
1081 3101 6
1082 124 6
1082 2055 6
1082 2259 6
1082 2310 6
1082 3752 6
1082 720 6
1082 778 6
1083 2067 6
1087 1117 6
1087 1153 6
1087 1201 6
1087 3465 6
1087 366 6
1088 1095 6
1088 1131 6
1088 1578 6
1088 1908 6
1088 1997 6
1088 3934 6
1088 3990 6
1088 4396 6
1088 685 6
109 1278 6
109 4508 6
109 933 6
1090 1201 6
1090 1228 6
1090 2374 6
1090 393 6
1090 485 6
1095 2887 6
1095 3990 6
1095 4396 6
1095 465 6
1095 482 6
1095 876 6
1098 2328 6
1098 4018 6
1099 171 6
1101 537 6
1104 1548 6
1104 1549 6
1104 1997 6
1104 514 6
1108 1025 6
1108 1027 6
1108 1791 6
1108 211 6
1108 2574 6
1108 280 6
1108 280 6
1108 2836 6
1108 371 6
1108 371 6
1108 412 6
1108 537 6
1108 580 6
1108 801 6
1108 913 6
1109 3884 6
111 3592 6
111 4028 6
1114 2328 6
1114 515 6
1117 1231 6
1117 1623 6
1117 1925 6
1117 1927 6
1117 2090 6
1117 272 6
1117 3085 6
1117 3232 6
1117 3755 6
1117 387 6
1117 387 6
1117 4003 6
1117 801 6
1117 822 6
1117 910 6
1118 1957 6
1118 4001 6
112 14 6
112 172 6
112 2 6
112 2031 6
112 2160 6
112 2521 6
112 3085 6
112 352 6
112 387 6
112 414 6
112 456 6
112 508 6
112 53 6
112 530 6
112 586 6
112 588 6
112 838 6
1123 18 6
1123 2765 6
1123 4476 6
1123 91 6
1123 953 6
1125 1178 6
1125 1241 6
1125 2555 6
113 1056 6
113 1179 6
113 393 6
113 481 6
1131 1245 6
1131 1355 6
1131 1578 6
1131 1826 6
1131 1871 6
1131 1908 6
1131 2076 6
1131 2555 6
1131 2574 6
1131 573 6
1131 849 6
1132 1933 6
114 127 6
114 299 6
114 3037 6
114 387 6
114 4605 6
1143 1153 6
1143 3465 6
1146 330 6
1148 1997 6
1148 2055 6
1148 421 6
1148 4308 6
115 104 6
115 1675 6
115 2722 6
115 3230 6
115 3838 6
115 4417 6
115 77 6
115 77 6
1153 3465 6
1153 4269 6
1160 1178 6
1160 1205 6
1160 1597 6
1160 1842 6
1160 497 6
1160 746 6
1163 2677 6
1164 3170 6
1164 3422 6
1164 652 6
1166 1007 6
1166 2232 6
1166 2631 6
1166 3604 6
1166 400 6
1166 4295 6
1166 496 6
1166 748 6
1167 114 6
1167 1440 6
1167 1450 6
1167 2316 6
1167 4296 6
1167 4328 6
1167 4531 6
1167 456 6
1167 557 6
1167 981 6
1167 997 6
1168 1424 6
1168 2310 6
1169 1088 6
1169 1095 6
1169 3380 6
1169 36 6
1169 3990 6
1169 461 6
1169 736 6
117 1563 6
1170 1090 6
1170 1228 6
1170 448 6
1173 3762 6
1173 452 6
1173 64 6
1174 1548 6
1174 1706 6
1174 3742 6
1174 4532 6
1174 4533 6
1174 6 6
1174 621 6
1174 623 6
1174 64 6
1177 1201 6
1177 127 6
1177 2006 6
1177 2409 6
1177 3525 6
1177 357 6
1177 3913 6
1177 461 6
1177 573 6
1177 803 6
1177 833 6
1177 92 6
1178 1035 6
1178 1051 6
1178 1160 6
1178 1167 6
1178 1241 6
1178 1257 6
1178 1362 6
1178 3240 6
1178 3242 6
1178 3271 6
1178 3623 6
1178 3708 6
1178 4001 6
1178 710 6
1178 783 6
1178 808 6
1178 89 6
1179 1030 6
1179 3056 6
1179 748 6
1179 748 6
1179 787 6
1179 827 6
118 1290 6
118 2939 6
1180 1054 6
1180 1213 6
1180 2392 6
1180 383 6
1180 3867 6
1181 151 6
1181 2006 6
1181 439 6
1183 1438 6
1183 1556 6
1183 1719 6
1183 1735 6
1183 2307 6
1183 3143 6
1183 3520 6
1183 3630 6
1183 798 6
1183 897 6
1183 913 6
1183 983 6
1184 1177 6
1184 2172 6
1184 3650 6
1184 4073 6
1184 487 6
1184 610 6
1184 692 6
1184 753 6
1185 827 6
1186 2055 6
1186 487 6
1188 1989 6
1188 3695 6
1188 3782 6
1191 234 6
1191 3215 6
1191 349 6
1191 3802 6
1191 54 6
1192 1823 6
1192 2116 6
1192 2618 6
1192 2986 6
1197 1184 6
1197 129 6
1197 2247 6
1197 299 6
1197 42 6
1197 461 6
1197 798 6
1199 485 6
12 1087 6
12 224 6
12 3465 6
12 366 6
12 77 6
1200 1164 6
1200 3170 6
1200 3422 6
1201 1056 6
1201 1087 6
1201 12 6
1201 1226 6
1201 1313 6
1201 165 6
1201 1747 6
1201 1960 6
1201 202 6
1201 2101 6
1201 224 6
1201 2464 6
1201 2478 6
1201 2549 6
1201 272 6
1201 3018 6
1201 3098 6
1201 3227 6
1201 3326 6
1201 3940 6
1201 4281 6
1201 4442 6
1201 461 6
1201 610 6
1201 637 6
1201 664 6
1201 833 6
1202 1025 6
1202 1131 6
1202 1166 6
1202 1355 6
1202 487 6
1202 500 6
1203 1199 6
1203 1822 6
1203 825 6
1205 2005 6
1205 393 6
1205 4001 6
1205 4153 6
1205 89 6
1206 2392 6
1206 3867 6
1206 4030 6
1206 4031 6
1206 4437 6
1208 2326 6
1210 126 6
1210 2719 6
1210 3844 6
1210 3857 6
1210 610 6
1210 682 6
1210 687 6
1211 187 6
1212 2708 6
1213 1057 6
1213 1985 6
1213 3869 6
1213 4031 6
1214 2055 6
1214 3295 6
1214 3908 6
1216 2011 6
1216 2413 6
1216 3077 6
1216 510 6
1217 1203 6
1217 2739 6
1217 400 6
1218 3219 6
122 2067 6
122 32 6
122 3250 6
122 643 6
122 664 6
1220 1054 6
1220 1090 6
1220 2392 6
1220 497 6
1220 516 6
1221 185 6
1221 335 6
1221 701 6
1226 2722 6
1226 357 6
1226 4457 6
1226 4498 6
1226 4626 6
1226 509 6
1226 521 6
1228 1491 6
1228 2155 6
1228 260 6
1228 485 6
1228 516 6
1228 746 6
123 2911 6
123 4439 6
1231 207 6
1232 1976 6
1232 32 6
1232 3245 6
1232 3548 6
1232 61 6
1232 66 6
1232 670 6
1235 326 6
1235 335 6
1235 4298 6
1235 692 6
1235 914 6
1236 691 6
1239 1130 6
1239 3201 6
1239 340 6
1239 808 6
1239 993 6
124 1169 6
124 1202 6
124 1254 6
124 1308 6
124 1675 6
124 256 6
124 418 6
124 64 6
124 673 6
1241 1363 6
1241 1473 6
1241 3623 6
1241 925 6
1244 264 6
1244 3593 6
1244 579 6
1245 1007 6
1245 13 6
1245 132 6
1245 1623 6
1245 188 6
1245 1925 6
1245 1926 6
1245 207 6
1245 255 6
1245 2574 6
1245 461 6
1245 801 6
1246 1440 6
1246 2796 6
1246 4270 6
125 128 6
125 152 6
125 3037 6
125 39 6
125 4547 6
1250 321 6
1250 488 6
1251 4224 6
1252 1488 6
1252 1644 6
1252 242 6
1252 595 6
1253 4312 6
1253 971 6
1254 4019 6
1257 1302 6
1257 14 6
1257 2170 6
1257 2973 6
1257 451 6
1257 807 6
126 1677 6
126 207 6
126 228 6
126 2297 6
126 326 6
126 449 6
1265 1298 6
1267 1560 6
1267 3090 6
1267 453 6
1268 2731 6
127 2681 6
127 3038 6
127 3135 6
127 349 6
127 38 6
127 4357 6
127 4541 6
127 46 6
127 595 6
127 621 6
1271 299 6
1271 3774 6
1271 3890 6
1275 1356 6
128 101 6
128 147 6
128 3112 6
128 3113 6
128 3120 6
128 621 6
1280 1191 6
1280 25 6
1280 4270 6
1281 1777 6
1281 2607 6
1283 3833 6
1283 95 6
1284 425 6
1285 3695 6
1285 4505 6
1285 897 6
1286 2021 6
1289 3835 6
1289 3951 6
129 4596 6
129 519 6
129 74 6
129 753 6
1294 1027 6
1295 1449 6
1295 3608 6
1295 4295 6
1298 1927 6
1298 467 6
1298 710 6
1298 736 6
1299 1285 6
1299 1843 6
1299 3559 6
13 1025 6
13 1108 6
13 1791 6
13 272 6
13 371 6
13 461 6
13 98 6
130 1245 6
130 1712 6
130 195 6
130 1963 6
130 251 6
130 251 6
130 2574 6
130 3143 6
130 3215 6
130 3940 6
130 414 6
130 973 6
130 983 6
1301 1438 6
1301 2316 6
1302 1794 6
1302 272 6
1303 1630 6
1303 2006 6
1307 1245 6
1307 3018 6
1307 500 6
1307 720 6
1308 1025 6
1308 1393 6
1308 1908 6
1308 3650 6
1308 3705 6
1308 487 6
1308 720 6
1308 734 6
1308 798 6
131 2225 6
131 2593 6
1311 1723 6
1311 3520 6
1311 4221 6
1313 2257 6
1313 255 6
1313 3541 6
1314 2487 6
1317 1460 6
1317 569 6
1318 2915 6
1318 3417 6
132 1027 6
132 1926 6
132 255 6
132 3317 6
132 371 6
132 803 6
132 831 6
132 92 6
132 921 6
1323 1026 6
1323 1753 6
1326 1370 6
1326 2697 6
1327 1921 6
1327 2652 6
1327 4410 6
1327 4480 6
133 237 6
133 24 6
133 4536 6
1335 2497 6
1339 1808 6
1343 1007 6
1343 1397 6
1343 1479 6
1350 1489 6
1352 3641 6
1352 4475 6
1352 4528 6
1355 64 6
1355 798 6
1355 849 6
1355 98 6
1357 1254 6
1361 2207 6
1361 3735 6
1362 1007 6
1363 793 6
1365 3785 6
1366 3813 6
137 499 6
137 824 6
1371 1723 6
1371 4491 6
1373 1390 6
1373 1513 6
1374 1289 6
1374 2145 6
1374 2521 6
1375 4221 6
1379 1869 6
1379 3342 6
138 1926 6
138 2555 6
138 605 6
138 783 6
1380 2196 6
1380 3593 6
1380 452 6
1381 1814 6
1381 2751 6
1381 458 6
1383 1203 6
1383 2739 6
1383 312 6
1383 3484 6
1383 825 6
1385 2233 6
1386 2613 6
1390 1702 6
1393 124 6
1393 1355 6
1393 207 6
1394 1612 6
1394 1758 6
1394 2597 6
1394 304 6
1395 1286 6
1395 2021 6
1397 1621 6
1397 2023 6
1397 519 6
1398 1475 6
1398 1482 6
1398 1595 6
1398 1727 6
1399 447 6
1399 808 6
1399 925 6
14 1430 6
14 2836 6
14 36 6
14 561 6
14 684 6
1400 3598 6
1401 3731 6
1401 3756 6
1401 638 6
1406 1345 6
1406 2735 6
1406 3644 6
1406 4477 6
1406 793 6
1408 4307 6
1416 2611 6
1416 3419 6
1416 4491 6
1418 1201 6
1418 1257 6
1418 2170 6
1418 860 6
142 1181 6
142 720 6
1421 1621 6
1421 1869 6
1421 238 6
1421 2796 6
1422 1553 6
1422 569 6
1424 1082 6
1424 4283 6
1424 864 6
1424 872 6
1426 3805 6
1428 1301 6
1428 2316 6
1428 3242 6
1428 3801 6
1430 1794 6
1430 1944 6
1430 2467 6
1430 2502 6
1430 2525 6
1430 950 6
1431 3340 6
1432 3099 6
1438 1428 6
1438 147 6
1438 3143 6
1438 4041 6
1440 2328 6
1440 3525 6
1440 53 6
1440 6 6
1443 1677 6
1443 976 6
1449 1095 6
1449 36 6
1449 3787 6
145 115 6
145 133 6
145 237 6
145 314 6
145 3460 6
145 4018 6
145 4585 6
1450 2400 6
1458 1489 6
1459 3770 6
1459 4313 6
1460 1553 6
1461 1636 6
1461 2391 6
1461 2443 6
1461 3406 6
1461 3535 6
1464 3450 6
1464 3454 6
1466 1568 6
1466 1939 6
1466 2903 6
1466 3101 6
1466 3830 6
1466 959 6
147 191 6
147 2255 6
147 2767 6
147 3135 6
147 383 6
147 4285 6
147 4604 6
147 696 6
1470 108 6
1470 1239 6
1470 747 6
1472 109 6
1473 993 6
1475 1421 6
1475 3757 6
1475 891 6
1479 423 6
148 1088 6
148 1131 6
148 1645 6
148 1908 6
148 3150 6
148 3215 6
148 71 6
1480 1380 6
1480 1926 6
1480 2549 6
1480 731 6
1482 1235 6
1482 1671 6
1482 3771 6
1482 595 6
1482 891 6
1485 1365 6
1485 3244 6
1488 248 6
1488 3066 6
1488 569 6
1489 1645 6
1489 2429 6
149 1035 6
149 1747 6
149 2255 6
149 330 6
149 595 6
1491 2006 6
1491 3871 6
1491 4534 6
1497 1794 6
1498 3077 6
1498 3582 6
1498 4257 6
1498 4522 6
1500 1470 6
1500 4490 6
1500 4512 6
1501 1675 6
1501 4454 6
1506 2986 6
1506 3753 6
151 3462 6
151 449 6
1512 1733 6
1512 2697 6
1516 1644 6
1518 4321 6
1519 1601 6
1519 310 6
1519 360 6
1519 4176 6
152 269 6
152 3120 6
152 4542 6
152 4547 6
1522 118 6
1522 1400 6
1522 1406 6
1529 112 6
1529 1202 6
1529 1226 6
1529 14 6
1529 2011 6
1529 3326 6
1529 3524 6
1529 371 6
1529 414 6
1529 543 6
1529 753 6
1529 849 6
1529 880 6
153 162 6
153 1944 6
153 2927 6
153 3514 6
1532 1785 6
1532 2876 6
1532 4234 6
1533 1245 6
1533 132 6
1533 1926 6
1533 3319 6
1533 449 6
1537 1239 6
1537 1473 6
1544 2063 6
1544 3010 6
1544 855 6
1545 1007 6
1545 187 6
1545 3099 6
1547 2867 6
1547 4369 6
1548 148 6
1548 1549 6
1548 1684 6
1548 1711 6
1548 1908 6
1548 2763 6
1548 2872 6
1548 3108 6
1548 3150 6
1549 1684 6
1549 2872 6
1549 3222 6
1549 514 6
155 3743 6
155 862 6
1550 1712 6
1550 2867 6
1553 1644 6
1553 242 6
1556 2307 6
1556 848 6
1557 1286 6
1557 664 6
1557 742 6
1558 3359 6
1559 610 6
1560 327 6
1560 3598 6
1562 1007 6
1562 2255 6
1563 3642 6
1564 1380 6
1564 1480 6
1564 202 6
1564 2467 6
1564 563 6
1564 637 6
1564 659 6
1566 1623 6
1568 2071 6
1568 2405 6
157 1221 6
157 159 6
157 2085 6
157 2891 6
157 334 6
157 335 6
157 701 6
157 833 6
1576 1737 6
1576 671 6
1578 148 6
1578 1908 6
1578 685 6
158 1327 6
158 2555 6
158 4410 6
158 4480 6
158 574 6
158 833 6
1580 1357 6
1581 2408 6
1581 3009 6
1582 1600 6
1586 824 6
159 185 6
159 334 6
159 833 6
1590 1643 6
1590 4516 6
1592 1747 6
1592 2862 6
1592 4373 6
1594 1280 6
1594 3770 6
1594 653 6
1595 1963 6
1595 4302 6
1597 1035 6
1597 1174 6
1597 1480 6
1597 53 6
1597 573 6
1597 595 6
1597 720 6
1597 913 6
1600 483 6
1601 1352 6
1601 1500 6
1607 3788 6
1607 3805 6
1607 696 6
1608 199 6
1608 2373 6
1608 2631 6
1608 3457 6
1608 946 6
1609 3990 6
1609 4214 6
1609 509 6
1615 1966 6
1615 309 6
1615 4477 6
1615 516 6
1618 1653 6
1618 1723 6
1619 1178 6
1619 2930 6
1619 3108 6
1619 955 6
162 1430 6
162 153 6
162 4351 6
162 499 6
1621 1178 6
1621 1479 6
1621 1926 6
1621 483 6
1623 259 6
1623 3342 6
1623 383 6
1623 736 6
1624 2179 6
1624 3203 6
1624 395 6
1624 819 6
1630 2445 6
1630 3462 6
1630 848 6
1631 201 6
1631 3757 6
1634 3756 6
1634 4322 6
1636 2317 6
1636 2391 6
1637 1636 6
1637 281 6
164 1221 6
164 157 6
164 1866 6
164 2006 6
164 2891 6
164 4030 6
164 627 6
164 740 6
1641 1371 6
1641 1618 6
1641 1746 6
1641 3858 6
1642 1513 6
1642 1569 6
1643 2033 6
1644 1460 6
1645 1131 6
1645 1350 6
1645 1578 6
1645 1757 6
1645 1814 6
1645 1871 6
1646 1036 6
1646 2097 6
1646 2134 6
1646 3010 6
165 1975 6
165 300 6
165 4390 6
1651 2476 6
1653 281 6
1653 612 6
1658 1235 6
1658 3470 6
1662 3406 6
1666 4324 6
1667 1643 6
1667 2487 6
1667 2969 6
1668 1558 6
1671 4326 6
1672 207 6
1675 3230 6
1675 3524 6
1675 4307 6
1676 127 6
1677 1183 6
1677 1928 6
1677 2 6
1677 3136 6
1677 3782 6
1677 4115 6
1677 54 6
1677 557 6
1684 1104 6
1684 1327 6
1684 1548 6
1684 2652 6
1684 2872 6
1684 3680 6
1684 3835 6
1684 487 6
169 1290 6
169 2497 6
1692 1532 6
1692 1937 6
1692 2957 6
1695 1186 6
1695 3788 6
17 165 6
17 327 6
17 335 6
17 4173 6
17 53 6
1702 3066 6
1703 1161 6
1704 1373 6
1704 1576 6
1704 1737 6
1706 3742 6
1706 4532 6
1709 132 6
1709 1459 6
1709 237 6
1709 4317 6
1709 447 6
1709 849 6
171 1194 6
171 1719 6
171 200 6
171 2071 6
171 2099 6
171 2101 6
171 3098 6
171 33 6
171 3523 6
1711 1104 6
1711 1169 6
1711 1183 6
1711 1495 6
1711 2247 6
1711 2872 6
1711 461 6
1711 516 6
1711 721 6
1711 815 6
1711 880 6
1712 1173 6
1715 1567 6
1719 188 6
1719 36 6
1719 3890 6
1719 692 6
172 1117 6
172 112 6
172 127 6
172 1908 6
172 2 6
172 2240 6
172 251 6
172 2763 6
172 352 6
172 545 6
172 90 6
1722 4200 6
1723 3393 6
1723 3855 6
1727 1174 6
1727 4271 6
1728 4333 6
1735 1677 6
1735 2307 6
1735 2992 6
1735 3762 6
1735 54 6
1735 848 6
1737 671 6
174 115 6
174 3057 6
1741 1513 6
1746 1609 6
1746 1723 6
1747 3422 6
1747 3441 6
1747 4108 6
1747 950 6
1750 108 6
1750 1123 6
1752 1311 6
1752 2326 6
1753 264 6
1753 926 6
1757 1350 6
1757 1489 6
1765 109 6
1765 4190 6
1772 3641 6
1772 4500 6
1776 468 6
1777 1653 6
1777 2607 6
1777 2904 6
1777 710 6
1778 3890 6
178 188 6
178 1928 6
178 2677 6
1782 2400 6
1782 2445 6
1782 507 6
1782 710 6
1785 1692 6
1785 1937 6
1785 2454 6
1787 283 6
1789 1422 6
1789 2917 6
1791 1108 6
1791 280 6
1791 537 6
1791 545 6
1791 789 6
1791 801 6
1791 801 6
1791 913 6
1791 92 6
1794 2927 6
1794 395 6
1794 4379 6
1796 2373 6
1796 959 6
1798 2956 6
1798 4239 6
1799 1930 6
1799 418 6
18 2468 6
18 2765 6
18 3201 6
1802 1500 6
1802 2765 6
1802 310 6
1808 1702 6
1808 4514 6
1809 162 6
1809 4089 6
1814 248 6
1814 2735 6
182 855 6
1820 1221 6
1820 157 6
1820 2891 6
1820 701 6
1822 1029 6
1822 1185 6
1823 200 6
1823 3652 6
1826 3195 6
1826 900 6
1828 3623 6
1828 4487 6
1829 1240 6
1829 1356 6
1829 1937 6
1829 2033 6
1836 4199 6
1841 4327 6
1841 837 6
1842 1201 6
1842 1871 6
1842 1927 6
1842 299 6
1842 3009 6
1843 3695 6
1843 4505 6
1843 897 6
1846 2237 6
1846 238 6
1846 2702 6
1846 2708 6
1846 449 6
185 157 6
185 157 6
185 164 6
185 1820 6
185 2085 6
185 2891 6
1851 1212 6
1851 2706 6
1851 5 6
1851 968 6
1854 1711 6
1854 2305 6
1854 305 6
1854 4410 6
186 193 6
186 3232 6
186 3592 6
186 3600 6
186 3706 6
186 4080 6
186 4596 6
186 521 6
1860 3966 6
1860 4353 6
1860 596 6
1861 133 6
1861 2288 6
1861 4394 6
1861 4395 6
1861 4404 6
1863 124 6
1863 1623 6
1863 2090 6
1866 1976 6
1866 2296 6
1869 2255 6
1869 3143 6
1869 595 6
187 202 6
187 2705 6
187 285 6
187 4322 6
187 741 6
1870 3023 6
1871 148 6
1871 1480 6
1871 1908 6
1871 685 6
188 1167 6
188 1197 6
188 1307 6
188 1557 6
188 227 6
188 2723 6
188 3018 6
188 623 6
188 720 6
188 920 6
1883 400 6
1883 42 6
1883 497 6
1889 1033 6
1889 1298 6
1889 1925 6
1889 1998 6
1889 275 6
1889 440 6
1889 467 6
189 1178 6
189 1313 6
189 1925 6
189 2073 6
189 270 6
189 2791 6
189 3317 6
189 3554 6
189 956 6
189 96 6
1890 2132 6
1908 1088 6
1908 1235 6
1908 124 6
1908 1645 6
1908 1926 6
1908 1927 6
1908 2555 6
1908 412 6
1908 748 6
191 3450 6
1910 1286 6
1910 1557 6
1910 2551 6
1910 742 6
1921 3150 6
1921 4249 6
1925 1245 6
1925 1479 6
1925 1621 6
1925 3316 6
1925 455 6
1925 736 6
1925 98 6
1926 1008 6
1926 1088 6
1926 1160 6
1926 1244 6
1926 207 6
1926 2196 6
1926 2904 6
1926 748 6
1927 1117 6
1927 1355 6
1927 1623 6
1927 1889 6
1927 1889 6
1927 2320 6
1927 275 6
1927 3608 6
1927 3608 6
1927 467 6
1927 66 6
1927 736 6
1927 98 6
1928 1623 6
1928 3754 6
1928 92 6
1928 921 6
1928 959 6
1929 147 6
1929 4285 6
1929 83 6
193 2723 6
193 28 6
193 3077 6
193 4049 6
193 4057 6
193 4183 6
193 566 6
193 684 6
193 728 6
1931 4047 6
1933 2892 6
1933 3309 6
1933 357 6
1933 577 6
1933 950 6
1934 2677 6
1937 1532 6
1937 2957 6
1937 3099 6
1939 200 6
1939 2051 6
1939 959 6
1944 1794 6
1944 4379 6
1944 499 6
1949 451 6
1949 637 6
1949 955 6
195 330 6
1953 304 6
1957 220 6
1957 229 6
1957 257 6
1957 64 6
1963 1000 6
1963 102 6
1963 1254 6
1963 3777 6
1963 849 6
1966 1406 6
1966 793 6
197 136 6
197 2070 6
197 4414 6
1971 2414 6
1975 1993 6
1975 806 6
1976 2296 6
1976 302 6
1976 4270 6
1976 4271 6
1976 536 6
1979 1383 6
1981 1735 6
1981 4018 6
1981 54 6
1983 2515 6
1983 3220 6
1983 4548 6
1985 227 6
1985 260 6
1985 3869 6
1985 3991 6
1985 4487 6
1985 574 6
1989 2782 6
1989 3782 6
199 104 6
199 115 6
199 12 6
199 174 6
199 2109 6
199 2259 6
199 77 6
1990 1217 6
1993 17 6
1993 327 6
1993 335 6
1993 806 6
1997 1007 6
1997 1908 6
1997 1908 6
1997 1979 6
1997 1985 6
1997 300 6
1997 910 6
1998 2380 6
1998 467 6
2 112 6
2 1677 6
2 2028 6
2 3776 6
2 477 6
2 545 6
2 580 6
2 639 6
2 64 6
2 673 6
20 147 6
200 1099 6
200 1166 6
200 122 6
200 2067 6
200 2076 6
200 2101 6
200 2121 6
200 3520 6
200 3771 6
200 563 6
200 883 6
200 900 6
2005 1179 6
2005 2296 6
2005 393 6
2005 89 6
2006 1029 6
2006 113 6
2006 1175 6
2006 1179 6
2006 1213 6
2006 1257 6
2006 2143 6
2006 2372 6
2006 25 6
2006 3240 6
2006 3406 6
2006 3593 6
2006 4001 6
2006 42 6
2006 685 6
2006 748 6
2006 827 6
2006 950 6
201 171 6
201 2763 6
201 2986 6
201 3743 6
201 3762 6
201 891 6
2011 193 6
2011 2805 6
2011 412 6
2011 508 6
202 207 6
202 2192 6
202 2247 6
202 2935 6
202 2943 6
202 3130 6
202 53 6
202 563 6
202 589 6
202 98 6
2020 4579 6
2020 4586 6
2021 1557 6
2021 1910 6
2023 1343 6
2023 1621 6
2023 931 6
2028 172 6
2028 3989 6
2028 90 6
2028 952 6
2031 443 6
2031 4594 6
2032 2189 6
2032 2310 6
2032 4449 6
2032 4450 6
2032 4456 6
2032 465 6
2033 1937 6
2035 4622 6
2035 945 6
2040 1630 6
2040 2157 6
2040 400 6
2040 98 6
2050 398 6
2050 4440 6
2051 200 6
2051 33 6
2051 418 6
2051 736 6
2054 1930 6
2054 2139 6
2055 1056 6
2055 1424 6
2055 256 6
2055 2699 6
2055 4283 6
2055 864 6
2055 872 6
2057 219 6
2057 2551 6
2063 2054 6
2067 1026 6
2067 1192 6
2067 1711 6
2067 1933 6
2067 2069 6
2067 219 6
2067 227 6
2067 2380 6
2067 2867 6
2067 3593 6
2067 621 6
2067 92 6
2069 2099 6
2069 2112 6
207 112 6
207 1957 6
207 220 6
207 229 6
207 257 6
207 64 6
207 798 6
207 801 6
207 950 6
2070 2145 6
2071 2143 6
2071 32 6
2073 2063 6
2073 25 6
2073 259 6
2075 4139 6
2075 752 6
2076 1194 6
2076 1568 6
2076 201 6
2076 202 6
2076 256 6
2076 3326 6
2078 1835 6
2078 2448 6
2079 1183 6
2079 1194 6
2079 171 6
2079 2099 6
2079 214 6
2085 159 6
2085 833 6
2088 2087 6
2089 2076 6
2090 30 6
2090 30 6
2090 30 6
2090 4277 6
2090 652 6
2090 654 6
2090 655 6
2090 663 6
2094 2092 6
2094 2131 6
2097 2105 6
2097 2139 6
21 4284 6
21 56 6
21 725 6
2101 171 6
2101 1796 6
2101 2259 6
2101 227 6
2101 3752 6
2101 605 6
2102 1823 6
2105 3652 6
2107 2139 6
2109 1890 6
2109 2089 6
2109 2120 6
211 1108 6
211 1791 6
211 371 6
211 3873 6
211 412 6
211 456 6
211 610 6
211 659 6
211 801 6
2112 1826 6
2116 200 6
2116 201 6
2116 2138 6
2119 2102 6
2119 2109 6
2119 2120 6
212 1601 6
212 815 6
2121 1183 6
2121 456 6
2121 900 6
2123 2096 6
2123 2107 6
2123 2448 6
2124 2996 6
2129 4340 6
2129 4471 6
2132 2109 6
2134 1192 6
2134 1615 6
2134 310 6
2134 3752 6
2137 2094 6
2137 2148 6
2137 3005 6
2138 2054 6
2138 2131 6
2138 2150 6
2138 3006 6
2141 3596 6
2141 4574 6
2141 4610 6
2141 465 6
2143 1082 6
2143 124 6
2143 1608 6
2143 2067 6
2143 2079 6
2143 2380 6
2143 3520 6
2143 807 6
2145 1719 6
2145 2402 6
2146 1608 6
2146 2116 6
2148 1544 6
2149 1799 6
2149 2003 6
215 304 6
2150 2107 6
2150 3652 6
2150 4419 6
2155 1491 6
2155 4030 6
2157 3126 6
2160 1131 6
2160 4355 6
2160 687 6
2163 3873 6
2170 4164 6
2170 503 6
2172 2867 6
2172 2901 6
2172 4001 6
2172 487 6
2176 112 6
2179 2305 6
2179 2331 6
2179 2919 6
2179 3871 6
2179 4134 6
2188 3529 6
2188 4489 6
2188 4582 6
2188 4610 6
2188 4611 6
2189 2478 6
2189 3232 6
2189 4446 6
219 131 6
219 1548 6
219 1939 6
219 200 6
219 234 6
219 3523 6
219 418 6
219 595 6
2193 2694 6
2193 4617 6
2196 1533 6
2196 202 6
2196 637 6
2196 955 6
220 229 6
220 62 6
2200 143 6
2200 4346 6
2203 4145 6
2203 644 6
2203 692 6
2209 1167 6
2209 269 6
2209 39 6
2209 4550 6
2214 2230 6
2214 3816 6
2221 2233 6
2221 227 6
2221 2699 6
2225 2593 6
2227 1934 6
2227 3348 6
223 3038 6
223 41 6
223 4542 6
223 712 6
2230 3816 6
2230 4247 6
2232 1008 6
2232 1186 6
2232 201 6
2232 3449 6
2233 2699 6
2233 3176 6
2233 3782 6
2233 4098 6
2233 539 6
2233 543 6
2233 803 6
2234 251 6
2234 2901 6
2234 4417 6
2234 563 6
2234 898 6
2235 2238 6
2237 187 6
2237 2702 6
2237 2706 6
2237 2708 6
2237 968 6
2238 3544 6
2238 3728 6
224 1087 6
224 1153 6
224 1164 6
224 1200 6
224 950 6
2240 2028 6
2240 352 6
2242 2170 6
2244 1098 6
2244 187 6
2244 2328 6
2244 2733 6
2244 3230 6
2244 4018 6
2244 989 6
2247 1131 6
2247 1393 6
2247 2673 6
2247 3604 6
2247 465 6
2247 557 6
2247 659 6
2247 673 6
2247 801 6
225 1109 6
225 3913 6
2250 3623 6
2252 1081 6
2252 3101 6
2252 65 6
2255 1246 6
2255 1458 6
2255 1529 6
2255 1602 6
2255 2392 6
2255 3705 6
2255 4454 6
2255 659 6
2255 741 6
2255 921 6
2255 959 6
2259 171 6
2259 2051 6
2259 2067 6
2259 2079 6
2259 2146 6
2259 219 6
2259 4202 6
2262 1562 6
2263 151 6
2263 4323 6
2266 2677 6
2266 2693 6
2266 2694 6
2266 4628 6
2266 707 6
227 1082 6
227 1201 6
227 158 6
227 1997 6
227 2463 6
227 2699 6
227 436 6
227 539 6
227 640 6
227 833 6
2273 4284 6
2273 539 6
2278 115 6
228 132 6
228 1728 6
228 1823 6
228 3342 6
228 3762 6
228 4292 6
228 479 6
228 787 6
228 92 6
2280 4360 6
2280 4372 6
2282 131 6
2283 1660 6
2283 2984 6
2288 133 6
2288 4536 6
229 257 6
229 79 6
229 910 6
2291 3861 6
2296 1179 6
2296 164 6
2296 327 6
2296 4487 6
2305 305 6
2305 4410 6
2307 1178 6
2307 1677 6
2307 1735 6
2307 1981 6
2307 3244 6
2307 3762 6
2307 3762 6
2307 3785 6
2307 4115 6
2307 54 6
2307 543 6
2307 848 6
2309 2711 6
2309 365 6
2309 4303 6
2309 708 6
2310 1424 6
2310 2055 6
2310 4283 6
2311 3299 6
2312 1212 6
2312 285 6
2312 399 6
2312 4617 6
2312 4637 6
2312 573 6
2313 2312 6
2313 2553 6
2313 3001 6
2313 388 6
2313 4287 6
2316 1438 6
2316 2373 6
2316 2676 6
2316 3786 6
2317 1181 6
2317 133 6
2317 2311 6
2317 2443 6
2317 3535 6
232 1651 6
2320 1889 6
2320 275 6
2320 3628 6
2320 3992 6
2320 924 6
2326 4511 6
2328 1401 6
2328 1981 6
2328 237 6
2328 3777 6
2328 4019 6
2328 686 6
233 2716 6
2331 1624 6
2331 2346 6
2331 3203 6
2335 1963 6
2336 2699 6
2336 3887 6
2336 3965 6
2336 4288 6
2336 4558 6
2346 1624 6
2346 2179 6
2346 4134 6
2346 819 6
2347 4416 6
2347 4424 6
2347 4426 6
235 3244 6
235 387 6
235 4298 6
235 457 6
2350 4501 6
2351 634 6
236 3503 6
237 1090 6
237 1098 6
237 1202 6
237 1401 6
237 1443 6
237 158 6
237 1981 6
237 1997 6
237 2244 6
237 2892 6
237 3230 6
237 3593 6
237 3934 6
237 543 6
237 989 6
237 989 6
2371 132 6
2371 479 6
2371 92 6
2372 2555 6
2372 3240 6
2372 334 6
2372 3908 6
2372 447 6
2373 115 6
2373 1186 6
2373 314 6
2373 3230 6
2373 3230 6
2373 3503 6
2373 3940 6
2373 579 6
2373 77 6
2374 1206 6
2374 1979 6
2374 3867 6
2378 2943 6
2378 3544 6
2379 1026 6
2379 333 6
238 807 6
2380 1506 6
2380 1939 6
2380 2320 6
2380 440 6
2380 4567 6
2380 946 6
2382 2150 6
239 2076 6
239 2551 6
239 3018 6
239 577 6
239 66 6
2391 133 6
2391 24 6
2392 1029 6
2392 1090 6
2392 1170 6
2392 1177 6
2392 1179 6
2392 1201 6
2392 1202 6
2392 1228 6
2392 1228 6
2392 1985 6
2392 1985 6
2392 2296 6
2392 3016 6
2392 3056 6
2392 3056 6
2392 3458 6
2392 3484 6
2392 447 6
2392 447 6
2392 486 6
2392 627 6
2392 833 6
24 1636 6
24 710 6
2400 4298 6
2401 2150 6
2402 2121 6
2405 1823 6
2405 2402 6
2408 4397 6
2413 14 6
2413 1529 6
2415 1194 6
2415 199 6
242 1460 6
242 1644 6
242 1814 6
2426 2525 6
2426 706 6
2429 1719 6
2429 44 6
2430 2084 6
2430 4199 6
2433 3838 6
2437 2739 6
2443 1381 6
2443 4105 6
2445 2143 6
2445 2716 6
2445 3608 6
2448 2382 6
2454 1692 6
2454 1937 6
2454 2957 6
246 975 6
2463 1383 6
2463 2392 6
2463 4001 6
2467 2477 6
2467 2513 6
2467 4443 6
2467 754 6
2468 137 6
2468 2476 6
2468 2477 6
2468 2606 6
2468 2930 6
2468 74 6
2469 1798 6
247 3161 6
247 3966 6
2473 4565 6
2476 1430 6
2476 4443 6
2476 989 6
2477 754 6
2477 754 6
2477 824 6
2478 1253 6
2478 2032 6
2478 232 6
2478 2647 6
2478 2711 6
2478 2904 6
248 1487 6
248 1733 6
2497 304 6
2497 3402 6
25 1125 6
25 132 6
25 1719 6
250 1131 6
250 1201 6
250 188 6
250 4342 6
2502 3406 6
251 112 6
251 130 6
251 1529 6
251 1623 6
251 257 6
251 2574 6
251 261 6
251 3079 6
251 3215 6
251 3312 6
251 3317 6
251 352 6
251 36 6
251 561 6
251 561 6
251 563 6
251 659 6
251 728 6
2511 1513 6
2513 1682 6
2513 2570 6
2515 2719 6
2515 3220 6
2521 1118 6
2521 202 6
2521 3835 6
2521 4018 6
2525 234 6
2525 2927 6
253 2077 6
253 2721 6
2549 1146 6
2549 2196 6
2549 3108 6
2549 92 6
255 1201 6
255 1397 6
255 1533 6
255 3833 6
255 432 6
255 659 6
255 849 6
2551 1939 6
2551 2021 6
2553 333 6
2553 388 6
2553 4287 6
2555 1088 6
2555 148 6
2555 1645 6
2555 2379 6
2555 3026 6
2555 3240 6
2555 4472 6
2557 1174 6
2557 1706 6
2557 419 6
2557 4532 6
256 1823 6
256 2089 6
256 2101 6
256 2984 6
256 3918 6
256 4202 6
256 4316 6
256 4331 6
256 4409 6
256 891 6
2561 3601 6
257 193 6
257 220 6
257 2722 6
257 444 6
257 64 6
257 79 6
257 898 6
257 910 6
2570 2590 6
2574 1025 6
2574 1245 6
2574 13 6
2574 130 6
2574 1791 6
2574 211 6
2574 251 6
2574 280 6
2574 3215 6
2574 371 6
2574 537 6
2574 623 6
2574 635 6
2574 801 6
2574 92 6
2574 98 6
258 725 6
2584 1458 6
2586 463 6
259 251 6
259 579 6
259 605 6
2593 2590 6
2597 1386 6
2597 1560 6
260 115 6
260 1990 6
260 2373 6
260 3230 6
260 3451 6
2601 131 6
2601 2478 6
2606 4496 6
2607 1568 6
2607 1653 6
2607 2536 6
261 14 6
261 193 6
261 4057 6
261 4616 6
261 656 6
261 822 6
2612 3201 6
2612 457 6
2613 1394 6
2613 2597 6
2617 1361 6
2617 2957 6
2617 4494 6
2618 2134 6
2628 1430 6
2629 1636 6
2629 2225 6
2629 36 6
263 3726 6
263 4435 6
263 449 6
263 731 6
2631 2557 6
2631 357 6
2631 3785 6
2631 400 6
264 1323 6
264 1926 6
2647 1566 6
2647 387 6
2647 4311 6
2647 610 6
2647 638 6
2647 921 6
2652 742 6
2655 1087 6
2655 1153 6
2655 12 6
2655 224 6
2655 3713 6
2658 4311 6
2658 4329 6
2662 4243 6
2665 3832 6
2665 3928 6
2665 4289 6
2667 1466 6
2667 2143 6
2670 1153 6
2670 4361 6
2671 263 6
2671 3026 6
2671 456 6
2673 1211 6
2673 3026 6
2675 1981 6
2675 2307 6
2675 4115 6
2675 54 6
2676 440 6
2676 913 6
2677 2694 6
2679 2313 6
2679 4622 6
2681 1566 6
2681 2851 6
2681 4342 6
2681 692 6
2681 709 6
2681 772 6
2685 2665 6
2685 3832 6
2688 3047 6
2688 4564 6
269 3038 6
269 3103 6
269 3113 6
269 4604 6
269 713 6
2691 4559 6
2693 4435 6
2694 2686 6
2695 2679 6
2695 2689 6
2695 4562 6
2695 915 6
2698 1934 6
2699 3338 6
2699 3965 6
2699 443 6
2699 83 6
270 32 6
2701 2378 6
2702 263 6
2702 2934 6
2702 3008 6
2702 3726 6
2702 449 6
2702 456 6
2705 1211 6
2706 1212 6
2706 1846 6
2706 3008 6
2706 3726 6
2707 4575 6
2708 2705 6
2708 449 6
2711 2040 6
2711 3604 6
2713 129 6
2713 2714 6
2713 4353 6
2713 566 6
2714 1201 6
2714 2032 6
2714 237 6
2714 239 6
2714 3077 6
2714 3533 6
2714 4489 6
2714 4574 6
2714 492 6
2714 646 6
2714 822 6
2716 2225 6
2716 235 6
2716 2476 6
2716 681 6
2716 956 6
2718 1013 6
2718 1173 6
2718 1184 6
2718 1933 6
2718 299 6
2718 306 6
2718 421 6
2718 778 6
2719 1983 6
2719 4548 6
2719 709 6
272 1013 6
272 1169 6
272 1202 6
272 1307 6
272 1401 6
272 275 6
272 3018 6
272 3018 6
272 45 6
272 461 6
272 543 6
272 801 6
272 880 6
2722 188 6
2722 2413 6
2722 2478 6
2722 2555 6
2722 261 6
2722 3524 6
2722 409 6
2722 421 6
2722 465 6
2722 508 6
2722 53 6
2722 566 6
2723 2805 6
2723 3071 6
2723 3085 6
2723 387 6
2723 3962 6
2723 4457 6
2723 530 6
2723 614 6
2723 801 6
2725 4280 6
2730 153 6
2731 2973 6
2731 3004 6
2731 3024 6
2731 4192 6
2731 4443 6
2733 1302 6
2733 349 6
2733 4311 6
2735 1345 6
2735 1381 6
2735 4028 6
2735 4338 6
2738 1940 6
2738 3563 6
2739 2006 6
2739 2155 6
2739 3893 6
2739 393 6
2739 393 6
2739 400 6
2739 89 6
2741 3182 6
2745 2685 6
2747 2759 6
2747 4319 6
275 1033 6
275 1869 6
275 189 6
275 2380 6
275 440 6
275 467 6
2751 1814 6
2751 2735 6
2759 1860 6
2759 4051 6
2761 3182 6
2761 3549 6
2761 3866 6
2761 3966 6
2761 4003 6
2765 1294 6
2765 3 6
2765 3458 6
2765 3940 6
2765 4490 6
2765 720 6
2766 269 6
2767 1929 6
2770 189 6
2770 2759 6
2770 4336 6
2773 2392 6
2773 3458 6
278 1366 6
278 1957 6
278 220 6
278 257 6
278 352 6
278 580 6
278 983 6
2782 3244 6
2782 3695 6
2791 2309 6
2791 2738 6
2791 2770 6
2791 2770 6
2791 317 6
2791 3921 6
2791 408 6
2791 4319 6
2791 4353 6
2791 4356 6
2796 1095 6
2796 129 6
2796 193 6
2796 357 6
2796 4078 6
2796 4522 6
2796 455 6
2796 4574 6
2796 530 6
28 2805 6
28 412 6
280 1108 6
280 1791 6
280 211 6
280 371 6
280 635 6
280 801 6
280 913 6
2803 4053 6
2803 4484 6
2803 465 6
2805 2722 6
2805 3077 6
2805 3706 6
2805 4423 6
2805 4457 6
281 64 6
2810 2392 6
2810 3540 6
2810 4579 6
2810 4588 6
2811 609 6
2818 2200 6
2818 4349 6
2818 879 6
2820 1609 6
2820 4336 6
2820 684 6
2820 838 6
2826 2090 6
2826 3647 6
2826 4553 6
2826 4624 6
2836 112 6
2836 2723 6
2836 2791 6
2836 3081 6
2836 3085 6
2836 3305 6
2836 365 6
2836 3862 6
2836 4463 6
2836 563 6
2836 656 6
2836 838 6
2838 4560 6
2838 4598 6
2838 4607 6
2842 2515 6
2842 2719 6
2842 3220 6
2842 3970 6
2842 726 6
2847 441 6
285 2073 6
285 45 6
285 53 6
285 573 6
2860 3524 6
2860 4060 6
2867 1057 6
2867 1712 6
2867 536 6
2867 633 6
287 1177 6
287 1252 6
287 1548 6
287 1782 6
287 2309 6
287 2676 6
287 3108 6
2872 1104 6
2872 3680 6
2872 514 6
2876 1226 6
2876 1275 6
2876 1719 6
2876 1785 6
2876 2915 6
2882 3246 6
2882 401 6
2887 1169 6
2887 1177 6
2887 1711 6
2887 36 6
2887 3990 6
2887 4396 6
2888 849 6
289 1211 6
289 2671 6
2890 1529 6
2890 543 6
2891 335 6
2891 701 6
2891 806 6
2892 3073 6
2892 4271 6
2898 3555 6
2901 1186 6
2901 3611 6
2901 3835 6
2901 4082 6
2901 448 6
2901 497 6
2903 45 6
2903 664 6
2904 1244 6
2904 1281 6
2904 2426 6
2904 3524 6
2911 123 6
2911 4439 6
2911 822 6
2913 1715 6
2915 1667 6
2915 4219 6
2917 1808 6
2917 4216 6
2919 3867 6
2919 690 6
2927 1430 6
2927 162 6
2927 2391 6
2927 2468 6
2930 1160 6
2930 1178 6
2930 2549 6
2930 3108 6
2933 2238 6
2934 202 6
2934 2247 6
2934 2686 6
2935 1163 6
2935 610 6
2936 3526 6
2936 4552 6
2936 4612 6
2943 1846 6
2948 1240 6
2948 2469 6
2948 4516 6
2950 2467 6
2954 1400 6
2954 3598 6
2956 2487 6
2956 3002 6
2957 1431 6
2957 1532 6
2957 2487 6
2957 4494 6
2964 1361 6
2964 3735 6
2965 1950 6
2965 2520 6
2966 2977 6
2966 4234 6
2966 828 6
2969 1798 6
2969 2990 6
2969 4081 6
2969 4406 6
2971 1758 6
2971 319 6
2972 4330 6
2972 720 6
2973 1953 6
2973 215 6
2973 3724 6
2973 610 6
2977 1431 6
2977 3340 6
2977 3445 6
2977 4234 6
298 2999 6
2980 2965 6
2982 2280 6
2982 4360 6
2983 2936 6
2983 4552 6
2984 12 6
2984 1719 6
2984 2057 6
2984 2121 6
2984 96 6
2986 2096 6
2986 720 6
2986 725 6
2986 778 6
2988 4239 6
299 1167 6
299 138 6
299 1393 6
299 2233 6
299 3406 6
299 643 6
299 673 6
2990 3001 6
2990 4286 6
2990 4286 6
2990 4401 6
2992 1183 6
2992 1556 6
2992 2307 6
2992 3762 6
2993 4435 6
2995 519 6
2995 831 6
2999 1931 6
2999 2988 6
2999 2990 6
2999 4341 6
2999 4354 6
3 1123 6
3 1363 6
3 1406 6
3 18 6
3 807 6
3 91 6
30 3463 6
30 4553 6
30 4569 6
30 653 6
30 655 6
30 674 6
30 789 6
30 874 6
300 1201 6
300 237 6
300 3056 6
300 461 6
300 833 6
3001 1081 6
3001 2252 6
3001 3101 6
3002 1318 6
3002 1715 6
3002 2969 6
3002 4219 6
3004 4107 6
3005 2131 6
3005 3838 6
3005 938 6
3006 3838 6
3007 4286 6
3008 263 6
3008 2708 6
3008 3026 6
3009 2990 6
3009 4081 6
3009 4286 6
3010 2101 6
3016 3056 6
3016 3458 6
3016 989 6
3018 1088 6
3018 1117 6
3018 1131 6
3018 1393 6
3018 1645 6
3018 1908 6
3018 1933 6
3018 207 6
3018 2714 6
3018 3338 6
3018 3533 6
3018 500 6
3018 51 6
3018 635 6
3018 66 6
3018 710 6
3018 720 6
3018 801 6
302 164 6
302 1866 6
302 2296 6
3023 537 6
3026 2312 6
3026 333 6
3026 3726 6
3026 449 6
3029 1188 6
3029 2782 6
3035 4562 6
3037 250 6
3037 269 6
3037 3103 6
3037 3112 6
3037 3506 6
3038 101 6
3038 3101 6
304 2586 6
304 2731 6
304 2973 6
3047 915 6
3048 4063 6
305 4410 6
305 4411 6
3051 3035 6
3056 1214 6
3056 1985 6
3056 1997 6
3056 2392 6
3056 3057 6
3056 4018 6
3056 447 6
3057 115 6
3057 1289 6
3057 1374 6
3057 199 6
3057 2392 6
3057 2521 6
3057 2773 6
306 3797 6
306 4318 6
306 824 6
3062 1438 6
3062 2242 6
3062 2316 6
3062 3801 6
3062 383 6
3066 1487 6
3066 1814 6
3066 3838 6
3066 4519 6
3066 569 6
3067 1706 6
3067 3742 6
3071 193 6
3071 2836 6
3071 3083 6
3071 4343 6
3071 4449 6
3071 4603 6
3071 842 6
3073 1928 6
3073 4271 6
3073 496 6
3076 1117 6
3076 2723 6
3076 2791 6
3077 251 6
3077 2811 6
3077 3085 6
3077 3962 6
3077 4474 6
3077 656 6
3077 847 6
3079 3529 6
3079 3849 6
3079 4078 6
3079 444 6
3080 522 6
3081 561 6
3083 115 6
3083 2020 6
3083 2714 6
3083 399 6
3083 4459 6
3083 4596 6
3083 465 6
3083 838 6
3084 4603 6
3084 4626 6
3085 1226 6
3085 2 6
3085 3076 6
3085 3498 6
3085 4049 6
3085 838 6
309 1125 6
3090 1406 6
3090 169 6
3090 749 6
3098 1181 6
3098 1393 6
3098 51 6
3099 1432 6
3099 1937 6
310 1051 6
310 1178 6
310 1473 6
310 2250 6
310 3240 6
310 3623 6
310 764 6
3101 3037 6
3101 362 6
3102 128 6
3102 41 6
3102 4538 6
3103 3135 6
3103 4538 6
3103 4539 6
3103 4540 6
3106 1183 6
3106 3029 6
3106 3630 6
3106 54 6
3107 3965 6
3108 1842 6
3111 1609 6
3111 2723 6
3111 4336 6
3112 127 6
3112 132 6
3112 2159 6
3112 3130 6
3112 3135 6
3112 32 6
3112 4540 6
3112 46 6
3112 664 6
3113 4530 6
3113 4539 6
3113 4547 6
3113 712 6
3113 712 6
3118 4365 6
312 1057 6
312 1250 6
312 1979 6
3120 41 6
3120 4538 6
3122 2751 6
3123 1791 6
3123 959 6
3124 1529 6
3124 2218 6
3124 2426 6
3124 2860 6
3124 2890 6
3124 3429 6
3124 3524 6
3124 4370 6
3124 543 6
3124 706 6
3124 853 6
3126 112 6
3126 675 6
313 620 6
3130 147 6
3130 2076 6
3130 250 6
3130 3098 6
3130 3934 6
3130 709 6
3133 2185 6
3135 3101 6
3135 4541 6
3136 1197 6
3136 2203 6
3136 2213 6
314 158 6
314 1921 6
3143 1443 6
3143 275 6
3146 1327 6
3146 4380 6
3147 53 6
3147 623 6
3150 1327 6
3150 158 6
3150 1928 6
3150 36 6
3150 4323 6
3150 92 6
3151 133 6
3151 4269 6
3152 3966 6
3152 4319 6
3155 3077 6
3155 357 6
3155 510 6
3156 3593 6
3156 3990 6
3156 753 6
3156 803 6
3161 1860 6
3161 2791 6
3162 3866 6
3169 773 6
317 1940 6
317 259 6
3176 123 6
3176 186 6
3176 2129 6
3176 3312 6
3176 3830 6
3176 4340 6
3176 466 6
3176 826 6
3182 3545 6
3182 4336 6
3182 4338 6
3182 825 6
3182 826 6
3189 2722 6
3189 3085 6
3189 3155 6
3189 656 6
3192 188 6
3195 2288 6
3195 451 6
3195 508 6
3195 753 6
32 1232 6
32 188 6
32 3101 6
32 3548 6
32 4445 6
32 537 6
32 670 6
32 959 6
32 98 6
3201 1123 6
3201 1177 6
3201 2380 6
3201 3 6
3201 3940 6
3201 4378 6
3201 4386 6
3201 4475 6
3201 88 6
3201 91 6
3203 2346 6
3203 819 6
3204 1719 6
321 312 6
3211 1210 6
3211 2847 6
3211 3873 6
3211 4339 6
3215 130 6
3215 132 6
3215 1623 6
3215 251 6
3215 2574 6
3215 2647 6
3215 2718 6
3215 519 6
3215 643 6
3215 659 6
3215 66 6
3215 66 6
3215 719 6
3220 2719 6
3220 726 6
3222 1104 6
3222 1548 6
3222 1711 6
3222 2872 6
3225 2335 6
3225 595 6
3225 610 6
3225 654 6
3227 956 6
3229 2380 6
3229 419 6
3230 1098 6
3230 127 6
3230 1432 6
3230 145 6
3230 314 6
3230 3271 6
3230 4018 6
3230 989 6
3232 2129 6
3232 3176 6
3232 466 6
3233 1548 6
3240 1399 6
3240 25 6
3240 3593 6
3240 3960 6
3240 448 6
3240 486 6
3240 602 6
3240 685 6
3242 1036 6
3242 931 6
3244 1104 6
3244 1183 6
3244 1556 6
3244 2992 6
3244 3106 6
3244 3457 6
3244 3695 6
3244 3762 6
3245 1976 6
3245 66 6
3246 1550 6
3250 1066 6
3250 579 6
3250 741 6
3253 1104 6
3253 4373 6
3253 514 6
326 202 6
326 3967 6
3260 642 6
327 165 6
327 1975 6
327 2735 6
327 3821 6
327 4173 6
327 4390 6
3271 1459 6
3271 971 6
328 3071 6
3281 2090 6
3281 482 6
3295 132 6
3295 710 6
3299 235 6
33 1025 6
33 1796 6
33 2380 6
330 130 6
330 1343 6
330 1621 6
330 171 6
330 2023 6
330 2860 6
330 2904 6
330 3124 6
330 706 6
330 913 6
3309 456 6
3312 112 6
3312 129 6
3312 1529 6
3312 2722 6
3312 2722 6
3312 371 6
3312 412 6
3312 4340 6
3312 508 6
3312 508 6
3312 74 6
3316 1925 6
3317 259 6
3317 2761 6
3317 3162 6
3317 383 6
3317 4076 6
3317 510 6
3317 579 6
3317 830 6
3319 132 6
3319 3299 6
3324 132 6
3324 3317 6
3324 753 6
3326 2067 6
3326 2722 6
3326 387 6
3326 467 6
3326 476 6
3326 71 6
3326 82 6
3328 2902 6
3328 480 6
3328 805 6
333 1026 6
333 3956 6
333 4398 6
3331 2695 6
3331 4615 6
3331 4641 6
3338 2400 6
3338 3099 6
3339 4469 6
334 1090 6
334 1175 6
334 1252 6
334 185 6
334 2 6
334 228 6
334 275 6
334 36 6
334 42 6
334 623 6
334 989 6
3340 4234 6
3342 3460 6
3346 1169 6
3346 385 6
3346 4295 6
335 1615 6
335 164 6
335 185 6
335 2250 6
335 2777 6
335 310 6
335 3654 6
335 4390 6
3359 1394 6
3368 1829 6
3368 3927 6
337 1179 6
337 2296 6
3380 1117 6
3380 3481 6
3384 1406 6
3384 169 6
339 1722 6
339 3729 6
339 4200 6
3393 1636 6
3393 1746 6
3393 4221 6
34 14 6
34 25 6
340 4190 6
3402 118 6
3402 3601 6
3406 1827 6
3406 2713 6
3406 3835 6
3406 444 6
3406 673 6
3406 885 6
3417 1240 6
3417 298 6
3419 1281 6
3419 1777 6
3419 1933 6
3421 2496 6
3422 1747 6
3422 224 6
3422 3170 6
3422 652 6
3422 803 6
3422 950 6
3429 885 6
3431 2610 6
3441 1007 6
3441 1087 6
3441 2224 6
3441 931 6
3442 1567 6
3443 2392 6
3443 2915 6
3443 3016 6
3443 3458 6
3445 4488 6
3448 4297 6
3449 1671 6
3450 1443 6
3450 30 6
3450 36 6
3450 686 6
3451 4030 6
3454 1869 6
3454 2 6
3454 3448 6
3454 3802 6
3456 1191 6
3457 2090 6
3458 3056 6
3458 310 6
3458 3201 6
3458 3623 6
3458 3940 6
3458 453 6
3458 989 6
3460 1709 6
3460 2255 6
3460 3230 6
3460 36 6
3460 77 6
3462 1302 6
3462 418 6
3465 1153 6
3465 1201 6
3465 2867 6
3465 3593 6
3465 366 6
3465 3713 6
3465 4269 6
3465 476 6
3470 3788 6
3473 2445 6
3473 719 6
3484 1090 6
3484 227 6
349 126 6
349 2255 6
349 3449 6
3497 1401 6
3497 1997 6
3497 2233 6
3497 228 6
3497 487 6
3497 876 6
3498 4098 6
3498 838 6
3503 1201 6
3503 2203 6
3503 2842 6
3503 3112 6
3503 4274 6
3506 101 6
3506 2209 6
3506 223 6
3506 3135 6
3506 3135 6
3506 4538 6
3514 162 6
3514 2730 6
3514 4351 6
3518 4568 6
352 112 6
352 1178 6
352 130 6
352 2 6
352 2028 6
352 251 6
352 545 6
352 952 6
3520 1430 6
3520 201 6
3520 2138 6
3520 3830 6
3520 4443 6
3520 778 6
3523 500 6
3524 111 6
3524 2468 6
3524 2714 6
3524 3592 6
3524 4060 6
3524 414 6
3524 563 6
3524 586 6
3524 656 6
3524 706 6
3524 74 6
3525 1167 6
3525 139 6
3525 1963 6
3525 4531 6
3525 6 6
3525 621 6
3525 83 6
3526 4583 6
3526 4612 6
3529 372 6
3529 566 6
3530 684 6
3533 1088 6
3533 1169 6
3533 239 6
3533 3708 6
3533 577 6
3533 66 6
3534 3081 6
3534 4078 6
3534 4340 6
3534 4343 6
3534 4507 6
3535 2854 6
3535 3135 6
3535 3506 6
3535 38 6
3541 1636 6
3544 2193 6
3544 2701 6
3545 2791 6
3547 3555 6
3548 1232 6
3548 2134 6
3548 310 6
3548 32 6
3548 335 6
3548 3555 6
3548 3934 6
3548 488 6
3548 61 6
3548 670 6
3548 825 6
3549 355 6
355 2761 6
355 3866 6
3551 1854 6
3554 2791 6
3554 3921 6
3554 408 6
3555 358 6
3555 825 6
3559 1285 6
3559 1843 6
3559 3695 6
3560 3566 6
3563 1719 6
3563 259 6
3563 317 6
3563 4566 6
3563 557 6
3566 375 6
3566 4258 6
357 1177 6
357 1197 6
357 1548 6
357 2032 6
357 3189 6
357 3530 6
357 3608 6
357 3813 6
357 64 6
357 728 6
357 863 6
3579 3589 6
3579 4482 6
3582 1226 6
3589 4504 6
3592 2735 6
3592 3079 6
3592 4028 6
3593 1548 6
3593 1926 6
3593 2372 6
3593 2892 6
3593 2904 6
3593 2930 6
3593 3604 6
3593 396 6
3593 4215 6
3593 595 6
3593 685 6
3594 186 6
3594 3534 6
3596 1226 6
3599 566 6
3599 753 6
36 2032 6
36 287 6
36 3448 6
36 3608 6
36 3926 6
36 4455 6
36 519 6
36 721 6
36 741 6
36 775 6
360 340 6
360 3641 6
3600 2266 6
3600 3156 6
3600 3990 6
3600 415 6
3600 4444 6
3600 4461 6
3601 2396 6
3603 1166 6
3603 287 6
3604 1545 6
3604 2006 6
3604 2892 6
3604 3215 6
3604 3830 6
3608 1054 6
3608 1169 6
3608 219 6
3608 287 6
3608 3326 6
362 2252 6
362 3001 6
3623 3548 6
3623 3934 6
3623 3940 6
3628 3982 6
3628 3992 6
3628 4293 6
3630 1677 6
3634 117 6
3634 4195 6
3634 453 6
364 1393 6
364 956 6
3641 1750 6
3642 4190 6
3644 1241 6
3644 764 6
3644 807 6
3644 91 6
3645 1289 6
3645 1314 6
3645 1361 6
3645 1601 6
3645 339 6
3645 3835 6
3645 3951 6
3645 4488 6
3647 4026 6
3647 651 6
3647 654 6
365 2803 6
3650 335 6
3652 3523 6
3654 143 6
3658 3005 6
366 1201 6
366 224 6
366 2655 6
366 3130 6
366 3195 6
366 330 6
366 4269 6
3661 742 6
3662 1366 6
3662 1776 6
3680 1548 6
3680 1549 6
3680 1711 6
3680 3222 6
3684 4091 6
3695 3029 6
3695 3106 6
3695 3782 6
3695 897 6
37 115 6
37 12 6
37 199 6
3705 1366 6
3705 2972 6
3706 444 6
3706 4451 6
3708 1088 6
3708 1095 6
3708 1169 6
3708 189 6
3708 2887 6
3708 330 6
371 1108 6
371 1108 6
371 1202 6
371 211 6
371 211 6
371 2574 6
371 280 6
371 280 6
371 3524 6
371 387 6
371 414 6
371 519 6
371 537 6
371 537 6
371 623 6
371 801 6
372 3232 6
372 3305 6
372 3599 6
372 510 6
372 545 6
372 822 6
3721 4218 6
3724 215 6
3724 2731 6
3726 1846 6
3726 289 6
3726 456 6
3726 741 6
3728 2312 6
3729 1218 6
3729 3219 6
3729 339 6
3729 4200 6
3729 4282 6
3729 59 6
3729 88 6
3731 133 6
3731 515 6
3735 2617 6
3742 2557 6
3743 207 6
3743 3525 6
3743 387 6
3743 425 6
3743 4303 6
3743 879 6
3747 2391 6
3747 44 6
375 4412 6
3750 2448 6
3752 1131 6
3752 114 6
3754 1426 6
3754 178 6
3754 3143 6
3755 1658 6
3756 872 6
3757 2373 6
3757 30 6
3762 1183 6
3762 1556 6
3762 1735 6
3762 2307 6
3762 54 6
3762 848 6
3767 1459 6
3767 3808 6
3769 3755 6
3770 1607 6
3770 3819 6
3770 4304 6
3770 848 6
3771 3782 6
3771 3798 6
3771 419 6
3771 640 6
3771 803 6
3772 425 6
3772 897 6
3774 357 6
3774 539 6
3776 3143 6
3776 3342 6
3776 736 6
3777 191 6
3782 1183 6
3782 2745 6
3782 2763 6
3782 2782 6
3782 30 6
3782 3029 6
3782 3244 6
3782 3630 6
3782 3832 6
3782 4289 6
3782 4290 6
3782 4304 6
3782 54 6
3785 1595 6
3786 1385 6
3786 534 6
3787 1191 6
3788 1658 6
3788 4311 6
3797 2307 6
3797 2373 6
3797 3786 6
3798 2189 6
38 3225 6
38 505 6
38 816 6
3801 1438 6
3801 2316 6
3802 195 6
3802 3754 6
3808 155 6
3808 503 6
3813 2328 6
3813 3448 6
3816 4247 6
3816 540 6
3819 3755 6
3821 975 6
3822 4302 6
3822 801 6
3826 3406 6
3828 4406 6
3828 941 6
383 1027 6
383 1438 6
383 1928 6
383 2437 6
383 251 6
383 3056 6
383 334 6
383 497 6
383 579 6
383 825 6
3830 2380 6
3830 3247 6
3830 435 6
3832 2745 6
3832 4290 6
3832 4315 6
3833 2612 6
3833 3295 6
3835 148 6
3835 1957 6
3835 400 6
3838 2139 6
384 1313 6
3844 2160 6
3844 2203 6
3844 3211 6
3849 4586 6
385 1054 6
385 2055 6
385 257 6
385 306 6
385 574 6
385 849 6
3855 2326 6
3856 319 6
3858 1265 6
3858 1618 6
3858 1746 6
3861 975 6
3862 4423 6
3862 74 6
3865 3540 6
3865 4606 6
3866 3549 6
3867 3869 6
3867 3869 6
3867 4291 6
3867 4546 6
3867 690 6
3869 2179 6
3869 2919 6
3869 3871 6
3869 4031 6
3869 4291 6
387 1025 6
387 1082 6
387 1167 6
387 1728 6
387 202 6
387 275 6
387 371 6
387 510 6
387 610 6
387 64 6
387 656 6
387 692 6
387 725 6
387 950 6
3871 1014 6
3871 1203 6
3871 1214 6
3871 1228 6
3871 2155 6
3871 690 6
3873 1025 6
3873 1210 6
3873 1677 6
3873 2574 6
3873 643 6
3873 790 6
388 2990 6
388 3001 6
388 3001 6
388 362 6
3884 225 6
3888 1668 6
3888 463 6
3890 3393 6
3890 4214 6
3890 710 6
3893 2155 6
3893 2810 6
3896 2611 6
3896 4230 6
3897 2818 6
39 3113 6
39 3506 6
39 4539 6
39 467 6
39 773 6
3903 1640 6
3908 746 6
391 4053 6
391 465 6
3913 1109 6
3913 1184 6
3913 1202 6
3913 1927 6
3913 36 6
3913 3884 6
3918 219 6
3918 778 6
392 1199 6
392 2392 6
392 2810 6
392 3871 6
392 4534 6
3921 189 6
3924 2380 6
3925 193 6
3925 328 6
3925 4098 6
3925 4444 6
3926 228 6
3926 3525 6
3926 3662 6
3926 973 6
3927 1240 6
3927 330 6
3928 2745 6
3928 3782 6
3928 3832 6
393 1056 6
393 1179 6
393 1228 6
393 2006 6
393 392 6
393 481 6
3934 1008 6
3934 122 6
3934 1908 6
3934 1926 6
3934 1981 6
3934 2134 6
3934 2244 6
3934 2250 6
3934 275 6
3934 310 6
3934 3230 6
3940 1123 6
3940 1401 6
3940 207 6
3940 2189 6
3940 3 6
3940 3503 6
3940 4148 6
3940 4307 6
3940 91 6
3940 953 6
3946 4319 6
3946 4327 6
3946 825 6
3946 826 6
395 1908 6
3951 1374 6
3951 1957 6
3951 2521 6
3956 298 6
3956 4398 6
396 1397 6
396 457 6
3960 1008 6
3960 1178 6
3960 1362 6
3960 3056 6
3962 2723 6
3962 2836 6
3962 4327 6
3962 4579 6
3962 4608 6
3962 508 6
3962 566 6
3965 2233 6
3965 443 6
3966 3182 6
3966 357 6
3966 4338 6
3966 465 6
3967 2157 6
3970 3261 6
3978 1498 6
3978 193 6
398 2054 6
3982 2320 6
3982 3992 6
3982 924 6
3989 172 6
3989 2 6
3989 352 6
3989 90 6
399 2934 6
399 4226 6
399 456 6
399 573 6
399 74 6
3990 1026 6
3990 3533 6
3990 3708 6
3990 4049 6
3990 415 6
3990 4396 6
3990 4452 6
3990 707 6
3992 4293 6
3992 924 6
3995 974 6
400 1090 6
400 1175 6
400 1179 6
400 1283 6
400 1548 6
400 2006 6
400 2392 6
400 3073 6
400 4001 6
400 42 6
400 479 6
400 539 6
400 595 6
400 595 6
400 827 6
4001 1374 6
4001 1883 6
4001 1927 6
4001 2521 6
4001 2892 6
4001 3951 6
4001 444 6
4001 497 6
4001 601 6
4001 721 6
4001 748 6
4001 89 6
4003 4515 6
4003 847 6
4006 3085 6
4006 4257 6
4006 4336 6
4015 414 6
4018 237 6
4018 237 6
4019 1623 6
4019 1981 6
4019 1981 6
4019 237 6
4019 4296 6
4026 4277 6
4026 4569 6
4026 759 6
4028 3524 6
4028 4058 6
4028 4338 6
4028 4513 6
4029 3926 6
4029 83 6
4030 1203 6
4030 1213 6
4030 1985 6
4030 2006 6
4030 2392 6
4030 3867 6
4030 3871 6
4030 4031 6
4030 787 6
4031 2374 6
4038 1210 6
4039 802 6
404 2735 6
4040 3126 6
4040 3844 6
4041 1428 6
4041 3062 6
4047 298 6
4047 3272 6
4047 4343 6
4049 444 6
4049 4441 6
4049 753 6
4051 4183 6
4051 610 6
4053 4568 6
4054 1931 6
4057 28 6
4057 2805 6
4057 412 6
4057 74 6
4057 838 6
4058 111 6
4058 3083 6
4058 3524 6
4058 3592 6
4058 4586 6
4060 2904 6
4060 3124 6
4060 330 6
4060 803 6
4063 4399 6
4068 4051 6
4068 838 6
4073 1210 6
4076 132 6
4076 3324 6
4076 753 6
4078 186 6
4078 4593 6
408 189 6
4080 372 6
4080 444 6
4080 548 6
4081 2009 6
4081 4397 6
4082 2234 6
4082 2278 6
4089 1636 6
409 1066 6
409 1564 6
409 1582 6
409 1597 6
4098 4006 6
4098 4058 6
4098 466 6
41 4538 6
41 4547 6
41 46 6
4105 789 6
4107 2731 6
4115 1981 6
4115 2307 6
4115 3762 6
412 112 6
412 129 6
412 1393 6
412 1529 6
412 251 6
412 261 6
412 3326 6
412 3524 6
412 461 6
412 500 6
412 530 6
412 610 6
412 635 6
412 838 6
4120 2308 6
4120 2350 6
4134 1624 6
4134 1854 6
4134 3203 6
414 1197 6
414 1226 6
414 193 6
414 193 6
414 3085 6
414 412 6
414 412 6
414 586 6
4148 4281 6
4153 2414 6
4155 622 6
416 1201 6
416 4105 6
416 635 6
416 830 6
4160 4458 6
4164 605 6
4167 2902 6
4173 165 6
4173 1975 6
4173 1993 6
4173 335 6
4173 4390 6
4176 1601 6
4176 212 6
4176 3201 6
4176 3458 6
4176 91 6
4177 3826 6
4177 399 6
418 1082 6
418 200 6
418 2101 6
418 2309 6
418 4414 6
418 500 6
4183 4245 6
4183 4449 6
4183 4568 6
4183 4606 6
4190 1472 6
4192 1953 6
4192 2973 6
4192 2980 6
4192 3724 6
4193 2428 6
4195 815 6
4199 376 6
42 1178 6
42 1179 6
42 1245 6
42 219 6
42 4001 6
42 4001 6
42 601 6
42 66 6
42 673 6
42 728 6
42 748 6
42 827 6
42 897 6
42 98 6
42 981 6
4200 339 6
4200 3729 6
4200 4273 6
4200 4282 6
4200 453 6
4200 59 6
4202 1007 6
421 1065 6
421 1791 6
421 1925 6
421 2311 6
421 272 6
421 3085 6
421 4331 6
421 449 6
421 586 6
421 605 6
421 659 6
4214 1778 6
4215 1244 6
4215 1343 6
4215 264 6
4215 2904 6
4220 2971 6
4221 1416 6
4222 2606 6
4222 2611 6
4222 3408 6
4224 2697 6
423 1533 6
423 1619 6
423 2930 6
423 409 6
423 519 6
4230 1609 6
4230 1752 6
4230 1760 6
4232 1789 6
4234 2469 6
4239 2990 6
4239 4286 6
4239 4287 6
4245 2032 6
4245 2266 6
4245 3071 6
4245 4261 6
4245 4391 6
4245 4471 6
4246 4245 6
4247 4638 6
4249 158 6
4249 314 6
4249 3150 6
425 1863 6
425 4306 6
425 4318 6
425 4551 6
425 973 6
4257 1226 6
4257 2266 6
4257 2820 6
4258 4438 6
4261 4391 6
4261 4402 6
4269 1087 6
4269 1201 6
4269 224 6
4269 421 6
4269 4537 6
4270 2676 6
4270 3604 6
4270 4019 6
4270 4271 6
4270 4297 6
4271 3830 6
4272 4277 6
4272 759 6
4273 1722 6
4273 339 6
4274 1201 6
4274 4275 6
4275 2373 6
4276 2090 6
4276 30 6
4276 654 6
4277 4278 6
4277 4553 6
4277 4624 6
4277 651 6
4277 652 6
4277 674 6
4278 4279 6
4279 759 6
4280 3601 6
4281 3940 6
4282 3729 6
4282 4200 6
4282 59 6
4283 1082 6
4283 1168 6
4283 864 6
4284 2336 6
4284 258 6
4284 3235 6
4284 433 6
4284 4581 6
4284 539 6
4284 539 6
4284 543 6
4286 1842 6
4286 2988 6
4286 4287 6
4287 2990 6
4287 2990 6
4287 3001 6
4287 3007 6
4287 4286 6
4288 2273 6
4288 3887 6
4288 4284 6
4289 2745 6
4289 3928 6
4289 4290 6
4290 2685 6
4291 1206 6
4291 2374 6
4291 4030 6
4292 692 6
4293 2320 6
4293 3982 6
4294 3126 6
4295 2805 6
4295 3661 6
4295 3788 6
4295 753 6
4295 842 6
4296 1475 6
4296 385 6
4296 4298 6
4297 1385 6
4297 2328 6
4299 4300 6
4300 124 6
4300 1630 6
4300 367 6
4301 3832 6
4302 130 6
4302 1357 6
4302 4531 6
4303 1016 6
4303 1566 6
4303 235 6
4303 3150 6
4303 3798 6
4303 468 6
4304 1997 6
4304 3600 6
4304 4257 6
4304 4463 6
4305 126 6
4305 3822 6
4305 4306 6
4305 778 6
4306 1379 6
4306 1459 6
4306 3926 6
4307 1450 6
4308 1253 6
4308 1459 6
4308 1580 6
4309 1794 6
4309 3346 6
4310 1545 6
4310 3462 6
4311 1295 6
4311 1485 6
4313 1284 6
4313 130 6
4313 3776 6
4313 424 6
4313 4330 6
4313 66 6
4313 973 6
4314 1586 6
4315 2718 6
4315 367 6
4316 235 6
4316 586 6
4317 2233 6
4317 3802 6
4317 4270 6
4319 1841 6
4319 194 6
4319 2761 6
4319 313 6
4319 4327 6
4319 826 6
4319 837 6
432 3098 6
432 3319 6
4320 2040 6
4321 2711 6
4321 4322 6
4322 3819 6
4323 1186 6
4323 1485 6
4324 3819 6
4325 710 6
4326 3755 6
4326 3832 6
4326 4332 6
4327 194 6
4327 2820 6
4327 3152 6
4327 3161 6
4327 3545 6
4327 4295 6
4327 4319 6
4327 596 6
4327 825 6
4327 826 6
4328 200 6
4328 3743 6
4328 3756 6
433 2230 6
433 2336 6
433 4247 6
433 540 6
433 543 6
4330 275 6
4330 3460 6
4333 1631 6
4333 256 6
4333 710 6
4334 3772 6
4335 1485 6
4336 247 6
4336 3498 6
4336 3925 6
4336 3966 6
4336 4057 6
4336 509 6
4336 817 6
4336 826 6
4336 826 6
4337 1842 6
4337 549 6
4338 111 6
4338 247 6
4338 247 6
4338 3152 6
4338 3524 6
4338 3966 6
4338 4058 6
4338 4336 6
4338 4348 6
4338 817 6
4338 826 6
4340 1226 6
4340 123 6
4340 3176 6
4340 3232 6
4340 3582 6
4340 3990 6
4340 826 6
4341 3272 6
4342 1245 6
4342 2160 6
4342 4039 6
4343 3189 6
4343 473 6
4344 1842 6
4344 3956 6
4345 193 6
4345 261 6
4345 74 6
4348 2791 6
4349 3211 6
435 1280 6
435 2076 6
435 4572 6
435 4573 6
4351 2730 6
4352 2176 6
4353 2747 6
4353 3084 6
4353 4602 6
4356 3182 6
4358 4359 6
436 3271 6
436 4308 6
436 720 6
436 971 6
4360 4372 6
4361 848 6
4362 2281 6
4364 378 6
4365 4366 6
4367 2170 6
4367 4378 6
4368 2612 6
4368 3201 6
4369 1712 6
4369 2867 6
4370 419 6
4371 1153 6
4371 4361 6
4372 3287 6
4373 2862 6
4374 4375 6
4376 4374 6
4376 4375 6
4376 4377 6
4379 1313 6
4379 153 6
4379 162 6
4379 1682 6
4379 2255 6
4379 2927 6
4381 62 6
4382 4361 6
4382 848 6
4383 378 6
4383 4364 6
4384 4374 6
4384 4376 6
4384 4377 6
4384 4385 6
4385 3189 6
4385 4374 6
4385 4377 6
4388 378 6
4388 4364 6
4388 4383 6
4388 4389 6
439 467 6
4390 17 6
4390 1975 6
4390 1993 6
4391 4246 6
4392 4199 6
4393 4139 6
4393 767 6
4394 4395 6
4395 4404 6
4396 1169 6
4396 3533 6
4397 941 6
44 2716 6
44 563 6
440 1201 6
440 1298 6
440 1925 6
440 1926 6
440 1927 6
440 1927 6
440 1998 6
440 452 6
440 721 6
4401 1581 6
4402 4245 6
4402 4246 6
4402 4403 6
4403 4245 6
4404 4394 6
4405 2408 6
4406 4400 6
4407 4393 6
4407 767 6
4407 786 6
4408 2969 6
4408 3828 6
4409 778 6
441 1210 6
4410 314 6
4410 3150 6
4410 3551 6
4410 4249 6
4410 4411 6
4411 1854 6
4412 4134 6
4412 4422 6
4412 4434 6
4413 3560 6
4414 124 6
4415 375 6
4415 4412 6
4415 4416 6
4416 375 6
4417 2901 6
4417 4082 6
4417 448 6
4418 2148 6
4418 2401 6
4418 4419 6
4418 855 6
4419 2073 6
4419 2137 6
4419 2401 6
4419 2448 6
4420 2346 6
4420 3203 6
4421 4385 6
4421 562 6
4421 822 6
4422 295 6
4422 4415 6
4423 2011 6
4423 4421 6
4423 562 6
4424 4413 6
4424 4425 6
4425 4426 6
4426 4413 6
4427 4428 6
4428 4429 6
443 2221 6
443 2233 6
443 2336 6
4430 1236 6
4431 4432 6
4432 4427 6
4433 4424 6
4434 4415 6
4434 4422 6
4435 2235 6
4436 1183 6
4439 123 6
4439 2911 6
444 1166 6
444 4053 6
444 4467 6
444 74 6
4440 1834 6
4440 2555 6
4440 4455 6
4441 4183 6
4442 1082 6
4442 18 6
4444 445 6
4445 189 6
4445 270 6
4446 2262 6
4446 507 6
4447 2055 6
4447 4448 6
4448 471 6
4449 3706 6
4449 4006 6
4449 4098 6
445 4049 6
445 4245 6
445 633 6
4450 3600 6
4450 4451 6
4450 509 6
4451 4098 6
4451 444 6
4452 4451 6
4454 2973 6
4455 3441 6
4456 186 6
4456 3111 6
4456 566 6
4457 2233 6
4457 445 6
4457 4451 6
4460 18 6
4461 3990 6
4461 444 6
4461 4462 6
4463 1226 6
4463 4245 6
4464 1971 6
4465 3855 6
4466 754 6
4467 2309 6
4467 3176 6
4467 3232 6
4467 4630 6
4467 522 6
4468 3724 6
4469 3855 6
447 1623 6
447 2296 6
447 278 6
447 3908 6
447 393 6
447 485 6
447 637 6
447 659 6
447 673 6
447 746 6
447 833 6
4470 3498 6
4470 3706 6
4470 4257 6
4471 328 6
4471 4340 6
4471 4467 6
4471 826 6
4473 972 6
4474 838 6
4475 4476 6
4475 991 6
4476 1447 6
4476 3458 6
4477 1828 6
4478 548 6
4479 1373 6
4479 1737 6
448 1090 6
448 115 6
448 1241 6
448 2234 6
448 2278 6
448 2392 6
448 2765 6
448 4082 6
4480 1921 6
4480 4249 6
4480 4410 6
4481 4234 6
4482 4504 6
4483 3589 6
4484 4485 6
4484 4486 6
4486 2309 6
4486 4497 6
4487 447 6
4487 833 6
4488 2957 6
4488 2977 6
4488 4489 6
4489 2796 6
4489 2957 6
4489 3340 6
449 112 6
449 1401 6
449 2671 6
449 371 6
449 3782 6
449 505 6
449 563 6
449 610 6
449 807 6
449 968 6
4490 212 6
4490 89 6
4491 1281 6
4491 3903 6
4491 603 6
4492 2032 6
4494 1361 6
4494 2964 6
4494 3735 6
4496 4221 6
4497 2836 6
4497 3080 6
4497 444 6
4498 3594 6
4498 391 6
4498 4484 6
4498 4499 6
4499 3071 6
45 1257 6
45 3767 6
45 687 6
45 773 6
45 875 6
4500 1352 6
4501 2308 6
4502 4503 6
4503 4218 6
4504 4483 6
4504 550 6
4505 1299 6
4505 3695 6
4507 129 6
4507 3962 6
4509 2913 6
451 1131 6
451 1178 6
451 1621 6
451 1654 6
451 2023 6
451 2225 6
451 384 6
451 396 6
451 96 6
4510 269 6
4510 3103 6
4512 1519 6
4512 212 6
4512 3458 6
4512 602 6
4513 4058 6
4513 4338 6
4515 566 6
4516 4239 6
4517 933 6
4518 1612 6
452 1564 6
452 36 6
452 580 6
452 833 6
452 849 6
452 910 6
4520 2803 6
4520 3232 6
4520 4521 6
4522 3077 6
4523 127 6
4523 3037 6
4523 3535 6
4523 39 6
4524 1553 6
4524 160 6
4525 1760 6
4525 2606 6
4525 3369 6
4526 340 6
4527 4492 6
4528 166 6
4529 4475 6
453 1400 6
453 1537 6
453 2613 6
453 310 6
453 3240 6
453 4273 6
453 764 6
4530 39 6
4530 713 6
4532 3742 6
4532 4533 6
4533 3742 6
4534 1203 6
4534 627 6
4535 9 6
4536 1861 6
4536 4269 6
4536 4537 6
4537 133 6
4537 2288 6
4537 3151 6
4539 3101 6
4539 41 6
4539 4530 6
4539 4549 6
4540 127 6
4540 3101 6
4541 101 6
4541 269 6
4541 3038 6
4541 3102 6
4541 3112 6
4541 4542 6
4541 46 6
4542 3113 6
4542 39 6
4542 713 6
4543 4544 6
4544 4535 6
4545 4543 6
4545 4544 6
4546 1014 6
4546 2179 6
4546 2919 6
4546 3869 6
4547 128 6
4547 3112 6
4547 3506 6
4547 4540 6
4547 4550 6
4548 2515 6
4548 2842 6
4548 3220 6
4548 3830 6
4548 726 6
4549 223 6
4549 3120 6
4549 3506 6
4549 4540 6
455 1308 6
455 1711 6
455 1925 6
455 3450 6
4550 3038 6
4552 3526 6
4552 4575 6
4552 4612 6
4553 652 6
4554 2810 6
4554 3081 6
4554 372 6
4555 4556 6
4557 3530 6
4558 227 6
4558 3965 6
4559 4561 6
456 187 6
456 2312 6
456 3026 6
456 3771 6
456 507 6
456 537 6
456 580 6
456 610 6
456 673 6
456 692 6
4560 4561 6
4561 2838 6
4561 4598 6
4562 2035 6
4563 4564 6
4565 2723 6
4565 4588 6
4566 39 6
4566 435 6
4567 250 6
4567 920 6
4568 1498 6
4568 472 6
4568 707 6
4569 651 6
4569 652 6
457 149 6
457 384 6
457 409 6
457 560 6
4570 4571 6
4571 753 6
4572 1782 6
4573 2079 6
4574 1226 6
4575 1162 6
4575 4560 6
4576 3498 6
4577 1951 6
4577 4578 6
4578 1951 6
4579 3083 6
4580 1212 6
4580 202 6
4580 2934 6
4581 21 6
4581 258 6
4582 2759 6
4583 2936 6
4583 2983 6
4583 4584 6
4584 2936 6
4584 4552 6
4585 4582 6
4585 4629 6
4585 562 6
4586 600 6
4587 3530 6
4587 3849 6
4589 528 6
4590 3596 6
4590 4579 6
4591 2707 6
4591 4578 6
4592 3083 6
4593 3962 6
4593 4051 6
4594 1498 6
4594 3518 6
4595 3112 6
4595 4548 6
4596 145 6
4597 2691 6
4597 4598 6
4599 4600 6
4599 4601 6
46 128 6
46 152 6
46 3120 6
46 4549 6
460 4347 6
4600 4599 6
4601 4599 6
4602 4570 6
4602 4603 6
4603 1978 6
4603 443 6
4604 147 6
4605 3037 6
4608 2188 6
4608 4507 6
4609 4277 6
4609 651 6
4609 654 6
4609 759 6
461 1186 6
461 1711 6
461 2574 6
461 272 6
461 2887 6
461 2890 6
461 3018 6
461 623 6
461 692 6
461 833 6
4610 112 6
4610 4633 6
4611 4613 6
4612 4575 6
4613 4614 6
4613 753 6
4614 4631 6
4615 2313 6
4615 2679 6
4616 4353 6
4617 2677 6
4618 435 6
4619 4620 6
4621 4559 6
4622 4556 6
4622 4632 6
4623 2688 6
4624 4553 6
4624 655 6
4625 2031 6
4625 521 6
4625 831 6
4627 2770 6
4628 2686 6
463 1573 6
463 1668 6
4630 3081 6
4630 4565 6
4630 4610 6
4631 4028 6
4631 4576 6
4631 521 6
4633 2810 6
4633 3155 6
4633 4582 6
4634 4590 6
4635 3051 6
4635 4636 6
4637 3544 6
4637 573 6
4639 4640 6
4641 2313 6
4641 2679 6
4641 4615 6
4642 4561 6
4643 2713 6
4643 4631 6
465 1381 6
465 1529 6
465 275 6
465 3076 6
465 414 6
465 4493 6
465 452 6
465 482 6
465 831 6
466 3498 6
466 4340 6
466 707 6
467 1466 6
467 1889 6
467 1927 6
467 2320 6
467 2380 6
467 439 6
467 440 6
467 440 6
467 605 6
467 635 6
468 1016 6
468 456 6
468 487 6
468 92 6
471 112 6
471 2309 6
471 4177 6
472 2723 6
472 4585 6
473 444 6
473 4499 6
473 561 6
476 1057 6
476 1440 6
476 155 6
476 1684 6
476 1927 6
476 42 6
476 4308 6
476 444 6
476 456 6
477 112 6
479 132 6
479 3693 6
479 4298 6
479 4307 6
479 4333 6
479 921 6
480 1220 6
480 383 6
481 2006 6
481 748 6
482 1870 6
482 278 6
482 357 6
482 383 6
483 1007 6
483 3429 6
485 1822 6
485 2006 6
485 3893 6
485 393 6
485 400 6
485 825 6
486 1125 6
486 2372 6
486 3016 6
486 3593 6
487 1025 6
487 299 6
487 3232 6
487 3757 6
487 387 6
487 725 6
487 748 6
488 321 6
49 1268 6
49 220 6
492 2723 6
492 3077 6
492 3540 6
492 4098 6
494 1380 6
494 2351 6
494 3724 6
494 3778 6
496 1533 6
496 1854 6
496 1933 6
496 211 6
496 3813 6
496 801 6
497 1179 6
497 1180 6
497 1529 6
497 2006 6
497 3150 6
497 480 6
497 487 6
499 1430 6
499 153 6
499 4379 6
5 2266 6
5 4637 6
500 1108 6
500 13 6
500 2067 6
500 2143 6
500 621 6
500 623 6
500 720 6
503 421 6
503 4315 6
507 2255 6
508 129 6
508 14 6
508 1529 6
508 172 6
508 414 6
508 510 6
508 530 6
508 753 6
509 4452 6
51 1283 6
51 199 6
51 2101 6
51 255 6
51 387 6
510 112 6
510 132 6
510 261 6
510 2796 6
510 2796 6
510 2805 6
510 2836 6
510 3324 6
510 4076 6
510 605 6
510 635 6
510 728 6
511 357 6
511 4028 6
511 510 6
511 753 6
514 1548 6
514 1549 6
514 1550 6
514 1684 6
514 4108 6
516 1027 6
516 1170 6
516 182 6
516 2765 6
516 309 6
516 4487 6
516 659 6
516 720 6
519 1035 6
519 12 6
519 124 6
519 129 6
519 1684 6
519 2255 6
519 2930 6
519 3083 6
519 3406 6
519 508 6
519 721 6
519 725 6
519 736 6
519 798 6
519 955 6
521 3534 6
521 3865 6
521 4497 6
521 4522 6
522 357 6
522 4485 6
522 4506 6
522 4507 6
528 3534 6
528 4644 6
53 130 6
53 172 6
53 214 6
53 2209 6
53 3326 6
53 387 6
53 457 6
53 467 6
53 563 6
53 64 6
53 653 6
530 492 6
530 510 6
530 545 6
534 3777 6
534 4315 6
534 4327 6
534 4441 6
535 1210 6
535 3126 6
536 1727 6
536 3245 6
536 3603 6
536 3604 6
536 4302 6
537 1108 6
537 1108 6
537 13 6
537 211 6
537 280 6
537 412 6
537 580 6
537 623 6
537 692 6
537 98 6
538 188 6
538 1927 6
538 400 6
538 497 6
539 1057 6
539 1684 6
539 2233 6
539 2336 6
539 2336 6
539 3965 6
539 443 6
539 4558 6
539 468 6
54 1183 6
54 1677 6
54 2307 6
54 3769 6
54 3786 6
54 4115 6
54 4302 6
54 983 6
540 2230 6
540 2336 6
540 4284 6
540 433 6
540 539 6
543 1066 6
543 122 6
543 1254 6
543 21 6
543 2336 6
543 258 6
543 3250 6
543 4581 6
543 461 6
543 539 6
543 56 6
543 849 6
545 172 6
545 2 6
545 2031 6
545 352 6
545 443 6
545 456 6
545 566 6
545 580 6
546 1711 6
548 365 6
548 4485 6
549 1842 6
549 4341 6
55 920 6
550 3579 6
550 3589 6
550 4482 6
550 4483 6
557 2238 6
557 25 6
557 250 6
557 3023 6
557 3029 6
557 3211 6
557 3326 6
557 874 6
56 4284 6
560 1397 6
560 3441 6
560 4379 6
560 580 6
561 129 6
561 1498 6
561 257 6
561 2723 6
561 577 6
561 728 6
562 2413 6
562 4385 6
562 530 6
562 632 6
563 188 6
563 250 6
563 2723 6
563 3189 6
563 334 6
563 562 6
563 728 6
563 830 6
566 193 6
566 251 6
566 2713 6
566 3084 6
566 3155 6
566 3176 6
566 3524 6
566 4058 6
566 412 6
566 4340 6
566 4452 6
566 4474 6
566 562 6
566 632 6
566 863 6
569 4519 6
573 1027 6
573 1212 6
573 130 6
573 1851 6
573 187 6
573 2170 6
573 2266 6
573 237 6
573 2673 6
573 456 6
573 623 6
573 673 6
573 734 6
573 833 6
573 897 6
574 1057 6
574 1177 6
574 2233 6
574 237 6
574 3056 6
574 334 6
574 833 6
577 2714 6
577 822 6
579 251 6
579 3230 6
579 3593 6
579 4215 6
579 543 6
579 659 6
579 989 6
580 1791 6
580 197 6
580 211 6
580 211 6
580 2521 6
580 2574 6
580 30 6
580 4330 6
580 456 6
580 610 6
580 635 6
580 637 6
580 673 6
586 1529 6
586 371 6
586 508 6
586 545 6
586 801 6
588 4453 6
589 3211 6
589 3844 6
589 387 6
589 643 6
589 644 6
59 3729 6
59 3729 6
59 4200 6
59 4282 6
595 1869 6
595 3108 6
595 3457 6
595 3708 6
595 586 6
595 673 6
596 3545 6
6 1308 6
6 2972 6
6 4029 6
6 4302 6
6 913 6
600 4626 6
601 1205 6
601 2006 6
601 746 6
602 2765 6
602 3645 6
603 2904 6
603 3431 6
605 1183 6
605 17 6
605 1782 6
605 200 6
605 2170 6
605 2836 6
605 299 6
605 3312 6
605 3326 6
605 4263 6
605 440 6
605 456 6
609 2791 6
609 3081 6
609 4350 6
609 4498 6
61 1232 6
61 3548 6
61 670 6
610 1163 6
610 1197 6
610 1684 6
610 2255 6
610 300 6
610 3085 6
610 372 6
610 3762 6
610 38 6
610 3940 6
610 444 6
610 537 6
612 1281 6
612 1618 6
612 1641 6
615 1715 6
615 4234 6
62 1957 6
62 207 6
62 257 6
62 278 6
62 3684 6
62 399 6
62 4363 6
62 79 6
620 4319 6
620 4327 6
620 837 6
621 171 6
621 200 6
621 3124 6
621 3135 6
621 4007 6
621 436 6
621 4387 6
621 725 6
622 2426 6
622 4447 6
623 1183 6
623 1245 6
623 130 6
623 1440 6
623 2 6
623 2247 6
623 2574 6
623 272 6
623 3023 6
623 421 6
623 503 6
623 653 6
623 734 6
623 789 6
623 798 6
623 801 6
623 913 6
623 92 6
623 983 6
627 1056 6
632 4385 6
632 838 6
633 4471 6
633 92 6
634 1083 6
634 4442 6
635 1108 6
635 1108 6
635 211 6
635 211 6
635 421 6
635 467 6
635 605 6
637 1025 6
637 1308 6
637 1385 6
637 1654 6
637 931 6
638 1727 6
638 3225 6
638 831 6
64 1380 6
64 1675 6
64 2380 6
64 299 6
64 3233 6
64 4381 6
64 449 6
64 487 6
64 673 6
64 79 6
640 1221 6
642 2275 6
643 112 6
643 189 6
643 2203 6
643 3136 6
643 3844 6
643 573 6
643 605 6
643 773 6
643 875 6
643 882 6
644 2159 6
644 2160 6
644 3169 6
644 3873 6
646 3176 6
646 3232 6
646 3232 6
646 3582 6
646 4340 6
646 826 6
649 2372 6
649 3908 6
65 1081 6
651 1859 6
651 4026 6
651 4272 6
651 654 6
652 1200 6
652 2826 6
652 4276 6
652 655 6
652 759 6
653 1025 6
653 1201 6
653 1245 6
653 287 6
653 30 6
653 3023 6
653 371 6
653 476 6
653 537 6
653 692 6
653 789 6
654 2090 6
654 2090 6
654 3029 6
654 449 6
654 595 6
654 759 6
655 4609 6
655 654 6
656 1026 6
656 112 6
656 2805 6
656 414 6
656 421 6
656 503 6
656 508 6
656 51 6
656 53 6
656 605 6
659 1027 6
659 1177 6
659 1623 6
659 1791 6
659 189 6
659 259 6
659 3326 6
659 573 6
659 586 6
659 789 6
659 801 6
659 92 6
659 956 6
66 1030 6
66 1117 6
66 1179 6
66 1854 6
66 1925 6
66 2296 6
66 2307 6
66 2714 6
66 2888 6
66 3604 6
66 3913 6
66 421 6
66 4270 6
66 621 6
66 725 6
66 787 6
661 1013 6
661 3465 6
663 4277 6
663 4278 6
664 1177 6
664 165 6
664 214 6
664 4263 6
670 1232 6
670 32 6
670 3548 6
670 61 6
671 4495 6
673 1007 6
673 1035 6
673 1871 6
673 272 6
673 516 6
673 53 6
673 588 6
673 654 6
673 659 6
673 720 6
673 862 6
674 2826 6
674 4026 6
674 4277 6
674 4609 6
675 3897 6
681 151 6
682 687 6
684 1216 6
684 1498 6
684 3155 6
684 4456 6
684 4457 6
684 4489 6
684 530 6
684 863 6
685 1205 6
685 2005 6
685 3018 6
685 393 6
685 486 6
685 89 6
685 989 6
686 3123 6
687 4073 6
687 589 6
687 726 6
687 790 6
690 1076 6
690 2179 6
690 3869 6
690 4546 6
691 1228 6
692 178 6
692 2079 6
692 3018 6
692 3650 6
692 39 6
692 580 6
692 623 6
692 725 6
692 983 6
696 419 6
696 4312 6
701 185 6
701 806 6
706 2860 6
706 4060 6
707 3978 6
707 4470 6
707 4593 6
708 4453 6
708 480 6
709 2040 6
709 2851 6
709 692 6
710 1008 6
710 1177 6
710 3240 6
710 3431 6
710 3960 6
710 4222 6
710 622 6
712 250 6
712 3037 6
712 3112 6
712 4541 6
713 128 6
713 223 6
713 3037 6
713 712 6
719 178 6
719 4316 6
720 1027 6
720 1117 6
720 1177 6
720 1245 6
720 2146 6
720 3215 6
720 3520 6
720 418 6
720 516 6
720 53 6
720 833 6
720 833 6
720 849 6
720 92 6
720 983 6
721 2714 6
721 287 6
721 421 6
721 4271 6
721 653 6
721 778 6
725 2143 6
725 3245 6
725 3652 6
725 4581 6
725 4595 6
725 500 6
725 56 6
726 1210 6
726 2719 6
726 3857 6
726 643 6
728 1169 6
728 2723 6
728 2805 6
728 3079 6
728 3312 6
728 3774 6
728 4421 6
731 1466 6
731 42 6
734 2676 6
734 2796 6
734 3772 6
736 1025 6
736 1117 6
736 1432 6
736 1637 6
736 172 6
736 1782 6
736 1854 6
736 1889 6
736 1927 6
736 1933 6
736 387 6
736 400 6
736 440 6
736 476 6
736 623 6
736 66 6
739 2084 6
739 4393 6
74 28 6
74 2995 6
74 3348 6
74 387 6
74 412 6
74 545 6
740 1866 6
740 2296 6
741 1480 6
741 1529 6
741 1711 6
741 1846 6
741 2255 6
741 272 6
741 543 6
741 579 6
742 1327 6
742 1523 6
742 1684 6
742 3146 6
742 3743 6
746 1199 6
746 1205 6
746 3893 6
746 400 6
746 4001 6
746 42 6
747 3201 6
748 1088 6
748 1271 6
748 1883 6
748 1997 6
748 2067 6
748 393 6
748 400 6
748 497 6
752 4139 6
752 4407 6
752 767 6
753 186 6
753 2723 6
753 2901 6
753 3083 6
753 334 6
753 3913 6
753 4594 6
753 466 6
753 510 6
753 566 6
753 778 6
754 3520 6
756 1677 6
759 4276 6
759 651 6
759 674 6
762 126 6
764 1447 6
764 1473 6
764 2765 6
767 2075 6
767 4139 6
77 145 6
77 3057 6
77 314 6
77 3230 6
77 37 6
772 910 6
773 127 6
773 687 6
773 950 6
775 132 6
775 1709 6
775 3873 6
775 741 6
778 1711 6
778 3073 6
778 3108 6
778 334 6
778 621 6
783 3227 6
783 595 6
786 2075 6
786 4139 6
786 752 6
787 1029 6
787 1030 6
787 1179 6
787 2005 6
787 2374 6
787 2392 6
789 30 6
789 412 6
789 503 6
789 653 6
79 207 6
79 220 6
79 910 6
790 3970 6
790 953 6
792 1217 6
793 3644 6
793 818 6
793 925 6
796 4424 6
796 4425 6
796 4433 6
798 1117 6
798 1202 6
798 124 6
798 371 6
798 538 6
798 623 6
798 728 6
798 734 6
801 1201 6
801 1791 6
801 227 6
801 2574 6
801 2574 6
801 580 6
801 580 6
801 623 6
801 635 6
801 92 6
802 3873 6
803 1148 6
803 2 6
803 2426 6
803 2718 6
803 2904 6
803 3018 6
803 3124 6
803 330 6
803 3422 6
803 539 6
803 610 6
803 706 6
803 950 6
803 973 6
805 202 6
806 164 6
806 165 6
806 1820 6
806 185 6
806 327 6
806 4173 6
806 4390 6
807 1473 6
807 479 6
807 516 6
807 681 6
807 925 6
808 3623 6
815 108 6
815 1363 6
815 360 6
816 1963 6
816 3982 6
817 4576 6
818 1125 6
818 1966 6
818 3 6
818 807 6
819 2331 6
819 4420 6
822 2836 6
822 2911 6
822 3080 6
822 365 6
822 566 6
822 577 6
824 131 6
824 2628 6
824 499 6
825 1214 6
825 1841 6
825 247 6
825 2739 6
825 4336 6
825 4338 6
825 826 6
825 837 6
826 1841 6
826 2129 6
826 247 6
826 3232 6
826 355 6
826 3966 6
826 4338 6
826 596 6
827 1180 6
827 4271 6
827 480 6
827 497 6
827 748 6
827 989 6
828 3645 6
828 4494 6
83 147 6
83 1782 6
83 3743 6
83 4285 6
830 132 6
830 3324 6
830 510 6
830 831 6
831 1201 6
831 1608 6
831 2400 6
831 4076 6
831 444 6
831 566 6
831 753 6
833 1025 6
833 1177 6
833 1383 6
833 165 6
833 185 6
833 237 6
833 3808 6
833 455 6
833 664 6
837 194 6
837 313 6
837 3946 6
837 826 6
838 1201 6
838 1529 6
838 2713 6
838 2714 6
838 3594 6
838 4295 6
838 4520 6
838 562 6
838 863 6
842 4049 6
847 1226 6
848 1183 6
848 1398 6
848 1782 6
848 2670 6
848 3244 6
848 436 6
848 4371 6
849 1007 6
849 1025 6
849 1245 6
849 132 6
849 1440 6
849 2247 6
849 2890 6
849 30 6
849 371 6
85 3754 6
852 2317 6
852 3535 6
853 2380 6
855 1890 6
855 2073 6
856 2759 6
86 696 6
860 2170 6
862 1597 6
862 2 6
862 278 6
862 2888 6
862 573 6
862 876 6
863 186 6
863 2714 6
863 3189 6
863 4385 6
863 4506 6
864 1168 6
864 2310 6
868 3890 6
872 1168 6
872 1177 6
872 32 6
872 4645 6
872 864 6
875 687 6
875 726 6
876 54 6
878 2980 6
879 1197 6
879 1308 6
879 2719 6
879 3213 6
879 3473 6
879 692 6
88 108 6
88 1472 6
88 339 6
88 4195 6
88 747 6
880 461 6
880 914 6
882 441 6
883 1194 6
883 171 6
883 435 6
885 4367 6
89 1 6
89 1160 6
89 1406 6
89 1802 6
89 393 6
89 42 6
891 4019 6
891 4312 6
891 4409 6
891 500 6
897 1299 6
897 1735 6
897 3762 6
897 3762 6
897 4505 6
897 848 6
898 1489 6
9 4543 6
9 4544 6
9 4545 6
90 2 6
90 2240 6
900 171 6
900 1939 6
901 2431 6
91 1125 6
91 1178 6
91 18 6
91 2765 6
91 4477 6
910 1148 6
910 1623 6
910 172 6
910 1927 6
910 1957 6
910 220 6
910 278 6
910 291 6
910 421 6
910 53 6
910 635 6
910 66 6
913 1108 6
913 1791 6
913 1842 6
913 280 6
913 2972 6
913 3023 6
913 461 6
913 476 6
913 537 6
913 692 6
914 1711 6
914 272 6
914 3743 6
914 654 6
914 849 6
915 2679 6
915 3331 6
917 2275 6
917 3260 6
917 642 6
92 1174 6
92 1254 6
92 130 6
92 1619 6
92 1791 6
92 1842 6
92 1927 6
92 1963 6
92 2172 6
92 2309 6
92 2574 6
92 3693 6
92 4284 6
92 479 6
92 519 6
92 623 6
92 728 6
92 753 6
92 801 6
92 833 6
92 876 6
92 913 6
92 913 6
920 263 6
920 34 6
920 456 6
920 974 6
921 148 6
921 228 6
921 2371 6
921 3326 6
921 400 6
922 232 6
924 3628 6
924 4293 6
925 2765 6
925 3644 6
925 91 6
926 1785 6
93 278 6
931 1418 6
931 1747 6
931 2380 6
931 272 6
933 1352 6
938 201 6
941 4400 6
945 4556 6
945 4562 6
946 2478 6
946 272 6
946 2972 6
946 3473 6
946 4535 6
946 4545 6
946 557 6
95 131 6
95 2051 6
95 3235 6
950 1747 6
950 2121 6
950 224 6
950 3422 6
950 708 6
950 803 6
952 172 6
952 2240 6
952 3989 6
952 90 6
953 18 6
953 2166 6
953 2200 6
953 2765 6
953 3458 6
953 802 6
955 1257 6
955 2549 6
955 3108 6
955 741 6
956 1178 6
956 387 6
956 421 6
956 926 6
958 340 6
959 1025 6
959 1568 6
959 2057 6
959 2067 6
959 2676 6
959 275 6
960 1049 6
960 2551 6
968 1211 6
968 289 6
968 2934 6
968 573 6
971 1167 6
971 2400 6
971 3771 6
973 2719 6
973 4346 6
973 543 6
973 910 6
974 259 6
974 32 6
975 1523 6
975 2735 6
98 1108 6
98 1117 6
98 1791 6
98 187 6
98 1889 6
98 2247 6
98 3525 6
98 371 6
98 467 6
98 496 6
98 537 6
98 681 6
98 736 6
981 1284 6
981 3705 6
981 461 6
983 447 6
983 537 6
983 623 6
983 653 6
983 913 6
987 1667 6
987 1692 6
987 2033 6
987 4516 6
989 2006 6
989 2973 6
989 3057 6
989 3230 6
989 3271 6
989 3443 6
989 3465 6
989 3934 6
989 3940 6
989 4018 6
989 4019 6
989 803 6
991 1854 6
993 87 6
997 1339 6
997 1422 6
997 1512 6
997 3195 6
997 451 6
1 1051 7
1003 2606 7
1003 3355 7
1003 744 7
1004 163 7
1005 1252 7
1005 1393 7
1005 1472 7
1007 1503 7
1007 1689 7
1007 1808 7
1007 204 7
1007 24 7
1007 298 7
1007 3062 7
1007 455 7
1007 659 7
1007 815 7
1007 993 7
1008 1007 7
1008 1026 7
1008 112 7
1008 462 7
1008 519 7
1008 5260 7
1008 993 7
1009 122 7
1009 464 7
1012 6206 7
1013 1548 7
1013 287 7
1013 400 7
1013 412 7
1016 1200 7
1016 5840 7
102 128 7
102 3120 7
1021 1603 7
1021 4796 7
1021 5186 7
1024 1289 7
1024 1412 7
1024 1784 7
1024 4963 7
1024 5417 7
1025 112 7
1025 1308 7
1025 132 7
1025 440 7
1025 476 7
1025 586 7
1025 637 7
1025 687 7
1025 803 7
1026 1008 7
1026 1308 7
1026 1826 7
1026 1885 7
1026 197 7
1026 200 7
1026 2531 7
1026 2996 7
1026 3044 7
1026 3108 7
1026 33 7
1026 5528 7
1026 5532 7
1026 673 7
1027 1025 7
1027 1711 7
1027 1985 7
1027 237 7
1027 251 7
1027 3215 7
1027 4487 7
1027 449 7
1027 467 7
1027 476 7
1027 5660 7
1027 605 7
1027 623 7
1027 803 7
1028 975 7
1029 2392 7
1029 260 7
1029 2647 7
1029 2739 7
1029 3867 7
1029 6083 7
1029 621 7
1029 720 7
1029 792 7
1031 3945 7
1031 4512 7
1032 423 7
1032 637 7
1033 4155 7
1033 4934 7
1035 1027 7
1035 1178 7
1035 1711 7
1035 189 7
1035 1965 7
1035 202 7
1035 255 7
1035 264 7
1035 4062 7
1035 4487 7
1035 5670 7
1035 720 7
1035 955 7
104 1438 7
104 2006 7
104 25 7
104 2606 7
104 2751 7
104 2891 7
104 3608 7
104 3741 7
104 3861 7
104 3934 7
104 5311 7
104 965 7
1042 1948 7
1042 195 7
1044 1013 7
1044 287 7
1044 330 7
1044 364 7
1044 4333 7
1044 6386 7
1044 653 7
1045 1037 7
1045 4382 7
1045 5035 7
1046 1100 7
1046 1102 7
1046 2594 7
1046 6030 7
1049 3122 7
1051 1239 7
1051 1754 7
1052 1177 7
1052 2253 7
1052 3101 7
1052 5887 7
1054 1221 7
1054 2348 7
1054 2392 7
1054 260 7
1054 2711 7
1054 393 7
1054 42 7
1054 4767 7
1054 621 7
1054 787 7
1054 806 7
1055 1137 7
1055 4757 7
1056 1013 7
1056 1179 7
1056 1728 7
1056 1748 7
1056 199 7
1056 2006 7
1056 2372 7
1056 2372 7
1056 281 7
1056 3056 7
1056 467 7
1056 573 7
1056 601 7
1056 827 7
1056 956 7
1057 2006 7
1057 334 7
1057 383 7
1057 4041 7
1057 42 7
1057 4534 7
1057 4793 7
1057 4796 7
1057 497 7
1057 5101 7
1057 66 7
1057 689 7
1061 480 7
1062 1881 7
1063 1985 7
1063 2891 7
1063 6343 7
1063 696 7
1063 715 7
1063 778 7
1064 4318 7
1065 1177 7
1066 1479 7
1066 1564 7
1066 2573 7
1066 3085 7
1066 4062 7
1066 508 7
1066 741 7
1070 1095 7
1070 4114 7
1070 64 7
1071 235 7
1071 622 7
1075 2365 7
1077 1218 7
1079 3013 7
1079 3954 7
1079 5673 7
108 1352 7
108 1472 7
108 340 7
108 3458 7
108 3623 7
108 4528 7
1080 1549 7
1080 3237 7
1080 536 7
1081 1896 7
1081 1908 7
1081 2466 7
1081 272 7
1081 3272 7
1081 3429 7
1081 3993 7
1081 460 7
1081 4826 7
1081 4879 7
1081 860 7
1081 861 7
1082 1168 7
1082 1267 7
1082 1597 7
1082 2055 7
1082 42 7
1082 605 7
1083 2207 7
1083 2284 7
1083 2284 7
1083 2966 7
1083 2966 7
1083 4089 7
1086 2730 7
1086 3736 7
1087 1201 7
1087 224 7
1087 715 7
1087 778 7
1088 104 7
1088 1081 7
1088 1131 7
1088 1578 7
1088 1578 7
1088 1643 7
1088 1874 7
1088 1880 7
1088 1908 7
1088 1908 7
1088 2378 7
1088 2462 7
1088 2466 7
1088 2568 7
1088 2836 7
1088 2901 7
1088 3050 7
1088 3066 7
1088 3271 7
1088 4479 7
1088 5009 7
1088 5697 7
1088 685 7
1088 784 7
1088 91 7
109 142 7
109 143 7
109 143 7
109 1828 7
109 2819 7
109 3934 7
109 4205 7
109 453 7
109 4678 7
109 927 7
1090 4868 7
1091 1141 7
1091 12 7
1091 4333 7
1091 5004 7
1091 5250 7
1091 5365 7
1091 5366 7
1091 721 7
1092 3713 7
1093 1051 7
1093 1125 7
1093 1681 7
1093 1730 7
1093 88 7
1093 956 7
1095 1866 7
1095 2316 7
1098 3392 7
1098 4120 7
1098 4501 7
1099 171 7
1099 435 7
110 3201 7
110 485 7
1100 4837 7
1101 1055 7
1101 6327 7
1102 6004 7
1102 6005 7
1103 104 7
1103 1128 7
1103 1518 7
1103 1928 7
1103 2596 7
1103 333 7
1103 4269 7
1103 6446 7
1103 66 7
1103 728 7
1103 753 7
1104 1549 7
1104 2368 7
1104 514 7
1108 13 7
1108 1791 7
1108 1988 7
1108 280 7
1108 371 7
1108 371 7
1108 421 7
1108 455 7
1108 456 7
1108 580 7
1108 731 7
1108 801 7
1108 849 7
1108 98 7
1109 3884 7
1109 503 7
1109 5891 7
111 328 7
111 3498 7
111 4787 7
1110 1904 7
1110 1906 7
1110 2462 7
1110 3879 7
1114 145 7
1114 989 7
1117 1025 7
1117 1056 7
1117 1183 7
1117 1202 7
1117 1355 7
1117 1927 7
1117 2995 7
1117 3018 7
1117 330 7
1117 3429 7
1117 3608 7
1117 3927 7
1117 4060 7
1117 4060 7
1117 444 7
1117 465 7
1117 467 7
1117 537 7
1117 623 7
1117 659 7
1117 673 7
1117 983 7
1118 1289 7
1118 1880 7
1118 2860 7
1118 3049 7
1118 3050 7
1118 5071 7
112 1169 7
112 1548 7
112 239 7
112 2714 7
112 3073 7
112 3076 7
112 3540 7
112 452 7
112 4648 7
112 510 7
112 53 7
112 580 7
112 803 7
1120 366 7
1121 3908 7
1121 4211 7
1121 6441 7
1121 6443 7
1122 3902 7
1122 4307 7
1122 6460 7
1123 1352 7
1123 2765 7
1123 340 7
1123 4205 7
1123 90 7
1124 5543 7
1125 1123 7
1125 1701 7
1125 3058 7
1125 3458 7
1125 394 7
1125 747 7
1125 90 7
1126 3714 7
1126 5689 7
1126 5721 7
1127 5365 7
1128 3422 7
1129 3385 7
1129 3829 7
113 1056 7
113 1179 7
113 1623 7
113 2986 7
113 3543 7
113 436 7
113 436 7
113 939 7
1131 1489 7
1131 1578 7
1131 1908 7
1131 3960 7
1131 5697 7
1131 637 7
1131 685 7
1132 1178 7
1132 5001 7
1132 5031 7
1133 5365 7
1133 6394 7
1137 1015 7
1137 2288 7
114 127 7
114 232 7
114 3113 7
1140 5121 7
1140 5122 7
1141 2888 7
1141 383 7
1141 5004 7
1141 6411 7
1146 1066 7
1146 1416 7
1146 569 7
1146 731 7
115 448 7
115 731 7
1150 6387 7
1151 1495 7
1151 1796 7
1151 3572 7
1152 1063 7
1152 6504 7
1153 287 7
1153 436 7
1155 4124 7
1155 6330 7
1156 1902 7
1156 5155 7
1157 4120 7
116 5970 7
1160 1054 7
1160 1294 7
1160 133 7
1160 1772 7
1160 2196 7
1160 3056 7
1160 455 7
1160 467 7
1160 742 7
1160 806 7
1160 833 7
1161 4224 7
1163 2378 7
1163 2677 7
1163 2703 7
1163 5 7
1164 1881 7
1164 25 7
1164 3423 7
1164 4059 7
1164 4307 7
1164 6194 7
1164 71 7
1166 1117 7
1166 1168 7
1166 1500 7
1166 2648 7
1166 2681 7
1166 3645 7
1166 3830 7
1167 4567 7
1168 1881 7
1168 234 7
1168 3443 7
1168 4283 7
1168 4558 7
1168 4921 7
1169 1184 7
1169 2467 7
1169 257 7
1169 3018 7
1169 3839 7
1169 387 7
1169 4659 7
1169 914 7
117 1066 7
117 118 7
1173 1153 7
1173 724 7
1174 4510 7
1174 668 7
1175 1205 7
1175 1542 7
1175 260 7
1175 383 7
1175 3871 7
1175 5659 7
1175 748 7
1176 1029 7
1176 1213 7
1176 1234 7
1176 3575 7
1176 4935 7
1176 5075 7
1177 1057 7
1177 228 7
1177 2392 7
1177 287 7
1177 399 7
1177 400 7
1177 6259 7
1177 637 7
1178 1051 7
1178 1093 7
1178 1214 7
1178 1269 7
1178 1418 7
1178 2255 7
1178 2555 7
1178 3212 7
1178 3309 7
1178 4321 7
1178 453 7
1178 497 7
1178 748 7
1178 808 7
1178 956 7
1179 112 7
1179 1175 7
1179 1983 7
1179 2006 7
1179 2006 7
1179 2738 7
1179 400 7
1179 4001 7
118 1066 7
118 1670 7
118 2456 7
118 2597 7
118 5507 7
1180 1205 7
1180 1214 7
1180 1985 7
1180 3056 7
1180 3056 7
1180 400 7
1180 4001 7
1180 4487 7
1180 55 7
1181 1056 7
1181 142 7
1181 234 7
1181 2372 7
1181 3740 7
1181 499 7
1181 5550 7
1183 207 7
1183 2307 7
1183 2898 7
1183 3106 7
1183 5667 7
1183 5887 7
1183 731 7
1184 2 7
1184 2789 7
1184 3774 7
1184 950 7
1187 1216 7
1187 4353 7
1187 4658 7
1187 4690 7
1187 4690 7
1187 5289 7
1187 5291 7
1189 4748 7
1190 1228 7
1190 2155 7
1190 2392 7
1190 4030 7
1191 1636 7
1191 49 7
1192 1557 7
1192 1666 7
1192 1794 7
1192 468 7
1194 1099 7
1194 2984 7
1195 1623 7
1195 2395 7
1196 3204 7
1196 397 7
1196 4368 7
1196 4396 7
1196 471 7
1196 6078 7
1197 3650 7
1197 3650 7
1197 643 7
1197 859 7
12 1201 7
12 170 7
12 1835 7
12 1911 7
12 1957 7
12 25 7
12 2526 7
12 287 7
12 34 7
12 3745 7
12 4886 7
120 1820 7
120 2883 7
120 4139 7
120 4947 7
120 5049 7
120 700 7
120 701 7
1200 224 7
1200 4269 7
1201 1088 7
1201 1120 7
1201 129 7
1201 1440 7
1201 169 7
1201 1866 7
1201 1976 7
1201 2288 7
1201 3150 7
1201 508 7
1201 715 7
1201 931 7
1202 165 7
1202 1925 7
1202 1985 7
1202 2006 7
1202 2348 7
1202 2711 7
1202 300 7
1202 3083 7
1202 3124 7
1202 334 7
1202 3520 7
1202 3604 7
1202 387 7
1202 447 7
1202 622 7
1202 623 7
1202 739 7
1202 833 7
1202 983 7
1203 4534 7
1205 383 7
1205 400 7
1205 480 7
1206 1218 7
1208 2634 7
1209 646 7
1209 825 7
1210 1459 7
1210 1881 7
1210 3023 7
1210 3654 7
1210 4487 7
1210 557 7
1211 2706 7
1211 3035 7
1211 79 7
1211 968 7
1212 1846 7
1212 2673 7
1212 741 7
1212 891 7
1213 1228 7
1214 1177 7
1214 1217 7
1214 1562 7
1214 1979 7
1214 334 7
1214 3893 7
1214 4001 7
1214 42 7
1214 4210 7
1214 71 7
1214 752 7
1214 806 7
1214 89 7
1215 2006 7
1215 2738 7
1216 1187 7
1216 3085 7
1216 4658 7
1216 466 7
1216 4690 7
1216 4691 7
1216 4717 7
1216 5288 7
1216 5289 7
1216 5289 7
1216 5290 7
1216 530 7
1216 6239 7
1216 6463 7
1216 74 7
1216 829 7
1216 838 7
1217 792 7
1218 6083 7
1219 1181 7
1219 1222 7
1219 2250 7
1219 2392 7
1219 314 7
1219 4761 7
122 1249 7
122 2379 7
122 2755 7
122 313 7
122 744 7
122 941 7
1220 1229 7
1220 157 7
1220 2359 7
1220 3175 7
1220 3215 7
1221 1214 7
1221 159 7
1221 164 7
1221 2084 7
1221 2392 7
1221 358 7
1221 446 7
1221 467 7
1221 752 7
1222 1328 7
1222 1623 7
1222 5026 7
1223 4469 7
1223 783 7
1224 1081 7
1224 4180 7
1224 4879 7
1224 5521 7
1224 5573 7
1224 993 7
1226 3538 7
1226 3994 7
1226 4574 7
1226 6275 7
1226 6355 7
1226 6363 7
1226 74 7
1228 1176 7
1228 2372 7
1228 4761 7
1228 5075 7
123 2048 7
123 415 7
123 4304 7
1230 1866 7
1230 2133 7
1230 4487 7
1230 5835 7
1230 6386 7
1232 104 7
1232 1063 7
1232 1066 7
1232 1523 7
1232 1835 7
1232 2380 7
1232 3448 7
1232 66 7
1234 1057 7
1234 1175 7
1234 1542 7
1234 1638 7
1234 1983 7
1234 1990 7
1234 4534 7
1235 259 7
1235 3908 7
1235 6050 7
1235 6159 7
1235 643 7
1238 1790 7
1239 1125 7
1239 1500 7
1239 4282 7
124 1056 7
124 1214 7
124 130 7
124 2316 7
124 2677 7
124 3085 7
124 451 7
124 573 7
124 64 7
124 788 7
1240 1643 7
1240 1785 7
1240 2049 7
1241 1440 7
1241 2715 7
1241 5172 7
1241 5623 7
1242 2715 7
1242 766 7
1244 1044 7
1244 1160 7
1244 1166 7
1244 1297 7
1244 1393 7
1244 1401 7
1244 2467 7
1244 25 7
1244 3062 7
1244 4215 7
1244 497 7
1244 5449 7
1245 1027 7
1245 1925 7
1245 239 7
1245 2735 7
1245 3124 7
1245 552 7
1245 573 7
1245 753 7
1245 910 7
1249 153 7
1249 1659 7
1249 2563 7
1249 5168 7
1249 941 7
125 352 7
125 4538 7
125 4881 7
125 4882 7
125 4883 7
125 5942 7
125 871 7
1252 1244 7
1252 1350 7
1252 1393 7
1252 2033 7
1252 2351 7
1252 3230 7
1254 1696 7
1254 1986 7
1254 4865 7
1254 995 7
1257 2483 7
1257 5651 7
1257 803 7
126 3133 7
126 3873 7
1261 2948 7
1265 1423 7
1265 1641 7
1265 1927 7
1265 2242 7
1265 3230 7
1265 5057 7
1265 736 7
1267 155 7
1267 2111 7
1267 3090 7
1268 1332 7
1269 1362 7
1269 1528 7
1269 4963 7
1269 5009 7
127 112 7
127 152 7
127 3038 7
127 3073 7
127 3135 7
127 3757 7
127 4303 7
127 4547 7
127 670 7
1270 1559 7
1270 1644 7
1270 5178 7
1270 5253 7
1271 2189 7
1271 3859 7
1271 4229 7
1271 447 7
1271 5002 7
1273 1430 7
1273 2468 7
1273 5136 7
1274 1679 7
1274 5455 7
1275 1418 7
1278 1399 7
128 127 7
128 3105 7
128 5942 7
128 5998 7
1280 3811 7
1281 5653 7
1282 147 7
1282 1709 7
1282 352 7
1282 4865 7
1282 4887 7
1282 5988 7
1283 4914 7
1285 4505 7
1286 1480 7
1286 1662 7
1286 2391 7
1286 2676 7
1286 848 7
1288 3722 7
1288 5159 7
1289 1007 7
1289 1088 7
1289 158 7
1289 1796 7
1289 1895 7
1289 3044 7
1289 3044 7
1289 3059 7
1289 499 7
1289 5009 7
1289 5053 7
1289 5333 7
1289 685 7
129 1192 7
129 3540 7
129 3579 7
129 4367 7
129 4594 7
129 4738 7
129 728 7
1291 5704 7
1293 1881 7
1294 1070 7
1294 132 7
1294 1482 7
1294 285 7
1294 3316 7
1294 440 7
1294 440 7
1294 455 7
1294 543 7
1295 1303 7
1295 4313 7
1295 4668 7
1297 1100 7
1297 1141 7
1297 1164 7
1297 2253 7
1297 3429 7
1298 4924 7
1299 1304 7
1299 3695 7
1299 4827 7
1299 5198 7
1299 5198 7
1299 897 7
13 211 7
13 275 7
13 280 7
13 280 7
13 371 7
13 580 7
13 635 7
13 801 7
130 1027 7
130 1174 7
130 1711 7
130 2240 7
130 3215 7
130 3319 7
130 357 7
130 461 7
130 537 7
130 537 7
130 545 7
130 586 7
130 673 7
130 720 7
130 862 7
130 973 7
130 98 7
1301 2551 7
1301 3234 7
1301 4041 7
1301 827 7
1302 4164 7
1302 681 7
1303 4302 7
1303 4668 7
1304 5198 7
1305 2981 7
1305 4928 7
1305 4929 7
1307 1361 7
1307 1598 7
1307 227 7
1307 2544 7
1307 298 7
1308 1007 7
1308 1008 7
1308 1202 7
1308 1842 7
1308 1885 7
1308 2711 7
1308 3044 7
1308 3150 7
1308 3708 7
1308 444 7
1308 455 7
1308 456 7
1308 4980 7
1308 516 7
1308 637 7
1308 673 7
1308 860 7
1308 913 7
1308 913 7
1308 98 7
131 1623 7
131 174 7
131 1809 7
131 48 7
1310 4657 7
1310 4743 7
1311 1429 7
1311 2564 7
1311 2807 7
1313 104 7
1313 1619 7
1313 189 7
1313 5531 7
1313 6089 7
1313 671 7
1314 1264 7
1314 1393 7
1314 1937 7
1317 1252 7
1317 1481 7
1318 1621 7
1318 3927 7
132 1294 7
132 14 7
132 3018 7
132 3316 7
132 4060 7
132 476 7
132 53 7
132 545 7
1320 2471 7
1320 5671 7
1323 1479 7
1326 160 7
1326 2569 7
1327 2659 7
1327 5850 7
1328 1222 7
1329 1026 7
1329 1131 7
1329 2819 7
1329 3729 7
1329 3960 7
133 1777 7
133 1908 7
133 47 7
133 5117 7
1330 4996 7
1332 4937 7
1333 1110 7
1333 1118 7
1333 2925 7
1333 3090 7
1333 5242 7
1335 1009 7
1335 2479 7
1337 1446 7
1338 5521 7
1339 748 7
134 6378 7
1342 2953 7
1342 5459 7
1344 4206 7
1344 4796 7
1344 5037 7
1345 169 7
1345 2021 7
1345 5657 7
1347 5326 7
1348 3837 7
1348 4721 7
1350 1131 7
1350 1326 7
1350 160 7
1350 3535 7
1350 3608 7
1351 1452 7
1352 3645 7
1352 4187 7
1353 4286 7
1354 2641 7
1355 118 7
1355 1240 7
1355 2006 7
1355 2207 7
1361 1393 7
1361 2544 7
1361 2957 7
1361 543 7
1362 1007 7
1362 1008 7
1362 1504 7
1362 1904 7
1362 2462 7
1362 3960 7
1362 4941 7
1362 5061 7
1362 5393 7
1362 5588 7
1362 993 7
1363 1965 7
1363 5430 7
1364 1611 7
1364 1747 7
1364 2930 7
1365 1443 7
1366 1672 7
1366 1677 7
1366 4026 7
1366 4135 7
1366 54 7
137 1191 7
137 219 7
137 2224 7
137 3345 7
137 4192 7
137 4924 7
1371 2735 7
1371 3365 7
1371 5297 7
1372 1289 7
1372 1326 7
1372 1374 7
1372 1579 7
1372 1789 7
1372 1933 7
1372 242 7
1372 2462 7
1372 777 7
1373 1178 7
1373 1458 7
1373 3927 7
1374 1026 7
1374 1151 7
1374 1317 7
1374 1489 7
1374 160 7
1374 1796 7
1374 2956 7
1376 2954 7
1376 5243 7
1376 5244 7
138 1184 7
138 1927 7
138 202 7
138 207 7
138 229 7
138 246 7
138 257 7
138 62 7
1380 1240 7
1380 2966 7
1381 2391 7
1381 333 7
1381 458 7
1381 98 7
1385 3805 7
1385 686 7
1386 15 7
1386 1612 7
1386 960 7
1387 1388 7
1388 1090 7
1389 1741 7
1389 3066 7
1390 1576 7
1390 4224 7
1390 5120 7
1390 5662 7
1392 5305 7
1393 1264 7
1393 133 7
1393 497 7
1394 3090 7
1394 3601 7
1394 5676 7
1396 1651 7
1396 1806 7
1396 92 7
1397 3062 7
1398 2133 7
1398 4318 7
1398 759 7
1399 1966 7
1399 3641 7
14 1160 7
14 1169 7
14 1925 7
14 2714 7
14 3124 7
14 3326 7
14 3326 7
14 387 7
14 3990 7
14 421 7
14 983 7
1400 3361 7
1401 1169 7
1401 1191 7
1403 1440 7
1403 1440 7
1403 1676 7
1403 2545 7
1403 373 7
1403 3989 7
1403 4295 7
1403 4681 7
1403 502 7
1403 5736 7
1406 1125 7
1406 2196 7
1406 2351 7
1406 272 7
1406 89 7
1408 1008 7
1408 1008 7
1408 1131 7
1408 1581 7
1408 1674 7
1408 1885 7
1408 3057 7
1408 5260 7
1408 673 7
1410 1362 7
1410 1912 7
1410 3499 7
1410 4989 7
1411 2773 7
1411 5340 7
1412 1605 7
1412 1796 7
1412 3572 7
1415 1578 7
1415 2079 7
1415 2462 7
1415 3049 7
1415 360 7
1415 5264 7
1415 831 7
1416 3062 7
1416 560 7
1418 1373 7
1418 2023 7
1418 304 7
1418 731 7
1419 2340 7
142 3934 7
142 3940 7
142 602 7
1421 1164 7
1421 3450 7
1421 5669 7
1422 1757 7
1423 2499 7
1424 1082 7
1424 1168 7
1424 4771 7
1424 725 7
1424 725 7
1424 873 7
1427 1280 7
1428 1146 7
1428 166 7
1428 2255 7
1428 2783 7
1428 3108 7
1428 3541 7
1428 3708 7
1428 408 7
1428 4332 7
143 1698 7
143 1698 7
143 2170 7
143 2819 7
143 2819 7
143 3229 7
143 3638 7
143 3641 7
143 3642 7
143 4833 7
143 4834 7
1430 2468 7
1430 2502 7
1430 4949 7
1430 499 7
1430 5120 7
1430 5136 7
1430 5136 7
1430 703 7
1431 1355 7
1431 1380 7
1432 607 7
1432 608 7
1434 1419 7
1434 1726 7
1434 3951 7
1435 1504 7
1435 1784 7
1435 3240 7
1435 5277 7
1436 1463 7
1436 1674 7
1436 5211 7
1438 1117 7
1438 1408 7
1438 1722 7
1438 2015 7
1438 2901 7
1438 3500 7
1438 3708 7
1438 5037 7
1438 5417 7
1440 1127 7
1440 1676 7
1440 2545 7
1440 2545 7
1440 3757 7
1440 4295 7
1440 4394 7
1440 4676 7
1440 4702 7
1440 4757 7
1440 502 7
1440 5669 7
1440 5767 7
1440 742 7
1444 1281 7
1445 4512 7
1446 1024 7
1446 1224 7
1446 1447 7
1446 1463 7
1446 3951 7
1447 5578 7
145 1624 7
145 3024 7
145 375 7
145 989 7
1452 2642 7
1452 4190 7
1454 1238 7
1454 5606 7
1457 182 7
1457 3642 7
1458 1723 7
1458 3441 7
1459 3346 7
1459 3772 7
1459 4311 7
1459 482 7
1459 686 7
1460 2876 7
1460 2887 7
1460 2956 7
1460 3645 7
1460 579 7
1461 2391 7
1461 24 7
1461 2890 7
1462 1503 7
1462 1726 7
1462 5211 7
1463 1726 7
1463 4989 7
147 1254 7
1470 2819 7
1470 3204 7
1471 1242 7
1471 5220 7
1471 5334 7
1471 6322 7
1472 2739 7
1472 685 7
1473 3623 7
1473 448 7
1477 1371 7
1477 2735 7
1477 4207 7
1479 1178 7
1479 1602 7
148 1088 7
148 1118 7
148 1125 7
148 1131 7
148 1489 7
148 1908 7
148 1912 7
148 685 7
1480 124 7
1480 234 7
1480 330 7
1480 673 7
1480 720 7
1480 848 7
1482 2143 7
1482 2574 7
1482 3406 7
1482 4855 7
1483 5322 7
1484 3958 7
1487 1372 7
1487 1488 7
1487 1814 7
1487 1885 7
1487 2948 7
1488 1161 7
1488 1807 7
1488 248 7
1488 2948 7
1489 1131 7
1489 1160 7
1489 1289 7
1489 1578 7
1489 1597 7
1489 452 7
1489 487 7
1489 659 7
149 1271 7
149 1308 7
149 1965 7
149 3520 7
149 637 7
149 671 7
1491 3306 7
1491 748 7
1495 1476 7
1495 3240 7
1496 2819 7
1496 3651 7
1496 5382 7
1496 5386 7
1497 367 7
1498 3232 7
1498 3533 7
1498 3534 7
1498 3978 7
1498 5931 7
1499 1473 7
1499 4528 7
1499 5312 7
15 3150 7
15 5176 7
15 5177 7
15 921 7
1500 3058 7
1500 4438 7
1500 4804 7
1501 1160 7
1501 1908 7
1501 260 7
1501 3459 7
1501 4476 7
1501 860 7
1503 1362 7
1503 2489 7
1503 4826 7
1503 5345 7
1503 5418 7
1503 659 7
1504 5277 7
1506 2145 7
1506 2146 7
151 51 7
151 537 7
1511 1748 7
1512 1389 7
1512 2923 7
1513 2619 7
1513 5320 7
1515 5349 7
1515 5350 7
1518 6345 7
1518 6403 7
1518 6404 7
1519 1470 7
1519 5234 7
1519 933 7
152 4105 7
1523 3888 7
1523 5740 7
1523 741 7
1525 1634 7
1525 3755 7
1525 6295 7
1527 3649 7
1528 1289 7
1528 2340 7
1528 3998 7
1528 5033 7
1528 5053 7
1528 5061 7
1529 1177 7
1529 2 7
1529 207 7
1529 251 7
1529 251 7
1529 2723 7
1529 419 7
1529 519 7
1529 580 7
153 162 7
153 171 7
153 2079 7
153 220 7
153 4460 7
153 513 7
153 725 7
153 744 7
1532 207 7
1533 14 7
1533 2034 7
1533 3147 7
1533 455 7
1536 3623 7
1536 453 7
1540 1234 7
1541 120 7
1541 1820 7
1541 2142 7
1541 2883 7
1541 647 7
1542 1214 7
1542 446 7
1544 2092 7
1544 2145 7
1544 855 7
1545 1718 7
1545 2307 7
1545 2503 7
1545 662 7
1548 133 7
1548 1401 7
1548 1711 7
1548 385 7
1548 461 7
1548 519 7
1548 541 7
1549 2882 7
1549 5784 7
155 172 7
155 2079 7
155 3103 7
1551 3784 7
1551 6254 7
1551 6255 7
1552 4738 7
1552 5389 7
1553 1559 7
1553 5178 7
1557 1235 7
1557 1244 7
1557 187 7
1557 330 7
1557 4479 7
1557 605 7
1558 1291 7
1558 2784 7
1558 2958 7
1558 3670 7
1558 5515 7
1559 956 7
156 3124 7
156 3135 7
156 5980 7
1560 1627 7
1560 2925 7
1560 5182 7
1560 5480 7
1562 459 7
1563 1519 7
1563 4476 7
1564 1421 7
1564 1609 7
1564 1684 7
1564 1723 7
1564 2 7
1564 2568 7
1564 334 7
1564 423 7
1564 5978 7
1566 363 7
1566 4375 7
1568 1608 7
1568 418 7
1568 5072 7
157 1836 7
157 185 7
157 2084 7
157 2521 7
157 2883 7
157 3147 7
157 3215 7
157 4793 7
157 480 7
157 767 7
1571 4648 7
1571 5904 7
1575 4218 7
1575 5197 7
1575 5407 7
1576 2977 7
1578 148 7
1578 1581 7
1578 160 7
1578 1782 7
1578 1792 7
1578 1908 7
1578 1933 7
1578 3814 7
1578 637 7
1578 685 7
1579 1349 7
1579 2977 7
158 1026 7
158 1854 7
158 2555 7
158 3044 7
158 3566 7
158 796 7
1580 3798 7
1580 6367 7
1581 1131 7
1581 1885 7
1581 2999 7
1581 3004 7
1581 3538 7
1581 362 7
1581 388 7
1581 5272 7
1581 583 7
1581 637 7
1582 1373 7
1582 4518 7
1583 2391 7
1584 1935 7
1584 2568 7
1584 3056 7
1584 3177 7
1584 5628 7
1585 2231 7
1587 1632 7
1587 1710 7
1588 1289 7
1588 1476 7
1588 4826 7
1588 4962 7
1588 5219 7
159 165 7
159 771 7
1590 1355 7
1590 1785 7
1590 5775 7
1591 1454 7
1591 5325 7
1596 1351 7
1596 5431 7
1597 1361 7
1597 1428 7
1597 2255 7
1597 3108 7
1597 3429 7
1597 452 7
1597 731 7
1597 840 7
1598 1343 7
1598 1361 7
1598 227 7
1598 24 7
160 1088 7
160 1362 7
160 1374 7
160 1408 7
160 1481 7
160 1489 7
160 242 7
160 3018 7
160 362 7
160 637 7
160 685 7
1600 2914 7
1601 1829 7
1601 3641 7
1601 5563 7
1602 1146 7
1602 1792 7
1602 1891 7
1602 3398 7
1602 5657 7
1602 92 7
1603 2497 7
1603 4796 7
1603 5469 7
1605 1008 7
1605 1436 7
1605 1504 7
1605 666 7
1606 1850 7
1606 2942 7
1606 2955 7
1606 4981 7
1607 4975 7
1607 4976 7
1608 113 7
1608 171 7
1608 2382 7
1608 2402 7
1608 2405 7
1608 3005 7
1608 418 7
1608 51 7
1608 5827 7
1609 1637 7
1609 4221 7
1609 462 7
161 1900 7
161 1908 7
161 447 7
161 4995 7
1611 1323 7
1611 889 7
1612 1560 7
1612 3598 7
1613 1431 7
1613 1598 7
1613 2207 7
1613 2311 7
1613 5650 7
1613 681 7
1614 5199 7
1614 5201 7
1614 5443 7
1615 1051 7
1615 1387 7
1615 4321 7
1615 4477 7
1615 453 7
1615 4769 7
1615 4983 7
1618 1562 7
1618 3918 7
1618 4221 7
1619 1066 7
1619 1146 7
1619 1416 7
1619 2868 7
1619 3108 7
1619 3700 7
1619 3913 7
1619 4859 7
1619 6303 7
1619 833 7
1619 97 7
162 1086 7
162 1921 7
162 2143 7
162 2443 7
162 2468 7
162 2478 7
162 2600 7
1621 1798 7
1621 2049 7
1623 1195 7
1623 1222 7
1623 1950 7
1623 257 7
1623 2791 7
1623 300 7
1623 3541 7
1623 3835 7
1623 385 7
1623 456 7
1623 4778 7
1623 579 7
1623 79 7
1624 268 7
1624 314 7
1624 739 7
1625 1295 7
1625 1303 7
1625 4302 7
1626 1350 7
1627 1794 7
1627 2890 7
1627 4734 7
1631 127 7
1631 2814 7
1631 5420 7
1632 1435 7
1632 1462 7
1632 2332 7
1634 3755 7
1634 6295 7
1634 6296 7
1636 1381 7
1636 2224 7
1636 2391 7
1636 3541 7
1636 4164 7
1636 4379 7
1636 706 7
1637 2904 7
1637 5711 7
1638 1935 7
1638 3175 7
1638 833 7
164 1057 7
164 1491 7
164 157 7
164 1997 7
164 2348 7
164 2441 7
164 2661 7
164 3056 7
164 334 7
164 3584 7
164 383 7
164 393 7
164 394 7
164 4001 7
164 447 7
164 750 7
164 752 7
164 819 7
1640 1265 7
1640 1444 7
1640 4036 7
1641 2564 7
1641 3337 7
1642 1422 7
1643 4367 7
1644 5352 7
1644 5458 7
1645 1081 7
1645 1408 7
1645 1872 7
1645 2342 7
1645 3429 7
1646 3010 7
1647 104 7
1647 1681 7
1647 230 7
1647 396 7
165 1029 7
165 1066 7
165 1221 7
165 157 7
165 2084 7
165 2647 7
165 3835 7
165 451 7
165 480 7
165 638 7
165 649 7
1651 2600 7
1651 3393 7
1651 3870 7
1652 459 7
1653 1196 7
1653 2526 7
1653 268 7
1653 3204 7
1653 3391 7
1653 4379 7
1656 5446 7
1658 5760 7
1658 5760 7
1658 6456 7
1659 2563 7
1659 5168 7
166 1399 7
166 5563 7
1660 2067 7
1662 1557 7
1662 2551 7
1662 921 7
1663 2442 7
1664 788 7
1665 3121 7
1665 32 7
1665 676 7
1665 731 7
1666 1252 7
1667 5405 7
1667 5615 7
1668 1523 7
1668 2521 7
1668 2752 7
1668 2925 7
1668 396 7
167 3120 7
1672 1551 7
1672 3784 7
1672 4135 7
1672 6253 7
1674 1289 7
1674 1438 7
1674 237 7
1674 2392 7
1674 2716 7
1674 3572 7
1674 4059 7
1674 4448 7
1674 4890 7
1674 991 7
1675 120 7
1675 2189 7
1675 2682 7
1675 4034 7
1675 700 7
1676 3757 7
1676 4547 7
1676 4664 7
1676 4701 7
1676 4702 7
1676 4712 7
1677 3630 7
1677 5682 7
1677 5820 7
1678 1525 7
1679 1552 7
1679 2518 7
1679 4738 7
1679 5305 7
1679 5389 7
1681 2725 7
1681 5311 7
1681 965 7
1682 4192 7
1683 3466 7
1684 1104 7
1684 2110 7
1684 2653 7
1684 2872 7
1684 460 7
1684 514 7
1687 4508 7
1688 2351 7
1689 1412 7
1689 1605 7
1689 1734 7
1689 1919 7
1689 5260 7
169 3357 7
169 721 7
169 783 7
169 975 7
1692 1066 7
1692 2380 7
1692 3445 7
1692 3862 7
1692 5252 7
1692 65 7
1694 5504 7
1694 5505 7
1695 1173 7
1695 3542 7
1696 775 7
1697 2253 7
1698 109 7
1698 117 7
1698 1239 7
1698 1536 7
1698 2819 7
1698 2819 7
1698 485 7
1698 5255 7
17 2105 7
17 939 7
170 6000 7
1701 129 7
1701 1674 7
1701 1726 7
1701 3234 7
1701 362 7
1701 364 7
1701 5417 7
1701 685 7
1702 1576 7
1702 1737 7
1702 1898 7
1702 2697 7
1703 5320 7
1704 1487 7
1704 1789 7
1704 1885 7
1704 1938 7
1704 2033 7
1705 5086 7
1706 2557 7
1706 4532 7
1706 5743 7
1708 1394 7
1708 1612 7
1708 2021 7
1708 2872 7
1708 309 7
1708 3090 7
1708 3245 7
1709 125 7
1709 2143 7
1709 4298 7
1709 4873 7
1709 4883 7
1709 4887 7
1709 86 7
171 1013 7
171 1796 7
171 197 7
171 2076 7
171 2150 7
171 256 7
171 299 7
171 3108 7
171 4211 7
171 435 7
171 623 7
1710 1435 7
1711 1080 7
1711 1108 7
1711 1927 7
1711 2400 7
1711 2652 7
1711 272 7
1711 3018 7
1711 32 7
1711 3645 7
1711 3921 7
1711 421 7
1711 440 7
1711 468 7
1711 543 7
1711 635 7
1711 92 7
1711 928 7
1711 950 7
1715 1066 7
1715 673 7
1718 1545 7
1718 3297 7
1719 17 7
1719 178 7
1719 1925 7
1719 2079 7
1719 2224 7
1719 259 7
1719 436 7
1719 4445 7
1719 5827 7
1719 659 7
172 1025 7
172 1027 7
172 1183 7
172 2380 7
172 3103 7
172 3189 7
172 334 7
172 3884 7
172 412 7
172 418 7
172 6006 7
172 775 7
172 803 7
172 983 7
1721 2508 7
1721 4239 7
1722 1701 7
1722 3845 7
1722 5545 7
1723 828 7
1724 2833 7
1724 3267 7
1724 4117 7
1724 4150 7
1724 4162 7
1726 3998 7
1726 5417 7
1728 3018 7
1728 32 7
1728 448 7
1728 56 7
1728 6228 7
1728 742 7
1729 2807 7
1729 3441 7
1730 5340 7
1730 5387 7
1732 5312 7
1733 1965 7
1733 451 7
1734 1008 7
1734 1504 7
1734 3960 7
1737 2529 7
1741 1273 7
1741 1430 7
1741 2468 7
1741 5136 7
1741 5458 7
1747 2930 7
1747 2973 7
1747 3062 7
1747 3543 7
1747 671 7
1747 673 7
1748 3056 7
175 5741 7
1750 2920 7
1750 400 7
1753 1557 7
1753 3735 7
1753 5197 7
1753 5278 7
1754 1802 7
1756 1784 7
1757 3370 7
1759 5390 7
1759 5391 7
1760 2242 7
1760 3918 7
1760 3918 7
1760 868 7
1763 1381 7
1763 1636 7
1763 333 7
1763 98 7
1769 3141 7
1769 6 7
1769 6396 7
177 131 7
177 215 7
1772 360 7
1774 4488 7
1774 5278 7
1777 1168 7
1777 2255 7
1777 2379 7
1777 2499 7
1777 3524 7
1777 36 7
1778 1281 7
1778 2559 7
178 220 7
178 2405 7
178 256 7
178 3465 7
178 36 7
178 366 7
178 4469 7
178 4757 7
178 5767 7
178 64 7
178 92 7
1781 3077 7
1781 473 7
1782 1071 7
1782 235 7
1782 2376 7
1782 272 7
1782 3348 7
1782 622 7
1782 748 7
1782 828 7
1782 891 7
1784 1462 7
1784 1463 7
1784 1674 7
1784 1734 7
1786 6521 7
1789 1579 7
1789 4479 7
179 1049 7
179 2725 7
179 2731 7
179 3543 7
1790 1454 7
1790 4180 7
1791 211 7
1791 275 7
1791 280 7
1791 2836 7
1791 421 7
1791 439 7
1791 461 7
1791 635 7
1791 98 7
1791 983 7
1792 3500 7
1794 1666 7
1794 2336 7
1794 3825 7
1794 5313 7
1795 4995 7
1795 5630 7
1796 32 7
1796 5383 7
1796 710 7
1797 1015 7
1797 3705 7
1798 1318 7
1798 5705 7
18 1942 7
18 5580 7
1800 2534 7
1801 4179 7
1802 1 7
1802 1966 7
1802 448 7
1802 89 7
1804 5383 7
1804 5493 7
1805 2589 7
1805 4448 7
1805 5109 7
1806 1729 7
1807 5765 7
1808 1035 7
1808 1323 7
1808 2023 7
1808 3520 7
1809 1816 7
1809 2225 7
1809 2513 7
1809 5224 7
1810 1339 7
1810 3122 7
1810 3227 7
1810 3426 7
1810 4738 7
1810 4936 7
1810 4955 7
1810 5120 7
1813 1603 7
1813 3295 7
1813 4876 7
1813 5313 7
1813 5611 7
1814 1381 7
1814 2569 7
1815 1692 7
1815 5180 7
1816 303 7
1816 5183 7
1817 1695 7
1817 4141 7
1818 1045 7
1818 1976 7
1818 1976 7
1818 2289 7
1818 3476 7
1818 3740 7
1818 4307 7
1819 1581 7
1819 239 7
1819 272 7
1819 2999 7
1819 362 7
1819 487 7
1819 623 7
182 1179 7
1820 157 7
1820 337 7
1820 4906 7
1820 700 7
1820 769 7
1823 2145 7
1824 1869 7
1824 3457 7
1826 2996 7
1828 143 7
1828 1698 7
1828 309 7
1828 453 7
1829 3219 7
1829 339 7
1829 3644 7
1829 4512 7
1829 742 7
1829 79 7
1829 879 7
1829 91 7
183 6300 7
183 961 7
1830 3964 7
1831 5935 7
1835 2101 7
1835 2134 7
1835 4414 7
1836 1221 7
1836 358 7
1838 1081 7
1838 1578 7
1838 2442 7
1838 4286 7
1838 460 7
184 115 7
184 5908 7
184 6157 7
1841 5846 7
1842 246 7
1842 298 7
1842 3018 7
1842 416 7
1843 1299 7
1843 3695 7
1846 2935 7
1846 3728 7
1846 915 7
1847 6422 7
1848 1912 7
1849 4243 7
185 1221 7
185 157 7
185 164 7
185 2084 7
185 77 7
1850 3393 7
1850 4919 7
1854 1615 7
1854 164 7
1854 2006 7
1854 2969 7
1854 3566 7
1854 3608 7
1854 4215 7
1854 486 7
1854 750 7
1854 819 7
1857 3463 7
1859 3457 7
186 4028 7
186 577 7
1860 3595 7
1860 4098 7
1866 1070 7
1866 4026 7
1866 4251 7
1868 3463 7
1868 657 7
1869 1459 7
1869 1870 7
1869 3782 7
1869 3808 7
1869 4764 7
187 2101 7
187 2257 7
187 233 7
187 456 7
1870 759 7
1871 1374 7
1871 1489 7
1871 1906 7
1871 5588 7
1872 1081 7
1872 1081 7
1872 1224 7
1872 1578 7
1872 1919 7
1872 2560 7
1872 3016 7
1872 5458 7
1872 6216 7
1872 929 7
1874 1891 7
1874 2368 7
1874 5332 7
1874 5455 7
1876 1588 7
1876 2442 7
1877 1895 7
1877 1896 7
1877 4189 7
1877 5269 7
1879 2462 7
1879 5891 7
1879 783 7
188 1398 7
188 1782 7
188 2196 7
188 237 7
188 251 7
188 3524 7
188 3593 7
188 3862 7
188 414 7
188 421 7
188 4243 7
188 656 7
188 955 7
1880 1289 7
1880 1605 7
1880 3879 7
1880 5697 7
1881 1117 7
1881 1231 7
1881 1244 7
1881 1695 7
1881 3098 7
1881 51 7
1881 605 7
1881 6460 7
1881 721 7
1881 913 7
1881 983 7
1882 1025 7
1883 1822 7
1883 2746 7
1883 574 7
1885 1025 7
1885 1882 7
1885 3018 7
1885 333 7
1885 3619 7
1885 673 7
1885 685 7
1888 1874 7
1888 2286 7
1888 3034 7
1888 3243 7
1889 2207 7
1889 2426 7
1889 4511 7
189 153 7
189 248 7
189 2755 7
189 366 7
189 453 7
189 4618 7
189 463 7
189 560 7
1891 1289 7
1891 1897 7
1891 3148 7
1891 5374 7
1892 3001 7
1892 5394 7
1892 784 7
1895 1978 7
1895 3842 7
1895 471 7
1895 5597 7
1895 935 7
1896 1110 7
1896 3049 7
1896 3880 7
1896 5474 7
1897 1880 7
1899 5265 7
1899 5418 7
19 2249 7
1900 1891 7
1901 4900 7
1901 5303 7
1903 1110 7
1903 1289 7
1903 1880 7
1903 3044 7
1903 3050 7
1903 4826 7
1903 5167 7
1903 5348 7
1904 1891 7
1904 1903 7
1904 3059 7
1904 3483 7
1904 5588 7
1906 1489 7
1906 153 7
1906 2920 7
1906 3499 7
1908 1160 7
1908 148 7
1908 160 7
1908 1838 7
1908 1872 7
1908 2555 7
1908 5061 7
1908 5071 7
1908 637 7
1908 637 7
191 3112 7
1910 1344 7
1911 116 7
1911 170 7
1911 1853 7
1911 1941 7
1911 220 7
1911 3736 7
1911 639 7
1911 6457 7
1912 1088 7
1912 1118 7
1912 1813 7
1912 3204 7
1912 4876 7
1912 5492 7
1912 604 7
1916 1147 7
1916 1202 7
1916 5117 7
1918 5380 7
1919 1081 7
1919 1462 7
1919 1489 7
1919 1784 7
1919 3016 7
1919 5575 7
1919 777 7
192 3490 7
192 6417 7
1920 1804 7
1920 5315 7
1921 2901 7
1921 2903 7
1921 4796 7
1921 5177 7
1922 4196 7
1924 1086 7
1924 1921 7
1924 2730 7
1925 1202 7
1925 1245 7
1925 1265 7
1925 1350 7
1925 14 7
1925 1460 7
1925 1636 7
1925 1927 7
1925 2904 7
1925 2920 7
1925 2920 7
1925 3316 7
1925 3524 7
1925 4060 7
1925 436 7
1925 455 7
1925 467 7
1925 600 7
1925 706 7
1925 736 7
1925 9 7
1925 98 7
1925 983 7
1926 1489 7
1926 1927 7
1926 246 7
1926 3925 7
1926 3934 7
1927 2006 7
1927 2143 7
1927 233 7
1927 275 7
1927 2904 7
1927 3215 7
1927 440 7
1927 467 7
1927 487 7
1927 623 7
1927 9 7
1927 983 7
1927 983 7
1928 1271 7
1928 1583 7
1928 1623 7
1928 1777 7
1928 2400 7
1928 36 7
1928 4379 7
1928 725 7
1928 872 7
1928 902 7
1928 902 7
1929 2767 7
1929 5832 7
193 258 7
193 3990 7
193 4471 7
1932 12 7
1932 25 7
1932 2731 7
1932 4886 7
1933 1339 7
1933 3016 7
1933 3156 7
1933 3287 7
1933 4378 7
1933 461 7
1933 462 7
1933 4650 7
1934 2694 7
1934 4628 7
1937 3009 7
1937 5777 7
1938 272 7
1938 3215 7
1938 4378 7
1938 605 7
1938 609 7
1939 2137 7
194 313 7
194 4327 7
194 4613 7
194 5933 7
194 6039 7
1941 2143 7
1941 4837 7
1941 6000 7
1941 78 7
1942 1623 7
1942 207 7
1944 3698 7
1944 6497 7
1945 175 7
1945 2262 7
1945 2262 7
1945 4089 7
1945 4089 7
1946 5945 7
1948 12 7
1949 15 7
1949 25 7
1949 2568 7
1949 2568 7
1953 1949 7
1953 3441 7
1954 3601 7
1955 6125 7
1955 6478 7
1957 1421 7
1958 1232 7
1958 2064 7
1958 32 7
1958 4445 7
1958 5282 7
1958 670 7
196 4239 7
196 5017 7
196 5022 7
1960 1979 7
1960 408 7
1960 4863 7
1960 4864 7
1960 593 7
1963 1166 7
1963 187 7
1963 2681 7
1963 789 7
1963 789 7
1963 870 7
1965 1181 7
1965 1564 7
1965 1711 7
1965 3062 7
1965 3638 7
1965 602 7
1965 741 7
1965 833 7
1965 931 7
1966 1 7
1966 1615 7
1966 1829 7
1966 3623 7
1966 3642 7
197 1099 7
197 113 7
197 1194 7
197 200 7
197 2076 7
197 4513 7
197 6477 7
1971 115 7
1971 183 7
1971 3645 7
1971 4035 7
1971 4147 7
1971 6300 7
1971 910 7
1972 1232 7
1973 2341 7
1973 5138 7
1973 6307 7
1976 1120 7
1976 1164 7
1976 178 7
1976 5762 7
1976 6327 7
1976 6330 7
1978 1196 7
1978 471 7
1979 1180 7
1979 1748 7
1979 2463 7
1980 3919 7
1980 488 7
1981 2244 7
1981 237 7
1981 3940 7
1982 6080 7
1983 2647 7
1983 334 7
1983 4040 7
1983 5843 7
1985 1228 7
1985 1958 7
1985 2006 7
1985 2373 7
1985 260 7
1985 334 7
1985 3947 7
1985 4379 7
1985 691 7
1985 827 7
1986 1696 7
1986 775 7
1986 995 7
1988 1108 7
199 2121 7
199 2952 7
199 2984 7
199 3006 7
199 6114 7
1990 1029 7
1990 1175 7
1990 1214 7
1990 2315 7
1990 2374 7
1990 3062 7
1990 446 7
1992 3844 7
1992 589 7
1992 631 7
1997 1674 7
1997 1748 7
1997 2372 7
1997 2746 7
1997 2901 7
1997 447 7
1997 497 7
1997 516 7
1997 950 7
2 1184 7
2 1529 7
2 3830 7
2 412 7
2 418 7
2 456 7
2 545 7
2 621 7
2 74 7
2 983 7
200 171 7
200 2101 7
200 2259 7
200 2986 7
200 2996 7
200 3101 7
200 418 7
2003 2138 7
2003 2146 7
2004 5609 7
2005 1054 7
2005 1057 7
2005 1202 7
2005 2363 7
2005 2399 7
2005 3215 7
2005 4804 7
2005 787 7
2006 1057 7
2006 130 7
2006 1477 7
2006 1623 7
2006 2021 7
2006 237 7
2006 251 7
2006 259 7
2006 2647 7
2006 300 7
2006 4001 7
2006 4030 7
2006 42 7
2006 4761 7
2006 748 7
2006 748 7
2008 1282 7
2008 3737 7
2008 4883 7
2008 6 7
201 1087 7
201 2003 7
201 2380 7
2011 3079 7
2011 3305 7
2011 545 7
2012 238 7
2012 2797 7
2012 4069 7
2012 4072 7
2012 4734 7
2012 6410 7
2014 4947 7
2014 806 7
2016 3831 7
202 2701 7
202 394 7
202 4089 7
202 418 7
2020 4449 7
2021 251 7
2021 2641 7
2021 2872 7
2021 3009 7
2021 3245 7
2021 3330 7
2021 3604 7
2022 3452 7
2022 5903 7
2023 1925 7
2023 4440 7
2023 519 7
2023 955 7
203 136 7
2031 4840 7
2031 4841 7
2032 2309 7
2032 251 7
2032 3076 7
2032 3232 7
2032 4340 7
2032 6277 7
2033 1350 7
2033 1814 7
2033 1885 7
2035 4562 7
2035 4564 7
2038 1600 7
204 1733 7
204 1747 7
2040 6018 7
2041 6400 7
2045 2988 7
2045 5017 7
2048 3990 7
2048 415 7
2048 707 7
2049 1715 7
2049 3520 7
205 2979 7
205 3807 7
205 4241 7
2050 1782 7
2051 1568 7
2051 2094 7
2051 2134 7
2055 1424 7
2055 1564 7
2055 4751 7
2055 728 7
2055 807 7
2056 3943 7
2056 4771 7
2057 1254 7
2064 2111 7
2064 2405 7
2064 5407 7
2067 171 7
2067 418 7
207 2189 7
207 2731 7
207 3204 7
207 3601 7
207 37 7
207 3884 7
207 394 7
207 62 7
207 637 7
207 64 7
207 673 7
207 79 7
207 950 7
2070 1799 7
2070 1835 7
2070 197 7
2070 2984 7
2070 3108 7
2070 4419 7
2073 2107 7
2073 2122 7
2075 2084 7
2075 2441 7
2075 2739 7
2075 337 7
2075 446 7
2075 488 7
2075 647 7
2075 827 7
2076 3003 7
2077 5028 7
2078 2097 7
2078 558 7
2079 32 7
2079 4445 7
208 2142 7
208 488 7
2080 822 7
2080 847 7
2082 5485 7
2082 5524 7
2084 1221 7
2084 358 7
2084 5957 7
2086 2746 7
2086 956 7
2089 1506 7
2089 1823 7
2089 2380 7
2089 3242 7
2090 2749 7
2090 3647 7
2090 3647 7
2090 595 7
2090 654 7
2090 654 7
2090 663 7
2090 759 7
2090 874 7
2092 2259 7
2092 2405 7
2094 2423 7
2094 3003 7
2094 895 7
2096 2078 7
2096 5018 7
2097 2122 7
2097 5023 7
2099 201 7
2099 3655 7
2099 6009 7
21 2317 7
21 2476 7
21 4753 7
2101 1099 7
2101 468 7
2101 959 7
2102 201 7
2102 2137 7
2102 2148 7
2104 4725 7
2105 1796 7
2105 1939 7
2105 199 7
2105 2089 7
2105 4193 7
211 1108 7
211 13 7
211 13 7
211 13 7
211 280 7
211 280 7
211 280 7
211 421 7
211 580 7
211 635 7
2110 1711 7
2110 2652 7
2110 4373 7
2111 2934 7
2111 3548 7
2111 4193 7
2111 5407 7
212 262 7
212 4656 7
212 5217 7
212 843 7
2121 1939 7
2121 200 7
2121 200 7
2121 2102 7
2121 2111 7
2121 803 7
2122 1646 7
2124 2077 7
2129 1209 7
2129 3232 7
2129 825 7
213 6000 7
2132 2064 7
2133 1079 7
2133 1143 7
2133 1230 7
2133 1398 7
2133 4487 7
2133 5766 7
2134 1712 7
2134 2143 7
2134 2996 7
2134 3655 7
2137 197 7
2137 2380 7
2138 1544 7
2138 2145 7
2138 3738 7
2139 2051 7
2139 2096 7
2139 3652 7
2142 120 7
2142 164 7
2142 2075 7
2142 2661 7
2142 4139 7
2142 4139 7
2142 6537 7
2142 774 7
2143 1245 7
2143 1294 7
2143 1608 7
2143 1719 7
2143 1823 7
2143 1925 7
2143 2209 7
2143 2574 7
2143 2667 7
2143 330 7
2143 4060 7
2143 436 7
2143 4402 7
2143 4530 7
2143 4572 7
2143 914 7
2143 975 7
2143 98 7
2145 3738 7
215 1054 7
215 12 7
215 1932 7
215 220 7
215 2694 7
2150 1835 7
2150 2003 7
2151 2189 7
2151 2189 7
2152 1327 7
2152 5850 7
2154 2843 7
2154 3869 7
2154 749 7
2155 2332 7
2155 5782 7
2163 285 7
2163 557 7
2163 773 7
2166 3665 7
2166 4042 7
2167 1222 7
2167 2180 7
2170 1178 7
2170 1323 7
2170 1619 7
2170 1925 7
2170 1925 7
2170 2681 7
2170 2930 7
2170 384 7
2170 409 7
2170 742 7
2171 2205 7
2171 4204 7
2171 4673 7
2171 4708 7
2171 4721 7
2171 5962 7
2173 496 7
2174 3982 7
2178 2889 7
2178 4331 7
2178 4777 7
2178 4781 7
2178 98 7
2180 2189 7
2180 2682 7
2187 2784 7
2188 4058 7
2189 1169 7
2189 1675 7
2189 1704 7
2189 2089 7
2189 2151 7
2189 2478 7
2189 385 7
2189 4192 7
2189 449 7
219 1477 7
219 2245 7
219 2927 7
219 2952 7
219 499 7
219 508 7
2192 6098 7
2192 953 7
2193 2266 7
2193 2943 7
2193 3544 7
2193 945 7
2195 2412 7
2195 269 7
2195 3837 7
2195 3962 7
2195 4046 7
2195 4801 7
2196 1619 7
220 12 7
220 12 7
220 137 7
220 1932 7
220 259 7
220 4886 7
220 5970 7
2200 4282 7
2200 4852 7
2205 4829 7
2207 1083 7
2207 1598 7
2207 1889 7
2207 2876 7
2207 2908 7
2207 2908 7
2207 3830 7
2207 4219 7
2209 2423 7
2209 4206 7
2209 4408 7
2209 5684 7
2209 5998 7
221 3057 7
221 3395 7
2211 760 7
2211 953 7
2214 596 7
2218 2409 7
2218 5656 7
2218 97 7
2221 3312 7
2221 3990 7
2221 465 7
2223 5192 7
2224 1082 7
2224 1093 7
2224 1201 7
2224 124 7
2224 1652 7
2224 3541 7
2224 4230 7
2224 4332 7
2225 131 7
2225 1950 7
2225 2476 7
2225 2950 7
2225 3711 7
2225 4089 7
2225 499 7
2227 706 7
2229 3260 7
223 4244 7
2230 2214 7
2230 248 7
2231 2218 7
2233 258 7
2233 3085 7
2233 47 7
2233 543 7
2235 2193 7
2235 2934 7
2235 2943 7
2235 3026 7
2235 4555 7
2235 4621 7
2237 2679 7
2237 4641 7
224 1040 7
224 1079 7
224 1127 7
224 1201 7
224 1201 7
224 1271 7
224 193 7
224 6030 7
224 641 7
224 652 7
224 664 7
224 715 7
224 778 7
224 950 7
2240 285 7
2240 3124 7
2240 3925 7
2240 3934 7
2240 557 7
2240 610 7
2240 868 7
2241 2576 7
2241 3731 7
2242 3520 7
2242 4089 7
2242 66 7
2244 1724 7
2244 2307 7
2244 3940 7
2244 395 7
2244 4018 7
2244 4117 7
2244 989 7
2245 137 7
2245 2467 7
2245 4192 7
2245 499 7
2247 2163 7
2247 3126 7
2247 4760 7
2247 762 7
2248 958 7
2249 240 7
2250 5699 7
2251 1921 7
2252 1933 7
2252 1938 7
2253 4649 7
2253 5958 7
2255 1609 7
2255 1619 7
2255 1711 7
2255 1829 7
2255 219 7
2255 246 7
2255 3250 7
2255 330 7
2255 496 7
2255 5339 7
2255 543 7
2255 671 7
2255 741 7
2255 898 7
2257 2723 7
2257 2905 7
2258 3807 7
2259 113 7
2259 2111 7
2259 2986 7
2259 2986 7
2259 3652 7
2259 436 7
2259 4942 7
226 1122 7
2262 2319 7
2262 2322 7
2262 260 7
2262 2672 7
2262 4459 7
2262 4459 7
2263 171 7
2263 2105 7
2263 2146 7
2263 33 7
2266 2703 7
2266 2943 7
2266 4435 7
2266 4561 7
2266 5 7
227 1021 7
227 219 7
227 2409 7
227 3789 7
227 4755 7
227 879 7
227 956 7
2271 2467 7
2271 2868 7
2271 4192 7
2276 3472 7
2278 1827 7
2278 2467 7
2278 3541 7
2278 807 7
228 153 7
228 162 7
228 169 7
228 3927 7
2280 1081 7
2280 1933 7
2282 1619 7
2282 2513 7
2282 6303 7
2284 1286 7
2284 2227 7
2286 3243 7
2286 5167 7
2288 1881 7
2289 1015 7
2289 1045 7
2289 1976 7
2289 4371 7
2289 4757 7
2289 6273 7
2289 6509 7
229 207 7
229 257 7
229 37 7
229 62 7
2291 3859 7
2292 1430 7
2293 1265 7
2294 1548 7
2294 2524 7
2296 1054 7
2296 1202 7
2296 2005 7
2296 2005 7
2296 2437 7
2296 393 7
2296 4793 7
2296 66 7
2296 787 7
2299 1726 7
2299 3234 7
2299 3344 7
2299 4963 7
2299 4963 7
2299 4995 7
2299 4996 7
23 2057 7
23 3473 7
23 4867 7
2304 4828 7
2305 1983 7
2305 2075 7
2305 2891 7
2305 3058 7
2305 681 7
2307 1545 7
2307 2356 7
2307 3106 7
2307 3267 7
2307 3832 7
2307 4115 7
2307 4737 7
2307 5667 7
2309 3232 7
2309 3312 7
2309 400 7
2309 6263 7
2309 74 7
2310 2966 7
2311 2483 7
2311 681 7
2311 885 7
2312 2235 7
2312 3544 7
2312 4584 7
2313 1211 7
2313 3008 7
2313 4621 7
2314 5257 7
2314 5258 7
2315 2316 7
2315 4939 7
2315 4940 7
2316 133 7
2316 1393 7
2316 3713 7
2316 42 7
2316 4769 7
2316 497 7
2316 788 7
2317 1160 7
2317 239 7
2317 242 7
2317 3593 7
2317 447 7
2318 2376 7
2318 898 7
2319 215 7
2319 265 7
2319 3688 7
232 3431 7
232 38 7
232 6117 7
2322 1208 7
2322 3325 7
2323 2860 7
2326 1444 7
2326 3859 7
233 1944 7
233 44 7
2330 165 7
2332 2507 7
2332 4996 7
2333 1889 7
2336 2467 7
2338 774 7
234 242 7
234 330 7
234 62 7
234 70 7
2340 4464 7
2340 5053 7
2340 5712 7
2341 2661 7
2341 327 7
2342 1511 7
2342 3561 7
2342 5382 7
2343 3026 7
2343 4000 7
2343 4284 7
2343 4637 7
2343 4691 7
2343 4795 7
2348 2005 7
2348 2075 7
2348 2142 7
2348 2154 7
2348 2296 7
2348 2296 7
2348 2366 7
2348 2711 7
2348 393 7
2348 774 7
2349 1152 7
235 1169 7
235 1719 7
235 4468 7
235 4751 7
235 507 7
2350 314 7
2350 6022 7
2351 4332 7
2351 788 7
2353 3590 7
2356 1183 7
2356 3106 7
2356 6466 7
2357 2307 7
2358 2348 7
2359 480 7
2361 1088 7
2361 3053 7
2363 1057 7
2363 2399 7
2365 767 7
2366 2358 7
2366 4803 7
2366 5643 7
2368 1166 7
2368 1548 7
2368 3111 7
2368 388 7
2368 4295 7
2369 2368 7
237 132 7
237 1564 7
237 1623 7
237 2244 7
237 241 7
237 259 7
237 2903 7
237 3230 7
237 3799 7
237 383 7
237 4018 7
237 476 7
237 4854 7
237 647 7
237 975 7
237 989 7
2370 1711 7
2370 2240 7
2370 2867 7
2370 3604 7
2370 3934 7
2372 104 7
2372 1057 7
2372 1222 7
2372 1301 7
2372 3056 7
2372 3708 7
2372 3934 7
2372 4130 7
2372 447 7
2372 4534 7
2372 4761 7
2372 484 7
2372 601 7
2373 1981 7
2373 237 7
2373 3934 7
2373 3940 7
2373 4769 7
2374 1029 7
2374 2305 7
2374 2392 7
2374 4030 7
2374 6405 7
2375 4054 7
2376 1578 7
2376 3271 7
2376 468 7
2376 5209 7
2376 5846 7
2376 6228 7
2376 831 7
2378 3544 7
2378 4615 7
2379 3547 7
2379 4026 7
2379 4648 7
238 1212 7
238 1408 7
238 2797 7
238 3116 7
238 3899 7
238 4046 7
238 4046 7
238 4284 7
238 4594 7
238 460 7
238 4751 7
2380 1012 7
2380 1823 7
2380 187 7
2380 2 7
2380 33 7
2380 4215 7
2380 4830 7
2382 1026 7
2382 2380 7
2383 251 7
239 1645 7
239 1828 7
239 1854 7
239 272 7
239 272 7
239 2987 7
239 299 7
239 3058 7
239 3156 7
239 371 7
239 459 7
239 461 7
239 462 7
239 772 7
2390 2319 7
2390 4913 7
2391 1146 7
2391 1168 7
2391 1286 7
2391 1286 7
2391 1701 7
2391 459 7
2391 741 7
2392 1029 7
2392 1180 7
2392 1584 7
2392 1623 7
2392 1983 7
2392 1997 7
2392 2006 7
2392 237 7
2392 2374 7
2392 2555 7
2392 259 7
2392 2716 7
2392 2791 7
2392 334 7
2392 334 7
2392 3451 7
2392 393 7
2392 4130 7
2392 485 7
2392 497 7
2393 2450 7
2395 1195 7
2399 2296 7
2399 771 7
24 1652 7
24 2959 7
24 364 7
24 849 7
2400 6187 7
2400 956 7
2405 1939 7
2405 2903 7
2405 5407 7
2405 64 7
2407 4901 7
2409 2253 7
2409 4164 7
241 2734 7
2411 833 7
2412 238 7
2412 3116 7
2412 3574 7
2412 3706 7
2412 3710 7
2412 3837 7
2412 3973 7
2412 3973 7
2412 4046 7
2412 4046 7
2412 4801 7
2412 4801 7
2412 4801 7
2412 609 7
2414 260 7
242 1088 7
242 1245 7
242 138 7
242 1406 7
242 1438 7
242 1794 7
242 1900 7
242 2196 7
242 2555 7
242 2574 7
242 3001 7
242 3593 7
242 423 7
242 451 7
242 720 7
242 801 7
2423 17 7
2423 2051 7
2426 1183 7
2426 1889 7
2426 3023 7
2426 5776 7
2427 2612 7
2427 4270 7
2430 208 7
2430 2792 7
2431 2058 7
2435 97 7
2437 1050 7
2437 1057 7
2437 2005 7
2437 2363 7
2437 2848 7
2441 2348 7
2441 2661 7
2441 3584 7
2442 1415 7
2442 196 7
2442 272 7
2442 3016 7
2442 462 7
2442 4650 7
2443 1364 7
2443 1611 7
2443 2942 7
2443 3447 7
2443 5056 7
2447 1221 7
2447 157 7
2448 1835 7
2448 2259 7
2451 2913 7
2452 2947 7
2454 1240 7
2454 1431 7
2456 1655 7
2456 2561 7
2456 5507 7
246 1619 7
246 3645 7
246 414 7
246 64 7
246 731 7
2461 2969 7
2462 1333 7
2462 1896 7
2462 3044 7
2462 3243 7
2462 672 7
2463 1511 7
2463 513 7
2464 1933 7
2464 2867 7
2464 3062 7
2464 4227 7
2464 60 7
2466 5071 7
2466 5393 7
2466 5474 7
2467 1623 7
2467 1666 7
2467 1971 7
2467 2973 7
2467 2980 7
2467 47 7
2467 989 7
2468 153 7
2468 2478 7
2468 4460 7
2471 1318 7
2471 2461 7
2471 2549 7
2471 4509 7
2472 1600 7
2472 5717 7
2473 577 7
2473 851 7
2476 131 7
2476 824 7
2478 1184 7
2478 153 7
2478 2468 7
2478 2600 7
2479 403 7
248 2214 7
248 403 7
248 670 7
248 744 7
2480 5216 7
2483 1613 7
2486 1897 7
2486 3842 7
2486 5043 7
2487 5671 7
2488 3741 7
2489 5344 7
2491 5284 7
2491 5545 7
2495 2500 7
2496 1670 7
2496 3856 7
2496 4211 7
2497 3367 7
2497 5553 7
2499 133 7
2499 2973 7
2499 3918 7
25 1851 7
25 1957 7
25 215 7
25 2673 7
25 268 7
25 3743 7
25 3747 7
25 4215 7
25 4333 7
25 4924 7
25 5522 7
25 6059 7
250 124 7
2500 1389 7
2500 5352 7
2500 5541 7
2502 1889 7
2502 2600 7
2502 2600 7
2502 2629 7
2502 2920 7
2503 1545 7
2503 3832 7
2503 6281 7
2504 1724 7
2504 2833 7
2504 4150 7
2504 6193 7
2507 1701 7
2507 4941 7
2508 4239 7
2508 5286 7
2508 5287 7
2509 2525 7
2509 868 7
251 1177 7
251 2011 7
251 2383 7
251 2714 7
251 2796 7
251 287 7
251 3077 7
251 3079 7
251 330 7
251 3312 7
251 3335 7
251 3524 7
251 399 7
251 416 7
251 42 7
251 510 7
251 53 7
251 563 7
251 563 7
251 659 7
251 720 7
251 731 7
2511 1579 7
2511 1807 7
2511 2697 7
2511 2913 7
2511 4001 7
2511 4232 7
2511 444 7
2511 833 7
2513 1037 7
2513 131 7
2515 3650 7
2516 1728 7
2518 1274 7
2518 5552 7
2521 3313 7
2521 396 7
2521 4803 7
2522 5517 7
2523 6204 7
2524 1945 7
2524 2245 7
2525 2526 7
2525 2527 7
2525 2860 7
2526 2509 7
2527 3408 7
2527 5557 7
2529 1702 7
253 2118 7
253 5045 7
2531 1389 7
2531 5352 7
2536 1652 7
2536 2242 7
2536 2242 7
2536 24 7
2536 32 7
2536 440 7
2536 5445 7
2536 98 7
2537 965 7
2544 227 7
2545 1403 7
2545 1403 7
2545 3111 7
2545 3380 7
2545 373 7
2545 4772 7
2545 5409 7
2546 3800 7
2549 5671 7
255 2573 7
255 4062 7
255 5670 7
255 710 7
255 931 7
2551 2021 7
2553 3287 7
2555 1026 7
2555 1553 7
2555 1674 7
2555 1997 7
2555 237 7
2555 2986 7
2555 3001 7
2555 3062 7
2555 3443 7
2555 3965 7
2555 3990 7
2555 5465 7
2556 5438 7
2557 127 7
2557 1403 7
2557 3742 7
2557 5734 7
2557 5942 7
2558 2427 7
2558 5681 7
2559 5350 7
256 1026 7
256 1184 7
256 200 7
256 2070 7
256 3838 7
2560 1415 7
2560 2209 7
2560 5226 7
2560 5276 7
2561 5446 7
2562 1342 7
2562 2187 7
2562 2784 7
2562 2814 7
2563 5496 7
2566 5454 7
2568 1093 7
2568 1532 7
2568 1584 7
2568 165 7
2568 3148 7
2568 3443 7
2568 3945 7
2568 600 7
2568 824 7
2569 1374 7
2569 1460 7
2569 2956 7
257 1117 7
257 1482 7
257 2 7
257 207 7
257 207 7
257 272 7
257 2920 7
257 416 7
257 456 7
257 466 7
257 62 7
257 862 7
257 910 7
257 92 7
257 983 7
2570 3732 7
2573 1270 7
2573 1342 7
2573 3309 7
2574 1027 7
2574 1108 7
2574 1294 7
2574 1791 7
2574 1820 7
2574 211 7
2574 211 7
2574 275 7
2574 280 7
2574 330 7
2574 3873 7
2574 3873 7
2574 412 7
2574 421 7
2574 439 7
2574 92 7
2574 971 7
2574 983 7
2575 1794 7
2576 3745 7
2579 5947 7
258 47 7
258 539 7
258 725 7
2580 1333 7
2580 3491 7
2581 1810 7
2582 3740 7
2582 5708 7
2582 6315 7
2582 6327 7
2583 824 7
2586 2496 7
2587 1270 7
2587 1923 7
2587 5506 7
2589 2390 7
259 1623 7
259 1719 7
259 189 7
259 383 7
259 4060 7
259 4445 7
259 455 7
259 537 7
259 92 7
2590 2927 7
2590 5523 7
2593 2277 7
2593 2600 7
2593 451 7
2593 754 7
2594 2250 7
2594 4812 7
2594 6013 7
2596 1777 7
2596 2012 7
2596 2021 7
2596 2559 7
2596 3122 7
2596 541 7
2596 5627 7
2597 5243 7
260 115 7
260 1176 7
260 1206 7
260 164 7
260 3575 7
260 691 7
2600 2468 7
2600 251 7
2600 3357 7
2600 4460 7
2601 2865 7
2606 1184 7
2606 2537 7
2606 3741 7
2607 1850 7
2607 703 7
2612 1202 7
2612 4386 7
2612 5681 7
2613 1291 7
2613 3402 7
2618 5586 7
2626 1480 7
2626 1597 7
2628 4936 7
2629 1430 7
2629 3541 7
263 3728 7
2634 3322 7
2634 4916 7
2635 6278 7
2635 6386 7
2636 2525 7
2636 4923 7
264 1747 7
264 298 7
2640 157 7
2640 3842 7
2640 4237 7
2640 496 7
2641 1389 7
2641 1670 7
2641 1925 7
2641 2067 7
2641 2765 7
2641 5541 7
2641 5564 7
2642 4190 7
2642 5384 7
2647 142 7
2647 1491 7
2647 2374 7
2647 2392 7
2647 2739 7
2647 393 7
2647 446 7
2647 91 7
2648 242 7
2652 1684 7
2652 1711 7
2652 2111 7
2652 2861 7
2652 3326 7
2653 1960 7
2655 1087 7
2655 1201 7
2655 638 7
2655 6552 7
2655 715 7
2660 6252 7
2661 2075 7
2661 647 7
2661 774 7
2661 833 7
2662 4243 7
2662 654 7
2667 171 7
2667 187 7
2669 5109 7
267 1297 7
267 177 7
2670 2582 7
2671 1211 7
2671 1851 7
2671 2706 7
2671 289 7
2671 421 7
2673 1851 7
2676 127 7
2676 1480 7
2676 287 7
2676 6325 7
2676 721 7
2677 2235 7
2677 36 7
2677 3728 7
2677 465 7
2677 466 7
2677 725 7
2679 3331 7
2679 3726 7
2679 4641 7
268 104 7
268 1114 7
268 1620 7
268 2716 7
2680 385 7
2681 1500 7
2681 187 7
2681 3201 7
2681 3645 7
2681 3830 7
2681 4003 7
2681 448 7
2681 4804 7
2681 4830 7
2681 928 7
2682 1675 7
2682 482 7
2685 2307 7
2685 4737 7
2686 289 7
2686 573 7
2687 4034 7
2688 3026 7
2688 3726 7
2689 2838 7
269 713 7
2691 1163 7
2692 469 7
2693 741 7
2694 2686 7
2694 2701 7
2694 2933 7
2694 3725 7
2694 950 7
2695 2035 7
2695 3047 7
2695 4562 7
2697 1576 7
2699 5449 7
2699 833 7
270 3921 7
270 573 7
270 742 7
2703 2193 7
2703 3728 7
2706 2686 7
2707 4563 7
2708 4584 7
2708 521 7
2708 968 7
2710 1921 7
2710 2251 7
2711 1029 7
2711 164 7
2711 2005 7
2711 2330 7
2711 2647 7
2711 3215 7
2711 787 7
2713 202 7
2713 423 7
2713 472 7
2713 4735 7
2713 4790 7
2713 4813 7
2713 66 7
2713 74 7
2713 838 7
2713 863 7
2714 1216 7
2714 14 7
2714 3077 7
2714 3112 7
2714 4515 7
2714 728 7
2715 1471 7
2715 4180 7
2715 5490 7
2716 138 7
2716 1711 7
2716 1997 7
2716 219 7
2716 4796 7
2717 6110 7
2718 1166 7
2718 1177 7
2718 2021 7
2718 207 7
2718 3593 7
2718 364 7
2718 3799 7
2718 914 7
272 1192 7
272 124 7
272 1623 7
272 1933 7
272 2189 7
272 2255 7
272 2765 7
272 2765 7
272 299 7
272 3272 7
272 333 7
272 387 7
272 3884 7
272 418 7
272 459 7
272 4650 7
272 5083 7
272 53 7
272 56 7
272 731 7
272 861 7
2721 241 7
2721 43 7
2722 1027 7
2722 2011 7
2722 251 7
2722 2796 7
2722 2803 7
2722 3079 7
2722 3312 7
2722 334 7
2722 3592 7
2722 4060 7
2722 4625 7
2722 508 7
2722 5169 7
2722 519 7
2722 530 7
2723 2032 7
2723 2320 7
2723 2820 7
2723 3538 7
2723 4493 7
2723 519 7
2723 5271 7
2723 545 7
2723 5613 7
2723 580 7
2723 621 7
2723 801 7
2725 1093 7
2725 1957 7
2725 6009 7
2730 3736 7
2731 202 7
2731 2629 7
2731 268 7
2731 2716 7
2731 303 7
2731 4443 7
2731 5183 7
2731 5300 7
2731 824 7
2732 6232 7
2732 890 7
2733 3270 7
2733 4803 7
2734 113 7
2735 2351 7
2735 299 7
2735 3312 7
2735 3365 7
2735 4951 7
2735 772 7
2738 1237 7
2738 5137 7
2739 1057 7
2739 1214 7
2739 2372 7
2739 3991 7
2739 4031 7
2739 792 7
2740 263 7
2741 3162 7
2741 3317 7
2741 4017 7
2741 593 7
2741 596 7
2742 879 7
2744 1987 7
2744 6080 7
2745 6085 7
2745 6086 7
2746 1054 7
2746 1179 7
2746 5668 7
2749 3154 7
2749 3647 7
2749 4762 7
2749 663 7
275 1108 7
275 1719 7
275 2 7
275 211 7
275 2574 7
275 2574 7
275 3989 7
275 4060 7
275 412 7
275 436 7
275 439 7
275 573 7
275 635 7
275 801 7
275 803 7
275 98 7
275 98 7
2751 237 7
2752 1814 7
2755 5464 7
2755 744 7
2755 941 7
2758 6351 7
2759 4356 7
2761 2741 7
2761 3921 7
2761 3921 7
2761 408 7
2764 712 7
2765 1125 7
2765 1557 7
2765 1829 7
2765 2305 7
2765 287 7
2765 447 7
2765 4855 7
2765 6037 7
2765 88 7
2765 880 7
2766 2767 7
277 4515 7
2773 1093 7
2773 1919 7
2778 687 7
2780 3126 7
2780 4754 7
2781 1758 7
2781 1810 7
2784 2814 7
2784 5422 7
2789 1244 7
2789 989 7
2791 189 7
2791 237 7
2791 259 7
2791 3182 7
2791 383 7
2791 4060 7
2791 4353 7
2791 817 7
2792 2835 7
2793 4614 7
2793 4831 7
2793 4841 7
2795 5667 7
2795 6393 7
2796 132 7
2796 1529 7
2796 1529 7
2796 251 7
2796 2723 7
2796 2820 7
2796 3077 7
2796 3085 7
2796 3305 7
2796 4585 7
2796 508 7
2796 5359 7
2796 684 7
2796 801 7
2797 2195 7
2797 2343 7
2797 238 7
2797 2412 7
2797 2412 7
2797 2412 7
2797 3710 7
2797 3837 7
2797 3962 7
2797 3973 7
2797 3987 7
2797 4046 7
2797 4046 7
2797 4204 7
2797 4594 7
2797 4788 7
2797 4795 7
2797 4801 7
280 1108 7
280 13 7
280 211 7
280 2574 7
280 2574 7
280 275 7
280 371 7
280 3873 7
280 580 7
280 635 7
280 801 7
2800 4729 7
2800 5825 7
2801 3976 7
2801 5934 7
2801 6115 7
2801 6116 7
2801 997 7
2803 2032 7
2803 2080 7
2803 2714 7
2803 2811 7
2803 3079 7
2803 3156 7
2803 416 7
2803 466 7
2805 2714 7
2805 3524 7
2805 4683 7
2805 728 7
2807 4904 7
281 1265 7
281 1945 7
281 232 7
281 2746 7
281 3456 7
281 447 7
2810 4452 7
2810 5529 7
2811 2723 7
2811 2793 7
2811 372 7
2811 568 7
2814 5422 7
2816 1578 7
2816 2376 7
2816 6052 7
2817 1675 7
2817 2687 7
2817 385 7
2819 109 7
2819 143 7
2819 1828 7
2819 2642 7
2819 2910 7
2819 339 7
2819 3449 7
2819 3638 7
2819 3933 7
2819 4477 7
2819 4678 7
2819 5217 7
2819 5219 7
2819 5248 7
2819 59 7
2820 4028 7
2820 4794 7
2821 3154 7
2821 3629 7
2821 4917 7
2821 5702 7
2821 6302 7
2823 1244 7
2823 4019 7
2824 2825 7
2824 4762 7
2824 657 7
2825 4436 7
2826 4695 7
2826 4725 7
2826 4819 7
2827 2090 7
283 5662 7
283 987 7
2832 4703 7
2832 492 7
2833 3935 7
2833 4136 7
2833 4162 7
2833 4836 7
2833 4911 7
2834 1328 7
2835 2189 7
2835 4132 7
2836 2021 7
2836 3077 7
2836 3223 7
2836 334 7
2836 3862 7
2836 4006 7
2836 4012 7
2836 4145 7
2836 416 7
2836 444 7
2836 444 7
2836 510 7
2836 545 7
2836 6073 7
2838 2993 7
2838 4591 7
2838 6213 7
284 5753 7
2840 1196 7
2840 1895 7
2840 1978 7
2840 448 7
2840 5597 7
2842 1197 7
2842 2515 7
2842 4040 7
2843 2348 7
2843 4803 7
2843 771 7
2846 126 7
2848 689 7
285 1197 7
285 1210 7
285 1482 7
285 153 7
285 1926 7
285 1992 7
285 2370 7
285 2574 7
285 32 7
285 36 7
285 3934 7
285 4487 7
285 557 7
285 92 7
285 950 7
2851 3970 7
2851 643 7
2851 643 7
2856 3121 7
2856 330 7
2860 1682 7
2860 1921 7
2860 2251 7
2860 2513 7
2860 2710 7
2860 2979 7
2860 3858 7
2860 402 7
2860 4924 7
2861 1104 7
2861 1684 7
2863 3146 7
2867 1080 7
2867 2391 7
2867 357 7
2867 4367 7
2867 536 7
2868 6303 7
2869 4144 7
287 1091 7
287 1103 7
287 1173 7
287 256 7
287 3429 7
287 3823 7
287 3903 7
287 476 7
287 605 7
287 6411 7
287 692 7
287 721 7
2872 3330 7
2872 3330 7
2872 407 7
2872 461 7
2872 914 7
2876 1344 7
2876 1598 7
2876 1810 7
2876 1945 7
2876 4167 7
2876 4177 7
2876 4509 7
2876 5496 7
2876 748 7
2880 5103 7
2882 2867 7
2882 3246 7
2882 3247 7
2885 2014 7
2885 649 7
2885 806 7
2887 1117 7
2887 2111 7
2887 272 7
2887 4755 7
2887 4785 7
2887 621 7
2887 913 7
2888 1169 7
2888 171 7
2888 1782 7
2888 1971 7
2888 3839 7
2888 4331 7
2888 4659 7
2889 4758 7
289 2935 7
289 521 7
2890 3200 7
2890 4734 7
2890 5391 7
2891 2014 7
2891 2765 7
2891 3623 7
2891 4335 7
2898 1230 7
2898 6304 7
2901 104 7
2901 1668 7
2901 3230 7
2901 4001 7
2901 4796 7
2901 5241 7
2901 5262 7
2901 5896 7
2903 1147 7
2903 1636 7
2903 2322 7
2903 2710 7
2903 272 7
2903 2905 7
2903 2996 7
2903 3605 7
2903 3918 7
2903 3918 7
2903 868 7
2903 956 7
2904 1265 7
2904 1925 7
2904 2316 7
2904 2319 7
2904 3524 7
2904 4060 7
2904 4221 7
2904 467 7
2904 4934 7
2904 659 7
2904 742 7
2904 9 7
2904 983 7
2905 2257 7
2905 2600 7
2905 706 7
2906 1911 7
2906 1948 7
2906 3895 7
2906 5970 7
2908 2242 7
2908 3918 7
2909 3349 7
2909 4902 7
2910 3219 7
2910 3933 7
2914 1815 7
2914 5252 7
2914 5432 7
2915 1737 7
2916 1759 7
2916 5421 7
2917 2641 7
2917 5292 7
2920 1430 7
2923 2568 7
2923 5670 7
2925 1708 7
2926 138 7
2926 5311 7
2927 2570 7
2927 2628 7
2927 4936 7
2927 5523 7
2928 5459 7
2929 166 7
2929 2755 7
2929 513 7
2929 670 7
2929 744 7
2930 1066 7
2930 1619 7
2930 1808 7
2930 337 7
2930 4846 7
2930 542 7
2930 560 7
2933 1934 7
2933 2193 7
2933 2235 7
2933 2935 7
2933 3544 7
2933 3725 7
2933 4555 7
2934 124 7
2934 1339 7
2934 202 7
2934 2313 7
2935 1846 7
2935 2235 7
2935 2934 7
2935 2934 7
2935 2943 7
2935 3250 7
2935 456 7
2936 4598 7
2937 6279 7
2942 4981 7
2943 2266 7
2943 2703 7
2943 2933 7
2943 5 7
2944 2035 7
2945 3858 7
2945 4988 7
2949 1667 7
295 1219 7
295 1620 7
295 268 7
295 3230 7
295 5974 7
295 599 7
2950 2476 7
2950 2593 7
2952 4379 7
2953 5066 7
2954 1021 7
2954 2484 7
2957 1307 7
2957 1598 7
2957 879 7
2959 2207 7
2959 3602 7
2959 3927 7
2964 1422 7
2964 1757 7
2964 3370 7
2966 1272 7
2966 2454 7
2966 2718 7
2966 3083 7
2966 4751 7
2966 983 7
2968 4933 7
2969 2038 7
2969 2111 7
2973 2012 7
2973 2536 7
2973 5391 7
2975 2593 7
2975 769 7
2977 1789 7
2977 1807 7
2977 4479 7
2977 997 7
2979 4956 7
298 1397 7
298 1937 7
298 2930 7
298 3024 7
298 3443 7
298 4901 7
298 637 7
2980 1682 7
2980 2271 7
2980 5136 7
2981 4987 7
2983 6191 7
2984 1099 7
2984 197 7
2984 2105 7
2986 1026 7
2986 113 7
2986 1289 7
2986 1568 7
2986 158 7
2986 200 7
2986 2996 7
2986 3543 7
2986 3652 7
2986 3965 7
2986 418 7
2986 436 7
2986 436 7
2986 5827 7
2987 65 7
2987 741 7
2988 298 7
2988 4901 7
2988 5651 7
299 138 7
299 1460 7
299 177 7
299 1819 7
299 1854 7
299 188 7
299 1938 7
299 2823 7
299 3004 7
299 3234 7
299 334 7
299 3714 7
299 3884 7
299 4054 7
299 4158 7
299 4287 7
299 459 7
299 462 7
299 4650 7
299 583 7
299 73 7
2990 1408 7
2990 1872 7
2990 2536 7
2990 5711 7
2993 2689 7
2993 3250 7
2993 4591 7
2995 3595 7
2995 673 7
2995 880 7
2996 113 7
2996 2263 7
2996 228 7
2996 2405 7
2996 3006 7
2996 3543 7
2996 3605 7
2996 621 7
2999 3004 7
2999 73 7
3 1066 7
3 118 7
3 1809 7
3 3058 7
3 3934 7
3 394 7
3 4182 7
3 4234 7
3 681 7
30 3463 7
30 3762 7
30 653 7
30 653 7
30 789 7
300 1027 7
300 1202 7
300 157 7
300 185 7
300 447 7
300 66 7
300 739 7
300 739 7
300 806 7
3001 1081 7
3001 1908 7
3001 2368 7
3001 2466 7
3001 3156 7
3001 3965 7
3001 3990 7
3001 5315 7
3001 637 7
3002 196 7
3002 2988 7
3002 4341 7
3002 5022 7
3002 5826 7
3004 583 7
3005 2076 7
3006 2415 7
3008 1851 7
3008 289 7
3008 573 7
3008 915 7
301 1836 7
3011 6232 7
3013 2133 7
3013 224 7
3013 5673 7
3014 287 7
3014 6278 7
3016 2462 7
3016 3044 7
3016 3490 7
3016 5264 7
3016 5362 7
3016 5539 7
3018 1008 7
3018 1308 7
3018 1623 7
3018 2143 7
3018 2189 7
3018 251 7
3018 257 7
3018 272 7
3018 330 7
3018 3645 7
3018 4211 7
3018 461 7
3018 467 7
3018 476 7
3018 510 7
3018 53 7
3018 537 7
3018 605 7
3018 659 7
3018 659 7
3018 66 7
3018 673 7
3018 801 7
3018 910 7
3021 1473 7
3021 807 7
3023 3808 7
3023 3857 7
3023 4763 7
3023 4764 7
3023 789 7
3024 2033 7
3024 224 7
3024 2999 7
3024 375 7
3024 549 7
3026 2193 7
3026 2266 7
3026 2695 7
3026 3047 7
3026 4435 7
3026 4563 7
3029 3782 7
3029 4112 7
3029 4657 7
3029 4824 7
303 1809 7
303 5183 7
3035 202 7
3035 2677 7
3035 2708 7
3037 3506 7
3037 46 7
3037 5914 7
3037 5998 7
304 1146 7
304 1313 7
304 4230 7
304 673 7
304 78 7
3042 2826 7
3042 6144 7
3044 1007 7
3044 1008 7
3044 1026 7
3044 1118 7
3044 1872 7
3044 2442 7
3044 2555 7
3044 2986 7
3044 4063 7
3044 5155 7
3044 5394 7
3044 815 7
3047 4564 7
3048 1269 7
3048 3998 7
3048 5053 7
3049 3016 7
3049 4191 7
3049 4399 7
3049 5370 7
3049 5394 7
3050 2361 7
3050 4826 7
3050 5071 7
3056 1179 7
3056 1219 7
3056 2463 7
3056 3062 7
3056 3396 7
3056 3960 7
3056 4321 7
3056 4487 7
3056 455 7
3056 5037 7
3056 5038 7
3057 789 7
3058 1066 7
3058 118 7
3058 2765 7
3058 2891 7
3058 3645 7
3058 681 7
3058 807 7
3059 1110 7
3059 242 7
3059 2773 7
3059 3951 7
3059 3951 7
3059 4826 7
3059 5348 7
3059 783 7
3062 1007 7
3062 1027 7
3062 1108 7
3062 237 7
3062 237 7
3062 24 7
3062 2716 7
3062 3903 7
3062 4001 7
3062 4321 7
3062 455 7
3062 4734 7
3062 671 7
3066 1110 7
3066 1333 7
3066 2514 7
3066 3889 7
3067 5654 7
3071 238 7
3071 2723 7
3071 3973 7
3071 4046 7
3071 4204 7
3073 2722 7
3073 3232 7
3073 3326 7
3073 3524 7
3073 3540 7
3073 4733 7
3073 4751 7
3073 508 7
3073 5863 7
3073 742 7
3076 2803 7
3076 3085 7
3076 4080 7
3076 4467 7
3076 563 7
3076 566 7
3076 5912 7
3076 656 7
3077 1529 7
3077 1781 7
3077 3083 7
3077 3195 7
3077 3488 7
3077 3579 7
3077 372 7
3077 4714 7
3077 473 7
3077 522 7
3077 586 7
3077 610 7
3077 656 7
3077 74 7
3079 112 7
3079 1216 7
3079 251 7
3079 2836 7
3079 3865 7
3079 4613 7
3079 530 7
3079 753 7
308 5992 7
308 6048 7
3081 3865 7
3081 4608 7
3081 526 7
3083 1202 7
3083 257 7
3083 3312 7
3083 3524 7
3083 3524 7
3083 3540 7
3083 3592 7
3083 4076 7
3084 4954 7
3085 1406 7
3085 1619 7
3085 2713 7
3085 2796 7
3085 3201 7
3085 3529 7
3085 3540 7
3085 421 7
3085 445 7
3085 510 7
3085 545 7
3085 710 7
3085 728 7
309 1266 7
309 793 7
3090 5676 7
3096 6496 7
3096 863 7
3098 1482 7
3098 1585 7
3098 1711 7
3098 4872 7
3098 5768 7
31 1081 7
310 1330 7
3101 1044 7
3101 17 7
3101 1796 7
3101 2980 7
3101 3929 7
3101 4379 7
3101 4547 7
3101 5827 7
3103 127 7
3103 1403 7
3103 1769 7
3103 2496 7
3103 3114 7
3103 3645 7
3105 713 7
3106 1724 7
3106 2307 7
3106 2357 7
3106 3267 7
3106 3663 7
3106 4115 7
3106 4150 7
3106 54 7
3106 5667 7
3108 1131 7
3108 1168 7
3108 1374 7
3108 138 7
3108 2006 7
3108 2209 7
3108 2718 7
3108 3124 7
3108 3835 7
3108 4471 7
3108 605 7
3108 828 7
3109 161 7
3109 1938 7
3109 3001 7
3109 4378 7
3109 461 7
3111 1440 7
3111 2555 7
3111 3001 7
3111 3757 7
3111 3990 7
3111 4295 7
3111 4295 7
3111 4712 7
3112 114 7
3112 214 7
3112 3246 7
3112 387 7
3112 41 7
3112 4544 7
3112 4605 7
3112 4802 7
3112 563 7
3112 973 7
3113 3120 7
3113 3124 7
3116 2195 7
3116 2412 7
3116 2797 7
3116 3574 7
3116 4204 7
3116 4244 7
3116 4954 7
3116 4954 7
3116 4966 7
3116 6 7
312 313 7
312 3919 7
3120 3124 7
3120 3525 7
3120 4862 7
3120 5997 7
3120 6012 7
3120 6396 7
3120 83 7
3121 1482 7
3121 1728 7
3121 6505 7
3121 840 7
3121 928 7
3122 1381 7
3122 2752 7
3122 3227 7
3122 4236 7
3122 5577 7
3123 4308 7
3124 1202 7
3124 1245 7
3124 14 7
3124 1709 7
3124 2370 7
3124 285 7
3124 3073 7
3124 3316 7
3124 3326 7
3124 3524 7
3124 3925 7
3124 4096 7
3124 414 7
3124 440 7
3124 455 7
3124 468 7
3124 5994 7
3124 950 7
3126 3654 7
3126 4760 7
3126 643 7
313 194 7
313 283 7
313 3919 7
313 4327 7
313 4613 7
3131 4323 7
3133 5844 7
3133 6014 7
3135 1403 7
3135 4821 7
3135 5942 7
3135 6002 7
3135 86 7
3137 1557 7
3137 191 7
3137 269 7
3137 3038 7
3137 4244 7
3138 4821 7
314 1098 7
314 295 7
314 375 7
314 395 7
314 5839 7
314 989 7
3141 125 7
3143 2412 7
3143 3706 7
3143 3837 7
3147 5191 7
3149 5931 7
3149 6227 7
3150 2316 7
3150 3260 7
3150 334 7
3150 66 7
3150 715 7
3150 742 7
3151 5852 7
3151 734 7
3151 778 7
3154 3647 7
3154 4272 7
3154 4553 7
3154 4569 7
3154 4762 7
3154 4839 7
3154 4839 7
3154 652 7
3154 674 7
3155 5837 7
3155 6276 7
3155 6329 7
3155 6529 7
3156 1925 7
3156 2368 7
3156 2380 7
3156 2723 7
3156 3076 7
3156 3246 7
3156 3836 7
3156 3965 7
3156 4792 7
3156 4864 7
3156 4871 7
3156 4872 7
3159 164 7
3159 3056 7
3159 6222 7
316 1292 7
3161 5857 7
3162 2741 7
3162 596 7
3163 3529 7
3163 3534 7
3163 609 7
3167 3151 7
3167 6332 7
3169 2166 7
3169 557 7
3170 6412 7
3170 6413 7
3175 1030 7
3175 2746 7
3175 4780 7
3176 3083 7
3176 3189 7
3176 3312 7
3176 3540 7
3176 753 7
3177 1289 7
3177 5009 7
3177 5034 7
3178 5758 7
318 670 7
3182 3966 7
3182 4353 7
3189 2805 7
3189 2836 7
3189 3083 7
3189 3155 7
3189 3312 7
3189 3540 7
3189 3579 7
3189 3592 7
3189 456 7
3189 477 7
3189 503 7
3189 557 7
3189 563 7
3189 5973 7
3189 801 7
3189 847 7
319 4528 7
319 637 7
3195 2080 7
3195 2836 7
3195 5928 7
32 153 7
32 189 7
32 2131 7
32 259 7
32 4368 7
32 4445 7
32 496 7
32 670 7
32 803 7
32 928 7
320 2791 7
320 4338 7
320 826 7
3200 2391 7
3200 2612 7
3200 891 7
3201 1082 7
3201 1460 7
3201 1601 7
3201 2973 7
3201 3240 7
3201 3301 7
3201 3645 7
3201 3835 7
3201 4164 7
3201 4490 7
3201 516 7
3204 104 7
3204 1406 7
3204 1813 7
3204 256 7
3204 396 7
3204 4528 7
3204 4678 7
3204 88 7
3212 2300 7
3214 687 7
3215 1054 7
3215 1056 7
3215 1117 7
3215 1202 7
3215 1533 7
3215 165 7
3215 2392 7
3215 251 7
3215 2722 7
3215 2887 7
3215 3056 7
3215 3884 7
3215 452 7
3215 480 7
3215 605 7
3215 621 7
3215 649 7
3215 659 7
3215 690 7
3215 720 7
3215 787 7
3215 787 7
3215 801 7
3218 3637 7
3218 644 7
3219 143 7
3219 1829 7
3219 2819 7
3219 2819 7
3219 339 7
3219 339 7
3219 3830 7
3219 4852 7
3223 4903 7
3225 2320 7
3225 4853 7
3225 924 7
3229 4007 7
3229 4634 7
3229 4855 7
3229 5416 7
3229 5468 7
3229 5976 7
3230 1624 7
3230 1911 7
3230 2086 7
3230 2244 7
3230 2699 7
3230 3056 7
3230 3934 7
3230 3934 7
3230 649 7
3231 5895 7
3232 2713 7
3232 3957 7
3232 4182 7
3232 4356 7
3232 4462 7
3232 4557 7
3232 4593 7
3232 4799 7
3232 4813 7
3232 509 7
3232 6263 7
3232 825 7
3234 1044 7
3234 1674 7
3234 2299 7
3234 2340 7
3234 3004 7
3234 3774 7
3234 4448 7
3234 4876 7
3234 4941 7
3234 4957 7
3234 4963 7
3235 3201 7
3235 5696 7
3237 1166 7
3237 3156 7
3237 4863 7
3240 1007 7
3240 1008 7
3240 1125 7
3240 117 7
3240 1462 7
3240 1536 7
3240 3109 7
3240 788 7
3240 993 7
3242 1477 7
3242 1692 7
3242 3927 7
3242 421 7
3243 1118 7
3243 1710 7
3243 3059 7
3244 4835 7
3245 2872 7
3245 3330 7
3245 407 7
3246 2935 7
3246 3247 7
3247 4871 7
3249 241 7
3250 165 7
3250 1810 7
3250 2838 7
3250 3913 7
3250 4561 7
3250 4612 7
3259 2084 7
3259 5935 7
3260 5940 7
3260 6017 7
3261 2515 7
3262 4410 7
3266 3106 7
3267 2244 7
3267 4125 7
3267 6080 7
327 1618 7
327 2716 7
327 833 7
3271 2816 7
3272 1838 7
3272 1933 7
3272 2280 7
3272 2442 7
3272 4487 7
3272 5071 7
3272 861 7
3274 2765 7
3277 2271 7
3277 2467 7
3277 5726 7
3278 126 7
3279 1224 7
328 3488 7
328 510 7
3287 1026 7
3287 336 7
3287 4186 7
3287 4378 7
3287 461 7
3295 1912 7
3295 3204 7
3295 3744 7
3295 4876 7
3295 5611 7
3295 604 7
3297 1718 7
33 200 7
33 3392 7
330 1117 7
330 1294 7
330 1925 7
330 238 7
330 281 7
330 287 7
330 2904 7
330 3018 7
330 3057 7
330 4060 7
330 476 7
330 496 7
330 659 7
330 692 7
330 721 7
330 731 7
330 783 7
330 789 7
3302 5255 7
3303 5596 7
3305 2836 7
3305 3076 7
3305 3156 7
3305 4365 7
3305 4683 7
3305 4716 7
3305 530 7
3305 5861 7
3306 5527 7
3307 5425 7
3308 5145 7
3309 1035 7
3309 1533 7
3309 2224 7
3310 1056 7
3310 2351 7
3310 2735 7
3310 3947 7
3310 5033 7
3310 5037 7
3312 188 7
3312 250 7
3312 3124 7
3312 3195 7
3312 3524 7
3312 3540 7
3312 3592 7
3312 4076 7
3312 4215 7
3312 4340 7
3312 563 7
3312 605 7
3312 684 7
3312 728 7
3312 913 7
3315 1438 7
3315 448 7
3316 1294 7
3316 132 7
3316 1925 7
3316 3124 7
3316 440 7
3316 983 7
3317 2761 7
3317 3921 7
3317 408 7
3317 825 7
3319 1257 7
3319 2612 7
3322 2669 7
3325 4934 7
3326 3018 7
3326 3108 7
3326 3215 7
3326 3456 7
3326 3524 7
3326 3535 7
3326 3540 7
3326 3645 7
3326 414 7
3326 4487 7
3326 462 7
3326 577 7
3326 98 7
3329 5153 7
333 1025 7
333 1408 7
333 3018 7
333 4105 7
333 508 7
333 610 7
333 637 7
333 673 7
3330 1548 7
3330 2370 7
3331 2688 7
3332 2299 7
3332 4733 7
3332 4905 7
3332 5033 7
3332 5033 7
3332 685 7
3335 2810 7
3335 3229 7
3335 5425 7
3335 898 7
3336 1098 7
3336 395 7
3337 2589 7
3337 5048 7
3337 5069 7
3339 2467 7
3339 4192 7
3339 499 7
334 1027 7
334 1177 7
334 1202 7
334 1355 7
334 159 7
334 1638 7
334 164 7
334 165 7
334 1927 7
334 2305 7
334 2392 7
334 2789 7
334 3056 7
334 4001 7
334 447 7
334 476 7
334 637 7
334 720 7
334 739 7
334 742 7
334 833 7
3340 2207 7
3340 2487 7
3344 1701 7
3344 3234 7
3344 3234 7
3344 3332 7
3344 4945 7
3344 4979 7
3344 4996 7
3344 5033 7
3345 2245 7
3345 2927 7
3345 3339 7
3345 3355 7
3346 1869 7
3346 3023 7
3346 3772 7
3346 4764 7
3347 3270 7
3348 235 7
3348 4969 7
3349 4925 7
3353 4307 7
3353 4657 7
3356 265 7
3357 162 7
3357 2468 7
3357 2478 7
3357 2765 7
3357 5628 7
3358 2787 7
336 1933 7
336 1938 7
336 2252 7
336 3109 7
3362 3416 7
3365 1477 7
3365 4951 7
3367 5577 7
3369 189 7
3369 3322 7
3369 4964 7
337 1029 7
337 120 7
337 1482 7
337 165 7
337 2296 7
337 2348 7
337 2348 7
337 2441 7
337 2647 7
337 5969 7
337 647 7
337 659 7
337 66 7
337 701 7
3371 2002 7
3371 2463 7
3372 1239 7
3372 1241 7
3372 5430 7
3373 5412 7
3379 1491 7
3380 1403 7
3380 1403 7
3380 1440 7
3380 4391 7
3380 4715 7
3380 6199 7
3380 6241 7
3380 6437 7
3385 1150 7
3385 5366 7
339 143 7
339 1829 7
339 2910 7
339 3219 7
339 3642 7
339 3830 7
339 4852 7
339 5384 7
339 5385 7
3392 2350 7
3393 2576 7
3393 2607 7
3393 2942 7
3395 1653 7
3396 3379 7
3396 5144 7
3398 2568 7
3398 3150 7
3398 3500 7
3398 4293 7
3398 4734 7
3399 5039 7
34 1944 7
34 215 7
34 267 7
34 64 7
340 108 7
340 1750 7
340 3729 7
340 88 7
3400 1381 7
3400 2565 7
3406 3108 7
3406 647 7
3406 789 7
3408 2509 7
3410 5403 7
3410 5628 7
3413 3416 7
3416 3446 7
3416 5782 7
3417 4239 7
3419 149 7
3419 3443 7
3419 440 7
342 1980 7
342 488 7
3422 1103 7
3423 4059 7
3426 4494 7
3428 5554 7
3429 2253 7
3429 2311 7
3429 3004 7
3429 3234 7
3429 3938 7
3429 4869 7
3429 840 7
3429 885 7
3431 3249 7
3431 3416 7
3431 5263 7
3436 5626 7
3437 4229 7
3437 6511 7
3441 1582 7
3441 1806 7
3441 2641 7
3441 409 7
3441 457 7
3443 1026 7
3443 1081 7
3443 1178 7
3443 1289 7
3443 158 7
3443 2089 7
3443 2986 7
3443 3056 7
3443 3814 7
3443 3965 7
3443 4041 7
3445 5179 7
3445 5363 7
3446 3362 7
3446 3416 7
3447 1364 7
3447 1611 7
3447 5056 7
3448 1103 7
3448 4010 7
3449 143 7
3449 3642 7
3449 59 7
3451 260 7
3452 6018 7
3453 2022 7
3453 3455 7
3455 5909 7
3455 737 7
3456 971 7
3458 2876 7
3458 3644 7
3460 3230 7
3460 4274 7
3462 651 7
3463 188 7
3463 2090 7
3465 1117 7
3465 1153 7
3465 1201 7
3465 130 7
3465 1675 7
3465 1881 7
3465 259 7
3465 2876 7
3465 399 7
3466 4473 7
3467 1607 7
3467 4975 7
347 620 7
3470 1658 7
3470 4305 7
3471 3475 7
3472 1683 7
3472 6357 7
3473 2008 7
3473 2057 7
3473 4298 7
3475 1683 7
3475 335 7
3476 2307 7
3476 2685 7
3476 3715 7
3476 4162 7
3476 4361 7
3476 6327 7
3477 5903 7
3477 5949 7
3478 4859 7
3478 5731 7
3482 3951 7
3482 5193 7
3482 788 7
3483 1118 7
3483 3066 7
3484 1511 7
3484 1748 7
3487 5962 7
3488 1498 7
3488 3077 7
3488 372 7
3488 4673 7
3488 4708 7
3490 3001 7
3490 6237 7
3491 1333 7
3491 4196 7
3491 5242 7
3495 4076 7
3497 2057 7
3497 5971 7
3497 6 7
3497 880 7
3498 3149 7
3498 328 7
3498 4787 7
3498 4805 7
3499 3482 7
3499 5374 7
3499 5532 7
3499 5588 7
3499 5697 7
350 4658 7
350 5289 7
350 6463 7
3500 3835 7
3502 1560 7
3502 1624 7
3502 4440 7
3502 5001 7
3502 5480 7
3503 709 7
3504 1131 7
3504 3431 7
3506 3141 7
3506 39 7
3506 4618 7
3506 668 7
3511 3480 7
3511 5195 7
3518 2836 7
3518 3595 7
3518 4284 7
3518 543 7
3518 656 7
3518 725 7
3518 822 7
352 1709 7
352 172 7
352 2008 7
352 3497 7
352 4862 7
352 4873 7
352 4875 7
352 4885 7
352 6001 7
352 775 7
352 876 7
3520 1192 7
3520 1715 7
3520 1753 7
3520 207 7
3520 272 7
3520 2903 7
3520 409 7
3520 42 7
3521 5976 7
3521 6249 7
3524 1117 7
3524 1117 7
3524 1529 7
3524 1927 7
3524 3124 7
3524 330 7
3524 3540 7
3524 414 7
3524 445 7
3524 4471 7
3524 621 7
3524 656 7
3524 659 7
3524 913 7
3525 1282 7
3525 352 7
3525 4873 7
3525 4875 7
3525 4887 7
3525 6023 7
3528 3993 7
3528 4000 7
3528 538 7
3529 4105 7
3529 577 7
3529 590 7
3529 838 7
3530 3534 7
3530 4105 7
3530 4728 7
3530 4784 7
3530 646 7
3530 832 7
3532 6350 7
3532 6417 7
3533 238 7
3533 3163 7
3533 330 7
3533 3326 7
3533 4013 7
3533 4581 7
3533 851 7
3533 852 7
3533 920 7
3533 999 7
3534 3533 7
3534 3999 7
3534 4008 7
3534 423 7
3534 4487 7
3534 4656 7
3534 472 7
3534 4728 7
3534 862 7
3535 1027 7
3535 1810 7
3535 250 7
3535 3710 7
3535 456 7
3535 460 7
3535 623 7
3535 646 7
3535 74 7
3538 2343 7
3538 3232 7
3538 4590 7
3538 4746 7
3538 4816 7
3538 5810 7
3540 188 7
3540 3524 7
3540 3592 7
3540 3852 7
3540 3884 7
3540 4076 7
3540 4078 7
3540 4471 7
3540 4703 7
3540 656 7
3541 131 7
3541 1395 7
3541 2502 7
3541 4089 7
3541 4210 7
3541 4734 7
3542 1817 7
3542 1881 7
3542 4776 7
3542 4779 7
3542 6156 7
3542 778 7
3543 1093 7
3543 1611 7
3543 2092 7
3543 2443 7
3543 2725 7
3543 5056 7
3544 1163 7
3544 2934 7
3544 2935 7
3544 4561 7
3547 2761 7
3547 3357 7
3547 3921 7
3547 4017 7
3547 825 7
3548 189 7
3548 1979 7
3548 2791 7
3548 3925 7
3548 447 7
3548 5708 7
3549 4338 7
3549 463 7
3549 670 7
3549 960 7
3556 3530 7
3558 1777 7
3558 2722 7
3558 4096 7
3558 4554 7
3558 621 7
3559 1299 7
3559 1843 7
3560 5967 7
3560 5968 7
3561 2587 7
3561 960 7
3563 172 7
3563 2370 7
3563 4402 7
3563 579 7
3563 595 7
3563 741 7
3565 5457 7
3566 164 7
3566 819 7
3568 4344 7
3568 473 7
3568 6095 7
357 3156 7
357 3608 7
357 3884 7
357 530 7
3570 4667 7
3572 1410 7
3572 1446 7
3572 1587 7
3572 1605 7
3572 1710 7
3572 1756 7
3572 710 7
3572 993 7
3574 2797 7
3574 3987 7
3574 4954 7
3574 4966 7
3575 295 7
3575 314 7
3575 480 7
3576 308 7
3578 4080 7
3578 414 7
3579 3077 7
3579 3589 7
3579 4690 7
3579 4692 7
3579 522 7
3579 530 7
3579 733 7
3579 743 7
358 2075 7
358 301 7
358 342 7
358 3919 7
358 4680 7
358 578 7
3583 6136 7
3584 2075 7
3584 2142 7
3584 337 7
3584 4906 7
3584 774 7
3586 822 7
3586 863 7
3587 3305 7
3587 4667 7
3587 4689 7
3587 6154 7
3589 3189 7
3589 3579 7
3589 5999 7
3589 733 7
3589 743 7
3592 4046 7
3592 4076 7
3592 4078 7
3592 4588 7
3592 4794 7
3592 738 7
3593 104 7
3593 1088 7
3593 1857 7
3593 188 7
3593 188 7
3593 2196 7
3593 2901 7
3593 3062 7
3593 3762 7
3593 3835 7
3593 64 7
3593 91 7
3594 1860 7
3594 3085 7
3594 3865 7
3594 4792 7
3594 4811 7
3595 3195 7
3595 372 7
3595 4808 7
3595 4815 7
3595 526 7
3595 74 7
3598 227 7
3598 2496 7
3598 309 7
3598 3090 7
36 1117 7
36 1191 7
36 1719 7
36 220 7
36 251 7
36 259 7
36 385 7
36 4215 7
36 476 7
36 6053 7
36 77 7
36 89 7
360 318 7
360 3204 7
3600 4245 7
3600 4557 7
3601 92 7
3602 1103 7
3602 287 7
3602 5097 7
3604 1925 7
3604 2872 7
3604 3680 7
3604 4733 7
3605 2064 7
3605 2111 7
3605 2405 7
3608 1549 7
3608 2699 7
3608 2973 7
3608 4234 7
3608 706 7
3609 4692 7
361 234 7
3611 177 7
3611 267 7
3611 3558 7
3611 4019 7
3613 3616 7
3613 5040 7
3613 5041 7
3616 5041 7
3617 5751 7
3618 3556 7
3619 2594 7
362 1489 7
362 1871 7
362 1908 7
362 299 7
362 459 7
362 4740 7
362 496 7
362 73 7
3620 6083 7
3623 109 7
3623 1308 7
3623 1352 7
3623 142 7
3623 1460 7
3623 1965 7
3623 1966 7
3623 2305 7
3623 2681 7
3623 2765 7
3623 3201 7
3623 3641 7
3623 4230 7
3623 5161 7
3623 681 7
3623 928 7
3629 2824 7
3629 6302 7
363 633 7
3630 54 7
3633 3774 7
3634 4490 7
3634 747 7
3637 5679 7
3637 5680 7
3638 1239 7
3638 1698 7
3638 1965 7
3638 3641 7
3638 4833 7
3638 4834 7
364 1007 7
364 1308 7
364 1701 7
364 2340 7
364 3018 7
364 3062 7
364 3716 7
364 4941 7
364 4996 7
364 538 7
3641 1239 7
3641 1352 7
3641 1698 7
3641 1802 7
3642 2819 7
3642 3058 7
3642 3458 7
3642 3644 7
3642 4833 7
3642 5563 7
3644 1125 7
3644 1178 7
3645 1066 7
3645 118 7
3645 1500 7
3645 1728 7
3645 188 7
3645 1963 7
3645 2196 7
3645 242 7
3645 2681 7
3645 272 7
3645 3 7
3645 3593 7
3645 3623 7
3645 3623 7
3645 387 7
3645 4152 7
3645 4804 7
3645 659 7
3645 79 7
3645 946 7
3645 993 7
3647 2090 7
3647 3154 7
3647 4277 7
3647 4277 7
3647 4624 7
3647 4679 7
3647 4839 7
3647 651 7
3647 652 7
3647 652 7
3647 652 7
3647 657 7
3649 3541 7
365 4667 7
365 491 7
3650 1983 7
3650 5843 7
3650 692 7
3651 2819 7
3651 3729 7
3652 113 7
3652 6007 7
3654 2165 7
3654 3873 7
3655 2101 7
3655 3003 7
3656 5097 7
366 1164 7
366 1201 7
366 4307 7
366 744 7
366 971 7
366 997 7
3663 2307 7
3663 3935 7
3664 3832 7
3664 6281 7
3664 662 7
3665 5943 7
367 3926 7
367 5646 7
3670 2573 7
3670 5422 7
3672 1992 7
3675 1711 7
3675 4087 7
3675 834 7
3676 2744 7
3676 3106 7
3676 4137 7
3678 4999 7
3679 32 7
3679 803 7
3680 5722 7
3681 6267 7
3685 1836 7
3685 2447 7
3688 5099 7
3688 5099 7
3689 1729 7
369 3348 7
369 3348 7
3693 3313 7
3693 710 7
3695 5198 7
3695 5979 7
3697 3857 7
3697 4748 7
3698 2290 7
3698 2870 7
37 257 7
37 64 7
37 79 7
37 910 7
3700 2257 7
3700 2868 7
3702 2279 7
3705 1101 7
3705 3740 7
3705 4757 7
3706 4328 7
3708 1025 7
3708 1985 7
3708 387 7
3708 3960 7
3709 5714 7
3709 5787 7
371 1025 7
371 1108 7
371 13 7
371 130 7
371 1529 7
371 2723 7
371 280 7
371 3808 7
371 3873 7
371 447 7
371 456 7
371 573 7
371 580 7
371 586 7
371 653 7
371 801 7
371 98 7
371 98 7
371 983 7
3710 2343 7
3710 238 7
3710 3143 7
3710 3528 7
3710 3706 7
3710 423 7
3710 4284 7
3710 4730 7
3710 4746 7
3710 4801 7
3710 579 7
3711 769 7
3712 2488 7
3713 1070 7
3713 4251 7
3714 1126 7
3714 2823 7
3714 3774 7
3714 3954 7
3714 4846 7
3714 5688 7
3714 5721 7
3715 1976 7
3716 6388 7
372 1216 7
372 3077 7
372 3488 7
372 3994 7
372 4808 7
372 492 7
372 526 7
372 5701 7
3722 5159 7
3722 5160 7
3722 5206 7
3725 4637 7
3728 1951 7
3728 2266 7
3728 2933 7
3728 2934 7
3728 2935 7
3728 2943 7
3728 2943 7
3729 1722 7
373 4684 7
373 85 7
3731 5052 7
3734 4219 7
3735 4218 7
3735 5428 7
3735 5447 7
3736 116 7
3736 162 7
3736 220 7
3737 1709 7
3737 352 7
3737 4884 7
3737 5880 7
3737 6066 7
3738 883 7
3740 1219 7
3741 3712 7
3742 5743 7
3743 104 7
3743 2731 7
3744 1668 7
3744 739 7
3745 1682 7
3745 2467 7
3745 2546 7
3745 499 7
3745 754 7
3746 2277 7
3746 2636 7
3747 1619 7
3747 1950 7
3747 2295 7
3747 3700 7
3749 2077 7
375 1114 7
375 145 7
375 295 7
3750 3010 7
3753 799 7
3753 895 7
3754 1427 7
3754 3811 7
3754 4300 7
3755 6295 7
3755 6296 7
3757 1403 7
3757 1403 7
3757 2545 7
3757 2545 7
3757 2557 7
3757 3380 7
3757 3380 7
3757 4295 7
3757 4665 7
3757 502 7
3757 53 7
3759 3308 7
3759 4920 7
376 314 7
376 6336 7
3762 30 7
3762 6354 7
3766 136 7
3766 207 7
3766 396 7
3769 1365 7
3769 3756 7
3772 3808 7
3772 4763 7
3772 4764 7
3774 1169 7
3774 3940 7
3774 4648 7
3774 4659 7
3774 4755 7
3774 4870 7
3776 4309 7
3776 5877 7
3778 3200 7
3778 741 7
3780 3706 7
3780 5884 7
3782 188 7
3782 3029 7
3782 904 7
3784 1672 7
3784 4135 7
3784 6254 7
3784 6255 7
3784 6255 7
3785 3803 7
3789 2718 7
3789 3604 7
3789 4750 7
3789 579 7
3791 1282 7
3791 1709 7
3796 6042 7
3798 6247 7
3799 1403 7
3799 2973 7
3799 66 7
3799 742 7
3799 914 7
3799 973 7
3800 2509 7
3801 5145 7
3801 5239 7
3805 1459 7
3805 686 7
3807 2979 7
3808 1459 7
3808 1525 7
3808 1678 7
3808 3346 7
3808 371 7
3808 4763 7
3808 686 7
3809 4296 7
3814 2713 7
3814 276 7
3814 3200 7
3820 4029 7
3820 4298 7
3820 4882 7
3820 871 7
3823 3558 7
3823 4961 7
3825 130 7
3825 536 7
3826 260 7
3826 2672 7
3829 6225 7
383 1175 7
383 1178 7
383 2006 7
383 2006 7
383 2392 7
383 400 7
383 400 7
383 4001 7
383 480 7
383 601 7
383 748 7
383 827 7
3830 1500 7
3830 1963 7
3830 2910 7
3830 3645 7
3830 3933 7
3830 4804 7
3830 805 7
3831 6030 7
3831 6111 7
3832 2307 7
3832 2503 7
3832 2503 7
3832 2833 7
3832 4100 7
3832 4835 7
3832 6281 7
3832 662 7
3832 662 7
3833 3608 7
3835 1244 7
3835 1532 7
3835 1602 7
3835 1792 7
3835 256 7
3835 2568 7
3835 2765 7
3835 5827 7
3835 921 7
3836 1440 7
3836 2867 7
3837 2412 7
3837 2797 7
3837 3574 7
3837 3899 7
3837 3973 7
3837 4673 7
3837 4788 7
3837 4966 7
3837 844 7
3838 2109 7
3839 1184 7
3839 3774 7
3839 914 7
384 1418 7
384 1421 7
384 1808 7
384 3670 7
3840 5156 7
3840 5157 7
3840 5620 7
3841 1110 7
3841 2466 7
3841 5228 7
3843 5243 7
3844 285 7
3844 3672 7
3845 1774 7
3845 4218 7
3845 5197 7
3847 1263 7
3849 2188 7
3849 4078 7
3849 473 7
3849 753 7
385 1623 7
385 2189 7
385 2395 7
385 2680 7
385 2682 7
385 2687 7
385 2817 7
385 610 7
385 914 7
3851 1261 7
3851 1372 7
3851 1488 7
3851 2948 7
3852 3073 7
3852 3108 7
3852 3124 7
3852 3326 7
3855 1423 7
3855 4236 7
3855 4951 7
3856 2613 7
3856 3421 7
3856 5648 7
3856 5704 7
3857 1210 7
3857 285 7
3857 644 7
3857 789 7
3858 2509 7
3858 4221 7
3858 4870 7
3859 1376 7
3859 2641 7
3860 3602 7
3860 5205 7
3862 165 7
3862 2805 7
3862 3312 7
3862 3849 7
3862 656 7
3865 2995 7
3865 3592 7
3867 1029 7
3867 6083 7
3869 2348 7
3869 2358 7
387 1117 7
387 112 7
387 1406 7
387 3124 7
387 3538 7
387 364 7
387 4004 7
387 423 7
387 447 7
387 623 7
387 872 7
3870 1323 7
3870 3437 7
3870 589 7
3871 3900 7
3871 392 7
3871 4134 7
3871 4546 7
3871 5353 7
3871 5805 7
3871 5859 7
3873 211 7
3873 2574 7
3873 371 7
3873 412 7
3873 421 7
3873 456 7
3873 537 7
3873 816 7
3873 98 7
3875 5166 7
3875 5383 7
3876 2497 7
3878 3836 7
3878 6371 7
3878 973 7
3879 1891 7
3879 1895 7
3879 2466 7
3879 2486 7
3879 5393 7
388 5730 7
388 6151 7
3880 1876 7
3880 1877 7
3884 1244 7
3884 3018 7
3884 3326 7
3884 3326 7
3884 3524 7
3884 3604 7
3884 3852 7
3884 387 7
3884 4215 7
3884 537 7
3884 623 7
3884 635 7
3884 862 7
3884 98 7
3888 1670 7
3888 3090 7
3888 3874 7
3889 1512 7
3890 2255 7
3890 5091 7
3890 5531 7
3893 2006 7
3895 2590 7
3895 3437 7
3895 703 7
3897 2165 7
3897 6179 7
3899 2195 7
3899 2797 7
3899 2797 7
3899 3071 7
3899 3116 7
3899 3962 7
3899 4801 7
3899 4954 7
3899 4966 7
39 191 7
39 3113 7
3900 1175 7
3900 1214 7
3900 2155 7
3900 2465 7
3900 3446 7
3902 1016 7
3902 1150 7
3902 1153 7
3902 215 7
3903 2391 7
3903 989 7
3908 1190 7
3908 164 7
3908 4402 7
3908 5628 7
3913 1109 7
3913 2414 7
3913 2718 7
3913 2966 7
3913 3072 7
3913 3073 7
3913 3520 7
3913 3608 7
3913 3884 7
3913 456 7
3913 5891 7
3914 5242 7
3914 5697 7
3918 1265 7
3918 1281 7
3918 1921 7
3918 2170 7
3918 2251 7
3918 2322 7
3918 2904 7
3918 4448 7
3918 4448 7
3919 1056 7
3919 220 7
3919 358 7
3919 4231 7
3919 488 7
3919 5522 7
3919 578 7
3919 960 7
392 2155 7
392 393 7
392 4534 7
392 746 7
392 827 7
3921 1166 7
3921 2759 7
3921 357 7
3921 3966 7
3921 408 7
3921 4336 7
3921 4889 7
3921 593 7
3923 3556 7
3925 1960 7
3925 259 7
3925 2791 7
3925 4096 7
3925 736 7
3925 817 7
3925 950 7
3927 24 7
3927 2836 7
3927 2876 7
3927 3443 7
3927 3520 7
3927 3814 7
3927 448 7
3927 4487 7
3927 708 7
3929 3108 7
3929 4513 7
393 108 7
393 1180 7
393 1214 7
393 1472 7
393 165 7
393 185 7
393 1985 7
393 2005 7
393 2711 7
393 2739 7
393 337 7
393 3900 7
393 4804 7
393 55 7
393 5699 7
393 787 7
3933 3219 7
3933 3961 7
3933 4852 7
3933 5491 7
3933 925 7
3933 991 7
3934 1438 7
3934 1809 7
3934 2086 7
3934 2391 7
3934 2392 7
3934 3124 7
3934 3593 7
3934 3940 7
3934 3940 7
3934 395 7
3934 66 7
3934 950 7
3935 2307 7
3935 2307 7
3935 2685 7
3935 3476 7
3935 4100 7
3935 4115 7
3938 840 7
3938 891 7
394 1123 7
394 124 7
394 1406 7
394 158 7
394 1615 7
394 796 7
3940 237 7
3940 2379 7
3940 3230 7
3940 3460 7
3940 3623 7
3940 4018 7
3940 6167 7
3941 3952 7
3941 5695 7
3942 5790 7
3943 4558 7
3945 1591 7
3945 2568 7
3945 5664 7
3946 194 7
3946 6439 7
3947 1024 7
3947 3443 7
3947 3960 7
3947 921 7
3949 125 7
3949 4873 7
395 237 7
395 295 7
395 3230 7
395 3747 7
395 4018 7
395 739 7
395 989 7
3951 1151 7
3951 1289 7
3951 5253 7
3951 993 7
3952 3709 7
3952 5692 7
3953 1818 7
3953 2288 7
3953 4537 7
3954 1143 7
3954 2133 7
3954 224 7
3954 3953 7
3954 652 7
3955 5225 7
3955 5308 7
3956 3957 7
3956 4098 7
3956 4344 7
3956 4467 7
3956 5857 7
3956 5862 7
3956 5976 7
3956 5977 7
3956 6028 7
3957 2032 7
3957 4340 7
3957 5977 7
3957 5977 7
3957 6028 7
3957 6028 7
3957 6095 7
396 1181 7
396 1653 7
396 2733 7
396 5449 7
396 5579 7
396 5580 7
3960 1008 7
3960 1689 7
3960 4041 7
3960 4379 7
3960 673 7
3961 5384 7
3962 2412 7
3962 3116 7
3962 3574 7
3962 3973 7
3962 4046 7
3962 4801 7
3965 2368 7
3965 2555 7
3965 3111 7
3965 4295 7
3965 4872 7
3966 2759 7
3966 320 7
3966 4348 7
3966 826 7
3967 4106 7
397 3741 7
3970 3133 7
3972 2800 7
3972 5825 7
3973 1498 7
3973 3116 7
3973 3163 7
3973 3574 7
3973 3899 7
3973 3978 7
3973 4046 7
3973 4801 7
3973 4805 7
3973 4807 7
3973 4966 7
3973 577 7
3973 96 7
3974 1081 7
3974 4826 7
3976 6115 7
3976 997 7
3977 1403 7
3978 193 7
3978 3594 7
3978 3973 7
3978 4805 7
3978 4806 7
3978 4807 7
3978 4807 7
3978 4816 7
3978 96 7
3982 2174 7
3982 904 7
3984 5242 7
3987 2412 7
3987 3116 7
3987 3837 7
3987 3962 7
3987 4046 7
3987 4801 7
3987 4954 7
3987 538 7
3988 4739 7
3989 14 7
3989 2714 7
3989 275 7
3989 3038 7
3989 456 7
3989 623 7
399 1052 7
399 1065 7
399 2262 7
399 573 7
399 610 7
399 646 7
399 720 7
399 898 7
3990 123 7
3990 172 7
3990 3073 7
3990 3822 7
3990 3978 7
3990 4304 7
3990 4872 7
3990 610 7
3990 646 7
3991 2374 7
3993 1224 7
3993 1872 7
3993 2990 7
3993 3532 7
3993 3974 7
3993 4004 7
3993 4013 7
3993 423 7
3993 4401 7
3994 3595 7
3994 4808 7
3994 4810 7
3994 492 7
3994 5727 7
3998 1406 7
3998 3344 7
3998 4963 7
3998 4979 7
3998 685 7
3998 783 7
3999 1244 7
3999 1271 7
400 1057 7
400 112 7
400 1175 7
400 1175 7
400 1257 7
400 164 7
400 188 7
400 2006 7
400 2315 7
400 3893 7
400 4001 7
400 4170 7
400 510 7
400 601 7
400 673 7
400 708 7
400 748 7
400 827 7
4000 387 7
4000 4002 7
4001 1054 7
4001 118 7
4001 1221 7
4001 3913 7
4001 42 7
4001 42 7
4001 467 7
4001 4738 7
4001 748 7
4001 806 7
4001 827 7
4001 983 7
4002 3973 7
4002 4730 7
4003 2836 7
4003 3225 7
4003 3973 7
4003 3982 7
4003 538 7
4003 557 7
4003 643 7
4003 904 7
4004 4000 7
4004 4002 7
4004 6258 7
4006 3195 7
4006 4716 7
4006 6073 7
4007 4603 7
4008 577 7
4008 646 7
401 3577 7
4010 5964 7
4010 696 7
4012 4689 7
4012 4696 7
4012 4696 7
4012 4697 7
4012 4703 7
4013 6258 7
4013 862 7
4015 5359 7
4015 562 7
4015 5959 7
4015 6423 7
4015 6506 7
4017 2761 7
4017 3317 7
4017 3921 7
4017 408 7
4018 2373 7
4018 318 7
4018 3230 7
4018 3934 7
4019 2253 7
402 4241 7
402 4955 7
402 4956 7
4020 4142 7
4026 1044 7
4026 2369 7
4026 3170 7
4026 3429 7
4026 3713 7
4026 4537 7
4028 1216 7
4028 186 7
4028 3176 7
4028 4340 7
4028 4471 7
4028 577 7
4028 829 7
4028 830 7
4029 5919 7
4029 871 7
403 2755 7
403 4826 7
4030 1029 7
4030 1221 7
4030 2006 7
4030 2392 7
4030 2739 7
4030 3919 7
4030 392 7
4030 4001 7
4030 485 7
4030 746 7
4031 2374 7
4031 4780 7
4031 6405 7
4035 2834 7
4036 1271 7
4036 1723 7
4036 4964 7
404 1266 7
404 1345 7
4040 1197 7
4040 1210 7
4040 148 7
4040 3650 7
4040 3665 7
4040 643 7
4041 1181 7
4041 1985 7
4041 2372 7
4041 4379 7
4041 827 7
4043 4867 7
4046 2412 7
4046 2797 7
4046 3116 7
4046 3143 7
4046 3592 7
4046 3595 7
4046 3710 7
4046 3710 7
4046 372 7
4046 3837 7
4046 3899 7
4046 3899 7
4046 3973 7
4046 3994 7
4046 4206 7
4046 4795 7
4046 4801 7
4046 4801 7
4046 4801 7
4046 510 7
4046 609 7
4047 5810 7
405 6188 7
405 6189 7
405 6190 7
4050 5514 7
4052 4954 7
4052 5878 7
4052 5879 7
4053 5785 7
4054 706 7
4057 1209 7
4057 2129 7
4057 3232 7
4057 646 7
4058 193 7
4058 4356 7
4058 465 7
4059 1100 7
4059 1289 7
4059 1297 7
4059 3234 7
4060 130 7
4060 132 7
4060 1711 7
4060 2380 7
4060 259 7
4060 3465 7
4060 3524 7
4060 3548 7
4060 3925 7
4060 418 7
4060 456 7
4060 510 7
4060 621 7
4060 621 7
4060 817 7
4060 9 7
4060 983 7
4062 1270 7
4062 153 7
4062 1602 7
4062 2234 7
4062 2568 7
4062 2573 7
4063 1903 7
4063 3050 7
4063 685 7
4064 1878 7
4064 4175 7
4068 2012 7
4068 4722 7
4069 4072 7
4069 6391 7
407 1708 7
407 2021 7
4071 6293 7
4071 816 7
4072 4068 7
4072 6391 7
4075 3762 7
4076 3176 7
4076 3189 7
4076 3495 7
4076 4078 7
4076 5716 7
4076 636 7
4076 753 7
4078 2796 7
4078 3065 7
4078 3083 7
4078 3176 7
4078 3189 7
4078 3312 7
4078 3862 7
4078 3994 7
4078 4574 7
4078 753 7
408 1080 7
408 2379 7
408 2741 7
408 3357 7
408 3547 7
408 593 7
408 825 7
4080 2811 7
4080 4592 7
4080 4838 7
4080 614 7
4080 6163 7
4080 646 7
4081 2375 7
4081 5092 7
4082 4469 7
4086 5009 7
4087 1482 7
4087 1728 7
4089 1636 7
4089 2282 7
4089 736 7
409 1416 7
409 1418 7
409 264 7
4090 5958 7
4093 3747 7
4093 4925 7
4094 3335 7
4094 5301 7
4095 1548 7
4095 2872 7
4096 177 7
4096 2240 7
4096 285 7
4096 3934 7
4096 4537 7
4096 736 7
4098 3594 7
4098 4809 7
4098 5842 7
4098 5893 7
4098 6223 7
4100 2833 7
4100 4136 7
4100 4835 7
4100 4836 7
4100 4911 7
4105 1562 7
4105 3973 7
4105 4008 7
4105 5832 7
4105 590 7
4106 1963 7
4106 2242 7
4106 2723 7
4106 904 7
4107 34 7
4112 2357 7
4112 4115 7
4114 3150 7
4114 5835 7
4115 2357 7
4115 5821 7
4117 2307 7
4117 3267 7
412 1117 7
412 112 7
412 172 7
412 211 7
412 257 7
412 2718 7
412 3524 7
412 4295 7
412 503 7
412 519 7
412 801 7
4120 295 7
4120 5533 7
4124 3476 7
4124 5751 7
4124 6514 7
4126 2745 7
4126 5902 7
4130 393 7
4130 748 7
4131 5558 7
4132 2189 7
4132 2430 7
4134 5805 7
4135 6253 7
4135 6254 7
4135 6255 7
4135 6256 7
4136 4835 7
4137 4125 7
4139 1675 7
4139 2682 7
4139 6447 7
414 112 7
414 1609 7
414 2391 7
414 250 7
414 3150 7
414 4462 7
414 4734 7
414 803 7
4141 1695 7
4141 3542 7
4141 640 7
4142 2167 7
4142 2180 7
4144 904 7
4145 2170 7
4145 710 7
4145 936 7
4147 1328 7
4147 4035 7
415 4261 7
415 4471 7
415 4557 7
415 4866 7
415 646 7
415 707 7
4150 2833 7
4152 2414 7
4152 4255 7
4155 1298 7
4155 5542 7
4155 706 7
4156 3114 7
4158 1052 7
416 149 7
416 219 7
416 2233 7
416 3083 7
416 3195 7
416 333 7
416 3814 7
416 466 7
416 656 7
416 728 7
4160 2262 7
4160 3197 7
4161 1207 7
4161 1283 7
4162 2307 7
4162 2685 7
4162 3106 7
4162 3267 7
4162 3935 7
4162 3935 7
4162 4655 7
4162 4737 7
4162 4912 7
4164 275 7
4164 4155 7
4167 1501 7
4167 4247 7
4170 182 7
4170 53 7
4171 298 7
4175 5185 7
4176 1473 7
4176 3201 7
4177 2193 7
4177 2294 7
4177 2878 7
4177 4152 7
418 1728 7
418 2073 7
418 2101 7
418 2131 7
418 2259 7
418 4595 7
418 465 7
418 4938 7
418 4942 7
418 673 7
4180 5220 7
4182 1209 7
4183 4257 7
4183 4451 7
4183 6003 7
4186 1892 7
4186 5139 7
4186 5195 7
4186 935 7
4187 1123 7
4187 930 7
4188 1196 7
4188 1872 7
4188 1895 7
4188 1978 7
4188 3984 7
4188 5171 7
419 3429 7
419 913 7
4192 2513 7
4192 3345 7
4193 2382 7
4194 1118 7
4194 3066 7
4196 1848 7
4196 5165 7
4196 5488 7
4196 831 7
4197 6084 7
42 1178 7
42 1214 7
42 1234 7
42 164 7
42 174 7
42 1997 7
42 2006 7
42 2023 7
42 246 7
42 2716 7
42 383 7
42 393 7
42 400 7
42 447 7
42 455 7
42 482 7
42 4846 7
42 497 7
42 913 7
42 92 7
42 983 7
4200 1457 7
4200 448 7
4201 2996 7
4201 3006 7
4201 3655 7
4204 2205 7
4204 2412 7
4204 3899 7
4204 3973 7
4204 4080 7
4204 4707 7
4204 4721 7
4204 4829 7
4204 566 7
4204 5931 7
4204 844 7
4205 1 7
4205 3642 7
4205 993 7
4206 1872 7
4206 2343 7
4206 238 7
4206 3710 7
4206 5511 7
4207 3365 7
4209 1339 7
421 1169 7
421 13 7
421 13 7
421 130 7
421 1791 7
421 1963 7
421 251 7
421 2702 7
421 275 7
421 280 7
421 3312 7
421 371 7
421 3873 7
421 414 7
421 500 7
421 563 7
421 586 7
421 621 7
421 684 7
421 98 7
4210 2510 7
4210 5196 7
4211 1235 7
4211 155 7
4211 3535 7
4211 4338 7
4211 826 7
4215 204 7
4215 2111 7
4216 5662 7
4219 1721 7
4219 2461 7
4220 3150 7
4220 5285 7
4221 1444 7
4224 1372 7
4224 1807 7
4224 2451 7
4226 1416 7
4226 1805 7
4227 1600 7
4227 2966 7
4227 5717 7
4228 2913 7
4229 1305 7
4229 4036 7
4229 4984 7
4229 5693 7
423 1245 7
423 138 7
423 1715 7
423 3018 7
423 3232 7
423 3528 7
423 3538 7
423 4000 7
423 4590 7
423 4730 7
423 4742 7
423 576 7
4230 1842 7
4230 3441 7
4230 384 7
4230 4916 7
4230 5057 7
4232 1544 7
4232 1737 7
4232 2529 7
4234 1066 7
4234 1308 7
4234 1320 7
4234 1340 7
4234 4367 7
4234 4648 7
4234 524 7
4236 2596 7
4236 4567 7
4236 4951 7
4237 2584 7
4237 5428 7
4238 455 7
4239 3002 7
4239 4287 7
4239 5100 7
4239 5615 7
424 5672 7
4241 1950 7
4242 2322 7
4242 2634 7
4242 4987 7
4243 654 7
4244 2209 7
4244 3120 7
4245 4058 7
4245 415 7
4245 4402 7
4245 4421 7
4245 4557 7
4245 4866 7
4245 5189 7
4245 6214 7
4245 6215 7
4245 707 7
4246 3521 7
4246 4098 7
4246 5862 7
4246 6249 7
4247 248 7
4250 6286 7
4251 1366 7
4251 6415 7
4257 4304 7
4257 5872 7
4263 1167 7
4263 1668 7
4264 6082 7
4265 5806 7
4265 6321 7
4266 1440 7
4266 5960 7
4266 6415 7
4268 1221 7
4268 2075 7
4268 5806 7
4269 1016 7
4269 224 7
4270 2988 7
4270 3938 7
4270 5651 7
4272 3154 7
4272 4569 7
4272 4762 7
4272 4762 7
4272 4768 7
4272 4842 7
4273 1037 7
4273 4124 7
4273 5708 7
4273 6020 7
4274 124 7
4276 2749 7
4276 5890 7
4277 4276 7
4277 5985 7
4277 651 7
4277 674 7
4279 4725 7
4281 1853 7
4281 2350 7
4282 3638 7
4282 3641 7
4282 4774 7
4282 4834 7
4282 4852 7
4282 6333 7
4283 1424 7
4283 2055 7
4283 4447 7
4283 873 7
4284 193 7
4284 2233 7
4284 4581 7
4284 4691 7
4284 4795 7
4286 4239 7
4287 1532 7
4287 1819 7
4287 196 7
4287 239 7
4287 298 7
4287 5022 7
4287 6322 7
4291 1220 7
4291 3175 7
4293 1921 7
4295 2545 7
4295 2555 7
4295 3001 7
4295 3156 7
4295 3990 7
4295 412 7
4295 502 7
4296 1310 7
4296 4646 7
4296 4647 7
4296 4651 7
4296 4651 7
4296 4651 7
4296 4651 7
4296 4666 7
4298 172 7
4298 3525 7
4298 3737 7
4298 3949 7
4298 4883 7
4298 6 7
4298 6010 7
4298 6045 7
4298 6046 7
4298 871 7
43 240 7
4302 1295 7
4302 1303 7
4302 4313 7
4302 4668 7
4302 4668 7
4303 1174 7
4303 3757 7
4303 623 7
4304 2048 7
4304 415 7
4304 4247 7
4304 4385 7
4304 4471 7
4304 982 7
4305 1658 7
4307 5835 7
4308 85 7
4309 1282 7
4309 172 7
4309 3525 7
4309 3737 7
4309 4867 7
4309 4875 7
4309 4887 7
4311 1459 7
4313 1303 7
4313 1625 7
4318 1095 7
4319 3946 7
4319 5933 7
4319 6384 7
4321 1428 7
4321 1615 7
4321 2316 7
4321 3835 7
4321 3947 7
4321 400 7
4321 4769 7
4321 5480 7
4323 4308 7
4324 1091 7
4324 1091 7
4324 1297 7
4324 1297 7
4324 195 7
4324 6368 7
4327 415 7
4327 4319 7
4327 5933 7
4327 6289 7
4327 6384 7
4328 2412 7
4328 3143 7
4328 4046 7
4328 4788 7
4328 4801 7
4330 6088 7
4331 2718 7
4331 3067 7
4332 1056 7
4332 1688 7
4332 4446 7
4332 4733 7
4332 4962 7
4332 4979 7
4332 4989 7
4332 793 7
4333 1052 7
4333 224 7
4333 267 7
4333 3774 7
4333 4404 7
4333 6413 7
4333 76 7
4335 1164 7
4335 1241 7
4335 1440 7
4336 2761 7
4336 4462 7
4336 5857 7
4338 3182 7
4338 3966 7
4338 4211 7
4338 4353 7
4338 463 7
4338 4880 7
4338 670 7
4338 987 7
4340 2309 7
4340 3176 7
4340 3232 7
4340 3994 7
4340 4336 7
4340 659 7
4340 74 7
4340 753 7
4340 822 7
4341 1842 7
4341 893 7
4344 4098 7
4344 4467 7
4344 4603 7
4344 4872 7
4344 6027 7
4344 6028 7
4344 6358 7
4348 2761 7
4348 3921 7
435 1194 7
435 197 7
435 2984 7
435 4942 7
4352 3169 7
4353 1216 7
4353 320 7
4353 3966 7
4353 4691 7
4353 826 7
4356 2761 7
4356 4340 7
4356 4348 7
4356 822 7
4357 2163 7
4357 4760 7
436 1284 7
436 1927 7
436 2092 7
436 2259 7
436 3652 7
436 440 7
436 467 7
436 883 7
4360 1874 7
4360 3001 7
4361 1155 7
4362 3225 7
4367 1854 7
4367 2461 7
4367 4751 7
4368 2840 7
4368 4188 7
4368 4814 7
4368 4876 7
4368 5162 7
4368 5342 7
4368 5709 7
437 5568 7
437 831 7
4374 6280 7
4374 6439 7
4375 363 7
4375 5040 7
4375 633 7
4378 2252 7
4378 336 7
4378 461 7
4378 549 7
4379 153 7
4379 2089 7
4379 3056 7
4379 3708 7
4382 1818 7
4382 4124 7
4382 4757 7
4382 715 7
4382 971 7
4385 4098 7
4385 4183 7
4386 4368 7
4387 330 7
4387 4874 7
4387 4893 7
4387 5698 7
4387 5728 7
4387 5750 7
4387 731 7
439 1108 7
439 13 7
439 2574 7
439 280 7
439 412 7
439 421 7
439 537 7
439 862 7
4391 6199 7
4391 6215 7
4391 6241 7
4396 1598 7
4396 1895 7
4396 2840 7
4396 4368 7
4396 6305 7
4398 6074 7
4399 1877 7
4399 1892 7
4399 5171 7
4399 5269 7
44 1201 7
44 1273 7
44 1430 7
44 1741 7
44 1928 7
44 2476 7
44 2478 7
44 3558 7
44 4460 7
44 5136 7
44 71 7
440 1160 7
440 1294 7
440 14 7
440 1636 7
440 1719 7
440 1925 7
440 1927 7
440 3018 7
440 3316 7
440 467 7
440 537 7
440 64 7
440 659 7
440 803 7
440 983 7
4401 2990 7
4401 5809 7
4401 5892 7
4402 1557 7
4402 2111 7
4402 5189 7
4404 224 7
4404 3024 7
4408 1938 7
4410 2005 7
4414 2145 7
4419 2064 7
4421 659 7
443 4452 7
443 473 7
443 577 7
443 5881 7
4435 2343 7
4435 2936 7
4435 3544 7
4435 4552 7
4435 4563 7
4438 1829 7
444 1684 7
444 2089 7
444 257 7
444 277 7
444 3085 7
444 4696 7
444 4697 7
444 4698 7
444 4747 7
444 563 7
444 632 7
4440 5663 7
4440 5710 7
4442 4891 7
4443 1560 7
4443 1651 7
4443 1944 7
4443 2225 7
4443 2391 7
4443 4971 7
4443 5922 7
4445 153 7
4445 285 7
4446 4332 7
4446 4944 7
4446 793 7
4448 1289 7
4448 2634 7
4448 4059 7
4448 4890 7
445 188 7
445 2836 7
445 3085 7
445 3085 7
445 4616 7
445 684 7
4451 5872 7
4451 6364 7
4452 4486 7
4452 473 7
4452 822 7
4458 4920 7
4459 1916 7
4459 1916 7
446 1177 7
446 1190 7
446 1214 7
446 1511 7
446 1985 7
446 1990 7
446 2392 7
446 334 7
446 3919 7
446 4177 7
446 485 7
446 5677 7
446 815 7
4460 2478 7
4460 2716 7
4460 3357 7
4460 499 7
4461 1498 7
4461 6395 7
4462 4484 7
4462 6314 7
4464 1419 7
4464 2340 7
4467 2020 7
4467 3229 7
4467 4603 7
4467 4608 7
4467 4872 7
4467 5468 7
4468 2207 7
4468 337 7
4468 4007 7
4468 5748 7
4469 2032 7
4469 2310 7
4469 5031 7
4469 64 7
447 1056 7
447 1056 7
447 113 7
447 1179 7
447 1214 7
447 133 7
447 1540 7
447 1965 7
447 2086 7
447 3215 7
447 3608 7
447 371 7
447 400 7
447 42 7
447 53 7
447 580 7
447 637 7
447 643 7
447 659 7
447 66 7
447 89 7
4471 123 7
4471 2309 7
4471 3073 7
4471 3124 7
4471 3176 7
4471 3326 7
4471 3852 7
4471 3990 7
4471 4340 7
4471 646 7
4471 982 7
4472 5001 7
4472 5452 7
4473 1683 7
4473 335 7
4475 212 7
4475 3933 7
4476 109 7
4476 5509 7
4477 1363 7
4477 1828 7
4477 2765 7
4477 339 7
4477 516 7
4477 59 7
4477 833 7
4478 2713 7
4479 1576 7
4479 2233 7
4479 3150 7
4479 4224 7
448 1472 7
448 2551 7
448 2760 7
448 3201 7
448 3623 7
448 3641 7
448 3645 7
448 3645 7
448 496 7
448 516 7
448 88 7
4482 466 7
4482 4670 7
4482 4690 7
4483 4670 7
4486 443 7
4486 6019 7
4486 6430 7
4487 1007 7
4487 1081 7
4487 1181 7
4487 1230 7
4487 1711 7
4487 2133 7
4487 2442 7
4487 2463 7
4487 2647 7
4487 3023 7
4487 3215 7
4487 3857 7
4487 414 7
4487 586 7
4487 721 7
4488 5259 7
449 1704 7
449 2312 7
449 2378 7
449 2703 7
449 364 7
449 968 7
4490 1470 7
4492 6019 7
4492 6275 7
4492 6276 7
4493 4816 7
4493 527 7
4494 1810 7
4494 5343 7
450 1035 7
450 2903 7
450 3927 7
4500 933 7
4501 4120 7
4501 4120 7
4501 5533 7
4505 1843 7
4509 1600 7
451 1201 7
451 1244 7
451 149 7
451 2023 7
451 2316 7
451 2426 7
451 298 7
451 3108 7
451 3535 7
451 3593 7
451 4518 7
451 833 7
4510 125 7
4510 1929 7
4510 3124 7
4511 4870 7
4511 4902 7
4511 4903 7
4511 4904 7
4512 1051 7
4512 1802 7
4512 5497 7
4513 5950 7
4513 6054 7
4513 939 7
4515 3076 7
4515 3305 7
4515 3587 7
4515 4012 7
4515 444 7
4515 632 7
4516 2563 7
4516 5496 7
4518 2930 7
4518 956 7
452 1202 7
452 1827 7
452 1927 7
4520 4080 7
4523 128 7
4523 2143 7
4526 5298 7
4527 4493 7
4528 747 7
453 1093 7
453 1536 7
453 3644 7
453 4187 7
453 4205 7
453 4205 7
453 4512 7
453 5298 7
453 5312 7
453 671 7
453 720 7
453 818 7
4530 3135 7
4530 4618 7
4530 6200 7
4532 3112 7
4533 4802 7
4534 1057 7
4534 2437 7
4534 2848 7
4534 5782 7
4535 3112 7
4536 1016 7
4536 5840 7
4537 5958 7
4539 4510 7
454 742 7
4540 147 7
4540 3506 7
4542 223 7
4542 3037 7
4542 4244 7
4542 4538 7
4544 2545 7
4544 4675 7
4544 6262 7
4544 739 7
4545 4862 7
4547 191 7
4547 4530 7
4547 712 7
4548 1235 7
4548 172 7
4548 3967 7
4548 4040 7
4548 904 7
455 1013 7
455 1027 7
455 104 7
455 1167 7
455 133 7
455 165 7
455 1881 7
455 1925 7
455 24 7
455 287 7
455 3103 7
455 3108 7
455 3124 7
455 330 7
455 364 7
455 440 7
455 496 7
455 913 7
455 971 7
455 983 7
4551 4531 7
4551 6147 7
4553 4661 7
4553 4662 7
4553 4695 7
4553 5807 7
4554 5169 7
4554 5814 7
4555 2193 7
4555 2933 7
4555 3026 7
4557 3312 7
4557 3956 7
4557 4245 7
4557 5857 7
4558 1082 7
4558 1424 7
4558 4771 7
4558 725 7
4559 2993 7
456 1027 7
456 1212 7
456 1820 7
456 1846 7
456 2574 7
456 2574 7
456 2718 7
456 3884 7
456 3884 7
456 3989 7
456 561 7
456 586 7
456 586 7
456 621 7
456 973 7
4560 2936 7
4560 4435 7
4560 6224 7
4561 2838 7
4561 2935 7
4561 2993 7
4561 3250 7
4561 4435 7
4561 4607 7
4561 4637 7
4562 2944 7
4562 3026 7
4562 3726 7
4563 2266 7
4563 2935 7
4563 4561 7
4563 4583 7
4563 4637 7
4563 6226 7
4564 2695 7
4564 3026 7
4567 1719 7
4567 1910 7
4567 2079 7
4567 5297 7
4567 5511 7
4567 725 7
4569 3154 7
4569 4272 7
4569 4695 7
4569 4762 7
4569 4768 7
4569 4843 7
4569 4917 7
457 4215 7
4572 162 7
4574 4629 7
4574 4815 7
4574 5959 7
4576 6121 7
4578 6191 7
4578 6226 7
458 2224 7
458 885 7
4580 4564 7
4581 258 7
4581 3518 7
4581 3710 7
4581 4003 7
4581 4008 7
4581 47 7
4581 539 7
4581 543 7
4583 2707 7
4584 2193 7
4584 3544 7
4585 5271 7
4588 3071 7
4588 4808 7
459 1581 7
459 1618 7
459 299 7
459 4287 7
459 461 7
459 462 7
459 4650 7
459 583 7
459 73 7
4590 2793 7
4590 3534 7
4590 4614 7
4590 472 7
4590 5916 7
4590 5917 7
4592 863 7
4593 473 7
4593 5650 7
4593 5871 7
4594 2012 7
4594 4722 7
4594 74 7
4598 4435 7
4598 4560 7
4598 4563 7
46 102 7
46 2143 7
46 3113 7
46 3120 7
46 39 7
460 1933 7
460 2280 7
460 2511 7
460 2990 7
460 2999 7
460 3272 7
460 330 7
460 334 7
460 3443 7
460 3533 7
460 3602 7
460 6392 7
460 880 7
4602 4707 7
4603 3956 7
4603 4634 7
4603 5468 7
4603 6486 7
4604 4605 7
4605 3112 7
4605 3137 7
4605 3506 7
4605 4712 7
4605 4772 7
4607 3250 7
4607 4591 7
4607 6213 7
4607 6271 7
4608 2995 7
4608 4809 7
4609 5890 7
461 130 7
461 1791 7
461 1819 7
461 1938 7
461 2252 7
461 2652 7
461 2676 7
461 299 7
461 3018 7
461 336 7
461 3789 7
461 3836 7
461 4287 7
461 462 7
461 4650 7
461 4871 7
461 610 7
461 92 7
4610 4659 7
4610 4727 7
4610 4732 7
4612 2838 7
4612 4591 7
4613 1860 7
4613 4585 7
4613 5857 7
4614 5916 7
4614 5917 7
4614 5956 7
4614 6317 7
4615 1934 7
4615 2235 7
4615 2266 7
4615 2312 7
4615 2933 7
4615 3725 7
4615 4555 7
4616 3076 7
4616 3305 7
4616 4683 7
4616 847 7
4618 127 7
4618 3456 7
4618 5831 7
4618 872 7
462 1007 7
462 1081 7
462 160 7
462 1819 7
462 2233 7
462 246 7
462 2555 7
462 272 7
462 3018 7
462 3272 7
462 4650 7
462 4650 7
462 66 7
4621 2193 7
4624 2821 7
4625 5512 7
4628 6462 7
4629 4513 7
4629 5950 7
4629 5951 7
4629 5952 7
4629 5953 7
4629 5954 7
463 1249 7
463 1503 7
463 403 7
463 670 7
463 987 7
4630 6040 7
4630 6040 7
4632 4562 7
4634 3956 7
4634 5468 7
4635 2944 7
4637 2266 7
4637 2313 7
4637 3026 7
4637 3544 7
4637 4555 7
4637 4563 7
4637 4628 7
4637 945 7
4638 4610 7
4638 4659 7
4638 4741 7
464 3561 7
4641 2688 7
4641 3331 7
4641 3726 7
4642 4607 7
4644 2723 7
4644 5359 7
4646 4296 7
4646 4296 7
4646 4651 7
4646 4651 7
4646 4652 7
4646 4653 7
4647 4657 7
4648 1013 7
4648 1244 7
4648 1271 7
4648 178 7
4648 224 7
4648 299 7
4648 4227 7
4648 4649 7
4648 6225 7
4648 721 7
4649 1271 7
4649 4269 7
465 14 7
465 1623 7
465 1938 7
465 3201 7
465 3600 7
465 4340 7
465 4462 7
465 476 7
465 731 7
4650 1081 7
4650 1819 7
4650 4239 7
4650 4286 7
4650 4487 7
4650 861 7
4651 1310 7
4651 3809 7
4651 4296 7
4651 4652 7
4651 4653 7
4651 4653 7
4651 4657 7
4651 4797 7
4652 4651 7
4652 4651 7
4652 4653 7
4652 4657 7
4652 4666 7
4652 4797 7
4653 4646 7
4653 4647 7
4653 4651 7
4653 4651 7
4653 4652 7
4653 4652 7
4653 4652 7
4653 4657 7
4654 1288 7
4654 3722 7
4654 4476 7
4654 5324 7
4654 5347 7
4655 1724 7
4655 2244 7
4655 3267 7
4656 131 7
4656 5829 7
4656 5895 7
4656 920 7
4657 4646 7
4657 4646 7
4657 4651 7
4657 4653 7
4657 4797 7
4658 1216 7
4658 4690 7
4658 4692 7
4658 5289 7
4658 5291 7
4659 3836 7
4659 3839 7
4659 4664 7
4659 4727 7
4659 914 7
466 2511 7
466 2722 7
466 3189 7
466 3524 7
466 3579 7
466 3595 7
466 4001 7
466 4515 7
466 4669 7
466 4683 7
466 4691 7
466 476 7
466 519 7
466 5973 7
4660 4544 7
4661 4553 7
4661 4662 7
4661 4694 7
4661 4694 7
4661 4766 7
4661 4818 7
4661 4819 7
4661 4822 7
4661 722 7
4662 2090 7
4662 3154 7
4662 4553 7
4662 4661 7
4662 4661 7
4662 4694 7
4662 4765 7
4662 5985 7
4662 652 7
4662 663 7
4662 722 7
4663 4664 7
4663 4665 7
4664 1403 7
4664 3073 7
4664 4610 7
4664 4638 7
4664 4681 7
4664 4684 7
4664 4731 7
4665 4687 7
4666 4723 7
4667 3587 7
4667 4703 7
4667 4705 7
4667 4716 7
4667 6360 7
4668 4313 7
4668 4789 7
4669 4670 7
467 1054 7
467 1214 7
467 130 7
467 130 7
467 1482 7
467 1719 7
467 1728 7
467 1925 7
467 2006 7
467 2143 7
467 2876 7
467 3215 7
467 3465 7
467 4060 7
467 621 7
467 659 7
467 801 7
467 806 7
467 98 7
4671 4515 7
4671 4672 7
4672 4012 7
4672 4689 7
4672 4704 7
4672 4705 7
4672 4710 7
4672 6448 7
4673 111 7
4673 1348 7
4673 2205 7
4673 328 7
4673 3498 7
4673 4204 7
4673 4721 7
4673 4787 7
4673 4787 7
4673 4829 7
4673 577 7
4673 6235 7
4673 844 7
4673 844 7
4674 4675 7
4674 4676 7
4675 4701 7
4676 2545 7
4676 3380 7
4676 4682 7
4677 3305 7
4677 4006 7
4677 4667 7
4677 491 7
4677 6154 7
4678 109 7
4678 1196 7
4678 2819 7
4678 396 7
4678 6285 7
4679 3647 7
468 1169 7
468 14 7
468 1597 7
468 1927 7
468 3114 7
468 3645 7
468 3679 7
468 440 7
468 519 7
468 885 7
468 885 7
468 950 7
468 950 7
4680 312 7
4680 3919 7
4681 4682 7
4682 1676 7
4682 4665 7
4682 4675 7
4682 4686 7
4682 4688 7
4682 4702 7
4683 3305 7
4683 3518 7
4683 3595 7
4683 4515 7
4683 4515 7
4683 563 7
4684 4544 7
4684 4685 7
4686 2545 7
4686 4684 7
4687 4688 7
4688 85 7
4689 444 7
4689 4696 7
469 5897 7
469 5898 7
4690 350 7
4690 4691 7
4690 4692 7
4691 1187 7
4691 1216 7
4691 238 7
4691 3609 7
4691 4206 7
4691 4690 7
4691 5288 7
4691 5290 7
4692 1187 7
4692 4670 7
4693 4669 7
4694 4661 7
4694 4695 7
4694 4695 7
4694 4724 7
4694 4725 7
4694 4765 7
4694 4766 7
4694 4766 7
4695 4662 7
4695 4724 7
4695 5828 7
4695 5985 7
4696 4006 7
4696 4515 7
4696 4672 7
4697 3587 7
4697 4672 7
4697 4689 7
4697 4696 7
4698 4671 7
4698 4706 7
4698 4716 7
4699 466 7
4699 4691 7
47 1005 7
47 1252 7
47 1393 7
47 161 7
47 2278 7
47 278 7
47 3518 7
47 3541 7
47 4284 7
47 543 7
47 5978 7
4700 4012 7
4701 4676 7
4701 4685 7
4701 4702 7
4701 4712 7
4701 4772 7
4701 502 7
4702 4676 7
4702 4711 7
4702 85 7
4703 2832 7
4703 3077 7
4703 3085 7
4703 3305 7
4703 3518 7
4703 444 7
4703 4616 7
4703 4704 7
4703 4705 7
4703 4706 7
4704 5860 7
4704 5861 7
4705 4012 7
4705 4689 7
4705 4697 7
4705 6360 7
4706 365 7
4706 491 7
4706 5867 7
4707 1348 7
4707 4673 7
4707 4708 7
4707 6381 7
4708 1348 7
4708 2205 7
4708 3498 7
4708 3837 7
4708 4673 7
4708 4673 7
4708 4721 7
4708 4787 7
4708 844 7
4709 4696 7
4709 4710 7
471 2840 7
471 4188 7
471 4368 7
471 4396 7
471 503 7
471 5597 7
4711 4701 7
4711 4712 7
4712 1403 7
4712 2545 7
4712 3138 7
4712 3757 7
4712 4295 7
4712 4674 7
4713 3579 7
4713 4699 7
4714 2836 7
4714 491 7
4716 3570 7
4716 4667 7
4716 4677 7
4716 4700 7
4717 4669 7
4717 522 7
4718 632 7
4719 4660 7
4719 4685 7
4719 4686 7
472 3232 7
472 3538 7
472 405 7
472 423 7
472 6190 7
4720 3380 7
4721 4204 7
4721 4673 7
4721 4829 7
4721 6072 7
4721 844 7
4722 2012 7
4722 2012 7
4722 2797 7
4722 4482 7
4722 4699 7
4723 4296 7
4723 4651 7
4724 4662 7
4724 4694 7
4724 4725 7
4724 4765 7
4724 4844 7
4724 5434 7
4724 5780 7
4725 4624 7
4725 4662 7
4725 4724 7
4725 4765 7
4725 5434 7
4725 5807 7
4726 3609 7
4726 4482 7
4727 4638 7
4727 4731 7
4728 4008 7
4729 1348 7
4729 21 7
4729 4801 7
473 1781 7
473 3077 7
473 3232 7
473 4078 7
473 4486 7
473 5701 7
473 5871 7
473 5885 7
473 6165 7
473 822 7
4730 4004 7
4730 581 7
4730 6209 7
4730 6210 7
4731 4610 7
4731 4659 7
4731 4732 7
4732 4638 7
4732 4664 7
4732 4727 7
4733 4274 7
4734 1921 7
4734 2491 7
4734 2901 7
4734 3500 7
4734 5390 7
4734 6011 7
4735 104 7
4735 2934 7
4735 476 7
4736 761 7
4737 3935 7
4737 6454 7
4737 6455 7
4738 2518 7
4738 2903 7
4738 5397 7
4738 721 7
4740 2067 7
4740 3799 7
4741 4659 7
4741 4727 7
4741 4732 7
4742 3538 7
4742 3993 7
4743 4744 7
4743 4744 7
4744 4743 7
4745 4013 7
4745 4752 7
4746 3993 7
4746 4742 7
4747 2023 7
4747 4001 7
4747 989 7
4748 954 7
4749 2718 7
4749 4750 7
4749 4750 7
4749 798 7
4750 2889 7
4750 4331 7
4750 4749 7
4750 4759 7
4750 4759 7
4750 4759 7
4750 4786 7
4751 1704 7
4751 2056 7
4751 2969 7
4751 3679 7
4751 4558 7
4751 849 7
4751 872 7
4751 989 7
4752 4013 7
4753 3973 7
4755 4749 7
4755 4750 7
4756 1548 7
4756 2903 7
4756 872 7
4757 1818 7
4757 6415 7
4758 129 7
4758 2380 7
4758 4750 7
4758 4784 7
4758 577 7
4758 66 7
4758 748 7
4759 1498 7
4759 4749 7
4759 4755 7
4759 4785 7
476 1008 7
476 1013 7
476 1044 7
476 1245 7
476 1308 7
476 149 7
476 172 7
476 30 7
476 357 7
476 3989 7
476 455 7
476 5685 7
476 580 7
476 653 7
476 653 7
476 742 7
476 789 7
4760 2163 7
4760 2780 7
4760 4548 7
4760 762 7
4760 773 7
4761 1181 7
4761 1222 7
4761 2738 7
4761 2739 7
4761 3740 7
4762 3154 7
4762 4272 7
4762 4569 7
4762 4662 7
4762 4725 7
4762 4768 7
4763 1525 7
4763 1634 7
4763 3346 7
4763 4764 7
4763 6296 7
4763 653 7
4763 686 7
4764 3808 7
4764 653 7
4764 686 7
4765 2749 7
4765 4662 7
4765 4766 7
4765 4766 7
4765 4766 7
4766 4661 7
4766 4661 7
4766 4662 7
4766 4694 7
4766 4694 7
4766 657 7
4766 722 7
4768 4272 7
4768 4569 7
4768 4762 7
4769 1307 7
4769 242 7
4769 400 7
4769 4796 7
477 3579 7
477 466 7
477 743 7
4770 4679 7
4771 2055 7
4771 3229 7
4771 3943 7
4771 4167 7
4771 873 7
4772 1403 7
4772 3138 7
4772 3380 7
4772 4532 7
4772 4702 7
4772 4821 7
4773 3878 7
4773 4758 7
4773 798 7
4774 2200 7
4774 4760 7
4774 859 7
4775 3123 7
4775 4308 7
4775 4323 7
4775 4783 7
4776 1695 7
4776 1817 7
4779 1817 7
4779 4141 7
4779 4141 7
4779 4776 7
4779 778 7
4780 1822 7
4780 2075 7
4780 2739 7
4780 2746 7
4780 4030 7
4780 4291 7
4780 5042 7
4781 4331 7
4782 3114 7
4782 4156 7
4783 85 7
4784 473 7
4785 4750 7
4786 4664 7
4786 98 7
4787 2205 7
4787 328 7
4787 3488 7
4787 4204 7
4787 4708 7
4787 4721 7
4788 2412 7
4789 1303 7
4791 4661 7
4791 4694 7
4791 4766 7
4792 2803 7
4793 1220 7
4794 3594 7
4794 838 7
4795 3710 7
4795 4206 7
4795 4691 7
4796 1021 7
4796 2342 7
4796 2752 7
4796 2856 7
4796 3056 7
4796 3927 7
4796 4734 7
4796 496 7
4796 5196 7
4797 1310 7
4797 3809 7
4797 4296 7
4797 4652 7
4797 4652 7
4797 4666 7
4798 4799 7
4798 4800 7
4799 3530 7
4799 4813 7
4799 509 7
48 1181 7
48 237 7
480 185 7
480 400 7
480 688 7
480 787 7
480 827 7
4800 3232 7
4800 4799 7
4800 832 7
4801 2797 7
4801 3071 7
4801 3116 7
4801 3116 7
4801 3143 7
4801 3574 7
4801 3837 7
4801 3837 7
4801 3899 7
4801 3973 7
4801 4204 7
4801 4954 7
4801 4966 7
4801 538 7
4801 609 7
4802 4701 7
4802 4823 7
4803 2154 7
4803 2640 7
4803 3295 7
4804 1166 7
4804 1963 7
4804 3262 7
4804 5675 7
4805 3149 7
4805 3973 7
4805 3978 7
4805 3978 7
4805 4806 7
4805 4807 7
4805 5716 7
4806 3978 7
4806 4543 7
4806 4805 7
4806 4807 7
4806 96 7
4807 3973 7
4807 3978 7
4807 4805 7
4807 4805 7
4807 4806 7
4807 6029 7
4807 96 7
4808 372 7
4808 4046 7
4808 838 7
481 1985 7
481 691 7
4810 2803 7
4810 526 7
4811 2995 7
4811 3096 7
4811 414 7
4811 6356 7
4812 2898 7
4812 6278 7
4812 6311 7
4813 4462 7
4813 832 7
4814 3679 7
4814 6228 7
4814 950 7
4815 1226 7
4815 3084 7
4816 4817 7
4816 830 7
4818 4819 7
4818 5047 7
4818 5834 7
4819 4624 7
4819 4842 7
4819 4843 7
482 1191 7
482 1210 7
482 1881 7
482 2846 7
482 4139 7
482 5845 7
4820 2714 7
4820 3305 7
4820 3592 7
4820 492 7
4820 519 7
4820 822 7
4821 3111 7
4821 3141 7
4822 4818 7
4822 4819 7
4823 3111 7
4823 4605 7
4823 4676 7
4823 4806 7
4824 3029 7
4825 1366 7
4825 54 7
4826 2990 7
4826 3993 7
4826 4063 7
4826 4879 7
4827 1285 7
4827 1299 7
4828 235 7
4828 3335 7
4829 2171 7
4829 4832 7
4831 4080 7
4831 4840 7
4831 4841 7
4831 646 7
4832 2171 7
4832 2205 7
4832 4204 7
4832 4708 7
4833 1698 7
4833 3449 7
4833 3641 7
4834 1239 7
4834 1698 7
4834 3641 7
4835 1982 7
4835 2833 7
4835 3935 7
4835 4836 7
4836 3832 7
4836 3935 7
4836 4136 7
4837 1087 7
4837 1297 7
4837 178 7
4837 78 7
4838 2031 7
4838 2793 7
4838 4831 7
4839 2104 7
4839 4272 7
4839 4272 7
4839 4277 7
4839 4762 7
4839 4819 7
4839 4822 7
4839 5321 7
4839 655 7
4839 674 7
484 1056 7
4840 4590 7
4840 4614 7
4840 4614 7
4840 4838 7
4840 6316 7
4840 6317 7
4841 2793 7
4841 2811 7
4841 4838 7
4841 4840 7
4841 5916 7
4841 5917 7
4841 5955 7
4842 4822 7
4842 4839 7
4842 4839 7
4842 4844 7
4843 4822 7
4843 4842 7
4843 4844 7
4844 4662 7
4844 4822 7
4844 4839 7
4845 891 7
4846 1619 7
4846 2255 7
4846 4386 7
4846 4468 7
4846 5681 7
4846 5732 7
4847 4848 7
4848 4362 7
4849 4850 7
485 3908 7
485 3955 7
485 5782 7
485 746 7
4850 5889 7
4851 4850 7
4852 3281 7
4852 4760 7
4852 4774 7
4852 59 7
4853 3218 7
4853 3637 7
4853 4848 7
4853 936 7
4854 468 7
4854 543 7
4855 4087 7
4855 468 7
4855 5301 7
4856 1941 7
4856 3431 7
4856 4837 7
4856 5781 7
4858 370 7
4858 885 7
4859 4255 7
4859 5770 7
486 1257 7
486 1533 7
486 1782 7
4860 4861 7
4862 23 7
4863 3836 7
4863 5005 7
4865 125 7
4866 4261 7
4866 4557 7
4867 147 7
4867 5920 7
4868 1234 7
4869 4854 7
487 1308 7
487 452 7
4870 3918 7
4872 3111 7
4872 3229 7
4872 3956 7
4872 4295 7
4872 468 7
4872 543 7
4872 5468 7
4872 950 7
4873 1282 7
4873 3791 7
4873 3820 7
4873 4309 7
4873 5923 7
4873 876 7
4874 4387 7
4875 1282 7
4875 23 7
4875 4298 7
4875 4867 7
4875 4873 7
4875 5988 7
4875 871 7
4875 876 7
4876 1289 7
4876 1674 7
4876 3229 7
4876 4059 7
4876 4387 7
4876 4448 7
4876 4890 7
4876 5665 7
4877 327 7
4877 4878 7
4878 833 7
4879 1872 7
4879 2990 7
4879 3722 7
4879 3974 7
4879 3993 7
4879 5584 7
488 2447 7
488 312 7
488 313 7
488 358 7
488 358 7
488 3919 7
488 4680 7
488 578 7
4880 4338 7
4880 826 7
4882 2057 7
4883 3120 7
4883 3473 7
4883 4862 7
4883 775 7
4884 1709 7
4885 3820 7
4886 1957 7
4886 215 7
4886 25 7
4886 34 7
4887 1282 7
4887 4873 7
4887 6 7
4888 3156 7
4888 3246 7
4889 3836 7
4890 1289 7
4890 3234 7
4890 499 7
4891 873 7
4892 4387 7
4892 4387 7
4892 4893 7
4894 4895 7
4897 2426 7
4897 4443 7
4898 3292 7
4899 4341 7
4899 4900 7
4899 893 7
49 79 7
4900 3002 7
4900 3044 7
4900 4239 7
4900 4287 7
4900 4901 7
4900 5332 7
4900 5393 7
4900 5610 7
4901 4171 7
4901 4341 7
4902 1430 7
4902 2878 7
4905 1463 7
4905 1688 7
4905 3329 7
4905 4446 7
4906 2883 7
4906 767 7
4907 4908 7
4909 4910 7
491 4683 7
491 4704 7
491 548 7
491 5926 7
4911 4162 7
4911 4912 7
4912 3106 7
4912 4100 7
4912 6080 7
4912 6097 7
4913 3847 7
4915 2322 7
4915 4916 7
4916 4226 7
4916 5069 7
4917 4918 7
4917 5828 7
4919 1651 7
492 2832 7
492 3595 7
492 4204 7
4920 1731 7
4920 5111 7
4921 1424 7
4921 4447 7
4922 4923 7
4924 202 7
4924 2225 7
4924 2391 7
4924 588 7
4925 2907 7
4926 4927 7
4927 5073 7
4928 2277 7
4928 4926 7
4929 4229 7
4930 4931 7
4931 2288 7
4932 2310 7
4934 2911 7
4934 4155 7
4934 4155 7
4934 4897 7
4935 1229 7
4936 1313 7
4936 3010 7
4939 4940 7
494 36 7
4940 1990 7
4941 1438 7
4941 2299 7
4941 3048 7
4941 3310 7
4941 4945 7
4941 5239 7
4942 113 7
4942 2259 7
4942 2448 7
4942 2986 7
4942 3652 7
4942 436 7
4942 51 7
4943 864 7
4944 4332 7
4944 4989 7
4945 4962 7
4945 5139 7
4946 4870 7
4947 2885 7
4947 3696 7
4947 649 7
4948 2607 7
4948 4949 7
4948 4950 7
4948 957 7
4950 2590 7
4950 703 7
4951 1477 7
4952 4953 7
4954 2195 7
4954 238 7
4954 2412 7
4954 2797 7
4954 2797 7
4954 3071 7
4954 3837 7
4954 3973 7
4954 414 7
4954 4204 7
4954 4801 7
4954 5879 7
4954 5899 7
4954 6019 7
4954 6121 7
4954 6347 7
4955 2258 7
4955 2979 7
4955 4241 7
4956 205 7
4956 2860 7
4956 4955 7
4957 2299 7
4957 3310 7
4957 4945 7
4958 3277 7
4959 1936 7
4959 4960 7
4959 4961 7
496 1619 7
496 2143 7
496 3675 7
496 3903 7
496 4855 7
496 4855 7
496 56 7
496 622 7
496 676 7
496 741 7
496 801 7
496 803 7
496 97 7
4960 5649 7
4960 5779 7
4960 6208 7
4961 4960 7
4962 1024 7
4962 1419 7
4962 3479 7
4962 4905 7
4962 4963 7
4962 5171 7
4963 1726 7
4963 3048 7
4963 3177 7
4963 3212 7
4963 3234 7
4963 4962 7
4963 5003 7
4964 1805 7
4964 4915 7
4964 5048 7
4965 2270 7
4965 4084 7
4966 2412 7
4966 2797 7
4966 3987 7
4966 4954 7
4967 4242 7
4967 4968 7
4968 4987 7
4968 5081 7
4968 5096 7
4969 622 7
497 1005 7
497 1179 7
497 164 7
497 2006 7
497 393 7
497 4001 7
497 42 7
497 42 7
497 47 7
497 788 7
4970 1950 7
4971 230 7
4971 2593 7
4971 4054 7
4972 4973 7
4974 4975 7
4974 4976 7
4975 3467 7
4975 4976 7
4975 4976 7
4975 5354 7
4975 5355 7
4976 1607 7
4976 5354 7
4977 4978 7
4979 1726 7
4979 4963 7
4980 2372 7
4981 1364 7
4981 3447 7
4981 3543 7
4982 4905 7
4983 1990 7
4984 4927 7
4985 4986 7
4988 2807 7
4989 1434 7
4989 1674 7
4989 1688 7
4989 1726 7
4989 2351 7
4989 4332 7
4989 793 7
499 131 7
499 1674 7
499 1809 7
499 4059 7
499 4876 7
499 6131 7
499 754 7
4990 4991 7
4992 4920 7
4993 4994 7
4994 4977 7
4995 1244 7
4995 451 7
4995 4979 7
4995 710 7
4996 1289 7
4996 1438 7
4996 1701 7
4996 1722 7
4996 3310 7
4996 3998 7
4996 4941 7
4996 5033 7
4996 5113 7
4996 5135 7
4997 1271 7
4997 2807 7
4997 4998 7
4998 4904 7
4998 4988 7
5 2677 7
5 4628 7
5000 2429 7
5000 5001 7
5001 5031 7
5001 5710 7
5003 4944 7
5006 3890 7
5007 4932 7
5008 1229 7
5009 2299 7
5009 2332 7
5009 2340 7
5009 2368 7
5009 3212 7
5009 3234 7
5009 3234 7
5009 3344 7
5009 4367 7
5009 4962 7
5009 5010 7
5009 5053 7
5009 5718 7
501 3497 7
501 775 7
5011 4917 7
5011 4918 7
5012 3912 7
5012 4937 7
5012 5013 7
5012 5014 7
5015 5016 7
5017 3002 7
5019 5020 7
502 3111 7
502 3111 7
502 4712 7
502 5409 7
502 5841 7
5021 199 7
5023 900 7
5024 3285 7
5024 5025 7
5025 3285 7
5026 1181 7
5027 2669 7
5029 157 7
5029 4906 7
5029 649 7
503 3913 7
503 53 7
503 623 7
5030 4242 7
5030 4926 7
5030 4987 7
5030 5025 7
5031 5032 7
5032 1533 7
5033 1024 7
5033 2299 7
5033 2299 7
5033 2332 7
5033 4962 7
5033 5630 7
5034 1387 7
5034 2315 7
5035 5036 7
5037 4041 7
5037 4217 7
5037 5038 7
5038 3396 7
5040 3616 7
5042 1220 7
5043 1906 7
5043 3059 7
5043 4186 7
5043 5044 7
5045 2073 7
5045 3673 7
5046 4936 7
5047 4818 7
5048 2669 7
5048 5109 7
5049 2014 7
5049 3696 7
5049 649 7
5049 701 7
5050 5051 7
5051 6282 7
5052 2241 7
5053 1301 7
5053 2332 7
5053 5054 7
5053 5055 7
5053 5061 7
5054 3301 7
5055 4941 7
5055 5135 7
5056 2905 7
5057 1609 7
5058 5049 7
5059 3322 7
5061 1336 7
5061 3234 7
5061 4982 7
5061 5003 7
5061 5098 7
5062 2293 7
5063 3895 7
5064 1396 7
5064 3870 7
5064 4981 7
5065 3178 7
5065 5066 7
5066 2784 7
5066 5253 7
5067 5068 7
5068 2216 7
5068 5070 7
507 3215 7
507 4969 7
507 604 7
507 622 7
5071 1362 7
5071 4826 7
5074 5075 7
5076 5054 7
5077 5078 7
5079 2860 7
5079 5080 7
508 2805 7
508 3076 7
508 4820 7
508 659 7
508 685 7
5081 1305 7
5081 4967 7
5081 5082 7
5082 5093 7
5083 2442 7
5083 5084 7
5084 1353 7
5084 388 7
5084 4286 7
5084 5272 7
5085 2945 7
5085 4997 7
5086 5080 7
5086 5136 7
5087 5088 7
5089 5090 7
509 4800 7
509 4813 7
509 832 7
5091 4491 7
5091 5006 7
5092 2375 7
5092 4054 7
5093 1208 7
5093 3322 7
5093 5064 7
5094 2294 7
5094 2981 7
5094 4177 7
5094 5079 7
5094 736 7
5095 4968 7
5096 5030 7
5097 2959 7
5098 2299 7
5098 2300 7
5098 5135 7
51 200 7
51 418 7
510 188 7
510 3215 7
510 328 7
510 3326 7
510 3799 7
510 4046 7
510 659 7
5100 3002 7
5100 5017 7
5100 5022 7
5101 4780 7
5102 2590 7
5102 403 7
5103 3687 7
5104 5105 7
5106 5107 7
5108 901 7
5109 3369 7
5109 4036 7
5109 4964 7
511 4611 7
511 5461 7
5110 2826 7
5110 4918 7
5110 5011 7
5111 4217 7
5112 5088 7
5113 4941 7
5113 5009 7
5113 5054 7
5114 2257 7
5114 55 7
5115 3379 7
5115 4217 7
5116 1362 7
5116 3201 7
5116 3310 7
5116 4086 7
5116 5113 7
5116 5712 7
5117 2878 7
5117 3918 7
5118 5119 7
5120 4208 7
5120 4224 7
5122 4930 7
5123 4096 7
5124 5125 7
5126 5127 7
5128 3056 7
5129 1332 7
513 189 7
513 2755 7
5130 2434 7
5130 5131 7
5132 1037 7
5133 4967 7
5133 5134 7
5135 4941 7
5136 2468 7
5136 2478 7
5136 2570 7
5137 5138 7
5138 376 7
5138 4546 7
514 1711 7
514 2652 7
514 2861 7
514 3122 7
5140 3178 7
5141 2257 7
5142 5143 7
5145 3379 7
5145 5677 7
5146 5147 7
5148 5003 7
5149 2109 7
5150 2280 7
5151 2242 7
5151 3858 7
5151 5085 7
5152 2242 7
5153 3212 7
5154 4833 7
5155 1289 7
5155 2587 7
5155 4188 7
5156 4503 7
5156 5157 7
5156 5158 7
5158 2470 7
5159 5160 7
516 1008 7
516 1460 7
516 164 7
516 2681 7
516 2711 7
516 3056 7
516 3623 7
516 42 7
516 497 7
516 4980 7
5160 4654 7
5160 5487 7
5161 1519 7
5161 239 7
5161 3021 7
5162 1711 7
5162 5163 7
5162 5164 7
5163 3229 7
5163 4050 7
5163 898 7
5164 4368 7
5165 1392 7
5165 3875 7
5165 5166 7
5166 1912 7
5166 4174 7
5166 4196 7
5167 4186 7
5167 5228 7
5167 5595 7
5168 4516 7
5170 2318 7
5170 3121 7
5171 1877 7
5172 1759 7
5172 340 7
5173 5174 7
5173 5175 7
5174 5210 7
5175 1949 7
5175 3768 7
5176 6093 7
5178 2587 7
5178 5465 7
5178 5466 7
5179 1692 7
5179 1815 7
5179 5180 7
5180 1692 7
5180 3445 7
5181 5182 7
5182 1560 7
5182 2531 7
5182 5663 7
5183 1809 7
5183 5224 7
5184 4307 7
5186 5196 7
5186 5262 7
5187 1674 7
5187 3572 7
5187 5188 7
519 1201 7
519 2011 7
519 251 7
519 3085 7
519 371 7
519 412 7
519 466 7
519 466 7
519 830 7
5190 310 7
5190 3961 7
5194 5195 7
5195 1885 7
5195 1912 7
5195 4174 7
5195 5383 7
5196 1655 7
5198 1843 7
5198 897 7
5199 1363 7
5199 5200 7
5199 5201 7
52 3718 7
520 5041 7
520 6021 7
5200 5201 7
5200 5443 7
5202 5173 7
5203 4245 7
5203 4402 7
5204 5097 7
5204 5205 7
5204 867 7
5205 5408 7
5206 4654 7
5206 5159 7
5206 5160 7
5206 5347 7
5206 5423 7
5207 5208 7
5208 3951 7
5209 3335 7
5209 4814 7
521 2693 7
5211 1337 7
5211 1726 7
5211 1903 7
5211 5212 7
5211 5213 7
5212 1447 7
5212 5578 7
5212 5601 7
5214 4245 7
5214 4402 7
5214 5215 7
5215 4402 7
5215 5189 7
5215 5203 7
5216 2561 7
5217 1179 7
5217 1447 7
5217 3651 7
5218 3504 7
5219 1024 7
5219 1496 7
5219 5248 7
5219 5386 7
522 3077 7
522 3189 7
522 3579 7
522 477 7
522 530 7
522 5973 7
5220 2715 7
5220 5490 7
5221 3248 7
5222 5223 7
5224 1816 7
5224 303 7
5225 1698 7
5226 5227 7
5227 1813 7
5227 5276 7
5228 1903 7
5229 5230 7
5229 5231 7
5230 2566 7
5231 2239 7
5231 5467 7
5232 5233 7
5234 5235 7
5236 1766 7
5237 5238 7
5238 5341 7
5239 5053 7
524 1809 7
524 235 7
524 3348 7
524 369 7
524 4969 7
524 634 7
5240 3318 7
5241 486 7
5241 92 7
5243 2575 7
5244 1021 7
5244 2480 7
5244 5243 7
5245 5246 7
5245 5247 7
5246 5247 7
5246 5470 7
5248 1496 7
5248 3638 7
5248 3729 7
5249 5285 7
5249 5533 7
5249 906 7
5250 4333 7
5251 511 7
5252 1815 7
5252 5179 7
5253 4458 7
5253 5254 7
5253 5670 7
5254 2573 7
5255 212 7
5256 2916 7
5257 3730 7
5258 4050 7
5259 1774 7
5259 2491 7
5259 5283 7
5259 5284 7
526 3994 7
526 4808 7
526 492 7
526 5941 7
5260 1588 7
5260 1674 7
5260 1734 7
5260 1756 7
5260 3960 7
5260 5219 7
5260 815 7
5261 1899 7
5263 2526 7
5264 2553 7
5264 5265 7
5264 5458 7
5265 1503 7
5265 3984 7
5265 5344 7
5265 5345 7
5266 5267 7
5266 5268 7
5267 5266 7
5269 1730 7
5269 1887 7
5269 3880 7
5269 5346 7
527 6490 7
5270 5271 7
5270 5272 7
5272 2723 7
5273 2926 7
5274 3059 7
5275 1584 7
5276 5236 7
5276 5317 7
5276 5318 7
5277 1710 7
5278 1575 7
5278 4218 7
5278 5336 7
5279 5280 7
5280 1179 7
5280 5217 7
5281 2234 7
5281 2366 7
5281 3744 7
5281 5282 7
5282 1514 7
5282 1984 7
5283 5554 7
5283 5556 7
5285 4293 7
5285 5403 7
5286 3417 7
5286 3602 7
5288 1187 7
5288 4658 7
5288 4690 7
5288 5289 7
5288 5290 7
5288 5291 7
5289 4691 7
5289 5291 7
5289 5291 7
5289 5468 7
5290 4658 7
5290 4690 7
5290 5289 7
5290 5291 7
5291 1216 7
5291 4353 7
5291 4691 7
5291 5468 7
5292 4240 7
5293 2314 7
5294 5295 7
5294 5296 7
5295 2396 7
5295 3401 7
5295 5313 7
5297 1344 7
5298 4180 7
5298 5255 7
5299 4625 7
53 153 7
53 1791 7
53 188 7
53 251 7
53 257 7
53 3073 7
53 3189 7
53 3757 7
53 440 7
53 465 7
53 467 7
53 973 7
530 129 7
530 3609 7
530 3862 7
530 466 7
530 4820 7
530 508 7
5300 1747 7
5300 1816 7
5300 5294 7
5300 808 7
5302 1664 7
5302 3951 7
5303 5304 7
5305 2518 7
5305 5165 7
5306 5307 7
5307 5323 7
5308 5534 7
5309 5310 7
5311 2606 7
5311 965 7
5312 1722 7
5312 3638 7
5312 5219 7
5312 5700 7
5313 1766 7
5313 5226 7
5314 5315 7
5314 5316 7
5315 1415 7
5317 5227 7
5317 541 7
5318 5294 7
5318 5412 7
5318 5551 7
5319 5185 7
5320 1354 7
5320 1633 7
5320 5506 7
5321 4272 7
5322 5159 7
5322 5489 7
5323 5324 7
5324 5307 7
5325 3945 7
5326 4180 7
5326 5606 7
5327 5328 7
5329 5330 7
5329 5331 7
5332 5333 7
5333 1588 7
5333 1896 7
5333 3841 7
5333 5532 7
5335 3855 7
5335 5336 7
5336 5367 7
5336 5368 7
5337 5338 7
5338 1483 7
5339 2318 7
5339 5608 7
5343 1810 7
5344 1872 7
5344 5264 7
5344 5264 7
5344 5315 7
5345 5331 7
5346 1877 7
5347 5326 7
5347 5599 7
5348 1876 7
5348 3001 7
5348 3243 7
5348 4900 7
5350 1049 7
5350 3122 7
5350 5627 7
5351 1385 7
5351 3805 7
5352 5458 7
5353 1472 7
5353 5190 7
5353 5308 7
5354 1607 7
5354 3467 7
5354 5355 7
5355 3467 7
5355 4010 7
5355 696 7
5357 5191 7
5358 4654 7
5359 3079 7
5359 4554 7
5359 5959 7
536 1440 7
536 1684 7
536 2391 7
536 2596 7
536 2995 7
536 4747 7
536 4751 7
5360 5181 7
5360 5361 7
5361 4472 7
5361 5181 7
5362 1848 7
5362 1885 7
5363 2959 7
5363 5179 7
5364 1728 7
5365 6326 7
5366 5616 7
5366 6311 7
5367 5368 7
5369 5339 7
5369 5608 7
537 1202 7
537 130 7
537 330 7
537 3465 7
537 3533 7
537 3873 7
537 3884 7
537 421 7
537 439 7
537 467 7
537 635 7
537 635 7
537 659 7
5370 2466 7
5370 5371 7
5372 5195 7
5372 5373 7
5372 5374 7
5374 1897 7
5375 5376 7
5377 5247 7
5378 5379 7
5379 5242 7
538 1007 7
538 2537 7
538 2836 7
538 3326 7
538 3458 7
538 3710 7
538 4167 7
538 455 7
538 851 7
5380 5381 7
5382 1511 7
5382 3651 7
5383 148 7
5383 1920 7
5383 5165 7
5383 5520 7
5383 777 7
5384 5308 7
5386 2819 7
5386 5312 7
5386 5431 7
5387 5303 7
5388 1110 7
5389 1274 7
5389 2518 7
5389 4738 7
539 3518 7
539 47 7
539 725 7
5390 1438 7
5390 25 7
5391 1627 7
5392 2927 7
5393 1372 7
5393 1879 7
5393 4063 7
5393 5394 7
5393 5932 7
5395 5396 7
5397 1552 7
5398 1353 7
5398 3417 7
54 1677 7
54 2357 7
54 4115 7
54 4115 7
54 5821 7
5400 3417 7
5400 5401 7
5400 5402 7
5401 2618 7
5401 5671 7
5402 5363 7
5403 4293 7
5403 5173 7
5404 1710 7
5404 1888 7
5405 3860 7
5405 5398 7
5405 5406 7
5406 1353 7
5407 2903 7
5407 2996 7
5407 5553 7
5407 6032 7
5408 5204 7
5409 1403 7
5409 1440 7
5409 4712 7
541 4735 7
541 5276 7
5410 4472 7
5410 5182 7
5410 5361 7
5411 5412 7
5411 5413 7
5413 1146 7
5413 2455 7
5413 5589 7
5414 5415 7
5415 1794 7
5415 5294 7
5417 1125 7
5417 4962 7
5417 4996 7
5417 5113 7
5419 1627 7
5419 5420 7
5419 5421 7
542 1088 7
542 1529 7
542 3201 7
542 556 7
542 556 7
5420 5391 7
5422 1558 7
5423 5159 7
5423 5307 7
5423 5525 7
5424 3307 7
5424 3675 7
5424 5425 7
5425 3679 7
5425 5301 7
5426 5427 7
5427 5450 7
5427 5451 7
5429 1614 7
5429 5199 7
5429 5201 7
543 1482 7
543 1597 7
543 1928 7
543 2255 7
543 2574 7
543 258 7
543 285 7
543 3062 7
543 4284 7
543 468 7
543 539 7
543 673 7
543 731 7
543 741 7
543 898 7
5430 1711 7
5430 3 7
5430 4477 7
5431 5486 7
5431 5487 7
5432 5401 7
5432 5433 7
5434 4661 7
5434 4662 7
5434 4694 7
5435 2513 7
5436 5437 7
5439 5440 7
5439 5441 7
544 4745 7
5442 3723 7
5442 5391 7
5443 5199 7
5443 5334 7
5444 1513 7
5444 1703 7
5446 2480 7
5446 5216 7
5447 4237 7
5448 4131 7
5449 3814 7
545 130 7
545 2 7
545 257 7
545 2796 7
545 3079 7
545 3524 7
545 530 7
545 610 7
545 684 7
545 684 7
5452 5453 7
5455 1679 7
5455 4738 7
5455 5389 7
5455 5600 7
5456 1537 7
5456 1802 7
5456 1966 7
5457 5198 7
5458 2489 7
5458 5466 7
5458 777 7
5460 5235 7
5462 5463 7
5464 4962 7
5466 1026 7
5468 3956 7
5468 4007 7
5468 5290 7
5471 5472 7
5473 5387 7
5473 5474 7
5474 1730 7
5475 5476 7
5477 257 7
5478 1721 7
5478 5408 7
5478 6052 7
5479 5395 7
548 365 7
5480 1201 7
5480 1926 7
5480 2332 7
5480 710 7
5481 5395 7
5482 3491 7
5482 3984 7
5482 4175 7
5483 1336 7
5483 3212 7
5483 3998 7
5484 3642 7
5484 5485 7
5488 3875 7
5488 5539 7
5489 1351 7
549 1938 7
549 4287 7
5490 1538 7
5490 4180 7
5490 5325 7
5492 1588 7
5492 5195 7
5493 5185 7
5493 6444 7
5494 5223 7
5495 2376 7
5495 32 7
5495 3229 7
5495 3318 7
5495 5162 7
5495 5342 7
5496 1249 7
5496 1659 7
5496 2207 7
5496 3927 7
5496 4396 7
5496 5168 7
5496 6305 7
5497 1601 7
5497 2765 7
5497 807 7
5498 5499 7
550 4483 7
5500 5501 7
5501 1346 7
5502 5503 7
5504 5505 7
5504 5570 7
5505 4516 7
5505 5570 7
5506 1633 7
5507 3843 7
5507 5783 7
5508 5346 7
5508 5378 7
5510 5257 7
5511 1344 7
5511 2559 7
5511 5297 7
5513 5514 7
5515 5516 7
5517 1156 7
5517 1902 7
5517 5518 7
5518 1214 7
5519 2429 7
5519 2521 7
552 1179 7
552 2718 7
552 299 7
552 6021 7
552 74 7
5520 4188 7
5520 5458 7
5521 1462 7
5521 3482 7
5521 5573 7
5521 5575 7
5522 2234 7
5522 3357 7
5523 2629 7
5523 2980 7
5523 824 7
5524 5525 7
5526 5322 7
5526 5527 7
5526 89 7
5527 1491 7
5527 3379 7
5528 2531 7
5528 3421 7
5528 5541 7
5528 5581 7
5530 5230 7
5531 156 7
5532 1118 7
5532 5455 7
5535 5536 7
5537 5538 7
5539 1906 7
5539 5195 7
5539 5264 7
5540 453 7
5541 3066 7
5542 2893 7
5544 2476 7
5544 2965 7
5546 353 7
5547 5299 7
5547 5548 7
5548 4613 7
5548 5719 7
5548 6346 7
5549 5287 7
5550 3345 7
5551 2396 7
5552 1552 7
5552 1679 7
5552 5389 7
5553 1564 7
5553 1575 7
5553 5259 7
5553 5283 7
5553 5554 7
5554 5556 7
5555 5316 7
5557 868 7
556 2322 7
5560 5559 7
5561 2940 7
5562 2173 7
5562 6060 7
5563 1399 7
5563 1754 7
5563 3458 7
5563 3634 7
5565 5304 7
5566 5325 7
5566 5567 7
5567 5326 7
5567 5327 7
5568 4051 7
5568 437 7
5568 5359 7
5568 831 7
5569 3933 7
557 126 7
557 3112 7
557 3873 7
557 4357 7
5571 5546 7
5571 5572 7
5573 1756 7
5573 5193 7
5573 5574 7
5573 5575 7
5574 1447 7
5574 3572 7
5575 1224 7
5575 5521 7
5576 2492 7
5577 2224 7
5577 5368 7
5578 5211 7
558 253 7
5581 1553 7
5581 3066 7
5582 5583 7
5583 5187 7
5585 5586 7
5586 1600 7
5587 1644 7
5588 1088 7
5588 1476 7
5588 4172 7
5588 5194 7
5588 5265 7
5588 5374 7
5588 672 7
5590 1953 7
5590 3373 7
5591 3428 7
5591 4503 7
5591 5157 7
5592 1687 7
5592 5388 7
5592 5521 7
5593 5594 7
5595 5269 7
5597 1196 7
5597 1978 7
5597 4396 7
5597 5230 7
5598 3640 7
56 1711 7
56 182 7
56 3121 7
56 4094 7
56 6180 7
56 803 7
56 898 7
560 304 7
560 451 7
560 931 7
5602 5603 7
5603 2539 7
5603 5552 7
5604 4239 7
5604 5002 7
5604 5400 7
5604 5402 7
5605 5528 7
5607 3602 7
5607 867 7
5608 3679 7
5608 4050 7
5608 6505 7
561 130 7
561 414 7
561 522 7
561 5477 7
5611 1912 7
5611 1913 7
5611 3204 7
5611 5612 7
5613 3519 7
5613 3558 7
5615 2914 7
5616 1091 7
5617 5602 7
5618 5619 7
562 4015 7
562 5559 7
562 5560 7
562 5951 7
562 6112 7
5621 541 7
5621 5622 7
5624 387 7
5625 4225 7
5627 5349 7
5628 1584 7
5628 3456 7
5628 3893 7
5628 5629 7
5629 5704 7
563 14 7
563 2430 7
563 251 7
563 2723 7
563 2836 7
563 3085 7
563 3535 7
563 3540 7
563 3884 7
563 3989 7
563 462 7
563 4820 7
563 610 7
5631 4051 7
5632 5491 7
5632 925 7
5633 1794 7
5633 5313 7
5633 5412 7
5634 2405 7
5634 4293 7
5634 602 7
5634 92 7
5636 1772 7
5636 5308 7
5637 5614 7
5637 5638 7
5639 5640 7
5641 1919 7
5642 2516 7
5642 2575 7
5644 5341 7
5645 5530 7
5647 825 7
5648 5629 7
5650 2988 7
5650 473 7
5650 5871 7
5651 2612 7
5652 3913 7
5653 868 7
5655 2463 7
5657 4062 7
5657 975 7
5658 1747 7
566 2032 7
566 4211 7
566 4449 7
566 4811 7
566 4954 7
5660 1027 7
5661 370 7
5662 2913 7
5663 1458 7
5663 3502 7
5664 6438 7
5665 3229 7
5665 5666 7
5666 5798 7
5667 2356 7
5667 5682 7
5669 1164 7
5669 1985 7
5669 2715 7
5669 3450 7
5671 4367 7
5671 4509 7
5672 424 7
5673 5674 7
5673 5781 7
5674 1079 7
5674 3013 7
5675 3262 7
5675 393 7
5676 3598 7
5676 5720 7
5676 5776 7
5677 2342 7
5677 3310 7
5677 3315 7
5678 5363 7
5679 5680 7
568 2031 7
568 4080 7
568 4831 7
5680 5801 7
5682 1183 7
5682 2356 7
5682 3630 7
5682 5820 7
5683 5684 7
5684 5737 7
5686 5687 7
5687 5746 7
5688 3714 7
5688 5689 7
5689 1126 7
5689 3714 7
5689 5688 7
5689 5714 7
5689 5721 7
569 3623 7
5690 5691 7
5693 258 7
5693 5723 7
5694 2672 7
5696 2219 7
5697 1578 7
5697 1906 7
5697 1933 7
5697 3016 7
5697 3271 7
5697 5043 7
5697 828 7
5698 4876 7
5701 3232 7
5701 372 7
5701 4593 7
5703 5527 7
5704 5648 7
5705 1643 7
5705 2483 7
5705 2534 7
5706 5707 7
5707 1491 7
5708 3277 7
5708 5363 7
5711 603 7
5711 612 7
5712 1362 7
5713 1079 7
5714 3709 7
5714 5715 7
5715 3709 7
5716 4076 7
5718 3234 7
5718 4963 7
5720 1394 7
5720 1523 7
5721 1126 7
5721 3714 7
5721 5688 7
5721 5689 7
5722 3222 7
5723 258 7
5723 5640 7
5723 600 7
5724 2253 7
5724 5725 7
5724 5846 7
5724 803 7
5725 1585 7
5725 3235 7
5727 3994 7
5728 4876 7
5728 5665 7
5729 5730 7
5729 5885 7
5729 6370 7
573 1211 7
573 127 7
573 2313 7
573 2370 7
573 2722 7
573 3189 7
573 3535 7
573 3728 7
573 496 7
573 508 7
573 623 7
573 648 7
573 808 7
573 862 7
5730 388 7
5730 5729 7
5733 4273 7
5734 1706 7
5735 2461 7
5735 4219 7
5736 3913 7
5738 2821 7
5739 3709 7
5739 3952 7
574 1061 7
574 2746 7
574 485 7
5741 116 7
5741 999 7
5742 1859 7
5743 1706 7
5744 5745 7
5746 4331 7
5747 3942 7
5748 4846 7
5749 5750 7
5750 4892 7
5750 4893 7
5751 2582 7
5751 4273 7
5751 5752 7
5752 367 7
5753 5754 7
5755 1937 7
5755 5756 7
5757 4853 7
5758 3310 7
5758 5140 7
5759 5756 7
576 131 7
576 3534 7
576 920 7
5760 2057 7
5761 1012 7
5761 4273 7
5762 1440 7
5762 5678 7
5763 5764 7
5765 1576 7
5765 4228 7
5765 5662 7
5767 287 7
5767 3431 7
5767 3900 7
5767 6094 7
5768 4087 7
5769 3253 7
577 1348 7
577 186 7
577 3710 7
577 3987 7
577 4028 7
577 4105 7
577 4452 7
577 473 7
577 4730 7
577 581 7
577 605 7
577 822 7
577 851 7
577 98 7
5771 5719 7
5772 166 7
5772 2479 7
5772 408 7
5773 5695 7
5774 5487 7
5775 4735 7
5776 2121 7
5776 3112 7
5776 3601 7
5776 670 7
5778 5779 7
5779 6472 7
578 1980 7
578 342 7
5780 4724 7
5782 1228 7
5785 4053 7
5785 6532 7
5785 6533 7
5786 5684 7
5786 5737 7
5788 1491 7
5788 5789 7
579 108 7
579 2006 7
579 237 7
579 2392 7
579 272 7
579 2739 7
579 3156 7
579 3534 7
579 393 7
579 4089 7
579 590 7
579 914 7
579 983 7
5791 1103 7
5791 5669 7
5791 696 7
5792 5751 7
5793 5794 7
5793 5795 7
5796 5009 7
5797 4892 7
5799 550 7
580 1108 7
580 112 7
580 13 7
580 1791 7
580 211 7
580 2574 7
580 275 7
580 280 7
580 3299 7
580 371 7
580 371 7
580 439 7
580 519 7
580 862 7
580 913 7
5800 4482 7
5800 4483 7
5800 550 7
5802 3871 7
5802 4134 7
5802 5803 7
5802 5804 7
5802 5805 7
5803 5802 7
5803 5805 7
5803 5858 7
5803 5888 7
5804 3871 7
5804 5859 7
5805 5804 7
5805 5859 7
5807 4569 7
5807 5828 7
5808 5809 7
5808 5810 7
581 2473 7
581 5885 7
5810 4751 7
5810 4771 7
5811 3879 7
5812 3956 7
5812 4344 7
5813 692 7
5814 4554 7
5815 965 7
5816 5817 7
5818 446 7
5820 3630 7
5820 54 7
5820 5821 7
5820 6211 7
5821 1677 7
5821 3630 7
5821 4737 7
5821 5682 7
5822 5411 7
5823 5313 7
5824 491 7
5826 4398 7
5827 2067 7
5827 2259 7
5829 315 7
583 1819 7
583 2999 7
583 3370 7
583 362 7
5831 269 7
5831 5832 7
5831 86 7
5832 125 7
5832 712 7
5833 4766 7
5833 4818 7
5833 5834 7
5834 4818 7
5835 1976 7
5835 5767 7
5836 5837 7
5836 5838 7
5837 4492 7
5837 5913 7
5838 5837 7
5839 376 7
584 3849 7
584 4051 7
5841 3111 7
5842 4543 7
5842 4557 7
5842 6223 7
5843 1197 7
5843 2515 7
5844 5845 7
5845 644 7
5846 543 7
5847 5848 7
5848 5906 7
5849 4610 7
585 3490 7
5851 4336 7
5852 5904 7
5852 715 7
5852 971 7
5853 5854 7
5854 5853 7
5855 5856 7
5856 6153 7
5857 4098 7
5857 5842 7
5857 5862 7
5858 5803 7
5858 5859 7
5859 3871 7
5859 5802 7
5859 5888 7
586 1025 7
586 1791 7
586 188 7
586 2 7
586 2 7
586 2011 7
586 211 7
586 257 7
586 371 7
586 371 7
586 412 7
586 412 7
586 414 7
586 4487 7
586 4515 7
586 508 7
586 653 7
5861 2836 7
5861 4006 7
5861 5824 7
5861 5928 7
5861 6183 7
5862 4098 7
5862 4098 7
5862 415 7
5862 4344 7
5862 5842 7
5862 6223 7
5862 6249 7
5863 4356 7
5863 4462 7
5864 5865 7
5864 5866 7
5866 5865 7
5867 5868 7
5867 5869 7
5868 4706 7
5871 5701 7
5872 4098 7
5872 5873 7
5873 5862 7
5873 5893 7
5873 6103 7
5873 6479 7
5873 6480 7
5874 47 7
5875 5876 7
5877 5988 7
5878 5899 7
5878 5900 7
5878 5901 7
5879 5878 7
5879 6019 7
588 1950 7
588 2979 7
588 4970 7
5880 2008 7
5880 4887 7
5881 5816 7
5881 613 7
5882 5877 7
5882 775 7
5883 1879 7
5884 5842 7
5885 4838 7
5885 6209 7
5886 1929 7
5887 661 7
5888 3871 7
5888 4134 7
5888 5858 7
5889 4850 7
5889 6308 7
5889 6361 7
5889 6535 7
589 3672 7
589 3844 7
589 631 7
5890 2749 7
5890 3042 7
5890 4917 7
5890 5828 7
5891 3884 7
5891 3899 7
5891 503 7
5892 2990 7
5893 5894 7
5894 5862 7
5895 232 7
5895 3431 7
5895 6119 7
5896 92 7
5899 4052 7
5899 5900 7
5899 5901 7
59 1399 7
59 143 7
59 2819 7
59 339 7
59 3638 7
59 3642 7
59 4833 7
590 3530 7
5900 5879 7
5901 4052 7
5901 5900 7
5902 5990 7
5903 2040 7
5903 3477 7
5903 795 7
5904 950 7
5905 3455 7
5905 5909 7
5905 696 7
5905 737 7
5905 770 7
5906 5847 7
5906 5855 7
5906 5856 7
5906 6153 7
5907 5908 7
5908 6284 7
5909 697 7
5909 795 7
5910 2824 7
5911 5642 7
5912 4520 7
5914 127 7
5914 147 7
5914 3137 7
5914 4604 7
5915 2793 7
5915 4590 7
5915 5916 7
5916 4840 7
5916 5917 7
5916 5956 7
5917 4840 7
5917 5915 7
5917 5955 7
5917 5956 7
5917 5966 7
5918 6120 7
5919 3820 7
5919 5920 7
5920 5989 7
5921 4274 7
5922 281 7
5923 172 7
5924 5925 7
5925 966 7
5926 5861 7
5927 4701 7
5927 5841 7
5929 5930 7
593 122 7
593 1503 7
593 1960 7
593 2761 7
593 3547 7
5931 1498 7
5931 3498 7
5931 4204 7
5931 6227 7
5932 2466 7
5932 3879 7
5933 2801 7
5933 313 7
5933 366 7
5933 3946 7
5933 5934 7
5934 366 7
5934 997 7
5935 2075 7
5935 767 7
5936 5937 7
5936 5938 7
5936 5939 7
5937 3560 7
5937 5968 7
5938 6068 7
5938 740 7
5939 6182 7
5939 740 7
5940 1235 7
5940 709 7
5941 3595 7
5941 4046 7
5941 492 7
5942 2806 7
5943 2177 7
5943 3199 7
5943 5944 7
5943 953 7
5945 266 7
5946 5817 7
5947 157 7
5947 4265 7
5948 3453 7
5948 5949 7
5948 763 7
595 1529 7
595 1548 7
595 2090 7
595 2662 7
595 287 7
595 2872 7
595 3680 7
5950 5952 7
5952 6051 7
5952 6054 7
5952 6429 7
5953 6051 7
5953 6054 7
5954 4513 7
5954 5950 7
5954 5952 7
5954 6054 7
5955 4590 7
5955 4840 7
5955 5915 7
5955 5956 7
5956 2793 7
5956 4840 7
5956 4841 7
5956 5915 7
5956 5966 7
5958 1244 7
5958 178 7
5958 2765 7
5958 299 7
5958 455 7
5958 6534 7
596 2230 7
596 2741 7
596 3162 7
596 4247 7
5960 2316 7
5961 1366 7
5962 4104 7
5963 352 7
5963 4298 7
5963 4873 7
5964 5355 7
5965 5877 7
5966 2793 7
5966 4590 7
5966 4614 7
5966 4840 7
5966 4841 7
5966 5915 7
5966 6317 7
5967 5938 7
5967 6068 7
5969 337 7
5970 3736 7
5971 352 7
5972 3598 7
5973 3579 7
5973 3589 7
5973 477 7
5973 733 7
5974 145 7
5975 3954 7
5976 4007 7
5976 4246 7
5976 4344 7
5976 4344 7
5976 5862 7
5976 6243 7
5976 6249 7
5977 1209 7
5977 2032 7
5977 3956 7
5977 4340 7
5977 6148 7
5977 6277 7
5980 1631 7
5980 1709 7
5981 4706 7
5982 4520 7
5983 5949 7
5984 1427 7
5985 3042 7
5985 4839 7
5985 5110 7
5985 654 7
5985 674 7
5986 2800 7
5987 5988 7
5987 5989 7
5988 352 7
5988 3525 7
5988 4309 7
5988 4887 7
5989 3737 7
5989 3776 7
5989 4887 7
5989 5882 7
5989 5963 7
5990 3106 7
5991 5992 7
5991 5993 7
5992 6048 7
5994 4604 7
5994 6002 7
5996 5263 7
5997 5998 7
5998 3120 7
5999 6091 7
6 1282 7
6 3103 7
6 3497 7
6 3737 7
6 4862 7
6 4883 7
6 5919 7
6 6001 7
6 6023 7
60 1559 7
60 3402 7
60 5249 7
60 6264 7
60 739 7
600 124 7
600 258 7
600 3250 7
600 3608 7
600 4062 7
600 460 7
600 5657 7
6000 12 7
6000 3503 7
6000 6167 7
6002 3124 7
6002 4547 7
6003 2048 7
6003 4374 7
6003 5893 7
6003 5894 7
6005 3151 7
6006 1254 7
6006 1986 7
6006 4867 7
6006 6512 7
6006 995 7
6007 113 7
6007 436 7
6007 4942 7
6008 3560 7
601 1175 7
601 1180 7
601 1540 7
601 1985 7
601 448 7
601 831 7
6010 501 7
6010 6 7
6014 6015 7
6016 948 7
6017 644 7
6017 816 7
6019 4954 7
6019 5878 7
6019 832 7
602 1615 7
602 1627 7
602 1966 7
6020 6021 7
6020 6406 7
6022 1098 7
6023 4862 7
6023 880 7
6024 3076 7
6024 4080 7
6025 33 7
6026 3676 7
6028 2032 7
6028 2309 7
6028 3232 7
6028 3568 7
6028 3956 7
6028 5977 7
6028 5977 7
6028 5977 7
6028 6148 7
6029 3978 7
6029 4805 7
603 1777 7
6030 4333 7
6030 4404 7
6030 76 7
6031 3106 7
6031 5902 7
6032 2064 7
6032 3605 7
6033 778 7
6034 3423 7
6035 6036 7
6036 3706 7
6036 4295 7
6037 1557 7
6037 1847 7
6037 725 7
6038 2682 7
604 1071 7
604 1782 7
604 1813 7
604 3348 7
6040 6041 7
6041 4630 7
6043 6044 7
6046 775 7
6047 5553 7
6049 482 7
6049 6050 7
605 1177 7
605 1245 7
605 1489 7
605 1619 7
605 2121 7
605 2189 7
605 2296 7
605 256 7
605 337 7
605 4008 7
605 465 7
605 595 7
605 659 7
605 685 7
605 748 7
6051 3380 7
6051 4391 7
6051 4629 7
6051 5950 7
6051 5954 7
6051 6197 7
6051 6198 7
6052 2207 7
6052 6294 7
6054 4629 7
6054 5950 7
6054 6051 7
6055 5967 7
6056 4470 7
6056 6057 7
6057 4470 7
6058 1188 7
6059 169 7
6059 3919 7
6060 5562 7
6060 6061 7
6060 6062 7
6060 6431 7
6061 4087 7
6063 6064 7
6063 6065 7
6064 6065 7
6064 6071 7
6065 6071 7
6066 125 7
6066 6010 7
6067 4831 7
6067 5929 7
6068 5936 7
6069 3340 7
607 1432 7
6072 4104 7
6072 5962 7
6073 3195 7
6073 5861 7
6074 3002 7
6074 5826 7
6075 3776 7
6076 6077 7
6077 1769 7
6077 5736 7
6078 207 7
6079 4936 7
6080 4117 7
6081 534 7
6081 5897 7
6083 1014 7
6086 5979 7
6087 3476 7
609 3143 7
609 3534 7
609 3535 7
609 3706 7
609 3837 7
609 4328 7
609 851 7
6090 640 7
6091 3579 7
6092 535 7
6092 6056 7
6093 2405 7
6093 364 7
6094 2289 7
6094 3766 7
6095 3957 7
6096 263 7
6097 3267 7
6097 4117 7
6099 5849 7
6099 6100 7
61 2721 7
61 3927 7
610 1013 7
610 1529 7
610 2703 7
610 2796 7
610 2836 7
610 3085 7
610 53 7
610 720 7
610 728 7
610 983 7
6101 641 7
6102 2021 7
6103 4257 7
6104 180 7
6105 6106 7
6107 4779 7
6108 3431 7
6109 2846 7
6109 3278 7
6110 2910 7
6111 6030 7
6111 6436 7
6112 4574 7
6112 6467 7
6113 157 7
6115 6116 7
6116 3976 7
6116 5933 7
6118 4010 7
6118 5964 7
612 133 7
612 1618 7
612 1777 7
612 5311 7
612 965 7
6120 6121 7
6120 6122 7
6121 6122 7
6122 5918 7
6123 4510 7
6124 1403 7
6124 3789 7
6127 4801 7
6127 6210 7
6128 2180 7
6128 6038 7
6129 5084 7
6130 2089 7
6130 64 7
6132 1571 7
6132 6491 7
6132 772 7
6133 3076 7
6133 3583 7
6134 32 7
6135 491 7
6135 548 7
6137 3361 7
6138 6139 7
6139 6135 7
6139 6519 7
614 2820 7
614 3592 7
614 372 7
614 4493 7
6140 4000 7
6141 6142 7
6143 4871 7
6144 2104 7
6144 4276 7
6145 2801 7
6145 3976 7
6145 6116 7
6146 4004 7
6148 3957 7
6148 5977 7
6148 6027 7
6149 552 7
6150 2171 7
6150 3487 7
6150 4721 7
6150 5962 7
6152 3782 7
6153 5847 7
6153 5848 7
6155 1254 7
6155 4862 7
6155 6 7
6155 6006 7
6155 775 7
6155 775 7
6157 819 7
6157 971 7
6158 444 7
6158 5928 7
6160 4683 7
6161 5902 7
6162 177 7
6164 6165 7
6164 6166 7
6165 6127 7
6168 5993 7
6169 5912 7
6170 6125 7
6171 6008 7
6172 3267 7
6173 138 7
6174 4838 7
6174 6175 7
6176 1282 7
6176 3820 7
6176 5882 7
6176 6046 7
6177 6087 7
6178 114 7
6178 5886 7
6180 79 7
6181 4729 7
6181 6146 7
6182 5936 7
6184 4750 7
6185 5918 7
6185 6120 7
6185 6121 7
6185 6122 7
6185 822 7
6186 4536 7
6188 6340 7
6189 472 7
6189 6340 7
6190 6189 7
6190 6339 7
6192 1226 7
6193 2833 7
6194 1971 7
6194 6301 7
6195 6196 7
6197 3380 7
6197 4391 7
6197 6198 7
6197 6199 7
6198 6199 7
6198 6241 7
6199 6215 7
6199 6241 7
6199 6323 7
62 48 7
62 64 7
62 79 7
62 910 7
620 4896 7
620 513 7
6200 2557 7
6200 3116 7
6201 6202 7
6203 3831 7
6204 6205 7
6206 6536 7
6207 2713 7
6209 6165 7
6209 6210 7
6209 6334 7
621 172 7
621 1927 7
621 1963 7
621 1963 7
621 2330 7
621 251 7
621 3215 7
621 330 7
621 3633 7
621 364 7
621 3873 7
621 467 7
621 494 7
621 801 7
621 9 7
621 983 7
6210 4673 7
6210 6235 7
6211 6408 7
6211 6409 7
6212 5163 7
6213 4612 7
6214 4471 7
6214 707 7
6215 3380 7
6215 4471 7
6215 6197 7
6215 6323 7
6215 707 7
6216 5344 7
6217 6218 7
6218 5852 7
6219 6220 7
622 1081 7
622 1117 7
622 151 7
622 1881 7
622 3200 7
622 3348 7
622 3429 7
622 507 7
6221 4667 7
6221 4705 7
6222 1206 7
6222 6083 7
6223 3956 7
6225 2349 7
6225 6353 7
6226 6473 7
6226 6499 7
6228 898 7
6229 6230 7
6229 6231 7
623 1054 7
623 1141 7
623 127 7
623 2391 7
623 272 7
623 3189 7
623 3215 7
623 3326 7
623 334 7
623 371 7
623 383 7
623 421 7
623 4303 7
623 476 7
623 563 7
623 720 7
623 833 7
623 849 7
6230 6196 7
6230 6290 7
6230 6494 7
6230 6524 7
6231 6230 7
6231 6372 7
6233 6234 7
6234 1518 7
6234 6367 7
6235 581 7
6235 851 7
6236 4013 7
6236 6219 7
6236 6237 7
6238 6239 7
6240 127 7
6241 6051 7
6241 6215 7
6241 6323 7
6241 6437 7
6242 6243 7
6242 6244 7
6243 3521 7
6243 4098 7
6243 4344 7
6243 6249 7
6244 6243 7
6244 6449 7
6245 6127 7
6245 6246 7
6246 577 7
6246 6334 7
6248 34 7
6249 4098 7
6249 6358 7
625 405 7
625 6189 7
625 6339 7
6250 4265 7
6251 6252 7
6253 3784 7
6253 6254 7
6253 6255 7
6253 6256 7
6254 1366 7
6254 1672 7
6254 3784 7
6254 6255 7
6254 6256 7
6255 1366 7
6255 1672 7
6255 6256 7
6256 1366 7
6256 1672 7
6257 3993 7
6257 6258 7
6258 3490 7
6258 585 7
6258 6219 7
6259 1052 7
6259 183 7
626 2143 7
626 3137 7
626 3225 7
6260 6261 7
6262 4211 7
6263 3957 7
6263 4340 7
6263 5977 7
6265 6266 7
6266 6551 7
6267 6268 7
6268 3681 7
6269 4563 7
6271 4598 7
6272 4760 7
6273 1797 7
6274 2898 7
6274 318 7
6274 3829 7
6275 822 7
6276 6510 7
6276 822 7
6277 3957 7
6277 6263 7
6278 3385 7
6278 3902 7
6278 5366 7
6279 3870 7
6280 825 7
6281 662 7
6283 2430 7
6287 5785 7
6289 3946 7
6290 6229 7
6290 6231 7
6290 6291 7
6291 6229 7
6291 6230 7
6292 298 7
6293 2177 7
6293 3665 7
6294 1584 7
6294 5628 7
6295 3808 7
6295 4763 7
6295 6296 7
6296 3808 7
6297 6237 7
6298 6299 7
6300 1164 7
6300 6194 7
6300 6301 7
6302 2824 7
6302 2825 7
6304 1044 7
6304 1230 7
6304 3014 7
6304 5887 7
6305 1598 7
6306 1307 7
6306 1842 7
6307 1076 7
6307 376 7
6308 4850 7
6309 6310 7
631 285 7
631 3672 7
631 3844 7
6311 6312 7
6312 6225 7
6312 6487 7
6313 3839 7
6315 1137 7
6315 2670 7
6316 6317 7
6317 473 7
6317 6376 7
6318 6319 7
6318 6320 7
6318 6321 7
632 4006 7
632 4700 7
6321 488 7
6323 3380 7
6323 4391 7
6323 6198 7
6324 5310 7
6325 721 7
6328 1150 7
6329 4576 7
633 1566 7
6330 1818 7
6330 4757 7
6331 2765 7
6333 4760 7
6333 4774 7
6334 577 7
6335 5847 7
6336 5859 7
6337 6052 7
6338 6401 7
6338 6402 7
6339 472 7
6339 6188 7
6339 6340 7
634 3348 7
6340 405 7
6340 472 7
6340 6190 7
6340 625 7
6341 2780 7
6342 1153 7
6343 6344 7
6345 6233 7
6347 3084 7
6348 2795 7
6349 1974 7
6349 6297 7
6349 6350 7
635 1108 7
635 1108 7
635 1181 7
635 211 7
635 211 7
635 2574 7
635 2574 7
635 3873 7
635 3884 7
635 412 7
635 412 7
635 42 7
635 421 7
635 439 7
635 537 7
635 737 7
635 79 7
635 98 7
6350 1974 7
6350 3993 7
6352 3902 7
6352 6353 7
6353 1129 7
6353 3385 7
6353 3902 7
6354 3771 7
6355 2713 7
6355 3155 7
6355 521 7
6355 6192 7
6355 6356 7
6356 3586 7
6356 4813 7
6356 863 7
6357 335 7
6357 3473 7
6358 3521 7
6358 4246 7
6358 5862 7
6358 5976 7
6359 3762 7
636 4076 7
6361 6298 7
6362 5138 7
6363 521 7
6364 4461 7
6365 4075 7
6366 2465 7
6366 3101 7
6367 6404 7
6368 1042 7
6368 1580 7
6368 6369 7
6369 1042 7
637 1088 7
637 1323 7
637 133 7
637 1489 7
637 160 7
637 1885 7
637 1927 7
637 2023 7
637 2316 7
637 2336 7
637 3062 7
637 333 7
637 4063 7
637 4215 7
637 4995 7
637 552 7
637 659 7
637 673 7
637 685 7
637 741 7
637 921 7
6370 5729 7
6372 6229 7
6372 6290 7
6372 6291 7
6373 6374 7
6375 1853 7
6375 395 7
6377 4327 7
6378 6344 7
6379 6380 7
638 3602 7
638 4595 7
638 639 7
638 778 7
6381 5716 7
6381 6382 7
6383 2192 7
6384 194 7
6385 4691 7
6386 6387 7
6386 6388 7
6388 1044 7
6388 2635 7
6388 4812 7
6388 6312 7
6389 4012 7
639 2655 7
6390 4250 7
6391 2012 7
6391 4068 7
6392 1307 7
6393 5667 7
6394 6326 7
6395 4451 7
6397 2655 7
6397 3953 7
6397 6398 7
6398 1087 7
6399 888 7
64 1160 7
64 1294 7
64 138 7
64 229 7
64 257 7
64 327 7
64 3456 7
64 3611 7
64 3708 7
64 4082 7
64 487 7
64 5945 7
64 77 7
64 910 7
64 956 7
640 3542 7
640 4779 7
640 778 7
6403 6453 7
6404 6345 7
6405 2075 7
6407 4773 7
6408 6476 7
6409 5820 7
6409 6408 7
6409 6476 7
641 1818 7
641 4382 7
641 971 7
6410 4068 7
6410 4722 7
6411 1064 7
6414 3266 7
6414 4125 7
6415 5762 7
6416 1580 7
6418 6484 7
6419 3622 7
642 2229 7
642 3260 7
642 5940 7
6420 6421 7
6421 2707 7
6421 6224 7
6421 6271 7
6422 6260 7
6423 4611 7
6424 585 7
6425 6426 7
6427 6345 7
6427 6404 7
6428 5907 7
643 126 7
643 4106 7
643 447 7
643 4774 7
643 773 7
643 816 7
6430 414 7
6431 6060 7
6432 3116 7
6433 4265 7
6434 6435 7
6435 6554 7
6436 6332 7
6437 6051 7
6437 6215 7
6439 825 7
644 1235 7
644 4487 7
644 5924 7
644 677 7
644 789 7
644 882 7
6440 4603 7
6441 6442 7
6442 1847 7
6442 6261 7
6444 5520 7
6445 6370 7
6446 1128 7
6447 1836 7
6447 208 7
6448 4012 7
6448 6389 7
6450 1518 7
6450 6451 7
6452 6394 7
6454 5821 7
6456 3995 7
6457 4120 7
6458 6459 7
646 1348 7
646 1498 7
646 2793 7
646 2811 7
646 3232 7
646 3973 7
646 3988 7
646 4160 7
646 4182 7
646 4304 7
646 4840 7
646 5399 7
646 609 7
646 825 7
6461 3490 7
6461 3532 7
6461 4004 7
6461 585 7
6461 6257 7
6462 2193 7
6462 3035 7
6463 1187 7
6464 6496 7
6468 6330 7
6469 5889 7
6469 6308 7
647 1820 7
647 2883 7
647 700 7
647 774 7
6470 369 7
6471 6370 7
6473 2983 7
6473 4578 7
6474 5952 7
6475 4897 7
6475 4934 7
6476 6211 7
6477 6527 7
6477 6531 7
648 5870 7
6481 227 7
6482 6483 7
6484 2173 7
6484 3307 7
6485 5952 7
6485 6429 7
6485 6474 7
6487 2898 7
6488 6489 7
649 1220 7
649 1820 7
649 2363 7
649 272 7
649 2883 7
649 3608 7
649 701 7
6492 2179 7
6492 6222 7
6493 4737 7
6494 6231 7
6494 6291 7
6495 6290 7
6495 6372 7
6495 6494 7
6496 4811 7
6497 2290 7
6497 3698 7
6498 3957 7
6499 6269 7
65 239 7
65 3272 7
65 460 7
65 5252 7
65 73 7
65 741 7
6500 6203 7
6501 3457 7
6502 6503 7
6503 2048 7
6503 6003 7
6507 6508 7
6509 3766 7
651 1102 7
651 5830 7
651 657 7
6510 4576 7
6510 6347 7
6510 6355 7
6512 1696 7
6512 1986 7
6512 6155 7
6512 995 7
6513 6309 7
6515 2758 7
6516 3839 7
6516 6517 7
6518 134 7
652 1079 7
652 2090 7
652 3013 7
652 3154 7
652 3647 7
652 651 7
652 654 7
6520 2142 7
6522 3112 7
6523 6230 7
6525 6040 7
6525 6526 7
6527 4837 7
6528 1231 7
6528 44 7
653 130 7
653 2090 7
653 30 7
653 330 7
653 3772 7
653 455 7
653 654 7
653 731 7
653 98 7
6530 6204 7
6536 195 7
6538 6539 7
654 30 7
654 3647 7
654 476 7
654 4839 7
654 652 7
654 655 7
654 657 7
6540 6541 7
6542 4009 7
6543 358 7
6544 1307 7
6545 3106 7
6546 6547 7
6548 6441 7
6549 5723 7
655 2749 7
6550 4603 7
6553 953 7
656 1308 7
656 2722 7
656 2723 7
656 383 7
656 414 7
656 721 7
657 2090 7
657 3647 7
657 4243 7
657 4843 7
657 5985 7
657 6152 7
659 1025 7
659 1027 7
659 1117 7
659 1160 7
659 130 7
659 1925 7
659 2196 7
659 235 7
659 239 7
659 2647 7
659 3018 7
659 3018 7
659 3018 7
659 3073 7
659 3215 7
659 3240 7
659 330 7
659 330 7
659 337 7
659 393 7
659 3999 7
659 467 7
659 53 7
659 561 7
659 580 7
659 673 7
659 822 7
659 913 7
66 1063 7
66 1066 7
66 1202 7
66 1523 7
66 1791 7
66 2005 7
66 2380 7
66 2399 7
66 2677 7
66 3108 7
66 3326 7
66 337 7
66 3448 7
66 3608 7
66 710 7
66 749 7
66 787 7
66 849 7
661 1044 7
661 1064 7
661 4812 7
661 6304 7
662 1545 7
662 3832 7
662 5979 7
662 5990 7
663 4277 7
663 4839 7
663 674 7
664 1095 7
664 169 7
664 2734 7
666 1710 7
668 3135 7
669 3037 7
670 189 7
670 2676 7
670 2755 7
670 3326 7
670 360 7
670 403 7
670 4445 7
670 455 7
670 461 7
670 960 7
670 987 7
671 1397 7
671 1479 7
671 710 7
672 1289 7
672 1362 7
672 2361 7
672 3842 7
673 1008 7
673 1013 7
673 1025 7
673 1027 7
673 138 7
673 1564 7
673 1674 7
673 2006 7
673 3018 7
673 3018 7
673 3044 7
673 3520 7
673 468 7
673 5219 7
673 623 7
673 659 7
673 685 7
673 833 7
674 3647 7
674 4662 7
674 4662 7
674 4843 7
674 5985 7
674 651 7
675 773 7
676 4087 7
676 5495 7
676 6484 7
676 731 7
677 1210 7
677 2166 7
677 4548 7
677 692 7
681 1361 7
681 3623 7
681 3645 7
681 4846 7
684 1216 7
684 188 7
684 3085 7
684 3865 7
684 444 7
684 545 7
684 838 7
685 108 7
685 1081 7
685 1308 7
685 1408 7
685 1588 7
685 160 7
685 1645 7
685 2466 7
685 2986 7
685 3050 7
685 333 7
685 3443 7
685 393 7
685 5417 7
686 1357 7
686 1385 7
686 1459 7
686 1459 7
686 3346 7
686 3795 7
686 653 7
687 1025 7
687 3124 7
687 3199 7
687 3326 7
687 412 7
687 4211 7
688 1175 7
689 1234 7
690 1054 7
690 2005 7
690 2296 7
690 2711 7
691 1054 7
691 3575 7
691 5668 7
691 746 7
692 2426 7
692 455 7
692 971 7
693 973 7
694 2022 7
695 3452 7
695 3477 7
696 3448 7
696 697 7
696 737 7
697 2040 7
697 3477 7
698 3654 7
70 1527 7
700 1541 7
700 1541 7
700 2142 7
700 337 7
700 4139 7
700 701 7
700 949 7
701 120 7
701 1541 7
701 2883 7
701 2885 7
701 4947 7
701 647 7
701 749 7
706 1265 7
706 2904 7
706 2905 7
706 4971 7
706 681 7
706 76 7
706 889 7
707 3990 7
707 4304 7
707 4471 7
707 4471 7
707 646 7
708 2056 7
709 3126 7
71 1054 7
71 1231 7
71 260 7
710 1066 7
710 1151 7
710 161 7
710 1674 7
710 1763 7
710 1871 7
710 188 7
710 2335 7
710 242 7
710 246 7
710 327 7
710 4830 7
710 5277 7
710 5282 7
710 931 7
712 102 7
712 130 7
712 6240 7
713 83 7
715 1230 7
715 1881 7
715 3151 7
715 5960 7
715 5961 7
715 6217 7
715 664 7
715 789 7
72 4656 7
720 1027 7
720 124 7
720 164 7
720 2711 7
720 3098 7
720 337 7
720 393 7
720 447 7
720 4487 7
720 659 7
720 673 7
721 1044 7
721 12 7
721 1200 7
721 14 7
721 201 7
721 246 7
721 299 7
721 3940 7
721 456 7
721 53 7
721 641 7
722 4724 7
722 4725 7
722 4765 7
722 5434 7
725 1777 7
725 2055 7
725 2134 7
725 2233 7
725 3215 7
725 3548 7
725 4283 7
725 4284 7
725 4771 7
725 543 7
725 731 7
725 803 7
728 1117 7
728 126 7
728 1750 7
728 3077 7
728 684 7
728 731 7
73 583 7
731 1597 7
731 2170 7
731 2319 7
731 257 7
731 30 7
731 3215 7
731 3429 7
731 4087 7
731 4487 7
731 4594 7
731 468 7
731 476 7
731 4854 7
731 4855 7
731 53 7
731 543 7
731 56 7
731 654 7
731 671 7
731 673 7
731 710 7
731 720 7
731 840 7
731 92 7
733 3189 7
733 466 7
733 477 7
733 522 7
734 6218 7
734 6338 7
734 715 7
736 1083 7
736 1751 7
736 1926 7
736 2240 7
736 3124 7
736 3934 7
736 418 7
736 872 7
737 5909 7
737 5983 7
737 635 7
738 2722 7
739 185 7
739 1985 7
739 2901 7
739 295 7
739 447 7
74 130 7
74 14 7
74 1597 7
74 193 7
74 235 7
74 2714 7
74 2796 7
74 4058 7
74 4515 7
74 456 7
74 4616 7
74 4703 7
74 4820 7
74 561 7
74 753 7
740 6055 7
741 1232 7
741 1294 7
741 1482 7
741 187 7
741 2143 7
741 239 7
741 257 7
741 2653 7
741 3001 7
741 3608 7
741 364 7
741 3825 7
741 456 7
741 51 7
741 536 7
741 742 7
741 983 7
742 1035 7
742 1080 7
742 1489 7
742 1711 7
742 2242 7
742 237 7
742 337 7
742 357 7
742 412 7
742 416 7
742 453 7
742 460 7
742 552 7
742 566 7
742 913 7
743 3189 7
743 466 7
743 522 7
743 5973 7
744 2379 7
744 513 7
744 987 7
745 3919 7
746 1190 7
746 1985 7
746 2739 7
746 3991 7
746 4130 7
747 1473 7
747 1701 7
747 3021 7
747 3623 7
747 3641 7
747 5417 7
748 1057 7
748 1179 7
748 1985 7
748 2739 7
748 287 7
748 2934 7
748 299 7
748 3900 7
748 497 7
748 673 7
748 731 7
749 120 7
749 1820 7
749 2296 7
749 5029 7
749 806 7
75 1719 7
75 3299 7
75 74 7
750 158 7
750 394 7
750 796 7
750 819 7
752 1180 7
752 1983 7
752 2647 7
752 334 7
752 337 7
752 393 7
752 659 7
753 1460 7
753 1609 7
753 2221 7
753 3189 7
753 3312 7
753 3524 7
753 3540 7
753 3592 7
753 3978 7
753 4421 7
753 473 7
753 508 7
753 508 7
754 1283 7
754 2570 7
754 4751 7
756 557 7
759 1398 7
759 188 7
759 2749 7
759 4839 7
759 655 7
76 3736 7
76 4971 7
760 285 7
760 677 7
761 2157 7
761 4748 7
763 3477 7
763 770 7
766 1224 7
766 4180 7
767 1075 7
767 1820 7
767 1831 7
767 1836 7
767 5806 7
769 4906 7
769 5029 7
769 5060 7
769 767 7
77 138 7
77 207 7
77 229 7
77 62 7
770 795 7
771 165 7
771 752 7
772 640 7
773 2211 7
773 2247 7
773 2515 7
773 4357 7
773 4357 7
773 799 7
774 2075 7
774 337 7
775 1254 7
775 352 7
775 4309 7
775 4862 7
775 4867 7
775 6006 7
775 6010 7
775 6512 7
775 995 7
777 1645 7
777 2489 7
777 3240 7
777 3443 7
777 4064 7
777 5264 7
777 5344 7
777 622 7
778 1695 7
778 1881 7
778 201 7
778 4141 7
778 4648 7
778 4776 7
778 6070 7
778 715 7
778 721 7
778 950 7
778 971 7
78 1911 7
78 4856 7
78 6034 7
783 1415 7
783 1880 7
783 1903 7
784 2361 7
784 4194 7
784 4194 7
787 1202 7
787 157 7
787 165 7
787 2348 7
787 2359 7
787 337 7
787 610 7
788 1687 7
788 3951 7
789 1072 7
789 12 7
789 1210 7
789 1408 7
789 2090 7
789 2134 7
789 2170 7
789 2655 7
789 285 7
789 337 7
789 3533 7
789 421 7
789 4487 7
789 476 7
789 586 7
789 653 7
789 870 7
79 229 7
79 257 7
79 371 7
79 5724 7
79 64 7
79 77 7
792 1206 7
792 485 7
792 5635 7
793 3372 7
793 4332 7
793 448 7
793 5497 7
795 2040 7
795 2041 7
795 5983 7
795 6400 7
796 164 7
796 1854 7
796 3566 7
798 1498 7
798 1819 7
798 3556 7
798 3623 7
798 3789 7
799 197 7
799 2177 7
799 3665 7
799 4071 7
801 1108 7
801 13 7
801 1529 7
801 1791 7
801 1791 7
801 257 7
801 280 7
801 3215 7
801 371 7
801 455 7
801 467 7
801 503 7
801 53 7
801 538 7
801 580 7
801 621 7
801 789 7
801 98 7
803 112 7
803 1613 7
803 1711 7
803 2304 7
803 2765 7
803 2840 7
803 3124 7
803 447 7
803 468 7
803 468 7
803 5342 7
803 5650 7
803 5819 7
803 849 7
803 92 7
803 950 7
803 950 7
806 120 7
806 1221 7
806 1221 7
806 165 7
806 185 7
806 2084 7
806 3696 7
806 649 7
807 3 7
807 4379 7
807 89 7
807 91 7
807 925 7
808 1051 7
808 1615 7
808 4003 7
808 4512 7
810 4465 7
810 5356 7
811 5164 7
815 1057 7
815 1408 7
815 1615 7
815 3021 7
815 4796 7
815 5219 7
815 89 7
816 1197 7
816 2851 7
816 3278 7
816 3782 7
816 692 7
816 904 7
817 189 7
817 3548 7
817 946 7
818 1241 7
819 796 7
82 1125 7
82 128 7
82 2195 7
82 2765 7
82 4211 7
82 4244 7
82 6396 7
822 188 7
822 2309 7
822 3312 7
822 3524 7
822 3990 7
822 443 7
822 4616 7
822 4703 7
822 4815 7
822 5918 7
822 6019 7
822 74 7
824 3520 7
824 4089 7
825 1180 7
825 164 7
825 2741 7
825 3921 7
825 393 7
825 4057 7
825 4182 7
825 593 7
825 6288 7
825 6289 7
826 2791 7
826 3182 7
826 4211 7
826 4338 7
826 4880 7
827 1175 7
827 1180 7
827 1181 7
827 2392 7
827 2392 7
827 3900 7
827 3919 7
827 4780 7
828 1088 7
828 1313 7
828 1480 7
828 1578 7
828 1733 7
828 2376 7
828 3271 7
828 731 7
829 1498 7
829 4340 7
83 127 7
83 3102 7
830 2722 7
830 3195 7
830 3540 7
830 4493 7
831 2000 7
831 3271 7
831 437 7
831 5568 7
831 5697 7
831 777 7
832 4798 7
832 4799 7
832 521 7
832 6314 7
833 1166 7
833 1214 7
833 165 7
833 1822 7
833 2341 7
833 272 7
833 3073 7
833 3372 7
833 362 7
833 4487 7
833 720 7
833 913 7
834 2173 7
834 3303 7
835 6418 7
838 3465 7
838 3524 7
838 4153 7
838 416 7
838 4574 7
838 4817 7
84 4821 7
84 5995 7
840 4854 7
840 524 7
843 1179 7
843 1387 7
843 3933 7
844 1348 7
844 328 7
844 3498 7
844 4707 7
844 4708 7
844 4787 7
847 3305 7
847 3518 7
847 3862 7
847 4683 7
847 684 7
848 361 7
849 1013 7
849 1108 7
849 1308 7
849 1928 7
849 2836 7
849 3645 7
849 3873 7
849 3934 7
849 418 7
849 563 7
85 1403 7
85 3380 7
85 4775 7
851 3529 7
851 3534 7
851 3710 7
851 3993 7
851 4801 7
851 577 7
851 577 7
851 6246 7
851 646 7
852 4752 7
852 537 7
853 496 7
855 2089 7
855 256 7
859 4282 7
859 4852 7
86 4105 7
860 1908 7
860 2317 7
860 304 7
860 447 7
860 89 7
861 31 7
861 4487 7
861 462 7
861 5071 7
862 1791 7
862 2055 7
862 2836 7
862 371 7
862 3884 7
862 421 7
862 586 7
862 98 7
863 2796 7
863 4028 7
863 6464 7
863 6465 7
864 5090 7
868 2322 7
868 2326 7
868 3855 7
868 4987 7
870 2723 7
870 626 7
871 1282 7
871 352 7
871 4865 7
872 2055 7
872 214 7
872 4558 7
872 4771 7
872 4921 7
872 6037 7
872 803 7
873 2310 7
873 4558 7
873 4932 7
873 872 7
876 1282 7
876 3791 7
876 4309 7
876 5988 7
879 2376 7
879 42 7
879 4855 7
88 1470 7
88 3021 7
88 3058 7
88 3204 7
88 340 7
88 933 7
880 1371 7
880 1938 7
880 3120 7
880 352 7
880 3737 7
880 394 7
880 4740 7
882 285 7
882 3023 7
882 789 7
883 2051 7
885 1597 7
885 1711 7
885 2304 7
885 3124 7
885 4854 7
885 4855 7
885 5162 7
885 5301 7
885 840 7
885 950 7
885 983 7
886 1728 7
886 835 7
889 4919 7
89 1007 7
89 1501 7
89 1966 7
89 3642 7
89 455 7
89 497 7
89 741 7
89 793 7
89 807 7
891 1166 7
891 1169 7
891 1192 7
891 171 7
891 234 7
891 3934 7
893 196 7
893 298 7
893 4171 7
893 4901 7
897 3559 7
897 3695 7
899 5356 7
899 5614 7
899 810 7
9 330 7
9 3524 7
90 2765 7
900 2132 7
900 435 7
900 4942 7
901 5046 7
902 2426 7
902 2536 7
904 2681 7
906 5241 7
91 104 7
91 1829 7
91 2372 7
91 4001 7
91 807 7
91 807 7
910 1056 7
910 138 7
910 207 7
913 1117 7
913 1548 7
913 207 7
913 2317 7
913 237 7
913 447 7
913 4487 7
913 605 7
913 623 7
913 656 7
913 687 7
913 789 7
914 1184 7
914 1548 7
914 1597 7
914 2370 7
914 2888 7
914 3608 7
914 3680 7
914 3774 7
914 3789 7
914 4781 7
915 2703 7
915 289 7
915 449 7
916 6270 7
92 1066 7
92 130 7
92 157 7
92 1719 7
92 1791 7
92 1791 7
92 327 7
92 36 7
92 364 7
92 456 7
92 635 7
92 725 7
92 862 7
92 98 7
920 999 7
921 1103 7
921 1557 7
921 1615 7
921 1925 7
921 3147 7
921 5191 7
921 5522 7
922 1440 7
925 1501 7
925 807 7
927 1750 7
927 2349 7
928 1665 7
928 1711 7
928 1728 7
928 2840 7
928 3645 7
928 3675 7
928 448 7
928 468 7
928 516 7
928 5424 7
928 950 7
929 362 7
929 5372 7
929 777 7
93 1421 7
93 5945 7
930 747 7
931 1416 7
933 166 7
933 2929 7
933 360 7
933 88 7
933 941 7
935 3048 7
936 1972 7
936 3982 7
936 621 7
939 200 7
941 122 7
941 2079 7
941 2379 7
941 3357 7
941 997 7
943 5170 7
945 4435 7
945 4552 7
946 189 7
946 2101 7
946 259 7
946 2791 7
946 3548 7
946 626 7
948 199 7
950 171 7
950 1926 7
950 2240 7
950 2370 7
950 3124 7
950 3679 7
950 3927 7
950 4050 7
950 4050 7
950 4096 7
950 440 7
950 4648 7
950 4649 7
950 494 7
950 610 7
950 637 7
950 736 7
950 803 7
950 879 7
950 928 7
953 5943 7
953 687 7
953 794 7
953 799 7
954 1189 7
954 3697 7
954 3857 7
955 1160 7
955 242 7
955 298 7
956 1118 7
956 1729 7
956 174 7
956 2023 7
956 2746 7
956 278 7
956 3598 7
956 452 7
956 6125 7
956 6126 7
956 637 7
957 1535 7
957 2607 7
957 3393 7
957 589 7
958 3961 7
958 5534 7
959 2 7
959 4060 7
96 1387 7
96 3973 7
96 3978 7
96 4806 7
96 4807 7
96 5225 7
96 5308 7
960 1503 7
960 283 7
960 3888 7
960 4338 7
960 463 7
960 464 7
960 593 7
963 581 7
965 5273 7
968 202 7
97 1257 7
97 1887 7
97 2253 7
97 237 7
97 4857 7
97 924 7
971 1063 7
971 184 7
971 2574 7
971 3326 7
971 3558 7
971 3774 7
971 605 7
971 734 7
971 819 7
973 364 7
975 300 7
98 1179 7
98 13 7
98 1548 7
98 1791 7
98 1927 7
98 2224 7
98 2391 7
98 2574 7
98 2574 7
98 3083 7
98 3884 7
98 421 7
98 439 7
98 447 7
98 458 7
98 580 7
98 586 7
98 635 7
98 706 7
98 803 7
98 862 7
982 4245 7
982 6214 7
982 6215 7
982 707 7
983 1202 7
983 14 7
983 172 7
983 2 7
983 207 7
983 257 7
983 2574 7
983 330 7
983 3316 7
983 337 7
983 3524 7
983 36 7
983 455 7
983 9 7
983 950 7
987 189 7
987 189 7
987 3549 7
987 513 7
987 670 7
987 960 7
989 1056 7
989 1438 7
989 1927 7
989 1981 7
989 2207 7
989 2373 7
989 2867 7
989 3230 7
989 4018 7
989 4733 7
989 580 7
989 66 7
991 1026 7
991 1131 7
991 1412 7
991 1501 7
991 3021 7
991 5187 7
993 1503 7
993 2765 7
993 659 7
993 991 7
995 1696 7
995 3120 7
995 6066 7
995 6155 7
995 775 7
997 166 7
999 177 7
999 576 7
1000 2166 8
1005 1131 8
1005 2464 8
1005 416 8
1005 462 8
1007 242 8
1007 3215 8
1007 510 8
1009 2177 8
1009 3563 8
1009 4210 8
1009 4293 8
1009 670 8
101 3132 8
101 5831 8
101 6605 8
1012 1297 8
1012 4648 8
1012 6561 8
1012 759 8
1013 1079 8
1013 1095 8
1016 4269 8
1016 721 8
1017 4757 8
1018 6602 8
102 86 8
1021 1226 8
1023 6816 8
1023 6827 8
1025 3189 8
1025 371 8
1025 476 8
1025 53 8
1025 563 8
1025 635 8
1025 635 8
1025 983 8
1027 1057 8
1027 1244 8
1027 4771 8
1027 736 8
1029 1973 8
1029 3869 8
1029 4130 8
1031 1184 8
1035 108 8
1035 579 8
1038 163 8
1038 2994 8
1039 227 8
1039 47 8
1039 715 8
104 1362 8
104 197 8
104 199 8
104 222 8
104 2731 8
104 4778 8
104 965 8
1042 6337 8
1042 6957 8
1044 1580 8
1044 183 8
1044 4333 8
1044 4648 8
1044 6132 8
1044 721 8
1045 5122 8
1055 1070 8
1055 133 8
1055 25 8
1056 1180 8
1056 1985 8
1056 2002 8
1056 334 8
1056 416 8
1056 4461 8
1056 5569 8
1056 5655 8
1056 6691 8
1056 7197 8
1057 14 8
1057 2006 8
1057 3533 8
1057 3728 8
1057 4291 8
1057 448 8
1057 573 8
1057 6741 8
1058 1123 8
1058 268 8
106 1327 8
106 213 8
106 5850 8
1062 1102 8
1062 239 8
1063 220 8
1063 3023 8
1066 1585 8
1066 1623 8
1066 2984 8
1066 4616 8
1067 2670 8
107 355 8
1070 1120 8
1070 1294 8
1070 14 8
1070 1796 8
1070 187 8
1070 440 8
1070 455 8
1070 621 8
1070 6354 8
1070 759 8
1073 541 8
1079 1911 8
1079 5975 8
1079 7154 8
108 2349 8
108 2819 8
108 321 8
108 3645 8
108 4512 8
108 61 8
1081 1131 8
1081 1504 8
1081 1689 8
1081 1908 8
1081 3538 8
1081 3951 8
1081 47 8
1081 5370 8
1081 637 8
1081 6738 8
1081 893 8
1082 1424 8
1082 2888 8
1082 4283 8
1082 466 8
1082 4751 8
1082 4771 8
1082 872 8
1083 4459 8
1086 1853 8
1086 2952 8
1088 177 8
1088 2316 8
109 215 8
109 2819 8
109 2819 8
109 339 8
109 340 8
109 4200 8
109 448 8
109 4804 8
109 59 8
109 7227 8
1090 1234 8
1090 2437 8
1090 3575 8
1090 690 8
1091 1150 8
1091 4324 8
1091 4812 8
1091 5250 8
1091 721 8
1092 641 8
1092 657 8
1095 1055 8
1095 3707 8
1095 3808 8
1095 4059 8
1095 6286 8
1095 756 8
1098 1568 8
1098 219 8
1098 3063 8
1098 3460 8
1098 3562 8
1099 1194 8
1100 1231 8
1100 1951 8
1100 5122 8
1100 6931 8
1100 882 8
1102 246 8
1102 6005 8
1103 4536 8
1108 13 8
1108 1791 8
1108 2574 8
1108 280 8
1108 983 8
1109 240 8
1109 4107 8
111 3586 8
111 4058 8
111 4513 8
111 4807 8
111 5359 8
111 5951 8
1116 1127 8
1117 275 8
1117 725 8
1118 1410 8
1118 4239 8
112 1245 8
112 1403 8
112 2718 8
112 2718 8
112 2723 8
112 3018 8
112 3312 8
112 3312 8
112 414 8
112 53 8
112 684 8
112 753 8
112 842 8
1121 3109 8
1125 408 8
1125 882 8
1127 1139 8
1127 1861 8
1128 6931 8
113 104 8
113 171 8
113 2259 8
113 2996 8
113 3423 8
113 3534 8
113 3985 8
113 4656 8
113 5191 8
113 5407 8
113 6930 8
113 72 8
1131 1854 8
1131 1908 8
1131 1924 8
1131 2006 8
1131 4410 8
1131 47 8
1132 3200 8
1134 408 8
1134 4837 8
1134 6125 8
1137 1055 8
1137 192 8
1137 3729 8
114 3105 8
114 3506 8
114 3506 8
114 3515 8
114 38 8
114 46 8
114 5914 8
114 5998 8
114 7060 8
1140 5035 8
1140 5122 8
1143 4537 8
1143 6342 8
1148 3150 8
1148 3344 8
1148 3416 8
1148 4001 8
115 178 8
115 213 8
115 222 8
115 2724 8
1153 287 8
1153 4837 8
1166 2892 8
1166 4862 8
1166 536 8
1167 1245 8
1167 1911 8
1167 3018 8
1167 3884 8
1169 1184 8
1169 2040 8
1169 25 8
1169 3135 8
1169 4776 8
1169 538 8
1169 6627 8
1169 683 8
1171 6874 8
1174 1996 8
1174 4887 8
1174 6687 8
1174 871 8
1175 3504 8
1177 1056 8
1177 1566 8
1177 260 8
1177 3083 8
1177 466 8
1179 1090 8
1179 165 8
1179 2007 8
1179 3159 8
1179 376 8
1179 449 8
1179 5138 8
118 2522 8
1180 36 8
1180 400 8
1180 446 8
1180 574 8
1182 4178 8
1182 4980 8
1182 6827 8
1182 745 8
1183 1188 8
1183 3244 8
1183 3267 8
1183 3695 8
1183 4112 8
1183 848 8
1184 2143 8
1184 352 8
1184 3535 8
1184 4309 8
1184 4473 8
1184 4473 8
1184 6605 8
1184 7163 8
1184 971 8
1187 3609 8
1187 530 8
1187 633 8
1187 7262 8
1188 3267 8
1188 3293 8
1188 3293 8
1188 4126 8
1188 6085 8
1188 848 8
1188 848 8
1190 1179 8
1190 1218 8
1190 1234 8
1190 1968 8
1190 3740 8
1194 171 8
1194 435 8
1195 3073 8
1195 357 8
1195 3849 8
1196 1148 8
1196 1975 8
1196 2682 8
1196 3079 8
1196 3409 8
1196 3409 8
1196 3416 8
1196 3416 8
1196 3900 8
1196 538 8
1196 5908 8
1197 6775 8
1199 1206 8
1199 3571 8
12 1177 8
12 174 8
12 3024 8
12 357 8
1200 1017 8
1200 1039 8
1200 1067 8
1200 224 8
1200 224 8
1200 25 8
1200 6354 8
1200 7096 8
1200 759 8
1201 2011 8
1201 2373 8
1201 3023 8
1201 3083 8
1201 3441 8
1201 3533 8
1201 372 8
1201 552 8
1201 6555 8
1201 6821 8
1201 959 8
1202 1975 8
1202 3108 8
1203 6307 8
1205 1029 8
1206 7069 8
1209 3956 8
1209 5532 8
1209 6754 8
121 394 8
121 6584 8
1210 5940 8
1210 773 8
1212 1846 8
1212 2677 8
1212 4628 8
1213 1237 8
1213 748 8
1214 2305 8
1216 444 8
1216 530 8
1216 5928 8
1216 633 8
1216 7262 8
1218 2711 8
1218 3504 8
1219 1542 8
122 1232 8
122 189 8
122 2368 8
122 3107 8
1220 3867 8
1221 1206 8
1221 334 8
1221 376 8
1221 516 8
1221 536 8
1222 4761 8
1223 6731 8
1224 5211 8
1224 788 8
1226 138 8
1226 240 8
1226 372 8
1226 456 8
1226 4565 8
1228 1220 8
1229 5804 8
1231 227 8
1231 239 8
1231 246 8
1231 2898 8
1231 4263 8
1231 6132 8
1231 950 8
1232 270 8
1232 3112 8
1232 55 8
1232 946 8
1234 1214 8
1234 1542 8
1234 1985 8
1234 6707 8
1235 1184 8
1235 127 8
1235 2240 8
1235 3126 8
1235 335 8
1235 352 8
1235 352 8
1235 482 8
1235 7020 8
1235 7049 8
1235 773 8
1237 3867 8
1237 6860 8
1237 6978 8
1239 109 8
1239 2819 8
1239 7227 8
124 2143 8
124 538 8
1240 1692 8
1240 2969 8
1240 6825 8
1240 7214 8
1241 3629 8
1241 4768 8
1244 257 8
1244 3544 8
1244 357 8
1244 451 8
1244 605 8
1244 959 8
1245 132 8
1245 234 8
1245 260 8
1245 3108 8
1245 3601 8
1245 3693 8
1245 4379 8
1245 753 8
1247 6256 8
1249 2929 8
1249 3246 8
1249 3523 8
125 5686 8
125 5736 8
1256 662 8
1256 7187 8
1257 2840 8
1257 3229 8
1257 3429 8
1257 471 8
1257 6940 8
1257 853 8
126 1210 8
1265 1280 8
1265 3201 8
1265 3623 8
1265 4205 8
127 1184 8
127 2143 8
127 2238 8
127 335 8
127 971 8
1271 6891 8
1275 4879 8
1278 339 8
128 1280 8
128 130 8
128 1406 8
128 152 8
128 4054 8
128 4542 8
128 5998 8
128 6595 8
128 664 8
128 68 8
128 6983 8
1280 1929 8
1280 4028 8
1280 6157 8
1280 6983 8
1282 1174 8
1282 4303 8
1282 876 8
1283 2521 8
1286 443 8
1286 4594 8
1286 5964 8
1286 6010 8
1290 6544 8
1293 1013 8
1293 1095 8
1294 440 8
1294 440 8
1294 64 8
1295 1303 8
1296 1166 8
1296 2892 8
1296 3168 8
1296 3830 8
1297 1044 8
1297 4333 8
1297 6427 8
1299 1739 8
1299 6577 8
13 1108 8
13 1791 8
13 2574 8
130 1245 8
130 264 8
130 6 8
130 6006 8
1303 4789 8
1307 2310 8
1307 3708 8
1308 2969 8
131 115 8
131 174 8
131 177 8
131 1924 8
131 254 8
131 2730 8
131 576 8
1311 4558 8
1313 1813 8
1313 4735 8
1315 3594 8
132 172 8
132 2366 8
132 237 8
132 2699 8
132 519 8
132 546 8
132 5685 8
132 586 8
1327 2370 8
1327 2447 8
1327 3276 8
1327 4249 8
1327 6581 8
1327 767 8
1328 2680 8
133 1608 8
133 189 8
133 4007 8
133 4054 8
133 4124 8
133 5775 8
1337 5611 8
1352 2232 8
1362 1653 8
1362 4678 8
1362 6566 8
1366 2307 8
1366 3805 8
1366 4115 8
1366 5637 8
1366 6846 8
137 2103 8
137 3458 8
137 3464 8
1370 1553 8
1371 138 8
138 1125 8
138 3654 8
138 4107 8
138 4379 8
1381 5391 8
1386 132 8
1386 6034 8
1387 3371 8
139 3524 8
139 561 8
1398 2614 8
1398 3023 8
1398 5117 8
1398 6109 8
14 1244 8
14 1294 8
14 139 8
14 1566 8
14 3077 8
14 3406 8
14 3989 8
14 414 8
14 414 8
14 53 8
14 621 8
14 64 8
140 3993 8
140 7123 8
1403 1440 8
1403 452 8
1403 4676 8
1403 4702 8
1403 4772 8
1406 2379 8
1406 2916 8
1406 4616 8
1406 6431 8
1410 3879 8
1410 4239 8
1415 248 8
1415 2882 8
1415 3246 8
142 1941 8
142 207 8
142 2681 8
142 3026 8
1421 6173 8
1424 1082 8
1424 4283 8
1424 872 8
1426 7057 8
1428 2783 8
1428 3548 8
1428 3563 8
1428 3878 8
1428 7221 8
1432 608 8
1438 1007 8
1438 2392 8
1438 3934 8
1438 541 8
1438 6294 8
1439 6952 8
1440 2545 8
1440 3091 8
1440 4676 8
1440 4702 8
1440 4772 8
145 1201 8
145 1853 8
145 2263 8
145 3189 8
145 376 8
145 4018 8
145 468 8
145 656 8
1459 1597 8
1459 1869 8
1459 3629 8
1459 4307 8
1460 6617 8
1464 2051 8
147 2040 8
147 214 8
147 223 8
147 3757 8
147 4285 8
1472 109 8
1472 1409 8
1472 4205 8
1482 2079 8
1482 2143 8
1482 3103 8
1482 468 8
1482 507 8
1482 7279 8
1482 997 8
1495 1540 8
1495 4178 8
1495 6827 8
1495 745 8
1495 833 8
1497 3461 8
1498 2718 8
1498 2723 8
1498 4105 8
1498 4204 8
1498 467 8
1498 4707 8
1498 4750 8
1498 5931 8
1498 6949 8
15 6814 8
1501 3490 8
1501 807 8
1501 927 8
1504 3951 8
151 2736 8
151 6562 8
152 114 8
152 4244 8
1522 2957 8
1522 828 8
1525 1597 8
1525 4624 8
1525 652 8
1525 759 8
1527 3091 8
1527 6173 8
1527 6710 8
1529 1025 8
1529 178 8
1529 2008 8
1529 275 8
1529 3540 8
1529 4608 8
1529 476 8
1529 635 8
1529 98 8
1529 983 8
153 3247 8
153 358 8
153 3903 8
153 3919 8
153 552 8
153 91 8
1533 237 8
1533 4834 8
1533 486 8
1533 5249 8
1533 5278 8
1533 6034 8
1536 5430 8
1540 1182 8
1540 6904 8
1541 649 8
1542 1218 8
1542 3381 8
1542 7153 8
1545 7078 8
1546 28 8
1548 2652 8
1548 2677 8
1549 5784 8
155 3754 8
1553 1512 8
1554 7105 8
1556 1256 8
1556 1677 8
1556 2244 8
1556 3300 8
1556 7187 8
1556 7246 8
1556 7247 8
1557 5449 8
1564 2234 8
1564 37 8
1566 1698 8
1566 1973 8
1566 2746 8
1566 308 8
1566 363 8
1566 5497 8
1566 579 8
1566 6691 8
1568 2350 8
1568 375 8
1568 4274 8
1568 4501 8
157 185 8
157 7108 8
157 740 8
157 833 8
1571 1796 8
1571 246 8
1571 3126 8
1571 3776 8
1571 5835 8
1571 657 8
1571 6685 8
1576 1679 8
1578 1819 8
1578 3272 8
1578 549 8
158 3566 8
158 4249 8
158 690 8
1580 1044 8
1584 169 8
1594 1426 8
1594 7034 8
1597 1257 8
1597 3429 8
1597 5650 8
1597 674 8
1597 7207 8
1598 4879 8
1598 849 8
160 369 8
1601 3329 8
1602 7118 8
1608 1585 8
1608 2916 8
1608 2930 8
1609 228 8
1609 2521 8
1609 5191 8
1614 7121 8
162 307 8
162 394 8
162 541 8
162 5497 8
162 7248 8
1621 2038 8
1623 178 8
1623 234 8
1623 237 8
1623 2568 8
1623 2890 8
1623 2988 8
1623 3908 8
1623 4771 8
1623 4932 8
1623 593 8
1623 6152 8
1623 741 8
1624 2143 8
1624 2238 8
1624 352 8
1624 6951 8
1627 1313 8
1627 600 8
1628 6556 8
163 1115 8
163 6692 8
163 890 8
1631 455 8
1631 852 8
1633 5657 8
1634 4307 8
1634 7199 8
164 1057 8
164 157 8
164 385 8
164 740 8
1642 1926 8
1642 2752 8
1645 4054 8
165 185 8
165 3073 8
165 4003 8
165 833 8
1650 2013 8
1650 4887 8
1650 5880 8
1650 5971 8
1650 6066 8
1650 6572 8
1653 1440 8
1653 2450 8
1653 2467 8
1653 3541 8
1653 4054 8
1653 75 8
1658 4305 8
166 108 8
166 1415 8
166 3107 8
166 3204 8
166 347 8
166 3618 8
166 3866 8
1660 1226 8
1660 2103 8
1661 6695 8
1661 6722 8
1668 2429 8
1668 3108 8
1668 4796 8
1668 6823 8
167 102 8
167 114 8
167 1676 8
167 36 8
167 4530 8
167 668 8
1670 3535 8
1670 7277 8
1672 3784 8
1672 6254 8
1672 6539 8
1672 6846 8
1675 1328 8
1675 2817 8
1675 6902 8
1676 1403 8
1676 1440 8
1676 2012 8
1676 223 8
1676 2726 8
1676 2796 8
1676 3120 8
1676 3155 8
1676 4006 8
1676 4542 8
1676 4549 8
1676 4687 8
1676 4702 8
1676 4932 8
1676 7059 8
1677 1459 8
1677 1869 8
1677 3808 8
1677 848 8
1682 721 8
1683 3473 8
1683 3737 8
1684 1082 8
1684 1195 8
1684 1796 8
1684 447 8
1689 1876 8
169 1438 8
169 1623 8
169 178 8
169 2364 8
169 4803 8
169 739 8
1692 133 8
1692 2196 8
1692 2676 8
1692 5052 8
1692 867 8
1692 960 8
1694 6606 8
1698 3219 8
1698 3262 8
1698 339 8
1698 3645 8
1698 4410 8
1698 453 8
17 3189 8
17 3934 8
170 115 8
1701 3406 8
1701 3645 8
1704 5278 8
1704 593 8
1704 595 8
1708 401 8
1709 1174 8
1709 1683 8
1709 2057 8
1709 2888 8
1709 3124 8
1709 4873 8
1709 6687 8
171 2263 8
171 228 8
171 3277 8
171 4758 8
1711 1134 8
1711 1294 8
1711 1482 8
1711 285 8
1711 372 8
1711 496 8
1711 5895 8
1711 879 8
1715 1621 8
1718 1545 8
1719 2230 8
1719 313 8
1719 358 8
172 1025 8
172 2 8
172 2240 8
172 5660 8
172 90 8
1724 6414 8
1739 5198 8
1739 6577 8
1739 6577 8
174 1778 8
174 3593 8
1740 1005 8
1747 2443 8
1747 2522 8
1747 4937 8
1748 1056 8
1748 1180 8
1748 831 8
175 4105 8
175 6173 8
1750 3301 8
1751 6187 8
1756 872 8
1758 2034 8
1769 3742 8
1769 609 8
177 197 8
177 1981 8
177 228 8
177 2901 8
177 4001 8
177 576 8
177 6594 8
177 6941 8
1777 2522 8
1777 4756 8
1777 6566 8
1778 47 8
178 1942 8
178 228 8
178 232 8
178 2392 8
178 299 8
178 5191 8
1781 4444 8
1781 4701 8
1781 7073 8
1782 189 8
1782 2699 8
1782 3026 8
1782 3934 8
1782 4205 8
1782 471 8
1782 634 8
1782 6786 8
1786 5271 8
1786 7021 8
179 214 8
179 2400 8
179 468 8
1791 1108 8
1791 13 8
1791 1529 8
1791 275 8
1791 3079 8
1791 3540 8
1791 371 8
1791 3873 8
1791 476 8
1791 983 8
1791 983 8
1796 104 8
1796 1975 8
1796 235 8
1796 3044 8
1796 4656 8
1796 508 8
1796 715 8
1796 748 8
18 115 8
18 1942 8
18 197 8
18 3785 8
180 6170 8
1806 3962 8
1806 6644 8
1810 124 8
1810 1320 8
1810 1487 8
1810 1949 8
1810 3410 8
1810 3577 8
1818 1231 8
1818 2670 8
1818 2890 8
1818 321 8
1818 3740 8
1818 4318 8
1818 648 8
1818 657 8
1819 1125 8
1819 2373 8
1819 238 8
1819 2999 8
1819 3256 8
1819 3272 8
1819 4344 8
1819 609 8
182 131 8
182 222 8
182 79 8
1820 2872 8
1820 4947 8
1820 673 8
1822 260 8
1827 1440 8
1827 5263 8
1827 6173 8
1829 2765 8
1829 5430 8
1829 7227 8
183 1044 8
1831 3677 8
1831 7014 8
1834 432 8
1835 2145 8
1836 1327 8
1836 6447 8
1838 2825 8
184 215 8
184 276 8
184 6606 8
184 882 8
1840 851 8
1842 2033 8
1846 2934 8
1846 521 8
1847 734 8
1849 1623 8
185 164 8
185 300 8
185 3606 8
185 4932 8
185 510 8
185 689 8
1853 4120 8
1853 599 8
1854 307 8
1854 3184 8
1854 3524 8
1854 5497 8
1854 6168 8
1854 6582 8
1854 736 8
1857 1623 8
1857 3457 8
1859 5742 8
186 277 8
1861 1116 8
1861 1177 8
1861 741 8
1862 1232 8
1862 3965 8
1862 4338 8
1862 4356 8
1862 593 8
1866 1122 8
1866 2903 8
1866 4266 8
1866 7132 8
1866 772 8
1869 1556 8
1869 195 8
1869 3462 8
1869 3462 8
187 1200 8
1871 1081 8
1871 1131 8
1871 2555 8
1871 47 8
1876 2466 8
188 1148 8
188 1177 8
188 1938 8
188 2716 8
188 3884 8
188 6884 8
188 910 8
1881 1366 8
1881 3782 8
1881 3805 8
1889 3918 8
189 2196 8
189 227 8
189 259 8
189 2735 8
189 2773 8
189 3548 8
189 3946 8
189 997 8
1891 132 8
1891 2031 8
1892 5532 8
1892 7300 8
1899 6631 8
19 156 8
19 1820 8
19 197 8
19 220 8
19 66 8
1908 637 8
1908 685 8
1911 1180 8
1911 178 8
1911 1796 8
1911 213 8
1911 224 8
1911 266 8
1911 3476 8
1911 36 8
1911 3736 8
1911 4318 8
1911 5714 8
1911 6723 8
1912 5264 8
1912 5922 8
1916 3399 8
1919 1504 8
1919 2466 8
192 1055 8
192 4205 8
1921 1148 8
1921 1196 8
1921 165 8
1921 1924 8
1921 1975 8
1921 3403 8
1921 3900 8
1921 6691 8
1921 789 8
1924 1148 8
1924 1196 8
1924 1975 8
1924 268 8
1924 3085 8
1924 3150 8
1924 3363 8
1924 538 8
1924 563 8
1924 576 8
1924 942 8
1925 1889 8
1925 706 8
1926 1088 8
1926 177 8
1926 272 8
1926 4410 8
1926 452 8
1926 849 8
1927 1889 8
1927 3799 8
1927 706 8
1927 736 8
1927 74 8
1927 869 8
1928 576 8
1929 36 8
1929 4540 8
1929 6605 8
193 2048 8
193 257 8
193 4451 8
193 4492 8
193 466 8
193 492 8
193 521 8
193 548 8
193 6395 8
193 6903 8
193 74 8
1933 2903 8
1933 4287 8
1938 1854 8
1938 1933 8
1938 2860 8
1938 299 8
1938 4287 8
1938 789 8
1941 229 8
1941 2392 8
1941 6337 8
1942 3724 8
1944 4193 8
1948 106 8
1948 178 8
1949 1083 8
1949 124 8
195 1459 8
195 1556 8
1951 145 8
1951 707 8
1955 213 8
1957 2467 8
1957 603 8
1957 6119 8
1957 6710 8
1958 259 8
1958 3054 8
1958 6623 8
196 1810 8
196 3227 8
196 4735 8
1960 347 8
1960 3737 8
1960 6929 8
1960 7056 8
1963 1035 8
1963 1501 8
1965 1926 8
1966 4475 8
1966 5430 8
1966 5430 8
1968 1180 8
1968 3740 8
1968 448 8
197 131 8
197 188 8
197 4656 8
1971 1195 8
1971 1701 8
1971 2988 8
1971 300 8
1971 6016 8
1971 6157 8
1973 1180 8
1973 1968 8
1973 2681 8
1973 295 8
1973 400 8
1973 42 8
1973 485 8
1973 5138 8
1975 1027 8
1975 3150 8
1975 3416 8
1975 4287 8
1975 5767 8
1975 6168 8
1975 742 8
1976 1098 8
1976 113 8
1976 221 8
1976 2373 8
1976 242 8
1976 3535 8
1976 4443 8
1978 233 8
1978 831 8
1979 4217 8
1979 831 8
1981 1796 8
1981 3056 8
1981 959 8
1983 6925 8
1985 1234 8
1985 1968 8
1985 314 8
1985 3504 8
1985 3927 8
1985 516 8
1985 6354 8
1985 6679 8
1985 685 8
1987 2307 8
1987 3676 8
1987 4115 8
1987 5682 8
1988 3676 8
1988 4075 8
1988 4835 8
1989 3244 8
1989 848 8
199 549 8
1990 446 8
1990 6587 8
1992 3672 8
1992 3844 8
1996 3525 8
1996 4303 8
1996 4309 8
1996 6952 8
1997 177 8
1997 228 8
2 2240 8
2 3465 8
2 3989 8
2 7200 8
2 9 8
2 90 8
20 4540 8
20 6012 8
2000 2677 8
2002 2677 8
2002 447 8
2005 1203 8
2005 2348 8
2005 3160 8
2005 4430 8
2006 1167 8
2006 139 8
2006 3934 8
2006 447 8
2006 449 8
2006 53 8
2006 66 8
2006 673 8
2007 3871 8
2007 5859 8
2008 1709 8
2008 172 8
2008 1996 8
2008 2028 8
2008 3525 8
2008 3989 8
2008 4303 8
2008 4340 8
2008 6066 8
2008 90 8
2010 3989 8
2010 6010 8
2011 2832 8
2011 3583 8
2011 4028 8
2011 4441 8
2011 521 8
2012 3232 8
2012 536 8
2012 6010 8
2013 4005 8
2013 4028 8
2013 590 8
2013 5964 8
2018 4966 8
202 2309 8
202 387 8
2020 4384 8
2021 7186 8
2022 5949 8
2023 357 8
2023 5827 8
2023 753 8
2028 172 8
2028 2 8
2028 3822 8
2028 3989 8
2028 4883 8
2028 6952 8
203 2734 8
203 603 8
2031 3522 8
2031 534 8
2031 562 8
2031 5737 8
2031 5930 8
2031 5955 8
2031 6024 8
2032 3163 8
2032 581 8
2032 6249 8
2033 3443 8
2035 3023 8
2035 715 8
204 2930 8
2040 3124 8
2040 4954 8
2040 5948 8
2040 9 8
2040 914 8
2041 795 8
2048 3176 8
2048 4461 8
2048 74 8
2050 687 8
2055 1082 8
2055 4932 8
2057 971 8
206 6668 8
2067 5908 8
2067 831 8
207 104 8
207 130 8
207 1911 8
207 2392 8
207 2724 8
207 2816 8
207 3593 8
207 3693 8
207 47 8
207 479 8
207 507 8
207 64 8
2079 3743 8
2079 604 8
2084 2180 8
2084 2891 8
2084 3683 8
2084 4139 8
2084 5456 8
2084 6873 8
2085 337 8
2085 6021 8
2085 787 8
2086 6407 8
2086 914 8
2090 272 8
2090 2796 8
2090 2822 8
2090 30 8
2090 3647 8
2090 654 8
2095 6942 8
21 1428 8
21 153 8
21 246 8
21 2676 8
21 2796 8
21 3530 8
21 3849 8
21 4686 8
21 4712 8
2101 3429 8
2101 664 8
2101 707 8
2103 1927 8
2103 407 8
2104 1525 8
2104 1597 8
2104 4276 8
2104 651 8
211 476 8
2110 2412 8
2111 1201 8
2111 2686 8
2111 3849 8
212 6117 8
2129 1711 8
2129 186 8
2129 2722 8
2129 3990 8
2129 4051 8
2129 756 8
213 77 8
2133 3952 8
2133 4640 8
214 2040 8
214 2400 8
214 39 8
2142 5241 8
2143 1184 8
2143 1235 8
2143 202 8
2143 2238 8
2143 227 8
2143 3473 8
2143 352 8
2143 3540 8
2143 3788 8
2143 3788 8
2143 66 8
215 3277 8
215 453 8
2152 4382 8
2152 6354 8
2155 4960 8
2157 677 8
2157 973 8
2163 773 8
2166 1000 8
2166 3603 8
2166 6899 8
2170 1889 8
2170 1925 8
2170 1927 8
2170 736 8
2172 1497 8
2172 214 8
2172 5654 8
2172 914 8
2172 98 8
2178 112 8
2178 162 8
2178 2393 8
2178 452 8
2180 2891 8
2180 6698 8
2180 6699 8
2181 3114 8
2181 5844 8
2181 6664 8
2181 953 8
2181 953 8
2188 261 8
2188 372 8
2188 53 8
2188 610 8
2188 6585 8
2189 1177 8
2189 1202 8
2189 2686 8
2189 3077 8
2189 41 8
219 2425 8
219 395 8
219 4144 8
219 47 8
219 5390 8
219 5507 8
219 736 8
219 852 8
2195 3037 8
2195 3113 8
2196 2957 8
2196 4735 8
2196 960 8
220 1623 8
220 184 8
220 3503 8
220 721 8
220 79 8
2200 1235 8
2200 2192 8
2200 6811 8
2209 3037 8
2209 39 8
2209 46 8
221 113 8
221 197 8
221 266 8
221 79 8
2214 3816 8
2214 3921 8
2214 6252 8
222 170 8
222 3054 8
222 5922 8
2220 1482 8
2221 2682 8
2221 2714 8
2221 3085 8
2221 3176 8
2221 4557 8
2221 590 8
2221 6003 8
2221 833 8
2223 6823 8
2224 808 8
2227 1981 8
2229 529 8
223 127 8
223 2209 8
223 3038 8
223 3124 8
223 36 8
223 4540 8
223 4549 8
223 46 8
223 669 8
2230 2214 8
2230 3162 8
2230 3555 8
2230 5840 8
2233 430 8
2233 539 8
2233 540 8
2233 546 8
2233 55 8
2233 882 8
2234 5191 8
2235 1180 8
2235 579 8
2238 1031 8
2238 1184 8
2238 3466 8
2238 6951 8
224 1039 8
224 1092 8
224 1861 8
224 1861 8
224 1985 8
224 3476 8
2240 118 8
2240 2008 8
2240 23 8
2242 124 8
2242 1711 8
2243 704 8
2244 1188 8
2244 6676 8
2244 6883 8
2245 1711 8
2250 1201 8
2250 376 8
2252 2699 8
2252 6636 8
2253 2409 8
2255 3544 8
2255 53 8
2255 563 8
2255 913 8
2257 3023 8
2257 3708 8
2259 2986 8
226 7139 8
2266 2935 8
2266 4435 8
2266 4615 8
2268 1943 8
2268 6084 8
227 1482 8
227 1810 8
227 2243 8
227 239 8
227 3337 8
227 471 8
2272 2067 8
2274 466 8
2275 529 8
2276 3788 8
2276 6951 8
2277 2773 8
2277 3949 8
228 157 8
228 1926 8
228 1965 8
228 237 8
228 3044 8
228 64 8
2283 1406 8
2287 1156 8
2288 661 8
2288 664 8
2289 3023 8
2289 4757 8
2294 3746 8
23 232 8
23 4078 8
2305 1218 8
2305 158 8
2305 1985 8
2305 3015 8
2305 3590 8
2307 1556 8
2307 2650 8
2307 4115 8
2307 4117 8
2307 4125 8
2307 4835 8
2307 54 8
2307 5990 8
2307 6172 8
2307 6177 8
2307 6676 8
2308 5969 8
2309 1167 8
2309 14 8
2309 164 8
2309 165 8
2309 299 8
2309 3593 8
2309 656 8
2311 1623 8
2312 4435 8
2316 1095 8
2316 1796 8
2316 950 8
2318 2681 8
232 2731 8
232 5922 8
232 6010 8
2329 2075 8
2329 2084 8
2329 305 8
2329 3584 8
233 3953 8
233 4460 8
233 6119 8
233 6126 8
2333 2426 8
234 3189 8
234 3540 8
234 414 8
2347 480 8
2348 1701 8
2348 2891 8
2348 392 8
2348 579 8
2348 656 8
2348 731 8
2348 752 8
2349 2819 8
2349 4200 8
235 3541 8
2350 375 8
2355 4074 8
2355 4075 8
2356 6700 8
2357 1366 8
2357 1987 8
2357 1989 8
2357 2307 8
2357 3244 8
2357 3630 8
2357 4115 8
2357 4135 8
2357 4162 8
2357 5637 8
2357 6254 8
2357 6255 8
2357 6846 8
236 1210 8
236 677 8
2364 1438 8
2364 2901 8
2364 4082 8
2366 1245 8
2366 1609 8
2366 1984 8
2366 921 8
2368 2379 8
2368 259 8
2368 2755 8
2368 2791 8
2368 3204 8
2368 5772 8
2368 670 8
2369 2368 8
2369 3107 8
2369 3921 8
237 1088 8
237 1098 8
237 169 8
237 1926 8
237 1965 8
237 228 8
237 357 8
237 3601 8
237 6294 8
237 64 8
2370 3222 8
2371 157 8
2372 3893 8
2372 5569 8
2373 364 8
2373 376 8
2373 4007 8
2373 419 8
2374 4761 8
2379 2283 8
238 5772 8
238 893 8
2380 1099 8
2380 1194 8
2380 468 8
2380 883 8
2383 3112 8
2383 5857 8
2384 2214 8
2388 524 8
239 1201 8
239 1933 8
239 3004 8
239 6004 8
239 6005 8
239 7062 8
2391 2333 8
2392 1234 8
2392 314 8
2392 3544 8
2392 376 8
2392 3934 8
2393 6078 8
2395 7081 8
2397 6458 8
2399 6815 8
2399 6816 8
2399 6879 8
24 204 8
24 2614 8
24 2840 8
24 3150 8
24 3814 8
240 2189 8
240 279 8
240 3766 8
2400 76 8
2405 113 8
2405 261 8
2405 3934 8
2405 5420 8
2405 6619 8
2412 4182 8
2412 4204 8
2412 423 8
2412 4581 8
2412 5931 8
2412 609 8
2413 4058 8
2414 3232 8
2414 3956 8
2414 7249 8
2415 2467 8
242 1438 8
242 2392 8
242 462 8
2420 7222 8
2425 2143 8
2425 3098 8
2429 6939 8
2429 6985 8
2435 133 8
2435 2283 8
2435 2424 8
2435 3098 8
2437 295 8
2437 4134 8
2443 189 8
2443 1926 8
2443 2735 8
2443 3204 8
2443 5313 8
2443 622 8
2443 6704 8
2445 6950 8
2445 6999 8
2446 1171 8
2447 4249 8
2447 690 8
2450 1645 8
2453 852 8
2456 1249 8
246 2676 8
246 4734 8
246 549 8
246 6723 8
2461 1275 8
2461 5300 8
2463 2791 8
2464 6822 8
2466 3016 8
2466 3951 8
2466 4401 8
2467 1976 8
2467 3815 8
2467 6284 8
2471 2979 8
2477 1927 8
248 1249 8
248 187 8
248 2759 8
248 3548 8
248 744 8
248 950 8
2491 4396 8
25 1177 8
25 2152 8
25 48 8
25 6424 8
2503 3267 8
2504 1556 8
2504 3695 8
2504 4112 8
2504 6097 8
2504 6883 8
251 3085 8
251 6557 8
251 659 8
2510 3147 8
2511 196 8
2511 6821 8
2513 3345 8
2514 1910 8
2516 4062 8
2521 132 8
2521 1703 8
2521 228 8
2522 3419 8
2522 4756 8
2522 6169 8
2522 6734 8
2522 6990 8
2522 6991 8
2522 906 8
2532 3446 8
254 182 8
254 42 8
2545 1676 8
2545 3380 8
2545 4682 8
2545 4772 8
2547 3206 8
2555 1908 8
2555 4396 8
2555 5304 8
2555 637 8
2555 6738 8
2555 685 8
2558 2840 8
2558 622 8
256 3167 8
2565 7254 8
2568 1049 8
2568 3945 8
2568 5421 8
2568 5628 8
2568 60 8
257 251 8
257 510 8
257 673 8
257 92 8
2574 1025 8
2574 1108 8
2574 13 8
2574 280 8
2574 983 8
2575 1899 8
2575 5640 8
2575 6703 8
258 296 8
258 2971 8
258 59 8
258 7091 8
2581 5136 8
2584 2491 8
2585 5549 8
2585 6824 8
259 189 8
259 247 8
259 3593 8
259 61 8
2590 5136 8
2596 4208 8
2597 5657 8
2600 177 8
2600 397 8
2605 514 8
261 1201 8
261 139 8
261 3913 8
261 910 8
2613 3410 8
2614 1813 8
2614 448 8
2614 5657 8
262 6108 8
263 1653 8
263 260 8
263 3541 8
263 4379 8
263 6284 8
2635 2823 8
2635 4395 8
264 260 8
2640 1631 8
2640 3602 8
2641 2391 8
2641 3645 8
2641 3927 8
2641 7141 8
2647 1090 8
2647 2738 8
2647 516 8
2648 627 8
2652 1057 8
2652 1131 8
2652 3135 8
2652 3728 8
2652 4367 8
2653 2648 8
2655 1044 8
2655 1100 8
2655 1153 8
2655 6531 8
2655 6628 8
2655 7043 8
266 113 8
266 2189 8
266 2467 8
266 268 8
266 3085 8
266 6034 8
266 639 8
2660 3243 8
2660 3878 8
2661 394 8
2661 99 8
2665 3630 8
2665 3663 8
2665 3782 8
2665 4162 8
2670 759 8
2675 4115 8
2675 7031 8
2676 1039 8
2676 2840 8
2676 3244 8
2676 3267 8
2676 4112 8
2676 4126 8
2676 840 8
2677 1217 8
2677 1846 8
2677 337 8
2677 449 8
2677 4771 8
2677 656 8
268 108 8
268 1653 8
268 267 8
268 3423 8
268 4280 8
268 579 8
2680 2075 8
2680 305 8
2680 3584 8
2681 104 8
2681 1566 8
2681 1782 8
2681 207 8
2681 3026 8
2681 3606 8
2681 604 8
2682 19 8
2682 1924 8
2682 4773 8
2682 5827 8
2682 7081 8
2682 7250 8
2685 3935 8
2685 6409 8
2685 6900 8
269 2209 8
269 223 8
269 5914 8
269 6595 8
2698 6708 8
2699 1628 8
2699 2379 8
2699 2890 8
270 2761 8
270 32 8
270 3549 8
270 3618 8
270 3965 8
270 3966 8
270 3974 8
270 4336 8
270 4796 8
270 513 8
270 6125 8
270 6384 8
2710 142 8
2711 1221 8
2711 3569 8
2711 446 8
2711 488 8
2713 3174 8
2713 510 8
2713 572 8
2713 6588 8
2714 1027 8
2714 1769 8
2714 277 8
2714 387 8
2714 610 8
2714 6479 8
2714 6586 8
2714 6884 8
2716 104 8
2716 170 8
2716 257 8
2716 266 8
2716 3204 8
2716 4007 8
2716 476 8
2716 510 8
2716 6766 8
2717 6740 8
2717 911 8
2718 1403 8
2718 259 8
2718 2995 8
2718 3073 8
2718 3077 8
2718 3926 8
2718 4076 8
2718 465 8
2718 508 8
2719 4145 8
272 1938 8
272 2309 8
272 239 8
272 2677 8
272 299 8
272 3004 8
272 789 8
2721 1440 8
2721 279 8
2721 2882 8
2721 3618 8
2721 6119 8
2722 261 8
2722 4801 8
2722 511 8
2722 548 8
2722 548 8
2723 3085 8
2723 3176 8
2723 4058 8
2723 510 8
2723 5931 8
2724 1955 8
2724 260 8
2725 6114 8
2725 6628 8
2726 2860 8
2726 3156 8
2726 3990 8
2726 4596 8
2730 910 8
2731 138 8
2731 188 8
2731 254 8
2731 272 8
2734 188 8
2734 2803 8
2734 72 8
2735 1777 8
2735 2522 8
2735 2640 8
2735 4183 8
2735 452 8
2735 4585 8
2735 5367 8
2735 6479 8
2735 6555 8
2735 849 8
2736 6870 8
2738 1213 8
2738 2783 8
2738 347 8
2738 4291 8
2738 6481 8
2738 6812 8
2738 7055 8
2739 1220 8
2739 1985 8
2739 393 8
2739 400 8
2739 516 8
2741 6039 8
2741 837 8
2746 1971 8
2746 640 8
2747 2748 8
2748 4374 8
2748 4703 8
275 1025 8
275 3934 8
275 476 8
275 9 8
275 983 8
2751 2257 8
2751 4019 8
2752 2522 8
2754 2752 8
2755 1958 8
2755 2882 8
2755 2992 8
2755 3878 8
2755 6251 8
2758 6039 8
2759 1862 8
2759 2791 8
2759 3112 8
2759 4348 8
276 104 8
276 174 8
276 99 8
2761 2277 8
2761 248 8
2761 2791 8
2761 2791 8
2761 3547 8
2761 3965 8
2761 4017 8
2761 4348 8
2761 4356 8
2761 4934 8
2761 6615 8
2761 6616 8
2765 192 8
2765 3026 8
2765 3524 8
2765 387 8
2765 3893 8
2765 4205 8
2766 130 8
2766 1929 8
2766 6914 8
2766 6915 8
2767 147 8
2767 2766 8
2767 4285 8
2767 5886 8
2767 6915 8
2767 83 8
2768 2163 8
277 2129 8
277 4807 8
2770 32 8
2770 3523 8
2773 3556 8
2773 3925 8
2773 5851 8
2773 61 8
2778 4106 8
2778 6542 8
2780 2166 8
2780 709 8
2781 1810 8
2781 3441 8
2782 2357 8
2782 4112 8
2782 4115 8
2782 848 8
2783 2992 8
2783 3357 8
2783 347 8
2783 4896 8
2783 513 8
2784 1708 8
2786 973 8
279 1958 8
279 6623 8
2790 2021 8
2790 2031 8
2790 4960 8
2790 5032 8
2791 2761 8
2791 32 8
2791 3949 8
2791 6125 8
2793 4840 8
2793 5966 8
2793 6560 8
2796 272 8
2796 3077 8
2796 3524 8
2796 3530 8
2796 4076 8
2796 414 8
2796 4522 8
2796 4772 8
2796 4807 8
2796 656 8
2797 2812 8
2797 4069 8
28 432 8
280 1108 8
280 2574 8
2800 387 8
2800 3973 8
2800 4000 8
2800 6349 8
2800 6665 8
2801 5933 8
2803 3594 8
2803 3965 8
2805 3081 8
2805 4005 8
2805 4006 8
2805 4051 8
281 2890 8
2810 2811 8
2810 4493 8
2810 6596 8
2811 2031 8
2811 3583 8
2811 4664 8
2811 605 8
2811 6650 8
2811 6650 8
2812 2797 8
2812 4069 8
2816 1564 8
2816 1957 8
2816 6034 8
2817 2395 8
2817 2680 8
2817 6832 8
2819 108 8
2819 1253 8
2819 339 8
2819 3641 8
2819 4512 8
2819 4654 8
282 4776 8
2823 4324 8
2823 6304 8
2823 6905 8
2824 4272 8
2826 3762 8
2826 4569 8
2826 4609 8
2826 4679 8
2826 4762 8
2832 4053 8
2832 6945 8
2836 112 8
2836 188 8
2836 2810 8
2836 444 8
2836 456 8
2836 4815 8
2836 510 8
2836 519 8
2836 53 8
2836 580 8
2837 3588 8
2837 3595 8
2837 4338 8
2837 526 8
2837 5512 8
2837 566 8
2837 6230 8
2837 6737 8
2837 6949 8
2840 3429 8
2840 4087 8
2840 471 8
2840 4876 8
2841 3627 8
2841 6830 8
2843 2711 8
2846 5801 8
2847 1210 8
2847 2166 8
2847 6542 8
2847 6811 8
2847 687 8
2847 756 8
2847 859 8
2848 1190 8
285 1232 8
285 32 8
285 3672 8
285 3925 8
285 461 8
285 4613 8
285 946 8
2851 2213 8
2851 6576 8
2856 4339 8
2856 4368 8
2856 5813 8
2860 328 8
2860 4421 8
2860 6410 8
2867 3616 8
2867 3645 8
2867 521 8
2867 640 8
2868 3322 8
287 3533 8
287 536 8
287 5689 8
287 6388 8
287 803 8
2871 3276 8
2871 6173 8
2871 627 8
2872 3222 8
2876 2761 8
2876 6660 8
2882 2758 8
2882 3161 8
2882 4374 8
2887 1131 8
2887 1769 8
2887 2888 8
2887 3836 8
2887 3839 8
2887 3852 8
2887 455 8
2887 4664 8
2887 728 8
2888 1179 8
2888 125 8
2888 2887 8
2888 3742 8
2888 4295 8
2888 4785 8
2888 6884 8
289 2867 8
289 620 8
2890 1921 8
2890 248 8
2890 3215 8
2890 3649 8
2890 4040 8
2890 5497 8
2890 634 8
2890 6701 8
2891 1821 8
2891 2680 8
2891 3254 8
2891 649 8
2891 6950 8
2892 3025 8
2892 3168 8
2892 66 8
2893 3604 8
2894 1174 8
2894 3799 8
2901 4313 8
2901 4803 8
2903 1740 8
2903 2189 8
2903 6390 8
2908 1698 8
2908 3395 8
2908 721 8
2910 3736 8
2910 948 8
2916 1066 8
2919 2085 8
2919 2142 8
2919 2661 8
2919 2680 8
2919 3900 8
2919 3950 8
2919 5241 8
2919 6919 8
2927 3307 8
2929 2522 8
2929 703 8
2930 1240 8
2930 6069 8
2934 1212 8
2934 23 8
2934 2867 8
2934 299 8
2934 3728 8
2934 416 8
2934 521 8
2934 6698 8
295 1029 8
295 2007 8
295 395 8
295 599 8
295 6873 8
295 690 8
295 6902 8
295 949 8
2952 1440 8
2952 2731 8
2957 1598 8
2957 452 8
296 2816 8
2965 1003 8
2969 7214 8
2973 6264 8
2974 5433 8
2974 5542 8
2975 2391 8
2975 246 8
2984 1406 8
2984 928 8
2986 113 8
2986 1578 8
2986 1819 8
2986 2604 8
2986 3840 8
2986 5407 8
2988 2836 8
2988 3073 8
2988 414 8
299 2006 8
299 4287 8
299 4932 8
299 753 8
299 789 8
299 92 8
2992 1819 8
2992 270 8
2992 347 8
2992 513 8
2992 660 8
2992 7152 8
2992 7195 8
2992 744 8
2995 3124 8
2995 3215 8
2995 3535 8
2995 508 8
2995 530 8
2996 2405 8
2996 2986 8
2996 5407 8
2999 1578 8
2999 3272 8
2999 460 8
30 1859 8
30 2090 8
30 272 8
30 2796 8
30 3457 8
30 654 8
300 1148 8
300 164 8
300 334 8
3001 1819 8
3001 4003 8
3002 6831 8
3004 1933 8
3004 299 8
3004 4287 8
3004 789 8
3011 3250 8
3016 5370 8
3018 139 8
3018 164 8
3018 17 8
3018 188 8
3018 3037 8
3018 38 8
3018 563 8
3018 563 8
3018 6 8
3018 731 8
3023 219 8
3024 156 8
3024 2021 8
3024 268 8
3024 357 8
3024 956 8
3025 1296 8
3025 3168 8
3025 3830 8
3026 224 8
3026 4205 8
3026 448 8
3026 4757 8
3026 604 8
3029 3169 8
3029 675 8
303 1796 8
303 3262 8
303 3326 8
303 520 8
303 538 8
303 6168 8
3035 2312 8
3037 1184 8
3037 3124 8
3037 4540 8
3037 4542 8
3037 4542 8
3037 5994 8
3037 6605 8
3037 7 8
3037 9 8
3038 101 8
3038 3132 8
3038 4605 8
3038 6379 8
3038 6915 8
3038 712 8
3044 1081 8
3044 1081 8
3044 1871 8
3044 1997 8
3044 4001 8
3044 4321 8
3044 4678 8
3049 1224 8
3049 5211 8
3049 788 8
305 2180 8
305 4139 8
305 5456 8
3054 264 8
3054 4778 8
3056 1180 8
3056 400 8
3056 4001 8
3056 4678 8
3057 182 8
3057 5922 8
306 363 8
3061 258 8
3062 3588 8
3062 3592 8
3062 4006 8
3063 4501 8
3064 2876 8
3064 3073 8
3064 4271 8
3069 4593 8
3071 2832 8
3071 3599 8
3071 443 8
3072 1174 8
3072 3837 8
3073 1709 8
3073 3189 8
3073 3490 8
3073 3540 8
3073 4461 8
3073 45 8
3073 455 8
3073 456 8
3073 4758 8
3073 528 8
3073 621 8
3076 1676 8
3076 2013 8
3076 3083 8
3076 3594 8
3076 3925 8
3076 4005 8
3076 590 8
3076 6650 8
3077 234 8
3077 2872 8
3077 3085 8
3077 3989 8
3077 414 8
3077 4668 8
3077 5064 8
3077 53 8
3079 112 8
3079 14 8
3079 3540 8
3079 4060 8
3079 421 8
3079 623 8
3079 6410 8
3079 659 8
3079 789 8
3079 872 8
3079 910 8
308 121 8
308 1854 8
308 579 8
3081 3587 8
3081 6192 8
3081 6593 8
3081 844 8
3082 4589 8
3083 1027 8
3083 2011 8
3083 2860 8
3083 3533 8
3083 3592 8
3083 456 8
3083 519 8
3083 830 8
3085 1921 8
3085 3563 8
3085 3599 8
3085 3934 8
3085 4574 8
3085 538 8
3085 6506 8
3085 869 8
3091 1928 8
3091 2721 8
3091 2871 8
3091 3431 8
3091 3503 8
3091 603 8
3091 6173 8
3091 6173 8
3092 3990 8
3092 568 8
3101 3120 8
3101 4604 8
3103 127 8
3103 2209 8
3103 45 8
3103 4542 8
3105 6605 8
3106 1366 8
3106 1989 8
3106 2357 8
3106 2357 8
3106 2665 8
3106 2782 8
3106 2992 8
3106 4112 8
3106 5990 8
3106 660 8
3106 6848 8
3106 7195 8
3107 3246 8
3107 5772 8
3108 1131 8
3108 1701 8
3108 3593 8
3108 4771 8
3108 510 8
3108 595 8
3108 64 8
3108 6974 8
3108 92 8
3109 2903 8
3109 3707 8
3109 6109 8
3111 3913 8
3111 4823 8
3111 5863 8
3112 1862 8
3112 285 8
3112 3076 8
3112 3866 8
3112 3946 8
3112 4105 8
3112 4445 8
3112 4445 8
3112 6572 8
3112 7068 8
3112 7074 8
3113 4510 8
3114 2200 8
3114 2200 8
3114 4156 8
3114 5844 8
3114 6632 8
3114 882 8
3116 9 8
3119 2780 8
3120 3105 8
3120 3506 8
3120 3506 8
3120 46 8
3120 6012 8
3120 6915 8
3123 4783 8
3124 2209 8
3124 3535 8
3124 46 8
3124 593 8
3126 2714 8
3126 2934 8
3126 3582 8
3126 3897 8
3126 4664 8
3126 4862 8
3126 5844 8
3126 644 8
3126 6806 8
3126 882 8
3128 7084 8
3129 4308 8
3129 4323 8
313 153 8
313 3563 8
313 358 8
313 3919 8
3132 20 8
3132 3506 8
3134 4282 8
3134 4774 8
3134 4852 8
3135 207 8
3135 2888 8
3135 2995 8
3135 3326 8
3135 502 8
3137 38 8
314 1023 8
314 1056 8
314 1086 8
314 115 8
314 1853 8
314 1854 8
314 1924 8
314 3423 8
314 376 8
314 395 8
314 400 8
314 44 8
314 599 8
314 6826 8
314 7194 8
315 3307 8
315 3526 8
315 3718 8
3150 1240 8
3150 1571 8
3150 1623 8
3150 164 8
3150 1692 8
3150 1827 8
3150 1854 8
3150 1921 8
3150 204 8
3150 3091 8
3150 3180 8
3150 3395 8
3150 3409 8
3150 5449 8
3150 6069 8
3150 803 8
3150 852 8
3151 1062 8
3151 7062 8
3154 3755 8
3154 4307 8
3154 4662 8
3154 4725 8
3154 4839 8
3154 663 8
3154 7199 8
3155 566 8
3156 6572 8
3157 270 8
3157 3092 8
3157 3548 8
3157 3599 8
3157 3946 8
3157 4327 8
3157 6650 8
3159 1213 8
3159 4031 8
3159 5858 8
3159 7072 8
3160 2739 8
3160 2843 8
3160 393 8
3161 1009 8
3161 153 8
3161 270 8
3161 3246 8
3161 3563 8
3161 670 8
3163 2032 8
3163 3538 8
3163 473 8
3163 4742 8
3163 4801 8
3163 581 8
3163 852 8
3168 1166 8
3168 3830 8
3168 3830 8
3168 536 8
3169 3114 8
3169 4352 8
3169 4774 8
3172 4942 8
3174 3076 8
3174 3081 8
3174 3710 8
3174 4006 8
3174 4421 8
3174 572 8
3176 2713 8
3176 4098 8
3176 4451 8
3176 4461 8
3176 5547 8
3176 863 8
3180 2890 8
3180 3407 8
3180 6733 8
3184 1196 8
3184 3362 8
3184 6768 8
3186 3071 8
3186 3594 8
3186 4151 8
3186 4592 8
3186 563 8
3186 5816 8
3186 6316 8
3186 6722 8
3186 6840 8
3188 7155 8
3189 1529 8
3189 3077 8
3189 3108 8
3189 3989 8
3189 4006 8
3189 4078 8
3189 4302 8
3189 4313 8
3189 456 8
3189 4800 8
3189 545 8
3190 1661 8
3190 4821 8
3193 151 8
3194 6864 8
3195 3587 8
3195 491 8
3195 6073 8
3197 5283 8
3198 1223 8
32 166 8
32 3112 8
32 3925 8
32 4060 8
320 1249 8
320 270 8
320 3243 8
320 4638 8
3200 6854 8
3201 3372 8
3204 2741 8
3204 2783 8
3204 3535 8
3204 451 8
3204 5655 8
3204 596 8
3204 622 8
321 1158 8
321 1862 8
321 5497 8
3214 2157 8
3214 677 8
3215 185 8
3215 2006 8
3215 2143 8
3215 2714 8
3215 3077 8
3215 4410 8
3215 467 8
3215 561 8
3215 801 8
3217 5008 8
3218 2841 8
3218 3278 8
3218 6753 8
3218 7286 8
3219 453 8
3219 6603 8
3221 4357 8
3222 2677 8
3222 4108 8
3227 3359 8
3227 5639 8
3229 2840 8
3229 4368 8
3229 471 8
3229 5650 8
3230 1201 8
3230 3587 8
3230 4018 8
3230 419 8
3230 976 8
3232 3588 8
3232 3956 8
3232 443 8
3232 5964 8
3235 4164 8
3238 6552 8
3239 950 8
3243 6125 8
3244 1188 8
3244 2504 8
3244 2782 8
3244 3106 8
3244 3267 8
3244 3293 8
3244 4115 8
3244 4126 8
3244 4912 8
3244 7079 8
3245 5019 8
3246 347 8
3246 3946 8
3246 6371 8
3246 744 8
3247 1719 8
3247 313 8
3247 3549 8
3247 3919 8
3247 3919 8
3247 3946 8
3247 4374 8
3247 488 8
3249 113 8
3249 3231 8
3250 3350 8
3250 76 8
3254 700 8
3258 749 8
3260 2851 8
3260 3776 8
3260 529 8
3260 6159 8
3261 1280 8
3261 3201 8
3261 4205 8
3261 6157 8
3261 6159 8
3262 2110 8
3262 2641 8
3262 3403 8
3262 449 8
3262 4618 8
3262 543 8
3262 742 8
3263 2142 8
3263 7000 8
3266 4835 8
3266 6177 8
3266 6177 8
3267 1188 8
3267 3293 8
3267 4117 8
3267 4117 8
3267 4125 8
3267 4126 8
3267 4150 8
3267 4836 8
3270 2733 8
3272 1196 8
3272 238 8
3272 460 8
3276 2661 8
3276 2919 8
3276 3168 8
3276 3900 8
3276 4373 8
3276 5782 8
3278 5844 8
3278 6742 8
328 3863 8
328 5891 8
3293 2355 8
3293 2676 8
3293 3695 8
3293 3695 8
3293 4112 8
3293 4137 8
3293 6085 8
3293 6676 8
3293 848 8
330 566 8
330 576 8
330 580 8
330 753 8
3300 1724 8
3300 7187 8
3301 1035 8
3301 1601 8
3301 2457 8
3304 5857 8
3305 2836 8
3305 4515 8
3305 4698 8
3305 4700 8
3307 6428 8
3311 6790 8
3312 164 8
3312 3085 8
3312 3524 8
3312 3593 8
3312 4051 8
3312 4565 8
3312 465 8
3312 4807 8
3312 561 8
3312 849 8
3314 3957 8
3314 4344 8
3317 1719 8
3317 1958 8
3317 320 8
3317 4445 8
332 4309 8
332 5919 8
332 5923 8
332 6006 8
332 7049 8
332 7225 8
332 7230 8
332 7285 8
3322 5015 8
3322 7170 8
3323 6712 8
3326 1684 8
3326 1691 8
3326 1933 8
3326 2887 8
3326 3111 8
3326 5923 8
3326 6006 8
3326 719 8
3326 831 8
3329 2988 8
3329 5563 8
333 2311 8
333 3446 8
333 728 8
3330 3222 8
3334 4515 8
3338 7208 8
334 157 8
334 1748 8
334 185 8
334 1973 8
334 447 8
334 740 8
334 833 8
3343 4651 8
3344 725 8
3344 950 8
3345 3350 8
3346 7213 8
3347 3833 8
3348 1653 8
3348 3124 8
3348 451 8
3348 507 8
3348 6114 8
335 2276 8
335 3148 8
335 3466 8
3350 5311 8
3353 3771 8
3357 124 8
3357 2240 8
3357 2277 8
3359 124 8
3361 1932 8
3361 7274 8
3363 1196 8
3363 3184 8
337 1244 8
337 1675 8
337 1831 8
337 2235 8
337 2680 8
337 3056 8
337 334 8
337 4410 8
337 5655 8
337 640 8
337 656 8
337 741 8
337 789 8
3370 5262 8
3370 921 8
3371 1542 8
3371 3381 8
3372 1985 8
3372 3947 8
3377 2614 8
3377 7289 8
3380 4375 8
3380 4676 8
3380 4682 8
3380 4686 8
3380 4687 8
3380 4702 8
3380 4772 8
3380 6633 8
3381 1387 8
3383 6691 8
339 1239 8
339 1698 8
339 453 8
3392 3423 8
3392 3503 8
3392 3871 8
3392 3950 8
3392 5858 8
3392 5937 8
3395 1196 8
3395 1244 8
3395 1921 8
3395 1924 8
3395 1975 8
3395 3900 8
3395 610 8
3395 6921 8
3396 1979 8
3396 3919 8
3396 4217 8
3396 5703 8
34 266 8
340 108 8
340 1253 8
340 2819 8
340 2819 8
340 4654 8
340 5509 8
3400 1428 8
3403 3184 8
3403 6701 8
3406 2718 8
3407 1921 8
3407 1924 8
3407 648 8
3407 6696 8
3409 1924 8
3409 3383 8
3409 3395 8
3409 3416 8
3409 3900 8
3415 6685 8
3416 1196 8
3416 1921 8
3416 2765 8
3416 3262 8
3416 3395 8
3416 3403 8
3416 3409 8
3416 3900 8
3416 6768 8
3419 2735 8
3419 4756 8
3420 7273 8
3422 1134 8
3422 4269 8
3423 142 8
3423 2901 8
3423 4105 8
3423 4187 8
3423 919 8
3429 107 8
3429 296 8
3429 3335 8
3429 4872 8
3429 6384 8
3431 1571 8
3431 3403 8
3431 3423 8
3431 4091 8
3431 6606 8
3440 960 8
3441 1692 8
3441 2641 8
3441 5363 8
3443 1009 8
3443 7094 8
3446 1196 8
3446 1548 8
3446 1926 8
3446 6168 8
345 1495 8
3452 3453 8
3452 3477 8
3455 7174 8
3457 6501 8
3458 1660 8
3458 3534 8
3458 64 8
3460 1568 8
3460 2350 8
3461 3554 8
3461 4535 8
3462 1241 8
3462 3463 8
3462 3629 8
3462 3647 8
3462 3762 8
3462 4768 8
3462 6302 8
3462 651 8
3462 6863 8
3462 7206 8
3462 874 8
3463 1634 8
3463 3154 8
3463 3808 8
3463 4276 8
3463 4277 8
3463 4307 8
3463 4657 8
3463 5650 8
3465 3934 8
3465 4060 8
3466 1031 8
3466 1683 8
3466 2057 8
3467 6645 8
347 4445 8
347 4896 8
347 825 8
3470 871 8
3473 3510 8
3473 6951 8
3474 4540 8
3476 1017 8
3476 3788 8
3476 4250 8
3476 4318 8
3476 6132 8
3476 772 8
3476 950 8
3477 694 8
3490 1035 8
3490 3044 8
3490 4576 8
3490 460 8
3490 511 8
3501 1976 8
3501 4274 8
3503 1440 8
3503 1976 8
3503 4281 8
3504 3682 8
3504 393 8
3506 4538 8
3506 5942 8
3506 7059 8
3506 83 8
3510 3512 8
3512 2238 8
3512 3473 8
3514 107 8
3514 6053 8
3518 111 8
3518 3069 8
3518 4800 8
3518 707 8
3518 847 8
352 1184 8
352 127 8
352 1683 8
352 2057 8
352 3788 8
352 6557 8
352 7049 8
3520 2129 8
3520 4443 8
3520 5052 8
3520 7170 8
3520 803 8
3521 5871 8
3522 2811 8
3522 3594 8
3523 3161 8
3523 347 8
3523 3547 8
3523 3563 8
3523 4638 8
3524 3079 8
3524 3395 8
3524 3884 8
3524 623 8
3525 1174 8
3525 1282 8
3525 1709 8
3525 6 8
3525 6006 8
3529 4629 8
3529 4800 8
353 303 8
353 303 8
353 520 8
353 5497 8
3530 315 8
3530 4544 8
3530 55 8
3530 577 8
3532 140 8
3532 3993 8
3533 1169 8
3533 185 8
3533 21 8
3533 2188 8
3533 3312 8
3533 4003 8
3533 659 8
3533 830 8
3534 145 8
3534 2803 8
3534 2836 8
3534 3563 8
3534 473 8
3534 511 8
3534 7276 8
3535 1169 8
3535 1201 8
3535 1623 8
3535 2605 8
3535 4295 8
3535 4367 8
3535 451 8
3535 4618 8
3535 552 8
3535 974 8
3538 2555 8
3538 3975 8
3538 4004 8
3538 4401 8
3538 4801 8
3538 5211 8
3538 538 8
3538 6181 8
354 3606 8
3540 1529 8
3540 172 8
3540 2652 8
3540 2836 8
3540 3108 8
3540 3592 8
3540 4076 8
3540 4078 8
3540 605 8
3540 863 8
3541 3835 8
3541 476 8
3544 234 8
3544 3083 8
3544 333 8
3544 3849 8
3547 194 8
3547 3162 8
3547 3549 8
3548 1958 8
3548 2791 8
3548 3112 8
3548 3243 8
3548 3556 8
3548 3878 8
3548 3925 8
3548 3946 8
3548 825 8
3549 1249 8
3549 259 8
3549 353 8
3549 3866 8
3549 5840 8
3549 7107 8
355 1756 8
355 3204 8
355 64 8
3552 3956 8
3552 7184 8
3554 4954 8
3554 914 8
3555 2773 8
3555 2783 8
3555 3523 8
3556 1862 8
3556 3563 8
3556 55 8
3556 733 8
3558 3596 8
3561 3246 8
3561 3708 8
3562 219 8
3562 3940 8
3562 4120 8
3563 1927 8
3563 2277 8
3563 2660 8
3563 282 8
3563 2995 8
3563 320 8
3563 355 8
3563 4024 8
3563 4247 8
3563 543 8
3563 956 8
3565 1739 8
3567 3568 8
3567 4165 8
3567 5559 8
3567 5851 8
357 1202 8
357 1921 8
357 2398 8
357 2453 8
357 3024 8
357 387 8
357 3893 8
357 4187 8
357 4574 8
357 48 8
3570 4006 8
3571 7069 8
3572 499 8
3572 784 8
3574 4515 8
3574 636 8
3575 1218 8
3575 4130 8
3576 1854 8
3576 541 8
3577 1487 8
3579 4807 8
3579 522 8
3579 6391 8
358 3247 8
358 488 8
3582 4522 8
3583 3076 8
3583 3186 8
3583 6024 8
3583 6559 8
3583 684 8
3583 6995 8
3584 2180 8
3584 4139 8
3584 5456 8
3586 3081 8
3586 3126 8
3586 4080 8
3586 6316 8
3587 1187 8
3587 2013 8
3587 4012 8
3587 491 8
3588 4492 8
3590 42 8
3590 6696 8
3592 193 8
3592 261 8
3592 4051 8
3592 4054 8
3592 4076 8
3592 4078 8
3592 53 8
3592 566 8
3592 5701 8
3593 1167 8
3593 2079 8
3593 2311 8
3593 2405 8
3593 248 8
3593 3884 8
3593 42 8
3593 82 8
3594 2811 8
3594 4080 8
3594 6133 8
3594 6472 8
3594 684 8
3594 7269 8
3595 4589 8
3595 6720 8
3598 47 8
3598 6898 8
3599 4800 8
3599 538 8
3599 6958 8
3599 7038 8
36 266 8
36 4018 8
36 41 8
36 6131 8
3600 193 8
3600 2221 8
3600 4451 8
3600 6977 8
3601 3057 8
3602 6734 8
3603 2157 8
3603 644 8
3603 799 8
3604 1166 8
3604 2934 8
3604 3025 8
3604 3592 8
3604 572 8
3605 1835 8
3606 1571 8
3606 1740 8
3606 308 8
3606 3593 8
3606 5279 8
3606 579 8
3606 6785 8
3606 6788 8
3606 742 8
3609 6843 8
3611 327 8
3614 354 8
3616 6584 8
3618 153 8
3618 3204 8
3618 3357 8
3618 3919 8
3618 4247 8
3618 837 8
3618 98 8
3623 1280 8
3623 2457 8
3623 3201 8
3623 4200 8
3623 5201 8
3623 5509 8
3623 604 8
3623 927 8
3628 5813 8
3629 3462 8
3629 4272 8
3629 4762 8
3629 6144 8
3629 7206 8
3629 7207 8
363 6214 8
363 963 8
3630 3106 8
3630 5820 8
3631 4162 8
3631 6409 8
3631 6455 8
3631 7297 8
364 1125 8
364 448 8
364 5570 8
3645 1820 8
3645 1963 8
3645 299 8
3645 4183 8
3647 2826 8
3647 30 8
3647 3463 8
3647 4272 8
3647 4725 8
3647 4839 8
3647 5985 8
3647 7070 8
3648 3126 8
3648 773 8
3649 5996 8
365 4012 8
3650 1210 8
3650 5813 8
3650 6913 8
3652 5046 8
3654 126 8
3654 1927 8
3654 4007 8
3654 476 8
3654 51 8
3654 5840 8
3654 687 8
3662 7160 8
3663 4737 8
3663 7077 8
3665 2778 8
3672 3844 8
3672 589 8
3674 1197 8
3676 4075 8
3676 4835 8
3676 4836 8
3676 660 8
3676 6637 8
3676 7051 8
3682 3606 8
3683 6950 8
3690 3599 8
3690 414 8
3693 1533 8
3693 560 8
3695 1183 8
3695 1188 8
3695 1988 8
3695 2676 8
3695 3244 8
3695 3267 8
3695 4117 8
3695 4150 8
3695 6031 8
3695 848 8
3696 3254 8
3697 1554 8
3697 802 8
37 3147 8
37 458 8
37 4870 8
37 5350 8
3703 6777 8
3707 2443 8
3707 44 8
3708 1842 8
3708 2333 8
3708 2676 8
3708 3974 8
3708 5392 8
3708 7138 8
371 1529 8
371 1791 8
371 2574 8
371 412 8
371 476 8
3710 3163 8
3710 3344 8
3710 3544 8
3710 4004 8
3713 1818 8
3713 4250 8
3714 1231 8
3714 2655 8
3715 1070 8
3715 1818 8
3715 657 8
3716 2031 8
3716 2155 8
3716 6791 8
3716 7252 8
3718 7058 8
372 1100 8
372 1428 8
372 3849 8
372 4498 8
372 476 8
372 5701 8
372 933 8
3723 113 8
3723 3833 8
3724 3598 8
3724 49 8
3728 2348 8
3728 2677 8
3728 2765 8
3728 3326 8
3728 4628 8
3728 872 8
3729 192 8
3729 5571 8
3736 206 8
3736 2232 8
3736 2910 8
3737 1624 8
3737 1960 8
3737 4060 8
3737 4211 8
3737 6929 8
3737 7056 8
3739 6113 8
3740 1180 8
3740 1985 8
3740 5767 8
3740 759 8
3742 4331 8
3742 6689 8
3743 3348 8
3743 4410 8
3743 471 8
3743 7030 8
3746 5895 8
375 1098 8
375 3460 8
3751 1190 8
3752 436 8
3754 1280 8
3754 147 8
3754 3132 8
3755 4762 8
3755 4768 8
3755 652 8
3757 2028 8
3757 3037 8
3757 3105 8
3757 330 8
3757 4302 8
376 1029 8
376 1098 8
376 1229 8
376 2232 8
376 2244 8
376 248 8
376 334 8
376 3423 8
376 3962 8
376 690 8
3761 3129 8
3762 1241 8
3762 1459 8
3762 1634 8
3762 30 8
3762 3647 8
3762 654 8
3764 7177 8
3766 133 8
3766 3808 8
3766 6030 8
3766 6776 8
3771 4825 8
3772 3813 8
3772 51 8
3772 644 8
3774 6842 8
3776 775 8
3779 6640 8
3780 7073 8
3782 1366 8
3782 1385 8
3782 2992 8
3782 3808 8
3782 660 8
3782 7195 8
3784 1366 8
3784 1551 8
3784 1672 8
3784 3106 8
3784 6850 8
3785 7240 8
3788 1058 8
3788 1235 8
3788 142 8
3788 171 8
3788 2681 8
3788 364 8
3788 3737 8
3788 5650 8
3788 6881 8
3788 736 8
3789 3085 8
3789 357 8
3789 4784 8
3789 5686 8
3789 6683 8
3789 98 8
3791 1650 8
3796 3771 8
3796 3771 8
3797 3772 8
3797 4276 8
3797 51 8
3799 202 8
3799 3189 8
3799 3878 8
3799 455 8
3799 508 8
38 128 8
38 128 8
38 2209 8
38 269 8
38 3120 8
38 4540 8
38 6595 8
3805 1385 8
3808 1293 8
3808 1677 8
3808 2670 8
3808 2824 8
3808 3462 8
3808 3782 8
3808 6144 8
3808 7070 8
3813 3797 8
3814 595 8
3814 75 8
3815 3718 8
3816 2230 8
3820 332 8
3820 4862 8
3820 4873 8
3822 1781 8
3822 3189 8
3822 4006 8
3822 4115 8
3822 4295 8
3822 4701 8
3823 4387 8
3829 1128 8
383 1213 8
383 497 8
3830 2892 8
3830 2893 8
3830 6557 8
3830 66 8
3830 6654 8
3831 6332 8
3831 6436 8
3832 1256 8
3832 1556 8
3832 3300 8
3832 7187 8
3832 7246 8
3832 7247 8
3833 2366 8
3833 2371 8
3833 906 8
3835 1381 8
3835 1533 8
3835 1623 8
3835 2751 8
3835 2969 8
3835 3085 8
3835 3150 8
3835 407 8
3835 4870 8
3835 5117 8
3835 5204 8
3836 2887 8
3836 3540 8
3836 3849 8
3837 2086 8
3837 2412 8
3837 2888 8
3837 4204 8
3837 423 8
3837 4707 8
3837 914 8
3839 2887 8
3840 1358 8
3840 2038 8
3840 5554 8
3844 285 8
3844 2856 8
3844 3897 8
3844 6730 8
3849 3204 8
3849 3540 8
3849 3595 8
3849 452 8
3849 4589 8
3849 4610 8
3849 491 8
3849 5548 8
3849 610 8
3849 6691 8
3849 725 8
385 1927 8
385 64 8
3851 5642 8
3852 125 8
3852 1498 8
3852 4331 8
3852 4421 8
3852 4707 8
3852 609 8
3852 844 8
3857 816 8
3862 3112 8
3862 3592 8
3862 4028 8
3862 5964 8
3862 753 8
3865 2722 8
3865 4183 8
3865 534 8
3866 189 8
3866 2791 8
3866 285 8
3866 3548 8
3866 3563 8
3866 4338 8
3867 1090 8
3867 3871 8
3867 4031 8
3867 4130 8
3867 497 8
3867 5859 8
3867 5859 8
3867 5888 8
387 1927 8
387 2888 8
387 3534 8
387 371 8
387 4008 8
387 412 8
387 4485 8
387 461 8
387 563 8
387 581 8
387 64 8
3870 1627 8
3870 1633 8
3871 1968 8
3871 3950 8
3871 5802 8
3871 5888 8
3871 5939 8
3873 275 8
3873 371 8
3873 416 8
3878 248 8
3878 3243 8
3878 3866 8
3878 4017 8
3878 4247 8
3878 4535 8
3878 5655 8
3878 6371 8
3878 6371 8
3879 1118 8
3879 1209 8
3879 3044 8
3879 5697 8
3879 6754 8
388 189 8
388 2800 8
388 6665 8
3880 5697 8
3884 2309 8
3884 4932 8
3888 3851 8
3893 1056 8
3893 2677 8
3893 3189 8
3893 3908 8
3893 831 8
3897 2847 8
3897 285 8
3897 4183 8
3897 644 8
3897 756 8
3899 4006 8
3899 536 8
39 152 8
39 179 8
39 2400 8
39 2718 8
39 3103 8
39 3977 8
39 4535 8
39 4547 8
39 46 8
39 76 8
39 914 8
3900 1148 8
3900 1975 8
3900 3150 8
3900 3184 8
3900 3415 8
3900 6698 8
3908 2235 8
3908 334 8
3908 3919 8
3908 5827 8
391 545 8
3913 1184 8
3913 1245 8
3913 2718 8
3913 465 8
3913 713 8
3918 1813 8
3918 1925 8
3918 1927 8
3918 2170 8
3919 1719 8
3919 358 8
3919 488 8
392 2005 8
392 2843 8
392 3160 8
392 4430 8
392 5042 8
3921 189 8
3921 3966 8
3921 408 8
3921 4356 8
3921 6039 8
3922 7173 8
3924 2316 8
3924 756 8
3925 247 8
3925 259 8
3925 259 8
3925 285 8
3925 3107 8
3925 3112 8
3925 3563 8
3925 536 8
3925 825 8
3925 946 8
3926 3174 8
3926 39 8
3926 4340 8
3926 6410 8
3927 1308 8
3927 4215 8
3927 4321 8
3927 452 8
3927 4656 8
3927 4879 8
3927 867 8
3928 6409 8
3928 7127 8
393 1220 8
393 1228 8
393 1985 8
393 2739 8
393 3217 8
393 3575 8
393 516 8
393 745 8
3934 1007 8
3934 1057 8
3934 1117 8
3934 2 8
3934 2079 8
3934 242 8
3934 3073 8
3934 3913 8
3934 4003 8
3934 4060 8
3934 468 8
3934 742 8
3934 9 8
3935 5820 8
3937 6716 8
394 162 8
394 1854 8
394 3276 8
394 4163 8
394 5497 8
394 5782 8
394 66 8
394 689 8
394 7248 8
3940 295 8
3941 2133 8
3941 220 8
3941 3952 8
3941 4537 8
3945 2568 8
3945 5628 8
3946 189 8
3946 2369 8
3946 2755 8
3946 3246 8
3946 4445 8
3946 55 8
3947 5532 8
3949 1174 8
3949 323 8
3949 4060 8
3949 4211 8
3949 4873 8
3949 7074 8
395 3338 8
395 3392 8
395 375 8
395 3940 8
3952 4537 8
3952 5975 8
3953 1079 8
3953 1087 8
3953 2655 8
3953 3422 8
3953 4460 8
3953 831 8
3954 1079 8
3954 224 8
3954 4307 8
3954 759 8
3956 4493 8
3956 4932 8
3956 5932 8
3956 6490 8
3956 7183 8
3957 7255 8
3962 145 8
3962 314 8
3965 122 8
3965 2773 8
3965 320 8
3965 5655 8
3965 725 8
3965 825 8
3966 3567 8
3966 4353 8
3966 4568 8
3966 4586 8
3966 4613 8
3967 441 8
397 2910 8
3970 5925 8
3972 2800 8
3972 3973 8
3972 4610 8
3972 5729 8
3973 2800 8
3973 4000 8
3973 5729 8
3973 5729 8
3973 6570 8
3973 6680 8
3974 1313 8
3976 3973 8
3976 5655 8
3976 7015 8
3976 7294 8
3977 102 8
3977 83 8
3978 3580 8
3978 4080 8
3978 522 8
3979 6589 8
3982 4106 8
3985 270 8
3987 235 8
3988 538 8
3989 1184 8
3989 1439 8
3989 2240 8
3989 3079 8
3989 563 8
3989 5660 8
3989 5660 8
3990 277 8
3990 3071 8
3990 3076 8
3990 3583 8
3990 4046 8
3990 5568 8
3990 6133 8
3992 4853 8
3993 4729 8
3993 646 8
3994 526 8
400 1029 8
400 1190 8
400 2392 8
400 3606 8
400 4178 8
400 4461 8
400 456 8
4001 1796 8
4001 1981 8
4001 449 8
4001 519 8
4003 1117 8
4003 202 8
4003 2714 8
4003 272 8
4003 277 8
4003 4008 8
4003 405 8
4003 4287 8
4003 4581 8
4003 548 8
4003 5922 8
4003 610 8
4003 789 8
4003 851 8
4004 3163 8
4004 6146 8
4005 1546 8
4005 2233 8
4005 4028 8
4006 2012 8
4006 4028 8
4006 572 8
4006 6160 8
4006 6955 8
4007 2984 8
4007 4959 8
4007 5724 8
4008 6209 8
401 2021 8
4012 4677 8
4013 3993 8
4018 1201 8
4018 1796 8
4019 2910 8
4019 6821 8
4024 6252 8
4024 670 8
4028 1265 8
4028 2221 8
4028 3540 8
4028 3623 8
4028 3849 8
4028 4068 8
4028 4076 8
4028 4205 8
4028 4712 8
4028 530 8
4031 5888 8
4031 6587 8
4038 644 8
4038 799 8
404 1623 8
4040 1235 8
4043 2238 8
4043 335 8
4043 3466 8
4045 4056 8
4046 4051 8
4047 6725 8
4048 5203 8
405 605 8
4050 2929 8
4050 6734 8
4051 186 8
4051 2722 8
4051 3540 8
4051 4801 8
4051 530 8
4051 6841 8
4052 4336 8
4052 5559 8
4052 5901 8
4052 6845 8
4053 4451 8
4053 4669 8
4053 4712 8
4053 4807 8
4053 707 8
4053 842 8
4054 1166 8
4054 235 8
4054 2916 8
4054 4313 8
4054 622 8
4056 7136 8
4057 1498 8
4057 2048 8
4057 444 8
4057 6861 8
4058 2413 8
4058 2796 8
4058 4183 8
4058 4498 8
4058 4593 8
4058 5568 8
4058 5851 8
4058 707 8
4060 2 8
4060 275 8
4060 285 8
4060 3934 8
4060 4445 8
4060 4880 8
4060 510 8
4060 6935 8
4060 7236 8
4062 3835 8
4063 3049 8
4063 788 8
4068 444 8
4068 707 8
4069 2797 8
4069 2812 8
407 5840 8
4070 4076 8
4070 4421 8
4070 443 8
4070 5359 8
4070 6423 8
4071 2851 8
4074 4126 8
4074 4150 8
4074 6694 8
4075 1987 8
4075 2307 8
4075 3353 8
4075 3676 8
4075 4825 8
4075 6080 8
4076 112 8
4076 3071 8
4076 3085 8
4076 4467 8
4076 45 8
4076 561 8
4077 6599 8
4077 6942 8
4078 3174 8
4078 4076 8
4078 5891 8
408 2801 8
408 3523 8
408 3946 8
408 6115 8
4080 2031 8
4080 4302 8
4080 4586 8
4080 4831 8
4080 4840 8
4080 5916 8
4080 5917 8
4080 6169 8
4080 6682 8
4082 4469 8
4082 7012 8
4087 3335 8
4087 4368 8
4087 4876 8
4087 5650 8
4090 7102 8
4091 3262 8
4091 3423 8
4096 219 8
4098 4557 8
4098 4634 8
4098 4669 8
4098 6903 8
41 124 8
41 1879 8
41 3120 8
41 36 8
41 3789 8
41 4003 8
4105 116 8
4105 1650 8
4105 2012 8
4105 3081 8
4105 3852 8
4105 4862 8
4105 844 8
4106 904 8
4107 1769 8
4107 49 8
4107 5815 8
4108 3222 8
4112 1183 8
4112 1188 8
4112 1989 8
4112 3267 8
4112 3676 8
4112 4115 8
4112 4150 8
4112 6085 8
4113 543 8
4115 2357 8
4115 3630 8
4115 3663 8
4115 4006 8
4115 4125 8
4115 4302 8
4115 54 8
4117 3106 8
4117 4150 8
4117 4836 8
4117 6193 8
4117 660 8
412 1791 8
412 510 8
4120 3392 8
4120 4281 8
4124 3766 8
4125 1366 8
4125 2357 8
4125 3267 8
4125 3293 8
4125 6193 8
4125 6694 8
4125 7137 8
4126 1183 8
4126 3293 8
4126 3695 8
4126 4112 8
4126 6085 8
4126 6161 8
4126 848 8
4130 1175 8
4130 2007 8
4130 3869 8
4130 7063 8
4131 1987 8
4131 5503 8
4134 376 8
4134 5888 8
4135 1100 8
4135 1672 8
4135 3106 8
4135 3784 8
4135 64 8
4135 6848 8
4137 4074 8
4137 6637 8
4137 6676 8
4139 2348 8
4139 3710 8
4139 649 8
4139 6698 8
4139 739 8
414 112 8
414 2189 8
414 3446 8
414 387 8
414 456 8
414 6585 8
414 6586 8
414 684 8
414 728 8
414 731 8
4141 577 8
4144 1063 8
4144 1070 8
4144 1200 8
4144 145 8
4144 224 8
4145 3967 8
415 2011 8
415 4327 8
415 4585 8
4150 2503 8
4152 2672 8
416 1025 8
416 1566 8
416 3189 8
416 3312 8
416 4080 8
416 414 8
416 5891 8
416 6884 8
416 842 8
4160 6870 8
4162 1987 8
4162 2665 8
4162 2685 8
4162 3630 8
4162 3935 8
4162 4289 8
4162 6700 8
4162 6900 8
4162 7122 8
4168 1976 8
4178 1190 8
4178 1206 8
4178 1973 8
4178 5026 8
4182 2110 8
4182 3837 8
4182 423 8
4183 357 8
4183 4613 8
4183 4625 8
4183 4664 8
4183 6112 8
4183 6671 8
4187 113 8
4187 1501 8
4187 3024 8
4187 4280 8
419 145 8
419 704 8
4194 5697 8
4197 263 8
42 1180 8
42 1190 8
42 174 8
42 3740 8
42 446 8
42 485 8
42 5859 8
42 62 8
42 6744 8
4200 1265 8
4200 1472 8
4200 1722 8
4200 2819 8
4200 2819 8
4200 3201 8
4200 3301 8
4200 4028 8
4200 4205 8
4200 4512 8
4200 453 8
4200 579 8
4204 3083 8
4204 3852 8
4204 4105 8
4204 4421 8
4205 1280 8
4205 142 8
4205 3026 8
4205 3201 8
4205 3623 8
4205 3623 8
4205 3788 8
4205 3788 8
4205 448 8
4205 604 8
4205 976 8
4208 5433 8
421 12 8
421 3873 8
421 623 8
421 635 8
421 736 8
4210 2979 8
4210 3851 8
4210 3888 8
4210 459 8
4210 462 8
4210 6137 8
4211 4060 8
4211 5963 8
4211 5963 8
4211 6572 8
4211 6935 8
4215 24 8
4217 2002 8
4217 3396 8
423 3538 8
423 4003 8
4234 1313 8
4237 3840 8
4239 1209 8
4239 3879 8
4244 4540 8
4245 4471 8
4245 6395 8
4245 6573 8
4245 6573 8
4245 6574 8
4245 6575 8
4249 1836 8
4249 690 8
4250 3954 8
4256 6868 8
4261 5214 8
4263 3788 8
4263 4333 8
4266 44 8
4269 2263 8
4269 2288 8
4269 36 8
4269 6766 8
4270 6952 8
4270 7049 8
4270 7050 8
4271 3567 8
4271 3604 8
4271 4582 8
4271 4932 8
4271 5901 8
4272 4307 8
4272 4657 8
4272 4768 8
4272 4839 8
4272 5738 8
4272 6611 8
4272 7206 8
4273 6582 8
4274 1623 8
4274 1698 8
4274 2350 8
4274 314 8
4274 4183 8
4274 6828 8
4276 4569 8
4276 4609 8
4276 4725 8
4277 1597 8
4277 3462 8
4277 3762 8
4277 3797 8
4277 4662 8
4277 4762 8
4277 6302 8
4281 1853 8
4282 3134 8
4282 3169 8
4282 4852 8
4282 859 8
4283 4932 8
4283 872 8
4284 431 8
4284 6855 8
4285 2766 8
4285 2767 8
4285 6914 8
4285 6915 8
4285 6915 8
4287 1933 8
4287 1938 8
4287 239 8
4287 272 8
4287 3728 8
4287 461 8
4290 4131 8
4291 42 8
4293 6707 8
4295 2832 8
4295 4823 8
4295 7089 8
4296 4651 8
4296 4651 8
4296 4652 8
4296 4652 8
4296 4653 8
430 543 8
4302 111 8
4302 1295 8
4302 4313 8
4302 4313 8
4302 4668 8
4302 4789 8
4302 4934 8
4302 6103 8
4302 6586 8
4302 7095 8
4303 3326 8
4303 4302 8
4303 4554 8
4303 461 8
4303 6046 8
4307 1866 8
4307 4839 8
4307 6144 8
4307 7132 8
4308 3129 8
4308 3131 8
4309 2008 8
4309 3135 8
4309 3525 8
4309 3791 8
4309 5964 8
4309 7225 8
4309 871 8
4309 871 8
4309 876 8
431 543 8
4313 1166 8
4313 1295 8
4313 1303 8
4313 3077 8
4313 4068 8
4314 1449 8
4318 1200 8
4318 1200 8
4318 3941 8
4318 5767 8
4318 6109 8
4319 2383 8
4319 3112 8
4319 3157 8
432 539 8
4320 303 8
4320 5497 8
4321 3947 8
4323 3530 8
4323 3761 8
4323 4308 8
4323 4665 8
4323 4687 8
4323 4775 8
4324 6194 8
4327 4374 8
4327 5851 8
4327 5894 8
4328 4282 8
4328 4774 8
4328 4852 8
4328 6542 8
4328 859 8
4331 4533 8
4331 5654 8
4331 5686 8
4333 1012 8
4333 4144 8
4333 4648 8
4333 5250 8
4333 5616 8
4333 759 8
4336 1862 8
4336 2791 8
4336 3925 8
4336 4353 8
4336 4356 8
4336 4568 8
4337 7218 8
4338 2758 8
4338 2770 8
4338 3230 8
4338 3866 8
4338 4336 8
4338 4356 8
4338 444 8
4338 4613 8
4338 6125 8
4339 3665 8
4339 3968 8
4340 2901 8
4340 3083 8
4340 3126 8
4340 4105 8
4344 1578 8
4344 3272 8
4344 3521 8
4344 5976 8
4344 851 8
4348 3157 8
4348 3157 8
4348 4319 8
4349 616 8
435 171 8
435 2380 8
4353 248 8
4353 2761 8
4353 2791 8
4353 3157 8
4353 3548 8
4353 4336 8
4353 4613 8
4356 166 8
4356 3866 8
4356 4353 8
4356 4499 8
4356 960 8
4357 6017 8
4357 755 8
4359 1621 8
4359 3443 8
436 6007 8
4360 2280 8
4367 104 8
4367 3563 8
4368 2840 8
4368 622 8
4372 2553 8
4372 2987 8
4373 1327 8
4373 2871 8
4374 2368 8
4374 4521 8
4374 960 8
4375 140 8
4375 6197 8
4375 6198 8
4375 6215 8
4375 646 8
4378 6561 8
4379 207 8
4379 2443 8
4379 2450 8
4379 264 8
4379 3018 8
4379 3189 8
4379 507 8
4379 530 8
4379 6898 8
4380 3834 8
4382 1111 8
4382 1866 8
4382 2670 8
4382 6735 8
4383 4303 8
4383 4571 8
4383 508 8
4384 5857 8
4384 6889 8
4385 6971 8
4387 1597 8
4387 4854 8
4387 5650 8
4393 4416 8
4393 6950 8
4394 1139 8
4395 2823 8
4395 6304 8
4395 6905 8
44 314 8
44 3307 8
44 3924 8
44 6094 8
44 7194 8
440 1482 8
440 1711 8
440 220 8
440 468 8
440 496 8
440 621 8
440 64 8
440 879 8
4401 3016 8
4401 3879 8
4402 5203 8
4402 5215 8
4404 1139 8
4410 1056 8
4410 19 8
4410 649 8
4410 689 8
4410 748 8
4412 766 8
4416 7172 8
4417 60 8
4417 6648 8
4417 6814 8
4421 1498 8
4421 23 8
4421 2412 8
4421 3071 8
4421 3081 8
4421 3083 8
4421 3534 8
4421 4456 8
4421 4570 8
4421 4707 8
4422 158 8
4422 3566 8
4423 4077 8
4423 6851 8
4423 6877 8
4423 6924 8
4423 7244 8
443 3925 8
443 572 8
443 5851 8
4430 2348 8
4435 2933 8
4435 4564 8
4438 2305 8
4438 7075 8
4439 3069 8
4439 4323 8
4439 4606 8
4439 7182 8
444 3195 8
444 3586 8
444 4565 8
444 4586 8
4443 2111 8
4443 2426 8
4443 3441 8
4443 543 8
4443 589 8
4444 3111 8
4444 3822 8
4444 5863 8
4445 2383 8
4445 285 8
4445 32 8
4445 3547 8
4445 3548 8
4445 3946 8
4445 4631 8
4450 5894 8
4451 4450 8
4451 4461 8
4451 4471 8
4451 4557 8
4451 490 8
4451 6395 8
4453 1424 8
4456 5290 8
4459 3337 8
4459 5435 8
446 1234 8
446 1973 8
446 2347 8
446 2848 8
446 314 8
446 3381 8
446 5818 8
446 6707 8
4460 5815 8
4460 603 8
4460 7099 8
4460 831 8
4461 1005 8
4461 3262 8
4461 4057 8
4461 4471 8
4461 6003 8
4467 2836 8
4467 4051 8
4467 5359 8
4467 6423 8
4469 169 8
4469 6294 8
447 1057 8
447 1748 8
447 2189 8
447 3175 8
447 3396 8
447 387 8
447 452 8
4471 3312 8
4471 3600 8
4471 3978 8
4471 4302 8
4471 4451 8
4471 4815 8
4471 5862 8
4471 5928 8
4471 6986 8
4473 127 8
4473 2143 8
4473 3466 8
4473 3788 8
448 1123 8
448 1782 8
448 2242 8
448 2647 8
448 2681 8
448 3490 8
448 604 8
4485 3079 8
4485 372 8
4485 4493 8
4485 4673 8
4485 6490 8
4485 7183 8
4485 7184 8
4489 193 8
4489 4439 8
4489 5568 8
449 1924 8
449 1933 8
449 74 8
4490 5634 8
4490 739 8
4492 3926 8
4492 4105 8
4492 414 8
4492 527 8
4492 563 8
4492 614 8
4492 6339 8
4492 6572 8
4493 3064 8
4493 3552 8
4493 4302 8
4493 4485 8
4493 4673 8
4493 6490 8
4493 7184 8
4494 2491 8
4498 2714 8
4498 4183 8
4498 4588 8
4498 4717 8
4499 2634 8
4499 4630 8
4499 5719 8
45 1482 8
45 1711 8
45 2200 8
45 285 8
45 4489 8
45 4576 8
45 461 8
45 548 8
45 862 8
4501 1098 8
4501 2350 8
4501 375 8
4501 4120 8
4501 6828 8
4503 3708 8
4505 6577 8
4505 6620 8
451 1275 8
451 133 8
451 2514 8
451 3124 8
451 471 8
451 6723 8
451 7106 8
451 960 8
4510 7125 8
4511 2876 8
4511 4883 8
4511 6563 8
4513 5359 8
4513 5548 8
4515 4700 8
4515 4716 8
4515 6073 8
4515 6887 8
452 2887 8
452 5117 8
452 704 8
4520 3990 8
4520 6820 8
4520 6986 8
4521 4327 8
4521 5559 8
4522 508 8
4522 6653 8
4523 5736 8
4527 2810 8
4527 3897 8
453 109 8
453 1698 8
453 2111 8
453 339 8
453 5430 8
453 6603 8
4530 3116 8
4530 41 8
4531 6147 8
4531 6953 8
4533 6689 8
4534 1179 8
4535 713 8
4536 2714 8
4536 4269 8
4538 4604 8
4538 668 8
4538 7060 8
4539 3120 8
4540 101 8
4540 128 8
4540 1676 8
4540 3120 8
4540 3506 8
4540 4523 8
4542 114 8
4542 127 8
4542 1929 8
4542 223 8
4542 223 8
4542 4547 8
4542 461 8
4542 6605 8
4544 6894 8
4545 6522 8
4545 7047 8
4545 7092 8
4547 3506 8
4547 3754 8
4547 3757 8
4547 7060 8
4548 2200 8
4548 5940 8
4549 1184 8
4549 461 8
4549 5832 8
4549 5998 8
4549 669 8
455 1294 8
455 3593 8
455 3789 8
455 440 8
455 4759 8
455 950 8
4551 5559 8
4551 6583 8
4551 6590 8
4554 5548 8
4554 6410 8
4554 6498 8
4555 5650 8
4557 193 8
4557 4634 8
4557 74 8
456 2888 8
456 3079 8
456 3593 8
456 3849 8
456 4625 8
456 659 8
4565 4596 8
4568 4677 8
4569 2826 8
4569 4609 8
4569 4679 8
4569 4762 8
4570 461 8
4570 6593 8
4571 3599 8
4573 6556 8
4573 6767 8
4574 1529 8
4574 2011 8
4574 4593 8
4574 462 8
4574 5959 8
4574 6936 8
4576 5631 8
458 157 8
458 5249 8
4581 3837 8
4581 3975 8
4581 4182 8
4581 538 8
4582 3518 8
4582 3966 8
4582 4336 8
4582 798 8
4585 2759 8
4585 842 8
4586 1676 8
4586 3085 8
4586 6490 8
4586 6660 8
4586 6907 8
4586 6908 8
4588 3592 8
4588 3595 8
4588 3690 8
4588 4585 8
4589 6614 8
459 3361 8
4592 3594 8
4592 4586 8
4592 6435 8
4592 6651 8
4593 2634 8
4593 2713 8
4593 3518 8
4593 3865 8
4593 4052 8
4593 4058 8
4593 4303 8
4593 4499 8
4593 4731 8
4594 3126 8
4594 4451 8
4594 4571 8
4594 6440 8
4596 2008 8
4596 3079 8
4596 6593 8
4596 6660 8
4598 6226 8
460 1819 8
460 4344 8
4603 1187 8
4605 38 8
4605 39 8
4605 4538 8
4606 3586 8
4606 4489 8
4608 4499 8
4608 4815 8
4608 5719 8
4609 2826 8
4609 3154 8
4609 3462 8
4609 3647 8
4609 4569 8
4609 4624 8
4609 4679 8
4609 4762 8
4609 7199 8
461 1711 8
461 2143 8
461 223 8
461 239 8
461 299 8
461 3004 8
461 3101 8
461 3103 8
461 3108 8
461 3150 8
461 3908 8
461 4471 8
461 5914 8
461 6660 8
461 789 8
4610 3079 8
4610 3190 8
4610 4493 8
4610 6590 8
4611 4078 8
4611 443 8
4611 492 8
4613 1862 8
4613 248 8
4613 3558 8
4613 3830 8
4613 3966 8
4613 4336 8
4613 4348 8
4613 4356 8
4613 4631 8
4613 4691 8
4616 1899 8
4616 6169 8
4616 6280 8
4616 6693 8
4618 1415 8
4618 3113 8
4618 3506 8
4618 468 8
4618 7 8
462 3150 8
462 3870 8
462 3893 8
462 595 8
4621 1899 8
4624 3797 8
4624 4569 8
4624 7070 8
4625 4527 8
4625 4883 8
4628 2934 8
4628 521 8
4629 2188 8
4629 2811 8
4629 4570 8
4629 5719 8
4629 5951 8
4638 3563 8
4638 6125 8
4638 6251 8
4640 4639 8
4647 6031 8
4647 6172 8
4648 1044 8
4648 1044 8
4648 1297 8
4648 5250 8
4648 5688 8
4648 721 8
4649 5689 8
465 1226 8
465 1921 8
465 2309 8
465 2713 8
465 4076 8
465 4183 8
465 445 8
465 4755 8
465 561 8
465 914 8
4650 1081 8
4650 238 8
4650 4401 8
4651 4296 8
4651 4652 8
4651 4653 8
4651 4657 8
4652 4296 8
4652 4651 8
4652 4651 8
4652 4657 8
4652 4723 8
4652 4797 8
4653 3647 8
4653 4277 8
4653 4652 8
4653 4657 8
4653 4723 8
4653 4725 8
4653 4797 8
4654 1253 8
4656 131 8
4656 177 8
4656 1924 8
4656 3372 8
4656 4321 8
4656 543 8
4657 4296 8
4657 4662 8
4657 4723 8
4657 6144 8
466 112 8
466 1202 8
466 2221 8
466 522 8
466 6391 8
4661 4695 8
4661 4766 8
4662 3629 8
4662 4695 8
4662 4766 8
4662 7213 8
4668 1295 8
4668 3757 8
4669 1216 8
4669 3579 8
4669 4594 8
4669 466 8
467 132 8
467 3215 8
467 4664 8
467 4758 8
467 653 8
467 659 8
467 801 8
4673 3956 8
4673 6490 8
4673 7183 8
4674 2545 8
4675 4544 8
4676 2545 8
4676 577 8
4677 4568 8
4677 491 8
4677 522 8
4678 1985 8
4679 2826 8
4679 4569 8
4679 4609 8
468 1711 8
468 187 8
468 227 8
468 4040 8
468 622 8
468 7282 8
4680 3547 8
4680 4374 8
4680 4445 8
4680 997 8
4682 4323 8
4682 4685 8
4682 4687 8
4682 4711 8
4682 4772 8
4685 3380 8
4685 4682 8
4685 4686 8
4685 4687 8
4685 6765 8
4686 3380 8
4686 4682 8
4686 4682 8
4686 4687 8
4686 4687 8
4686 4711 8
4687 2545 8
4687 4676 8
4687 4711 8
4687 4772 8
4687 6894 8
4689 444 8
4689 6896 8
4691 4586 8
4691 4625 8
4691 4821 8
4695 4661 8
4695 4662 8
4695 4766 8
4698 4704 8
4698 632 8
4699 4245 8
4699 4245 8
4699 4493 8
4699 5189 8
4699 5203 8
4699 6573 8
4699 6573 8
4699 6575 8
4699 6681 8
47 2111 8
47 2986 8
47 337 8
47 6030 8
47 62 8
47 637 8
47 778 8
470 7224 8
4700 3334 8
4702 1231 8
4702 2545 8
4702 2898 8
4702 4676 8
4702 4687 8
4703 2836 8
4703 4705 8
4703 5981 8
4705 4706 8
4707 2412 8
4707 3081 8
4707 4204 8
4707 4204 8
4707 5931 8
4709 4006 8
4709 4703 8
4709 6886 8
471 1482 8
471 2558 8
471 2612 8
471 4368 8
471 622 8
471 778 8
4711 3380 8
4711 4685 8
4711 4772 8
4712 4492 8
4712 4574 8
4712 4675 8
4712 4676 8
4712 5719 8
4716 4703 8
4716 492 8
4717 4302 8
4717 4800 8
4717 6339 8
472 1348 8
472 2713 8
472 6423 8
472 6608 8
4723 4651 8
4724 7002 8
4725 3629 8
4725 4272 8
4725 652 8
4729 6317 8
4729 6558 8
473 3163 8
473 5729 8
473 581 8
473 605 8
4731 4527 8
4731 6099 8
4732 4638 8
4734 5657 8
4735 2735 8
4735 3814 8
4735 4796 8
4735 7017 8
4737 1545 8
4742 605 8
4746 3973 8
4746 7283 8
4746 7299 8
4748 3169 8
4748 4038 8
4748 644 8
4749 259 8
4749 4758 8
4749 4759 8
4750 4749 8
4750 5827 8
4752 2800 8
4752 3534 8
4752 852 8
4752 862 8
4754 4145 8
4756 2735 8
4757 133 8
4757 1398 8
4757 2035 8
4757 4318 8
4757 759 8
4758 199 8
4758 3326 8
4758 3962 8
4758 4750 8
4758 4759 8
4759 467 8
476 1109 8
476 124 8
476 132 8
476 1791 8
476 3530 8
476 371 8
476 3873 8
476 440 8
476 635 8
4760 4145 8
4760 4852 8
4760 6050 8
4760 859 8
4761 7053 8
4762 2826 8
4762 3762 8
4762 4569 8
4762 4609 8
4763 5910 8
4766 4661 8
4766 4662 8
4766 4695 8
4768 2826 8
4768 4272 8
4768 4277 8
4768 4653 8
4768 4725 8
4768 4839 8
4768 6611 8
4768 7213 8
4771 1177 8
4771 448 8
4771 543 8
4771 864 8
4771 92 8
4772 1676 8
4772 3380 8
4772 4682 8
4772 4685 8
4772 4687 8
4772 4702 8
4772 6894 8
4773 2836 8
4773 683 8
4774 2847 8
4774 4040 8
4774 4282 8
4774 4282 8
4774 4328 8
4774 4852 8
4774 4852 8
4774 4852 8
4774 6050 8
4774 6542 8
4775 3129 8
4775 4308 8
4775 4323 8
4777 4664 8
4778 99 8
4782 4106 8
4783 3131 8
4783 85 8
4784 3789 8
4785 2557 8
4785 3799 8
4789 1295 8
4789 4313 8
4789 4668 8
479 1386 8
479 1564 8
479 157 8
4794 5838 8
4796 1670 8
4796 1838 8
4796 2234 8
4796 3814 8
4796 4007 8
4796 5449 8
4796 5650 8
4797 3343 8
4797 4296 8
4797 4657 8
4797 4657 8
4797 4723 8
48 138 8
48 222 8
48 256 8
4800 2011 8
4800 4489 8
4801 4004 8
4801 4046 8
4801 4807 8
4801 6181 8
4803 2464 8
4803 258 8
4803 6631 8
4803 7091 8
4804 1239 8
4804 2819 8
4806 5842 8
4807 3081 8
4807 3529 8
4807 3990 8
4807 4046 8
4807 548 8
4807 5701 8
4807 6440 8
4808 3595 8
4808 4810 8
4810 6671 8
4812 1150 8
4812 1297 8
4812 6427 8
4815 4028 8
4815 5913 8
4818 5047 8
4818 5834 8
482 1571 8
482 1857 8
482 1869 8
482 4764 8
482 4844 8
4820 6889 8
4821 4271 8
4821 5863 8
4821 5963 8
4821 6490 8
4821 6660 8
4821 6961 8
4823 1781 8
4824 7296 8
4825 7176 8
4831 3583 8
4831 4840 8
4831 5929 8
4831 5930 8
4831 5930 8
4831 6559 8
4834 3611 8
4835 1188 8
4835 2763 8
4835 4075 8
4835 6097 8
4835 6172 8
4835 7079 8
4836 4912 8
4836 7117 8
4838 4831 8
4838 4841 8
4839 2104 8
4839 3154 8
4839 4272 8
4839 4657 8
4839 4768 8
4839 5650 8
4839 7070 8
4839 7206 8
4840 2031 8
4840 3583 8
4840 4080 8
4840 4831 8
4840 5917 8
4840 6067 8
4840 6559 8
4840 6560 8
4840 6994 8
4840 7061 8
4841 7061 8
4841 7205 8
4841 7241 8
4843 7070 8
4843 7071 8
4848 4362 8
485 1090 8
485 1221 8
485 3867 8
4850 6813 8
4850 6852 8
4854 3823 8
4854 3823 8
4854 853 8
4856 409 8
4858 5681 8
486 2816 8
486 479 8
4862 2934 8
4862 3155 8
4862 3820 8
4862 3949 8
4862 444 8
4862 6046 8
4862 6176 8
4862 6817 8
4862 871 8
4870 246 8
4870 4536 8
4872 1782 8
4872 2890 8
4872 36 8
4872 4368 8
4872 6125 8
4873 5919 8
4873 5971 8
4873 7233 8
4876 3001 8
4876 4368 8
4876 5650 8
4879 2752 8
4879 2957 8
488 1221 8
488 153 8
488 1719 8
488 2783 8
488 320 8
488 3204 8
488 3919 8
488 3965 8
488 4338 8
488 787 8
4880 2383 8
4883 1650 8
4883 3966 8
4883 5654 8
4883 5919 8
4883 6557 8
4883 7049 8
4887 2008 8
4887 4309 8
4887 6006 8
4887 6046 8
4887 871 8
4891 4283 8
4896 1769 8
4896 513 8
4896 6096 8
49 220 8
49 2661 8
49 3503 8
490 5894 8
490 7228 8
4900 5228 8
4901 3002 8
4901 5022 8
4901 6831 8
491 1187 8
491 3574 8
491 4057 8
491 4716 8
491 5869 8
4912 4125 8
4912 6097 8
4912 6172 8
4917 4661 8
4917 4766 8
492 521 8
492 572 8
492 6266 8
4920 3172 8
4926 6579 8
493 1498 8
493 3176 8
493 4005 8
493 572 8
4930 5035 8
4932 1007 8
4932 2876 8
4932 3540 8
4932 3572 8
4932 3593 8
4932 5393 8
4932 5932 8
4932 748 8
4934 3064 8
4934 4593 8
4937 2929 8
494 4368 8
4942 1313 8
4942 3918 8
4947 5058 8
4949 1910 8
4949 2735 8
4954 4105 8
4959 4960 8
496 2067 8
496 2272 8
496 879 8
4960 6169 8
4960 6564 8
4966 4831 8
4969 6652 8
498 6618 8
4980 6827 8
4983 1012 8
4983 5156 8
4983 6208 8
499 3956 8
499 4932 8
499 784 8
5007 4453 8
5008 393 8
502 4758 8
502 6432 8
502 914 8
5020 3395 8
5022 3002 8
5022 6831 8
503 4542 8
503 6006 8
5032 2514 8
5032 2784 8
5035 4649 8
5035 6678 8
5035 6678 8
5041 552 8
5042 2005 8
5042 7119 8
5046 1464 8
5047 4818 8
5047 5834 8
507 3593 8
5075 1171 8
508 112 8
508 1202 8
508 4060 8
5092 7150 8
51 2780 8
51 2847 8
51 3813 8
51 644 8
51 698 8
51 775 8
510 1226 8
510 1529 8
510 17 8
510 178 8
510 3077 8
510 337 8
510 337 8
510 3593 8
510 371 8
510 3913 8
510 684 8
510 862 8
5100 6738 8
5103 2143 8
511 2718 8
5117 1838 8
5117 4872 8
5122 3422 8
5122 5035 8
5122 6678 8
513 2738 8
513 3357 8
5138 1205 8
5138 376 8
514 3535 8
514 593 8
514 741 8
5156 2699 8
5156 4378 8
5156 6137 8
516 4291 8
516 685 8
5172 1966 8
5172 3642 8
5172 5566 8
5176 3200 8
5183 3708 8
5189 5215 8
519 1796 8
519 1933 8
5191 228 8
5194 1885 8
5198 1299 8
5198 3565 8
5198 4505 8
5199 2681 8
5199 3026 8
5199 3623 8
5199 4205 8
5199 448 8
5199 5429 8
520 3612 8
5201 3372 8
5201 5509 8
5203 4261 8
5203 5189 8
5203 5189 8
5203 522 8
5203 6440 8
5203 6573 8
5204 1692 8
5204 2930 8
521 2677 8
521 4554 8
521 5548 8
521 738 8
5211 4063 8
5211 6738 8
5211 788 8
5214 4402 8
5214 5189 8
5214 5203 8
5214 5215 8
5215 4261 8
5215 4699 8
5217 4654 8
522 1938 8
522 202 8
522 3189 8
522 610 8
5228 6754 8
5232 6839 8
524 2890 8
524 468 8
5241 2348 8
5243 4983 8
5249 1245 8
5249 588 8
5249 6093 8
5250 1012 8
5250 1044 8
5250 1150 8
5250 4333 8
5250 4812 8
5250 759 8
5256 3974 8
526 3595 8
526 4421 8
526 492 8
526 6638 8
5263 1196 8
5263 3091 8
5263 3272 8
5264 5383 8
5271 4699 8
5271 6275 8
5273 2178 8
5278 6821 8
5278 7076 8
5279 1566 8
5279 1973 8
5279 2457 8
5279 579 8
528 461 8
528 6346 8
5282 2429 8
5282 3148 8
5282 6985 8
5283 2031 8
5283 2575 8
5290 3978 8
5290 4254 8
5290 522 8
5290 5512 8
53 1245 8
53 3073 8
53 3150 8
53 3710 8
53 372 8
53 3865 8
53 3913 8
53 742 8
53 803 8
530 1187 8
530 1216 8
530 2006 8
530 261 8
530 2714 8
530 3593 8
530 4801 8
530 633 8
530 830 8
5300 1818 8
5300 4735 8
5306 453 8
5311 2476 8
5311 3345 8
5312 5326 8
5313 2461 8
5313 960 8
5315 5330 8
5316 5532 8
5326 1536 8
5330 672 8
5344 1912 8
5344 5922 8
5347 5312 8
5350 3654 8
5354 6641 8
5357 6093 8
5359 111 8
5359 3518 8
5359 4058 8
5359 5468 8
5359 5559 8
5359 5951 8
5359 6423 8
5359 6506 8
5359 707 8
5359 7235 8
536 3174 8
536 3710 8
536 4954 8
536 827 8
5363 2021 8
5363 2227 8
5363 595 8
5365 4324 8
5367 3419 8
537 1791 8
537 211 8
537 387 8
5370 7102 8
538 2006 8
538 2240 8
538 2890 8
538 3073 8
538 3312 8
538 3518 8
538 3533 8
538 3592 8
538 4269 8
538 4383 8
5383 1912 8
5383 5344 8
539 546 8
5393 3572 8
5393 499 8
5393 5932 8
5393 784 8
54 1545 8
54 2357 8
54 3106 8
54 4115 8
54 4162 8
540 543 8
5407 1307 8
5407 2259 8
541 162 8
541 1854 8
541 451 8
5411 2443 8
543 18 8
543 2233 8
543 272 8
543 3079 8
543 3277 8
543 4107 8
543 4139 8
543 4876 8
543 4932 8
5430 353 8
5430 3623 8
5430 448 8
5430 807 8
5435 3356 8
544 4752 8
544 581 8
5449 3814 8
545 132 8
545 2735 8
545 3540 8
545 3873 8
545 3978 8
545 519 8
545 605 8
5455 1692 8
5455 2196 8
5455 451 8
5455 828 8
5456 2305 8
5456 2891 8
5456 6699 8
546 1564 8
5463 5306 8
5468 4058 8
5468 4593 8
5468 6653 8
5468 6772 8
547 2699 8
547 2856 8
547 3262 8
547 471 8
5478 1240 8
5478 204 8
548 2129 8
548 2718 8
548 277 8
5483 5430 8
549 2999 8
5497 121 8
5497 1975 8
5497 202 8
5497 2682 8
5497 303 8
5497 3077 8
5497 3150 8
5497 3189 8
5497 552 8
5497 7107 8
5498 5512 8
5498 5547 8
5498 6568 8
5498 6569 8
55 1033 8
55 1134 8
55 1415 8
55 521 8
55 670 8
5503 6476 8
5509 2819 8
5509 3372 8
5509 4654 8
5512 492 8
5512 6567 8
5512 6569 8
5512 6599 8
5515 595 8
5518 2287 8
5518 3851 8
552 2979 8
552 307 8
552 308 8
552 3443 8
552 6168 8
5522 2234 8
5532 1410 8
5532 1985 8
5532 3056 8
5532 3372 8
5532 3879 8
5532 4194 8
5532 4239 8
5532 4656 8
5532 4769 8
5532 5697 8
5533 1623 8
5542 2640 8
5542 2929 8
5542 867 8
5547 2713 8
5547 5512 8
5547 6568 8
5548 111 8
5548 3082 8
5548 4070 8
5548 4717 8
5548 6585 8
5550 3277 8
5554 1307 8
5560 5271 8
5563 1409 8
5567 5326 8
5568 2735 8
5568 4471 8
5568 522 8
5568 6568 8
5568 822 8
5569 2000 8
5569 447 8
5570 169 8
5571 1352 8
5572 4134 8
5589 5183 8
5589 6857 8
560 479 8
560 6034 8
5600 3197 8
5604 4494 8
5604 5684 8
561 14 8
561 530 8
561 910 8
5611 5315 8
5616 6233 8
562 3197 8
562 5030 8
5625 562 8
5628 228 8
5628 2568 8
5628 3945 8
563 14 8
563 1927 8
563 2995 8
563 357 8
563 4060 8
563 447 8
563 4717 8
563 753 8
5631 4498 8
5634 7040 8
5637 2307 8
5637 2356 8
5637 4115 8
5637 6700 8
5640 600 8
5640 6662 8
5642 5765 8
5644 3566 8
5650 2824 8
5650 2825 8
5650 2840 8
5650 30 8
5650 3965 8
5650 4662 8
5650 5709 8
5650 5985 8
5650 654 8
5650 6882 8
5650 731 8
5654 2008 8
5654 3742 8
5655 1217 8
5655 268 8
5655 270 8
5655 3561 8
5655 91 8
5657 2257 8
5657 2263 8
5657 3443 8
5657 600 8
5659 77 8
566 3990 8
566 53 8
566 753 8
5660 2008 8
5660 2028 8
5660 6817 8
5660 7200 8
5667 6348 8
5668 1968 8
5668 792 8
5673 3476 8
5679 2846 8
5679 5680 8
568 3076 8
568 3583 8
568 6316 8
568 6650 8
5680 2846 8
5680 5801 8
5682 6454 8
5686 1169 8
5686 6610 8
5689 1847 8
5692 6030 8
5696 4859 8
5696 7279 8
5697 1081 8
5697 1504 8
5697 1919 8
5697 238 8
5697 5370 8
5697 5611 8
5699 1050 8
5701 1201 8
5701 3083 8
5701 3534 8
5701 6339 8
5709 3429 8
5709 4854 8
5719 4611 8
5719 4630 8
5719 5976 8
572 3081 8
572 3849 8
572 4054 8
5722 4863 8
5729 4000 8
5729 473 8
5729 5730 8
5729 581 8
5729 6571 8
5729 6571 8
5729 6571 8
5729 6571 8
5729 6665 8
5729 6725 8
5729 6769 8
5729 6769 8
573 2714 8
573 3018 8
573 333 8
573 3540 8
5730 5729 8
5730 6571 8
5736 3535 8
5736 3837 8
5739 5695 8
574 383 8
574 42 8
5740 5183 8
5742 3462 8
5742 4836 8
5742 6863 8
5753 2253 8
576 116 8
576 1527 8
576 197 8
576 4656 8
5761 1091 8
5761 1150 8
5762 1039 8
5765 3851 8
5765 5518 8
5767 1200 8
5767 1818 8
5767 715 8
577 118 8
577 138 8
577 2796 8
5772 1081 8
5772 2369 8
5772 270 8
5772 3548 8
5772 893 8
5775 2443 8
5775 2461 8
5775 4879 8
578 3919 8
578 488 8
5782 2532 8
5782 337 8
5782 3431 8
5782 3606 8
5782 5991 8
5782 6168 8
5782 6685 8
5785 3570 8
5785 5824 8
579 1973 8
579 2681 8
579 3396 8
579 372 8
579 3908 8
579 4139 8
579 5430 8
579 649 8
579 700 8
579 749 8
5791 258 8
5791 2716 8
5792 6101 8
580 1529 8
580 1529 8
580 172 8
580 1791 8
580 2574 8
580 519 8
5801 5679 8
5802 5803 8
5802 5804 8
5802 5888 8
5803 3871 8
5803 5802 8
5804 5859 8
5804 5888 8
5804 5888 8
5804 6492 8
5805 4130 8
581 2032 8
581 3163 8
581 3533 8
581 473 8
581 4752 8
581 5729 8
581 6175 8
5813 3114 8
5813 3968 8
5813 4040 8
5813 6810 8
5816 2811 8
5818 7048 8
5818 746 8
5821 3631 8
5821 6454 8
5824 4012 8
5824 491 8
5827 2464 8
5827 4139 8
5829 6119 8
5831 5914 8
5832 167 8
5833 5047 8
5833 5834 8
5834 4818 8
5834 5047 8
5835 6390 8
5840 246 8
5843 2383 8
5844 3897 8
5844 6547 8
5844 687 8
5844 773 8
5844 816 8
5845 3218 8
5849 4731 8
5850 213 8
5850 2724 8
5851 1498 8
5851 3246 8
5851 6583 8
5851 960 8
5857 2412 8
5857 3112 8
5857 408 8
5857 4338 8
5857 4707 8
5858 376 8
5858 3867 8
5858 4031 8
5858 5805 8
5858 6082 8
5858 6362 8
5858 7197 8
5859 3871 8
5859 5802 8
5859 5803 8
5859 5804 8
5859 5888 8
5859 5888 8
5859 7033 8
586 387 8
586 519 8
586 545 8
5862 4245 8
5862 4815 8
5862 5899 8
5862 6364 8
5862 7064 8
5863 3706 8
5871 4629 8
5871 5468 8
5872 415 8
5872 6289 8
5873 2020 8
5873 4385 8
588 3347 8
588 906 8
5880 6929 8
5881 3609 8
5881 6937 8
5882 4510 8
5882 6929 8
5886 128 8
5886 4285 8
5886 6914 8
5886 6915 8
5886 83 8
5888 3159 8
5888 5802 8
5888 5803 8
5888 5804 8
5889 6299 8
589 1992 8
589 285 8
589 3897 8
589 4638 8
589 756 8
589 947 8
5891 1057 8
5891 3593 8
5891 400 8
5894 5862 8
5895 1945 8
5895 3449 8
5895 3766 8
5895 754 8
5899 6856 8
59 108 8
59 2819 8
59 2971 8
590 2714 8
590 3710 8
590 472 8
590 6917 8
590 7270 8
5900 4052 8
5901 5878 8
5901 5899 8
5901 5900 8
5901 6112 8
5903 2040 8
5903 5949 8
5903 6989 8
5905 697 8
5907 3953 8
5908 3272 8
5908 4566 8
5908 5263 8
5908 6384 8
5908 6598 8
5908 6606 8
5909 6963 8
5909 6963 8
5910 1634 8
5910 2826 8
5910 6302 8
5913 4593 8
5913 5568 8
5914 114 8
5914 223 8
5914 5994 8
5916 4840 8
5916 5917 8
5916 5930 8
5917 4080 8
5917 5930 8
5917 6067 8
5919 4303 8
592 5959 8
5922 1109 8
5922 1942 8
5922 2189 8
5922 3054 8
5922 3814 8
5922 5264 8
5923 332 8
5923 3525 8
5923 4303 8
5923 6 8
5923 7230 8
5924 3654 8
5927 4806 8
5927 5842 8
5928 2723 8
5928 3195 8
5928 632 8
5928 863 8
5929 5916 8
5929 5955 8
593 1201 8
593 2511 8
593 2716 8
593 2735 8
593 3921 8
593 4356 8
593 4379 8
593 5278 8
593 852 8
5930 4080 8
5930 4080 8
5930 4840 8
5931 3081 8
5931 3852 8
5931 4204 8
5931 4613 8
5931 4707 8
5931 4934 8
5931 5857 8
5931 6316 8
5931 6423 8
5931 7179 8
5932 3572 8
5933 5857 8
5934 113 8
5934 166 8
5934 3965 8
5937 2919 8
5937 6082 8
5939 3392 8
5939 6082 8
5942 167 8
5942 5998 8
5943 692 8
5948 6916 8
5949 3452 8
5949 3477 8
5949 5948 8
5949 5948 8
595 196 8
595 3835 8
595 5390 8
595 552 8
5951 4513 8
5951 4629 8
5951 5548 8
5951 6936 8
5955 4840 8
5955 5917 8
5955 5930 8
5959 4611 8
596 259 8
596 4247 8
596 5772 8
5960 1134 8
5963 4610 8
5963 7067 8
5963 7236 8
5964 2008 8
5964 2726 8
5964 4954 8
5964 502 8
5964 827 8
5966 6560 8
5971 3525 8
5971 4309 8
5971 4887 8
5971 6155 8
5971 6155 8
5971 6952 8
5974 6946 8
5974 7126 8
5975 3941 8
5975 3954 8
5975 4537 8
5976 3521 8
5976 5871 8
5977 6028 8
5981 4861 8
5983 3455 8
5985 3755 8
5985 4276 8
5985 4609 8
5985 4624 8
5985 7207 8
599 395 8
5991 3446 8
5991 6021 8
5994 101 8
5994 167 8
5994 4538 8
5994 5831 8
5994 5914 8
5994 712 8
5996 6052 8
5997 1676 8
5997 5994 8
5998 114 8
5998 3113 8
5998 3506 8
6 128 8
6 2008 8
6 3113 8
6 39 8
6 7115 8
6 7166 8
6 870 8
60 2223 8
60 2224 8
600 1891 8
600 2155 8
600 2403 8
600 2575 8
600 6137 8
600 6561 8
600 7274 8
6000 180 8
6001 5971 8
6001 6 8
6001 6066 8
6001 7236 8
6002 114 8
6002 3101 8
6003 4057 8
6003 4471 8
6003 6395 8
6005 3151 8
6006 332 8
6006 4309 8
6006 46 8
6006 876 8
6006 876 8
6009 4896 8
6009 6715 8
6009 916 8
6010 3710 8
6010 444 8
6010 4492 8
6016 396 8
6017 3029 8
6017 3169 8
6018 694 8
6019 4582 8
6019 5719 8
6019 6686 8
6020 1005 8
6021 1005 8
6021 2142 8
6021 3446 8
6021 353 8
6021 5782 8
6021 649 8
6022 1114 8
6022 3460 8
6024 2011 8
6024 4520 8
6026 4835 8
6026 6177 8
6026 7079 8
6028 4554 8
603 1576 8
603 3431 8
603 4062 8
603 5829 8
6030 2716 8
6030 651 8
6031 1183 8
6034 479 8
6034 919 8
6039 1862 8
6039 5851 8
604 1782 8
604 5199 8
604 6726 8
6040 1827 8
6040 4460 8
6042 3353 8
6046 4873 8
6046 5919 8
6046 6176 8
605 3056 8
605 3081 8
605 510 8
605 519 8
605 64 8
605 7276 8
6050 2847 8
6050 3169 8
6050 4282 8
6050 4852 8
6050 859 8
6052 1004 8
6053 3011 8
6054 6858 8
6066 251 8
6066 4625 8
6066 5931 8
6066 6155 8
6066 7049 8
6067 2793 8
6067 3583 8
6067 4080 8
6069 24 8
6071 6808 8
6073 4689 8
6073 4704 8
6073 636 8
6078 4379 8
6080 3293 8
6080 4835 8
6083 5804 8
6083 7065 8
6085 1183 8
6085 2676 8
6085 3244 8
6085 3267 8
609 298 8
609 2999 8
609 41 8
609 4372 8
609 4781 8
609 549 8
609 6739 8
6093 1533 8
6093 2814 8
6093 3835 8
6093 5176 8
6094 1985 8
6095 3568 8
6096 5263 8
6096 5907 8
6097 4835 8
61 1958 8
61 2721 8
61 32 8
61 3317 8
61 5840 8
610 257 8
610 2890 8
610 3533 8
610 36 8
610 3789 8
610 472 8
610 65 8
610 738 8
610 872 8
610 950 8
6101 5792 8
6103 4499 8
6103 4593 8
6103 5851 8
6103 6276 8
6103 6673 8
6105 6578 8
6109 133 8
6109 1796 8
6109 1818 8
6109 6354 8
6112 4498 8
6112 4582 8
6112 6435 8
6112 6970 8
6114 260 8
6114 3987 8
6114 6628 8
6114 6766 8
6115 248 8
6116 388 8
6119 3423 8
6119 3431 8
6119 6173 8
6123 2888 8
6125 1574 8
6125 166 8
6125 3252 8
6125 3940 8
6125 3962 8
6125 3965 8
6125 6104 8
6125 6167 8
6125 744 8
6126 3423 8
6127 4746 8
6130 266 8
6131 1100 8
6132 1866 8
6132 3953 8
6133 6986 8
6133 6994 8
6136 6024 8
6137 1891 8
6137 3150 8
6137 5392 8
6137 5433 8
6137 5640 8
6137 5657 8
6137 6579 8
6137 7186 8
6139 491 8
6139 6886 8
614 3979 8
614 4493 8
614 4493 8
614 4527 8
6140 6696 8
6141 6142 8
6144 3154 8
6144 3462 8
6144 4653 8
6146 2810 8
6146 3163 8
6146 3538 8
6146 4052 8
6146 4821 8
6146 6181 8
6146 6349 8
6146 6769 8
6146 7161 8
6148 7292 8
6149 3549 8
6155 3820 8
6155 4887 8
6155 5880 8
6155 7212 8
6157 1548 8
6157 2348 8
6157 3201 8
6157 3623 8
6157 4028 8
6157 4200 8
6157 4205 8
6159 6918 8
616 3468 8
6160 4515 8
6160 4698 8
6161 2355 8
6162 1602 8
6166 4742 8
6168 121 8
6168 1975 8
6168 353 8
6168 5279 8
6168 5991 8
6168 6020 8
6168 6021 8
6168 721 8
6169 2004 8
6169 6791 8
6170 3940 8
6172 3695 8
6173 2721 8
6174 581 8
6175 6146 8
6175 7205 8
6176 1650 8
6176 5882 8
6184 4637 8
6185 7034 8
6189 405 8
6192 3518 8
6192 3599 8
6192 528 8
6193 1988 8
6193 2503 8
6193 6694 8
6193 7046 8
6194 6233 8
6195 6524 8
6197 6198 8
6197 6199 8
6198 6199 8
6198 6215 8
6198 6592 8
6199 6633 8
62 1244 8
62 178 8
62 183 8
62 232 8
62 357 8
62 692 8
6200 3120 8
6203 6809 8
6207 4467 8
6209 387 8
6209 405 8
6209 473 8
621 1498 8
621 2240 8
621 3789 8
621 4862 8
621 6010 8
621 64 8
6210 3976 8
6214 963 8
6215 2832 8
6215 3380 8
6215 4053 8
6215 4295 8
6215 6054 8
6215 6199 8
6215 6423 8
6215 6592 8
6215 6633 8
6215 6858 8
622 227 8
622 235 8
622 2840 8
622 5411 8
622 5542 8
622 670 8
622 956 8
6222 1215 8
6222 827 8
6226 2312 8
6226 3026 8
623 1005 8
623 2988 8
623 3073 8
623 3079 8
623 414 8
623 456 8
623 659 8
6230 6290 8
6230 6291 8
6233 4324 8
6233 6487 8
6243 4699 8
6245 6210 8
6248 6232 8
6249 4554 8
6250 6829 8
6251 3161 8
6251 4680 8
6251 4896 8
6251 6252 8
6252 2369 8
6253 1672 8
6254 1366 8
6254 1672 8
6254 3106 8
6254 4135 8
6254 6253 8
6254 6848 8
6255 1366 8
6255 3106 8
6255 6254 8
6256 7178 8
626 651 8
626 6644 8
6263 4337 8
6265 4808 8
6266 3595 8
6266 5719 8
627 2370 8
627 2653 8
627 3276 8
627 4373 8
6270 2178 8
6270 6009 8
6275 5838 8
6276 4493 8
6284 128 8
6284 163 8
6284 34 8
6286 4757 8
6289 5862 8
6290 2837 8
6290 6291 8
6291 2837 8
6291 6706 8
6291 6737 8
6294 169 8
6294 1984 8
6294 364 8
6302 3154 8
6302 3629 8
6302 4307 8
6302 4763 8
6302 7070 8
6304 4324 8
6307 5042 8
6308 6852 8
6308 6872 8
6309 6318 8
6310 6309 8
6310 6520 8
6316 4080 8
6316 568 8
6316 6986 8
6316 6994 8
6317 472 8
6318 6320 8
632 5824 8
6320 6520 8
6320 6543 8
6320 6829 8
6320 6932 8
633 1187 8
633 1216 8
633 530 8
633 7262 8
633 830 8
6332 6030 8
6337 180 8
634 3406 8
634 471 8
634 471 8
6340 405 8
6340 577 8
6342 1052 8
6346 4058 8
6346 415 8
6346 4932 8
6348 2356 8
6348 7210 8
635 1791 8
635 2574 8
635 3079 8
635 3524 8
635 3873 8
635 580 8
635 623 8
6354 1735 8
6354 224 8
6354 4144 8
6357 3737 8
636 6847 8
6362 3871 8
6362 5804 8
637 1871 8
637 3044 8
637 685 8
6371 3204 8
6379 128 8
6379 39 8
6379 68 8
6383 3897 8
6383 51 8
6383 6604 8
6383 6757 8
6383 7245 8
6384 166 8
6384 2067 8
6384 2755 8
6388 287 8
6392 1819 8
6395 4557 8
6396 114 8
6396 3506 8
64 1117 8
64 1533 8
64 2872 8
64 2988 8
64 3693 8
64 3985 8
64 4001 8
64 5891 8
640 4183 8
640 7141 8
6400 5909 8
6401 1121 8
6407 2086 8
6407 3839 8
6409 3935 8
6409 4131 8
641 1200 8
641 657 8
6410 2188 8
6410 2810 8
6410 3582 8
6419 303 8
642 3261 8
642 6565 8
642 6742 8
6423 2412 8
6423 3837 8
6423 4707 8
6423 5951 8
6427 1091 8
6427 5250 8
6427 5761 8
643 2200 8
643 6711 8
643 816 8
643 973 8
6430 3586 8
6432 3120 8
6432 4549 8
644 1210 8
644 2847 8
644 3650 8
644 3813 8
644 4328 8
644 45 8
6440 1187 8
6440 4053 8
6440 466 8
6441 6338 8
6447 1327 8
6447 158 8
6447 2447 8
6454 4162 8
6455 6493 8
6457 5571 8
6458 1209 8
6458 4165 8
646 6340 8
6467 5719 8
6470 6972 8
6476 4162 8
6479 3073 8
648 3415 8
6480 4820 8
6480 7001 8
6481 3751 8
6481 4169 8
649 3326 8
649 4771 8
649 6168 8
649 6873 8
649 700 8
6490 1661 8
6490 4485 8
6490 4493 8
6490 4551 8
6490 7184 8
6493 7077 8
6493 7290 8
6498 5977 8
6498 6249 8
65 21 8
65 282 8
6502 7010 8
6506 3085 8
6506 6970 8
6509 1070 8
6509 1120 8
651 3533 8
651 6030 8
651 674 8
6516 914 8
652 1241 8
652 1634 8
652 3629 8
6520 6318 8
6520 6932 8
6522 6262 8
6522 7047 8
6522 7092 8
6523 6877 8
6523 6949 8
653 2090 8
653 272 8
653 2796 8
653 30 8
653 467 8
653 654 8
653 659 8
6531 3953 8
6535 6299 8
6535 6872 8
6536 5250 8
654 272 8
654 3647 8
6542 2166 8
6542 6050 8
6542 756 8
6543 6318 8
655 3762 8
655 4624 8
6551 526 8
6551 6266 8
6555 1275 8
6555 1522 8
6555 1668 8
6555 1692 8
6556 5156 8
6557 3190 8
6557 5963 8
6558 6880 8
6559 4080 8
6559 4831 8
6559 5916 8
6559 6067 8
6559 6560 8
656 1179 8
656 1529 8
656 1926 8
656 193 8
656 330 8
656 4485 8
656 838 8
656 842 8
6560 4080 8
6560 5930 8
6560 5955 8
6560 6682 8
6561 2575 8
6561 6137 8
6563 4336 8
6563 4731 8
6563 6653 8
6564 1758 8
6565 3844 8
6566 1428 8
6566 2242 8
6566 3835 8
6567 5547 8
6567 6568 8
6567 6569 8
6568 4471 8
6568 5512 8
6568 6599 8
6569 6599 8
657 1070 8
657 1200 8
657 1818 8
657 1866 8
657 224 8
657 4250 8
6570 6571 8
6571 5729 8
6571 5729 8
6571 5729 8
6571 6725 8
6572 1286 8
6572 3112 8
6572 328 8
6572 4060 8
6572 4880 8
6572 5963 8
6572 7067 8
6573 5189 8
6573 5215 8
6574 4699 8
6575 6573 8
6575 6574 8
6577 3565 8
6577 5198 8
6577 6620 8
6577 7243 8
6578 394 8
6579 5737 8
6580 3530 8
6580 65 8
6580 651 8
6582 3262 8
6582 3446 8
6582 5279 8
6582 6105 8
6583 5901 8
6584 1854 8
6584 3612 8
6585 2714 8
6585 4183 8
6585 4467 8
6585 842 8
6586 4712 8
6586 6722 8
6587 1221 8
6588 3073 8
6588 6583 8
6589 6760 8
659 12 8
659 188 8
659 3540 8
659 421 8
659 467 8
659 653 8
659 801 8
6590 2319 8
6590 4883 8
6590 614 8
6590 6591 8
6592 3380 8
6592 4375 8
6593 4574 8
6593 6614 8
6594 3307 8
6594 4082 8
6595 114 8
6595 223 8
6595 39 8
6595 4542 8
6595 6605 8
6595 712 8
6596 2800 8
6596 4582 8
6597 3504 8
6598 1196 8
6598 3272 8
6598 5263 8
6599 5498 8
6599 6567 8
66 1296 8
66 3168 8
66 3416 8
66 3893 8
66 522 8
660 1987 8
660 1988 8
660 2307 8
660 2650 8
660 2665 8
660 3630 8
660 4075 8
660 4125 8
660 4137 8
660 7195 8
6600 4656 8
6601 4699 8
6603 1698 8
6603 3219 8
6604 973 8
6605 2209 8
6605 3137 8
6605 38 8
6605 4510 8
6605 5914 8
6606 1196 8
6606 1680 8
6606 1957 8
6606 268 8
6606 3785 8
6606 4187 8
6606 5363 8
6606 5974 8
6606 6704 8
6607 3218 8
6609 501 8
661 1153 8
6610 6674 8
6611 4272 8
6611 4768 8
6612 3357 8
6613 6590 8
6614 2735 8
6614 563 8
6615 6557 8
6615 6688 8
6615 67 8
6615 90 8
6616 2319 8
6616 4712 8
6619 5468 8
662 3832 8
662 7246 8
6620 1739 8
6620 5198 8
6621 6622 8
6623 2178 8
6623 240 8
6623 25 8
6623 2721 8
6623 61 8
6624 6480 8
6624 6625 8
6624 6876 8
6626 3519 8
6627 19 8
6627 6424 8
6629 268 8
6629 3250 8
663 3647 8
663 3808 8
6630 6631 8
6631 258 8
6631 3061 8
6631 59 8
6632 6778 8
6633 4375 8
6633 6197 8
6633 6198 8
6634 5512 8
6634 6569 8
6635 1226 8
6636 3716 8
6637 1988 8
6637 4112 8
6637 6414 8
6637 7232 8
6639 6092 8
664 2021 8
664 2393 8
664 2467 8
664 2655 8
664 3503 8
664 47 8
6641 3467 8
6642 4145 8
6642 6643 8
6644 4443 8
6644 4872 8
6646 5100 8
6646 6647 8
6647 4159 8
6648 327 8
6648 327 8
6649 2356 8
6649 5637 8
6650 4080 8
6650 6133 8
6650 6651 8
6650 6840 8
6650 7104 8
6651 6133 8
6651 6967 8
6653 391 8
6653 5719 8
6653 6654 8
6655 3615 8
6655 6656 8
6655 6657 8
6655 6658 8
6656 6658 8
6656 6661 8
6657 6656 8
6657 6658 8
6658 6661 8
6659 710 8
6660 4313 8
6660 4423 8
6660 6820 8
6660 6838 8
6660 6924 8
6660 6942 8
6661 6655 8
6661 6657 8
6662 2698 8
6662 7239 8
6663 6042 8
6663 6330 8
6665 6558 8
6665 6680 8
6666 6624 8
6666 6667 8
6668 6669 8
6669 6930 8
6670 4808 8
6672 4348 8
6673 2634 8
6673 3966 8
6675 3535 8
6676 3266 8
6676 7232 8
6677 3816 8
6677 4820 8
6677 6624 8
6678 1045 8
6679 2903 8
668 101 8
6680 6570 8
6681 5849 8
6682 5966 8
6682 6067 8
6683 1879 8
6683 6610 8
6684 2793 8
6684 6559 8
6685 796 8
6687 125 8
6687 3742 8
6687 4533 8
6687 6610 8
6688 4511 8
6689 4331 8
6689 5654 8
6689 6687 8
6690 3703 8
6691 1148 8
6691 1196 8
6691 1924 8
6691 2392 8
6691 303 8
6691 3362 8
6691 3363 8
6691 3549 8
6693 5579 8
6693 6280 8
6695 3190 8
6695 5824 8
6695 6590 8
6697 6290 8
6697 6291 8
6698 2329 8
6698 2680 8
6699 2329 8
6699 2680 8
67 172 8
67 4883 8
67 952 8
670 1719 8
670 3107 8
670 3162 8
670 4356 8
670 5411 8
670 5772 8
670 6384 8
670 837 8
6700 5502 8
6700 6649 8
6701 3180 8
6702 6619 8
6704 2735 8
6705 2837 8
6705 6230 8
6705 6290 8
6705 6706 8
6706 2837 8
6706 6230 8
6707 1206 8
6707 1968 8
6707 219 8
6709 236 8
6711 762 8
6711 791 8
6712 3833 8
6713 6865 8
6714 6641 8
6717 6195 8
6718 6719 8
6720 6638 8
6721 245 8
6721 266 8
6722 372 8
6722 4028 8
6722 4596 8
6722 4610 8
6722 6563 8
6723 1645 8
6723 2391 8
6723 5577 8
6724 3742 8
6724 6689 8
6725 4047 8
6725 5729 8
6725 6571 8
6725 6769 8
6727 6559 8
6728 6729 8
673 1926 8
673 508 8
673 510 8
673 74 8
673 910 8
6732 468 8
6732 6470 8
6733 3420 8
6733 3431 8
6735 1070 8
6736 2837 8
6736 6291 8
6736 6737 8
6737 6230 8
6737 6705 8
6738 4159 8
6738 6646 8
6738 6647 8
6739 6317 8
6739 7193 8
674 3647 8
674 4653 8
674 663 8
6740 376 8
6741 3867 8
6743 6092 8
6743 6639 8
6745 6746 8
6746 6745 8
6747 3380 8
6747 6199 8
6748 2210 8
6749 2471 8
6749 975 8
6750 6751 8
6752 6730 8
6753 4853 8
6753 7286 8
6754 1118 8
6754 6755 8
6755 2575 8
6756 6655 8
6756 6657 8
6757 3221 8
6757 755 8
6757 762 8
6757 799 8
6758 507 8
6759 1229 8
6759 7128 8
6760 6590 8
6761 3799 8
6762 6763 8
6764 2210 8
6766 1362 8
6766 1949 8
6766 221 8
6766 2568 8
6766 315 8
6766 4796 8
6768 3431 8
6769 5729 8
6769 6181 8
6769 6571 8
6769 6725 8
6769 6725 8
677 687 8
677 791 8
6770 6625 8
6770 6771 8
6772 4742 8
6773 6774 8
6777 4889 8
6779 227 8
6780 6658 8
6781 6041 8
6782 2244 8
6783 6656 8
6783 6658 8
6784 125 8
6784 6610 8
6785 1327 8
6785 314 8
6785 3900 8
6785 394 8
6786 442 8
6788 520 8
6789 6790 8
6791 7253 8
6792 6033 8
6793 5977 8
6794 3186 8
6794 4467 8
6794 4594 8
6794 5913 8
6795 6577 8
6796 5849 8
6797 660 8
6798 3272 8
6799 5354 8
68 3105 8
68 5914 8
68 6605 8
6800 3346 8
6800 6801 8
6800 7267 8
6800 7298 8
6802 6703 8
6803 347 8
6803 6582 8
6804 3476 8
6804 552 8
6804 657 8
6805 4493 8
6807 4384 8
6809 6436 8
6810 4038 8
6811 2157 8
6811 236 8
6811 6976 8
6812 3751 8
6813 6535 8
6815 6816 8
6817 2028 8
6817 7090 8
6818 6819 8
6819 3739 8
6820 3599 8
6820 4608 8
6820 6650 8
6820 6653 8
6821 1949 8
6823 60 8
6823 6814 8
6824 1240 8
6824 6825 8
6825 5549 8
6826 6222 8
6826 6893 8
6827 3217 8
6827 4178 8
6827 6860 8
6827 745 8
6828 1568 8
6828 375 8
6829 6309 8
6829 6520 8
683 1169 8
683 4293 8
683 4773 8
6831 5100 8
6833 6834 8
6835 4077 8
6835 4423 8
6835 6836 8
6836 5568 8
6837 6838 8
684 14 8
684 193 8
684 251 8
684 330 8
684 440 8
684 465 8
684 568 8
684 822 8
6840 3157 8
6840 4815 8
6840 6133 8
6841 5548 8
6842 3774 8
6843 6844 8
6844 4669 8
6844 5881 8
6846 3106 8
6846 3784 8
6846 6254 8
6846 6255 8
6848 1672 8
6848 2357 8
6848 6255 8
6848 6846 8
6848 6850 8
6849 1786 8
6849 3666 8
685 1081 8
685 1131 8
685 2739 8
685 393 8
6850 2357 8
6850 6254 8
6850 6255 8
6850 6846 8
6851 6660 8
6852 4669 8
6853 690 8
6855 3916 8
6857 5183 8
6857 5740 8
6858 6859 8
6859 6054 8
6859 6215 8
6859 6885 8
6860 6978 8
6861 3176 8
6861 4245 8
6861 6395 8
6862 1477 8
6862 5360 8
6864 6713 8
6866 6867 8
6869 3590 8
6869 3696 8
687 3126 8
687 3169 8
687 6604 8
687 773 8
687 816 8
6870 3193 8
6871 482 8
6872 6892 8
6873 2142 8
6875 975 8
6877 4586 8
6878 5363 8
6881 1184 8
6883 6080 8
6884 2888 8
6884 299 8
6884 6698 8
6885 6054 8
6885 6215 8
6886 4012 8
6886 6887 8
6887 636 8
6888 1533 8
6888 4803 8
6889 6655 8
689 3799 8
6891 2581 8
6892 4669 8
6895 1709 8
6896 3587 8
6897 6203 8
6898 131 8
6898 183 8
6898 222 8
6898 254 8
6898 276 8
6899 791 8
690 1179 8
690 1836 8
690 6447 8
6900 3935 8
6900 6409 8
6901 3570 8
6901 365 8
6902 6873 8
6902 701 8
6902 787 8
6903 3600 8
6903 4557 8
6904 6926 8
6905 2635 8
6905 4324 8
6906 6826 8
6907 4423 8
6909 6767 8
691 1214 8
691 1985 8
691 3444 8
691 746 8
6910 1190 8
6911 2224 8
6911 6912 8
6912 2521 8
6914 1929 8
6915 2767 8
6915 3113 8
6915 6914 8
6916 3455 8
6916 5983 8
6917 4742 8
6917 6558 8
6918 3261 8
6918 642 8
6919 2085 8
6919 2142 8
6919 2445 8
6919 752 8
692 1571 8
692 1861 8
692 3024 8
692 6383 8
692 6604 8
6920 2084 8
6920 2445 8
6920 2919 8
6920 295 8
6920 4438 8
6920 5858 8
6920 6950 8
6922 6923 8
6924 2095 8
6927 6928 8
6928 7044 8
6929 1960 8
6929 2143 8
6929 3737 8
6929 7056 8
6930 128 8
6930 1653 8
6930 263 8
6930 4082 8
6931 2655 8
6931 3829 8
6933 6160 8
6934 2145 8
6935 3737 8
6935 3949 8
6935 3949 8
6935 4211 8
6935 5963 8
6935 7236 8
6938 6939 8
694 3452 8
694 695 8
6940 4854 8
6941 3423 8
6942 4586 8
6942 6835 8
6942 6836 8
6943 6944 8
6944 3462 8
6944 3463 8
6945 6215 8
6945 831 8
6947 6924 8
6947 6948 8
6947 6949 8
6948 6851 8
6949 444 8
6949 6877 8
695 6916 8
6950 157 8
6950 949 8
6952 3791 8
6952 4862 8
6952 6155 8
6952 7236 8
6953 4551 8
6954 3611 8
6956 2814 8
6957 1948 8
6958 4520 8
6959 6064 8
6960 3111 8
6960 3780 8
6960 4802 8
6960 6961 8
6961 4295 8
6963 2041 8
6963 5903 8
6963 5905 8
6963 697 8
6964 2020 8
6965 6966 8
6967 3092 8
6968 2491 8
6968 2584 8
6969 5138 8
6969 5668 8
6969 667 8
6969 7159 8
697 5909 8
697 6963 8
6970 4574 8
6970 4629 8
6970 4629 8
6971 3304 8
6973 5652 8
6975 2355 8
6976 2847 8
6976 3648 8
6976 4782 8
6977 6502 8
6979 5657 8
6980 6908 8
6981 6130 8
6982 4753 8
6982 6966 8
6983 7 8
6984 974 8
6985 7041 8
6986 4098 8
6986 568 8
6987 1869 8
6987 1870 8
6988 3260 8
6989 770 8
6992 6993 8
6994 2011 8
6994 6558 8
6994 6986 8
6994 6986 8
6994 7083 8
6996 1171 8
6996 5075 8
6997 1448 8
6998 6719 8
6999 295 8
700 1675 8
700 749 8
7003 3346 8
7003 6801 8
7003 6801 8
7003 7268 8
7004 4574 8
7005 7006 8
7005 7006 8
7007 6860 8
7008 5221 8
7009 6185 8
701 6920 8
701 6999 8
701 739 8
7011 1448 8
7012 6839 8
7012 7013 8
7016 1607 8
7017 196 8
7017 7018 8
7018 1533 8
7019 6160 8
7022 7023 8
7024 4043 8
7025 7026 8
7027 1121 8
7027 1847 8
7028 1448 8
7029 3347 8
7029 5419 8
7029 6888 8
703 3602 8
7031 3935 8
7032 7033 8
7034 7009 8
7034 7035 8
7036 1681 8
7037 1050 8
7037 1170 8
7038 7083 8
7039 4473 8
704 179 8
704 2903 8
704 3063 8
704 3700 8
7042 4092 8
7045 5804 8
7047 4545 8
7049 2240 8
7049 5919 8
7049 7120 8
7049 7233 8
7050 4334 8
7051 3267 8
7051 4835 8
7052 4151 8
7053 1170 8
7053 1203 8
7053 6307 8
7054 7055 8
7055 1057 8
7056 1960 8
7056 3737 8
7056 6929 8
7057 7034 8
7059 223 8
7059 3101 8
7059 7060 8
706 3918 8
7061 4838 8
7062 1062 8
7062 1571 8
7062 227 8
7063 4438 8
7065 2374 8
7065 6362 8
7066 6902 8
7067 3949 8
7067 4211 8
7067 6935 8
7067 7068 8
7069 1199 8
707 111 8
707 1169 8
707 1371 8
707 21 8
707 2714 8
707 3518 8
707 4383 8
707 6215 8
707 831 8
7070 1459 8
7070 3462 8
7070 4276 8
7070 4843 8
7070 674 8
7070 7071 8
7070 7206 8
7070 7207 8
7071 4843 8
7071 7070 8
7072 334 8
7072 376 8
7073 7080 8
7077 4162 8
7077 7078 8
7078 3663 8
7078 3664 8
7079 1188 8
7079 3695 8
7079 4112 8
7080 6961 8
7081 4142 8
7082 6137 8
7083 6650 8
7084 3497 8
7085 7086 8
7086 7172 8
7087 6309 8
7087 806 8
7088 4843 8
7088 7070 8
7088 7071 8
7089 3120 8
709 5925 8
7092 6262 8
7093 2268 8
7095 1295 8
7095 1303 8
7095 4313 8
7095 4668 8
7097 4698 8
7097 632 8
7098 1885 8
7098 5194 8
7100 7101 8
7102 3879 8
7103 6670 8
7104 2031 8
7104 3583 8
7106 4440 8
7107 3900 8
7109 7110 8
7110 7111 8
7111 491 8
7111 5824 8
7111 7280 8
7112 7113 8
7114 1675 8
7114 2817 8
7114 4035 8
7114 4035 8
7115 870 8
7116 1614 8
7116 3622 8
7117 7051 8
7119 4430 8
7119 6307 8
712 1280 8
712 3137 8
712 4547 8
712 46 8
712 5831 8
712 6379 8
7120 3662 8
7120 4270 8
7122 4115 8
7123 3532 8
7124 6028 8
7127 4115 8
7128 7129 8
7130 4802 8
7130 7131 8
7132 1122 8
7132 3476 8
7132 6132 8
7133 51 8
7133 644 8
7134 2133 8
7135 6759 8
7136 7192 8
7136 932 8
7137 7079 8
7140 4698 8
7140 7097 8
7141 3446 8
7142 1103 8
7143 4393 8
7144 3913 8
7144 6123 8
7145 4144 8
7146 871 8
7147 7093 8
7148 3780 8
7148 7080 8
7149 4056 8
715 1095 8
715 220 8
715 3707 8
715 4251 8
715 6354 8
715 6890 8
7151 3771 8
7153 689 8
7154 1103 8
7154 1122 8
7154 4536 8
7155 4703 8
7156 7157 8
7158 1235 8
7158 4270 8
7159 1176 8
7159 1219 8
7162 806 8
7164 3276 8
7164 394 8
7164 5782 8
7165 3250 8
7165 52 8
7167 6587 8
7168 38 8
7169 6285 8
717 719 8
7171 114 8
7175 2294 8
7179 4053 8
7179 4807 8
7180 1439 8
7180 6010 8
7181 1184 8
7181 2172 8
7182 7188 8
7183 3552 8
7183 4493 8
7183 6490 8
7183 7184 8
7184 3956 8
7184 4485 8
7184 4673 8
7184 6490 8
7185 1623 8
7185 219 8
7186 600 8
7187 3832 8
7187 662 8
7188 7189 8
7188 847 8
7189 4439 8
719 2888 8
7190 5943 8
7191 7192 8
7192 7136 8
7192 7191 8
7192 932 8
7193 6349 8
7194 314 8
7194 44 8
7196 766 8
7197 1976 8
7197 248 8
7198 1545 8
7199 3462 8
72 3464 8
72 77 8
720 3057 8
720 476 8
7200 3989 8
7201 7202 8
7201 7203 8
7203 3553 8
7204 1313 8
7205 3710 8
7205 3976 8
7206 3808 8
7206 4277 8
7206 5910 8
7207 3463 8
7207 4657 8
7208 145 8
7208 2902 8
7209 6348 8
7209 7210 8
721 1044 8
721 1091 8
721 2250 8
721 4274 8
721 4333 8
721 5891 8
721 6354 8
721 664 8
7210 7223 8
7211 1482 8
7211 2253 8
7212 1650 8
7212 4862 8
7213 4277 8
7213 5985 8
7215 2902 8
7216 6348 8
7216 7217 8
7217 6348 8
7217 7251 8
7219 7196 8
7219 7220 8
722 3762 8
722 655 8
7221 2129 8
7223 7217 8
7224 1114 8
7224 4120 8
7225 4873 8
7225 6155 8
7226 1098 8
7226 1981 8
7226 237 8
7227 2819 8
7227 3623 8
7227 815 8
7227 945 8
7228 5894 8
7228 7238 8
7229 1282 8
7229 332 8
7229 4309 8
7229 871 8
7230 4862 8
7230 6155 8
7231 3972 8
7233 332 8
7233 4883 8
7233 5880 8
7234 327 8
7234 5628 8
7235 4513 8
7235 5548 8
7236 4211 8
7236 4883 8
7236 5923 8
7236 6572 8
7236 7067 8
7237 6136 8
7237 6651 8
7237 6994 8
7241 2800 8
7241 6146 8
7242 6148 8
7243 4505 8
7246 1256 8
7246 7187 8
7247 662 8
7248 162 8
7248 394 8
725 1082 8
725 112 8
725 1424 8
725 2055 8
725 3836 8
725 3974 8
725 4932 8
725 864 8
7251 7210 8
7251 7223 8
7252 6791 8
7252 7253 8
7253 3716 8
7255 6249 8
7255 7256 8
7257 7258 8
7257 7259 8
7259 7258 8
7260 7259 8
7261 6127 8
7262 1187 8
7262 1216 8
7262 633 8
7263 3431 8
7264 1981 8
7264 704 8
7265 7266 8
7267 1451 8
7267 6144 8
7267 652 8
7267 6997 8
7267 7070 8
7267 7268 8
7267 776 8
7269 7083 8
7269 7237 8
7271 147 8
7272 7273 8
7275 5243 8
7276 4742 8
7276 852 8
7278 539 8
7279 7211 8
728 2311 8
728 684 8
728 753 8
7280 6183 8
7281 1650 8
7281 5923 8
7282 3194 8
7283 6739 8
7284 5387 8
7285 332 8
7286 4349 8
7287 1206 8
7287 1234 8
7288 6136 8
7288 684 8
7291 5936 8
7293 7291 8
7294 7283 8
7295 776 8
7301 4050 8
731 3312 8
731 3429 8
731 6940 8
731 833 8
733 610 8
733 6270 8
736 1889 8
736 3344 8
736 623 8
736 706 8
736 910 8
737 5905 8
739 178 8
739 2366 8
739 3611 8
739 4803 8
739 5241 8
74 66 8
74 6861 8
74 6977 8
740 185 8
740 300 8
741 1125 8
741 1177 8
741 1354 8
741 138 8
741 3598 8
741 910 8
742 1482 8
742 303 8
742 3348 8
742 4773 8
745 4291 8
745 4980 8
746 446 8
747 1536 8
748 1196 8
748 1415 8
748 1968 8
748 1985 8
748 3416 8
748 42 8
748 507 8
748 536 8
748 82 8
748 827 8
749 6919 8
749 6920 8
749 701 8
75 220 8
752 1222 8
752 2711 8
752 2919 8
752 4139 8
752 42 8
753 14 8
753 2796 8
753 2836 8
753 3592 8
753 3849 8
753 4076 8
753 4078 8
753 461 8
753 465 8
754 5996 8
755 2847 8
755 3213 8
755 3968 8
755 4038 8
755 7190 8
756 124 8
756 219 8
756 4144 8
756 4760 8
756 4774 8
756 6050 8
756 6390 8
756 715 8
759 1200 8
759 1297 8
759 1571 8
759 224 8
759 3463 8
759 4648 8
759 4768 8
759 6354 8
759 655 8
759 657 8
76 179 8
76 214 8
762 3970 8
762 4748 8
763 5905 8
767 2447 8
767 4249 8
767 690 8
77 1778 8
77 1942 8
77 2724 8
771 2883 8
772 1122 8
772 4307 8
772 7132 8
773 3114 8
773 644 8
773 644 8
773 6899 8
773 755 8
773 882 8
775 2165 8
775 2181 8
775 643 8
776 4128 8
776 6787 8
78 266 8
78 2952 8
784 3956 8
784 4932 8
787 1221 8
787 2680 8
787 2711 8
787 2843 8
787 3683 8
789 1005 8
789 1244 8
789 1854 8
789 19 8
789 1933 8
789 2189 8
789 264 8
789 3395 8
789 4287 8
79 3598 8
79 5922 8
790 2181 8
791 3214 8
791 4071 8
796 1975 8
796 3606 8
798 2723 8
798 3085 8
798 4582 8
798 842 8
8 4060 8
8 946 8
801 3215 8
801 467 8
801 537 8
801 659 8
802 3857 8
803 1482 8
803 2143 8
803 234 8
803 4656 8
806 2329 8
807 1035 8
807 109 8
807 579 8
815 1472 8
815 1963 8
816 1235 8
816 2200 8
816 644 8
82 189 8
82 3073 8
82 3135 8
82 3743 8
82 4535 8
82 6114 8
822 4439 8
824 1049 8
825 2755 8
826 259 8
826 3925 8
827 23 8
827 383 8
827 4338 8
827 443 8
828 1244 8
828 452 8
828 5775 8
829 4705 8
829 4709 8
829 6073 8
83 147 8
83 3101 8
83 330 8
83 4285 8
830 530 8
830 538 8
830 633 8
831 2832 8
831 4053 8
831 416 8
831 4896 8
831 496 8
831 610 8
833 185 8
833 300 8
833 510 8
833 573 8
833 673 8
838 3189 8
840 2333 8
840 3377 8
842 4485 8
842 456 8
842 545 8
842 6585 8
842 798 8
844 1498 8
844 4707 8
844 5931 8
847 4439 8
847 4629 8
847 7182 8
848 1183 8
848 1677 8
848 2676 8
848 3106 8
848 3244 8
848 3293 8
848 3695 8
848 4112 8
848 4912 8
848 5351 8
848 6085 8
849 2196 8
849 2443 8
849 2652 8
849 385 8
849 5775 8
849 913 8
85 3129 8
85 4308 8
851 538 8
852 1260 8
852 4949 8
852 5363 8
852 605 8
852 974 8
853 3823 8
853 5651 8
853 6882 8
859 3134 8
859 4282 8
859 4282 8
859 4328 8
859 4328 8
859 4774 8
859 4774 8
859 4852 8
859 4852 8
859 756 8
86 114 8
86 3113 8
86 4540 8
86 4547 8
862 1210 8
862 211 8
862 476 8
862 537 8
862 816 8
863 3069 8
863 4323 8
863 4471 8
863 4611 8
864 1424 8
864 1424 8
864 4932 8
867 3150 8
867 3602 8
867 6137 8
868 703 8
869 2233 8
871 1235 8
871 2240 8
871 4309 8
871 5971 8
871 6006 8
871 6952 8
871 7230 8
871 7236 8
872 2055 8
872 3503 8
872 4139 8
872 725 8
872 741 8
873 1424 8
876 4887 8
876 5923 8
882 3169 8
882 577 8
882 816 8
883 171 8
891 3996 8
893 4650 8
893 5697 8
9 1117 8
9 1676 8
9 3113 8
9 39 8
9 4060 8
9 4542 8
9 4549 8
90 2028 8
90 3989 8
90 7200 8
904 924 8
906 118 8
906 5522 8
91 109 8
91 3317 8
91 4200 8
91 55 8
910 1244 8
910 2309 8
910 2716 8
910 2836 8
910 3018 8
910 3077 8
910 79 8
913 1740 8
914 3073 8
914 3120 8
914 3878 8
914 5964 8
914 6516 8
914 82 8
916 3249 8
919 639 8
92 2143 8
92 228 8
92 3054 8
92 3262 8
92 4379 8
92 5249 8
92 640 8
92 99 8
921 3347 8
921 5249 8
921 906 8
924 3982 8
924 3983 8
927 1829 8
927 5567 8
928 4616 8
930 5199 8
932 7136 8
932 7192 8
933 1963 8
933 5563 8
942 1854 8
945 109 8
945 1239 8
945 4804 8
946 3112 8
946 4060 8
946 6935 8
947 2384 8
947 3196 8
947 3921 8
947 5477 8
947 6371 8
948 1086 8
948 1653 8
948 2021 8
948 2717 8
949 1675 8
949 1821 8
949 2680 8
949 6902 8
949 700 8
95 1751 8
950 1548 8
950 187 8
950 2221 8
950 4618 8
950 4932 8
950 53 8
952 2240 8
952 621 8
952 907 8
954 4071 8
956 3204 8
959 145 8
959 3230 8
959 337 8
959 704 8
960 2755 8
960 3555 8
960 3618 8
963 306 8
965 182 8
965 3724 8
965 42 8
965 5815 8
965 5922 8
97 4164 8
971 1709 8
971 6929 8
973 643 8
973 6711 8
974 1623 8
974 2391 8
974 364 8
974 541 8
974 6749 8
975 5129 8
975 6707 8
975 6713 8
976 1472 8
976 4200 8
976 546 8
979 6962 8
98 1025 8
98 1403 8
98 3873 8
98 416 8
98 4750 8
98 561 8
98 910 8
983 1108 8
983 1791 8
983 371 8
983 476 8
983 580 8
983 635 8
99 4107 8
99 47 8
996 6022 8
997 2368 8
997 2369 8
997 4445 8
