1 2 0
3 4 1
5 2 2
6 7 3
8 7 4
9 10 5
9 11 6
12 13 7
9 14 8
9 15 9
9 16 10
9 17 11
9 14 12
9 18 13
19 18 14
20 21 15
19 22 16
8 23 17
9 24 18
9 22 19
25 21 20
26 7 21
27 28 22
29 25 23
30 31 24
30 31 25
30 31 26
30 31 27
32 33 28
34 35 29
34 33 30
36 37 31
38 39 32
36 40 33
41 15 34
41 11 35
41 14 36
41 13 37
41 39 38
41 42 39
41 43 40
9 40 41
44 45 42
46 22 43
44 46 44
47 46 45
48 46 46
9 49 47
36 50 48
44 51 49
32 52 50
36 32 51
53 54 52
36 55 53
56 57 54
36 32 55
36 58 56
44 59 57
51 58 58
44 14 59
36 56 60
36 60 61
56 61 62
62 50 63
36 60 64
32 59 65
36 60 66
36 50 67
41 63 68
41 64 69
41 65 70
41 56 71
41 61 72
41 43 73
41 52 74
41 58 75
41 59 76
9 64 77
9 58 78
12 66 79
32 58 80
12 66 81
67 32 82
41 32 83
67 32 84
32 68 85
68 56 86
67 32 87
67 32 88
68 61 89
67 32 90
67 8 91
69 67 92
70 51 93
44 50 94
67 32 95
71 58 96
71 72 97
51 58 98
72 71 99
73 74 100
74 73 101
73 74 102
74 73 103
34 58 104
44 75 105
44 75 106
9 58 107
73 74 108
9 76 109
32 77 110
41 76 111
41 78 112
79 48 113
79 63 114
41 80 115
79 58 116
41 81 117
79 70 118
19 82 119
19 72 120
12 32 121
19 64 122
19 58 123
19 58 124
19 58 125
19 52 126
83 59 127
51 70 128
38 58 129
41 58 130
63 79 131
41 63 132
67 59 133
41 63 134
41 58 135
44 84 136
19 85 137
19 72 138
3 84 139
19 8 140
19 58 141
84 86 142
83 58 143
36 60 144
86 48 145
87 63 146
36 88 147
87 8 148
36 89 149
90 56 150
36 90 151
36 84 152
91 92 153
36 93 154
91 92 155
36 90 156
91 92 157
36 60 158
36 84 159
51 58 160
94 84 161
36 84 162
94 84 163
94 84 164
69 84 165
69 95 166
87 8 167
3 84 168
3 84 169
48 86 170
84 8 171
91 81 172
96 88 173
8 84 174
84 8 175
91 47 176
97 98 177
98 97 178
97 98 179
48 97 180
99 8 181
99 8 182
97 48 183
100 101 184
102 97 185
97 48 186
97 102 187
101 100 188
48 58 189
97 48 190
103 72 191
103 58 192
104 59 193
104 59 194
103 72 195
105 56 196
106 72 197
105 61 198
105 8 199
105 33 200
105 107 201
105 81 202
44 102 203
36 105 204
36 104 205
34 108 206
34 109 207
36 110 208
111 112 209
34 58 210
36 113 211
36 109 212
79 109 213
114 105 214
101 115 215
56 90 216
56 105 217
56 68 218
29 58 219
87 58 220
44 116 221
44 117 222
44 117 223
44 79 224
80 58 225
96 32 226
118 100 227
119 120 228
119 120 229
120 119 230
120 75 231
119 120 232
120 119 233
119 58 234
74 73 235
118 120 236
121 108 237
72 106 238
44 92 239
26 122 240
44 79 241
1 123 242
96 124 243
125 126 244
36 104 245
44 79 246
44 79 247
36 124 248
36 127 249
36 128 250
44 79 251
44 129 252
44 116 253
9 120 254
79 58 255
36 109 256
124 109 257
36 109 258
124 61 259
124 72 260
36 109 261
36 112 262
124 85 263
85 124 264
32 130 265
36 112 266
124 85 267
72 124 268
124 8 269
131 30 270
99 126 271
103 72 272
103 72 273
103 63 274
103 117 275
103 72 276
131 30 277
69 95 278
69 124 279
69 79 280
132 30 281
36 99 282
36 133 283
36 60 284
36 134 285
36 133 286
36 81 287
103 72 288
103 135 289
133 135 290
135 133 291
36 133 292
103 135 293
19 52 294
133 135 295
103 135 296
103 135 297
135 133 298
133 135 299
36 133 300
36 133 301
36 133 302
9 109 303
9 109 304
62 136 305
96 32 306
137 138 307
96 137 308
19 120 309
44 90 310
96 137 311
137 138 312
19 139 313
44 60 314
44 88 315
44 102 316
44 90 317
19 111 318
44 90 319
9 32 320
44 90 321
44 90 322
103 63 323
103 72 324
38 86 325
140 105 326
103 72 327
38 86 328
38 101 329
38 101 330
38 101 331
103 101 332
38 101 333
103 101 334
38 61 335
75 120 336
38 81 337
44 141 338
44 141 339
44 74 340
44 127 341
124 135 342
140 124 343
19 82 344
19 82 345
19 82 346
105 56 347
19 82 348
124 135 349
105 58 350
105 63 351
19 82 352
105 61 353
105 135 354
124 135 355
71 72 356
135 124 357
9 32 358
63 105 359
72 71 360
142 58 361
124 135 362
124 135 363
143 32 364
144 99 365
144 105 366
144 121 367
9 109 368
103 109 369
103 63 370
103 63 371
103 109 372
48 81 373
95 81 374
145 48 375
95 63 376
145 95 377
95 109 378
145 95 379
145 48 380
145 95 381
145 48 382
145 48 383
95 109 384
96 48 385
95 109 386
96 95 387
96 95 388
96 48 389
96 95 390
105 144 391
105 63 392
6 146 393
44 60 394
44 105 395
63 95 396
44 32 397
114 105 398
34 109 399
36 105 400
36 109 401
36 147 402
44 32 403
19 120 404
9 136 405
9 148 406
9 149 407
9 150 408
9 151 409
9 152 410
9 153 411
9 58 412
9 58 413
9 135 414
9 22 415
9 8 416
9 154 417
9 121 418
1 135 419
3 155 420
36 109 421
3 155 422
30 132 423
3 58 424
68 56 425
36 156 426
131 30 427
101 51 428
101 34 429
9 8 430
36 73 431
96 95 432
9 76 433
9 8 434
9 157 435
19 158 436
9 58 437
9 32 438
44 129 439
105 135 440
105 129 441
44 129 442
44 129 443
44 129 444
51 101 445
1 159 446
44 74 447
44 129 448
160 72 449
129 8 450
36 147 451
36 109 452
36 105 453
36 129 454
9 8 455
34 101 456
161 162 457
163 72 458
32 164 459
58 8 460
32 58 461
41 76 462
41 120 463
41 132 464
41 165 465
41 166 466
41 157 467
41 167 468
41 168 469
41 169 470
41 134 471
56 68 472
41 56 473
56 154 474
56 170 475
56 171 476
56 172 477
103 101 478
51 157 479
32 130 480
8 58 481
8 164 482
103 63 483
103 173 484
67 154 485
32 26 486
96 163 487
9 58 488
41 56 489
9 20 490
9 165 491
9 61 492
103 109 493
32 155 494
32 109 495
32 174 496
175 50 497
103 85 498
124 109 499
164 8 500
103 63 501
38 128 502
103 63 503
103 63 504
19 109 505
103 63 506
103 63 507
161 164 508
161 164 509
38 109 510
41 63 511
103 63 512
176 63 513
41 63 514
176 63 515
41 63 516
161 63 517
103 63 518
41 63 519
176 63 520
41 63 521
161 63 522
103 63 523
32 164 524
176 63 525
41 63 526
176 63 527
41 63 528
161 63 529
103 63 530
41 177 531
41 177 532
164 178 533
164 177 534
32 175 535
32 177 536
176 63 537
164 179 538
41 63 539
32 179 540
41 63 541
41 63 542
41 63 543
41 63 544
161 63 545
96 164 546
41 63 547
41 177 548
41 177 549
41 63 550
41 177 551
41 63 552
161 63 553
32 177 554
41 177 555
32 177 556
41 177 557
41 63 558
41 180 559
32 177 560
41 63 561
161 63 562
41 177 563
41 180 564
177 32 565
41 63 566
41 177 567
180 177 568
180 177 569
180 181 570
41 177 571
180 182 572
41 180 573
41 90 574
41 63 575
32 177 576
41 180 577
41 63 578
41 177 579
177 180 580
177 180 581
177 32 582
41 180 583
41 177 584
41 180 585
32 177 586
41 63 587
183 184 588
41 63 589
177 32 590
32 177 591
41 177 592
177 32 593
175 32 594
32 177 595
32 175 596
41 168 597
175 32 598
41 168 599
41 177 600
177 32 601
63 174 602
174 63 603
63 174 604
174 63 605
41 168 606
41 177 607
32 175 608
63 174 609
174 63 610
41 168 611
9 32 612
41 177 613
63 174 614
32 177 615
175 32 616
32 175 617
41 168 618
41 177 619
41 168 620
41 168 621
63 155 622
174 63 623
41 177 624
177 32 625
41 168 626
175 32 627
63 174 628
174 63 629
63 174 630
41 168 631
41 177 632
41 177 633
32 175 634
41 177 635
175 32 636
175 32 637
32 175 638
41 177 639
41 168 640
174 63 641
63 174 642
41 168 643
41 168 644
41 177 645
41 168 646
41 177 647
174 63 648
63 174 649
41 168 650
41 177 651
41 177 652
41 177 653
41 177 654
9 32 655
41 177 656
41 185 657
41 168 658
185 147 659
185 32 660
41 185 661
41 177 662
32 185 663
186 185 664
140 185 665
155 32 666
32 155 667
185 186 668
155 63 669
41 177 670
103 177 671
187 186 672
185 97 673
103 97 674
187 186 675
41 185 676
41 185 677
41 186 678
41 185 679
41 186 680
185 63 681
41 168 682
187 186 683
63 155 684
63 185 685
103 58 686
103 63 687
187 186 688
103 188 689
189 175 690
189 175 691
140 185 692
187 186 693
185 109 694
140 185 695
189 8 696
102 97 697
140 185 698
41 86 699
41 188 700
101 100 701
101 190 702
191 175 703
101 190 704
101 190 705
101 190 706
101 190 707
103 192 708
101 190 709
101 190 710
101 190 711
101 190 712
101 190 713
101 190 714
101 190 715
101 190 716
193 149 717
101 100 718
193 190 719
191 78 720
101 190 721
101 190 722
190 109 723
101 190 724
193 190 725
103 109 726
109 124 726
103 190 727
103 109 728
103 109 729
41 192 730
194 149 731
194 195 732
176 20 733
176 61 734
176 149 735
176 120 736
176 132 737
176 86 738
176 97 739
176 72 740
176 58 741
176 8 742
176 196 743
176 197 744
176 198 745
176 199 746
176 200 747
176 190 748
176 192 749
176 201 750
176 188 751
176 202 752
176 185 753
176 203 754
176 180 755
176 181 756
176 177 757
176 184 758
176 175 759
176 166 760
204 205 761
204 104 762
204 184 763
189 144 764
3 185 765
3 32 766
199 58 767
63 185 768
63 199 769
63 184 770
199 101 771
194 199 772
194 206 773
194 207 774
204 123 775
121 191 776
175 191 777
204 129 778
63 199 779
101 184 780
101 208 781
63 46 782
63 199 783
101 88 784
191 121 785
191 175 786
103 177 787
199 20 788
184 101 789
103 132 790
199 209 791
101 184 792
36 105 793
103 210 794
36 209 795
184 101 796
209 199 797
199 209 798
199 210 799
101 184 800
184 101 801
176 101 802
68 101 803
32 198 804
211 101 805
212 209 806
211 213 807
211 93 808
211 85 809
189 199 810
214 215 811
103 109 812
103 215 813
103 82 814
44 214 815
103 215 816
63 199 817
63 199 818
103 215 819
103 215 820
103 168 821
214 109 822
215 67 823
103 215 824
214 215 825
41 215 826
41 216 827
103 127 828
215 62 829
214 109 830
176 217 831
176 216 832
176 218 833
103 109 834
219 124 835
19 109 836
63 127 837
88 101 838
103 168 839
103 56 840
63 127 841
103 56 842
214 56 843
214 56 844
63 127 845
51 215 846
19 175 847
19 109 848
44 214 849
215 51 850
44 214 851
19 215 852
19 215 853
103 175 854
44 214 855
19 215 856
103 175 857
214 175 858
51 215 859
19 215 860
214 215 861
215 51 862
19 215 863
96 95 864
96 32 865
19 215 866
96 164 867
103 215 868
103 215 869
19 215 870
144 185 871
103 168 872
220 214 873
220 32 874
19 215 875
144 32 876
103 175 877
103 175 878
175 214 879
103 175 880
103 175 881
103 175 882
176 221 883
103 98 884
3 32 885
222 120 886
41 222 887
41 222 888
41 223 889
214 175 890
41 97 891
41 134 892
51 215 893
36 222 894
36 221 895
212 66 896
96 224 897
175 214 898
214 175 899
225 223 900
36 221 901
36 214 902
176 223 903
176 226 904
221 161 905
36 221 906
44 226 907
221 161 908
36 221 909
221 161 910
56 214 911
221 161 912
221 161 913
221 161 914
161 221 915
36 221 916
36 214 917
221 161 918
204 221 919
227 26 920
211 228 921
214 101 922
229 230 923
220 214 924
96 231 925
96 232 926
103 221 927
103 20 928
103 86 929
220 214 930
220 214 931
103 66 932
212 66 933
124 109 934
103 185 935
212 6 936
103 185 937
103 8 938
63 202 939
63 185 940
103 93 941
63 185 942
9 233 943
103 233 944
9 97 945
9 190 946
166 234 947
69 34 948
69 34 949
235 191 950
69 185 951
41 166 952
41 32 953
3 32 954
3 132 955
1 30 956
41 32 957
41 173 958
103 166 959
63 127 960
63 199 961
103 166 962
63 92 963
97 228 964
97 228 964
103 58 965
191 136 966
32 58 967
131 30 968
191 236 969
32 237 970
9 235 971
101 34 972
237 32 973
97 191 974
48 81 975
48 81 976
175 214 977
176 233 978
9 101 979
48 52 980
48 52 981
48 175 982
52 48 983
48 52 984
9 177 985
97 191 986
52 48 987
9 175 987
175 48 988
96 48 989
41 32 990
9 175 991
41 174 992
9 175 993
48 175 994
12 175 995
48 52 996
175 48 997
48 175 998
12 175 999
12 168 1000
12 175 1001
52 48 1002
175 48 1003
48 52 1004
12 81 1005
12 175 1006
48 175 1007
175 48 1008
12 175 1009
48 175 1010
12 175 1011
52 48 1012
48 52 1013
12 175 1014
175 48 1015
52 48 1016
12 175 1017
48 52 1018
12 175 1019
48 175 1020
12 175 1021
175 48 1022
52 48 1023
12 175 1024
12 175 1025
12 175 1026
220 214 1027
12 175 1028
88 220 1029
48 175 1030
48 52 1031
12 175 1032
175 48 1033
52 48 1034
9 175 1035
48 175 1036
12 175 1037
12 175 1038
175 48 1039
12 175 1040
9 175 1041
48 175 1042
12 175 1043
48 52 1044
9 175 1045
175 48 1046
9 209 1046
12 175 1047
48 175 1048
103 66 1049
103 52 1050
12 175 1051
103 66 1052
175 48 1053
52 48 1054
103 66 1055
12 175 1056
12 175 1057
48 52 1058
48 175 1059
175 48 1060
48 175 1061
48 175 1062
9 175 1063
9 209 1064
175 48 1065
175 48 1066
220 48 1067
9 175 1067
48 175 1068
144 185 1069
175 48 1070
220 48 1071
48 175 1072
144 222 1073
220 48 1074
175 48 1075
220 48 1076
220 48 1077
48 175 1078
220 48 1079
175 48 1080
48 175 1081
220 48 1082
175 48 1083
144 195 1084
48 175 1085
191 237 1086
220 48 1087
175 48 1088
220 48 1089
48 175 1090
220 95 1091
95 168 1092
220 48 1093
176 198 1094
220 95 1095
191 175 1096
220 95 1097
176 201 1098
175 48 1099
175 191 1100
191 175 1101
48 175 1102
175 191 1103
175 48 1104
191 175 1105
144 88 1106
175 191 1107
220 48 1108
191 175 1109
175 191 1110
144 238 1111
191 175 1112
175 191 1113
220 95 1114
239 175 1115
144 240 1116
239 175 1117
239 236 1118
220 95 1119
220 48 1120
220 95 1121
12 90 1122
220 95 1123
144 23 1124
220 95 1125
3 132 1126
220 95 1127
220 95 1128
220 95 1129
103 52 1130
144 32 1131
220 48 1132
144 48 1133
36 222 1134
220 95 1135
88 144 1136
220 95 1137
220 95 1138
220 95 1139
144 48 1140
220 48 1141
144 48 1142
220 95 1143
220 95 1144
220 48 1145
9 144 1146
144 241 1147
103 144 1148
9 216 1149
194 242 1150
194 199 1151
194 209 1152
194 182 1153
32 144 1154
32 243 1155
204 241 1156
63 127 1157
227 144 1158
194 209 1159
168 95 1160
63 127 1161
44 214 1162
41 32 1163
9 244 1164
245 191 1165
228 97 1166
211 228 1167
211 246 1168
19 52 1169
233 88 1170
34 242 1171
19 233 1172
127 63 1173
143 32 1174
143 95 1175
9 235 1176
9 177 1177
63 127 1178
32 88 1179
211 233 1180
88 32 1181
32 88 1182
247 248 1183
248 247 1184
176 248 1185
176 248 1186
211 232 1187
88 32 1188
176 248 1189
176 63 1190
32 88 1191
249 63 1192
41 250 1193
41 248 1194
95 168 1195
41 251 1196
34 242 1197
176 72 1198
44 88 1199
103 177 1200
103 86 1201
12 168 1202
51 86 1203
212 252 1204
176 63 1205
41 97 1206
168 95 1207
249 63 1208
212 34 1209
212 252 1210
176 63 1211
212 252 1212
176 63 1213
212 34 1214
249 63 1215
212 34 1216
103 63 1217
144 247 1218
204 51 1219
103 63 1220
101 208 1221
212 34 1222
212 252 1223
53 253 1224
9 251 1225
164 8 1226
8 164 1227
212 34 1228
44 88 1229
44 48 1230
44 88 1231
44 48 1232
254 8 1233
8 254 1234
44 88 1235
254 8 1236
95 168 1237
254 8 1238
8 254 1239
254 8 1240
8 254 1241
254 8 1242
1 255 1243
103 256 1244
143 32 1245
204 257 1246
52 48 1247
258 76 1248
168 95 1249
259 260 1250
261 256 1251
19 52 1252
204 81 1253
19 52 1254
259 256 1255
51 260 1256
260 51 1257
204 262 1258
19 52 1259
103 260 1260
263 254 1261
263 254 1262
204 51 1263
260 51 1264
204 51 1265
41 256 1266
204 51 1267
204 51 1268
36 254 1269
204 51 1270
36 222 1271
204 51 1272
204 51 1273
204 51 1274
204 51 1275
62 215 1276
204 51 1277
264 158 1278
6 122 1279
204 51 1280
36 254 1281
36 6 1282
41 265 1283
204 51 1284
204 51 1285
36 6 1286
36 254 1287
260 51 1288
204 51 1289
36 222 1290
96 6 1291
204 51 1292
96 6 1293
256 259 1294
204 48 1295
36 254 1296
36 6 1297
204 51 1298
96 6 1299
36 6 1300
96 6 1301
204 51 1302
204 51 1303
96 6 1303
36 6 1304
36 254 1305
36 254 1306
204 48 1307
96 6 1308
211 251 1309
204 266 1310
204 51 1311
267 260 1312
267 256 1313
260 51 1314
260 267 1315
12 260 1316
263 191 1317
12 101 1318
204 48 1319
204 51 1320
204 266 1321
12 175 1322
204 48 1323
204 51 1324
51 267 1325
260 51 1326
204 48 1327
260 51 1328
268 149 1329
267 51 1330
189 8 1331
63 127 1332
51 267 1333
204 48 1334
204 221 1335
127 63 1336
204 48 1337
212 6 1338
204 48 1339
204 48 1340
267 51 1341
140 6 1342
12 175 1343
103 267 1344
204 48 1345
69 254 1346
212 34 1347
212 48 1348
103 267 1349
176 269 1350
204 48 1351
103 166 1352
19 265 1353
95 168 1354
212 254 1355
212 48 1356
176 270 1357
176 267 1358
212 48 1359
69 271 1360
212 48 1361
69 271 1362
69 271 1363
69 271 1364
272 273 1365
69 271 1366
48 256 1367
69 271 1368
274 48 1369
69 271 1370
274 48 1371
144 260 1372
103 265 1373
212 48 1374
263 222 1375
198 256 1376
103 270 1377
176 256 1378
212 48 1379
263 239 1380
212 48 1381
135 105 1382
263 239 1383
103 228 1384
212 48 1385
103 228 1386
204 48 1387
101 271 1388
101 34 1389
275 20 1390
103 228 1391
276 8 1391
20 275 1392
20 275 1393
101 34 1394
263 277 1395
263 277 1396
140 6 1397
9 135 1398
140 278 1399
9 135 1400
34 101 1401
127 260 1402
9 135 1403
101 68 1404
260 127 1405
103 52 1406
199 279 1407
199 260 1408
260 199 1409
260 127 1410
41 101 1411
63 127 1412
19 52 1413
41 280 1414
271 101 1415
68 101 1416
176 101 1417
260 127 1418
281 254 1419
41 280 1420
41 280 1421
277 68 1422
282 34 1422
176 283 1423
176 283 1424
41 280 1425
176 283 1426
176 283 1427
41 280 1428
176 248 1429
176 284 1430
176 166 1431
220 271 1432
41 270 1433
12 101 1434
220 67 1435
9 135 1436
12 101 1437
67 256 1438
12 101 1439
36 285 1440
12 101 1441
220 67 1442
286 221 1443
36 285 1444
36 285 1445
101 32 1446
189 132 1447
220 221 1448
220 221 1449
221 3 1450
181 180 1451
181 177 1452
181 177 1453
181 260 1454
260 287 1455
236 239 1456
260 181 1457
51 288 1458
215 51 1459
1 255 1460
79 166 1461
79 256 1462
79 260 1463
204 68 1464
289 135 1465
204 79 1466
204 276 1467
204 221 1468
204 271 1469
3 221 1470
58 199 1471
44 290 1472
27 221 1473
291 292 1474
69 293 1475
69 104 1476
9 260 1477
114 124 1478
199 58 1479
63 290 1480
32 291 1481
36 236 1482
36 291 1483
51 294 1484
36 236 1485
105 135 1486
211 228 1487
291 32 1488
211 260 1489
204 68 1490
204 276 1491
204 79 1492
295 296 1493
204 48 1494
211 288 1495
211 284 1496
204 288 1497
204 284 1498
294 51 1499
263 277 1500
6 221 1501
44 129 1502
297 191 1503
70 124 1504
32 291 1505
51 294 1506
53 291 1507
204 298 1508
294 51 1509
9 32 1510
9 177 1511
220 221 1512
289 220 1513
211 265 1514
221 3 1515
221 6 1516
221 211 1517
27 221 1518
277 34 1519
263 277 1520
277 299 1521
277 299 1522
300 52 1523
212 67 1524
277 50 1525
204 221 1526
204 181 1527
211 221 1528
140 124 1529
6 221 1530
184 32 1531
193 233 1532
32 184 1533
32 184 1534
32 184 1535
301 63 1536
32 184 1537
193 149 1538
289 8 1539
9 299 1540
140 124 1541
6 88 1542
302 138 1543
204 68 1544
288 51 1545
288 211 1546
228 211 1547
260 51 1548
260 199 1549
260 79 1550
260 211 1551
260 181 1552
63 301 1553
303 294 1554
204 68 1555
155 3 1556
205 304 1557
155 8 1558
277 252 1559
204 68 1560
212 211 1561
204 68 1562
204 68 1563
204 68 1564
288 50 1565
204 68 1566
101 32 1567
204 68 1568
143 67 1569
212 228 1570
212 228 1571
228 121 1572
67 164 1573
67 132 1574
228 61 1575
228 304 1576
305 306 1577
239 236 1578
114 124 1579
51 294 1580
67 172 1581
51 288 1582
277 172 1583
288 51 1584
209 299 1585
67 175 1586
3 221 1587
3 155 1588
307 6 1589
307 6 1590
307 51 1591
6 299 1592
307 6 1593
307 6 1594
277 51 1595
307 6 1596
277 79 1597
277 51 1598
281 308 1599
307 6 1600
277 51 1601
193 302 1602
307 6 1603
302 193 1604
307 67 1605
281 302 1606
193 302 1607
307 6 1608
60 308 1609
60 308 1610
60 308 1611
60 308 1612
60 308 1613
309 175 1614
310 72 1615
143 67 1616
308 60 1617
212 209 1618
302 193 1619
307 67 1620
189 302 1621
193 302 1622
212 34 1623
277 184 1624
281 302 1625
302 193 1626
189 302 1627
193 302 1628
212 34 1629
277 184 1630
277 184 1631
302 193 1632
277 184 1633
9 177 1634
277 184 1635
9 299 1636
277 184 1637
121 228 1638
193 302 1639
308 60 1640
36 211 1641
302 193 1642
303 212 1643
36 155 1644
193 302 1645
193 311 1646
36 34 1647
194 296 1648
211 128 1649
36 211 1650
296 63 1651
302 193 1652
194 312 1653
281 302 1654
193 302 1655
9 8 1656
128 51 1657
194 132 1658
294 51 1659
302 193 1660
128 51 1661
294 51 1662
299 209 1663
9 8 1664
299 6 1665
248 283 1666
128 236 1667
263 308 1668
281 302 1669
9 299 1670
36 299 1671
19 302 1672
128 51 1673
9 8 1674
128 51 1675
294 51 1676
67 32 1677
103 299 1678
36 299 1679
9 299 1680
313 228 1681
263 308 1682
9 8 1683
314 308 1684
277 191 1685
212 51 1686
306 305 1687
9 299 1688
277 191 1689
9 8 1690
9 299 1691
212 51 1692
263 311 1693
103 299 1694
277 191 1695
103 299 1696
277 191 1697
9 299 1698
193 280 1699
212 51 1700
314 254 1701
281 302 1702
303 212 1703
303 298 1704
263 315 1705
212 51 1706
263 316 1707
260 51 1708
51 59 1709
263 315 1710
260 79 1711
103 299 1712
128 211 1713
314 308 1714
314 51 1715
314 34 1716
103 299 1717
286 221 1718
308 315 1719
9 315 1720
9 316 1721
317 315 1722
318 124 1723
63 296 1724
128 51 1725
9 316 1726
286 34 1727
9 299 1728
314 51 1729
212 51 1730
317 315 1731
63 301 1732
128 236 1733
260 51 1734
314 48 1735
9 316 1735
314 34 1736
318 34 1737
286 34 1738
294 51 1739
204 51 1740
140 124 1741
204 68 1742
204 298 1743
318 34 1744
314 48 1745
314 34 1746
50 288 1747
314 34 1748
286 34 1749
176 311 1750
9 8 1751
176 306 1752
176 299 1753
176 319 1754
176 300 1755
144 193 1756
282 67 1757
176 315 1758
176 316 1759
9 8 1760
288 50 1761
228 121 1762
318 34 1763
318 124 1764
282 34 1765
212 6 1766
297 34 1767
124 318 1768
289 212 1769
297 88 1770
140 124 1771
254 308 1772
9 8 1773
83 313 1774
103 318 1775
140 124 1776
9 8 1777
34 318 1778
297 34 1779
144 288 1780
214 154 1781
212 6 1782
212 6 1783
36 299 1784
144 88 1785
308 254 1786
101 184 1787
9 8 1788
212 6 1789
254 308 1790
211 288 1791
282 214 1792
94 320 1792
211 260 1793
318 124 1794
212 211 1795
36 211 1795
288 211 1796
318 34 1797
211 228 1798
211 288 1799
194 88 1800
212 211 1801
144 290 1802
27 194 1802
194 88 1803
212 34 1804
9 32 1805
9 8 1806
176 233 1807
124 318 1808
176 32 1809
44 99 1810
144 48 1811
144 51 1812
318 34 1813
9 8 1814
318 34 1815
318 124 1816
176 32 1817
212 34 1818
228 315 1819
44 99 1820
32 184 1821
9 316 1822
321 144 1823
144 99 1824
44 99 1825
67 32 1826
9 8 1827
184 101 1828
41 184 1829
67 32 1830
67 32 1831
193 315 1832
144 193 1833
9 8 1834
9 299 1835
9 260 1836
9 132 1837
144 99 1838
144 322 1839
44 99 1840
144 193 1841
281 323 1842
99 144 1843
144 193 1844
144 99 1845
95 52 1846
52 95 1847
103 324 1848
95 52 1849
103 324 1850
63 155 1851
176 324 1852
297 325 1853
297 325 1854
144 99 1855
44 299 1856
209 299 1857
297 325 1858
297 34 1859
60 308 1859
103 324 1860
144 99 1861
51 324 1862
155 63 1863
297 325 1864
324 51 1865
78 326 1866
51 324 1867
324 51 1868
63 155 1869
51 324 1870
324 51 1871
297 325 1872
281 144 1873
51 324 1874
144 193 1875
67 63 1876
212 209 1877
324 51 1878
144 99 1879
193 144 1880
51 324 1881
297 325 1882
144 193 1883
34 324 1884
323 34 1885
144 99 1886
63 67 1887
144 193 1888
297 325 1889
307 325 1890
144 99 1891
212 51 1892
297 325 1893
324 51 1894
27 194 1895
297 325 1896
324 34 1897
144 48 1898
144 48 1899
34 324 1900
319 34 1901
48 144 1902
319 325 1903
34 88 1904
212 51 1905
144 99 1906
297 325 1907
52 95 1908
319 325 1909
144 48 1910
319 34 1911
204 327 1912
297 325 1913
204 68 1914
204 51 1915
51 324 1916
325 319 1917
324 51 1918
297 325 1919
52 328 1920
281 144 1921
103 324 1922
51 324 1923
324 329 1924
297 325 1925
212 51 1926
329 324 1927
62 78 1928
297 325 1929
72 291 1930
324 51 1931
212 51 1932
324 329 1933
9 294 1934
329 324 1935
103 324 1936
9 97 1937
204 68 1938
9 318 1939
128 329 1940
9 78 1941
38 52 1942
9 52 1943
308 60 1944
9 330 1945
51 52 1946
9 86 1947
51 331 1948
38 288 1949
38 288 1950
332 333 1951
324 329 1952
51 324 1953
9 61 1954
9 262 1955
38 288 1956
12 168 1957
324 51 1958
9 288 1959
51 324 1960
9 288 1961
12 288 1962
62 260 1963
128 324 1964
12 288 1965
281 323 1966
324 51 1967
9 288 1968
313 78 1969
281 323 1970
38 288 1971
12 288 1972
9 288 1973
9 316 1974
51 324 1975
324 51 1976
303 316 1977
12 288 1978
38 288 1979
9 316 1980
51 324 1981
103 324 1982
38 288 1983
12 288 1984
67 90 1985
324 51 1986
303 316 1987
9 288 1988
38 288 1989
316 303 1990
12 288 1991
334 128 1992
303 316 1993
281 323 1994
38 288 1995
335 34 1996
103 324 1997
51 324 1998
9 316 1998
38 288 1999
12 288 2000
38 288 2001
323 281 2002
12 288 2003
9 288 2004
38 288 2005
12 288 2006
103 324 2007
38 288 2008
324 51 2009
323 281 2010
38 288 2011
323 281 2012
51 324 2013
12 288 2014
9 97 2015
9 288 2016
324 51 2017
323 281 2018
12 288 2019
12 288 2020
9 282 2021
12 288 2022
324 329 2023
281 323 2024
333 319 2025
9 288 2026
323 281 2027
332 281 2028
9 316 2029
329 324 2030
323 281 2031
9 288 2031
9 288 2032
323 281 2033
332 281 2034
281 323 2035
336 315 2036
9 288 2037
323 281 2038
323 281 2039
128 324 2040
9 288 2041
332 281 2042
9 288 2043
9 288 2044
9 288 2045
281 323 2046
9 288 2047
335 34 2048
336 333 2049
335 34 2050
323 281 2051
128 324 2052
308 333 2053
332 281 2054
333 308 2055
9 288 2056
332 281 2057
332 281 2058
332 281 2059
323 281 2060
335 34 2061
323 281 2062
281 323 2063
9 288 2063
36 189 2064
333 329 2065
323 281 2066
323 281 2067
323 333 2068
335 34 2069
34 101 2070
41 97 2071
36 75 2072
103 324 2073
329 333 2073
332 281 2074
103 316 2075
128 221 2075
323 281 2076
36 211 2077
41 308 2078
260 211 2079
128 324 2080
335 34 2081
337 281 2082
103 324 2083
34 313 2084
41 308 2085
337 260 2086
337 281 2087
281 254 2088
34 313 2089
337 281 2090
335 34 2091
41 308 2092
254 281 2093
62 260 2094
335 34 2095
220 221 2096
308 311 2097
176 311 2098
103 324 2099
335 34 2100
128 329 2101
324 51 2102
41 308 2103
41 308 2104
41 308 2105
103 324 2106
9 308 2107
260 338 2108
338 260 2108
103 324 2109
260 338 2110
254 311 2111
335 34 2112
311 308 2113
263 311 2114
311 254 2115
254 311 2116
263 311 2117
9 308 2118
308 311 2119
335 34 2120
191 315 2121
103 311 2122
335 191 2122
335 34 2123
311 50 2124
311 254 2125
311 308 2126
34 311 2127
308 311 2128
254 311 2129
9 308 2130
335 191 2131
9 311 2132
103 311 2133
103 324 2134
9 308 2135
9 308 2136
9 311 2137
103 311 2138
9 311 2139
254 8 2140
9 308 2141
204 339 2142
103 311 2143
324 329 2144
329 324 2145
9 282 2146
324 329 2147
313 34 2148
313 34 2149
329 324 2150
324 329 2151
34 313 2152
34 313 2153
329 324 2154
53 34 2155
50 311 2156
53 340 2157
53 308 2158
53 305 2159
53 341 2160
313 34 2161
48 311 2162
338 319 2163
34 313 2164
319 34 2165
319 333 2166
319 338 2167
342 260 2168
67 32 2169
51 324 2170
319 333 2171
319 325 2172
317 311 2173
97 338 2174
97 191 2175
34 343 2176
34 299 2177
299 34 2178
34 299 2179
120 222 2180
344 209 2181
32 8 2182
41 120 2183
47 78 2184
345 56 2185
345 318 2186
299 34 2187
34 299 2188
313 34 2189
220 32 2190
63 32 2191
294 51 2192
44 299 2193
44 34 2194
332 308 2195
88 144 2196
277 6 2197
44 34 2198
53 308 2199
53 346 2200
319 333 2201
297 88 2202
314 333 2203
235 347 2204
314 228 2205
338 348 2206
314 95 2207
319 338 2208
319 338 2209
314 48 2210
349 8 2211
319 338 2212
349 319 2213
317 308 2214
317 308 2215
9 233 2216
317 308 2217
44 308 2218
317 308 2219
317 308 2220
317 308 2221
317 308 2222
317 308 2223
317 308 2224
263 308 2225
317 308 2226
317 308 2227
97 338 2228
317 308 2229
317 308 2230
317 308 2231
317 308 2232
317 308 2233
317 308 2234
317 308 2235
263 308 2236
317 308 2237
317 308 2238
308 263 2239
263 308 2240
103 97 2241
317 263 2242
308 281 2243
333 319 2244
317 263 2245
317 263 2246
317 263 2247
281 308 2248
317 263 2249
191 347 2250
317 254 2251
317 254 2252
317 254 2253
317 254 2254
317 254 2255
317 263 2256
317 254 2257
317 263 2258
317 254 2259
317 254 2260
317 254 2261
34 313 2262
44 34 2263
317 254 2264
317 254 2265
337 254 2266
337 254 2267
337 254 2268
337 281 2269
332 281 2270
317 191 2271
317 254 2272
332 281 2273
254 302 2274
302 281 2275
317 191 2276
302 254 2277
317 191 2278
254 302 2279
337 281 2280
337 281 2281
51 324 2282
302 254 2283
317 263 2284
317 254 2285
263 281 2286
281 263 2287
254 302 2288
272 263 2289
263 254 2290
302 254 2291
281 263 2292
263 281 2293
254 302 2294
302 254 2295
254 302 2296
281 263 2297
303 298 2298
263 281 2299
302 254 2300
324 51 2301
254 302 2302
281 263 2303
263 281 2304
281 263 2305
332 281 2306
281 263 2307
332 281 2308
263 281 2309
337 281 2310
281 263 2311
281 263 2312
337 281 2313
263 281 2314
296 63 2315
263 281 2316
281 263 2317
281 263 2318
281 263 2319
337 281 2320
337 281 2321
281 308 2322
281 254 2323
263 281 2324
337 281 2325
337 281 2326
263 281 2327
281 263 2328
263 281 2329
317 281 2330
53 341 2331
27 184 2332
281 302 2333
204 184 2334
160 72 2335
160 72 2336
27 184 2337
308 281 2338
212 263 2339
27 184 2340
281 308 2341
51 324 2342
324 51 2343
350 6 2344
351 299 2345
350 299 2346
239 349 2347
304 228 2348
263 352 2349
350 299 2350
319 349 2351
101 208 2352
353 254 2353
103 134 2354
353 254 2355
317 319 2356
176 101 2357
317 308 2358
281 352 2359
62 354 2360
316 355 2361
316 263 2362
316 281 2363
103 353 2364
281 316 2365
272 316 2366
99 349 2367
204 184 2368
172 128 2369
321 233 2370
6 252 2371
8 349 2372
332 281 2373
277 263 2374
3 51 2375
356 63 2376
308 281 2377
237 191 2378
357 358 2379
32 263 2380
3 51 2381
289 359 2382
176 101 2383
308 281 2384
281 308 2385
308 281 2386
204 184 2387
204 271 2388
332 308 2389
332 308 2390
69 349 2391
191 237 2392
69 155 2393
332 308 2394
263 32 2395
291 32 2396
291 72 2397
317 308 2398
289 86 2399
3 51 2400
72 291 2401
323 340 2402
323 281 2403
332 263 2404
263 316 2405
61 105 2406
61 105 2407
323 34 2408
316 263 2409
323 281 2410
316 263 2411
3 308 2412
323 281 2413
176 61 2414
328 52 2415
323 281 2416
281 323 2417
323 281 2418
281 323 2419
32 291 2420
12 360 2421
235 191 2422
235 263 2423
357 358 2424
357 128 2425
357 175 2426
60 194 2427
60 194 2428
103 314 2429
103 360 2430
103 158 2431
12 360 2432
48 314 2433
12 316 2434
332 316 2435
103 360 2436
308 337 2437
221 211 2438
221 128 2439
44 308 2440
44 308 2441
44 308 2442
323 281 2443
323 340 2444
131 297 2445
211 221 2446
323 102 2447
323 191 2448
302 281 2449
323 102 2450
41 308 2451
34 313 2452
277 263 2453
323 191 2454
313 34 2455
41 308 2456
34 313 2457
323 191 2458
323 88 2459
349 8 2460
307 48 2461
63 74 2462
41 32 2463
131 297 2464
317 263 2465
209 242 2466
355 316 2467
316 355 2468
266 50 2469
316 263 2470
53 305 2471
316 308 2472
263 316 2473
307 48 2474
316 263 2475
272 316 2476
88 323 2477
349 297 2478
272 263 2479
307 48 2480
323 88 2481
272 316 2482
297 349 2483
272 316 2484
297 349 2485
263 316 2486
263 316 2487
272 260 2488
297 248 2489
316 263 2490
281 323 2491
316 263 2492
297 349 2493
323 281 2494
323 281 2495
281 302 2496
323 281 2497
294 339 2498
281 323 2499
263 316 2500
297 349 2501
316 263 2502
323 281 2503
323 281 2504
297 349 2505
281 323 2506
323 88 2507
263 316 2508
323 281 2509
316 263 2510
281 323 2511
297 349 2512
124 323 2513
349 97 2514
162 161 2515
323 281 2516
281 323 2517
323 281 2518
323 281 2519
297 349 2520
99 349 2521
281 323 2522
277 308 2523
277 361 2524
323 281 2525
124 323 2526
281 323 2527
88 323 2528
281 323 2529
323 281 2530
277 362 2531
97 316 2532
97 349 2533
323 88 2534
323 281 2535
344 128 2536
363 364 2537
212 51 2538
212 211 2539
355 316 2540
323 281 2541
212 263 2542
302 281 2543
242 209 2544
19 302 2545
323 281 2546
97 349 2547
281 323 2548
323 281 2549
323 281 2550
316 355 2551
308 316 2552
316 308 2553
281 302 2554
308 316 2555
88 323 2556
316 308 2557
323 88 2558
307 281 2559
307 281 2560
228 314 2561
281 323 2562
332 281 2563
281 323 2564
332 281 2565
332 281 2566
307 254 2567
334 364 2568
212 88 2569
332 281 2570
323 102 2571
323 281 2572
323 88 2573
323 281 2574
307 254 2575
75 313 2576
307 281 2577
209 365 2578
307 254 2579
307 281 2580
323 75 2581
307 254 2582
308 254 2583
323 88 2584
19 331 2585
254 308 2586
323 75 2587
19 365 2588
212 75 2589
323 75 2590
313 75 2591
365 209 2592
323 124 2593
19 365 2594
323 75 2595
75 313 2596
212 88 2597
345 318 2598
323 124 2599
19 365 2600
19 365 2601
19 365 2602
212 75 2603
308 60 2604
313 75 2605
308 254 2606
19 365 2607
286 221 2608
9 308 2609
88 212 2610
19 365 2611
74 63 2612
75 313 2613
88 358 2614
9 308 2615
313 75 2616
72 337 2617
358 88 2618
323 75 2619
9 177 2620
9 311 2621
75 313 2622
36 75 2623
88 358 2624
323 281 2625
9 366 2625
9 358 2626
19 365 2627
323 75 2628
36 75 2629
212 88 2630
60 308 2631
358 88 2632
212 224 2633
36 75 2634
97 349 2635
286 367 2636
19 365 2637
9 282 2638
9 358 2639
19 365 2640
286 202 2641
286 202 2642
286 202 2643
9 358 2644
19 365 2645
368 367 2646
212 75 2647
355 316 2648
36 361 2649
128 236 2650
334 128 2651
367 368 2652
254 337 2653
254 281 2654
254 281 2655
281 254 2656
20 21 2657
254 281 2658
20 275 2659
368 367 2660
75 313 2661
9 212 2662
32 63 2663
212 75 2664
63 74 2665
63 32 2666
368 288 2667
327 144 2668
74 63 2669
288 368 2670
32 63 2671
144 281 2672
32 263 2673
313 75 2674
144 88 2675
63 74 2676
63 32 2677
368 288 2678
97 349 2679
97 327 2680
316 355 2681
144 142 2682
288 368 2683
74 63 2684
368 288 2685
355 316 2686
314 228 2687
144 369 2688
288 368 2689
323 281 2690
314 48 2691
212 74 2692
144 370 2693
314 48 2694
63 74 2695
371 306 2696
314 95 2697
368 288 2698
311 48 2699
144 359 2700
288 368 2701
323 372 2702
368 288 2703
63 74 2704
316 355 2705
212 75 2706
289 212 2707
144 283 2708
355 316 2709
316 355 2710
316 263 2711
263 316 2712
277 191 2713
316 263 2714
144 48 2715
355 316 2716
263 316 2717
316 355 2718
332 281 2719
235 191 2720
373 308 2721
248 283 2722
308 373 2723
308 373 2724
338 144 2725
212 263 2726
308 281 2727
248 374 2728
103 316 2729
355 316 2730
316 355 2731
355 316 2732
220 221 2733
316 355 2734
355 316 2735
316 355 2736
103 375 2737
372 242 2737
128 324 2738
103 365 2739
44 174 2740
44 373 2741
103 316 2742
368 340 2743
95 365 2744
44 372 2745
372 368 2746
9 177 2747
281 308 2748
9 371 2749
44 365 2750
365 95 2751
281 323 2752
308 281 2753
9 368 2754
44 372 2755
372 371 2756
281 308 2757
340 368 2758
48 314 2759
368 340 2760
372 375 2761
95 365 2762
48 311 2763
332 281 2764
236 128 2765
365 95 2766
372 375 2767
95 365 2768
372 376 2769
376 372 2770
376 377 2771
365 95 2772
335 72 2773
372 376 2774
102 97 2775
335 155 2776
337 72 2777
103 375 2778
335 88 2779
103 378 2780
103 365 2781
103 375 2782
176 374 2783
9 368 2784
337 72 2785
53 305 2786
248 375 2787
375 248 2788
335 155 2789
248 375 2790
72 337 2791
335 368 2792
379 349 2793
335 72 2794
332 352 2795
335 72 2796
335 98 2797
335 98 2798
335 368 2799
335 98 2800
41 380 2801
41 371 2802
98 97 2803
335 50 2804
41 381 2805
335 365 2806
41 382 2807
41 343 2808
335 368 2809
41 383 2810
335 368 2811
335 368 2812
103 365 2813
335 368 2814
128 236 2815
335 368 2816
368 194 2817
194 368 2818
335 72 2819
368 194 2820
335 368 2821
335 368 2822
368 236 2823
368 322 2824
335 368 2825
335 368 2826
171 56 2827
368 309 2828
62 102 2829
62 347 2830
176 378 2831
176 378 2832
32 63 2833
32 378 2834
189 358 2835
317 311 2836
300 384 2837
41 300 2838
41 325 2839
97 338 2840
309 368 2841
372 97 2842
372 375 2843
1 146 2844
1 101 2845
1 211 2846
1 30 2847
70 385 2848
277 362 2849
154 56 2850
321 154 2851
27 221 2852
79 365 2853
79 386 2854
228 314 2855
239 349 2856
386 50 2857
386 260 2858
319 338 2859
376 50 2860
50 386 2861
50 376 2862
386 50 2863
376 50 2864
376 50 2865
386 387 2866
386 50 2867
30 72 2868
277 362 2869
277 376 2870
63 32 2871
376 191 2872
212 376 2873
212 376 2874
212 376 2875
371 377 2876
311 48 2877
376 377 2878
212 376 2879
311 365 2880
388 306 2881
378 32 2882
189 349 2883
314 48 2884
50 386 2885
50 376 2886
9 177 2887
359 144 2888
34 365 2889
1 30 2890
385 70 2891
254 378 2892
345 361 2893
345 346 2894
365 79 2895
365 311 2896
204 374 2897
72 30 2898
204 374 2899
204 298 2900
145 88 2901
204 298 2902
204 298 2903
189 349 2904
70 385 2905
204 298 2906
204 298 2907
191 376 2908
389 254 2909
63 337 2910
63 193 2911
337 63 2912
212 388 2913
263 378 2914
212 376 2915
212 224 2916
390 316 2917
27 184 2918
391 349 2919
349 391 2920
212 224 2921
378 254 2922
378 263 2923
392 383 2924
319 337 2925
387 386 2926
393 394 2927
395 8 2928
395 8 2929
393 263 2930
396 378 2931
395 8 2932
176 396 2933
386 387 2934
386 343 2935
176 396 2936
9 391 2937
9 52 2938
308 281 2939
8 395 2940
9 386 2941
9 8 2942
176 396 2943
289 392 2944
41 391 2945
289 375 2946
41 325 2947
289 371 2948
254 378 2949
289 391 2950
308 373 2951
308 263 2952
263 308 2953
378 254 2954
260 386 2955
254 378 2956
393 263 2957
378 254 2958
393 263 2959
254 378 2960
281 308 2961
281 308 2962
393 263 2963
393 263 2964
378 254 2965
372 97 2966
321 359 2967
372 376 2968
283 260 2969
372 97 2970
254 378 2971
393 263 2972
308 281 2973
254 396 2974
378 254 2975
254 378 2976
62 371 2977
378 254 2978
254 378 2979
1 397 2980
396 254 2981
254 396 2982
321 396 2983
396 254 2984
32 378 2985
32 63 2986
327 97 2987
254 396 2988
357 396 2989
378 254 2990
378 32 2991
396 254 2992
332 308 2993
357 378 2994
357 396 2995
254 396 2996
254 378 2997
220 373 2998
357 378 2999
32 378 3000
220 308 3001
220 224 3002
357 396 3003
396 254 3004
220 62 3005
254 396 3006
220 254 3007
378 254 3008
376 191 3009
220 62 3010
378 32 3011
254 378 3012
254 378 3013
378 254 3014
254 378 3015
204 294 3016
32 396 3017
398 209 3018
32 378 3019
321 396 3020
254 378 3021
355 316 3022
399 396 3023
378 254 3024
378 32 3025
145 88 3026
145 263 3027
32 378 3028
399 364 3029
399 382 3030
209 396 3031
399 126 3032
399 299 3033
399 375 3034
32 58 3035
378 32 3036
32 378 3037
399 59 3038
289 371 3039
399 386 3040
399 76 3041
398 378 3042
400 32 3043
74 379 3044
74 396 3045
398 378 3046
74 378 3047
399 365 3048
378 74 3049
398 378 3050
399 311 3051
48 311 3052
399 149 3053
373 308 3054
400 32 3055
316 355 3056
316 390 3057
398 378 3058
228 392 3059
373 308 3060
378 396 3061
396 378 3062
396 378 3063
378 396 3064
378 396 3065
400 396 3066
36 296 3067
12 175 3068
74 378 3069
36 128 3070
36 401 3071
400 396 3072
378 74 3073
74 378 3074
12 402 3075
396 74 3076
396 399 3077
12 402 3078
400 396 3079
12 402 3080
12 402 3081
400 396 3082
12 402 3083
212 303 3084
365 399 3085
400 396 3086
368 309 3087
400 396 3088
95 365 3089
9 175 3090
9 52 3091
9 8 3092
30 72 3093
310 97 3094
9 212 3095
403 8 3096
9 88 3097
9 34 3098
402 281 3099
323 281 3100
176 396 3101
303 212 3102
176 396 3103
303 389 3104
44 242 3105
176 263 3106
44 242 3107
393 191 3108
191 396 3109
8 403 3110
393 191 3111
396 191 3112
176 396 3113
396 191 3114
191 396 3115
393 191 3116
396 191 3117
9 8 3118
400 323 3119
176 396 3120
191 396 3121
396 191 3122
393 191 3123
41 263 3124
393 191 3125
176 396 3126
9 8 3127
384 300 3128
9 212 3129
6 404 3130
212 394 3131
176 396 3132
9 8 3133
176 396 3134
398 405 3135
176 396 3136
9 8 3137
176 396 3138
398 405 3139
176 396 3140
398 405 3141
9 34 3142
191 405 3143
398 405 3144
9 8 3145
9 212 3146
405 191 3147
398 405 3148
398 405 3149
314 281 3150
194 406 3151
103 396 3152
6 378 3153
398 405 3154
103 405 3155
378 6 3156
389 254 3157
389 62 3158
398 405 3159
389 303 3160
191 405 3161
398 405 3162
405 191 3163
398 405 3164
191 405 3165
405 191 3166
378 396 3167
79 365 3168
281 314 3169
281 402 3170
281 323 3171
41 407 3172
9 405 3173
404 132 3174
314 228 3175
314 281 3176
378 396 3177
212 303 3178
281 314 3179
297 62 3180
9 405 3181
378 396 3182
103 393 3183
9 405 3184
9 212 3185
297 62 3186
9 405 3187
74 408 3188
9 405 3189
378 396 3190
9 405 3191
409 50 3192
201 410 3193
410 201 3194
201 410 3195
201 52 3196
214 396 3197
41 396 3198
396 214 3199
214 396 3200
103 371 3201
396 214 3202
378 396 3203
103 371 3204
214 396 3205
378 396 3206
396 214 3207
308 281 3208
409 50 3209
41 396 3210
212 376 3211
281 308 3212
308 281 3213
214 396 3214
41 396 3215
396 214 3216
281 308 3217
214 396 3218
308 281 3219
308 32 3220
344 403 3221
396 214 3222
260 283 3223
214 396 3224
6 378 3225
281 308 3226
344 403 3227
308 281 3228
272 273 3229
63 337 3230
27 406 3231
297 272 3232
344 403 3233
344 403 3234
263 405 3235
344 403 3236
303 389 3237
3 308 3238
38 365 3239
368 394 3240
3 88 3241
321 411 3242
321 411 3243
88 3 3244
234 166 3245
321 412 3246
402 281 3247
307 368 3248
281 402 3249
212 303 3250
405 263 3251
103 344 3252
172 344 3253
9 212 3254
9 411 3255
9 411 3256
372 389 3257
372 407 3258
394 368 3259
409 263 3260
372 407 3261
368 394 3262
6 413 3263
321 405 3264
212 413 3265
131 393 3266
38 288 3267
131 191 3268
321 344 3269
27 414 3270
38 405 3271
389 303 3272
38 175 3273
415 329 3274
27 414 3275
414 396 3276
303 212 3277
413 6 3278
27 414 3279
83 368 3280
212 413 3281
6 413 3282
344 172 3283
27 414 3284
9 177 3285
325 344 3286
321 344 3287
27 414 3288
321 389 3289
69 6 3290
103 343 3291
38 405 3292
69 403 3293
27 414 3294
204 374 3295
38 177 3296
325 378 3297
212 413 3298
321 177 3299
317 281 3300
303 212 3301
321 72 3302
317 308 3303
212 413 3304
321 72 3305
416 212 3306
27 414 3307
27 414 3308
325 6 3309
281 352 3310
212 387 3311
6 325 3312
323 281 3313
212 416 3314
303 212 3315
32 308 3316
325 6 3317
6 325 3318
131 393 3319
67 410 3320
323 281 3321
67 410 3322
303 6 3323
303 6 3324
357 343 3325
67 396 3326
277 417 3327
357 405 3328
277 417 3329
131 393 3330
303 212 3331
212 416 3332
357 393 3333
67 378 3334
413 212 3335
357 63 3336
323 281 3337
131 393 3338
317 281 3339
317 281 3340
357 389 3341
311 365 3342
311 399 3343
212 413 3344
69 418 3345
317 281 3346
323 281 3347
41 407 3348
378 325 3349
413 212 3350
365 311 3351
378 67 3352
378 6 3353
378 325 3354
6 378 3355
27 414 3356
323 413 3357
378 6 3358
303 212 3359
96 74 3360
350 6 3361
41 407 3362
350 6 3363
212 376 3364
6 378 3365
350 6 3366
323 337 3367
52 201 3368
321 311 3369
323 356 3370
321 311 3371
212 413 3372
378 6 3373
376 6 3374
69 75 3375
335 72 3376
19 396 3377
3 51 3378
41 407 3379
3 51 3380
6 378 3381
6 376 3382
131 393 3383
335 50 3384
289 419 3385
335 278 3386
378 6 3387
6 378 3388
303 212 3389
161 162 3390
19 8 3391
378 6 3392
19 419 3393
249 8 3394
102 62 3395
325 378 3396
6 378 3397
325 378 3398
249 8 3399
321 52 3400
378 325 3401
44 19 3402
325 378 3403
249 8 3404
335 6 3405
378 6 3406
398 378 3407
378 325 3408
398 378 3409
96 74 3410
74 419 3411
398 378 3412
212 413 3413
398 368 3414
51 419 3415
44 129 3416
6 378 3417
398 378 3418
96 74 3419
335 6 3420
378 6 3421
228 311 3422
96 74 3423
3 51 3424
19 396 3425
6 378 3426
3 132 3427
398 378 3428
212 413 3429
398 405 3430
62 102 3431
335 6 3432
249 8 3433
212 413 3434
398 368 3435
303 212 3436
335 6 3437
51 3 3438
323 356 3439
36 296 3440
263 405 3441
398 368 3442
335 6 3443
323 102 3444
3 51 3445
335 6 3446
413 6 3447
212 51 3448
398 368 3449
294 51 3450
323 367 3451
335 6 3452
19 420 3453
19 420 3454
6 413 3455
323 421 3456
398 368 3457
294 51 3458
335 6 3459
413 6 3460
212 51 3461
398 6 3462
212 413 3463
368 294 3464
398 368 3465
335 263 3466
294 368 3467
145 281 3468
413 212 3469
368 294 3470
212 51 3471
398 368 3472
398 6 3473
335 6 3474
294 51 3475
132 3 3476
212 413 3477
378 6 3478
422 212 3479
398 368 3480
294 368 3481
3 132 3482
6 413 3483
294 288 3484
413 212 3485
288 294 3486
294 368 3487
102 62 3488
57 56 3489
413 6 3490
294 368 3491
263 311 3492
6 378 3493
372 407 3494
335 6 3495
372 389 3496
335 72 3497
294 368 3498
372 212 3499
6 413 3500
413 6 3501
372 389 3502
289 212 3503
256 48 3504
335 373 3505
372 72 3506
294 51 3507
378 6 3508
41 407 3509
340 56 3510
335 373 3511
335 6 3512
372 311 3513
372 233 3514
294 368 3515
335 174 3516
372 368 3517
405 263 3518
335 72 3519
263 405 3520
423 410 3521
423 410 3522
335 373 3523
372 368 3524
303 212 3525
144 283 3526
372 407 3527
405 263 3528
372 368 3529
335 115 3530
212 413 3531
413 212 3532
212 413 3533
335 60 3533
41 407 3534
6 413 3535
335 373 3536
372 212 3537
372 407 3538
6 378 3539
372 368 3540
335 60 3541
372 72 3542
228 378 3543
41 419 3544
69 373 3545
19 109 3546
373 311 3547
335 60 3548
176 419 3549
335 6 3550
69 373 3551
367 323 3552
69 228 3553
335 6 3554
144 48 3555
6 413 3555
372 72 3556
335 72 3557
144 338 3558
335 6 3559
41 407 3560
413 6 3561
372 212 3562
423 8 3563
372 72 3564
144 413 3565
372 389 3565
6 413 3566
389 68 3567
413 6 3568
321 212 3569
335 19 3570
228 386 3571
335 6 3572
335 72 3573
372 212 3574
372 72 3575
372 389 3576
372 389 3577
6 413 3578
423 97 3579
335 72 3580
423 128 3581
144 374 3582
72 372 3583
372 72 3584
335 6 3585
413 6 3586
335 72 3587
6 413 3588
72 372 3589
424 405 3590
300 384 3591
368 221 3592
212 372 3593
424 236 3594
335 6 3595
321 212 3596
372 212 3597
335 72 3598
372 72 3599
335 356 3600
72 372 3601
392 228 3602
372 212 3603
335 72 3604
368 236 3605
335 356 3606
236 368 3607
72 335 3608
356 335 3609
335 6 3610
335 356 3611
368 236 3612
236 368 3613
48 6 3614
6 335 3615
41 392 3616
176 392 3617
368 236 3618
413 6 3619
69 356 3620
48 6 3621
48 256 3622
6 413 3623
194 184 3624
48 6 3625
194 1 3626
48 6 3627
176 392 3628
194 296 3629
41 392 3630
48 6 3631
69 356 3632
176 392 3633
41 392 3634
176 392 3635
176 392 3636
103 392 3637
176 392 3638
48 6 3639
6 413 3640
41 392 3641
425 396 3642
176 392 3643
103 392 3644
422 335 3645
176 392 3646
425 378 3647
103 417 3648
48 6 3649
176 392 3650
41 392 3651
103 392 3652
176 392 3653
176 392 3654
103 392 3655
103 392 3656
103 392 3657
413 6 3658
103 392 3659
409 191 3660
409 50 3661
426 427 3662
103 392 3663
409 8 3664
6 413 3665
103 392 3666
409 194 3667
103 392 3668
409 6 3669
263 405 3670
409 260 3671
409 149 3672
409 413 3673
409 149 3674
234 391 3675
263 391 3676
338 386 3677
72 263 3678
329 415 3679
422 194 3680
174 335 3681
317 308 3682
386 399 3683
308 373 3684
36 428 3685
308 311 3686
36 413 3687
342 8 3688
342 63 3689
41 407 3690
398 6 3691
398 405 3692
289 392 3693
398 335 3694
429 242 3695
297 234 3696
32 429 3697
424 144 3698
321 392 3699
429 32 3700
32 429 3701
321 392 3702
321 392 3703
289 392 3704
321 392 3705
321 371 3706
321 392 3707
430 164 3708
430 58 3709
289 392 3710
321 392 3711
424 260 3712
321 392 3713
431 371 3714
289 392 3715
431 32 3716
424 175 3717
405 263 3718
431 88 3719
432 8 3720
289 392 3721
27 414 3722
398 405 3723
321 392 3724
429 309 3725
431 407 3726
431 407 3727
431 365 3728
431 32 3729
321 392 3730
289 392 3731
321 392 3732
289 392 3733
242 429 3734
424 315 3735
289 392 3736
289 392 3737
51 429 3738
321 392 3739
32 8 3740
263 405 3741
310 405 3742
431 407 3743
263 72 3744
63 430 3745
144 283 3746
398 8 3747
395 8 3748
398 8 3749
41 300 3750
378 425 3751
189 8 3752
388 212 3753
405 263 3754
342 194 3755
281 263 3756
56 345 3757
56 154 3758
56 340 3759
263 405 3760
263 405 3761
212 388 3762
334 358 3763
409 413 3764
409 191 3765
409 50 3766
433 434 3767
189 358 3768
405 263 3769
350 335 3770
350 376 3771
103 392 3772
435 308 3773
435 281 3774
372 409 3775
372 392 3776
350 436 3777
103 392 3778
434 433 3779
372 212 3780
372 429 3781
32 430 3782
72 263 3783
372 236 3784
263 405 3785
323 413 3786
372 429 3787
429 32 3788
429 242 3789
174 335 3790
372 429 3791
405 263 3792
372 407 3793
44 432 3794
242 429 3795
398 405 3796
62 266 3797
350 376 3798
62 266 3799
62 266 3800
62 266 3801
398 405 3802
145 281 3803
389 62 3804
389 68 3805
389 62 3806
340 56 3807
391 263 3808
391 349 3809
391 234 3810
27 414 3811
228 392 3812
357 407 3813
286 416 3814
392 228 3815
431 407 3816
74 437 3817
321 52 3818
400 323 3819
68 389 3820
345 56 3821
395 175 3822
204 432 3823
204 298 3824
145 281 3825
30 392 3826
400 429 3827
400 365 3828
30 392 3829
236 407 3830
228 392 3831
30 392 3832
400 392 3833
400 52 3834
400 52 3835
236 260 3836
236 191 3837
306 438 3838
387 386 3839
392 228 3840
392 30 3841
317 308 3842
317 281 3843
323 276 3844
323 395 3845
400 392 3846
400 365 3847
400 323 3848
400 188 3849
400 188 3850
400 157 3851
439 440 3852
407 236 3853
400 365 3854
396 425 3855
400 52 3856
398 405 3857
398 6 3858
52 201 3859
400 144 3860
400 314 3861
400 82 3862
32 429 3863
400 428 3864
400 428 3865
400 396 3866
191 236 3867
289 391 3868
124 396 3869
236 191 3870
400 323 3871
400 392 3872
441 442 3873
441 442 3874
441 442 3875
191 236 3876
145 281 3877
51 314 3878
400 441 3879
228 392 3880
316 355 3881
400 443 3882
400 444 3883
400 445 3884
400 445 3885
400 445 3886
400 445 3887
400 446 3888
396 124 3889
447 325 3890
124 396 3891
260 448 3892
260 283 3893
379 74 3894
407 396 3895
396 407 3896
407 396 3897
260 236 3898
124 396 3899
396 407 3900
234 391 3901
289 449 3902
396 124 3903
447 6 3904
69 450 3905
321 392 3906
124 396 3907
124 396 3908
447 6 3909
29 443 3910
124 396 3911
424 175 3912
447 6 3913
429 209 3914
429 372 3915
451 32 3916
451 67 3917
321 437 3918
429 32 3919
124 452 3920
297 372 3921
124 396 3922
297 272 3923
297 234 3924
400 396 3925
308 281 3926
281 308 3927
32 429 3928
308 281 3929
357 407 3930
308 281 3931
281 308 3932
396 124 3933
211 212 3934
357 429 3935
400 429 3936
281 308 3937
429 32 3938
124 396 3939
357 8 3940
308 281 3941
409 413 3942
400 396 3943
32 429 3944
409 6 3945
396 124 3946
400 429 3947
124 396 3948
357 65 3949
400 396 3950
400 396 3951
132 149 3952
425 378 3953
453 32 3954
302 393 3955
425 52 3956
289 65 3957
372 392 3958
372 429 3959
357 454 3960
392 228 3961
27 414 3962
323 455 3963
297 372 3964
310 405 3965
323 98 3966
323 98 3967
317 316 3968
456 457 3969
368 441 3970
323 458 3971
389 454 3972
74 379 3973
378 425 3974
323 88 3975
41 389 3976
88 323 3977
74 459 3978
176 445 3979
323 88 3980
323 88 3981
274 6 3982
41 437 3983
41 389 3984
323 88 3985
372 392 3986
323 281 3987
372 392 3988
44 296 3989
388 212 3990
140 201 3991
140 201 3992
274 74 3993
389 68 3994
44 74 3995
41 389 3996
323 88 3997
44 296 3998
274 416 3999
88 323 4000
323 88 4001
172 460 4002
274 6 4003
389 236 4004
274 6 4005
88 323 4006
372 461 4007
236 191 4008
460 172 4009
372 461 4010
44 74 4011
274 462 4012
44 296 4013
302 372 4014
281 323 4015
297 372 4016
274 6 4017
1 211 4018
62 389 4019
176 463 4020
303 194 4021
236 407 4022
176 463 4023
44 74 4024
236 389 4025
41 463 4026
44 74 4027
172 460 4028
19 443 4029
19 446 4030
44 74 4031
212 372 4032
289 65 4033
460 172 4034
297 372 4035
103 464 4036
350 376 4036
103 464 4037
297 172 4038
297 372 4039
447 6 4040
447 172 4041
41 463 4042
103 464 4043
465 456 4044
176 463 4045
41 463 4046
447 456 4047
466 392 4048
398 74 4049
398 74 4050
41 463 4051
389 236 4052
389 68 4053
176 463 4054
398 74 4055
396 425 4056
398 74 4057
389 467 4058
44 74 4059
398 74 4060
286 468 4061
398 134 4062
398 396 4063
378 396 4064
398 463 4065
164 430 4066
134 398 4067
398 164 4068
398 463 4069
398 134 4070
236 389 4071
44 74 4072
396 378 4073
389 236 4074
263 409 4075
409 263 4076
469 463 4077
140 470 4078
263 409 4079
19 134 4080
424 175 4081
409 263 4082
463 469 4083
398 463 4084
378 396 4085
398 463 4086
321 392 4087
469 463 4088
396 378 4089
398 365 4090
398 471 4091
321 460 4092
398 468 4093
463 469 4094
41 437 4095
469 463 4096
38 288 4097
38 365 4098
38 288 4099
38 437 4100
469 463 4101
38 288 4102
38 288 4103
38 288 4104
38 288 4105
378 396 4106
396 378 4107
9 391 4108
38 437 4109
472 263 4110
38 288 4111
41 437 4112
41 473 4113
9 282 4114
38 288 4115
38 288 4116
357 409 4117
263 472 4118
357 437 4119
472 263 4120
38 288 4121
38 288 4122
396 378 4123
38 288 4124
357 409 4125
103 464 4126
67 32 4127
409 349 4128
357 405 4129
38 288 4130
103 134 4131
407 236 4132
357 409 4133
19 409 4134
38 409 4135
67 396 4136
212 472 4137
357 409 4138
67 378 4139
212 472 4140
103 464 4141
357 409 4142
474 32 4143
474 456 4144
474 74 4145
357 409 4146
429 32 4147
357 464 4148
429 372 4149
475 368 4150
357 409 4151
263 332 4152
424 343 4153
424 405 4154
41 407 4155
357 409 4156
357 476 4157
317 309 4158
357 409 4159
477 1 4160
357 409 4161
67 396 4162
357 460 4163
212 472 4164
321 460 4165
357 409 4166
19 409 4167
19 409 4168
38 409 4169
357 168 4170
357 409 4171
19 409 4172
263 460 4173
19 409 4174
357 409 4175
19 478 4176
38 478 4177
19 409 4178
38 464 4179
19 409 4180
38 405 4181
357 409 4182
19 409 4183
263 472 4184
6 472 4185
19 409 4186
357 409 4187
19 409 4188
19 409 4189
263 479 4190
398 405 4191
321 460 4192
19 409 4193
321 460 4194
19 409 4195
357 409 4196
475 368 4197
19 409 4198
480 212 4199
321 460 4200
212 480 4201
479 263 4202
212 480 4203
67 396 4204
373 308 4205
212 481 4206
212 481 4207
357 409 4208
212 481 4209
475 368 4210
368 460 4211
398 365 4212
357 409 4213
321 263 4214
321 482 4215
460 368 4216
321 212 4217
357 409 4218
483 368 4219
368 460 4220
372 429 4221
212 481 4222
19 409 4223
359 460 4224
460 359 4225
398 175 4226
6 481 4227
359 460 4228
481 6 4229
483 368 4230
277 482 4231
392 466 4232
277 481 4233
6 481 4234
392 466 4235
212 481 4236
277 481 4237
481 6 4237
6 481 4238
481 6 4239
282 34 4240
19 481 4241
321 460 4242
277 482 4243
6 481 4244
466 392 4245
277 481 4246
274 6 4247
321 392 4248
392 466 4249
372 460 4250
19 109 4251
274 481 4252
321 454 4253
321 392 4254
483 368 4255
372 466 4256
460 359 4257
368 483 4258
423 343 4259
481 6 4260
423 454 4261
277 482 4262
484 372 4263
321 392 4264
321 88 4265
310 405 4266
274 481 4267
321 376 4268
483 368 4269
481 6 4270
357 466 4271
274 481 4272
398 254 4273
321 343 4274
277 481 4275
274 376 4276
321 392 4277
274 481 4278
321 460 4279
357 120 4280
460 372 4281
398 72 4282
484 372 4282
277 482 4283
321 352 4284
236 407 4285
277 481 4286
321 460 4287
372 460 4288
321 472 4289
321 191 4290
368 483 4291
423 464 4292
131 368 4293
321 278 4294
321 392 4295
460 372 4296
228 314 4297
321 460 4298
321 392 4299
321 405 4300
372 460 4301
357 480 4302
321 392 4303
282 214 4304
372 482 4305
277 352 4306
131 368 4307
321 392 4308
309 352 4309
289 392 4310
321 481 4311
236 389 4312
485 175 4313
321 392 4314
398 480 4315
321 8 4316
131 368 4317
289 392 4318
321 288 4319
372 482 4320
372 482 4321
372 482 4322
407 236 4323
321 392 4324
321 460 4325
172 486 4326
321 288 4327
460 372 4328
483 368 4329
193 63 4330
321 481 4331
321 288 4332
67 396 4333
321 392 4334
321 313 4335
463 469 4336
321 309 4337
321 392 4338
321 75 4339
321 368 4340
321 120 4341
423 392 4342
479 481 4343
321 487 4344
321 175 4345
481 479 4346
321 75 4347
321 464 4348
479 481 4349
308 435 4350
423 392 4351
172 488 4352
321 349 4353
297 75 4354
321 309 4355
372 460 4356
479 358 4357
484 372 4358
321 479 4359
439 440 4360
321 450 4361
368 483 4362
317 281 4363
321 313 4364
321 368 4365
484 372 4366
321 489 4367
321 368 4368
321 72 4369
140 308 4370
483 368 4371
321 236 4372
317 429 4373
321 358 4374
321 487 4375
172 460 4376
321 476 4377
483 479 4378
321 72 4379
368 483 4380
321 368 4381
321 376 4382
479 8 4383
321 487 4384
321 368 4385
475 481 4386
51 489 4387
321 368 4388
321 72 4389
277 172 4390
483 479 4391
409 8 4392
483 368 4393
484 372 4394
51 149 4395
19 409 4396
389 68 4397
19 109 4398
321 480 4399
317 479 4400
321 376 4401
19 409 4402
321 376 4403
424 175 4404
389 236 4405
389 62 4406
19 302 4407
321 236 4408
321 325 4409
376 6 4410
350 376 4411
51 476 4412
321 490 4413
321 491 4414
321 372 4415
321 344 4416
321 365 4417
321 402 4418
51 466 4419
321 228 4420
321 172 4421
402 281 4422
321 174 4423
19 302 4424
263 344 4425
236 389 4426
9 282 4427
51 120 4428
483 368 4429
236 407 4430
492 389 4431
493 128 4432
494 63 4433
492 343 4434
494 389 4435
128 493 4436
9 466 4437
447 51 4438
447 51 4439
9 472 4440
9 463 4441
389 236 4442
9 465 4443
424 495 4444
308 263 4445
140 308 4446
9 389 4447
494 389 4448
263 308 4449
494 389 4450
9 460 4451
494 463 4452
236 191 4453
494 389 4454
447 372 4455
494 389 4456
228 463 4457
400 429 4458
494 445 4459
400 365 4460
209 437 4461
494 429 4462
400 392 4463
9 389 4464
400 61 4465
9 389 4466
236 389 4467
19 302 4468
209 429 4469
9 8 4470
9 177 4471
400 396 4472
400 472 4473
389 236 4474
400 454 4475
400 454 4476
263 454 4477
400 343 4478
472 263 4479
483 368 4480
19 409 4481
19 409 4482
409 302 4483
19 409 4484
9 389 4485
400 389 4486
483 368 4487
368 236 4488
263 389 4489
44 19 4490
466 372 4491
368 468 4492
483 368 4493
336 333 4494
263 297 4495
468 300 4496
400 392 4497
475 468 4498
475 468 4499
466 51 4500
483 368 4501
475 496 4502
484 372 4503
479 278 4504
372 466 4505
483 368 4506
405 263 4507
405 263 4508
466 372 4509
297 263 4510
484 372 4511
103 480 4512
475 496 4513
400 392 4514
483 368 4515
497 405 4516
263 405 4517
372 466 4518
297 263 4519
405 497 4520
497 405 4521
103 454 4522
263 297 4523
236 368 4524
297 263 4525
405 263 4526
405 497 4527
321 365 4528
389 263 4529
321 405 4530
103 437 4531
498 495 4532
497 405 4533
405 497 4534
263 297 4535
321 405 4536
368 236 4537
321 437 4538
297 263 4539
497 405 4540
484 372 4541
212 372 4542
400 392 4543
236 389 4544
263 297 4545
297 263 4546
236 368 4547
355 316 4548
355 102 4549
368 236 4550
389 236 4551
497 302 4552
263 297 4553
344 263 4554
297 263 4555
263 344 4556
483 368 4557
103 437 4558
498 97 4559
321 392 4560
194 499 4561
194 303 4562
194 184 4563
53 481 4564
496 475 4565
475 496 4566
194 344 4567
63 193 4568
496 454 4569
62 368 4570
496 475 4571
194 60 4572
6 376 4573
41 437 4574
194 182 4575
297 289 4576
194 368 4577
475 496 4577
1 477 4578
321 500 4579
194 209 4580
297 289 4581
62 454 4582
321 491 4583
194 62 4584
501 236 4585
263 297 4586
62 481 4587
321 502 4588
501 236 4589
62 349 4590
321 502 4591
501 236 4592
297 263 4593
501 236 4594
321 502 4595
62 236 4596
501 236 4597
297 263 4598
309 502 4599
6 343 4600
321 502 4601
502 309 4602
332 263 4603
194 223 4604
321 392 4605
321 502 4606
309 502 4607
379 74 4608
321 392 4609
321 392 4610
6 84 4611
502 309 4612
379 289 4613
62 465 4614
62 236 4615
263 297 4616
501 236 4617
263 297 4618
309 502 4619
62 502 4620
263 503 4621
502 309 4622
221 368 4623
297 263 4624
502 62 4625
379 289 4626
321 392 4627
503 263 4628
321 480 4629
379 74 4630
194 62 4631
379 289 4632
321 392 4633
62 502 4634
392 502 4635
379 289 4636
502 62 4637
194 62 4638
334 62 4639
502 392 4640
297 263 4641
181 454 4642
392 502 4643
62 502 4644
321 392 4645
502 392 4646
194 62 4647
321 495 4648
62 236 4649
502 62 4650
392 502 4651
62 502 4652
502 392 4653
502 392 4654
334 62 4655
502 62 4656
194 62 4657
62 502 4658
263 297 4659
321 437 4660
334 437 4661
194 62 4662
321 504 4663
181 495 4664
181 294 4665
194 62 4666
220 505 4667
194 62 4668
220 88 4669
103 437 4670
128 325 4671
128 62 4672
128 62 4673
128 62 4674
62 128 4675
501 236 4676
501 236 4677
501 236 4678
501 236 4679
501 236 4680
501 236 4681
60 296 4682
32 429 4683
483 368 4684
70 174 4685
9 466 4686
70 482 4687
70 482 4688
429 372 4689
398 405 4690
398 97 4691
289 97 4692
342 194 4693
453 264 4694
429 209 4695
429 32 4696
342 454 4697
447 372 4698
209 194 4699
321 437 4700
321 316 4701
321 209 4702
348 338 4703
316 355 4704
321 506 4705
321 316 4706
321 507 4707
321 209 4708
316 263 4709
321 316 4710
321 348 4711
263 316 4712
263 316 4713
316 263 4714
355 316 4715
263 316 4716
263 316 4717
355 316 4718
316 355 4719
316 263 4720
355 316 4721
316 355 4722
344 263 4723
316 355 4724
344 194 4725
355 316 4726
316 355 4727
32 154 4728
431 398 4729
212 480 4730
431 372 4731
431 372 4732
212 303 4733
212 372 4734
431 454 4735
431 454 4736
431 454 4737
355 316 4738
405 508 4739
398 405 4740
398 254 4741
508 405 4742
474 74 4743
41 503 4744
358 479 4745
509 454 4746
372 508 4747
194 456 4748
431 372 4749
372 355 4750
260 236 4751
260 51 4752
176 453 4753
303 212 4754
303 194 4755
431 372 4756
508 372 4757
321 454 4758
321 358 4759
454 263 4760
211 194 4761
27 184 4762
454 496 4763
454 181 4764
68 437 4765
391 289 4766
263 257 4767
454 510 4768
456 194 4769
448 352 4770
181 454 4771
74 379 4772
74 379 4773
350 365 4774
69 450 4775
69 263 4776
296 194 4777
53 481 4778
69 124 4779
372 508 4780
44 432 4781
372 460 4782
34 313 4783
44 372 4784
53 254 4785
44 34 4786
325 128 4787
447 325 4788
44 511 4789
447 34 4790
128 325 4791
325 128 4792
212 263 4793
212 48 4794
19 512 4795
299 399 4796
128 325 4797
212 211 4798
460 372 4799
323 281 4800
513 388 4801
513 514 4802
465 62 4803
323 88 4804
323 124 4805
440 513 4806
317 308 4807
474 74 4808
474 32 4809
422 365 4810
263 212 4811
62 454 4812
62 481 4813
62 465 4814
422 460 4815
101 515 4816
453 516 4817
228 392 4818
465 62 4819
474 236 4819
517 368 4820
289 391 4821
517 68 4822
379 74 4823
517 289 4824
379 450 4825
359 460 4826
465 398 4827
379 432 4828
432 379 4829
297 248 4830
474 236 4831
297 272 4832
181 432 4833
368 194 4834
281 402 4835
281 323 4836
368 221 4837
425 378 4838
425 396 4839
368 359 4840
368 309 4841
359 368 4842
368 359 4843
359 368 4844
342 454 4845
474 359 4846
294 51 4847
368 359 4848
359 368 4849
62 465 4850
62 481 4851
517 368 4852
62 368 4853
474 359 4854
517 359 4855
9 465 4856
368 359 4857
474 359 4858
9 391 4859
359 368 4860
9 194 4861
368 359 4862
359 368 4863
474 359 4864
194 211 4865
368 359 4866
194 456 4867
359 368 4868
372 460 4869
368 359 4870
474 32 4871
359 368 4872
316 355 4873
378 425 4874
474 359 4875
378 396 4876
368 359 4877
359 368 4878
368 359 4879
465 62 4880
359 368 4881
359 368 4882
32 209 4883
518 345 4884
368 359 4885
456 194 4886
19 519 4887
19 519 4888
483 368 4889
520 32 4890
493 329 4891
143 32 4892
400 504 4893
521 305 4894
400 428 4895
273 272 4896
389 496 4897
273 522 4898
62 368 4899
62 465 4900
523 524 4901
469 519 4902
44 432 4903
44 432 4904
379 432 4905
469 463 4906
400 454 4907
400 396 4908
400 429 4909
520 291 4910
520 291 4911
520 292 4912
400 429 4913
44 211 4914
422 365 4915
496 454 4916
214 525 4917
321 454 4918
392 228 4919
41 523 4920
321 359 4921
321 480 4922
477 526 4923
32 527 4924
457 456 4925
350 365 4926
9 282 4927
36 413 4928
9 465 4929
425 378 4930
350 365 4931
460 359 4932
9 8 4933
9 8 4934
9 282 4935
9 8 4936
9 465 4937
9 8 4938
9 8 4939
9 527 4940
9 528 4941
9 8 4942
302 497 4943
9 8 4944
9 8 4945
297 234 4946
441 368 4947
209 32 4948
9 8 4949
447 325 4950
447 34 4951
447 48 4952
9 8 4953
62 375 4954
12 175 4955
12 302 4956
51 529 4957
51 528 4958
51 523 4959
51 530 4960
456 527 4961
456 527 4962
456 501 4963
447 48 4964
447 48 4965
363 502 4966
389 424 4967
400 428 4968
400 286 4969
396 378 4970
357 409 4971
400 396 4972
357 502 4973
400 502 4974
228 392 4975
12 502 4976
32 209 4977
447 325 4978
32 52 4979
53 254 4980
103 502 4981
447 325 4982
447 325 4983
41 527 4984
41 529 4985
357 502 4986
41 502 4987
176 502 4988
357 502 4989
355 316 4990
355 316 4991
62 475 4992
357 501 4993
501 456 4994
103 503 4995
355 316 4996
475 62 4997
398 502 4998
62 475 4999
502 398 5000
475 62 5001
456 501 5002
62 278 5003
474 32 5004
357 502 5005
474 32 5006
357 502 5007
176 502 5008
526 477 5009
483 62 5010
209 355 5011
357 502 5012
400 441 5013
41 502 5014
483 62 5015
447 325 5016
193 63 5017
483 62 5018
357 502 5019
193 149 5020
456 209 5021
467 389 5022
172 531 5023
501 456 5024
103 452 5025
357 502 5026
456 501 5027
482 389 5028
357 168 5029
357 502 5030
193 355 5031
41 502 5032
474 372 5033
103 456 5034
193 502 5035
502 193 5036
474 372 5037
193 502 5038
128 62 5039
41 502 5040
357 502 5041
41 452 5042
501 236 5043
501 236 5044
501 456 5045
482 532 5046
398 502 5047
357 428 5048
502 193 5049
357 502 5050
41 502 5051
313 34 5052
38 313 5053
63 193 5054
103 134 5055
41 502 5056
38 313 5057
38 313 5058
532 482 5059
38 313 5060
228 475 5061
38 313 5062
38 313 5063
38 313 5064
38 313 5065
38 313 5066
38 313 5067
41 502 5068
38 365 5069
38 313 5070
38 313 5071
38 313 5072
501 236 5073
38 313 5074
38 313 5075
38 313 5076
38 313 5077
67 378 5078
38 313 5079
38 313 5080
67 215 5081
67 215 5082
67 533 5083
67 534 5084
67 529 5085
67 527 5086
67 371 5087
67 482 5088
67 273 5089
67 8 5090
67 288 5091
41 502 5092
67 440 5093
67 535 5094
67 74 5095
67 288 5096
67 72 5097
67 236 5098
67 260 5099
67 313 5100
67 502 5101
67 242 5102
67 424 5103
67 521 5104
67 365 5105
67 172 5106
67 475 5107
67 313 5108
389 482 5109
67 475 5110
389 424 5111
38 313 5112
67 288 5113
241 501 5114
38 502 5115
67 475 5116
67 288 5117
67 72 5118
41 502 5119
38 313 5120
241 260 5121
36 413 5122
67 288 5123
67 475 5124
38 502 5125
41 502 5126
67 72 5127
67 288 5128
193 63 5129
67 74 5130
67 72 5131
67 288 5132
67 72 5133
38 313 5134
38 502 5135
67 475 5136
74 503 5137
38 502 5138
389 467 5139
67 72 5140
67 72 5141
38 313 5142
67 475 5143
193 502 5144
67 72 5145
67 72 5146
38 502 5147
67 475 5148
67 72 5149
67 475 5150
502 193 5151
509 454 5152
67 475 5153
509 454 5154
67 475 5155
38 502 5156
233 372 5157
67 475 5158
38 502 5159
38 502 5160
38 502 5161
67 475 5162
38 475 5163
41 502 5164
38 502 5165
38 313 5166
38 313 5167
67 88 5168
38 313 5169
67 475 5170
38 502 5171
38 288 5172
38 313 5173
38 177 5174
38 288 5175
38 313 5176
38 177 5177
38 177 5178
38 313 5179
27 414 5180
297 482 5181
38 177 5182
38 502 5183
482 389 5184
38 313 5185
41 502 5186
38 288 5187
38 502 5188
38 288 5189
38 288 5190
38 177 5191
38 502 5192
41 502 5193
38 502 5194
38 313 5195
38 502 5196
409 302 5197
38 502 5198
409 413 5199
38 288 5200
38 502 5201
38 502 5202
38 177 5203
38 288 5204
41 502 5205
38 288 5206
355 193 5207
386 387 5208
355 209 5209
38 386 5210
38 288 5211
509 534 5211
38 502 5212
38 502 5213
38 502 5214
38 502 5215
38 502 5216
38 502 5217
38 502 5218
38 502 5219
38 502 5220
38 502 5221
38 502 5222
38 502 5223
38 288 5224
38 502 5225
38 502 5226
38 288 5227
501 241 5228
74 379 5229
38 288 5230
38 177 5231
38 502 5232
38 502 5233
38 502 5234
38 177 5235
38 177 5236
41 502 5237
517 481 5238
38 502 5239
38 475 5240
41 502 5241
38 475 5242
38 502 5243
38 475 5244
38 502 5245
41 502 5246
38 502 5247
38 502 5248
41 528 5249
38 502 5250
474 74 5251
38 168 5252
400 428 5253
62 481 5254
38 475 5255
38 502 5256
214 512 5257
41 536 5258
19 409 5259
400 502 5260
398 308 5261
398 308 5262
398 308 5262
465 398 5263
41 355 5264
469 97 5265
41 464 5266
41 464 5267
342 502 5268
398 308 5269
398 308 5270
393 32 5271
537 536 5272
398 308 5273
143 201 5274
143 201 5275
241 501 5276
400 168 5277
501 236 5278
143 201 5279
398 308 5280
143 201 5281
400 378 5282
398 308 5283
456 405 5284
143 201 5285
400 365 5286
143 201 5287
143 201 5288
352 309 5289
501 241 5290
143 201 5291
398 308 5292
241 501 5293
143 201 5294
143 456 5295
143 201 5296
456 389 5297
143 201 5298
143 201 5299
143 456 5300
143 201 5301
143 201 5302
143 201 5303
501 241 5304
241 501 5305
282 456 5306
257 263 5307
19 538 5308
19 109 5309
539 502 5310
422 536 5311
19 538 5312
475 74 5313
75 475 5314
517 481 5315
308 68 5316
475 75 5317
475 75 5318
140 276 5319
75 475 5320
475 75 5321
422 97 5322
308 540 5323
308 538 5324
236 501 5325
75 475 5326
41 538 5327
475 75 5328
475 75 5329
236 242 5330
236 501 5331
44 74 5332
68 308 5333
75 475 5334
75 475 5335
475 75 5336
19 538 5337
475 75 5338
19 538 5339
501 236 5340
539 368 5341
19 538 5342
19 538 5343
75 475 5344
19 538 5345
75 475 5346
19 538 5347
19 538 5348
475 75 5349
19 538 5350
475 75 5351
19 538 5352
75 475 5353
19 538 5354
19 538 5355
75 475 5356
475 75 5357
75 475 5358
19 538 5359
75 475 5360
475 75 5361
475 75 5362
539 368 5363
475 75 5364
38 313 5365
536 532 5366
532 536 5367
539 368 5368
191 536 5369
536 532 5370
532 536 5371
536 532 5372
532 536 5373
536 532 5374
536 191 5375
532 541 5376
532 536 5377
536 532 5378
191 536 5379
532 536 5380
282 34 5381
532 463 5382
368 542 5383
542 368 5384
9 177 5385
41 355 5386
9 177 5386
368 542 5387
501 236 5388
128 62 5389
513 440 5390
128 236 5391
522 273 5392
236 128 5393
97 352 5394
97 542 5395
128 236 5396
144 398 5397
542 97 5398
97 542 5399
325 482 5400
97 542 5401
236 128 5402
542 97 5403
128 236 5404
542 543 5405
97 542 5406
128 97 5407
501 236 5408
542 97 5409
236 501 5410
97 542 5411
325 523 5412
501 236 5413
543 542 5414
145 119 5415
236 128 5416
325 482 5417
542 97 5418
236 501 5419
501 236 5420
542 543 5421
325 72 5422
97 542 5423
540 308 5424
542 97 5425
128 236 5426
543 542 5427
97 542 5428
236 501 5429
325 482 5430
542 543 5431
236 128 5432
119 144 5433
74 378 5434
542 97 5435
97 542 5436
325 97 5437
325 97 5438
325 97 5439
543 542 5440
97 325 5441
128 236 5442
74 527 5443
74 528 5444
74 544 5445
325 482 5446
542 97 5447
74 519 5448
325 97 5449
97 542 5450
74 541 5451
97 325 5452
542 97 5453
325 97 5454
97 325 5455
542 97 5456
97 542 5457
325 97 5458
542 97 5459
97 325 5460
68 97 5461
97 542 5462
542 97 5463
97 68 5464
482 325 5465
325 97 5466
97 542 5467
325 482 5468
97 325 5469
542 97 5470
325 97 5471
236 128 5472
97 542 5473
97 325 5474
68 97 5475
325 513 5476
325 513 5477
482 325 5478
97 68 5479
325 482 5480
542 97 5481
513 325 5482
325 97 5483
41 513 5484
325 513 5485
481 62 5486
97 542 5487
542 513 5488
513 325 5489
97 325 5490
513 542 5491
325 513 5492
542 97 5493
542 513 5494
325 97 5495
513 542 5496
97 542 5497
68 48 5498
325 61 5499
482 325 5500
97 325 5501
325 482 5502
68 61 5503
325 97 5504
542 61 5505
513 98 5506
542 97 5507
41 513 5508
325 109 5509
542 97 5510
482 325 5511
72 325 5512
513 545 5513
97 542 5514
97 542 5515
97 542 5516
97 542 5517
97 542 5517
542 97 5518
325 482 5519
325 72 5520
97 542 5521
542 97 5522
542 97 5523
72 325 5524
482 325 5525
325 97 5526
325 482 5527
97 542 5528
546 532 5529
97 325 5530
482 325 5531
546 542 5532
542 97 5533
325 97 5534
325 482 5535
546 454 5536
482 325 5537
325 482 5538
546 97 5538
482 325 5539
97 542 5540
97 325 5541
325 482 5542
325 97 5543
97 325 5544
547 311 5545
325 97 5546
97 325 5547
325 97 5548
97 325 5549
325 97 5550
482 325 5551
325 482 5552
546 97 5553
325 542 5554
542 325 5555
542 548 5556
325 542 5557
548 542 5558
542 325 5559
325 542 5560
542 548 5561
542 325 5562
325 542 5563
297 75 5564
325 549 5565
549 325 5566
62 481 5567
277 352 5568
432 379 5569
545 513 5570
321 84 5571
321 550 5572
321 203 5573
321 68 5574
321 119 5575
321 242 5576
321 491 5577
321 365 5578
44 74 5579
536 191 5580
289 536 5581
536 532 5582
536 289 5583
532 536 5584
536 532 5585
537 74 5586
532 536 5587
536 532 5588
398 308 5589
532 536 5590
537 536 5591
447 325 5592
536 532 5593
212 289 5594
415 329 5595
389 482 5596
389 456 5597
451 32 5598
76 399 5599
76 258 5600
542 97 5601
41 76 5602
285 536 5603
536 285 5604
193 502 5605
509 389 5606
509 536 5607
41 542 5608
375 372 5609
536 509 5610
536 289 5611
474 32 5612
19 451 5613
509 536 5614
41 375 5615
509 536 5616
291 393 5617
551 224 5618
482 389 5619
551 306 5620
551 545 5621
551 377 5622
36 73 5623
36 119 5624
19 538 5625
36 119 5626
36 119 5627
103 502 5628
103 538 5629
36 119 5630
36 119 5631
103 466 5632
552 236 5633
9 76 5634
103 358 5635
289 536 5636
103 168 5637
103 365 5638
321 119 5639
321 68 5640
51 553 5641
103 553 5642
103 554 5643
103 62 5644
447 119 5645
465 398 5645
103 465 5646
204 456 5647
204 432 5648
103 549 5649
447 119 5650
97 542 5651
423 294 5652
423 454 5653
103 62 5654
447 119 5655
9 543 5656
9 543 5657
103 62 5658
509 97 5659
97 509 5660
321 68 5661
509 454 5662
509 302 5663
321 68 5664
555 509 5665
509 302 5666
509 302 5667
51 528 5668
119 302 5669
51 215 5670
302 119 5671
204 540 5672
456 294 5673
103 168 5674
119 302 5675
509 302 5676
456 175 5677
540 308 5678
456 553 5679
379 74 5680
379 482 5681
103 61 5682
308 540 5683
236 509 5684
62 554 5685
103 500 5686
509 236 5687
509 272 5688
540 308 5689
103 128 5690
62 285 5691
302 119 5692
61 325 5693
509 302 5694
119 302 5695
61 68 5696
103 556 5697
61 542 5698
509 302 5699
398 509 5700
204 456 5701
509 236 5702
509 302 5703
509 236 5704
509 236 5705
302 509 5706
204 482 5707
509 236 5708
325 549 5709
509 302 5710
509 302 5711
204 482 5712
204 62 5713
532 364 5714
204 482 5715
204 62 5716
308 540 5717
549 325 5718
325 549 5719
204 482 5720
204 482 5721
204 482 5722
258 76 5723
204 482 5724
321 365 5725
204 482 5726
557 527 5727
97 289 5728
549 325 5729
535 513 5730
74 379 5731
557 302 5732
302 557 5733
557 302 5734
302 557 5735
557 302 5736
103 365 5737
27 414 5738
193 355 5739
302 557 5740
379 74 5741
103 365 5742
103 393 5743
393 291 5744
103 393 5745
294 456 5746
62 554 5747
557 302 5748
481 479 5749
302 557 5750
557 302 5751
302 557 5752
355 193 5753
260 241 5754
557 302 5755
214 302 5756
103 365 5757
393 54 5758
103 393 5759
302 557 5760
302 214 5761
95 393 5762
302 558 5763
128 236 5764
36 73 5765
103 128 5766
68 61 5767
557 302 5768
302 557 5769
1 477 5770
302 138 5771
36 73 5772
36 73 5773
36 3 5774
302 74 5775
557 302 5776
204 482 5777
103 128 5778
316 355 5779
325 549 5780
389 509 5781
325 542 5782
389 559 5783
1 302 5784
325 548 5785
325 560 5786
465 398 5787
302 557 5788
560 325 5789
447 119 5790
36 3 5791
355 316 5792
1 302 5793
193 355 5794
316 355 5795
302 557 5796
557 302 5797
553 456 5798
553 51 5799
557 302 5800
355 316 5801
302 557 5802
242 236 5803
316 355 5804
19 233 5805
19 65 5806
527 32 5807
527 74 5808
316 355 5809
527 554 5810
316 355 5811
554 527 5812
252 6 5813
41 460 5814
204 242 5815
144 398 5816
74 302 5817
74 527 5818
527 74 5819
209 527 5820
41 527 5821
527 209 5822
542 325 5823
542 548 5824
41 527 5825
540 308 5826
41 527 5827
97 325 5828
252 97 5829
97 252 5830
474 32 5831
97 252 5832
97 252 5833
481 252 5834
389 482 5835
302 74 5836
252 481 5837
103 175 5838
103 513 5839
103 128 5840
266 97 5841
41 561 5842
474 74 5843
214 302 5844
481 252 5844
97 266 5845
325 97 5846
97 325 5847
252 481 5848
283 144 5849
193 389 5850
389 193 5851
525 211 5852
525 214 5853
525 93 5854
481 252 5855
481 252 5856
51 561 5857
193 389 5858
252 481 5859
549 325 5860
549 325 5861
367 393 5862
283 375 5863
283 515 5864
51 39 5865
286 549 5866
549 286 5867
103 175 5868
103 525 5869
214 525 5870
103 128 5871
325 549 5872
214 500 5873
325 553 5874
456 553 5875
204 456 5876
456 527 5877
555 562 5878
465 456 5879
400 144 5880
297 263 5881
465 456 5882
456 252 5883
465 456 5884
252 456 5885
465 456 5886
456 252 5887
252 456 5888
465 456 5889
456 252 5890
252 456 5891
357 134 5892
456 252 5893
465 456 5894
252 456 5895
465 456 5896
400 428 5897
103 168 5898
103 134 5899
456 27 5900
465 398 5901
465 456 5902
456 538 5903
400 429 5904
389 193 5905
389 252 5906
357 134 5907
465 398 5908
398 456 5909
465 456 5910
357 538 5911
398 456 5912
465 398 5913
389 252 5914
465 456 5915
465 398 5916
389 252 5917
389 252 5918
481 252 5919
252 481 5920
389 252 5921
38 148 5922
38 177 5923
38 177 5924
398 394 5925
465 398 5926
563 239 5927
447 119 5928
38 168 5929
38 393 5930
38 233 5931
103 168 5932
465 398 5933
214 437 5934
398 175 5935
214 564 5936
465 456 5937
260 283 5938
525 214 5939
494 325 5940
494 389 5941
400 286 5942
51 465 5943
539 396 5944
483 127 5945
561 51 5946
465 456 5947
41 353 5948
523 565 5949
561 51 5950
447 119 5951
447 119 5952
456 144 5953
119 168 5954
465 456 5955
465 398 5956
561 51 5957
465 398 5958
465 456 5959
176 270 5960
41 566 5961
41 460 5962
465 398 5963
41 270 5964
400 396 5965
561 51 5966
567 260 5967
168 119 5968
567 460 5969
103 168 5970
568 370 5971
297 481 5972
277 252 5973
41 389 5974
465 398 5975
454 181 5976
277 252 5977
41 389 5978
252 389 5979
103 168 5980
62 454 5981
313 127 5982
19 566 5983
19 566 5984
19 566 5985
539 454 5986
62 454 5987
539 454 5988
539 536 5989
465 398 5990
41 481 5991
9 527 5992
9 177 5993
539 454 5994
9 177 5995
9 389 5996
465 398 5997
9 569 5998
9 566 5999
370 568 6000
389 252 6001
398 465 6002
220 308 6003
220 308 6004
539 454 6005
517 481 6006
41 389 6007
538 438 6008
536 532 6009
517 438 6010
517 540 6011
532 536 6012
536 532 6013
75 97 6014
532 536 6015
83 536 6016
277 567 6017
236 128 6018
252 389 6019
83 386 6020
75 475 6021
538 570 6022
83 536 6023
128 236 6024
422 536 6025
193 389 6026
236 128 6027
193 368 6028
119 538 6029
308 220 6030
128 236 6031
363 454 6032
363 454 6033
363 454 6034
495 540 6035
204 482 6036
404 6 6037
193 368 6038
422 536 6039
336 368 6040
540 495 6041
236 128 6042
336 368 6043
48 538 6044
48 538 6045
538 540 6046
540 538 6047
538 48 6048
538 540 6049
540 538 6050
48 538 6051
538 540 6051
538 48 6052
454 363 6053
540 538 6054
355 316 6055
321 365 6056
538 540 6057
540 538 6058
48 538 6059
289 97 6060
355 316 6061
321 454 6062
538 48 6063
355 316 6064
538 540 6065
540 538 6066
538 289 6067
538 540 6068
289 538 6069
538 48 6070
48 371 6071
538 289 6072
540 538 6073
336 368 6074
321 454 6075
538 540 6076
538 48 6077
289 538 6078
48 538 6079
540 538 6080
321 538 6081
538 289 6082
321 454 6083
538 48 6084
128 236 6085
289 538 6086
48 538 6087
538 289 6088
538 48 6089
321 538 6090
289 538 6091
48 538 6092
321 454 6093
538 289 6094
321 270 6095
48 538 6096
321 454 6097
538 48 6098
538 48 6099
336 368 6100
289 538 6101
48 538 6102
308 352 6103
48 538 6104
308 454 6105
355 193 6106
538 48 6107
454 308 6108
336 294 6109
308 454 6110
538 48 6111
38 128 6112
308 540 6113
38 270 6114
204 336 6115
454 308 6116
204 336 6117
144 283 6118
48 538 6119
48 538 6120
538 48 6121
538 48 6122
48 538 6123
538 48 6124
48 538 6125
538 48 6126
144 456 6127
48 538 6128
74 459 6129
9 127 6130
193 355 6131
538 48 6132
193 355 6133
48 538 6134
538 48 6135
73 393 6136
144 48 6137
308 336 6138
48 538 6139
144 48 6140
73 454 6141
144 48 6142
336 308 6143
308 336 6144
144 48 6145
392 228 6146
73 343 6146
48 144 6147
144 48 6148
73 452 6149
392 127 6150
336 536 6151
103 144 6152
308 97 6153
97 308 6154
392 538 6155
38 128 6156
38 378 6157
103 378 6158
355 316 6159
103 396 6160
571 128 6161
282 456 6162
571 128 6163
103 270 6164
571 128 6165
571 128 6166
400 454 6167
571 128 6168
571 260 6169
571 128 6170
571 128 6171
128 571 6172
571 128 6173
128 571 6174
440 460 6175
172 392 6176
128 571 6177
571 128 6178
571 128 6179
571 128 6180
571 128 6181
128 571 6182
128 571 6183
546 454 6184
405 456 6185
189 144 6186
481 348 6187
546 454 6188
546 572 6189
481 252 6190
252 481 6191
62 60 6192
6 566 6193
214 525 6194
536 336 6195
456 396 6196
9 144 6197
551 224 6198
551 83 6199
204 571 6200
363 454 6201
83 536 6202
475 75 6203
289 319 6204
27 456 6205
316 355 6206
316 355 6207
27 414 6208
316 355 6209
355 316 6210
355 316 6211
317 308 6212
355 316 6213
316 355 6214
316 355 6215
355 193 6216
355 316 6217
355 316 6218
316 355 6219
316 355 6220
321 454 6221
308 549 6222
289 449 6223
321 449 6224
316 308 6225
355 316 6226
316 102 6227
355 316 6228
355 102 6229
316 355 6230
355 316 6231
316 355 6232
540 308 6233
540 571 6234
449 289 6235
456 449 6236
551 319 6237
321 449 6238
449 456 6239
456 449 6240
551 456 6241
365 540 6242
551 456 6243
540 365 6244
551 147 6245
365 540 6246
551 456 6247
540 365 6248
199 536 6249
365 540 6250
277 73 6251
277 172 6252
540 365 6253
277 73 6254
193 355 6255
365 540 6256
540 365 6257
365 540 6258
289 449 6259
8 32 6260
32 8 6261
525 214 6262
8 32 6263
517 252 6264
266 97 6265
289 365 6266
365 289 6267
283 144 6268
289 365 6269
70 573 6270
9 97 6271
41 567 6272
325 559 6273
41 567 6274
204 567 6275
308 316 6276
389 252 6277
389 193 6278
32 8 6279
32 8 6280
233 193 6281
233 481 6282
204 567 6283
574 6 6284
41 389 6285
212 119 6286
456 355 6287
266 449 6288
236 128 6289
6 404 6290
302 449 6291
6 515 6292
6 122 6293
297 75 6294
128 236 6295
38 128 6296
38 502 6297
212 6 6298
38 128 6299
38 128 6300
212 6 6301
212 6 6302
62 266 6303
127 392 6304
127 313 6305
102 316 6306
228 392 6307
69 289 6308
69 308 6309
398 394 6310
306 438 6311
422 536 6312
263 297 6313
9 127 6314
9 97 6315
9 97 6316
398 313 6317
575 576 6318
9 97 6319
474 32 6320
103 577 6321
551 456 6322
551 306 6323
509 454 6324
103 577 6325
538 540 6326
474 48 6327
387 386 6328
283 248 6329
540 538 6330
578 341 6331
549 308 6332
418 512 6333
418 579 6334
418 580 6335
563 538 6336
249 302 6337
60 62 6338
212 372 6339
62 60 6340
212 303 6341
212 263 6342
212 305 6343
581 582 6344
321 402 6345
551 456 6346
551 497 6347
41 460 6348
363 475 6349
363 475 6350
63 127 6351
422 449 6352
282 456 6353
282 456 6354
549 495 6355
553 456 6356
553 325 6357
302 456 6358
214 583 6359
583 214 6360
481 371 6361
456 553 6362
456 302 6363
214 583 6364
252 389 6365
214 512 6366
214 512 6367
214 584 6368
583 214 6369
214 583 6370
475 363 6371
474 32 6372
475 363 6373
475 363 6374
583 214 6375
214 583 6376
214 583 6377
583 214 6378
583 214 6379
252 463 6380
495 549 6381
214 583 6382
495 540 6383
495 498 6384
495 424 6385
204 481 6386
583 214 6387
282 456 6388
214 583 6389
355 316 6390
583 214 6391
355 193 6392
583 214 6393
495 585 6394
372 375 6395
372 233 6396
583 214 6397
372 97 6398
583 214 6399
193 355 6400
363 475 6401
145 119 6402
372 495 6403
193 389 6404
372 365 6405
475 363 6406
12 148 6407
372 538 6408
1 302 6409
586 252 6410
249 302 6411
103 538 6412
252 6 6413
440 587 6414
440 588 6415
6 578 6416
586 589 6417
440 590 6418
475 591 6419
591 475 6420
586 481 6421
145 119 6422
19 527 6423
38 502 6424
38 386 6425
38 52 6426
38 378 6427
396 456 6428
38 527 6429
422 549 6430
297 422 6431
396 400 6432
38 592 6433
422 285 6434
285 422 6435
38 527 6436
38 302 6437
272 509 6438
34 313 6439
38 128 6440
38 128 6441
27 422 6442
103 527 6443
586 481 6444
586 481 6445
422 285 6446
586 481 6447
586 538 6448
586 389 6449
193 593 6450
27 422 6451
463 228 6452
321 593 6453
143 415 6454
586 481 6455
463 469 6456
539 396 6457
51 302 6458
302 51 6459
34 335 6459
463 532 6460
463 252 6461
34 527 6462
83 386 6463
297 422 6464
297 272 6465
317 571 6466
193 593 6467
74 592 6468
204 456 6469
204 481 6470
583 172 6470
204 456 6471
204 456 6472
204 456 6473
283 375 6474
357 593 6475
204 456 6476
266 236 6477
83 551 6478
204 298 6479
297 422 6480
308 456 6481
252 463 6482
308 583 6483
583 308 6484
283 248 6485
372 538 6486
9 177 6487
9 527 6488
389 252 6489
308 566 6490
389 193 6491
62 285 6492
12 148 6493
454 363 6494
509 272 6495
12 593 6496
447 95 6497
12 593 6498
571 540 6499
586 389 6500
27 422 6501
12 355 6502
509 454 6503
552 266 6504
12 593 6505
62 567 6506
555 388 6507
9 127 6508
555 590 6509
19 409 6510
308 371 6511
212 509 6512
321 437 6513
212 67 6514
212 73 6515
41 389 6516
297 422 6517
19 409 6518
212 119 6519
532 463 6520
538 372 6521
19 409 6522
300 468 6523
266 475 6524
475 266 6525
19 409 6526
212 388 6527
447 95 6528
19 593 6529
44 456 6530
19 409 6531
325 391 6532
325 583 6533
193 593 6534
41 389 6535
321 300 6536
193 389 6537
321 306 6538
321 373 6539
266 475 6540
212 480 6541
594 475 6542
321 480 6543
212 480 6544
389 193 6544
520 291 6545
469 463 6546
520 8 6547
41 389 6548
212 289 6549
212 289 6550
475 266 6551
212 263 6552
594 502 6553
266 475 6554
594 502 6555
19 409 6556
19 593 6557
131 548 6558
212 263 6559
583 325 6560
363 454 6561
368 594 6562
289 437 6563
520 8 6564
19 593 6565
289 306 6566
294 51 6567
289 97 6568
289 371 6569
303 212 6570
282 462 6571
371 308 6572
95 371 6573
193 389 6574
297 422 6575
282 462 6576
97 289 6577
593 19 6578
569 336 6579
289 97 6580
19 593 6581
27 422 6582
19 593 6583
204 303 6584
274 32 6585
583 325 6586
297 422 6587
274 462 6588
73 212 6589
41 389 6590
389 193 6591
19 593 6592
282 462 6593
583 325 6594
62 343 6595
463 252 6596
41 389 6597
297 422 6598
463 532 6599
220 283 6600
309 391 6601
463 469 6602
341 578 6603
41 389 6604
161 162 6605
9 569 6606
454 363 6607
282 462 6608
41 389 6609
212 305 6610
567 595 6611
41 389 6612
494 389 6613
62 463 6614
282 462 6615
62 567 6616
595 567 6617
97 289 6618
193 389 6619
41 389 6620
343 62 6621
212 303 6622
325 583 6623
594 368 6624
289 97 6625
343 73 6626
41 502 6627
463 62 6628
343 6 6629
62 463 6630
389 193 6631
343 62 6632
583 325 6633
19 593 6634
463 62 6635
41 502 6636
162 161 6637
504 289 6637
51 502 6638
289 504 6639
41 389 6640
371 289 6641
583 325 6641
368 594 6642
469 463 6643
62 463 6644
41 596 6645
371 95 6646
41 502 6647
593 19 6648
594 368 6649
41 389 6650
95 371 6651
12 389 6652
504 289 6653
289 371 6654
41 502 6655
289 504 6656
41 389 6657
368 594 6658
193 389 6659
12 175 6660
103 306 6661
289 97 6662
12 389 6663
372 389 6664
41 502 6665
517 289 6666
97 289 6667
372 538 6668
372 97 6669
41 389 6669
504 289 6670
372 97 6671
12 480 6672
41 502 6673
12 300 6674
103 462 6675
41 90 6676
12 402 6677
289 97 6678
12 389 6679
289 517 6680
41 389 6681
103 402 6682
289 504 6683
41 502 6684
41 389 6685
594 368 6686
104 97 6687
41 389 6688
41 389 6689
542 97 6690
289 569 6691
36 400 6692
97 104 6693
97 542 6694
12 569 6695
19 593 6696
36 73 6697
41 90 6698
569 289 6699
19 593 6700
368 594 6701
41 389 6702
12 389 6703
542 97 6704
212 597 6705
12 389 6706
12 142 6707
596 542 6708
12 569 6709
12 389 6710
41 502 6711
12 569 6712
97 542 6713
41 389 6714
19 598 6715
542 97 6716
12 343 6717
97 542 6718
567 595 6719
12 569 6720
542 596 6721
36 598 6722
594 368 6723
103 569 6724
542 97 6725
176 515 6726
41 502 6727
372 437 6728
41 389 6729
542 142 6730
97 542 6731
12 569 6732
567 502 6733
368 594 6734
103 489 6735
12 569 6736
41 389 6737
41 90 6738
9 569 6739
542 97 6740
463 469 6741
97 542 6741
41 389 6742
193 389 6743
289 463 6744
372 437 6745
569 103 6746
596 542 6747
103 391 6748
41 502 6749
542 389 6750
36 511 6751
463 289 6752
542 97 6753
502 567 6754
289 463 6755
12 569 6756
41 90 6757
97 542 6758
41 389 6759
41 502 6760
542 97 6761
9 569 6762
389 193 6763
514 513 6764
372 437 6765
103 598 6766
372 489 6767
569 103 6768
289 389 6769
97 542 6770
542 97 6771
12 569 6772
90 594 6773
423 437 6774
389 542 6775
599 289 6776
97 542 6777
542 598 6778
389 289 6779
9 569 6780
289 389 6781
598 542 6782
41 389 6783
542 389 6784
389 289 6785
542 97 6786
542 598 6787
372 391 6788
542 598 6789
41 598 6790
97 542 6791
598 542 6792
289 391 6793
41 389 6794
12 569 6795
372 508 6796
389 542 6797
542 97 6798
542 598 6799
289 598 6800
9 569 6801
12 569 6802
97 542 6802
41 389 6803
289 600 6804
542 389 6805
598 542 6806
567 502 6807
542 97 6808
409 103 6809
599 289 6810
97 542 6811
567 542 6812
128 236 6813
389 542 6814
409 542 6815
542 97 6816
372 437 6817
596 57 6818
19 409 6819
41 389 6820
567 548 6821
542 567 6822
97 542 6823
41 389 6824
542 389 6825
567 542 6826
482 437 6827
41 389 6828
542 97 6828
567 542 6829
19 409 6830
372 489 6830
542 97 6830
542 97 6831
542 97 6832
599 289 6833
542 567 6834
542 567 6835
97 542 6836
389 542 6837
489 372 6838
325 97 6839
12 569 6840
596 289 6841
41 389 6842
409 542 6843
599 289 6844
97 325 6845
542 97 6846
19 409 6847
599 289 6848
289 596 6849
12 569 6850
567 325 6851
542 389 6852
569 372 6853
41 389 6854
97 542 6855
599 289 6856
103 409 6857
423 598 6858
389 542 6859
599 289 6860
325 567 6861
542 97 6862
324 128 6863
41 389 6864
514 454 6865
97 542 6866
368 371 6867
372 437 6867
128 324 6868
372 489 6869
368 52 6870
325 97 6871
12 569 6872
542 389 6873
368 482 6874
567 325 6875
97 325 6875
542 97 6876
325 567 6877
409 542 6878
409 103 6879
19 409 6880
389 542 6881
368 454 6882
97 542 6883
289 454 6884
172 502 6885
283 144 6886
19 409 6887
57 596 6888
542 389 6889
325 97 6890
102 98 6891
41 389 6892
12 569 6893
437 372 6894
289 149 6895
569 372 6896
368 300 6897
389 542 6898
12 569 6899
97 325 6900
19 409 6901
9 569 6902
599 289 6903
447 368 6904
19 601 6905
212 368 6906
372 598 6907
599 289 6908
317 368 6909
368 538 6910
596 57 6911
542 97 6912
325 97 6913
372 514 6914
149 289 6915
19 601 6916
542 389 6917
97 542 6918
9 569 6919
97 325 6920
482 368 6921
9 601 6922
502 172 6923
447 368 6924
9 569 6925
389 542 6926
12 569 6927
289 149 6928
368 482 6929
9 601 6930
19 409 6931
212 368 6932
567 602 6933
9 569 6934
19 601 6935
542 97 6936
542 389 6937
12 569 6938
482 368 6939
372 437 6940
317 368 6941
277 263 6942
97 542 6943
602 567 6944
389 542 6945
567 602 6946
149 289 6947
9 601 6947
542 389 6948
9 569 6949
325 97 6950
371 368 6951
599 289 6952
19 409 6953
368 482 6954
9 527 6954
19 601 6955
437 372 6956
324 128 6957
97 325 6958
596 119 6959
289 149 6960
212 368 6961
12 569 6962
306 285 6963
324 329 6964
41 389 6965
36 601 6966
542 97 6967
514 437 6968
368 371 6969
149 289 6970
9 569 6971
98 102 6972
9 527 6973
289 149 6974
102 98 6975
542 97 6976
9 601 6977
12 569 6978
97 542 6978
9 389 6979
398 144 6980
325 437 6981
212 368 6982
586 409 6983
19 409 6984
586 389 6985
9 569 6986
12 569 6987
306 239 6988
149 289 6989
144 142 6990
9 601 6991
437 325 6992
542 97 6993
212 368 6994
9 502 6995
372 437 6996
599 289 6997
97 542 6997
263 527 6998
9 601 6999
289 149 7000
9 514 7001
371 306 7002
9 569 7003
212 368 7004
368 404 7005
12 569 7006
9 482 7007
527 263 7008
9 569 7009
542 97 7010
36 601 7011
567 598 7012
283 445 7013
12 527 7014
212 368 7015
368 514 7016
97 542 7017
9 598 7018
542 97 7019
9 409 7020
263 527 7021
9 514 7022
368 388 7023
12 569 7024
189 144 7025
514 368 7026
212 368 7027
36 400 7028
9 569 7029
527 263 7030
9 601 7031
9 514 7032
97 542 7033
372 437 7034
368 514 7035
514 388 7036
514 368 7037
12 569 7038
9 569 7038
36 601 7039
9 601 7040
368 514 7041
532 463 7042
212 368 7043
567 538 7044
567 538 7045
567 538 7046
36 601 7047
12 527 7048
9 409 7049
599 289 7050
542 97 7051
445 283 7052
9 514 7053
212 368 7054
12 569 7055
372 103 7056
97 542 7057
176 603 7058
372 445 7059
283 445 7060
372 103 7061
514 368 7062
12 569 7063
19 480 7064
12 527 7065
9 569 7066
9 514 7067
598 567 7068
9 409 7069
598 289 7070
176 603 7071
12 569 7072
372 527 7073
368 514 7074
289 598 7075
9 598 7076
12 569 7077
599 289 7078
598 542 7079
9 569 7080
372 445 7081
598 289 7082
12 569 7083
212 368 7084
598 103 7085
9 598 7086
176 603 7087
520 220 7088
9 569 7089
12 569 7090
9 598 7091
212 368 7092
561 51 7093
12 480 7094
212 368 7095
12 391 7096
599 289 7097
423 598 7098
12 569 7099
9 569 7100
289 598 7101
144 561 7102
9 598 7103
9 569 7104
12 569 7105
6 48 7105
9 569 7106
555 590 7107
372 437 7108
538 567 7109
368 401 7110
9 598 7111
368 162 7112
368 604 7113
9 409 7114
69 119 7115
103 598 7116
555 590 7117
69 368 7118
9 569 7119
605 272 7120
599 289 7121
9 569 7122
12 569 7123
598 103 7124
69 308 7125
423 598 7126
555 590 7127
9 598 7128
9 409 7129
423 598 7130
9 569 7131
103 598 7132
12 569 7133
423 598 7133
9 409 7134
599 289 7135
555 590 7136
454 514 7137
454 368 7138
12 175 7139
423 598 7140
9 601 7141
9 601 7142
48 6 7143
598 103 7144
454 289 7145
41 389 7146
555 365 7147
289 454 7148
41 598 7149
555 463 7150
103 598 7151
12 569 7152
454 289 7153
599 289 7154
41 598 7155
289 454 7156
9 598 7157
605 263 7158
9 601 7159
599 289 7160
555 393 7161
9 569 7162
103 561 7163
598 103 7164
103 601 7165
561 103 7166
103 598 7167
605 263 7168
599 289 7169
9 409 7170
598 103 7171
540 495 7172
41 603 7173
561 103 7173
355 193 7174
350 576 7175
605 263 7176
368 454 7177
6 540 7178
41 561 7179
388 514 7180
355 316 7181
569 174 7182
103 598 7183
594 90 7184
350 592 7185
350 592 7186
495 540 7187
605 263 7188
599 289 7189
599 289 7190
62 567 7191
561 103 7192
297 422 7193
605 263 7194
495 181 7195
569 174 7196
350 480 7197
41 598 7198
605 263 7199
569 606 7200
305 212 7201
569 174 7202
41 598 7203
561 103 7204
236 128 7205
569 174 7206
252 463 7207
605 263 7208
422 391 7209
103 561 7210
72 596 7211
297 422 7212
561 103 7213
542 598 7214
561 103 7215
561 103 7216
41 598 7217
409 147 7218
605 263 7219
598 542 7220
605 263 7221
542 97 7222
147 236 7223
409 147 7224
242 573 7225
561 99 7226
569 174 7227
573 242 7228
409 147 7229
561 99 7230
454 368 7231
605 308 7232
540 6 7233
176 598 7234
174 260 7235
540 495 7236
569 174 7237
6 540 7238
325 607 7239
540 6 7240
495 540 7241
540 495 7242
62 607 7243
460 608 7244
608 460 7245
62 422 7246
555 517 7247
62 454 7248
321 495 7249
321 454 7250
605 337 7251
62 454 7252
392 172 7253
560 607 7254
62 454 7255
321 454 7256
609 391 7257
321 598 7258
321 454 7259
392 228 7260
321 392 7261
62 50 7262
321 454 7263
609 386 7264
609 607 7265
321 607 7266
392 127 7267
62 454 7268
321 392 7269
610 325 7270
321 454 7271
62 422 7272
609 607 7273
321 607 7274
454 62 7275
607 325 7276
321 280 7277
609 607 7278
321 392 7279
321 392 7280
325 607 7281
321 392 7282
321 609 7283
607 325 7284
321 609 7285
321 392 7286
6 540 7287
609 607 7288
325 607 7289
607 609 7290
607 325 7291
321 392 7292
555 607 7293
242 573 7294
242 607 7295
321 392 7296
176 607 7297
427 426 7298
427 88 7299
329 324 7300
611 72 7301
128 324 7302
128 236 7303
41 609 7304
398 144 7305
70 573 7306
462 103 7307
67 598 7308
67 607 7309
612 613 7310
321 300 7311
509 454 7312
422 62 7313
509 454 7314
316 355 7315
36 614 7316
355 316 7317
372 495 7318
372 527 7319
248 283 7320
615 616 7321
536 199 7322
536 422 7323
103 462 7324
605 308 7325
204 191 7326
598 67 7327
9 482 7328
598 32 7329
542 607 7330
536 532 7331
586 300 7332
449 456 7333
586 460 7334
145 147 7335
449 289 7336
449 266 7337
449 302 7338
586 607 7339
449 422 7340
609 607 7341
347 191 7342
132 103 7343
132 589 7344
132 449 7345
609 449 7346
72 611 7347
617 272 7348
27 414 7349
36 547 7350
456 449 7351
617 72 7352
596 72 7353
617 308 7354
386 387 7355
386 609 7356
212 48 7357
618 3 7358
399 76 7359
143 103 7360
399 299 7361
399 386 7362
399 365 7363
204 609 7364
395 394 7365
212 305 7366
617 308 7367
609 386 7368
610 325 7369
509 454 7370
593 228 7371
617 308 7372
454 509 7373
204 609 7374
30 103 7375
596 388 7376
462 103 7377
619 97 7378
495 540 7379
103 462 7380
88 427 7381
70 620 7382
596 62 7383
51 601 7384
103 462 7385
429 400 7386
27 620 7387
539 396 7388
621 593 7389
621 48 7390
414 607 7391
321 495 7392
103 149 7393
27 414 7394
19 65 7395
103 593 7396
621 593 7397
621 593 7398
119 596 7399
596 119 7400
509 454 7401
119 596 7402
27 414 7403
551 456 7404
289 449 7405
551 62 7406
596 119 7407
204 609 7408
277 414 7409
551 147 7410
27 414 7411
607 67 7412
607 609 7413
302 449 7414
607 542 7415
336 536 7416
468 594 7417
302 296 7418
9 177 7419
422 536 7420
277 468 7421
422 449 7422
460 608 7423
498 495 7424
303 212 7425
546 454 7426
622 607 7427
622 592 7428
52 368 7429
622 596 7430
365 399 7431
622 623 7432
454 509 7433
34 583 7434
583 34 7435
542 97 7436
542 607 7437
542 97 7438
619 97 7439
462 103 7440
605 302 7441
596 622 7442
619 475 7443
97 542 7444
542 97 7445
621 48 7446
542 325 7447
97 542 7448
621 593 7449
9 607 7450
542 97 7451
97 542 7452
542 97 7453
542 97 7454
97 542 7455
97 542 7456
234 583 7457
542 97 7458
624 452 7459
624 437 7460
583 234 7461
97 542 7462
542 97 7463
97 542 7464
616 615 7465
97 285 7466
542 97 7467
542 97 7468
495 498 7469
97 542 7470
176 101 7471
514 256 7472
53 456 7473
41 609 7474
41 603 7475
542 97 7476
97 542 7477
97 542 7478
41 598 7479
97 542 7480
542 97 7481
542 97 7482
542 97 7483
62 596 7484
97 542 7485
97 542 7486
325 542 7487
542 97 7488
542 325 7489
97 542 7490
325 542 7491
30 103 7492
325 625 7493
625 325 7494
536 336 7495
474 32 7496
363 454 7497
398 468 7498
325 625 7499
625 325 7500
625 325 7501
193 355 7502
193 389 7503
41 389 7504
625 325 7505
468 502 7506
193 616 7507
325 625 7508
625 325 7509
325 625 7510
625 325 7511
228 593 7512
372 508 7513
372 495 7514
325 625 7515
212 303 7516
212 303 7517
586 386 7518
586 607 7519
323 456 7520
514 626 7521
277 468 7522
555 626 7523
555 627 7524
509 454 7525
555 514 7526
555 514 7527
625 325 7528
36 625 7529
372 495 7529
611 72 7530
593 228 7531
350 626 7532
603 628 7532
325 625 7533
60 62 7534
72 611 7535
629 97 7536
625 325 7537
626 350 7538
625 630 7539
388 514 7540
625 607 7541
95 626 7542
514 388 7543
41 598 7544
350 626 7545
296 302 7546
388 514 7547
36 625 7548
502 468 7549
590 626 7550
36 625 7551
631 625 7552
388 596 7553
388 368 7554
325 625 7555
388 212 7556
555 388 7557
388 513 7558
555 388 7559
368 52 7560
555 388 7561
368 388 7562
626 590 7563
626 632 7564
625 325 7565
62 60 7566
555 570 7567
631 625 7568
555 306 7569
627 513 7570
555 318 7571
631 625 7572
60 62 7573
393 263 7574
631 633 7575
263 393 7576
393 263 7577
631 52 7578
634 626 7579
551 62 7580
514 59 7581
62 60 7582
414 475 7583
590 514 7584
144 635 7585
212 388 7586
388 212 7587
631 625 7588
468 502 7589
212 388 7590
277 468 7591
502 468 7592
447 254 7593
316 355 7594
620 27 7595
316 102 7596
388 212 7597
422 394 7598
422 607 7599
32 598 7600
297 422 7601
32 636 7602
32 626 7603
513 388 7604
636 6 7605
513 627 7606
636 6 7607
636 32 7608
636 6 7609
627 513 7610
636 590 7611
513 627 7612
636 626 7613
103 185 7614
599 636 7615
297 422 7616
103 462 7617
32 636 7618
283 628 7619
127 392 7620
124 97 7621
609 607 7622
606 569 7623
355 316 7624
551 62 7625
41 609 7626
475 283 7627
9 626 7628
323 636 7629
552 349 7630
551 147 7631
302 296 7632
277 124 7633
323 637 7634
551 124 7635
552 349 7636
447 254 7637
323 124 7638
297 422 7639
586 349 7640
551 124 7641
323 124 7642
626 32 7643
323 124 7644
626 636 7645
551 124 7646
283 248 7647
323 124 7648
103 392 7649
392 103 7650
638 637 7651
551 592 7652
323 124 7653
103 392 7654
392 103 7655
103 392 7656
8 32 7657
551 124 7658
323 124 7659
638 636 7660
103 183 7661
297 422 7662
103 538 7663
323 124 7664
475 283 7665
392 514 7666
6 636 7667
392 103 7668
103 392 7669
323 124 7670
638 321 7671
6 597 7672
639 103 7673
6 124 7674
639 321 7675
638 321 7676
9 127 7677
212 388 7678
220 321 7679
9 626 7680
124 6 7681
639 321 7682
124 6 7683
6 124 7684
323 124 7685
639 321 7686
639 6 7687
392 103 7688
639 321 7689
124 6 7690
639 6 7691
479 358 7692
321 392 7693
103 392 7694
475 283 7695
479 6 7696
6 124 7697
323 124 7698
392 321 7699
6 479 7700
639 321 7701
638 640 7702
479 6 7703
6 479 7704
321 392 7705
479 6 7706
392 321 7707
6 479 7708
583 124 7709
599 34 7710
321 392 7711
479 103 7712
392 321 7713
392 103 7714
321 392 7715
638 98 7716
639 321 7717
447 103 7718
103 392 7719
590 641 7720
392 321 7721
641 590 7722
277 103 7723
590 641 7724
639 479 7725
639 479 7726
277 103 7727
638 254 7728
639 479 7729
574 321 7730
321 392 7731
639 321 7732
209 355 7733
392 321 7734
323 281 7735
639 479 7736
639 321 7737
277 103 7738
638 254 7739
321 392 7740
639 479 7741
639 321 7742
638 254 7743
642 323 7743
236 128 7744
277 103 7745
41 638 7746
642 323 7747
447 103 7748
447 254 7749
639 479 7750
142 144 7751
6 591 7752
638 254 7753
639 479 7754
642 479 7755
323 68 7756
517 289 7757
323 642 7758
574 321 7758
639 479 7758
447 254 7759
638 254 7760
277 103 7761
277 321 7762
297 422 7763
323 367 7764
555 517 7764
277 321 7765
447 103 7766
277 103 7767
323 88 7768
447 254 7769
475 283 7770
599 34 7771
475 283 7772
447 254 7773
88 323 7774
454 363 7775
447 254 7776
323 88 7777
447 254 7778
447 103 7779
638 254 7780
32 8 7781
599 34 7782
447 254 7783
128 236 7784
638 254 7785
638 643 7786
389 193 7787
447 254 7788
638 278 7789
41 389 7790
595 567 7790
447 254 7791
638 254 7792
323 88 7793
599 34 7794
323 643 7795
34 502 7796
41 638 7797
316 355 7798
638 254 7799
638 254 7800
323 88 7801
321 595 7802
644 355 7803
638 254 7804
642 323 7805
642 212 7806
323 88 7807
642 323 7808
638 254 7809
367 323 7810
642 323 7811
323 367 7812
463 532 7813
638 254 7814
642 323 7814
475 283 7815
642 323 7816
88 323 7817
41 389 7818
463 252 7819
474 479 7820
475 502 7821
475 502 7822
41 389 7823
642 645 7824
422 389 7825
323 88 7826
502 34 7827
389 422 7828
41 389 7829
599 34 7830
41 389 7831
422 389 7832
389 422 7833
41 389 7834
323 88 7835
646 72 7836
422 389 7837
475 283 7838
638 102 7839
646 289 7840
34 502 7841
194 583 7842
389 422 7843
41 389 7844
194 583 7845
514 590 7846
194 325 7847
502 34 7848
646 289 7849
422 389 7850
194 456 7851
646 72 7852
6 642 7853
316 355 7854
194 296 7855
323 289 7856
194 303 7857
321 466 7858
646 289 7859
514 463 7860
389 422 7861
646 212 7862
194 583 7863
422 389 7864
376 481 7865
389 422 7866
41 389 7867
574 266 7868
88 323 7869
646 638 7870
594 468 7871
642 6 7872
422 389 7873
646 323 7874
323 88 7875
297 422 7876
646 323 7877
389 422 7878
514 376 7879
297 272 7880
41 389 7881
509 454 7881
220 266 7882
194 583 7883
498 495 7884
646 638 7885
646 323 7886
599 321 7887
638 74 7888
124 6 7889
263 647 7890
621 321 7891
263 647 7892
219 321 7893
34 502 7894
646 323 7895
74 617 7896
323 124 7897
481 376 7898
612 626 7899
599 321 7900
219 321 7901
621 321 7902
266 638 7903
74 607 7904
648 627 7905
36 259 7906
648 514 7906
194 583 7907
646 323 7908
194 325 7909
627 649 7910
638 266 7911
219 321 7912
621 48 7913
514 649 7914
590 440 7915
41 389 7916
648 368 7917
638 141 7918
88 323 7919
263 642 7920
626 649 7921
621 593 7922
646 638 7922
323 124 7923
481 59 7924
219 321 7925
646 323 7926
481 452 7927
57 596 7928
649 626 7929
323 88 7930
649 514 7931
626 649 7932
599 34 7933
646 650 7934
599 321 7935
648 368 7936
62 367 7937
62 162 7938
648 626 7939
649 626 7940
648 388 7941
219 321 7942
638 74 7943
502 34 7944
481 378 7945
626 649 7946
481 566 7947
74 638 7948
38 177 7949
162 368 7950
297 422 7951
481 396 7952
393 62 7953
638 74 7954
62 393 7955
38 128 7956
372 508 7957
649 626 7958
649 626 7959
646 220 7960
514 626 7961
38 502 7962
646 220 7963
626 514 7964
551 124 7965
646 651 7966
481 638 7967
646 647 7968
140 574 7969
431 323 7970
648 514 7970
219 321 7971
638 481 7972
648 649 7973
626 649 7974
638 481 7975
551 62 7976
214 584 7977
38 475 7978
638 481 7979
532 536 7980
277 74 7981
214 626 7982
38 475 7983
6 124 7984
588 636 7985
588 440 7986
588 51 7987
38 475 7988
646 638 7989
38 475 7990
638 481 7991
646 323 7992
34 502 7993
646 651 7994
514 649 7995
38 475 7996
38 475 7997
38 475 7998
648 590 7999
38 475 8000
38 475 8001
646 323 8002
38 475 8003
596 57 8004
481 517 8005
587 588 8006
38 475 8007
88 323 8008
551 62 8009
266 475 8010
646 323 8011
475 266 8012
38 475 8013
367 323 8014
266 475 8015
648 649 8016
266 220 8017
409 34 8018
266 626 8019
266 571 8020
323 88 8021
266 289 8022
266 651 8023
212 305 8024
266 437 8025
38 475 8026
266 124 8027
475 266 8028
38 101 8029
266 243 8030
266 112 8031
266 577 8032
266 429 8033
266 367 8034
38 475 8035
214 475 8036
323 367 8037
266 652 8038
266 481 8039
502 34 8040
475 214 8041
266 653 8042
266 8 8043
643 638 8044
596 388 8045
638 643 8046
38 475 8047
596 62 8048
266 645 8049
38 128 8050
266 650 8051
214 475 8052
266 388 8053
266 368 8054
574 140 8055
266 321 8056
368 162 8057
266 573 8058
266 48 8059
27 620 8060
654 514 8061
27 414 8062
266 542 8063
475 214 8064
649 289 8065
38 475 8066
214 475 8067
266 596 8068
266 482 8069
475 214 8070
38 475 8071
214 475 8072
266 72 8073
266 214 8074
103 299 8075
266 557 8076
372 652 8077
266 649 8078
131 638 8079
266 299 8080
266 502 8081
266 242 8082
475 214 8083
38 475 8084
266 103 8085
38 475 8086
654 514 8087
266 627 8088
266 325 8089
214 475 8090
266 590 8090
266 554 8091
212 289 8092
38 475 8093
636 371 8094
266 228 8095
648 649 8096
266 172 8097
289 649 8098
266 583 8099
212 289 8100
38 475 8101
266 522 8102
636 626 8103
654 228 8104
649 289 8105
1 477 8106
266 72 8107
38 475 8108
3 618 8109
214 101 8110
99 626 8111
372 103 8112
648 649 8113
38 475 8114
372 652 8115
228 626 8116
638 482 8117
323 367 8118
574 652 8119
266 72 8120
323 636 8120
638 482 8121
569 372 8122
555 463 8123
475 214 8124
596 62 8125
38 626 8126
372 103 8127
638 482 8128
574 652 8129
555 62 8130
38 475 8131
127 475 8132
289 649 8132
596 62 8133
212 576 8134
654 481 8135
212 576 8136
38 475 8137
212 576 8138
638 482 8139
612 502 8140
372 103 8141
475 127 8142
342 194 8143
649 289 8144
619 475 8145
648 513 8146
372 103 8147
574 652 8148
38 475 8149
277 649 8150
38 475 8151
638 482 8152
652 72 8153
277 74 8154
654 254 8155
103 63 8156
652 574 8157
38 475 8158
557 302 8159
323 68 8160
228 593 8161
619 194 8162
72 652 8163
38 475 8164
281 323 8165
574 652 8166
285 422 8167
638 482 8168
281 323 8169
38 475 8170
652 72 8171
38 475 8172
652 574 8173
38 475 8174
254 343 8175
574 652 8176
372 437 8177
38 475 8178
38 475 8179
596 644 8180
652 574 8181
574 652 8182
567 595 8183
638 482 8184
648 368 8185
72 652 8186
654 254 8187
38 475 8188
638 48 8189
638 482 8190
495 372 8191
38 475 8192
228 392 8193
638 48 8194
652 72 8195
38 475 8196
495 498 8197
456 194 8198
254 495 8199
648 349 8200
655 656 8200
655 656 8201
323 281 8202
638 48 8203
655 657 8204
259 638 8205
474 32 8206
456 194 8207
266 658 8208
655 636 8209
659 660 8210
266 661 8211
659 660 8212
655 662 8213
495 254 8214
266 663 8215
323 68 8215
655 664 8216
254 626 8217
655 665 8218
266 666 8219
655 645 8220
626 228 8221
72 652 8222
655 632 8223
667 658 8224
281 323 8225
654 254 8226
655 627 8227
38 475 8228
655 626 8229
655 640 8230
655 668 8231
655 669 8232
266 642 8233
655 630 8234
655 633 8235
38 475 8236
418 642 8237
266 637 8238
655 670 8239
648 368 8240
655 671 8241
38 475 8242
514 405 8243
655 672 8244
131 527 8245
626 99 8246
254 495 8247
619 596 8248
67 598 8249
654 652 8250
323 281 8251
38 475 8252
371 636 8253
38 475 8254
652 72 8255
323 68 8256
323 68 8257
9 569 8258
619 596 8259
38 475 8260
617 272 8261
6 278 8262
514 517 8263
372 495 8264
673 254 8264
654 652 8265
372 673 8266
38 475 8267
176 475 8268
619 661 8269
323 68 8270
281 323 8271
605 272 8272
617 74 8273
254 673 8274
652 654 8275
349 655 8276
673 372 8277
349 655 8278
72 652 8279
323 281 8280
654 652 8281
673 254 8282
323 68 8283
431 323 8284
259 256 8285
176 515 8286
652 654 8287
12 101 8288
254 673 8289
281 323 8290
12 527 8291
99 626 8292
652 72 8293
615 616 8294
605 266 8295
654 652 8296
252 463 8297
12 175 8298
323 68 8299
422 285 8300
259 343 8301
655 349 8302
254 344 8303
652 654 8304
6 603 8305
673 254 8306
323 281 8307
636 371 8308
73 343 8309
654 652 8310
615 666 8311
393 62 8312
145 479 8313
626 99 8313
431 323 8314
605 103 8315
103 673 8316
259 48 8317
323 281 8318
371 636 8319
654 456 8320
6 73 8321
297 422 8322
605 266 8323
281 323 8324
456 654 8325
652 654 8326
673 103 8327
394 422 8328
652 654 8329
605 103 8330
323 281 8331
297 422 8332
254 673 8333
654 652 8334
654 456 8335
73 6 8336
62 393 8337
638 482 8338
652 654 8339
259 242 8340
638 48 8341
599 511 8342
456 654 8343
673 254 8344
259 299 8345
103 673 8346
654 99 8347
12 658 8348
281 323 8349
254 673 8350
654 456 8351
673 103 8352
605 289 8353
12 658 8354
652 654 8355
673 254 8356
103 673 8357
422 394 8358
277 496 8359
654 652 8360
605 103 8361
323 281 8362
254 673 8363
605 289 8364
515 194 8365
654 456 8366
674 302 8367
496 475 8368
673 103 8369
673 254 8370
297 422 8371
41 658 8372
176 475 8373
652 654 8374
349 655 8375
12 658 8376
41 598 8377
277 496 8378
199 536 8379
605 103 8380
281 323 8381
551 456 8382
103 673 8383
605 289 8384
6 73 8385
482 194 8386
654 652 8386
41 658 8387
6 73 8388
254 598 8389
12 658 8390
481 6 8391
673 289 8392
277 496 8393
496 437 8394
372 673 8395
673 103 8396
323 281 8397
12 8 8398
289 673 8399
673 372 8400
297 422 8401
103 673 8402
277 299 8403
74 73 8404
617 456 8405
605 289 8406
673 289 8407
456 654 8408
673 103 8409
73 6 8410
6 481 8411
73 74 8412
388 596 8413
6 73 8414
211 194 8415
652 654 8415
277 496 8416
211 194 8417
617 516 8418
654 456 8419
12 658 8420
289 673 8421
53 456 8422
555 62 8422
51 314 8423
194 482 8424
605 103 8425
481 6 8426
280 321 8427
654 652 8428
640 638 8429
555 147 8430
372 673 8431
372 673 8432
103 673 8433
254 299 8434
103 675 8435
317 368 8436
555 62 8437
422 194 8438
642 263 8439
321 280 8440
642 418 8441
479 314 8442
321 675 8443
317 6 8444
605 103 8445
496 658 8446
277 673 8447
277 514 8448
252 6 8449
277 496 8450
555 676 8451
12 8 8452
673 103 8453
277 673 8454
631 463 8455
555 676 8456
555 676 8457
658 496 8458
277 673 8459
673 289 8460
317 308 8461
73 6 8462
605 103 8463
496 658 8464
617 340 8465
605 74 8466
638 640 8467
277 673 8468
605 103 8469
424 495 8470
297 422 8471
525 211 8472
638 640 8473
525 51 8474
638 640 8475
525 103 8476
323 68 8477
242 259 8478
652 654 8479
638 48 8480
605 74 8481
617 254 8482
317 6 8483
482 194 8484
323 68 8485
248 603 8486
51 525 8487
9 8 8488
297 422 8489
496 523 8490
525 51 8491
355 316 8492
6 252 8493
69 6 8493
69 119 8494
605 74 8495
9 640 8496
9 636 8497
667 658 8498
355 316 8499
617 677 8500
69 6 8501
317 6 8502
396 481 8502
51 525 8502
9 640 8503
642 325 8504
99 654 8505
99 626 8506
323 68 8507
9 640 8508
667 658 8509
667 658 8510
212 642 8511
596 388 8512
479 212 8513
99 654 8514
658 496 8515
212 479 8516
617 640 8517
640 617 8518
9 640 8519
525 51 8520
617 640 8521
9 8 8522
325 642 8523
605 74 8524
51 525 8525
617 640 8526
652 302 8527
212 479 8528
636 388 8529
642 325 8530
388 636 8531
468 594 8532
555 502 8532
605 74 8533
636 388 8534
9 658 8535
555 654 8536
605 272 8537
9 638 8538
617 272 8539
277 468 8540
555 636 8541
525 51 8542
323 636 8543
9 8 8544
323 68 8545
588 51 8546
631 662 8547
555 306 8548
323 640 8549
277 652 8550
639 642 8551
316 355 8552
212 642 8553
323 636 8554
617 640 8555
660 659 8556
323 640 8557
277 652 8558
323 640 8559
103 525 8560
51 525 8561
431 323 8562
617 74 8563
640 323 8564
325 642 8565
588 51 8566
639 481 8567
9 569 8568
317 316 8569
176 475 8570
323 640 8571
323 640 8571
9 389 8572
431 323 8573
640 323 8574
525 51 8575
181 454 8576
277 652 8577
323 640 8578
525 103 8579
72 678 8580
525 103 8581
317 325 8582
334 128 8583
431 323 8584
181 495 8585
277 652 8585
640 323 8586
259 242 8587
588 51 8588
323 640 8589
51 525 8590
617 487 8591
323 640 8592
640 323 8593
323 68 8594
317 325 8595
588 440 8596
323 640 8597
278 638 8598
317 316 8599
617 74 8600
51 525 8601
278 6 8602
277 583 8603
640 323 8604
679 162 8605
316 325 8606
617 112 8607
439 636 8608
334 128 8609
323 640 8610
9 8 8611
323 68 8612
325 316 8613
323 640 8614
259 256 8615
316 325 8616
367 323 8617
323 640 8618
439 440 8619
573 184 8620
638 278 8621
617 640 8622
181 355 8623
323 367 8624
325 316 8625
431 323 8626
662 625 8627
525 51 8628
74 617 8629
679 404 8630
323 68 8631
367 323 8632
51 525 8633
51 525 8634
640 617 8635
323 367 8636
617 487 8637
323 640 8638
74 680 8639
316 325 8640
405 514 8641
617 640 8642
9 8 8643
9 409 8644
51 525 8645
640 617 8646
323 367 8647
679 132 8648
681 588 8649
323 640 8650
525 51 8651
325 316 8652
679 132 8653
525 51 8654
617 74 8655
300 368 8656
367 323 8657
289 638 8658
323 181 8658
95 682 8658
646 673 8659
323 367 8660
103 525 8661
638 289 8662
300 321 8663
525 103 8664
176 475 8665
617 640 8666
367 323 8667
638 289 8668
617 640 8669
103 525 8670
316 325 8671
487 658 8672
323 68 8673
355 181 8674
487 658 8675
68 3 8676
525 103 8677
297 272 8678
51 525 8679
680 74 8680
368 300 8681
525 51 8682
323 367 8683
646 673 8684
323 68 8685
181 355 8686
681 588 8687
74 680 8688
181 323 8689
259 289 8690
539 425 8691
605 263 8692
51 525 8693
325 316 8694
525 51 8695
323 68 8696
248 375 8697
68 323 8698
681 588 8699
316 74 8700
181 598 8701
642 325 8702
316 325 8703
68 323 8704
344 254 8705
308 540 8706
355 316 8707
316 355 8708
323 68 8709
525 103 8710
323 68 8711
355 181 8712
44 456 8712
74 316 8713
355 316 8714
323 642 8715
181 323 8716
325 316 8717
513 636 8718
316 74 8719
513 641 8720
181 355 8721
316 355 8722
74 316 8723
638 88 8724
44 432 8725
316 325 8726
44 74 8727
74 316 8728
487 437 8729
181 316 8730
487 437 8731
487 437 8732
316 74 8733
316 181 8734
181 396 8735
625 662 8735
316 74 8736
176 475 8737
355 181 8738
181 316 8739
325 316 8740
355 316 8741
415 436 8742
181 355 8743
316 181 8744
74 316 8745
651 97 8746
316 325 8747
683 413 8748
651 638 8749
638 651 8750
683 413 8751
316 355 8752
323 68 8753
316 74 8754
555 502 8755
325 316 8756
603 6 8757
605 413 8758
638 651 8759
603 248 8760
413 683 8761
172 684 8762
396 181 8763
683 413 8764
605 413 8765
513 588 8766
316 325 8767
625 534 8768
513 388 8769
334 128 8770
603 248 8771
683 72 8772
325 316 8773
413 683 8774
588 513 8775
242 259 8776
367 323 8777
388 513 8778
605 413 8779
631 335 8780
72 683 8781
631 115 8782
242 638 8783
638 242 8784
128 685 8785
631 596 8786
683 413 8787
607 74 8788
6 278 8789
647 263 8790
605 413 8791
6 603 8792
388 590 8793
439 513 8794
413 683 8795
605 413 8796
263 647 8797
355 193 8798
325 632 8799
605 263 8800
683 413 8801
323 367 8802
413 683 8803
605 413 8804
323 68 8805
212 236 8806
605 263 8807
683 413 8808
605 263 8809
683 72 8810
631 625 8811
555 391 8812
367 323 8813
555 502 8814
603 375 8815
683 413 8816
440 588 8817
605 413 8818
422 375 8819
181 316 8820
252 607 8821
181 396 8822
588 440 8823
605 413 8824
375 283 8825
375 603 8826
683 413 8827
440 588 8828
63 95 8829
588 560 8830
590 388 8831
236 128 8832
588 440 8833
440 588 8834
605 413 8835
496 316 8836
632 325 8837
248 603 8838
588 440 8839
632 626 8840
325 632 8841
413 683 8842
496 683 8843
236 212 8844
632 325 8845
413 683 8846
248 375 8847
375 248 8848
440 588 8849
375 248 8850
496 101 8851
72 683 8852
248 375 8853
588 440 8854
605 413 8855
323 68 8856
496 588 8857
375 248 8858
323 367 8859
325 632 8860
496 375 8861
588 496 8862
323 68 8863
605 413 8863
375 496 8864
323 367 8865
323 68 8866
72 677 8866
496 588 8867
323 98 8868
496 375 8869
632 325 8870
588 496 8871
176 248 8872
325 632 8873
683 413 8874
323 181 8875
496 588 8876
632 325 8877
686 72 8878
297 422 8879
388 590 8880
413 683 8881
605 413 8882
683 413 8883
686 72 8884
413 683 8885
686 72 8886
605 413 8887
351 658 8888
351 658 8889
325 683 8890
686 640 8891
683 413 8892
683 325 8893
413 683 8894
325 683 8895
540 308 8896
252 687 8897
683 325 8898
683 413 8899
540 306 8900
413 683 8901
687 212 8902
48 683 8903
191 239 8904
594 468 8905
68 607 8906
683 413 8907
683 48 8908
683 194 8909
194 683 8910
194 482 8911
413 683 8912
194 422 8913
194 515 8914
683 194 8915
683 48 8916
194 683 8917
683 413 8918
683 194 8919
413 683 8920
72 683 8921
683 72 8922
62 688 8923
677 72 8924
687 638 8925
683 413 8926
325 683 8927
72 683 8928
683 194 8929
413 654 8930
683 72 8931
72 677 8932
72 683 8933
413 683 8934
388 513 8935
683 72 8936
666 689 8937
683 413 8938
413 683 8939
594 475 8940
252 472 8941
252 387 8942
683 413 8943
72 683 8944
555 502 8945
413 683 8946
72 688 8947
655 349 8948
683 72 8949
297 422 8950
194 683 8951
194 422 8952
683 413 8953
683 194 8954
413 683 8955
555 545 8956
103 683 8957
555 641 8958
683 103 8959
688 72 8960
409 236 8961
683 413 8962
103 683 8963
688 103 8964
413 683 8965
103 688 8966
413 690 8967
688 103 8968
683 103 8969
103 683 8970
252 638 8971
683 413 8972
413 683 8973
194 683 8974
683 413 8975
683 194 8976
72 683 8977
413 683 8978
683 72 8979
688 260 8980
72 683 8981
683 413 8982
683 72 8983
413 683 8984
72 683 8985
683 413 8986
683 72 8987
413 683 8988
683 72 8989
683 413 8990
520 321 8991
72 683 8991
413 683 8992
683 72 8993
683 413 8994
413 683 8995
72 683 8996
683 413 8997
683 72 8998
683 72 8999
72 683 9000
413 683 9001
72 683 9002
683 413 9003
683 72 9004
413 683 9005
72 683 9006
683 72 9007
72 683 9008
683 413 9009
413 683 9010
683 413 9011
638 88 9012
626 99 9013
638 252 9014
638 687 9015
638 396 9016
638 98 9017
626 632 9018
447 612 9019
638 102 9020
456 654 9021
342 658 9022
611 72 9023
9 683 9024
41 375 9025
321 300 9026
321 3 9027
321 663 9028
254 344 9029
41 515 9030
96 62 9031
67 430 9032
266 663 9033
67 683 9034
266 252 9035
266 691 9036
266 688 9037
266 687 9038
266 692 9039
266 693 9040
266 680 9041
266 677 9042
266 694 9043
400 429 9044
266 676 9045
266 658 9046
266 695 9047
266 155 9048
266 68 9049
212 687 9050
212 642 9051
336 536 9052
567 638 9053
70 620 9054
696 212 9055
429 289 9056
475 594 9057
36 259 9058
36 413 9059
36 73 9060
244 415 9061
482 194 9062
536 532 9063
536 199 9064
9 177 9065
697 321 9066
697 321 9067
321 299 9068
297 272 9069
394 456 9070
319 540 9071
29 654 9072
468 594 9073
586 300 9074
586 638 9075
394 522 9076
697 422 9077
498 495 9078
32 474 9079
586 666 9080
184 573 9081
586 252 9082
586 481 9083
278 6 9084
394 177 9085
99 626 9086
394 676 9087
321 587 9088
394 393 9089
681 32 9090
681 627 9091
632 626 9092
339 437 9093
681 52 9094
272 297 9095
681 388 9096
589 132 9097
681 388 9098
639 252 9099
551 83 9100
297 272 9101
339 698 9102
339 698 9103
339 493 9104
698 184 9105
681 698 9106
681 140 9107
282 456 9108
337 220 9109
220 337 9110
282 34 9111
337 220 9112
220 337 9113
337 220 9114
513 388 9115
481 396 9116
513 649 9117
638 567 9118
376 514 9119
376 252 9120
376 687 9121
184 698 9122
605 337 9123
555 402 9124
147 349 9125
605 272 9125
698 184 9126
509 454 9127
236 389 9128
220 337 9129
184 698 9130
616 570 9131
698 184 9132
509 616 9133
429 400 9134
509 698 9135
687 481 9136
509 513 9137
79 8 9138
252 376 9139
220 79 9140
220 337 9141
681 698 9142
389 236 9143
681 32 9144
509 454 9145
617 272 9146
639 481 9147
509 389 9148
617 640 9149
681 388 9150
454 509 9151
509 454 9152
639 632 9153
599 79 9154
509 454 9155
617 74 9156
639 687 9156
639 509 9157
509 454 9158
454 509 9159
509 454 9160
162 368 9161
617 254 9162
220 308 9163
617 677 9164
509 302 9165
509 454 9166
199 536 9167
617 259 9168
509 454 9169
642 323 9170
509 454 9171
617 103 9172
617 557 9173
323 642 9174
252 598 9175
673 337 9176
673 620 9177
699 245 9178
646 673 9179
400 429 9180
673 422 9181
646 673 9182
646 673 9183
372 437 9184
372 375 9185
673 88 9186
236 389 9187
673 454 9188
646 683 9189
252 598 9190
626 99 9191
317 308 9192
626 632 9193
349 147 9194
482 598 9195
289 429 9196
389 236 9197
339 626 9198
317 680 9199
339 289 9200
289 598 9201
272 297 9202
626 590 9203
649 513 9204
103 617 9205
376 252 9206
317 659 9207
272 297 9208
626 649 9209
598 252 9210
339 598 9211
598 289 9212
339 314 9213
103 441 9214
626 689 9215
649 626 9216
626 649 9217
590 626 9218
598 482 9218
649 626 9219
103 699 9220
204 481 9221
339 441 9222
687 481 9223
590 649 9224
372 314 9225
103 314 9226
649 590 9227
252 598 9228
639 687 9229
103 688 9230
598 252 9231
302 557 9232
302 674 9233
302 652 9234
282 103 9235
252 598 9236
252 598 9237
30 103 9238
598 252 9239
598 252 9240
306 540 9241
681 306 9242
277 422 9243
700 481 9244
277 609 9245
598 542 9246
277 649 9247
36 317 9248
683 67 9249
586 589 9250
586 252 9251
586 481 9252
555 440 9253
652 302 9254
277 649 9255
586 481 9256
36 129 9257
586 616 9258
404 6 9259
277 649 9260
404 368 9261
697 422 9262
277 649 9263
134 103 9264
536 199 9265
72 611 9266
586 698 9267
161 162 9268
228 626 9269
422 673 9270
220 646 9271
277 422 9272
422 598 9273
481 687 9274
697 422 9275
481 687 9276
495 498 9277
481 429 9278
495 181 9279
495 424 9280
697 422 9280
481 396 9281
252 598 9282
252 598 9283
551 673 9284
701 481 9285
36 129 9286
551 34 9287
36 281 9288
551 83 9289
617 272 9290
605 272 9291
296 194 9292
495 254 9293
481 642 9294
701 481 9295
481 387 9296
701 254 9297
277 649 9298
701 481 9299
36 129 9300
254 495 9301
277 649 9302
701 481 9303
697 422 9304
619 194 9305
701 254 9306
277 649 9307
701 481 9308
48 683 9309
456 394 9310
701 254 9311
132 589 9312
277 649 9313
673 422 9314
422 673 9315
482 598 9316
673 422 9317
277 649 9318
701 254 9319
551 673 9320
701 481 9321
145 479 9322
551 62 9323
145 254 9324
701 254 9325
277 649 9326
289 598 9327
551 456 9328
482 598 9329
277 649 9330
254 495 9331
551 673 9332
701 254 9333
277 649 9334
681 52 9335
277 649 9336
212 388 9337
551 673 9338
277 649 9339
701 254 9340
551 590 9341
701 254 9342
277 649 9343
701 254 9344
551 673 9345
245 699 9346
277 649 9347
277 649 9348
12 101 9349
12 300 9350
277 649 9351
701 254 9352
701 254 9353
673 413 9354
673 554 9355
277 649 9356
642 323 9357
642 481 9358
12 389 9359
539 536 9359
325 573 9360
259 598 9361
277 649 9362
12 479 9363
12 8 9364
586 673 9365
277 649 9366
277 649 9367
586 673 9368
12 536 9369
673 702 9370
212 703 9371
145 254 9372
12 536 9373
551 673 9374
551 673 9375
551 673 9376
540 616 9377
551 62 9378
551 673 9379
551 590 9380
337 220 9381
204 103 9382
551 590 9383
147 349 9384
357 134 9385
252 598 9386
551 673 9387
337 673 9388
551 62 9389
372 495 9390
103 673 9391
454 673 9392
286 400 9393
697 73 9394
704 212 9395
704 72 9396
12 389 9397
12 536 9398
683 48 9399
463 514 9400
697 644 9401
644 596 9402
103 683 9403
394 456 9404
12 389 9405
277 649 9406
554 673 9407
513 649 9408
513 263 9409
649 513 9410
368 404 9411
673 337 9412
686 640 9413
686 72 9414
686 339 9415
686 72 9416
99 8 9417
277 172 9418
687 479 9419
581 328 9420
705 154 9421
484 706 9422
686 72 9423
586 673 9424
586 687 9425
686 263 9426
586 687 9427
586 616 9428
9 282 9429
644 626 9430
644 626 9431
99 626 9432
9 683 9433
644 547 9434
547 644 9435
437 372 9436
644 547 9437
124 323 9438
644 707 9439
181 495 9440
678 323 9441
704 707 9442
678 437 9443
590 513 9444
532 536 9445
400 286 9446
34 707 9447
212 236 9448
678 707 9449
351 598 9450
400 621 9451
181 454 9452
337 673 9452
400 396 9453
8 99 9454
176 707 9455
678 212 9456
176 184 9457
536 532 9458
639 632 9459
639 481 9460
569 191 9461
454 181 9462
678 699 9463
400 437 9464
617 340 9465
678 572 9466
302 652 9467
679 162 9468
679 26 9469
594 475 9470
617 400 9471
679 688 9472
678 570 9473
212 678 9474
594 468 9475
617 302 9476
617 302 9477
649 337 9478
337 649 9479
337 281 9480
99 8 9481
400 683 9482
239 191 9483
638 532 9484
583 337 9485
638 242 9486
649 337 9487
573 325 9488
400 617 9489
252 463 9490
337 649 9491
638 603 9492
649 337 9493
349 147 9494
400 617 9495
337 583 9496
586 402 9497
495 254 9498
456 394 9499
495 372 9500
400 638 9501
513 590 9501
674 302 9502
378 481 9503
586 707 9504
9 683 9505
263 513 9506
181 495 9507
9 708 9508
181 454 9509
299 254 9510
638 400 9511
400 513 9512
299 321 9513
181 97 9514
74 707 9515
74 708 9516
400 598 9517
88 673 9518
509 707 9519
74 699 9520
73 74 9521
513 263 9522
697 73 9523
513 400 9524
74 73 9525
400 224 9526
400 224 9527
73 74 9528
644 52 9529
224 400 9530
644 52 9530
263 513 9531
513 263 9532
281 337 9533
481 378 9534
400 224 9535
697 74 9536
709 689 9537
697 73 9538
569 606 9539
263 513 9540
681 52 9541
224 400 9542
236 389 9543
400 224 9544
224 400 9545
236 212 9546
551 62 9547
224 400 9548
372 437 9549
598 400 9550
551 34 9551
372 495 9552
400 224 9553
224 400 9554
474 400 9555
539 536 9556
396 481 9557
520 638 9558
461 407 9559
224 400 9560
705 707 9561
396 481 9562
551 124 9563
407 461 9564
705 710 9565
705 710 9566
705 710 9567
407 461 9568
437 372 9569
407 425 9570
41 707 9571
400 224 9572
302 674 9573
396 400 9574
659 413 9575
357 659 9576
323 124 9577
400 474 9578
364 532 9579
323 678 9580
357 711 9581
400 224 9582
400 396 9583
474 400 9584
357 598 9585
513 263 9586
274 201 9587
400 323 9588
274 201 9589
481 396 9590
323 400 9591
400 63 9592
396 400 9593
274 201 9594
400 323 9595
396 481 9596
323 400 9597
263 513 9598
274 201 9599
400 598 9599
481 396 9600
602 297 9601
34 698 9602
674 302 9603
481 6 9604
598 400 9605
514 698 9606
297 272 9607
274 201 9608
598 400 9609
514 396 9610
481 396 9611
704 712 9612
277 602 9613
638 252 9614
400 598 9615
638 687 9616
638 603 9617
704 711 9618
638 323 9619
396 481 9620
297 272 9621
598 400 9622
297 602 9623
396 481 9624
704 712 9625
713 184 9626
372 437 9627
463 252 9628
400 396 9629
454 181 9630
400 598 9631
583 337 9632
212 480 9633
713 236 9634
274 645 9635
586 687 9636
372 385 9637
214 712 9638
481 396 9639
351 99 9640
598 400 9641
252 463 9642
598 400 9643
712 214 9644
252 463 9645
522 394 9646
713 714 9647
400 659 9648
713 712 9649
400 598 9650
32 711 9651
713 103 9652
54 393 9653
711 32 9654
6 481 9655
713 351 9656
32 708 9657
32 711 9658
598 400 9659
712 6 9660
713 32 9661
713 712 9662
400 598 9663
711 32 9664
659 400 9665
6 712 9666
713 715 9667
32 711 9668
598 400 9668
713 712 9669
712 6 9670
713 32 9671
481 6 9672
110 638 9673
679 372 9674
713 716 9674
6 712 9675
6 481 9676
713 17 9677
711 32 9678
679 372 9679
713 105 9680
712 6 9681
713 359 9682
32 711 9683
72 683 9684
713 712 9685
712 212 9686
713 32 9687
713 172 9688
400 659 9689
212 712 9690
616 540 9691
713 712 9692
239 191 9693
713 156 9694
713 717 9695
713 718 9696
713 242 9697
616 509 9698
713 32 9699
274 703 9700
713 712 9701
6 712 9702
586 616 9703
713 103 9704
212 712 9705
8 99 9706
713 102 9707
713 400 9708
712 6 9709
162 161 9710
274 719 9711
99 8 9712
212 712 9713
8 99 9714
711 32 9715
274 720 9716
212 712 9717
101 184 9718
233 19 9719
274 597 9720
681 32 9721
681 659 9722
6 712 9723
212 712 9724
712 6 9725
6 712 9726
274 644 9727
712 6 9728
713 242 9729
713 482 9730
6 712 9731
212 236 9732
127 707 9733
274 6 9734
212 712 9735
712 6 9736
212 678 9737
713 712 9738
103 712 9739
99 8 9740
712 103 9741
6 712 9742
400 721 9743
103 712 9744
713 172 9745
603 722 9746
595 321 9747
603 628 9748
713 236 9749
712 6 9750
212 712 9751
462 103 9752
603 515 9753
705 707 9754
712 103 9755
595 567 9756
646 683 9756
627 723 9757
713 103 9758
621 400 9759
713 400 9760
181 454 9761
713 712 9762
713 127 9763
713 724 9764
6 712 9765
234 183 9766
713 482 9767
534 625 9768
598 259 9769
598 351 9770
598 252 9771
423 598 9772
712 6 9773
713 482 9774
6 712 9775
6 712 9776
423 101 9777
713 712 9778
423 598 9779
712 6 9780
385 274 9781
212 712 9782
6 712 9783
199 536 9784
712 6 9785
199 673 9786
482 194 9787
396 400 9788
719 358 9789
482 396 9790
686 103 9791
686 263 9792
686 640 9793
536 199 9794
712 6 9795
212 712 9796
337 632 9797
103 712 9798
212 712 9799
212 712 9800
712 103 9801
683 400 9802
686 719 9803
697 698 9804
103 712 9805
683 400 9806
62 236 9807
712 103 9808
683 72 9809
103 712 9810
683 646 9811
683 103 9812
712 719 9813
712 103 9814
551 34 9815
626 99 9816
103 683 9817
252 598 9818
697 73 9819
654 413 9820
103 712 9821
598 337 9822
598 337 9823
409 191 9824
611 72 9825
654 413 9826
725 389 9827
686 263 9828
317 308 9829
561 350 9830
337 598 9831
712 103 9832
97 181 9833
214 712 9834
413 659 9835
74 607 9836
415 244 9837
214 274 9838
9 683 9839
725 607 9840
99 626 9841
626 99 9842
725 707 9843
409 74 9844
726 97 9845
686 263 9846
307 317 9847
378 481 9848
626 649 9849
654 99 9850
726 97 9851
378 396 9852
723 649 9853
307 317 9854
726 317 9855
726 97 9856
307 317 9857
9 699 9858
726 97 9859
97 726 9860
334 364 9861
263 337 9862
9 711 9863
337 263 9864
263 337 9865
9 711 9866
103 712 9867
337 263 9868
727 561 9869
728 712 9870
277 172 9871
99 626 9872
128 236 9873
204 536 9874
728 711 9875
204 536 9876
184 101 9877
599 74 9878
704 63 9879
97 726 9880
540 588 9881
598 337 9882
728 560 9883
536 532 9884
728 729 9885
617 302 9886
728 730 9887
103 731 9888
732 233 9889
337 598 9890
617 400 9891
277 609 9892
103 587 9893
617 400 9894
72 683 9895
63 400 9896
103 617 9897
72 611 9898
617 340 9899
588 540 9900
334 128 9901
277 609 9902
103 378 9903
63 724 9904
502 468 9905
617 103 9906
462 103 9907
617 74 9908
481 378 9909
252 481 9910
518 644 9911
63 719 9912
727 297 9913
281 337 9914
281 332 9915
103 617 9916
481 252 9917
277 609 9918
281 317 9919
617 514 9920
103 462 9921
396 378 9922
252 481 9923
38 475 9924
252 481 9925
481 252 9926
733 561 9927
277 609 9928
617 103 9929
733 712 9930
727 588 9931
252 73 9932
252 481 9933
73 252 9934
728 63 9935
683 72 9936
252 73 9937
617 468 9938
277 609 9939
38 475 9940
254 561 9941
73 252 9942
561 254 9943
679 372 9944
38 475 9945
199 536 9946
181 97 9947
277 518 9948
396 481 9949
683 297 9950
277 609 9951
462 103 9952
38 475 9953
254 626 9954
536 199 9955
63 193 9956
72 611 9957
728 402 9958
561 254 9959
38 475 9960
277 609 9961
561 254 9962
38 475 9963
38 475 9964
454 181 9965
561 254 9966
97 181 9967
277 609 9968
389 236 9969
256 339 9970
463 252 9971
561 254 9972
658 487 9973
38 475 9974
673 199 9975
38 475 9976
679 404 9977
38 475 9978
38 475 9979
355 316 9980
398 465 9981
658 351 9982
38 475 9983
277 609 9984
679 372 9985
282 256 9986
38 475 9987
6 712 9988
181 454 9989
728 63 9990
63 725 9991
646 683 9991
38 475 9992
38 128 9993
6 712 9994
19 233 9995
681 626 9996
727 389 9997
181 97 9998
277 609 9999
19 331 10000
561 254 10001
97 181 10002
277 609 10003
638 242 10004
638 110 10005
191 365 10006
638 646 10007
660 725 10008
727 734 10009
638 726 10010
38 475 10011
678 212 10012
597 274 10013
605 74 10014
678 72 10014
38 128 10015
72 683 10016
38 475 10017
343 424 10018
617 103 10019
713 724 10020
277 609 10021
63 313 10022
638 98 10023
454 181 10024
277 609 10025
644 274 10026
38 475 10027
678 475 10028
277 609 10029
38 475 10030
644 518 10031
277 609 10032
181 454 10033
194 482 10034
638 254 10035
38 475 10036
617 74 10037
38 475 10038
605 74 10039
277 609 10040
38 475 10041
454 181 10042
236 389 10043
728 617 10044
277 609 10045
638 242 10046
38 502 10047
605 88 10048
514 617 10049
199 673 10050
181 454 10051
343 735 10052
704 63 10053
277 609 10054
38 475 10055
236 128 10056
38 475 10057
409 191 10058
617 514 10059
38 502 10060
277 609 10061
644 711 10062
95 63 10063
73 626 10064
63 95 10065
475 678 10066
38 475 10067
711 644 10068
316 355 10069
277 609 10070
337 281 10071
316 355 10072
605 337 10073
72 644 10073
514 386 10074
272 281 10075
605 337 10076
617 272 10077
605 317 10078
38 475 10079
103 617 10080
658 163 10081
398 465 10082
277 609 10083
38 475 10084
644 72 10085
605 337 10086
163 658 10087
638 254 10088
617 103 10089
561 254 10090
27 278 10091
638 110 10091
392 228 10092
617 337 10093
605 625 10094
277 609 10095
617 317 10096
72 644 10097
605 337 10098
163 658 10099
644 72 10100
278 27 10101
73 389 10102
38 475 10103
103 462 10104
38 475 10105
277 609 10106
368 736 10107
638 254 10108
38 475 10109
704 63 10110
38 502 10111
644 711 10112
259 617 10113
638 456 10114
72 644 10115
605 368 10116
73 460 10117
561 254 10118
277 609 10119
638 323 10120
638 254 10121
73 391 10122
728 617 10123
644 72 10124
605 368 10125
27 278 10126
638 254 10127
704 63 10128
561 254 10129
638 289 10130
73 658 10131
277 609 10132
711 644 10133
308 317 10134
462 103 10135
687 463 10136
277 609 10137
617 323 10138
482 194 10139
9 683 10139
220 646 10140
38 475 10141
626 73 10142
278 27 10143
277 609 10144
605 368 10144
63 385 10145
737 627 10146
9 711 10147
561 254 10148
605 254 10148
638 323 10149
638 254 10150
355 316 10151
38 502 10152
38 128 10153
72 644 10154
277 609 10155
38 475 10156
561 254 10156
638 263 10157
605 254 10158
638 254 10159
9 638 10160
385 63 10161
38 502 10162
27 278 10163
74 617 10164
277 609 10165
605 254 10165
355 316 10166
191 738 10167
38 475 10168
95 63 10169
277 609 10170
638 254 10171
63 385 10172
605 74 10173
38 475 10174
617 74 10174
681 626 10175
644 711 10176
605 368 10177
38 502 10178
638 263 10179
385 63 10180
738 191 10181
277 263 10182
738 191 10183
38 475 10184
277 609 10185
738 191 10186
63 95 10187
711 644 10188
738 191 10189
739 616 10190
738 191 10191
350 617 10192
615 740 10193
350 632 10194
68 323 10195
323 68 10196
617 640 10197
63 385 10198
617 74 10199
605 368 10200
277 609 10201
644 711 10202
323 68 10203
38 475 10204
617 323 10205
263 277 10206
316 355 10207
649 723 10208
638 323 10209
38 475 10210
323 617 10211
278 27 10212
277 263 10213
617 73 10214
277 609 10215
68 323 10216
263 277 10217
638 385 10218
316 355 10219
323 68 10220
638 263 10221
617 323 10222
332 281 10223
323 617 10224
38 502 10225
631 625 10226
350 617 10227
605 368 10228
68 323 10229
638 263 10230
385 63 10231
38 475 10232
334 128 10233
631 437 10234
638 542 10235
605 726 10236
95 63 10237
439 590 10238
74 463 10239
38 502 10240
385 638 10241
680 317 10241
439 590 10242
73 463 10243
638 385 10244
302 617 10245
638 385 10245
638 263 10246
439 590 10247
38 475 10248
617 302 10249
63 385 10250
277 263 10251
277 609 10252
605 368 10252
63 95 10253
739 6 10254
339 256 10255
73 617 10256
263 277 10257
728 617 10258
481 396 10259
638 602 10259
38 502 10260
728 617 10261
617 73 10262
38 475 10263
38 475 10264
561 127 10265
38 475 10266
355 316 10267
277 263 10268
38 475 10268
212 678 10269
638 263 10270
277 609 10271
605 368 10272
482 316 10273
263 277 10274
323 68 10275
38 475 10276
355 316 10277
38 475 10278
728 617 10279
277 263 10280
38 475 10281
605 368 10282
323 719 10283
728 323 10284
646 638 10285
590 583 10286
728 617 10287
119 617 10288
95 63 10289
277 609 10290
583 590 10291
68 323 10292
617 119 10293
323 68 10294
277 609 10295
38 475 10295
350 617 10296
323 646 10297
542 460 10298
726 97 10299
605 413 10300
102 355 10301
686 263 10302
119 617 10303
102 323 10304
316 355 10304
726 97 10305
38 475 10306
378 396 10307
68 323 10308
38 475 10309
605 368 10310
316 355 10311
277 609 10312
51 525 10313
277 609 10314
316 325 10315
316 496 10316
605 726 10317
355 102 10318
368 542 10319
316 102 10320
277 609 10321
316 325 10322
605 368 10322
355 316 10323
396 481 10324
542 252 10325
542 252 10326
323 102 10327
277 609 10328
316 355 10329
323 68 10330
325 645 10331
396 378 10332
605 337 10333
355 316 10334
325 97 10335
102 97 10336
68 323 10337
355 316 10338
97 325 10338
63 95 10339
102 98 10340
323 68 10341
277 609 10342
355 102 10343
97 102 10344
355 102 10345
97 726 10346
102 355 10347
316 325 10348
325 97 10349
36 73 10350
97 102 10351
36 281 10352
97 325 10353
355 102 10354
102 97 10355
277 609 10356
439 102 10357
325 97 10358
97 325 10359
316 325 10360
560 588 10361
277 609 10362
351 658 10363
325 316 10364
98 102 10365
277 609 10366
532 536 10367
95 63 10368
316 355 10369
325 532 10370
277 609 10371
102 98 10372
316 726 10373
355 316 10374
95 712 10375
726 316 10376
277 609 10377
726 97 10378
532 364 10379
468 617 10380
316 726 10381
644 102 10382
133 437 10383
726 316 10384
97 726 10385
726 316 10386
316 726 10387
686 542 10388
316 726 10389
726 97 10390
583 739 10391
316 355 10392
726 316 10393
297 727 10394
316 325 10395
297 683 10396
97 726 10397
355 316 10398
316 726 10399
316 355 10400
686 263 10400
325 316 10401
683 646 10402
726 97 10403
741 542 10404
726 316 10405
683 72 10406
316 355 10407
388 737 10408
97 726 10409
726 97 10410
542 741 10411
316 726 10412
97 726 10413
686 542 10414
72 683 10415
38 502 10416
627 545 10417
260 567 10418
260 571 10419
542 583 10420
260 283 10421
482 454 10422
260 174 10423
686 542 10424
513 723 10425
260 236 10426
260 688 10427
542 325 10428
733 502 10428
462 742 10429
686 542 10430
462 101 10431
398 465 10432
325 542 10433
462 316 10434
583 542 10435
128 236 10436
462 299 10437
297 234 10438
482 389 10439
53 325 10440
571 638 10441
128 715 10442
53 325 10443
540 588 10444
53 325 10445
53 325 10446
325 743 10447
325 707 10448
236 128 10449
252 542 10450
252 463 10451
53 325 10452
646 52 10453
128 236 10454
234 297 10455
400 617 10456
400 683 10457
400 721 10458
495 181 10459
495 372 10460
536 532 10461
638 571 10462
638 242 10463
638 385 10464
638 726 10465
638 95 10466
638 646 10467
638 744 10468
739 583 10469
739 583 10470
342 658 10471
244 415 10472
720 274 10473
462 638 10474
199 536 10475
536 199 10476
536 199 10477
545 627 10478
723 513 10479
1 323 10480
67 396 10481
303 194 10482
3 68 10483
509 616 10484
686 321 10485
431 299 10486
509 454 10487
583 739 10488
509 316 10489
509 302 10490
509 306 10491
509 260 10492
204 181 10493
204 536 10494
356 536 10495
415 244 10496
460 542 10497
588 540 10498
294 513 10499
276 711 10500
27 278 10501
739 745 10502
398 465 10503
649 632 10504
527 746 10505
713 482 10506
713 714 10507
713 236 10508
590 440 10509
514 177 10510
713 242 10511
713 712 10512
228 392 10513
254 266 10514
645 325 10515
713 103 10516
645 274 10517
713 172 10518
713 184 10519
747 221 10520
713 363 10521
712 6 10522
713 74 10523
713 372 10524
617 119 10525
713 102 10526
713 681 10527
286 400 10528
713 283 10529
63 514 10530
617 400 10531
713 351 10532
617 73 10533
364 532 10534
713 67 10535
605 88 10536
713 748 10537
385 3 10538
713 737 10539
713 738 10540
161 162 10541
617 161 10542
462 617 10543
713 726 10544
617 124 10545
594 468 10546
713 720 10547
713 706 10548
617 462 10549
713 740 10550
260 509 10551
713 749 10552
713 750 10553
161 617 10554
713 751 10555
260 283 10556
260 103 10557
124 617 10558
617 161 10559
617 124 10560
713 124 10561
617 462 10562
161 617 10563
713 252 10564
496 316 10565
462 617 10566
124 617 10567
713 325 10568
468 594 10569
713 161 10570
462 617 10571
334 364 10572
617 161 10573
713 462 10574
713 388 10575
617 462 10576
303 212 10577
617 124 10578
161 617 10579
36 281 10580
605 124 10581
713 90 10582
462 617 10583
36 73 10584
161 221 10585
617 462 10586
713 339 10587
617 161 10588
617 462 10589
462 617 10590
124 617 10591
605 124 10592
723 649 10593
713 124 10594
99 194 10595
713 726 10596
605 124 10597
713 161 10598
713 462 10599
713 388 10600
713 184 10601
69 727 10602
36 129 10603
69 649 10604
605 124 10605
36 281 10606
520 8 10607
350 617 10608
752 502 10609
644 97 10610
454 181 10611
502 752 10612
454 509 10613
254 266 10614
654 738 10614
644 654 10615
752 502 10616
502 752 10617
631 437 10618
752 502 10619
514 63 10620
739 337 10621
502 752 10622
739 317 10623
752 502 10624
739 308 10625
746 527 10626
739 308 10627
396 67 10628
425 407 10629
372 495 10630
648 723 10631
752 502 10632
372 454 10633
131 753 10634
342 583 10635
605 124 10636
372 482 10637
53 325 10638
372 753 10639
372 482 10640
76 399 10641
495 372 10642
372 495 10643
640 617 10644
372 495 10645
372 495 10646
317 617 10647
617 640 10648
617 317 10649
317 739 10650
640 617 10651
317 617 10652
617 640 10653
70 90 10654
739 317 10655
640 617 10656
617 317 10657
605 124 10658
605 124 10659
617 640 10660
739 337 10661
327 589 10662
325 645 10663
327 617 10664
652 302 10665
73 617 10666
754 739 10667
119 617 10668
697 73 10669
754 755 10670
350 617 10671
697 741 10672
73 697 10673
652 756 10674
697 73 10675
212 757 10676
697 741 10677
678 475 10678
52 646 10679
741 697 10680
53 325 10681
212 303 10682
652 707 10683
711 276 10684
308 739 10685
617 73 10686
48 753 10687
276 711 10688
753 48 10689
509 454 10690
474 400 10691
212 48 10692
389 727 10693
389 236 10694
389 73 10695
571 652 10696
389 482 10697
9 282 10698
48 753 10699
753 758 10700
48 753 10701
753 758 10702
9 683 10703
753 48 10704
753 758 10705
753 758 10706
48 753 10707
652 571 10708
48 753 10709
711 276 10710
753 758 10711
758 741 10712
758 741 10713
254 697 10714
9 711 10715
9 561 10716
9 697 10717
465 398 10718
753 758 10719
753 758 10720
753 48 10721
278 27 10722
48 753 10723
753 48 10724
753 758 10725
712 758 10726
758 712 10727
753 48 10728
401 368 10729
758 712 10730
758 48 10731
272 617 10732
753 758 10733
758 640 10734
712 758 10735
758 712 10736
236 389 10737
557 302 10738
753 758 10739
48 753 10740
48 758 10741
758 48 10742
48 758 10743
753 758 10744
48 753 10745
753 48 10746
753 758 10747
753 48 10748
758 48 10749
639 509 10750
48 753 10751
758 48 10752
350 617 10753
48 753 10754
48 758 10755
48 758 10756
758 48 10757
41 743 10758
616 509 10759
48 758 10760
389 236 10761
401 639 10762
73 697 10763
73 617 10764
513 589 10765
753 372 10766
439 545 10767
36 73 10768
48 758 10769
542 317 10770
349 753 10771
392 739 10772
392 228 10773
392 228 10774
365 191 10775
741 758 10776
617 272 10777
542 325 10778
617 73 10779
617 119 10780
325 542 10781
721 400 10782
119 617 10783
308 759 10784
36 281 10785
482 389 10786
615 308 10787
32 753 10788
631 437 10789
644 325 10790
644 102 10791
325 644 10792
474 309 10793
547 644 10794
639 401 10795
474 644 10796
398 465 10797
644 325 10798
244 415 10799
681 590 10800
325 644 10801
372 753 10802
638 401 10803
638 289 10804
638 242 10805
189 144 10806
638 520 10807
638 726 10808
638 462 10809
228 392 10810
734 727 10811
643 758 10812
644 325 10813
638 365 10814
625 437 10815
189 708 10816
557 101 10817
514 101 10818
189 371 10819
741 212 10820
474 741 10821
392 228 10822
272 617 10823
474 689 10824
638 269 10825
638 562 10826
99 154 10827
617 272 10828
462 638 10829
183 103 10830
183 234 10831
183 269 10832
760 474 10833
644 393 10834
539 536 10835
644 517 10836
704 504 10837
704 260 10838
590 402 10839
539 536 10840
3 99 10841
3 385 10842
644 617 10843
402 590 10844
678 475 10845
325 644 10846
761 747 10847
644 753 10848
299 462 10849
644 183 10850
644 325 10851
590 402 10852
325 644 10853
41 746 10854
272 297 10855
638 462 10856
638 549 10857
638 549 10858
124 101 10859
638 549 10860
681 762 10861
124 711 10862
728 323 10863
638 560 10864
402 590 10865
711 124 10866
124 711 10867
211 597 10868
249 474 10869
728 712 10870
711 547 10871
474 124 10872
711 124 10873
462 299 10874
211 597 10875
402 632 10876
638 505 10877
638 462 10878
638 341 10879
627 762 10880
638 293 10881
9 711 10882
658 163 10883
658 73 10884
617 644 10885
41 746 10886
567 763 10887
567 763 10888
103 617 10889
74 753 10890
617 103 10891
617 514 10892
514 617 10893
103 617 10894
586 758 10895
514 392 10896
567 753 10897
586 183 10898
19 764 10899
124 474 10900
617 103 10901
124 711 10902
103 617 10903
586 504 10904
586 454 10905
211 593 10906
605 272 10907
474 124 10908
593 211 10909
236 389 10910
679 404 10911
474 74 10912
605 74 10913
617 103 10914
177 394 10915
177 514 10916
605 74 10917
495 263 10918
514 177 10919
38 502 10920
162 161 10921
683 48 10922
334 364 10923
211 593 10924
73 617 10925
41 184 10926
193 355 10927
502 752 10928
393 644 10929
193 63 10930
733 393 10931
733 712 10932
51 658 10933
733 626 10934
95 638 10935
617 73 10936
350 617 10937
69 752 10938
733 536 10939
437 625 10940
69 649 10941
617 514 10942
69 75 10943
415 244 10944
642 323 10945
753 48 10946
617 350 10947
583 72 10948
350 617 10949
753 48 10950
753 372 10951
72 583 10952
617 350 10953
753 644 10954
583 72 10955
753 131 10956
103 617 10957
753 567 10958
605 617 10959
753 74 10960
632 402 10961
474 642 10962
299 462 10963
72 583 10964
9 177 10965
758 643 10966
758 741 10967
583 72 10968
248 374 10969
392 514 10970
72 583 10971
9 697 10972
9 409 10973
626 738 10974
38 502 10975
525 211 10976
38 343 10977
29 657 10978
758 626 10979
48 683 10980
681 711 10981
681 758 10982
48 753 10983
372 495 10984
48 753 10985
103 758 10986
429 400 10987
429 481 10988
725 474 10989
372 711 10990
644 753 10991
372 639 10992
103 711 10993
368 401 10994
639 372 10995
372 536 10996
372 639 10997
372 429 10998
372 569 10999
372 569 11000
539 765 11001
639 372 11001
392 372 11002
739 392 11003
539 765 11004
249 474 11005
569 372 11006
372 639 11007
372 392 11008
683 48 11009
372 569 11010
254 30 11011
603 283 11012
569 372 11013
48 683 11014
372 758 11015
372 766 11016
372 569 11017
758 372 11018
758 103 11019
766 372 11020
372 569 11021
249 474 11022
249 474 11023
639 372 11024
372 758 11025
372 766 11026
372 639 11027
758 372 11028
767 766 11028
642 474 11029
297 272 11030
474 642 11031
642 758 11032
642 474 11033
474 642 11034
462 299 11035
642 474 11036
474 642 11037
758 642 11037
758 642 11038
642 758 11039
642 758 11040
74 753 11041
569 372 11042
679 62 11043
766 372 11044
642 735 11045
642 721 11046
517 96 11047
626 758 11048
74 758 11049
683 48 11050
193 538 11051
758 74 11052
758 626 11053
758 642 11054
679 474 11055
538 193 11056
48 683 11057
679 474 11058
193 538 11059
595 172 11060
263 495 11061
538 193 11062
679 474 11063
193 538 11064
172 595 11065
74 758 11066
263 317 11067
263 337 11068
263 272 11069
479 758 11070
263 308 11071
263 281 11072
263 332 11073
595 172 11074
758 479 11075
683 48 11076
595 321 11077
479 758 11078
538 193 11079
538 193 11080
626 758 11081
72 768 11082
193 538 11083
199 72 11084
448 711 11085
704 758 11086
536 372 11087
509 616 11088
509 454 11089
509 272 11090
509 316 11091
479 474 11092
272 509 11093
509 306 11094
474 479 11095
509 272 11096
704 393 11097
592 74 11098
479 474 11099
592 350 11100
592 622 11101
41 769 11102
72 199 11103
474 479 11104
704 297 11105
509 592 11106
592 509 11107
704 96 11108
509 364 11109
768 564 11110
739 540 11111
509 592 11112
323 642 11113
509 140 11114
758 626 11115
509 758 11116
758 479 11117
319 338 11118
728 323 11119
27 278 11120
679 72 11121
762 627 11122
738 626 11123
767 766 11124
762 758 11125
758 762 11126
38 592 11127
481 429 11128
704 758 11129
19 711 11130
733 758 11131
642 758 11132
679 72 11133
639 509 11134
642 323 11135
233 732 11136
733 297 11137
681 762 11138
654 738 11139
733 639 11140
449 132 11141
733 454 11142
605 272 11143
308 769 11144
449 289 11145
741 758 11146
741 474 11147
586 758 11148
307 317 11149
758 741 11150
479 758 11151
74 592 11152
704 766 11153
193 233 11154
492 598 11155
733 758 11156
758 479 11157
741 758 11158
770 454 11159
758 741 11160
74 73 11161
402 632 11162
645 325 11163
758 741 11163
605 317 11164
697 741 11165
768 72 11166
758 762 11167
193 595 11168
762 758 11169
325 645 11170
95 654 11171
72 768 11172
719 154 11173
719 154 11174
719 154 11175
768 214 11176
509 454 11177
758 762 11178
551 592 11179
357 753 11180
770 297 11181
768 72 11182
596 317 11183
34 396 11184
99 654 11185
768 72 11186
654 99 11187
401 368 11188
8 771 11189
654 95 11190
741 758 11191
401 639 11192
254 697 11193
514 617 11194
72 768 11195
727 389 11196
754 583 11197
697 741 11198
514 392 11199
679 72 11200
679 102 11201
74 765 11202
697 741 11203
605 341 11204
758 741 11205
307 317 11206
72 768 11207
654 95 11208
73 753 11209
679 102 11210
697 741 11211
352 97 11212
741 758 11213
654 34 11214
307 642 11215
753 73 11216
509 389 11217
697 741 11218
400 286 11219
509 454 11220
697 741 11221
73 753 11222
753 74 11223
758 741 11224
307 642 11225
753 73 11226
357 758 11227
621 772 11228
73 389 11229
697 741 11230
747 761 11231
389 482 11232
617 514 11233
773 401 11234
719 712 11235
741 758 11236
307 642 11237
389 236 11237
73 753 11238
278 27 11239
389 727 11240
389 73 11241
400 617 11242
753 73 11243
263 762 11244
392 514 11245
758 741 11246
768 774 11247
102 758 11248
73 753 11249
400 474 11250
741 758 11251
758 102 11252
642 774 11253
697 741 11254
97 352 11255
753 73 11256
774 642 11257
753 73 11258
758 741 11259
357 758 11260
768 774 11261
739 302 11262
642 774 11263
41 719 11264
768 774 11265
592 74 11266
741 758 11267
254 352 11268
357 758 11269
495 263 11270
774 642 11271
372 758 11272
372 392 11273
774 775 11274
605 511 11275
276 711 11276
479 753 11277
626 738 11278
741 758 11279
642 673 11280
771 8 11281
479 712 11282
372 569 11283
758 741 11284
400 396 11285
372 766 11286
642 774 11287
372 536 11288
768 774 11288
711 276 11289
776 401 11290
372 392 11291
753 479 11292
73 753 11293
761 747 11294
758 741 11295
605 400 11296
357 758 11297
758 372 11298
774 642 11299
754 583 11300
776 773 11301
95 592 11302
605 272 11303
372 389 11304
277 777 11305
642 774 11306
372 761 11307
492 774 11308
357 758 11309
592 95 11310
753 73 11311
184 389 11312
592 95 11313
492 712 11314
754 583 11315
605 400 11316
754 778 11317
779 607 11318
704 393 11319
73 753 11320
681 52 11321
357 758 11322
492 774 11323
400 607 11324
739 778 11325
673 642 11326
220 479 11327
753 73 11328
679 72 11329
642 673 11330
592 306 11331
762 263 11332
774 642 11333
73 753 11334
605 644 11335
569 372 11336
642 774 11337
607 400 11338
492 774 11339
474 741 11340
762 626 11341
400 758 11342
605 400 11343
357 758 11344
762 48 11345
474 400 11346
586 774 11347
48 683 11348
492 774 11349
492 774 11350
592 285 11351
48 762 11352
400 607 11353
642 367 11354
372 73 11355
367 642 11356
753 73 11357
34 592 11358
400 474 11359
758 400 11360
372 758 11361
8 771 11362
95 592 11363
372 569 11364
73 753 11365
586 768 11366
605 644 11367
492 774 11368
592 34 11369
607 400 11370
372 569 11371
73 372 11372
762 562 11373
69 727 11374
103 617 11375
642 367 11376
474 400 11377
592 95 11378
728 323 11379
586 774 11380
679 72 11381
605 400 11382
728 762 11383
761 388 11384
367 642 11385
555 762 11386
34 592 11387
400 607 11388
95 592 11389
780 41 11390
212 741 11391
592 34 11392
388 761 11393
536 372 11394
181 495 11395
34 761 11396
276 711 11397
590 626 11397
780 769 11398
761 388 11399
597 211 11400
761 34 11401
34 592 11402
761 372 11403
34 761 11404
762 142 11405
41 780 11406
388 761 11407
181 454 11408
780 41 11409
316 509 11410
41 780 11411
642 781 11412
780 41 11413
41 780 11414
562 762 11415
592 95 11416
780 41 11417
398 782 11418
400 474 11419
642 90 11420
592 34 11421
41 780 11422
454 509 11423
400 392 11424
780 41 11425
770 454 11426
41 783 11427
728 607 11428
41 780 11429
263 495 11430
679 72 11431
605 272 11432
646 638 11433
103 592 11434
364 509 11435
642 781 11435
90 642 11436
780 41 11437
642 90 11438
454 181 11439
592 103 11440
103 774 11441
41 780 11441
263 762 11442
161 617 11443
95 592 11444
697 482 11445
758 372 11446
605 644 11447
103 592 11448
634 657 11449
780 41 11450
41 780 11451
762 263 11452
753 400 11453
770 454 11454
642 475 11455
534 67 11456
728 607 11457
679 72 11458
400 784 11459
400 783 11460
103 534 11461
686 263 11462
569 372 11463
400 783 11464
429 372 11465
711 276 11466
753 646 11467
785 786 11468
400 776 11469
586 774 11470
783 400 11471
400 774 11472
372 536 11473
766 372 11474
99 654 11475
286 400 11476
592 95 11477
181 454 11478
392 400 11479
372 761 11480
309 626 11481
642 781 11482
306 592 11483
400 286 11484
463 687 11485
372 758 11486
212 760 11487
128 372 11488
463 74 11489
263 762 11490
586 454 11491
386 514 11492
463 73 11493
463 252 11494
372 569 11495
733 783 11496
642 766 11497
372 429 11498
372 766 11499
786 783 11500
741 212 11501
372 766 11502
774 400 11503
306 783 11504
753 758 11505
204 181 11506
681 562 11507
95 592 11508
27 278 11509
204 479 11510
372 128 11511
592 103 11512
562 440 11513
103 592 11514
286 400 11515
161 162 11516
681 562 11516
638 646 11517
741 474 11518
479 90 11519
638 242 11520
638 95 11521
679 72 11522
728 758 11523
638 520 11524
704 617 11525
569 372 11526
771 224 11527
38 592 11528
644 154 11529
479 90 11530
498 598 11531
481 396 11532
372 569 11533
323 642 11534
278 27 11535
783 306 11536
323 400 11537
733 783 11538
753 323 11539
323 367 11540
733 783 11541
753 323 11542
350 592 11543
513 762 11544
400 323 11545
350 617 11546
787 404 11546
367 323 11547
63 193 11548
787 122 11549
787 122 11550
787 122 11551
242 638 11552
498 649 11553
323 400 11554
762 513 11555
753 309 11556
753 323 11557
323 367 11558
686 263 11558
355 102 11559
479 711 11560
513 762 11561
479 638 11562
102 355 11563
289 449 11564
400 323 11565
355 102 11566
711 479 11567
704 788 11568
753 323 11569
323 400 11570
624 658 11571
479 711 11572
367 323 11573
753 309 11574
642 323 11575
569 372 11576
728 323 11577
631 437 11578
323 400 11579
400 323 11580
355 102 11581
753 309 11582
787 106 11583
686 263 11584
659 660 11585
728 788 11586
323 367 11587
753 309 11588
753 309 11589
323 642 11590
711 479 11591
634 768 11592
687 463 11593
102 355 11594
660 659 11595
128 372 11596
789 371 11597
498 495 11598
367 323 11599
701 771 11600
642 323 11601
728 323 11602
479 711 11603
400 323 11604
728 788 11605
704 788 11606
323 400 11607
711 479 11608
753 309 11609
343 386 11610
323 367 11611
686 782 11612
681 788 11613
728 788 11614
343 317 11615
681 788 11616
479 711 11617
323 642 11618
704 788 11619
367 323 11620
400 428 11621
481 233 11622
728 788 11623
323 400 11624
68 3 11625
642 652 11626
355 102 11627
323 367 11628
728 323 11628
68 323 11629
711 479 11630
27 278 11631
400 323 11632
343 755 11633
495 181 11634
309 765 11635
642 323 11636
652 642 11637
479 711 11638
523 490 11638
679 787 11638
687 479 11639
323 68 11640
649 498 11641
728 323 11642
323 400 11643
701 644 11644
733 626 11645
761 372 11646
728 788 11647
711 479 11648
323 642 11649
649 337 11650
323 728 11651
761 34 11652
367 323 11653
479 711 11654
479 687 11655
652 598 11656
728 323 11657
278 27 11658
642 652 11659
711 479 11660
68 323 11661
598 652 11662
642 323 11663
681 788 11664
598 652 11665
713 372 11666
753 758 11667
758 728 11668
294 372 11669
652 642 11670
343 438 11671
753 758 11671
681 788 11672
761 388 11673
753 758 11674
9 711 11675
523 41 11676
323 367 11677
605 289 11678
701 224 11679
523 51 11680
90 479 11681
642 652 11682
523 325 11683
128 629 11684
479 711 11685
652 598 11685
289 598 11686
523 496 11687
713 252 11688
323 728 11689
728 758 11690
263 588 11691
625 437 11692
788 728 11692
323 68 11693
728 323 11694
90 479 11695
9 683 11696
323 642 11697
316 355 11698
711 479 11698
9 409 11699
323 728 11700
479 90 11701
9 569 11701
68 323 11702
652 642 11703
642 323 11704
704 776 11704
753 758 11705
479 90 11706
728 323 11707
323 68 11708
753 323 11709
753 323 11710
681 788 11711
323 642 11712
191 365 11713
90 479 11714
323 728 11715
68 323 11716
642 652 11717
624 97 11718
323 68 11719
660 659 11720
753 323 11721
479 711 11722
758 728 11723
605 289 11724
220 479 11725
701 121 11726
277 498 11727
711 479 11728
701 351 11729
542 783 11730
542 783 11731
646 753 11732
701 771 11733
652 642 11734
753 758 11735
27 278 11736
753 758 11737
728 758 11738
323 642 11739
753 646 11739
728 758 11740
733 783 11741
479 90 11742
323 728 11743
642 652 11744
389 372 11745
783 542 11746
389 184 11747
479 220 11747
605 289 11748
204 404 11749
758 728 11750
542 659 11751
790 343 11752
542 659 11753
479 711 11754
646 638 11755
758 728 11756
90 479 11757
542 788 11758
407 425 11759
598 289 11760
758 728 11761
286 339 11762
711 479 11763
758 728 11764
542 783 11765
652 659 11766
733 286 11767
753 758 11768
212 439 11769
588 263 11770
343 790 11771
646 753 11772
788 542 11773
652 534 11774
128 542 11775
790 343 11776
53 642 11777
762 788 11778
791 523 11779
323 367 11780
788 728 11781
755 343 11782
739 755 11783
542 788 11784
753 646 11785
679 62 11786
739 317 11787
250 8 11788
638 646 11789
482 588 11790
638 646 11791
294 250 11792
638 479 11793
788 542 11794
681 788 11795
542 128 11796
681 788 11797
638 242 11798
728 788 11799
367 323 11800
788 681 11801
250 502 11802
788 728 11803
371 789 11804
323 367 11805
542 788 11806
479 90 11807
679 792 11808
788 542 11808
681 788 11809
502 250 11810
479 711 11811
367 323 11812
646 753 11813
250 502 11814
294 250 11815
646 758 11815
638 479 11816
495 263 11817
642 711 11818
761 482 11819
495 498 11820
642 652 11821
711 479 11822
482 761 11823
753 646 11824
431 299 11825
53 642 11826
652 642 11827
263 588 11828
761 482 11829
711 642 11830
761 482 11831
638 646 11832
483 583 11833
758 646 11833
294 250 11834
479 711 11834
560 638 11835
483 782 11836
788 681 11837
323 367 11838
365 191 11839
642 652 11839
646 758 11840
502 250 11841
482 761 11842
646 753 11843
532 536 11844
788 728 11845
758 646 11846
652 642 11847
250 502 11848
642 711 11849
681 788 11850
642 652 11851
761 482 11852
761 482 11853
642 784 11854
482 761 11855
783 542 11856
502 250 11857
753 646 11858
733 626 11859
761 482 11860
711 479 11861
479 659 11862
588 263 11863
758 646 11864
482 761 11865
646 753 11866
711 642 11866
523 791 11867
479 711 11868
646 758 11869
250 502 11870
753 646 11871
522 598 11872
599 534 11873
642 711 11874
758 646 11875
733 784 11876
686 782 11877
502 250 11878
532 364 11879
646 753 11880
711 642 11881
9 788 11882
753 646 11883
479 788 11884
642 711 11885
212 741 11886
325 523 11887
250 407 11888
646 758 11889
9 753 11890
733 128 11891
646 753 11892
250 502 11893
638 646 11894
761 482 11894
425 407 11895
733 407 11896
9 142 11897
502 250 11898
259 532 11899
758 646 11900
758 646 11901
733 783 11902
9 142 11903
479 432 11904
733 101 11905
646 758 11906
733 101 11907
733 502 11908
711 642 11909
53 642 11910
250 502 11911
733 783 11912
460 289 11913
502 250 11914
733 783 11915
758 646 11916
542 460 11917
479 711 11918
642 711 11919
250 502 11920
733 616 11921
733 128 11922
542 548 11923
502 250 11924
733 460 11925
548 542 11926
53 642 11927
788 681 11928
542 548 11929
38 460 11930
542 325 11931
250 502 11932
726 638 11933
38 783 11934
788 479 11935
263 308 11936
437 625 11937
479 788 11938
733 437 11939
758 646 11940
542 97 11941
681 788 11942
548 542 11943
542 548 11944
646 758 11945
711 479 11946
308 263 11947
711 642 11948
479 711 11949
548 542 11950
788 479 11951
646 758 11952
642 711 11953
638 646 11954
334 437 11955
711 479 11956
689 626 11957
793 405 11958
689 474 11959
562 762 11960
687 128 11961
687 97 11962
562 590 11963
263 308 11964
439 212 11965
368 401 11966
687 616 11967
681 788 11968
498 495 11969
793 353 11970
687 41 11971
687 263 11972
687 283 11973
181 495 11974
325 542 11975
687 480 11976
782 483 11977
321 299 11978
263 687 11979
194 99 11980
321 595 11981
128 542 11982
321 595 11983
128 687 11984
542 128 11985
754 583 11986
583 754 11987
321 626 11988
321 616 11989
475 642 11990
683 48 11991
128 542 11992
321 783 11993
721 642 11994
542 128 11995
48 683 11996
321 754 11997
321 721 11998
721 400 11999
321 242 12000
721 321 12001
754 321 12002
321 721 12003
242 321 12004
128 542 12005
590 626 12006
321 754 12007
721 782 12008
321 242 12009
721 321 12010
754 321 12011
321 721 12012
236 128 12013
321 754 12014
607 728 12015
321 607 12016
212 48 12017
542 128 12018
48 212 12019
616 623 12020
625 437 12021
783 321 12022
128 236 12023
212 48 12024
128 542 12025
754 321 12026
721 48 12027
48 721 12028
495 498 12028
555 754 12029
236 128 12030
321 783 12031
683 48 12032
321 754 12033
242 321 12034
212 439 12035
495 181 12036
721 48 12037
321 242 12038
542 128 12039
625 662 12040
616 794 12041
242 321 12042
252 616 12043
48 683 12044
754 607 12045
48 721 12046
713 542 12047
191 365 12048
794 616 12049
616 687 12050
713 632 12051
683 48 12052
686 782 12053
713 339 12054
128 542 12055
686 321 12056
642 721 12057
638 687 12058
542 128 12059
683 194 12060
48 683 12061
546 542 12062
721 48 12063
437 625 12064
48 721 12065
128 542 12066
713 482 12066
194 683 12067
683 48 12068
721 48 12069
683 194 12070
713 359 12071
683 297 12072
683 400 12073
407 250 12074
479 8 12075
683 103 12076
407 425 12077
713 172 12078
48 683 12079
542 128 12080
713 363 12081
683 48 12082
713 124 12083
625 437 12084
48 683 12085
546 542 12086
713 462 12087
683 48 12088
128 542 12089
48 721 12090
364 532 12091
48 721 12092
263 495 12093
181 495 12094
713 102 12095
194 683 12096
713 242 12097
616 252 12098
542 128 12099
128 542 12100
128 542 12101
782 721 12102
540 739 12103
625 775 12104
625 534 12105
639 401 12106
639 687 12107
731 314 12108
712 719 12109
712 753 12110
536 372 12111
536 532 12112
214 768 12113
41 687 12114
523 325 12115
41 794 12116
41 754 12117
626 762 12118
626 590 12119
626 309 12120
626 590 12121
474 400 12122
474 741 12123
536 782 12124
220 479 12125
498 548 12126
514 386 12127
567 753 12128
51 523 12129
713 327 12130
713 325 12131
713 714 12132
277 794 12133
277 603 12134
713 41 12135
713 716 12136
713 105 12137
713 738 12138
713 103 12139
277 603 12140
32 780 12141
277 263 12142
589 513 12143
297 683 12144
244 415 12145
3 68 12146
786 783 12147
583 795 12148
204 181 12149
204 794 12150
498 297 12151
297 498 12152
278 27 12153
626 590 12154
739 540 12155
534 625 12156
739 317 12157
424 343 12158
796 747 12159
496 523 12160
496 316 12161
765 309 12162
339 286 12163
27 278 12164
752 278 12165
513 589 12166
697 640 12167
422 297 12168
679 72 12169
728 607 12170
679 317 12171
342 598 12172
297 422 12173
283 687 12174
297 263 12175
342 598 12176
679 404 12177
342 598 12178
697 224 12179
342 598 12180
177 514 12181
514 177 12182
30 404 12183
9 142 12184
9 177 12185
9 282 12186
342 598 12187
342 797 12188
586 309 12189
586 309 12190
738 626 12191
615 365 12192
254 30 12193
456 697 12194
629 128 12195
626 738 12196
598 342 12197
599 534 12198
52 681 12199
309 52 12200
52 309 12201
309 52 12202
309 798 12203
282 34 12204
590 440 12205
590 513 12206
401 639 12207
204 303 12208
401 776 12209
388 761 12210
53 250 12211
401 773 12212
590 626 12213
551 400 12214
103 683 12215
103 731 12216
798 513 12217
547 711 12218
687 41 12219
103 462 12220
620 27 12221
437 625 12222
372 569 12223
372 128 12224
204 303 12225
372 761 12226
372 536 12227
372 799 12228
372 798 12229
372 278 12230
398 782 12231
212 321 12232
372 437 12233
372 765 12234
277 603 12235
798 309 12236
754 41 12237
220 624 12238
711 547 12239
220 644 12240
220 678 12241
547 711 12242
299 462 12243
220 372 12244
711 547 12245
547 711 12246
299 321 12247
277 498 12248
27 620 12249
711 547 12250
277 603 12251
713 372 12252
154 719 12253
154 644 12254
689 626 12255
713 738 12256
547 154 12257
626 689 12258
277 603 12259
626 590 12260
713 567 12261
713 727 12262
755 386 12263
713 161 12264
713 644 12265
758 753 12266
713 103 12267
687 128 12268
713 624 12269
713 90 12270
713 252 12271
687 616 12272
713 714 12273
713 48 12274
713 321 12275
321 212 12276
766 642 12277
766 372 12278
766 372 12279
586 784 12280
321 299 12281
713 542 12282
681 52 12283
605 734 12284
689 626 12285
766 372 12286
321 766 12287
713 479 12288
321 758 12289
766 321 12290
782 398 12291
586 598 12292
712 189 12293
713 242 12294
321 766 12295
626 689 12296
758 321 12297
321 784 12298
713 462 12299
337 649 12300
321 758 12301
509 364 12302
337 769 12303
101 514 12304
713 102 12305
713 716 12306
586 534 12307
321 765 12308
770 534 12309
586 244 12310
297 321 12311
321 798 12312
713 283 12313
321 297 12314
616 321 12315
321 616 12316
321 616 12317
770 454 12318
297 321 12319
454 181 12320
321 297 12321
555 754 12322
766 321 12323
758 321 12324
372 766 12325
372 766 12326
372 766 12327
321 766 12328
766 372 12329
321 758 12330
766 321 12331
372 766 12332
321 766 12333
67 8 12334
297 321 12335
128 629 12336
189 712 12337
799 372 12338
770 454 12339
103 721 12340
103 799 12341
799 103 12342
456 454 12343
103 799 12344
41 687 12345
212 678 12346
766 372 12347
766 321 12348
766 372 12349
799 103 12350
212 765 12351
372 799 12352
372 766 12353
372 766 12354
799 372 12355
454 456 12356
372 799 12357
103 799 12358
799 372 12359
770 454 12360
799 103 12361
509 364 12362
509 316 12363
509 454 12364
725 719 12365
605 617 12366
605 337 12367
770 454 12368
220 644 12369
605 332 12370
212 48 12371
103 799 12372
128 687 12373
770 454 12374
799 103 12375
252 616 12376
396 400 12377
536 372 12378
321 297 12379
321 766 12380
800 766 12381
95 638 12382
801 768 12383
460 542 12384
128 372 12385
321 460 12386
644 220 12387
34 761 12388
619 389 12389
704 617 12390
619 502 12391
404 30 12392
619 784 12393
687 128 12394
9 282 12395
9 282 12396
687 757 12397
679 404 12398
705 788 12399
705 788 12400
34 802 12401
400 721 12402
679 404 12403
400 683 12404
762 562 12405
705 803 12406
802 34 12407
705 803 12408
462 103 12409
752 502 12410
462 299 12411
350 617 12412
586 804 12413
400 474 12414
372 128 12415
350 802 12416
431 299 12417
802 350 12418
350 802 12419
350 802 12420
802 762 12421
400 396 12422
551 400 12423
639 687 12424
34 802 12425
760 212 12426
640 697 12427
211 597 12428
754 570 12429
697 640 12430
697 640 12431
296 63 12432
299 462 12433
325 523 12434
625 437 12435
103 462 12436
625 534 12437
801 321 12438
697 640 12439
683 194 12440
299 321 12441
683 297 12442
67 683 12443
321 299 12444
708 224 12445
48 683 12446
299 321 12447
569 372 12448
483 325 12449
483 583 12450
483 583 12451
483 194 12452
474 400 12453
483 782 12454
474 646 12455
325 483 12456
67 798 12457
646 474 12458
683 48 12459
474 224 12460
48 683 12461
220 644 12462
474 646 12463
67 683 12464
683 48 12465
683 67 12466
429 372 12467
689 626 12468
9 569 12469
48 683 12470
9 683 12471
9 27 12472
9 788 12473
9 753 12474
683 48 12475
48 683 12476
9 783 12477
9 784 12478
626 689 12479
9 798 12480
9 802 12481
248 603 12482
9 569 12483
9 683 12484
683 48 12485
9 683 12486
9 569 12487
317 343 12488
9 683 12489
9 569 12490
48 683 12491
9 569 12492
9 783 12493
9 683 12494
9 569 12495
9 569 12496
683 48 12497
341 638 12498
9 569 12499
483 325 12500
621 774 12501
128 372 12502
74 788 12503
439 212 12504
439 795 12505
1 146 12506
552 769 12507
462 103 12508
27 9 12509
350 617 12510
224 708 12511
103 617 12512
617 236 12513
617 103 12514
708 224 12515
704 617 12516
1 159 12517
708 32 12518
704 504 12519
57 596 12520
708 74 12521
514 101 12522
52 309 12523
57 708 12524
607 728 12525
738 654 12526
708 57 12527
504 771 12528
52 681 12529
224 708 12530
57 708 12531
57 802 12532
795 439 12533
605 341 12534
254 408 12535
687 283 12536
805 41 12537
586 504 12538
57 798 12539
437 625 12540
704 617 12541
57 798 12542
683 617 12543
683 379 12544
704 504 12545
708 57 12546
681 617 12547
57 708 12548
681 52 12549
805 41 12550
681 617 12551
36 644 12552
805 241 12553
805 325 12554
469 806 12555
805 807 12556
806 469 12557
805 780 12558
244 808 12559
809 325 12560
514 799 12561
514 617 12562
617 73 12562
605 617 12563
805 144 12564
617 514 12565
605 617 12566
809 281 12567
73 617 12568
617 400 12569
183 644 12570
617 73 12571
626 795 12572
605 617 12573
605 272 12574
73 617 12575
771 504 12576
189 708 12577
795 626 12578
705 299 12579
626 795 12580
681 617 12581
405 793 12582
681 617 12583
586 244 12584
795 626 12585
625 437 12586
586 183 12587
799 514 12588
586 504 12589
400 474 12590
400 617 12591
810 349 12592
342 598 12593
52 681 12594
562 795 12595
599 41 12596
274 212 12597
342 544 12598
342 544 12599
425 407 12600
342 698 12601
342 698 12602
274 645 12603
400 683 12604
639 401 12605
274 639 12606
274 639 12607
250 297 12608
586 244 12609
586 244 12610
327 589 12611
681 52 12612
327 316 12613
283 687 12614
41 183 12615
805 41 12616
327 798 12617
327 784 12618
805 274 12619
41 766 12620
767 741 12621
805 41 12622
770 365 12623
605 734 12624
327 774 12625
617 681 12626
448 244 12627
599 250 12628
617 400 12629
599 41 12630
493 339 12631
770 101 12632
131 753 12633
753 131 12634
131 753 12635
250 502 12636
770 617 12637
549 794 12638
771 364 12639
679 714 12640
640 783 12641
599 41 12642
599 250 12643
770 316 12644
753 131 12645
277 448 12646
131 753 12647
712 640 12648
753 131 12649
131 125 12650
640 712 12651
770 365 12652
712 640 12653
679 714 12654
599 250 12655
640 712 12656
357 783 12657
131 753 12658
53 785 12659
712 640 12660
753 131 12661
357 402 12662
783 640 12663
640 712 12664
9 753 12665
640 783 12666
9 802 12667
9 708 12668
9 753 12669
712 640 12670
181 454 12671
124 598 12672
783 542 12673
131 753 12674
9 753 12675
67 8 12676
640 712 12677
339 493 12678
9 569 12679
783 640 12680
753 131 12681
640 783 12682
542 325 12683
712 640 12684
124 712 12685
357 299 12686
640 712 12687
131 753 12688
753 131 12689
387 481 12690
387 252 12691
131 753 12692
387 386 12693
654 738 12694
783 640 12695
63 296 12696
63 547 12697
514 617 12698
514 799 12699
244 448 12700
811 376 12701
376 811 12702
278 27 12703
635 812 12704
704 813 12705
364 771 12706
811 376 12707
811 58 12708
805 41 12709
704 798 12710
805 617 12711
313 63 12712
801 313 12713
800 766 12714
603 814 12715
681 617 12716
805 250 12717
681 654 12718
34 313 12719
799 514 12720
801 313 12721
448 244 12722
204 181 12723
547 63 12724
448 365 12725
342 364 12726
448 784 12727
313 34 12728
342 364 12729
454 181 12730
12 101 12731
514 799 12732
705 712 12733
705 712 12734
103 799 12735
801 313 12736
364 815 12737
12 784 12738
342 364 12739
74 708 12740
815 364 12741
3 132 12742
103 617 12743
342 815 12743
364 342 12744
513 626 12745
12 8 12746
74 463 12747
342 364 12748
454 467 12749
103 454 12750
34 313 12751
34 815 12752
176 603 12753
308 155 12754
357 816 12755
814 603 12756
771 364 12757
74 592 12758
302 557 12759
103 817 12760
357 818 12761
654 762 12762
357 798 12763
103 815 12764
41 811 12765
364 771 12766
41 741 12767
3 814 12768
686 542 12769
794 549 12770
74 753 12771
770 454 12772
686 131 12773
599 250 12774
599 41 12775
557 302 12776
74 617 12777
770 626 12778
603 814 12779
302 557 12780
189 712 12781
626 513 12782
12 308 12783
603 157 12784
603 157 12785
74 607 12786
12 288 12787
733 297 12788
733 168 12789
733 302 12790
814 3 12791
814 603 12792
603 814 12793
557 302 12794
460 321 12795
277 448 12796
498 815 12797
770 460 12798
635 74 12799
586 244 12800
302 557 12801
557 302 12802
586 815 12802
586 816 12803
799 514 12804
74 460 12805
799 103 12806
74 635 12807
766 41 12808
41 766 12809
635 74 12810
372 569 12811
766 482 12811
766 41 12812
372 128 12813
41 766 12814
766 769 12815
766 41 12816
635 74 12817
372 429 12818
364 429 12819
277 448 12820
766 283 12821
343 74 12822
372 766 12823
41 766 12824
372 560 12825
805 41 12826
766 372 12827
766 41 12828
429 372 12829
793 785 12830
805 41 12831
41 766 12832
372 766 12833
41 805 12834
766 41 12835
640 175 12836
621 372 12837
41 766 12838
805 41 12839
621 819 12840
766 372 12841
297 683 12842
640 323 12843
766 41 12844
297 321 12845
41 805 12846
41 766 12847
297 250 12848
617 74 12849
766 41 12850
482 766 12851
621 542 12852
272 632 12853
41 766 12853
805 41 12854
41 805 12855
560 372 12856
766 482 12857
766 41 12858
482 766 12859
766 482 12860
617 103 12861
683 400 12862
482 766 12863
617 734 12864
766 482 12865
482 766 12866
725 547 12867
389 598 12868
212 48 12869
379 683 12870
617 681 12871
41 766 12872
770 617 12873
272 448 12874
372 621 12875
617 734 12876
389 448 12877
372 448 12878
27 278 12879
654 632 12880
400 617 12881
474 400 12882
389 640 12883
617 734 12884
725 547 12885
599 250 12886
599 41 12887
400 683 12888
617 400 12889
777 798 12890
777 795 12891
379 51 12892
29 389 12893
365 448 12894
29 697 12895
708 57 12896
12 402 12897
617 640 12898
725 547 12899
708 74 12900
283 766 12901
299 705 12902
12 389 12903
617 734 12904
473 708 12905
172 820 12906
617 272 12907
540 439 12908
473 771 12909
708 473 12910
821 805 12911
617 734 12912
351 815 12913
617 124 12914
679 308 12915
617 734 12916
68 598 12917
308 794 12918
448 272 12919
448 372 12920
679 308 12921
448 365 12922
617 308 12923
617 734 12924
617 201 12925
679 308 12926
296 63 12927
617 308 12928
679 308 12929
12 617 12930
681 617 12931
249 617 12932
795 777 12933
128 372 12934
800 766 12935
249 654 12936
504 771 12937
249 454 12938
617 681 12939
249 654 12940
617 644 12941
249 617 12942
617 272 12943
249 654 12944
605 734 12945
617 734 12946
605 74 12947
244 448 12948
617 734 12949
617 272 12950
605 734 12951
617 734 12952
323 640 12953
617 272 12954
389 29 12955
617 734 12956
761 372 12957
605 272 12958
617 272 12959
249 454 12960
617 272 12961
12 617 12962
617 272 12963
733 639 12964
272 617 12965
272 617 12966
617 272 12967
605 272 12968
12 617 12969
272 617 12970
617 272 12971
617 272 12972
12 617 12973
272 617 12974
626 649 12975
819 822 12976
12 617 12977
272 448 12978
649 626 12979
626 649 12980
626 649 12981
681 617 12981
626 649 12982
12 617 12983
605 32 12984
12 617 12985
12 823 12986
474 74 12987
770 617 12988
705 299 12989
12 617 12990
605 224 12991
697 341 12992
697 29 12993
679 504 12994
770 617 12995
823 824 12996
12 823 12997
823 325 12998
605 224 12999
12 823 13000
819 825 13001
12 825 13002
770 454 13003
681 626 13004
605 224 13005
704 617 13006
12 823 13007
681 626 13008
12 823 13009
770 617 13010
605 194 13011
12 823 13012
770 617 13013
249 454 13014
681 626 13015
777 795 13016
12 823 13017
821 805 13018
741 41 13019
154 547 13020
342 638 13021
581 582 13022
581 328 13023
296 823 13024
474 651 13025
700 481 13026
605 74 13027
605 74 13028
9 697 13029
700 68 13030
823 296 13031
771 364 13032
823 29 13033
700 626 13034
681 626 13035
700 654 13036
9 697 13037
9 598 13038
181 454 13039
296 823 13040
29 823 13041
9 607 13042
771 473 13043
679 308 13044
823 296 13045
733 654 13046
823 29 13047
296 823 13048
679 67 13049
29 823 13050
826 814 13051
29 823 13052
733 626 13053
733 654 13054
644 617 13055
771 504 13056
823 296 13057
733 654 13058
296 823 13059
765 321 13060
765 212 13061
765 372 13062
823 29 13063
765 532 13064
29 823 13065
733 654 13066
103 799 13067
823 296 13068
823 29 13069
605 263 13070
296 823 13071
827 61 13072
733 708 13073
29 823 13074
605 263 13075
733 761 13076
617 644 13077
605 263 13078
220 654 13079
617 681 13080
733 626 13081
605 263 13082
823 296 13083
823 29 13084
296 823 13085
805 821 13086
733 708 13087
638 342 13088
705 825 13089
638 341 13090
638 95 13091
638 95 13091
638 744 13092
733 626 13093
29 823 13094
9 598 13095
448 272 13096
9 697 13097
325 823 13098
688 103 13099
9 569 13100
712 705 13101
163 658 13102
638 646 13103
9 569 13104
448 244 13105
599 250 13106
712 124 13107
586 504 13108
557 583 13109
9 598 13110
644 617 13111
733 475 13112
9 569 13113
9 569 13114
9 569 13115
569 372 13116
283 766 13117
103 688 13118
605 74 13119
9 598 13120
9 569 13121
9 569 13122
9 569 13123
9 569 13124
777 784 13125
9 683 13126
386 343 13127
733 626 13128
733 475 13129
9 569 13130
386 790 13131
733 708 13132
9 212 13133
32 825 13134
599 250 13135
605 32 13136
638 794 13137
9 569 13138
586 244 13139
343 386 13140
9 569 13141
9 569 13142
728 607 13143
63 313 13144
549 794 13145
9 601 13146
63 547 13147
155 308 13148
357 708 13149
9 697 13149
9 569 13150
605 32 13151
9 569 13152
364 771 13153
249 659 13154
249 163 13155
828 96 13156
708 357 13157
605 32 13158
605 32 13159
9 569 13160
9 569 13161
9 569 13162
9 569 13163
617 103 13164
542 460 13165
829 819 13166
542 783 13167
9 569 13168
596 57 13169
9 569 13170
704 605 13171
757 687 13172
9 569 13173
9 569 13174
758 741 13175
250 638 13176
542 621 13177
728 758 13178
757 212 13179
9 569 13180
638 250 13181
542 816 13182
9 598 13182
830 364 13183
9 569 13184
741 758 13185
9 569 13186
372 128 13187
364 830 13188
372 761 13189
826 32 13190
617 681 13191
372 765 13192
679 557 13193
372 569 13194
697 638 13195
638 697 13196
569 372 13197
128 372 13198
32 605 13199
189 708 13200
342 638 13201
372 569 13202
605 32 13203
638 323 13204
32 681 13205
372 128 13205
569 372 13206
638 697 13207
189 712 13208
605 32 13209
758 741 13210
605 73 13211
638 697 13212
638 87 13213
787 73 13214
787 73 13215
787 73 13216
128 372 13217
638 697 13218
69 498 13219
638 87 13220
638 697 13221
175 640 13222
495 263 13223
599 250 13224
679 557 13224
697 73 13225
372 765 13226
638 758 13227
495 181 13228
638 697 13229
189 708 13230
697 475 13231
437 625 13232
681 617 13233
495 831 13234
638 323 13235
681 32 13236
617 90 13237
624 437 13238
679 654 13239
475 697 13240
638 643 13241
697 475 13242
697 475 13243
539 765 13244
475 697 13245
475 697 13246
644 712 13247
697 475 13248
679 654 13249
697 475 13250
719 712 13251
250 72 13252
638 637 13253
644 39 13254
250 260 13255
638 697 13256
250 536 13257
644 711 13258
475 697 13259
308 823 13260
617 681 13261
697 475 13262
372 569 13263
372 128 13264
679 654 13265
475 697 13266
67 825 13267
638 697 13268
124 712 13269
697 475 13270
72 250 13271
757 252 13272
638 697 13273
686 542 13274
583 557 13275
400 683 13276
679 557 13277
400 396 13278
569 372 13279
679 654 13280
719 753 13281
638 697 13282
337 769 13283
475 697 13284
128 372 13285
644 59 13286
683 400 13287
67 806 13288
199 72 13289
233 481 13290
624 343 13291
644 30 13292
400 683 13293
704 617 13294
697 475 13295
96 828 13296
683 400 13297
644 378 13298
679 654 13299
400 639 13300
475 697 13300
124 474 13301
250 617 13302
679 557 13303
638 719 13304
605 337 13305
189 708 13306
400 683 13307
68 832 13308
557 583 13309
617 250 13310
679 833 13311
719 638 13312
638 719 13313
679 7 13313
708 557 13314
681 617 13315
400 286 13316
644 389 13317
783 542 13318
400 396 13319
19 525 13320
68 798 13321
644 659 13322
400 626 13323
679 557 13324
415 244 13325
799 103 13326
590 626 13327
68 475 13328
712 124 13329
475 68 13330
753 74 13331
400 250 13332
68 475 13333
753 719 13334
475 68 13335
712 719 13336
801 103 13337
259 256 13338
233 193 13339
638 719 13340
712 644 13341
834 175 13342
557 708 13343
250 475 13344
741 758 13345
57 708 13346
644 712 13347
475 250 13348
400 708 13349
644 708 13350
250 475 13351
400 638 13352
475 250 13353
794 549 13354
250 475 13355
644 598 13355
400 712 13356
475 250 13357
400 323 13358
68 475 13359
475 68 13360
87 475 13361
193 233 13362
598 644 13363
250 475 13364
712 400 13365
598 68 13366
644 598 13367
679 557 13368
12 288 13369
41 741 13370
708 557 13371
400 466 13372
199 638 13373
400 712 13374
596 400 13374
712 644 13375
475 250 13376
596 57 13377
9 681 13378
418 475 13379
400 596 13380
9 8 13381
9 569 13382
9 683 13383
712 400 13384
598 124 13385
9 598 13386
475 418 13387
741 41 13388
9 598 13389
199 823 13390
68 598 13391
638 400 13392
686 400 13393
498 495 13394
638 102 13395
400 712 13396
462 617 13397
719 686 13398
596 400 13399
741 212 13400
440 795 13401
638 753 13402
596 388 13403
346 345 13404
41 741 13405
638 753 13406
542 753 13407
542 753 13408
120 222 13409
643 638 13410
12 402 13411
557 708 13412
753 542 13413
595 193 13414
595 321 13415
595 321 13416
712 400 13417
220 654 13418
605 557 13419
712 644 13420
12 588 13421
12 140 13422
514 832 13423
605 29 13424
640 389 13425
12 140 13426
220 654 13427
252 757 13428
741 607 13428
9 681 13429
9 8 13430
12 753 13431
220 372 13432
52 681 13433
617 250 13434
454 249 13435
617 462 13435
454 181 13436
679 557 13437
678 212 13438
495 498 13439
605 795 13440
681 52 13441
590 835 13442
462 617 13443
498 495 13444
835 590 13445
590 835 13446
396 400 13447
12 96 13448
686 719 13449
12 569 13450
605 557 13451
640 617 13452
617 462 13453
605 29 13454
12 830 13455
12 140 13456
605 263 13456
617 640 13457
12 569 13458
835 590 13459
721 400 13460
640 617 13461
194 836 13462
488 120 13463
617 640 13464
640 617 13465
605 29 13466
12 101 13467
605 557 13468
305 212 13469
307 317 13470
12 569 13471
757 252 13472
586 832 13473
681 795 13474
193 595 13475
704 617 13476
679 557 13477
9 681 13478
9 8 13479
462 675 13480
160 638 13481
605 557 13482
12 830 13483
801 313 13484
32 681 13485
605 32 13486
704 835 13487
12 569 13488
605 596 13489
12 689 13490
498 831 13491
363 816 13492
681 32 13493
12 757 13494
605 557 13495
801 313 13496
12 527 13497
321 460 13498
321 765 13499
321 595 13500
605 462 13501
142 762 13502
321 595 13503
282 462 13504
679 557 13505
463 687 13506
194 679 13507
605 557 13508
795 681 13509
463 74 13510
605 462 13511
289 460 13512
313 34 13513
12 569 13514
638 160 13515
605 462 13516
624 8 13517
679 557 13518
605 557 13519
549 794 13520
321 774 13521
605 462 13522
12 569 13523
282 462 13524
801 313 13525
801 313 13526
837 346 13527
638 646 13528
8 624 13529
605 462 13530
838 644 13531
120 488 13532
638 643 13533
460 542 13534
12 569 13535
801 313 13536
583 557 13537
638 640 13538
801 313 13539
605 462 13540
801 313 13541
603 814 13542
801 313 13543
289 835 13544
676 719 13545
823 308 13546
103 462 13547
761 372 13548
99 194 13549
823 199 13550
835 289 13551
313 801 13552
766 283 13553
289 835 13554
462 103 13555
12 689 13556
766 283 13557
9 681 13558
12 681 13559
605 29 13560
313 801 13561
766 41 13562
814 603 13563
103 462 13564
9 142 13565
801 313 13566
835 289 13567
9 569 13568
9 569 13569
801 313 13570
462 103 13571
313 801 13572
289 835 13573
683 400 13574
605 29 13575
355 316 13576
835 289 13577
313 801 13578
103 462 13579
605 640 13580
605 704 13581
605 704 13582
297 234 13583
679 504 13584
605 704 13585
605 704 13586
103 839 13587
297 573 13588
289 835 13589
63 801 13590
297 573 13591
573 297 13592
9 569 13593
605 704 13594
103 840 13595
234 297 13595
9 569 13596
283 766 13597
605 462 13598
603 814 13599
9 569 13600
297 573 13601
801 313 13602
297 234 13603
9 569 13603
504 586 13604
605 442 13605
573 297 13606
605 704 13607
617 640 13608
283 766 13609
605 704 13610
313 801 13611
801 313 13612
9 569 13613
801 63 13614
679 504 13615
297 573 13616
801 313 13617
555 641 13618
9 569 13619
617 688 13620
679 841 13621
790 386 13622
605 704 13623
617 704 13624
713 842 13625
605 704 13626
721 782 13627
605 704 13628
573 297 13629
605 704 13630
95 63 13631
835 289 13632
605 704 13633
9 569 13634
9 569 13635
103 841 13636
297 573 13637
814 603 13638
617 462 13639
400 396 13640
9 569 13641
103 843 13642
704 617 13643
843 576 13643
462 617 13644
400 596 13645
95 753 13646
313 801 13647
400 712 13648
617 704 13648
605 704 13649
313 801 13650
843 798 13651
573 297 13652
603 814 13653
442 144 13654
534 625 13655
9 8 13656
400 683 13657
605 704 13658
9 569 13659
617 462 13660
297 573 13661
9 569 13662
400 721 13663
289 835 13664
617 704 13665
462 617 13666
704 617 13667
605 704 13668
605 704 13669
835 289 13670
9 569 13671
617 462 13672
400 504 13673
372 823 13674
9 569 13674
256 48 13675
400 783 13676
605 704 13677
617 704 13678
823 372 13679
194 823 13680
704 605 13681
372 835 13682
704 617 13683
194 586 13684
617 704 13685
701 103 13686
372 844 13687
701 193 13688
605 704 13689
845 808 13690
704 617 13691
701 372 13692
573 297 13693
194 683 13694
704 605 13694
194 296 13695
605 704 13696
504 400 13697
194 99 13698
808 244 13699
372 765 13700
605 372 13700
843 783 13701
194 482 13702
372 823 13703
704 605 13704
823 372 13705
289 835 13706
679 504 13707
823 372 13708
297 573 13709
194 422 13710
835 372 13711
442 753 13712
605 704 13713
704 605 13714
783 400 13715
372 605 13716
194 555 13717
372 823 13718
845 808 13719
845 808 13720
845 808 13721
194 583 13722
605 704 13723
372 835 13724
194 456 13725
482 194 13726
605 372 13726
573 297 13727
704 605 13728
783 843 13729
372 835 13730
194 482 13731
704 605 13732
372 605 13733
99 194 13734
9 569 13735
9 569 13736
9 256 13737
504 719 13738
605 704 13739
9 256 13740
605 372 13741
814 603 13742
9 343 13743
482 194 13744
704 605 13744
605 704 13745
9 844 13746
605 704 13747
9 569 13748
704 605 13749
704 605 13750
605 704 13751
704 605 13752
605 704 13753
704 605 13754
590 795 13755
482 823 13756
835 289 13757
605 704 13758
835 372 13759
289 835 13760
704 605 13760
605 704 13761
681 590 13762
605 317 13763
704 605 13764
605 704 13765
704 605 13766
801 313 13767
605 704 13768
605 681 13769
835 289 13770
590 681 13771
835 388 13772
289 835 13773
701 103 13774
372 835 13775
289 835 13776
701 103 13777
835 289 13778
103 835 13779
289 835 13780
701 48 13781
95 175 13782
835 289 13783
289 835 13784
41 766 13785
543 640 13786
681 605 13787
9 343 13788
835 103 13789
835 289 13790
289 835 13791
846 588 13792
835 289 13793
128 542 13794
847 97 13795
189 774 13796
713 498 13797
758 741 13798
289 835 13799
758 719 13800
625 437 13801
625 534 13802
683 400 13803
323 400 13804
289 835 13805
75 120 13806
36 73 13807
835 289 13808
388 835 13809
683 194 13810
534 625 13811
617 704 13812
289 835 13813
289 835 13814
754 438 13815
841 848 13816
835 388 13817
625 534 13818
835 289 13819
297 573 13820
683 413 13821
388 835 13822
289 835 13823
835 289 13824
289 835 13825
835 289 13826
73 605 13827
588 846 13828
73 697 13829
687 757 13830
289 835 13831
835 289 13832
704 617 13833
311 321 13834
289 835 13835
687 815 13836
687 823 13837
835 289 13838
687 783 13839
289 835 13840
687 586 13841
687 832 13842
542 128 13843
439 540 13844
439 795 13845
439 795 13846
823 687 13847
783 687 13848
823 482 13849
651 765 13850
651 765 13851
809 281 13852
540 439 13853
128 542 13854
540 439 13855
809 340 13856
97 726 13857
809 823 13858
97 726 13859
513 263 13860
422 297 13861
422 297 13862
689 626 13863
308 823 13864
308 311 13865
781 642 13866
781 642 13867
308 849 13868
781 642 13869
72 701 13870
468 830 13871
263 513 13872
236 617 13873
244 586 13874
244 415 13875
536 250 13876
244 808 13877
41 817 13878
214 839 13879
214 815 13880
836 194 13881
798 513 13882
626 400 13883
29 850 13884
626 590 13885
514 835 13886
482 823 13887
638 646 13888
638 269 13889
638 95 13890
626 689 13891
9 282 13892
63 801 13893
63 95 13894
831 498 13895
679 841 13896
337 605 13897
679 308 13898
851 162 13899
851 679 13900
632 654 13901
632 272 13902
851 679 13902
851 852 13903
851 679 13904
851 679 13905
120 75 13906
509 364 13907
542 729 13908
638 68 13909
621 372 13910
621 542 13911
638 753 13912
509 306 13913
851 679 13914
199 823 13915
800 766 13916
513 263 13917
513 798 13918
831 540 13919
823 308 13920
823 482 13921
181 495 13922
547 63 13923
547 154 13924
431 52 13925
316 327 13926
316 355 13927
617 704 13928
617 236 13929
355 316 13930
586 504 13931
586 687 13932
586 244 13933
801 63 13934
708 557 13935
132 449 13936
194 375 13937
194 355 13938
194 203 13939
194 755 13940
431 343 13941
204 830 13942
711 644 13943
204 181 13944
204 198 13945
244 586 13946
431 343 13947
830 468 13948
508 372 13949
830 339 13950
830 765 13951
431 343 13952
204 830 13953
704 605 13954
204 181 13955
204 830 13956
317 605 13957
204 830 13958
830 502 13959
617 681 13960
308 273 13961
617 704 13962
495 498 13963
495 181 13964
704 617 13965
617 704 13966
431 727 13967
708 719 13968
337 771 13969
349 511 13970
719 708 13971
708 719 13972
617 704 13973
835 514 13974
431 617 13975
853 838 13976
44 400 13977
719 708 13978
617 681 13979
431 617 13980
204 830 13981
511 349 13982
63 547 13983
343 688 13984
63 801 13985
713 842 13986
713 95 13987
713 48 13988
635 442 13989
337 777 13990
792 679 13991
617 462 13992
713 603 13993
708 719 13994
713 644 13995
439 540 13996
713 586 13997
547 63 13998
713 363 13998
794 449 13999
794 449 14000
617 596 14001
431 617 14002
372 831 14003
36 828 14004
617 514 14005
617 161 14006
766 283 14007
766 283 14008
766 41 14009
605 681 14010
617 308 14010
547 63 14011
605 73 14012
605 337 14013
605 704 14014
770 617 14015
617 854 14016
30 644 14017
605 317 14018
771 337 14019
67 843 14020
34 313 14021
272 632 14022
34 843 14023
34 843 14024
34 351 14025
9 142 14026
19 114 14027
704 617 14028
809 325 14029
53 847 14030
704 605 14031
843 34 14032
687 783 14033
34 843 14034
53 855 14035
715 128 14036
856 626 14037
72 857 14038
626 856 14039
704 852 14040
704 848 14041
34 538 14042
586 244 14043
448 375 14044
704 839 14045
831 372 14046
473 771 14047
858 701 14048
72 704 14049
843 34 14049
704 72 14050
704 72 14051
72 337 14052
514 835 14053
34 843 14054
514 617 14055
843 34 14056
617 704 14057
605 704 14058
617 26 14059
800 766 14060
824 823 14061
474 124 14062
824 816 14063
469 463 14064
617 514 14065
741 474 14066
474 741 14067
617 704 14068
302 823 14069
617 161 14070
785 793 14071
161 617 14072
26 823 14073
826 32 14074
617 161 14075
823 26 14076
161 617 14077
617 124 14078
826 372 14079
256 514 14080
617 161 14081
830 389 14082
617 728 14083
765 372 14084
765 372 14085
617 161 14086
765 372 14087
765 651 14088
765 651 14089
659 644 14090
765 830 14090
800 766 14091
830 765 14092
47 567 14093
448 823 14094
47 814 14095
765 830 14096
830 765 14097
814 47 14098
349 511 14099
263 513 14100
847 101 14101
765 830 14102
47 814 14103
830 765 14104
814 47 14105
640 543 14106
514 256 14107
847 194 14108
154 547 14109
834 708 14110
47 814 14111
391 73 14112
53 785 14113
687 785 14114
687 843 14115
547 154 14116
687 252 14117
296 781 14118
296 375 14119
391 555 14120
391 609 14121
391 422 14122
561 514 14123
296 355 14124
391 289 14125
391 372 14126
391 103 14127
391 309 14128
391 325 14129
391 289 14130
220 654 14131
220 646 14132
704 617 14133
296 835 14134
296 835 14135
389 644 14136
704 605 14136
389 640 14137
389 830 14138
638 642 14139
609 391 14140
392 475 14141
372 831 14142
372 831 14143
681 605 14144
835 296 14145
372 765 14146
372 765 14147
638 637 14148
835 590 14149
372 391 14150
785 687 14151
555 391 14152
834 592 14153
282 9 14154
765 830 14155
785 786 14156
765 372 14157
859 704 14158
372 765 14159
41 766 14160
859 644 14161
74 860 14162
372 765 14163
74 840 14164
765 372 14165
765 372 14166
74 389 14167
859 679 14168
34 313 14169
34 313 14170
431 323 14171
861 72 14172
859 32 14173
835 861 14174
74 449 14175
859 34 14176
859 357 14177
830 765 14178
861 249 14179
861 752 14180
830 389 14181
861 752 14182
859 357 14183
325 391 14184
646 220 14185
859 357 14186
859 357 14187
590 835 14188
590 835 14189
581 249 14190
766 41 14191
835 590 14192
580 418 14193
214 862 14194
708 834 14195
834 708 14196
770 708 14197
341 697 14198
289 391 14199
341 863 14200
481 252 14201
404 679 14202
679 404 14203
770 784 14204
679 580 14205
313 34 14206
72 861 14207
72 704 14208
681 626 14209
481 252 14210
793 785 14211
34 313 14212
793 863 14213
617 704 14214
599 41 14215
9 683 14216
431 617 14217
540 831 14218
540 439 14219
372 765 14220
431 617 14221
626 681 14222
704 617 14223
431 617 14224
617 704 14225
704 617 14226
826 372 14227
489 372 14228
704 822 14229
617 704 14230
401 639 14231
431 52 14232
704 617 14233
617 704 14234
448 244 14235
704 617 14236
32 283 14237
32 626 14238
32 52 14239
32 632 14240
32 640 14241
770 32 14242
32 155 14243
687 598 14244
640 32 14245
32 640 14246
41 766 14247
252 687 14248
252 481 14249
32 68 14250
640 32 14251
32 704 14252
626 32 14253
32 640 14254
770 32 14255
32 626 14256
551 32 14257
770 798 14258
599 32 14259
599 41 14260
372 489 14261
859 32 14262
626 32 14263
770 654 14264
859 679 14265
532 364 14266
859 308 14267
859 687 14268
859 325 14269
513 263 14270
859 32 14271
551 224 14272
599 32 14273
770 32 14274
542 352 14275
53 785 14276
53 542 14277
697 341 14278
770 853 14279
708 834 14280
220 646 14281
770 708 14282
36 110 14283
475 392 14284
697 637 14285
437 625 14286
605 350 14287
495 864 14288
74 617 14289
53 542 14290
492 708 14291
12 391 14292
697 289 14293
439 212 14294
12 527 14295
12 343 14296
12 175 14297
12 140 14298
12 681 14299
12 823 14300
12 439 14301
9 683 14302
12 823 14303
73 605 14304
12 823 14305
12 823 14306
242 823 14307
823 242 14308
12 823 14309
9 391 14309
9 753 14310
12 8 14311
32 60 14312
823 242 14313
12 823 14314
12 823 14315
212 48 14316
44 770 14317
19 525 14318
770 708 14319
617 74 14320
865 514 14321
770 617 14322
9 617 14323
830 297 14324
9 835 14325
583 308 14326
9 56 14327
334 687 14328
53 542 14329
73 74 14330
605 73 14331
605 704 14332
605 60 14333
605 272 14334
73 605 14335
404 679 14336
605 73 14337
704 605 14338
73 605 14339
765 830 14340
303 835 14341
765 372 14342
9 617 14343
9 617 14344
74 73 14345
830 765 14346
704 605 14347
595 660 14348
765 830 14349
372 536 14350
536 372 14351
830 765 14352
498 823 14353
372 536 14354
765 830 14355
536 372 14356
765 425 14357
372 536 14358
551 587 14359
431 617 14360
686 498 14361
823 498 14362
866 834 14363
439 131 14364
551 676 14365
728 617 14366
725 728 14367
431 323 14368
721 867 14369
721 388 14370
481 687 14371
431 323 14372
323 88 14373
536 372 14373
687 481 14374
687 194 14375
431 323 14376
323 161 14377
194 687 14378
481 687 14379
161 323 14380
431 323 14381
191 765 14382
323 161 14383
498 823 14384
830 765 14385
323 68 14386
431 323 14387
388 721 14388
128 715 14389
431 323 14390
431 323 14391
823 498 14392
765 191 14393
765 830 14394
536 765 14395
214 868 14396
334 823 14397
704 841 14398
389 74 14399
765 536 14400
12 175 14401
536 765 14402
389 830 14403
12 823 14404
830 765 14405
830 389 14406
103 868 14407
12 711 14408
830 840 14409
431 323 14410
350 605 14411
632 32 14412
834 866 14413
403 769 14414
176 823 14415
625 437 14416
793 776 14417
793 776 14418
212 439 14419
212 678 14420
191 765 14421
212 305 14422
175 640 14423
437 625 14424
212 765 14425
431 323 14426
770 437 14427
313 34 14428
765 191 14429
869 823 14430
765 212 14431
431 323 14432
704 605 14433
765 568 14434
765 226 14435
625 437 14436
191 765 14437
792 679 14438
552 765 14439
765 191 14440
400 626 14441
765 536 14442
400 323 14443
400 323 14444
400 683 14445
400 783 14446
765 407 14447
765 126 14448
191 765 14449
400 504 14450
147 191 14451
323 400 14452
32 632 14453
389 830 14454
776 793 14455
776 401 14456
350 481 14457
830 389 14458
67 323 14459
67 862 14460
615 765 14461
713 350 14462
644 659 14463
713 462 14464
713 372 14465
757 687 14466
19 114 14467
713 704 14468
713 103 14469
713 321 14470
713 41 14471
713 252 14472
713 242 14473
713 400 14474
266 617 14475
713 283 14476
379 74 14477
713 325 14478
713 716 14479
713 67 14480
713 48 14481
700 68 14482
765 615 14482
713 102 14483
68 323 14484
226 765 14485
700 555 14486
700 68 14487
713 479 14488
713 359 14489
713 209 14490
713 714 14491
297 830 14492
770 379 14493
638 870 14494
713 714 14494
9 683 14495
9 711 14496
770 97 14497
9 212 14498
12 527 14499
12 757 14500
713 462 14501
711 9 14502
12 711 14503
713 727 14504
713 103 14505
319 338 14506
12 711 14507
594 765 14508
713 199 14509
131 439 14510
713 124 14511
9 626 14512
713 624 14513
9 313 14514
713 482 14515
713 847 14516
12 711 14517
9 72 14518
713 651 14519
713 738 14520
12 711 14521
713 363 14522
713 586 14523
9 862 14524
830 297 14525
711 339 14526
9 282 14527
9 72 14528
12 711 14529
713 41 14530
12 711 14531
713 252 14532
250 536 14533
327 765 14534
713 704 14535
12 711 14536
713 770 14537
536 250 14538
713 41 14539
12 711 14540
683 48 14541
12 711 14542
484 770 14543
870 638 14544
770 502 14545
770 396 14546
857 72 14547
12 711 14548
9 683 14549
469 806 14550
41 495 14551
220 654 14552
41 389 14553
469 598 14554
44 770 14555
422 391 14556
12 711 14557
72 857 14558
626 400 14559
713 41 14559
713 41 14560
83 835 14561
713 363 14562
342 544 14563
713 9 14564
792 841 14565
12 711 14566
220 654 14567
342 598 14568
323 67 14569
323 68 14570
871 97 14571
686 498 14572
866 834 14573
770 323 14574
753 638 14575
189 712 14576
339 711 14577
189 712 14578
711 339 14579
339 711 14580
220 654 14581
719 862 14582
719 862 14583
733 626 14584
12 711 14585
12 569 14586
12 711 14587
38 313 14588
719 712 14589
753 712 14590
733 502 14591
871 502 14592
733 475 14593
733 753 14594
475 502 14595
38 475 14596
516 617 14597
733 475 14598
770 454 14599
733 753 14600
38 313 14601
770 475 14602
38 313 14603
350 481 14604
475 770 14605
38 313 14606
350 872 14607
294 830 14608
350 872 14609
733 313 14610
350 872 14611
819 829 14612
350 626 14613
38 313 14614
733 313 14615
873 770 14615
38 313 14616
38 313 14617
601 103 14618
12 569 14619
601 51 14620
41 502 14621
733 313 14622
874 875 14623
103 601 14624
857 72 14625
733 313 14626
770 617 14627
12 569 14628
733 313 14629
475 392 14630
131 874 14631
679 841 14632
12 617 14633
36 770 14634
38 313 14635
12 569 14636
68 323 14637
321 713 14638
617 596 14639
605 704 14640
777 843 14641
103 713 14642
38 313 14643
12 605 14644
777 316 14645
103 713 14646
12 605 14646
733 313 14646
876 757 14647
68 323 14648
250 536 14649
733 313 14650
38 313 14651
605 103 14652
12 605 14653
103 605 14654
19 525 14655
733 313 14656
605 103 14657
733 313 14658
12 711 14659
733 313 14660
12 757 14661
19 525 14662
12 757 14663
12 569 14664
103 605 14665
842 713 14666
350 626 14667
605 103 14668
770 605 14669
350 860 14670
617 403 14671
605 770 14672
12 569 14673
770 605 14674
36 770 14675
224 771 14676
41 610 14677
103 605 14678
605 770 14679
624 8 14679
770 605 14680
605 103 14681
701 858 14682
12 569 14683
624 697 14684
605 770 14685
103 605 14686
617 103 14687
254 701 14688
770 605 14689
103 617 14690
830 877 14691
36 770 14692
605 770 14693
36 19 14694
617 103 14695
733 313 14696
254 605 14697
254 605 14698
19 654 14699
834 866 14700
254 605 14701
679 865 14702
254 874 14703
254 605 14704
638 753 14705
638 870 14706
878 482 14707
679 701 14708
36 250 14709
38 313 14710
254 605 14711
733 313 14712
830 598 14712
254 654 14713
254 605 14714
254 605 14715
638 323 14716
36 879 14717
313 38 14718
830 638 14719
254 605 14720
36 597 14721
638 830 14722
38 313 14723
36 250 14724
539 605 14725
313 38 14726
733 313 14727
873 343 14728
19 109 14729
716 713 14730
254 605 14731
638 254 14732
38 313 14733
539 605 14734
733 313 14735
605 254 14736
596 254 14737
254 605 14738
350 626 14739
873 711 14740
63 547 14741
254 396 14742
605 254 14743
63 547 14744
313 38 14745
350 626 14746
254 605 14747
638 254 14748
638 830 14749
38 313 14750
873 128 14751
638 29 14752
605 254 14753
686 770 14754
254 605 14755
766 41 14756
640 175 14757
605 254 14758
254 605 14759
596 254 14760
638 766 14761
733 313 14762
254 596 14763
638 830 14764
638 254 14765
605 254 14766
733 52 14767
254 605 14768
765 594 14769
555 482 14770
605 254 14771
596 254 14772
254 605 14773
765 370 14774
830 880 14775
605 254 14776
640 389 14777
617 350 14778
38 313 14779
711 873 14780
605 254 14781
617 770 14782
605 881 14783
41 766 14784
617 640 14785
765 882 14786
605 830 14787
882 765 14788
617 770 14789
830 605 14790
617 640 14791
640 617 14792
41 863 14793
313 38 14794
770 538 14795
882 594 14796
881 605 14797
38 313 14798
313 38 14799
733 313 14800
313 38 14801
38 313 14802
254 605 14803
254 596 14804
38 313 14805
882 536 14806
617 640 14807
687 194 14808
250 41 14809
830 297 14810
41 250 14811
605 830 14812
605 881 14813
297 830 14814
617 770 14815
605 254 14816
431 617 14817
883 882 14817
596 254 14818
250 41 14819
770 617 14819
830 297 14820
617 770 14821
297 830 14822
830 605 14823
830 297 14824
297 830 14825
41 250 14825
830 297 14826
605 830 14827
881 605 14828
830 605 14829
605 881 14830
605 830 14831
175 640 14832
881 605 14833
830 605 14834
605 73 14835
605 881 14836
640 617 14837
605 830 14838
640 175 14839
884 297 14840
830 605 14841
605 830 14842
297 884 14843
830 605 14844
242 713 14845
884 297 14846
605 830 14847
830 605 14848
881 605 14849
431 323 14850
175 640 14851
605 830 14852
605 881 14853
189 712 14854
640 175 14855
242 823 14856
830 605 14857
454 770 14858
640 389 14859
316 777 14860
617 640 14861
175 640 14862
843 885 14863
260 174 14864
605 830 14865
260 704 14866
738 713 14867
830 605 14868
640 617 14869
260 103 14870
640 175 14871
605 830 14872
871 640 14872
400 713 14873
260 174 14874
175 640 14875
830 605 14876
400 626 14877
884 297 14878
678 212 14879
209 713 14880
475 770 14881
605 830 14882
830 605 14883
400 323 14884
242 451 14885
605 830 14886
400 776 14887
260 283 14888
400 396 14889
260 688 14890
830 605 14891
400 596 14892
260 250 14893
605 830 14894
260 338 14895
617 640 14896
400 886 14897
830 605 14898
48 683 14899
605 830 14900
885 798 14901
242 389 14902
400 676 14903
830 605 14904
400 168 14905
885 576 14906
605 830 14907
400 835 14908
830 605 14909
563 409 14910
605 830 14911
175 640 14912
770 454 14913
88 323 14914
400 371 14915
400 544 14916
400 123 14917
48 713 14918
400 887 14919
687 463 14920
400 166 14921
370 765 14922
400 166 14923
400 166 14924
400 81 14925
400 592 14926
400 59 14927
400 439 14928
400 882 14929
400 76 14930
400 376 14931
834 323 14932
400 564 14933
371 400 14934
400 265 14935
252 598 14936
400 853 14937
400 452 14938
400 13 14939
400 888 14940
181 454 14941
400 831 14942
400 101 14943
338 319 14944
9 569 14945
400 420 14946
9 569 14946
317 605 14947
400 866 14948
9 260 14949
400 20 14950
9 626 14951
400 360 14952
400 889 14953
9 313 14953
9 753 14954
400 868 14955
400 108 14956
400 386 14957
242 297 14958
400 154 14959
400 572 14960
400 538 14961
400 419 14962
640 885 14963
103 260 14964
400 114 14965
400 708 14966
400 517 14967
400 499 14968
297 242 14969
400 802 14970
400 890 14971
400 459 14972
400 512 14973
400 891 14974
400 315 14975
400 892 14976
400 799 14977
400 799 14978
204 181 14979
204 830 14980
400 893 14981
400 444 14982
400 64 14983
400 894 14984
400 894 14985
400 895 14986
400 895 14987
400 895 14988
853 400 14989
400 816 14990
400 840 14991
400 464 14992
400 464 14993
194 516 14994
400 460 14995
400 600 14996
400 675 14997
400 382 14998
400 896 14999
400 862 15000
400 165 15001
400 527 15002
400 897 15003
400 673 15004
194 449 15005
400 898 15005
400 11 15006
400 852 15007
400 158 15008
72 857 15009
400 743 15010
400 899 15011
400 391 15012
242 297 15013
400 523 15014
194 234 15015
598 194 15016
400 701 15017
400 819 15018
400 443 15019
546 583 15020
492 712 15021
400 97 15022
400 519 15023
546 297 15024
400 528 15025
492 712 15026
400 711 15027
400 900 15028
400 901 15029
546 199 15030
400 788 15031
400 85 15032
400 735 15033
834 343 15034
400 39 15035
234 194 15036
400 721 15037
712 719 15038
400 294 15039
400 902 15040
492 712 15041
834 168 15042
492 712 15043
834 771 15044
400 798 15045
642 323 15046
546 835 15047
834 513 15048
400 825 15049
492 712 15050
400 15 15051
712 753 15052
546 853 15053
834 297 15053
492 712 15054
400 358 15055
495 41 15056
400 284 15057
400 841 15058
903 792 15059
400 2 15060
400 904 15061
400 411 15062
400 747 15063
834 712 15064
492 712 15065
400 905 15066
400 476 15067
712 834 15068
400 570 15069
400 734 15070
400 299 15071
834 712 15072
834 712 15073
546 853 15074
400 587 15075
853 906 15076
400 135 15077
400 817 15078
400 844 15079
712 492 15080
400 304 15081
400 584 15082
400 601 15083
400 251 15084
400 907 15085
651 765 15086
400 109 15087
400 682 15088
546 598 15089
400 495 15090
400 152 15091
546 853 15092
400 70 15093
400 832 15094
400 436 15095
400 324 15096
400 173 15097
495 400 15098
400 311 15099
400 566 15100
400 556 15101
400 151 15102
492 784 15103
400 707 15104
781 296 15105
400 773 15106
400 541 15107
194 598 15108
400 908 15109
400 449 15110
400 823 15111
400 909 15112
400 543 15113
400 910 15114
400 766 15115
400 451 15116
400 579 15117
400 613 15118
400 911 15119
67 901 15120
400 698 15121
400 513 15122
400 402 15123
492 835 15124
400 463 15125
12 32 15126
400 149 15127
400 583 15128
400 864 15129
400 371 15130
765 651 15131
629 128 15132
400 495 15133
765 883 15134
809 340 15135
809 400 15136
755 194 15137
495 400 15138
12 101 15139
809 912 15140
809 913 15141
400 495 15142
400 841 15143
835 9 15144
835 303 15145
492 712 15146
835 400 15147
835 752 15148
835 492 15149
189 712 15150
73 605 15151
901 67 15152
901 400 15153
843 777 15154
843 575 15155
713 41 15156
713 586 15157
638 642 15158
638 884 15159
704 605 15160
874 254 15161
712 189 15162
712 492 15163
734 400 15164
536 882 15165
708 492 15166
536 250 15167
708 770 15168
823 242 15169
823 869 15170
708 473 15171
41 495 15172
41 901 15173
700 400 15174
297 242 15175
297 834 15176
176 297 15177
678 297 15178
297 678 15179
583 400 15180
194 913 15181
523 724 15182
799 400 15183
249 861 15184
168 400 15185
168 834 15186
431 323 15187
598 252 15188
598 830 15189
598 342 15190
598 469 15191
598 687 15192
598 68 15193
598 194 15194
484 770 15195
484 400 15196
400 734 15197
70 400 15198
19 525 15199
400 799 15200
400 168 15201
303 835 15202
400 70 15203
884 913 15204
194 173 15205
363 713 15206
468 830 15207
199 598 15208
260 9 15209
770 708 15210
173 400 15211
468 914 15212
400 173 15213
173 749 15214
242 297 15215
297 242 15216
68 598 15217
809 884 15218
283 766 15219
283 32 15220
504 400 15221
32 283 15222
809 884 15223
852 400 15224
283 260 15225
283 32 15226
603 814 15227
603 814 15228
283 823 15229
220 400 15230
800 766 15231
915 874 15232
278 27 15233
212 352 15234
242 297 15235
400 220 15236
915 224 15237
400 852 15238
586 598 15239
400 504 15240
309 212 15241
297 242 15242
19 862 15243
27 278 15244
513 834 15245
686 873 15246
852 400 15247
873 711 15248
194 234 15249
492 835 15250
504 400 15251
492 835 15252
194 687 15253
194 847 15254
9 569 15255
194 296 15256
569 9 15257
194 422 15258
194 99 15259
194 823 15260
194 400 15261
194 199 15262
834 513 15263
194 283 15264
834 862 15265
834 168 15266
609 598 15267
715 784 15268
884 194 15269
183 41 15270
509 364 15271
509 513 15272
509 707 15273
183 620 15274
711 400 15275
711 873 15276
768 704 15277
768 801 15278
799 400 15279
183 916 15280
768 34 15281
437 625 15282
768 214 15283
206 194 15284
282 34 15285
482 555 15286
482 901 15287
621 194 15288
841 704 15289
525 865 15290
282 9 15291
599 41 15292
599 400 15293
679 841 15294
768 72 15295
679 221 15296
768 586 15297
212 309 15298
704 768 15299
768 593 15300
242 297 15301
212 303 15302
768 704 15303
67 601 15304
212 639 15305
67 917 15306
474 679 15307
704 768 15308
835 492 15309
679 474 15310
686 873 15311
621 598 15312
621 598 15313
297 242 15314
841 679 15315
724 523 15316
474 679 15317
679 474 15318
679 841 15319
474 679 15320
679 474 15321
474 679 15322
626 737 15323
586 768 15324
679 474 15325
474 679 15326
194 183 15327
212 480 15328
183 242 15329
679 474 15330
103 831 15331
194 183 15332
474 679 15333
454 181 15334
679 474 15335
103 874 15336
474 679 15337
103 765 15338
242 325 15339
915 626 15340
687 194 15341
242 297 15342
183 916 15343
72 768 15344
183 644 15345
325 242 15346
834 874 15347
103 72 15348
199 858 15349
242 325 15350
297 242 15351
103 841 15352
389 41 15353
389 640 15354
841 103 15355
389 640 15356
389 242 15357
103 841 15358
389 194 15359
876 212 15360
389 830 15361
325 242 15362
72 103 15363
103 72 15364
765 362 15365
874 103 15366
242 325 15367
768 72 15368
72 103 15369
103 72 15370
103 874 15371
396 770 15372
72 768 15373
396 254 15374
72 103 15375
396 400 15376
276 903 15377
189 712 15378
103 72 15379
72 103 15380
103 72 15381
103 686 15382
51 525 15383
189 712 15384
242 389 15385
194 325 15386
768 72 15387
103 72 15388
72 103 15389
513 509 15390
72 768 15391
214 768 15392
918 708 15393
72 103 15394
74 598 15395
103 72 15396
74 874 15396
72 103 15397
768 72 15398
74 513 15399
103 72 15400
375 194 15401
525 51 15402
375 296 15403
474 346 15404
189 712 15405
474 719 15406
484 770 15407
484 400 15408
422 194 15409
72 768 15410
555 482 15411
72 103 15412
621 819 15413
768 621 15414
786 785 15415
189 712 15416
823 400 15417
768 586 15418
823 548 15419
194 296 15420
309 823 15421
704 919 15422
51 525 15423
309 913 15424
309 848 15425
357 379 15426
517 400 15427
517 570 15428
517 438 15429
342 598 15430
296 375 15431
174 260 15432
296 781 15433
174 260 15434
809 242 15435
103 379 15436
679 474 15437
920 103 15438
32 375 15439
220 103 15440
830 389 15441
920 103 15442
830 468 15443
338 454 15444
830 598 15445
525 51 15446
920 103 15447
103 495 15448
495 400 15449
920 103 15450
535 440 15451
495 41 15452
495 103 15453
103 920 15454
454 338 15455
103 495 15456
920 103 15457
103 920 15458
882 921 15459
882 921 15460
882 226 15461
194 498 15462
103 734 15463
131 734 15464
830 454 15465
882 532 15466
882 922 15467
865 525 15468
721 400 15469
721 923 15470
454 830 15471
525 865 15472
686 103 15473
830 454 15474
852 704 15475
882 388 15476
454 830 15477
768 819 15478
819 400 15479
617 73 15480
704 605 15481
431 538 15482
679 923 15483
781 296 15484
679 768 15485
431 617 15486
194 97 15487
921 882 15487
204 198 15488
768 679 15489
431 617 15490
768 874 15491
249 711 15492
712 753 15493
768 483 15494
431 617 15495
327 774 15496
830 454 15497
639 400 15498
639 401 15499
639 212 15500
838 853 15501
719 838 15502
838 719 15503
454 830 15504
830 454 15505
921 536 15506
924 719 15507
536 921 15508
921 536 15509
454 830 15510
536 921 15511
921 536 15512
536 921 15513
826 925 15514
921 536 15515
830 454 15516
536 921 15517
921 536 15518
536 921 15519
586 768 15520
826 925 15521
921 536 15522
454 830 15523
44 719 15524
621 719 15525
536 921 15526
44 189 15527
921 536 15528
536 921 15529
768 924 15530
288 620 15531
719 621 15532
214 101 15533
859 400 15534
859 325 15535
859 214 15536
859 681 15537
859 214 15538
859 681 15539
708 770 15540
859 214 15541
834 708 15542
834 712 15543
834 712 15544
73 617 15545
660 595 15546
431 393 15547
272 605 15548
34 768 15549
128 629 15550
128 629 15551
296 781 15552
338 454 15553
681 626 15554
51 525 15555
492 835 15556
525 51 15557
51 525 15558
525 51 15559
51 525 15560
525 51 15561
51 525 15562
191 371 15563
51 525 15564
525 51 15565
525 51 15566
525 51 15567
525 51 15568
51 525 15569
525 51 15570
525 51 15571
51 525 15572
525 51 15573
834 393 15574
770 396 15575
770 484 15576
770 708 15577
51 525 15578
191 874 15579
51 525 15580
51 525 15581
913 309 15582
51 525 15583
913 884 15584
913 194 15585
913 191 15586
913 51 15587
525 51 15588
32 926 15589
525 51 15590
325 194 15591
525 51 15592
145 719 15593
51 525 15594
525 51 15595
913 88 15596
536 927 15597
525 51 15598
51 525 15599
525 51 15600
194 913 15601
913 814 15602
51 525 15603
194 325 15604
191 913 15605
913 194 15606
525 51 15607
325 194 15608
51 913 15609
51 525 15610
913 191 15611
194 913 15612
525 51 15613
913 51 15614
163 249 15615
913 194 15616
191 913 15617
525 51 15618
51 525 15619
853 838 15620
525 51 15621
51 525 15622
51 913 15623
913 191 15624
525 51 15625
913 51 15626
51 525 15627
525 51 15628
913 339 15629
51 913 15630
69 687 15631
913 51 15632
51 525 15633
525 51 15634
51 913 15635
913 795 15636
913 51 15637
51 525 15638
525 51 15639
525 51 15640
734 131 15641
51 913 15642
734 103 15643
913 99 15644
51 525 15645
913 51 15646
525 51 15647
51 525 15648
525 51 15649
103 734 15650
859 325 15651
191 913 15652
51 525 15653
51 525 15654
51 525 15655
525 51 15656
913 41 15657
51 525 15658
913 191 15659
913 242 15660
734 103 15661
51 913 15662
548 823 15663
913 719 15664
103 734 15665
913 51 15666
51 913 15667
719 913 15668
797 342 15669
734 103 15670
103 734 15671
44 214 15672
51 525 15673
913 51 15674
814 925 15675
913 719 15676
814 913 15677
734 103 15678
913 814 15679
103 734 15680
191 913 15681
454 338 15682
734 103 15683
44 834 15684
913 191 15685
103 734 15686
97 194 15687
734 103 15688
51 913 15689
103 734 15690
719 913 15691
191 913 15692
926 32 15693
814 913 15694
913 51 15695
913 719 15696
913 191 15697
913 814 15698
734 103 15699
792 903 15700
792 679 15701
103 734 15702
926 325 15703
734 103 15704
925 814 15705
538 431 15706
339 913 15707
325 926 15708
926 325 15709
151 907 15710
928 482 15711
568 765 15712
738 654 15713
400 852 15714
830 454 15715
928 482 15716
814 913 15717
928 41 15718
74 561 15719
621 719 15720
561 74 15721
308 583 15722
928 794 15723
928 482 15724
308 929 15725
768 924 15726
654 738 15727
768 34 15728
308 930 15729
194 463 15730
276 924 15731
308 931 15732
431 538 15733
928 194 15734
308 863 15735
308 185 15736
194 296 15737
194 621 15738
289 183 15739
194 884 15740
454 830 15741
254 874 15742
103 932 15743
74 379 15744
621 194 15745
74 561 15746
194 621 15747
719 621 15748
830 454 15749
620 654 15750
620 473 15751
620 288 15752
561 74 15753
924 185 15754
924 830 15755
781 296 15756
768 924 15757
454 830 15758
797 913 15759
559 97 15760
768 924 15761
933 903 15762
97 559 15763
97 400 15764
97 770 15765
97 847 15766
97 687 15767
103 930 15768
103 686 15769
259 598 15770
733 454 15771
733 454 15772
928 194 15773
676 400 15774
733 454 15775
51 913 15776
625 437 15777
797 454 15778
934 97 15779
51 919 15780
673 400 15781
733 454 15782
454 797 15783
252 935 15784
483 768 15785
454 733 15786
935 252 15787
252 935 15788
388 882 15789
252 935 15790
700 400 15791
288 620 15792
928 732 15793
191 738 15794
768 483 15795
191 928 15796
325 926 15797
378 644 15798
422 386 15798
378 396 15799
131 686 15800
621 719 15801
621 194 15802
439 212 15803
422 768 15804
103 378 15805
439 131 15806
103 783 15807
97 934 15808
422 835 15809
97 191 15810
131 439 15811
36 834 15812
679 768 15813
768 422 15814
393 431 15815
557 926 15816
439 131 15817
393 834 15818
679 393 15819
834 393 15820
393 834 15821
834 393 15822
834 393 15823
36 834 15824
393 679 15825
783 103 15826
393 834 15827
97 191 15828
777 843 15829
131 439 15830
621 819 15830
834 393 15831
393 834 15832
768 679 15833
834 393 15834
439 131 15835
393 834 15836
830 924 15837
830 454 15838
928 191 15839
719 621 15840
834 393 15840
454 830 15841
830 454 15842
851 679 15843
679 393 15844
851 852 15845
851 679 15846
393 679 15847
792 679 15848
679 393 15849
454 830 15850
431 393 15851
393 679 15852
546 583 15853
792 339 15854
131 439 15855
393 431 15856
830 454 15857
191 928 15858
546 598 15859
41 389 15860
41 913 15861
679 393 15862
41 928 15863
393 679 15864
470 621 15865
679 393 15866
431 393 15867
928 41 15868
393 679 15869
41 928 15870
393 431 15871
555 514 15872
679 393 15873
928 191 15874
853 597 15875
928 41 15876
393 679 15877
431 393 15878
679 393 15879
393 679 15880
679 393 15881
687 936 15882
191 928 15883
237 711 15884
679 903 15885
687 376 15886
393 679 15887
87 393 15888
679 393 15889
308 254 15890
393 87 15891
388 408 15892
388 408 15893
393 679 15894
308 237 15895
679 393 15896
87 393 15897
393 679 15898
679 393 15899
393 679 15900
719 802 15901
679 393 15902
393 679 15903
583 308 15904
679 393 15905
393 679 15906
679 393 15907
309 937 15908
393 679 15909
802 719 15910
60 605 15911
638 744 15912
41 928 15913
339 792 15914
679 393 15915
768 819 15916
454 830 15917
621 719 15918
621 834 15919
768 819 15920
557 583 15921
621 470 15922
325 924 15923
615 765 15924
924 830 15925
325 783 15926
768 819 15927
741 711 15928
95 938 15929
237 308 15930
835 492 15931
679 404 15932
725 928 15933
719 621 15934
934 128 15935
874 254 15936
719 802 15937
719 802 15938
679 404 15939
794 598 15940
621 719 15941
719 621 15942
934 437 15943
934 460 15944
783 325 15945
783 103 15946
638 939 15947
802 719 15948
325 783 15949
598 794 15950
719 802 15951
621 719 15952
938 95 15953
719 621 15954
915 393 15955
928 191 15956
725 928 15957
783 325 15958
172 598 15959
325 783 15960
874 191 15961
874 74 15962
303 212 15963
325 874 15964
824 774 15965
824 774 15966
774 824 15967
325 760 15968
774 824 15969
802 719 15970
308 638 15971
760 325 15972
824 774 15973
128 934 15974
325 760 15975
760 325 15976
638 308 15977
774 824 15977
719 802 15978
325 760 15979
760 325 15980
74 940 15981
802 719 15982
824 774 15983
719 802 15984
774 824 15985
938 325 15986
325 938 15987
370 278 15988
874 325 15989
787 720 15990
599 41 15991
325 874 15992
679 174 15993
936 687 15994
732 928 15995
375 32 15996
928 732 15997
638 758 15998
675 462 15999
638 355 16000
308 561 16001
145 719 16002
638 940 16003
308 431 16004
638 51 16005
802 719 16006
638 940 16007
638 940 16008
934 128 16009
638 940 16010
638 724 16011
941 816 16012
941 816 16013
941 816 16014
431 308 16015
495 103 16016
51 638 16017
941 926 16018
940 638 16019
583 557 16020
942 651 16021
942 646 16022
942 943 16023
942 650 16024
934 437 16025
325 941 16026
408 254 16027
944 128 16028
408 388 16029
557 583 16030
73 74 16031
283 194 16032
283 445 16033
704 924 16034
770 386 16035
873 224 16036
445 283 16037
770 686 16038
283 445 16039
408 388 16040
770 928 16041
847 97 16042
770 928 16043
770 513 16044
445 283 16045
283 445 16046
445 283 16047
283 445 16048
388 408 16049
283 297 16050
557 513 16051
445 283 16052
557 445 16053
945 625 16054
404 679 16055
172 638 16056
738 191 16057
404 679 16058
625 945 16059
345 518 16060
345 518 16061
345 346 16062
783 325 16063
345 691 16064
345 691 16065
345 691 16066
345 946 16067
345 947 16068
345 95 16069
242 913 16070
103 386 16071
103 345 16072
103 948 16073
901 482 16074
901 41 16075
884 194 16076
884 913 16077
189 712 16078
67 683 16079
801 768 16080
801 768 16081
473 620 16082
194 283 16083
638 51 16084
903 933 16085
903 679 16086
830 454 16087
830 924 16088
857 72 16089
184 928 16090
32 375 16091
32 375 16092
174 679 16093
928 184 16094
41 901 16095
484 770 16096
32 940 16097
809 573 16098
599 41 16099
599 41 16100
765 568 16101
599 41 16102
621 774 16103
393 263 16104
621 774 16105
621 686 16106
626 738 16107
944 393 16108
462 675 16109
949 27 16110
913 814 16111
913 797 16112
913 51 16113
72 857 16114
913 41 16115
913 242 16116
913 884 16117
915 901 16118
474 679 16119
830 913 16120
913 830 16121
199 445 16122
462 913 16123
474 847 16124
400 396 16125
913 462 16126
708 834 16127
915 928 16128
462 913 16129
915 393 16130
949 199 16131
913 462 16132
400 823 16133
462 913 16134
400 517 16135
679 903 16136
727 638 16137
679 474 16138
679 404 16139
400 819 16140
915 654 16141
400 639 16142
27 949 16143
27 184 16144
770 484 16145
913 462 16146
770 173 16147
915 437 16148
915 886 16149
400 676 16150
296 194 16151
224 873 16152
296 445 16153
915 862 16154
400 673 16155
620 473 16156
913 950 16157
915 841 16158
913 638 16159
913 548 16160
400 700 16161
638 913 16162
638 913 16163
781 233 16164
915 823 16165
474 679 16166
734 617 16167
915 901 16168
283 194 16169
254 408 16170
254 874 16171
254 308 16172
462 913 16173
951 474 16174
928 915 16175
768 801 16176
437 625 16177
474 951 16178
915 928 16179
599 68 16180
68 173 16181
68 599 16182
599 68 16183
68 599 16184
70 400 16185
679 949 16186
599 68 16187
68 599 16188
599 68 16189
68 599 16190
36 834 16191
36 940 16192
242 913 16193
599 68 16194
586 308 16195
68 599 16196
68 375 16197
599 68 16198
586 538 16199
308 586 16200
68 599 16201
599 68 16202
68 599 16203
884 913 16204
942 72 16205
599 68 16206
68 599 16207
599 68 16208
189 712 16209
36 189 16210
68 599 16211
599 68 16212
68 599 16213
830 549 16214
355 194 16215
599 68 16216
68 599 16217
355 296 16218
355 316 16219
942 454 16220
189 579 16221
599 68 16222
189 868 16223
68 599 16224
103 853 16225
283 853 16226
189 862 16227
189 735 16228
189 735 16229
189 735 16230
676 400 16231
103 52 16232
103 599 16233
599 68 16234
599 103 16235
189 682 16236
189 802 16237
68 599 16238
103 599 16239
103 831 16240
830 952 16241
599 68 16242
953 265 16243
220 103 16244
599 103 16245
68 599 16246
953 85 16247
103 599 16248
953 954 16249
950 913 16250
599 103 16251
950 260 16252
599 68 16253
103 599 16254
68 599 16255
654 915 16256
183 289 16257
128 715 16258
952 830 16259
183 769 16260
599 68 16261
599 103 16262
103 599 16263
654 620 16264
498 194 16265
654 632 16266
68 599 16267
338 454 16268
950 429 16269
103 306 16270
590 835 16271
950 517 16272
632 654 16273
950 588 16274
599 68 16275
103 886 16276
725 928 16277
654 632 16278
68 599 16279
473 620 16280
632 654 16281
498 389 16282
949 679 16283
599 68 16284
654 632 16285
103 598 16286
103 929 16287
509 513 16288
509 272 16289
212 439 16290
632 654 16291
942 42 16292
42 339 16293
738 626 16294
42 573 16295
68 599 16296
212 765 16297
42 445 16298
573 42 16299
42 922 16300
586 308 16301
42 41 16302
586 952 16303
599 68 16304
68 599 16305
42 72 16306
72 42 16307
42 194 16308
599 68 16309
42 738 16310
68 599 16311
42 632 16312
42 955 16313
42 291 16314
168 400 16315
103 841 16316
168 834 16317
42 353 16318
103 799 16319
42 767 16320
42 263 16321
289 183 16322
289 835 16323
42 600 16324
841 915 16325
212 678 16326
835 289 16327
263 42 16328
42 263 16329
599 68 16330
263 42 16331
42 952 16332
68 599 16333
42 132 16334
481 769 16335
103 63 16336
42 302 16337
498 686 16338
103 917 16339
498 823 16340
302 42 16341
481 768 16342
768 393 16343
768 481 16344
777 317 16344
777 59 16345
704 901 16346
103 525 16347
599 68 16348
263 393 16349
103 525 16350
68 599 16351
404 679 16352
103 525 16353
853 283 16353
393 263 16354
103 525 16355
103 525 16356
853 103 16357
103 525 16358
103 525 16359
103 525 16360
289 835 16361
599 68 16362
393 263 16363
41 42 16364
68 599 16365
41 913 16366
103 525 16367
103 525 16368
103 525 16369
103 525 16370
103 853 16371
103 525 16372
103 525 16373
183 289 16374
183 956 16375
599 68 16376
103 525 16377
103 525 16378
103 525 16379
68 599 16380
103 525 16381
103 525 16382
103 525 16383
777 840 16384
103 525 16385
103 525 16386
859 325 16387
103 525 16388
599 68 16389
19 525 16390
19 525 16391
859 400 16392
308 586 16393
859 189 16394
68 599 16395
19 654 16396
400 70 16397
777 429 16398
400 676 16399
400 168 16400
525 103 16401
19 957 16402
733 502 16403
599 68 16404
733 626 16405
777 721 16406
19 525 16407
103 525 16408
68 599 16409
19 859 16410
400 859 16411
103 525 16412
19 525 16413
19 525 16414
19 525 16415
859 400 16416
97 934 16417
97 847 16418
400 859 16419
19 859 16420
19 525 16421
19 525 16422
199 949 16423
67 917 16424
733 859 16425
19 924 16426
733 835 16427
599 68 16428
19 598 16429
103 957 16430
777 513 16431
19 711 16432
626 738 16433
626 733 16434
68 599 16435
103 345 16436
199 212 16437
952 42 16438
928 915 16439
933 903 16440
52 103 16441
103 52 16442
599 68 16443
189 859 16444
454 830 16445
551 859 16446
454 338 16447
189 859 16448
830 454 16449
277 254 16450
952 586 16451
297 283 16452
454 830 16453
242 454 16454
770 454 16455
770 788 16456
958 959 16457
958 959 16458
67 282 16459
958 704 16460
644 378 16461
687 473 16462
687 473 16463
884 928 16464
621 830 16465
687 836 16466
884 556 16467
830 621 16468
621 768 16469
830 454 16470
770 768 16471
924 686 16472
770 960 16473
770 599 16474
103 931 16475
704 958 16476
928 884 16477
768 770 16478
884 928 16479
513 777 16480
770 768 16481
928 884 16482
277 770 16483
884 928 16484
517 400 16485
517 950 16486
34 768 16487
517 950 16488
928 884 16489
454 770 16490
454 830 16491
599 770 16492
19 654 16493
884 928 16494
770 454 16495
770 599 16496
19 924 16497
950 454 16498
599 770 16499
950 454 16500
454 950 16501
950 454 16502
770 599 16503
454 950 16504
950 454 16505
781 721 16506
940 32 16507
923 721 16508
830 454 16509
454 950 16510
454 830 16511
950 454 16512
928 884 16513
454 950 16514
859 400 16515
32 940 16516
950 454 16517
859 733 16518
884 928 16519
626 681 16520
19 859 16521
42 952 16522
859 551 16522
376 687 16523
625 437 16524
454 950 16525
42 794 16526
19 859 16527
19 859 16528
626 915 16529
19 711 16530
950 454 16531
36 940 16532
454 950 16533
950 454 16534
19 711 16535
36 189 16536
454 950 16537
599 770 16538
928 884 16539
770 599 16540
704 140 16541
19 859 16542
19 711 16543
725 928 16544
425 765 16545
884 928 16546
928 334 16547
679 949 16548
859 626 16549
498 874 16550
765 425 16551
194 498 16552
194 355 16553
194 283 16554
599 770 16555
194 621 16556
599 289 16557
194 42 16558
928 884 16559
194 296 16560
19 654 16561
770 599 16562
289 599 16563
334 928 16564
928 334 16565
19 859 16566
334 928 16567
194 928 16568
194 97 16569
928 334 16570
334 928 16571
949 199 16572
626 859 16573
884 928 16574
599 770 16575
334 194 16576
928 334 16577
599 289 16578
88 952 16579
334 928 16580
334 928 16581
770 599 16582
289 599 16583
949 679 16584
928 194 16585
42 961 16586
19 654 16587
928 334 16588
194 334 16589
460 934 16589
725 928 16590
334 928 16591
194 928 16592
334 194 16593
801 768 16594
721 777 16595
721 923 16596
194 334 16597
334 194 16598
599 289 16599
599 770 16600
289 599 16601
770 599 16602
928 334 16603
334 928 16604
599 289 16605
67 460 16606
19 654 16607
599 770 16608
67 721 16609
721 781 16610
770 599 16611
498 194 16612
67 721 16613
289 599 16614
770 194 16615
679 949 16616
928 334 16617
687 950 16618
194 498 16619
67 679 16620
934 460 16621
194 770 16622
934 460 16623
928 194 16624
67 928 16625
194 498 16626
67 536 16627
679 949 16628
770 194 16629
67 679 16630
498 194 16631
277 194 16632
194 770 16633
194 498 16634
599 770 16635
42 801 16636
928 67 16637
67 679 16638
42 176 16639
194 498 16640
638 939 16641
638 520 16642
770 194 16643
67 928 16644
770 599 16645
42 928 16646
63 103 16647
962 616 16648
176 42 16649
962 616 16650
63 242 16651
482 901 16652
242 297 16653
63 963 16654
492 835 16655
928 42 16656
498 194 16657
242 63 16658
63 242 16659
814 928 16660
103 63 16661
194 498 16662
942 72 16663
830 454 16664
296 355 16665
942 454 16666
296 194 16667
277 194 16668
67 679 16669
242 63 16670
599 770 16671
63 103 16672
297 242 16673
63 242 16674
103 63 16675
63 103 16676
770 599 16677
950 687 16678
928 814 16679
498 194 16680
103 63 16681
63 103 16682
928 884 16683
132 42 16684
725 928 16685
277 770 16686
277 884 16687
103 63 16688
277 830 16689
949 679 16690
103 63 16691
277 271 16692
63 103 16693
63 103 16694
679 949 16695
72 942 16696
242 63 16697
63 242 16698
67 679 16699
242 297 16700
277 770 16701
242 63 16702
402 400 16703
277 830 16704
63 242 16705
276 924 16706
297 242 16707
277 770 16708
599 770 16709
242 297 16710
770 599 16711
63 949 16712
242 63 16713
63 242 16714
851 679 16715
297 242 16716
67 212 16717
277 770 16718
375 32 16719
67 679 16720
851 787 16721
63 193 16722
454 830 16723
924 768 16724
242 297 16725
193 63 16726
375 68 16727
949 679 16728
242 63 16729
851 679 16730
193 63 16731
63 242 16732
949 63 16733
103 938 16734
297 242 16735
193 63 16736
63 949 16737
277 770 16738
679 949 16739
103 402 16740
242 297 16741
193 63 16742
242 63 16743
193 63 16744
940 598 16745
830 454 16746
569 949 16747
297 242 16748
193 302 16749
454 830 16750
242 297 16751
193 63 16752
940 536 16753
949 63 16754
638 964 16755
277 830 16756
263 132 16757
536 940 16758
297 242 16759
277 770 16760
940 536 16761
942 454 16762
423 675 16763
569 949 16763
725 928 16764
402 103 16765
536 940 16766
942 646 16767
242 297 16768
277 770 16769
940 536 16770
103 402 16771
297 242 16772
964 638 16773
242 297 16774
103 617 16775
942 454 16776
277 770 16777
638 964 16778
617 73 16779
536 940 16780
940 536 16781
297 242 16782
454 942 16783
926 941 16784
942 454 16785
926 557 16786
928 94 16787
617 734 16788
454 942 16789
242 297 16790
679 949 16791
303 840 16792
940 454 16793
940 454 16794
926 325 16795
638 964 16796
277 770 16797
940 708 16798
454 940 16799
94 928 16800
536 940 16801
708 940 16802
297 242 16803
924 68 16804
242 256 16805
924 68 16806
940 454 16807
242 297 16808
940 536 16809
940 708 16810
277 770 16811
840 303 16812
454 940 16813
536 940 16814
297 242 16815
498 840 16816
942 454 16817
256 498 16818
687 950 16819
242 297 16820
777 721 16821
928 725 16822
19 654 16823
498 256 16824
454 942 16825
97 194 16826
19 924 16827
132 263 16828
277 770 16828
725 928 16829
103 840 16830
297 242 16831
103 256 16832
583 557 16833
242 297 16834
297 242 16835
53 250 16836
239 950 16837
263 132 16838
19 711 16839
940 536 16840
239 950 16841
728 617 16842
950 687 16843
378 644 16844
725 840 16845
303 840 16846
734 617 16847
950 840 16848
239 950 16849
884 928 16850
536 940 16851
728 607 16852
498 495 16853
840 725 16854
840 950 16855
950 840 16856
800 765 16857
132 263 16858
263 132 16859
19 654 16860
840 536 16861
809 573 16862
940 536 16863
402 103 16864
19 654 16865
809 830 16866
520 964 16867
334 840 16868
840 334 16869
725 840 16870
770 840 16871
809 884 16871
953 27 16872
770 256 16873
953 588 16874
840 725 16875
953 840 16876
619 194 16877
853 103 16878
619 389 16879
928 965 16880
619 784 16881
619 194 16882
840 352 16883
194 619 16884
809 884 16885
928 884 16886
619 194 16887
928 725 16888
770 277 16889
965 928 16890
619 194 16891
913 462 16892
826 913 16893
619 194 16894
913 242 16895
194 619 16896
334 840 16897
913 884 16898
940 52 16899
619 194 16900
277 770 16901
913 950 16902
913 41 16903
725 840 16904
708 940 16905
194 619 16906
940 151 16907
928 965 16908
573 840 16909
950 913 16910
498 393 16911
940 274 16912
884 913 16913
770 277 16914
725 928 16915
966 697 16915
809 884 16916
913 950 16917
619 194 16918
840 573 16919
809 573 16920
654 346 16921
913 884 16922
586 952 16923
697 966 16924
940 798 16925
950 913 16926
809 777 16927
194 619 16928
654 346 16929
884 928 16930
913 950 16931
94 965 16932
913 830 16933
949 913 16934
27 953 16935
94 320 16936
586 654 16937
940 61 16938
19 711 16939
884 913 16939
239 950 16940
586 538 16941
950 913 16942
586 840 16943
940 713 16944
619 194 16945
619 194 16946
966 697 16947
840 586 16948
697 966 16949
940 708 16950
940 913 16951
635 597 16952
966 697 16953
913 949 16954
297 337 16955
871 840 16956
654 586 16957
913 884 16958
638 520 16959
686 131 16960
913 950 16961
686 770 16962
913 940 16963
654 586 16964
928 573 16965
686 621 16966
640 784 16967
686 924 16968
830 913 16969
573 928 16970
573 928 16971
913 830 16972
41 913 16973
830 277 16974
913 41 16975
949 913 16976
913 949 16977
830 454 16978
770 277 16979
830 913 16980
498 194 16981
830 840 16982
640 638 16983
840 263 16984
884 913 16985
263 840 16986
621 686 16987
635 719 16987
41 913 16988
638 640 16989
928 573 16990
928 573 16991
294 831 16992
539 840 16993
52 103 16994
52 940 16995
724 840 16996
928 884 16997
573 928 16998
19 410 16999
719 635 17000
371 191 17001
590 840 17002
19 806 17003
928 573 17004
884 928 17005
19 527 17006
950 913 17007
697 966 17008
393 498 17009
239 950 17010
498 393 17011
393 498 17012
697 341 17013
681 388 17014
388 681 17015
239 950 17016
681 388 17016
965 94 17017
498 393 17018
950 239 17019
393 498 17020
63 242 17021
777 297 17022
63 193 17023
63 949 17024
103 967 17025
809 771 17026
193 63 17027
809 884 17028
239 950 17029
396 378 17029
372 396 17030
840 724 17031
840 539 17032
840 590 17033
561 308 17034
968 78 17035
32 957 17036
254 277 17037
809 830 17038
561 103 17039
277 254 17040
561 727 17041
297 777 17042
770 44 17043
679 72 17044
68 375 17045
516 194 17046
74 379 17047
68 599 17048
967 103 17049
68 924 17050
346 345 17051
74 840 17052
72 679 17053
194 516 17054
103 967 17055
454 830 17056
68 840 17057
561 103 17058
53 953 17059
781 721 17060
809 830 17061
795 913 17062
704 605 17063
654 346 17064
966 697 17065
212 199 17066
561 956 17067
679 72 17067
801 42 17068
704 617 17069
830 454 17070
928 884 17071
928 725 17072
199 212 17073
396 372 17074
389 242 17075
834 708 17076
389 830 17077
32 654 17078
725 928 17079
389 619 17080
809 830 17081
41 928 17082
176 928 17083
389 41 17084
654 32 17085
389 498 17086
654 32 17087
68 952 17088
830 389 17089
498 389 17090
498 393 17091
928 41 17092
928 176 17093
389 830 17094
967 279 17095
967 279 17096
967 279 17097
389 498 17098
823 309 17099
967 279 17100
176 928 17101
142 244 17102
720 787 17103
928 725 17104
925 826 17105
36 189 17106
928 176 17107
830 389 17108
19 525 17109
823 498 17110
199 569 17111
679 306 17112
809 830 17113
498 389 17114
32 654 17115
176 928 17116
36 940 17117
594 765 17118
594 882 17119
73 617 17120
823 915 17121
679 341 17122
586 840 17123
683 67 17124
41 389 17125
498 823 17126
41 928 17127
447 400 17128
586 654 17129
834 168 17130
586 654 17131
569 199 17132
212 741 17133
61 940 17134
823 400 17135
325 859 17136
599 68 17137
364 509 17138
809 884 17139
725 928 17140
809 830 17141
364 532 17142
68 599 17143
36 834 17144
283 853 17145
823 498 17146
586 815 17147
283 297 17148
801 313 17149
835 492 17150
151 940 17151
586 969 17152
283 194 17153
498 823 17154
599 68 17155
36 940 17156
27 970 17157
809 830 17158
36 834 17159
777 297 17160
840 74 17161
36 19 17162
840 586 17163
950 815 17164
823 498 17165
297 283 17166
492 835 17166
758 741 17167
950 341 17168
492 835 17169
725 952 17170
725 952 17171
181 967 17172
297 777 17173
492 835 17174
36 19 17175
212 199 17176
809 830 17177
652 27 17178
777 297 17179
809 482 17180
297 777 17181
777 840 17182
586 840 17183
950 823 17184
940 151 17185
181 454 17186
777 297 17187
283 277 17188
835 492 17189
277 283 17190
283 277 17191
492 835 17192
277 283 17193
809 830 17194
212 303 17195
492 835 17196
782 536 17197
36 940 17198
823 950 17199
809 482 17200
871 783 17201
277 41 17202
199 569 17203
297 777 17204
341 950 17205
199 212 17206
950 823 17207
950 341 17208
823 950 17209
204 181 17210
341 950 17211
495 498 17212
814 913 17213
27 652 17214
204 498 17215
777 297 17216
277 823 17217
871 277 17218
871 495 17219
652 27 17220
950 823 17221
871 277 17222
950 341 17223
840 777 17224
809 830 17225
27 652 17226
725 697 17227
777 277 17228
652 27 17229
823 277 17230
277 777 17231
823 950 17232
871 277 17233
928 41 17233
782 483 17234
9 142 17235
277 823 17236
9 142 17237
928 176 17238
9 626 17239
950 823 17240
72 679 17241
823 277 17242
9 788 17242
871 277 17243
777 277 17244
27 652 17245
9 177 17246
400 517 17247
940 36 17248
9 859 17249
823 950 17250
277 823 17251
277 777 17252
9 683 17253
652 27 17254
498 495 17255
176 928 17256
498 823 17257
27 652 17258
400 859 17258
871 277 17259
809 482 17260
777 277 17261
396 679 17262
173 194 17263
815 364 17264
325 952 17265
823 277 17266
652 27 17267
400 402 17268
277 871 17269
176 815 17270
950 823 17271
809 830 17272
823 498 17273
277 777 17274
277 823 17275
871 277 17276
823 950 17277
777 277 17278
400 447 17279
679 72 17280
48 274 17281
679 396 17282
601 103 17283
72 679 17284
396 400 17285
277 777 17286
27 652 17287
679 72 17288
277 871 17289
871 969 17290
823 277 17291
679 851 17292
601 400 17293
283 277 17294
498 823 17295
815 176 17296
9 601 17297
176 815 17298
871 277 17299
884 928 17300
277 823 17301
777 277 17302
971 972 17303
68 173 17304
277 871 17305
652 27 17306
871 466 17307
297 777 17308
277 283 17309
950 823 17310
601 851 17311
325 713 17312
711 341 17313
871 277 17314
41 277 17315
396 679 17316
277 777 17317
557 926 17318
277 41 17319
823 498 17320
277 871 17321
283 277 17322
679 396 17323
815 176 17324
569 199 17325
41 815 17326
823 277 17327
277 283 17328
41 283 17329
783 871 17330
777 277 17331
341 711 17332
823 950 17333
41 277 17334
277 823 17335
277 41 17336
823 277 17337
871 783 17338
27 652 17339
448 973 17340
711 341 17341
176 815 17342
277 777 17343
871 831 17344
448 297 17345
973 448 17346
498 823 17347
972 971 17348
448 971 17349
652 27 17350
794 42 17351
950 823 17352
448 973 17353
809 884 17354
199 569 17355
928 283 17356
396 679 17357
971 448 17358
815 176 17359
831 871 17360
652 831 17361
364 815 17362
448 371 17363
831 652 17364
72 679 17365
971 974 17366
402 400 17367
364 815 17368
971 974 17369
969 719 17370
448 52 17371
341 711 17372
815 283 17373
652 831 17374
400 823 17375
782 721 17376
815 364 17377
41 815 17378
714 713 17379
823 498 17380
974 971 17381
448 626 17382
974 971 17383
823 950 17384
973 448 17385
569 199 17386
777 176 17387
199 971 17388
498 274 17389
498 823 17390
204 498 17391
448 69 17392
144 805 17393
652 194 17394
971 974 17395
950 823 17396
199 569 17397
203 194 17398
204 176 17399
823 498 17400
971 974 17401
974 971 17402
199 952 17403
831 652 17404
974 971 17405
823 950 17406
27 652 17407
971 199 17408
194 652 17409
652 831 17410
498 823 17411
969 961 17412
199 971 17413
143 201 17414
448 454 17415
971 974 17416
950 823 17417
448 59 17418
974 971 17419
400 396 17420
41 943 17420
652 194 17421
103 601 17422
199 949 17423
823 498 17424
297 448 17425
652 27 17426
74 44 17426
783 871 17427
831 652 17428
498 823 17429
823 193 17430
204 498 17431
203 866 17432
448 831 17433
871 783 17434
823 498 17435
942 871 17436
306 679 17437
711 341 17438
823 950 17439
652 831 17440
871 942 17441
557 583 17442
194 652 17443
950 823 17444
783 871 17445
143 201 17446
144 142 17447
448 969 17448
871 783 17449
768 801 17450
498 823 17451
41 151 17452
823 950 17453
831 448 17454
144 189 17455
341 711 17456
852 851 17457
27 652 17458
151 41 17459
201 143 17460
448 712 17461
823 498 17461
41 969 17462
783 871 17463
569 199 17464
41 151 17465
950 823 17466
193 823 17467
448 967 17468
498 823 17469
396 400 17470
652 194 17471
711 341 17472
652 322 17473
151 971 17474
942 871 17475
448 194 17476
341 840 17477
823 950 17478
144 121 17479
176 815 17479
448 561 17480
652 27 17481
809 884 17482
823 193 17483
400 601 17484
204 498 17485
454 181 17486
341 711 17487
176 777 17488
561 448 17489
194 448 17490
823 498 17491
194 448 17492
341 157 17493
341 157 17494
341 157 17495
950 823 17496
448 569 17497
454 448 17498
679 396 17499
768 355 17500
561 448 17501
652 389 17502
711 341 17503
652 389 17504
823 950 17505
679 72 17506
199 569 17507
193 823 17508
448 299 17509
400 396 17510
392 475 17511
871 437 17512
809 884 17513
714 297 17514
871 942 17515
396 679 17516
809 448 17517
448 587 17518
400 974 17519
400 973 17520
871 783 17521
341 460 17522
475 392 17523
498 823 17524
67 475 17524
448 601 17525
400 402 17526
569 448 17527
204 498 17528
652 149 17529
973 400 17530
67 475 17531
448 971 17532
72 679 17533
199 975 17534
448 973 17535
950 823 17535
41 59 17536
969 557 17537
448 297 17538
448 831 17539
853 976 17540
770 36 17541
777 176 17542
67 475 17543
831 448 17544
144 41 17545
783 871 17546
341 711 17547
204 498 17548
67 475 17549
973 448 17550
72 967 17551
770 61 17551
400 973 17552
9 652 17553
9 601 17554
67 475 17555
561 448 17556
204 777 17557
283 277 17558
679 72 17559
809 884 17560
277 283 17561
561 557 17561
283 928 17562
679 396 17563
283 815 17564
711 341 17565
448 454 17566
283 277 17567
297 714 17568
283 41 17569
977 346 17570
337 297 17571
297 448 17572
950 823 17573
181 454 17574
396 679 17575
337 966 17576
557 969 17577
297 337 17578
711 341 17579
679 396 17580
181 495 17581
823 193 17582
204 498 17583
448 569 17584
189 36 17585
277 283 17586
586 978 17587
823 498 17588
9 652 17589
294 831 17590
561 448 17591
72 679 17592
189 144 17593
356 711 17594
204 181 17595
448 831 17596
823 950 17597
711 356 17598
823 950 17599
809 448 17600
41 978 17601
194 448 17602
204 777 17603
296 194 17604
809 884 17605
973 400 17605
561 448 17606
978 979 17607
561 448 17608
557 561 17609
308 561 17610
181 204 17611
356 711 17611
950 823 17612
711 356 17613
969 557 17614
67 978 17615
498 204 17616
204 181 17617
41 283 17618
396 679 17619
176 978 17620
396 679 17621
561 557 17621
212 439 17622
974 978 17623
679 396 17624
498 823 17625
448 244 17626
561 308 17627
831 448 17628
356 711 17629
561 448 17630
679 396 17631
448 254 17632
809 448 17633
204 498 17634
323 68 17635
980 831 17636
561 448 17637
396 679 17638
448 831 17639
323 638 17640
979 978 17641
557 969 17642
915 823 17642
194 296 17643
777 176 17644
193 823 17645
831 980 17646
68 323 17647
296 194 17648
448 809 17649
204 303 17650
969 557 17651
823 950 17652
831 448 17653
498 204 17654
396 679 17655
679 396 17656
561 448 17657
980 831 17658
679 396 17659
204 498 17660
194 296 17661
448 831 17662
823 498 17663
831 980 17664
557 561 17665
858 199 17666
448 561 17667
337 297 17668
9 652 17669
495 498 17670
950 823 17671
448 831 17672
495 181 17673
121 144 17674
831 448 17675
831 448 17676
711 356 17677
708 940 17678
708 834 17679
199 858 17680
104 97 17681
297 337 17682
104 638 17683
539 840 17684
969 557 17685
124 713 17686
68 323 17687
124 617 17688
95 712 17689
831 981 17690
95 708 17691
704 978 17692
704 971 17693
189 36 17694
95 63 17695
969 549 17696
124 712 17697
549 969 17698
686 621 17699
835 492 17700
199 978 17701
68 969 17702
704 943 17702
95 713 17703
189 144 17704
498 823 17705
95 938 17706
498 204 17707
969 549 17708
686 924 17709
969 68 17710
629 713 17711
644 378 17712
498 495 17713
683 9 17714
686 498 17715
460 934 17716
95 345 17717
498 686 17718
68 969 17719
346 654 17720
346 977 17721
686 498 17722
686 621 17723
95 712 17724
498 194 17725
498 686 17726
917 103 17727
199 355 17728
199 355 17729
199 460 17730
569 448 17731
392 475 17732
41 815 17733
447 400 17734
569 199 17735
308 561 17736
662 625 17737
176 815 17738
823 193 17739
823 950 17740
546 831 17741
199 569 17742
687 97 17743
546 823 17744
283 41 17745
823 498 17746
95 638 17747
823 546 17748
103 969 17749
569 199 17750
823 915 17751
686 498 17752
498 686 17753
103 795 17754
546 823 17755
686 498 17756
199 569 17757
969 103 17758
961 42 17759
644 977 17760
969 961 17761
103 969 17762
823 546 17763
498 686 17764
103 708 17765
569 199 17766
546 460 17767
103 975 17768
498 823 17769
546 823 17770
103 587 17771
498 823 17772
625 662 17773
644 943 17774
176 975 17775
686 498 17776
498 881 17777
72 683 17778
475 392 17779
823 498 17780
199 569 17781
823 546 17782
823 498 17783
199 498 17784
569 199 17785
943 644 17786
686 498 17787
605 704 17788
605 272 17789
498 686 17790
847 140 17791
981 831 17792
913 884 17793
913 950 17794
250 53 17795
41 283 17796
193 913 17797
41 913 17798
41 975 17799
41 176 17800
981 817 17801
254 277 17802
103 973 17803
473 687 17804
103 841 17805
498 823 17806
498 823 17807
973 103 17808
103 973 17809
9 683 17810
973 103 17811
294 103 17812
536 782 17813
536 940 17814
103 973 17815
596 400 17816
302 193 17817
973 103 17818
84 437 17819
596 103 17820
969 103 17821
9 282 17822
9 978 17823
9 977 17824
561 557 17825
561 448 17826
445 296 17827
204 498 17828
294 103 17828
881 498 17829
199 445 17830
103 973 17831
561 448 17832
712 448 17833
445 199 17834
498 881 17835
973 103 17836
712 95 17837
561 308 17838
103 973 17839
969 103 17840
969 103 17841
250 53 17842
103 445 17843
250 358 17844
250 853 17845
199 445 17846
660 777 17847
204 498 17848
975 176 17849
697 966 17850
199 445 17851
697 725 17852
884 913 17853
939 638 17854
942 349 17855
454 448 17856
975 176 17857
103 658 17858
109 400 17859
834 708 17860
454 181 17861
176 975 17862
109 282 17863
942 454 17864
176 978 17865
41 975 17866
454 467 17867
686 163 17868
109 400 17869
942 454 17870
942 454 17871
44 834 17872
942 454 17873
204 498 17874
686 621 17875
942 454 17876
561 557 17877
189 712 17878
686 74 17879
372 396 17880
454 372 17881
741 758 17882
372 969 17883
821 475 17884
454 372 17885
969 372 17886
475 821 17887
142 144 17888
283 41 17889
821 475 17890
372 969 17891
204 498 17892
73 74 17893
475 142 17894
454 372 17895
475 821 17896
95 712 17897
12 175 17898
44 189 17899
969 283 17900
73 773 17901
969 372 17902
12 599 17903
372 969 17904
454 372 17905
770 768 17906
975 199 17907
969 372 17908
658 103 17909
975 103 17910
12 73 17911
12 599 17912
975 176 17913
821 475 17914
372 969 17915
176 975 17916
372 969 17917
975 590 17918
770 454 17919
103 658 17920
964 590 17920
969 372 17921
372 969 17922
590 975 17923
73 617 17923
3 372 17924
372 969 17924
590 964 17924
73 74 17924
250 599 17925
969 372 17926
826 925 17927
392 475 17928
809 448 17929
884 658 17930
975 590 17931
151 982 17932
242 297 17933
599 250 17934
12 599 17935
346 654 17936
12 73 17937
242 913 17938
12 527 17939
12 527 17940
242 63 17940
242 389 17941
12 711 17942
12 711 17943
95 983 17944
12 817 17945
425 765 17946
297 242 17947
3 372 17948
12 711 17949
686 372 17950
809 598 17951
388 513 17952
686 372 17953
103 983 17954
543 400 17955
12 599 17956
12 984 17957
513 388 17958
983 95 17959
766 41 17960
983 103 17961
686 372 17962
388 513 17963
766 400 17964
766 283 17965
103 983 17966
513 388 17967
12 711 17968
388 513 17969
956 183 17970
475 392 17971
513 388 17972
809 250 17973
12 711 17974
12 711 17975
766 638 17976
983 103 17977
103 817 17978
809 250 17979
12 711 17980
12 282 17981
12 711 17982
12 766 17983
12 711 17984
27 652 17985
809 250 17986
95 983 17987
109 400 17988
263 762 17988
639 400 17989
809 821 17990
12 713 17991
12 713 17992
983 95 17993
12 711 17994
762 263 17995
809 250 17996
109 719 17997
297 372 17998
639 590 17999
809 821 17999
762 562 18000
250 109 18001
372 297 18002
212 590 18003
297 372 18004
392 475 18005
372 297 18006
762 513 18006
12 711 18007
513 762 18008
297 513 18009
212 555 18010
297 372 18011
616 962 18012
513 297 18013
388 439 18014
800 616 18015
448 831 18016
297 513 18017
181 495 18018
983 985 18019
212 388 18020
448 569 18020
263 762 18021
181 454 18022
513 297 18023
975 296 18024
983 985 18025
448 712 18026
204 181 18027
181 783 18028
448 454 18029
915 823 18030
12 711 18031
41 817 18032
513 388 18033
985 983 18034
204 181 18035
388 513 18036
12 711 18037
263 762 18038
297 63 18038
783 181 18038
513 388 18039
95 983 18040
986 835 18041
372 297 18042
835 986 18043
448 987 18044
12 711 18045
388 212 18046
338 454 18047
250 513 18048
181 783 18049
338 348 18049
338 348 18049
338 475 18050
338 97 18051
448 392 18052
311 400 18053
513 250 18054
263 513 18055
372 988 18056
988 372 18057
448 835 18058
448 817 18059
212 388 18060
926 557 18061
392 448 18062
448 815 18063
681 513 18064
835 448 18065
681 987 18066
448 513 18067
372 766 18068
448 392 18069
95 311 18070
448 835 18071
513 448 18072
501 768 18073
12 969 18074
297 372 18075
681 513 18076
448 513 18077
986 681 18078
501 498 18079
627 762 18080
513 448 18081
392 815 18082
835 448 18083
392 448 18084
372 513 18085
372 988 18086
297 448 18087
448 513 18087
513 372 18088
627 388 18088
372 297 18089
448 835 18090
388 627 18091
448 392 18091
513 448 18092
388 627 18093
388 627 18094
627 388 18095
501 236 18096
12 969 18097
448 297 18098
627 762 18099
388 627 18100
297 448 18101
448 513 18101
181 783 18102
448 297 18103
297 372 18104
372 513 18105
372 297 18106
513 372 18107
297 372 18108
372 988 18109
372 513 18110
181 766 18111
263 989 18111
555 513 18111
681 388 18111
681 388 18111
204 181 18112
590 639 18113
590 212 18114
212 555 18115
212 590 18116
681 988 18116
181 513 18117
681 388 18118
181 204 18119
681 562 18120
681 562 18121
181 969 18122
263 843 18123
986 619 18124
372 769 18125
583 557 18126
939 977 18126
986 590 18127
783 181 18128
986 939 18129
681 590 18130
983 985 18131
590 681 18132
12 681 18133
969 181 18134
681 590 18135
985 983 18136
986 590 18137
542 840 18138
986 542 18138
986 984 18139
513 372 18140
986 542 18141
513 555 18142
12 681 18143
840 542 18144
181 783 18145
181 969 18146
939 364 18147
555 513 18148
555 840 18149
513 555 18150
714 840 18150
12 969 18151
181 840 18152
542 840 18153
840 555 18154
986 263 18155
840 714 18156
939 457 18157
12 513 18158
513 263 18159
969 181 18160
181 969 18161
372 513 18162
236 501 18163
236 501 18164
546 823 18165
236 501 18166
555 513 18167
513 372 18168
714 840 18169
513 555 18170
969 181 18171
263 513 18172
555 840 18173
191 815 18174
555 886 18175
683 72 18176
63 297 18177
63 242 18178
63 95 18179
388 513 18180
63 990 18181
815 191 18181
191 874 18182
72 683 18183
191 815 18184
204 181 18185
191 501 18186
181 969 18187
783 181 18188
103 840 18189
639 555 18190
532 364 18191
103 151 18192
840 103 18193
103 840 18194
103 983 18195
985 983 18196
181 194 18197
539 985 18198
308 769 18199
539 985 18200
308 272 18201
308 311 18202
980 840 18203
439 131 18204
985 976 18205
439 212 18206
103 439 18207
504 542 18208
542 504 18209
546 766 18210
504 400 18211
103 504 18212
504 103 18213
103 783 18214
103 504 18215
42 543 18216
103 988 18217
42 964 18218
964 42 18219
934 460 18220
536 336 18221
765 594 18222
3 372 18223
283 840 18224
105 61 18225
342 969 18226
342 971 18227
342 971 18228
991 986 18229
402 400 18230
809 103 18231
809 482 18232
840 352 18233
797 454 18234
840 317 18235
400 109 18236
173 68 18237
342 840 18238
797 389 18239
543 42 18240
838 840 18241
342 544 18242
41 840 18243
199 975 18244
67 281 18245
151 103 18246
952 725 18247
176 840 18248
654 586 18249
586 654 18250
498 501 18251
654 586 18252
654 586 18253
654 346 18254
498 869 18255
586 654 18256
586 654 18257
272 308 18258
654 346 18259
272 605 18260
272 509 18261
41 176 18262
851 601 18263
176 41 18264
176 41 18265
851 852 18266
429 950 18267
204 949 18268
429 777 18269
610 41 18270
422 389 18271
212 289 18272
73 991 18273
212 439 18274
297 63 18275
966 697 18276
966 337 18277
986 991 18278
697 966 18279
966 697 18280
697 966 18281
817 448 18282
986 73 18283
697 475 18284
966 697 18285
986 448 18286
448 817 18287
986 50 18288
986 991 18289
986 991 18290
986 991 18291
986 991 18292
986 991 18293
986 991 18294
986 991 18295
817 448 18296
986 448 18297
986 418 18298
448 817 18299
801 42 18300
986 448 18301
801 313 18302
42 543 18303
986 448 18304
448 402 18305
439 212 18306
425 765 18307
586 626 18308
986 448 18309
68 173 18310
42 817 18311
586 513 18312
636 562 18312
986 448 18313
697 966 18314
986 42 18315
636 439 18316
495 498 18317
986 482 18318
586 402 18319
495 181 18320
63 297 18321
63 549 18322
626 586 18323
586 626 18324
626 586 18325
212 439 18326
402 586 18327
586 194 18328
402 448 18329
586 783 18330
712 189 18331
840 176 18332
986 448 18332
712 95 18333
986 482 18334
95 63 18335
114 400 18336
513 586 18337
189 712 18338
971 151 18339
712 448 18340
971 448 18341
971 704 18342
95 712 18343
189 712 18344
114 19 18345
765 425 18346
801 768 18347
27 652 18348
448 402 18349
448 712 18350
448 971 18351
189 712 18352
971 448 18353
199 840 18354
27 652 18355
448 971 18356
834 771 18357
771 988 18358
286 400 18359
36 940 18360
771 969 18361
586 513 18362
189 712 18363
36 189 18364
915 654 18365
598 794 18366
431 402 18367
915 841 18368
817 42 18369
448 840 18370
431 626 18371
771 783 18372
990 63 18373
986 771 18374
986 652 18375
852 355 18376
337 297 18377
431 697 18378
327 297 18379
986 48 18380
986 652 18381
337 840 18382
431 697 18383
318 132 18384
431 626 18385
454 181 18386
400 311 18387
454 448 18388
454 338 18389
431 697 18390
400 504 18391
783 103 18392
176 840 18393
212 646 18394
400 402 18395
783 586 18396
431 975 18397
212 263 18398
431 697 18399
783 771 18400
6 833 18401
212 6 18402
27 652 18403
942 454 18404
212 6 18405
542 598 18406
542 598 18407
783 586 18408
27 652 18409
212 6 18410
212 6 18411
542 460 18412
598 542 18413
598 542 18414
249 713 18415
249 779 18416
762 627 18417
70 400 18418
342 971 18419
513 586 18420
598 652 18421
598 19 18422
771 783 18423
513 652 18424
9 27 18425
9 835 18426
492 835 18427
679 404 18428
513 654 18429
652 513 18430
557 969 18431
492 817 18432
652 598 18433
212 704 18434
949 63 18435
212 413 18436
598 652 18437
831 448 18438
498 495 18439
652 598 18440
654 513 18441
652 513 18442
498 194 18443
498 985 18444
949 679 18445
949 679 18446
498 495 18447
949 260 18448
425 765 18449
679 949 18450
785 786 18451
815 191 18452
985 498 18452
44 249 18453
785 783 18453
679 962 18454
785 513 18455
869 498 18456
852 42 18457
204 949 18458
840 448 18459
840 176 18460
654 915 18461
701 60 18462
840 337 18463
939 975 18464
504 400 18465
448 454 18466
448 831 18467
448 840 18468
364 939 18469
498 869 18470
815 364 18471
592 400 18472
498 831 18473
3 372 18474
831 498 18475
337 840 18476
176 840 18477
660 659 18478
817 492 18479
492 817 18480
498 831 18481
991 73 18482
586 783 18483
586 783 18484
448 817 18485
504 337 18486
586 783 18487
586 513 18488
801 121 18489
337 504 18490
590 346 18491
950 823 18492
831 498 18493
950 913 18494
950 429 18495
222 120 18496
590 513 18497
713 372 18498
713 615 18499
590 402 18500
807 805 18501
708 103 18502
204 777 18503
389 830 18504
713 762 18505
708 834 18506
431 697 18507
389 498 18508
389 41 18509
204 949 18510
713 321 18511
439 636 18512
389 652 18513
131 815 18514
765 425 18515
389 242 18516
439 212 18517
389 797 18518
713 103 18519
204 949 18520
389 422 18521
830 389 18522
713 103 18523
713 325 18524
971 448 18524
971 342 18525
713 629 18526
389 830 18527
634 988 18528
389 652 18529
966 697 18530
652 389 18531
926 73 18532
697 966 18533
768 501 18534
830 389 18535
372 713 18536
966 697 18537
768 801 18538
296 194 18539
296 445 18540
901 915 18541
697 966 18542
901 482 18543
901 704 18544
901 41 18545
966 697 18546
460 542 18547
460 934 18548
679 263 18549
402 590 18550
504 337 18551
263 679 18552
873 711 18553
402 400 18554
475 697 18555
504 131 18556
431 697 18557
431 402 18558
337 504 18559
504 337 18560
431 402 18561
41 901 18562
966 72 18563
831 495 18564
337 504 18565
817 492 18566
817 448 18567
431 402 18568
700 400 18569
901 41 18570
431 402 18571
372 831 18572
372 831 18573
679 263 18574
681 992 18575
72 966 18576
805 807 18577
72 679 18578
817 325 18579
993 994 18580
871 815 18581
325 817 18582
325 713 18583
263 679 18584
834 708 18584
993 994 18585
783 586 18586
942 454 18587
994 993 18588
482 901 18589
615 713 18590
263 992 18591
686 163 18592
686 621 18593
686 448 18594
686 873 18595
463 469 18596
463 687 18597
212 299 18598
463 400 18599
463 194 18600
831 372 18601
103 215 18602
619 654 18603
619 654 18604
783 785 18605
619 654 18606
593 768 18607
593 621 18608
32 991 18609
975 939 18610
364 815 18611
509 272 18612
364 532 18613
509 364 18614
815 993 18615
679 72 18616
131 504 18617
679 263 18618
379 341 18619
679 448 18620
379 73 18621
995 379 18622
768 593 18623
995 379 18624
687 463 18625
995 379 18626
933 783 18627
995 379 18628
9 56 18629
783 933 18630
995 379 18631
63 990 18632
933 783 18633
462 103 18634
379 32 18635
9 27 18636
9 713 18637
995 379 18638
9 711 18639
462 26 18640
995 379 18641
995 379 18642
783 933 18643
462 713 18644
462 274 18645
679 474 18646
212 439 18647
933 783 18648
995 379 18649
388 346 18650
346 590 18651
346 388 18652
783 933 18653
590 346 18654
272 509 18655
777 204 18656
41 901 18657
12 101 18658
12 101 18659
990 63 18660
933 783 18661
840 448 18662
840 337 18663
63 990 18664
840 176 18665
63 95 18666
63 95 18667
996 277 18668
63 949 18669
63 127 18670
997 142 18671
783 933 18672
244 448 18673
346 590 18673
996 63 18674
990 63 18675
509 272 18676
63 990 18677
542 460 18678
996 63 18678
509 454 18679
513 652 18680
513 785 18681
766 372 18682
513 586 18683
766 181 18684
513 590 18685
965 928 18686
83 840 18687
509 364 18688
990 63 18689
928 965 18690
996 69 18691
603 814 18692
986 652 18692
513 950 18693
766 372 18694
965 928 18694
996 97 18695
928 965 18696
244 142 18697
456 394 18697
12 766 18698
63 990 18699
244 586 18700
996 63 18701
990 63 18702
63 996 18703
708 834 18704
63 990 18705
996 27 18706
998 990 18707
617 728 18708
999 297 18709
726 42 18710
617 73 18711
617 73 18712
999 881 18712
345 103 18713
345 346 18714
103 462 18715
345 95 18716
103 345 18717
345 103 18718
617 704 18719
617 734 18720
73 991 18720
103 345 18721
345 103 18722
617 103 18723
97 687 18724
73 926 18725
687 586 18726
400 70 18727
998 713 18728
590 513 18729
73 379 18730
67 1000 18731
73 617 18732
73 617 18733
73 379 18734
27 996 18735
712 95 18736
915 654 18737
933 783 18738
950 513 18739
933 840 18740
68 783 18741
297 337 18742
297 63 18743
484 913 18744
297 327 18745
297 999 18746
996 27 18747
322 652 18748
68 938 18749
835 492 18750
938 68 18751
68 938 18752
938 68 18753
938 67 18754
68 938 18755
686 6 18756
143 6 18757
143 201 18758
143 103 18759
686 667 18759
143 542 18760
346 345 18761
176 840 18762
938 68 18763
143 681 18764
346 840 18765
938 325 18766
448 840 18767
448 244 18768
68 938 18769
938 68 18770
67 938 18771
783 68 18772
783 933 18773
68 783 18774
783 68 18775
323 834 18776
323 642 18777
323 68 18778
68 783 18779
403 617 18780
962 679 18781
314 372 18782
679 962 18783
783 68 18784
314 479 18785
68 783 18786
103 638 18787
314 103 18788
323 68 18789
163 686 18790
323 68 18791
783 68 18792
68 783 18793
770 938 18794
379 73 18795
379 73 18796
396 679 18797
252 513 18798
323 68 18799
460 542 18800
189 712 18801
484 770 18802
103 460 18803
823 950 18804
189 712 18805
323 753 18806
986 73 18807
785 513 18808
296 516 18809
991 32 18810
986 619 18811
991 32 18812
323 753 18813
484 770 18814
189 712 18815
991 73 18815
991 986 18816
991 986 18817
991 992 18818
823 915 18819
687 97 18820
950 823 18821
462 103 18822
323 991 18823
991 194 18824
933 783 18825
991 73 18826
823 498 18827
986 73 18828
484 770 18829
986 103 18830
73 991 18831
103 151 18832
991 286 18833
991 73 18834
32 991 18835
32 938 18836
938 32 18837
103 708 18838
308 520 18839
667 686 18840
176 1001 18841
103 783 18842
712 189 18843
32 938 18844
986 103 18845
986 619 18846
938 32 18847
63 297 18848
986 552 18849
679 396 18850
986 552 18851
70 400 18852
32 938 18853
143 681 18854
143 681 18855
938 32 18856
986 552 18857
32 938 18858
484 770 18859
297 950 18860
1002 32 18861
1002 32 18862
938 32 18863
1002 32 18864
719 109 18865
484 297 18866
27 794 18867
297 484 18868
988 681 18869
1002 32 18870
484 297 18871
581 779 18872
537 942 18873
58 811 18874
978 586 18875
978 41 18876
978 176 18877
978 974 18878
501 191 18879
1002 32 18880
291 42 18881
291 520 18882
978 979 18883
501 768 18884
978 704 18885
978 199 18886
617 73 18887
617 73 18888
103 978 18889
783 68 18890
783 933 18891
783 103 18892
617 403 18893
73 379 18893
73 991 18894
617 734 18895
504 131 18896
926 73 18897
617 508 18898
73 617 18899
73 617 18900
73 926 18901
495 498 18902
652 513 18903
617 73 18904
297 484 18905
495 498 18906
41 938 18907
495 831 18908
988 372 18909
988 103 18910
495 831 18911
988 771 18912
988 634 18913
617 73 18914
103 988 18915
484 297 18916
938 41 18917
260 174 18918
617 462 18919
260 950 18920
545 992 18921
260 950 18922
297 484 18923
260 949 18924
9 27 18925
950 297 18926
193 233 18927
286 991 18928
814 297 18929
498 823 18930
498 389 18931
323 991 18932
323 834 18933
1000 1003 18934
379 73 18934
103 938 18935
483 782 18936
586 513 18937
681 988 18938
969 557 18939
323 645 18940
586 244 18940
483 768 18941
586 687 18942
586 978 18943
189 712 18944
809 103 18945
483 193 18946
325 938 18947
687 586 18948
297 950 18949
586 687 18950
297 814 18951
557 969 18952
498 495 18953
484 770 18954
681 388 18955
658 884 18956
482 297 18957
297 482 18958
758 741 18959
482 297 18960
297 482 18961
482 297 18962
950 297 18963
297 482 18964
950 260 18965
297 950 18966
483 193 18966
557 926 18967
396 679 18968
969 557 18969
482 297 18970
482 297 18970
68 783 18971
67 938 18972
758 681 18973
297 482 18974
44 249 18975
681 758 18976
542 460 18977
308 1004 18978
527 332 18979
308 332 18980
332 527 18981
67 928 18982
372 831 18983
332 308 18984
1001 176 18985
483 193 18986
193 708 18987
758 681 18988
32 1005 18989
915 823 18990
482 297 18991
308 332 18992
557 969 18992
193 483 18993
1005 32 18994
372 988 18995
1004 308 18996
323 557 18997
483 193 18998
193 483 18999
826 925 19000
483 193 19001
176 1001 19002
915 901 19003
704 978 19004
969 557 19004
708 103 19005
513 586 19006
323 1006 19007
325 379 19008
708 193 19009
1001 176 19010
814 297 19011
964 847 19011
964 847 19011
595 176 19012
176 1001 19013
323 1007 19014
176 595 19015
996 323 19016
595 176 19017
244 448 19018
686 163 19019
176 595 19020
1005 878 19021
484 770 19022
686 667 19023
212 964 19024
595 176 19025
372 1005 19026
297 482 19027
212 1004 19028
557 969 19029
561 557 19030
1005 372 19031
176 595 19032
1004 212 19033
520 308 19033
297 814 19034
595 176 19035
595 372 19036
520 291 19037
884 658 19037
176 595 19038
988 103 19039
561 281 19040
988 681 19041
595 176 19042
551 371 19043
988 372 19044
1004 815 19045
317 840 19046
323 557 19047
317 311 19048
551 371 19049
950 297 19050
969 557 19051
142 475 19052
297 950 19053
372 766 19053
244 586 19054
372 766 19055
372 1005 19056
73 617 19057
1008 1004 19058
950 297 19058
596 103 19059
586 513 19060
372 595 19061
484 770 19062
297 950 19063
308 520 19064
372 766 19064
73 379 19064
586 244 19065
770 484 19065
131 297 19066
869 498 19067
142 997 19068
176 595 19069
595 372 19070
212 1004 19071
297 131 19072
950 297 19073
595 176 19074
73 379 19075
460 542 19076
1004 212 19077
131 297 19078
389 652 19079
814 297 19080
460 934 19081
323 996 19082
915 536 19083
460 608 19084
536 915 19085
498 869 19086
463 687 19087
323 557 19088
484 770 19089
212 439 19090
595 176 19091
74 686 19092
204 999 19093
204 456 19094
212 1004 19095
212 1004 19095
652 460 19096
1004 212 19097
831 1004 19098
915 536 19099
389 830 19100
389 652 19101
1004 831 19102
372 595 19103
711 873 19103
783 68 19104
372 595 19105
561 557 19106
463 1009 19107
388 681 19108
389 830 19109
949 260 19110
681 388 19111
317 408 19112
818 357 19113
463 339 19114
9 711 19115
372 818 19116
681 758 19116
966 72 19116
372 831 19117
372 831 19118
463 748 19119
297 950 19120
463 1010 19121
297 131 19122
142 244 19123
463 1010 19124
297 814 19125
429 950 19126
317 1011 19127
463 293 19127
1004 598 19128
1004 1012 19129
758 681 19130
142 73 19131
63 73 19132
41 938 19133
131 297 19134
317 394 19135
73 142 19136
72 966 19137
1004 463 19138
297 131 19139
536 915 19140
302 1000 19141
766 372 19142
73 63 19143
851 679 19144
469 463 19145
766 372 19145
561 557 19146
950 297 19147
766 372 19148
176 595 19149
871 371 19150
469 598 19151
63 73 19152
645 323 19153
297 950 19154
131 297 19155
131 297 19156
821 475 19157
1000 302 19158
41 595 19159
372 766 19160
950 429 19161
297 131 19162
372 766 19163
621 593 19164
871 429 19165
933 783 19166
131 297 19167
429 950 19168
915 536 19169
942 454 19170
297 131 19171
323 645 19172
596 1004 19173
67 63 19174
323 834 19175
131 297 19176
314 372 19177
323 557 19178
1004 596 19179
131 297 19180
131 1008 19181
621 830 19182
316 355 19183
978 586 19184
536 915 19185
297 131 19186
557 708 19187
679 396 19187
950 297 19188
652 928 19189
950 429 19190
372 314 19191
815 1004 19192
768 501 19193
131 297 19194
596 73 19195
297 950 19196
810 349 19197
596 1004 19198
407 765 19199
297 131 19200
132 318 19201
1004 596 19202
830 621 19202
758 834 19203
314 131 19204
407 372 19205
128 934 19206
68 783 19207
131 297 19208
777 992 19209
830 389 19210
596 989 19211
834 323 19212
297 131 19213
834 758 19214
314 966 19215
557 323 19216
949 969 19217
314 131 19218
131 297 19219
596 1004 19220
993 815 19221
204 498 19222
323 557 19223
314 400 19224
1004 596 19225
204 949 19226
67 63 19227
783 933 19228
479 713 19229
642 323 19230
783 68 19231
323 834 19232
479 642 19233
398 1013 19234
448 244 19235
323 642 19236
314 966 19237
686 74 19238
840 346 19239
840 448 19240
642 479 19241
840 317 19241
605 272 19242
314 479 19243
418 1000 19243
642 323 19243
768 483 19244
372 407 19245
372 407 19246
323 642 19247
314 131 19248
966 314 19249
68 783 19250
590 840 19251
418 580 19252
561 557 19253
314 479 19254
407 378 19254
323 642 19255
758 834 19256
407 372 19257
314 966 19258
590 835 19258
323 834 19259
372 595 19260
372 407 19261
834 758 19262
557 323 19263
131 314 19264
303 298 19265
567 713 19265
835 590 19266
407 372 19267
479 314 19268
314 372 19269
681 758 19269
73 63 19269
567 47 19270
640 642 19271
67 63 19272
851 679 19273
323 834 19274
314 479 19275
73 596 19276
6 686 19277
561 557 19278
814 297 19279
314 131 19280
323 642 19281
714 928 19282
73 596 19282
323 557 19283
851 679 19284
63 73 19285
831 372 19286
831 1004 19287
901 41 19288
378 407 19289
378 644 19290
590 835 19291
758 681 19292
681 758 19293
758 834 19293
212 555 19294
758 681 19294
1004 831 19295
901 915 19296
561 557 19297
642 640 19298
644 378 19299
831 1004 19300
681 758 19301
418 966 19302
233 193 19303
314 479 19304
834 758 19305
652 265 19306
567 823 19307
323 834 19308
314 131 19309
378 644 19310
567 823 19310
323 642 19311
567 823 19312
567 823 19313
1004 831 19314
687 586 19315
687 463 19316
297 814 19317
831 1004 19318
652 954 19319
557 323 19320
652 324 19321
1004 831 19322
193 233 19323
1004 831 19324
588 953 19325
323 557 19326
9 8 19327
831 1004 19328
557 561 19329
652 215 19330
337 840 19331
1004 831 19332
337 297 19333
617 462 19334
629 713 19335
297 337 19336
831 1004 19336
652 190 19337
1014 1 19338
323 834 19339
263 642 19340
1004 831 19341
323 642 19342
9 8 19342
9 788 19343
652 761 19344
1004 687 19345
9 711 19346
642 263 19347
323 557 19348
41 901 19349
337 297 19350
652 35 19351
617 73 19352
144 121 19353
758 834 19354
652 1015 19355
758 681 19356
263 391 19357
652 1016 19358
307 317 19359
144 189 19360
681 758 19361
652 115 19362
297 337 19363
297 337 19364
400 396 19365
400 973 19366
323 642 19367
144 142 19368
337 297 19369
840 590 19370
418 711 19371
479 27 19372
400 447 19373
391 263 19374
297 337 19375
770 484 19376
27 479 19377
144 515 19378
9 8 19378
9 711 19379
144 1017 19380
144 1004 19381
263 391 19382
721 781 19383
144 1018 19384
1019 439 19385
667 686 19386
716 429 19387
603 814 19388
716 429 19389
871 721 19390
323 642 19391
998 783 19392
1019 439 19393
1019 439 19394
323 834 19395
1019 588 19396
323 557 19397
144 1004 19398
1019 588 19399
758 681 19400
144 1017 19401
667 840 19402
1004 144 19403
73 63 19404
323 642 19405
1019 676 19406
667 391 19407
323 642 19408
1017 144 19409
143 681 19410
9 318 19411
1014 1020 19412
721 782 19412
323 643 19413
721 777 19413
143 6 19414
783 998 19415
783 68 19416
1019 402 19417
9 212 19418
479 27 19419
716 840 19420
871 721 19421
323 400 19422
563 239 19422
603 375 19422
9 711 19423
9 8 19424
871 765 19425
928 714 19426
1004 194 19427
840 667 19428
323 642 19429
27 479 19430
144 1004 19431
563 97 19431
840 716 19432
68 783 19433
249 44 19434
176 1021 19435
479 27 19436
323 373 19437
928 652 19438
144 1022 19439
27 479 19440
212 439 19441
212 439 19441
716 840 19442
834 144 19443
73 617 19444
1019 555 19445
555 1019 19445
586 687 19445
144 834 19446
871 391 19447
339 463 19448
323 642 19449
448 840 19449
771 988 19449
942 454 19449
492 835 19450
95 63 19451
1004 437 19452
988 771 19453
181 495 19454
481 992 19455
181 454 19456
144 479 19457
181 766 19458
679 310 19459
479 144 19460
323 373 19461
95 712 19462
144 1023 19463
181 765 19464
992 481 19465
787 720 19466
501 768 19467
189 144 19468
714 928 19469
771 988 19470
144 479 19471
204 418 19472
204 298 19473
105 599 19474
373 1023 19475
1018 561 19476
418 1024 19477
1018 53 19478
1018 53 19479
835 492 19480
144 996 19481
539 765 19482
988 771 19483
103 988 19484
442 635 19485
103 798 19486
483 768 19487
103 144 19488
998 783 19489
144 103 19490
783 68 19491
783 998 19492
548 913 19493
68 783 19494
783 68 19495
874 498 19496
874 254 19497
103 975 19498
144 975 19499
599 105 19500
686 6 19501
103 819 19502
68 783 19503
542 460 19504
542 504 19505
686 667 19506
542 598 19507
1003 1000 19508
783 68 19509
481 992 19510
212 211 19511
481 27 19512
482 1005 19513
687 1004 19514
1004 687 19515
27 481 19516
928 714 19516
642 1024 19517
881 999 19518
68 783 19519
933 783 19520
523 549 19521
969 949 19522
174 260 19523
252 783 19523
1005 482 19524
712 95 19525
252 391 19526
481 27 19527
1023 373 19528
252 831 19529
783 68 19530
783 933 19531
481 988 19532
783 252 19533
252 783 19534
212 339 19535
794 27 19536
68 783 19537
252 765 19538
969 771 19539
481 783 19540
481 561 19541
252 297 19542
325 318 19543
783 252 19544
783 68 19545
68 783 19546
783 481 19547
481 783 19548
204 498 19549
174 260 19550
975 539 19550
388 1019 19551
388 1019 19552
783 68 19553
388 1019 19554
388 1019 19555
783 481 19556
975 481 19557
481 783 19558
204 498 19559
795 1025 19560
252 783 19561
68 783 19562
783 481 19563
481 815 19564
975 481 19565
783 252 19566
481 783 19567
783 68 19568
481 975 19569
68 783 19570
252 783 19571
975 481 19572
481 975 19573
783 481 19574
783 68 19575
783 252 19576
42 726 19577
425 765 19578
42 163 19579
704 1026 19580
1025 795 19581
498 831 19582
68 783 19583
252 783 19584
783 68 19585
68 783 19586
504 542 19587
783 252 19588
252 687 19589
252 783 19590
68 391 19591
783 68 19592
68 783 19593
783 1025 19594
338 454 19595
933 783 19596
998 783 19597
783 68 19598
783 933 19599
683 48 19600
68 783 19601
783 998 19602
783 68 19603
68 783 19604
998 783 19605
933 783 19606
933 765 19607
84 765 19608
84 391 19609
84 1000 19610
84 638 19611
84 639 19612
250 513 19613
979 978 19614
105 599 19615
105 1021 19616
105 1027 19617
834 144 19618
244 586 19619
244 448 19620
244 142 19621
949 969 19622
964 212 19623
26 1014 19624
26 462 19625
851 679 19626
851 1014 19627
244 142 19628
851 302 19629
777 721 19630
462 26 19631
638 105 19632
638 103 19633
966 318 19634
26 462 19635
342 638 19636
638 1001 19637
638 939 19638
308 1026 19639
638 996 19640
638 342 19641
342 638 19642
638 342 19643
1 1014 19644
997 142 19645
509 454 19646
339 212 19647
212 439 19648
966 617 19649
509 140 19650
509 236 19651
509 236 19652
509 260 19653
509 364 19654
539 975 19655
509 364 19656
991 286 19657
209 583 19658
447 400 19659
391 263 19660
391 667 19661
391 252 19662
391 68 19663
391 84 19664
999 297 19665
509 513 19666
509 707 19667
431 975 19668
431 617 19669
777 1021 19670
27 481 19671
27 794 19672
297 252 19673
260 950 19674
297 999 19675
617 681 19676
834 758 19677
617 103 19678
260 949 19679
926 73 19680
1000 418 19681
1000 84 19682
260 174 19683
1000 8 19684
260 509 19684
1028 260 19685
617 966 19686
926 557 19687
462 992 19688
771 969 19689
779 581 19690
103 638 19691
779 249 19692
431 617 19693
8 1000 19694
926 992 19695
454 942 19696
992 926 19697
454 338 19698
454 181 19699
992 454 19700
1000 8 19701
871 1026 19702
454 992 19703
992 454 19704
617 74 19705
679 817 19706
676 1019 19707
617 704 19708
866 203 19709
1014 26 19710
771 992 19711
617 431 19712
817 679 19713
143 201 19714
143 966 19715
431 617 19716
617 431 19717
314 228 19718
1014 132 19719
163 42 19720
314 992 19721
871 988 19722
63 73 19723
63 95 19724
513 250 19725
204 498 19726
761 652 19727
599 998 19728
26 1014 19729
402 1019 19730
679 817 19731
439 1019 19732
590 587 19733
439 212 19734
559 97 19735
592 1014 19736
966 617 19737
132 1014 19738
1014 132 19739
42 163 19740
592 74 19741
163 42 19742
132 1014 19743
408 254 19744
425 765 19745
437 1004 19746
281 561 19747
27 42 19748
42 325 19749
254 874 19750
1 1014 19751
252 297 19752
254 408 19752
800 740 19753
460 542 19754
995 318 19755
595 372 19756
595 41 19757
595 372 19758
1014 1 19759
1014 132 19760
1014 592 19761
595 624 19762
67 281 19763
400 866 19764
400 601 19765
30 162 19766
68 391 19767
495 498 19768
400 798 19769
495 181 19770
765 871 19771
400 543 19772
765 181 19773
765 252 19774
765 425 19775
68 783 19776
400 286 19777
765 933 19778
765 84 19779
765 425 19780
495 498 19781
252 765 19782
400 504 19783
551 992 19784
400 592 19785
679 30 19786
783 68 19787
400 402 19788
586 1029 19789
765 252 19790
679 404 19791
400 463 19792
68 783 19793
400 428 19794
667 686 19795
667 840 19796
667 391 19797
204 42 19798
998 599 19799
871 765 19800
400 428 19801
915 901 19802
667 204 19803
783 68 19804
204 667 19805
400 314 19806
667 389 19807
204 777 19808
68 783 19809
252 765 19810
337 297 19811
400 323 19812
697 645 19813
498 495 19814
498 495 19815
599 998 19816
598 542 19817
400 173 19818
400 173 19819
667 204 19820
463 1004 19821
398 313 19822
463 469 19823
463 687 19824
73 63 19825
966 697 19826
463 400 19827
36 770 19828
495 498 19829
463 339 19830
372 595 19831
1030 620 19832
1030 620 19833
127 63 19833
468 277 19834
714 928 19835
250 204 19836
495 498 19837
873 144 19838
998 599 19839
212 388 19840
212 590 19841
468 475 19842
212 439 19843
697 966 19844
622 592 19845
622 638 19846
250 8 19847
204 667 19848
599 998 19849
250 502 19850
475 468 19851
765 871 19852
542 460 19853
143 163 19854
250 475 19855
949 260 19856
8 1000 19857
686 667 19858
8 250 19859
250 943 19860
242 389 19861
595 372 19862
595 372 19863
639 509 19864
639 84 19865
639 590 19866
639 388 19867
588 1019 19868
588 250 19869
475 250 19870
926 992 19871
588 250 19872
250 475 19873
386 422 19874
475 250 19875
250 475 19876
308 626 19877
250 8 19878
555 992 19879
308 1004 19880
475 250 19881
250 475 19882
8 250 19883
992 368 19884
308 60 19885
308 373 19886
454 992 19887
308 373 19888
992 454 19889
373 308 19890
308 373 19891
368 992 19892
57 596 19893
679 317 19894
454 992 19895
60 308 19896
60 308 19897
373 308 19898
992 368 19899
626 308 19900
992 373 19901
161 30 19902
373 992 19903
60 679 19904
373 308 19905
388 639 19906
60 679 19907
992 373 19908
388 212 19909
60 679 19909
67 63 19910
1004 639 19911
373 992 19912
368 992 19913
308 783 19914
992 373 19915
308 373 19916
468 475 19917
308 373 19918
639 388 19919
308 626 19920
308 60 19921
992 368 19922
418 1000 19923
992 555 19923
373 992 19924
373 308 19925
373 308 19926
639 1004 19927
60 308 19928
1019 388 19929
388 639 19930
626 308 19931
388 1019 19932
174 260 19933
942 654 19934
48 683 19935
583 209 19936
561 281 19937
174 260 19938
933 765 19939
939 638 19940
871 765 19941
368 992 19942
1004 639 19943
679 60 19944
339 463 19945
986 652 19946
1031 831 19947
986 48 19948
986 418 19949
986 48 19950
1031 707 19951
1031 707 19952
986 48 19953
114 400 19954
48 986 19955
986 48 19956
679 72 19957
509 260 19958
1028 1032 19959
48 986 19960
97 559 19961
475 250 19962
72 679 19963
701 60 19964
590 1033 19965
228 815 19966
1033 590 19967
679 72 19968
770 817 19969
701 88 19970
1000 8 19971
448 244 19972
770 815 19973
770 701 19974
151 971 19975
679 465 19976
765 933 19977
765 871 19978
1004 463 19979
250 475 19980
765 425 19980
871 765 19981
765 871 19982
193 314 19983
871 765 19984
311 317 19985
765 871 19986
871 765 19987
831 1031 19988
193 686 19989
250 561 19990
561 250 19991
644 378 19992
72 679 19993
603 375 19994
871 765 19995
250 561 19996
593 768 19997
60 679 19998
338 454 19999
783 308 20000
933 765 20001
770 61 20002
701 60 20003
296 1000 20004
296 928 20005
296 928 20006
124 114 20007
281 67 20008
281 561 20009
296 974 20010
296 975 20011
176 1026 20012
498 495 20013
758 834 20014
498 495 20015
520 308 20016
498 495 20017
368 966 20018
439 212 20019
67 281 20020
687 463 20021
67 132 20022
314 372 20023
498 449 20024
481 783 20025
481 27 20026
391 68 20027
314 372 20028
498 815 20029
391 667 20030
498 204 20031
391 555 20032
391 372 20033
391 609 20034
391 325 20035
391 289 20036
391 400 20037
634 988 20038
667 204 20039
815 498 20040
667 686 20041
325 42 20042
996 144 20043
325 391 20044
996 638 20045
938 67 20046
938 103 20047
60 701 20048
938 41 20049
32 1034 20050
1000 296 20051
378 644 20052
325 1033 20053
701 60 20054
741 758 20055
244 448 20056
808 244 20057
249 711 20058
204 498 20059
204 667 20060
204 250 20061
1000 495 20062
422 386 20063
400 463 20064
400 114 20065
101 1002 20066
242 823 20067
996 815 20068
770 101 20069
400 391 20070
770 783 20071
67 938 20072
1002 101 20073
770 975 20074
250 204 20075
12 391 20076
67 132 20077
12 766 20078
428 400 20079
12 527 20080
770 928 20080
928 296 20081
1004 1032 20082
561 250 20082
938 1035 20083
250 561 20084
928 714 20085
12 997 20086
938 67 20087
561 281 20088
1000 783 20089
1000 701 20090
1034 1036 20091
448 244 20092
1034 1036 20093
617 12 20094
768 593 20095
1000 1035 20096
8 1000 20097
1035 1000 20098
725 952 20099
67 938 20100
454 338 20101
271 277 20102
725 697 20103
44 770 20104
768 483 20105
1004 1008 20106
609 391 20107
1004 69 20108
625 662 20109
625 662 20110
625 662 20111
625 662 20112
625 662 20113
625 662 20114
1037 379 20115
286 991 20116
783 1004 20117
1004 783 20118
596 73 20119
783 1004 20120
286 400 20121
1004 783 20122
596 73 20123
783 1004 20124
1004 783 20125
939 975 20126
596 57 20127
621 55 20128
1022 144 20129
644 378 20130
725 707 20131
1008 1032 20132
1022 815 20133
958 704 20134
425 765 20135
704 958 20136
704 958 20137
1033 325 20138
617 966 20139
815 1022 20140
378 644 20141
617 966 20142
297 252 20143
1033 542 20144
297 337 20144
815 996 20145
88 701 20146
1033 548 20147
307 777 20148
617 681 20149
714 815 20150
975 939 20151
847 868 20152
681 617 20153
598 542 20154
334 1002 20155
1031 831 20156
834 758 20157
975 176 20158
975 41 20159
334 815 20160
975 144 20161
777 307 20162
277 468 20163
777 204 20164
777 405 20165
372 595 20166
372 314 20167
372 314 20168
372 391 20169
495 498 20170
495 498 20171
495 498 20172
176 975 20173
966 368 20174
495 1000 20175
447 1037 20176
758 834 20177
758 741 20178
73 596 20179
645 697 20180
368 966 20181
712 1037 20182
834 758 20183
997 12 20184
176 975 20185
176 297 20186
176 250 20187
176 928 20188
176 815 20189
176 277 20190
176 598 20191
815 176 20192
939 975 20193
758 638 20194
277 176 20195
176 815 20196
176 277 20197
997 12 20198
815 283 20199
277 176 20200
252 297 20201
176 277 20202
460 542 20203
277 176 20204
277 283 20205
1000 1035 20206
176 277 20207
1000 495 20208
975 176 20209
1000 8 20210
176 975 20211
1004 277 20212
204 777 20212
277 176 20213
176 277 20214
770 277 20215
277 1004 20216
277 176 20217
1033 823 20218
996 63 20219
176 277 20220
996 815 20221
277 176 20222
63 127 20223
176 277 20224
103 277 20225
63 73 20226
701 88 20227
1004 277 20228
1000 712 20229
204 725 20230
63 332 20231
277 176 20232
277 1004 20233
332 63 20234
996 815 20235
831 1031 20236
176 277 20237
67 63 20238
777 204 20239
297 176 20240
176 297 20241
1004 277 20242
701 1000 20243
297 283 20244
297 176 20245
41 975 20246
41 938 20247
41 595 20248
456 204 20249
498 204 20250
498 815 20251
498 495 20252
498 495 20253
498 495 20254
815 498 20255
391 325 20256
391 400 20257
498 815 20258
391 12 20259
27 481 20260
701 1006 20260
654 619 20261
291 393 20262
244 808 20263
1025 783 20264
272 605 20265
1038 402 20266
815 498 20267
323 400 20268
162 30 20269
725 204 20270
250 712 20271
145 349 20272
632 272 20273
145 1033 20274
346 995 20275
277 1004 20276
277 176 20277
741 758 20278
145 349 20279
176 277 20280
542 1033 20281
1004 277 20282
74 840 20283
84 765 20284
63 332 20285
277 176 20286
277 1004 20287
189 712 20288
189 144 20289
542 460 20290
1004 277 20291
325 391 20292
542 325 20293
277 1004 20294
325 542 20295
323 98 20296
1038 1039 20297
325 712 20298
596 73 20299
542 325 20300
712 325 20301
555 964 20302
712 189 20303
712 250 20304
1004 277 20305
1004 783 20306
783 1004 20307
1004 783 20308
176 277 20309
193 686 20310
277 1004 20310
250 712 20311
277 176 20312
1022 598 20313
176 277 20314
487 1026 20315
697 645 20316
1033 768 20317
783 1004 20318
277 176 20319
783 1025 20320
176 277 20321
783 1025 20322
277 176 20323
1004 783 20324
555 391 20325
991 1004 20326
323 645 20327
41 1040 20328
555 992 20328
41 1041 20329
41 1039 20330
934 128 20331
323 250 20332
1 1014 20333
934 460 20334
999 297 20335
176 277 20336
323 1042 20337
128 934 20338
74 617 20338
323 250 20339
991 144 20340
323 999 20341
277 176 20342
712 250 20343
1040 41 20344
1004 991 20345
991 638 20346
991 1004 20347
323 999 20348
830 765 20349
323 1042 20350
991 986 20351
176 277 20352
176 983 20353
479 144 20354
297 999 20355
277 176 20356
323 753 20357
999 323 20358
323 1042 20359
176 277 20360
323 999 20361
999 297 20361
250 712 20362
44 189 20362
644 378 20363
644 378 20364
277 176 20365
728 617 20366
559 97 20367
770 277 20368
73 596 20369
176 277 20370
926 557 20370
1014 312 20371
176 277 20371
296 928 20372
758 642 20373
277 176 20374
323 1042 20375
176 277 20376
41 1040 20376
323 999 20377
557 926 20377
605 272 20377
323 250 20378
605 810 20378
847 471 20379
847 471 20380
1033 542 20381
277 176 20382
605 277 20382
323 250 20383
765 84 20384
277 605 20385
765 830 20386
176 277 20387
557 302 20388
323 88 20389
277 176 20390
377 755 20391
176 277 20392
277 176 20393
88 323 20394
323 1042 20395
378 644 20396
758 643 20397
642 758 20398
1040 41 20399
84 765 20400
1042 1039 20401
323 88 20402
1038 1039 20403
176 277 20403
277 176 20404
297 999 20405
88 323 20405
323 250 20406
758 642 20407
323 1042 20408
176 277 20409
41 1040 20410
323 88 20411
714 928 20412
596 73 20413
642 758 20414
277 176 20415
1043 236 20416
176 277 20417
277 176 20418
323 250 20419
830 765 20420
88 323 20421
323 1042 20422
494 389 20423
176 277 20424
605 277 20424
323 88 20425
758 642 20426
605 557 20427
277 605 20428
32 1034 20429
277 176 20430
605 277 20431
323 250 20432
32 1039 20433
176 277 20434
277 605 20435
144 834 20436
323 1042 20437
277 176 20438
88 323 20438
557 605 20439
527 12 20440
176 277 20441
67 63 20442
323 88 20443
605 277 20444
277 176 20445
323 1042 20446
701 640 20447
277 605 20448
605 557 20449
1042 527 20450
605 277 20451
176 277 20452
701 640 20453
605 830 20454
63 67 20455
88 323 20456
277 605 20457
581 779 20458
277 176 20459
323 1042 20460
830 605 20461
605 277 20462
323 88 20463
770 63 20464
176 277 20465
323 966 20466
277 605 20467
605 830 20468
277 176 20469
605 277 20470
701 640 20471
557 605 20472
176 277 20473
88 323 20474
32 527 20475
991 78 20476
323 1044 20477
758 1044 20478
323 88 20479
277 176 20480
605 557 20481
63 770 20482
176 277 20483
483 768 20484
32 825 20485
851 1014 20486
770 63 20487
567 311 20488
88 323 20489
701 640 20490
277 176 20491
323 88 20492
1000 1040 20493
176 277 20494
966 323 20495
557 605 20496
323 966 20497
325 712 20498
701 640 20499
701 640 20500
851 162 20501
810 323 20502
338 454 20503
1000 701 20504
640 701 20505
1000 495 20506
336 536 20507
810 323 20507
1000 8 20508
323 341 20509
323 341 20510
966 323 20511
557 969 20512
323 966 20513
1040 1000 20514
1000 712 20515
810 323 20516
323 88 20517
785 786 20518
701 640 20519
701 72 20520
41 277 20521
1000 1040 20522
1000 992 20523
1000 1034 20524
966 323 20525
1000 701 20526
640 701 20527
810 323 20528
1000 1041 20529
393 291 20530
644 378 20530
1000 286 20531
1037 712 20532
193 118 20532
681 802 20532
1000 420 20533
323 966 20534
701 640 20535
88 323 20536
1000 420 20537
1000 154 20538
1000 419 20539
1000 862 20540
212 439 20540
1000 65 20541
1037 447 20542
640 701 20542
1000 686 20543
1000 140 20544
1000 366 20545
1000 825 20546
1000 480 20547
323 88 20548
1000 135 20549
1000 1026 20550
394 317 20550
701 640 20550
311 567 20551
830 605 20552
281 67 20553
966 323 20554
810 323 20555
1000 109 20556
88 323 20557
1000 410 20558
640 701 20559
969 557 20559
1000 118 20560
527 1042 20561
640 701 20562
966 323 20563
679 60 20564
686 193 20564
527 32 20565
72 701 20566
686 1000 20567
770 175 20568
1037 460 20569
323 966 20570
667 204 20571
605 830 20572
767 63 20573
810 323 20574
302 557 20575
557 969 20576
323 88 20577
323 966 20578
88 323 20579
557 302 20580
1037 900 20581
1037 900 20582
770 311 20583
1041 41 20584
323 88 20585
762 713 20586
810 323 20587
701 640 20588
969 557 20589
1033 437 20590
1000 686 20591
810 323 20592
394 422 20593
41 1041 20594
236 1043 20595
249 779 20596
830 605 20597
1037 274 20598
810 323 20599
557 969 20600
36 770 20601
394 456 20602
1041 41 20603
595 372 20604
377 790 20605
495 1000 20606
495 498 20607
595 41 20607
36 770 20608
981 1021 20608
810 323 20609
495 498 20610
341 323 20611
323 341 20612
377 871 20613
101 282 20614
341 323 20615
1040 1045 20616
323 341 20617
701 858 20618
498 495 20619
840 74 20619
36 770 20620
810 323 20621
341 323 20622
781 721 20623
658 884 20624
1046 1014 20625
323 341 20626
498 495 20627
41 1041 20628
1033 379 20629
770 36 20629
1014 1046 20630
658 990 20630
517 586 20631
377 1047 20632
318 995 20633
638 991 20634
800 495 20635
36 770 20636
638 758 20637
341 323 20638
770 36 20639
990 658 20640
638 996 20641
638 939 20642
990 277 20643
323 341 20644
969 557 20645
658 990 20646
193 686 20647
638 622 20648
1006 323 20649
341 323 20649
990 658 20650
323 1006 20651
517 1048 20652
277 990 20653
638 103 20653
447 1037 20654
323 341 20655
901 915 20656
800 393 20657
686 193 20658
765 84 20659
393 800 20660
318 325 20661
765 830 20662
325 1049 20663
318 966 20664
800 393 20665
341 323 20666
557 969 20667
800 393 20668
990 277 20669
323 341 20670
228 314 20671
341 323 20672
393 800 20673
999 297 20673
800 393 20674
277 990 20675
686 27 20675
999 323 20675
143 201 20676
41 595 20676
323 341 20677
143 1037 20678
168 400 20679
323 999 20680
341 323 20681
323 341 20682
228 392 20683
1041 41 20684
168 834 20685
643 638 20686
794 27 20687
643 323 20688
969 557 20689
964 555 20690
1042 527 20691
1042 527 20691
1042 527 20692
999 323 20693
990 277 20694
109 1000 20695
323 643 20696
323 999 20697
323 341 20698
392 228 20698
277 990 20699
999 969 20700
377 475 20701
341 323 20702
999 323 20702
686 341 20703
189 712 20704
557 969 20705
810 323 20706
341 686 20707
495 498 20708
377 475 20709
228 392 20710
495 800 20711
549 523 20712
377 475 20713
495 1050 20714
603 814 20715
277 990 20716
549 63 20717
549 969 20718
549 830 20719
41 1041 20720
41 495 20721
990 277 20722
297 999 20723
377 1051 20724
924 686 20725
176 603 20726
586 517 20727
1034 938 20728
377 482 20729
498 495 20730
938 1034 20731
586 517 20732
475 603 20733
281 561 20734
586 1039 20735
482 297 20736
272 632 20737
377 482 20738
272 605 20739
143 1042 20740
181 495 20741
396 400 20742
63 549 20743
603 176 20744
810 816 20745
1041 41 20746
603 475 20747
460 542 20748
377 941 20749
460 934 20750
814 603 20751
181 765 20752
1042 143 20753
603 814 20754
442 1041 20755
297 482 20756
377 950 20757
1037 447 20758
377 289 20759
1052 72 20760
1037 143 20761
442 143 20762
1052 72 20763
1037 682 20764
377 950 20765
814 603 20766
392 228 20767
392 400 20768
392 400 20768
392 321 20769
392 321 20770
392 321 20771
72 1052 20772
1037 311 20773
392 998 20774
1037 707 20775
308 990 20776
72 318 20777
1023 460 20778
546 823 20779
546 809 20780
546 475 20781
546 475 20782
437 1033 20783
567 311 20784
475 546 20785
1041 442 20786
567 974 20787
998 392 20788
41 1041 20789
983 176 20790
567 602 20791
546 475 20792
567 602 20793
448 495 20794
176 983 20795
144 873 20796
602 151 20797
144 996 20798
542 460 20799
144 975 20800
495 41 20801
495 498 20802
495 181 20803
144 479 20804
498 495 20805
495 498 20806
560 495 20807
495 560 20808
498 495 20809
1041 546 20810
543 400 20811
1041 41 20812
41 495 20813
41 1041 20814
546 1041 20815
546 1053 20816
144 991 20817
495 41 20818
495 498 20819
181 495 20820
1034 1036 20821
1021 981 20822
498 495 20823
41 495 20824
189 44 20825
375 603 20826
423 277 20826
1033 437 20827
201 143 20828
201 1053 20829
1054 639 20830
995 318 20831
105 1055 20832
687 1054 20833
1054 687 20834
105 713 20835
878 1005 20836
437 1033 20837
1033 1056 20838
927 536 20839
72 1039 20840
60 679 20841
60 701 20842
928 714 20843
536 927 20844
536 336 20845
242 219 20846
242 454 20847
523 549 20848
626 440 20849
615 740 20850
342 969 20851
342 460 20852
1000 495 20853
1000 109 20854
32 527 20855
884 658 20856
1039 72 20857
1039 1042 20858
342 588 20859
1004 277 20860
250 323 20861
142 144 20862
142 244 20863
142 244 20864
142 997 20865
831 1050 20866
831 1057 20867
752 598 20868
586 460 20869
536 372 20870
392 998 20871
392 1054 20872
752 1032 20873
224 626 20874
626 224 20875
752 986 20876
224 626 20877
626 224 20878
991 209 20879
224 626 20880
9 318 20881
9 391 20882
27 686 20883
9 314 20883
9 686 20884
27 794 20885
1038 1026 20886
9 938 20887
303 212 20888
626 224 20889
626 50 20890
683 563 20891
1038 502 20892
752 513 20893
752 513 20894
224 626 20895
50 626 20896
626 50 20897
50 626 20898
654 50 20899
626 224 20900
626 50 20901
966 323 20902
224 626 20903
966 318 20904
1000 1041 20905
1000 140 20906
966 617 20907
1058 345 20908
189 712 20909
145 1033 20910
250 712 20911
144 142 20912
549 523 20913
990 277 20914
460 1023 20915
638 996 20916
212 321 20917
212 321 20918
460 542 20919
323 966 20920
209 991 20921
638 1059 20922
209 242 20923
460 586 20924
323 250 20925
1038 145 20926
586 460 20927
431 323 20928
323 431 20929
350 626 20930
638 236 20931
377 755 20932
323 632 20933
242 209 20934
638 394 20935
431 323 20936
454 242 20937
626 350 20938
460 586 20939
50 654 20940
1018 502 20941
50 626 20942
654 50 20943
586 460 20944
673 1013 20945
502 1018 20946
616 586 20947
1054 392 20948
250 323 20949
250 323 20950
377 103 20951
189 712 20952
377 103 20953
1033 437 20954
377 103 20955
377 790 20956
495 181 20957
495 498 20958
495 41 20959
377 1019 20960
687 673 20961
686 341 20962
72 1039 20963
944 659 20964
283 815 20965
283 277 20966
561 281 20967
199 971 20968
687 1056 20969
944 659 20970
3 72 20971
944 659 20972
1018 502 20973
632 97 20974
815 283 20975
944 659 20976
944 659 20977
498 881 20978
283 815 20979
944 659 20980
560 495 20981
74 840 20982
881 498 20983
212 1054 20984
595 659 20985
659 595 20986
595 659 20987
659 595 20988
1037 595 20989
595 1037 20990
481 27 20991
595 338 20992
377 1060 20993
425 765 20994
50 654 20995
72 595 20996
488 3 20997
3 488 20998
194 498 20999
311 1037 21000
311 567 21001
194 181 21002
413 659 21003
194 586 21004
194 498 21005
194 463 21006
194 991 21007
194 1004 21008
194 296 21009
659 413 21010
437 1033 21011
194 296 21012
308 1014 21013
189 72 21014
189 72 21015
242 454 21016
1033 542 21017
542 1033 21018
1056 687 21019
794 194 21020
783 542 21021
103 783 21022
783 103 21023
42 325 21024
42 296 21025
3 42 21026
214 297 21027
244 142 21028
85 953 21029
85 400 21030
209 242 21031
713 325 21032
713 842 21033
999 297 21034
713 716 21035
713 1032 21036
713 1028 21037
713 1043 21038
713 884 21039
934 128 21040
934 460 21041
523 724 21042
283 72 21043
1061 1062 21044
915 815 21045
915 297 21046
509 454 21047
509 364 21048
509 389 21049
509 389 21050
233 193 21051
509 583 21052
583 509 21053
509 583 21054
915 901 21055
915 536 21056
72 283 21057
542 783 21058
591 711 21059
323 632 21060
679 60 21061
639 1054 21062
944 569 21063
658 884 21064
372 536 21065
67 1042 21066
1042 1039 21067
342 502 21068
27 481 21069
944 569 21070
713 542 21071
342 502 21072
713 762 21073
342 502 21074
791 523 21075
944 569 21076
765 425 21077
915 701 21078
1026 487 21079
915 639 21080
1026 176 21081
536 372 21082
114 124 21083
586 616 21084
1063 835 21085
586 194 21086
765 425 21087
342 502 21088
342 502 21089
777 502 21090
9 1062 21091
713 738 21092
9 1039 21092
176 1026 21093
713 998 21094
713 400 21095
713 629 21096
176 263 21097
713 242 21098
783 542 21099
713 209 21100
713 363 21101
713 105 21102
590 439 21103
212 439 21104
713 479 21105
297 242 21106
297 999 21107
338 595 21108
713 1043 21109
617 728 21110
713 940 21111
713 124 21112
713 95 21113
377 992 21114
884 658 21115
835 1063 21116
1064 783 21117
777 882 21118
777 988 21119
603 814 21120
1023 460 21121
840 74 21122
34 282 21123
1064 783 21124
34 313 21125
34 313 21126
1064 783 21127
498 194 21128
588 342 21129
74 840 21130
498 194 21131
68 783 21132
454 242 21133
68 391 21134
454 509 21135
783 68 21136
68 783 21137
654 50 21138
1033 149 21139
783 68 21140
68 783 21141
212 303 21142
783 68 21143
68 783 21144
3 42 21145
1064 475 21146
362 765 21147
681 388 21148
609 840 21149
252 765 21150
681 388 21151
391 325 21152
853 400 21153
194 817 21154
840 609 21155
704 1053 21156
586 1065 21157
990 698 21158
990 698 21159
609 840 21160
391 68 21161
609 836 21162
609 836 21163
102 943 21164
68 391 21165
121 194 21166
609 151 21167
194 121 21168
263 176 21169
551 388 21170
609 783 21171
252 783 21172
783 252 21173
783 609 21174
783 252 21175
997 142 21176
609 783 21177
609 297 21178
297 609 21179
121 194 21180
297 609 21181
561 281 21182
840 609 21183
701 915 21184
339 1066 21185
609 840 21186
687 1056 21187
297 609 21188
415 997 21189
323 632 21190
283 72 21191
439 388 21192
303 212 21193
701 840 21194
616 517 21195
323 632 21196
50 654 21197
592 400 21198
323 632 21199
681 388 21200
1056 687 21201
681 590 21202
1056 609 21203
687 1056 21204
316 955 21205
1056 687 21206
323 687 21207
160 783 21208
713 609 21209
840 701 21210
817 194 21211
211 212 21212
323 632 21213
765 252 21214
617 701 21215
595 590 21216
687 1056 21217
1056 687 21218
53 250 21219
53 1018 21220
590 595 21221
296 42 21222
388 439 21223
704 617 21224
193 233 21225
1026 176 21226
679 60 21227
102 50 21228
1026 609 21229
679 60 21230
60 679 21231
704 1067 21232
679 60 21233
50 102 21234
523 791 21235
60 679 21236
1026 950 21237
950 1026 21238
1026 950 21239
950 1026 21240
242 209 21241
713 950 21242
679 60 21243
517 616 21244
1026 950 21245
242 454 21245
204 456 21246
517 709 21247
950 1026 21248
517 1065 21249
204 725 21250
102 50 21251
1026 950 21252
204 498 21252
204 250 21253
204 667 21254
463 339 21255
463 1004 21256
463 687 21257
463 400 21258
1026 1050 21259
841 915 21260
44 189 21261
830 765 21262
542 783 21263
586 394 21264
323 98 21265
32 1068 21266
389 498 21267
389 830 21268
389 667 21269
32 1042 21270
355 316 21271
389 242 21272
687 463 21273
1068 32 21274
242 389 21275
194 72 21276
482 194 21277
60 679 21278
194 289 21279
679 60 21280
60 679 21281
32 1068 21282
72 283 21283
50 102 21284
72 194 21285
297 242 21286
145 1033 21287
1068 32 21288
44 129 21289
151 609 21290
151 602 21291
1069 586 21292
830 389 21293
679 60 21294
60 679 21295
697 1070 21296
679 60 21297
9 938 21298
9 391 21299
357 818 21300
713 950 21301
357 938 21302
626 590 21303
509 454 21304
357 964 21305
357 626 21306
542 543 21307
475 468 21308
697 73 21309
357 1068 21310
357 626 21311
357 1068 21312
542 543 21313
738 626 21314
282 1071 21315
590 408 21316
357 818 21317
542 598 21318
1004 463 21319
357 1068 21320
626 738 21321
357 626 21322
590 371 21323
543 542 21324
598 542 21325
357 654 21326
598 542 21327
357 626 21328
357 1039 21329
475 468 21330
214 1068 21331
1037 595 21332
214 1072 21333
1037 311 21334
543 356 21335
543 542 21336
986 991 21337
986 991 21338
986 752 21339
542 543 21340
986 991 21341
986 48 21342
915 701 21343
915 841 21344
67 938 21345
252 765 21346
422 394 21347
308 422 21348
308 1068 21349
934 460 21350
934 128 21351
308 1056 21352
101 847 21353
323 1073 21354
101 1002 21355
697 50 21356
323 1073 21357
697 50 21358
323 1073 21359
1068 308 21360
1033 437 21361
823 498 21362
823 567 21363
1050 495 21364
823 242 21365
823 1033 21366
101 282 21367
454 242 21368
454 509 21369
701 915 21370
823 1033 21371
997 142 21372
282 1071 21373
242 454 21374
561 281 21375
282 101 21376
997 415 21377
176 1026 21378
101 176 21379
823 915 21380
282 101 21381
859 325 21382
176 101 21383
342 588 21384
859 400 21385
859 388 21386
454 242 21387
697 1070 21388
823 239 21389
131 1039 21390
131 990 21391
823 41 21392
834 1074 21393
41 495 21394
823 41 21395
724 523 21396
342 502 21397
830 1072 21398
581 779 21399
1072 830 21400
915 701 21401
847 101 21402
823 915 21403
701 915 21404
342 1068 21405
1070 697 21406
325 1072 21407
239 823 21408
713 542 21409
713 927 21410
927 536 21410
600 42 21411
732 701 21412
701 732 21413
600 289 21414
915 701 21415
1072 325 21416
823 915 21417
325 1072 21418
297 482 21419
713 1032 21420
701 915 21421
1 123 21422
600 823 21423
713 325 21424
431 475 21425
1036 58 21426
713 884 21427
600 823 21428
713 1043 21429
915 701 21430
708 1058 21431
708 1075 21432
675 462 21433
1039 131 21434
1039 72 21435
823 915 21436
834 168 21437
834 1068 21438
834 144 21439
34 1072 21440
713 325 21441
53 834 21442
252 687 21443
371 590 21444
53 26 21445
244 415 21446
783 160 21447
325 1033 21448
203 866 21449
1036 701 21450
934 460 21451
26 679 21452
356 543 21453
768 501 21454
713 1043 21455
713 325 21456
145 1033 21457
53 26 21458
53 834 21459
1033 325 21460
713 325 21461
1033 823 21462
325 1033 21463
697 1070 21464
555 391 21465
1033 325 21466
325 1033 21467
555 1019 21468
53 834 21469
697 1076 21470
555 1060 21471
783 542 21472
1076 783 21473
697 1076 21474
53 1018 21475
53 834 21476
439 1019 21477
539 212 21478
103 154 21479
176 840 21480
176 502 21481
176 697 21482
72 1039 21483
469 463 21484
176 94 21485
176 439 21486
176 154 21487
687 302 21488
1068 834 21489
1068 342 21490
551 388 21491
551 371 21492
590 371 21493
536 927 21494
502 176 21495
325 840 21496
53 176 21497
176 502 21498
53 26 21499
1077 926 21500
9 391 21501
176 638 21502
638 176 21503
176 638 21504
176 502 21505
638 176 21506
697 1076 21507
176 638 21508
697 927 21509
638 176 21510
1019 439 21511
9 1062 21512
176 638 21513
638 176 21514
176 638 21515
306 1019 21516
638 176 21517
377 3 21518
176 638 21519
1019 306 21520
638 176 21521
176 1056 21522
176 638 21523
638 176 21524
1076 697 21525
176 638 21526
638 176 21527
1076 1053 21528
662 625 21529
662 625 21530
53 176 21531
191 1060 21532
555 676 21533
555 626 21534
555 654 21535
555 626 21536
767 502 21537
462 675 21538
997 415 21539
997 415 21540
697 1042 21541
1042 32 21542
555 371 21543
971 199 21544
439 176 21545
439 1019 21546
638 439 21547
371 590 21548
439 638 21549
638 439 21550
713 535 21551
1042 638 21552
1042 638 21553
199 971 21554
242 454 21555
1042 638 21556
638 758 21557
758 638 21558
1034 638 21559
199 978 21560
638 758 21561
638 346 21562
1072 34 21563
1072 325 21564
1060 191 21565
555 1060 21566
199 971 21567
551 371 21568
199 445 21569
674 1068 21570
704 768 21571
377 1060 21572
1078 1079 21573
1080 638 21574
103 1078 21575
638 1080 21576
462 103 21577
638 779 21578
306 783 21579
306 783 21580
1078 103 21581
132 333 21582
454 242 21583
83 1060 21584
638 527 21585
1080 1072 21586
834 1068 21587
199 1050 21588
176 817 21589
103 1078 21590
103 462 21591
306 438 21592
313 34 21593
462 103 21594
313 34 21595
638 830 21596
638 103 21597
1078 103 21598
834 313 21599
313 834 21600
638 1081 21601
834 313 21602
103 1078 21603
834 1068 21604
103 638 21605
1080 638 21606
1078 103 21607
103 462 21608
103 1078 21609
830 638 21610
462 103 21611
926 557 21612
926 1077 21613
971 199 21614
834 72 21615
483 176 21616
313 1 21617
72 834 21618
199 971 21619
1050 199 21620
557 926 21621
199 1050 21622
1078 103 21623
103 462 21624
834 72 21625
72 834 21626
834 1068 21627
834 72 21628
1039 72 21629
72 834 21630
72 1039 21631
834 72 21632
681 626 21633
959 958 21634
973 103 21635
462 103 21636
1039 72 21637
704 1072 21638
973 400 21639
72 1039 21640
72 834 21641
834 72 21642
72 834 21643
1072 1080 21644
1039 72 21645
834 72 21646
90 1072 21647
949 1068 21648
801 768 21649
801 313 21650
72 834 21651
72 1039 21652
834 72 21653
339 1068 21654
638 830 21655
638 1080 21656
638 103 21657
72 834 21658
834 72 21659
72 834 21660
871 1050 21661
834 72 21662
1033 765 21663
72 834 21664
345 346 21665
834 72 21666
345 1058 21667
242 454 21668
638 388 21669
1049 325 21670
72 834 21671
834 72 21672
1042 758 21673
638 881 21674
638 373 21675
681 626 21676
1049 638 21677
638 1049 21678
638 1049 21679
681 638 21680
638 1049 21681
765 1033 21682
1068 834 21683
1068 834 21684
681 638 21685
1068 834 21686
1049 638 21687
638 1049 21688
881 638 21689
75 1041 21690
1068 72 21691
638 881 21692
415 840 21693
1042 638 21694
143 442 21695
143 1037 21696
638 254 21697
638 758 21698
638 254 21699
339 463 21700
1042 638 21701
539 1072 21702
72 1068 21703
415 195 21704
103 938 21705
422 308 21706
1068 72 21707
377 755 21708
103 1072 21709
1033 765 21710
377 627 21711
830 339 21712
260 1028 21713
260 949 21714
214 1072 21715
1082 1076 21716
377 313 21717
1039 72 21718
765 1033 21719
679 26 21720
377 281 21721
103 1060 21722
377 50 21723
72 1039 21724
1082 1076 21725
389 242 21726
460 934 21727
389 830 21728
1033 765 21729
242 823 21730
543 356 21731
242 389 21732
377 313 21733
254 1039 21734
555 352 21735
801 313 21736
1033 847 21737
144 834 21738
765 1033 21739
681 388 21740
318 72 21741
834 1068 21742
34 313 21743
834 144 21744
539 1072 21745
101 41 21746
34 1072 21747
555 641 21748
193 626 21749
1039 72 21750
1036 475 21751
193 847 21752
356 543 21753
475 1036 21754
388 638 21755
834 1068 21756
1080 1072 21757
374 248 21758
626 193 21759
990 513 21760
928 999 21761
928 714 21762
928 103 21763
588 1019 21764
928 103 21765
189 144 21766
313 34 21767
454 242 21768
437 1033 21769
801 313 21770
928 103 21771
928 103 21772
1068 834 21773
810 708 21774
543 356 21775
297 242 21776
297 999 21777
34 313 21778
801 313 21779
34 155 21780
1036 475 21781
928 915 21782
794 277 21783
242 454 21784
313 34 21785
928 794 21786
928 794 21787
793 393 21788
831 1050 21789
34 313 21790
422 1060 21791
72 1039 21792
1033 437 21793
1033 765 21794
194 1083 21795
1032 1056 21796
67 595 21797
194 131 21798
619 654 21799
194 289 21800
194 296 21801
437 1033 21802
194 296 21803
194 449 21804
194 842 21805
194 241 21806
194 1084 21807
194 242 21808
194 80 21809
194 222 21810
194 913 21811
194 619 21812
194 1051 21813
194 599 21814
194 206 21815
194 322 21816
194 516 21817
194 498 21818
194 456 21819
194 209 21820
194 97 21821
194 254 21822
194 132 21823
194 1063 21824
194 376 21825
194 404 21826
1049 325 21827
194 1004 21828
194 817 21829
194 586 21830
194 277 21831
194 1039 21832
194 527 21833
194 573 21834
194 815 21835
194 598 21836
194 125 21837
194 644 21838
194 1056 21839
194 1085 21840
194 1086 21841
194 798 21842
194 753 21843
194 237 21844
194 575 21845
194 465 21846
194 60 21847
194 453 21848
194 342 21849
194 295 21850
194 949 21851
194 679 21852
194 711 21853
194 596 21854
194 915 21855
194 673 21856
194 774 21857
194 98 21858
189 708 21859
189 1068 21860
626 590 21861
865 1072 21862
851 1014 21863
42 296 21864
1087 1088 21865
915 928 21866
638 388 21867
638 1042 21868
1087 341 21869
830 389 21870
986 915 21871
281 561 21872
1046 1014 21873
999 928 21874
194 817 21875
26 679 21876
834 1068 21877
523 176 21878
765 1033 21879
523 990 21880
523 724 21881
84 765 21882
84 765 21883
84 765 21883
260 949 21884
615 422 21885
509 306 21886
509 389 21887
509 194 21888
286 1000 21889
509 1039 21890
509 595 21891
1039 72 21892
204 176 21893
509 872 21894
990 523 21895
781 701 21896
615 509 21897
72 1039 21898
1039 72 21899
277 1032 21900
189 708 21901
72 1039 21902
1039 72 21903
72 1039 21904
204 1070 21905
792 228 21906
679 194 21907
679 26 21908
252 242 21909
1039 72 21910
72 1039 21911
26 679 21912
679 26 21913
679 903 21914
834 1068 21915
679 346 21916
389 509 21917
765 84 21917
297 999 21918
26 679 21919
103 765 21920
103 599 21921
834 626 21922
103 277 21923
509 389 21924
429 950 21925
509 817 21926
429 950 21927
509 277 21928
884 1050 21929
884 536 21930
990 419 21931
990 419 21932
990 419 21933
950 429 21934
950 429 21935
536 884 21936
884 536 21937
536 884 21938
950 405 21939
884 536 21940
193 626 21941
168 834 21942
834 168 21943
1068 834 21944
950 698 21945
297 999 21946
73 617 21947
994 1056 21948
1068 72 21949
73 63 21950
1068 949 21951
155 34 21952
72 1068 21953
626 834 21954
626 193 21955
1068 72 21956
72 1068 21957
254 626 21958
626 254 21959
26 645 21960
1068 72 21961
254 626 21962
626 254 21963
834 1068 21964
834 626 21965
1068 834 21966
307 509 21967
445 199 21968
1000 286 21969
72 1068 21970
194 445 21971
626 834 21972
834 1068 21973
834 626 21974
724 523 21975
1068 72 21976
1068 834 21977
626 834 21978
536 884 21979
143 1037 21980
72 1068 21981
143 103 21982
834 626 21983
143 201 21984
143 415 21985
830 549 21986
834 1068 21987
143 834 21988
143 834 21989
884 536 21990
1060 103 21991
626 834 21992
1068 834 21993
713 950 21994
1068 72 21995
128 934 21996
72 1068 21997
67 282 21998
294 830 21999
841 915 22000
1089 765 22001
841 103 22002
199 445 22003
1060 422 22004
53 250 22004
53 26 22005
233 193 22006
53 834 22007
233 1037 22008
1068 72 22009
199 1060 22010
194 768 22011
194 949 22012
72 1068 22013
143 834 22014
394 586 22015
67 938 22016
536 884 22017
536 884 22018
67 1072 22019
131 194 22020
884 536 22021
42 144 22022
189 42 22023
144 42 22024
341 1072 22025
189 42 22026
189 42 22027
836 609 22028
852 1090 22029
189 712 22030
189 42 22031
377 281 22032
377 755 22033
68 135 22034
536 884 22035
341 686 22036
704 1091 22037
704 1092 22038
768 1033 22039
1013 673 22040
704 1060 22041
1013 398 22042
873 144 22043
768 801 22044
1019 439 22045
1019 588 22046
704 1050 22047
950 1093 22048
1093 950 22049
67 173 22050
834 626 22051
834 1068 22052
282 34 22053
704 768 22054
454 242 22055
884 536 22056
777 1072 22057
144 873 22058
204 1070 22059
523 724 22060
523 990 22061
176 277 22062
523 1049 22063
277 176 22064
42 1049 22065
752 1032 22066
915 817 22067
42 1062 22068
42 1050 22069
701 1093 22070
176 277 22071
626 834 22072
277 176 22073
277 176 22074
817 915 22075
1093 701 22076
523 1093 22077
342 194 22078
176 277 22079
638 847 22080
1093 523 22081
523 1093 22082
277 176 22083
638 1093 22084
638 1093 22085
176 277 22086
1093 523 22087
758 638 22088
277 176 22089
638 758 22090
42 1 22091
523 1093 22092
1093 32 22093
342 969 22094
32 1093 22095
1093 523 22096
915 817 22097
1093 32 22098
32 1093 22099
981 1021 22100
1093 32 22101
277 176 22102
67 282 22103
277 1093 22104
817 915 22105
599 103 22106
586 394 22107
915 817 22108
143 32 22109
817 915 22110
817 509 22111
817 176 22112
701 1093 22113
834 626 22114
176 817 22115
143 32 22116
817 176 22117
176 817 22118
817 176 22119
143 201 22120
915 817 22121
176 817 22122
103 1060 22123
1050 42 22124
143 201 22125
617 73 22126
143 201 22127
143 163 22128
143 201 22129
143 201 22130
626 834 22131
143 201 22132
143 103 22133
143 103 22134
143 103 22135
143 103 22136
103 599 22137
103 841 22138
1033 1072 22139
679 194 22140
539 817 22141
228 792 22142
143 1094 22143
102 645 22144
617 73 22145
297 999 22146
969 342 22147
536 884 22148
884 536 22149
873 144 22150
638 950 22151
599 103 22152
1049 523 22153
1049 42 22154
1014 312 22155
638 950 22156
1045 269 22157
638 1014 22158
834 626 22159
638 1045 22160
969 549 22161
1014 851 22162
69 915 22163
67 598 22164
638 950 22165
67 462 22166
212 639 22167
679 1095 22168
502 176 22169
638 236 22170
176 502 22171
638 950 22172
638 950 22173
926 557 22174
638 950 22175
145 1033 22176
638 236 22177
638 950 22178
638 950 22179
638 950 22180
638 950 22181
422 1060 22182
638 950 22183
346 679 22184
502 176 22185
176 502 22186
915 598 22187
679 346 22188
502 176 22189
429 950 22190
950 429 22191
176 502 22192
713 1049 22193
309 540 22194
1 42 22195
713 545 22196
502 176 22197
356 543 22198
429 950 22199
176 502 22200
950 429 22201
934 1096 22202
934 527 22203
1097 884 22204
12 599 22205
1097 127 22206
12 938 22207
626 834 22208
67 1092 22209
834 626 22210
817 915 22211
67 598 22212
12 1039 22213
12 817 22214
12 998 22215
686 341 22216
12 697 22217
12 603 22218
19 1078 22219
19 1078 22220
19 1078 22221
626 834 22222
12 527 22223
12 599 22224
733 297 22225
394 586 22226
733 626 22227
19 1098 22228
19 1098 22229
194 131 22230
38 94 22231
38 626 22232
128 934 22233
38 783 22234
19 598 22235
394 422 22236
626 733 22237
626 38 22238
681 32 22239
422 394 22240
394 131 22241
394 422 22242
131 394 22243
394 131 22244
526 477 22245
32 1099 22246
131 394 22247
645 102 22248
1099 32 22249
645 26 22250
394 131 22251
131 394 22252
297 733 22253
32 1099 22254
32 598 22255
9 566 22256
783 38 22257
12 32 22258
687 1054 22259
687 1004 22260
915 815 22261
32 462 22262
342 319 22263
12 603 22264
12 319 22265
12 603 22266
319 342 22267
12 319 22268
128 934 22269
342 319 22270
12 319 22271
603 814 22272
9 32 22273
12 319 22274
63 990 22275
12 32 22276
12 319 22277
595 509 22278
67 938 22279
67 595 22280
67 282 22281
67 451 22282
252 1000 22283
509 595 22284
67 598 22285
271 194 22286
128 934 22287
67 32 22288
194 271 22289
934 1026 22290
194 32 22291
194 296 22292
277 830 22293
277 950 22294
252 595 22295
41 1056 22296
194 32 22297
252 598 22298
41 1041 22299
194 32 22300
19 1099 22301
103 599 22302
599 103 22303
103 599 22304
513 990 22305
128 934 22306
277 830 22307
277 950 22308
277 830 22309
277 950 22310
1034 1036 22311
277 950 22312
704 1072 22313
128 934 22314
277 950 22315
277 950 22316
277 950 22317
63 73 22318
103 1100 22319
103 566 22320
599 103 22321
1101 687 22322
103 599 22323
990 513 22324
543 356 22325
814 603 22326
12 817 22327
599 103 22328
277 950 22329
615 1042 22330
1000 252 22331
277 950 22332
228 1100 22333
277 950 22334
73 617 22335
73 63 22336
74 840 22337
12 857 22338
376 194 22339
1072 1033 22340
603 814 22341
1072 341 22342
12 527 22343
12 73 22344
19 1072 22345
12 1080 22346
475 468 22347
12 475 22348
103 599 22349
19 527 22350
12 609 22351
103 599 22352
12 173 22353
12 527 22354
12 142 22355
557 926 22356
1034 32 22357
12 599 22358
173 103 22359
297 999 22360
12 103 22361
1101 513 22362
12 142 22363
12 103 22364
12 1102 22365
1089 765 22366
624 595 22367
539 1103 22368
12 142 22369
12 679 22370
881 1090 22371
194 376 22372
193 233 22373
193 149 22374
881 999 22375
673 679 22376
658 667 22377
142 482 22378
297 609 22379
673 687 22380
193 658 22381
599 103 22382
482 142 22383
540 309 22384
546 281 22385
614 445 22386
638 540 22387
609 1036 22388
536 884 22389
638 540 22390
540 638 22391
532 325 22392
557 561 22393
296 295 22394
540 1104 22395
1104 540 22396
540 1104 22397
540 754 22398
1104 540 22399
754 540 22400
234 391 22401
624 592 22402
1105 1072 22403
542 314 22404
542 697 22405
540 1104 22406
1097 127 22407
540 754 22408
1097 884 22409
90 48 22410
542 1103 22411
557 583 22412
1097 191 22413
1097 191 22414
540 191 22415
495 1050 22416
1097 191 22417
1097 103 22418
1104 540 22419
191 540 22420
540 191 22421
546 542 22422
41 495 22423
552 975 22424
103 783 22425
1097 1104 22426
1097 103 22427
103 988 22428
103 1097 22429
542 546 22430
1060 199 22431
542 297 22432
1060 103 22433
542 598 22434
1060 422 22435
542 297 22436
103 1060 22437
1060 103 22438
103 1060 22439
542 297 22440
542 128 22441
1097 437 22442
542 638 22443
63 73 22444
542 297 22445
63 339 22446
687 1032 22447
542 297 22448
777 1072 22449
422 1060 22450
144 873 22451
542 297 22452
542 1072 22453
1072 542 22454
542 297 22455
297 542 22456
542 1072 22456
1072 542 22457
542 297 22458
555 352 22459
542 1072 22460
297 542 22461
1072 542 22462
128 542 22463
542 297 22464
542 128 22465
297 542 22466
542 1072 22467
542 297 22468
297 542 22469
542 460 22470
41 599 22471
9 566 22472
560 1072 22473
542 297 22474
128 542 22475
297 542 22476
248 374 22477
1072 542 22478
392 950 22479
792 228 22480
1072 560 22481
12 140 22482
599 41 22483
41 599 22484
599 41 22485
41 599 22486
599 41 22487
599 41 22488
482 1072 22489
1072 482 22490
12 543 22491
1034 1036 22492
560 1072 22493
41 599 22494
41 599 22495
1072 560 22496
542 1072 22497
542 297 22498
560 1072 22499
542 297 22500
12 1106 22501
297 542 22502
1072 542 22503
297 542 22504
12 599 22505
297 542 22506
542 297 22507
1072 560 22508
560 1072 22509
542 1072 22510
297 542 22511
12 140 22512
542 297 22513
560 1072 22514
297 542 22515
1072 560 22516
542 297 22517
12 80 22518
12 586 22519
586 1107 22520
12 586 22521
1072 542 22522
560 1072 22523
297 542 22524
542 297 22525
12 80 22526
297 542 22527
12 586 22528
542 297 22529
297 542 22530
12 586 22531
542 1072 22532
1069 884 22533
1069 74 22534
1069 878 22535
1069 252 22536
1069 687 22537
1069 102 22538
928 999 22539
928 915 22540
254 654 22541
724 523 22542
560 1072 22543
201 140 22544
350 1102 22545
950 392 22546
201 938 22547
103 938 22548
29 1072 22549
460 542 22550
939 783 22551
939 460 22552
1034 853 22553
884 536 22554
884 1097 22555
783 939 22556
252 463 22557
335 34 22558
335 174 22559
843 1051 22560
549 830 22561
549 969 22562
342 1068 22563
938 201 22564
938 103 22565
1033 302 22566
713 41 22567
26 645 22568
675 462 22569
713 1049 22570
675 462 22571
523 724 22572
724 523 22573
339 63 22574
462 32 22575
713 567 22576
713 462 22577
713 716 22578
713 34 22579
713 124 22580
242 252 22581
713 242 22582
873 144 22583
294 42 22584
713 319 22585
713 363 22586
713 940 22587
713 842 22588
713 1043 22589
713 1043 22590
713 884 22591
713 509 22592
713 999 22593
713 950 22594
713 1018 22595
277 254 22596
1052 708 22597
1072 542 22598
1072 29 22599
697 542 22600
462 675 22601
817 1100 22602
102 645 22603
62 949 22604
635 719 22605
949 62 22606
350 335 22607
713 733 22608
103 938 22609
713 38 22610
713 641 22611
713 1036 22612
713 462 22613
713 884 22614
713 1043 22615
32 462 22616
32 1103 22617
1069 252 22618
638 542 22619
638 540 22620
357 938 22621
357 817 22622
103 462 22623
357 903 22624
545 676 22625
770 841 22626
545 1019 22627
357 194 22628
545 1060 22629
460 939 22630
460 542 22631
277 254 22632
1097 884 22633
1097 437 22634
884 1097 22635
357 154 22636
357 154 22637
462 32 22638
462 103 22639
462 32 22640
19 140 22641
422 815 22642
53 26 22643
53 250 22644
687 252 22645
536 884 22646
162 851 22647
143 32 22648
143 915 22649
32 462 22650
143 103 22651
462 32 22652
32 462 22653
884 536 22654
884 536 22655
536 884 22656
834 626 22657
992 1108 22658
1097 884 22659
449 498 22660
103 460 22661
199 1060 22662
1069 687 22663
884 536 22664
884 1097 22665
536 884 22666
495 41 22667
626 834 22668
984 638 22669
194 296 22670
394 212 22671
394 212 22672
884 536 22673
1037 233 22674
638 984 22675
949 194 22676
536 884 22677
194 949 22678
949 642 22679
884 536 22680
536 884 22681
944 194 22682
127 1097 22683
252 687 22684
69 252 22685
63 339 22686
884 536 22687
212 306 22688
540 990 22689
536 884 22690
212 439 22691
1069 252 22692
884 536 22693
536 884 22694
638 540 22695
1103 542 22696
884 536 22697
36 1033 22698
1034 701 22699
1034 462 22700
834 626 22701
252 433 22702
701 1034 22703
536 884 22704
679 149 22705
1034 701 22706
542 1103 22707
626 834 22708
701 1034 22709
1034 462 22710
1034 701 22711
701 1034 22712
1034 462 22713
542 460 22714
26 53 22715
1034 701 22716
1034 462 22717
1034 462 22718
1034 697 22719
713 1043 22720
701 1034 22721
713 1043 22722
1034 701 22723
204 1070 22724
884 536 22725
1034 462 22726
1034 697 22727
1069 687 22728
1034 697 22729
1069 545 22730
701 1034 22731
1107 586 22732
1034 462 22733
1034 462 22734
1034 462 22735
1034 462 22736
713 641 22737
713 545 22738
1034 462 22739
194 296 22740
1034 462 22741
713 884 22742
1034 462 22743
439 1019 22744
1034 701 22745
1034 462 22746
1034 462 22747
1034 462 22748
1034 462 22749
1034 462 22750
1034 462 22751
1034 462 22752
306 212 22753
1034 462 22754
713 41 22755
713 462 22756
1034 462 22757
342 1068 22758
1034 462 22759
191 765 22760
713 629 22761
583 557 22762
399 76 22763
350 439 22764
201 938 22765
201 938 22765
201 938 22766
12 543 22767
557 583 22768
12 938 22769
1031 650 22770
1031 1109 22771
1031 651 22772
1031 646 22773
1031 840 22774
9 997 22775
9 177 22776
9 771 22777
990 540 22778
394 263 22779
834 626 22780
626 834 22781
128 934 22782
277 254 22783
1052 708 22784
277 1032 22785
834 626 22786
342 544 22787
212 306 22788
615 80 22789
626 834 22790
884 495 22791
598 542 22792
884 536 22793
555 212 22794
834 626 22795
626 834 22796
834 626 22797
938 201 22798
19 1068 22799
103 974 22800
735 790 22801
626 834 22802
277 254 22803
296 550 22804
282 67 22805
277 254 22806
201 938 22807
830 549 22808
498 194 22809
277 254 22810
190 652 22811
339 63 22812
638 475 22813
498 449 22814
1068 498 22815
652 190 22816
250 475 22817
475 250 22818
250 569 22819
250 260 22820
250 1097 22821
250 475 22822
475 250 22823
638 643 22824
498 1068 22825
277 1032 22826
277 254 22827
1068 498 22828
1100 753 22829
260 250 22830
277 1032 22831
260 509 22832
569 250 22833
194 296 22834
194 296 22835
194 296 22836
658 193 22837
277 1032 22838
658 1110 22839
652 214 22840
194 26 22841
765 191 22842
194 62 22843
194 794 22844
194 498 22845
194 817 22846
194 482 22847
194 498 22848
194 1004 22849
679 673 22850
9 212 22851
277 1032 22852
277 1032 22853
9 834 22854
402 881 22855
9 679 22856
9 679 22857
323 834 22858
194 586 22859
194 509 22860
501 768 22861
194 817 22862
817 194 22863
12 938 22864
817 194 22865
194 817 22866
323 645 22867
194 817 22868
83 194 22869
817 194 22870
817 194 22871
586 194 22872
1004 1032 22873
9 679 22874
9 282 22875
1032 1004 22876
12 282 22877
9 282 22878
536 884 22879
12 282 22880
1004 1032 22881
63 339 22882
1032 1004 22883
12 282 22884
9 282 22885
1004 1032 22886
9 679 22887
735 1032 22888
9 282 22889
323 1014 22890
194 1004 22891
12 282 22892
9 282 22893
323 632 22894
12 282 22895
323 758 22896
1004 1008 22897
12 1039 22898
595 252 22899
12 282 22900
12 569 22901
9 282 22902
9 282 22903
12 282 22904
12 282 22905
234 1039 22906
12 282 22907
12 926 22908
194 1004 22909
44 597 22910
12 282 22911
9 282 22912
859 388 22913
12 536 22914
372 1111 22915
12 536 22916
1111 372 22917
372 536 22917
536 372 22918
12 282 22919
372 1111 22919
859 1060 22920
12 536 22921
9 282 22922
12 282 22923
9 282 22924
12 282 22925
859 372 22926
12 569 22927
12 536 22928
926 557 22929
12 569 22930
12 926 22931
372 536 22932
498 194 22933
12 402 22934
41 1111 22935
498 194 22936
194 1004 22937
536 372 22938
12 282 22939
12 926 22940
12 926 22941
12 926 22942
986 194 22943
372 536 22944
12 986 22945
19 986 22946
19 986 22947
12 1039 22948
19 986 22949
986 991 22950
233 193 22951
603 814 22952
19 986 22953
19 986 22954
991 986 22955
986 991 22956
19 986 22957
777 1111 22957
986 991 22958
19 986 22959
536 372 22960
19 986 22961
9 282 22962
9 282 22963
1034 1039 22964
814 603 22964
603 814 22965
19 986 22966
884 536 22967
19 986 22968
1034 1039 22969
12 80 22969
991 654 22970
19 986 22971
12 389 22972
991 654 22973
19 986 22974
536 884 22974
1069 560 22975
19 986 22976
12 1068 22977
814 603 22978
19 986 22979
19 986 22980
19 986 22981
986 19 22982
19 986 22983
19 986 22984
19 986 22985
19 986 22986
1111 372 22987
249 288 22988
12 1068 22989
884 536 22990
12 997 22991
1043 41 22992
12 1068 22993
41 1043 22994
12 1068 22995
19 997 22995
1043 41 22996
12 1068 22997
327 938 22998
249 402 22999
12 758 23000
128 934 23001
997 19 23002
12 758 23003
12 758 23004
405 777 23005
532 882 23006
405 950 23007
536 884 23008
532 364 23009
250 569 23010
884 536 23010
536 884 23011
583 557 23012
212 532 23013
19 583 23014
212 741 23015
534 625 23016
626 50 23017
144 1111 23018
191 765 23019
252 595 23020
19 901 23021
1034 697 23022
893 950 23023
306 212 23024
884 536 23025
400 908 23026
306 509 23027
400 799 23028
884 901 23029
536 884 23030
400 392 23031
400 495 23032
19 256 23033
400 607 23034
256 498 23035
400 396 23036
474 679 23037
400 598 23038
1111 144 23039
41 1043 23040
1043 41 23041
884 536 23042
474 400 23043
50 626 23044
536 884 23045
884 536 23046
938 201 23047
626 50 23048
543 418 23049
19 874 23050
172 296 23051
1026 934 23052
394 1004 23053
1101 72 23054
193 658 23055
128 934 23056
323 341 23057
172 1026 23058
753 984 23059
595 252 23060
50 626 23061
598 400 23062
598 252 23063
36 189 23064
950 405 23065
605 462 23066
1004 394 23067
753 1100 23068
950 893 23068
626 50 23069
509 260 23070
214 652 23071
598 67 23072
598 32 23073
598 19 23074
9 834 23075
598 915 23076
617 73 23077
509 306 23078
462 605 23079
250 405 23080
536 884 23080
617 728 23081
250 316 23082
250 909 23083
250 1112 23084
509 454 23085
509 454 23086
777 405 23087
509 389 23088
306 509 23089
377 415 23090
605 462 23091
87 938 23092
462 605 23093
605 462 23094
1113 990 23095
984 753 23096
250 697 23097
12 938 23098
634 8 23099
431 605 23100
250 598 23101
999 928 23102
884 536 23103
394 1004 23104
250 616 23105
50 626 23106
168 834 23107
50 1100 23108
323 341 23109
250 1100 23110
462 605 23111
753 984 23112
323 1014 23113
605 462 23114
590 1060 23115
297 999 23116
462 605 23117
297 999 23118
323 1014 23119
605 462 23120
986 991 23121
19 986 23122
1100 50 23123
986 8 23124
986 719 23125
19 986 23126
986 719 23127
720 787 23128
509 306 23129
652 214 23130
19 986 23131
462 393 23132
536 884 23133
323 1014 23134
297 999 23135
19 986 23136
19 991 23137
431 605 23138
19 991 23139
834 168 23140
19 991 23141
50 1100 23142
881 402 23143
986 679 23144
277 605 23145
19 991 23146
462 605 23147
277 252 23148
986 679 23149
626 50 23150
19 991 23151
220 103 23152
605 462 23153
884 536 23154
536 884 23155
431 605 23156
462 605 23157
474 679 23158
474 834 23159
358 719 23160
884 536 23161
358 400 23162
277 605 23163
358 250 23164
462 339 23165
338 1104 23166
338 1107 23167
474 42 23168
474 834 23169
250 358 23170
984 753 23171
36 1 23172
252 595 23173
984 753 23174
252 598 23175
652 822 23175
474 679 23176
1114 63 23177
474 834 23178
567 194 23179
474 679 23180
494 389 23181
822 652 23182
474 834 23183
586 513 23184
741 212 23185
474 679 23186
652 822 23187
474 834 23188
474 679 23189
679 393 23189
753 984 23190
19 598 23191
567 1072 23192
67 938 23193
834 598 23194
822 652 23195
652 928 23196
598 834 23197
599 41 23198
474 834 23199
652 822 23200
474 679 23201
834 598 23202
598 834 23203
834 598 23204
474 679 23205
822 652 23206
652 322 23207
277 605 23208
567 1060 23209
474 834 23210
652 822 23211
143 201 23212
777 306 23213
474 679 23214
393 462 23215
822 652 23216
794 194 23217
652 822 23218
350 311 23219
67 598 23220
474 834 23221
986 753 23222
986 652 23223
474 679 23224
822 652 23225
652 753 23226
193 233 23227
986 753 23228
462 393 23229
306 777 23230
250 753 23231
474 834 23232
357 986 23233
474 679 23234
474 834 23235
357 986 23236
753 652 23237
753 250 23238
474 679 23239
323 1014 23240
986 753 23241
323 632 23242
357 986 23243
598 542 23244
474 834 23245
297 999 23246
250 753 23247
357 783 23248
1069 878 23249
753 250 23250
474 834 23251
323 719 23252
986 835 23253
393 462 23254
474 679 23255
598 194 23256
323 632 23257
306 509 23258
878 598 23259
598 878 23260
462 393 23261
250 753 23262
704 822 23263
934 1026 23264
143 250 23265
704 822 23266
474 679 23267
339 462 23268
474 834 23269
323 632 23270
462 339 23271
819 822 23272
9 771 23273
753 250 23274
991 986 23275
1069 98 23276
986 991 23277
9 834 23278
991 986 23278
357 986 23279
474 834 23280
986 991 23281
878 598 23282
19 986 23283
357 986 23284
474 679 23285
194 644 23286
323 632 23287
36 211 23288
250 753 23289
474 834 23290
297 598 23291
753 250 23292
36 189 23293
822 819 23294
9 834 23295
250 753 23296
474 679 23297
260 1104 23298
323 632 23299
753 250 23300
393 462 23301
991 986 23302
306 1115 23303
250 753 23304
462 393 23305
323 557 23306
372 536 23307
753 250 23308
474 834 23309
679 474 23310
9 834 23311
250 753 23312
704 822 23313
834 474 23314
758 753 23315
995 644 23316
783 1004 23317
753 758 23318
753 758 23319
758 753 23320
277 615 23321
753 250 23322
393 462 23323
311 350 23324
250 753 23325
834 753 23326
753 758 23327
474 679 23328
9 834 23329
393 372 23330
9 834 23331
323 632 23332
758 753 23333
372 393 23334
753 834 23335
250 1053 23336
474 834 23337
250 154 23338
250 135 23339
834 753 23340
250 1026 23341
704 1100 23342
834 474 23343
393 372 23344
753 834 23344
719 635 23345
834 753 23346
323 719 23347
474 834 23348
1033 437 23349
372 393 23350
834 474 23351
753 834 23352
1033 765 23353
323 632 23354
393 372 23355
834 753 23356
462 393 23357
372 437 23358
323 719 23359
372 393 23360
393 462 23361
770 903 23361
679 474 23362
753 834 23363
393 372 23364
753 719 23365
590 753 23366
323 632 23367
474 834 23368
1033 1072 23369
719 753 23370
462 393 23371
753 590 23372
834 753 23373
753 719 23374
474 679 23375
323 557 23376
753 834 23377
834 474 23378
719 753 23379
681 440 23380
834 753 23381
372 393 23382
638 372 23383
753 719 23384
679 474 23385
393 462 23386
753 834 23387
393 372 23388
681 440 23389
719 753 23390
615 1108 23391
753 719 23392
770 841 23393
474 834 23394
462 393 23395
719 753 23396
681 788 23397
1034 788 23398
681 440 23399
753 719 23399
753 719 23400
1033 753 23401
644 719 23402
753 1033 23403
323 557 23404
719 753 23405
719 644 23406
781 96 23406
753 834 23407
36 1033 23408
372 393 23409
460 542 23410
638 372 23411
393 462 23412
555 795 23413
600 714 23414
393 372 23415
1026 934 23416
474 679 23417
590 753 23418
834 753 23419
834 474 23420
555 1047 23421
679 161 23422
834 474 23423
1071 638 23424
462 393 23425
555 1047 23426
474 834 23427
600 927 23428
679 474 23429
474 679 23430
1052 708 23431
161 679 23432
282 1071 23433
600 714 23434
474 679 23435
834 474 23436
834 474 23436
679 474 23437
393 462 23438
1026 172 23439
323 557 23440
356 543 23441
679 474 23442
462 393 23443
474 834 23444
679 161 23444
652 753 23445
834 474 23446
934 1026 23447
474 679 23448
1052 626 23449
1052 626 23450
1052 626 23451
679 474 23452
474 834 23453
474 679 23454
161 679 23455
834 474 23456
652 1071 23457
679 161 23458
372 393 23459
282 1071 23460
638 372 23461
658 193 23462
393 462 23463
386 422 23464
1026 934 23465
393 372 23466
161 679 23467
323 557 23468
679 161 23469
250 101 23470
462 393 23471
12 599 23472
277 615 23473
781 1038 23473
12 638 23474
679 372 23475
1104 260 23476
546 372 23477
1069 98 23478
393 462 23479
1069 98 23480
546 1005 23481
513 990 23482
161 679 23483
12 282 23484
513 586 23485
323 341 23486
462 393 23487
770 841 23488
449 498 23489
679 161 23490
323 557 23491
277 1023 23492
615 1116 23493
277 615 23494
161 679 23495
393 462 23495
770 1072 23496
990 513 23497
462 393 23498
350 311 23499
638 309 23500
679 161 23501
638 309 23502
323 557 23503
393 462 23503
871 783 23504
641 475 23505
161 679 23506
277 1023 23507
871 495 23508
277 615 23509
615 1116 23510
1069 1023 23511
282 1071 23512
323 68 23512
462 393 23513
418 543 23514
1005 546 23515
277 615 23516
323 557 23517
495 884 23518
495 400 23519
1023 1072 23520
323 557 23521
277 1023 23522
249 288 23523
990 513 23524
1101 513 23525
934 1026 23526
638 41 23527
249 288 23528
323 418 23529
884 495 23530
323 557 23531
323 557 23532
1042 784 23533
1042 784 23534
1042 802 23535
1042 802 23536
1042 802 23537
652 73 23538
323 341 23539
12 343 23540
605 73 23541
277 1023 23542
323 557 23543
859 372 23544
12 991 23545
605 1023 23546
316 102 23547
194 644 23548
859 590 23549
323 557 23550
198 101 23551
19 525 23552
323 557 23552
638 640 23553
1042 1056 23554
1054 687 23555
1042 1056 23556
19 525 23557
102 316 23558
525 73 23559
859 676 23560
679 161 23561
1023 605 23562
277 1023 23563
605 1023 23564
277 615 23565
1042 712 23566
316 250 23567
316 102 23568
323 341 23569
102 316 23570
260 1104 23571
194 590 23572
1023 605 23573
277 1023 23574
194 1097 23575
586 513 23576
1097 194 23577
277 615 23578
605 1023 23579
260 1107 23580
277 1054 23581
316 102 23582
323 557 23583
128 934 23584
1023 605 23585
316 777 23586
504 542 23587
640 1072 23588
277 1023 23589
1042 389 23590
323 341 23591
603 814 23592
323 557 23593
687 1054 23594
174 335 23595
1042 318 23596
181 495 23597
687 573 23598
277 1023 23599
323 557 23600
323 341 23601
504 341 23602
12 991 23603
181 194 23604
640 1103 23605
277 615 23606
1042 997 23607
1042 997 23608
29 1072 23609
277 1023 23610
573 687 23611
392 400 23612
277 1023 23613
513 990 23614
590 194 23615
590 835 23616
73 652 23617
277 615 23618
73 605 23619
1056 1032 23620
652 73 23621
1042 574 23622
1056 308 23623
277 1023 23624
1071 598 23625
560 194 23626
542 598 23627
542 504 23628
1042 449 23629
814 603 23630
697 250 23631
19 583 23632
697 1034 23633
835 590 23634
277 1023 23635
277 615 23636
19 583 23637
19 583 23638
603 814 23639
640 1072 23640
277 615 23641
277 1023 23642
277 615 23643
1113 598 23644
277 615 23645
277 1023 23646
277 1023 23647
277 615 23648
53 250 23649
792 903 23650
498 495 23651
697 1023 23652
495 1049 23653
1023 1117 23654
1101 513 23655
944 598 23656
1023 697 23657
1023 1117 23658
1101 194 23659
697 1023 23660
422 386 23661
944 194 23662
697 549 23663
1023 697 23664
103 652 23665
1023 697 23666
542 549 23667
542 549 23668
1049 495 23669
549 697 23670
495 884 23671
1117 1023 23672
549 542 23673
787 720 23674
542 495 23675
523 440 23676
475 640 23677
697 1023 23678
495 181 23679
495 498 23680
1023 697 23681
495 1049 23682
687 640 23683
1049 502 23684
502 1049 23685
1049 495 23686
1023 1117 23687
368 549 23688
1049 502 23689
495 542 23690
502 1049 23691
1049 502 23692
549 368 23692
884 495 23693
502 1049 23694
1023 1117 23695
498 495 23696
697 1023 23697
502 468 23698
762 402 23699
377 415 23700
542 495 23701
42 474 23702
549 830 23703
1041 41 23704
42 1031 23705
41 1043 23706
41 599 23707
41 1041 23708
1101 513 23709
640 687 23710
475 841 23711
640 475 23712
1060 590 23713
42 483 23714
1060 567 23715
377 1060 23716
42 1091 23717
1060 422 23718
1060 199 23719
377 306 23720
542 598 23721
368 549 23722
377 371 23723
542 598 23724
176 871 23725
851 1014 23726
377 48 23727
1034 697 23728
681 1072 23729
687 640 23730
697 1034 23731
851 162 23732
998 475 23733
1034 697 23734
549 368 23735
252 1026 23736
1101 475 23737
1034 1118 23738
640 687 23739
1118 1034 23740
542 1069 23741
1034 1118 23742
1034 697 23743
1101 475 23744
1118 1034 23745
1034 1118 23746
697 1034 23747
377 343 23748
1118 1034 23749
422 1060 23750
1034 1118 23751
1118 1034 23752
841 792 23753
841 475 23754
1034 1118 23755
475 841 23756
1118 1034 23757
475 841 23758
841 475 23759
1034 1118 23760
475 841 23761
1118 1034 23762
1034 1118 23763
1118 1034 23764
1034 1118 23765
1118 1034 23766
1034 1118 23767
1118 1034 23768
640 1062 23769
1118 640 23770
640 1118 23771
1034 1118 23772
1118 1034 23773
1118 640 23774
640 1118 23775
1034 1118 23776
640 1118 23777
1118 640 23778
1118 1034 23779
640 1118 23780
1118 640 23781
1034 1118 23782
640 1118 23783
72 1039 23784
1118 640 23785
1004 783 23786
783 1004 23787
599 41 23788
679 903 23789
841 903 23790
841 103 23791
214 1117 23792
617 681 23793
483 42 23794
638 41 23795
938 87 23796
342 638 23797
199 1060 23798
430 32 23799
821 475 23800
67 1034 23801
430 63 23802
128 573 23803
367 88 23804
509 306 23805
509 454 23806
509 583 23807
600 309 23808
626 738 23809
509 1117 23810
600 632 23811
600 927 23812
704 822 23812
509 975 23813
509 1111 23814
509 1103 23815
296 172 23816
536 372 23817
536 884 23818
342 638 23819
1113 536 23820
41 599 23821
1107 260 23822
32 638 23823
543 418 23824
32 546 23825
67 607 23826
67 901 23827
67 928 23828
1113 536 23829
32 1042 23830
1069 542 23831
1069 559 23832
1069 559 23833
1113 536 23834
3 371 23835
3 498 23836
3 590 23837
1042 337 23838
1042 32 23839
1042 32 23840
1119 1026 23841
1042 32 23842
1042 32 23843
1042 32 23844
738 626 23845
1042 32 23846
105 1068 23847
63 847 23848
712 1042 23849
1042 32 23850
1042 712 23851
402 762 23852
405 950 23853
405 250 23854
405 777 23855
1069 308 23856
598 542 23857
439 212 23858
1042 712 23859
388 638 23860
652 283 23861
1120 545 23862
483 583 23863
1120 545 23864
1026 252 23865
495 1049 23866
425 765 23867
626 738 23868
495 884 23869
495 498 23870
1054 277 23871
445 614 23872
495 542 23873
777 405 23874
984 753 23875
765 425 23876
787 720 23877
605 73 23878
720 787 23879
990 513 23880
317 679 23881
3 498 23882
9 32 23883
69 1034 23884
233 193 23885
551 1019 23886
498 495 23887
317 1111 23888
583 283 23889
1069 308 23890
143 201 23891
143 762 23892
1045 72 23893
1045 72 23894
1119 1026 23895
337 1042 23896
342 544 23897
834 142 23898
834 1024 23899
342 598 23900
296 199 23901
296 445 23902
1103 640 23903
296 295 23904
950 405 23905
297 263 23906
277 1054 23907
296 544 23908
296 544 23909
296 516 23910
36 1033 23911
36 189 23912
1021 1104 23913
9 282 23914
1117 1023 23915
9 282 23916
9 32 23917
224 175 23918
250 405 23919
9 282 23920
9 282 23921
67 928 23922
644 97 23923
97 644 23924
97 644 23925
1069 317 23926
9 32 23927
9 282 23928
9 32 23929
9 32 23930
9 32 23931
1023 1117 23932
615 277 23933
9 282 23934
1023 277 23935
1023 277 23936
644 97 23936
1023 277 23937
9 282 23938
142 1121 23939
142 1121 23940
142 1121 23941
1121 142 23942
1121 142 23943
142 1121 23944
545 1047 23945
9 282 23946
9 142 23947
9 282 23948
306 1117 23949
32 683 23950
306 1122 23951
683 32 23952
32 683 23953
9 282 23954
683 32 23955
357 988 23956
32 683 23957
683 32 23958
252 97 23959
9 282 23960
683 32 23961
445 296 23962
32 683 23963
32 683 23964
683 32 23965
683 32 23966
9 282 23967
32 683 23968
546 32 23969
32 546 23970
9 683 23971
9 683 23972
9 282 23973
296 445 23974
683 32 23975
546 32 23976
9 683 23977
9 282 23978
32 683 23979
32 546 23980
252 1026 23981
683 32 23982
32 317 23983
32 683 23984
32 317 23985
87 502 23986
683 32 23987
32 683 23988
87 654 23989
149 679 23990
1117 306 23991
1117 1023 23992
683 32 23993
654 87 23994
325 532 23995
1118 560 23996
560 1118 23997
32 644 23998
1118 560 23999
1123 1036 24000
32 598 24000
560 63 24001
560 1118 24002
1118 560 24003
373 638 24004
598 523 24005
317 333 24006
1113 309 24007
560 598 24008
980 598 24009
679 149 24010
305 475 24011
1113 309 24012
980 638 24013
1113 536 24014
1113 309 24015
781 755 24016
323 1124 24017
323 1036 24018
598 980 24019
598 560 24020
323 68 24021
598 32 24022
1113 609 24023
598 342 24024
309 1125 24025
1113 309 24026
598 878 24027
598 1071 24028
598 250 24029
598 1070 24030
704 822 24031
598 325 24032
101 198 24033
26 679 24034
72 1045 24035
1113 309 24036
1124 72 24037
325 598 24038
1113 536 24039
19 527 24040
1004 194 24041
595 308 24042
560 598 24043
72 1124 24044
679 26 24045
204 1070 24046
9 788 24046
9 1121 24047
204 777 24048
204 250 24049
1039 72 24050
1026 252 24051
377 1117 24052
325 1049 24053
72 1039 24054
1113 536 24055
377 814 24056
193 658 24057
1039 72 24058
377 755 24059
523 598 24060
377 755 24061
704 822 24062
252 1026 24063
1113 536 24064
325 1072 24065
323 1124 24066
1126 289 24067
1113 536 24068
73 652 24069
1126 289 24070
1113 536 24071
73 605 24072
853 1034 24073
72 1039 24074
474 42 24075
474 834 24076
1034 853 24077
1113 536 24078
1042 337 24079
1113 536 24080
337 1042 24081
986 781 24082
1042 337 24083
986 175 24084
249 288 24085
938 67 24086
1039 72 24087
249 288 24088
72 1039 24089
9 252 24090
32 281 24091
316 726 24092
281 32 24093
32 281 24094
281 32 24095
1039 72 24096
281 32 24097
32 281 24098
32 281 24099
281 32 24100
281 32 24101
1113 309 24102
481 679 24103
679 481 24104
32 281 24105
481 679 24106
32 281 24107
72 1039 24108
679 481 24109
302 557 24110
481 586 24111
481 679 24112
586 481 24113
679 481 24114
525 155 24115
103 556 24116
67 449 24117
36 103 24118
36 189 24119
1049 325 24120
36 1033 24121
598 523 24122
36 1127 24123
250 598 24124
36 189 24125
67 1103 24126
250 1118 24127
36 103 24128
866 203 24129
128 250 24130
1118 250 24131
250 1118 24132
1118 250 24133
155 525 24134
103 983 24135
36 189 24136
103 841 24137
598 250 24138
128 250 24139
26 679 24140
859 641 24141
980 598 24142
439 212 24143
1023 1117 24144
250 1118 24145
954 953 24146
986 19 24147
63 560 24148
954 652 24149
36 189 24150
1128 1034 24151
598 980 24152
598 560 24153
598 325 24154
1034 1118 24155
598 542 24156
36 189 24157
687 367 24158
302 769 24159
250 1068 24160
250 954 24161
367 687 24162
103 1118 24163
1118 250 24164
1118 1034 24165
1118 103 24166
103 1118 24167
250 1118 24168
598 367 24169
367 598 24170
1072 325 24171
834 1118 24172
97 644 24173
97 252 24174
713 342 24175
1118 103 24176
713 41 24177
1118 834 24178
609 1056 24179
36 189 24180
609 836 24181
1068 250 24182
609 151 24183
609 1026 24184
1118 308 24185
483 679 24186
483 42 24187
42 1129 24188
834 1118 24189
36 189 24190
44 19 24191
42 679 24192
483 679 24193
483 42 24194
679 42 24195
189 144 24196
42 679 24197
679 42 24198
103 1118 24199
483 679 24200
483 42 24201
762 402 24202
567 544 24203
44 189 24204
42 640 24205
640 42 24206
483 679 24207
42 483 24208
42 640 24209
483 42 24210
640 42 24211
12 569 24212
483 679 24213
44 189 24214
477 526 24215
252 97 24216
865 63 24217
323 68 24218
323 367 24219
758 762 24220
483 679 24221
758 681 24222
681 758 24223
323 367 24224
681 758 24225
323 88 24226
325 1049 24227
325 598 24228
758 681 24229
495 498 24230
483 679 24231
323 88 24232
681 758 24233
12 569 24234
323 367 24235
323 865 24236
323 367 24237
758 681 24238
681 758 24239
758 681 24240
250 1068 24241
323 88 24242
969 990 24243
68 495 24244
323 68 24245
437 1033 24246
483 679 24247
969 549 24248
323 68 24249
114 250 24250
415 1121 24251
323 367 24252
323 68 24253
652 73 24254
652 954 24255
34 1130 24256
323 88 24257
323 68 24258
1052 626 24259
323 367 24260
114 250 24261
325 1072 24262
34 282 24263
841 103 24264
990 969 24265
323 367 24266
483 679 24267
323 68 24268
323 367 24269
793 1131 24270
498 495 24271
679 483 24272
323 68 24273
598 325 24274
483 679 24275
704 822 24275
793 341 24276
793 1131 24277
793 950 24278
325 598 24279
323 367 24280
254 598 24281
793 1093 24282
323 68 24283
323 367 24284
323 557 24285
63 865 24286
323 68 24287
1072 325 24288
323 367 24289
762 758 24290
1072 878 24291
323 557 24292
323 367 24293
34 288 24294
724 523 24295
323 68 24296
483 34 24297
325 1072 24298
175 224 24299
1072 325 24300
377 288 24301
865 63 24302
323 367 24303
1132 325 24304
323 557 24305
1068 250 24306
323 68 24307
67 32 24308
323 367 24309
323 865 24310
377 32 24311
250 1068 24312
325 1072 24313
1087 1131 24314
1128 1034 24315
317 605 24316
1132 1093 24317
103 841 24318
1132 1093 24319
1132 325 24320
323 865 24321
323 68 24322
323 250 24323
323 557 24324
317 605 24325
323 250 24326
605 317 24327
317 605 24328
704 1131 24329
34 189 24330
323 250 24331
323 557 24332
281 32 24333
841 103 24334
189 34 24335
63 865 24336
323 68 24337
323 250 24338
323 557 24339
440 1103 24340
288 34 24341
1043 97 24342
323 250 24343
1039 72 24344
323 557 24345
308 1118 24346
323 68 24347
19 1133 24348
1033 437 24349
19 1131 24350
823 498 24351
19 1130 24352
50 1131 24353
440 523 24354
72 1039 24355
483 34 24356
483 679 24357
308 1118 24358
596 605 24359
114 250 24360
598 573 24361
1039 72 24362
600 309 24363
323 250 24364
212 289 24365
865 63 24365
704 1131 24366
308 595 24367
323 68 24368
323 557 24369
34 189 24370
114 250 24371
19 1131 24372
573 598 24373
1127 144 24374
1131 50 24375
1068 250 24376
600 980 24377
317 992 24378
114 250 24379
50 1131 24380
440 1131 24381
317 477 24382
991 1094 24383
250 1068 24384
992 317 24385
1131 440 24386
72 1039 24387
323 557 24388
323 68 24389
995 42 24390
114 250 24391
440 1131 24392
1131 440 24393
323 68 24394
323 557 24395
1127 449 24396
323 68 24397
250 1068 24398
323 557 24399
449 1127 24400
114 250 24401
1039 72 24402
32 281 24403
323 557 24404
72 1039 24405
114 250 24406
323 68 24407
184 1026 24408
440 1131 24409
281 32 24410
32 281 24411
323 557 24412
595 308 24413
323 68 24414
281 32 24415
32 281 24416
1034 32 24417
32 1034 24418
1132 32 24419
103 841 24420
605 32 24421
32 605 24422
32 605 24423
1132 32 24424
605 32 24425
114 103 24426
605 32 24427
634 8 24428
32 605 24429
334 429 24430
323 557 24431
323 68 24432
254 378 24433
32 605 24434
1132 32 24435
605 32 24436
605 32 24437
1049 325 24438
114 250 24439
483 679 24440
19 1132 24441
792 308 24442
483 34 24443
532 212 24444
1129 42 24445
687 598 24446
19 1132 24447
454 509 24448
212 532 24449
308 792 24450
1068 250 24451
212 532 24452
250 1068 24453
323 557 24453
598 687 24454
542 495 24455
212 590 24456
532 212 24457
991 1094 24458
704 605 24459
323 557 24460
557 926 24461
212 439 24462
790 735 24463
212 532 24464
425 765 24465
323 557 24466
105 1039 24467
212 1054 24468
105 263 24469
105 337 24470
1127 449 24471
105 626 24472
323 557 24473
105 632 24474
323 1036 24475
105 454 24476
105 1039 24477
105 563 24478
105 250 24479
105 814 24480
704 32 24481
105 724 24482
105 679 24483
323 557 24484
105 212 24485
105 1132 24486
323 105 24487
105 1134 24488
105 367 24489
687 598 24489
704 605 24490
542 1069 24491
498 1135 24492
323 557 24493
513 990 24494
1100 498 24495
704 605 24496
50 586 24497
617 704 24498
644 97 24499
687 1097 24500
617 644 24501
513 1101 24502
617 103 24503
1136 50 24504
545 308 24505
50 1136 24506
323 557 24507
1136 50 24508
513 514 24509
513 388 24510
317 992 24511
665 353 24512
103 617 24513
323 557 24514
323 105 24515
181 495 24516
105 388 24517
323 105 24518
834 8 24519
590 212 24520
590 1019 24521
308 545 24522
1136 181 24523
958 959 24524
590 681 24525
323 557 24526
388 795 24527
605 440 24528
514 513 24529
514 590 24530
958 704 24531
590 514 24532
605 181 24533
323 557 24534
514 590 24535
514 388 24536
590 514 24537
323 557 24538
627 590 24539
704 958 24540
514 590 24541
627 388 24542
704 605 24543
306 388 24544
605 704 24545
1131 440 24546
388 306 24547
388 627 24548
983 985 24549
704 605 24550
388 514 24551
605 704 24552
704 605 24553
605 704 24554
1039 132 24555
514 1102 24556
958 704 24557
627 388 24558
704 605 24559
1052 708 24560
1002 273 24561
595 172 24562
777 454 24563
1111 317 24564
704 958 24565
1039 801 24566
323 557 24567
323 68 24568
73 652 24569
605 704 24570
323 68 24571
323 285 24572
308 163 24573
323 285 24574
939 1092 24575
726 97 24576
323 285 24577
939 380 24578
704 605 24579
939 59 24580
1056 687 24581
388 627 24582
704 605 24583
605 704 24584
323 285 24585
793 950 24586
323 68 24587
735 790 24588
954 250 24589
600 779 24590
939 831 24591
1002 101 24592
939 1040 24593
323 285 24594
954 652 24595
704 605 24596
939 1050 24597
323 557 24598
168 834 24599
605 704 24600
939 855 24601
939 813 24602
939 813 24603
323 73 24604
308 373 24605
704 605 24606
939 466 24607
958 704 24608
317 1111 24609
323 68 24610
596 590 24611
483 34 24612
939 977 24612
1068 250 24613
546 1137 24614
939 765 24615
605 704 24616
704 958 24617
939 1021 24618
704 605 24619
323 557 24620
712 1042 24621
939 707 24622
753 590 24623
939 815 24624
939 1138 24625
605 704 24626
939 1103 24627
753 652 24628
939 537 24629
704 605 24630
697 719 24631
986 8 24632
986 254 24633
753 984 24634
627 388 24635
1118 308 24636
132 1039 24637
323 68 24638
172 595 24639
430 32 24640
32 1132 24641
212 627 24642
53 1139 24643
32 704 24644
753 1100 24645
704 32 24646
719 697 24647
605 32 24648
212 105 24649
32 704 24649
605 32 24650
627 212 24651
431 605 24652
1118 834 24653
323 557 24654
617 103 24655
297 598 24656
834 168 24657
323 68 24658
1111 317 24659
605 32 24660
834 1118 24661
1042 712 24662
431 605 24663
212 627 24664
605 32 24665
323 68 24666
704 32 24667
697 719 24668
297 999 24669
431 617 24670
777 605 24671
32 704 24672
958 704 24673
323 557 24674
719 697 24675
250 954 24676
605 32 24677
308 1118 24678
704 32 24679
250 1068 24680
250 958 24681
1118 308 24682
1068 250 24683
1118 834 24684
308 1118 24685
801 1039 24686
1118 308 24687
48 683 24688
834 1118 24689
250 1068 24690
770 1118 24691
704 958 24692
405 777 24693
1068 250 24694
405 950 24695
605 337 24696
405 250 24697
809 482 24698
308 1042 24699
1042 308 24700
1042 308 24701
250 405 24702
1042 712 24703
1118 770 24704
697 719 24705
1118 770 24706
44 770 24707
1069 542 24708
586 1136 24709
32 704 24710
617 103 24711
958 704 24712
867 721 24713
1110 658 24714
281 263 24715
281 332 24716
281 254 24717
596 724 24718
281 308 24719
281 337 24720
831 939 24721
712 1042 24722
1140 281 24723
378 254 24724
19 1132 24725
704 958 24726
617 834 24727
679 317 24728
719 697 24729
714 460 24730
915 701 24731
308 1042 24732
308 281 24733
63 814 24734
765 425 24735
714 928 24736
758 762 24737
19 1130 24738
697 719 24739
281 308 24740
544 567 24741
309 1139 24742
357 1118 24743
357 1118 24744
474 309 24745
368 1021 24746
357 659 24747
67 1132 24748
878 1072 24749
357 1118 24750
67 1137 24751
357 1118 24752
644 617 24753
357 1118 24754
644 481 24755
617 644 24756
219 719 24757
357 1118 24758
758 712 24759
644 617 24760
644 617 24761
281 308 24762
357 1118 24763
617 644 24764
357 1118 24765
617 644 24766
724 596 24767
439 212 24768
814 63 24769
617 74 24770
1052 175 24771
323 557 24772
377 343 24773
323 73 24774
634 8 24774
377 32 24775
1113 783 24776
128 250 24777
297 999 24778
161 679 24779
679 161 24780
1052 1118 24781
161 679 24782
220 224 24783
220 834 24784
679 161 24785
105 212 24786
679 792 24787
212 439 24788
1050 939 24789
161 679 24790
617 103 24791
105 644 24792
1052 1118 24793
105 482 24794
492 1105 24795
105 716 24796
63 814 24797
377 1122 24798
1072 325 24799
105 132 24800
1052 1118 24801
498 495 24802
105 101 24803
105 993 24804
105 1050 24805
105 603 24806
198 101 24807
679 161 24808
617 834 24809
1052 1118 24810
314 542 24811
105 339 24812
105 90 24813
105 155 24814
758 1023 24815
105 990 24816
323 1036 24817
105 783 24818
787 679 24819
314 372 24820
105 1100 24821
105 1141 24822
9 314 24823
105 1131 24824
679 787 24825
161 679 24826
1042 308 24827
145 1042 24828
483 34 24829
105 1117 24830
675 462 24830
617 103 24831
105 1142 24832
318 1042 24833
105 1130 24834
679 161 24835
12 343 24836
771 398 24837
105 1102 24838
105 1105 24839
1042 712 24840
1052 1118 24840
755 781 24841
105 1125 24842
105 1099 24843
105 1103 24844
975 509 24845
617 103 24846
105 1111 24847
118 193 24848
105 1100 24849
325 1072 24850
398 771 24851
771 398 24852
105 1143 24853
325 1069 24853
145 609 24854
105 1144 24855
422 308 24856
105 1134 24857
105 1145 24858
939 831 24859
105 1146 24860
161 679 24861
1069 325 24862
398 771 24863
105 1129 24864
398 771 24865
105 1124 24866
105 1122 24867
12 343 24868
617 103 24868
105 1139 24869
105 1123 24870
118 194 24871
975 144 24872
939 1050 24873
105 1147 24874
105 1148 24875
105 1149 24876
105 1116 24877
105 1150 24878
105 1151 24879
105 1148 24880
1040 939 24881
105 1104 24882
105 1107 24883
475 1103 24884
105 1108 24885
105 1152 24886
792 679 24887
323 1036 24888
118 193 24889
12 343 24890
105 644 24891
514 439 24892
105 209 24893
105 308 24894
105 992 24895
105 32 24896
118 101 24897
990 513 24898
105 640 24899
12 1153 24900
105 598 24901
1103 939 24902
105 683 24903
1103 440 24904
1154 881 24905
12 814 24906
679 792 24907
679 161 24908
638 373 24909
105 523 24910
638 388 24911
638 32 24912
687 1056 24913
12 343 24914
1118 1052 24915
105 41 24916
454 777 24917
389 1042 24918
325 1069 24919
389 509 24920
12 389 24921
1069 325 24922
814 63 24923
590 596 24924
254 378 24925
792 679 24926
143 163 24927
377 755 24928
143 201 24929
12 343 24930
779 638 24931
377 343 24932
12 814 24933
638 779 24934
12 389 24935
388 638 24935
679 792 24936
254 1103 24937
72 1139 24938
596 590 24939
377 343 24940
63 814 24941
63 814 24942
105 72 24943
105 701 24944
377 343 24945
549 969 24946
560 598 24947
36 1033 24948
36 1127 24949
697 487 24950
12 343 24951
792 679 24952
12 343 24953
487 697 24954
308 422 24955
539 1103 24956
1155 338 24957
53 416 24958
814 63 24959
1069 325 24960
12 343 24961
679 792 24962
204 498 24963
105 638 24964
12 389 24965
36 105 24966
814 63 24967
105 475 24968
12 814 24969
105 96 24970
12 308 24971
12 343 24972
1050 939 24973
377 272 24974
12 389 24975
36 105 24976
63 814 24977
675 462 24977
12 343 24978
53 343 24979
12 308 24980
36 525 24981
12 297 24982
63 814 24983
475 105 24984
463 687 24985
36 105 24986
463 1004 24987
12 308 24988
884 536 24989
422 308 24990
1041 75 24991
884 495 24992
53 343 24993
1041 41 24994
876 687 24995
12 343 24996
105 475 24997
308 422 24998
463 469 24999
53 343 25000
12 308 25001
1069 325 25002
469 463 25003
463 252 25004
105 175 25005
105 8 25006
1069 325 25007
105 63 25008
463 469 25009
105 144 25010
876 1091 25011
469 463 25012
105 624 25013
105 1033 25014
105 1156 25015
12 343 25016
105 1157 25017
12 308 25018
12 389 25019
105 393 25020
105 675 25021
372 314 25022
105 1034 25023
105 1153 25024
463 469 25025
105 1036 25026
1072 325 25027
105 596 25028
105 884 25029
105 674 25030
814 63 25031
105 404 25032
469 463 25033
394 1111 25034
105 540 25035
105 487 25036
422 308 25037
389 242 25038
12 343 25039
704 1141 25040
389 830 25041
1023 758 25042
12 308 25043
63 814 25044
12 389 25045
377 272 25046
1158 498 25047
498 1158 25048
469 463 25049
80 463 25050
469 806 25051
1158 325 25052
12 308 25053
1041 80 25054
80 1041 25055
1158 498 25056
1070 598 25057
12 389 25058
103 1072 25059
714 284 25060
814 63 25061
12 343 25062
325 1069 25063
103 841 25064
1041 80 25065
325 1072 25066
63 814 25067
12 308 25068
1041 546 25069
1072 103 25070
80 1041 25071
814 63 25072
263 281 25073
378 254 25074
1041 80 25075
19 527 25076
437 1033 25077
63 814 25077
513 990 25078
1093 1132 25079
234 183 25080
378 396 25081
950 405 25082
19 525 25083
513 318 25084
525 19 25085
1113 437 25086
711 591 25087
440 1097 25088
1159 563 25089
460 714 25090
969 990 25091
341 1132 25092
546 1041 25093
1110 308 25094
1041 546 25095
1031 42 25096
475 468 25097
681 617 25098
84 1103 25099
1113 794 25100
53 1101 25101
42 1139 25102
1113 794 25103
687 463 25104
42 640 25105
42 1031 25106
42 483 25107
1113 794 25108
546 1041 25109
1113 294 25110
1113 396 25111
1113 297 25112
495 68 25113
495 498 25114
1113 1160 25115
495 542 25116
1113 495 25117
495 181 25118
495 498 25119
1113 389 25120
540 495 25121
1097 440 25122
495 884 25123
252 463 25124
495 540 25125
540 495 25126
1097 687 25127
495 540 25128
191 1131 25129
1097 191 25130
1113 495 25131
969 549 25132
191 1097 25133
1097 191 25134
995 42 25135
1113 607 25136
423 277 25137
191 495 25138
498 495 25139
1071 598 25140
495 498 25141
995 105 25142
1113 1161 25143
1089 882 25144
1113 928 25145
822 704 25146
1113 783 25147
1113 739 25148
1113 437 25149
1113 495 25150
191 396 25151
1113 928 25152
928 714 25153
481 644 25154
481 332 25155
1113 928 25156
1113 437 25157
1113 42 25158
673 724 25159
1033 105 25160
549 969 25161
42 790 25162
673 725 25163
378 498 25164
1113 437 25165
1113 673 25166
1113 928 25167
1113 437 25168
1113 673 25169
1113 437 25170
687 1097 25171
1113 673 25172
1097 687 25173
1113 928 25174
687 1097 25175
815 939 25176
540 667 25177
540 667 25178
674 1100 25179
939 1103 25180
495 1113 25181
495 191 25182
495 498 25183
546 495 25184
1033 437 25185
1113 495 25186
1004 908 25187
1113 774 25188
1004 277 25189
1004 783 25190
1004 1032 25191
1004 687 25192
1004 1032 25193
687 1004 25194
687 753 25195
1058 1142 25196
536 884 25197
1121 415 25198
777 405 25199
777 454 25200
342 638 25201
154 357 25202
342 319 25203
402 762 25204
712 758 25205
712 1042 25206
250 128 25207
415 1121 25208
697 487 25209
598 1071 25210
598 1070 25211
32 638 25212
67 1103 25213
1127 654 25214
679 453 25215
67 343 25216
749 173 25217
1127 1137 25218
1127 123 25219
1127 971 25220
1026 252 25221
1127 405 25222
1127 265 25223
654 1127 25224
209 598 25225
337 605 25226
1120 306 25227
398 260 25228
739 781 25229
41 1041 25230
1126 289 25231
1070 598 25232
454 777 25233
317 679 25234
67 1039 25235
143 201 25236
781 739 25237
53 739 25238
713 950 25239
713 545 25240
53 250 25241
32 698 25242
781 50 25243
342 319 25244
224 175 25245
667 540 25246
288 1162 25247
224 862 25248
1162 288 25249
224 839 25250
105 1033 25251
440 1097 25252
595 172 25253
1162 27 25254
1132 341 25255
288 1162 25256
527 19 25257
1162 288 25258
1162 27 25259
990 969 25260
36 525 25261
36 1127 25262
36 1033 25263
483 193 25264
483 42 25265
626 586 25266
586 626 25267
626 590 25268
50 781 25269
586 626 25270
586 626 25271
814 603 25272
950 1131 25273
840 1031 25274
498 495 25275
840 176 25276
498 378 25277
431 840 25278
68 495 25279
181 495 25280
605 181 25281
431 605 25282
431 605 25283
590 1144 25284
431 605 25285
431 605 25286
431 605 25287
431 605 25288
853 1034 25289
431 605 25290
498 495 25291
463 469 25292
758 712 25293
463 469 25294
758 1023 25295
463 80 25296
463 687 25297
463 252 25298
176 840 25299
27 1162 25300
598 1070 25301
50 755 25302
342 1039 25303
396 378 25304
9 177 25305
509 1103 25306
509 454 25307
509 454 25308
509 389 25309
725 673 25310
342 1039 25311
783 1004 25312
118 1070 25313
67 938 25314
67 1039 25315
288 1162 25316
342 1039 25317
252 463 25318
1031 840 25319
1031 42 25320
1031 840 25321
477 317 25322
509 1039 25323
41 1163 25324
323 73 25325
540 667 25326
323 1164 25327
687 463 25328
1163 41 25329
679 317 25330
41 1163 25331
42 1031 25332
41 1041 25333
1163 41 25334
67 1039 25335
12 415 25336
252 97 25337
425 765 25338
557 926 25339
67 1039 25340
67 1039 25341
687 605 25342
131 314 25343
389 509 25344
67 1039 25345
1004 687 25346
1103 939 25347
617 728 25348
617 681 25349
830 389 25349
617 966 25350
252 1103 25351
1103 252 25352
252 1103 25353
338 343 25354
3 317 25355
926 557 25356
343 338 25357
342 1039 25358
105 654 25359
105 314 25360
105 332 25361
834 1130 25362
654 105 25363
254 378 25364
603 814 25365
105 654 25366
1047 545 25367
1104 1021 25368
105 343 25369
105 1051 25370
252 105 25371
105 938 25372
105 938 25373
938 67 25374
431 605 25375
431 605 25376
431 605 25377
431 727 25378
431 605 25379
431 727 25380
204 777 25381
204 250 25382
431 605 25383
191 1049 25384
1097 687 25385
1097 440 25386
840 176 25387
840 309 25388
621 924 25389
687 1097 25390
1049 191 25391
1097 191 25392
483 193 25393
317 477 25394
317 679 25395
840 352 25396
840 317 25397
679 317 25398
317 840 25399
840 317 25400
840 317 25401
317 679 25402
679 317 25403
667 540 25404
191 1097 25405
317 679 25406
1054 277 25407
1054 212 25408
1045 654 25409
542 495 25410
333 317 25411
1165 841 25412
317 333 25413
555 1117 25414
333 317 25415
1120 408 25416
408 590 25417
853 881 25418
514 840 25419
9 598 25420
536 532 25421
605 734 25422
67 1039 25423
734 605 25424
514 853 25425
67 343 25426
1070 598 25427
658 193 25428
605 734 25429
734 605 25430
67 1039 25431
658 1110 25432
840 514 25433
605 734 25434
830 840 25435
555 1117 25436
734 605 25437
542 1070 25438
67 1039 25439
605 734 25440
734 605 25441
1039 67 25442
605 734 25443
734 1023 25444
734 605 25445
615 277 25446
9 598 25447
333 317 25448
1032 840 25449
306 408 25450
1166 1034 25451
277 615 25452
734 605 25453
605 734 25454
840 1032 25455
72 679 25456
317 333 25457
1032 840 25458
615 277 25459
840 1032 25460
1032 840 25461
1034 1166 25462
840 1032 25463
1032 840 25464
532 536 25465
840 1032 25466
884 536 25467
1032 840 25468
1107 1012 25469
536 884 25470
536 532 25471
254 1039 25472
884 536 25473
1060 199 25474
840 1032 25475
1032 840 25476
254 654 25477
884 495 25478
536 884 25479
309 840 25480
189 712 25481
333 317 25482
884 536 25483
317 333 25484
333 317 25485
536 884 25486
884 536 25487
333 317 25488
342 1039 25489
536 884 25490
1039 254 25491
609 971 25492
884 536 25493
817 346 25494
536 884 25495
884 536 25496
254 1039 25497
63 814 25498
536 884 25499
884 536 25500
536 884 25501
884 536 25502
415 1121 25503
415 997 25504
36 189 25505
405 250 25506
536 884 25507
405 950 25508
495 546 25509
405 777 25510
1069 317 25511
495 498 25512
823 498 25513
884 536 25514
536 884 25515
415 840 25516
495 68 25517
9 282 25518
495 181 25519
495 498 25520
679 72 25521
884 536 25522
495 542 25523
536 884 25524
1034 311 25525
498 495 25526
495 884 25527
495 498 25528
495 815 25529
586 495 25530
498 495 25531
654 254 25532
498 831 25533
654 1045 25534
679 720 25535
652 954 25536
683 679 25537
498 495 25538
498 495 25539
884 536 25540
536 884 25541
1032 783 25542
814 603 25543
679 683 25544
884 495 25545
884 536 25546
840 415 25547
652 753 25548
302 155 25549
654 302 25550
323 1036 25551
302 654 25552
831 498 25553
783 1032 25554
536 884 25555
389 830 25556
884 536 25557
536 884 25558
884 536 25559
536 884 25560
884 536 25561
725 840 25562
536 884 25563
884 840 25564
884 536 25565
337 352 25566
498 831 25567
1043 840 25568
779 475 25569
536 884 25570
155 302 25571
1021 939 25572
302 155 25573
1021 1104 25574
323 966 25574
884 536 25575
42 353 25576
105 758 25577
155 302 25578
536 884 25579
884 536 25580
302 155 25581
1070 542 25582
536 884 25583
908 1004 25584
12 415 25585
884 536 25586
704 1131 25587
12 926 25588
536 884 25589
884 536 25590
704 958 25591
155 302 25592
823 498 25593
536 884 25594
302 155 25595
884 536 25596
685 128 25597
372 569 25598
1097 191 25599
536 884 25600
992 545 25601
448 831 25602
546 495 25603
448 454 25604
712 189 25605
884 536 25606
454 448 25607
542 1070 25608
1113 495 25609
555 1167 25610
105 498 25611
542 495 25612
498 105 25613
105 739 25614
105 498 25615
679 954 25616
954 250 25617
323 779 25618
954 652 25619
954 679 25620
189 712 25621
498 105 25622
569 372 25623
954 679 25624
840 1043 25625
105 498 25626
105 704 25627
498 105 25628
598 1070 25629
598 209 25630
598 560 25631
105 498 25632
249 72 25633
346 817 25634
1168 520 25635
9 598 25636
72 249 25637
308 333 25638
72 1039 25639
617 966 25640
439 514 25641
817 346 25642
323 367 25643
617 681 25644
437 1033 25645
103 1072 25646
617 704 25647
103 954 25648
830 389 25649
617 73 25650
1113 437 25651
333 308 25652
547 1169 25653
1169 547 25654
1087 341 25655
1136 739 25656
1136 19 25657
1136 586 25658
323 367 25659
1136 306 25660
308 281 25661
654 302 25662
318 513 25663
831 498 25664
831 448 25665
323 367 25666
617 704 25667
323 367 25668
323 367 25669
346 817 25670
1097 1170 25671
323 367 25672
1004 908 25673
323 367 25674
367 323 25675
1136 586 25676
323 1036 25677
536 532 25678
1136 48 25679
323 367 25680
277 815 25681
323 753 25682
296 199 25683
367 323 25684
448 454 25685
423 536 25686
448 831 25687
9 598 25688
560 598 25689
296 1083 25690
378 498 25691
323 367 25692
367 323 25693
323 367 25694
378 254 25695
617 704 25696
367 323 25697
323 367 25698
367 323 25699
323 367 25700
367 323 25701
97 726 25702
323 367 25703
176 840 25704
367 323 25705
323 367 25706
367 323 25707
323 367 25708
73 617 25709
598 560 25710
199 296 25711
704 617 25712
143 201 25713
367 323 25714
199 1060 25715
199 296 25716
323 367 25717
367 323 25718
1132 725 25719
323 367 25720
101 198 25721
204 777 25722
1132 950 25723
1083 296 25724
367 323 25725
481 586 25725
323 367 25726
367 323 25727
1136 1132 25728
586 481 25729
481 586 25730
997 415 25731
440 1097 25732
586 481 25733
323 367 25734
514 439 25735
950 1132 25736
323 1006 25737
372 569 25738
367 323 25739
199 569 25740
372 454 25741
199 971 25742
323 367 25743
41 1163 25744
367 323 25745
323 367 25746
367 323 25747
323 367 25748
372 753 25749
1042 389 25750
415 840 25751
1136 29 25752
1042 712 25753
712 1042 25754
199 840 25755
372 1163 25756
498 831 25757
372 482 25758
1042 712 25759
498 378 25760
323 367 25761
712 1042 25762
1042 318 25763
617 73 25764
586 616 25765
263 449 25766
1042 712 25767
430 32 25768
734 605 25769
430 63 25770
734 617 25771
367 323 25772
220 224 25773
1070 598 25774
617 734 25775
323 753 25776
734 617 25777
323 367 25778
430 857 25779
617 734 25780
1072 103 25781
430 32 25782
1004 1103 25783
1004 1072 25784
734 617 25785
679 1083 25786
430 598 25787
617 734 25788
734 617 25789
199 598 25790
367 323 25791
431 617 25792
367 323 25793
617 734 25794
697 870 25795
734 617 25796
337 272 25797
734 617 25798
337 263 25799
617 734 25800
870 697 25801
342 1039 25802
272 337 25803
272 337 25804
704 617 25805
199 509 25806
323 367 25807
939 1021 25808
697 870 25809
175 224 25810
367 323 25811
9 1132 25812
9 1132 25813
302 654 25814
1004 60 25815
9 1132 25815
1018 41 25816
323 367 25817
777 405 25818
199 1139 25819
41 1018 25819
1018 41 25820
520 1168 25821
755 50 25822
617 1171 25823
41 1018 25824
1004 302 25825
1018 41 25826
244 142 25827
1018 697 25828
302 1004 25829
8 32 25830
41 1018 25831
1004 302 25832
697 1018 25833
1113 437 25834
342 1039 25835
654 302 25836
1172 1173 25837
302 654 25838
654 302 25839
302 654 25840
523 308 25841
881 853 25842
1018 1173 25843
302 1174 25844
654 302 25845
302 654 25846
654 302 25847
477 317 25848
1137 1127 25849
67 683 25850
697 469 25851
498 105 25852
477 526 25853
469 697 25854
1113 101 25855
654 498 25856
498 654 25857
498 654 25858
423 1039 25859
1128 1034 25860
654 498 25861
569 372 25862
654 498 25863
498 654 25864
654 498 25865
498 378 25866
1043 454 25867
950 840 25868
777 908 25869
454 1043 25870
1174 302 25871
1043 454 25872
1136 950 25873
1018 697 25874
712 1042 25875
638 105 25876
1043 454 25877
840 176 25878
840 199 25879
840 950 25880
638 1175 25881
1110 658 25882
193 302 25883
9 617 25884
376 212 25885
856 122 25886
302 193 25887
536 423 25888
856 1176 25889
638 726 25890
536 884 25891
454 1043 25892
263 337 25893
638 590 25894
308 523 25895
856 7 25896
884 536 25897
725 1132 25898
1113 840 25899
638 462 25899
638 726 25900
1043 454 25901
212 376 25902
193 658 25903
212 6 25904
1113 840 25905
454 1043 25906
176 840 25907
212 6 25908
1136 50 25909
396 191 25910
1113 840 25911
1043 454 25912
1113 815 25913
378 498 25913
396 400 25914
1034 711 25915
378 396 25916
720 679 25917
726 992 25918
536 884 25919
396 378 25920
483 193 25920
638 726 25921
638 462 25922
638 881 25923
884 536 25924
9 142 25925
652 954 25926
483 193 25927
498 378 25928
840 142 25929
121 495 25930
532 536 25931
378 396 25932
679 720 25933
378 396 25934
881 498 25935
638 462 25936
378 498 25937
536 532 25938
498 881 25939
726 308 25940
498 378 25941
32 8 25942
536 884 25943
308 726 25944
638 462 25945
308 422 25946
415 997 25947
532 536 25948
103 617 25949
68 495 25950
536 532 25951
378 498 25952
342 1039 25953
323 557 25954
638 726 25955
323 1036 25956
1132 950 25957
281 308 25958
396 378 25959
323 632 25960
396 378 25961
297 1001 25962
532 536 25963
753 652 25964
753 687 25965
396 378 25966
323 753 25967
638 1124 25968
681 617 25969
1001 297 25970
1132 725 25971
638 753 25972
884 536 25973
103 840 25974
297 1001 25975
378 396 25976
753 638 25977
681 758 25978
498 378 25979
561 1175 25980
536 884 25981
536 532 25982
638 753 25983
342 638 25984
1087 341 25985
323 339 25986
378 396 25987
396 378 25988
323 557 25989
1023 734 25990
254 654 25990
720 679 25991
297 1001 25992
254 378 25993
1087 595 25994
323 557 25995
681 513 25996
840 103 25997
1045 654 25998
30 161 25999
323 557 26000
30 679 26001
249 297 26002
1113 638 26003
297 1001 26004
323 557 26005
483 193 26006
378 254 26007
840 254 26008
1087 595 26009
739 105 26010
68 638 26011
378 396 26012
378 396 26013
1113 396 26014
739 781 26014
323 557 26015
378 498 26016
561 1177 26017
726 638 26018
396 378 26019
323 557 26020
297 640 26021
1113 396 26022
483 193 26023
323 557 26024
378 396 26025
396 378 26026
332 840 26027
884 536 26028
1093 341 26029
34 313 26030
536 884 26031
308 281 26032
193 483 26033
396 378 26034
249 598 26035
323 753 26036
332 281 26037
281 308 26038
281 332 26039
523 308 26040
308 281 26041
103 840 26042
142 840 26043
483 193 26044
884 536 26045
378 396 26046
332 281 26047
498 378 26048
332 281 26049
142 9 26050
378 396 26050
281 308 26051
378 498 26052
142 840 26053
1093 1131 26054
281 332 26055
454 1043 26056
249 318 26057
378 193 26058
332 281 26059
308 523 26060
308 281 26061
308 333 26062
396 378 26063
1043 454 26064
193 378 26065
323 557 26066
1178 586 26067
281 308 26068
396 378 26069
683 67 26070
281 332 26071
308 281 26072
536 884 26073
396 586 26074
396 378 26075
332 281 26076
840 332 26077
840 142 26078
281 308 26079
586 396 26080
605 277 26080
277 605 26081
308 281 26082
281 332 26083
281 308 26084
870 840 26085
870 840 26086
281 332 26087
199 840 26088
1136 1132 26089
378 586 26090
1136 739 26091
142 840 26091
1136 306 26092
396 586 26093
308 281 26094
378 396 26095
454 1043 26095
378 396 26096
281 308 26097
586 378 26098
332 281 26099
396 378 26100
586 396 26101
378 193 26102
308 281 26103
254 840 26104
211 525 26105
586 396 26106
378 396 26107
211 103 26108
1039 254 26109
475 870 26110
254 378 26111
396 586 26112
396 586 26113
840 142 26114
9 1132 26115
396 378 26116
254 1039 26117
586 396 26118
142 840 26119
281 332 26119
598 249 26120
870 475 26121
378 396 26122
378 586 26123
598 1070 26124
378 396 26125
378 254 26126
586 378 26127
687 409 26128
498 753 26129
679 720 26130
378 586 26131
687 639 26132
679 30 26133
766 181 26134
19 211 26135
103 211 26136
986 254 26137
766 372 26138
9 598 26139
199 595 26140
6 201 26141
843 62 26142
323 142 26143
753 1044 26144
753 1044 26145
704 6 26146
254 378 26147
6 794 26148
986 254 26149
1039 254 26150
323 341 26151
586 378 26152
1043 454 26153
596 1179 26154
454 1043 26155
6 1180 26156
1180 6 26157
523 308 26158
884 536 26159
605 277 26160
1043 454 26161
378 254 26162
6 1180 26163
142 1121 26164
378 586 26165
1033 437 26166
986 254 26167
1180 6 26168
332 281 26169
454 1043 26170
277 605 26171
536 884 26172
6 90 26173
254 1039 26174
254 378 26175
704 6 26176
986 254 26177
378 254 26178
1180 1031 26179
189 712 26180
555 802 26181
605 277 26182
586 378 26183
704 1181 26184
90 6 26185
277 605 26186
546 454 26187
1043 454 26188
1069 878 26189
704 1181 26190
1039 254 26191
454 546 26191
454 1043 26192
605 277 26193
712 189 26194
704 6 26195
277 605 26196
422 308 26197
323 642 26198
704 1181 26199
254 1039 26200
679 50 26201
1043 454 26202
254 378 26203
605 277 26204
986 254 26205
884 536 26206
249 1181 26207
704 1181 26208
277 605 26209
536 884 26210
1039 254 26211
307 341 26212
704 1181 26213
753 498 26214
254 1039 26215
454 1043 26216
341 307 26217
307 341 26218
341 323 26219
884 536 26220
341 307 26221
254 277 26222
1103 1004 26223
307 341 26224
341 307 26225
1043 454 26226
679 30 26227
50 679 26228
277 254 26229
307 341 26230
254 277 26231
494 454 26232
189 712 26233
341 307 26234
323 341 26235
762 1137 26236
986 254 26237
189 712 26238
277 254 26239
307 341 26240
454 1043 26241
679 50 26242
341 323 26243
712 189 26244
341 307 26245
712 189 26246
189 712 26247
1136 341 26248
986 254 26249
189 712 26250
1043 454 26251
448 314 26252
249 1181 26253
307 341 26254
189 712 26255
323 339 26256
1136 341 26257
341 307 26258
323 341 26259
254 277 26260
1136 341 26261
12 598 26262
307 341 26263
712 189 26264
254 986 26265
753 712 26266
454 1043 26267
712 189 26268
986 19 26269
19 1069 26270
161 679 26271
712 753 26272
254 1039 26273
341 323 26273
986 254 26274
12 598 26275
679 161 26276
189 712 26277
277 254 26278
341 307 26279
189 712 26280
1043 454 26281
1178 679 26282
1136 341 26283
323 341 26284
323 341 26285
1178 586 26286
189 712 26287
161 30 26288
1178 679 26289
483 34 26290
30 679 26291
161 679 26292
307 341 26293
341 323 26294
341 307 26295
323 341 26296
30 161 26297
254 277 26298
1136 1019 26299
1019 1136 26300
1136 1019 26301
307 341 26302
341 323 26303
323 341 26304
277 254 26305
341 307 26305
161 30 26306
341 323 26307
254 277 26308
149 823 26309
307 341 26310
679 30 26311
679 161 26312
323 341 26313
277 254 26314
161 679 26315
341 307 26315
307 341 26316
254 277 26317
181 495 26318
605 181 26319
254 277 26320
341 307 26321
181 766 26322
679 161 26323
277 254 26324
307 341 26325
277 254 26326
249 1181 26327
632 323 26328
193 149 26329
161 679 26330
834 8 26331
254 277 26332
254 277 26333
1039 254 26334
1124 638 26335
277 254 26336
605 181 26337
1043 454 26338
590 654 26339
704 277 26340
254 1039 26341
454 1043 26342
679 161 26343
8 834 26344
53 834 26345
161 679 26346
679 161 26347
834 8 26347
8 834 26348
834 8 26349
53 834 26350
1043 454 26351
357 840 26351
1043 454 26352
704 277 26353
53 834 26354
560 598 26355
53 181 26356
161 679 26357
53 834 26358
555 440 26359
605 272 26360
679 161 26360
8 834 26361
60 1004 26362
53 834 26363
454 1043 26364
357 1182 26365
834 8 26366
212 372 26367
161 679 26368
605 272 26369
357 992 26370
679 161 26370
161 679 26371
600 560 26372
605 272 26373
357 343 26374
1180 475 26375
679 161 26376
189 712 26377
357 1118 26378
605 272 26379
586 481 26380
1043 454 26381
454 1043 26382
652 199 26383
161 679 26384
143 201 26385
1180 1183 26386
277 80 26387
41 1182 26388
590 440 26388
357 1041 26389
357 1041 26389
609 784 26390
609 784 26391
609 784 26392
439 514 26393
779 323 26394
440 590 26395
799 400 26396
834 8 26397
1173 1172 26398
1041 41 26399
1173 1018 26400
1180 852 26401
609 1182 26402
357 1041 26403
8 834 26404
1182 609 26405
852 1180 26406
1180 852 26407
161 679 26408
852 1180 26409
1180 852 26410
357 1181 26411
834 8 26412
36 770 26413
834 8 26414
852 1180 26415
590 440 26416
357 1181 26417
609 39 26418
50 679 26419
357 1111 26420
1180 852 26421
1043 454 26422
815 364 26423
357 306 26424
600 1180 26425
357 1181 26426
36 770 26427
834 8 26428
357 1181 26429
191 396 26430
815 277 26431
815 495 26432
639 687 26433
357 1184 26434
1185 590 26435
600 667 26436
1185 388 26437
1042 712 26438
143 357 26439
103 841 26440
143 357 26441
103 1181 26442
80 277 26443
3 72 26444
1182 309 26445
309 1186 26446
498 639 26447
3 72 26448
277 80 26449
1185 590 26450
3 72 26451
309 1182 26452
80 277 26453
1182 309 26454
277 80 26454
639 498 26455
309 1182 26456
437 1033 26457
80 277 26458
600 667 26459
277 80 26460
600 560 26461
80 277 26462
3 477 26463
615 422 26464
277 80 26465
1182 309 26466
793 1187 26467
615 277 26468
80 277 26469
309 1182 26470
498 639 26471
309 307 26472
600 560 26473
1042 781 26474
1181 103 26475
482 372 26476
277 80 26477
277 615 26478
72 679 26479
80 277 26480
103 1181 26481
277 80 26482
1043 454 26483
80 277 26484
615 277 26485
621 772 26486
277 80 26487
80 277 26488
781 1042 26489
277 80 26490
1004 1103 26491
80 277 26492
105 498 26493
73 617 26494
768 772 26495
189 712 26496
41 1041 26497
277 80 26498
80 277 26499
277 80 26500
422 615 26501
1033 1188 26502
277 594 26503
1173 626 26504
105 712 26505
277 41 26506
105 1189 26507
768 1189 26508
1185 721 26509
41 277 26510
337 272 26511
337 272 26512
306 212 26513
1189 768 26514
277 41 26515
810 1184 26516
843 1167 26517
372 569 26518
768 1189 26519
317 477 26520
1189 768 26521
1189 714 26522
372 766 26523
372 482 26524
1189 878 26525
714 1189 26526
768 1189 26527
1189 372 26528
546 454 26529
1189 768 26530
1189 714 26531
810 99 26532
306 305 26533
681 440 26534
306 616 26535
242 1178 26536
1185 1077 26537
768 1189 26538
1189 768 26539
372 765 26540
1052 1184 26541
372 1189 26542
1189 372 26543
605 479 26544
605 479 26545
768 1189 26546
308 422 26547
1189 768 26548
714 460 26549
605 479 26550
605 479 26551
605 1185 26552
308 317 26553
317 308 26554
1189 277 26555
103 475 26556
475 103 26557
308 317 26558
103 475 26559
475 103 26560
103 475 26561
53 181 26562
768 1189 26563
1189 768 26564
118 616 26565
1189 768 26566
118 296 26567
118 1070 26568
252 815 26569
950 1132 26570
103 475 26571
475 103 26572
372 1050 26573
103 475 26574
475 103 26575
103 475 26576
475 103 26577
103 475 26578
475 103 26579
878 798 26580
103 475 26581
103 475 26582
475 103 26583
1189 482 26584
3 194 26585
1189 768 26586
482 1189 26587
884 1097 26588
1189 482 26589
1110 343 26590
103 475 26591
1033 1158 26592
1189 815 26593
1158 542 26594
242 454 26595
1158 1033 26596
1158 437 26597
105 308 26598
1190 1034 26599
482 1189 26600
212 306 26601
437 1158 26602
118 1070 26603
1158 638 26604
1189 482 26605
1189 482 26606
1158 297 26607
176 928 26608
377 856 26609
928 176 26610
377 415 26611
377 755 26612
542 1158 26613
1117 376 26614
176 928 26615
555 1173 26616
378 254 26617
928 176 26618
555 843 26619
350 1168 26620
176 1161 26621
176 928 26622
350 753 26623
642 547 26624
928 176 26625
547 642 26626
350 343 26627
422 308 26628
482 878 26629
176 928 26630
642 325 26631
377 48 26632
479 325 26633
535 594 26634
928 176 26635
555 843 26636
176 928 26637
1189 482 26638
928 176 26639
325 479 26640
479 325 26641
1189 598 26642
325 479 26643
1189 97 26644
479 325 26645
325 479 26646
479 325 26647
479 1033 26648
41 379 26649
687 1056 26650
542 379 26651
405 388 26652
928 176 26653
1033 479 26654
1033 1158 26655
368 545 26656
479 1033 26657
1029 939 26658
1029 586 26659
176 928 26660
928 176 26661
1033 437 26662
176 928 26663
1033 1072 26664
1033 479 26665
214 1181 26666
460 714 26667
398 546 26668
638 1158 26669
398 546 26670
638 1124 26671
638 68 26672
546 398 26673
342 1039 26674
342 626 26675
626 1173 26676
626 342 26677
342 626 26678
342 1039 26679
1039 342 26680
342 1039 26681
352 332 26682
342 1039 26683
189 626 26684
199 652 26685
720 679 26686
1127 1137 26687
199 546 26688
1087 1187 26689
1087 1187 26690
462 675 26691
675 462 26692
675 462 26693
465 679 26694
44 249 26695
44 189 26696
372 473 26697
372 26 26698
1127 372 26699
1127 536 26700
1186 309 26701
189 635 26702
536 1127 26703
1127 536 26704
536 1127 26705
679 161 26706
954 103 26707
679 50 26708
679 72 26709
954 652 26710
679 720 26711
679 465 26712
569 372 26713
1113 142 26714
1113 323 26715
1113 815 26716
114 124 26717
652 954 26718
249 779 26719
317 308 26720
114 103 26721
494 1189 26722
1050 372 26723
679 72 26724
514 439 26725
72 679 26726
1142 1058 26727
679 72 26728
72 679 26729
183 234 26730
617 73 26731
679 72 26732
777 315 26733
755 377 26734
1137 1127 26735
72 679 26736
713 1158 26737
1189 1191 26738
72 679 26739
1189 536 26740
713 950 26741
30 161 26742
536 1189 26743
640 297 26744
30 679 26745
1189 536 26746
713 462 26747
679 72 26748
536 1189 26749
679 30 26750
72 679 26751
713 884 26752
1189 536 26753
1189 536 26754
713 346 26755
713 250 26756
1181 1083 26757
713 681 26758
1189 1181 26759
536 1189 26760
713 1018 26761
713 214 26762
1189 536 26763
30 679 26764
679 72 26765
536 1189 26766
679 30 26767
30 1 26768
713 1036 26769
30 679 26770
1189 536 26771
679 30 26772
679 72 26773
713 1101 26774
1181 1189 26775
30 679 26776
1185 598 26777
1189 80 26778
72 679 26779
713 249 26780
1189 1181 26781
1181 1189 26782
80 1189 26783
713 87 26784
679 30 26785
713 999 26786
1189 1181 26787
72 679 26788
30 679 26789
713 714 26790
713 884 26791
679 72 26792
779 381 26792
713 781 26793
679 30 26794
1189 80 26795
30 679 26796
713 998 26797
713 1042 26798
713 1036 26799
1181 1189 26800
1189 569 26801
1189 1181 26802
679 30 26803
72 679 26804
713 725 26805
713 609 26806
713 687 26807
713 124 26808
713 370 26809
80 1189 26810
713 749 26811
1 30 26812
713 1165 26813
713 199 26814
713 716 26815
713 1185 26816
713 1189 26817
713 1189 26818
1185 495 26819
712 189 26820
260 949 26821
990 1142 26822
260 509 26823
260 398 26824
260 103 26825
542 1059 26826
36 189 26827
1185 1130 26828
1066 277 26829
547 1169 26830
1136 48 26831
1042 781 26832
1165 713 26833
277 1066 26834
308 317 26835
483 1189 26836
1066 277 26837
277 1066 26838
1066 277 26839
277 1066 26840
713 1185 26841
594 277 26842
1136 309 26843
430 32 26844
569 1189 26845
1066 277 26846
594 535 26847
277 594 26848
277 1066 26849
1066 277 26850
277 1066 26851
1066 277 26852
950 713 26853
859 19 26854
594 277 26855
277 1066 26856
277 594 26857
594 277 26858
950 309 26859
537 939 26860
1066 277 26861
1189 80 26862
1189 713 26863
307 309 26864
1189 569 26865
1094 991 26866
1014 277 26867
1189 546 26868
1189 546 26869
1189 482 26870
1018 713 26871
42 1191 26872
42 288 26873
288 42 26874
686 341 26875
720 679 26876
454 1043 26877
454 546 26878
272 337 26879
272 337 26880
454 242 26881
483 1189 26882
1101 713 26883
734 1023 26884
425 765 26885
323 1036 26886
323 779 26887
189 712 26888
72 1039 26889
53 594 26890
341 686 26891
993 277 26892
36 189 26893
1127 536 26894
377 755 26895
998 713 26896
615 569 26897
615 8 26898
615 249 26899
615 297 26900
615 536 26901
615 1117 26902
372 1127 26903
372 569 26904
372 1050 26905
1066 495 26906
3 1192 26907
277 1014 26908
1036 323 26909
569 372 26910
277 993 26911
495 586 26912
495 498 26913
765 372 26914
87 713 26915
1136 398 26916
495 498 26917
495 498 26918
372 569 26919
1036 454 26920
495 884 26921
765 425 26922
993 277 26923
332 352 26924
364 993 26925
495 546 26926
277 993 26927
1036 1039 26928
513 440 26929
495 1113 26930
569 372 26931
1190 1034 26932
332 352 26933
1190 394 26934
482 1189 26935
993 364 26936
993 277 26937
224 175 26938
686 341 26939
378 586 26940
277 993 26941
495 542 26942
725 1132 26943
483 1189 26944
495 121 26945
847 63 26946
725 713 26947
495 68 26948
372 569 26949
114 1189 26950
1181 654 26951
277 993 26952
495 181 26953
495 815 26954
1110 281 26955
569 372 26956
495 1185 26957
495 1066 26958
114 1189 26959
1189 598 26960
483 1189 26961
372 378 26962
114 357 26963
372 402 26964
483 1189 26965
498 495 26966
498 495 26967
372 569 26968
402 1173 26969
1066 495 26970
1189 626 26971
569 372 26972
1189 840 26973
1189 840 26974
1066 277 26975
1066 840 26976
840 1189 26977
840 1066 26978
1066 840 26979
431 307 26980
840 1066 26981
1066 840 26982
483 1189 26983
48 840 26984
249 713 26985
249 615 26986
840 48 26987
712 189 26988
483 1189 26989
48 840 26990
415 538 26991
1189 595 26992
353 42 26993
1167 840 26994
372 569 26995
595 199 26996
323 1036 26997
90 598 26998
595 1189 26999
569 372 27000
353 1187 27001
1189 595 27002
1136 48 27003
1136 398 27004
595 1189 27005
1189 220 27006
1189 595 27007
297 1158 27008
595 1189 27009
840 1167 27010
840 48 27011
1189 595 27012
297 640 27013
318 1042 27014
840 1186 27015
297 615 27016
53 62 27017
212 306 27018
586 495 27019
595 1189 27020
586 378 27021
1167 840 27022
1189 595 27023
143 479 27024
598 90 27025
598 1189 27026
1189 598 27027
1189 595 27028
1032 783 27029
954 652 27030
288 1193 27031
483 1189 27032
48 840 27033
288 1183 27034
483 372 27035
306 212 27036
1186 840 27037
9 1183 27038
1039 72 27039
741 928 27040
546 454 27041
546 495 27042
546 199 27043
546 1189 27044
1186 840 27045
449 263 27046
1183 288 27047
1183 288 27048
958 704 27049
306 394 27050
288 1183 27051
394 306 27052
439 514 27053
781 1042 27054
297 640 27055
1183 288 27056
306 570 27057
570 306 27058
781 713 27059
377 48 27060
1014 277 27061
570 400 27062
306 676 27063
288 1183 27064
1042 781 27065
1018 252 27066
1034 32 27067
704 958 27068
542 495 27069
1113 323 27070
1113 495 27071
454 1036 27072
454 546 27073
536 1127 27074
536 615 27075
626 1189 27076
1178 615 27077
600 779 27078
600 667 27079
1190 288 27080
1190 1034 27081
1190 288 27082
1190 1034 27083
535 594 27084
1190 50 27085
1190 1034 27086
378 586 27087
378 372 27088
1190 1034 27089
233 797 27089
1190 1034 27090
1190 288 27091
1181 1194 27092
993 277 27093
288 470 27094
1190 1034 27095
9 1183 27096
509 389 27097
509 260 27098
823 149 27099
72 1039 27100
1036 454 27101
431 823 27102
1117 615 27103
1126 289 27104
1190 1034 27105
73 617 27106
823 242 27107
309 307 27108
19 434 27109
704 1195 27110
72 683 27111
704 1183 27112
204 1189 27113
204 615 27114
309 712 27115
514 439 27116
214 713 27117
32 1034 27118
1113 323 27119
1189 546 27120
283 583 27121
1189 626 27122
1113 309 27123
1113 823 27124
586 378 27125
9 32 27126
1113 1182 27127
679 720 27128
487 598 27129
189 712 27130
9 1196 27131
9 1197 27132
9 1191 27133
377 1117 27134
1032 823 27135
377 1117 27135
9 1190 27136
189 712 27137
586 570 27138
9 1196 27139
9 1198 27140
189 712 27141
9 1181 27142
770 277 27143
9 1196 27144
966 323 27145
9 1188 27146
9 1169 27147
189 712 27148
9 1196 27149
9 928 27150
966 617 27151
9 598 27152
9 72 27153
162 851 27154
220 1018 27155
817 1199 27156
1196 1189 27157
9 1196 27158
712 309 27159
9 1196 27160
712 189 27161
598 487 27162
9 1196 27163
783 1186 27164
9 1196 27165
617 966 27166
487 598 27167
598 487 27168
9 1196 27169
9 34 27170
189 712 27171
9 598 27172
9 598 27173
1186 783 27174
9 598 27175
9 282 27176
938 105 27177
9 598 27178
1066 815 27179
189 712 27180
9 1196 27181
9 598 27182
9 598 27183
9 598 27184
583 283 27185
9 72 27186
323 966 27187
1186 1056 27188
783 1186 27189
9 1196 27190
9 598 27191
9 598 27192
1196 155 27193
9 598 27194
758 741 27195
9 72 27196
9 598 27197
189 712 27198
9 1196 27199
9 598 27200
9 598 27201
679 720 27202
72 679 27203
9 1196 27204
212 394 27205
679 72 27206
9 72 27207
342 495 27208
9 598 27209
323 758 27210
72 679 27211
323 758 27212
679 72 27213
323 758 27214
323 758 27215
68 495 27216
323 758 27217
323 758 27218
683 72 27219
720 679 27220
398 758 27221
720 679 27222
176 840 27223
388 405 27224
758 398 27225
758 683 27226
72 679 27227
716 713 27228
72 683 27229
1173 402 27230
1059 542 27231
555 1173 27232
555 306 27233
144 1127 27234
422 615 27235
846 588 27236
250 713 27237
144 1200 27238
402 1201 27239
617 704 27240
454 1036 27241
1110 281 27242
1110 474 27243
128 105 27244
993 277 27245
595 1189 27246
402 1201 27247
143 201 27248
840 1167 27249
840 1186 27250
1110 281 27251
884 536 27252
149 823 27253
615 536 27254
615 1117 27255
615 422 27256
959 958 27257
297 615 27258
1186 840 27259
770 149 27260
313 34 27261
1036 454 27262
378 586 27263
1188 1033 27264
407 97 27265
53 250 27266
312 1014 27267
53 1202 27268
679 720 27269
342 1039 27270
679 72 27271
44 770 27272
454 1036 27273
884 536 27274
389 509 27275
776 400 27276
776 704 27277
9 72 27278
9 928 27279
440 513 27280
462 713 27281
194 1178 27282
9 1169 27283
9 1181 27284
34 313 27285
440 758 27286
1083 1181 27287
9 607 27288
1127 144 27289
9 607 27290
1127 536 27291
1029 586 27292
9 282 27293
9 607 27294
525 211 27295
9 607 27296
9 607 27297
9 928 27298
9 607 27299
9 928 27300
9 477 27301
201 607 27302
1110 281 27303
1181 1083 27304
12 598 27305
12 598 27306
1110 281 27307
1127 1203 27308
1178 194 27309
1110 281 27310
12 598 27311
749 969 27312
1178 194 27313
594 535 27314
12 599 27315
12 926 27316
1178 194 27317
1158 542 27318
12 308 27319
12 926 27320
712 189 27321
277 993 27322
639 498 27323
639 212 27324
12 569 27325
12 569 27326
12 598 27327
928 741 27328
1199 817 27329
1199 1204 27330
1199 1006 27331
1043 454 27332
1199 1049 27333
12 569 27334
1199 1003 27335
1136 48 27336
12 926 27337
1136 398 27338
12 569 27339
1136 29 27340
12 938 27341
1014 1194 27342
12 569 27343
114 770 27344
12 176 27345
12 569 27346
103 954 27347
396 372 27348
830 277 27349
198 101 27350
12 569 27351
12 719 27352
12 719 27353
277 830 27354
145 1042 27355
12 569 27356
44 770 27357
535 594 27358
830 277 27359
372 396 27360
145 341 27361
840 1186 27362
372 396 27363
145 830 27364
12 569 27365
323 341 27366
44 770 27367
683 758 27368
1205 869 27369
1137 67 27370
683 72 27371
145 830 27372
277 830 27373
1113 277 27374
830 277 27375
770 44 27376
277 830 27377
114 103 27378
3 194 27379
172 277 27380
1 477 27381
758 683 27382
758 440 27383
389 830 27384
372 396 27385
372 396 27386
372 396 27387
19 389 27388
372 389 27389
114 770 27390
372 396 27391
372 396 27392
372 389 27393
487 598 27394
1185 1077 27395
372 396 27396
1136 719 27397
283 379 27398
252 1018 27399
830 277 27400
220 1018 27401
372 396 27402
830 389 27403
800 422 27404
95 712 27405
800 964 27406
67 1137 27407
307 309 27408
95 63 27409
307 1183 27410
95 713 27411
712 95 27412
762 713 27413
1132 725 27414
762 992 27415
525 19 27416
1132 1174 27417
103 378 27418
189 712 27419
815 1066 27420
712 189 27421
609 815 27422
1167 840 27423
430 857 27424
797 233 27425
431 823 27426
342 797 27427
1136 719 27428
800 422 27429
725 1132 27430
1087 1183 27431
1087 307 27432
6 1174 27433
719 1136 27434
67 1137 27435
1087 341 27436
1136 719 27437
67 449 27438
901 884 27439
576 575 27440
576 350 27441
576 212 27442
9 1196 27443
9 928 27444
9 1181 27445
576 885 27446
576 1167 27447
740 615 27448
9 1206 27449
1120 317 27450
67 901 27451
1041 41 27452
741 928 27453
814 823 27454
1186 840 27455
1186 277 27456
901 67 27457
41 1041 27458
41 1040 27459
966 323 27460
1186 638 27461
966 323 27462
638 1186 27463
67 901 27464
1186 638 27465
1190 393 27466
638 1186 27467
733 576 27468
884 536 27469
733 596 27470
277 1186 27471
638 511 27472
1187 353 27473
1186 277 27474
394 576 27475
277 1186 27476
596 733 27477
342 638 27478
586 378 27479
199 713 27480
586 1029 27481
290 44 27482
646 1021 27482
1189 638 27483
638 1189 27484
1113 990 27485
1072 1189 27486
1189 1072 27487
199 595 27488
290 63 27489
12 308 27490
12 8 27491
1113 1161 27492
290 408 27493
12 527 27494
560 638 27495
12 1188 27496
12 1188 27497
482 761 27498
357 835 27499
1181 254 27500
357 1161 27501
555 3 27502
357 527 27503
770 277 27504
234 638 27505
596 605 27506
725 638 27507
29 1136 27508
277 770 27509
378 586 27510
378 103 27511
770 277 27512
277 770 27513
67 1206 27514
67 1184 27515
615 740 27516
9 1196 27517
770 277 27518
9 1181 27519
725 719 27520
454 1043 27521
9 72 27521
1040 41 27522
277 770 27523
770 277 27524
706 484 27525
1066 815 27526
378 193 27526
638 725 27527
638 640 27528
1043 454 27529
640 638 27530
277 770 27531
638 640 27532
859 19 27533
638 560 27534
342 638 27535
770 277 27536
144 1127 27537
617 103 27538
638 342 27539
12 8 27540
511 638 27541
323 966 27542
617 103 27543
105 938 27544
638 511 27545
638 511 27546
105 128 27547
234 596 27548
144 290 27549
12 8 27550
277 770 27551
193 378 27552
1037 233 27553
706 638 27554
193 378 27555
658 193 27556
1183 704 27557
325 1169 27558
12 8 27559
297 1158 27560
9 1183 27561
770 277 27562
297 615 27563
1183 307 27564
19 1207 27565
625 662 27566
297 733 27567
625 662 27568
625 662 27569
625 662 27570
297 640 27571
625 662 27572
625 662 27573
853 881 27574
706 638 27575
625 534 27576
277 770 27577
1169 325 27578
118 1070 27579
704 1183 27580
290 144 27581
323 341 27582
741 1208 27583
12 8 27584
704 1209 27585
1033 1188 27586
12 8 27587
582 1210 27588
1033 1211 27589
770 277 27590
582 328 27591
193 658 27592
582 861 27593
144 290 27594
582 1212 27595
41 1040 27596
1033 1209 27597
741 697 27598
12 8 27599
706 277 27600
277 770 27601
1209 704 27602
853 514 27603
704 1209 27604
605 596 27605
770 277 27606
277 770 27607
269 1045 27608
1066 475 27609
297 1158 27609
1196 704 27610
63 95 27611
12 8 27612
704 605 27613
1209 704 27614
63 290 27615
605 704 27616
704 1209 27617
1209 704 27618
704 1209 27619
1174 1132 27620
704 605 27621
770 277 27622
161 679 27623
475 1066 27624
781 1018 27625
605 596 27626
605 704 27627
1209 704 27628
704 605 27629
161 30 27630
1209 1033 27631
128 338 27632
704 1209 27633
90 598 27634
605 704 27635
679 161 27636
919 51 27637
704 605 27638
919 704 27639
1066 475 27640
704 919 27641
1209 704 27642
1213 306 27643
704 1209 27644
398 758 27645
1209 704 27646
704 1209 27647
128 338 27648
586 378 27649
605 704 27650
898 1198 27651
161 679 27652
843 62 27653
1209 704 27654
1213 389 27655
792 356 27656
704 1209 27657
9 1183 27658
1213 1186 27659
843 62 27660
1209 704 27661
1213 389 27662
704 1209 27663
341 1072 27664
1209 704 27665
779 56 27666
356 792 27667
128 338 27668
1213 1032 27669
704 1209 27670
372 1209 27671
1209 704 27672
454 1043 27673
704 1209 27674
269 638 27675
90 269 27676
843 62 27677
372 527 27678
9 1183 27679
152 1153 27680
405 388 27681
638 269 27682
378 193 27683
372 919 27684
378 586 27685
234 144 27686
152 1153 27687
372 928 27688
193 378 27689
792 356 27690
152 372 27691
372 919 27692
234 1018 27693
1214 372 27694
269 90 27695
234 1018 27696
919 372 27697
152 372 27698
679 161 27699
586 378 27700
152 1153 27701
234 50 27702
919 50 27703
234 50 27704
372 919 27705
919 372 27706
928 372 27707
919 41 27708
90 269 27709
161 679 27710
193 1215 27711
90 697 27712
1209 704 27713
1215 193 27714
372 919 27715
152 372 27716
843 62 27717
193 1215 27718
372 928 27719
919 372 27720
1209 372 27721
1214 372 27722
372 919 27723
843 62 27724
372 1209 27725
152 372 27726
36 189 27727
779 1181 27728
598 1216 27729
919 372 27729
843 62 27730
1181 779 27731
928 372 27732
378 193 27733
297 1158 27734
815 609 27735
378 586 27736
779 1181 27737
638 103 27738
1181 779 27739
514 853 27740
152 372 27741
152 1153 27742
103 638 27743
41 919 27744
779 1181 27745
638 103 27746
41 1215 27747
843 62 27748
372 928 27749
103 638 27750
638 103 27751
1185 144 27752
152 372 27753
679 161 27754
704 1209 27755
1185 898 27756
152 1153 27757
346 590 27758
843 62 27759
1185 638 27760
152 372 27761
152 1153 27762
843 62 27763
1093 638 27764
103 378 27765
652 954 27766
128 194 27767
377 32 27768
609 815 27768
48 1136 27769
596 1153 27770
1217 482 27771
919 41 27772
843 62 27773
152 372 27774
90 48 27775
482 1217 27776
740 615 27777
152 1153 27778
1153 596 27779
50 234 27780
50 919 27781
50 919 27782
317 308 27783
793 90 27784
317 1120 27785
1181 779 27786
1218 881 27787
152 1153 27788
732 958 27789
706 277 27790
779 1181 27791
1181 779 27792
1215 41 27792
605 103 27793
350 343 27794
152 1153 27795
1217 482 27796
881 1218 27796
596 1153 27797
152 1153 27798
193 378 27799
1043 454 27800
586 378 27801
482 1217 27802
1093 1206 27803
605 103 27804
378 103 27805
652 598 27806
1217 482 27807
378 193 27808
605 277 27809
152 1153 27810
103 378 27811
482 1217 27812
605 317 27813
1153 596 27814
209 1217 27815
683 758 27816
605 103 27817
598 652 27818
1217 482 27819
1018 781 27820
706 615 27821
193 378 27822
706 194 27823
152 1153 27824
652 598 27825
706 615 27826
605 103 27827
596 1153 27828
1185 194 27829
152 1153 27830
815 609 27831
605 615 27832
714 460 27833
12 599 27834
706 1219 27835
1072 341 27836
706 615 27837
1153 596 27838
152 1153 27839
605 615 27840
714 713 27841
823 1032 27842
128 338 27843
605 249 27844
143 1037 27845
823 149 27846
143 442 27847
823 814 27848
9 1181 27849
220 1018 27850
152 1153 27851
9 679 27852
609 815 27853
1072 878 27854
627 1185 27855
1185 1220 27856
928 372 27857
596 1153 27858
9 753 27858
975 609 27859
1185 627 27860
9 72 27861
152 1153 27862
1153 596 27863
209 1072 27864
9 1183 27865
609 975 27866
755 377 27867
1214 372 27868
377 755 27869
48 152 27870
1189 1217 27871
152 1153 27871
1185 823 27872
596 1153 27873
19 1221 27874
779 1181 27875
1033 1209 27876
341 1072 27877
1153 596 27878
9 753 27879
152 48 27880
152 1153 27881
194 1185 27882
48 152 27883
9 753 27884
9 1183 27885
194 465 27886
1217 1189 27887
1113 823 27888
9 753 27889
814 823 27890
194 1004 27891
194 271 27892
1209 1033 27893
152 48 27894
9 753 27895
1043 1072 27896
1209 704 27897
9 753 27898
823 1185 27899
809 1101 27900
194 1101 27901
194 560 27902
823 814 27903
152 1153 27904
1113 815 27905
9 596 27906
48 152 27907
1113 823 27908
9 753 27908
220 1018 27909
823 1211 27910
194 590 27911
596 1153 27912
194 181 27913
475 1167 27913
152 48 27914
194 794 27915
194 567 27916
152 1153 27917
9 1183 27918
1153 596 27919
9 753 27920
194 679 27921
1185 194 27922
815 609 27923
823 1222 27924
1113 823 27925
1185 823 27926
815 1113 27927
1181 779 27928
9 753 27929
823 1113 27930
1089 975 27931
814 823 27932
9 1183 27933
823 1185 27934
9 1181 27935
152 1153 27936
209 823 27936
152 1185 27937
1185 823 27938
220 1018 27939
596 1153 27940
823 814 27941
50 679 27942
1113 815 27943
152 1153 27944
823 209 27945
9 753 27946
1113 823 27947
9 1183 27948
823 1185 27949
9 72 27950
209 823 27951
1153 596 27952
779 1181 27953
475 1167 27954
1113 1216 27955
1185 823 27956
41 919 27957
814 823 27958
823 209 27959
1101 194 27960
9 753 27961
823 1185 27962
823 814 27963
1184 719 27964
609 815 27965
152 1153 27966
1113 823 27967
823 41 27968
209 823 27969
1113 815 27970
1087 1187 27971
815 609 27972
1113 1216 27973
1113 823 27974
12 599 27975
1181 779 27976
609 815 27976
1113 815 27977
1184 1052 27978
1223 72 27979
220 1018 27979
152 1153 27980
823 209 27980
1113 1216 27981
12 527 27982
596 1153 27983
878 1072 27984
12 599 27985
128 338 27986
72 1223 27987
128 194 27988
815 609 27989
823 1163 27990
12 711 27991
814 823 27992
1080 1207 27993
128 338 27994
711 1034 27995
609 815 27996
12 711 27997
823 814 27998
793 1224 27999
152 1153 28000
12 711 28001
823 1185 28002
1113 815 28003
209 823 28004
12 711 28005
1223 72 28006
128 1080 28007
1153 596 28008
9 601 28009
1113 823 28010
9 72 28011
12 711 28012
9 753 28013
814 823 28014
9 1183 28015
823 209 28016
12 599 28017
1185 823 28018
1163 1211 28019
212 303 28020
823 814 28021
823 1185 28022
1113 823 28023
963 63 28024
995 346 28025
1185 823 28026
1225 1183 28027
1183 1225 28028
12 711 28029
1183 1225 28030
823 1185 28031
12 8 28032
1226 1185 28033
1184 9 28034
1178 878 28035
1010 463 28036
1113 823 28037
1225 1183 28037
1185 823 28038
1226 1185 28039
1185 823 28040
475 1163 28041
814 823 28042
1189 1217 28043
1226 540 28044
1032 823 28045
1189 878 28046
596 1153 28047
878 1189 28048
1189 878 28049
105 915 28050
1034 711 28051
815 609 28052
80 277 28053
128 878 28054
277 80 28055
128 338 28056
1183 307 28057
1185 277 28058
277 1185 28059
80 277 28060
878 128 28061
609 815 28062
1185 277 28063
878 598 28063
815 609 28064
277 80 28065
277 1185 28066
609 815 28067
80 277 28068
48 152 28069
669 1196 28070
80 277 28071
277 80 28072
80 277 28073
277 80 28074
80 277 28075
41 823 28076
1185 277 28077
80 277 28078
41 1217 28079
277 1185 28080
277 80 28081
80 277 28082
1185 277 28083
277 80 28084
815 609 28085
277 1185 28086
80 277 28087
609 815 28088
1185 277 28089
48 1184 28090
470 288 28091
815 609 28092
609 815 28093
1184 48 28094
815 609 28095
815 609 28096
609 815 28097
609 815 28098
48 1184 28099
815 609 28100
440 1215 28101
609 815 28102
1227 1018 28103
681 440 28104
1185 583 28105
1184 48 28106
815 609 28107
609 815 28108
80 194 28109
609 815 28110
48 1184 28111
1113 990 28112
555 594 28113
626 1189 28114
555 594 28115
1181 341 28116
546 454 28117
1113 990 28118
555 802 28119
308 1185 28120
308 615 28121
42 353 28122
42 1018 28123
306 1228 28124
42 1229 28125
42 1183 28126
840 1186 28127
72 1039 28128
1004 194 28129
1184 48 28130
372 928 28131
372 536 28132
555 1187 28133
681 513 28134
308 155 28135
308 753 28136
1018 42 28137
1214 372 28138
180 242 28139
242 180 28140
180 242 28141
42 488 28142
306 308 28143
242 180 28144
1198 898 28145
1198 9 28146
242 823 28147
242 454 28148
180 242 28149
242 180 28150
180 242 28151
547 63 28152
242 180 28153
540 1226 28154
41 1198 28155
1058 1142 28156
62 598 28157
1227 72 28158
72 1227 28159
1227 72 28160
72 1227 28161
1227 72 28162
72 1227 28163
1227 72 28164
1213 306 28165
1213 362 28166
72 1227 28167
1041 41 28168
687 481 28169
687 642 28170
687 479 28171
687 252 28172
214 1216 28173
679 194 28174
615 308 28175
594 209 28176
288 470 28177
1132 725 28178
1132 1174 28179
954 652 28180
1132 950 28181
851 162 28182
1174 1132 28183
209 594 28184
527 372 28185
1190 306 28186
1190 708 28187
9 679 28188
317 605 28189
1021 646 28190
536 372 28191
70 163 28192
70 1113 28193
1113 70 28194
758 683 28195
343 350 28196
1039 72 28197
297 1158 28198
1174 547 28199
297 999 28200
297 1158 28201
70 1113 28202
297 615 28203
297 249 28204
944 70 28205
498 639 28206
1189 626 28207
498 495 28208
547 1174 28209
713 1158 28210
615 277 28211
713 740 28212
465 194 28213
713 1158 28214
465 679 28215
713 681 28216
1215 440 28217
297 615 28218
713 362 28219
594 209 28220
342 1039 28221
1224 62 28222
1183 1230 28223
9 679 28224
9 679 28225
713 999 28226
1196 669 28227
713 1036 28228
713 1036 28229
9 109 28230
297 615 28231
1174 547 28232
1136 48 28233
342 1039 28234
944 697 28235
32 1231 28236
307 1183 28237
32 1217 28238
32 1232 28239
857 430 28240
32 1211 28241
32 1196 28242
249 1209 28243
32 494 28244
964 638 28245
32 1099 28246
32 638 28247
297 1158 28248
249 886 28249
297 1158 28250
297 1158 28250
249 44 28251
1158 713 28252
779 277 28253
697 779 28254
1158 152 28255
342 502 28256
779 697 28257
697 779 28258
779 697 28259
697 915 28260
1174 502 28261
697 779 28262
779 697 28263
254 1181 28264
779 697 28265
697 779 28266
1233 502 28267
1136 342 28268
1136 1158 28269
297 1158 28270
67 1216 28271
308 306 28272
342 379 28273
143 1037 28274
1018 1227 28275
1059 389 28276
1196 32 28277
297 615 28278
470 288 28279
36 189 28280
1064 1216 28281
297 615 28282
1064 1216 28283
1234 615 28284
220 1018 28285
220 1018 28286
1018 220 28287
834 1196 28288
220 1018 28289
866 203 28290
350 343 28291
582 779 28292
333 308 28293
189 712 28294
594 1171 28295
87 27 28296
189 144 28297
42 1183 28298
739 1136 28299
308 333 28300
308 272 28301
350 343 28302
1183 42 28303
70 1113 28304
739 317 28305
250 475 28306
739 254 28307
254 739 28308
27 87 28309
204 777 28310
204 615 28311
204 1189 28312
297 615 28313
598 652 28314
358 250 28315
1111 394 28316
615 297 28317
638 32 28318
638 964 28319
638 1093 28320
706 194 28321
706 277 28322
288 470 28323
706 484 28324
706 1219 28325
388 405 28326
350 343 28327
1185 840 28328
638 1235 28329
470 288 28330
161 679 28331
63 963 28332
638 1066 28333
1215 254 28334
638 1066 28335
323 341 28336
323 753 28337
470 992 28338
1215 254 28339
626 1189 28339
1231 32 28340
576 394 28341
626 1193 28342
323 732 28343
576 254 28344
587 1185 28345
638 1066 28346
1185 587 28347
254 576 28348
576 254 28349
551 1117 28350
254 576 28351
840 1185 28352
576 254 28353
810 626 28354
810 654 28355
810 626 28356
254 576 28357
473 372 28358
252 1018 28359
509 389 28360
114 770 28361
958 732 28362
576 254 28363
323 346 28364
810 626 28365
810 654 28366
323 346 28367
1215 254 28368
1018 252 28369
323 234 28370
810 654 28371
254 576 28372
1185 840 28373
323 346 28374
9 308 28375
810 626 28376
9 569 28377
254 1215 28378
437 1033 28379
1234 254 28380
810 654 28381
323 1235 28382
323 346 28383
386 422 28384
9 569 28385
557 302 28386
1215 254 28387
254 1215 28388
323 325 28389
454 242 28390
1114 575 28391
1215 254 28392
1114 1188 28393
454 546 28394
1146 861 28395
323 339 28396
800 964 28397
1215 254 28398
800 422 28399
1215 254 28400
810 654 28401
254 1215 28402
254 1215 28403
576 254 28404
1215 254 28405
576 733 28406
1146 1050 28407
254 576 28408
576 254 28409
810 654 28410
72 1039 28411
605 73 28412
810 654 28413
810 626 28414
1234 254 28415
454 372 28416
144 1185 28417
1234 704 28418
681 402 28419
63 609 28420
144 189 28421
1236 368 28422
30 161 28423
502 1174 28424
325 323 28425
323 325 28426
402 681 28427
350 605 28428
350 343 28429
810 323 28430
810 654 28431
810 323 28432
810 654 28433
323 640 28434
1237 323 28435
42 840 28436
640 323 28437
810 323 28438
323 640 28439
640 323 28440
1237 323 28441
189 144 28442
323 640 28443
652 954 28444
810 323 28445
254 1234 28446
640 323 28446
42 144 28447
323 640 28448
1237 323 28449
640 323 28450
350 323 28451
323 640 28452
640 323 28453
323 640 28454
323 42 28455
422 386 28456
323 1047 28457
323 1047 28458
1042 1034 28459
1237 323 28460
1234 254 28461
652 598 28462
350 343 28463
350 323 28464
1174 502 28465
389 509 28466
389 1059 28467
341 1181 28468
42 323 28469
350 323 28470
1237 323 28471
1167 475 28472
350 343 28473
810 654 28474
144 42 28475
42 32 28476
323 42 28477
626 498 28478
42 144 28479
144 189 28480
323 341 28481
42 323 28482
1236 640 28483
323 42 28484
1237 323 28485
498 626 28486
189 144 28487
1237 323 28488
42 654 28489
810 626 28490
810 654 28491
1237 323 28492
254 1234 28493
42 323 28494
1236 277 28495
144 42 28496
626 498 28497
644 1216 28498
810 626 28499
654 42 28500
1237 323 28501
323 42 28502
1042 34 28503
1142 1058 28504
1237 871 28505
1142 990 28506
323 950 28507
1237 323 28508
42 144 28509
683 758 28510
144 644 28511
810 626 28512
350 323 28513
398 144 28514
1237 323 28515
1237 323 28516
341 323 28517
323 341 28518
144 42 28519
810 626 28520
1237 323 28521
350 323 28522
144 398 28523
1237 323 28524
144 189 28525
810 626 28526
144 398 28527
626 498 28528
1237 323 28529
341 323 28530
1237 323 28531
323 341 28532
1237 323 28533
341 323 28534
323 341 28535
706 1219 28536
1237 323 28537
1136 739 28538
713 342 28539
1236 726 28540
1050 1146 28541
341 323 28542
1189 626 28543
626 1189 28544
323 341 28545
1237 323 28546
1113 70 28547
350 323 28548
1189 626 28549
277 1236 28549
145 341 28550
726 1236 28551
626 249 28552
145 1042 28553
1237 323 28554
341 323 28554
431 605 28555
350 323 28556
277 1186 28557
1236 726 28558
1189 1238 28559
408 290 28560
323 341 28561
277 687 28562
1237 323 28563
626 1189 28564
323 350 28565
145 341 28566
1236 626 28567
726 1236 28568
1237 323 28569
1189 1097 28570
1236 726 28571
1186 277 28572
1189 626 28573
341 323 28574
277 1186 28575
626 1236 28576
1236 645 28577
626 1189 28578
626 1189 28579
1237 1236 28580
1097 1189 28581
1186 277 28582
1189 626 28583
323 341 28584
408 317 28585
1189 1097 28586
1237 1236 28587
840 1185 28588
840 42 28589
343 350 28590
341 323 28591
840 1185 28592
726 1236 28593
725 1132 28594
323 341 28595
626 1189 28596
341 323 28597
1237 1236 28598
1196 834 28599
626 1189 28600
1189 626 28601
1236 339 28602
323 341 28603
1136 626 28604
1189 840 28605
42 144 28606
878 713 28607
53 250 28608
341 323 28609
53 1018 28610
204 1239 28611
323 341 28612
1237 1236 28613
42 323 28614
204 1189 28615
204 615 28616
1237 1236 28617
42 72 28618
980 277 28618
626 1189 28619
339 1236 28620
1136 376 28621
350 343 28622
1236 339 28623
725 638 28624
1136 654 28625
339 1236 28626
1237 1236 28627
1189 835 28628
944 1236 28629
1136 398 28630
339 323 28631
1236 532 28632
1236 339 28633
1189 768 28634
1237 1236 28635
1236 252 28636
823 1113 28637
41 1236 28638
848 309 28639
823 1185 28640
1237 1236 28641
532 1236 28641
317 739 28642
72 42 28643
1236 719 28644
1189 1034 28645
252 1236 28646
848 841 28647
1236 41 28648
823 814 28649
1136 398 28650
719 1236 28651
1236 532 28652
823 1032 28653
823 41 28654
42 72 28655
252 1236 28656
1236 252 28657
823 242 28658
823 149 28659
1236 719 28660
1236 252 28661
252 1236 28662
944 1236 28663
1236 252 28664
823 149 28665
252 1236 28666
615 823 28667
72 42 28668
719 1236 28669
1237 1236 28670
1236 252 28671
1136 398 28672
1236 719 28673
252 1236 28674
1236 252 28675
1237 1236 28676
719 1236 28677
1236 252 28678
1113 823 28679
252 1236 28680
532 1236 28681
252 1236 28682
431 853 28683
1217 1189 28684
431 605 28685
1236 532 28686
1236 252 28687
944 1236 28688
1236 532 28689
1237 1236 28690
725 1217 28691
944 1236 28692
1189 1217 28693
252 1236 28694
1217 725 28695
233 797 28696
1217 1189 28697
495 498 28698
760 352 28699
495 498 28700
725 1217 28701
760 325 28702
1237 1236 28703
495 546 28704
495 542 28705
1217 725 28706
495 342 28707
725 1217 28708
495 68 28709
495 498 28710
1189 1217 28711
652 495 28712
1217 725 28713
1217 1189 28714
725 1217 28715
1234 254 28716
1056 1186 28717
835 1189 28718
1217 725 28719
62 1224 28720
1198 1230 28721
1189 1217 28722
325 760 28723
1217 32 28724
114 770 28725
928 372 28726
1136 586 28727
1056 1004 28728
1004 1056 28729
1056 1032 28730
1056 1004 28731
713 1215 28732
204 1189 28733
109 282 28734
1056 1004 28735
204 615 28736
590 893 28737
713 1036 28738
725 1217 28739
357 713 28740
963 63 28741
713 884 28742
687 6 28743
713 1042 28744
1056 687 28745
687 1056 28746
1056 687 28747
687 1056 28748
814 823 28748
1056 687 28749
1056 176 28750
1215 713 28751
224 144 28752
687 1056 28753
1185 840 28754
1056 687 28755
687 713 28756
1004 1056 28757
1240 836 28758
1056 1186 28759
687 1185 28760
794 194 28761
1056 1004 28762
209 594 28763
687 1056 28764
591 711 28765
1056 687 28766
675 462 28767
1117 551 28768
1056 1033 28769
1237 1167 28770
1185 687 28771
1004 1056 28772
1056 1042 28773
621 768 28774
1056 1004 28775
687 1056 28776
479 687 28777
1237 1167 28778
1056 687 28779
843 1167 28780
687 1185 28781
843 1167 28782
1240 536 28783
1004 1056 28784
843 1167 28785
1056 1004 28786
993 364 28787
687 277 28788
843 1167 28789
1127 697 28790
277 687 28791
687 277 28792
687 298 28793
394 576 28794
364 993 28795
1186 1056 28796
617 704 28797
317 105 28798
617 103 28799
617 103 28800
1224 62 28801
277 687 28802
172 840 28803
281 1110 28804
1224 260 28805
1181 254 28806
1181 341 28807
144 42 28808
687 1056 28809
144 224 28810
617 704 28811
617 704 28812
32 42 28813
687 1056 28814
536 1240 28815
32 1217 28816
1224 277 28817
317 479 28818
1213 479 28819
87 27 28820
224 144 28821
144 645 28822
9 109 28823
1214 372 28824
1214 249 28825
1214 180 28826
144 224 28827
273 1002 28828
681 402 28829
681 402 28830
12 1042 28831
1113 495 28832
12 527 28833
462 675 28834
12 109 28835
252 1056 28836
1158 297 28837
67 938 28838
145 341 28839
145 1042 28840
645 1236 28841
176 101 28842
1110 281 28843
645 144 28843
1233 502 28844
34 1042 28845
800 1241 28846
1242 343 28847
834 1196 28848
475 250 28849
204 615 28850
204 1189 28851
12 569 28852
1185 144 28853
12 569 28854
341 1181 28855
830 277 28856
1037 143 28857
281 337 28858
12 569 28859
1045 269 28860
63 963 28861
615 204 28862
800 569 28863
1136 1158 28864
1196 834 28865
834 1196 28866
27 87 28867
105 317 28868
800 569 28869
62 1224 28870
834 144 28871
536 615 28872
950 323 28873
642 687 28874
990 1142 28875
368 1236 28876
569 800 28877
800 569 28878
569 800 28879
600 667 28880
1224 62 28881
800 569 28882
323 42 28883
569 800 28884
323 339 28885
323 950 28886
323 642 28887
800 569 28888
12 569 28889
323 339 28890
9 652 28891
339 323 28892
950 323 28893
770 44 28894
1059 389 28895
950 353 28896
1189 204 28897
576 394 28898
325 1243 28899
1243 325 28900
343 1242 28901
1215 278 28902
1059 325 28903
704 598 28904
1243 325 28905
474 834 28906
105 569 28907
1059 1243 28908
569 105 28909
105 569 28910
468 277 28911
323 339 28912
323 950 28913
502 1233 28914
468 272 28915
758 683 28916
569 105 28917
272 654 28918
272 468 28919
1033 437 28920
342 1244 28921
654 272 28922
1113 990 28923
105 569 28924
617 73 28925
569 105 28926
468 272 28927
1186 277 28928
1033 1056 28929
105 569 28930
250 475 28931
342 323 28932
1189 835 28933
475 250 28934
600 342 28935
296 295 28936
277 468 28937
12 599 28938
250 475 28939
297 615 28940
36 779 28941
475 250 28942
569 105 28943
1185 302 28944
835 1189 28945
36 189 28946
835 1245 28947
569 105 28948
105 569 28949
1214 714 28950
963 63 28951
302 1185 28952
1214 714 28953
250 475 28954
297 1158 28955
475 250 28956
1187 1230 28957
1214 1239 28958
1214 1113 28959
1245 835 28960
950 323 28961
569 105 28962
713 1059 28963
105 569 28964
124 713 28965
36 770 28966
569 105 28967
68 495 28968
1189 835 28969
250 475 28970
704 1246 28971
1189 502 28972
704 1247 28972
704 1247 28973
1189 482 28974
502 1189 28975
482 1189 28976
475 250 28977
105 569 28978
704 1231 28979
1189 502 28980
1214 502 28981
1181 341 28982
1189 482 28982
250 475 28982
481 252 28983
482 1189 28984
302 1187 28985
1189 482 28986
1189 482 28987
482 1189 28988
482 1189 28989
884 713 28990
1189 482 28991
1214 704 28992
713 1241 28993
482 1189 28994
475 250 28995
1214 704 28996
835 1189 28997
1189 482 28998
482 1189 28999
1189 482 29000
1189 482 29001
1181 569 29002
128 569 29003
1214 502 29004
482 1189 29005
1189 835 29006
1189 482 29007
1083 679 29008
1214 704 29009
128 12 29010
599 12 29011
706 1219 29012
706 713 29013
569 105 29014
1214 704 29015
835 1189 29016
569 1181 29017
252 481 29018
1189 502 29019
1189 835 29020
502 1189 29021
128 569 29022
1189 502 29023
871 1237 29024
1237 871 29025
278 1215 29025
36 189 29026
36 189 29027
36 770 29028
1214 475 29029
477 1 29030
36 189 29031
128 569 29032
1187 302 29033
1071 598 29034
302 1187 29035
128 573 29036
1248 194 29037
233 42 29038
128 569 29039
233 1113 29040
1248 817 29041
1248 817 29042
1248 817 29043
474 713 29044
128 569 29045
249 626 29046
353 950 29047
50 1248 29048
128 706 29049
654 353 29050
1248 50 29051
302 1238 29052
103 617 29053
353 654 29054
639 498 29055
704 1248 29056
1189 835 29057
50 1248 29058
1248 704 29059
639 388 29060
1248 50 29061
1113 233 29062
1036 713 29063
835 1189 29064
779 627 29065
1189 835 29066
835 1189 29067
3 1249 29068
53 250 29069
1 477 29070
29 1248 29071
50 1248 29072
299 1083 29073
835 308 29074
53 646 29075
1189 835 29076
402 681 29077
3 1113 29078
1224 536 29079
627 779 29080
1215 278 29081
189 144 29082
278 1215 29083
1126 289 29084
835 1189 29085
810 654 29086
919 713 29087
536 1224 29088
1224 536 29089
654 810 29090
1189 835 29091
817 1248 29092
72 679 29093
732 323 29094
697 1127 29095
697 127 29096
389 1059 29097
50 296 29098
964 800 29099
402 1250 29100
810 654 29101
753 323 29102
32 1234 29103
681 402 29104
402 681 29105
1234 32 29106
810 654 29106
32 1234 29107
681 402 29108
296 50 29109
36 779 29110
32 353 29111
1189 595 29112
654 810 29113
1234 32 29114
1167 576 29115
32 1234 29116
950 353 29117
1234 32 29118
32 1234 29119
479 317 29120
341 323 29121
1234 32 29122
32 1234 29123
6 687 29124
779 627 29125
683 758 29126
242 823 29127
1189 683 29128
1187 302 29129
969 779 29130
1215 278 29131
1234 32 29132
1215 817 29133
770 277 29134
32 1234 29135
1234 32 29136
1181 569 29137
232 44 29138
288 470 29139
1189 835 29140
308 273 29141
1234 32 29142
323 732 29143
323 753 29144
323 341 29145
323 341 29146
6 439 29147
350 713 29148
350 343 29149
654 1251 29150
1231 704 29151
1178 1126 29152
252 1236 29153
252 1236 29154
779 713 29155
63 963 29156
308 835 29157
770 277 29158
30 1176 29159
569 1181 29160
969 779 29161
640 1236 29162
1043 454 29163
454 1043 29164
1213 1186 29165
969 779 29166
881 1249 29167
713 706 29168
706 713 29169
969 779 29170
1043 454 29171
1231 1252 29172
454 1043 29173
1036 713 29174
289 1126 29175
969 779 29176
36 770 29177
36 211 29178
1034 1189 29179
1087 1136 29180
1253 654 29181
1087 1187 29182
595 1189 29183
700 1174 29184
249 626 29185
1249 881 29186
758 683 29187
881 1249 29188
249 626 29189
881 1249 29190
514 853 29191
617 103 29192
249 626 29193
881 1249 29194
1253 72 29195
800 964 29196
799 32 29197
626 249 29198
617 103 29199
617 73 29200
1189 1034 29201
440 1244 29202
1043 454 29203
626 586 29204
969 779 29205
966 323 29206
53 250 29207
62 1224 29208
323 966 29209
966 323 29210
586 626 29211
367 323 29212
749 783 29213
323 966 29214
323 367 29215
627 779 29216
367 323 29217
626 586 29218
325 1243 29219
194 706 29220
749 700 29221
325 1059 29222
357 523 29223
706 194 29224
749 302 29225
317 479 29226
1234 1254 29227
357 8 29228
586 626 29229
704 1231 29230
770 1255 29231
194 706 29232
342 1039 29233
1186 713 29234
357 474 29235
586 1253 29236
1238 302 29237
770 1255 29238
357 1039 29239
706 194 29240
1239 990 29241
1239 886 29242
103 1255 29243
704 700 29244
1256 615 29245
1189 768 29246
103 1256 29247
353 950 29248
966 1171 29249
1256 103 29250
800 1256 29251
1002 273 29252
19 886 29253
1256 800 29254
281 317 29255
706 1256 29256
1256 706 29257
800 1256 29258
704 1257 29259
1256 800 29260
103 1256 29261
342 173 29262
1255 285 29263
9 679 29264
1224 62 29265
502 1189 29266
1248 817 29267
1248 29 29268
62 1224 29269
626 586 29270
1154 391 29271
1154 391 29272
1154 391 29273
1248 60 29274
173 342 29275
770 277 29276
1248 966 29277
317 281 29278
317 281 29279
342 173 29280
884 297 29281
72 1253 29282
19 1015 29283
118 779 29284
19 1016 29285
1236 252 29286
1258 10 29287
1236 1118 29288
462 913 29289
118 222 29290
1248 234 29291
462 282 29292
1236 1259 29293
1118 1236 29294
1241 713 29294
118 817 29295
42 323 29296
42 233 29297
325 1248 29298
800 1256 29299
103 1002 29300
72 1253 29301
1002 103 29302
103 1002 29303
233 1037 29304
234 1248 29305
1002 103 29306
60 1248 29307
560 194 29308
1248 234 29309
118 357 29310
317 263 29311
1248 325 29312
1153 152 29313
719 1251 29314
1113 1255 29315
1258 10 29315
1113 233 29316
10 1258 29317
1196 834 29318
1224 62 29319
1113 3 29320
479 367 29321
1185 1002 29322
1113 233 29323
388 639 29324
1256 800 29325
1113 1255 29326
1255 1113 29327
1248 131 29328
1113 233 29329
590 964 29330
128 706 29331
1113 1255 29332
654 563 29333
596 50 29334
131 1248 29335
1185 495 29336
834 1196 29337
53 250 29338
740 1256 29339
527 12 29340
53 646 29341
118 779 29342
963 63 29343
128 569 29344
357 701 29345
1256 740 29346
32 1234 29347
32 799 29348
843 1167 29349
357 802 29350
281 317 29351
101 370 29352
101 370 29353
1034 1189 29354
1189 502 29355
32 1255 29356
281 254 29357
367 479 29358
67 1255 29359
1255 32 29360
678 212 29360
32 1255 29361
367 479 29362
1189 1034 29363
1214 68 29364
370 101 29365
1248 560 29366
1255 32 29367
67 1255 29368
479 367 29369
32 1255 29370
1231 704 29371
1260 725 29372
596 654 29373
367 479 29374
1255 32 29375
357 1260 29376
118 32 29377
67 1255 29378
32 1255 29379
357 708 29380
118 32 29381
1255 32 29382
1258 10 29383
706 1256 29384
1231 1118 29385
32 118 29386
605 700 29386
32 1255 29387
1256 706 29388
103 605 29389
770 1260 29390
1255 32 29391
1234 32 29392
32 1255 29393
118 817 29394
32 1234 29395
605 103 29396
67 1255 29397
128 569 29398
1189 118 29399
1260 719 29400
569 128 29401
706 1256 29402
128 569 29403
770 277 29404
1189 1261 29405
297 884 29406
719 1260 29407
103 605 29408
128 706 29409
800 706 29410
249 1246 29411
605 103 29412
1260 719 29413
249 1260 29414
249 1260 29415
249 1136 29416
719 1260 29417
1236 1118 29418
193 233 29419
725 1260 29420
431 605 29421
1189 1255 29422
103 605 29423
249 1260 29424
605 103 29425
431 605 29426
1260 719 29427
719 1260 29428
1260 249 29429
1255 1189 29430
431 727 29431
1260 719 29432
725 1261 29433
19 527 29434
1236 1153 29435
431 605 29436
249 1260 29437
1214 68 29438
41 1236 29439
437 1033 29440
1236 41 29441
1260 725 29442
1174 700 29443
1189 1255 29444
1231 552 29445
1236 1153 29446
1176 30 29447
725 1260 29448
1111 393 29449
1255 1189 29450
41 1236 29451
128 569 29452
964 800 29453
41 1255 29454
1236 41 29455
41 1236 29456
431 605 29457
1255 41 29458
1260 725 29459
249 596 29460
1153 1236 29461
41 1255 29462
1236 1153 29463
1236 41 29464
552 1231 29465
1153 1236 29466
799 32 29467
1219 706 29468
1236 1153 29469
725 1260 29470
1255 41 29471
1153 1236 29472
1214 68 29473
683 1189 29474
1236 437 29475
994 145 29476
1219 1256 29477
1236 1153 29478
249 1260 29479
1153 1236 29480
431 605 29481
569 128 29482
1189 683 29483
41 1255 29484
1236 209 29485
431 605 29486
1236 41 29487
1059 389 29488
1113 886 29489
1255 41 29490
502 1189 29491
1059 713 29492
1236 41 29493
1260 725 29494
704 1231 29495
1236 536 29496
725 1260 29496
1214 1236 29497
809 779 29498
1189 502 29499
1260 725 29500
502 1189 29501
1236 1153 29502
1176 856 29503
1214 1236 29504
1213 502 29505
596 249 29506
1153 1236 29507
1236 368 29508
1214 714 29509
296 194 29510
128 569 29511
1189 502 29512
1214 1236 29513
1236 152 29514
725 1260 29515
502 1189 29516
249 596 29517
1214 1113 29518
1231 704 29519
1236 67 29520
1189 502 29521
1214 1236 29521
1236 714 29522
502 1189 29523
1260 725 29524
1213 502 29525
1214 1113 29526
484 706 29527
706 128 29528
1189 502 29529
706 800 29529
962 1204 29530
706 1219 29531
706 484 29532
1213 502 29533
725 1260 29534
704 1231 29535
1214 1236 29536
502 1189 29537
1214 1113 29538
368 1236 29539
1214 1236 29540
372 527 29541
263 317 29542
372 928 29543
509 364 29544
1214 1236 29545
367 1248 29546
1234 32 29547
1231 704 29548
994 893 29549
706 502 29550
1189 502 29551
1214 1236 29552
835 308 29553
605 557 29554
393 1111 29555
1260 725 29556
1236 487 29557
725 1260 29558
1231 367 29559
1260 719 29560
835 1189 29561
1248 367 29562
658 193 29563
1153 1236 29564
1236 1153 29565
367 1231 29566
372 1117 29567
1236 1153 29568
367 1248 29569
1117 372 29570
1189 835 29571
1185 545 29572
725 1260 29573
1153 1236 29574
398 72 29575
1248 367 29576
605 337 29577
569 128 29578
1181 569 29579
719 1260 29580
372 1117 29581
367 1248 29582
835 1189 29583
846 792 29584
605 62 29585
846 792 29586
1189 835 29587
1260 725 29588
372 928 29589
372 454 29590
317 263 29591
372 473 29592
1178 679 29593
128 542 29594
1260 719 29595
725 1260 29596
719 1260 29597
337 605 29598
101 118 29599
1184 1181 29600
1260 725 29601
1178 679 29602
1260 719 29602
1181 1184 29603
1246 249 29604
62 1224 29605
846 128 29606
62 605 29607
296 295 29608
719 1260 29609
1260 719 29610
719 1260 29611
809 1262 29612
1189 835 29613
1189 1255 29614
377 1117 29615
1260 725 29616
474 357 29617
1118 1231 29618
1118 1236 29619
681 1118 29620
1118 681 29621
1190 32 29622
325 1260 29623
859 357 29624
681 1118 29625
719 1260 29626
1195 1167 29627
398 313 29628
1118 681 29629
97 407 29630
72 398 29631
539 713 29632
1231 1118 29633
1118 1231 29634
681 1118 29635
1263 713 29636
234 50 29637
285 1255 29638
1118 681 29639
72 679 29640
681 1118 29641
1118 681 29642
681 1118 29643
1118 681 29644
994 713 29645
681 1118 29646
615 1213 29647
1118 681 29648
681 1118 29649
1118 681 29650
377 415 29651
615 1103 29652
681 1118 29653
1118 681 29654
513 388 29655
513 590 29656
377 1185 29657
1118 681 29658
740 713 29659
994 1103 29660
50 596 29661
1246 99 29662
377 1185 29663
762 513 29664
212 678 29665
68 1214 29666
1066 713 29667
372 1246 29668
1158 1136 29669
372 713 29670
1158 297 29671
372 353 29672
1246 372 29673
1158 713 29674
994 513 29675
1158 713 29676
144 1185 29677
596 50 29678
144 834 29679
377 3 29680
994 97 29681
547 713 29682
97 994 29683
928 372 29684
1214 68 29685
68 1214 29686
377 144 29687
994 97 29688
1214 68 29689
1185 144 29690
1021 547 29691
377 615 29692
1189 713 29693
144 1185 29694
928 362 29695
547 1018 29696
994 536 29697
760 975 29698
547 1021 29699
794 1161 29699
372 928 29700
994 1054 29701
308 835 29702
204 615 29703
51 969 29704
204 1189 29705
928 372 29706
878 437 29707
928 964 29708
297 1158 29709
878 1255 29710
48 1136 29711
1189 437 29712
245 699 29713
298 687 29714
1189 204 29715
638 725 29716
1189 297 29717
950 353 29718
1189 482 29719
388 513 29720
323 367 29721
323 42 29722
323 42 29723
297 1189 29724
323 341 29725
341 323 29726
341 323 29727
323 341 29728
323 341 29729
323 341 29730
323 298 29731
341 323 29732
323 341 29733
341 323 29734
48 323 29735
323 341 29736
323 48 29737
341 323 29738
48 323 29739
323 341 29740
323 48 29741
405 388 29742
1240 536 29743
341 323 29744
323 341 29745
48 323 29746
323 48 29747
1195 103 29748
48 323 29749
341 323 29750
323 48 29751
1195 103 29752
323 341 29753
1196 834 29754
341 323 29755
1186 783 29756
1195 103 29757
323 341 29758
48 323 29759
454 1043 29760
341 323 29761
323 48 29762
1213 615 29763
323 341 29764
48 323 29765
323 48 29766
781 538 29767
341 323 29768
1018 547 29769
48 323 29770
1213 277 29771
1195 103 29772
547 1018 29773
245 1264 29774
1018 547 29775
1264 245 29776
245 1264 29777
323 341 29778
323 48 29779
547 1018 29780
781 307 29781
9 679 29782
9 1206 29783
341 323 29784
9 1196 29785
48 323 29786
323 341 29787
1093 341 29788
1093 341 29789
1093 950 29790
323 48 29791
341 323 29792
341 1093 29793
353 950 29794
323 341 29795
48 323 29796
323 48 29797
323 741 29798
341 323 29799
48 323 29800
741 323 29801
950 353 29802
323 341 29803
323 48 29804
323 741 29805
353 950 29806
341 323 29807
48 323 29808
323 341 29809
928 1265 29810
323 48 29811
950 353 29812
741 323 29813
48 323 29814
323 741 29815
950 1093 29816
323 48 29817
323 48 29818
42 323 29819
741 323 29820
323 42 29821
323 741 29822
48 323 29823
42 323 29824
323 48 29825
323 42 29826
741 323 29826
341 323 29827
323 741 29828
323 341 29829
48 323 29830
323 48 29831
741 323 29832
42 323 29833
341 323 29834
323 741 29835
323 42 29836
323 341 29837
741 323 29838
48 323 29839
42 323 29840
323 741 29841
323 48 29842
323 42 29843
341 323 29844
42 928 29845
741 323 29846
323 341 29847
48 323 29848
323 741 29849
42 323 29850
323 48 29851
341 323 29852
42 1266 29853
323 42 29854
687 298 29855
48 323 29856
323 341 29857
687 1056 29858
928 80 29859
323 48 29860
341 323 29861
48 323 29862
741 323 29863
323 341 29864
323 48 29865
323 741 29866
341 323 29867
42 323 29867
928 42 29868
323 341 29869
323 42 29870
741 323 29871
323 741 29872
341 323 29873
741 323 29874
48 323 29875
323 341 29876
323 741 29877
323 48 29878
48 323 29879
48 323 29880
323 48 29881
741 323 29882
323 48 29883
323 741 29884
341 323 29885
48 323 29886
48 323 29887
741 323 29888
323 341 29889
1267 323 29890
323 48 29891
323 741 29892
323 1267 29893
48 323 29894
1131 309 29895
323 48 29896
341 323 29897
741 323 29898
48 323 29899
1267 323 29900
323 341 29901
323 741 29902
323 48 29903
323 1267 29904
741 323 29905
323 741 29906
1267 323 29907
323 1267 29908
72 1039 29909
1267 323 29910
323 1267 29911
48 323 29912
741 323 29913
1267 323 29914
323 48 29915
48 323 29916
341 323 29917
323 741 29918
323 1267 29919
323 341 29920
323 1267 29921
341 323 29922
1267 323 29923
741 323 29924
204 1189 29925
350 447 29926
617 704 29927
679 72 29928
964 928 29929
41 1255 29930
32 1190 29931
277 1213 29932
1178 1158 29933
233 193 29934
70 1113 29935
342 1268 29936
594 840 29937
342 1268 29938
342 1268 29939
342 1268 29940
342 1268 29941
342 1268 29942
1127 322 29943
1127 641 29944
1113 70 29945
1127 1269 29946
342 1268 29947
1268 342 29948
1136 48 29949
1136 1158 29950
1136 1270 29951
1271 1 29952
342 1268 29953
1127 536 29954
999 713 29955
999 297 29956
80 928 29957
415 329 29958
797 1268 29959
1127 1137 29960
588 1185 29961
9 679 29962
621 48 29963
309 1131 29964
415 142 29965
415 12 29966
415 1121 29967
415 329 29968
415 997 29969
1272 887 29970
958 704 29971
1127 2 29972
1272 265 29973
966 1248 29974
770 44 29975
958 959 29976
527 372 29977
958 621 29978
1248 966 29979
799 32 29980
1042 713 29981
1042 1056 29982
70 1113 29983
470 288 29984
1042 12 29985
1042 145 29986
779 809 29987
1042 34 29988
525 1246 29989
32 799 29990
1255 285 29991
1255 878 29992
1255 41 29993
799 32 29994
32 799 29995
431 727 29996
799 32 29997
278 1215 29998
431 617 29999
498 639 30000
963 393 30001
1248 80 30002
834 1196 30003
621 958 30004
72 679 30005
42 1270 30006
725 638 30007
736 617 30008
1113 70 30009
53 1272 30010
725 1260 30011
127 697 30012
627 431 30013
32 220 30014
713 1158 30015
713 1158 30016
713 372 30017
1246 525 30018
1270 1136 30019
431 627 30020
32 638 30021
1273 1274 30022
525 1246 30023
1142 990 30024
627 431 30025
36 770 30026
1195 1167 30027
288 470 30028
372 527 30029
372 713 30030
1273 475 30031
475 1273 30032
542 495 30033
372 1244 30034
542 128 30035
63 797 30036
542 314 30037
1244 1275 30038
1246 525 30039
462 675 30040
1043 454 30041
1033 437 30042
525 1246 30043
278 1248 30044
1248 278 30045
114 770 30046
542 1216 30047
105 475 30048
278 1248 30049
1211 1033 30050
1131 309 30051
1211 1163 30052
1211 32 30053
823 149 30054
1259 1236 30055
823 1185 30056
823 41 30057
1248 278 30058
105 288 30059
823 1211 30060
288 105 30061
278 1248 30062
105 288 30063
32 1211 30064
288 105 30065
425 765 30066
105 701 30067
475 105 30068
105 288 30069
105 475 30070
425 753 30071
487 1236 30072
105 1276 30073
105 1276 30074
288 105 30075
105 1181 30076
823 615 30077
105 288 30078
105 569 30079
288 105 30080
606 821 30081
569 105 30082
105 288 30083
823 1139 30084
42 620 30085
42 142 30086
288 105 30087
105 569 30088
142 415 30089
105 288 30090
350 617 30091
770 36 30092
105 638 30093
569 105 30093
105 569 30094
998 823 30095
142 1260 30096
822 679 30097
142 42 30098
823 998 30099
454 1043 30100
105 42 30101
823 308 30102
105 323 30103
105 307 30104
142 713 30105
569 105 30105
475 105 30106
105 569 30107
105 475 30108
105 569 30109
770 114 30110
105 606 30111
252 350 30112
142 1277 30113
569 105 30114
105 964 30115
606 105 30116
105 569 30117
105 606 30118
606 105 30119
606 105 30120
569 105 30121
105 606 30122
105 606 30123
1248 346 30124
105 569 30125
964 105 30126
569 105 30127
105 964 30128
105 569 30129
105 964 30130
964 105 30131
569 105 30132
105 964 30133
105 569 30134
569 105 30135
617 350 30136
105 569 30137
463 252 30138
463 687 30139
1213 277 30140
463 1010 30141
569 105 30142
899 586 30143
70 1113 30144
463 339 30145
105 463 30146
105 569 30147
569 105 30148
463 105 30149
1036 713 30150
725 835 30151
105 569 30152
924 1158 30152
105 463 30153
105 463 30154
32 105 30155
463 105 30156
339 463 30157
105 463 30158
105 463 30159
615 204 30160
615 1213 30161
32 105 30162
32 1234 30163
615 823 30164
487 3 30165
105 463 30166
105 463 30167
32 349 30168
105 32 30169
199 1244 30170
105 621 30171
32 105 30172
3 487 30173
105 32 30174
621 105 30175
105 621 30176
32 105 30177
34 282 30178
298 687 30179
823 615 30180
105 32 30181
298 323 30182
105 155 30183
142 257 30184
1062 9 30185
32 105 30186
1062 42 30187
105 32 30188
377 415 30188
377 615 30189
42 1062 30190
704 617 30191
859 431 30192
859 547 30193
536 1236 30194
318 802 30195
536 994 30196
536 1127 30197
644 144 30198
1260 142 30199
1260 719 30200
105 697 30201
969 51 30202
644 1251 30203
644 1251 30204
144 644 30205
323 298 30206
32 1127 30207
644 144 30208
144 644 30209
32 1260 30210
357 474 30211
617 704 30212
644 144 30213
144 644 30214
1260 32 30215
644 144 30216
144 644 30217
644 144 30218
144 644 30219
644 1099 30220
644 1099 30221
357 605 30222
644 144 30223
144 644 30224
144 644 30225
644 144 30226
144 644 30227
644 144 30228
257 142 30229
899 105 30230
144 644 30231
899 644 30232
1 1271 30233
144 1278 30234
899 644 30235
644 144 30236
249 713 30237
899 629 30238
1248 1279 30239
1248 1279 30240
249 1260 30241
899 644 30242
144 644 30243
249 1117 30244
644 899 30245
644 144 30246
144 644 30247
144 921 30248
644 144 30249
249 1117 30250
644 1234 30251
629 899 30252
144 644 30253
63 60 30254
1103 309 30255
644 144 30256
72 883 30257
144 644 30258
644 1279 30259
1185 463 30260
249 1103 30261
415 1260 30262
48 621 30263
105 899 30264
431 605 30265
32 1260 30266
309 1103 30267
1189 835 30268
431 605 30269
1189 1103 30270
1260 32 30271
431 605 30272
32 1260 30273
1260 32 30274
32 1260 30275
1103 1189 30276
1189 1103 30277
1103 309 30278
1103 1189 30279
1189 1103 30280
835 1189 30281
308 823 30282
834 621 30283
327 1255 30284
377 755 30285
1260 32 30286
357 379 30287
1234 644 30288
327 1103 30289
1103 1189 30290
327 463 30291
704 958 30292
1189 1103 30293
654 1248 30294
704 1280 30295
809 779 30295
9 1062 30296
9 1132 30297
1260 1042 30298
704 1255 30299
1260 505 30300
596 654 30301
704 1244 30302
9 1280 30303
9 1279 30304
9 1261 30305
654 596 30306
297 999 30307
357 474 30308
878 1255 30309
357 474 30310
32 1260 30311
357 474 30312
1280 1244 30313
50 234 30314
1280 704 30315
542 1069 30316
357 474 30317
60 63 30318
770 1280 30319
1281 644 30320
1281 60 30321
1281 60 30322
509 815 30323
357 72 30324
509 758 30325
711 1034 30326
1043 454 30327
357 72 30328
357 72 30329
687 298 30330
1280 1210 30331
701 105 30332
615 823 30333
1034 711 30334
711 1034 30335
448 823 30336
393 963 30337
1282 221 30338
1034 711 30339
749 713 30340
1034 711 30341
711 1034 30342
1281 1283 30343
1113 70 30344
1256 615 30345
615 1256 30346
711 1034 30347
1281 950 30348
1034 711 30349
220 32 30350
474 640 30351
711 1034 30352
800 964 30353
209 1255 30354
640 474 30355
1034 711 30356
474 640 30357
711 1034 30358
810 708 30359
224 701 30360
1034 711 30361
711 1034 30362
1034 711 30363
44 1189 30364
711 1034 30365
605 272 30366
474 749 30367
1227 1117 30368
1034 711 30369
1034 711 30370
1181 105 30371
711 1034 30372
234 50 30373
1253 586 30374
1253 72 30375
1034 711 30376
72 1253 30377
644 1281 30378
72 1253 30379
640 1253 30380
1253 72 30381
711 1034 30382
1253 640 30383
220 224 30384
1034 711 30385
640 1253 30386
644 654 30387
654 644 30388
640 712 30389
586 1253 30390
725 835 30391
644 654 30392
770 1280 30393
654 644 30394
725 1260 30395
899 1185 30396
899 1189 30397
1253 640 30398
63 60 30399
1253 586 30400
1196 834 30401
1253 1284 30402
48 152 30403
152 48 30404
1285 912 30405
3 555 30406
48 152 30407
285 1255 30408
152 48 30409
145 1042 30410
145 994 30411
853 514 30412
72 1253 30413
1253 605 30414
1253 605 30415
1286 48 30416
48 152 30417
1253 72 30418
1286 48 30419
152 48 30420
938 67 30421
72 1253 30422
48 152 30423
12 415 30424
12 527 30425
12 128 30426
12 175 30427
1186 1056 30428
475 468 30429
346 1248 30430
220 224 30431
1284 1253 30432
323 298 30433
586 1253 30434
714 1284 30435
1127 152 30436
1127 1284 30437
41 1255 30438
41 823 30439
590 638 30440
1284 1127 30441
1284 714 30442
323 367 30443
621 48 30444
621 834 30445
249 1260 30446
621 105 30447
249 358 30448
1158 924 30449
1158 924 30450
621 772 30451
621 719 30452
42 704 30453
924 1158 30454
249 547 30455
704 42 30456
924 1158 30457
42 474 30458
525 1246 30459
999 297 30460
1246 525 30461
1234 227 30462
425 1103 30463
1246 645 30464
1127 1284 30465
1246 525 30466
1246 525 30467
42 474 30468
42 1280 30469
42 323 30470
42 474 30471
1246 525 30472
1206 1093 30473
42 502 30474
323 42 30475
42 474 30476
1280 511 30477
1136 1158 30478
1136 1158 30479
502 42 30480
42 474 30481
1189 204 30482
42 502 30483
1189 502 30484
502 42 30485
42 502 30486
502 1189 30487
346 1284 30488
277 1186 30489
323 42 30490
1280 1287 30491
1287 1280 30492
42 474 30493
600 1189 30494
42 644 30495
1246 652 30496
474 42 30497
749 474 30498
600 42 30499
42 474 30500
474 749 30501
527 923 30502
749 474 30503
42 242 30504
474 749 30505
1127 298 30506
1189 502 30507
42 831 30508
1281 644 30509
1281 699 30510
686 950 30511
42 194 30512
1281 308 30513
41 502 30514
1127 219 30515
42 573 30516
1253 468 30517
193 658 30518
1253 50 30519
1288 42 30520
42 831 30521
1253 1287 30522
386 422 30523
1127 802 30524
114 770 30525
1127 474 30526
42 1050 30527
281 1280 30528
687 1283 30529
781 1280 30530
781 1287 30531
538 781 30532
357 1253 30533
6 212 30534
781 538 30535
1253 781 30536
781 1253 30537
454 1043 30538
1127 194 30539
357 1253 30540
1253 781 30541
1127 840 30542
781 281 30543
1280 781 30544
1280 281 30545
700 605 30546
700 704 30547
357 1253 30548
712 640 30549
281 1280 30550
281 781 30551
1253 357 30552
357 758 30553
758 509 30554
357 758 30555
1281 291 30556
357 1253 30557
199 1051 30558
474 1014 30559
357 758 30560
12 527 30561
357 758 30562
646 474 30563
212 1289 30564
357 1253 30565
212 6 30566
357 758 30567
1042 1260 30568
681 617 30569
6 212 30570
357 758 30571
212 6 30572
753 425 30573
6 212 30574
1290 617 30575
357 598 30576
357 758 30577
357 758 30578
681 212 30579
6 212 30580
212 6 30581
646 758 30582
357 758 30583
681 617 30584
646 758 30585
681 212 30586
12 617 30587
12 605 30588
681 758 30589
1290 605 30590
1290 617 30591
42 831 30592
681 212 30593
646 758 30594
12 605 30595
681 758 30596
1237 199 30597
12 599 30598
220 346 30599
681 758 30600
646 758 30601
1290 605 30602
12 758 30603
12 605 30604
681 758 30605
12 598 30606
431 605 30607
199 1237 30608
357 843 30609
9 1280 30610
9 1196 30611
357 1291 30612
9 477 30613
12 605 30614
9 1206 30615
219 1127 30616
32 1260 30617
1281 1291 30618
12 605 30619
84 598 30620
681 758 30621
220 346 30622
681 617 30623
12 605 30624
357 528 30625
357 792 30626
1280 281 30627
810 626 30628
357 1142 30629
357 792 30630
1052 1260 30631
810 626 30632
357 792 30633
810 626 30634
12 605 30635
357 792 30636
152 1127 30637
810 626 30638
357 1142 30639
1033 1211 30640
152 1158 30641
12 605 30642
357 792 30643
323 753 30644
1236 487 30645
509 758 30646
1236 487 30647
357 792 30648
12 605 30649
357 1291 30649
357 792 30650
474 1187 30651
758 509 30652
908 263 30653
1033 1292 30654
9 1280 30655
1127 219 30656
1127 152 30657
1043 454 30658
398 1291 30659
1214 933 30660
1291 398 30661
398 1291 30662
1291 398 30663
398 1291 30664
1291 398 30665
1281 308 30666
12 599 30667
498 1293 30668
1281 950 30669
281 1280 30669
1281 308 30670
1227 1237 30671
1127 1291 30672
1281 950 30673
1281 308 30674
810 626 30675
966 1248 30676
1127 1291 30677
1291 1127 30678
152 1127 30679
1127 1291 30680
1281 308 30681
1281 308 30682
1117 1227 30683
733 626 30684
733 626 30685
1216 542 30686
733 1291 30687
1291 1127 30688
733 626 30689
12 389 30690
733 1291 30691
1117 1227 30692
1281 308 30693
1117 1227 30694
542 1216 30695
733 626 30696
12 840 30697
733 654 30698
1056 1186 30699
1281 308 30700
454 1043 30701
1056 252 30702
1117 1227 30703
12 599 30704
733 454 30705
525 19 30706
32 626 30707
12 599 30708
733 454 30709
525 19 30710
1281 308 30711
733 454 30712
87 1260 30713
323 298 30714
323 298 30715
605 462 30716
1281 308 30717
733 1208 30718
298 1127 30719
323 298 30720
1185 899 30721
733 454 30722
733 1056 30723
1281 950 30724
733 1231 30725
1185 588 30726
733 1231 30727
733 1231 30728
1185 144 30729
525 19 30730
733 1231 30731
1185 302 30732
739 317 30733
303 298 30734
733 1231 30735
306 408 30736
733 1231 30737
482 1294 30738
1260 725 30739
525 19 30740
733 1231 30741
1260 1042 30742
323 298 30743
923 527 30744
733 1231 30745
323 308 30746
176 561 30747
615 1185 30748
615 1042 30749
1113 1294 30750
1236 1185 30751
1255 704 30752
1255 878 30753
1255 209 30754
1236 103 30755
309 1103 30756
1260 87 30757
1113 1216 30758
733 1231 30758
686 950 30759
1113 1255 30760
1255 285 30761
1255 41 30762
923 527 30763
1113 1255 30764
681 758 30765
1113 1255 30766
1236 1005 30767
1236 103 30768
1185 823 30769
733 1231 30770
1236 1227 30771
1158 924 30772
1158 924 30773
1236 1224 30774
525 103 30775
1113 1255 30776
1236 1227 30777
1236 1227 30778
103 525 30779
733 1231 30780
525 103 30781
1158 152 30782
525 103 30783
733 1231 30784
1236 1005 30785
878 1255 30786
475 468 30787
1158 152 30788
1236 1227 30789
733 1231 30790
1236 1224 30791
525 103 30792
733 1231 30793
1236 103 30794
666 1276 30795
733 1231 30796
1236 103 30797
1158 840 30798
733 1231 30798
302 749 30799
733 1231 30800
733 1231 30801
1236 1217 30802
1043 454 30803
733 1231 30804
103 525 30805
834 1196 30806
525 103 30807
733 454 30808
454 1043 30809
1281 1173 30810
1236 1224 30811
834 621 30812
323 298 30813
525 103 30814
1236 1005 30815
1281 950 30816
733 302 30816
1189 1260 30817
834 1234 30818
1236 282 30819
349 32 30819
733 1231 30819
733 454 30820
733 302 30821
733 302 30822
1189 689 30823
525 103 30824
1043 454 30825
733 1231 30826
323 758 30827
103 525 30828
1224 483 30829
1105 199 30830
733 1231 30831
1189 475 30832
1189 598 30833
733 302 30834
323 298 30835
1189 882 30836
733 1231 30837
733 302 30838
1236 1224 30839
733 302 30840
1255 878 30841
454 1043 30842
733 1231 30843
323 308 30844
323 308 30845
282 109 30846
468 475 30847
323 308 30848
475 1189 30849
475 468 30850
878 1255 30851
733 1231 30852
1105 475 30853
733 1255 30854
954 652 30855
475 1105 30856
954 103 30857
1224 536 30858
760 590 30859
1043 454 30860
834 1234 30861
1234 834 30862
733 1231 30863
1255 878 30864
1105 475 30865
282 34 30866
297 999 30867
878 1255 30868
704 1295 30869
323 308 30870
193 233 30871
1255 878 30872
475 1105 30873
704 1296 30874
878 1255 30875
792 1297 30876
964 1202 30877
834 1234 30878
704 1298 30879
379 32 30880
199 1105 30881
1105 475 30882
1105 199 30883
546 454 30884
19 1299 30885
733 1231 30886
199 1105 30887
1178 1189 30888
1113 1255 30889
686 950 30890
199 1183 30891
272 654 30892
1105 199 30893
272 468 30894
733 1231 30895
272 605 30896
733 1231 30896
733 1255 30897
1255 878 30898
199 1105 30899
1113 1255 30900
686 234 30901
878 1255 30901
1113 1255 30902
638 590 30903
733 1231 30904
1189 475 30905
733 1255 30906
323 298 30907
323 298 30908
1183 234 30909
1255 878 30910
1183 234 30911
1183 234 30912
733 1231 30913
733 475 30914
323 298 30915
199 1234 30916
1161 794 30917
323 298 30918
142 1260 30919
483 1189 30920
733 1231 30921
483 1224 30922
555 590 30923
733 1231 30924
555 440 30925
323 298 30926
1136 739 30927
733 1231 30928
323 298 30929
1284 346 30930
733 475 30931
1136 1158 30932
193 1299 30933
1224 483 30934
475 1105 30935
1105 475 30936
323 298 30937
733 475 30938
878 1255 30939
1113 1255 30940
483 199 30941
878 848 30942
483 1224 30943
527 923 30944
1105 475 30945
323 298 30946
323 298 30947
483 199 30948
475 1105 30949
475 1105 30950
950 686 30951
483 199 30952
638 1300 30953
1105 475 30954
733 475 30955
252 1056 30956
1286 1231 30957
281 263 30958
263 281 30959
475 1105 30960
254 1260 30961
1105 475 30962
1286 1231 30963
638 254 30964
654 272 30965
475 1105 30966
72 1253 30967
733 475 30968
1260 254 30969
281 263 30970
1105 475 30971
254 1260 30972
323 298 30973
272 654 30974
1260 254 30975
638 254 30976
654 272 30977
654 272 30978
254 1260 30979
1105 475 30980
546 638 30981
281 263 30982
638 1300 30983
638 546 30984
1260 254 30985
475 1105 30986
1300 638 30987
475 1105 30988
638 1300 30989
323 298 30990
323 298 30991
546 638 30992
1300 638 30993
733 475 30994
733 475 30995
638 546 30996
1105 475 30997
733 475 30998
778 974 30999
835 725 31000
323 298 31001
778 638 31002
638 778 31003
254 1260 31004
271 194 31005
323 298 31006
792 841 31007
1227 333 31008
1260 254 31009
475 1105 31010
323 298 31011
254 1260 31012
1281 950 31013
1105 475 31014
323 298 31015
323 298 31016
475 1105 31017
990 1142 31018
1260 254 31019
323 298 31020
1227 32 31021
254 1260 31022
323 298 31023
1105 475 31024
323 298 31025
475 1105 31026
1105 475 31027
1038 638 31028
263 281 31029
1105 475 31030
323 298 31031
392 321 31032
778 438 31033
1105 475 31034
323 298 31035
475 1105 31036
778 540 31037
323 298 31038
1105 475 31039
323 298 31040
323 298 31041
475 1105 31042
323 298 31043
585 495 31044
323 298 31045
1105 475 31046
323 298 31047
475 1105 31048
323 298 31049
323 298 31050
1105 475 31051
475 1105 31052
249 1260 31053
1231 704 31054
323 298 31055
323 298 31056
1105 475 31057
1105 475 31058
475 1105 31059
323 298 31060
475 1105 31061
392 72 31062
1105 475 31063
323 298 31064
475 1105 31065
1264 1283 31066
323 367 31067
1105 475 31068
475 1105 31069
321 392 31070
1105 475 31071
321 212 31072
1105 475 31073
72 392 31074
1281 950 31075
701 1051 31076
475 1105 31077
1051 701 31078
1181 325 31079
1295 704 31080
323 741 31081
701 1051 31082
741 323 31083
475 468 31084
1105 475 31085
475 1105 31086
323 741 31087
1227 1018 31088
475 1105 31088
325 1181 31089
1105 475 31090
741 323 31091
1297 1301 31092
323 741 31093
1158 1136 31094
741 323 31095
741 1280 31096
1183 42 31097
1248 654 31098
48 621 31099
1281 701 31100
1281 1248 31101
1281 1248 31102
377 1283 31103
1281 1173 31104
1281 1173 31105
1281 1173 31106
609 638 31107
809 779 31108
50 1253 31109
781 281 31110
1280 741 31111
1280 281 31112
1196 834 31113
1291 1295 31114
1281 1173 31115
912 1285 31116
269 1045 31117
269 90 31118
1058 1142 31119
1058 1142 31120
1058 1142 31121
473 372 31122
41 1255 31123
994 1298 31124
576 1167 31125
233 193 31126
679 393 31127
994 639 31128
32 349 31129
32 379 31130
32 1227 31131
1181 325 31132
994 315 31133
638 609 31134
700 605 31135
700 704 31136
994 1284 31137
277 778 31138
1126 994 31139
1042 1260 31140
1042 615 31141
834 1196 31142
810 576 31143
994 536 31144
561 176 31145
713 325 31146
509 758 31147
198 1302 31148
713 666 31149
713 1127 31150
713 1185 31151
713 1158 31152
713 919 31153
281 1280 31154
281 781 31155
281 263 31156
713 1036 31157
1185 199 31158
713 1263 31159
701 997 31160
713 1241 31161
701 1185 31162
713 950 31163
713 762 31164
997 701 31165
997 415 31166
1234 834 31167
686 950 31168
701 997 31169
701 341 31170
1185 1227 31171
1234 199 31172
758 509 31173
1185 701 31174
1284 994 31175
394 42 31176
997 701 31177
12 997 31178
834 1234 31179
152 1158 31180
103 1302 31181
194 271 31182
30 1176 31183
1014 30 31184
704 1231 31185
704 1295 31186
103 1244 31187
30 1014 31188
1014 30 31189
30 1014 31190
1014 30 31191
193 523 31192
569 194 31193
193 233 31194
1190 254 31195
95 63 31196
903 1297 31197
683 758 31198
95 712 31199
1246 963 31200
1246 963 31201
95 154 31202
199 1185 31203
199 1234 31204
547 713 31205
859 318 31206
9 683 31207
1303 598 31208
95 1246 31209
590 555 31210
1234 199 31211
1246 95 31212
958 621 31213
199 1234 31214
1246 547 31215
758 683 31216
547 1246 31217
36 1281 31218
12 997 31219
249 1304 31220
249 1295 31221
536 994 31222
958 704 31223
483 1224 31224
699 1264 31225
616 306 31226
701 997 31227
701 1185 31228
1114 1188 31229
701 1021 31230
1185 199 31231
859 95 31232
1185 701 31233
1253 357 31234
1246 95 31235
1253 72 31236
781 281 31237
1246 547 31238
1253 50 31239
781 1244 31240
859 95 31241
220 346 31242
1253 1173 31243
1246 95 31244
704 958 31245
220 346 31246
666 713 31247
1137 1127 31248
683 758 31249
654 1248 31250
209 1255 31251
209 242 31252
26 404 31253
415 997 31254
63 95 31255
1253 644 31256
1231 704 31257
701 372 31258
701 224 31259
1248 654 31260
1260 1042 31261
281 781 31262
1280 281 31263
928 41 31264
681 590 31265
249 358 31266
1069 542 31267
781 281 31268
105 701 31269
105 1181 31270
997 701 31271
341 701 31272
105 697 31273
105 621 31274
105 1021 31275
963 1246 31276
1003 1199 31277
1246 105 31278
103 1231 31279
1190 254 31280
1246 963 31281
1246 105 31282
1190 1062 31283
1190 551 31284
701 105 31285
1190 42 31286
257 1214 31287
257 142 31288
105 701 31289
701 105 31290
1246 963 31291
462 1299 31292
462 605 31293
1207 19 31294
398 1291 31295
1246 963 31296
42 1224 31297
760 590 31298
802 318 31299
42 483 31300
227 1234 31301
42 1224 31302
1185 1019 31303
1231 103 31304
1279 644 31305
42 1224 31306
1190 254 31307
1189 389 31308
1190 42 31309
1287 781 31310
1287 1253 31311
42 1224 31312
1234 227 31313
1113 1207 31314
980 544 31315
42 1224 31316
103 1231 31317
536 1224 31318
1224 536 31319
1231 103 31320
103 1231 31321
468 475 31322
1231 103 31323
103 1231 31324
704 1231 31325
1231 704 31326
1207 1080 31327
704 1231 31328
285 1255 31329
547 1260 31330
547 63 31331
681 1185 31332
547 1260 31333
950 1281 31334
1100 1248 31335
42 1224 31336
1224 42 31337
1248 1100 31338
1100 1248 31339
454 1043 31340
281 1280 31341
415 1231 31342
1297 903 31343
704 1302 31344
933 1214 31345
323 298 31346
323 298 31347
323 741 31348
298 687 31349
323 298 31350
72 1253 31351
1214 933 31352
815 1305 31353
323 298 31354
323 298 31355
1173 654 31356
42 72 31357
42 1302 31358
1281 950 31359
1306 704 31359
323 298 31360
42 1307 31361
323 298 31362
42 1308 31363
1306 990 31364
323 298 31365
323 298 31366
1042 1260 31367
1036 713 31368
42 63 31369
1113 990 31370
644 1253 31371
644 1279 31372
42 1309 31373
1113 1214 31374
536 1224 31375
621 958 31376
1255 41 31377
1255 209 31378
103 799 31379
1224 536 31380
621 48 31381
257 1178 31382
409 687 31383
523 724 31384
69 1296 31385
621 105 31386
356 1255 31387
1302 704 31388
1302 103 31389
1302 198 31390
704 1302 31391
103 1302 31392
257 1178 31393
257 1178 31394
423 815 31395
1260 1042 31396
1227 1185 31397
257 1178 31398
815 423 31399
1042 1260 31400
257 1178 31401
423 815 31402
1260 1042 31403
423 536 31404
815 423 31405
257 1178 31406
257 1178 31407
409 1032 31408
257 1178 31409
474 1310 31410
1042 1260 31411
398 771 31411
63 41 31412
1189 899 31413
474 356 31414
398 771 31415
63 1310 31416
1087 1270 31417
1310 474 31418
356 474 31419
1087 1284 31420
1310 63 31421
1 1271 31422
1260 1042 31423
63 1310 31424
3 176 31425
398 465 31426
465 398 31427
3 323 31428
1246 963 31429
1042 1260 31430
398 465 31431
465 398 31432
398 465 31433
474 356 31434
1260 1042 31435
465 398 31435
398 465 31436
474 1310 31437
1042 1260 31438
1260 1042 31439
834 1246 31440
1042 1260 31441
713 1158 31442
1246 834 31443
1260 1042 31444
257 719 31445
1042 1260 31446
1260 32 31447
725 1260 31448
1260 1042 31449
719 1260 31450
719 931 31451
719 931 31452
257 719 31453
1042 1260 31454
1260 719 31455
1260 719 31456
1311 713 31457
1260 1042 31458
41 1255 31459
41 63 31460
242 209 31461
1042 1260 31462
605 272 31463
242 454 31464
1118 994 31465
1260 1042 31466
605 462 31467
1042 1260 31468
1142 990 31469
1260 1042 31469
719 1260 31470
1042 1260 31471
1260 719 31472
1286 704 31473
1260 1042 31474
719 1260 31475
1042 1260 31476
257 719 31477
1260 1042 31478
1118 1103 31479
1042 1260 31480
712 95 31481
1260 1042 31482
67 1302 31483
67 1296 31484
67 697 31485
233 193 31486
1042 1260 31487
1042 1260 31488
1241 713 31489
1260 1042 31490
678 212 31491
1042 1260 31492
32 1260 31493
678 1302 31494
1302 678 31495
678 1302 31496
194 1279 31497
67 1302 31498
1260 1042 31499
67 697 31500
679 954 31501
1260 32 31502
1042 1260 31503
679 465 31504
67 32 31505
1042 1260 31506
1260 1042 31507
1126 1302 31508
1260 1042 31509
1260 1042 31510
32 1260 31511
1260 32 31512
1260 1042 31513
1302 678 31514
1042 1260 31515
1042 1260 31516
678 1302 31517
32 1260 31518
1302 678 31519
1042 1260 31520
1042 1260 31521
1118 644 31522
1312 1091 31523
1260 1042 31524
1260 32 31525
67 697 31526
1260 1042 31527
1260 1042 31528
983 985 31529
1043 454 31530
1118 644 31531
1042 1260 31532
398 725 31533
1042 1260 31534
32 1260 31535
687 298 31536
1042 1260 31537
1312 1313 31538
1042 1260 31539
72 1253 31540
103 954 31541
44 1271 31542
1310 474 31543
1260 32 31544
1215 398 31545
103 954 31546
1215 398 31547
103 1313 31548
103 853 31549
1215 103 31550
974 778 31551
1215 103 31552
1126 103 31553
1126 103 31554
474 1310 31555
398 834 31556
1126 103 31557
483 1189 31558
1126 103 31559
329 415 31560
1215 103 31561
1215 398 31562
398 1260 31563
1279 194 31564
797 63 31565
1253 1287 31566
1260 398 31567
398 1260 31568
398 1260 31569
1253 644 31570
1253 72 31571
1260 398 31572
41 713 31573
563 654 31574
398 1260 31575
103 1302 31576
103 1130 31577
142 329 31577
697 912 31578
142 144 31579
697 782 31580
103 1216 31581
1260 398 31582
697 719 31583
1118 341 31584
103 1078 31585
1215 398 31585
1215 103 31586
398 1260 31587
103 954 31588
1302 103 31589
103 1302 31590
598 357 31591
598 1071 31592
199 848 31593
103 1302 31594
598 704 31595
719 697 31596
128 242 31597
912 697 31598
342 142 31599
799 103 31600
704 598 31601
644 1253 31602
697 719 31603
697 912 31604
719 697 31605
697 719 31606
342 815 31607
654 1173 31608
103 617 31609
919 644 31610
644 919 31611
644 919 31612
53 646 31613
1215 398 31614
53 1314 31615
1215 103 31616
1215 398 31617
242 128 31618
95 63 31619
782 697 31620
32 1260 31621
1298 704 31622
1272 302 31623
1298 994 31624
782 721 31625
342 142 31626
1268 1313 31627
697 782 31628
912 697 31629
781 408 31630
697 912 31631
128 242 31632
912 697 31633
462 605 31634
142 997 31635
323 298 31636
782 697 31637
142 1121 31638
242 128 31639
128 242 31640
704 1298 31641
1298 704 31642
462 638 31643
1195 103 31644
704 1298 31645
242 128 31646
638 462 31647
1118 1034 31648
142 415 31649
1302 1315 31650
801 1246 31651
1315 1302 31652
1313 103 31653
323 1297 31654
1298 704 31655
462 638 31656
32 358 31657
1312 1313 31658
63 797 31659
969 1189 31660
63 95 31661
323 1297 31662
323 298 31663
638 462 31664
323 298 31665
193 63 31666
462 638 31667
309 80 31668
1189 969 31669
249 358 31670
249 1304 31671
502 41 31672
128 242 31673
323 298 31674
503 41 31675
249 1231 31676
503 103 31677
503 74 31678
193 233 31679
323 298 31680
1272 441 31681
638 462 31682
1312 1313 31683
103 1313 31684
1261 725 31685
323 298 31686
462 638 31687
323 298 31688
503 739 31689
323 298 31690
800 1256 31691
503 103 31692
503 398 31693
969 1189 31694
323 298 31695
1236 1185 31696
1189 969 31697
323 1297 31698
323 298 31699
323 298 31700
547 1260 31701
323 1297 31702
503 103 31703
503 103 31704
503 398 31705
254 358 31706
323 298 31707
283 1284 31708
323 1297 31709
1195 103 31710
323 298 31711
586 194 31712
323 1297 31713
990 1142 31714
871 502 31715
323 298 31716
871 502 31717
323 1297 31718
1195 103 31719
194 586 31720
323 298 31721
323 298 31722
871 502 31723
323 1297 31724
503 103 31725
323 298 31726
503 1316 31727
323 298 31728
308 739 31729
249 1304 31730
323 1297 31731
871 1302 31732
1195 103 31733
503 103 31734
323 298 31735
1313 103 31736
103 1313 31737
503 1316 31738
1246 719 31739
323 1297 31740
323 298 31741
1195 103 31742
503 103 31743
1316 1039 31744
323 298 31745
503 1316 31746
1076 1082 31747
323 298 31748
323 1297 31749
503 103 31750
733 1244 31751
323 298 31752
257 142 31753
323 758 31754
679 465 31755
503 103 31756
323 298 31757
323 1297 31758
871 926 31759
323 298 31760
733 638 31761
323 758 31762
48 621 31763
175 224 31764
323 298 31765
697 782 31766
697 782 31767
733 175 31768
697 912 31769
323 758 31770
323 1297 31771
1255 356 31772
1255 41 31773
323 298 31774
323 298 31775
323 758 31776
323 1297 31777
733 475 31778
323 1297 31779
782 697 31780
323 1297 31781
733 475 31782
323 1297 31783
596 1284 31784
323 298 31785
323 1297 31786
323 1297 31787
257 615 31788
871 1026 31789
733 475 31790
733 713 31791
323 758 31792
281 358 31793
257 615 31794
323 1297 31794
1231 557 31795
733 713 31796
810 1021 31797
557 1231 31798
105 621 31799
323 1297 31800
1231 557 31801
91 1237 31802
105 1181 31803
557 1231 31804
1231 557 31805
323 1297 31806
557 1231 31806
1236 1189 31807
1231 557 31808
323 1297 31809
557 1231 31810
912 697 31811
1231 557 31812
338 1302 31813
557 1231 31814
675 462 31815
323 1297 31816
477 1271 31817
1231 557 31818
477 526 31819
675 462 31820
323 1297 31821
815 950 31822
194 353 31823
557 1231 31824
90 269 31825
323 1297 31826
1136 739 31827
353 194 31828
1231 557 31829
353 194 31830
598 560 31831
353 392 31832
560 598 31833
323 1297 31834
109 282 31835
323 1297 31836
706 484 31837
323 1297 31838
1004 194 31839
323 1297 31840
596 605 31841
596 782 31842
323 1297 31843
298 573 31844
573 298 31845
298 573 31846
725 1260 31847
573 298 31848
782 596 31849
454 242 31850
454 1043 31851
298 573 31852
323 1297 31853
60 1173 31854
212 678 31855
1274 1273 31856
1264 699 31857
1317 1318 31858
950 815 31859
596 782 31860
1319 224 31861
792 1185 31862
1103 425 31863
1043 454 31864
392 321 31865
392 72 31866
392 353 31867
323 341 31868
1280 281 31869
1087 1284 31870
1320 952 31871
353 392 31872
1087 1132 31873
198 1302 31874
281 1280 31875
392 353 31876
1118 1103 31877
792 841 31878
1280 281 31879
281 1280 31880
198 1321 31881
1280 281 31882
392 1315 31883
72 1253 31884
72 392 31885
912 375 31886
392 72 31887
281 1280 31888
586 1316 31889
1246 834 31890
72 392 31891
323 281 31892
1246 963 31893
1246 801 31894
323 281 31895
323 281 31896
1280 281 31897
323 281 31898
392 72 31899
1284 596 31900
871 392 31901
57 596 31902
871 1103 31903
1315 392 31904
72 392 31905
871 392 31906
793 1230 31907
1190 254 31908
792 841 31909
871 1260 31910
871 969 31911
871 969 31912
871 969 31913
1190 50 31914
704 1322 31915
871 969 31916
871 969 31917
871 969 31918
871 978 31919
1 1271 31920
392 1315 31921
644 719 31922
392 72 31923
544 1273 31924
1274 840 31925
1317 1244 31926
1244 1317 31927
277 644 31928
704 596 31929
498 823 31930
938 1323 31931
422 1041 31932
1323 938 31933
1041 422 31934
422 1041 31935
422 386 31936
1041 422 31937
422 1041 31938
1246 963 31939
1246 963 31940
1246 963 31941
12 1042 31942
12 142 31943
42 72 31944
12 415 31945
1185 555 31946
42 415 31947
80 309 31948
1270 194 31949
815 950 31950
342 544 31951
596 57 31952
596 704 31953
1302 338 31954
950 815 31955
353 372 31956
1302 198 31957
1268 1313 31958
1302 704 31959
353 1284 31960
964 160 31961
375 912 31962
357 1253 31963
1189 375 31964
1271 477 31965
725 638 31966
725 835 31967
1246 963 31968
350 343 31969
1185 375 31970
209 242 31971
1310 1246 31972
1246 1310 31973
596 193 31974
454 1043 31975
198 1302 31976
1246 1310 31977
1246 1310 31978
1190 738 31979
1190 738 31980
997 142 31981
1315 392 31982
72 392 31983
834 1280 31984
1310 802 31985
357 525 31986
1310 561 31987
357 638 31988
358 32 31989
358 254 31990
358 281 31991
357 358 31992
193 596 31993
193 378 31994
224 175 31995
9 1261 31996
9 1279 31997
281 358 31998
281 1280 31999
1127 454 32000
143 1037 32001
357 525 32002
357 525 32003
357 525 32004
1284 353 32005
525 357 32006
357 1284 32007
357 974 32008
1280 834 32009
1280 281 32010
277 644 32011
638 357 32012
277 644 32013
725 638 32014
942 919 32015
942 63 32016
1246 834 32017
1173 654 32018
942 63 32019
1142 990 32020
1173 60 32021
654 1173 32022
942 1314 32023
1287 1253 32024
277 644 32025
1317 781 32026
942 63 32027
281 1280 32028
454 1127 32029
1298 394 32030
1113 638 32031
638 725 32032
277 644 32033
105 1181 32034
1113 638 32035
394 1298 32036
834 1280 32037
856 1176 32038
394 738 32039
1126 1302 32040
220 1310 32041
341 1280 32042
1043 454 32043
1246 963 32044
53 1314 32045
509 758 32046
1246 834 32047
1302 198 32048
306 616 32049
1280 341 32050
249 1324 32051
1187 353 32052
1187 1183 32053
1187 1131 32054
1187 1284 32055
1280 834 32056
114 770 32057
375 1189 32058
375 1185 32059
1280 281 32060
254 358 32061
990 1142 32062
1237 199 32063
372 473 32064
1237 1227 32065
1237 91 32066
834 1280 32067
372 353 32068
1281 1310 32069
454 1043 32070
1280 834 32071
281 1280 32072
704 1324 32073
1280 281 32074
1284 1187 32075
357 638 32076
1284 793 32077
793 1284 32078
834 1280 32079
1317 72 32080
793 1284 32081
69 357 32082
1280 834 32083
1284 793 32084
834 1280 32085
1280 834 32086
834 1280 32087
1284 585 32088
281 1271 32089
1280 834 32090
834 1280 32091
793 1284 32092
1284 793 32093
793 1284 32094
1280 834 32095
1252 1231 32096
834 1280 32097
1284 793 32098
793 1284 32099
1325 1326 32100
760 212 32101
357 638 32102
638 1317 32103
802 1310 32104
249 886 32105
1327 282 32106
1246 415 32107
249 1302 32108
394 393 32109
1317 638 32110
1317 1244 32111
249 713 32112
394 393 32113
67 1296 32114
199 1237 32115
545 1328 32116
1244 1317 32117
1328 545 32118
1328 545 32119
545 1328 32120
378 193 32121
1328 545 32122
1215 949 32123
249 817 32124
249 454 32125
1326 1325 32126
249 817 32127
585 1284 32128
249 605 32129
249 547 32130
598 652 32131
598 62 32132
598 84 32133
249 1295 32134
598 1189 32135
598 1303 32136
598 878 32137
481 1284 32138
1043 454 32139
1248 919 32140
1312 103 32141
454 1043 32142
1312 103 32143
1329 1271 32144
50 102 32145
481 50 32146
1050 495 32147
142 997 32148
50 481 32149
1329 477 32150
481 50 32151
12 598 32152
1246 719 32153
1328 277 32154
42 1117 32155
719 1246 32156
1042 1330 32157
638 285 32158
1246 719 32159
1328 495 32160
919 1248 32161
160 964 32162
1331 1168 32163
481 50 32164
50 481 32165
50 481 32166
1043 454 32167
1246 228 32168
454 1043 32169
1328 285 32170
539 495 32171
1043 454 32172
1246 228 32173
454 1043 32174
1118 1103 32175
749 474 32176
481 50 32177
1246 228 32178
1246 719 32179
50 481 32180
481 50 32181
933 1214 32182
1246 228 32183
42 495 32184
342 495 32185
1231 1252 32186
228 194 32187
50 1227 32188
228 1246 32189
1227 50 32190
679 1248 32191
389 1189 32192
1043 454 32193
194 228 32194
194 1270 32195
194 1004 32196
44 228 32197
44 514 32198
964 160 32199
199 212 32200
1032 598 32201
454 1043 32202
228 194 32203
1043 454 32204
454 1043 32205
725 638 32206
1043 454 32207
1231 704 32208
50 1227 32209
228 498 32210
454 1043 32211
498 228 32212
1227 50 32213
498 495 32214
1272 1260 32215
228 498 32216
1214 933 32217
1043 454 32218
1246 228 32219
498 228 32220
454 1043 32221
194 353 32222
1252 1231 32223
771 398 32224
67 1296 32225
398 771 32226
1043 454 32227
454 1043 32228
228 498 32229
67 1296 32230
700 605 32231
687 409 32232
114 770 32233
700 1253 32234
1043 454 32235
454 1043 32236
103 973 32237
67 97 32238
1043 454 32239
234 1183 32240
234 686 32241
1312 103 32242
249 454 32243
704 1231 32244
1113 1214 32245
1323 1129 32246
303 212 32247
242 488 32248
1272 1246 32249
1043 97 32250
912 375 32251
1312 103 32252
704 377 32253
704 377 32254
454 1043 32255
474 749 32256
97 1043 32257
701 341 32258
713 1158 32259
713 1158 32260
697 782 32261
942 919 32262
209 242 32263
536 423 32264
536 1224 32265
63 228 32266
1213 1026 32267
41 502 32268
41 1255 32269
738 394 32270
114 770 32271
594 242 32272
314 542 32273
1316 586 32274
314 1296 32275
640 1253 32276
423 536 32277
1235 638 32278
423 815 32279
1032 1186 32280
536 423 32281
285 1328 32282
701 50 32283
50 701 32284
193 378 32285
586 1316 32286
296 194 32287
1231 704 32288
1186 1032 32289
640 712 32290
353 1283 32291
640 617 32292
701 50 32293
697 923 32294
1032 1186 32295
1213 1032 32296
1213 1032 32297
353 296 32298
50 701 32299
1213 1032 32300
245 1283 32301
701 50 32302
1043 454 32303
353 793 32304
1283 353 32305
1032 1186 32306
1281 701 32307
50 701 32308
1281 701 32309
333 1227 32310
425 1103 32311
353 1283 32312
1290 596 32313
1332 1255 32314
249 454 32315
1332 1255 32316
1332 1255 32317
770 1217 32318
1255 1332 32319
770 938 32320
1281 1283 32321
1332 1255 32322
1316 586 32323
1190 738 32324
834 314 32325
296 353 32326
1271 1329 32327
358 281 32328
358 254 32329
358 357 32330
586 1316 32331
514 654 32332
766 181 32333
514 626 32334
454 1043 32335
626 514 32336
766 372 32337
249 454 32338
509 272 32339
1255 1332 32340
1043 454 32341
1021 701 32342
1021 105 32343
1118 598 32344
514 626 32345
1281 1283 32346
1270 194 32347
600 1332 32348
281 358 32349
626 514 32350
514 626 32351
342 626 32352
342 626 32353
621 105 32354
9 598 32355
9 1312 32356
621 48 32357
483 782 32358
483 1189 32359
679 50 32360
1332 1255 32361
249 654 32362
754 903 32363
754 1332 32364
454 1043 32365
810 1021 32366
1333 1145 32367
1026 184 32368
1043 454 32369
1127 318 32370
454 1043 32371
193 658 32372
1333 1145 32373
1127 415 32374
495 68 32375
103 1334 32376
114 770 32377
495 1185 32378
114 103 32379
142 654 32380
114 103 32381
495 542 32382
142 514 32383
350 626 32384
1043 454 32385
454 1043 32386
1286 1335 32387
1312 103 32388
1113 1214 32389
174 1260 32390
1043 454 32391
1113 495 32392
1113 1255 32393
1312 103 32393
1113 1255 32394
1334 1255 32395
1 312 32396
1255 1334 32397
1312 103 32398
1113 1255 32399
1087 353 32400
1312 103 32401
1312 103 32402
719 1336 32403
1113 1255 32404
1113 1214 32405
1113 353 32406
1113 1255 32407
1336 725 32408
639 1127 32409
1113 353 32410
1189 375 32411
1113 1255 32412
1189 598 32413
615 1026 32413
738 393 32414
1113 1255 32415
32 1336 32416
1334 1068 32417
639 388 32418
1113 1255 32419
495 585 32420
617 103 32421
103 1280 32422
617 640 32423
103 617 32424
725 1336 32425
617 103 32426
103 617 32427
617 103 32428
1280 103 32429
617 644 32430
495 1050 32431
103 617 32432
431 617 32433
617 103 32434
103 1280 32435
1312 103 32436
495 498 32437
103 617 32438
431 617 32439
1312 103 32440
950 495 32441
353 950 32442
495 950 32443
308 701 32444
950 353 32445
341 701 32446
495 950 32447
1312 103 32448
431 617 32449
1280 103 32450
950 495 32451
1190 738 32452
950 495 32453
1126 1302 32454
1102 514 32455
1190 551 32456
103 1280 32457
1280 103 32458
431 617 32459
1113 1214 32460
923 697 32461
1113 495 32462
686 234 32463
697 923 32464
1312 103 32465
220 1310 32466
569 1337 32467
1244 296 32468
923 697 32469
646 495 32470
1113 1214 32471
431 617 32472
923 697 32473
431 617 32474
569 1337 32475
1113 1214 32476
1190 288 32477
353 950 32478
482 799 32479
654 142 32480
482 1005 32481
482 546 32482
1113 1214 32483
1043 495 32484
323 341 32485
908 332 32486
950 353 32487
1113 1214 32488
797 63 32489
681 617 32490
296 1244 32491
1113 1214 32492
871 392 32493
871 1302 32494
142 654 32495
341 353 32496
1255 1335 32497
353 341 32498
68 495 32499
1113 1214 32500
341 353 32501
654 142 32502
1113 1214 32503
353 950 32504
249 1295 32505
1113 1214 32506
871 1097 32507
871 513 32508
569 296 32509
1113 1214 32510
212 439 32511
1302 1126 32512
482 3 32513
378 193 32514
342 495 32515
1113 1214 32516
971 609 32517
353 341 32518
971 199 32519
353 1326 32520
503 41 32521
1247 704 32522
415 475 32523
254 358 32524
503 617 32525
871 1302 32526
475 415 32527
321 392 32528
1246 99 32529
1281 1173 32530
503 1217 32531
341 353 32532
42 495 32533
871 1097 32534
142 654 32535
63 797 32536
42 1183 32537
503 41 32538
871 495 32539
42 1183 32540
42 1337 32541
353 341 32542
377 704 32543
415 475 32544
654 142 32545
1283 513 32546
358 281 32547
199 971 32548
358 254 32549
254 358 32550
245 1264 32551
1281 1173 32552
145 994 32553
145 1042 32554
431 605 32555
503 254 32556
245 1283 32557
142 654 32558
249 1255 32559
245 60 32560
341 353 32561
323 341 32562
228 63 32563
431 605 32564
654 142 32565
1338 254 32566
431 605 32567
298 323 32568
431 605 32569
48 621 32570
1281 131 32571
1117 856 32572
516 564 32573
431 605 32574
454 1043 32575
1338 254 32576
1325 1326 32577
739 308 32578
1043 454 32579
1136 739 32580
1325 1123 32581
1043 454 32582
1338 254 32583
442 1247 32584
431 605 32585
454 1043 32586
323 341 32587
323 298 32588
658 193 32589
1338 254 32590
640 617 32591
1338 471 32592
924 1158 32593
1338 254 32594
924 1158 32595
431 605 32596
615 1072 32597
605 254 32598
1338 254 32599
254 605 32600
605 254 32601
431 605 32602
1043 454 32603
254 605 32604
1215 398 32605
353 372 32606
605 254 32607
454 1043 32608
254 605 32609
1326 1325 32610
942 919 32611
986 644 32612
63 228 32613
1325 1326 32614
605 254 32615
1043 454 32616
1338 1034 32617
1338 254 32618
991 109 32619
1338 1173 32620
735 839 32621
254 605 32622
605 254 32623
1338 1173 32624
1338 254 32625
254 605 32626
605 254 32627
1118 620 32628
254 605 32629
986 1310 32630
142 654 32631
758 509 32632
1339 1231 32633
272 308 32634
53 1314 32634
1326 353 32635
272 654 32636
272 605 32637
770 1336 32638
1338 254 32639
1326 1325 32640
272 509 32641
1231 1339 32642
1339 1231 32643
758 50 32644
1338 254 32645
792 1283 32646
1306 990 32647
643 638 32648
1338 254 32649
758 298 32650
298 758 32651
1338 254 32652
1083 175 32653
758 298 32654
282 109 32655
638 643 32656
638 68 32657
298 758 32658
1083 299 32659
1338 254 32660
1338 209 32661
1283 468 32662
254 1338 32663
1283 468 32664
1283 644 32665
1283 643 32666
1039 1316 32667
50 758 32668
1283 482 32669
1283 1246 32670
758 50 32671
372 766 32672
1283 1039 32673
1113 1283 32674
372 353 32675
1283 121 32676
1283 1169 32677
758 298 32678
1283 101 32679
1283 142 32680
1283 1231 32681
50 758 32682
598 1032 32683
770 1283 32684
454 1043 32685
1283 298 32686
1283 278 32687
1283 713 32688
1283 470 32689
1283 1187 32690
1195 1283 32691
1283 603 32692
447 1283 32693
1283 254 32694
1283 586 32695
1283 1105 32696
603 1283 32697
621 48 32698
1283 422 32699
1283 144 32700
871 595 32701
1283 90 32702
1087 1283 32703
1283 598 32704
758 50 32705
1283 1168 32706
1283 1325 32707
1283 704 32708
871 595 32708
323 643 32709
1283 1208 32710
1283 1051 32711
1168 1283 32712
470 1283 32713
298 1283 32714
871 595 32715
60 245 32716
90 1283 32717
1283 645 32718
1283 368 32719
323 1083 32720
368 1283 32721
323 1283 32722
1169 1283 32723
470 288 32724
1283 1340 32725
323 367 32726
1283 1034 32727
1283 297 32728
1302 468 32729
1168 1298 32730
1283 1341 32730
1283 85 32731
770 1216 32732
163 1283 32733
782 654 32734
1283 1297 32735
1118 1283 32736
1283 1339 32737
27 1283 32738
42 1294 32739
1283 346 32740
1118 598 32741
1118 598 32742
1283 801 32743
1283 1227 32744
144 142 32745
598 346 32746
1339 1283 32747
1118 1283 32748
1283 128 32749
1283 242 32750
323 991 32751
63 26 32752
176 1302 32753
1118 598 32754
770 598 32755
1297 1283 32756
288 470 32757
346 598 32758
644 1283 32759
598 346 32760
128 1283 32761
1283 919 32762
1283 758 32763
346 220 32764
1283 835 32765
1118 598 32766
770 1196 32767
831 1187 32768
249 1283 32769
1283 1183 32770
1283 654 32771
998 1283 32772
758 1283 32773
1283 498 32774
1187 831 32775
598 353 32776
1339 221 32777
1283 975 32778
1283 317 32779
1283 1315 32780
1283 728 32781
1283 741 32782
1283 1310 32783
1286 1342 32784
831 1187 32785
317 1283 32786
1283 561 32787
561 1310 32787
1286 1339 32788
1187 831 32789
1343 1342 32790
561 1283 32791
1283 502 32792
986 1283 32793
1283 1158 32794
1283 475 32795
1343 1342 32796
1283 334 32797
1283 1342 32798
475 1283 32799
1246 1283 32800
1283 1270 32801
42 1325 32802
334 1283 32803
1283 1244 32804
950 353 32805
1283 950 32806
1286 1339 32807
42 964 32808
1283 1326 32809
1283 547 32810
1283 660 32811
1283 325 32812
42 1294 32813
598 325 32814
1283 590 32815
1283 1097 32816
42 1043 32817
1283 543 32818
1283 1167 32819
1043 454 32820
1283 782 32821
1315 1283 32822
1286 1339 32823
1283 415 32824
701 308 32825
1283 560 32826
1283 1032 32827
701 341 32827
1283 252 32828
1283 1018 32829
1167 1283 32830
560 1283 32830
1286 1339 32831
770 101 32832
323 1083 32833
103 1342 32834
1283 475 32835
1281 1173 32836
1286 1339 32837
1343 1283 32838
831 1187 32839
793 353 32840
245 881 32841
297 1283 32842
245 163 32843
245 388 32844
1325 1283 32845
245 334 32846
1283 297 32847
1343 1342 32848
1097 1283 32849
1325 42 32850
42 1325 32851
753 6 32852
561 1283 32853
252 1283 32854
1343 1342 32855
245 309 32856
1326 1283 32857
42 1284 32858
63 278 32859
1283 1326 32860
334 245 32861
1325 42 32862
1284 42 32863
297 1283 32864
1284 481 32865
1246 834 32866
1168 520 32867
42 479 32868
561 1283 32869
1339 1344 32870
372 1280 32871
1344 1339 32872
603 814 32873
1281 73 32874
1283 561 32875
1339 1344 32876
298 573 32877
1280 372 32878
561 1283 32879
1344 1339 32880
1281 74 32881
1281 1345 32882
172 638 32883
1339 1344 32884
1281 1042 32885
814 603 32886
1281 88 32887
1281 73 32888
770 495 32889
1281 74 32890
1344 1339 32891
950 1283 32892
1325 638 32893
1283 389 32894
1339 1344 32895
1110 1146 32896
603 814 32897
1281 1042 32898
1339 660 32899
561 74 32900
1344 1339 32901
42 843 32901
843 42 32902
325 1283 32903
1339 1344 32904
388 245 32904
325 598 32905
1344 1339 32906
1281 1018 32907
843 42 32908
814 603 32909
1281 1018 32910
1281 814 32911
1339 1344 32912
323 991 32913
50 1281 32914
1281 1018 32915
1344 1339 32916
603 814 32917
1283 753 32918
1281 50 32919
638 1340 32919
1339 1344 32920
1132 1174 32921
1283 843 32922
1281 50 32923
843 714 32924
881 245 32925
1283 1264 32926
1344 1339 32927
1281 1280 32928
714 843 32929
1339 1344 32930
1281 1018 32931
814 603 32932
1283 1280 32933
843 714 32934
753 1283 32935
1344 1339 32936
1281 422 32937
814 1281 32938
1281 814 32939
1339 1344 32940
220 346 32941
1281 1325 32942
220 1310 32943
1283 753 32944
42 548 32945
53 1283 32946
843 1114 32947
1340 42 32948
1339 1344 32949
1281 1325 32950
350 626 32950
1344 1339 32951
42 1340 32952
1326 1280 32953
1344 1339 32954
1340 42 32955
1339 1344 32956
53 1283 32957
1339 1344 32958
53 1283 32959
42 1340 32960
1281 814 32961
1344 1339 32962
548 42 32962
1281 50 32963
1281 1325 32964
1339 1344 32965
42 548 32966
1310 220 32967
42 638 32968
753 1283 32969
142 1283 32970
53 1283 32971
1281 1325 32972
1317 1280 32973
1281 495 32974
1281 475 32975
1281 1325 32976
142 144 32977
308 739 32978
1281 475 32979
42 475 32980
1283 753 32981
1281 1325 32982
753 1283 32983
475 42 32984
1283 802 32985
1317 758 32986
1281 50 32987
1283 753 32988
1281 475 32989
50 1281 32990
1340 42 32991
323 42 32992
1281 50 32993
1281 475 32994
758 1317 32995
753 1283 32996
254 1283 32997
1281 1325 32998
1317 753 32999
1317 753 33000
753 1317 33001
753 1317 33002
1281 475 33003
308 701 33004
594 283 33005
1281 1325 33006
594 283 33007
1281 1004 33008
1281 1325 33009
1281 50 33010
392 1315 33011
392 72 33012
394 676 33013
586 1283 33014
392 321 33015
640 569 33016
6 753 33017
1215 1281 33018
1097 191 33019
753 6 33020
392 1051 33021
1215 1083 33022
1215 1287 33023
6 753 33024
392 42 33025
753 6 33026
1087 1132 33027
6 753 33028
375 912 33029
560 840 33030
42 392 33031
753 6 33032
278 63 33033
42 392 33034
42 475 33035
6 753 33036
42 815 33037
1346 1314 33038
560 297 33039
753 6 33040
1314 1346 33041
63 278 33042
1346 1314 33043
323 741 33044
1314 1346 33045
1346 1314 33046
1174 1132 33047
309 245 33048
912 375 33049
1314 1346 33050
1280 1317 33051
1280 1326 33052
323 42 33053
1280 1281 33054
392 42 33055
1346 1314 33056
1314 1346 33057
42 392 33058
323 1347 33059
1317 781 33060
1281 50 33061
1346 1314 33062
1280 1281 33063
145 1042 33064
1281 1280 33065
781 1317 33066
1280 1283 33067
1280 1281 33068
42 323 33069
1281 1280 33070
741 323 33071
323 741 33072
1280 1281 33073
741 323 33074
741 323 33075
323 741 33076
42 323 33077
1281 1280 33078
323 1347 33078
1315 392 33079
323 741 33080
701 308 33081
42 323 33082
323 642 33083
422 1281 33084
422 1283 33085
323 741 33086
53 1314 33087
323 642 33088
42 323 33089
1281 422 33090
323 642 33091
1281 781 33092
323 741 33093
53 1314 33094
1314 1346 33095
781 1281 33096
1346 1314 33097
422 1281 33097
53 1314 33098
1314 1346 33099
323 1347 33100
42 323 33101
1346 1314 33102
741 323 33103
323 741 33104
42 323 33105
815 950 33106
50 1281 33107
1346 1314 33108
42 323 33109
53 1244 33110
42 323 33111
53 975 33112
12 142 33113
585 495 33114
42 323 33115
741 323 33116
42 323 33117
53 1281 33118
323 741 33119
323 741 33120
741 323 33121
42 323 33122
741 323 33123
323 741 33124
741 323 33125
323 741 33126
42 323 33127
323 741 33128
741 323 33129
741 323 33130
323 741 33131
838 644 33132
12 415 33133
42 1097 33134
1253 644 33135
1253 1287 33136
1253 640 33137
1253 1227 33138
1227 1253 33139
605 272 33140
189 1339 33141
1270 1283 33142
70 944 33143
1123 1325 33144
131 1281 33145
871 392 33146
1113 70 33147
1306 990 33148
67 1231 33149
67 1137 33150
67 697 33151
342 1097 33152
473 372 33153
163 245 33154
770 495 33155
712 640 33156
72 1317 33157
725 835 33158
725 1132 33159
454 1043 33160
725 1018 33161
654 272 33162
144 142 33163
950 815 33164
95 1246 33165
95 712 33166
249 1295 33167
640 712 33168
509 758 33169
1113 1348 33170
1271 281 33171
1042 1281 33172
1268 644 33173
3 482 33174
1 477 33175
919 1283 33176
477 1329 33177
42 799 33178
477 1271 33179
42 1334 33180
42 964 33181
483 782 33182
42 1255 33183
42 1255 33184
353 598 33185
353 793 33186
1281 781 33187
1113 933 33188
1281 422 33189
1281 131 33190
1281 1042 33191
1281 605 33192
42 1346 33193
26 63 33194
42 1346 33195
1280 497 33196
997 142 33197
42 626 33198
431 59 33199
1272 1346 33200
1246 95 33201
842 713 33202
944 840 33203
1335 1255 33204
838 547 33205
63 26 33206
547 838 33207
80 609 33208
26 63 33209
191 1060 33210
42 964 33211
408 306 33212
408 781 33213
809 42 33214
53 620 33215
42 488 33216
809 42 33217
53 408 33218
652 954 33219
408 1122 33220
488 42 33221
1349 366 33222
1233 1299 33223
644 598 33224
257 838 33225
372 473 33226
793 353 33227
220 1310 33228
131 1281 33229
605 1281 33230
142 144 33231
768 1189 33232
142 997 33233
1142 990 33234
503 254 33235
1142 1058 33236
503 739 33237
782 483 33238
342 784 33239
621 1280 33240
142 144 33241
431 605 33242
431 605 33243
431 605 33244
973 103 33245
1136 739 33246
314 834 33247
431 605 33248
431 605 33249
1283 1264 33250
1042 1281 33251
431 605 33252
431 605 33253
964 42 33254
482 3 33255
473 372 33256
257 42 33257
1298 1168 33258
770 1196 33259
1283 1350 33260
257 1294 33261
1281 131 33262
1215 1283 33263
1281 1065 33264
114 103 33265
609 80 33266
1065 517 33267
1065 586 33268
1215 1281 33269
1215 1350 33270
1215 1281 33271
1346 1314 33272
1190 738 33273
1325 1123 33274
1189 502 33275
1101 638 33276
1189 1021 33277
297 560 33278
539 1021 33279
1101 498 33280
1189 372 33281
372 1189 33282
1189 1338 33283
1189 372 33284
372 1189 33285
131 1281 33286
1127 1189 33287
1101 498 33288
283 843 33289
1101 297 33290
555 352 33291
1127 296 33292
307 317 33293
1101 297 33294
1072 615 33295
1101 297 33296
734 617 33297
617 734 33298
184 1026 33299
734 617 33300
871 1142 33300
871 1350 33301
617 734 33302
342 1097 33303
871 734 33304
1247 442 33305
1158 924 33306
871 1350 33307
871 1350 33308
1117 856 33309
1101 297 33310
871 445 33311
871 1350 33312
1127 296 33313
392 42 33314
1281 131 33315
392 1315 33316
1190 144 33317
26 1176 33318
871 392 33319
871 1350 33320
1068 1334 33321
871 392 33322
617 142 33323
617 142 33324
990 1142 33325
245 1146 33326
245 1264 33327
617 103 33328
1101 297 33329
871 1142 33330
1101 297 33331
859 95 33332
1190 378 33333
1190 378 33334
859 50 33335
859 1287 33336
971 199 33337
1350 1185 33338
233 193 33339
873 144 33340
307 317 33341
1101 297 33342
569 372 33343
307 317 33344
142 617 33345
666 589 33346
142 617 33347
871 1351 33348
871 971 33349
307 317 33350
32 379 33351
32 1338 33352
389 1283 33353
32 1336 33354
9 598 33355
9 1338 33356
666 616 33357
9 1312 33358
105 1021 33359
644 1295 33360
9 1265 33361
105 621 33362
734 617 33363
1295 644 33364
1185 1350 33365
1350 1185 33366
1185 1350 33367
1350 1185 33368
958 704 33369
843 283 33370
958 621 33371
1352 569 33372
1283 1350 33373
431 617 33374
1350 1283 33375
1283 1350 33376
871 843 33377
249 1295 33378
1350 1283 33379
1280 621 33380
439 212 33381
1117 856 33382
1283 1350 33383
1350 1283 33384
1283 1350 33385
63 26 33386
63 547 33387
1350 1283 33388
1189 372 33389
1189 1127 33390
1283 1350 33391
1350 1283 33392
1283 1350 33393
1350 1283 33394
1185 1350 33395
569 128 33396
1350 1185 33397
1283 1350 33398
704 958 33399
1185 1350 33400
1294 42 33401
431 617 33402
1350 1283 33403
26 63 33404
319 926 33405
1185 1350 33406
1350 1185 33407
1283 1350 33408
1350 1185 33409
479 472 33410
105 1353 33411
1350 1283 33412
547 63 33413
36 1059 33414
1185 1350 33415
1283 1350 33416
1350 1185 33417
1350 1283 33418
1283 1350 33419
1350 1283 33420
1185 1350 33421
589 666 33422
1350 1185 33423
831 1049 33424
1283 319 33425
1185 1350 33426
1350 1185 33427
1113 933 33428
1185 1350 33429
1185 1350 33430
1350 1185 33431
781 408 33432
1350 1185 33433
781 1281 33434
63 26 33435
63 547 33436
3 482 33437
547 63 33437
114 770 33438
713 1158 33439
600 80 33440
1350 1185 33441
908 1354 33442
770 1291 33443
1185 1350 33444
1350 1185 33445
596 193 33446
994 831 33447
555 856 33448
1190 1281 33449
831 994 33450
297 1183 33451
415 997 33452
1255 42 33453
323 339 33454
323 339 33455
469 463 33456
1036 1123 33457
547 1280 33458
323 339 33459
1283 337 33460
950 1346 33461
681 402 33462
1346 950 33463
53 620 33464
547 297 33465
337 1283 33466
283 843 33467
323 339 33468
871 843 33469
375 912 33470
1283 337 33471
810 1351 33472
871 375 33473
131 1281 33474
871 260 33475
193 233 33476
871 375 33477
1123 1036 33478
1123 1036 33479
1123 1036 33480
1123 1036 33481
1123 1036 33482
644 1295 33483
443 400 33484
443 29 33485
443 19 33486
1136 1283 33487
1043 454 33488
272 605 33489
272 654 33490
176 523 33491
639 740 33492
626 42 33493
323 950 33494
1196 834 33495
323 42 33496
986 704 33497
871 392 33498
871 392 33499
950 1346 33500
986 793 33501
950 323 33502
871 392 33503
986 357 33504
810 1351 33505
615 1072 33506
986 19 33507
1168 1298 33508
323 950 33509
810 323 33510
454 1043 33511
1325 1340 33512
950 323 33513
1118 620 33514
1295 644 33515
800 1072 33516
1083 323 33517
810 323 33518
986 991 33519
1346 950 33520
871 392 33521
323 950 33522
871 981 33523
323 1083 33524
1168 291 33525
871 392 33526
367 323 33527
323 367 33528
1043 454 33529
576 337 33530
576 337 33531
367 323 33532
1168 337 33533
12 142 33534
644 1295 33535
1298 1168 33536
337 1168 33537
644 711 33538
142 337 33539
29 443 33540
337 142 33541
337 1168 33542
323 367 33543
1168 337 33544
249 1351 33545
323 1083 33545
1281 131 33546
709 517 33547
1281 163 33548
36 1059 33549
1049 831 33550
32 638 33551
103 973 33552
547 1246 33553
1168 337 33554
1281 482 33555
32 1281 33556
1281 1246 33557
42 626 33558
1329 1271 33559
638 32 33560
42 392 33561
1281 1280 33562
1246 1281 33563
42 964 33564
1281 101 33565
32 638 33566
638 32 33567
1281 1231 33568
103 617 33569
1281 944 33570
1281 211 33571
1281 155 33572
770 1196 33573
1281 68 33574
42 1355 33575
1280 1281 33576
770 1281 33577
1281 1280 33578
1213 1281 33579
42 1356 33580
1325 1326 33581
323 42 33582
770 1281 33583
42 1357 33584
155 1281 33585
1213 1281 33586
1281 155 33587
225 638 33588
1326 1325 33589
1281 389 33590
1272 1281 33591
638 225 33592
1213 1281 33593
1325 1326 33594
1231 1281 33595
389 1281 33596
1280 1281 33597
1272 1281 33598
1281 389 33599
576 1281 33600
1281 1280 33601
1213 1281 33602
770 1281 33603
1213 1281 33604
389 1281 33605
1281 389 33606
1213 1281 33607
1272 1281 33608
1281 542 33609
1168 337 33610
770 1281 33611
1280 1281 33612
19 443 33613
1281 532 33614
155 1281 33615
57 596 33616
770 1281 33617
1281 155 33618
392 42 33619
770 1281 33620
1281 1287 33621
770 1281 33622
155 1281 33623
42 392 33624
1283 1136 33625
523 176 33626
1281 155 33627
523 176 33628
810 1281 33629
1325 1326 33630
155 1281 33631
1264 245 33632
1283 576 33633
1281 155 33634
483 1317 33635
1283 57 33636
586 1065 33637
276 190 33638
1136 1283 33639
155 1281 33640
609 1325 33641
1358 42 33642
502 1189 33643
1358 42 33644
128 211 33645
810 1281 33646
586 1072 33647
801 1283 33648
1113 1131 33649
1358 42 33650
1036 1123 33651
1036 1123 33652
1036 1123 33653
42 333 33654
950 1346 33655
1118 1281 33656
1358 42 33657
856 555 33658
1056 1032 33659
1123 1036 33660
462 1255 33661
462 103 33662
779 581 33663
233 193 33664
1171 966 33665
1340 830 33666
1329 1271 33667
752 42 33668
752 42 33669
1359 1342 33670
42 752 33671
687 260 33672
830 1340 33673
687 260 33674
1295 644 33675
1283 392 33676
1283 1359 33677
1283 372 33678
1268 372 33679
372 1283 33680
372 1268 33681
1283 372 33682
1268 1269 33683
372 1283 33684
454 1043 33685
372 454 33686
1283 1350 33687
372 874 33688
1283 797 33689
372 975 33690
1283 523 33691
372 1352 33692
1281 532 33693
114 770 33694
26 63 33695
114 103 33696
1281 1005 33697
835 1283 33698
1281 462 33699
1346 950 33700
523 1283 33701
101 100 33702
1281 835 33703
1281 1227 33704
1281 1344 33705
63 26 33706
799 42 33707
1281 128 33708
1350 1283 33709
1281 927 33710
1281 536 33711
1287 1281 33712
1281 1287 33713
1359 1283 33714
1281 797 33715
1281 542 33716
1281 26 33717
1287 1253 33718
1281 547 33719
1281 732 33720
32 1281 33721
118 1189 33722
462 1281 33723
1281 462 33724
32 638 33725
1281 1356 33726
32 1281 33727
1286 1335 33728
32 1281 33729
118 586 33730
1359 1335 33731
257 42 33732
752 42 33733
462 1281 33734
997 415 33735
704 799 33736
1215 1083 33737
257 1183 33738
1105 1284 33739
919 1317 33740
118 943 33741
462 1281 33742
963 1105 33743
1052 713 33744
975 1283 33745
1105 963 33746
800 1281 33747
963 1105 33748
975 372 33749
32 598 33750
1065 570 33751
1065 570 33752
1065 570 33753
1065 570 33754
1344 1281 33755
874 372 33756
454 372 33757
103 462 33758
1176 26 33759
770 963 33760
415 997 33761
462 103 33762
448 831 33763
50 1284 33764
353 194 33765
1176 856 33766
353 793 33767
353 372 33768
569 372 33769
353 296 33770
1032 1056 33771
1043 454 33772
353 950 33773
799 704 33774
547 1246 33775
799 704 33776
605 272 33777
704 799 33778
704 799 33779
799 704 33780
617 103 33781
704 799 33782
547 1169 33783
802 1283 33784
498 495 33785
495 950 33786
114 770 33787
495 1113 33788
296 353 33789
1281 1356 33790
831 1049 33791
569 128 33792
1281 462 33793
1132 725 33794
296 1127 33795
1281 462 33796
1281 1344 33797
799 704 33798
1281 1227 33799
26 1176 33800
495 646 33801
26 63 33802
1281 487 33803
422 6 33804
1281 799 33805
1281 831 33806
523 1032 33807
103 617 33808
1317 919 33809
26 1281 33810
704 799 33811
495 1043 33812
1255 462 33813
725 1132 33814
1032 523 33815
523 1032 33816
799 704 33817
704 799 33818
495 68 33819
1335 1359 33820
1231 704 33821
1284 50 33822
495 42 33823
1284 1105 33824
799 704 33825
462 1281 33826
1349 1255 33827
704 1231 33828
1169 547 33829
1349 1281 33830
462 1255 33831
547 1169 33832
576 1283 33833
1169 547 33834
1169 547 33835
547 1169 33836
1255 462 33837
547 1169 33838
1032 523 33839
1349 1255 33840
1183 1360 33841
1169 547 33842
576 966 33843
1281 26 33844
1183 1361 33845
547 1169 33846
831 1281 33847
1281 462 33848
1183 1356 33849
503 617 33850
1281 495 33851
1183 1354 33852
1183 1355 33853
1349 1255 33854
1349 1281 33855
26 1281 33856
1169 547 33857
547 1169 33858
487 1281 33859
462 1255 33860
462 1281 33861
1255 462 33862
1169 547 33863
547 1169 33864
249 607 33865
1349 1255 33866
980 639 33867
1349 1255 33868
462 1255 33868
495 585 33869
249 1359 33870
495 498 33871
1255 462 33872
1349 1255 33873
1331 615 33874
19 1281 33875
372 353 33876
131 1281 33877
372 1362 33878
1281 26 33879
1169 547 33880
323 950 33881
1349 1281 33882
1281 487 33883
323 42 33884
1349 1255 33885
1281 487 33886
1281 462 33887
372 938 33888
315 994 33889
315 777 33890
26 1281 33891
547 1169 33892
1281 131 33893
1118 1281 33894
1281 1349 33894
1176 26 33895
1349 1281 33896
1281 26 33897
1281 1349 33898
462 1281 33899
342 495 33900
1349 1281 33901
1255 1349 33902
1169 547 33903
372 233 33904
770 437 33905
353 372 33906
454 1043 33907
233 372 33908
569 372 33909
19 1281 33910
26 1176 33911
26 1281 33912
474 1349 33913
494 372 33914
372 353 33915
1349 474 33916
372 233 33917
372 233 33918
1349 1255 33919
323 42 33920
474 1349 33921
770 544 33922
1349 474 33923
462 1255 33924
569 372 33925
474 1349 33926
770 315 33927
1349 474 33928
353 372 33929
986 834 33929
800 1281 33930
770 315 33931
474 1349 33932
585 495 33933
814 1281 33934
114 770 33935
1349 474 33936
337 1168 33937
462 1281 33938
1168 337 33939
474 1349 33940
878 1355 33941
1349 474 33942
323 42 33943
1215 1083 33944
644 1295 33945
474 1349 33946
338 1302 33947
986 19 33948
986 19 33949
525 19 33950
53 975 33951
199 971 33952
516 94 33953
679 1363 33954
323 725 33955
601 400 33956
596 57 33957
793 353 33958
1038 1281 33959
626 42 33960
42 626 33961
1178 42 33962
337 777 33963
777 337 33964
626 42 33965
1113 495 33966
1359 1343 33967
596 605 33968
342 1040 33969
245 573 33970
245 542 33971
245 339 33972
245 102 33973
483 821 33974
199 654 33975
1271 1329 33976
679 398 33977
50 1284 33978
398 132 33979
679 398 33980
1352 372 33981
542 245 33982
357 1169 33983
199 1364 33984
199 1363 33985
679 398 33986
573 245 33987
1326 97 33988
357 701 33989
834 1196 33990
679 398 33991
1302 338 33992
617 103 33993
753 1271 33994
753 1271 33995
770 1302 33996
1045 269 33997
342 1040 33998
306 408 33999
1045 638 34000
1045 654 34001
903 754 34002
963 654 34003
1302 753 34004
1045 1040 34005
357 1169 34006
753 1302 34007
1045 1026 34008
679 398 34009
306 777 34010
105 1353 34011
339 245 34012
306 352 34013
131 654 34014
63 26 34015
950 353 34016
1326 1123 34017
654 963 34018
950 1346 34019
1176 26 34020
378 396 34021
131 654 34022
679 1174 34023
378 396 34024
871 306 34025
950 495 34026
1284 50 34027
1281 462 34028
1281 19 34029
1281 26 34030
333 42 34031
871 1365 34032
871 306 34033
1281 814 34034
654 131 34035
1281 462 34036
323 950 34037
50 1284 34038
871 306 34039
131 654 34040
131 654 34041
654 131 34042
131 654 34043
1346 950 34044
1295 644 34045
654 131 34046
679 398 34047
431 605 34048
131 654 34049
131 654 34050
1038 1281 34051
654 131 34052
479 1338 34053
323 753 34054
605 254 34055
679 398 34056
1365 1366 34057
912 375 34058
306 439 34059
950 1346 34060
431 605 34061
439 306 34062
323 950 34063
323 753 34064
132 398 34065
642 1338 34066
398 132 34067
398 132 34068
431 605 34069
871 814 34070
323 753 34071
681 617 34072
132 398 34073
431 605 34074
1113 1131 34075
1321 198 34076
938 372 34077
323 950 34078
398 132 34079
753 638 34080
431 605 34081
26 63 34082
132 398 34083
753 642 34084
26 1176 34085
131 654 34086
398 132 34087
1196 357 34088
431 605 34089
323 753 34090
26 1281 34091
257 1183 34092
431 605 34093
63 26 34094
306 555 34095
577 683 34096
323 753 34097
257 1178 34098
431 605 34099
431 605 34100
642 753 34101
1367 1365 34102
1178 42 34103
323 753 34104
342 753 34105
679 1174 34106
431 605 34107
342 1362 34108
1178 257 34109
725 547 34110
1368 752 34111
1284 50 34112
596 605 34113
753 642 34114
868 249 34115
323 753 34116
1233 588 34117
104 817 34118
997 415 34119
605 596 34120
257 1178 34121
431 605 34122
44 189 34123
834 175 34124
323 753 34125
105 577 34126
642 753 34127
323 753 34128
871 437 34129
725 547 34130
770 437 34131
871 1021 34132
462 1281 34133
753 642 34134
1326 983 34135
63 1271 34136
323 753 34137
1183 353 34138
596 605 34139
479 1018 34140
596 605 34141
800 1072 34142
800 1072 34143
638 753 34144
638 1045 34145
415 997 34146
294 831 34147
800 1072 34148
834 1365 34149
1233 337 34150
454 1369 34151
800 1072 34152
1183 236 34153
679 161 34154
1117 856 34155
176 864 34156
447 719 34157
800 1072 34158
523 870 34159
800 1072 34160
800 1072 34161
800 1072 34162
560 908 34163
42 353 34164
800 1072 34165
1178 257 34166
800 1072 34167
864 176 34168
679 161 34169
1043 454 34170
981 831 34171
176 864 34172
864 176 34173
871 981 34174
871 981 34175
1021 176 34176
800 1072 34177
1289 212 34178
176 864 34179
176 1021 34180
454 1043 34181
1285 638 34182
643 638 34183
1283 938 34184
731 1283 34185
800 1072 34186
800 1072 34187
1255 462 34188
1283 864 34189
631 775 34190
631 625 34191
800 1072 34192
323 643 34193
1131 1113 34194
12 142 34195
800 1072 34196
793 1131 34197
1043 454 34198
323 643 34199
513 1283 34200
679 1174 34201
638 736 34202
800 1072 34203
800 1072 34204
817 104 34205
1283 513 34206
454 1043 34207
1043 495 34208
714 316 34209
257 90 34210
323 753 34211
1043 454 34212
323 643 34213
81 400 34214
800 1072 34215
462 1255 34216
800 1072 34217
456 1246 34218
817 104 34219
338 1302 34220
638 1285 34221
638 643 34222
800 523 34223
878 1255 34224
1169 357 34225
1255 462 34226
1072 615 34227
1255 878 34228
498 638 34229
175 834 34230
495 864 34231
546 437 34232
323 643 34233
454 1043 34234
919 332 34235
878 598 34236
372 938 34237
598 878 34237
1236 337 34238
1178 257 34239
643 638 34240
462 1255 34241
1236 638 34242
878 1255 34243
638 1370 34244
1255 462 34245
1246 456 34246
1285 638 34247
498 864 34247
1255 878 34248
714 517 34249
372 454 34250
372 454 34251
1236 498 34252
638 1371 34253
454 372 34254
878 598 34255
372 454 34256
1236 984 34257
454 372 34258
257 1178 34259
638 643 34260
462 1255 34261
1236 638 34262
1236 984 34263
1018 479 34264
341 1255 34265
864 498 34266
1283 1302 34267
372 1014 34268
1255 341 34269
1326 638 34270
1236 392 34271
72 1283 34272
638 1326 34273
341 1255 34274
1255 462 34275
1255 341 34276
1236 440 34277
638 498 34278
1236 638 34279
372 475 34280
341 1255 34281
1283 72 34282
1326 638 34283
1255 341 34284
598 878 34284
1236 984 34285
372 864 34286
498 638 34287
498 864 34288
1236 984 34289
341 1255 34290
323 950 34291
1236 498 34292
1255 341 34293
569 372 34294
462 1255 34295
878 1255 34296
852 1361 34297
1255 462 34298
1255 878 34299
341 1255 34300
475 372 34301
1236 984 34302
864 372 34303
1255 341 34304
864 498 34305
1236 1372 34306
72 1283 34307
638 1326 34308
341 1255 34309
1326 638 34310
777 306 34311
1255 341 34312
1236 638 34313
598 546 34314
714 1255 34315
1236 984 34316
878 1255 34317
710 1373 34318
462 1255 34319
1043 454 34320
638 1326 34321
1255 714 34322
1236 638 34323
285 1126 34324
1255 878 34325
341 1255 34325
479 1018 34326
323 950 34327
1255 462 34328
53 620 34329
1176 26 34330
468 1372 34331
1255 341 34332
1189 1370 34333
1236 1050 34334
173 1283 34335
546 598 34336
173 1283 34337
1189 502 34338
341 1255 34339
714 1255 34340
1236 984 34341
1370 638 34342
638 1370 34343
285 1097 34344
1236 638 34345
1370 1189 34346
1326 638 34347
323 341 34348
638 1326 34349
1255 341 34350
1189 1370 34351
1189 1370 34352
1370 638 34353
1236 638 34354
1178 257 34355
1255 714 34356
323 341 34357
285 1284 34358
1370 1189 34359
341 1255 34360
1326 638 34361
454 1043 34362
372 864 34363
638 1326 34364
323 950 34365
1255 341 34366
859 1287 34367
341 1255 34368
1236 638 34369
1018 479 34370
1043 454 34371
1284 285 34372
1255 341 34373
1255 341 34374
1189 1370 34375
257 1178 34376
454 1043 34377
1189 1370 34378
859 105 34378
569 372 34379
1236 638 34380
710 1374 34381
423 1255 34382
323 341 34383
1255 423 34384
423 938 34385
341 1255 34386
1043 454 34387
569 372 34388
423 1255 34389
1255 341 34390
1255 423 34391
710 1374 34392
323 950 34393
1043 495 34394
50 1284 34395
1375 199 34396
341 1255 34397
423 1255 34398
1236 638 34399
479 1018 34400
1255 341 34401
1255 423 34402
1236 638 34403
454 1043 34404
714 1255 34405
1190 1183 34406
711 644 34407
569 372 34408
341 1255 34409
1142 752 34410
1255 714 34411
1236 638 34412
1043 454 34413
1255 341 34414
306 272 34415
573 840 34416
1236 1340 34417
1190 281 34418
341 950 34419
1089 1365 34420
840 573 34421
878 1255 34422
1142 963 34423
1255 878 34424
1236 1340 34425
573 840 34426
454 1043 34427
479 638 34428
1375 778 34429
350 626 34430
569 372 34431
341 1255 34432
609 389 34433
323 950 34434
1236 1340 34435
840 573 34436
1142 176 34437
573 1292 34438
1236 1340 34439
1255 341 34440
573 840 34441
1236 1340 34442
341 1255 34443
176 1142 34444
353 42 34445
809 257 34446
172 544 34447
615 840 34448
1142 176 34449
1236 1340 34450
1189 1370 34451
1236 479 34452
1189 546 34453
609 971 34453
1236 1340 34454
1236 479 34455
176 1142 34456
569 372 34457
840 573 34458
840 615 34459
1043 454 34460
1236 1340 34461
1236 479 34462
1189 938 34463
1236 1142 34464
615 840 34465
1284 50 34466
50 1284 34467
809 90 34468
454 1043 34469
1236 479 34470
1236 1142 34471
573 840 34472
1283 654 34473
1236 1340 34474
573 840 34475
546 1189 34476
1236 479 34477
809 257 34478
1043 454 34479
1236 1340 34480
871 840 34481
569 372 34482
1189 1244 34483
1202 964 34484
1189 475 34485
1236 1340 34486
454 1043 34487
871 1376 34488
1236 479 34489
711 1356 34490
1236 1340 34491
1236 454 34492
1043 454 34493
546 878 34494
1236 1340 34495
569 372 34496
1236 479 34497
1236 1340 34498
711 32 34499
1236 1142 34500
372 1377 34501
1038 1281 34502
1236 479 34503
1236 1340 34504
609 964 34505
569 372 34506
346 1353 34507
609 964 34508
1358 1283 34509
1236 1340 34510
454 1043 34511
1043 454 34512
569 372 34513
454 1043 34514
687 1378 34515
1236 454 34516
1236 1142 34517
609 765 34518
212 1168 34519
1043 454 34520
1236 1340 34521
128 1006 34522
1236 1018 34523
1236 822 34524
1358 372 34525
609 1097 34526
1236 1340 34527
1142 176 34528
1236 822 34529
1379 638 34530
454 1043 34531
1236 454 34532
306 964 34533
1236 1340 34534
1358 372 34535
1189 473 34536
353 1183 34537
1236 372 34538
1380 748 34539
1138 939 34540
609 463 34541
1379 912 34542
752 1142 34543
1236 1018 34544
1236 372 34545
1358 372 34546
353 950 34547
1236 454 34548
1236 372 34549
1006 128 34550
1236 822 34551
1236 454 34552
353 793 34553
1236 1379 34554
1236 372 34555
822 1189 34556
1189 822 34557
1236 824 34558
1236 1379 34559
1236 1340 34560
498 495 34561
871 1138 34562
1236 1340 34563
1236 1379 34564
372 353 34565
1236 1340 34566
372 353 34567
1236 1018 34568
822 1189 34569
908 560 34570
1236 372 34571
1236 1340 34572
1236 824 34573
1236 454 34574
1189 822 34575
1236 822 34576
1281 26 34577
1236 1379 34578
1281 462 34579
1236 824 34580
1281 163 34581
871 1138 34582
1236 1379 34583
128 1006 34584
1189 372 34585
1189 546 34586
822 1189 34586
1236 824 34587
1236 454 34588
1006 128 34589
1358 372 34590
1281 1033 34591
1189 822 34592
1274 1281 34593
128 1006 34594
1236 822 34595
1379 1138 34596
1006 128 34597
1346 950 34598
372 1189 34599
1189 372 34600
822 1189 34601
1274 1281 34602
1033 1281 34603
1189 822 34604
1281 1033 34605
128 1006 34606
105 711 34607
1033 1377 34608
938 423 34609
938 1189 34610
822 1189 34611
105 605 34612
1236 372 34613
1138 1379 34614
938 372 34615
1236 822 34616
53 1202 34616
1358 372 34617
1274 1281 34618
314 834 34619
1292 542 34620
53 1138 34621
1236 822 34622
372 938 34623
1189 938 34624
938 372 34625
1189 822 34626
1274 1281 34627
372 938 34628
822 1189 34629
822 819 34630
1236 822 34631
1236 372 34632
824 731 34633
1236 372 34634
824 1284 34635
1358 372 34636
1189 822 34637
1043 454 34638
1358 352 34639
1236 822 34640
1236 1274 34641
314 731 34642
379 32 34643
1358 372 34644
1358 372 34645
1358 372 34646
1358 927 34647
1358 1186 34648
1292 1072 34649
1358 372 34650
1358 372 34651
1358 372 34652
1326 1284 34653
1356 1183 34654
1356 1281 34655
1356 711 34656
325 1292 34657
1358 372 34658
1235 1068 34659
1358 993 34660
105 1069 34661
1235 1068 34662
1138 1381 34663
1235 1068 34664
1281 1356 34665
546 437 34666
1381 1138 34667
1138 1381 34668
1281 1382 34669
1381 1138 34670
1358 1381 34671
1381 609 34672
546 538 34673
1138 1381 34674
1358 1381 34675
546 429 34676
1381 1138 34677
1358 1381 34678
1138 1381 34679
1358 1381 34680
1358 1381 34681
1358 1381 34682
1381 1138 34683
546 460 34684
1383 1381 34685
1274 1281 34686
1138 1381 34687
1381 1138 34688
1235 1068 34689
1383 1381 34690
1138 1381 34691
546 1380 34692
1381 1138 34693
1381 1138 34694
1138 1381 34695
1383 1381 34696
1235 1068 34697
1381 1138 34698
1138 1381 34699
1381 1138 34700
1138 1381 34701
1383 1381 34702
1138 1381 34703
1381 1138 34704
1381 1138 34705
1097 609 34706
1097 285 34707
1138 1381 34708
1383 1381 34709
1138 1381 34710
1381 1138 34711
1381 1138 34712
1383 1381 34713
1138 1381 34714
1381 1138 34715
1138 1381 34716
1383 1381 34717
1138 1381 34718
1381 1138 34719
1138 1381 34720
1281 1382 34721
1187 191 34722
1138 1381 34723
1381 1138 34724
1381 1138 34725
1138 1381 34726
1281 835 34727
1138 1381 34728
1381 1138 34729
1383 1381 34730
1381 1138 34731
1281 555 34732
1138 1381 34733
555 1281 34734
1381 1138 34735
1138 1381 34736
1381 1138 34737
1138 1381 34738
555 1281 34739
1138 1381 34740
1383 1381 34741
1381 1138 34742
1381 1138 34743
1138 1381 34744
1138 1381 34745
1383 1381 34746
1381 297 34747
1381 297 34748
1381 1138 34749
1381 1138 34750
1381 297 34751
1138 1381 34752
1138 1381 34753
1381 1138 34754
1138 1381 34755
1381 1138 34756
1381 1138 34757
1138 1381 34758
1138 1381 34759
1138 1381 34760
687 193 34761
242 454 34762
1381 101 34763
242 128 34764
105 1138 34765
1168 212 34766
760 975 34767
1033 1281 34768
1381 1033 34769
1033 1381 34770
943 102 34771
943 250 34772
943 704 34773
943 41 34774
562 439 34775
943 752 34776
555 562 34777
943 638 34778
562 555 34779
105 1083 34780
105 1083 34781
163 943 34782
1381 1033 34783
1381 599 34784
599 1381 34785
964 609 34786
103 1302 34787
831 981 34788
1381 599 34789
599 1381 34790
1381 599 34791
342 753 34792
1381 599 34793
342 1097 34794
599 1381 34795
599 1381 34796
1381 599 34797
586 1097 34798
42 353 34799
42 1050 34800
42 132 34801
132 42 34802
42 132 34803
42 1183 34804
712 95 34805
132 42 34806
1127 1083 34807
32 379 34808
32 711 34809
1127 713 34810
871 1138 34811
342 1384 34812
1097 586 34813
621 958 34814
621 105 34815
474 337 34816
474 847 34817
26 1281 34818
26 1176 34819
778 1384 34820
26 63 34821
474 163 34821
26 1033 34822
1176 26 34823
778 297 34824
1021 176 34825
1271 753 34826
1189 835 34827
950 353 34828
454 242 34829
454 1043 34830
26 1176 34831
997 415 34832
1244 1189 34833
32 1372 34834
32 1385 34835
793 1383 34836
654 1283 34837
599 1381 34838
415 997 34839
765 609 34840
871 831 34841
586 1097 34842
482 1103 34843
1178 687 34844
439 562 34845
105 621 34846
105 474 34847
1189 1244 34848
105 964 34849
1189 475 34850
1353 346 34851
1189 393 34852
105 708 34853
932 372 34854
1302 176 34855
1302 1283 34856
1302 103 34857
285 1097 34857
1302 338 34858
752 943 34859
1274 1281 34860
306 309 34861
517 714 34862
1323 938 34863
90 257 34864
1358 309 34865
1358 993 34866
1386 1246 34867
483 357 34868
483 821 34869
329 142 34870
859 1287 34871
859 105 34872
859 1168 34873
1179 596 34874
859 105 34875
1176 26 34876
859 105 34877
1097 586 34878
1097 285 34879
105 859 34880
475 1189 34881
586 1097 34882
1097 586 34883
586 1097 34884
1283 654 34885
1375 199 34886
1283 1097 34887
852 1356 34888
337 474 34889
944 375 34890
1097 1283 34891
26 1176 34892
1283 1097 34893
487 598 34894
598 487 34895
487 598 34896
1097 1283 34897
598 487 34898
176 1302 34899
176 1021 34900
63 26 34901
487 598 34902
523 1189 34903
26 63 34904
1090 881 34905
176 1384 34906
32 1386 34907
1176 26 34908
714 517 34909
1183 1356 34910
1183 42 34911
598 487 34912
800 523 34913
1052 1365 34914
26 1176 34915
42 1183 34916
42 1183 34917
1183 42 34918
1183 42 34919
114 770 34920
42 1183 34921
42 1062 34922
42 1183 34923
1062 42 34924
42 1381 34925
42 1062 34926
42 1183 34927
42 1183 34928
1283 527 34929
1236 337 34930
1236 615 34931
555 562 34932
95 859 34933
95 712 34934
163 474 34935
309 306 34936
1236 615 34937
644 1295 34938
1236 793 34939
644 1184 34940
1236 555 34941
835 1189 34942
257 1349 34943
687 1237 34944
257 687 34945
3 42 34946
346 1353 34947
654 1283 34948
297 778 34949
297 1381 34950
1236 176 34951
41 943 34952
1236 615 34953
912 1379 34954
843 283 34955
523 490 34956
1185 1012 34957
1387 1313 34958
415 997 34959
3 32 34960
67 697 34961
679 1174 34962
1190 1352 34963
1190 393 34964
1190 50 34965
1189 475 34966
1283 654 34966
1050 42 34967
1365 834 34968
1382 1283 34969
9 1323 34970
67 938 34971
9 1312 34972
9 598 34973
1190 394 34974
1190 394 34975
1138 704 34976
834 1365 34977
9 1312 34978
1101 1138 34979
9 1312 34980
1190 62 34981
1283 1386 34982
1176 26 34983
725 835 34984
53 1388 34985
1138 1389 34986
1039 943 34987
1272 626 34988
626 1272 34989
1283 1390 34990
9 1312 34991
871 1138 34992
871 1138 34993
819 822 34994
254 1039 34995
1183 42 34996
958 704 34997
475 1189 34998
958 621 34999
1021 176 35000
176 1021 35001
704 1138 35002
398 291 35003
1329 477 35004
1329 1271 35005
1329 1271 35006
1283 1138 35007
1383 1127 35008
1383 793 35009
1383 1283 35010
760 943 35011
621 105 35012
760 542 35013
1383 1283 35014
830 260 35015
760 975 35016
830 256 35017
683 577 35018
683 72 35019
683 1168 35020
338 1302 35021
810 1138 35022
683 479 35023
1281 555 35024
1281 555 35025
683 379 35025
1283 1378 35026
1281 1033 35027
1383 1283 35028
1281 26 35029
1283 1391 35030
1281 291 35031
1339 711 35032
375 944 35033
1312 1313 35034
1013 398 35035
681 617 35036
375 912 35037
810 654 35038
26 1176 35039
302 1392 35040
26 1281 35041
1383 1283 35042
1176 26 35043
1236 615 35044
1236 1326 35045
1381 599 35046
398 701 35047
26 1176 35048
1381 42 35049
701 398 35050
639 1289 35051
1236 176 35052
1383 1283 35053
1236 793 35054
145 1042 35055
398 701 35056
1236 1329 35057
639 740 35058
272 306 35059
272 605 35060
1339 713 35061
1383 1381 35062
1383 1283 35063
710 41 35064
1236 738 35065
1283 700 35066
1381 1383 35067
1285 475 35068
1236 793 35069
1383 1381 35070
555 1281 35071
639 586 35072
793 353 35073
1176 26 35074
475 1285 35074
1236 555 35075
1236 793 35076
1358 993 35077
1189 475 35078
1358 372 35079
1358 840 35080
639 586 35081
1236 793 35082
1236 555 35083
1349 257 35084
1383 1283 35085
1236 704 35086
1383 1381 35087
1043 454 35088
1033 598 35089
1236 555 35090
639 1381 35091
1306 990 35092
1033 1355 35093
639 555 35094
337 626 35095
1236 394 35096
1127 1383 35097
103 1280 35098
1280 103 35099
626 337 35100
1383 1127 35101
1393 95 35102
1383 1283 35103
639 586 35104
1033 639 35105
859 105 35106
1375 740 35107
555 305 35108
639 994 35109
1033 194 35110
938 1323 35111
639 1033 35112
103 1280 35113
586 639 35114
1280 103 35115
871 830 35116
26 1176 35117
1383 1381 35118
824 823 35119
1373 354 35120
245 1264 35121
354 1373 35122
823 448 35123
1189 823 35124
1280 1033 35125
245 1264 35126
1281 26 35127
823 824 35128
1281 555 35129
1281 325 35130
555 1281 35131
824 823 35132
1033 1280 35133
871 830 35134
1281 555 35135
823 1189 35136
555 1281 35137
29 1394 35138
1033 639 35139
1033 1281 35140
249 964 35141
1033 26 35142
1281 555 35143
1281 1033 35144
1033 1381 35145
843 1237 35146
823 824 35147
249 1376 35148
555 1281 35149
1281 555 35150
712 95 35151
1033 1281 35152
105 621 35153
800 1072 35153
105 859 35154
1 1271 35155
1281 1033 35156
800 1072 35157
72 683 35158
800 1072 35159
1246 1386 35160
823 498 35161
1281 683 35162
800 1072 35163
823 1185 35164
800 1072 35165
679 1174 35166
928 943 35167
928 41 35168
928 1265 35169
1039 254 35170
710 245 35171
1185 823 35172
800 1072 35173
1383 1283 35174
679 1281 35175
254 1039 35176
1373 1350 35177
800 1072 35178
325 1281 35179
44 1 35180
254 1247 35181
823 615 35182
281 317 35183
800 1072 35184
317 281 35185
306 272 35186
306 309 35187
281 317 35188
317 281 35189
317 281 35190
281 317 35191
281 317 35192
317 281 35193
1359 1231 35194
679 50 35195
272 306 35196
281 317 35197
317 281 35198
800 1072 35199
1358 777 35200
800 1072 35201
448 823 35202
800 1072 35203
1358 777 35204
615 823 35205
783 784 35206
679 72 35207
281 1190 35208
306 272 35209
679 50 35210
272 306 35211
994 831 35212
306 272 35213
272 306 35214
1267 1180 35215
283 843 35216
994 315 35217
254 1039 35218
1373 62 35219
991 986 35220
1281 325 35221
1281 626 35222
679 1281 35223
1284 824 35224
679 50 35225
679 1174 35226
679 1281 35227
1284 1326 35228
994 639 35229
795 1384 35230
306 305 35231
498 823 35232
679 1281 35233
679 1174 35234
1071 598 35235
1113 508 35236
357 1178 35237
306 626 35238
1283 306 35239
53 1202 35240
626 306 35241
306 1283 35242
1283 306 35243
679 1174 35244
928 41 35245
306 1283 35246
306 1283 35247
1283 306 35248
325 1281 35249
306 1283 35250
981 831 35251
176 101 35252
938 67 35253
1395 32 35254
809 1213 35255
176 277 35256
1190 281 35257
454 1043 35257
809 795 35258
1386 1246 35259
1178 357 35260
1281 325 35261
1395 32 35262
357 1178 35263
357 1169 35264
809 257 35265
1190 1352 35266
1395 32 35267
741 758 35268
1395 32 35269
809 90 35270
1295 644 35271
101 176 35272
101 176 35273
325 1281 35274
1396 938 35275
569 1337 35276
1281 325 35277
63 26 35278
1397 1281 35279
277 176 35280
1281 1283 35281
1281 1397 35282
1281 1283 35283
1236 555 35284
1281 1283 35285
1236 615 35286
514 1398 35287
1236 176 35288
514 1350 35289
1113 576 35290
1176 26 35291
479 683 35292
642 1280 35293
1262 42 35294
1236 549 35295
1083 1127 35296
482 353 35297
1083 105 35298
576 1113 35299
1236 1302 35300
353 482 35301
105 1083 35302
482 353 35303
1236 1185 35304
1283 1295 35305
353 482 35306
1236 990 35307
1083 105 35308
482 353 35309
1178 357 35310
357 1178 35311
725 835 35312
938 1396 35313
1018 1359 35314
1373 609 35315
346 1062 35316
1399 1018 35317
1359 1018 35318
26 63 35319
26 1176 35320
679 1174 35321
679 1281 35322
1087 1131 35323
483 821 35324
398 354 35325
474 337 35326
474 163 35327
163 1283 35328
1060 199 35329
1117 856 35330
163 474 35331
1237 843 35332
1060 191 35333
1358 777 35334
1236 615 35335
1246 1400 35336
1381 1033 35337
176 277 35338
176 101 35339
1400 1246 35340
1236 176 35341
1236 549 35342
199 1060 35343
314 834 35344
314 372 35345
1246 1400 35346
725 1260 35347
1236 176 35348
753 1271 35349
1400 1246 35350
1271 1 35351
474 163 35352
1246 1400 35353
460 546 35354
1038 576 35355
1236 549 35356
1236 176 35357
323 753 35358
1340 1137 35359
323 753 35360
146 312 35361
6 422 35362
9 1401 35363
422 6 35364
1399 1335 35365
1399 1335 35366
1101 1138 35367
1052 1365 35368
549 236 35369
598 1216 35370
753 323 35371
1236 615 35372
704 1395 35373
1379 912 35374
19 1390 35375
704 1393 35376
1236 615 35377
704 1400 35378
425 992 35379
425 1103 35380
1359 1342 35381
1335 1342 35382
1400 704 35383
220 719 35384
1236 615 35385
1284 1213 35386
1236 368 35387
997 415 35388
1213 1284 35389
1312 103 35390
1354 908 35391
986 991 35391
1236 1043 35392
1354 1183 35393
1350 514 35394
1176 26 35395
1365 834 35396
1236 1287 35397
1312 103 35398
581 779 35399
114 770 35400
1236 176 35401
114 19 35402
1236 176 35403
1231 1252 35404
1033 1137 35405
12 997 35406
1037 1072 35407
1283 699 35408
539 1253 35409
547 1280 35410
409 687 35411
12 1252 35412
1373 609 35413
1339 783 35414
12 409 35415
1043 454 35416
409 1004 35417
697 1006 35418
9 1196 35419
12 409 35420
372 353 35421
687 409 35422
1364 199 35423
1398 514 35424
409 687 35425
12 409 35426
454 1043 35427
12 32 35428
1364 1393 35429
1110 752 35430
12 409 35431
1373 32 35432
1043 454 35433
353 372 35434
1373 615 35435
1236 176 35436
1236 1043 35437
9 1196 35437
12 409 35438
454 1043 35439
372 353 35440
679 1281 35441
1043 454 35442
783 1339 35443
12 32 35444
1334 42 35445
1334 1068 35446
26 1176 35447
12 1255 35448
12 1255 35449
700 1283 35450
12 32 35451
687 1281 35452
12 969 35453
12 32 35454
1373 105 35455
353 372 35456
12 32 35457
1103 425 35458
12 1255 35459
1373 1313 35460
118 847 35461
118 943 35462
1032 783 35463
1312 1313 35464
12 32 35465
271 194 35466
1339 783 35467
454 1043 35468
711 1356 35469
711 32 35470
711 1339 35471
12 1255 35472
1339 711 35473
770 1103 35474
12 1344 35475
32 711 35476
1183 1354 35477
12 1118 35478
1043 454 35479
711 1339 35480
12 1344 35481
711 32 35482
12 1118 35483
770 1196 35484
12 1284 35485
783 1032 35486
783 1339 35487
783 1339 35488
12 1118 35489
12 1344 35490
1339 711 35491
1339 783 35492
770 454 35492
32 711 35493
12 1118 35494
1032 783 35495
118 120 35496
711 1339 35497
1402 1339 35498
1402 32 35499
1138 1283 35500
711 32 35501
12 1284 35502
12 1344 35503
1339 711 35504
12 969 35505
12 1118 35506
12 1344 35507
711 1339 35508
1402 1339 35509
32 711 35510
711 32 35511
325 1281 35512
454 1043 35513
12 1118 35514
1339 711 35515
1185 454 35516
12 1118 35517
277 176 35518
12 1138 35519
12 1118 35520
308 146 35520
12 1118 35521
783 1032 35522
822 819 35523
1402 32 35524
1402 1339 35525
12 1118 35526
1402 325 35527
711 1339 35528
176 277 35529
1402 32 35530
12 1118 35531
454 1185 35532
1043 454 35533
12 1118 35534
1339 711 35535
12 1118 35536
12 1118 35537
308 278 35538
454 1043 35539
12 1118 35540
711 1339 35541
354 398 35542
12 969 35543
423 938 35544
12 1118 35545
12 1118 35546
398 354 35547
42 1226 35548
12 1118 35549
12 1118 35550
398 354 35551
12 1118 35552
277 176 35553
12 1118 35554
12 1118 35555
12 1118 35556
105 1083 35557
42 306 35558
354 398 35559
105 474 35560
354 398 35561
12 1255 35562
1260 725 35563
1339 1255 35564
498 1050 35565
32 1050 35566
12 1118 35567
679 649 35568
598 1033 35569
1255 1339 35570
12 1118 35571
498 1402 35572
398 354 35573
12 1118 35574
881 1090 35575
12 1118 35576
810 1138 35577
810 1351 35578
1050 498 35579
546 460 35580
725 1260 35581
498 1072 35582
546 460 35583
354 398 35584
546 544 35585
1383 1138 35586
1339 1255 35587
725 454 35588
835 725 35589
516 296 35590
398 354 35591
725 835 35592
1255 1339 35593
296 516 35594
1339 1255 35595
1375 199 35596
398 354 35597
1255 1339 35598
1072 498 35599
725 454 35600
90 1006 35601
1339 1255 35602
878 1069 35603
1255 1339 35604
770 454 35605
431 308 35606
431 617 35607
357 1169 35608
1043 454 35609
454 1043 35610
1339 1255 35611
1043 454 35612
1255 1339 35613
454 1043 35614
986 649 35614
542 598 35615
770 454 35616
986 19 35617
1339 1255 35618
249 964 35619
770 454 35620
1043 454 35621
725 454 35622
1255 1339 35623
454 1043 35624
1043 454 35625
1339 1255 35626
770 454 35627
719 220 35628
835 725 35629
725 454 35630
306 42 35631
725 835 35632
1255 1339 35633
1274 1281 35634
770 454 35635
639 1033 35636
1339 1231 35637
1339 1255 35638
1137 1033 35639
639 994 35640
1255 1339 35641
1339 1280 35642
835 725 35643
1231 1339 35644
1113 576 35645
1339 474 35646
1339 1255 35647
1339 1231 35648
1255 1339 35649
474 1339 35650
1339 1255 35651
912 375 35652
1339 474 35653
1231 1339 35654
725 835 35655
912 1379 35656
1142 752 35657
474 1339 35657
1339 1231 35658
725 454 35659
1339 474 35660
1231 1339 35661
1280 1339 35662
1339 1231 35663
1384 795 35664
474 1339 35665
576 649 35666
1339 1280 35667
1280 725 35668
1384 778 35669
576 1339 35670
1358 1381 35671
1280 1339 35672
281 317 35673
878 1255 35674
1358 777 35675
1339 474 35676
63 814 35677
1339 576 35678
105 474 35679
1176 26 35680
474 1377 35681
317 281 35682
281 317 35683
398 1377 35684
800 1384 35685
317 281 35686
1339 1280 35687
281 317 35688
1306 990 35689
317 281 35690
474 1339 35691
1255 1339 35692
1255 878 35693
725 1280 35694
1231 1339 35695
1006 90 35696
1280 1339 35697
281 317 35698
725 1280 35699
1339 474 35700
994 639 35701
1280 725 35702
871 1029 35703
714 517 35704
800 1384 35705
1280 725 35706
871 1384 35707
1339 1231 35708
1038 576 35709
1185 454 35710
544 546 35711
1339 1280 35712
1346 1314 35713
1185 454 35714
1339 1255 35715
596 1179 35716
725 1280 35717
1383 1138 35718
353 261 35719
1033 1281 35720
800 1384 35721
261 353 35722
1033 1381 35723
1280 1339 35724
474 1339 35725
1284 131 35726
800 1384 35726
1280 725 35727
994 596 35728
1231 1339 35729
800 1384 35730
835 725 35731
1033 598 35732
871 1384 35733
770 1384 35734
1339 474 35735
878 1255 35736
725 1280 35737
1339 1231 35738
770 658 35739
454 725 35740
1339 1280 35741
1339 576 35742
474 1339 35743
1033 639 35744
1280 725 35745
994 993 35746
725 835 35747
725 454 35748
1280 1339 35749
1403 1255 35750
1231 1339 35751
1033 1137 35752
725 1280 35753
1339 474 35754
986 725 35755
1339 1280 35756
1280 725 35757
1280 1339 35758
1339 1231 35759
1339 1280 35760
474 1339 35761
770 1384 35762
871 1384 35763
986 725 35764
1339 474 35765
770 1384 35766
131 1284 35767
1231 1339 35768
725 454 35769
1033 1377 35770
474 1339 35771
871 1384 35772
576 1339 35773
770 1384 35774
1339 1231 35775
725 1280 35776
342 63 35777
1339 576 35778
770 1384 35779
261 835 35780
1231 1339 35781
576 1339 35782
1339 1231 35783
431 617 35784
576 1339 35785
1375 994 35786
576 1339 35787
871 1384 35788
800 1256 35789
596 994 35790
128 927 35791
699 1283 35792
596 994 35793
835 725 35794
770 1384 35795
986 725 35796
835 261 35797
994 454 35798
576 1339 35799
986 1036 35800
1284 131 35801
871 1384 35802
220 719 35803
1136 254 35804
415 1350 35805
576 1339 35806
1036 32 35807
994 596 35808
725 835 35809
1375 994 35810
131 1284 35811
1317 919 35812
32 1036 35813
770 1384 35814
1404 1219 35815
1255 1339 35816
835 725 35817
1255 878 35818
1244 1287 35819
596 994 35820
1317 817 35821
1339 1255 35822
1255 1339 35823
1284 131 35824
986 725 35825
1339 1255 35826
254 1244 35827
538 546 35828
131 1284 35829
431 617 35830
792 1297 35831
1236 1043 35832
1236 176 35833
1255 1339 35834
1136 254 35835
398 1359 35836
1236 990 35837
409 19 35838
725 835 35839
1339 1255 35840
1367 1138 35841
994 596 35842
342 63 35843
1255 1339 35844
576 1339 35845
1136 398 35846
1284 131 35846
1339 1255 35847
1136 254 35848
1089 1365 35849
1339 576 35850
9 1050 35851
770 396 35852
323 643 35853
323 643 35854
576 1339 35855
1403 1255 35856
1339 576 35857
131 1284 35858
1136 254 35859
503 102 35860
142 329 35861
643 323 35862
792 1036 35863
254 1136 35864
1404 1219 35865
323 341 35866
576 1339 35867
1136 254 35868
1033 701 35869
63 26 35870
1339 576 35871
323 367 35872
498 1072 35872
713 353 35873
576 1033 35874
596 994 35875
1117 856 35876
792 1297 35877
367 323 35878
752 1142 35879
725 719 35880
323 725 35881
254 1136 35882
323 643 35883
1033 1211 35884
323 367 35885
1138 254 35886
1136 254 35887
342 63 35888
191 1060 35889
6 422 35890
643 323 35891
367 323 35892
249 725 35893
1211 1033 35894
1211 32 35895
725 323 35895
323 643 35896
254 1138 35897
576 1339 35898
254 1136 35899
323 367 35900
323 725 35901
643 323 35902
1136 254 35903
1033 576 35904
367 323 35905
1033 1211 35906
1403 859 35907
725 323 35908
1339 576 35909
576 1033 35910
323 643 35911
1255 1339 35912
323 367 35913
1215 1317 35914
1255 1403 35915
1339 1255 35916
643 323 35917
1215 1136 35918
323 725 35919
1284 131 35920
1403 1255 35921
254 1136 35922
1033 576 35923
725 323 35924
719 725 35925
323 643 35926
576 1339 35927
323 725 35928
725 719 35929
835 725 35930
341 323 35931
323 367 35932
342 63 35933
991 101 35934
323 341 35935
350 1168 35936
725 323 35937
350 626 35938
725 835 35939
254 1211 35940
323 97 35941
1359 398 35942
341 323 35943
1215 1317 35944
26 1176 35945
26 63 35946
576 1033 35946
398 1359 35947
1339 576 35948
249 725 35949
249 725 35950
643 323 35951
856 1176 35952
1255 1339 35953
1255 1403 35954
131 1284 35955
1339 1255 35956
1215 1317 35957
835 725 35958
1403 1255 35959
1339 323 35960
1215 1317 35961
323 725 35962
576 1339 35963
323 341 35964
679 474 35965
323 643 35966
725 835 35967
1339 576 35968
576 1339 35969
341 323 35970
323 1339 35971
422 6 35972
725 323 35973
1283 1138 35974
1339 323 35975
871 267 35976
342 63 35977
323 341 35978
341 1255 35979
799 994 35980
576 1339 35981
6 422 35982
323 725 35983
323 1339 35984
341 323 35985
249 725 35986
1339 576 35987
725 323 35988
1339 323 35989
576 1339 35990
323 341 35991
834 1365 35992
342 63 35993
1284 131 35994
1215 1317 35995
323 1339 35996
576 1339 35997
1339 323 35998
367 323 35999
323 1339 36000
1339 576 36001
560 908 36002
1339 323 36003
1405 516 36004
323 367 36005
422 6 36006
342 63 36007
323 1339 36008
367 323 36009
1381 1033 36010
1339 323 36011
617 103 36012
503 605 36013
323 367 36014
1176 26 36015
792 1297 36015
323 1339 36016
1044 753 36017
6 422 36018
1044 758 36019
809 795 36020
576 1339 36021
1044 323 36022
323 950 36023
1340 609 36024
1216 598 36025
1339 323 36026
638 1406 36026
1331 632 36027
609 1340 36028
342 63 36029
1339 576 36030
809 560 36031
1044 323 36032
1375 1056 36033
1340 1374 36034
323 1339 36035
609 297 36036
1340 1407 36037
1044 323 36038
103 617 36039
809 560 36040
1339 323 36041
398 1136 36042
503 527 36043
617 103 36044
560 1216 36045
1184 644 36046
681 617 36047
546 544 36048
617 103 36049
323 1339 36050
131 1284 36051
323 42 36052
546 538 36053
131 125 36054
1044 323 36055
1339 323 36056
367 323 36057
1402 1339 36058
1184 711 36059
12 1138 36060
503 638 36061
12 986 36062
1018 772 36063
950 323 36064
704 1297 36065
1402 32 36066
12 711 36067
503 527 36068
711 1184 36069
1281 354 36070
1297 704 36071
1295 1283 36072
1087 1131 36073
503 527 36074
1402 1083 36075
12 711 36076
1283 1295 36077
503 352 36077
1402 29 36078
1281 1033 36079
1284 131 36080
307 317 36080
12 1118 36081
1402 950 36082
704 1297 36082
1402 254 36083
1184 711 36084
12 527 36085
1402 423 36086
1402 1033 36087
1283 409 36088
1359 1335 36089
1402 994 36090
605 90 36091
1402 704 36092
1281 325 36093
12 392 36094
372 1359 36095
704 323 36096
90 605 36097
1402 1319 36098
1281 687 36099
1402 560 36100
1359 372 36101
12 1214 36102
871 306 36103
103 617 36104
605 90 36105
372 952 36106
503 272 36107
617 103 36108
1402 1339 36109
871 952 36110
1402 254 36111
503 254 36112
503 352 36113
1297 704 36114
103 617 36115
90 605 36116
1402 254 36117
503 254 36118
617 103 36119
1216 598 36120
372 1359 36120
681 617 36121
1402 1339 36122
261 835 36123
605 90 36124
1402 950 36125
598 1216 36126
843 306 36127
1367 1138 36128
307 317 36129
1402 254 36130
12 711 36131
12 711 36132
353 392 36133
1283 1063 36134
306 843 36135
1402 560 36136
90 605 36136
617 103 36137
249 1402 36138
144 1408 36139
254 1402 36140
605 90 36141
128 1113 36142
1319 1402 36143
90 605 36144
1083 1402 36145
67 1402 36146
1044 1402 36147
679 1281 36148
560 1402 36149
1044 753 36150
323 367 36151
1044 323 36152
681 1402 36153
617 317 36154
605 317 36155
323 950 36156
1339 1402 36157
617 103 36158
835 261 36159
1044 753 36160
128 557 36161
1044 323 36162
1339 90 36163
306 952 36164
128 503 36165
1379 912 36166
1274 1281 36167
770 1402 36168
1379 131 36169
323 704 36170
294 831 36171
1402 254 36172
90 1339 36173
557 128 36174
1402 1319 36175
350 1353 36175
307 317 36176
12 834 36177
1402 560 36178
617 103 36179
704 323 36179
128 1409 36180
1216 542 36181
1402 1083 36182
605 734 36183
1339 1234 36184
950 1402 36184
297 609 36185
950 323 36186
254 1402 36187
952 306 36188
1317 507 36189
560 1402 36190
306 952 36191
389 830 36192
249 1402 36193
1402 950 36194
1339 90 36195
1402 254 36196
389 609 36196
710 1283 36197
681 1402 36198
1402 560 36199
1026 615 36200
538 546 36201
507 1317 36202
254 1402 36203
1026 184 36204
1026 1045 36205
770 1402 36206
323 704 36207
1317 507 36208
1402 254 36209
272 503 36209
1184 254 36210
372 1402 36211
1117 856 36212
1274 306 36213
422 6 36214
249 1402 36215
1069 878 36216
306 1274 36217
254 1402 36218
372 1402 36219
704 323 36220
323 950 36221
372 1354 36222
843 356 36223
1274 306 36224
6 422 36225
681 1402 36226
1402 1339 36227
770 1402 36228
12 1379 36229
1402 372 36230
507 1317 36231
323 704 36232
356 843 36233
1044 1402 36234
1409 128 36235
1317 507 36236
1402 254 36237
1069 542 36238
439 952 36239
1402 372 36240
1184 254 36241
1339 1402 36242
249 1402 36243
704 323 36244
560 1402 36245
1402 1339 36246
372 1402 36247
128 557 36248
770 1402 36249
1402 560 36250
814 63 36251
539 952 36252
539 952 36253
1402 372 36254
254 1402 36255
1339 1402 36256
1402 254 36257
770 1402 36258
1402 1339 36259
261 835 36260
128 1409 36261
323 1339 36261
507 1317 36262
1410 753 36263
372 1402 36264
1339 1402 36265
36 211 36266
339 1402 36267
1402 372 36268
254 1402 36269
372 1402 36270
770 1402 36271
1402 1339 36272
919 1317 36273
1402 339 36274
372 1402 36275
1402 254 36276
1402 372 36277
1379 1402 36278
1339 323 36279
710 539 36280
12 1379 36281
1184 254 36282
1402 372 36283
12 1379 36284
1339 1402 36285
1410 6 36286
1402 1379 36287
372 1402 36288
1184 644 36289
770 1402 36289
1379 12 36290
1402 1339 36291
1044 1402 36292
1402 372 36293
1379 1402 36294
679 1281 36295
372 1402 36296
1400 1411 36297
1402 1379 36298
1281 356 36299
1402 372 36300
323 704 36301
1379 1402 36302
372 1402 36303
770 1402 36304
1184 254 36305
871 306 36306
1402 1379 36307
254 1216 36308
770 36 36308
1339 589 36309
1402 372 36310
1381 798 36311
1410 6 36312
356 1281 36313
1379 1402 36314
704 323 36315
339 1402 36316
1274 1281 36317
594 1171 36318
1381 783 36319
1184 367 36320
810 1402 36321
1281 356 36322
544 546 36323
770 1402 36323
1184 254 36324
1339 1402 36325
1402 1379 36326
1402 339 36327
1402 339 36328
1409 128 36329
1410 6 36330
1402 1339 36331
1402 498 36332
1184 254 36333
356 1281 36333
1184 254 36334
1379 598 36335
367 1184 36336
1184 254 36337
12 1379 36338
1184 254 36339
128 612 36340
1379 598 36341
874 919 36342
871 306 36343
1184 367 36344
1379 1402 36344
12 569 36345
1402 1379 36346
1138 254 36347
1379 1402 36348
323 1339 36349
1044 1402 36350
1402 1379 36351
1138 1283 36352
143 1339 36353
367 1184 36354
810 1402 36354
1274 1281 36355
12 358 36356
1383 1381 36357
1281 356 36358
1184 367 36359
12 358 36359
128 235 36360
569 128 36361
67 1402 36362
1339 323 36363
128 1409 36364
372 1402 36365
546 538 36366
576 1339 36367
12 1138 36368
128 569 36369
372 1402 36370
372 1402 36371
12 358 36372
546 544 36372
356 1281 36373
810 1402 36374
12 569 36375
609 389 36376
12 358 36377
569 128 36378
1184 367 36379
350 358 36380
1339 576 36381
12 1118 36382
546 598 36382
128 569 36383
418 1402 36383
12 569 36384
544 546 36385
681 1402 36386
67 697 36387
576 1339 36388
12 358 36389
12 1118 36390
569 128 36391
1184 367 36392
12 1118 36393
1216 254 36394
871 306 36395
569 128 36396
12 1138 36397
1123 507 36398
12 569 36399
871 306 36400
1339 576 36401
372 1412 36402
128 569 36403
12 358 36404
1274 1281 36405
12 1118 36406
1038 576 36407
12 1138 36408
350 358 36409
950 323 36410
507 1123 36411
1280 725 36412
569 128 36413
392 353 36414
1339 297 36415
1280 1339 36416
1036 792 36417
598 1379 36418
1281 539 36419
1280 1287 36420
1412 372 36421
1295 1283 36422
12 392 36423
128 548 36424
1339 1280 36425
297 1339 36426
63 814 36427
354 398 36428
12 1118 36429
1280 1339 36430
1339 297 36431
12 569 36432
354 398 36433
372 1018 36434
12 1118 36435
372 1412 36436
1339 1280 36437
297 1339 36438
576 1339 36439
871 1412 36440
993 994 36441
372 1381 36442
1339 297 36443
12 1118 36444
1280 1339 36444
146 308 36445
297 1339 36445
1287 1280 36446
1339 576 36447
12 392 36448
1280 1287 36449
1339 1280 36450
1339 297 36451
1018 372 36452
12 1118 36452
1381 372 36453
12 569 36454
1274 1281 36455
993 1402 36456
640 576 36457
1339 297 36458
1381 372 36459
576 1339 36460
1381 128 36461
12 392 36462
546 544 36463
372 1018 36464
576 640 36464
372 1381 36465
372 1381 36466
12 1118 36467
503 128 36468
503 272 36469
792 1036 36470
297 1339 36471
12 392 36472
1339 576 36472
12 569 36473
503 306 36473
640 576 36474
306 503 36475
1381 372 36476
1339 297 36477
1381 372 36478
503 306 36479
576 1339 36480
306 503 36481
12 1118 36482
306 503 36483
503 306 36484
12 1138 36485
1036 792 36486
12 392 36487
12 569 36488
12 1118 36489
12 392 36490
576 640 36491
12 1118 36492
792 1036 36493
12 569 36494
128 1381 36495
323 1339 36496
640 576 36497
1328 306 36498
372 1381 36499
372 1381 36500
582 598 36501
12 1138 36502
1383 1381 36503
323 950 36504
12 392 36505
1381 128 36505
859 1403 36506
1274 1281 36507
12 1118 36508
760 542 36509
1083 1402 36510
372 592 36511
810 1412 36512
12 569 36513
372 353 36514
843 1237 36515
1283 1138 36516
12 1138 36517
792 1036 36518
12 1118 36519
1354 372 36520
12 392 36521
592 372 36522
12 569 36523
1383 1381 36524
128 1381 36525
1381 128 36526
1215 498 36527
372 1354 36528
372 592 36529
598 582 36530
1383 1381 36531
12 1118 36532
12 569 36533
576 640 36534
1381 1383 36535
938 423 36536
128 1354 36537
792 1036 36538
12 392 36539
1215 498 36540
12 1118 36541
128 1381 36542
12 569 36543
592 372 36544
392 306 36545
12 1118 36546
681 562 36547
871 843 36548
308 281 36549
12 1118 36550
12 392 36551
12 1118 36552
792 1036 36553
582 598 36554
12 569 36555
1138 1283 36556
12 1118 36557
1383 1381 36558
1383 1381 36559
12 1118 36560
1339 323 36561
792 1036 36562
372 592 36563
12 1118 36564
592 372 36565
372 482 36566
1215 498 36567
12 1118 36568
1373 408 36569
128 1381 36570
372 592 36571
1281 1283 36572
1274 1281 36573
1383 392 36574
883 72 36575
297 1339 36576
871 843 36577
1373 592 36578
1283 1138 36579
871 843 36580
1373 592 36581
933 1214 36582
600 470 36583
372 592 36584
372 482 36585
600 105 36586
1138 1283 36587
372 482 36588
1383 392 36589
1283 1138 36590
1033 576 36591
1158 325 36592
1158 325 36593
1373 713 36594
1280 1403 36595
592 372 36596
1402 372 36597
1373 592 36598
372 482 36599
1402 418 36600
1138 1283 36601
1033 1381 36602
1402 993 36603
482 372 36604
1402 1083 36605
372 1402 36606
1383 392 36607
372 482 36608
372 482 36609
372 592 36610
1033 1281 36611
146 128 36612
1373 592 36613
1373 592 36614
1383 392 36615
1283 1138 36616
1281 1033 36617
1138 1283 36618
713 325 36619
1373 609 36620
843 1237 36621
1235 1402 36622
713 548 36623
1235 576 36624
1413 1381 36625
1235 843 36626
1274 1281 36627
1283 1138 36628
713 271 36629
1383 392 36630
1235 843 36631
639 994 36632
1414 42 36633
128 1415 36634
639 1033 36635
1138 1283 36636
1379 598 36637
639 498 36638
315 994 36639
1281 1274 36640
792 356 36641
1089 1412 36642
1283 1138 36643
1383 392 36644
128 778 36645
315 840 36646
72 883 36647
1083 1402 36648
1138 1283 36648
1383 392 36649
1283 1138 36650
599 1381 36651
1138 1283 36652
1283 1138 36653
1383 392 36654
1138 1283 36655
1283 1138 36656
1416 277 36657
495 585 36658
555 1292 36659
495 1113 36660
1138 1283 36661
468 277 36662
1023 1402 36663
1023 1402 36664
1283 1138 36665
1381 1033 36666
1381 128 36667
495 950 36668
1381 1383 36669
1381 1413 36670
1383 392 36671
1381 599 36672
1138 1283 36673
146 128 36674
1381 713 36675
1416 1138 36676
1381 1413 36677
1383 1381 36678
1138 1283 36679
1381 1383 36680
1383 392 36681
1383 1381 36682
392 1295 36683
42 1414 36684
1283 1138 36685
495 1043 36686
128 1381 36687
1383 1381 36688
1383 1381 36689
42 135 36690
942 605 36691
1381 128 36692
1138 1283 36693
893 994 36694
495 1043 36695
495 498 36696
893 590 36697
1381 1138 36698
128 1381 36699
498 495 36700
1381 1138 36701
1381 128 36702
1383 1381 36703
1283 1138 36704
1138 1381 36705
1138 1381 36706
1381 1383 36707
128 1381 36708
1381 1138 36709
1381 128 36710
599 1381 36711
1138 1283 36712
1383 1381 36713
1416 1138 36714
1138 1381 36715
128 1381 36716
422 6 36717
495 498 36718
1381 599 36719
495 498 36720
1281 1023 36721
1381 1138 36722
1383 1381 36723
498 495 36724
1138 1381 36725
1381 1138 36726
1381 495 36727
1283 1138 36728
1138 1381 36729
128 1004 36730
1381 1138 36731
599 1381 36732
1416 1138 36733
498 495 36734
1381 599 36735
1138 1283 36736
498 495 36737
1138 1381 36738
1383 1381 36739
128 1381 36740
1381 128 36741
1383 1381 36742
783 1381 36742
1381 783 36743
128 1381 36744
783 1381 36745
1381 128 36746
1383 1381 36747
1381 783 36748
128 1381 36749
1381 128 36750
599 1381 36751
1383 1381 36752
128 1381 36753
1381 599 36754
1138 1381 36755
1381 1138 36756
1381 1138 36757
1383 1381 36758
1283 1138 36759
1383 1381 36760
1138 1381 36761
1138 1381 36762
783 1381 36763
1381 1138 36764
542 1069 36765
1381 783 36766
1138 1283 36767
542 760 36768
1138 1381 36769
1383 1283 36770
1317 1417 36771
1383 1381 36772
1283 1138 36773
783 1381 36774
1381 783 36775
1056 1032 36776
1381 1138 36777
760 576 36778
599 1381 36779
1383 1283 36780
599 1381 36781
1138 1283 36782
1381 599 36783
783 1381 36784
1417 1317 36785
1381 599 36786
1381 783 36787
1138 1381 36788
1381 1138 36789
599 1381 36790
599 1381 36791
1138 1381 36792
1283 1138 36793
1138 1283 36794
1381 599 36795
1381 1138 36796
1381 1383 36797
1383 1381 36798
783 1381 36799
1383 1381 36800
1381 783 36801
1281 413 36802
1283 1138 36803
1381 843 36804
1138 1381 36805
1283 1383 36806
783 1381 36807
325 1402 36808
1138 1283 36809
1383 1381 36810
325 1281 36811
1416 1138 36812
325 1158 36813
783 1213 36814
1383 1283 36815
1416 1413 36816
1381 1383 36817
599 1381 36818
479 413 36819
479 413 36820
1416 1138 36821
1383 1381 36822
1356 1281 36823
1356 852 36824
413 479 36824
1138 1381 36825
1381 1138 36826
1381 1138 36827
1356 711 36828
413 479 36829
479 413 36830
479 413 36831
1416 1138 36832
413 479 36833
1138 1381 36834
1416 1291 36835
479 413 36836
1138 1381 36837
413 479 36838
1416 260 36839
479 413 36840
1381 1138 36841
1381 1138 36842
1295 392 36843
1416 1138 36844
413 479 36845
1381 1138 36846
479 413 36847
1168 683 36848
1283 1138 36849
1416 713 36850
413 479 36851
479 413 36852
1138 1381 36853
1138 1381 36854
1138 1381 36855
1138 1283 36856
1283 1138 36857
1281 1356 36858
1281 325 36859
1281 413 36860
1283 1402 36861
350 1168 36862
542 1292 36863
1213 783 36864
865 1402 36865
1142 752 36866
809 795 36867
9 1317 36868
9 1196 36869
1113 128 36870
1113 323 36871
1113 933 36872
713 325 36873
1113 495 36874
342 1417 36875
342 783 36876
342 843 36877
342 1216 36878
1272 1244 36879
26 1176 36880
254 1216 36881
605 277 36882
281 317 36883
830 389 36884
679 1281 36885
67 1417 36886
163 474 36887
1403 859 36888
1403 1280 36889
509 616 36890
830 389 36891
1373 859 36892
1236 1043 36893
1236 615 36894
1236 176 36895
1236 392 36896
1236 1287 36897
725 1280 36898
1373 1306 36899
594 1289 36900
576 1033 36901
615 1026 36902
409 1283 36903
1374 699 36904
699 1374 36905
699 1374 36906
1374 699 36907
1234 1339 36908
225 638 36909
792 1036 36910
189 36 36911
225 1281 36912
699 1374 36913
189 712 36914
249 964 36915
3 555 36916
711 1356 36917
1373 697 36918
1328 391 36919
1373 753 36920
859 1403 36921
1373 707 36922
859 413 36923
1373 859 36924
1402 372 36925
1373 1191 36926
1403 859 36926
1402 1083 36927
1402 1023 36928
1373 859 36929
1402 325 36930
1402 1283 36931
919 874 36932
1402 865 36933
859 1403 36934
810 1402 36935
431 859 36936
114 770 36937
1262 598 36938
114 770 36939
1403 859 36940
810 1402 36941
770 1402 36942
859 1403 36943
1113 323 36944
1189 1407 36945
1189 1402 36946
1189 1291 36947
950 495 36948
1189 835 36949
1236 615 36950
431 859 36951
871 1384 36952
871 1384 36953
871 1384 36954
809 1262 36955
1044 1402 36956
1127 1083 36957
1127 454 36958
1127 1274 36959
278 308 36960
560 1072 36961
712 189 36962
712 640 36963
1153 1103 36964
1339 1234 36965
1280 725 36966
1018 413 36967
1358 352 36968
1274 1281 36969
1018 711 36970
621 105 36971
389 609 36972
952 439 36973
389 830 36974
389 830 36975
598 1379 36976
919 50 36977
337 474 36978
339 1000 36979
1000 339 36980
1402 1189 36981
708 105 36982
843 1268 36983
50 919 36984
1387 1313 36985
431 859 36986
101 176 36987
634 341 36988
105 621 36989
105 708 36990
101 198 36991
821 752 36992
42 1418 36993
1179 596 36994
1044 1402 36995
683 479 36996
1393 332 36997
1044 1402 36998
423 1402 36999
483 398 37000
9 1317 37001
184 1026 37002
483 821 37003
9 1402 37004
908 560 37005
908 1354 37006
431 617 37007
1359 1335 37008
114 770 37009
594 1289 37010
339 1402 37011
9 1265 37012
189 712 37013
42 1402 37014
1402 339 37015
1402 42 37016
189 712 37017
1018 708 37018
1402 687 37019
1018 1402 37020
1402 1018 37021
1272 1402 37022
1018 1402 37023
317 605 37024
189 1291 37025
495 498 37026
714 1376 37027
317 538 37028
495 1381 37029
495 498 37030
495 498 37031
317 1171 37032
1402 1272 37033
189 1261 37034
181 766 37035
1402 1018 37036
495 1113 37037
1272 1402 37038
181 495 37039
495 950 37040
1367 1138 37041
339 475 37042
479 683 37043
495 181 37044
339 598 37045
339 495 37046
569 372 37047
176 101 37048
950 495 37049
398 354 37050
398 483 37051
1295 1117 37052
9 1402 37053
9 1196 37054
1281 683 37055
181 495 37056
840 315 37057
124 598 37058
1127 296 37059
1138 1367 37060
124 1402 37061
598 124 37062
124 598 37063
498 495 37064
353 42 37065
252 1402 37066
386 422 37067
124 97 37068
146 26 37069
415 1208 37070
146 26 37071
146 26 37072
146 26 37073
212 590 37074
1176 26 37075
415 997 37076
598 124 37077
26 1176 37078
498 495 37079
598 1262 37080
425 1103 37081
598 582 37082
598 546 37083
316 714 37084
598 1033 37085
928 542 37086
598 1379 37087
711 1018 37088
598 644 37089
1260 725 37090
124 598 37091
1402 124 37092
838 626 37093
439 952 37094
26 386 37095
481 1402 37096
598 124 37097
67 1417 37098
1286 1359 37099
1 1271 37100
473 1189 37101
1286 1342 37102
1286 1343 37103
609 389 37104
97 124 37105
36 189 37106
1033 1281 37107
32 799 37108
1171 317 37109
1033 639 37110
124 598 37111
810 1402 37112
124 97 37113
1189 1402 37114
124 1402 37115
1189 473 37116
1033 1381 37117
1033 576 37118
576 1033 37119
1176 26 37120
1033 598 37121
431 595 37122
1292 555 37123
1393 1364 37124
1292 325 37125
586 1402 37126
1393 704 37127
1033 576 37128
97 124 37129
474 163 37130
546 598 37131
749 1118 37132
576 1033 37133
431 595 37134
431 859 37135
352 503 37136
1393 1365 37137
1260 1006 37138
1033 1377 37139
1032 1056 37140
557 128 37141
1262 598 37142
146 309 37143
189 36 37144
307 189 37145
105 474 37146
1262 644 37147
277 605 37148
146 739 37149
758 741 37150
172 840 37151
105 474 37152
679 1174 37153
679 474 37154
679 474 37155
32 840 37156
679 1281 37156
679 1310 37157
114 770 37158
679 474 37159
105 474 37160
679 474 37161
704 958 37162
1187 1060 37163
105 474 37164
596 1179 37165
1358 352 37166
679 474 37167
871 1358 37168
1113 495 37169
105 474 37170
1402 124 37171
1402 586 37172
1066 1072 37173
810 1402 37174
1274 1358 37175
352 1358 37176
701 233 37177
1103 425 37178
679 474 37179
810 1402 37180
105 474 37181
799 32 37182
679 398 37183
792 1036 37184
36 189 37185
792 1036 37186
679 474 37187
105 474 37188
1183 42 37189
835 261 37190
105 711 37191
835 1189 37192
105 474 37193
835 1063 37194
679 474 37195
1189 835 37196
835 1189 37197
32 799 37198
1383 1283 37199
32 1183 37199
1419 356 37200
1383 26 37201
105 474 37202
1420 356 37203
105 474 37204
1183 32 37205
1420 468 37206
32 1183 37207
1236 339 37208
26 1383 37209
1420 191 37210
1236 615 37211
679 474 37212
1236 1287 37213
1377 1033 37214
1183 32 37215
1291 189 37216
105 474 37217
105 474 37218
679 398 37219
679 474 37220
1383 26 37221
1236 308 37222
105 474 37223
679 474 37224
105 474 37225
1118 749 37226
679 398 37227
679 398 37228
659 254 37229
679 398 37230
1153 1103 37231
474 1339 37232
398 679 37233
1236 969 37234
474 679 37235
105 711 37236
679 398 37237
105 474 37238
679 474 37239
398 679 37240
679 398 37241
105 711 37242
809 1262 37243
810 1420 37244
3 32 37245
356 1419 37246
474 679 37247
105 711 37248
398 679 37249
679 474 37250
105 474 37251
679 398 37252
952 439 37253
1189 835 37254
356 1420 37255
398 679 37256
131 1379 37257
1402 810 37258
679 398 37259
131 1284 37260
105 711 37261
1281 1033 37262
683 824 37263
1281 679 37264
398 679 37265
474 679 37266
683 479 37267
679 1281 37268
679 474 37269
105 711 37270
679 398 37271
1281 679 37272
1236 969 37273
840 172 37274
342 1302 37275
679 1281 37276
1365 834 37277
1281 683 37278
479 683 37279
105 474 37280
474 679 37281
840 352 37282
398 679 37283
1281 679 37284
105 711 37285
1383 1283 37286
1365 1393 37287
679 474 37288
679 1281 37289
679 398 37290
1281 679 37291
679 1281 37292
474 679 37293
1281 1374 37294
105 474 37295
824 683 37296
706 128 37297
189 36 37298
1189 1217 37299
1281 679 37300
1189 1217 37301
706 740 37302
398 679 37303
356 840 37304
9 1402 37305
1234 1339 37306
254 659 37307
626 838 37308
679 474 37309
679 1281 37310
474 679 37311
398 479 37312
679 398 37313
479 398 37314
679 474 37315
1281 679 37316
105 474 37317
679 1281 37318
398 679 37319
42 353 37320
474 679 37321
32 1183 37322
1281 679 37323
42 474 37324
679 398 37325
474 42 37326
679 474 37327
679 1281 37328
105 474 37329
1281 679 37330
474 679 37331
175 1421 37332
679 1281 37333
679 474 37334
474 679 37335
686 1168 37336
105 474 37337
679 474 37338
538 317 37339
1281 679 37340
538 546 37341
679 1281 37342
474 679 37343
254 1402 37344
679 474 37345
1026 184 37346
1281 679 37347
1358 352 37347
1358 1274 37348
1026 615 37349
32 523 37350
474 679 37351
105 474 37352
353 42 37353
3 415 37354
1281 1377 37355
640 712 37356
679 1281 37357
679 474 37358
495 950 37359
538 317 37360
1403 859 37361
352 840 37362
1168 686 37363
679 398 37364
398 679 37365
538 42 37365
474 679 37366
679 398 37367
495 181 37368
398 679 37369
710 1382 37370
353 1365 37371
679 398 37372
495 498 37373
495 498 37374
523 32 37375
1365 353 37376
398 679 37377
913 462 37378
523 791 37379
1365 1412 37380
495 1113 37381
1236 1237 37382
913 548 37383
913 484 37384
679 398 37385
913 950 37386
114 770 37387
398 679 37388
874 919 37389
913 41 37390
1236 1237 37391
32 523 37392
1236 1237 37393
1339 1234 37394
1190 393 37395
1367 1138 37396
1190 615 37397
1402 254 37398
1236 1237 37399
1367 495 37400
495 1367 37401
1290 1402 37402
1236 1237 37403
954 103 37404
1236 1237 37405
1236 912 37406
498 495 37407
498 495 37408
1231 704 37409
1089 1365 37410
1236 1026 37411
1236 1374 37412
1367 495 37413
1021 970 37414
1038 576 37415
1373 1306 37416
1281 317 37417
1113 323 37418
1038 594 37419
1281 1374 37420
1281 679 37421
1113 495 37422
1422 1021 37423
652 394 37424
741 758 37425
652 394 37426
652 394 37427
652 394 37428
652 394 37429
1281 1006 37430
1235 1402 37431
1072 1066 37432
1281 1291 37433
770 1021 37433
1364 1393 37434
1235 1393 37435
261 835 37436
1032 783 37437
1281 62 37438
12 711 37439
124 97 37440
124 1402 37441
1310 679 37442
12 711 37443
12 1281 37444
1113 783 37445
1236 1006 37446
823 615 37447
823 498 37448
12 711 37449
799 32 37450
12 1118 37451
12 1118 37452
32 799 37453
12 1281 37454
12 1118 37455
12 834 37456
342 239 37457
12 1118 37458
1328 1421 37459
12 1118 37460
835 261 37461
12 1118 37462
942 1118 37463
1118 942 37464
942 1422 37465
12 1118 37466
12 175 37467
12 1118 37468
12 1118 37469
1402 1235 37470
545 592 37471
12 1118 37472
498 823 37473
1402 124 37474
12 1118 37475
942 42 37476
1044 758 37477
1393 1365 37478
12 1402 37479
12 1402 37480
1393 1364 37481
12 599 37482
1281 1283 37483
12 1281 37484
12 1402 37485
12 1402 37486
342 1097 37486
12 711 37487
124 1402 37488
1402 124 37489
12 1402 37490
1283 835 37491
160 639 37492
124 1402 37493
1234 124 37494
32 1211 37495
392 1295 37496
950 495 37497
1117 1295 37498
1117 856 37499
725 1260 37500
124 1234 37501
12 1402 37502
261 835 37503
68 1402 37504
1402 68 37505
1236 392 37506
1113 840 37507
1236 481 37507
1283 538 37508
12 1402 37509
1283 738 37510
617 103 37511
1236 481 37512
823 498 37513
342 239 37514
783 1032 37515
783 1113 37516
12 1402 37517
342 783 37518
1113 783 37519
1268 823 37520
1214 933 37521
1236 481 37522
12 1402 37523
823 1268 37524
12 1214 37525
1268 823 37526
823 1268 37527
68 1402 37528
468 1420 37529
12 1214 37530
1260 725 37531
594 1038 37532
1032 783 37533
725 1260 37534
642 963 37535
1113 823 37536
1044 1402 37537
783 1032 37538
1032 783 37539
9 1402 37540
783 1032 37541
9 1281 37542
1032 783 37543
1421 1328 37544
12 1402 37545
1421 175 37546
725 353 37547
114 770 37548
615 1026 37549
42 353 37550
783 1032 37551
754 903 37552
878 1417 37552
42 538 37553
615 823 37554
994 799 37555
823 615 37556
9 1420 37556
9 1420 37557
1113 823 37558
1236 615 37559
1328 1421 37560
615 823 37561
994 596 37562
42 1005 37563
12 1420 37564
1236 615 37565
1402 68 37566
994 1402 37567
12 1402 37568
994 993 37569
1236 615 37570
1402 994 37571
596 994 37572
576 1393 37573
68 1402 37574
823 615 37575
1066 1072 37576
1236 615 37577
1402 68 37578
1402 642 37579
68 1402 37580
12 1402 37581
615 823 37582
1402 68 37583
9 1402 37584
32 1395 37585
68 1402 37586
1236 615 37587
1113 823 37588
483 821 37589
1113 128 37590
734 605 37591
994 639 37592
50 823 37593
1032 783 37594
128 557 37595
415 997 37596
483 398 37597
994 315 37598
176 1423 37599
68 1402 37600
1072 1066 37601
1424 575 37602
994 1402 37603
1424 1167 37604
830 389 37605
1423 176 37606
175 1421 37607
1402 68 37608
394 652 37609
1402 68 37610
9 1423 37611
1402 994 37612
68 1402 37613
68 1402 37614
176 1423 37615
1402 68 37616
1402 68 37617
1005 42 37618
783 1032 37619
68 1402 37620
146 1 37621
128 302 37622
840 1113 37623
9 1423 37624
1423 176 37625
1066 1072 37626
68 1402 37627
176 1423 37628
640 1402 37629
1423 176 37630
176 1423 37631
642 1402 37632
823 1113 37633
1032 783 37634
302 128 37635
823 615 37636
128 738 37637
128 1113 37638
783 1032 37639
398 317 37640
146 1 37641
1032 783 37642
128 32 37643
128 236 37644
32 128 37645
783 1032 37646
1032 783 37647
823 1369 37648
679 1281 37649
679 1310 37650
1404 740 37651
128 32 37652
9 1050 37653
9 1423 37654
1339 822 37655
1413 1219 37656
1335 1359 37657
32 128 37658
783 1032 37659
1044 1402 37660
919 874 37660
822 1339 37661
856 1117 37662
9 1423 37663
422 386 37664
314 834 37665
1032 783 37666
1032 783 37667
1387 1313 37668
1339 822 37669
9 1423 37670
783 1032 37671
1032 783 37672
1219 1413 37673
1190 615 37674
191 1420 37675
1387 1313 37676
220 88 37677
1105 1409 37678
783 1032 37679
1190 393 37680
1032 783 37681
309 1421 37682
1413 1219 37683
569 1335 37684
1190 615 37685
393 1190 37686
1387 1313 37687
1032 783 37688
398 679 37689
783 1032 37690
1387 1313 37691
1423 176 37692
1402 642 37693
1376 714 37694
731 824 37695
733 1376 37696
1032 783 37697
354 398 37698
733 1260 37699
733 1376 37700
871 1313 37701
835 261 37702
9 1423 37703
783 1032 37704
871 1376 37705
1032 783 37706
176 1423 37707
997 415 37708
398 354 37709
843 285 37710
481 838 37711
733 1376 37712
783 1032 37713
679 398 37714
733 1302 37715
1423 176 37716
1425 997 37717
176 1423 37718
1153 475 37719
398 679 37720
733 938 37721
1302 338 37722
733 1302 37723
1423 176 37724
733 783 37725
9 1423 37725
176 1423 37726
350 626 37727
1190 393 37728
733 502 37729
1032 783 37730
1423 176 37731
176 1423 37732
9 1423 37733
1302 29 37734
997 1425 37735
350 626 37736
225 1281 37737
783 1032 37738
1032 783 37739
783 1032 37740
1153 475 37741
733 783 37742
1423 176 37743
176 1423 37744
1413 997 37745
425 1103 37746
733 1302 37747
307 189 37748
425 1402 37749
1425 997 37750
997 1413 37751
997 1425 37752
997 1425 37753
733 1426 37754
9 1423 37755
425 697 37756
9 1332 37757
1423 176 37758
733 475 37759
997 1413 37760
176 1423 37761
350 626 37762
1236 1413 37763
1423 176 37764
1402 640 37765
1032 783 37766
9 1423 37766
1402 68 37767
1402 425 37768
1236 176 37769
1402 68 37770
176 1423 37771
1427 1424 37772
1295 392 37773
1427 575 37773
1281 683 37774
68 1402 37775
1295 1117 37776
783 1032 37777
1236 176 37778
1032 783 37779
1413 997 37780
871 68 37780
67 1427 37781
9 1281 37782
1413 997 37783
67 1427 37784
9 1423 37785
1423 1292 37786
9 598 37787
1236 1413 37788
454 1127 37789
1236 176 37790
9 1423 37791
783 1032 37792
725 1260 37793
1032 783 37794
1236 176 37795
1260 725 37796
733 1302 37797
1236 176 37798
783 1032 37799
1032 783 37800
1236 176 37801
1402 68 37802
12 1281 37803
9 1281 37804
1236 176 37805
12 1118 37806
176 81 37807
12 1281 37808
68 1402 37809
725 1260 37810
9 1281 37811
733 928 37812
12 1281 37813
783 1032 37814
1236 176 37815
81 176 37816
1032 783 37817
176 81 37818
1281 1283 37819
12 1118 37820
733 928 37821
1302 176 37822
1281 1283 37823
1260 725 37824
481 1402 37825
12 1281 37826
1283 1281 37827
1302 645 37828
9 317 37829
1260 1283 37830
12 1118 37831
176 1302 37832
1291 1281 37833
81 176 37834
9 32 37835
118 193 37836
1283 1260 37837
1032 783 37838
9 1401 37839
1281 1283 37840
12 118 37841
1281 1291 37841
12 1281 37842
1283 1281 37843
12 1118 37844
302 118 37845
1281 1283 37846
783 1032 37847
1271 63 37848
697 425 37849
1032 783 37850
176 81 37851
783 1032 37852
12 1281 37853
42 1428 37854
12 1118 37855
1235 52 37856
415 997 37857
1236 769 37858
105 831 37859
997 415 37860
1308 42 37861
12 1281 37862
738 128 37863
12 1118 37864
12 1118 37865
42 1308 37866
42 135 37867
12 1118 37868
1308 42 37869
42 1308 37870
871 68 37871
1026 615 37872
105 831 37873
12 1118 37874
1326 1426 37875
12 1118 37876
342 1302 37877
1429 1281 37878
12 1118 37879
733 128 37880
546 532 37881
546 542 37882
1236 544 37883
1326 1268 37884
12 1118 37885
704 1423 37886
645 1302 37887
1375 740 37888
1326 1268 37889
1236 544 37890
3 1110 37891
733 128 37892
835 1283 37893
733 544 37894
12 1118 37895
835 1189 37896
3 257 37897
12 1118 37898
1236 544 37899
824 731 37900
738 128 37901
725 1260 37902
1236 544 37903
733 544 37904
733 128 37905
1260 725 37906
733 128 37907
733 128 37908
1236 544 37909
1395 32 37910
923 544 37911
1236 544 37912
1395 994 37913
824 774 37914
706 128 37915
544 923 37916
733 475 37917
733 128 37918
12 1118 37919
193 118 37920
1395 704 37921
1236 544 37922
799 994 37923
733 475 37924
1236 544 37925
353 645 37926
1395 704 37927
1004 128 37928
1236 544 37929
1219 1413 37930
733 475 37931
605 317 37932
1236 544 37933
353 725 37934
9 598 37935
725 1260 37936
725 353 37937
704 1395 37938
1236 544 37939
704 1395 37940
120 118 37941
1260 645 37942
63 1271 37943
1236 544 37944
63 1110 37945
645 1260 37946
1236 544 37947
903 1294 37948
1260 725 37949
645 353 37950
1260 645 37951
733 128 37952
128 738 37953
733 128 37954
706 128 37955
1373 1283 37956
1236 706 37957
1373 1295 37958
706 1397 37959
706 1397 37960
1373 1283 37961
532 546 37962
128 706 37963
733 128 37964
706 128 37965
1373 1295 37966
128 706 37967
725 1260 37968
733 128 37969
923 544 37970
706 128 37971
1295 1373 37972
19 1430 37973
733 475 37974
542 546 37975
733 475 37976
681 617 37977
1373 1295 37978
9 598 37979
142 1281 37980
142 1281 37981
733 128 37982
706 1241 37983
871 68 37984
615 823 37985
261 835 37986
706 1241 37987
544 923 37988
1142 42 37989
725 859 37990
1113 840 37991
1137 67 37992
1117 1295 37993
546 437 37993
1283 1373 37994
42 1142 37995
19 1260 37996
19 1260 37997
19 1260 37998
19 1260 37999
1373 1283 38000
615 1190 38001
615 1190 38002
19 711 38003
1260 19 38004
615 1026 38005
19 711 38006
19 1260 38007
1113 128 38008
1142 42 38009
615 1241 38010
1260 19 38011
1113 823 38012
19 1260 38013
19 1260 38014
525 19 38015
792 131 38016
1399 1335 38017
1399 1359 38018
615 1241 38019
1255 1231 38020
260 830 38021
1241 277 38022
366 1349 38023
431 1117 38024
1215 398 38025
615 1241 38026
1189 1417 38027
1215 398 38028
1241 1219 38029
1110 63 38030
1241 1219 38031
249 1376 38032
277 1241 38033
67 1430 38034
249 1430 38035
615 1241 38036
719 1420 38037
1189 835 38038
1241 277 38039
249 1421 38040
704 605 38041
615 1241 38042
1359 1399 38043
1359 1335 38044
431 1402 38045
719 1036 38046
719 1036 38047
1091 876 38048
753 1373 38049
615 1241 38050
1326 952 38051
249 1260 38052
366 346 38053
431 1091 38054
615 1241 38055
605 704 38056
483 821 38057
342 1431 38058
1373 753 38059
1312 1091 38060
1393 1427 38061
734 605 38062
1312 1091 38063
605 734 38064
1359 1399 38065
181 495 38066
681 617 38067
635 1262 38068
495 498 38069
734 605 38070
407 378 38071
605 734 38072
495 498 38073
753 719 38074
753 1373 38075
1219 1241 38076
719 753 38077
734 605 38078
1219 1241 38079
1373 753 38080
734 617 38081
753 719 38082
254 1402 38083
753 1373 38084
719 753 38085
617 734 38086
605 734 38087
734 617 38088
53 1432 38089
753 719 38090
734 605 38091
80 823 38092
605 734 38093
605 734 38094
1036 719 38095
734 605 38096
719 1036 38097
1189 502 38098
704 605 38099
605 734 38100
29 1302 38101
617 734 38102
605 704 38103
615 1181 38104
1036 719 38105
1281 1429 38106
1433 1072 38107
128 1113 38108
463 105 38109
483 821 38110
463 1185 38111
128 706 38112
725 1280 38113
830 260 38114
463 327 38115
704 617 38116
704 605 38117
870 598 38118
1373 753 38119
1295 1373 38120
463 469 38121
605 704 38122
1295 1117 38123
101 243 38124
495 1367 38125
101 243 38126
753 1373 38127
1181 615 38128
463 609 38129
128 598 38130
495 1113 38131
1044 1402 38132
1373 711 38133
792 131 38134
770 463 38135
819 822 38136
1283 1295 38137
1283 987 38138
1434 27 38139
809 257 38139
615 1181 38140
792 131 38141
1339 474 38142
711 1373 38143
1262 1417 38144
792 131 38145
792 131 38146
1113 128 38147
131 792 38148
254 1039 38149
254 1279 38150
342 495 38151
1434 1110 38152
792 131 38153
357 1169 38154
249 44 38155
357 1402 38156
131 792 38157
249 1402 38158
598 128 38159
598 870 38160
357 152 38161
1434 725 38162
598 603 38163
1338 642 38164
53 1283 38164
994 1395 38164
249 725 38165
249 725 38166
835 261 38167
1295 1283 38168
1434 131 38169
1338 479 38170
870 598 38171
346 366 38172
994 799 38173
1283 1295 38174
835 1189 38175
1295 1283 38176
1434 725 38177
1285 1273 38178
1338 1189 38179
986 725 38180
792 131 38181
986 725 38182
1338 252 38183
1283 1295 38184
1338 193 38185
986 124 38186
598 794 38187
1338 479 38188
1435 667 38189
598 1093 38190
986 725 38191
1113 495 38192
131 792 38193
667 1435 38194
1434 725 38195
1338 479 38196
1268 1326 38197
431 1117 38198
986 725 38199
822 1339 38200
1093 598 38201
128 172 38202
1338 642 38203
598 488 38204
1338 479 38205
667 1402 38206
128 1004 38207
1435 667 38208
598 1093 38209
128 1113 38210
1338 479 38211
1434 725 38212
1338 642 38213
598 645 38214
1033 1377 38215
261 835 38216
605 254 38217
431 605 38218
1287 1083 38219
1285 1021 38220
598 1006 38221
1268 823 38222
1339 822 38223
1435 1033 38224
1033 1281 38225
1113 128 38226
1033 1435 38227
822 1339 38228
1338 9 38229
1436 361 38230
569 128 38231
598 325 38232
1434 498 38233
341 1132 38234
1377 1033 38235
172 128 38236
1033 1377 38237
1365 1393 38238
431 605 38239
128 172 38240
502 1189 38241
1434 725 38242
1338 479 38243
1437 341 38244
431 605 38245
598 1377 38246
1437 341 38247
1338 642 38248
431 605 38249
1339 822 38250
1437 341 38251
1290 596 38252
598 27 38253
53 1283 38254
598 1403 38255
1338 642 38256
1434 155 38257
792 131 38258
1338 642 38259
1403 598 38260
794 598 38261
822 1339 38262
598 475 38263
598 794 38264
598 502 38265
1103 425 38266
475 598 38266
249 783 38267
1285 598 38268
431 605 38269
704 1403 38270
1437 341 38271
161 679 38272
1434 725 38273
1338 341 38274
799 994 38275
243 100 38276
1339 822 38277
1138 1367 38278
431 605 38279
1211 254 38280
1434 155 38281
249 596 38282
1211 32 38283
1006 598 38284
105 463 38285
822 1339 38286
27 598 38287
1365 116 38288
1339 822 38289
474 1339 38290
53 1438 38291
431 605 38292
431 605 38293
1338 341 38294
105 1406 38295
249 1006 38296
822 400 38297
1290 596 38298
1338 353 38298
1438 502 38299
1339 474 38300
341 1338 38301
1338 341 38302
1339 822 38303
105 1406 38304
835 261 38305
1138 124 38306
128 32 38307
1338 341 38307
822 1339 38308
128 1113 38309
1281 1033 38310
431 605 38311
1354 128 38312
431 605 38312
105 1406 38313
474 1339 38314
249 1138 38315
502 598 38316
128 1354 38317
105 1406 38318
1339 822 38319
502 1438 38320
105 1406 38321
1339 474 38322
822 1339 38323
249 1138 38324
105 1406 38325
1339 822 38326
1438 502 38327
1138 296 38328
822 1339 38329
1153 128 38330
1292 1423 38331
1236 1237 38332
1338 341 38333
1416 1413 38334
1153 128 38335
1416 1138 38336
502 1438 38337
128 502 38338
1403 704 38338
1338 341 38339
1113 128 38340
105 367 38341
1138 995 38342
105 1406 38343
1184 644 38344
871 68 38345
1184 32 38346
1339 822 38347
1338 353 38348
297 283 38349
704 1403 38350
1354 128 38351
1383 1283 38352
1184 711 38353
1338 341 38354
105 1406 38355
1403 704 38356
1416 1138 38357
128 1113 38358
128 1354 38359
609 463 38360
770 463 38361
1236 479 38362
101 190 38363
502 128 38364
498 649 38365
254 1211 38366
1184 1036 38367
254 605 38368
463 105 38368
1402 68 38369
1402 667 38370
1236 479 38371
1402 481 38372
1338 341 38373
463 609 38374
1416 1138 38375
1338 341 38376
822 1339 38377
605 254 38378
1153 128 38379
871 1211 38379
1236 1237 38380
105 463 38381
1433 753 38382
12 599 38383
1290 605 38384
224 605 38384
770 463 38385
12 1281 38386
128 502 38387
176 101 38387
1236 479 38388
254 605 38388
101 190 38389
105 1406 38390
296 1138 38391
1339 822 38392
12 366 38393
431 605 38394
128 1354 38395
1138 296 38396
605 254 38397
9 1338 38398
753 1433 38399
1113 128 38400
822 1339 38401
871 463 38402
1236 1237 38403
254 605 38404
1153 128 38405
1339 822 38406
105 1406 38407
296 1138 38408
1433 753 38409
249 596 38410
101 176 38411
1338 341 38412
1236 296 38413
507 1402 38414
249 1138 38415
753 1433 38416
605 254 38417
822 1339 38418
1325 1340 38419
194 271 38420
706 1241 38421
1338 341 38422
161 679 38423
1416 1138 38424
1138 296 38425
712 1398 38426
105 1406 38427
176 101 38428
105 605 38429
1339 822 38430
1286 1231 38431
1153 128 38432
1236 1237 38433
1398 712 38433
706 128 38434
105 605 38435
1433 753 38436
9 366 38437
1325 983 38438
1416 1138 38439
105 1406 38440
105 605 38441
609 463 38442
1184 711 38443
1153 128 38444
1359 1231 38445
1339 296 38446
1236 296 38447
753 1433 38447
1236 706 38448
1402 254 38449
822 1339 38450
9 598 38451
1236 914 38452
1402 1044 38453
1354 128 38454
1402 357 38455
1338 341 38456
1398 712 38457
1236 327 38458
1402 249 38459
296 1339 38460
1184 711 38461
1236 1237 38462
1236 706 38463
1033 1281 38464
1339 822 38465
1069 542 38466
1153 128 38467
296 194 38467
679 161 38468
1416 1138 38469
1236 296 38470
1236 1237 38471
1236 706 38472
1184 711 38473
1339 296 38474
105 1406 38475
1433 753 38476
822 1339 38477
1236 296 38478
249 1138 38479
146 679 38480
502 128 38481
1236 1237 38482
1101 128 38483
296 1339 38484
1339 822 38485
194 296 38486
1236 706 38487
1338 341 38488
1236 296 38489
753 1433 38489
712 1398 38490
874 919 38491
1416 1138 38492
822 1339 38493
1236 1237 38494
1393 1365 38495
341 1338 38496
161 679 38497
1236 706 38498
249 1138 38499
220 19 38500
53 1118 38501
1211 254 38502
194 642 38503
1339 296 38504
1338 341 38505
1231 1286 38506
1184 711 38507
194 1279 38508
1231 1359 38509
1113 1306 38510
1138 341 38511
1339 822 38512
1236 1237 38513
194 498 38514
1236 706 38515
1335 1117 38516
983 1325 38517
1416 502 38518
1325 983 38519
822 1339 38520
681 1338 38521
1433 753 38522
194 356 38523
983 1325 38524
1236 706 38525
296 194 38526
341 1338 38526
463 609 38527
1335 1403 38528
341 1138 38529
1236 1237 38530
1339 822 38531
296 1339 38532
1439 1354 38533
753 1433 38534
194 296 38535
53 1138 38536
1325 983 38537
1416 1138 38537
770 463 38538
822 1339 38539
341 1338 38540
128 502 38541
983 1325 38541
1339 296 38542
296 194 38543
1339 822 38544
1325 983 38545
1044 1402 38546
1183 1440 38547
983 1325 38548
1338 341 38549
871 1211 38550
1183 42 38551
1138 341 38552
871 463 38553
532 536 38554
254 1211 38555
1433 753 38556
1325 983 38557
1211 1437 38558
254 1402 38559
822 1339 38560
1339 474 38561
1236 1237 38562
322 1402 38563
1236 1413 38564
1339 822 38565
983 1325 38566
128 1354 38567
322 1127 38568
194 1362 38569
1236 706 38570
341 1138 38571
706 840 38572
1441 983 38573
1413 1219 38574
1338 341 38575
983 1441 38576
341 1338 38577
1325 983 38578
1416 1138 38579
128 1113 38580
1184 479 38581
983 1325 38582
334 1442 38583
254 1211 38584
128 706 38585
1184 711 38586
249 1138 38587
1338 341 38588
706 128 38589
1441 983 38590
1138 341 38591
1184 479 38592
983 1441 38593
67 938 38594
733 297 38595
53 1138 38596
1113 128 38597
1416 475 38598
1219 1413 38599
1184 711 38600
1117 1335 38601
733 1402 38602
1184 479 38603
1033 1443 38604
128 1113 38605
1325 983 38606
1211 325 38607
318 1127 38608
733 1338 38609
704 712 38610
1219 1413 38611
983 1325 38612
840 706 38613
1138 249 38614
733 1338 38615
1113 128 38616
1184 479 38617
609 463 38618
770 840 38619
53 1138 38620
1340 840 38621
1241 840 38622
733 840 38623
1335 1117 38624
1153 128 38625
1241 840 38626
317 538 38627
1441 983 38628
249 1138 38629
706 840 38630
733 903 38631
317 398 38632
479 1184 38633
792 1413 38634
1021 1285 38635
605 317 38636
983 1441 38637
317 605 38638
1117 1335 38639
1441 840 38640
679 161 38641
733 1338 38642
53 1138 38643
1184 479 38644
317 605 38644
1138 249 38645
325 1211 38646
711 1184 38647
479 1184 38648
41 913 38649
1021 1422 38650
249 1138 38651
605 317 38652
261 835 38653
53 1138 38653
1379 118 38654
1153 128 38655
605 317 38656
1416 1138 38657
341 1338 38658
840 1340 38658
1138 249 38659
1441 983 38660
1443 1033 38661
770 1021 38662
249 1138 38663
770 840 38664
146 679 38665
733 840 38666
983 1441 38666
341 1138 38667
840 706 38668
53 1138 38669
840 1441 38670
733 1306 38671
1033 1443 38672
1184 711 38673
1184 479 38674
1413 792 38675
733 987 38676
317 605 38677
1338 341 38678
1123 1325 38679
1340 840 38680
1335 1117 38681
1441 983 38681
128 1113 38682
161 679 38683
686 1168 38684
1443 1033 38685
983 1441 38686
1138 341 38687
605 317 38688
679 161 38689
1444 1445 38690
1153 128 38691
1402 254 38692
1402 322 38693
840 1340 38693
770 840 38694
1441 840 38695
479 1184 38696
1325 1123 38697
770 1021 38698
1413 1219 38699
254 1402 38700
792 1413 38701
1184 479 38702
733 1402 38703
317 605 38704
67 901 38705
733 840 38706
161 679 38707
1184 479 38708
1441 983 38708
792 1446 38709
983 1441 38710
711 1184 38711
569 249 38712
679 161 38713
871 1313 38714
605 317 38715
1184 711 38716
1340 840 38716
1113 128 38717
1153 128 38717
1228 306 38718
1184 1044 38719
1367 495 38720
341 1138 38721
483 821 38722
1184 479 38723
1184 479 38724
1406 194 38725
341 1338 38726
1219 1413 38727
642 1338 38728
1168 686 38729
161 679 38730
194 1406 38731
569 249 38732
1185 463 38733
1184 479 38734
1211 325 38735
681 1338 38736
1406 194 38737
835 261 38738
733 297 38739
128 1113 38740
871 1313 38741
1184 317 38742
569 249 38743
1338 341 38744
679 161 38745
983 1441 38745
1184 479 38746
1325 1123 38747
639 160 38748
741 542 38749
1123 1325 38750
1338 642 38751
1442 334 38752
838 481 38753
1184 479 38754
569 249 38755
733 1142 38756
741 542 38757
194 1406 38758
271 713 38759
639 740 38760
1211 254 38761
325 1211 38761
1184 479 38762
569 128 38763
341 1338 38764
681 1338 38764
1340 454 38765
1211 325 38766
503 352 38767
1406 194 38768
161 679 38769
681 1338 38770
569 249 38771
146 679 38772
271 194 38773
1113 128 38774
639 1438 38775
1153 128 38776
1184 479 38777
1406 1313 38778
871 1211 38779
679 161 38780
733 1142 38781
294 580 38782
1313 1406 38783
871 1313 38784
261 835 38785
1338 341 38786
1441 983 38787
254 1211 38788
642 1338 38789
454 1340 38790
681 1338 38790
334 1442 38791
569 249 38792
733 1142 38793
194 271 38794
161 679 38795
679 161 38796
128 1113 38797
1406 1313 38798
1340 454 38799
569 128 38800
980 1255 38801
161 679 38802
569 249 38803
161 679 38804
1402 254 38805
341 1338 38806
980 639 38807
254 1402 38808
1313 1406 38809
1184 1036 38810
679 161 38811
733 1402 38812
1184 254 38813
194 479 38814
1184 479 38815
1153 128 38816
1313 1406 38817
1441 840 38817
1018 281 38818
1406 1313 38819
1033 1443 38820
1113 128 38821
161 679 38822
204 482 38823
1406 1313 38824
204 42 38825
679 161 38826
454 1340 38827
733 1402 38828
1184 254 38829
871 1313 38830
1138 341 38831
1184 479 38832
733 1402 38833
1313 1406 38834
161 679 38835
204 482 38836
1286 1342 38837
569 249 38838
644 1402 38839
1286 1342 38840
1338 1447 38841
1184 644 38842
1441 983 38843
1338 341 38844
1286 1342 38845
341 1138 38846
1286 1342 38847
1184 479 38848
288 1440 38849
679 161 38850
1402 644 38851
644 1402 38852
733 297 38853
711 317 38854
1184 479 38855
1313 1406 38856
161 679 38857
681 1338 38858
1184 644 38859
605 317 38860
1340 454 38861
1217 1189 38862
341 1138 38862
569 249 38863
63 706 38864
733 1142 38865
1406 1313 38866
1313 1406 38867
1184 254 38868
733 1142 38869
1313 1406 38870
792 1413 38871
1184 644 38872
481 97 38873
1406 1313 38874
1184 254 38875
792 1413 38876
1413 1219 38877
1313 1406 38878
204 482 38879
711 644 38880
204 794 38881
1184 479 38882
639 994 38883
1406 1313 38884
128 1113 38885
204 482 38886
1313 1406 38887
454 1340 38887
1184 644 38888
871 1313 38889
1184 254 38890
681 1338 38891
1313 507 38892
481 838 38893
1406 194 38894
1036 1325 38895
481 376 38896
1113 128 38897
1184 479 38897
681 1338 38898
1018 288 38899
980 639 38900
1184 605 38901
783 249 38902
1101 128 38903
733 297 38904
507 1313 38905
297 733 38906
1306 733 38907
1406 1313 38908
980 128 38909
1184 605 38910
871 1313 38911
644 995 38912
1340 454 38913
1325 1036 38914
1313 507 38915
454 1340 38916
1406 316 38917
605 1184 38917
389 609 38918
285 843 38919
1313 1406 38920
1184 605 38921
792 1446 38922
1340 454 38923
980 194 38924
317 711 38925
128 749 38926
980 128 38927
1406 1313 38928
792 1446 38929
288 1018 38930
454 1340 38931
1328 952 38932
843 285 38933
507 1313 38934
605 1184 38935
128 1113 38936
1184 605 38937
507 1313 38938
749 128 38939
871 1313 38940
871 1313 38941
1406 1313 38942
1313 507 38943
605 1184 38944
1113 128 38945
1438 502 38946
1036 1325 38947
1313 1406 38948
296 1083 38949
616 509 38950
1184 605 38951
495 950 38952
980 128 38953
821 1406 38954
639 372 38955
1438 639 38956
714 316 38957
1313 1406 38958
372 639 38959
792 1446 38960
605 317 38961
792 1413 38962
495 1113 38963
507 1313 38963
1406 1313 38964
871 1313 38965
980 639 38965
714 204 38966
317 605 38967
495 1367 38968
1113 495 38969
1406 1313 38969
681 1338 38970
1325 1036 38971
1433 495 38972
605 317 38973
1153 128 38974
980 639 38974
1189 1217 38975
1036 1325 38976
1184 479 38977
194 503 38978
1406 616 38979
749 475 38979
980 128 38980
1217 1189 38981
317 605 38982
1433 1072 38983
1325 1036 38984
372 843 38985
538 317 38986
821 1406 38987
538 317 38988
605 317 38989
1189 835 38990
1406 1213 38991
843 372 38992
1338 1189 38993
1036 1325 38994
605 317 38995
1189 1217 38996
479 1184 38997
1325 1036 38998
1184 479 38999
792 1413 39000
317 538 39001
317 605 39002
794 495 39003
1442 334 39004
821 1406 39005
1036 1325 39006
317 749 39007
714 495 39008
843 1237 39009
639 1438 39010
681 1042 39011
1338 1189 39012
984 1255 39013
1184 479 39014
1433 1444 39015
980 639 39016
639 372 39017
984 1255 39018
639 372 39019
605 317 39020
980 128 39021
317 605 39022
345 141 39023
681 1338 39024
950 495 39025
1338 1189 39026
479 1184 39027
980 639 39028
1184 479 39029
605 317 39030
1153 128 39031
479 1184 39032
714 639 39033
1381 794 39034
821 1406 39035
792 1413 39036
317 605 39037
1425 997 39038
1184 479 39039
477 1 39040
1 477 39041
878 438 39042
1 477 39043
1184 479 39044
1189 502 39044
477 1 39045
1237 843 39046
1 42 39047
317 1184 39048
1 477 39049
714 438 39050
1338 878 39051
252 1338 39052
477 1271 39053
843 1237 39054
477 526 39055
1184 317 39056
479 1184 39056
605 317 39057
878 639 39058
835 1189 39059
878 1338 39060
477 1 39061
317 1184 39062
1 477 39063
305 306 39064
317 605 39065
438 714 39066
1006 1448 39067
305 521 39068
438 878 39069
714 438 39070
392 1295 39071
1 477 39072
438 714 39073
605 317 39074
1184 317 39075
1153 128 39076
794 1381 39077
317 605 39078
1153 128 39079
372 843 39080
317 1184 39081
372 639 39082
392 261 39083
605 317 39084
1153 128 39085
878 438 39086
800 1072 39087
800 740 39088
993 449 39089
438 878 39090
194 1284 39091
1153 128 39092
1184 296 39093
800 1072 39094
983 1441 39095
1072 1066 39096
1284 194 39096
605 1406 39097
498 194 39098
1335 1006 39099
792 1413 39100
498 823 39101
498 495 39102
800 1072 39103
980 128 39104
835 261 39105
821 1406 39106
62 1190 39107
1006 1335 39108
1184 296 39109
800 1072 39110
1406 605 39111
605 1406 39112
105 317 39113
62 1373 39114
793 783 39115
1406 605 39116
841 1446 39117
714 277 39118
821 1406 39119
172 495 39120
62 598 39121
1415 128 39122
1295 392 39123
792 1006 39124
1184 296 39125
1006 792 39126
993 315 39127
993 893 39128
792 1413 39129
1281 1033 39130
792 1006 39131
1281 317 39132
1153 128 39133
1281 62 39134
1006 792 39135
841 1006 39136
1006 841 39137
792 1006 39138
1153 128 39139
105 1118 39140
261 835 39141
1006 792 39142
792 1413 39143
792 1006 39144
639 878 39145
128 980 39146
841 1006 39147
1006 792 39148
372 569 39149
1006 841 39150
1153 128 39151
835 261 39152
639 372 39153
681 1449 39154
569 372 39155
993 707 39156
582 598 39157
792 1006 39158
236 128 39159
993 513 39160
1006 792 39161
128 236 39162
1267 128 39163
993 864 39164
792 1006 39165
1153 128 39166
1433 639 39167
128 1267 39168
372 569 39169
792 1006 39170
569 372 39171
639 1433 39172
1267 128 39173
128 1267 39174
639 714 39175
1189 835 39176
1101 128 39177
372 569 39178
841 1006 39179
1189 835 39180
603 598 39181
236 1421 39182
1444 1413 39183
1006 841 39184
639 980 39185
546 1189 39186
1433 639 39187
1406 843 39188
1413 1444 39189
372 569 39190
1189 546 39191
1444 1413 39192
1267 128 39193
1413 1444 39194
546 1189 39195
835 1189 39196
1413 1444 39197
128 1267 39198
1444 1413 39199
1189 546 39200
1444 1413 39201
792 1006 39202
1189 835 39203
1267 128 39204
1433 975 39205
1413 1444 39206
1444 1413 39207
498 3 39208
639 1033 39209
1189 1072 39210
306 305 39211
306 1228 39212
1101 128 39213
835 1189 39214
1267 128 39215
835 1189 39216
1189 1444 39217
513 303 39217
1189 835 39218
642 1444 39219
542 741 39220
1189 835 39221
1444 1189 39222
1444 1189 39223
639 1433 39224
306 513 39225
338 1302 39226
639 878 39227
1433 639 39228
1189 1444 39229
783 793 39230
306 627 39231
1444 1189 39232
1189 1444 39233
919 1006 39234
1444 1189 39235
1444 1189 39236
1444 1189 39237
781 1403 39238
1189 1444 39239
781 1279 39240
12 599 39241
498 1444 39242
1413 1444 39243
12 1338 39244
793 783 39245
9 1450 39246
12 1433 39247
314 342 39248
9 1444 39249
9 1451 39250
314 834 39251
9 1452 39252
9 1451 39253
9 1445 39254
9 1453 39255
488 598 39256
12 1433 39257
993 784 39258
12 1433 39259
1433 379 39260
105 711 39261
105 1118 39262
1433 12 39263
12 1433 39264
12 1433 39265
12 1433 39266
1083 1287 39267
12 1433 39268
1413 549 39269
242 1217 39270
42 1183 39271
1033 1281 39272
1033 639 39273
1454 1437 39274
1369 823 39275
1369 454 39276
105 1083 39277
536 532 39278
576 1033 39279
1302 338 39280
615 1063 39281
523 706 39282
686 1168 39283
114 770 39284
712 704 39285
352 503 39286
1132 341 39287
1132 1156 39288
32 128 39289
697 542 39290
415 808 39291
296 194 39292
114 770 39293
392 1295 39294
1313 1406 39295
74 561 39296
871 1313 39297
1313 507 39298
1313 507 39299
1272 697 39300
821 1406 39301
317 307 39302
1183 42 39303
871 495 39304
470 1260 39305
454 1369 39306
741 542 39307
952 1328 39308
1328 952 39309
952 1326 39310
281 317 39311
952 1328 39312
398 317 39313
128 32 39314
431 605 39315
303 513 39316
431 1402 39317
1328 952 39318
952 1328 39319
105 337 39320
1328 952 39321
337 105 39322
483 821 39323
809 1072 39324
1072 809 39325
821 483 39326
809 1072 39327
502 128 39328
1062 42 39329
502 1438 39330
576 792 39331
342 502 39332
502 342 39333
342 502 39334
398 502 39335
502 398 39336
398 502 39337
1177 561 39338
332 908 39339
332 919 39340
809 1072 39341
332 1393 39342
800 740 39343
809 1072 39344
740 800 39345
740 800 39346
800 740 39347
800 740 39348
1373 62 39349
204 714 39350
1062 1453 39351
1062 1451 39352
1062 1455 39353
1062 1444 39354
576 254 39355
367 105 39356
598 342 39357
105 337 39358
224 1402 39359
1402 224 39360
105 367 39361
224 1402 39362
431 1402 39363
249 1402 39364
367 317 39365
105 398 39366
317 367 39367
431 738 39368
367 105 39369
105 398 39370
1365 1393 39371
189 307 39372
367 317 39373
254 576 39374
353 1062 39375
704 712 39376
105 367 39377
63 1174 39378
771 1406 39378
706 840 39379
317 367 39380
1018 1217 39381
706 63 39382
706 523 39383
1241 840 39384
1434 725 39385
367 105 39386
1072 809 39387
1434 1110 39388
105 367 39389
367 317 39390
204 509 39391
249 547 39392
204 1239 39393
547 249 39394
1434 1379 39395
249 523 39396
523 706 39397
523 249 39398
1269 204 39399
1434 881 39400
706 523 39401
261 835 39402
317 367 39403
1434 1174 39404
1280 725 39405
1269 635 39406
1269 1452 39407
1269 1402 39408
1269 1456 39409
1269 932 39410
1434 865 39411
1269 530 39412
706 990 39413
146 1 39414
1269 371 39415
843 372 39416
1269 818 39417
1269 764 39418
1269 1223 39419
1269 52 39420
1434 547 39421
1269 544 39422
1269 987 39423
1269 123 39424
1269 1142 39425
1269 626 39426
1269 1092 39427
843 1406 39428
1269 1053 39429
1269 1457 39430
683 479 39431
367 317 39432
1269 1372 39433
1269 1458 39434
1269 1459 39435
1269 1459 39436
1269 887 39437
1269 380 39438
1269 1232 39439
1189 238 39440
1269 1316 39441
1269 96 39442
1269 457 39443
1269 86 39444
1269 166 39445
1269 1460 39446
1269 8 39447
1269 101 39448
1269 36 39449
135 42 39450
1179 596 39451
706 740 39452
770 1196 39453
483 821 39454
105 398 39455
770 135 39456
135 42 39457
1338 252 39458
770 683 39459
1189 843 39460
105 398 39461
626 1269 39462
1189 626 39463
532 536 39464
958 704 39465
1415 1425 39466
105 398 39467
770 683 39468
770 1021 39469
770 1248 39470
1269 626 39471
1272 1403 39472
586 1391 39473
770 523 39474
204 1269 39475
770 204 39476
105 398 39477
1269 204 39478
254 297 39479
204 1269 39480
1269 204 39481
36 1269 39482
36 189 39483
204 1269 39484
1269 36 39485
105 398 39486
105 1373 39487
1269 204 39488
770 1103 39488
1382 710 39489
105 398 39490
800 706 39491
938 733 39492
465 398 39493
1274 792 39494
540 502 39495
42 135 39496
135 42 39497
105 1373 39498
42 135 39499
135 42 39500
105 1027 39501
105 1027 39502
105 1373 39503
1189 473 39504
1189 714 39505
105 1338 39506
105 1338 39507
1174 63 39508
1425 1415 39509
576 254 39510
249 523 39511
576 254 39512
297 254 39513
57 596 39514
105 1338 39515
576 1189 39516
105 1118 39517
105 1118 39518
342 598 39519
105 1373 39520
576 1189 39521
536 532 39522
105 1118 39523
105 1118 39524
615 1425 39525
893 993 39526
576 1189 39527
576 1189 39528
576 1189 39529
1189 576 39530
1189 576 39531
346 204 39532
1189 1280 39533
1189 546 39534
252 1338 39535
1189 346 39536
1280 1189 39537
1189 1280 39538
1283 1373 39539
105 1402 39540
1280 1189 39541
1291 610 39542
1189 1280 39543
128 1267 39544
105 52 39545
821 483 39546
128 706 39547
128 502 39548
1440 1183 39549
1440 288 39550
105 626 39551
105 1372 39552
713 1241 39553
713 372 39554
431 605 39555
105 576 39556
1280 1189 39557
1189 437 39558
1189 1280 39559
105 576 39560
1403 1335 39561
1403 781 39562
1403 1272 39563
1181 296 39564
576 1189 39565
576 1189 39566
576 105 39567
1280 1189 39568
704 958 39569
105 454 39570
1236 706 39571
105 439 39572
1033 576 39573
105 576 39574
67 1338 39575
576 1033 39576
1402 224 39577
576 105 39578
1089 1365 39579
105 576 39580
576 105 39581
1402 249 39582
431 1402 39582
1402 1269 39583
640 1402 39584
1189 576 39585
1089 765 39586
105 576 39587
576 105 39588
576 105 39589
1272 1403 39590
1402 105 39591
105 576 39592
1189 1280 39593
105 576 39594
1402 640 39595
1189 1280 39596
1235 52 39597
105 1402 39598
640 784 39599
36 985 39600
323 42 39601
1280 1189 39602
431 1402 39603
626 1189 39604
626 1269 39605
1189 626 39606
1189 1280 39607
105 626 39608
626 1189 39609
342 626 39610
1189 626 39611
1281 62 39612
626 342 39613
626 1189 39614
1281 1033 39615
1281 317 39616
342 626 39616
1189 626 39617
1281 1373 39618
1295 392 39619
1223 1269 39620
626 342 39621
626 1189 39622
342 626 39623
871 1223 39624
105 626 39625
128 1153 39626
358 847 39627
1402 105 39628
1402 431 39629
1438 502 39630
639 1438 39631
105 1402 39632
1189 626 39633
431 1402 39634
389 830 39635
252 433 39636
835 261 39637
252 389 39638
781 1461 39639
431 617 39640
542 697 39641
639 1438 39642
431 605 39643
605 431 39644
1271 477 39645
532 536 39646
398 465 39647
1294 903 39648
105 398 39649
725 1280 39650
1241 713 39651
105 398 39652
254 297 39653
105 398 39654
823 615 39655
740 706 39656
709 1391 39657
823 1113 39658
105 398 39659
823 80 39660
709 517 39661
1045 1026 39662
1438 277 39663
105 1373 39664
615 823 39665
19 220 39666
261 835 39667
261 392 39668
105 398 39669
392 1295 39670
392 261 39671
823 1369 39672
823 498 39673
105 398 39674
105 1373 39675
105 398 39676
1373 341 39677
1423 341 39678
105 871 39679
105 398 39680
1393 332 39681
174 701 39682
334 540 39683
1438 97 39684
346 1189 39685
334 297 39686
479 683 39687
683 824 39688
739 1136 39689
683 479 39690
1279 254 39691
683 1281 39692
1279 194 39693
105 398 39694
1279 781 39695
993 893 39696
479 683 39697
105 626 39698
1423 1033 39699
199 295 39700
701 174 39701
261 392 39702
105 1373 39703
473 1189 39704
576 1033 39705
683 479 39706
105 1338 39707
283 297 39708
1269 1402 39709
283 1393 39710
1269 1223 39711
105 626 39712
838 481 39713
283 1338 39714
576 254 39715
288 1440 39716
734 617 39717
431 605 39718
481 838 39719
105 626 39720
1281 683 39721
871 306 39722
1281 1283 39723
683 1281 39724
1215 105 39725
871 306 39726
1281 683 39727
683 1281 39728
342 1462 39729
1406 843 39730
343 350 39731
1406 771 39732
1281 683 39733
1406 1313 39734
1402 105 39735
683 1281 39736
1402 431 39737
781 1279 39738
1281 683 39739
1402 1269 39740
105 1402 39741
431 1402 39741
683 1281 39742
69 733 39743
306 871 39744
69 1269 39745
1281 683 39746
174 701 39747
1281 1463 39748
146 1 39749
332 1393 39750
1060 1117 39751
398 105 39752
1142 1269 39753
105 398 39754
797 1343 39755
871 306 39756
337 105 39757
546 1189 39758
105 398 39759
823 1163 39760
1312 105 39761
823 1163 39762
797 698 39763
105 337 39764
823 482 39765
1168 317 39766
797 1464 39767
823 1033 39768
797 25 39769
1215 431 39770
823 542 39771
105 1423 39772
830 389 39773
797 1465 39774
797 621 39775
797 1363 39776
398 105 39777
1215 431 39778
797 849 39779
1312 105 39780
797 1207 39781
517 709 39782
797 556 39783
105 398 39784
517 714 39785
797 804 39786
1060 191 39787
306 871 39788
797 832 39789
1060 1187 39790
797 768 39791
797 1121 39792
797 1392 39793
398 105 39794
797 1466 39795
3 498 39796
797 304 39797
797 1336 39798
105 398 39799
1312 105 39800
3 257 39801
507 1313 39802
871 306 39802
1272 983 39803
983 1272 39804
1189 473 39805
1189 346 39806
1189 546 39807
398 105 39808
1060 199 39809
105 398 39810
542 204 39811
191 1060 39812
1189 297 39813
871 1060 39814
1272 983 39815
1060 191 39816
1060 871 39817
398 105 39818
983 1272 39819
346 1189 39820
959 958 39821
114 770 39822
105 398 39823
191 1060 39824
871 306 39825
1272 983 39826
105 398 39827
372 843 39828
398 105 39829
749 317 39830
1189 346 39831
1189 346 39832
871 830 39833
719 249 39834
42 323 39835
225 638 39836
400 601 39837
225 1281 39838
639 1438 39839
697 542 39840
509 616 39841
509 204 39842
60 1463 39843
792 1274 39844
831 341 39845
1033 1281 39846
1033 1423 39847
212 204 39848
792 576 39849
1113 823 39850
536 532 39851
932 1269 39852
285 843 39853
1295 392 39854
309 1391 39855
1434 1312 39856
1215 431 39857
1434 547 39858
1434 1174 39859
1215 431 39860
1287 1039 39860
495 1113 39861
495 1433 39862
495 794 39863
495 714 39864
495 498 39865
1158 325 39866
495 172 39867
431 1215 39868
1434 732 39869
309 1391 39870
1158 713 39871
1093 598 39872
249 719 39873
249 1402 39874
908 332 39875
1434 1313 39876
809 257 39877
1375 1269 39878
254 576 39879
254 1279 39880
495 3 39881
1215 431 39882
1375 740 39882
1434 174 39883
379 1433 39883
431 1215 39884
1434 1379 39885
52 1269 39886
52 105 39887
52 1235 39888
605 431 39889
1434 174 39890
605 337 39891
1434 174 39892
986 346 39893
431 605 39894
986 296 39895
843 372 39896
843 285 39897
605 431 39898
843 1406 39899
1434 174 39900
1434 174 39901
431 605 39902
1434 174 39903
605 431 39904
42 1183 39905
52 1042 39906
1434 174 39907
389 830 39908
1215 431 39909
1215 431 39909
431 605 39910
431 1215 39911
1434 174 39912
621 105 39913
1434 174 39914
337 605 39915
621 797 39916
42 784 39917
1434 174 39918
605 431 39919
1434 174 39920
605 337 39921
224 1246 39922
1434 174 39923
1463 1281 39924
605 337 39925
431 605 39926
1434 174 39927
1421 362 39928
843 1195 39929
1434 174 39930
42 72 39931
224 220 39932
1434 174 39933
605 431 39934
1246 224 39935
1434 174 39936
189 802 39937
1434 174 39938
532 536 39938
72 42 39939
1434 174 39940
639 993 39941
224 72 39942
824 683 39943
986 991 39944
42 72 39945
72 42 39946
42 72 39947
986 254 39948
711 257 39949
639 994 39950
1434 174 39951
716 42 39952
105 398 39953
716 42 39954
639 993 39955
224 1246 39956
105 52 39957
1434 174 39958
105 621 39959
257 711 39960
72 42 39961
105 52 39962
1434 174 39963
50 1463 39964
1463 50 39965
711 257 39966
993 639 39967
1434 174 39968
357 1253 39969
377 332 39970
1281 225 39971
1434 174 39972
1281 1033 39973
986 357 39974
1281 1463 39975
174 1434 39976
1463 308 39977
337 605 39978
257 711 39979
174 1434 39980
105 1402 39981
1117 1060 39982
711 257 39982
1253 357 39983
986 357 39984
174 1434 39985
257 711 39986
357 1253 39987
986 357 39988
986 357 39989
357 1253 39990
986 357 39991
986 357 39992
986 357 39993
357 1208 39994
341 1373 39995
377 592 39996
341 1423 39997
1402 431 39998
1253 357 39999
377 777 40000
341 831 40001
1402 105 40002
1402 249 40003
1402 105 40004
1110 1434 40005
105 1402 40006
1402 105 40007
105 1402 40008
1402 105 40009
103 617 40010
105 1402 40011
1446 841 40012
224 72 40013
105 1402 40014
224 1402 40015
1199 1021 40016
1199 1021 40017
536 532 40018
1338 252 40019
1338 67 40020
1402 105 40021
1402 105 40022
1402 224 40023
540 334 40024
314 834 40025
32 128 40026
19 1435 40027
19 1435 40028
1338 105 40029
1338 283 40030
224 1402 40031
1319 1402 40032
27 1425 40033
105 1402 40034
32 1463 40035
704 617 40036
706 800 40037
105 1402 40038
1433 495 40039
706 128 40040
105 1338 40041
1269 1142 40042
706 1236 40043
1423 341 40044
706 740 40045
1269 932 40046
504 1167 40047
1402 224 40048
1423 1377 40049
1136 739 40050
1402 1319 40051
1269 52 40052
1402 105 40053
224 8 40054
864 993 40055
704 1467 40056
1425 27 40057
704 1468 40058
1013 398 40059
224 1402 40060
323 42 40061
986 620 40062
53 377 40063
1433 379 40064
1425 615 40065
1013 398 40066
497 1280 40067
1013 398 40068
993 864 40069
105 1402 40070
770 114 40071
792 32 40072
1375 357 40073
128 706 40074
711 257 40075
497 1352 40076
1312 1434 40077
308 1463 40078
257 711 40079
1312 105 40080
389 252 40081
1463 308 40082
1312 1313 40083
389 482 40083
1463 32 40084
1463 32 40085
809 257 40086
711 257 40087
128 32 40088
27 1425 40089
1138 966 40090
1379 1434 40091
706 128 40092
1379 194 40093
257 711 40094
1184 60 40095
1184 32 40096
482 389 40097
809 257 40098
1312 105 40099
128 706 40100
711 257 40101
105 1463 40102
12 1338 40103
809 257 40104
257 711 40105
9 1434 40106
12 599 40107
9 1434 40108
711 257 40109
809 257 40110
1425 27 40111
1312 105 40112
32 792 40113
1280 725 40114
32 1463 40115
32 128 40116
1373 341 40117
986 1425 40118
792 32 40119
60 1184 40120
679 67 40121
1463 60 40122
1463 32 40123
128 32 40124
1425 986 40125
1184 60 40126
1217 242 40127
938 67 40128
1217 1018 40129
871 1217 40130
1438 639 40131
60 1463 40132
60 1184 40133
1312 105 40134
792 679 40135
1184 60 40136
1354 128 40137
1037 547 40138
679 792 40139
547 1434 40140
27 1425 40141
128 32 40142
128 1354 40143
547 1037 40144
1280 497 40145
502 398 40146
770 802 40147
502 540 40148
732 1434 40149
725 1280 40150
502 128 40151
502 1438 40152
1438 502 40153
1393 283 40154
60 1184 40155
1018 1217 40156
704 302 40157
1154 800 40158
1354 128 40159
1402 224 40160
1402 105 40161
1440 43 40162
105 1402 40163
802 770 40164
398 1013 40165
43 1440 40166
398 105 40167
1113 495 40168
770 802 40169
809 67 40170
809 257 40171
802 770 40172
781 42 40173
1253 1461 40174
105 398 40175
835 261 40176
847 358 40177
398 105 40178
105 398 40179
12 1387 40180
12 1118 40181
398 105 40181
220 224 40182
12 634 40183
12 282 40184
12 634 40185
463 871 40186
105 398 40187
3 495 40188
12 1118 40189
389 573 40190
463 609 40191
463 1185 40192
1377 1423 40193
1440 43 40194
63 1174 40195
63 1302 40196
497 52 40197
483 821 40198
504 1406 40199
821 483 40200
1463 1469 40201
483 821 40202
12 1118 40203
809 1354 40204
12 1118 40205
12 1118 40206
12 343 40207
498 1470 40208
12 1118 40209
821 483 40210
1313 1434 40211
573 389 40212
1110 3 40213
1313 1312 40214
252 1338 40215
67 938 40216
252 389 40217
704 958 40218
1313 1387 40219
389 573 40220
389 252 40221
67 1338 40222
502 1438 40223
615 1425 40224
389 482 40225
42 781 40226
1190 62 40227
314 103 40227
42 323 40228
314 103 40229
1181 317 40230
42 716 40231
797 544 40232
252 389 40233
799 32 40234
573 389 40235
1190 615 40236
615 1190 40237
353 504 40238
1438 502 40239
1033 1281 40240
42 950 40241
1438 502 40242
12 1118 40243
576 792 40244
353 504 40245
460 546 40246
576 254 40247
460 546 40248
1190 615 40249
502 1438 40250
1313 507 40251
502 1438 40252
1190 50 40253
42 950 40254
1113 437 40255
389 573 40256
1438 502 40257
389 252 40258
1113 353 40259
1438 502 40260
1190 1287 40261
1328 840 40262
1328 840 40263
353 1113 40264
42 950 40265
341 1423 40266
792 576 40267
502 1438 40268
317 1281 40269
317 1168 40270
317 749 40271
12 569 40272
277 497 40273
252 389 40274
12 1118 40275
1113 353 40276
317 1181 40277
50 1190 40278
497 277 40279
1438 502 40280
42 950 40281
12 1118 40282
1416 1138 40283
497 1296 40284
777 377 40285
797 958 40286
42 950 40287
797 1471 40288
261 835 40289
12 1118 40290
792 1472 40291
1246 224 40292
797 974 40293
809 1354 40294
797 1473 40295
12 1118 40296
42 950 40297
809 67 40298
298 598 40299
1416 502 40300
932 1269 40301
1142 194 40302
950 42 40303
42 950 40304
1416 502 40305
797 277 40306
679 88 40307
1142 733 40308
1 1271 40309
797 638 40310
1375 1269 40311
536 884 40312
706 128 40313
1416 306 40314
544 797 40315
1246 547 40316
797 297 40316
638 797 40317
1416 502 40318
797 204 40319
990 706 40320
544 1269 40321
797 128 40322
1422 942 40323
950 42 40324
831 325 40325
276 792 40326
42 950 40327
317 32 40328
42 353 40329
42 942 40330
42 1 40331
1422 1021 40332
325 831 40333
950 42 40334
797 260 40335
547 1246 40336
797 638 40337
1269 932 40338
792 276 40339
598 298 40340
1269 544 40341
507 1313 40342
53 711 40343
1375 1269 40344
497 277 40345
379 542 40346
1269 797 40347
871 463 40348
871 463 40349
1272 1181 40350
302 704 40351
53 615 40352
778 128 40353
1269 1375 40354
128 797 40355
317 319 40356
297 254 40357
297 334 40358
297 283 40359
985 983 40360
797 1269 40361
794 1294 40362
325 1402 40363
297 1189 40364
297 797 40365
778 306 40366
1474 176 40367
1375 1269 40368
1474 1375 40369
1246 547 40370
800 1154 40371
297 573 40372
379 1034 40373
394 504 40373
1423 341 40374
53 711 40375
1138 1416 40376
1269 1375 40377
797 128 40378
573 297 40379
1042 681 40380
1190 50 40381
297 573 40382
1042 52 40383
128 797 40384
711 53 40385
128 502 40386
53 711 40387
317 626 40388
797 297 40389
711 53 40390
1211 871 40391
1211 254 40392
297 797 40393
983 985 40394
53 54 40395
53 1042 40396
224 220 40397
1113 987 40398
544 1269 40399
546 460 40400
128 797 40401
342 798 40402
1184 60 40403
389 1269 40404
342 797 40405
643 638 40406
503 352 40407
643 1365 40408
762 52 40409
626 1036 40410
638 643 40411
638 797 40412
942 1422 40413
1235 52 40414
542 379 40415
3 1110 40416
598 298 40417
1371 643 40418
831 325 40419
932 1269 40420
1271 1 40421
1434 298 40422
1215 102 40423
431 566 40424
1113 353 40425
128 797 40426
1434 298 40427
598 649 40428
1215 102 40429
160 639 40430
484 913 40431
598 649 40432
128 797 40433
1463 1383 40434
1425 27 40435
53 1349 40436
1434 298 40437
878 1050 40438
864 993 40439
204 797 40440
598 649 40441
204 212 40442
932 1269 40443
204 542 40444
204 346 40445
204 1269 40446
102 1449 40447
1449 102 40448
342 797 40449
1113 990 40450
204 1269 40451
1406 504 40452
27 1425 40453
932 1269 40454
204 542 40455
1185 676 40456
204 1269 40457
1383 54 40458
204 1269 40459
378 407 40460
204 1269 40461
792 1036 40462
204 1381 40463
932 1269 40464
204 1269 40465
1167 504 40466
204 1269 40467
204 1269 40468
1365 643 40469
536 749 40470
639 160 40471
204 1269 40472
639 994 40473
160 639 40474
389 830 40475
864 993 40476
52 1269 40477
52 497 40478
341 1423 40479
204 1269 40480
749 52 40481
1269 52 40482
52 762 40483
144 645 40484
204 1269 40484
52 749 40485
1118 308 40486
52 1269 40486
749 52 40487
561 1177 40488
704 288 40489
128 353 40490
639 749 40491
67 52 40492
204 1269 40493
128 639 40494
67 52 40495
261 835 40496
799 1475 40497
1383 749 40498
1328 1476 40499
128 353 40500
204 1269 40501
204 1269 40502
1425 27 40503
204 346 40504
389 830 40505
204 1269 40506
346 1453 40507
67 52 40508
1476 1069 40509
1476 1069 40510
42 1477 40511
454 1369 40512
42 135 40513
1476 1012 40514
1476 1012 40515
204 212 40516
105 52 40517
204 1269 40518
1042 681 40519
105 52 40520
204 1269 40521
105 52 40522
1406 468 40523
1042 52 40524
204 1224 40525
204 212 40526
704 288 40527
42 1477 40528
204 1269 40529
778 439 40530
540 1349 40531
1349 540 40532
544 1269 40533
540 1349 40534
1269 544 40535
105 1421 40536
1235 52 40537
544 1269 40538
454 1326 40539
454 778 40540
105 794 40541
1190 1287 40542
1449 1421 40543
714 97 40544
536 778 40545
204 1269 40546
67 901 40547
67 901 40548
1367 1412 40549
1412 1365 40550
1412 1367 40551
277 497 40552
1463 50 40553
350 343 40554
152 993 40555
1089 1412 40556
198 101 40557
993 152 40558
198 1321 40559
810 1412 40560
932 1269 40561
152 993 40562
272 306 40563
903 1294 40564
272 632 40565
810 1412 40566
919 603 40567
993 152 40568
152 993 40569
220 224 40570
993 152 40571
1340 1478 40572
482 212 40573
372 1412 40574
152 993 40575
372 1412 40576
1402 497 40577
993 152 40578
204 482 40579
1402 482 40580
152 993 40581
204 482 40582
810 1412 40583
482 101 40584
482 8 40585
993 152 40586
454 1326 40587
482 97 40588
152 993 40589
993 152 40590
482 260 40591
482 41 40592
482 477 40593
482 269 40594
482 263 40595
482 283 40596
482 281 40597
204 611 40598
482 332 40599
482 325 40600
152 993 40601
993 152 40602
482 272 40603
482 248 40604
482 184 40605
810 1412 40606
204 611 40607
792 912 40608
152 993 40609
704 288 40610
993 152 40611
204 611 40612
152 993 40613
993 152 40614
1340 840 40615
778 570 40616
152 993 40617
204 611 40618
545 421 40619
1118 632 40620
1406 1421 40621
993 152 40622
152 993 40623
421 545 40624
254 482 40625
1463 50 40626
778 517 40627
1463 50 40628
249 1470 40629
204 611 40630
204 1415 40631
1189 346 40632
338 1302 40633
250 544 40634
12 599 40635
306 272 40636
263 1298 40637
204 611 40638
817 1472 40639
263 377 40640
128 1413 40641
1472 817 40642
831 1449 40643
42 538 40644
555 1449 40645
495 1433 40646
817 1472 40647
1034 379 40648
502 942 40649
1472 817 40650
42 1354 40651
1402 993 40652
817 1472 40653
794 1401 40654
105 1118 40655
67 809 40656
1113 990 40657
1401 794 40658
1479 523 40659
1033 463 40660
1033 463 40661
792 1413 40662
1480 638 40663
778 315 40664
323 482 40665
495 649 40666
323 1449 40667
261 835 40668
495 1367 40669
315 994 40670
495 172 40671
495 1213 40672
176 1474 40673
323 88 40674
315 993 40675
1480 97 40676
495 1433 40677
315 778 40678
423 315 40679
1373 354 40680
1401 794 40681
993 315 40682
1472 817 40683
315 993 40684
817 1472 40685
993 315 40686
315 993 40687
993 315 40688
315 993 40689
993 315 40690
298 323 40691
298 323 40692
298 323 40693
298 323 40694
389 640 40695
298 323 40696
1113 437 40697
52 67 40698
325 482 40699
1187 1060 40700
687 1004 40701
308 263 40702
1402 1479 40703
984 318 40704
1328 765 40705
1328 391 40706
1328 239 40707
838 632 40708
1089 882 40709
1089 765 40710
1089 1412 40711
1089 1367 40712
1089 1365 40713
871 1412 40714
777 514 40715
1349 366 40716
27 1425 40717
831 325 40718
1349 366 40719
1127 318 40720
1127 1383 40721
1127 1137 40722
598 88 40723
1189 1187 40724
454 1127 40725
415 263 40726
1189 482 40727
1189 482 40728
1189 482 40729
1246 456 40730
1409 1105 40731
431 544 40732
1313 507 40733
431 544 40734
1313 507 40735
431 544 40736
765 1328 40737
431 544 40738
398 465 40739
431 544 40740
638 1480 40741
317 482 40742
204 1269 40743
431 544 40744
431 544 40745
431 544 40746
431 544 40747
342 638 40748
389 1472 40749
431 544 40750
389 1438 40751
389 830 40752
431 544 40753
431 544 40754
342 1039 40755
261 835 40756
1269 1091 40757
317 315 40758
1269 1301 40759
1269 316 40760
1269 1039 40761
1269 437 40762
714 1400 40763
297 482 40764
1393 283 40765
297 497 40766
415 1433 40767
1393 1365 40768
1393 1427 40769
654 224 40770
475 1480 40771
204 1415 40772
654 224 40773
1246 224 40774
249 402 40775
105 52 40776
105 621 40777
1236 706 40778
1021 1199 40779
1244 415 40779
1244 131 40780
1021 1422 40781
249 1021 40782
352 309 40783
249 1217 40784
1375 1269 40785
1375 1474 40786
1021 1449 40787
627 993 40788
627 1019 40789
204 1269 40790
1089 765 40791
1365 1412 40792
1365 1393 40793
840 1241 40794
309 352 40795
1326 1142 40796
1393 1365 40797
1365 1393 40798
1189 1481 40799
447 224 40800
1037 595 40801
632 838 40802
1274 792 40803
1215 303 40804
792 1036 40805
1274 792 40806
609 463 40807
706 740 40808
792 1274 40809
1189 305 40810
609 80 40811
1241 840 40812
257 142 40813
212 289 40814
212 263 40815
1463 373 40816
212 1289 40817
257 142 40817
257 142 40818
1248 1323 40819
532 765 40820
532 882 40821
800 1072 40821
933 1214 40822
1474 1375 40823
463 609 40824
598 1474 40825
609 463 40826
298 323 40827
463 609 40828
352 309 40829
298 323 40830
609 463 40831
315 263 40832
1387 357 40833
1142 1287 40834
1387 357 40835
1328 627 40836
1328 840 40837
257 142 40838
263 315 40839
1387 357 40840
1344 1312 40841
1387 357 40842
1383 1127 40843
392 1295 40844
504 353 40845
1142 1227 40846
105 621 40847
353 504 40848
1 312 40849
1 312 40850
257 298 40851
1 312 40852
1142 1320 40853
298 257 40854
1 312 40855
1142 312 40856
1127 1169 40857
547 1127 40858
1 312 40859
358 847 40860
1142 312 40861
9 142 40862
1214 933 40863
547 1127 40864
1183 991 40865
176 1474 40866
1183 824 40867
544 511 40868
67 1260 40869
536 993 40870
257 298 40871
67 52 40872
797 1142 40873
1142 1368 40874
1142 797 40875
1364 1393 40876
1158 1072 40877
511 544 40878
454 1269 40879
454 1326 40880
1169 1127 40881
1183 1482 40882
1340 1326 40883
439 778 40884
504 353 40885
991 358 40886
358 991 40887
991 358 40888
346 838 40889
1127 1169 40890
358 991 40891
1421 1449 40892
1244 131 40893
250 263 40894
1421 236 40895
105 439 40896
32 799 40897
809 67 40898
12 343 40899
32 482 40900
9 766 40901
12 142 40902
481 586 40903
586 481 40904
993 536 40905
250 1453 40906
250 1420 40907
933 1214 40908
1033 463 40909
105 52 40910
1402 1213 40911
1118 632 40912
1387 12 40913
1461 1253 40914
1280 1287 40915
1214 933 40916
871 260 40917
831 325 40918
199 1364 40919
578 6 40920
847 358 40921
72 1039 40922
252 766 40923
542 352 40924
864 993 40925
864 990 40926
1422 1021 40927
357 1431 40928
933 1214 40929
220 482 40930
811 58 40931
42 1482 40932
919 60 40933
468 329 40934
19 1483 40935
1246 224 40936
189 712 40937
792 1036 40938
770 97 40939
536 993 40940
792 142 40941
843 575 40942
843 575 40943
843 575 40944
358 847 40945
298 257 40946
6 578 40947
6 753 40948
1272 862 40949
993 536 40950
1423 325 40951
358 1484 40952
358 1484 40953
325 1423 40954
793 863 40955
341 1423 40956
249 282 40957
32 799 40958
1018 1335 40959
864 993 40960
6 1020 40961
1246 224 40962
758 741 40963
249 1485 40964
125 131 40965
1468 575 40966
1468 755 40967
536 993 40968
204 645 40969
1173 1323 40970
249 1359 40971
1189 543 40972
1302 338 40973
1403 357 40974
644 1420 40975
644 1420 40976
644 1420 40977
765 532 40978
1072 1158 40979
1236 706 40980
1236 1043 40981
1486 135 40982
1190 50 40983
1089 765 40984
1283 699 40985
245 1283 40986
245 1283 40987
245 191 40988
245 1049 40989
245 1283 40990
400 822 40991
249 1487 40992
400 776 40993
400 396 40994
1488 576 40995
254 758 40996
704 1487 40997
1313 507 40998
704 1478 40999
1101 638 41000
1340 58 41001
1284 793 41002
704 1489 41003
701 782 41004
1271 1 41005
1344 1283 41006
322 1056 41007
94 516 41008
317 1260 41009
1018 755 41010
1018 755 41011
42 358 41012
1018 1485 41013
645 144 41014
1018 1485 41015
97 1480 41016
1313 507 41017
1018 1440 41018
1189 1407 41019
1189 835 41020
1169 1127 41021
85 322 41022
994 378 41023
994 632 41024
792 1413 41025
871 738 41026
72 1253 41027
871 452 41028
1406 1184 41029
787 1490 41030
250 1184 41031
1406 1184 41032
1189 1282 41033
323 421 41034
871 364 41035
1406 1487 41036
1252 787 41037
1252 787 41038
1397 473 41039
787 1252 41040
80 609 41041
1252 787 41042
502 994 41043
1236 706 41044
502 998 41045
1189 523 41046
475 250 41047
1189 523 41048
792 1413 41049
1158 1072 41050
1321 198 41051
421 1395 41052
1284 578 41053
871 250 41054
85 1236 41055
1105 1440 41056
643 1365 41057
643 1371 41058
298 323 41059
250 1056 41060
538 48 41061
847 358 41062
871 1491 41063
298 323 41064
128 1381 41065
261 835 41066
1440 1105 41067
72 1253 41068
9 994 41069
1021 1422 41070
1103 1441 41071
9 654 41072
1339 1491 41073
1018 1491 41074
1072 1158 41075
749 1383 41076
1072 1158 41077
1018 1491 41078
1339 1491 41079
1339 1491 41080
1492 638 41081
128 1381 41082
254 758 41083
375 912 41084
1444 1168 41085
341 6 41086
1493 1474 41087
809 1494 41088
1493 1449 41089
1493 1474 41090
338 1302 41091
1235 52 41092
101 198 41093
101 282 41094
809 542 41095
809 542 41096
809 560 41097
993 536 41098
1244 1317 41099
1207 797 41100
1168 520 41101
1402 993 41102
497 1491 41103
1038 781 41104
32 799 41105
536 1317 41106
536 795 41107
536 993 41108
32 52 41109
1393 1365 41110
1393 1364 41111
1393 1492 41112
1393 1492 41113
576 1488 41114
1339 576 41115
272 306 41116
706 1236 41117
272 1296 41118
758 741 41119
598 488 41120
297 795 41121
297 738 41122
713 1476 41123
132 30 41124
713 1154 41125
713 1449 41126
358 847 41127
142 1415 41128
42 358 41129
254 758 41130
1440 1495 41131
1158 1072 41132
50 1496 41133
172 1497 41134
1158 1498 41135
1291 252 41136
1291 252 41137
1072 1158 41138
1072 370 41139
389 830 41140
389 1472 41141
204 645 41142
204 1227 41143
204 542 41144
509 1395 41145
1487 844 41146
704 1487 41147
67 809 41148
1413 509 41149
509 1413 41150
509 52 41151
509 1413 41152
681 52 41153
1496 824 41154
824 1496 41155
52 681 41156
509 364 41157
1281 1253 41158
1281 540 41159
1235 52 41160
809 1449 41161
357 1136 41162
1281 1253 41163
520 1168 41164
257 298 41165
50 1496 41166
509 1413 41167
32 52 41168
32 1497 41169
204 1227 41170
1281 1283 41171
1281 1283 41172
1281 1283 41173
1281 1499 41174
1142 1320 41175
389 1472 41176
1072 370 41177
52 1283 41178
766 252 41179
1260 67 41180
1496 824 41181
1395 421 41182
252 766 41183
792 1036 41184
67 1260 41185
617 250 41186
204 1500 41187
620 1294 41188
67 1497 41189
67 1497 41190
42 669 41191
67 1501 41192
1 1271 41193
1189 319 41194
249 357 41195
711 642 41196
277 1320 41197
1 1271 41198
638 1492 41199
1062 353 41200
1 3 41201
502 285 41202
1332 1437 41203
1062 1470 41204
810 1260 41205
9 766 41206
298 257 41207
257 298 41208
67 523 41209
1320 1142 41210
298 257 41211
257 298 41212
1062 357 41213
357 1062 41214
357 314 41215
298 257 41216
1062 1419 41217
314 333 41218
870 523 41219
257 298 41220
298 257 41221
67 1496 41222
1185 314 41223
770 1491 41224
1132 1425 41225
67 1496 41226
870 638 41227
389 1472 41228
1291 252 41229
84 638 41230
373 311 41231
373 311 41232
373 311 41233
204 542 41234
306 778 41235
1449 439 41236
831 934 41237
792 1080 41238
792 1080 41239
545 1449 41240
617 73 41241
817 104 41242
679 1176 41243
617 681 41244
536 884 41245
617 272 41246
1449 429 41247
617 272 41248
617 272 41249
272 1449 41250
1449 272 41251
272 1449 41252
817 104 41253
1502 1503 41254
1502 1269 41255
421 1395 41256
393 738 41257
617 728 41258
477 1 41259
809 1449 41260
477 1271 41261
477 1 41262
421 97 41263
393 738 41264
393 870 41265
598 1290 41266
393 394 41267
393 738 41268
1158 1072 41269
393 738 41270
393 191 41271
393 738 41272
536 1317 41273
249 1504 41274
681 52 41275
1072 1158 41276
191 1505 41277
638 643 41278
638 870 41279
638 84 41280
704 288 41281
1487 132 41282
1424 575 41283
1424 1427 41284
792 438 41285
792 438 41286
792 438 41287
1487 132 41288
843 1237 41289
843 1424 41290
843 1237 41291
843 1237 41292
1297 1072 41293
843 1237 41294
1072 1297 41295
557 1036 41296
1297 1072 41297
843 1237 41298
1349 1062 41299
1281 1279 41300
843 1237 41301
357 52 41302
843 1237 41303
770 844 41304
1313 507 41305
198 101 41306
843 1237 41307
42 353 41308
1402 224 41309
42 1505 41310
843 1195 41311
843 1237 41312
843 1237 41313
843 1237 41314
792 824 41315
843 1237 41316
792 557 41317
557 792 41318
704 288 41319
843 557 41320
42 669 41321
254 272 41322
454 1326 41323
454 1269 41324
843 557 41325
52 681 41326
679 418 41327
52 357 41328
36 1425 41329
454 1269 41330
843 557 41331
843 557 41332
389 1472 41333
843 557 41334
843 557 41335
454 1269 41336
1444 1062 41337
1158 1072 41338
1158 375 41339
1158 375 41340
50 1487 41341
495 1213 41342
495 1433 41343
555 440 41344
1072 1158 41345
495 1367 41346
495 172 41347
1158 1072 41348
1158 1072 41349
1158 1072 41350
1158 1072 41351
1158 1072 41352
1215 1317 41353
1158 1072 41354
1215 1317 41355
701 1413 41356
567 595 41357
555 969 41358
555 765 41359
575 1031 41360
817 1449 41361
42 1506 41362
1417 67 41363
1417 1262 41364
242 1217 41365
1260 557 41366
193 943 41367
1393 1424 41368
1507 638 41369
398 405 41370
1507 638 41371
1268 1269 41372
1062 1349 41373
1356 1421 41374
1321 1224 41375
1356 135 41376
1268 1142 41377
536 1317 41378
536 884 41379
1224 1321 41380
701 1413 41381
864 482 41382
864 1189 41383
864 990 41384
1415 142 41385
1 477 41386
1 477 41387
337 1415 41388
1415 142 41389
1415 974 41390
1217 242 41391
1281 1356 41392
337 1415 41393
42 1415 41394
681 52 41395
609 1497 41396
609 1497 41397
609 1478 41398
536 884 41399
1136 357 41400
679 516 41401
52 681 41402
725 1127 41402
1449 817 41403
725 1127 41404
103 358 41405
1402 422 41406
1332 964 41407
725 52 41408
1490 787 41409
376 481 41410
817 943 41411
1189 1417 41412
1508 1021 41413
1508 52 41414
1508 1319 41415
1508 1319 41416
52 1508 41417
1508 52 41418
509 52 41419
1508 1470 41420
509 337 41421
389 1472 41422
52 1508 41423
509 52 41424
1508 52 41425
509 893 41426
964 1332 41427
42 995 41428
42 1509 41429
725 52 41430
725 1127 41431
1236 706 41432
1280 272 41433
509 840 41434
509 316 41435
509 364 41436
272 306 41437
509 1026 41438
337 509 41439
509 337 41440
509 337 41441
704 1329 41442
337 509 41443
569 1313 41444
509 337 41445
711 1356 41446
103 1329 41447
52 509 41448
1329 1271 41449
1329 477 41450
52 1508 41450
103 58 41451
711 1373 41452
1280 272 41453
1423 341 41454
644 773 41455
569 1313 41456
810 233 41457
362 928 41458
362 1421 41459
249 1509 41460
1217 242 41461
1281 540 41462
893 509 41463
1217 322 41464
569 1510 41465
342 1417 41466
103 358 41467
306 272 41468
103 358 41469
306 1449 41470
713 1367 41471
713 1441 41472
1280 272 41473
103 1217 41474
713 271 41475
713 1381 41476
713 1373 41477
713 1052 41478
1489 1449 41479
713 842 41480
713 1283 41481
713 1311 41482
713 666 41483
823 1032 41484
713 1189 41485
713 714 41486
1260 557 41487
713 781 41488
713 716 41489
713 87 41490
1302 338 41491
713 462 41492
713 994 41493
823 1032 41494
713 1186 41495
713 779 41496
713 884 41497
713 1165 41498
1489 1449 41499
191 1021 41500
1058 1142 41501
713 998 41502
713 1042 41503
713 749 41504
1508 52 41505
1101 1417 41506
1406 319 41507
103 1510 41508
357 1417 41509
823 1032 41510
103 58 41511
823 1032 41512
103 893 41513
1393 283 41514
792 824 41515
1036 557 41516
823 1032 41517
128 847 41518
823 1032 41519
52 1508 41520
1508 52 41521
128 1510 41522
823 1032 41523
823 1032 41524
823 1032 41525
1509 224 41526
823 1032 41527
823 959 41528
823 1032 41529
823 1032 41530
792 1036 41531
1332 964 41532
1509 1401 41533
823 1032 41534
823 1032 41535
1036 792 41536
1113 1509 41537
1401 1509 41538
569 1510 41539
1509 470 41540
128 1510 41541
1509 1401 41542
470 1509 41543
1509 470 41544
1113 1509 41545
9 1510 41546
823 1032 41547
823 285 41548
823 1032 41549
1401 1509 41550
1401 794 41551
823 1032 41552
823 1032 41553
69 1508 41554
823 1032 41555
823 1032 41556
1509 1401 41557
128 1262 41558
366 346 41559
823 1032 41560
366 12 41561
366 1349 41562
606 1510 41563
606 1503 41564
1510 606 41565
823 1032 41566
606 1510 41567
1510 606 41568
1349 366 41569
342 1497 41570
606 1510 41571
569 606 41572
346 366 41573
326 688 41574
792 1036 41575
1510 606 41576
536 884 41577
1508 52 41578
823 1032 41579
823 1032 41580
1281 1414 41581
823 1032 41582
1185 1403 41583
966 52 41584
823 1032 41585
823 1032 41586
823 1032 41587
823 1032 41588
1507 212 41589
1509 1511 41590
701 326 41591
823 1032 41592
823 1032 41593
42 1512 41594
701 654 41595
823 1032 41596
1158 437 41597
823 1032 41598
536 884 41599
823 1032 41600
42 1062 41601
1185 1329 41602
569 1510 41603
823 1032 41604
823 1032 41605
823 1032 41606
326 701 41607
823 1032 41608
1031 575 41609
557 1036 41610
9 366 41611
823 1032 41612
964 1332 41613
823 1032 41614
9 1510 41615
823 1032 41616
569 1510 41617
810 233 41618
569 1510 41619
536 884 41620
569 1510 41621
595 1037 41622
595 567 41623
52 966 41624
1509 1356 41625
204 1356 41626
204 1227 41627
1509 890 41628
1509 890 41629
1509 957 41630
454 1043 41631
389 830 41632
389 950 41633
950 389 41634
1036 557 41635
1036 792 41636
1509 309 41637
704 1217 41638
687 1051 41639
536 884 41640
325 326 41641
713 1441 41642
326 325 41643
713 884 41644
713 781 41645
713 462 41646
128 1124 41647
1260 557 41648
1280 1403 41649
713 1441 41650
966 52 41651
966 852 41652
933 783 41653
323 966 41654
831 934 41655
1248 367 41656
1375 199 41657
85 322 41658
42 1062 41659
606 1510 41660
1375 1472 41661
1182 1113 41662
615 422 41663
569 606 41664
569 615 41665
1346 1329 41666
19 1505 41667
1509 1179 41668
1472 1375 41669
1393 1180 41670
1280 1403 41671
1510 606 41672
606 1510 41673
852 966 41674
569 606 41675
1510 606 41676
912 899 41677
1260 725 41678
1158 924 41679
912 1513 41680
1406 1224 41681
1280 725 41682
128 606 41683
1280 725 41684
128 1510 41685
1260 725 41686
697 1349 41687
1280 725 41688
128 1513 41689
1406 928 41690
1260 725 41691
1400 714 41692
783 933 41693
1037 595 41694
128 1513 41695
758 1449 41696
1260 725 41697
1280 725 41698
1280 1037 41699
1280 725 41700
128 1513 41701
782 701 41702
1260 725 41703
1487 132 41704
128 1513 41705
547 1169 41706
1513 716 41707
128 1510 41708
1375 1472 41709
204 298 41710
1285 1021 41711
1489 209 41712
1489 1449 41713
1489 1021 41714
314 1185 41715
701 326 41716
314 1449 41717
1406 314 41718
314 333 41719
1406 314 41720
557 1260 41721
128 204 41722
681 758 41723
758 681 41724
912 314 41725
422 615 41726
173 749 41727
912 375 41728
1406 173 41729
405 1507 41730
1406 173 41731
276 1260 41732
42 1507 41733
368 1236 41734
852 276 41735
1375 1472 41736
1514 847 41737
276 852 41738
1185 1403 41739
615 422 41740
852 276 41741
276 852 41742
852 276 41743
321 1260 41744
912 893 41745
1280 725 41746
163 1485 41747
1281 725 41748
1281 1499 41749
841 90 41750
42 852 41751
422 615 41752
90 841 41753
42 852 41754
852 1356 41755
42 852 41756
42 1215 41757
317 319 41758
1332 964 41759
1375 1472 41760
1375 1472 41761
1402 1252 41762
893 912 41763
1375 199 41764
50 1487 41765
52 966 41766
878 1417 41767
1100 1215 41768
792 1036 41769
792 824 41770
1215 1100 41771
1100 1215 41772
1075 708 41773
1249 1218 41774
1287 1244 41775
1215 1100 41776
1100 1215 41777
377 1507 41778
1215 1100 41779
963 841 41780
346 1419 41781
963 841 41782
1381 783 41783
1425 1132 41784
964 1332 41785
800 1072 41786
1072 1158 41787
1072 1158 41788
725 1260 41789
1393 283 41790
615 422 41791
1313 507 41792
1509 1514 41793
1509 1515 41794
393 1516 41795
831 934 41796
1339 1417 41797
509 893 41798
509 52 41799
509 799 41800
1255 980 41801
1255 984 41802
1255 462 41803
1472 817 41804
1472 594 41805
1113 1517 41806
1158 1072 41807
1158 1072 41808
1514 1518 41809
1021 1285 41810
1021 191 41811
1021 1508 41812
713 1441 41813
398 405 41814
713 370 41815
713 87 41816
713 276 41817
713 1185 41818
713 884 41819
830 389 41820
713 781 41821
713 462 41822
735 1168 41823
276 713 41824
713 1517 41825
329 468 41826
52 509 41827
309 520 41828
326 701 41829
378 994 41830
799 1475 41831
276 735 41832
639 1438 41833
639 993 41834
639 1433 41835
520 309 41836
509 52 41837
509 799 41838
212 1507 41839
520 1017 41840
884 713 41841
1375 1472 41842
32 1519 41843
32 1505 41844
47 1299 41845
708 1075 41846
1520 1513 41847
783 1381 41848
997 142 41849
9 1285 41850
469 463 41851
1521 645 41852
1142 47 41853
9 1285 41854
9 1285 41855
509 799 41856
283 615 41857
1280 725 41858
1043 1142 41859
375 912 41860
710 646 41861
52 509 41862
912 375 41863
912 893 41864
9 1521 41865
9 295 41866
9 295 41867
1114 1424 41868
701 326 41869
884 375 41870
509 52 41871
1406 1268 41872
1424 1114 41873
375 884 41874
1522 859 41875
375 912 41876
1523 1420 41877
1523 1420 41878
509 893 41879
687 438 41880
199 1375 41881
1523 1518 41882
209 1489 41883
639 509 41884
103 358 41885
67 1496 41886
67 1501 41887
103 1217 41888
598 542 41889
199 1060 41890
598 542 41891
1339 199 41892
1502 606 41893
626 1523 41894
652 1317 41895
652 394 41896
103 652 41897
679 1176 41898
97 726 41899
379 542 41900
884 375 41901
871 1417 41902
1487 50 41903
103 652 41904
103 652 41905
713 1441 41906
713 781 41907
67 1445 41908
713 1517 41909
713 462 41910
713 370 41911
1522 1524 41912
598 1517 41913
1487 312 41914
326 701 41915
249 1525 41916
1339 713 41917
128 509 41918
1522 8 41919
128 847 41920
42 72 41921
1522 97 41922
919 1449 41923
42 72 41924
1522 220 41925
1393 283 41926
42 72 41927
1317 652 41928
309 639 41929
297 738 41930
713 1165 41931
42 72 41932
309 212 41933
42 1526 41934
1520 1513 41935
50 1487 41936
370 1417 41937
1026 509 41938
1026 615 41939
1026 1236 41940
463 609 41941
1441 713 41942
463 469 41943
1142 1043 41944
249 402 41945
1284 1317 41946
191 1021 41947
1255 462 41948
609 463 41949
1507 405 41950
1507 212 41951
249 402 41952
1433 639 41953
144 1527 41954
615 1026 41955
1489 209 41956
942 377 41957
864 990 41958
277 1508 41959
277 1381 41960
277 797 41961
594 1472 41962
1173 654 41963
635 725 41964
635 725 41965
1173 654 41966
635 1433 41967
704 1468 41968
654 701 41969
635 224 41970
1284 285 41971
993 639 41972
249 713 41973
442 1184 41974
1521 645 41975
392 321 41976
1383 749 41977
1383 1127 41978
277 797 41979
1528 713 41980
1042 713 41981
1042 52 41982
1042 781 41983
42 43 41984
605 734 41985
442 852 41986
442 654 41987
342 1497 41988
852 442 41989
615 1526 41990
1037 1517 41991
342 1497 41992
394 1526 41993
944 1518 41994
615 713 41995
605 734 41996
1167 1424 41997
32 1518 41998
1517 1037 41999
1518 944 42000
32 460 42001
792 1036 42002
32 1518 42003
32 773 42004
605 734 42005
605 734 42006
605 734 42007
42 394 42008
605 734 42009
605 734 42010
1507 1117 42011
605 734 42012
1339 132 42013
605 734 42014
128 847 42015
67 1496 42016
67 1501 42017
67 1507 42018
1313 569 42019
1190 50 42020
823 285 42021
322 1217 42022
67 1507 42023
878 1362 42024
1180 1393 42025
309 1497 42026
42 1507 42027
42 1507 42028
1173 654 42029
1217 322 42030
42 964 42031
128 847 42032
128 847 42033
878 713 42034
706 1236 42035
1038 781 42036
1190 281 42037
1038 1489 42038
596 1179 42039
285 1497 42040
254 1190 42041
42 1507 42042
1313 569 42043
42 1507 42044
128 847 42045
1173 654 42046
1339 199 42047
714 713 42048
1313 569 42049
714 1400 42050
254 1190 42051
725 635 42052
1508 1021 42053
254 1190 42054
1508 1521 42055
67 1496 42056
498 708 42057
810 233 42058
1521 1508 42059
1284 1317 42060
1313 569 42061
1508 1521 42062
1339 276 42063
398 354 42064
1173 654 42065
1521 1508 42066
398 1526 42067
598 1080 42068
1313 569 42069
1313 569 42070
1502 1503 42071
1173 654 42072
128 847 42073
1508 708 42074
1526 595 42075
733 1313 42075
1508 1184 42076
1503 1502 42077
128 847 42078
128 677 42079
1026 615 42080
1181 131 42081
1184 442 42082
316 509 42082
447 1526 42083
1184 1508 42084
596 1187 42085
704 1509 42086
283 1393 42087
283 1502 42088
9 282 42089
1502 1503 42090
1489 209 42091
1184 1472 42092
283 1502 42093
283 1502 42094
1503 1502 42095
1339 316 42096
1502 1503 42097
281 1190 42098
283 1502 42099
283 1502 42100
194 998 42101
283 1502 42102
1502 606 42103
352 908 42104
781 713 42105
194 980 42106
783 1526 42107
615 1026 42108
753 6 42109
194 353 42110
194 1127 42111
878 1362 42112
194 560 42113
194 1004 42114
733 783 42115
194 794 42116
38 561 42117
308 739 42118
852 38 42119
733 919 42120
194 1178 42121
1295 392 42122
194 465 42123
617 250 42124
733 783 42125
635 725 42126
1289 212 42127
617 250 42128
733 783 42129
617 250 42130
1489 1289 42131
573 61 42132
1472 1184 42133
87 713 42134
1184 1472 42135
145 586 42136
1375 1529 42137
893 68 42138
842 713 42139
377 942 42140
1185 41 42141
118 194 42142
640 1468 42143
640 1526 42144
1117 1507 42145
1530 1192 42146
749 713 42147
271 713 42148
1236 706 42149
271 899 42150
749 474 42151
778 517 42152
502 778 42153
1520 716 42154
749 1383 42155
749 173 42156
1033 1496 42157
706 1236 42158
1033 1496 42159
1421 1356 42160
502 778 42161
1472 1184 42162
502 778 42163
447 1526 42164
1236 706 42165
341 1423 42166
1281 163 42167
502 778 42168
261 835 42169
502 778 42170
546 1362 42171
1400 714 42172
546 725 42173
1338 838 42174
1217 473 42175
835 261 42176
1508 1184 42177
1338 373 42178
1338 99 42179
1338 1508 42180
1338 67 42181
733 783 42182
1185 41 42183
1423 341 42184
1338 1508 42185
1508 358 42186
473 1217 42187
706 740 42188
605 431 42189
341 1423 42190
1338 1508 42191
1338 1036 42192
261 835 42193
733 783 42194
1176 679 42195
1509 1440 42196
679 1176 42197
1423 341 42198
442 1184 42199
341 1423 42200
41 277 42201
1423 341 42202
733 144 42203
1165 713 42204
1517 449 42205
19 1430 42206
19 1430 42207
733 1423 42208
871 988 42209
475 1105 42210
733 1423 42211
1423 733 42212
309 754 42213
1021 191 42214
733 1423 42215
1021 1508 42216
85 733 42217
332 352 42218
601 1517 42219
733 893 42220
85 733 42221
1517 601 42222
601 1517 42223
942 377 42224
716 713 42225
893 733 42226
912 1513 42227
1178 194 42228
706 1531 42229
1178 1051 42230
9 282 42231
9 1501 42232
835 261 42233
919 733 42234
1489 209 42235
1440 1509 42236
1449 1021 42237
1132 1425 42238
118 194 42239
852 276 42240
852 276 42241
852 276 42242
1113 1517 42243
1379 194 42244
1379 713 42245
204 1227 42246
985 983 42247
1433 635 42248
600 847 42249
950 353 42250
1101 713 42251
1532 852 42252
600 847 42253
899 271 42254
701 193 42255
1507 1019 42256
794 1401 42257
42 919 42258
42 394 42259
191 1021 42260
781 1528 42261
1184 1508 42262
1184 442 42263
781 1515 42264
1438 294 42265
323 298 42266
323 341 42267
298 323 42268
323 298 42269
323 341 42270
781 1365 42271
1520 716 42272
781 1426 42273
781 1426 42274
42 323 42275
42 573 42276
781 988 42277
781 386 42278
1356 1509 42279
1356 852 42280
146 312 42281
1244 1275 42282
42 72 42283
42 72 42284
42 69 42285
105 1444 42286
542 379 42287
9 282 42288
635 725 42289
342 1406 42290
342 1015 42291
1224 1406 42292
595 1526 42293
582 626 42294
114 770 42295
1179 1509 42296
483 821 42297
1533 1489 42298
1393 1180 42299
1393 919 42300
1393 283 42301
509 1026 42302
337 263 42303
509 316 42304
1189 713 42305
1215 1083 42306
1189 626 42307
606 1502 42308
1167 483 42309
1507 1534 42310
1502 606 42311
1189 454 42312
41 473 42313
41 713 42314
606 1502 42315
42 1534 42316
710 646 42317
36 211 42318
1523 1518 42319
1523 626 42320
1313 507 42321
1313 733 42322
1416 713 42323
735 276 42324
620 27 42325
1509 1356 42326
72 303 42327
1281 1356 42328
586 145 42329
704 297 42330
1489 1533 42331
1101 375 42332
1434 1535 42333
1489 42 42334
1026 615 42335
1026 509 42336
518 1488 42337
1026 1517 42338
831 1199 42339
518 1536 42340
1075 708 42341
561 38 42342
1532 852 42343
768 797 42344
1532 852 42345
852 1356 42346
1401 794 42347
1235 1468 42348
626 1189 42349
626 1523 42350
483 821 42351
67 1489 42352
12 366 42353
30 132 42354
245 194 42355
1440 42 42356
95 1385 42357
1113 1517 42358
635 1433 42359
95 311 42360
635 725 42361
615 1026 42362
1127 1015 42363
676 394 42364
635 725 42365
966 852 42366
605 431 42367
725 635 42368
233 193 42369
635 725 42370
329 1537 42371
1365 643 42372
1365 1393 42373
67 1538 42374
725 635 42375
307 189 42376
36 189 42377
1402 95 42378
454 1189 42379
36 211 42380
72 303 42381
1136 376 42382
1406 1224 42383
1406 928 42384
817 981 42385
1036 792 42386
1189 626 42387
68 893 42388
1189 454 42389
504 1517 42390
495 1213 42391
495 1433 42392
495 1367 42393
495 172 42394
495 1517 42395
36 189 42396
1113 1493 42397
779 713 42398
483 821 42399
1328 239 42400
617 1539 42401
1224 1406 42402
1539 938 42403
283 1393 42404
1285 1021 42405
1211 1377 42406
810 233 42407
1377 1211 42408
114 770 42409
1211 1377 42410
1393 1365 42411
1393 283 42412
357 1190 42413
439 1449 42414
357 1387 42415
893 68 42416
1539 1452 42417
1364 282 42418
1452 1539 42419
735 1168 42420
124 449 42421
357 449 42422
9 1285 42423
620 1211 42424
283 1393 42425
620 27 42426
908 352 42427
1406 1224 42428
1489 1289 42429
282 1364 42430
67 798 42431
67 908 42432
299 1175 42433
1539 402 42434
552 326 42435
823 285 42436
1463 402 42437
1539 152 42438
592 545 42439
592 377 42440
1539 152 42441
1026 615 42442
615 1026 42443
706 1236 42444
615 1026 42445
376 824 42446
823 1525 42447
1440 1509 42448
1359 1497 42449
326 552 42450
598 1538 42451
1339 173 42452
324 1537 42453
1504 738 42454
1354 42 42455
1540 1440 42456
372 1529 42457
1540 1179 42458
1183 376 42459
1328 1178 42460
1440 1540 42461
114 770 42462
103 1395 42463
1339 1344 42464
333 314 42465
1437 1332 42466
1437 1454 42467
1323 938 42468
1113 1541 42469
1489 1289 42470
483 821 42471
938 1323 42472
103 893 42473
938 1323 42474
883 326 42475
1323 938 42476
938 1323 42477
1033 1281 42478
1033 194 42479
1542 42 42480
193 233 42481
1189 1282 42482
1189 626 42483
1542 1282 42484
41 473 42485
41 642 42486
1136 376 42487
41 1248 42488
41 1542 42489
41 1136 42490
32 1015 42491
32 1543 42492
429 1449 42493
103 429 42494
103 1231 42495
621 1544 42496
103 462 42497
1508 1184 42498
1508 1021 42499
1332 1437 42500
704 1231 42501
1393 283 42502
704 1231 42503
704 1231 42504
193 63 42505
1021 1285 42506
704 1231 42507
1540 1440 42508
63 193 42509
704 297 42510
1332 390 42511
1332 390 42512
1332 390 42513
1342 1335 42514
1433 635 42515
1507 1410 42516
507 1313 42517
376 1183 42518
1545 1332 42519
1332 806 42520
63 923 42521
447 124 42522
1440 1540 42523
1036 299 42524
400 601 42525
1522 220 42526
1545 1332 42527
1545 1332 42528
220 1522 42529
400 474 42530
1540 1440 42531
1542 1282 42532
326 883 42533
103 1231 42534
635 1433 42535
103 1431 42536
193 63 42537
421 1069 42538
103 1518 42539
1463 373 42540
63 193 42541
283 1393 42542
674 282 42543
1291 1335 42544
787 1490 42545
9 1510 42546
643 1365 42547
1426 339 42548
787 1339 42549
582 626 42550
1255 1332 42551
617 431 42552
1468 1339 42553
878 1540 42554
1339 787 42555
1339 1468 42556
1479 658 42557
810 1540 42558
1393 283 42559
878 1540 42560
263 337 42561
422 308 42562
1543 282 42563
878 1540 42564
714 1540 42565
1026 615 42566
1534 42 42567
830 1426 42568
605 431 42569
1 1440 42570
1 1440 42571
249 1504 42572
249 1541 42573
1546 32 42574
810 1540 42575
1158 713 42576
615 1026 42577
983 985 42578
1468 1339 42579
787 1339 42580
1184 1508 42581
103 1308 42582
483 821 42583
323 514 42584
1546 1547 42585
1244 615 42586
1540 1548 42587
658 1479 42588
1244 338 42589
704 297 42590
994 1540 42591
483 821 42592
212 1507 42593
1185 676 42594
495 1433 42595
1326 85 42596
547 1246 42597
1181 1545 42598
1013 85 42599
1013 85 42600
1517 1026 42601
1246 99 42602
99 1246 42603
1517 504 42604
109 32 42605
1246 99 42606
85 1326 42607
372 864 42608
1083 85 42609
1069 421 42610
42 1534 42611
509 1026 42612
143 201 42613
1246 547 42614
85 1083 42615
294 1549 42616
1550 1547 42617
1397 294 42618
1285 1021 42619
1521 1501 42620
878 1489 42621
878 1489 42622
447 124 42623
143 1339 42624
1359 1342 42625
1489 546 42626
1489 546 42627
1339 1546 42628
1546 1339 42629
878 1489 42630
143 1339 42631
1158 1377 42632
212 1551 42633
1546 1339 42634
1552 1553 42635
1551 212 42636
1546 1554 42637
1553 1552 42638
1552 814 42639
1552 1553 42640
1553 1552 42641
442 1184 42642
1440 1517 42643
339 1426 42644
400 474 42645
1517 1440 42646
483 821 42647
453 516 42648
1142 1517 42649
400 1555 42650
400 1555 42651
704 69 42652
1520 504 42653
1556 1557 42654
483 821 42655
42 754 42656
1189 1282 42657
871 409 42658
400 1419 42659
1189 454 42660
42 1558 42661
714 1493 42662
1412 372 42663
42 1559 42664
1377 1158 42665
1551 212 42666
810 1412 42667
810 1412 42668
278 883 42669
42 374 42670
1517 1142 42671
1189 475 42672
792 372 42673
502 1189 42674
1416 400 42675
1416 400 42676
1412 810 42677
400 1142 42678
1416 85 42679
810 1412 42680
1101 1493 42681
1509 1440 42682
1189 1560 42683
502 400 42684
221 1561 42685
1280 9 42686
1562 1517 42687
1561 221 42688
502 1189 42689
345 259 42690
400 1416 42691
221 1323 42692
1415 42 42693
502 400 42694
1189 1520 42695
1189 1520 42696
221 1282 42697
502 400 42698
377 942 42699
1493 714 42700
502 400 42701
72 303 42702
42 1415 42703
1520 928 42704
502 400 42705
502 400 42706
1431 342 42707
846 132 42708
704 72 42709
1539 1563 42710
704 72 42710
1539 1563 42711
883 278 42712
1431 768 42713
48 1015 42714
1545 1181 42715
475 400 42716
400 475 42717
475 400 42718
176 101 42719
1489 546 42720
1564 1565 42721
1472 1375 42722
1564 773 42723
799 32 42724
342 1431 42725
400 475 42726
1405 516 42727
1405 1373 42728
871 1412 42729
132 846 42730
342 809 42731
114 770 42732
1440 1509 42733
1440 1075 42734
1440 1075 42735
1323 221 42736
1509 1440 42737
398 465 42738
398 465 42739
398 465 42740
398 465 42741
103 1431 42742
1359 1342 42743
1189 475 42744
32 799 42745
1189 626 42746
799 32 42747
103 1487 42748
103 1487 42749
103 1346 42750
1440 1509 42751
1189 626 42752
32 109 42753
1194 1014 42754
1189 322 42755
103 1362 42756
1417 752 42757
3 687 42758
1434 174 42759
1434 1344 42760
103 1417 42761
103 1362 42762
103 1362 42763
103 1362 42764
103 1362 42765
1373 1405 42766
483 821 42767
1566 547 42768
103 1362 42769
547 1566 42770
103 1362 42771
103 1362 42772
103 1362 42773
103 1362 42774
257 42 42775
103 700 42776
967 72 42777
103 1217 42778
103 658 42779
103 282 42780
103 1487 42781
1018 1567 42782
257 809 42783
1142 400 42784
212 1551 42785
42 257 42786
735 1168 42787
41 1554 42788
465 398 42789
212 1289 42790
752 1417 42791
103 1540 42792
1253 768 42793
735 810 42794
103 1554 42795
1362 539 42796
9 1501 42797
103 1568 42798
752 1362 42799
173 1339 42800
103 220 42801
924 1158 42802
103 697 42803
103 1554 42804
470 621 42805
1568 1569 42806
1569 1568 42807
1568 1569 42808
1568 394 42809
1539 1568 42810
1339 173 42811
843 285 42812
342 1362 42813
128 1510 42814
321 392 42815
1101 1493 42816
1179 1540 42817
1066 1497 42818
1534 42 42819
1362 342 42820
843 885 42821
1501 356 42822
768 1431 42823
1339 1308 42824
687 438 42825
582 626 42826
1026 615 42827
739 438 42828
1026 509 42829
578 1284 42830
1339 1308 42831
1285 1026 42832
569 967 42833
103 220 42834
103 1554 42835
392 321 42836
1026 1285 42837
1447 1570 42838
128 1510 42839
1364 282 42840
1189 546 42841
482 1489 42842
483 821 42843
483 1167 42844
1313 507 42845
1548 303 42846
372 792 42847
372 792 42848
502 1285 42849
318 1127 42850
1361 1183 42851
318 984 42852
856 1 42853
1489 482 42854
1167 483 42855
859 1403 42856
859 1522 42857
615 1026 42858
967 1489 42859
617 734 42860
276 852 42861
1387 615 42862
1387 615 42863
704 63 42864
1272 768 42865
1313 483 42866
1215 793 42867
1026 615 42868
843 1195 42869
1556 1571 42870
103 1554 42871
1075 1440 42872
103 1468 42873
1468 1235 42874
1436 573 42875
1436 573 42876
1540 1179 42877
1540 1548 42878
1489 209 42879
738 1504 42880
103 1540 42881
103 1468 42882
143 201 42883
356 1501 42884
249 1561 42885
846 132 42886
103 1540 42887
211 128 42888
103 1540 42889
309 1508 42890
1429 1572 42891
483 1167 42892
483 1167 42893
483 821 42894
103 908 42895
1365 1393 42896
1013 697 42897
1365 643 42898
1510 128 42899
1540 1548 42900
1101 1493 42901
103 277 42902
233 193 42903
734 617 42904
735 810 42905
1540 714 42906
233 810 42907
303 1548 42908
303 72 42909
103 864 42910
573 1436 42911
847 1566 42912
1358 509 42913
1403 859 42914
103 1497 42915
810 735 42916
72 303 42917
770 44 42918
1397 294 42919
810 233 42920
1397 523 42921
621 470 42922
1158 924 42923
44 770 42924
155 233 42925
928 1520 42926
928 1406 42927
32 983 42928
9 1313 42929
12 282 42930
12 1313 42931
824 376 42932
1556 711 42933
617 734 42934
1556 711 42935
617 250 42936
1397 823 42937
1556 711 42938
801 1246 42939
1572 1429 42940
12 282 42941
1556 711 42942
1556 711 42943
12 282 42944
124 447 42945
1397 823 42946
1397 823 42947
1190 394 42948
394 1568 42949
233 155 42950
557 63 42951
12 282 42952
32 1081 42953
1255 1332 42954
1346 1314 42955
12 282 42956
12 282 42957
557 792 42958
509 1026 42959
1507 212 42960
1539 734 42961
704 63 42962
569 1313 42963
114 770 42964
114 103 42965
1433 983 42966
704 502 42967
483 821 42968
1401 928 42969
518 1488 42970
447 124 42971
163 1208 42972
792 557 42973
792 372 42974
704 204 42975
32 1573 42976
792 1036 42977
254 1573 42978
1539 204 42979
1539 1573 42980
1539 1573 42981
1540 994 42982
1573 1420 42983
1573 788 42984
679 1574 42985
29 85 42986
12 32 42987
1540 29 42988
1573 728 42989
1546 1573 42990
704 204 42991
12 1297 42992
1573 729 42993
193 233 42994
29 1540 42995
12 32 42996
1310 1575 42997
704 822 42998
704 822 42999
12 32 43000
1489 1533 43001
3 32 43002
9 1573 43003
32 3 43004
103 114 43005
103 1540 43006
1539 523 43007
8 1522 43008
735 518 43009
1545 1557 43010
1521 254 43011
735 1575 43012
735 810 43013
1021 1285 43014
1521 254 43015
3 32 43016
1521 254 43017
569 29 43018
569 29 43019
9 1521 43020
731 824 43021
1509 1440 43022
1434 174 43023
12 8 43024
598 1576 43025
967 963 43026
3 1577 43027
701 326 43028
128 1510 43029
1568 394 43030
967 963 43031
859 1403 43032
1255 67 43033
1440 1509 43034
1578 751 43034
1255 1332 43035
1578 1448 43036
495 1043 43037
250 475 43038
495 1213 43039
3 1577 43040
518 735 43041
3 1578 43042
1178 1397 43043
474 400 43044
1 856 43045
1579 701 43046
1580 32 43047
474 749 43048
840 1397 43049
3 1577 43050
495 1433 43051
495 1367 43052
1313 507 43053
1313 507 43054
475 250 43055
1190 1568 43056
1577 3 43057
538 1581 43058
1313 1014 43059
67 1313 43060
1580 1190 43061
967 963 43062
12 1313 43063
3 1577 43064
12 8 43065
1577 3 43066
103 1231 43067
393 1190 43068
495 67 43069
1568 1190 43070
67 1313 43071
103 495 43072
67 1313 43073
105 1573 43074
871 1568 43075
1580 1329 43076
1043 495 43077
1043 495 43078
1580 1329 43079
12 8 43080
32 3 43081
871 1568 43082
704 1578 43083
12 1387 43084
1580 1329 43085
42 1561 43086
174 1434 43087
67 1313 43088
53 1508 43089
233 193 43090
103 1554 43091
1554 103 43092
1580 1329 43093
103 1554 43094
1580 1329 43095
1312 308 43096
105 1387 43097
357 1568 43098
1580 1329 43099
1554 103 43100
233 810 43101
103 1554 43102
357 1521 43102
1313 42 43103
1554 103 43104
103 1554 43105
1312 1013 43106
357 967 43107
1554 103 43108
1580 1329 43109
1540 29 43110
1313 242 43111
1036 792 43112
103 1554 43113
1554 103 43114
19 1573 43115
919 103 43116
357 1582 43117
1421 485 43118
1580 1329 43119
541 400 43120
357 1304 43121
1282 1542 43122
103 919 43123
617 734 43124
617 250 43125
871 1568 43126
617 734 43127
704 1580 43128
1282 221 43129
704 1231 43130
617 734 43131
523 1539 43132
681 1118 43133
483 1313 43134
1118 681 43135
9 1312 43136
809 342 43137
681 1118 43138
1118 681 43139
809 257 43140
67 1231 43141
704 617 43142
250 617 43143
67 1313 43144
704 1580 43145
708 949 43146
1313 483 43147
103 617 43148
704 1580 43149
704 1580 43150
681 1118 43151
708 865 43152
788 1573 43153
1118 681 43154
708 812 43155
1546 32 43156
67 1313 43157
103 44 43158
63 557 43159
67 1573 43160
483 1313 43161
1014 1313 43162
1313 67 43163
1343 1359 43164
1313 1014 43165
1556 711 43166
1343 1342 43167
569 250 43168
67 1313 43169
1342 1359 43170
1343 1342 43171
1342 1343 43172
1286 1343 43173
1343 1286 43174
1342 1343 43175
1343 1342 43176
1546 32 43177
1343 1342 43178
810 735 43179
1342 1343 43180
1286 1343 43181
967 90 43182
1342 1343 43183
1343 1342 43184
1343 1286 43185
1579 1313 43186
1343 1342 43187
681 1118 43188
1286 1343 43189
810 233 43190
1343 1286 43191
103 1343 43192
1342 1343 43193
1342 1343 43194
1286 1343 43195
90 967 43196
1343 103 43197
1556 85 43198
1343 1286 43199
1342 1343 43200
1286 1343 43201
1343 1342 43202
1343 1286 43203
1286 1343 43204
967 90 43205
1342 1343 43206
470 621 43207
1343 1286 43208
1579 85 43209
1286 1343 43210
1556 85 43211
1579 85 43212
704 1580 43213
704 1580 43214
1579 85 43215
640 1468 43216
1437 1332 43217
1583 297 43218
67 32 43219
1319 616 43220
1579 615 43221
1556 85 43222
1489 155 43223
483 821 43224
1489 482 43225
919 103 43226
919 42 43227
317 307 43228
1556 85 43229
1579 356 43230
1500 1447 43231
12 1286 43232
1447 1500 43233
376 824 43234
1579 85 43235
1489 155 43236
1500 1447 43237
103 919 43238
317 307 43239
1489 155 43240
1038 1489 43241
1433 495 43241
615 1579 43242
1556 85 43243
317 307 43244
1556 1281 43245
1489 1038 43246
1556 475 43247
317 307 43248
1556 1400 43249
317 307 43250
1556 475 43251
620 27 43252
1556 475 43253
620 27 43254
214 1573 43255
1556 475 43256
620 27 43257
547 1246 43258
1489 155 43259
1575 735 43260
1493 1113 43261
1575 1310 43261
1556 475 43262
1393 1365 43263
1493 1584 43264
483 821 43265
1556 598 43266
621 470 43267
1584 1493 43268
681 1042 43268
1493 1584 43269
317 1534 43270
598 475 43271
9 788 43272
658 103 43273
475 598 43274
103 1585 43275
658 193 43276
103 658 43277
1416 400 43278
53 308 43279
878 1585 43280
9 1313 43281
9 1521 43282
9 1510 43283
9 1338 43284
12 1286 43285
605 734 43286
598 475 43287
1246 547 43288
12 1297 43289
42 919 43289
42 72 43290
9 740 43291
9 498 43292
9 1342 43293
1545 1586 43294
239 1328 43295
53 9 43295
1359 1342 43296
12 1485 43297
1189 1184 43298
53 9 43298
1546 32 43299
1545 12 43300
1545 12 43301
1562 928 43302
1189 502 43303
1280 9 43304
103 1585 43305
1402 1447 43306
1359 1343 43307
598 1562 43308
928 1562 43309
928 1401 43310
475 598 43311
1297 12 43312
72 42 43313
42 72 43314
1562 598 43315
1562 928 43316
103 109 43317
193 658 43318
1573 1173 43319
1173 1573 43320
1573 1173 43321
1231 67 43322
1556 1246 43323
626 582 43324
878 1585 43325
821 483 43326
1018 1585 43327
1328 239 43328
9 32 43329
581 328 43330
581 328 43331
1101 1493 43332
328 581 43333
1173 1573 43334
328 581 43335
928 1562 43336
1556 1246 43337
1585 1018 43338
1018 1585 43339
482 1587 43340
878 1587 43341
546 1587 43342
1556 1545 43343
1562 928 43344
1573 1173 43345
1556 143 43346
714 1587 43347
1501 356 43348
714 1493 43349
1556 893 43350
1520 928 43351
704 63 43352
714 1540 43353
1556 1557 43354
1520 928 43355
1018 1585 43356
176 101 43357
1587 714 43358
1518 1523 43359
852 966 43360
1518 103 43361
1521 42 43362
847 1521 43363
1556 1545 43364
1014 1313 43365
1185 1587 43366
847 1578 43367
1510 128 43368
1556 1545 43369
356 1501 43370
714 1587 43371
928 1520 43372
1185 1417 43373
103 1518 43374
482 204 43375
482 389 43376
1520 928 43377
1489 482 43378
735 518 43379
605 1185 43380
1489 681 43381
1185 1444 43382
1489 927 43383
735 810 43384
605 749 43385
735 1575 43386
1444 105 43387
1444 105 43388
219 1181 43389
1043 1585 43390
605 749 43391
1489 878 43392
1556 1400 43393
1489 878 43394
1556 1402 43395
1489 878 43396
878 1489 43397
1546 67 43398
1489 878 43399
1587 714 43400
1489 878 43401
1556 1281 43402
878 1489 43403
9 1521 43404
1556 1545 43405
1489 878 43406
1383 749 43407
1185 1383 43408
9 1521 43409
9 1521 43410
1588 502 43411
878 1587 43412
878 502 43413
1556 1545 43414
1588 1284 43415
714 1587 43416
41 541 43417
1588 502 43418
41 1580 43418
41 1589 43419
41 616 43420
1556 1582 43421
41 3 43422
482 1489 43423
1556 1231 43424
9 679 43425
878 1021 43426
1556 144 43427
1542 1282 43428
298 518 43429
913 484 43430
1281 1556 43431
913 847 43432
144 1556 43433
1556 1281 43434
1383 1185 43435
144 1556 43436
1185 1383 43437
1556 144 43438
9 1185 43439
9 679 43440
1590 1489 43441
144 1556 43442
1326 58 43443
372 1542 43444
1006 1448 43445
372 878 43446
878 372 43447
249 1573 43448
871 1448 43449
144 1556 43450
871 1448 43451
9 679 43452
144 1556 43453
871 260 43454
425 765 43455
297 1583 43456
1564 598 43457
144 1556 43458
1545 1591 43459
144 1556 43460
1546 67 43461
105 1444 43462
144 1556 43463
144 1556 43464
620 27 43465
704 63 43466
781 3 43467
1546 1592 43468
560 323 43469
762 1489 43470
762 1505 43471
762 1585 43472
308 1312 43473
762 1496 43474
1189 8 43475
762 992 43476
762 1497 43477
762 626 43478
762 1593 43479
1021 878 43480
1594 1033 43481
1180 1393 43482
824 731 43483
1402 1556 43484
1587 714 43485
1548 303 43486
1280 560 43487
342 1362 43488
342 809 43489
1013 1312 43490
250 569 43491
865 708 43492
53 308 43493
32 1546 43494
560 1280 43495
1255 1332 43496
1575 735 43497
1586 1545 43498
1586 1556 43499
1586 1595 43500
980 710 43501
569 250 43502
626 762 43503
735 1575 43504
1272 768 43505
53 308 43506
470 621 43507
32 1577 43508
394 1582 43509
1596 808 43510
1393 1180 43511
1365 1393 43512
1585 1018 43513
1585 1043 43514
1018 1585 43515
1585 762 43516
44 103 43517
582 626 43518
701 1579 43519
582 598 43520
701 317 43521
1253 50 43522
103 44 43523
822 704 43524
294 1397 43525
847 913 43526
620 27 43527
1072 800 43528
1594 1377 43529
29 1540 43530
1072 1158 43531
1072 878 43532
29 569 43532
103 1072 43533
29 1587 43534
639 103 43535
639 19 43536
620 27 43537
1312 1013 43538
1312 308 43539
878 1072 43540
1312 1344 43541
639 103 43542
350 1551 43543
557 63 43544
620 27 43545
1393 1365 43546
1013 1312 43547
1031 1109 43548
626 582 43549
1158 1072 43550
801 1246 43551
801 249 43552
620 27 43553
1339 1546 43554
494 389 43555
1013 465 43556
83 1244 43557
1033 1594 43558
1386 1580 43559
1585 1033 43560
1579 342 43561
1579 701 43562
389 482 43563
389 494 43564
1280 560 43565
3 36 43566
1415 42 43567
3 781 43568
704 958 43569
958 959 43570
958 704 43571
9 1196 43572
67 1546 43573
3 72 43574
465 1013 43575
3 32 43576
3 1440 43577
3 36 43578
1556 1586 43579
1556 1402 43580
1339 1344 43581
3 36 43582
204 482 43583
204 704 43584
204 1539 43585
1497 762 43586
1570 1447 43587
1101 1493 43588
765 425 43589
482 389 43590
482 204 43591
1582 394 43592
1551 350 43593
1585 1582 43594
1284 1588 43595
1582 1585 43596
95 1246 43597
95 1393 43598
95 1402 43599
389 482 43600
768 1272 43601
95 1573 43602
950 389 43603
1502 238 43604
908 103 43605
768 1272 43606
95 1118 43607
317 701 43608
3 36 43609
41 610 43610
41 616 43611
41 1463 43612
823 495 43613
823 103 43614
95 299 43615
801 1246 43616
41 1142 43617
1489 482 43618
41 439 43618
41 1253 43619
41 1339 43620
41 1485 43621
282 1364 43622
95 1365 43623
1189 322 43624
1489 762 43625
322 1217 43626
323 560 43627
282 1543 43628
621 470 43629
1397 294 43630
621 1063 43631
1436 573 43632
1253 768 43633
3 44 43634
768 1253 43635
1578 847 43636
1375 1472 43637
1578 337 43638
700 337 43639
249 44 43640
561 95 43641
495 823 43642
1562 1436 43643
470 621 43644
1508 309 43645
1562 823 43646
617 250 43647
1546 67 43648
1546 1339 43649
12 1297 43650
1368 1142 43651
1253 768 43652
573 1436 43653
12 101 43654
1111 1582 43655
309 1508 43656
103 1169 43657
1136 762 43658
1169 728 43659
768 1253 43660
3 135 43661
1031 831 43662
257 42 43663
509 1587 43664
257 1597 43665
1556 1281 43666
1181 219 43667
278 1039 43668
615 329 43669
621 470 43670
1217 322 43671
67 1217 43672
58 1326 43673
1039 278 43674
482 389 43675
1189 322 43676
1314 252 43677
1487 50 43678
1072 1158 43679
809 257 43680
1227 326 43681
1246 95 43682
278 1039 43683
1118 303 43684
704 958 43685
1489 482 43686
1546 1436 43687
27 1031 43688
1158 1072 43689
704 475 43690
303 1118 43691
482 194 43692
32 1577 43693
1387 105 43694
919 42 43695
751 822 43696
1313 507 43697
389 482 43698
389 950 43699
1447 1570 43700
1489 546 43701
103 919 43702
1447 1402 43703
1489 482 43704
1489 1588 43705
1489 482 43706
322 1217 43707
886 768 43708
495 1043 43709
447 124 43710
1598 645 43711
986 163 43712
470 621 43713
1598 984 43714
1598 986 43715
986 1265 43716
679 986 43717
1522 8 43718
679 986 43719
632 272 43720
507 1313 43721
474 1208 43722
1598 632 43723
1522 220 43724
1522 1587 43725
1598 560 43726
1598 1329 43727
1598 88 43728
1598 32 43729
1346 1314 43730
1598 1599 43731
1598 32 43732
1598 32 43733
1598 322 43734
286 202 43735
1598 32 43736
1598 1542 43737
1598 667 43738
1582 1111 43739
801 1246 43740
582 626 43741
1246 801 43742
1598 155 43743
1598 881 43744
1598 735 43745
1598 710 43746
1598 475 43747
350 1551 43748
1598 919 43749
1598 801 43750
1598 710 43751
1598 1344 43752
768 1217 43753
1598 341 43754
1598 710 43755
1598 667 43756
1598 1187 43757
710 610 43758
1598 341 43759
1598 667 43760
1598 44 43761
710 1489 43762
1598 1262 43763
1598 341 43764
1598 332 43765
1598 654 43766
1598 777 43767
1598 841 43768
1598 1265 43769
1598 1265 43770
1598 654 43771
1598 1039 43772
1598 1265 43773
1598 549 43774
810 735 43775
1598 549 43776
967 549 43777
1598 1265 43778
1598 549 43779
967 549 43780
1598 549 43781
1598 1265 43782
967 549 43783
569 29 43784
1598 1265 43785
704 475 43786
1598 625 43787
967 549 43788
1598 1514 43789
1598 967 43790
1352 1580 43791
823 549 43792
967 549 43793
42 919 43794
1598 1252 43795
1598 356 43796
1598 341 43797
610 710 43798
1042 681 43799
1598 356 43800
1598 1136 43801
1489 710 43802
967 549 43803
823 549 43804
1598 1246 43805
1489 482 43806
29 569 43807
103 919 43808
1598 393 43809
967 549 43810
1598 1174 43811
823 549 43812
1496 762 43813
1598 1487 43814
549 967 43815
1598 1174 43816
1598 356 43817
967 549 43818
823 549 43819
1598 345 43820
1521 847 43821
1598 1496 43822
1598 1591 43823
1578 751 43824
1598 1107 43825
1578 847 43826
1598 1227 43827
1598 1558 43828
1598 1561 43829
1598 1487 43830
1585 1033 43831
12 1297 43832
1598 1168 43833
1598 1487 43834
852 1440 43835
1598 1227 43836
1440 1419 43837
3 1440 43838
32 1196 43839
547 1246 43840
357 1585 43841
66 282 43842
704 1585 43843
1285 1021 43844
1196 32 43845
357 617 43846
1231 67 43847
1540 29 43848
1056 212 43849
1285 1600 43850
536 372 43851
1326 58 43852
1601 617 43853
1105 1154 43854
822 751 43855
639 19 43856
32 1577 43857
449 124 43858
1285 97 43859
366 1349 43860
1520 449 43861
1105 1440 43862
1601 774 43863
1440 1105 43864
32 1577 43865
483 821 43866
1601 525 43867
366 1349 43868
1575 735 43869
1105 1440 43870
1440 1105 43871
546 598 43872
1520 1513 43873
32 1577 43874
810 735 43875
1158 1072 43876
679 1574 43877
1580 1386 43878
581 328 43879
1580 95 43880
12 8 43881
1580 1352 43882
1539 1039 43883
581 1602 43884
581 1602 43885
1539 1582 43886
1598 1344 43887
1598 984 43888
1585 714 43889
1598 1344 43890
1520 451 43891
1520 451 43892
1520 451 43893
1598 1485 43894
1598 598 43895
1598 568 43896
1142 1368 43897
1598 1282 43898
1598 85 43899
1190 393 43900
1598 1195 43901
1598 1168 43902
1585 1190 43903
1190 1582 43904
1598 1359 43905
1598 1190 43906
1585 1190 43907
1585 1190 43908
1282 1542 43909
1598 398 43910
1598 708 43911
1598 1304 43912
1520 460 43913
1534 317 43914
1598 1282 43915
1601 1282 43916
1598 85 43917
1585 1043 43918
1598 1195 43919
1598 658 43920
1598 337 43921
1598 1282 43922
1585 303 43923
1601 1282 43924
1601 1282 43925
1598 254 43926
1598 50 43927
801 313 43928
1313 507 43929
1313 1014 43930
1189 8 43931
502 933 43932
1598 254 43933
1598 1176 43934
1598 254 43935
1598 1597 43936
1601 1540 43937
1601 1282 43938
1362 342 43939
303 1215 43940
1598 299 43941
843 1195 43942
1601 1282 43943
1598 299 43944
1598 277 43945
1489 482 43946
1362 302 43947
1489 1533 43948
1598 327 43949
1472 1375 43950
1576 598 43951
1598 398 43952
1598 398 43953
704 475 43954
1313 1579 43955
967 303 43956
1520 513 43957
1520 513 43958
1598 1215 43959
1598 398 43960
1598 398 43961
1215 303 43962
1598 398 43963
1598 1479 43964
1598 398 43965
1598 1472 43966
1375 1472 43967
1598 398 43968
1598 1006 43969
1598 398 43970
1598 398 43971
1598 398 43972
1489 546 43973
1598 398 43974
1598 398 43975
1013 299 43976
1521 847 43977
1158 1585 43978
1013 1489 43979
518 298 43980
303 1215 43981
1215 303 43982
518 298 43983
393 1190 43984
1158 1594 43985
67 430 43986
1603 1517 43987
303 1215 43988
518 298 43989
1603 1517 43990
1489 546 43991
518 298 43992
1594 1158 43993
1292 598 43994
1362 252 43995
1517 63 43996
303 1215 43997
1517 63 43998
912 375 43999
53 1349 44000
53 646 44001
621 470 44002
1255 1332 44003
1594 542 44004
63 1604 44005
810 233 44006
1605 779 44007
1339 543 44008
63 912 44009
912 63 44010
1314 1346 44011
1314 252 44012
912 63 44013
1562 1346 44014
778 974 44015
1517 63 44016
68 323 44017
1562 1068 44018
1562 1068 44019
495 1043 44020
1556 1281 44021
1556 1586 44022
1556 283 44023
1606 885 44024
495 1043 44025
495 1043 44026
1562 1068 44027
1562 1068 44028
1562 1068 44029
878 1189 44030
762 1497 44031
762 1496 44032
919 303 44033
919 870 44034
1165 621 44035
1165 938 44036
1520 1036 44037
375 912 44038
1539 437 44039
1033 1585 44040
1033 1605 44041
569 1313 44042
1489 546 44043
1489 546 44044
793 1215 44045
1539 1056 44046
372 536 44047
372 1540 44048
1265 938 44049
938 1265 44050
542 1594 44051
1539 1024 44052
1281 1556 44053
1497 762 44054
1497 1594 44055
1542 1282 44056
32 1577 44057
32 430 44058
1579 1313 44059
949 708 44060
1585 762 44061
470 621 44062
36 189 44063
950 389 44064
1329 526 44065
536 372 44066
1362 252 44067
1362 342 44068
514 762 44069
713 1379 44070
713 716 44071
713 714 44072
1548 1063 44073
1548 303 44074
1596 1607 44075
942 1417 44076
303 919 44077
303 1548 44078
557 792 44079
1578 847 44080
871 1608 44081
1575 735 44082
337 700 44083
322 1021 44084
1253 768 44085
518 1488 44086
919 303 44087
42 1440 44088
53 1551 44089
912 375 44090
594 752 44091
425 765 44092
1440 42 44093
1313 1579 44094
615 329 44095
8 1189 44096
1313 569 44097
1539 708 44098
1362 1608 44099
9 1558 44100
1199 831 44101
1539 708 44102
1313 1579 44103
163 986 44104
994 1540 44105
1539 1402 44106
1539 1402 44107
1594 542 44108
1594 1497 44109
1539 1402 44110
1387 12 44111
1540 994 44112
1540 372 44113
507 1313 44114
768 1253 44115
67 1313 44116
3 1609 44117
1313 569 44118
1313 569 44119
831 1199 44120
1313 569 44121
569 1313 44122
1313 569 44123
701 317 44124
1387 67 44125
41 1497 44126
1313 507 44127
372 1540 44128
189 36 44129
42 1582 44130
393 942 44131
1540 372 44132
9 1313 44133
257 1610 44134
1577 32 44135
1072 1158 44136
1575 735 44137
350 1551 44138
1603 334 44139
95 561 44140
95 299 44141
95 1118 44142
1603 334 44143
95 1246 44144
334 1603 44145
95 1393 44146
1520 1036 44147
95 1365 44148
95 1580 44149
95 712 44150
95 1393 44151
621 470 44152
1562 598 44153
1582 42 44154
1158 1072 44155
124 447 44156
124 449 44157
1562 932 44158
942 393 44159
1582 1526 44160
95 1118 44161
319 1075 44162
421 1436 44163
95 1251 44164
1611 1612 44165
95 1385 44166
792 557 44167
883 245 44168
1393 1613 44169
372 1540 44170
810 233 44171
1118 95 44172
546 1005 44173
1005 546 44174
483 1313 44175
1365 95 44176
1365 1393 44177
1614 1603 44178
871 1608 44179
710 610 44180
283 1556 44181
1576 578 44182
42 1597 44183
1 42 44184
507 1313 44185
1075 319 44186
53 1615 44187
768 621 44188
768 621 44189
42 1 44190
1576 823 44191
1497 1594 44192
41 1497 44193
1059 1603 44194
1521 42 44195
1521 42 44196
42 1365 44197
1059 548 44198
1521 42 44199
1521 42 44200
1475 1608 44201
1521 847 44202
1608 1475 44203
447 124 44204
1539 8 44205
1539 8 44206
1521 1118 44207
12 1118 44208
1521 1118 44209
12 1577 44210
12 1577 44211
1539 1068 44212
1539 1068 44213
1598 337 44214
1598 1329 44215
1598 322 44216
1598 881 44217
32 378 44218
1598 777 44219
1598 1174 44220
1539 1068 44221
1598 1176 44222
1598 1344 44223
1598 841 44224
1539 1068 44225
1598 1165 44226
1598 1165 44227
1594 1497 44228
1598 1006 44229
1539 1068 44230
1539 8 44231
1539 1068 44232
1539 1068 44233
1539 8 44234
32 8 44235
1598 893 44236
1598 1281 44237
1598 539 44238
1598 214 44239
12 1577 44240
357 1603 44241
342 1039 44242
1539 1039 44243
1539 1039 44244
1282 1542 44245
389 950 44246
1065 538 44247
53 87 44248
1539 1299 44249
1539 1299 44250
950 389 44251
353 298 44252
249 44 44253
249 801 44254
1184 372 44255
1539 69 44256
1539 69 44257
1539 69 44258
1539 1184 44259
1393 1365 44260
751 822 44261
1616 1539 44262
342 1039 44263
1562 1517 44264
1539 958 44265
1539 958 44266
1542 1282 44266
822 751 44267
1539 958 44268
1539 958 44269
1539 1188 44270
1253 85 44271
821 483 44272
1565 278 44273
1565 1564 44274
713 749 44275
713 1165 44276
713 1528 44277
1313 483 44278
1313 507 44279
600 847 44280
1539 899 44281
67 1603 44282
1255 1332 44283
299 95 44284
1539 154 44285
1520 1036 44286
1539 154 44287
1539 154 44288
1539 576 44289
1313 67 44290
704 958 44291
67 1313 44292
870 919 44293
546 1255 44294
1489 308 44295
372 1184 44296
1522 1184 44297
1522 1565 44298
276 852 44299
1565 1252 44300
303 919 44301
303 919 44302
1021 322 44303
1539 437 44304
1576 204 44305
1539 1103 44306
878 598 44307
1588 517 44308
1440 1183 44309
1440 1419 44310
204 1576 44311
1252 1565 44312
1556 283 44313
1565 1472 44314
1489 878 44315
1472 1565 44316
1565 1472 44317
1577 1556 44318
1565 933 44319
1556 1577 44320
1565 933 44320
1283 1617 44321
1565 933 44322
933 1565 44323
1189 8 44324
1598 337 44325
1577 1556 44326
1472 1565 44327
1598 893 44328
1565 1472 44329
1598 337 44330
1539 1618 44331
681 109 44332
1603 357 44333
1603 67 44334
245 883 44335
792 1036 44336
298 353 44337
272 632 44338
792 1036 44339
1565 1379 44340
50 1616 44341
713 546 44342
713 1588 44343
199 1582 44344
163 1208 44345
1616 50 44346
1496 762 44347
36 189 44348
852 276 44349
313 801 44350
1616 1173 44351
555 598 44352
145 586 44353
752 594 44354
1539 1338 44355
809 342 44356
1539 1131 44357
41 1497 44358
1539 1131 44359
308 1517 44360
308 60 44361
1517 308 44362
1539 437 44363
1539 437 44364
1539 437 44365
338 1244 44366
321 392 44367
523 228 44368
1578 847 44369
1578 847 44370
1578 751 44371
809 209 44372
1314 1346 44373
799 199 44374
509 1026 44375
9 1338 44376
3 252 44377
1021 1449 44378
781 1550 44379
582 1261 44380
394 1190 44381
801 313 44382
283 1556 44383
1539 1585 44384
713 546 44385
1539 8 44386
1539 8 44387
12 1577 44388
95 1393 44389
1292 242 44390
1255 546 44391
1272 1280 44392
1539 1402 44393
1280 1272 44394
9 1280 44395
203 475 44396
1539 527 44397
1036 1520 44398
1036 792 44399
1036 1123 44400
1036 507 44401
27 620 44402
1619 1402 44403
50 1616 44404
1185 1173 44405
483 821 44406
297 557 44407
1265 938 44408
812 708 44409
1616 50 44410
389 950 44411
1487 161 44412
27 620 44413
1619 175 44414
1339 605 44415
950 389 44416
1352 1580 44417
600 847 44418
1601 605 44419
1601 1282 44420
799 199 44421
1190 393 44422
1539 1620 44423
1539 1620 44424
1190 62 44425
1616 1173 44426
1619 1511 44426
1190 1349 44427
1616 1601 44428
1565 620 44429
1539 1620 44430
42 1621 44431
1539 1620 44432
821 483 44433
1598 777 44434
620 1565 44435
1601 1616 44436
1598 768 44437
1601 1616 44438
1598 337 44439
483 821 44440
1598 1227 44441
1565 620 44442
810 233 44443
810 233 44444
1582 199 44445
357 1603 44446
712 95 44447
1539 1622 44448
1014 1487 44449
1616 1173 44450
1539 997 44451
393 1190 44452
317 1184 44453
395 447 44454
1173 1616 44455
1059 1603 44456
1244 338 44457
27 620 44458
1623 525 44459
620 1244 44460
713 714 44461
1244 620 44462
713 912 44463
733 964 44464
103 1238 44465
60 308 44466
447 395 44467
12 1577 44468
199 1582 44469
733 1118 44470
733 1608 44471
733 1608 44472
733 1608 44473
733 626 44474
1158 1565 44475
323 68 44476
1489 878 44477
198 101 44478
1284 950 44479
1624 733 44480
967 733 44481
1624 733 44482
447 733 44483
733 447 44484
967 303 44485
1169 733 44486
447 733 44487
1619 712 44488
1365 42 44489
1624 141 44490
547 527 44491
1624 224 44492
1624 234 44493
53 1551 44494
409 563 44495
53 1623 44496
1184 317 44497
103 658 44498
1184 1550 44499
103 409 44500
298 573 44501
967 303 44502
341 793 44503
189 36 44504
220 1042 44505
1539 1131 44506
605 1339 44507
605 1601 44508
620 1565 44509
605 297 44510
525 1623 44511
103 658 44512
704 734 44513
308 60 44514
509 1050 44515
509 1026 44516
1601 605 44517
605 1601 44518
228 523 44519
1601 605 44520
605 1601 44521
967 303 44522
1039 1316 44523
1487 1014 44524
1601 220 44525
220 234 44526
1601 605 44527
220 1601 44528
1454 1437 44529
967 303 44530
1423 1158 44531
1619 220 44532
1601 220 44533
234 220 44534
967 303 44535
27 620 44536
967 303 44537
487 598 44538
950 1284 44539
950 1284 44540
27 234 44541
366 67 44542
366 1601 44543
1585 1043 44544
1578 847 44545
1578 342 44546
41 1585 44547
502 933 44548
639 19 44549
1598 1585 44550
686 1625 44551
1598 726 44552
67 277 44553
103 1598 44554
67 69 44555
103 639 44556
1626 1 44557
768 1598 44558
1582 199 44559
27 1598 44560
1043 1585 44561
1436 421 44562
781 1314 44563
1539 1299 44564
964 733 44565
282 1627 44566
1619 781 44567
1619 781 44568
1619 781 44569
1619 781 44570
1158 1423 44571
41 1585 44572
233 810 44573
1158 1585 44574
1158 1423 44575
1575 735 44576
1284 950 44577
220 1601 44578
220 234 44579
536 733 44580
1585 1043 44581
234 220 44582
103 409 44583
1281 1598 44584
389 950 44585
967 1158 44586
1527 144 44587
67 318 44588
67 318 44589
600 1454 44590
199 1582 44591
1072 1158 44592
1158 1072 44593
1158 1072 44594
1158 1072 44595
1158 1072 44596
1158 1072 44597
1158 1072 44598
352 840 44599
547 712 44600
547 712 44601
547 712 44602
967 1158 44603
821 483 44604
950 1284 44605
950 389 44606
176 1603 44607
1196 155 44608
626 733 44609
1578 847 44610
1578 342 44611
1585 1043 44612
155 1196 44613
735 1575 44614
1127 405 44615
735 810 44616
1509 352 44617
725 1260 44618
1582 199 44619
105 585 44620
352 1509 44621
103 277 44622
525 1623 44623
103 899 44624
103 1015 44625
357 1359 44626
19 639 44627
1 1626 44628
143 357 44629
1359 357 44630
3 60 44631
1042 220 44632
615 823 44633
1619 297 44634
1619 712 44635
852 1611 44636
852 1611 44637
224 1624 44638
852 1611 44639
605 1601 44640
1105 840 44641
852 1611 44642
704 734 44643
1626 1 44644
145 933 44645
145 644 44646
1625 686 44647
1396 669 44648
1 1626 44649
1 312 44650
1 1626 44651
507 1036 44652
1619 1100 44653
103 908 44654
103 758 44655
1619 758 44656
758 1619 44657
704 734 44658
1619 758 44659
1624 224 44660
1624 234 44661
1043 1585 44662
859 725 44663
810 233 44664
1539 1338 44665
1624 1518 44666
810 1624 44667
1624 810 44668
1009 463 44669
1548 1598 44670
509 893 44671
1548 303 44672
327 1598 44673
224 1624 44674
1313 507 44675
342 1255 44676
389 950 44677
389 1576 44678
1539 1628 44679
1313 507 44680
704 734 44681
68 323 44682
704 734 44683
1522 1184 44684
1522 1598 44685
1624 224 44686
224 1624 44687
704 502 44688
704 734 44689
704 502 44690
1362 342 44691
713 733 44692
1522 1616 44693
713 912 44694
1522 859 44695
174 1231 44696
810 1624 44697
72 1316 44698
176 1603 44699
1624 810 44700
809 342 44701
704 1603 44702
1522 175 44703
103 874 44704
103 437 44705
704 734 44706
1196 155 44707
1196 155 44708
704 734 44709
1539 1196 44710
342 1050 44711
143 357 44712
143 357 44713
560 1629 44714
233 810 44715
342 389 44716
1565 1379 44717
810 1624 44718
810 233 44719
389 342 44720
1546 1619 44721
1619 1546 44722
103 1419 44723
1568 1042 44724
1339 474 44725
53 1585 44726
1026 509 44727
1314 781 44728
547 32 44729
27 620 44730
475 203 44731
1539 154 44732
1339 605 44733
1543 475 44734
704 1565 44735
1565 1379 44736
704 734 44737
950 389 44738
704 734 44739
475 1543 44740
704 734 44741
249 1629 44742
103 1238 44743
422 1299 44744
103 1238 44745
1231 1339 44746
495 1630 44747
249 1608 44748
919 303 44749
155 1196 44750
800 1072 44751
103 919 44752
1339 323 44753
1339 1069 44754
1576 578 44755
704 1231 44756
249 1362 44757
704 1231 44758
474 1339 44759
32 547 44760
704 1231 44761
704 1231 44762
547 711 44763
812 708 44764
704 1231 44765
1339 474 44766
547 711 44767
704 1231 44768
620 233 44769
704 1231 44770
547 711 44771
233 620 44772
594 752 44773
233 810 44774
547 711 44775
973 254 44776
1594 219 44777
219 1594 44778
697 1631 44779
547 711 44780
679 919 44781
547 711 44782
1594 219 44783
711 1623 44784
620 967 44785
1545 259 44786
679 919 44787
547 711 44788
605 1339 44789
679 919 44790
1539 1255 44791
605 1339 44791
967 620 44792
781 1314 44793
620 967 44794
967 620 44795
354 1373 44796
617 734 44797
617 734 44798
1624 810 44799
474 1339 44800
617 734 44801
617 734 44802
1282 1601 44803
617 734 44804
620 967 44805
617 734 44806
1616 1173 44807
605 734 44808
617 734 44809
1407 1189 44810
605 1246 44811
725 859 44812
1227 1238 44813
1616 1601 44814
1616 582 44815
799 302 44816
1619 712 44817
1281 1033 44818
1238 1227 44819
1339 605 44820
1339 474 44821
1539 1632 44822
1314 781 44823
1578 342 44824
799 302 44825
463 609 44826
538 1065 44827
463 1009 44828
1282 1542 44829
1521 852 44830
1575 735 44831
249 302 44832
1576 1248 44833
749 1487 44834
517 1588 44835
495 933 44836
495 1213 44837
495 498 44838
495 741 44839
1542 1282 44840
249 708 44841
405 398 44842
741 495 44843
768 1304 44844
193 233 44845
1304 768 44846
1539 1346 44847
871 297 44848
323 68 44849
323 1339 44850
1175 299 44851
298 323 44852
871 1603 44853
298 323 44854
298 323 44855
1489 878 44856
1158 27 44857
1539 599 44858
871 1603 44859
1189 483 44860
1189 1407 44861
103 495 44862
103 1603 44863
600 1454 44864
1105 840 44865
193 63 44866
323 950 44867
103 1603 44868
103 462 44869
1507 42 44869
1175 299 44870
1396 1618 44871
193 282 44872
193 118 44873
1576 1034 44874
193 1633 44875
193 63 44876
1297 800 44877
704 1603 44878
1393 95 44879
193 85 44880
1413 800 44881
392 321 44882
967 193 44883
1537 324 44884
1537 329 44885
676 1206 44885
704 1603 44886
1616 254 44887
1539 1206 44888
143 357 44889
950 323 44890
1539 1039 44891
498 495 44892
1616 582 44893
1543 475 44894
704 1603 44895
298 573 44896
1585 1043 44897
172 1603 44898
338 1244 44899
1539 1039 44900
1543 63 44901
1543 475 44902
507 1313 44903
1603 172 44904
1543 282 44905
298 573 44906
620 27 44907
1616 582 44908
298 573 44909
298 573 44910
768 1304 44911
1616 940 44912
1346 1314 44913
398 405 44914
1616 582 44915
1039 1632 44916
582 1616 44917
643 1365 44918
298 573 44919
298 573 44920
298 573 44921
1616 940 44922
1244 338 44923
1184 1522 44924
67 1565 44925
687 1616 44926
1304 768 44927
234 1244 44928
1244 234 44929
1565 67 44930
1565 174 44931
555 1634 44932
1378 1635 44933
53 1585 44934
1252 1616 44935
1616 1252 44936
1616 1252 44937
713 878 44938
1565 174 44939
1252 1616 44940
713 714 44941
713 546 44942
1252 1616 44943
1565 174 44944
1616 1252 44945
1491 132 44946
1189 502 44947
1252 1616 44948
1616 1252 44949
1565 176 44950
53 1636 44951
53 1636 44952
1383 1636 44953
53 1636 44954
1378 1635 44955
53 1636 44956
53 1636 44957
984 1636 44958
1539 1056 44959
1539 1056 44960
781 1314 44961
201 1616 44962
679 963 44963
1565 228 44964
103 72 44965
1009 928 44966
1009 752 44967
1009 177 44968
321 392 44969
342 1578 44970
42 1507 44971
132 1491 44972
509 1026 44973
509 711 44974
557 297 44975
299 1175 44976
299 1175 44977
299 1175 44978
523 228 44979
1127 69 44980
1 161 44981
27 1158 44982
27 620 44983
1623 711 44984
713 912 44985
713 546 44986
713 884 44987
713 878 44988
713 842 44989
713 271 44990
713 749 44991
103 462 44992
53 1623 44993
840 1105 44994
509 840 44995
859 1522 44996
1503 1502 44997
809 1522 44998
809 342 44999
321 277 45000
847 1578 45001
713 509 45002
523 615 45003
1630 495 45004
620 27 45005
799 1608 45006
219 1594 45007
1539 753 45008
793 863 45009
1539 1299 45010
346 1616 45011
1365 643 45012
1365 1393 45013
1539 1299 45014
1314 781 45015
1253 1365 45016
1539 1637 45017
432 1587 45018
1539 1637 45019
1314 1346 45020
1638 1633 45021
1488 518 45022
27 620 45023
254 973 45024
254 1616 45025
523 615 45026
605 431 45027
389 830 45028
1629 560 45029
1539 1346 45030
495 741 45031
495 498 45032
1434 174 45033
392 321 45034
821 483 45035
1539 1169 45036
1173 1616 45037
1539 1346 45038
1162 913 45039
950 495 45040
392 1315 45041
161 1 45042
1539 1039 45043
161 1487 45044
1539 1510 45045
1539 1510 45046
768 1253 45047
741 495 45048
1510 3 45049
1227 1238 45050
378 32 45051
431 605 45052
617 704 45053
617 704 45054
1594 219 45055
605 431 45056
431 605 45057
704 617 45057
617 704 45058
704 617 45059
617 704 45060
523 193 45061
523 870 45062
523 67 45063
1539 177 45064
177 1009 45065
1539 177 45066
1539 177 45067
1539 1338 45068
143 582 45069
1539 177 45070
1539 1338 45071
809 257 45072
1539 177 45073
1539 1338 45074
1539 1338 45075
1539 177 45076
831 495 45077
1539 177 45078
871 183 45079
297 557 45080
871 297 45081
297 871 45082
704 617 45083
1052 1136 45084
1113 1553 45085
103 495 45086
687 757 45087
103 605 45088
176 1565 45089
1539 1639 45090
1539 299 45091
1539 1639 45092
1539 299 45093
1539 1640 45094
1539 1639 45095
1539 1640 45096
1539 1069 45097
1539 1640 45098
1539 1069 45099
1546 1619 45100
1253 768 45101
1033 1281 45102
1033 1281 45103
249 302 45104
233 193 45105
1539 1021 45106
1565 176 45107
1539 1021 45108
1539 1169 45109
812 1616 45110
812 708 45111
1539 299 45112
1539 1169 45113
234 1248 45114
32 219 45115
1412 810 45116
1539 1169 45117
818 372 45118
1539 818 45119
818 1269 45120
1539 36 45121
1539 1169 45122
1539 818 45123
1539 1169 45124
1539 1169 45125
1539 1169 45126
878 1637 45127
1539 1169 45128
32 1338 45129
1539 601 45130
321 392 45131
810 1412 45132
1539 601 45133
768 1253 45134
1113 339 45135
768 1304 45136
176 1565 45137
1565 176 45138
617 704 45139
176 1565 45140
1365 1253 45141
1565 176 45142
704 617 45143
1387 67 45144
1387 12 45145
1072 800 45146
176 1565 45147
1387 67 45148
809 257 45149
1387 67 45150
768 621 45151
3 1510 45152
768 621 45153
768 621 45154
1158 27 45155
95 1118 45156
704 447 45157
1158 1072 45158
1387 768 45159
1539 1443 45160
518 1488 45161
95 1365 45162
95 299 45163
95 712 45164
95 1393 45165
711 1623 45166
1043 1585 45167
12 1493 45168
12 1639 45169
1304 768 45170
95 525 45171
1641 95 45172
523 176 45173
679 67 45174
95 525 45175
768 1304 45176
95 592 45177
1539 378 45178
95 525 45179
1539 710 45180
1642 679 45181
95 1510 45182
95 525 45183
1304 768 45184
1510 3 45185
95 525 45186
103 1021 45187
95 525 45188
1281 1033 45189
525 95 45190
679 1642 45191
1339 1299 45192
1642 679 45193
967 193 45194
103 899 45195
219 32 45196
1564 1565 45197
27 1158 45198
42 964 45199
103 1231 45200
3 135 45201
103 1643 45202
1387 768 45203
1601 1282 45204
1644 1539 45205
1315 392 45206
1637 878 45207
1254 1234 45208
704 1231 45209
32 219 45210
103 1231 45211
1282 1601 45212
1238 1227 45213
679 1642 45214
967 193 45215
1642 679 45216
1642 32 45217
219 32 45218
822 1642 45219
1642 822 45220
1642 822 45221
679 1642 45222
314 333 45223
812 708 45224
12 1387 45225
1562 1299 45226
878 1637 45227
967 193 45228
193 967 45229
193 967 45230
1101 713 45231
9 1387 45232
32 219 45233
1539 1069 45234
1539 1255 45235
32 1642 45236
1539 1255 45237
12 1387 45238
1539 1342 45239
32 1645 45240
713 509 45241
144 1500 45242
219 32 45243
249 708 45244
249 1645 45245
1231 704 45246
1231 704 45247
32 219 45248
1434 174 45249
219 32 45250
1539 1646 45251
546 713 45252
1539 1647 45253
1539 1647 45254
423 1497 45255
1539 1646 45256
871 297 45257
1539 1647 45258
392 321 45259
1042 615 45260
73 1646 45261
1630 389 45262
704 1231 45263
1646 73 45264
878 1647 45265
73 1646 45266
392 1315 45267
1299 1646 45268
1299 1646 45269
878 1647 45270
1299 1646 45271
752 598 45272
1646 1299 45273
1646 1299 45274
1255 878 45275
986 163 45276
297 871 45277
1646 1299 45278
1539 1647 45279
871 297 45280
1644 1601 45281
1539 1647 45282
871 297 45283
103 1646 45284
878 1647 45285
1539 1647 45286
1539 1647 45287
1539 1647 45288
297 871 45289
1539 1647 45290
1255 878 45291
1539 1647 45292
103 1646 45293
174 1434 45294
1601 1646 45295
103 1231 45296
233 193 45297
131 1255 45298
569 1522 45299
1270 832 45300
1601 1616 45301
176 523 45302
620 27 45303
1601 605 45304
1601 220 45305
357 143 45306
193 233 45307
357 1644 45308
1521 828 45309
523 176 45310
321 392 45311
1619 1648 45312
193 233 45313
176 523 45314
193 1646 45315
1644 357 45316
1489 878 45317
41 523 45318
103 1231 45319
1255 1113 45320
27 620 45321
41 176 45322
41 523 45323
233 193 45324
620 27 45325
1641 1539 45326
191 1097 45327
27 620 45328
193 1646 45329
1097 191 45330
1097 1270 45331
620 27 45332
193 233 45333
389 1630 45334
233 193 45335
1646 193 45336
220 1601 45337
871 297 45338
193 1646 45339
220 234 45340
708 812 45341
525 19 45342
193 1130 45343
1616 1601 45344
1130 193 45345
193 1130 45346
1130 193 45347
27 620 45348
1539 1211 45349
494 389 45350
494 389 45351
912 713 45352
1624 1253 45353
193 1130 45354
847 1387 45355
592 95 45356
620 27 45357
1641 970 45358
9 1313 45359
1130 34 45360
970 128 45361
1641 970 45362
27 620 45363
1158 27 45364
1624 719 45365
27 1158 45366
1158 713 45367
1624 1500 45368
1042 615 45369
1235 1468 45370
1158 27 45371
643 1365 45372
1189 1489 45373
1485 1403 45374
1641 970 45375
1286 1231 45376
1641 341 45377
810 233 45378
1009 177 45379
1113 1565 45380
1314 1346 45381
27 1158 45382
970 1641 45383
12 1493 45384
378 1539 45385
561 95 45386
822 1642 45387
1113 544 45388
878 1489 45389
12 1639 45390
103 1231 45391
1624 719 45392
1158 27 45393
620 27 45394
1113 544 45395
1543 592 45396
128 970 45397
1113 544 45398
1113 544 45399
27 1158 45400
12 366 45401
1113 544 45402
9 32 45403
9 32 45404
1113 544 45405
9 32 45406
193 1646 45407
1158 27 45408
1113 544 45409
1616 1252 45410
843 871 45411
843 1237 45412
1252 1616 45413
392 321 45414
933 145 45415
67 822 45416
1616 1252 45417
933 495 45418
843 1553 45419
143 357 45420
1237 843 45421
1113 544 45422
777 1639 45423
1619 839 45424
1619 839 45425
1619 839 45426
1539 36 45427
1539 1021 45428
1539 1021 45429
1426 339 45430
1426 830 45431
338 1244 45432
1426 1066 45433
67 1426 45434
1539 1021 45435
1343 281 45436
1619 773 45437
1522 809 45438
1522 859 45439
1522 1184 45440
970 128 45441
1189 1647 45442
249 1629 45443
1522 859 45444
1522 1618 45445
1113 128 45446
1285 1565 45447
128 970 45448
1285 1641 45449
482 1489 45450
1565 1285 45451
569 1522 45451
1285 1565 45452
1113 544 45453
1113 128 45454
1539 659 45455
1113 1255 45456
1542 540 45457
1539 1649 45458
544 1113 45459
1565 1285 45460
822 67 45461
809 546 45462
1285 1565 45463
1113 544 45464
298 573 45465
298 573 45466
298 573 45467
234 220 45468
1248 234 45469
1647 1189 45470
298 573 45471
546 809 45472
843 871 45473
1539 1647 45474
843 1237 45475
1113 495 45476
298 573 45477
1113 437 45478
878 713 45479
621 768 45480
177 1009 45481
1 161 45482
1617 1283 45483
1367 1485 45484
1113 135 45485
135 42 45486
135 1356 45487
1617 370 45488
27 1158 45489
1326 713 45490
3 1510 45491
135 1486 45492
3 135 45493
1113 135 45494
1489 878 45495
1489 482 45496
1113 135 45497
1489 249 45498
3 135 45499
3 72 45500
1539 204 45501
1539 1573 45502
1539 1573 45503
1270 1097 45504
3 135 45505
1270 1097 45506
1539 1573 45507
3 135 45508
3 135 45509
3 135 45510
1113 135 45511
1568 1042 45512
135 1113 45513
1539 1573 45514
1113 135 45515
1539 1573 45516
72 3 45517
1545 1556 45518
1280 48 45519
1280 48 45520
1346 1314 45521
1280 48 45522
1280 48 45523
1280 48 45524
1280 48 45525
1280 48 45526
135 1 45527
1280 48 45528
1280 48 45529
1280 48 45530
1280 48 45531
103 30 45532
1280 48 45533
103 30 45534
1619 593 45535
30 103 45536
1280 48 45537
103 30 45538
30 103 45539
1576 389 45540
1189 1647 45541
766 252 45542
1033 1281 45543
438 687 45544
438 687 45545
438 1319 45546
1136 1052 45547
1440 438 45548
1649 1539 45549
735 1575 45550
482 1489 45551
191 738 45552
1252 1616 45553
1 135 45554
592 1543 45555
233 810 45556
1184 1522 45557
281 1343 45558
1272 1130 45559
337 1641 45560
964 42 45561
964 42 45562
1488 518 45563
1069 1539 45564
1646 193 45565
1638 1646 45566
1234 1254 45567
536 933 45568
27 620 45569
1580 1352 45570
249 1489 45571
449 1520 45572
1580 95 45573
34 1130 45574
1638 1633 45575
832 1270 45576
1500 1624 45577
1624 1500 45578
1500 144 45579
1313 1403 45580
1042 615 45581
1313 569 45582
1042 1568 45583
615 1042 45584
1042 615 45585
447 704 45586
9 1642 45587
9 1649 45588
9 1650 45589
9 1647 45590
9 1646 45591
9 1643 45592
9 1644 45593
9 1648 45594
9 1640 45595
9 1651 45596
9 1652 45597
9 1637 45598
1052 1136 45599
9 1641 45600
9 1622 45601
9 1618 45602
9 1621 45603
959 958 45604
9 1313 45605
9 1313 45606
9 1313 45607
779 840 45608
1254 1234 45609
9 1196 45610
1624 725 45611
9 901 45612
9 617 45613
144 1500 45614
738 191 45615
725 1624 45616
50 758 45617
518 1488 45618
1280 1038 45619
329 615 45620
329 1537 45621
1319 438 45622
95 592 45623
95 1580 45624
1403 1485 45625
474 615 45626
1403 1313 45627
1624 725 45628
768 1304 45629
605 1601 45630
1365 643 45631
1289 700 45632
389 494 45633
389 494 45634
1637 9 45635
1489 482 45636
1387 12 45637
1387 9 45638
1387 12 45639
1387 847 45640
1387 67 45641
617 9 45642
536 933 45643
191 738 45644
431 727 45645
1281 1033 45646
1642 32 45647
1653 1603 45648
1642 9 45649
1619 1629 45650
1255 1653 45651
249 1236 45652
282 193 45653
741 1255 45654
1255 741 45655
741 1255 45656
9 1642 45657
9 617 45658
9 1637 45659
9 1387 45660
9 282 45661
402 681 45662
1158 27 45663
220 234 45664
220 234 45665
1158 1072 45666
1332 291 45667
1332 291 45668
1332 291 45669
878 1489 45670
1488 518 45671
615 1042 45672
615 474 45673
1136 1052 45674
1624 281 45675
27 1158 45676
1578 342 45677
1578 847 45678
700 1289 45679
1118 95 45680
644 145 45681
1317 50 45682
1038 1280 45683
1616 1252 45684
495 831 45685
495 950 45686
1616 812 45687
1442 883 45688
1616 1173 45689
495 741 45690
1616 346 45691
495 933 45692
495 1113 45693
1616 1522 45694
1304 768 45695
128 1113 45696
1580 95 45697
1255 741 45698
482 1489 45699
1072 1158 45700
234 220 45701
50 1317 45702
970 1641 45703
12 1387 45704
12 1387 45705
1329 983 45706
1642 9 45707
620 27 45708
1642 1171 45709
32 1642 45710
812 1616 45711
1647 1539 45712
812 708 45713
1158 27 45714
12 997 45715
1413 800 45716
1647 1189 45717
1158 1072 45718
1647 9 45719
1158 27 45720
12 997 45721
357 1644 45722
357 143 45723
357 592 45724
1252 1616 45725
871 843 45726
370 1617 45727
9 1647 45728
9 1642 45729
1158 1217 45730
1217 1158 45731
1487 749 45732
1487 161 45733
1487 1598 45734
1575 735 45735
518 1488 45736
569 1313 45737
712 95 45738
1520 449 45739
1520 912 45740
1173 1616 45741
823 1576 45742
823 615 45743
1130 34 45744
1130 1272 45745
1130 193 45746
1510 3 45747
615 823 45748
27 1158 45749
1423 1158 45750
1130 1526 45751
1130 1526 45752
1130 1526 45753
617 9 45754
1312 456 45755
1189 1647 45756
1619 175 45757
615 1130 45758
1616 1252 45759
9 617 45760
1313 9 45761
1647 1189 45762
1313 569 45763
1647 9 45764
1647 878 45765
1647 1654 45766
1647 1005 45767
1619 1641 45768
437 1113 45769
1619 1641 45770
758 1619 45771
1543 592 45772
3 44 45773
3 36 45774
1313 1403 45775
540 1542 45776
757 687 45777
859 1522 45778
234 1255 45779
1042 615 45780
234 815 45781
615 1042 45782
193 1646 45783
843 871 45784
1033 1281 45785
1653 1255 45786
1488 518 45787
281 1624 45788
1344 1598 45789
128 1378 45790
1545 259 45791
1545 259 45792
1316 1039 45793
1434 174 45794
361 1436 45795
753 1539 45796
415 1624 45797
1644 520 45798
520 1644 45799
950 495 45800
1648 281 45801
1316 72 45802
361 864 45803
1644 812 45804
1213 495 45805
1 44 45806
281 1648 45807
1317 919 45808
1624 281 45809
1624 415 45810
973 254 45811
308 1641 45812
281 1624 45813
1601 220 45814
249 299 45815
1642 32 45816
1601 1616 45817
1234 1254 45818
919 1317 45819
9 1647 45820
1255 234 45821
1255 1653 45822
1601 605 45823
1021 1539 45824
1042 615 45825
174 1434 45826
741 495 45827
615 1042 45828
1624 281 45829
878 1647 45830
688 326 45831
1655 1641 45832
1655 741 45833
1655 1598 45834
741 1655 45835
254 973 45836
617 9 45837
1641 1619 45838
249 1655 45839
1641 308 45840
617 254 45841
1158 27 45842
1158 1423 45843
1629 1619 45844
1158 1072 45845
1629 249 45846
1072 1158 45847
1641 1655 45848
249 1629 45849
1603 1653 45850
1655 249 45851
1655 741 45852
249 1655 45853
1647 878 45854
1647 9 45855
1655 249 45856
249 1655 45857
1638 1410 45858
281 332 45859
1343 281 45860
249 734 45861
9 1647 45862
9 617 45863
617 9 45864
9 617 45865
281 1343 45866
281 1624 45867
1553 843 45868
423 866 45869
809 1406 45870
1190 1285 45871
708 812 45872
12 1387 45873
1406 809 45874
27 620 45875
1312 1656 45876
297 557 45877
27 1158 45878
878 1647 45879
725 1624 45880
878 1255 45881
220 234 45882
518 1488 45883
220 1601 45884
1648 281 45885
933 495 45886
1588 713 45887
933 536 45887
234 220 45888
1081 32 45889
1556 1545 45890
878 1426 45891
1648 802 45892
357 774 45893
1648 90 45894
357 1565 45895
281 1648 45896
357 1426 45897
357 1362 45898
357 1362 45899
1648 281 45900
1648 9 45901
220 234 45902
1648 1619 45903
67 1657 45904
281 1648 45905
819 1642 45906
357 1103 45907
1624 281 45908
357 1624 45909
741 1655 45910
1658 277 45911
67 1644 45912
1624 357 45913
1648 281 45914
281 1624 45915
357 1624 45916
1624 281 45917
1624 357 45918
281 1648 45919
357 1624 45920
281 1624 45921
741 1255 45922
281 317 45923
1624 357 45924
546 774 45925
536 933 45926
67 1637 45927
883 1442 45928
843 1553 45929
674 1624 45930
3 1 45931
1362 357 45932
1500 144 45933
1642 819 45934
1648 865 45935
1648 865 45936
1658 986 45937
1648 963 45938
1648 1627 45939
1648 1627 45940
1648 1627 45941
1542 540 45942
912 1520 45943
1657 67 45944
1648 1177 45945
1648 1177 45946
1648 1177 45947
12 527 45948
1657 1021 45949
1657 1021 45950
12 1255 45951
1472 815 45952
12 1406 45953
12 1440 45954
12 1520 45955
1657 1641 45956
1406 12 45957
19 1130 45957
1657 713 45958
1520 912 45959
145 644 45960
145 933 45961
1520 12 45962
1641 1657 45963
1520 598 45964
711 547 45965
1657 1641 45966
1520 1659 45967
1641 1657 45968
392 1660 45969
1648 1551 45970
1648 1551 45971
1657 1641 45972
1042 1641 45973
1551 1648 45974
1255 878 45975
1657 1641 45976
1641 1657 45977
1042 1255 45978
1255 741 45979
1255 12 45980
1255 1042 45981
1648 1551 45982
1189 482 45983
1522 859 45984
482 1189 45985
1189 482 45986
1042 1255 45987
1042 1641 45988
1522 569 45989
878 1255 45990
878 1189 45991
536 1551 45992
569 1522 45993
1522 569 45994
1255 1042 45995
1255 878 45996
1252 1616 45997
1522 1255 45998
1255 1522 45999
1189 878 46000
1042 1255 46001
1522 1255 46002
569 1522 46003
1042 615 46004
1255 1042 46005
1255 1522 46006
1042 1255 46007
1255 1042 46008
1522 1255 46009
1440 12 46010
1255 1522 46011
1522 569 46012
300 1657 46013
1042 1255 46014
1522 1255 46014
1648 1283 46015
878 1255 46016
1255 1522 46017
1255 1042 46018
1255 878 46019
144 1500 46020
620 27 46021
1656 1312 46022
1648 174 46023
569 1522 46023
1406 1603 46024
1603 1406 46025
1158 27 46026
1406 843 46027
174 1648 46028
1406 1603 46029
1522 569 46030
569 1522 46031
1648 644 46032
1158 379 46033
1522 569 46034
1648 174 46035
1648 174 46036
1042 712 46037
843 1406 46038
569 1522 46039
1616 1252 46040
1406 843 46041
174 1648 46042
174 1648 46043
1648 174 46044
843 1406 46045
1648 174 46046
1406 843 46047
547 711 46048
1522 569 46049
1648 644 46050
174 1648 46051
174 1648 46052
1642 679 46053
547 711 46054
204 1539 46055
1648 174 46056
174 1648 46057
1648 1042 46058
1042 1244 46059
1648 174 46060
679 1642 46061
298 1353 46062
174 1648 46063
1642 679 46064
1648 174 46065
1042 1648 46066
1353 298 46067
711 547 46068
569 1522 46069
1603 1406 46070
547 711 46071
174 1648 46072
1648 1042 46073
711 547 46074
1406 1603 46075
1648 174 46076
547 711 46077
711 547 46078
174 1648 46079
547 711 46080
1648 174 46081
174 1648 46082
1648 174 46083
711 547 46084
1052 1136 46085
547 711 46086
679 1642 46087
878 713 46088
298 353 46089
1642 679 46090
810 1365 46091
1642 679 46092
1406 1185 46093
1185 1406 46094
1406 1185 46095
1648 1052 46096
1185 1406 46097
1406 1185 46098
1642 1297 46099
1642 1297 46100
1113 495 46101
1406 1642 46102
372 569 46103
1113 437 46104
569 372 46105
548 1059 46106
372 569 46107
548 128 46108
1642 1406 46109
283 1343 46110
1406 1642 46111
1642 1406 46112
1406 1642 46113
569 372 46114
372 569 46115
1642 1406 46116
1352 1580 46117
1406 1642 46118
1406 1642 46119
1642 1406 46120
1406 1642 46121
1642 1406 46122
1518 1624 46123
1406 1642 46124
1642 1406 46125
1406 1642 46126
1642 1406 46127
1406 1642 46128
1642 1406 46129
1406 1642 46130
1406 1603 46131
1603 1406 46132
1642 1406 46133
1603 1406 46134
1406 1603 46135
1406 1642 46136
1406 1603 46137
1603 1406 46138
1406 1603 46139
1603 1406 46140
1406 1603 46141
1314 1346 46142
1215 1472 46143
1636 984 46144
438 1319 46145
933 536 46146
1196 9 46147
252 766 46148
1281 1033 46149
1313 9 46150
1313 9 46151
1313 507 46152
1387 12 46153
361 638 46154
361 1641 46155
621 686 46156
1136 1052 46157
617 9 46158
557 297 46159
615 1042 46160
944 815 46161
1661 713 46162
1346 1314 46163
1661 1026 46164
27 1158 46165
27 620 46166
1185 1406 46167
1434 174 46168
734 249 46169
617 777 46170
1434 1312 46171
1359 1343 46172
1312 1656 46173
1312 1434 46174
1312 1434 46175
1434 1312 46176
1312 1434 46177
1312 1434 46178
1434 1312 46179
1434 1312 46180
1312 1434 46181
1312 1434 46182
1387 1312 46183
1434 1312 46184
1312 1387 46185
1312 1434 46186
1434 1312 46187
1185 1142 46188
1387 1312 46189
1387 1312 46190
1312 1387 46191
1387 1312 46192
812 1644 46193
1312 1387 46194
1312 1387 46195
1387 1312 46196
1142 1185 46197
1387 1434 46198
1387 1344 46199
1434 1387 46200
1312 1387 46201
1387 1434 46202
1185 1142 46203
1387 1312 46204
700 822 46205
1434 1387 46206
1434 1387 46207
1312 1387 46208
1387 1434 46209
751 822 46210
1312 1387 46211
1387 1312 46212
1312 1387 46213
1387 1312 46214
1387 1434 46215
1387 1312 46216
1434 1387 46217
1434 1387 46218
1387 1434 46219
1387 1434 46220
249 1244 46221
536 933 46222
523 1662 46223
523 1662 46224
523 1662 46225
154 1539 46226
843 1406 46227
161 1 46228
161 1487 46229
1042 615 46230
594 277 46231
594 260 46232
72 1316 46233
211 36 46234
751 1578 46235
1657 300 46236
32 518 46237
1442 883 46238
713 1526 46239
1488 518 46240
1663 1621 46241
1663 1621 46242
174 1434 46243
32 1657 46244
1657 713 46245
615 1042 46246
1657 523 46247
1657 393 46248
1101 713 46249
1406 843 46250
1 161 46251
1 3 46252
1189 1015 46253
1189 1015 46254
1189 595 46255
713 1101 46256
713 1661 46257
713 878 46258
713 912 46259
595 1189 46260
620 27 46261
1624 725 46262
312 1 46263
504 372 46264
389 1576 46265
1489 372 46266
714 713 46267
1285 1190 46268
1285 1190 46269
339 713 46270
1285 1190 46271
912 713 46272
1624 1093 46273
212 1056 46274
475 1543 46275
822 700 46276
372 504 46277
822 751 46278
372 1489 46279
1314 1346 46280
372 1624 46281
101 282 46282
963 1648 46283
1648 963 46284
12 1387 46285
12 1440 46286
431 605 46287
431 617 46288
12 1520 46289
12 1406 46290
1624 372 46291
1346 1314 46292
393 1657 46293
1624 1349 46294
101 176 46295
749 1487 46296
101 198 46297
644 1648 46298
644 1244 46299
749 713 46300
353 298 46301
1624 367 46302
367 1624 46303
1624 367 46304
1332 495 46305
1101 713 46306
1142 1185 46307
1580 1545 46308
1332 298 46309
1580 1352 46310
281 1312 46311
281 254 46312
1312 281 46313
1387 12 46314
281 1312 46315
1113 1463 46316
1113 1568 46317
176 101 46318
1312 1387 46319
1568 1113 46320
617 431 46321
1642 679 46322
1423 1158 46323
431 617 46324
617 431 46325
431 617 46326
1520 12 46327
1339 504 46328
617 431 46329
95 1118 46330
1378 128 46331
95 1580 46332
95 712 46333
1440 12 46334
1349 1624 46335
155 1580 46336
859 1522 46337
973 254 46338
919 95 46339
686 621 46340
1346 1314 46341
1624 1349 46342
1565 357 46343
831 1270 46344
831 1187 46345
1118 95 46346
1185 1142 46347
970 617 46348
1185 536 46349
482 463 46350
1185 1312 46351
482 194 46352
1312 1185 46353
176 1565 46354
1565 176 46355
1185 1312 46356
1312 1185 46357
176 1565 46358
679 1642 46359
1158 1423 46360
1158 27 46361
1158 1072 46362
1185 408 46363
431 617 46364
1565 176 46365
1185 743 46366
176 1565 46367
1185 1372 46368
1185 1402 46369
1565 176 46370
176 1565 46371
1565 176 46372
617 431 46373
617 970 46374
176 1565 46375
12 1440 46376
963 1648 46377
34 1130 46378
437 1113 46379
495 950 46380
495 1213 46381
1365 810 46382
73 617 46383
810 1365 46384
298 353 46385
19 1664 46386
1013 1365 46387
298 1332 46388
924 768 46389
768 924 46390
621 768 46391
725 1624 46392
768 924 46393
768 621 46394
621 768 46395
878 713 46396
495 741 46397
495 933 46398
495 1113 46399
495 1332 46400
1565 176 46401
176 1565 46402
1113 1568 46403
1434 174 46404
1565 176 46405
1601 220 46406
1113 437 46407
174 1434 46408
970 617 46409
1113 495 46410
617 970 46411
1314 1346 46412
617 73 46413
1565 176 46414
1032 783 46415
1565 3 46416
1029 962 46417
1665 1049 46418
1113 1603 46419
1665 1113 46420
1113 1665 46421
1665 1113 46422
220 1601 46423
1113 1665 46424
681 109 46425
1032 783 46426
1253 1013 46427
1253 1034 46428
1185 713 46429
423 1603 46430
1032 783 46431
423 1426 46432
423 1665 46433
843 1406 46434
1665 423 46435
1032 783 46436
1346 1314 46437
1032 783 46438
1406 843 46439
1032 783 46440
1231 963 46440
1032 783 46441
72 679 46442
1032 783 46443
423 1665 46444
1032 783 46445
1032 783 46446
1632 1039 46447
741 495 46448
1032 783 46449
254 973 46450
1032 783 46451
1 312 46452
1280 1287 46453
1665 423 46454
1665 1113 46455
1601 220 46456
1032 783 46457
337 297 46458
970 617 46459
1032 783 46460
1601 220 46461
509 1665 46462
3 1565 46463
3 1 46464
3 1 46465
3 1 46466
3 1 46467
3 1 46468
3 1 46469
3 1 46470
3 1 46471
3 1 46472
3 1 46473
3 1 46474
3 1 46475
3 1 46476
3 1 46477
3 1 46478
3 1 46479
3 1 46480
3 1 46481
3 1 46482
3 1 46483
3 1 46484
3 1 46485
3 1 46486
3 1 46487
3 1 46488
3 1 46489
3 1 46490
3 1 46491
1661 713 46492
509 783 46493
1032 783 46494
1244 644 46495
1244 249 46496
783 509 46497
644 1244 46498
176 1565 46499
3 1 46500
3 1 46501
1032 783 46502
712 95 46503
1601 1666 46504
712 1042 46505
1113 1665 46506
509 783 46507
1601 1636 46508
783 1032 46509
783 1032 46510
509 1463 46511
1158 1072 46512
1382 710 46513
1158 1255 46514
864 361 46515
1032 783 46516
421 1436 46517
421 300 46518
783 1032 46519
27 1158 46520
1032 783 46521
843 1406 46522
783 1032 46523
1032 783 46524
783 1032 46525
1032 783 46526
1013 1253 46527
1665 573 46528
573 1665 46529
878 1665 46530
176 1665 46531
1665 573 46532
1665 878 46533
1158 27 46534
1665 176 46535
1665 509 46536
1253 1013 46537
9 1313 46538
393 573 46539
1190 1285 46540
482 1665 46541
1287 1280 46542
1158 1665 46543
1488 518 46544
1667 1231 46545
1029 1021 46546
1029 1665 46547
783 1032 46548
1667 53 46549
1667 1312 46550
1312 1667 46551
1648 337 46552
1648 719 46553
1231 1667 46554
27 620 46555
361 864 46556
1032 783 46557
573 393 46558
1231 1601 46559
783 1032 46560
573 1665 46561
361 697 46562
393 573 46563
1601 1231 46564
1013 1253 46565
1231 1601 46566
361 1069 46567
1032 783 46568
1601 1231 46569
1665 573 46570
1665 1029 46571
1231 1601 46572
1665 1158 46573
783 1032 46574
1665 482 46575
361 1056 46576
361 1587 46577
361 311 46578
1487 161 46579
1487 749 46580
361 463 46581
609 523 46582
710 1382 46583
819 1642 46584
1601 1231 46585
573 1665 46586
1158 1665 46587
1032 783 46588
1313 9 46589
1231 1601 46590
731 1173 46591
573 393 46592
768 1304 46593
731 824 46594
1029 1665 46595
1029 1472 46596
1601 1231 46597
1189 1665 46598
1665 573 46599
1253 1013 46600
1304 768 46601
1665 1189 46601
783 1032 46602
1189 1665 46603
573 1665 46604
1231 1601 46605
1270 831 46606
12 1387 46607
809 1406 46608
12 1255 46609
1665 1029 46610
1665 1189 46611
176 1665 46612
1189 1665 46613
1665 176 46614
176 1665 46615
1665 573 46616
1173 731 46617
1665 176 46618
1667 1231 46619
1013 1253 46620
27 1158 46621
1136 1052 46622
573 1665 46623
1231 1667 46624
1667 1231 46625
1667 523 46626
1189 1665 46627
308 1601 46628
1621 1663 46629
403 302 46630
950 495 46631
1665 1189 46632
1665 573 46633
1253 1013 46634
482 1665 46635
573 1665 46636
1665 950 46637
878 1665 46638
1621 42 46639
1665 878 46640
1665 573 46641
361 809 46642
878 1665 46643
1013 1253 46644
1189 878 46645
878 1189 46646
1189 878 46647
573 1665 46648
878 1189 46649
878 1665 46650
308 1601 46651
308 1312 46652
1312 308 46653
870 1312 46654
1189 1665 46655
1312 870 46656
1665 573 46657
1312 870 46658
1576 1665 46659
573 1665 46660
870 1312 46661
1312 870 46662
1665 1576 46663
233 810 46664
233 193 46665
870 1312 46666
193 233 46667
1312 870 46668
1601 308 46669
233 193 46670
1665 573 46671
1601 1231 46672
595 1101 46673
193 233 46674
595 1101 46675
1542 468 46676
573 1665 46677
1601 393 46678
518 1488 46679
1231 1601 46680
1542 233 46681
1189 975 46682
1542 1383 46683
1072 1158 46684
1383 1542 46685
713 1101 46686
518 1488 46687
1070 598 46688
282 9 46689
1601 1231 46690
1542 1383 46691
1231 1601 46692
41 1665 46693
1472 1029 46694
403 569 46695
53 1667 46696
1488 518 46697
1488 518 46698
1647 878 46699
973 254 46700
719 1648 46701
1647 9 46702
1648 719 46703
609 1665 46704
719 1648 46705
1648 719 46706
719 1648 46707
1648 719 46708
523 609 46709
523 1667 46710
523 41 46711
198 1647 46712
609 523 46713
523 609 46714
1647 1608 46715
1387 12 46716
12 1387 46717
518 1488 46718
609 523 46719
1648 719 46720
1608 1647 46721
1387 12 46722
697 361 46723
768 1304 46724
12 1387 46725
1647 242 46726
523 609 46727
609 523 46728
1647 198 46729
1255 1158 46730
1255 12 46731
1647 1608 46732
523 609 46733
1297 1642 46734
1608 1647 46735
9 1647 46736
9 282 46737
1647 1608 46738
1252 1616 46739
242 1647 46740
1647 9 46741
1647 242 46742
1608 1647 46743
609 1629 46744
298 518 46745
1647 1608 46746
242 1647 46747
1406 809 46748
1647 242 46749
810 233 46750
1608 1647 46751
1568 1113 46752
1647 1608 46753
1647 1608 46754
242 1647 46755
1667 53 46756
1071 1130 46757
1667 53 46758
1332 617 46759
1342 1255 46760
1545 1580 46761
1647 242 46762
53 1667 46763
1042 712 46764
1113 1568 46765
12 1255 46766
1332 53 46767
1647 1297 46768
1255 1342 46769
1255 12 46770
1647 468 46771
1297 1647 46772
234 1255 46773
1647 193 46774
1647 1297 46775
468 1647 46776
12 1255 46777
1565 176 46778
1642 1297 46778
1304 768 46779
234 220 46780
1647 468 46781
1297 1647 46782
1255 234 46783
1647 1297 46784
176 1565 46785
1297 1642 46786
53 1332 46787
1647 821 46788
831 1270 46789
1565 176 46790
176 1565 46791
53 413 46792
1297 1647 46793
1647 1297 46794
1565 176 46795
1297 1647 46796
413 53 46797
53 413 46798
12 9 46799
1158 1072 46800
1545 1312 46801
1158 27 46802
1312 1545 46803
1332 639 46804
1332 639 46805
768 1304 46806
161 1 46807
413 53 46808
1312 1545 46809
161 1487 46810
1545 1312 46811
1312 1545 46812
1545 1312 46813
1312 1545 46814
1304 768 46815
1545 1312 46816
1576 1545 46817
1545 1576 46818
1312 1545 46819
768 163 46820
1545 1576 46821
1545 1312 46822
1576 1665 46823
975 1189 46824
970 502 46825
495 1113 46826
1312 1545 46827
1545 1312 46828
1576 389 46829
1545 1312 46830
1312 1545 46831
1312 1545 46832
1365 810 46833
1187 831 46834
1545 1312 46835
1667 53 46835
1365 1013 46836
1158 1255 46837
163 768 46838
1312 1545 46839
249 1244 46840
53 1667 46841
1545 1312 46842
821 1647 46843
337 1648 46844
249 44 46845
1312 1545 46846
1545 1312 46847
1312 1545 46848
1545 1312 46849
1545 1312 46850
1545 1312 46851
249 1665 46852
1285 975 46853
249 1312 46854
1312 1545 46855
598 1070 46856
768 163 46857
1312 249 46858
1545 1312 46859
249 1312 46860
1312 1545 46861
1545 1312 46862
1312 249 46863
1312 1545 46864
393 1601 46865
612 128 46866
1545 1312 46867
1312 1545 46868
502 970 46869
372 1624 46870
1667 53 46871
1545 1312 46872
1312 1545 46873
249 1312 46874
1545 1312 46875
686 768 46876
1312 1545 46877
686 1270 46878
975 1285 46879
810 1365 46880
831 1187 46881
1665 41 46882
1343 1359 46883
442 1565 46884
27 1158 46885
1343 281 46886
1343 283 46887
1158 27 46888
176 1665 46889
1648 337 46890
9 1647 46891
9 1545 46892
878 1647 46893
180 182 46894
1101 713 46895
620 27 46896
1253 1013 46897
468 1647 46898
1253 1343 46899
1636 1601 46900
249 967 46901
1545 9 46902
1029 1472 46903
1340 1029 46904
1029 1340 46905
1340 1029 46906
1326 1029 46907
1585 1582 46908
1029 1326 46909
1326 1029 46910
1313 9 46911
1668 809 46912
1608 1647 46913
41 523 46914
41 1665 46915
41 1029 46916
32 815 46917
32 1665 46918
1013 1365 46919
1013 1253 46920
67 1665 46921
809 361 46922
809 1406 46923
809 1668 46924
361 809 46925
809 795 46926
9 1545 46927
9 1313 46928
9 617 46929
9 1313 46930
9 1196 46931
1253 1013 46932
1 161 46933
1 3 46934
1561 249 46935
281 1343 46936
1561 42 46937
1669 1670 46937
1670 1669 46938
1669 1670 46939
249 1561 46940
249 1561 46941
1039 1316 46942
53 1667 46943
1624 372 46944
615 1668 46945
538 1671 46946
1382 710 46947
431 617 46948
27 1158 46949
1314 1346 46950
27 620 46951
1013 1253 46952
53 1657 46953
1253 1013 46954
1667 53 46955
1072 1158 46956
1013 1253 46957
1647 821 46958
1647 878 46959
1647 9 46960
1647 1608 46961
1255 1158 46962
1387 12 46963
1255 447 46964
1387 1313 46965
1387 1344 46966
543 1189 46967
318 67 46968
1639 777 46969
1344 1387 46970
318 1285 46971
1387 1344 46972
1423 1158 46973
1387 1313 46974
504 1339 46975
950 1665 46976
1568 1113 46977
710 1283 46978
778 1029 46979
1668 615 46980
518 298 46981
9 1647 46982
615 1668 46983
193 1647 46984
509 1665 46985
509 1026 46986
1672 437 46987
509 1255 46988
768 686 46989
1029 41 46990
1029 778 46991
1029 1489 46992
1255 509 46993
812 708 46994
308 1601 46995
1187 831 46996
53 1667 46997
72 42 46998
1667 53 46999
1667 53 47000
1153 128 47001
1657 53 47002
161 1 47003
53 1667 47004
1070 598 47005
53 1667 47006
53 1657 47007
42 72 47008
1608 1647 47009
1667 53 47010
1657 53 47011
53 1657 47012
53 1667 47013
361 1417 47014
970 617 47015
970 502 47016
970 1641 47017
1406 809 47018
1013 1253 47019
1 161 47020
1158 1255 47021
109 681 47022
1158 1072 47023
1158 1423 47024
1158 1072 47025
1072 1158 47026
1072 1158 47027
686 621 47028
1158 1072 47029
1158 1072 47030
249 318 47031
1436 421 47032
249 1343 47033
1158 1072 47034
249 1648 47035
1543 475 47036
1285 318 47037
249 1074 47038
1487 1226 47039
1253 1013 47040
1487 161 47041
1346 1314 47042
1072 1158 47043
1487 1673 47044
1673 1487 47045
1487 1673 47046
1255 1158 47047
482 1674 47048
1255 1359 47049
1189 620 47050
1158 1072 47051
1158 1255 47052
1158 1255 47053
809 1406 47054
1675 582 47055
1013 1253 47056
447 1255 47057
1031 42 47058
711 644 47059
644 711 47060
1668 615 47061
53 1667 47062
711 644 47063
1327 711 47064
1488 518 47065
101 176 47066
1339 504 47067
617 970 47068
1641 970 47069
617 1332 47070
617 431 47071
1667 53 47072
617 970 47073
711 1327 47074
1641 970 47075
617 644 47076
1327 711 47077
617 1667 47078
1253 1013 47079
708 812 47080
768 1304 47081
686 1676 47082
495 741 47083
282 66 47084
1667 617 47085
1231 1667 47086
245 1283 47087
1313 1387 47088
1313 1387 47089
1667 1231 47090
644 617 47091
353 298 47092
1642 822 47093
1313 9 47094
353 194 47095
161 1 47096
161 1487 47097
44 249 47098
12 1387 47099
1231 1667 47100
12 1312 47101
1 3 47102
1 3 47103
1313 9 47104
509 1255 47105
1136 781 47106
1668 1379 47107
1136 234 47108
234 1136 47109
617 1667 47110
1343 1253 47111
1343 281 47112
1343 249 47113
1302 338 47114
1290 1677 47115
1314 1346 47116
57 1616 47117
518 1488 47118
1304 768 47119
1545 9 47120
1489 1029 47121
1406 809 47122
1668 454 47123
621 686 47124
1270 831 47125
1270 686 47126
518 1488 47127
777 1639 47128
644 1616 47129
1130 34 47130
1130 19 47131
161 1673 47132
1383 1542 47133
393 263 47134
393 1190 47135
768 886 47136
234 1616 47137
1312 12 47138
1542 1383 47139
686 621 47140
686 1270 47141
1667 617 47142
1270 686 47143
12 1312 47144
686 1270 47145
234 1312 47146
1312 12 47147
234 1312 47148
1312 234 47149
12 1312 47150
1312 12 47151
34 1130 47152
12 1312 47153
234 1312 47154
281 1343 47155
1312 234 47156
12 1312 47157
1052 1648 47158
1312 12 47159
1312 12 47160
12 1312 47161
1052 1136 47162
12 1312 47163
1312 12 47164
598 1474 47165
12 1312 47166
234 1312 47167
1312 12 47168
1312 234 47169
12 1312 47170
234 1312 47171
1312 12 47172
12 1312 47173
1312 12 47174
12 1312 47175
1312 12 47176
12 1312 47177
1312 12 47178
12 1312 47179
1312 12 47180
9 1313 47181
12 1312 47182
679 72 47183
1379 1668 47184
72 679 47185
1312 12 47186
234 1312 47187
1312 234 47188
342 544 47189
12 1312 47190
1526 1130 47191
1312 12 47192
523 1269 47193
12 1312 47194
234 1312 47195
1312 12 47196
12 1312 47197
1312 234 47198
1312 234 47198
234 1312 47199
1312 234 47200
234 1312 47201
582 1675 47202
12 1312 47203
281 708 47204
1316 72 47205
1312 12 47206
12 1312 47207
234 1312 47208
679 72 47209
1312 234 47210
1312 12 47211
234 1312 47212
72 679 47213
12 1312 47214
1312 234 47215
679 72 47216
234 1312 47217
1312 12 47218
1312 234 47219
12 1312 47220
1312 12 47221
72 679 47221
781 1136 47222
12 1312 47223
12 1312 47224
1312 12 47225
12 1312 47226
1332 617 47227
1312 12 47228
1312 12 47229
12 1312 47230
1312 12 47231
12 1312 47232
1312 12 47233
12 1312 47234
1312 12 47235
12 1312 47236
1312 12 47237
1312 12 47238
12 1312 47239
1312 12 47240
1644 812 47241
1312 12 47242
1644 67 47243
809 1406 47244
72 679 47245
12 1312 47246
1343 281 47247
809 1379 47247
357 1644 47248
281 1343 47249
357 1343 47250
1648 249 47251
1644 357 47252
357 1616 47253
357 1644 47254
1602 59 47255
1472 949 47256
1648 1052 47257
777 537 47258
1644 357 47259
357 1644 47260
1586 1557 47261
1248 768 47262
338 1302 47263
19 1130 47264
1487 42 47265
812 1644 47266
19 1130 47267
1602 1678 47268
1679 1565 47269
1623 711 47270
1679 1565 47271
1679 1565 47272
1679 1565 47273
1679 1565 47274
1565 1679 47275
1565 1679 47276
249 44 47276
249 1648 47277
1679 1565 47278
176 1565 47279
1346 1314 47280
1679 569 47281
1676 686 47282
1158 1072 47283
686 1676 47284
768 1248 47285
1580 1545 47286
32 1312 47287
569 1679 47288
1565 176 47289
1312 32 47290
176 1565 47291
1644 812 47292
1676 686 47293
1580 1676 47294
1676 1580 47295
1565 176 47296
176 1565 47297
1676 1580 47298
1565 1679 47299
1565 176 47300
1644 1623 47301
1580 1577 47302
1676 1580 47303
1580 1676 47304
1580 1676 47305
1580 1676 47306
1580 155 47307
1679 569 47308
1676 1580 47309
1343 281 47310
1314 1346 47311
1676 1580 47312
302 403 47313
1343 357 47314
1580 1676 47315
1029 1489 47316
1256 1680 47317
1676 1580 47318
1580 1676 47319
1580 1676 47320
1676 1580 47321
569 1679 47322
1679 1565 47323
1676 1580 47324
679 72 47325
679 72 47326
372 1343 47327
1580 1676 47328
1580 1676 47329
1676 1580 47330
800 1256 47331
1676 1580 47332
1565 1679 47333
1343 372 47334
1676 1580 47335
1648 249 47336
1580 1676 47337
1676 1580 47338
1256 800 47339
621 686 47340
1580 1676 47341
1580 1676 47342
1676 1580 47343
1676 1580 47344
1676 1580 47345
1580 1522 47346
431 617 47347
1580 1676 47348
249 1648 47349
1676 1580 47350
621 1526 47351
249 1580 47352
1580 1676 47353
1580 249 47354
621 1647 47355
1676 1580 47356
1072 1158 47357
1158 1072 47358
1580 1676 47359
1072 1158 47360
1545 1580 47361
1647 9 47362
1580 1545 47363
1676 1580 47364
1158 1072 47365
1647 193 47366
1647 1608 47367
1580 1554 47368
621 824 47369
1647 621 47370
67 1072 47371
9 1647 47371
1355 1033 47372
1648 249 47373
1072 1158 47374
1580 1676 47375
1158 1072 47376
1355 1183 47377
1647 9 47378
1072 1158 47379
1355 42 47380
1158 1072 47381
1072 1158 47382
1676 1580 47383
1158 1072 47384
1580 1676 47385
621 1647 47386
621 768 47387
1158 1072 47388
1580 1586 47389
1580 1283 47390
1283 1580 47391
1580 1283 47392
1580 9 47393
687 1681 47394
372 1343 47395
768 1616 47396
372 713 47397
1039 1316 47398
1158 1072 47399
1679 569 47400
372 1493 47401
372 1580 47402
1580 518 47403
1072 1158 47404
1580 372 47405
569 1679 47406
1580 372 47407
1283 1580 47408
1580 1283 47409
1679 1565 47410
768 824 47411
372 1580 47412
1580 372 47413
298 353 47414
9 1580 47415
372 1580 47416
281 1343 47417
1500 144 47418
1580 372 47419
1580 9 47420
372 1580 47421
1679 569 47422
9 1580 47423
1565 1679 47424
249 1580 47425
1580 9 47426
1580 249 47427
1565 176 47428
9 1580 47429
1580 9 47430
9 1580 47431
1580 9 47432
1580 9 47433
249 1580 47434
9 1580 47435
1580 1508 47436
569 1679 47437
1072 1158 47438
1580 249 47439
1554 1580 47440
1231 234 47441
176 1565 47442
1580 9 47443
249 1580 47444
9 1580 47445
1158 1072 47446
1565 176 47447
1580 1554 47447
970 617 47448
1158 1072 47449
1580 249 47449
1026 509 47450
970 617 47451
1580 9 47452
176 1565 47453
970 1641 47453
249 1580 47454
1072 1158 47455
1379 809 47456
1580 249 47457
249 1580 47458
1554 1580 47459
1158 1072 47460
831 1270 47461
1580 249 47462
1072 1158 47463
1580 1554 47464
1565 176 47465
249 1580 47466
1158 1072 47467
1343 281 47468
176 1565 47469
1554 1580 47470
1679 569 47471
1158 1072 47472
353 298 47473
249 654 47474
569 1679 47475
1565 176 47476
1679 1565 47477
1554 1468 47478
1554 1468 47479
1554 1468 47480
1565 1679 47481
1565 176 47482
176 1565 47483
155 1580 47484
1565 176 47485
1406 1343 47486
1679 569 47487
176 1565 47488
1343 1406 47489
1406 1343 47490
1565 176 47491
569 1679 47492
176 1565 47493
298 353 47494
1568 332 47495
1343 1406 47496
1406 1343 47497
1406 1343 47498
1679 569 47499
1343 1406 47500
1343 1406 47501
1406 1343 47502
1270 831 47503
809 1379 47504
372 482 47505
482 372 47506
193 1647 47507
372 482 47508
482 372 47509
1379 809 47510
809 1379 47511
1675 582 47512
1675 1075 47513
1565 176 47514
372 809 47515
176 1565 47516
372 482 47517
516 1281 47518
1565 176 47519
176 1565 47520
778 277 47521
1565 176 47522
176 1565 47523
582 1675 47524
809 372 47525
1379 809 47526
176 1565 47527
1093 1624 47528
1565 176 47529
176 1565 47530
1565 176 47531
176 1565 47532
1565 176 47533
176 1565 47534
1565 176 47535
176 1565 47536
1565 176 47537
1255 509 47538
620 27 47539
620 654 47540
144 1500 47541
281 1343 47542
281 1580 47543
713 372 47544
1313 1403 47545
1313 9 47546
32 1682 47547
32 1683 47548
32 1580 47549
32 1642 47550
176 1565 47551
1608 1647 47552
41 1029 47553
1343 281 47554
281 1343 47555
1113 1343 47556
536 193 47557
1343 281 47558
1343 1113 47559
1281 516 47560
1677 1585 47561
1677 1290 47562
1113 1343 47563
1313 507 47564
281 1343 47565
1647 621 47566
1647 193 47567
1647 1608 47568
1253 1343 47569
322 1021 47570
1676 1580 47571
537 777 47572
1667 1684 47573
1624 1093 47574
777 537 47575
779 1308 47576
1346 1314 47577
1314 1346 47578
1332 495 47579
1253 1272 47580
1443 547 47581
667 1130 47582
277 778 47583
537 777 47584
1562 1342 47585
1673 161 47586
1522 1580 47587
1359 1255 47588
337 317 47589
1487 42 47590
1308 779 47591
1652 1514 47592
615 616 47593
1021 322 47594
367 337 47595
516 453 47596
544 342 47597
708 281 47598
620 679 47599
605 620 47600
250 713 47601
250 1665 47602
679 620 47603
474 1679 47604
1608 1647 47605
1608 799 47606
1254 1234 47607
799 1608 47608
1608 799 47609
1231 1667 47610
799 1608 47611
1608 799 47612
1255 1359 47613
1500 144 47614
250 1255 47615
250 1255 47616
700 822 47617
249 1021 47618
620 679 47619
679 620 47620
621 1647 47621
1255 1231 47622
1231 1255 47623
1255 1231 47624
1253 1685 47625
1253 1685 47626
1383 1542 47627
193 1647 47628
1021 249 47629
1545 1580 47630
620 679 47631
1545 1580 47632
620 605 47633
193 536 47634
768 72 47635
768 924 47636
454 1668 47637
32 1021 47638
536 193 47639
1021 32 47640
392 72 47641
1601 1383 47642
1624 337 47643
1343 1113 47644
1383 1601 47645
1343 281 47646
1542 1383 47647
1383 1542 47648
1343 1253 47649
1601 1383 47650
1343 1406 47651
322 1021 47652
706 800 47653
1383 1601 47654
1601 1383 47655
1383 1601 47656
1601 1383 47657
777 537 47658
727 475 47659
393 346 47660
193 536 47661
1601 862 47662
193 1343 47663
276 1343 47664
1686 393 47665
687 277 47665
536 193 47666
1343 193 47667
193 1343 47668
1343 276 47669
1343 193 47670
481 1648 47671
193 1343 47672
1343 193 47673
172 840 47674
172 495 47675
1520 919 47676
172 1603 47677
1520 912 47678
337 367 47679
1520 1513 47680
337 1624 47681
1520 716 47682
193 1343 47683
884 713 47684
799 1475 47685
1314 1346 47686
1522 537 47687
1346 1314 47688
728 1573 47689
1189 1489 47690
1189 128 47691
878 1189 47692
1189 878 47693
1189 543 47694
1189 1665 47695
1189 1554 47696
1447 1500 47697
249 1021 47698
933 1687 47699
1514 919 47700
1021 322 47701
1021 249 47702
128 1189 47703
1688 1005 47704
1688 389 47705
1688 1189 47706
1 3 47707
1688 277 47708
1253 272 47709
1253 1688 47710
1253 50 47711
1676 1580 47712
1253 1408 47713
1029 41 47714
1029 1237 47715
276 1343 47716
1686 220 47717
1554 1189 47718
462 1646 47719
462 1638 47720
1646 462 47721
249 1021 47722
713 884 47723
1373 713 47724
713 1326 47725
713 1158 47726
779 1308 47727
249 547 47728
1668 454 47729
342 544 47730
1189 128 47731
1586 1580 47731
1189 1688 47732
1314 1346 47733
1387 12 47734
1387 1313 47735
1387 1313 47736
1474 598 47737
1387 1313 47738
1474 598 47739
1189 1282 47740
42 1161 47741
1282 1189 47742
42 1689 47743
1158 713 47744
42 1487 47745
1638 462 47746
1158 1423 47747
606 1362 47748
606 128 47749
1408 1253 47750
1648 481 47751
1608 799 47752
1196 9 47753
41 1029 47754
281 708 47755
799 1608 47756
1608 799 47757
547 1443 47758
1021 249 47759
32 1689 47760
1013 398 47761
1365 810 47762
42 1690 47763
1690 42 47764
1681 41 47765
454 1668 47766
1362 606 47767
41 1681 47768
42 1691 47769
799 1608 47770
1690 1344 47771
1344 1690 47772
1690 1344 47773
919 1514 47774
919 1520 47775
474 1339 47776
1344 1690 47777
1344 1690 47778
1690 1344 47779
1316 1039 47780
1253 1408 47781
389 1688 47782
234 1231 47783
919 1598 47784
234 53 47785
812 1644 47786
1190 393 47787
713 1373 47788
713 1158 47789
713 41 47790
257 135 47791
1189 1282 47792
1189 523 47793
1657 300 47794
9 1580 47795
9 1313 47796
191 1060 47797
1402 1185 47798
393 1190 47799
1402 1619 47800
1402 1539 47801
1402 1539 47802
1402 1681 47803
249 1692 47804
708 281 47805
1029 41 47806
176 1565 47807
1272 1253 47808
1403 1313 47809
1253 1272 47810
1272 1253 47811
281 708 47812
1248 131 47813
199 63 47814
199 63 47815
1237 1029 47816
1413 199 47817
317 307 47818
429 1568 47819
1680 1256 47820
474 520 47821
859 547 47822
949 1472 47823
199 1255 47824
547 859 47825
1312 1344 47826
871 592 47827
41 1029 47828
1326 713 47829
1326 713 47830
1029 1237 47831
1029 41 47832
1255 199 47833
1189 429 47834
249 194 47835
249 621 47836
468 1585 47837
708 281 47837
810 1365 47838
41 1029 47839
249 1255 47840
1158 1072 47841
1158 713 47842
1158 542 47843
52 1237 47844
143 201 47845
544 342 47846
52 1185 47847
1332 520 47848
53 234 47849
1313 1387 47850
1313 1387 47851
281 708 47852
1313 1403 47853
1313 9 47854
1623 1644 47855
1623 1644 47856
1383 1636 47857
1383 1636 47858
1344 1312 47859
621 249 47860
1312 1344 47861
1387 1313 47862
1387 1313 47863
41 919 47864
474 400 47865
1111 393 47866
593 1619 47867
1648 719 47868
1313 1387 47869
701 858 47870
1313 1387 47871
9 1313 47872
1346 1314 47873
1313 9 47874
1029 41 47875
9 1313 47876
41 1029 47877
199 1255 47878
199 1413 47879
199 1582 47880
440 1384 47881
440 1384 47882
440 1384 47883
440 1384 47884
440 1384 47885
620 701 47886
768 1280 47887
768 593 47888
1373 713 47889
161 1673 47890
713 1326 47891
713 1326 47892
1373 621 47893
713 1373 47894
1644 1623 47895
1373 713 47896
249 621 47897
1644 949 47898
1648 949 47899
249 1504 47900
779 128 47901
1555 400 47902
779 744 47903
1555 257 47904
249 1648 47905
1623 1644 47906
393 1111 47907
1540 376 47908
1282 1189 47909
1060 199 47910
429 1189 47911
1060 1187 47912
1060 191 47913
394 429 47914
429 394 47915
621 1373 47916
1540 47 47917
621 249 47918
1647 1608 47919
1647 621 47920
277 687 47921
277 1688 47922
249 621 47923
1647 193 47924
621 1647 47925
1189 1282 47926
621 249 47927
1189 429 47928
1647 621 47929
621 1647 47930
84 1647 47931
1647 621 47932
1647 84 47933
1647 84 47934
1647 498 47935
1280 768 47936
878 1647 47937
84 1647 47938
1668 454 47939
1190 393 47940
249 621 47941
1190 62 47942
249 1540 47943
1190 393 47944
220 1686 47945
768 1280 47946
193 1647 47947
84 451 47948
84 451 47949
84 451 47950
84 1211 47951
84 1211 47952
361 638 47953
393 1190 47954
1072 1158 47955
84 901 47956
84 523 47957
249 44 47958
686 1676 47959
686 621 47960
242 429 47961
495 1332 47962
495 172 47963
1520 919 47964
1485 1367 47965
621 1647 47966
878 1426 47967
474 242 47968
454 1668 47969
1403 1313 47970
518 1580 47971
1513 1520 47972
242 474 47973
1158 1072 47974
1255 249 47975
1565 176 47976
249 1255 47977
42 1255 47978
1255 42 47979
42 1255 47980
919 1520 47981
1255 42 47982
1136 234 47983
42 1255 47984
1136 781 47985
1136 1052 47986
189 1641 47987
1668 454 47988
189 708 47989
357 1426 47990
1136 41 47991
679 1281 47992
429 1189 47993
679 1281 47994
429 242 47995
1493 372 47996
357 1554 47997
1189 429 47998
1281 679 47999
1554 357 48000
679 1281 48001
429 1289 48002
357 1554 48003
1554 357 48004
357 1554 48005
357 135 48006
357 429 48007
1554 357 48008
357 1554 48009
281 1281 48010
357 1554 48011
1668 912 48012
912 1668 48013
1554 357 48014
1554 357 48015
357 1554 48016
357 973 48017
1554 357 48018
706 1383 48019
357 1554 48020
357 1554 48021
973 357 48022
1554 357 48023
1554 357 48024
357 973 48025
357 1554 48026
176 1565 48027
973 357 48028
41 1136 48029
357 1554 48030
1554 357 48031
1554 357 48032
357 1546 48033
357 1554 48034
544 797 48035
357 1015 48036
1554 357 48037
357 475 48038
357 1554 48039
1554 357 48040
708 281 48041
708 189 48042
357 1554 48043
357 708 48044
1290 1677 48045
1383 706 48046
281 708 48047
338 475 48048
1554 357 48049
1312 1013 48050
257 1555 48051
398 1013 48052
234 1136 48053
398 337 48054
234 1312 48055
1312 234 48056
104 713 48057
1540 249 48058
1676 686 48059
1540 372 48060
234 1312 48061
1540 714 48062
686 1676 48063
1312 234 48064
1676 686 48065
234 1312 48066
1269 523 48067
475 357 48068
415 997 48069
1657 1316 48070
1316 1657 48071
1657 1316 48072
1657 1641 48073
686 1676 48074
41 1554 48075
1676 686 48076
799 1475 48077
686 1676 48078
128 1189 48079
1013 1312 48080
1676 686 48081
128 779 48082
1013 398 48083
1540 440 48084
1554 41 48085
440 1540 48086
1676 686 48087
1676 686 48088
1540 440 48089
1546 193 48090
949 1644 48091
949 1648 48092
1346 48 48093
1280 768 48094
1522 1616 48095
781 1136 48096
1185 52 48097
415 841 48098
1540 1283 48099
321 392 48100
1438 639 48101
779 128 48102
272 1253 48103
1248 1676 48104
41 1554 48105
469 463 48106
48 1346 48107
48 1624 48108
1624 48 48109
48 1624 48110
48 1248 48111
1624 48 48112
234 309 48113
234 708 48114
234 708 48115
234 708 48116
1029 41 48117
1185 528 48118
1227 1039 48119
462 1638 48120
462 713 48121
797 544 48122
542 1158 48123
357 1363 48124
1248 48 48125
1136 41 48126
249 1540 48127
1136 234 48128
1136 781 48129
1608 1647 48130
1434 1669 48131
1434 174 48132
144 1500 48133
1434 1601 48134
193 1546 48135
768 1280 48136
398 1013 48137
1502 1693 48138
249 1568 48139
1231 1254 48140
1039 1227 48141
1039 1598 48142
1408 1253 48143
1231 1667 48144
1039 1632 48145
1039 342 48146
337 398 48147
1573 728 48148
1013 398 48149
768 801 48150
367 1540 48151
249 1130 48152
1413 1668 48153
1413 1668 48154
523 1269 48155
1413 800 48156
53 1585 48157
708 281 48158
1346 48 48159
1312 1013 48160
1546 193 48161
1253 272 48162
1346 1314 48163
1314 1346 48164
1314 1346 48165
883 278 48166
1346 1314 48167
161 162 48168
1346 1314 48169
781 1136 48170
1601 1666 48171
162 161 48172
1669 1434 48173
400 1555 48174
41 1136 48175
400 1681 48176
41 1029 48177
400 474 48178
249 44 48179
400 1255 48180
3 36 48181
3 44 48182
1508 1580 48183
454 1668 48184
281 708 48185
1644 949 48186
400 601 48187
1644 1304 48188
1190 393 48189
1304 1644 48190
1644 1304 48191
1304 1644 48192
768 408 48193
32 1692 48194
768 1280 48195
398 337 48196
1255 400 48197
398 1013 48198
27 620 48199
1255 1694 48200
176 1565 48201
1668 454 48202
393 1190 48203
278 883 48204
249 1304 48205
1304 249 48206
249 1304 48207
1304 249 48208
249 1304 48209
249 1304 48210
1281 281 48211
1281 679 48212
249 96 48213
41 1423 48214
1516 393 48215
281 1281 48216
249 502 48217
1644 1304 48218
537 777 48219
249 598 48220
1520 1513 48221
249 919 48222
1520 919 48223
53 1667 48224
361 1026 48225
474 400 48226
1540 367 48227
1283 1540 48228
1540 249 48229
1540 1283 48230
249 1540 48231
249 1181 48232
1227 1039 48233
1270 710 48234
1540 249 48235
537 1522 48236
1623 711 48237
309 234 48238
1270 537 48239
537 1270 48240
537 1228 48241
1540 50 48242
711 1623 48243
1667 53 48244
1228 537 48245
249 1540 48246
1228 537 48247
537 1228 48248
537 1228 48249
1540 249 48250
249 1540 48251
1585 1413 48252
1540 249 48253
1413 1585 48254
919 249 48255
1540 810 48256
249 1540 48257
1585 1568 48258
234 1136 48259
1568 249 48260
801 768 48261
1540 249 48262
1568 1255 48263
249 1568 48264
679 1281 48265
249 1540 48266
1540 249 48267
1568 249 48268
1568 1585 48269
1368 1585 48270
1568 1585 48271
249 1568 48272
249 1540 48273
1568 249 48274
249 1568 48275
249 1568 48276
1332 495 48277
1568 249 48278
1585 1368 48279
249 1568 48280
53 1667 48281
249 1402 48282
50 1540 48283
234 309 48284
495 1332 48285
1540 50 48286
1540 1695 48287
361 1402 48288
361 1402 48289
361 1402 48290
361 1402 48291
546 1644 48292
1540 856 48293
361 1056 48294
361 1056 48295
1540 518 48296
361 1056 48297
297 337 48298
361 913 48299
361 460 48300
1270 537 48301
249 474 48302
1255 1568 48303
361 788 48304
1281 281 48305
1281 679 48306
361 311 48307
361 773 48308
1283 1540 48309
1283 593 48310
1568 1255 48311
822 700 48312
1540 1283 48313
1644 546 48314
1623 711 48315
509 1255 48316
44 249 48317
44 3 48318
249 44 48319
544 797 48320
518 1540 48321
1667 53 48322
281 1281 48323
810 1540 48324
1601 1231 48325
1619 593 48326
1231 1601 48327
1013 1696 48328
12 1387 48329
12 1121 48330
249 928 48331
1121 142 48332
42 950 48333
1121 797 48334
1601 1231 48335
36 3 48336
1601 1231 48337
1231 1601 48338
249 1619 48338
1231 1601 48339
249 734 48340
1601 1690 48341
1601 1690 48342
1387 12 48343
1 36 48344
1387 1313 48345
1 36 48346
1255 1568 48347
1255 509 48348
1601 394 48349
1281 281 48350
1565 176 48351
1619 1629 48352
367 1540 48353
1237 52 48354
1237 1029 48355
176 1565 48356
53 1667 48357
679 1281 48358
1619 1402 48359
1667 53 48360
1619 249 48361
193 144 48362
474 249 48363
474 1644 48364
654 620 48365
734 249 48366
734 605 48367
605 734 48368
1423 41 48369
454 1668 48370
144 193 48371
1667 734 48372
1668 454 48373
1667 605 48374
1565 176 48375
734 1667 48376
1681 400 48377
281 1281 48378
1667 605 48379
1667 734 48380
176 1565 48381
973 1697 48382
193 144 48383
734 1667 48384
1667 734 48385
734 1667 48386
1667 734 48387
1565 176 48388
176 1565 48389
1667 544 48390
44 249 48391
1335 1694 48392
1565 176 48393
176 1565 48394
1690 1601 48395
605 1667 48396
708 281 48397
546 1644 48398
1690 1601 48399
1359 1255 48400
1359 1694 48401
841 415 48402
1285 1342 48403
1667 605 48404
605 1667 48405
1667 605 48406
1285 1217 48407
281 708 48408
1217 1285 48409
1285 1217 48410
617 1667 48411
617 431 48412
1667 617 48413
302 1698 48414
1079 1078 48415
176 1565 48416
617 1667 48417
1624 1626 48418
3 44 48419
3 36 48420
1285 176 48421
1079 1078 48422
176 1285 48423
1285 544 48424
1667 617 48425
549 325 48426
1285 176 48427
176 1285 48428
546 544 48429
1565 176 48430
249 1619 48431
249 734 48432
176 1565 48433
249 44 48434
1285 617 48435
214 1598 48436
1136 781 48437
1136 41 48438
617 1285 48439
1136 234 48440
617 1667 48441
1285 617 48442
415 841 48443
1285 1565 48444
617 1285 48445
1285 389 48446
1413 549 48447
249 389 48448
389 1285 48449
389 249 48450
1667 617 48451
249 389 48452
389 249 48453
1667 447 48454
249 447 48455
389 361 48456
249 389 48457
1285 52 48458
1285 389 48459
1285 1365 48460
298 518 48461
1365 810 48462
1365 1285 48463
1326 713 48464
1285 27 48465
1313 1387 48466
1285 1365 48467
1520 716 48468
1520 716 48469
1285 1021 48470
12 1387 48471
1413 389 48472
544 1285 48473
27 1285 48474
1285 1313 48475
389 1413 48476
1285 544 48477
1255 1359 48478
544 1285 48479
1285 27 48480
1285 544 48481
1644 474 48482
1313 1285 48483
1285 3 48484
3 1285 48485
544 1285 48486
3 1285 48487
1285 3 48488
3 1285 48489
1343 276 48490
41 1423 48491
41 1136 48492
1285 1313 48493
1285 544 48494
1285 3 48495
544 1285 48496
234 1255 48497
502 249 48498
1285 544 48499
1644 546 48499
544 1285 48500
1313 1285 48501
1285 544 48502
1255 234 48503
1285 1313 48504
544 1285 48505
3 1285 48506
1413 544 48507
1313 1285 48508
544 1413 48509
1285 3 48510
27 1285 48511
766 252 48512
1540 367 48513
1285 1313 48514
234 1255 48515
598 303 48516
1285 27 48517
161 162 48518
1343 193 48519
118 193 48520
193 1343 48521
193 118 48522
118 193 48523
1255 234 48524
1285 544 48525
1313 1285 48526
1343 193 48527
160 598 48528
193 1343 48529
1522 537 48530
878 766 48531
1285 1313 48532
1522 1580 48533
605 617 48534
1285 1313 48535
361 389 48536
1313 1285 48537
234 1255 48538
1601 1690 48539
303 598 48540
342 1039 48541
1285 1313 48542
1234 1254 48543
1285 1313 48544
281 1 48545
1285 1413 48546
249 502 48547
36 1 48548
1313 1285 48549
36 3 48550
3 36 48551
174 1434 48552
1252 1616 48553
338 63 48554
1343 193 48555
886 768 48556
1598 214 48557
1598 1039 48558
272 1253 48559
1598 919 48560
1598 1655 48561
1598 1344 48562
1598 1487 48563
1598 1522 48564
1598 1548 48565
1565 1285 48566
1598 768 48567
620 27 48568
1413 544 48569
1598 27 48570
1598 632 48571
1598 1582 48572
1598 429 48573
1285 1565 48574
174 1434 48575
544 1413 48576
389 361 48577
1487 42 48578
1487 1598 48579
1413 544 48580
447 249 48581
447 1667 48582
1690 1601 48583
552 1413 48584
447 1285 48585
1280 768 48586
1227 1039 48587
193 1343 48588
711 1623 48589
1343 193 48590
1487 679 48591
193 1343 48592
400 1255 48593
1343 193 48594
1413 552 48595
193 1343 48596
1413 552 48597
1343 193 48598
1667 447 48599
193 1343 48600
1343 193 48601
400 1681 48602
400 474 48603
1072 1158 48604
193 1343 48605
1676 686 48606
400 502 48607
400 502 48608
400 536 48609
400 1343 48610
193 394 48611
1343 193 48612
1343 400 48613
768 1598 48614
1033 1281 48615
1033 1355 48616
1285 447 48617
193 1343 48618
1343 193 48619
810 1365 48620
552 1413 48621
60 1130 48622
1269 523 48623
400 1343 48624
507 1313 48625
1343 400 48626
48 1346 48627
1413 552 48628
552 1413 48629
1413 552 48630
1657 144 48631
1657 1565 48632
552 1413 48633
1281 1283 48634
1158 1072 48635
1305 1103 48636
1189 1015 48637
1281 281 48638
325 549 48639
687 277 48640
687 1440 48641
474 1644 48642
474 400 48643
42 995 48644
42 474 48645
474 42 48646
42 474 48647
42 1622 48648
474 42 48649
797 544 48650
708 281 48651
1440 687 48652
544 797 48653
193 1343 48654
966 52 48655
281 1281 48656
509 1255 48657
509 1603 48658
249 447 48659
249 1426 48660
1675 201 48661
447 1667 48662
447 249 48663
1548 1598 48664
1 281 48665
1 36 48666
1 36 48667
1 36 48668
797 544 48669
1 36 48670
1 36 48671
1667 447 48672
1426 249 48673
1426 1699 48674
239 1328 48675
1623 711 48676
1426 1066 48677
1629 1619 48678
1 36 48679
1356 1509 48680
710 1270 48681
1281 281 48682
1356 135 48683
950 42 48684
431 617 48685
281 1281 48686
281 708 48687
494 389 48688
708 281 48689
249 447 48690
249 1629 48691
199 544 48692
1629 249 48693
249 1629 48694
1629 249 48695
1493 1113 48696
249 1629 48697
1629 249 48698
447 249 48699
249 1629 48700
249 447 48701
447 249 48702
1629 249 48703
679 1487 48704
1387 12 48705
1387 1313 48706
711 1623 48707
503 605 48708
1270 710 48709
1365 1285 48710
277 687 48711
27 1285 48712
768 1280 48713
1365 810 48714
12 1387 48715
27 620 48716
1488 518 48717
1644 474 48718
1431 1676 48719
1113 990 48720
1647 878 48721
990 1113 48722
1647 193 48723
1647 621 48724
1647 1608 48725
1647 9 48726
1113 990 48727
1694 1335 48728
1694 1359 48729
1647 1516 48730
1694 1255 48731
1647 32 48732
389 494 48733
193 1647 48734
249 447 48735
1647 193 48736
1647 1113 48737
1657 1647 48738
990 1113 48739
1657 1346 48740
1540 193 48741
544 797 48742
1647 1440 48743
249 1647 48744
593 1619 48744
1647 1657 48745
1540 810 48746
1647 249 48747
193 1647 48748
1540 810 48749
1647 193 48750
193 1540 48751
593 1283 48752
1540 193 48753
1313 1387 48754
249 1647 48755
1440 1647 48756
1565 1657 48757
1113 1647 48758
1647 249 48759
1647 1113 48760
1647 193 48761
1113 1647 48762
1540 1373 48763
249 1647 48764
447 249 48765
1657 1565 48766
281 708 48767
193 1647 48768
1255 234 48769
1255 400 48770
1255 509 48771
1285 27 48772
1285 1365 48773
249 447 48774
249 447 48775
1647 1113 48776
1647 249 48777
1647 193 48778
447 249 48779
367 1540 48780
1313 1403 48781
617 431 48782
1434 1669 48783
1434 174 48784
1434 174 48785
249 1647 48786
249 447 48787
713 1326 48788
713 462 48789
447 249 48790
52 1285 48791
52 966 48792
454 1668 48793
249 447 48794
1328 239 48795
504 1339 48796
621 1647 48797
447 249 48798
1598 400 48799
1598 52 48800
249 447 48801
1598 357 48802
708 281 48803
447 249 48804
1619 1629 48805
1619 249 48806
249 447 48807
249 1619 48808
1619 249 48809
1619 249 48810
800 1413 48811
249 1619 48812
249 1619 48813
447 249 48814
249 447 48815
710 1270 48816
447 249 48817
281 708 48818
249 447 48819
447 249 48820
249 447 48821
686 1676 48822
447 249 48823
1619 802 48824
1619 802 48825
249 447 48826
249 1359 48827
447 249 48828
249 1118 48829
249 447 48830
27 1285 48831
393 1686 48832
1468 1235 48833
1468 1554 48834
1113 1468 48835
1113 815 48836
1468 1113 48837
36 3 48838
36 1 48839
768 1444 48840
1113 1468 48841
1280 768 48842
708 281 48843
174 1434 48844
32 1647 48845
1403 1313 48846
281 708 48847
615 598 48848
357 1598 48849
1285 52 48850
1285 52 48851
281 252 48852
1285 27 48853
9 1647 48854
463 469 48855
463 482 48856
463 361 48857
606 128 48858
482 463 48859
357 1624 48860
1540 1168 48861
357 809 48862
809 357 48863
357 809 48864
357 1616 48865
809 357 48866
1623 711 48867
357 809 48868
357 1248 48869
1616 812 48870
357 53 48871
357 1244 48872
1616 1173 48873
357 1217 48874
1616 1601 48875
1686 393 48876
1168 1540 48877
1281 281 48878
1173 1616 48879
1624 357 48880
105 1648 48881
281 1281 48882
357 1624 48883
1039 1227 48884
1039 1598 48885
1118 249 48886
128 606 48887
1616 1173 48888
1616 768 48889
1173 1616 48890
1601 1616 48891
1601 1616 48892
1608 1647 48893
1700 1362 48894
1700 768 48895
768 1616 48896
768 1700 48897
1700 768 48898
768 1700 48899
1700 768 48900
53 357 48901
307 317 48902
361 389 48903
361 463 48904
973 1697 48905
357 1701 48906
209 1701 48907
1185 607 48908
300 1702 48909
341 1056 48910
341 1056 48911
341 1056 48912
546 1348 48913
1183 1703 48914
52 1701 48915
337 1598 48916
1704 1598 48917
1328 239 48918
783 1705 48919
249 1598 48920
400 1598 48921
249 1706 48922
9 1701 48923
9 1706 48924
9 1682 48925
1543 1467 48926
1551 1636 48927
1520 449 48928
840 1077 48929
1393 1427 48930
191 765 48931
19 1645 48932
19 1645 48933
1468 1427 48934
1468 1427 48935
252 766 48936
485 1421 48937
309 1467 48938
1343 1707 48939
654 297 48940
193 1412 48941
1601 1412 48942
234 1412 48943
1601 1636 48944
249 1708 48945
249 1701 48946
1142 1709 48947
32 1710 48948
810 1412 48949
95 773 48950
144 1557 48951
799 1557 48952
967 1557 48953
1513 460 48954
1513 460 48955
799 733 48956
3 1711 48957
3 2 48957
3 1501 48958
3 754 48958
536 733 48959
1339 1296 48960
124 802 48961
1712 1466 48962
959 958 48963
1284 733 48964
95 1385 48965
95 1419 48966
191 1421 48967
1509 1566 48968
1509 1566 48969
1655 1598 48970
1543 297 48971
32 1655 48972
1343 1071 48973
1343 1071 48974
95 707 48975
95 607 48976
878 1426 48977
95 862 48978
48 1655 48979
1255 1071 48980
225 1426 48981
1713 1714 48982
1713 1573 48983
1406 1715 48984
1332 311 48985
32 311 48986
621 824 48987
644 311 48988
1716 1308 48989
147 1505 48990
1716 69 48991
361 311 48992
809 1071 48993
1717 192 48994
249 1718 48995
1717 1507 48996
983 985 48997
214 286 48998
214 512 48999
1716 1689 49000
1716 1689 49001
276 1683 49002
124 1622 49003
124 463 49004
19 1715 49005
32 1053 49006
1013 1701 49007
1489 1588 49008
1500 144 49009
1346 1314 49010
429 1190 49011
429 191 49012
809 847 49013
95 561 49014
95 626 49015
95 1118 49016
361 1255 49017
95 447 49018
95 1578 49019
1314 1346 49020
1543 1715 49021
1543 1715 49022
1543 1719 49023
561 95 49024
1543 525 49025
1543 502 49026
1543 969 49027
1408 1720 49028
1543 852 49029
1190 393 49030
1431 431 49031
1190 1111 49032
1543 1280 49033
1543 809 49034
1543 1312 49035
1543 1565 49036
727 710 49037
1190 393 49038
1313 1285 49039
538 361 49040
191 429 49041
1644 214 49042
1644 124 49043
312 1 49044
847 809 49045
393 1190 49046
214 1644 49047
969 1543 49048
620 1644 49049
32 1042 49050
431 1431 49051
1362 799 49052
431 1295 49053
799 1362 49054
1295 431 49055
1713 525 49056
1713 525 49057
1713 561 49058
1713 1565 49059
1713 1463 49060
1463 1713 49061
1713 1463 49062
1463 1713 49063
1713 1463 49064
1463 1713 49065
1713 1463 49066
1463 308 49067
342 1362 49068
809 1543 49069
1118 95 49070
1713 809 49071
1713 282 49072
809 1713 49073
1713 809 49074
193 393 49075
1713 70 49076
70 1713 49077
282 1713 49078
1713 282 49079
1 312 49080
3 105 49081
3 1154 49081
3 1183 49081
3 1208 49081
3 1288 49081
3 1373 49081
3 155 49081
3 234 49081
3 32 49081
3 504 49081
3 509 49081
3 611 49081
3 641 49081
3 778 49081
3 790 49081
3 800 49081
3 824 49081
1644 620 49082
1644 214 49083
1713 277 49084
1713 282 49085
1713 85 49086
1713 1652 49087
124 1644 49088
447 95 49089
634 852 49090
1346 1314 49091
1713 1346 49092
67 1042 49093
1346 1713 49094
1346 1713 49095
1111 1190 49096
8 346 49097
1393 1225 49098
783 242 49099
1285 1313 49100
525 1713 49101
277 1713 49102
277 1688 49103
639 1713 49104
768 1280 49105
1565 1543 49106
1565 124 49107
1565 1713 49108
1231 1713 49109
1231 1667 49110
474 400 49111
474 1339 49112
474 249 49113
242 783 49114
783 242 49115
1721 61 49116
1688 1647 49117
346 8 49118
214 1644 49119
1688 277 49120
1522 1618 49121
1522 537 49122
1255 124 49123
214 525 49124
525 1543 49125
525 214 49126
214 525 49127
525 214 49128
214 525 49129
1713 525 49130
1713 1346 49131
525 214 49132
525 1713 49133
214 525 49134
1713 525 49135
525 1713 49136
1346 1713 49137
1713 1346 49138
1346 1713 49139
525 214 49140
1346 1314 49141
1713 1346 49142
1713 1346 49143
537 1522 49144
1644 214 49145
1644 124 49146
1346 1713 49147
561 1713 49148
711 642 49149
1713 1231 49150
1713 561 49151
1713 378 49152
1713 1346 49153
1713 1231 49154
1238 249 49155
1554 1468 49156
1713 1585 49157
1585 1713 49158
1627 1136 49159
1713 1585 49160
950 353 49161
1713 1554 49162
1554 1713 49163
1713 1554 49164
1554 1713 49165
1713 1554 49166
1713 652 49167
1644 1329 49168
1720 1408 49169
1346 1713 49170
249 474 49171
1238 95 49172
727 822 49172
249 1238 49173
1713 1346 49174
642 711 49174
1346 1713 49175
1346 296 49176
1713 1346 49177
1346 1713 49178
1713 1346 49179
296 1346 49180
1346 1713 49181
353 950 49182
353 1722 49183
1346 296 49184
1346 1713 49185
1713 1346 49186
1346 1688 49187
1346 1713 49188
1713 1346 49189
1158 1072 49190
1346 642 49191
431 1295 49192
431 1346 49193
1688 1346 49194
1346 431 49195
1346 1688 49196
1688 1346 49197
8 346 49198
652 1713 49199
1346 1688 49200
378 1713 49201
1280 1543 49202
1688 1346 49203
1072 1158 49204
1713 1072 49205
950 353 49206
1072 1713 49207
1713 1072 49208
1072 1713 49209
1713 1072 49210
1072 1713 49211
1713 1072 49212
1280 768 49213
249 843 49214
249 63 49215
249 1136 49216
249 1244 49217
249 1565 49218
652 598 49219
482 454 49220
263 308 49221
809 847 49222
1215 1713 49223
711 642 49224
711 547 49225
547 711 49226
711 547 49227
547 711 49228
711 547 49229
547 711 49230
711 547 49231
1675 32 49232
214 1644 49233
454 482 49234
1136 249 49235
1543 1565 49236
1543 1280 49237
1543 525 49238
277 1688 49239
105 1281 49240
1190 1723 49241
1339 474 49242
1314 1346 49243
644 719 49244
1713 1072 49245
1713 525 49246
1713 1624 49247
67 32 49248
1624 1713 49249
525 1713 49250
1713 1624 49251
1713 525 49252
1713 1215 49253
525 1713 49254
1713 525 49255
525 1713 49256
1713 525 49257
525 1713 49258
525 1713 49259
32 67 49260
32 1675 49261
1060 249 49262
63 249 49263
1713 63 49264
1346 1314 49265
474 249 49266
1713 1346 49267
1713 1231 49268
1713 638 49269
1231 1713 49270
1713 1231 49271
1231 1713 49272
1713 1231 49273
1231 1713 49274
1713 1231 49275
1231 1713 49276
1713 1231 49277
312 1 49278
1713 1231 49279
1244 249 49280
1717 784 49281
1713 1724 49282
1068 674 49283
1543 1724 49284
1667 1231 49285
1717 353 49286
1717 908 49287
1647 1688 49288
1624 1713 49289
1713 1624 49290
768 1280 49291
1346 1713 49292
1713 1346 49293
1346 1713 49294
1713 1346 49295
1346 1713 49296
1713 1346 49297
1346 1713 49298
1713 1346 49299
1713 378 49300
1346 1713 49301
1713 1346 49302
1713 1346 49303
447 395 49304
1285 27 49305
561 1713 49306
1543 1485 49307
27 1285 49308
124 1565 49309
124 1255 49310
1713 44 49311
124 1644 49312
44 1713 49313
1713 44 49314
44 1713 49315
1713 44 49316
1713 277 49317
1624 1713 49318
1642 822 49319
1255 124 49320
1713 1181 49321
1713 1181 49322
175 224 49323
1231 1713 49324
1231 1667 49325
525 1543 49326
431 1346 49327
1688 1647 49328
1667 1231 49329
1688 277 49330
1329 1644 49331
1231 1667 49332
85 1713 49333
61 1721 49334
249 1136 49335
249 474 49336
249 1244 49337
557 152 49338
249 1402 49339
1644 1329 49340
1346 431 49341
1231 1605 49342
799 302 49343
1255 1231 49344
674 1068 49345
429 191 49346
1713 379 49347
1713 1554 49348
1713 1554 49349
598 652 49350
1136 249 49351
1713 757 49352
27 652 49353
1285 27 49354
1713 598 49355
474 249 49356
1725 1072 49357
1713 1346 49358
1713 1387 49359
1387 557 49360
1387 95 49361
1387 1285 49362
1387 1535 49363
1387 1285 49364
1387 1713 49365
1408 1720 49366
353 1717 49367
353 950 49368
1408 1624 49369
1343 1342 49370
1712 1726 49371
843 249 49372
1712 1726 49373
249 474 49374
249 389 49375
1713 282 49376
1713 1648 49377
1713 72 49378
282 1713 49379
1713 282 49380
282 1713 49381
1713 282 49382
282 1713 49383
1713 282 49384
249 63 49385
249 282 49386
1713 282 49387
1346 1314 49388
282 1713 49389
1713 282 49390
282 1713 49391
1346 393 49392
1713 282 49393
1255 42 49394
317 311 49395
314 644 49396
27 1285 49397
644 314 49398
1079 282 49399
1079 27 49400
1253 644 49401
1079 27 49402
1130 214 49403
1079 27 49404
1253 673 49405
1713 1130 49406
312 644 49407
124 1255 49408
1579 42 49409
27 1079 49410
1158 1072 49411
72 1713 49412
431 1346 49413
1255 124 49414
1535 1387 49415
1535 1339 49416
1723 1190 49417
1535 644 49418
1606 843 49419
1346 431 49420
1725 898 49421
1543 173 49422
1647 1688 49423
393 1346 49424
1543 1712 49425
1721 61 49426
1346 393 49427
1543 1627 49428
27 620 49429
1647 544 49430
1647 1005 49431
1647 193 49432
1543 525 49433
878 1647 49434
1647 878 49435
302 799 49436
1688 1647 49437
242 783 49438
242 783 49439
1727 995 49440
1727 346 49441
1280 768 49442
1280 1543 49443
783 242 49444
544 1647 49445
1727 1453 49446
1717 353 49447
1713 617 49448
191 429 49449
214 1130 49450
42 1255 49451
42 1579 49452
199 1717 49453
431 1346 49454
950 353 49455
1624 1408 49456
525 1543 49457
652 27 49458
652 1317 49459
620 27 49460
620 1487 49461
242 783 49462
620 1568 49463
525 652 49464
652 525 49465
644 312 49466
8 32 49467
474 249 49468
282 1079 49469
1647 1688 49470
1647 544 49471
1339 474 49472
474 1339 49473
1190 394 49474
1339 474 49475
1415 1142 49476
799 302 49477
644 626 49478
644 626 49479
644 1535 49480
644 1253 49481
644 1568 49482
1190 644 49483
652 1629 49484
644 1190 49485
27 620 49486
27 652 49487
652 27 49488
27 652 49489
652 27 49490
27 652 49491
652 27 49492
27 652 49493
652 27 49494
27 652 49495
652 27 49496
245 615 49497
27 652 49498
233 193 49499
1339 1491 49500
95 447 49501
1346 431 49502
1238 249 49503
95 1238 49504
1238 95 49505
312 644 49506
95 1387 49507
1362 342 49508
95 1238 49509
95 1648 49510
1491 1339 49511
95 561 49512
250 809 49513
95 1260 49514
8 1238 49515
95 713 49516
95 1692 49517
642 1346 49518
1285 1387 49519
1285 1387 49520
1285 27 49521
1339 1491 49522
652 27 49523
1342 1343 49524
249 474 49525
249 1238 49526
1346 642 49527
1042 67 49528
443 341 49529
1042 32 49530
1346 1472 49531
394 1190 49532
1728 644 49533
557 1387 49534
557 152 49535
95 1255 49536
799 1475 49537
95 621 49538
621 95 49539
431 1346 49540
1487 620 49541
1346 431 49542
95 621 49543
557 8 49544
644 1728 49545
557 1346 49546
8 557 49547
561 95 49548
1346 557 49549
557 525 49550
557 8 49551
783 242 49552
557 1346 49553
1346 557 49554
1491 1339 49555
557 1346 49556
1346 557 49557
1346 1314 49558
32 8 49559
557 1346 49560
1346 557 49561
32 1042 49562
32 8 49563
27 1285 49564
1406 1362 49565
8 32 49566
525 557 49567
525 557 49568
160 429 49569
160 1181 49570
160 697 49571
160 1729 49572
1713 1231 49573
1231 1713 49574
1713 1231 49575
1713 1074 49576
1657 1730 49577
1074 1713 49578
1074 516 49579
1231 1713 49580
1285 27 49581
1713 1231 49582
1713 1074 49583
1713 1585 49584
1181 160 49585
1181 1713 49586
1231 1713 49587
856 1176 49588
1713 1231 49589
809 250 49590
1730 1657 49591
329 1510 49592
1343 1342 49593
1688 277 49594
142 144 49595
144 1500 49596
144 142 49597
142 144 49598
142 1575 49599
144 142 49600
142 1575 49601
142 144 49602
615 245 49603
1346 308 49604
142 144 49605
144 142 49606
1346 308 49607
392 1699 49608
142 144 49609
142 1121 49610
144 142 49611
142 144 49612
193 233 49613
474 249 49614
557 525 49615
1713 495 49616
652 27 49617
495 741 49618
495 1213 49619
495 1713 49620
495 1713 49621
27 1285 49622
1713 495 49623
27 652 49624
652 615 49625
249 474 49626
652 27 49627
249 1731 49628
249 1255 49629
27 652 49630
249 495 49631
969 1401 49632
1713 969 49633
652 27 49634
474 249 49635
27 652 49636
132 162 49637
249 474 49638
312 132 49639
652 27 49640
1079 27 49641
1079 27 49642
474 249 49643
969 1713 49644
1713 969 49645
1072 1725 49646
1713 1072 49647
27 1079 49648
27 652 49649
1079 27 49650
652 27 49651
27 652 49652
27 1079 49653
652 27 49654
878 1644 49655
27 652 49656
652 27 49657
652 27 49658
1079 27 49659
27 652 49660
1253 644 49661
1408 1624 49662
27 1079 49663
1406 495 49664
1079 27 49665
652 27 49666
249 474 49667
1406 1190 49668
474 249 49669
27 1079 49670
525 557 49671
249 474 49672
1401 969 49673
27 652 49674
843 1606 49675
518 525 49676
249 843 49677
652 27 49678
843 249 49679
525 518 49680
969 1401 49681
557 525 49682
557 1346 49683
27 652 49684
557 1565 49685
145 1713 49686
1475 799 49687
1255 249 49688
447 95 49689
525 557 49690
1713 1493 49691
1317 652 49692
557 525 49693
525 557 49694
799 1475 49695
557 525 49696
1332 537 49697
242 823 49698
1189 1068 49699
1068 1189 49700
1510 329 49701
132 312 49702
1727 1069 49703
1727 644 49704
1727 638 49705
847 809 49706
431 1346 49707
1 312 49708
1624 1408 49709
456 1624 49710
456 204 49711
456 495 49712
1624 456 49713
1489 249 49714
1489 249 49715
1339 1489 49716
1489 1339 49717
1314 1346 49718
997 415 49719
997 142 49720
1346 1314 49721
1644 878 49722
615 652 49723
1130 1713 49724
537 1332 49725
329 1510 49726
1285 27 49727
176 969 49728
27 1285 49729
768 1280 49730
63 1713 49731
63 249 49732
1543 1546 49733
324 329 49734
105 1727 49735
162 132 49736
1342 1343 49737
249 1489 49738
249 1489 49739
878 1255 49740
626 95 49741
626 644 49742
970 1255 49743
429 191 49744
429 160 49745
710 1562 49746
710 727 49747
1255 878 49748
1255 970 49749
1713 1130 49750
1667 1181 49751
1713 708 49752
1079 27 49753
644 626 49754
1113 1343 49755
1127 713 49756
1343 1113 49757
1113 1343 49758
1343 1113 49759
176 898 49760
176 523 49761
1158 1072 49762
1225 1393 49763
1343 1342 49764
27 1079 49765
970 1255 49766
1113 1343 49767
1181 1667 49768
193 1647 49769
1562 710 49770
1317 652 49771
1713 44 49772
1255 970 49773
525 557 49774
1713 525 49775
525 44 49776
970 1255 49777
191 429 49778
1727 105 49779
483 189 49780
9 282 49781
9 1622 49782
9 1343 49783
9 1731 49784
9 788 49785
9 1313 49786
1362 1406 49787
711 642 49788
1079 27 49789
1343 9 49790
741 495 49791
1667 1181 49792
429 191 49793
1231 1667 49794
1731 9 49795
642 711 49796
19 1130 49797
1732 1556 49798
245 1283 49799
969 176 49800
95 561 49801
1280 768 49802
249 1280 49802
1280 249 49803
249 1280 49804
1280 249 49805
1343 1113 49806
249 1280 49807
176 969 49808
176 1585 49809
249 1585 49810
1647 193 49811
1585 176 49812
249 1343 49813
1647 172 49814
1585 249 49815
176 1585 49816
249 1585 49817
1585 176 49818
249 1021 49819
176 1585 49820
1585 176 49821
1585 1582 49822
176 1585 49823
27 1079 49824
1113 1343 49825
249 1395 49826
1113 1395 49827
1395 249 49828
1395 1113 49829
1113 1395 49830
249 1395 49831
1395 1113 49832
1395 249 49833
249 1395 49834
1395 249 49835
249 1395 49836
1282 1647 49837
1113 1395 49838
249 1353 49839
1282 1647 49840
249 1644 49841
1644 249 49842
525 1713 49843
249 1644 49844
1282 848 49845
1036 792 49846
1644 249 49847
249 1644 49848
1190 393 49849
1644 249 49850
249 1644 49851
1644 249 49852
249 1644 49853
249 783 49854
1255 970 49855
95 447 49856
1079 27 49857
1644 249 49858
249 1644 49859
95 626 49860
1644 249 49861
1181 1667 49862
1556 1732 49863
1568 644 49864
1493 1656 49865
144 1500 49866
1493 1713 49867
1493 1113 49868
249 1644 49869
1644 249 49870
249 1644 49871
652 1317 49872
1644 249 49873
298 323 49874
1018 1644 49875
27 1079 49876
1644 1018 49877
257 42 49878
1408 1624 49879
249 1644 49880
249 1644 49881
1079 27 49882
27 1079 49883
1436 582 49884
193 1647 49885
990 1113 49886
191 429 49887
1072 1158 49888
1072 878 49889
1079 27 49890
783 249 49891
970 1255 49892
970 1641 49893
1118 1542 49894
1624 1408 49895
1624 725 49896
1339 1255 49897
1489 249 49898
1489 249 49899
1313 9 49900
1313 507 49901
1313 1403 49902
1314 1346 49903
27 1079 49904
908 1717 49905
199 1624 49906
1346 1314 49907
1272 1238 49908
1624 199 49909
1667 1181 49910
710 1283 49911
1113 710 49912
1520 1181 49913
1520 63 49914
969 176 49915
1190 394 49916
1113 969 49917
969 1113 49918
1113 969 49919
429 191 49920
710 1113 49921
1113 710 49922
725 1624 49923
1644 249 49924
1624 725 49925
1406 1362 49926
1513 970 49927
176 969 49928
970 1513 49929
1727 361 49930
1727 1183 49931
42 257 49932
42 1255 49933
42 1255 49934
557 525 49935
1255 42 49936
495 1713 49937
495 249 49938
495 1406 49939
495 456 49940
1713 495 49941
495 741 49942
495 1713 49943
1656 1493 49944
1343 249 49945
1343 1113 49946
710 1113 49947
63 1520 49948
710 699 49949
1113 1343 49950
1113 710 49951
1079 27 49952
561 95 49953
249 61 49954
1387 557 49955
1387 1285 49956
1387 1285 49957
1387 95 49958
1343 1113 49959
525 557 49960
525 547 49961
1113 1343 49962
547 525 49963
1111 1190 49964
1713 525 49965
1181 1667 49966
249 1343 49967
249 1489 49968
1713 1181 49969
525 547 49970
525 1713 49971
1713 525 49972
547 525 49973
525 1713 49974
1713 525 49975
525 547 49976
525 1713 49977
1190 1111 49978
1295 431 49979
394 1190 49980
1667 1181 49981
27 1079 49982
1079 27 49983
9 1731 49984
9 1343 49985
1290 1677 49986
431 1295 49987
1130 1713 49988
1713 1130 49989
711 642 49990
249 1644 49991
1713 1312 49992
249 1136 49993
249 819 49994
249 843 49995
1731 9 49996
249 852 49997
249 592 49998
852 249 49999
249 852 50000
318 67 50001
249 475 50002
475 249 50003
249 475 50004
475 249 50005
249 475 50006
475 249 50007
249 475 50008
249 809 50009
809 847 50010
809 249 50011
249 809 50012
475 249 50013
249 475 50014
475 249 50015
1713 1299 50016
1713 1733 50017
249 475 50018
259 1732 50019
582 1436 50020
582 1343 50021
249 152 50022
1434 1679 50023
1434 970 50024
1713 1434 50025
1713 536 50026
1434 1713 50027
1713 1434 50028
249 394 50029
969 176 50030
1434 488 50031
1434 1713 50032
1713 969 50033
1713 409 50034
1317 652 50035
27 1079 50036
620 393 50037
54 1128 50038
1713 282 50039
1548 95 50040
557 708 50041
1548 1713 50042
1548 482 50043
1500 144 50044
1713 1548 50045
1548 1713 50046
1713 1548 50047
1713 495 50048
1395 1113 50049
495 1713 50050
1500 708 50051
557 1387 50052
1548 1713 50053
1493 1656 50054
1338 67 50055
1713 1548 50056
1713 1493 50057
557 525 50058
1713 697 50059
1713 1554 50060
1548 1713 50061
1548 1713 50062
1667 799 50063
1339 1554 50064
1667 799 50065
447 95 50066
1548 878 50067
1667 1548 50068
1667 1548 50069
1667 447 50070
1554 1339 50071
1231 1667 50072
1079 27 50073
1713 1548 50074
1554 1713 50075
1548 1713 50076
1546 1554 50077
1713 1548 50078
1554 1546 50079
984 1231 50080
878 1548 50081
1113 1395 50082
1656 1493 50083
400 1280 50084
1181 1713 50085
1181 1667 50086
372 353 50087
32 1731 50088
1329 1271 50089
42 1255 50090
42 1509 50091
525 557 50092
1231 984 50093
1434 1562 50094
1434 193 50095
1434 81 50096
1434 85 50097
626 644 50098
626 95 50099
61 249 50100
697 214 50101
1342 1343 50102
620 1181 50103
482 1548 50104
1436 582 50105
652 1317 50106
1667 1181 50107
1548 1713 50108
1548 878 50109
329 324 50110
1314 1346 50111
1295 431 50112
1562 1434 50113
1713 1585 50114
1713 1384 50115
1384 440 50116
1384 440 50117
1540 1713 50118
1713 1540 50119
1713 1540 50120
1190 394 50121
1713 893 50122
1713 1244 50123
1713 538 50124
1713 1026 50125
699 710 50126
85 1434 50127
582 1436 50128
1546 1554 50129
1346 1314 50130
547 525 50131
1647 193 50132
1647 1282 50133
1647 1282 50134
1734 346 50135
1183 1727 50136
799 1667 50137
525 547 50138
1713 1730 50139
1713 1234 50140
1713 1346 50141
1280 400 50142
1713 1280 50143
1280 1713 50144
1713 1280 50145
1280 1713 50146
1713 1548 50147
547 525 50148
547 1280 50149
191 429 50150
1280 547 50151
1136 249 50152
547 1280 50153
249 1136 50154
847 809 50155
431 1295 50156
1021 1449 50157
725 1624 50158
1280 547 50159
1434 1562 50160
1434 85 50161
1667 799 50162
547 1280 50163
1472 1656 50164
1472 1346 50165
249 1565 50166
249 523 50167
249 61 50168
249 525 50169
525 547 50170
525 249 50171
1548 1713 50172
249 525 50173
1713 1548 50174
525 249 50175
1629 652 50176
249 525 50177
1713 1629 50178
547 525 50179
525 249 50180
1713 525 50181
525 547 50182
525 1713 50183
1713 525 50184
525 249 50185
525 1713 50186
525 1713 50187
1713 525 50188
525 1713 50189
1713 525 50190
708 557 50191
525 1713 50192
547 525 50193
249 525 50194
708 1500 50195
249 1280 50196
1713 525 50197
1713 249 50198
249 1713 50199
1713 708 50200
1713 1530 50201
1713 1103 50202
1713 817 50203
1393 1225 50204
1713 1436 50205
1436 582 50206
1436 1713 50207
1713 1436 50208
1436 1713 50209
1713 1436 50210
710 1113 50211
710 1373 50212
1436 1713 50213
167 303 50214
1713 1117 50215
1113 710 50216
1436 1735 50217
1436 1734 50218
346 1734 50219
1713 799 50220
312 1728 50221
799 1713 50222
214 697 50223
1113 1436 50224
1713 561 50225
1667 1231 50226
1142 1415 50227
561 1713 50228
1667 30 50229
1667 710 50230
1713 561 50231
1713 710 50232
710 1713 50233
1713 537 50234
1667 983 50235
1713 561 50236
561 1713 50237
1667 983 50238
1713 561 50239
1562 1434 50240
1436 1113 50241
1520 63 50242
969 234 50243
537 1713 50244
1113 1436 50245
561 1713 50246
783 362 50247
1436 1113 50248
1113 1436 50249
362 783 50250
1436 1113 50251
783 362 50252
1667 167 50253
1667 1436 50254
1238 1272 50255
1238 8 50256
277 1688 50257
1415 1142 50258
1280 249 50259
1280 547 50260
63 1520 50261
63 193 50262
1346 1472 50263
1343 9 50264
1343 1113 50265
1343 249 50266
1343 582 50267
1231 1667 50268
1343 1342 50269
1667 1231 50270
1231 1667 50271
1113 1343 50272
1113 1436 50273
447 1667 50274
249 447 50275
1667 447 50276
1679 1434 50277
1493 1656 50278
1713 1493 50279
1493 1713 50280
1713 1493 50281
482 454 50282
1493 1713 50283
1713 1493 50284
1493 1713 50285
393 1190 50286
557 525 50287
1346 1433 50288
652 1629 50289
1158 1072 50290
557 708 50291
1713 1546 50292
809 847 50293
303 167 50294
242 783 50295
242 787 50296
1520 63 50297
85 1434 50298
525 557 50299
1431 431 50300
81 1434 50301
1346 1314 50302
843 249 50303
249 983 50304
1713 1387 50305
1387 1713 50306
1713 1387 50307
249 843 50308
1387 1713 50309
1713 1387 50310
431 1431 50311
249 175 50312
1548 1713 50313
843 249 50314
95 561 50315
843 1237 50316
249 843 50317
249 44 50318
1472 1346 50319
1647 1297 50320
1500 708 50321
1713 1548 50322
1730 1713 50323
249 1730 50324
249 809 50325
809 249 50326
249 809 50327
1548 1713 50328
193 63 50329
847 809 50330
44 249 50331
394 1190 50332
249 44 50333
429 191 50334
582 1343 50335
582 1436 50336
249 582 50337
447 1667 50338
768 1280 50339
1713 1548 50340
249 969 50341
1713 249 50342
1713 809 50343
1713 1730 50344
697 214 50345
1713 697 50346
697 1713 50347
1713 697 50348
1713 1118 50349
249 1713 50350
1713 36 50351
697 1713 50352
224 175 50353
249 32 50354
32 249 50355
32 1488 50356
32 697 50357
847 969 50358
32 312 50359
249 32 50360
32 249 50361
32 1231 50362
249 32 50363
462 713 50364
462 1713 50365
32 249 50366
249 32 50367
32 249 50368
249 32 50369
1237 843 50370
1509 42 50371
1730 249 50372
1730 1713 50373
1713 1730 50374
32 393 50375
1346 1472 50376
1647 482 50377
1736 318 50378
1736 109 50379
249 1730 50380
249 1629 50381
1713 1629 50382
249 1312 50383
249 1111 50384
1111 249 50385
482 1647 50386
249 1111 50387
1111 249 50388
249 1111 50389
249 569 50390
1667 447 50391
249 598 50392
1713 598 50393
741 495 50394
1713 1130 50395
1713 975 50396
975 1713 50397
1713 975 50398
1713 1346 50399
975 1713 50400
249 1546 50401
249 1255 50402
249 1624 50403
249 1665 50404
249 393 50405
393 249 50406
525 32 50407
525 155 50408
1190 394 50409
843 249 50410
843 1237 50411
1730 249 50412
1346 1713 50413
1346 719 50414
969 249 50415
1725 969 50416
969 847 50417
969 1725 50418
969 739 50419
561 95 50420
249 969 50421
155 525 50422
249 1542 50423
249 1485 50424
468 537 50425
32 525 50426
1725 969 50427
249 1673 50428
1713 969 50429
249 378 50430
1713 378 50431
375 167 50432
1231 32 50433
557 843 50434
1130 1713 50435
1624 725 50436
1624 249 50437
447 1667 50438
1713 1029 50439
1118 1713 50440
1713 1118 50441
1118 1713 50442
1733 1713 50443
847 969 50444
1713 1644 50445
1280 768 50446
809 249 50447
809 847 50448
809 1713 50449
167 1409 50450
1431 431 50451
969 1725 50452
249 212 50453
212 249 50454
212 303 50455
525 32 50456
249 212 50457
525 155 50458
430 536 50459
430 194 50460
430 277 50461
430 638 50462
430 69 50463
430 297 50464
430 72 50465
430 323 50466
430 475 50467
430 27 50468
430 44 50469
430 144 50470
430 8 50471
430 175 50472
430 97 50473
430 260 50474
430 220 50475
249 1395 50476
249 997 50477
1713 536 50478
1713 809 50479
1713 1737 50480
1314 1346 50481
1346 1314 50482
615 245 50483
1644 1713 50484
1713 1644 50485
1181 620 50486
1158 1072 50487
431 1431 50488
431 396 50489
1540 48 50490
1540 781 50491
9 1343 50492
9 1731 50493
1540 518 50494
1488 32 50495
809 1713 50496
242 1178 50497
245 615 50498
1713 809 50499
1713 474 50500
1540 1738 50501
32 1488 50502
32 474 50503
1548 1713 50504
1713 1548 50505
72 430 50506
1647 482 50507
1647 714 50508
1644 1713 50509
1713 1644 50510
1713 1647 50511
1647 1713 50512
1738 1540 50513
1713 1647 50514
1343 1113 50515
1343 582 50516
1343 9 50517
1644 1713 50518
1713 1644 50519
1644 1713 50520
1181 620 50521
175 224 50522
620 1181 50523
191 429 50524
191 952 50525
209 1699 50526
394 1190 50527
1713 61 50528
620 1644 50529
1434 81 50530
1434 85 50531
1434 1679 50532
620 27 50533
1434 1312 50534
1434 1562 50535
1434 1312 50536
1540 1738 50537
1181 620 50538
1509 1624 50539
620 1181 50540
342 523 50541
708 1713 50542
708 557 50543
708 1500 50544
1713 1739 50545
1667 1231 50546
233 193 50547
443 32 50548
443 1409 50549
443 42 50550
1142 1415 50551
199 1739 50552
97 726 50553
1562 1434 50554
1739 1713 50555
1739 199 50556
63 193 50557
63 1520 50558
415 997 50559
204 456 50560
32 443 50561
9 1343 50562
809 1713 50563
1406 495 50564
959 699 50565
1713 809 50566
1042 32 50567
1472 1346 50568
843 557 50569
620 1487 50570
858 701 50571
1520 63 50572
283 69 50573
878 783 50574
48 1540 50575
1485 249 50576
249 1485 50577
1346 1472 50578
540 1142 50579
1 312 50580
719 1346 50581
1575 142 50582
249 502 50583
249 1344 50584
1509 1680 50585
249 809 50586
809 1713 50587
809 249 50588
249 809 50589
809 249 50590
249 809 50591
809 249 50592
249 809 50593
249 1244 50594
1244 249 50595
249 561 50596
561 249 50597
163 986 50598
249 561 50599
249 394 50600
9 1338 50601
249 1231 50602
708 281 50603
474 249 50604
482 1647 50605
249 474 50606
249 708 50607
474 249 50608
249 474 50609
415 997 50610
95 1387 50611
214 697 50612
1540 1379 50613
1344 249 50614
249 474 50615
249 1302 50616
67 1338 50617
249 1739 50618
409 1713 50619
1713 409 50620
220 430 50621
474 249 50622
474 1158 50623
1181 620 50624
160 429 50625
160 1181 50626
1021 1069 50627
1732 259 50628
1346 719 50629
249 61 50630
1540 48 50631
1540 47 50632
342 523 50633
1472 1346 50634
249 97 50635
27 430 50636
394 249 50637
249 394 50638
1713 809 50639
308 1346 50640
27 620 50641
1158 474 50642
312 194 50643
1713 525 50644
525 1713 50645
1343 9 50646
1713 525 50647
525 1713 50648
1713 525 50649
525 1713 50649
525 1713 50650
1713 525 50651
1713 525 50652
1190 394 50653
1190 393 50654
1190 1111 50655
697 214 50656
67 697 50657
48 1540 50658
1240 809 50659
474 1158 50660
389 249 50661
1739 249 50662
249 1739 50663
1548 1713 50664
1740 504 50665
249 1136 50666
1647 1713 50667
1647 482 50668
1181 249 50669
1387 95 50670
1387 1713 50671
1713 1548 50672
1713 1647 50673
1346 1472 50674
1713 1346 50675
1408 1624 50676
1026 1713 50677
1026 1716 50678
1346 1713 50679
1713 1346 50680
1713 1026 50681
214 697 50682
1295 431 50683
1713 599 50684
768 1280 50685
249 678 50686
1713 1733 50687
482 1647 50688
52 1698 50689
249 865 50690
249 52 50691
474 32 50692
474 1713 50693
249 44 50694
249 1142 50695
1142 249 50696
249 1142 50697
1231 1738 50698
1231 984 50699
1231 249 50700
1255 1342 50701
1142 540 50702
1142 249 50703
1285 1190 50704
249 1142 50705
249 1280 50706
1285 1644 50707
1285 1387 50708
1280 768 50709
1280 249 50710
1644 1285 50711
1285 27 50712
1644 620 50713
557 708 50714
1142 249 50715
1285 1644 50716
249 1142 50717
1644 1285 50718
557 843 50719
1738 1231 50720
1727 143 50721
843 557 50722
557 1280 50723
843 1237 50724
1644 1285 50725
557 843 50726
1285 1644 50727
1285 1644 50728
494 389 50729
1285 437 50730
708 557 50731
1285 708 50732
1282 1647 50733
708 1285 50734
1285 708 50735
557 1644 50736
557 708 50737
494 389 50738
32 474 50739
9 1343 50740
984 1231 50741
1472 1346 50742
843 557 50743
249 42 50744
377 95 50745
1026 1713 50746
193 233 50747
193 1434 50748
193 393 50749
557 843 50750
249 518 50751
1713 1652 50752
1158 474 50753
598 652 50754
843 557 50755
1673 249 50756
1346 1472 50757
1713 1280 50758
95 1387 50759
1713 1585 50760
1280 1713 50761
1585 1713 50762
1713 1585 50763
1585 1568 50764
1585 1713 50765
1713 1585 50766
1713 462 50767
1585 1713 50768
1713 1585 50769
1713 1665 50770
95 447 50771
726 97 50772
189 483 50773
1717 1739 50774
540 1142 50775
95 626 50776
163 1026 50777
95 561 50778
95 1161 50779
95 960 50780
95 1673 50781
719 1346 50782
95 719 50783
27 1285 50784
1395 249 50785
495 741 50786
495 1406 50787
620 1181 50788
620 27 50789
1346 719 50790
708 557 50791
36 1713 50792
1713 36 50793
27 620 50794
1342 1343 50795
1713 708 50796
1059 713 50797
1142 540 50798
281 708 50799
1231 984 50800
617 1713 50801
1713 617 50802
1713 617 50803
617 1713 50804
1713 617 50805
984 1231 50806
1728 312 50807
1713 561 50808
1728 312 50809
561 95 50810
561 249 50811
561 1713 50812
63 1520 50813
1540 48 50814
1540 1520 50815
1285 27 50816
1285 1313 50817
1509 1285 50818
1285 1509 50819
1688 277 50820
1688 1647 50821
1136 249 50822
48 1540 50823
95 561 50824
249 1395 50825
249 1136 50826
1158 1072 50827
1713 143 50828
143 1727 50829
143 1713 50830
809 1240 50831
1231 984 50832
1540 48 50833
1713 143 50834
1181 620 50835
518 249 50836
124 1255 50837
652 598 50838
652 598 50839
1313 1285 50840
557 708 50841
1346 346 50842
1415 1142 50843
143 1713 50844
1488 32 50845
1727 143 50846
249 1488 50847
249 725 50848
474 32 50849
474 1158 50850
1624 1509 50851
1488 249 50852
249 1488 50853
1624 1408 50854
249 1488 50855
1029 1713 50856
1513 1737 50857
1513 1737 50858
1237 843 50859
1737 219 50860
1737 219 50860
1513 1737 50861
1737 277 50862
1737 1127 50863
1737 1255 50864
144 430 50865
1127 1251 50866
1737 1255 50867
32 1488 50868
1737 1408 50869
1737 1513 50870
1343 9 50871
1737 1157 50872
1737 415 50873
1737 415 50874
1343 1342 50875
1343 1342 50876
249 1343 50877
1737 220 50878
1667 799 50879
1667 144 50880
799 1667 50881
1343 249 50882
561 95 50883
713 884 50884
713 727 50885
1255 124 50886
713 1059 50887
1255 1737 50888
249 1343 50889
249 394 50890
1408 1737 50891
1408 1624 50892
1395 341 50893
1136 249 50894
249 1136 50895
415 1737 50896
1142 1415 50897
1713 143 50898
1406 495 50899
1472 1346 50900
1346 1472 50901
447 95 50902
714 1647 50903
878 537 50904
249 868 50905
1009 1585 50906
1713 1029 50907
537 468 50908
537 878 50909
1009 27 50910
1713 1026 50911
495 1406 50912
595 191 50913
1346 518 50914
878 537 50915
1009 1346 50916
708 281 50917
1009 537 50918
249 708 50919
1346 1009 50920
249 1731 50921
191 595 50922
1332 1545 50923
81 1434 50924
557 843 50925
1562 809 50926
809 1562 50927
1562 809 50928
788 9 50929
788 67 50930
1713 788 50931
1713 938 50932
843 557 50933
1240 809 50934
1632 1039 50935
809 1562 50936
809 1240 50937
27 1009 50938
809 847 50939
792 1036 50940
27 1285 50941
281 708 50942
518 1346 50943
211 525 50944
525 211 50945
211 525 50946
525 211 50947
525 211 50948
812 378 50949
812 378 50950
620 1181 50951
1190 1285 50952
48 1540 50953
518 1339 50954
1415 1142 50955
1346 518 50956
518 1346 50957
518 249 50958
429 191 50959
429 160 50960
67 788 50961
1342 1255 50962
582 861 50963
1255 1342 50964
1342 1255 50965
1255 1342 50966
1059 713 50967
1731 9 50968
1572 1712 50969
1488 249 50970
1488 32 50971
1488 518 50972
1285 1190 50973
1285 27 50974
1713 27 50975
27 1713 50976
1713 27 50977
27 1713 50978
1713 27 50979
27 1713 50980
1069 1727 50981
1069 1717 50982
1713 1342 50983
1255 1231 50984
1406 495 50985
8 430 50986
1343 249 50987
1346 518 50987
1545 1332 50988
1509 1285 50989
1509 1624 50990
249 1343 50991
518 1488 50992
518 1346 50993
1624 1509 50994
191 429 50995
1713 1282 50996
1282 1713 50997
1282 1713 50998
1713 1282 50999
1282 1713 51000
847 809 51001
1343 249 51002
1713 1282 51003
32 1488 51003
1282 1713 51004
1713 1282 51005
1737 415 51006
1282 1713 51007
1737 1513 51008
1737 710 51009
172 639 51010
1713 1282 51011
1282 1713 51012
1713 1282 51013
52 249 51014
1240 809 51015
1231 1255 51016
725 249 51017
557 843 51018
809 1240 51019
809 847 51020
1346 518 51021
67 1665 51022
398 1013 51023
536 1713 51024
536 430 51025
708 281 51026
708 249 51027
201 143 51028
719 1346 51029
1346 719 51030
984 1231 51031
532 536 51032
1667 1579 51033
1667 1346 51034
1737 1494 51035
1737 1639 51036
1727 1069 51037
415 1737 51038
346 1346 51039
249 725 51040
1346 1667 51041
1346 346 51042
1013 398 51043
1280 1287 51044
1287 1280 51045
1036 792 51046
281 708 51047
249 1136 51048
398 447 51049
429 191 51050
1231 984 51051
1500 1346 51052
1713 437 51053
518 1346 51054
249 843 51055
843 557 51056
1255 1231 51057
843 249 51058
249 843 51059
843 249 51060
12 1312 51061
249 843 51062
447 398 51063
557 843 51064
843 557 51065
557 843 51066
843 557 51067
557 843 51068
621 95 51069
984 1231 51070
984 1231 51071
1562 1434 51072
1181 620 51073
843 557 51074
1339 1491 51075
620 1181 51076
1339 1546 51077
1346 1500 51078
1346 518 51079
518 1346 51080
1136 249 51081
394 1190 51082
394 1190 51083
1190 394 51084
727 713 51085
1190 394 51086
1190 394 51087
495 1406 51088
394 1190 51089
1312 12 51090
394 1190 51091
1178 242 51092
27 1285 51093
626 95 51094
1741 783 51095
1342 1713 51096
1741 798 51097
1741 815 51098
211 44 51099
1741 1049 51100
1546 1339 51101
1713 1313 51102
1488 518 51103
1488 32 51104
1190 394 51105
1339 1546 51106
1540 48 51107
1313 1713 51108
768 1280 51109
346 1346 51110
1346 346 51111
346 1346 51112
398 447 51113
1346 346 51114
143 201 51115
12 1312 51116
822 727 51117
12 67 51118
155 525 51119
346 1346 51120
1346 346 51121
346 1346 51122
346 1346 51123
1346 518 51124
1346 346 51125
1240 809 51126
518 1488 51127
1280 768 51128
1231 984 51129
1231 984 51130
1312 12 51131
32 1488 51132
1713 36 51133
201 143 51134
85 1434 51135
249 85 51136
699 959 51137
224 175 51138
36 1713 51139
809 1240 51140
1713 1493 51141
1493 1713 51142
176 1493 51143
1713 1493 51144
557 843 51145
1713 536 51146
1713 1342 51147
1493 176 51148
1493 1713 51149
1713 1313 51150
176 1493 51151
1493 176 51152
176 1493 51153
1713 36 51154
1493 176 51155
176 1493 51156
1493 176 51157
176 1493 51158
1713 1742 51159
1493 176 51160
176 1493 51161
924 768 51162
924 768 51163
1493 176 51164
176 1493 51165
1493 176 51166
176 1493 51167
1493 176 51168
176 1493 51169
1493 176 51170
176 1493 51171
547 1616 51172
1346 367 51173
1181 620 51174
547 143 51175
1713 1742 51176
1713 1313 51177
172 1647 51178
1713 1743 51179
1540 1744 51180
1406 495 51181
711 547 51182
1644 557 51183
249 1238 51184
674 1742 51185
1744 1540 51186
851 312 51187
249 1644 51188
595 191 51189
595 1526 51190
12 1312 51191
1540 1744 51192
1540 1744 51193
843 557 51194
176 1745 51195
1744 1540 51196
1540 1744 51197
1713 1493 51198
1493 1474 51199
1493 1713 51200
1493 1113 51201
1713 1493 51202
1493 1713 51203
1713 1493 51204
1493 1713 51205
557 843 51206
557 843 51207
1113 1493 51208
843 557 51209
1009 27 51210
1746 1021 51211
341 1395 51212
708 281 51213
674 1346 51214
191 429 51215
191 595 51216
1240 809 51217
727 822 51218
1029 1713 51219
783 1741 51220
1644 249 51221
557 843 51222
249 1644 51223
27 1009 51224
1190 394 51225
1313 1713 51226
281 708 51227
44 211 51228
1730 1746 51229
199 1346 51230
1730 1034 51231
1730 1042 51232
1387 95 51233
211 44 51234
211 93 51235
794 1118 51236
794 277 51237
1746 1029 51238
1644 249 51239
1314 1346 51240
1713 1029 51241
1713 1313 51242
447 398 51243
367 1346 51244
1346 367 51245
1434 193 51246
1434 85 51247
1434 81 51248
1434 1562 51249
1346 1314 51250
1343 212 51251
1713 605 51252
605 1713 51253
1713 605 51254
312 851 51255
1713 1346 51256
1346 1713 51257
1713 1346 51258
1346 1713 51259
1713 1346 51260
1346 1713 51261
592 249 51262
592 871 51263
176 1747 51264
176 475 51265
475 176 51266
176 475 51267
475 176 51268
1713 1346 51269
249 1644 51270
249 1489 51271
1346 1713 51272
1713 1346 51273
878 438 51274
1748 384 51275
878 1489 51276
67 1748 51277
398 447 51278
1472 1346 51279
1118 794 51280
1312 12 51281
1346 1713 51282
1312 12 51283
1713 1346 51284
1313 1713 51285
429 191 51286
429 1680 51287
1749 1734 51288
1749 1727 51289
1727 1749 51290
1749 346 51291
1727 353 51292
1667 537 51293
1749 995 51294
1727 471 51295
1667 8 51296
1644 249 51297
537 1009 51298
249 1644 51299
1669 1665 51300
1395 341 51301
537 1667 51302
12 1312 51303
12 1312 51304
739 969 51305
1647 1713 51306
1647 482 51307
1647 1282 51308
1647 1688 51309
249 447 51310
447 398 51311
1647 714 51312
1713 1647 51313
1667 843 51314
447 249 51315
249 1742 51316
843 1667 51317
19 1742 51318
193 1742 51319
1339 1624 51320
346 1749 51321
1749 346 51322
1749 346 51323
1713 175 51324
843 193 51325
557 1644 51326
984 1231 51327
1669 454 51328
1513 1520 51329
1669 437 51330
1520 1540 51331
1520 63 51332
1520 1513 51333
1742 211 51334
1520 1513 51335
1669 1521 51336
1520 912 51337
1513 1520 51338
1520 1513 51339
1513 1520 51340
1520 1513 51341
1513 1520 51342
1513 1520 51343
1513 1520 51344
1520 1513 51345
1520 1513 51346
1669 204 51347
1513 1520 51348
1669 979 51349
1520 1513 51350
1513 1520 51351
1488 518 51352
1029 1746 51353
1520 1513 51354
1669 784 51355
1513 1520 51356
1520 1513 51357
1513 1520 51358
1513 1520 51359
1669 1056 51360
1520 1513 51361
1669 561 51362
1727 97 51363
1669 460 51364
1669 391 51365
1669 1423 51366
191 429 51367
851 312 51368
342 971 51369
1026 1713 51370
1312 12 51371
1312 12 51372
1312 12 51373
1440 288 51374
1624 1339 51375
561 1669 51376
1669 561 51377
367 1346 51378
95 561 51379
95 447 51380
95 621 51381
95 626 51382
95 1387 51383
768 924 51384
1190 1285 51385
768 1280 51386
346 1644 51387
193 843 51388
1540 1520 51389
1540 1669 51390
822 727 51391
822 1642 51392
822 1339 51393
595 191 51394
211 1742 51395
211 93 51396
1713 135 51397
1332 1069 51398
1713 1346 51399
1346 367 51400
1644 249 51401
1644 557 51402
1644 346 51403
398 447 51404
1741 783 51405
233 193 51406
233 1738 51407
233 1013 51408
1713 233 51409
32 72 51410
233 1713 51411
233 810 51412
1713 233 51413
1738 233 51414
233 1738 51415
1332 1545 51416
233 1713 51417
1713 233 51418
93 211 51419
93 36 51420
1346 1472 51421
233 1713 51422
1738 233 51423
233 1738 51424
1738 233 51425
233 1738 51426
1738 233 51427
561 1669 51428
233 1738 51429
1671 438 51430
1738 233 51431
211 93 51432
233 1738 51433
1713 233 51434
561 95 51435
233 1713 51436
1713 561 51437
1713 233 51438
1738 233 51439
431 561 51440
431 85 51441
431 1644 51442
1644 431 51443
233 1738 51444
233 1713 51445
361 1436 51446
1713 233 51447
561 1713 51448
561 431 51449
1713 561 51450
1136 233 51451
1742 211 51452
233 1136 51453
36 93 51454
1669 1540 51455
1669 561 51456
341 1395 51457
783 1741 51458
1387 95 51459
1472 1346 51460
1346 1472 51461
1423 1669 51462
431 1644 51463
431 561 51464
1748 67 51465
1406 1748 51466
1013 233 51467
1748 1406 51468
1748 1406 51469
1667 620 51470
843 193 51471
1406 1748 51472
1748 1406 51473
1406 1748 51474
1406 1744 51475
1285 27 51476
1285 8 51477
1285 1565 51478
1545 1332 51479
1713 1585 51480
447 95 51481
447 398 51482
447 398 51483
1741 783 51484
1724 1713 51485
1724 1543 51486
398 447 51487
1744 1406 51488
1713 1724 51489
1647 1713 51490
1647 1669 51491
1669 1647 51492
1669 1423 51493
1543 1712 51494
1543 1739 51495
1472 1346 51496
1713 1647 51497
1346 1472 51498
8 1285 51499
518 1488 51500
1136 233 51501
12 1312 51502
12 1312 51503
1198 1746 51504
367 1346 51505
211 1742 51506
1644 431 51507
1346 367 51508
1724 1713 51509
1312 12 51510
12 1312 51511
1312 12 51512
12 1312 51513
12 1312 51514
1312 12 51515
1312 12 51516
1338 9 51517
1338 67 51518
1338 341 51519
1742 211 51520
1713 1724 51521
1713 1313 51522
1338 1042 51523
346 1644 51524
1231 984 51525
288 1440 51526
1713 1742 51527
1644 346 51528
233 1676 51529
233 1676 51530
233 1676 51531
233 1136 51532
42 249 51533
1285 8 51534
1712 1572 51535
1713 1563 51536
1132 1285 51537
234 969 51538
1285 1132 51539
1132 1285 51540
1285 1132 51541
1487 620 51542
1132 1285 51543
1487 1520 51544
1285 1132 51545
1724 1713 51546
1132 1285 51547
708 281 51548
1285 1132 51549
32 1132 51550
32 1072 51551
1136 233 51552
969 234 51553
1282 1647 51554
969 847 51555
969 739 51556
346 1644 51557
749 474 51558
557 1644 51559
474 749 51560
431 1644 51561
1339 474 51562
431 1624 51563
601 400 51564
1489 249 51565
9 1343 51566
1489 878 51567
9 788 51568
9 1338 51569
674 1338 51570
674 168 51571
378 812 51572
1624 431 51573
878 1489 51574
1423 1669 51575
561 1713 51576
1750 1338 51577
561 431 51578
447 398 51579
1132 9 51580
1734 1436 51581
454 1669 51582
212 1343 51583
644 1749 51584
1741 277 51585
1280 768 51586
211 36 51587
1741 297 51588
341 1338 51589
1741 1282 51590
1741 475 51591
1741 475 51592
1741 475 51593
1741 475 51594
36 211 51595
431 1624 51596
8 1285 51597
1741 1497 51598
1741 899 51599
431 561 51600
1487 974 51601
1436 1734 51602
1669 454 51603
1669 1423 51604
189 44 51605
1741 537 51606
1669 974 51607
1579 1667 51608
1741 783 51609
1741 783 51610
431 1579 51611
822 727 51612
727 822 51613
822 727 51614
644 8 51615
504 1740 51616
1713 3 51617
3 1190 51617
3 172 51617
3 176 51617
3 199 51617
3 242 51617
3 252 51617
3 26 51617
3 288 51617
3 374 51617
3 475 51617
3 640 51617
3 652 51617
3 1103 51618
3 1110 51618
3 1154 51618
3 1167 51618
3 1185 51618
3 1185 51618
3 1371 51618
3 1662 51618
3 2 51618
3 302 51618
3 308 51618
3 32 51618
3 32 51618
3 498 51618
3 62 51618
3 68 51618
3 72 51618
3 790 51618
3 840 51618
3 846 51618
3 881 51618
3 1117 51619
3 1231 51619
3 1237 51619
3 1281 51619
3 1315 51619
3 1340 51619
3 1340 51619
3 1344 51619
3 1440 51619
3 1620 51619
3 1751 51619
3 224 51619
3 249 51619
3 26 51619
3 408 51619
3 569 51619
3 645 51619
3 697 51619
3 700 51619
3 700 51619
3 740 51619
3 782 51619
3 800 51619
3 810 51619
3 865 51619
3 1127 51620
3 1189 51620
3 1237 51620
3 1270 51620
3 1335 51620
3 1349 51620
3 1352 51620
3 1415 51620
3 2 51620
3 2 51620
3 243 51620
3 249 51620
3 26 51620
3 394 51620
3 477 51620
3 482 51620
3 545 51620
3 569 51620
3 681 51620
3 687 51620
3 711 51620
3 731 51620
3 752 51620
3 794 51620
3 823 51620
3 823 51620
3 1317 51621
3 1412 51621
3 173 51621
3 42 51621
3 933 51621
3 1713 51622
1713 3 51623
3 1713 51624
1713 3 51625
3 1713 51626
1314 1346 51627
1713 1344 51628
1644 431 51629
1644 346 51630
847 969 51631
1624 431 51632
27 1285 51633
1190 394 51634
32 3 51635
67 1338 51636
969 847 51637
1359 1343 51638
1540 1669 51639
8 644 51639
495 1406 51640
431 1644 51641
431 1624 51642
1579 431 51643
1667 1579 51644
1624 431 51645
127 1072 51646
127 233 51647
95 561 51648
127 1724 51649
398 447 51650
127 1050 51651
127 809 51652
127 1021 51653
127 1338 51654
127 1312 51655
127 1198 51656
127 495 51657
319 317 51658
12 1312 51659
9 1132 51660
95 319 51661
1312 12 51662
1312 127 51663
127 1312 51664
319 95 51665
85 1434 51666
211 36 51667
211 1742 51668
95 319 51669
1406 495 51670
1655 1641 51671
36 211 51672
1655 1397 51673
12 1312 51674
1542 249 51675
1344 1713 51676
9 1752 51677
1749 644 51678
644 8 51679
1127 1203 51680
1647 1669 51681
1647 1713 51682
1647 1282 51683
1647 1132 51684
1647 724 51685
1667 969 51686
8 644 51687
1282 1647 51688
969 172 51689
969 1667 51690
1132 1647 51691
172 969 51692
431 1579 51693
431 1624 51694
431 1132 51695
969 172 51696
1132 431 51697
431 1132 51698
1713 1072 51699
809 127 51700
724 1647 51701
95 1749 51702
1434 85 51703
1677 1290 51704
1312 12 51705
1203 1127 51706
431 1111 51707
1579 1667 51708
1579 431 51709
431 1579 51710
1579 431 51711
431 1579 51712
1713 1178 51713
281 708 51714
172 969 51715
127 809 51716
1669 1540 51717
1669 1647 51718
1423 1669 51719
95 175 51720
1343 1359 51721
1343 9 51722
19 353 51723
1647 1132 51724
1647 1282 51725
1647 724 51726
1647 1669 51727
1752 9 51728
724 1647 51729
429 191 51730
1669 1423 51731
1669 1647 51732
1669 1655 51733
1669 429 51734
1647 724 51735
1647 1669 51736
1647 1269 51737
1423 1669 51738
708 281 51739
124 1255 51740
1472 1489 51741
1009 27 51742
1009 1346 51743
201 143 51744
1255 124 51745
9 1343 51746
9 97 51747
3 32 51748
1644 431 51749
1543 1103 51750
1543 525 51751
1543 1724 51752
1624 431 51752
1543 969 51753
124 1255 51754
1255 124 51755
431 1644 51756
431 1624 51757
175 95 51758
447 398 51759
1669 1647 51760
1669 1423 51761
27 1009 51762
454 1669 51763
1488 518 51764
143 201 51765
143 547 51766
518 1488 51767
518 1488 51768
400 1681 51769
400 8 51770
400 1169 51771
1169 400 51772
1467 309 51773
1520 1540 51774
1520 1487 51775
281 708 51776
713 1059 51777
201 143 51778
12 1312 51779
1158 1497 51780
1332 1752 51781
1655 1669 51782
1655 48 51783
1655 32 51784
189 1742 51785
189 1749 51786
189 1749 51787
189 44 51788
27 1009 51789
1423 1669 51790
652 1130 51791
309 1467 51792
1312 12 51793
12 1312 51794
1543 1467 51795
1285 1387 51796
12 282 51797
495 127 51798
495 1406 51799
1406 495 51800
724 1647 51801
1317 3 51802
768 1280 51803
1642 822 51804
1285 27 51805
1487 1520 51806
93 36 51807
32 3 51808
1724 127 51809
249 1724 51810
1724 249 51811
249 1724 51812
1488 518 51813
1488 518 51814
1489 1472 51815
127 495 51816
127 1724 51817
1724 127 51818
1724 249 51819
127 1724 51820
1079 27 51821
1079 27 51822
1079 27 51823
27 1079 51824
398 447 51825
1280 768 51826
346 1644 51827
644 8 51828
447 398 51829
318 1736 51830
143 201 51831
8 644 51832
323 298 51833
1647 1669 51834
1713 1647 51835
1647 724 51836
1647 1713 51837
1669 454 51838
1669 1655 51839
1713 1647 51840
429 1669 51841
1669 429 51842
1397 1655 51843
323 68 51844
1669 1423 51845
620 874 51846
644 8 51847
1669 1647 51848
959 699 51849
8 644 51850
1198 127 51851
1113 1493 51852
783 1741 51853
201 143 51854
3 32 51855
3 1317 51856
1497 1158 51857
1713 3 51858
1713 1497 51859
3 1713 51860
1312 12 51861
1675 32 51862
1675 67 51863
277 1741 51864
1332 27 51865
27 1332 51866
27 1285 51867
211 1742 51868
1423 1669 51869
12 1312 51870
699 959 51871
143 201 51872
1742 211 51873
495 1406 51874
1713 495 51875
495 127 51876
495 1713 51877
1713 495 51878
495 1713 51879
1387 1285 51880
1079 27 51881
1059 713 51882
27 1079 51883
1190 1488 51884
1669 1423 51885
319 95 51886
617 431 51887
617 1667 51888
1285 27 51889
1290 1677 51890
1285 1387 51891
1312 12 51892
1312 1313 51893
1313 1312 51894
1313 1312 51895
1312 1313 51896
1313 1312 51897
1313 1713 51898
443 32 51899
176 1436 51900
431 617 51901
12 1312 51902
1312 12 51903
1158 1497 51904
1158 1497 51905
1285 1312 51906
233 1136 51907
1535 1753 51908
1312 1313 51909
201 143 51910
724 1647 51911
1667 617 51912
1667 969 51913
32 3 51914
32 1675 51915
32 1731 51916
1493 1113 51917
1647 724 51918
1647 1669 51919
1713 1647 51920
1647 1713 51921
1713 1647 51922
1647 1713 51923
1713 1647 51924
1647 1713 51925
1713 1647 51926
1647 1713 51927
1713 1647 51928
1713 1313 51929
1647 1713 51930
644 8 51931
1436 176 51932
1669 1647 51933
1343 9 51934
1042 1338 51935
1042 1730 51936
1406 495 51937
1713 1647 51938
1178 1713 51939
193 118 51940
249 582 51941
1231 1667 51942
1647 1669 51943
1647 1713 51944
249 974 51945
1741 783 51946
1741 277 51947
431 1231 51948
249 437 51949
42 344 51950
878 1647 51951
41 1745 51952
41 1652 51953
67 1675 51954
1730 1042 51955
788 9 51956
48 1655 51957
1009 27 51958
42 1744 51959
1540 48 51960
582 249 51961
1497 1158 51962
1497 1158 51962
3 32 51963
1748 1406 51964
3 312 51965
1136 233 51966
27 1285 51967
27 1009 51968
1744 42 51969
1423 1669 51970
1406 1748 51971
1669 1647 51972
1669 1423 51973
1231 431 51974
95 1387 51975
95 175 51976
95 319 51977
9 788 51978
312 3 51979
9 1343 51980
175 95 51981
12 1312 51982
1624 431 51983
1042 1730 51984
969 1667 51985
431 1231 51986
431 1624 51987
1730 1042 51988
233 1136 51989
233 127 51990
1624 431 51991
495 1406 51992
431 1624 51993
1312 12 51994
1624 431 51995
1748 1406 51996
1406 495 51997
1406 1748 51998
1343 9 51999
27 620 52000
1474 1493 52001
1285 27 52002
525 1543 52003
431 1624 52004
1748 1406 52005
483 189 52006
1406 1748 52007
1748 1406 52008
1644 346 52009
1406 1748 52010
724 1647 52011
1009 27 52012
1647 878 52013
1647 1669 52014
1647 724 52015
1423 1669 52016
620 27 52017
27 620 52018
1520 1487 52019
1493 1474 52020
1669 1423 52021
620 27 52022
1253 644 52023
1158 1497 52024
1158 1497 52025
1675 67 52026
1644 431 52027
874 620 52028
874 620 52029
561 431 52030
620 874 52031
561 95 52032
1395 1113 52033
36 211 52034
211 36 52035
431 1644 52036
431 561 52037
1423 1669 52038
874 620 52039
620 874 52040
1669 1423 52041
812 378 52042
874 620 52043
27 1285 52044
27 1009 52045
95 561 52046
319 95 52047
95 175 52048
95 319 52049
1127 1203 52050
1543 1724 52051
697 214 52052
1136 233 52053
440 1384 52054
997 415 52055
1423 1669 52056
495 1406 52057
214 697 52058
1669 1423 52059
233 1136 52060
233 193 52061
415 997 52062
193 233 52063
191 429 52064
233 193 52065
724 1647 52066
1497 1158 52067
85 1434 52068
561 431 52069
561 95 52070
1423 1669 52071
431 561 52072
95 561 52073
697 214 52074
1488 1190 52075
1669 1423 52076
1746 1730 52077
1434 85 52078
1158 1497 52079
3 312 52080
67 3 52081
249 67 52082
1190 1488 52083
1644 1754 52084
1647 878 52085
1647 724 52086
144 12 52087
144 9 52088
847 561 52089
561 431 52090
561 95 52091
561 847 52092
561 1713 52093
673 1253 52094
1755 642 52095
1406 495 52096
1713 561 52097
1724 1543 52098
1409 443 52099
1409 167 52100
878 1647 52101
189 483 52102
483 189 52103
1667 654 52104
1346 1314 52105
495 1406 52106
1655 48 52107
1655 719 52108
474 1285 52109
1285 474 52110
1285 1312 52111
474 1285 52112
1285 474 52113
621 924 52114
621 1647 52115
621 924 52116
474 1285 52117
1748 1406 52118
1748 799 52119
429 191 52120
847 561 52121
431 561 52122
431 1316 52123
1316 431 52124
1072 1158 52125
431 1316 52126
1632 1039 52127
3 144 52128
1756 1655 52129
1312 12 52130
1713 1585 52131
561 1713 52132
561 847 52133
561 431 52134
749 474 52135
431 561 52136
1543 1724 52137
191 429 52138
312 3 52139
1740 504 52140
788 9 52141
12 144 52142
12 1312 52143
249 495 52144
308 1655 52145
1436 1757 52146
561 431 52147
431 561 52148
1626 1624 52149
431 1731 52150
1731 32 52151
144 3 52152
144 12 52153
12 144 52154
144 12 52155
12 144 52156
144 1758 52157
144 12 52158
12 144 52159
144 12 52160
12 144 52161
144 12 52162
719 1655 52163
12 144 52164
144 12 52165
12 144 52166
144 12 52167
1713 788 52168
12 144 52169
144 12 52170
12 144 52171
12 1255 52172
346 1749 52173
1624 1626 52174
308 254 52175
1312 12 52176
9 788 52177
9 144 52178
9 1343 52179
429 191 52180
144 9 52181
1741 277 52182
1741 391 52183
1741 784 52184
1741 277 52185
1741 1380 52186
1741 1497 52187
1741 1282 52188
1741 475 52189
1741 773 52190
1741 1391 52191
1741 588 52192
1741 1673 52193
118 193 52194
249 144 52195
468 1748 52196
1647 878 52197
1647 621 52198
1676 233 52199
1676 233 52200
525 211 52201
95 561 52202
727 561 52203
1533 1489 52204
1749 346 52205
1673 1741 52206
970 1748 52207
3 312 52208
3 1728 52209
3 1738 52210
3 27 52211
3 249 52212
3 970 52213
1467 309 52214
1655 719 52215
1285 27 52216
9 144 52217
9 1655 52218
9 1467 52219
9 1731 52220
9 1489 52221
9 97 52222
9 8 52223
9 1255 52224
9 1308 52225
1308 9 52226
9 1308 52227
9 1759 52228
9 1760 52229
9 1749 52230
1308 9 52231
1308 9 52232
9 1742 52233
9 1308 52234
9 1719 52235
9 1753 52236
1308 9 52237
8 9 52238
9 1308 52239
9 8 52240
1308 9 52241
9 1308 52242
191 429 52243
8 9 52244
9 8 52245
9 1308 52246
1308 9 52247
8 9 52248
621 1647 52249
1655 9 52250
1285 1731 52251
1285 8 52252
8 1285 52253
1741 1673 52254
1741 277 52255
1255 12 52256
1255 9 52257
1313 1713 52258
810 233 52259
27 1285 52260
810 1338 52261
308 674 52262
1346 1314 52263
1758 144 52264
1731 9 52265
193 118 52266
193 118 52267
312 3 52268
474 749 52269
1754 1644 52270
144 1758 52271
175 95 52272
346 1655 52273
175 95 52274
494 389 52275
1343 9 52276
995 27 52277
1644 1754 52278
995 1749 52279
447 395 52280
995 318 52281
995 318 52282
1113 1493 52283
1644 995 52284
249 447 52285
144 1761 52286
1113 1395 52287
995 1644 52288
1644 995 52289
995 1644 52290
1644 995 52291
995 1644 52292
1644 995 52293
995 1644 52294
1644 995 52295
1497 1158 52296
995 1644 52297
249 1497 52298
995 1644 52299
1644 995 52300
27 995 52301
1644 995 52302
995 1644 52303
995 1644 52304
995 27 52305
1754 1644 52306
1253 673 52307
810 175 52308
1762 1281 52309
1758 144 52310
67 318 52311
67 713 52312
67 97 52313
67 97 52314
67 97 52315
1346 1678 52316
1678 1346 52317
1678 475 52318
3 312 52319
1756 713 52320
1756 1644 52321
1756 1375 52322
518 1346 52323
768 1280 52324
1467 9 52325
1121 142 52326
12 1255 52327
12 1312 52328
12 1313 52329
12 1387 52330
1346 1678 52331
312 1 52332
1493 1113 52333
1280 768 52334
1281 1762 52335
431 1497 52336
308 1762 52337
1127 1665 52338
1127 997 52339
1568 1585 52340
175 810 52341
509 1026 52342
1644 1756 52343
823 242 52344
249 44 52345
810 175 52346
44 249 52347
249 44 52348
44 249 52349
175 810 52350
9 1467 52351
9 1343 52352
9 1731 52353
9 1255 52354
9 1655 52355
9 1308 52356
1762 308 52357
1762 1281 52358
1281 1762 52359
810 175 52360
175 810 52361
67 1346 52362
67 1239 52363
308 1762 52364
1343 9 52365
1343 3 52366
1343 12 52367
1343 12 52368
9 1343 52369
9 1387 52370
9 1265 52371
9 1763 52372
9 1763 52373
9 1763 52374
9 1763 52375
9 1763 52376
9 724 52377
561 431 52378
561 95 52379
561 727 52380
12 143 52381
12 1343 52382
12 9 52383
9 12 52384
9 12 52385
143 12 52386
429 191 52387
12 143 52388
12 1763 52389
1763 12 52390
12 1763 52391
12 1313 52392
1313 12 52393
12 1313 52394
1313 12 52395
1395 1113 52396
1395 1746 52397
12 1313 52398
1313 12 52399
12 1313 52400
1313 12 52401
12 1313 52402
1313 12 52403
12 1313 52404
1313 12 52405
12 1313 52406
1313 12 52407
1313 12 52408
12 1313 52409
12 547 52410
1313 12 52411
1647 621 52412
12 1313 52413
1255 9 52414
12 1313 52415
1313 12 52416
1009 27 52417
161 1255 52418
483 1408 52419
1762 308 52420
1762 1281 52421
810 175 52422
843 1237 52423
1346 1314 52424
810 175 52425
9 1255 52426
1493 1113 52427
9 847 52428
27 1009 52429
144 1758 52430
431 561 52431
615 1764 52432
1673 161 52433
1758 144 52434
143 12 52435
67 1034 52436
1158 1072 52437
1158 1497 52438
72 1765 52439
1253 1157 52440
1678 779 52441
582 27 52442
3 1343 52443
242 823 52444
255 1 52445
1 255 52446
1281 1762 52447
1762 1281 52448
1255 1673 52449
1255 1673 52450
1308 9 52451
1255 161 52452
495 249 52453
9 1308 52454
175 810 52455
27 582 52456
191 429 52457
1265 9 52458
1716 1308 52459
1756 1644 52460
443 1409 52461
9 1265 52462
582 1678 52463
1763 12 52464
1265 9 52465
810 175 52466
1644 1756 52467
1644 1754 52468
1308 1716 52469
1308 9 52470
1127 1350 52471
1127 547 52472
1285 27 52473
652 52 52474
12 1763 52475
144 1758 52476
1359 1343 52477
547 1127 52478
1754 1644 52479
12 1313 52480
12 143 52481
12 8 52482
1343 9 52483
1343 1359 52484
1343 12 52485
1343 3 52486
1343 12 52487
1312 12 52488
12 1312 52489
1713 1312 52490
12 1343 52491
1758 144 52492
1312 12 52493
12 1312 52494
617 431 52495
1678 711 52496
1678 711 52497
431 617 52498
1667 1280 52499
1748 468 52500
1748 970 52501
9 1343 52502
1343 12 52503
9 1308 52504
1343 9 52505
799 1748 52506
1281 1762 52507
19 1181 52508
19 8 52509
8 19 52510
429 191 52511
429 242 52512
1741 475 52513
1280 1667 52514
674 1280 52515
194 9 52516
1678 328 52517
1391 1741 52518
242 429 52519
27 1285 52520
3 1 52521
1312 12 52522
1644 1754 52523
1698 1644 52524
1756 1644 52525
1756 69 52526
1756 69 52527
1756 69 52528
1756 1312 52529
1756 1403 52530
1762 308 52531
175 810 52532
1313 12 52533
582 27 52534
27 582 52535
308 1762 52536
582 27 52537
810 175 52538
1359 1343 52539
1342 1359 52540
1359 1342 52541
1403 1756 52542
1756 1403 52543
1253 812 52544
1545 809 52545
1644 1698 52546
1644 1756 52547
1308 9 52548
312 1 52549
194 199 52550
194 295 52551
809 1545 52552
1127 1260 52553
429 242 52554
1127 547 52555
1127 1034 52556
1127 142 52557
1312 1756 52558
1762 308 52559
144 1758 52560
48 1540 52561
52 652 52562
9 194 52563
9 1343 52564
9 1308 52565
1346 9 52566
1343 9 52567
1343 1359 52568
242 429 52569
1754 1644 52570
1713 1308 52571
1713 233 52572
233 1713 52573
1713 233 52574
233 1713 52575
1713 233 52576
233 1713 52577
233 1676 52578
1713 233 52579
233 1713 52580
1713 233 52581
799 1475 52582
175 810 52583
1758 144 52584
843 1237 52585
1644 1754 52586
970 1748 52587
277 252 52588
1280 1738 52589
624 595 52590
1716 1308 52591
1716 1308 52592
191 429 52593
1493 1113 52594
9 1343 52595
9 1346 52596
144 1758 52597
1113 1493 52598
1346 9 52599
1493 1113 52600
1509 1669 52601
318 995 52602
561 431 52603
561 95 52604
727 1280 52605
810 175 52606
431 561 52607
1762 308 52608
1253 1744 52609
1285 27 52610
1 312 52611
1738 1280 52612
1669 1509 52613
3 32 52614
1 1655 52615
1343 9 52616
1758 144 52617
1698 1644 52618
309 1467 52619
1280 727 52620
175 810 52621
429 191 52622
308 1762 52623
1253 984 52624
1253 549 52625
1644 1698 52626
1310 561 52627
727 1280 52628
1253 1765 52629
1026 509 52630
1741 1391 52631
1713 809 52632
9 1346 52633
9 1343 52634
1749 1063 52635
595 1101 52636
595 1101 52637
1762 308 52638
1346 9 52639
1 312 52640
3 1 52641
1 3 52642
1 3 52643
1744 1253 52644
3 1 52645
1 3 52646
3 1 52647
809 1713 52648
1655 1 52649
12 1313 52650
12 1312 52651
12 1343 52652
1313 12 52653
856 1117 52654
312 1 52655
1 312 52656
9 1346 52657
9 1255 52658
1346 9 52659
9 1346 52660
193 1362 52661
1308 1713 52662
1308 1716 52663
12 1313 52664
810 175 52665
175 810 52666
1312 12 52667
1647 233 52668
1647 749 52669
1713 809 52670
644 143 52671
768 774 52672
1253 1744 52673
1281 1762 52674
12 1312 52675
711 1678 52676
1313 12 52677
1676 233 52678
1748 970 52679
1748 172 52680
32 3 52681
389 494 52682
42 1329 52683
1329 42 52684
42 1329 52685
42 1731 52686
1748 1440 52687
144 1758 52688
1748 1075 52689
1075 1748 52690
143 644 52691
1343 12 52692
1748 1075 52693
1343 9 52694
970 1748 52695
970 1641 52696
970 774 52697
970 298 52698
1314 1346 52699
1023 1766 52700
271 277 52701
271 638 52702
271 713 52703
443 42 52704
298 970 52705
995 318 52706
1765 1253 52707
995 318 52708
1765 72 52709
1181 19 52710
9 1343 52711
9 67 52712
191 429 52713
1255 42 52714
1765 1253 52715
1762 1281 52716
1280 727 52717
1713 1195 52718
1624 48 52719
48 1624 52720
1742 211 52721
67 9 52722
67 1767 52723
67 1768 52724
67 1769 52725
67 1760 52726
67 1749 52727
1042 1338 52728
970 710 52729
1253 1765 52730
3 32 52731
3 32 52732
1346 1314 52733
1312 12 52734
1677 1290 52735
1756 1644 52736
1756 1312 52737
1403 1756 52738
1748 970 52739
1281 1762 52740
27 582 52741
27 1285 52742
1042 67 52743
1042 1730 52744
561 431 52745
1624 48 52746
561 1310 52747
1713 561 52748
167 1758 52749
1765 1253 52750
431 561 52751
211 1742 52752
1762 1281 52753
1762 308 52754
1762 308 52755
1742 211 52756
312 1 52757
1509 1744 52758
1 312 52759
1281 1762 52760
105 713 52761
105 1624 52762
105 42 52763
105 1644 52764
308 1762 52765
1624 105 52766
1644 105 52767
1644 1756 52768
12 1312 52769
12 1343 52770
12 1312 52771
1756 1644 52772
1756 8 52773
1644 1756 52774
1756 1644 52775
1130 652 52776
67 710 52777
8 1756 52778
1756 8 52779
810 175 52780
8 1756 52781
105 1644 52782
105 1624 52783
494 389 52784
233 1647 52785
233 1676 52786
1624 105 52787
1343 12 52788
1676 233 52789
12 1343 52790
1343 12 52791
1343 9 52792
12 1343 52793
582 27 52794
1343 12 52795
12 1343 52796
1343 12 52797
1310 561 52798
1285 27 52799
1644 1756 52800
1644 105 52801
1285 1312 52802
12 1343 52803
12 1313 52804
12 1644 52805
12 27 52806
1313 1285 52807
1644 12 52808
12 1644 52809
1644 12 52810
12 1644 52811
727 1280 52812
1644 12 52813
1440 1748 52814
1343 12 52815
1312 12 52816
1312 1756 52817
1312 12 52818
1034 1624 52819
44 1669 52820
12 1644 52821
12 1312 52822
12 1343 52823
27 12 52824
12 27 52825
12 67 52826
1624 1034 52827
1624 48 52828
1762 1281 52829
1758 144 52830
9 1343 52831
1678 1118 52832
1644 12 52833
172 1748 52834
32 3 52835
1343 12 52836
1343 9 52837
9 1343 52838
32 1042 52839
1238 32 52840
1343 9 52841
32 1238 52842
9 1343 52843
32 9 52844
9 32 52845
9 32 52846
1238 32 52847
1343 9 52848
9 1343 52849
1343 9 52850
1343 9 52851
9 1343 52852
9 1343 52853
9 1343 52854
1343 9 52855
1343 9 52856
9 1343 52857
9 1343 52858
1343 9 52859
9 1343 52860
9 1343 52861
9 1118 52862
144 1758 52863
95 561 52864
1280 727 52865
95 175 52866
1762 308 52867
67 1770 52868
48 1624 52869
189 358 52870
189 443 52871
189 1749 52872
105 1644 52873
105 1624 52874
3 32 52875
105 1624 52876
105 1624 52877
105 474 52878
189 708 52879
189 44 52880
1756 8 52881
1756 1403 52882
1756 1644 52883
1756 1312 52884
27 12 52885
27 1285 52886
1624 48 52887
1624 105 52888
1686 27 52889
27 1686 52890
1686 27 52891
27 1686 52892
1312 1756 52893
1312 12 52894
105 1624 52895
67 394 52896
67 394 52897
105 1027 52898
105 1518 52899
1644 105 52900
1644 1756 52901
1686 1644 52902
105 1644 52903
1644 1686 52904
1686 1644 52905
1644 105 52906
1644 1686 52907
1686 1644 52908
105 1644 52909
1644 1686 52910
1644 105 52911
105 1644 52912
1644 1758 52913
105 474 52914
1644 105 52915
105 1655 52916
105 1644 52917
105 1641 52918
1644 105 52919
105 1644 52920
105 1118 52921
105 44 52922
105 474 52923
1644 105 52924
105 1485 52925
105 1644 52926
105 9 52927
1644 105 52928
1281 1762 52929
44 105 52930
1281 1771 52931
1676 233 52932
105 44 52933
105 1644 52934
95 1452 52935
1756 1644 52936
12 1312 52937
12 27 52938
1669 44 52939
27 12 52940
429 191 52941
191 429 52942
1713 1195 52943
1624 105 52944
308 1762 52945
1771 1281 52946
1118 9 52947
1118 1678 52948
1118 105 52949
1285 1313 52950
1285 1190 52951
1467 309 52952
277 271 52953
9 1118 52954
9 8 52955
1118 9 52956
474 105 52957
1281 1771 52958
1644 105 52959
1644 1756 52960
12 27 52961
1312 1313 52962
97 9 52963
749 1647 52964
673 1253 52965
1762 308 52966
1762 245 52967
673 1253 52968
1565 27 52969
8 9 52970
1713 617 52971
105 1624 52972
105 1118 52973
105 474 52974
105 1644 52975
617 1713 52976
1713 617 52977
175 810 52978
1118 105 52979
1395 1772 52980
1667 105 52981
1772 1395 52982
1667 1118 52983
32 9 52984
1713 1585 52985
67 1042 52986
1713 525 52987
32 9 52988
32 9 52989
32 12 52990
525 1713 52991
1313 1312 52992
1253 673 52993
809 1713 52994
809 642 52995
1647 749 52996
1667 942 52997
474 105 52998
67 256 52999
67 474 53000
1686 256 53001
1624 105 53002
1034 1313 53003
1731 9 53004
1731 42 53005
474 67 53006
1624 48 53007
984 1208 53008
1059 713 53009
67 1344 53010
429 191 53011
810 175 53012
1313 1034 53013
67 1675 53014
674 1253 53015
1713 1493 53016
191 429 53017
44 1669 53018
189 144 53019
1773 679 53020
1545 809 53021
1344 67 53022
1312 1313 53023
27 12 53024
1312 1344 53025
1756 1644 53026
1489 1533 53027
1756 286 53028
1756 286 53029
1756 286 53030
1756 286 53031
1756 1130 53032
1756 1130 53033
1756 1130 53034
1756 1130 53035
1756 525 53036
1756 525 53037
1395 1772 53038
9 32 53039
9 1731 53040
63 127 53041
1 312 53042
9 97 53043
9 8 53044
9 1118 53045
1118 1667 53046
1118 9 53047
1344 1312 53048
1758 144 53049
1758 1644 53050
1644 1758 53051
1644 1756 53052
429 191 53053
430 72 53054
430 144 53055
430 8 53056
9 1118 53057
1118 9 53058
1118 9 53059
1756 1644 53060
1127 319 53061
561 431 53062
1716 1308 53063
1716 1308 53064
191 429 53065
679 1773 53066
561 1310 53067
1237 843 53068
1686 1395 53069
561 95 53070
561 1713 53071
697 642 53072
175 95 53073
697 1774 53074
1493 1713 53075
1312 1344 53076
1387 9 53077
1387 12 53078
1387 95 53079
431 561 53080
9 1387 53081
1034 1313 53082
1308 1716 53083
1624 48 53084
1758 1644 53085
1772 1395 53086
175 810 53087
1238 1472 53088
749 1647 53089
1253 674 53090
561 431 53091
1644 1758 53092
1773 679 53093
710 970 53094
710 67 53095
1686 710 53096
710 1686 53097
1253 1773 53098
1686 710 53099
674 1253 53100
1762 431 53101
620 27 53102
431 561 53103
431 1762 53104
1472 1238 53105
1253 674 53106
843 1237 53107
19 8 53108
19 1181 53109
674 1253 53110
852 1775 53111
1195 1713 53112
48 1624 53113
642 809 53114
642 697 53115
809 1545 53116
970 1748 53117
970 710 53118
429 191 53119
67 710 53120
67 1776 53121
67 1775 53122
67 1777 53123
67 1777 53124
67 1770 53125
9 1313 53126
9 1313 53127
9 1313 53128
9 1313 53129
9 1313 53130
67 9 53131
8 9 53132
1778 234 53133
1 1779 53134
1403 1756 53135
1762 431 53136
1231 1168 53137
32 1731 53138
191 429 53139
32 443 53140
32 377 53141
1756 1403 53142
1748 970 53143
1748 172 53144
1395 1772 53145
27 620 53146
1395 1686 53147
394 1190 53148
1624 48 53149
1052 697 53150
1190 1285 53151
1190 394 53152
1052 1238 53153
652 1130 53154
95 1387 53155
95 44 53156
1281 32 53157
561 431 53158
1168 1231 53159
9 8 53160
431 1762 53161
431 561 53162
9 32 53163
1285 1190 53164
525 1756 53165
44 95 53166
1756 525 53167
525 1756 53168
429 191 53169
1491 132 53170
312 1 53171
1756 525 53172
1772 1395 53173
1 312 53174
1 312 53175
1313 9 53176
1313 9 53177
1313 9 53178
1313 9 53179
1313 9 53180
543 1513 53181
1231 1168 53182
1756 474 53183
697 1052 53184
697 642 53185
1758 1644 53186
474 1756 53187
525 1756 53188
1403 1756 53189
1624 1052 53190
1647 749 53191
995 318 53192
32 1281 53193
32 9 53194
105 1624 53195
1644 1758 53196
105 1118 53197
172 1748 53198
105 1624 53199
1168 105 53200
105 1168 53201
1624 105 53202
105 1624 53203
105 1039 53204
1624 105 53205
105 1624 53206
105 1255 53207
1255 105 53208
105 1255 53209
1624 105 53210
105 1624 53211
1395 1772 53212
1772 1395 53213
1181 19 53214
1624 105 53215
105 1624 53216
1713 593 53217
621 593 53218
593 621 53219
1624 105 53220
105 1624 53221
19 1181 53222
19 1313 53223
105 19 53224
1686 1026 53225
1026 1686 53226
19 1313 53227
1686 1026 53228
19 1026 53229
1313 19 53230
1026 1686 53231
1686 1026 53232
19 1313 53233
19 1313 53234
1026 1686 53235
1026 1686 53236
1686 1026 53237
1118 308 53238
1026 1686 53239
1686 1026 53240
1780 1255 53241
8 9 53242
105 557 53243
105 557 53244
27 1686 53245
191 429 53246
1773 1253 53247
1253 1773 53248
1741 593 53249
42 1255 53250
42 105 53251
1756 1403 53252
1312 1313 53253
1756 1312 53254
1312 1756 53255
1756 474 53256
1756 1312 53257
1468 1554 53258
1686 27 53259
561 431 53260
394 1190 53261
431 561 53262
9 8 53263
44 36 53264
27 1686 53265
36 44 53266
1313 19 53267
1313 9 53268
1313 1312 53269
19 1313 53270
309 1467 53271
1395 1772 53272
105 42 53273
1190 1285 53274
12 1387 53275
12 27 53276
12 1644 53277
12 1343 53278
12 1313 53279
12 1312 53280
1312 12 53281
1313 12 53282
1127 1771 53283
1313 19 53284
739 969 53285
12 1313 53286
12 1312 53287
1772 1395 53288
9 1313 53289
1052 697 53290
1052 697 53291
1338 341 53292
1052 1338 53293
1338 9 53294
1338 1052 53295
1052 1338 53296
1338 1052 53297
1338 1052 53298
1052 1338 53299
1052 1338 53300
1338 1052 53301
1052 1338 53302
1285 1190 53303
1338 1052 53304
19 1313 53305
1624 1285 53306
1190 1285 53307
1338 341 53308
1624 1052 53309
308 1118 53310
1748 172 53311
1748 1362 53312
1313 19 53313
1313 9 53314
1118 308 53315
1313 1624 53316
1624 1313 53317
1181 19 53318
516 1445 53319
516 1445 53320
516 1445 53321
1313 1624 53322
557 105 53323
19 1181 53324
19 1313 53325
398 27 53326
1545 809 53327
342 843 53328
172 1748 53329
1313 19 53330
1771 1127 53331
1775 67 53332
1775 852 53333
105 557 53334
1713 1775 53335
1775 1713 53336
674 1338 53337
431 483 53338
19 1313 53339
431 1585 53340
431 1771 53341
431 727 53342
1238 1052 53343
1713 1775 53344
843 342 53345
652 1728 53346
1748 172 53347
561 431 53348
1052 1624 53349
1052 1238 53350
431 561 53351
431 1039 53352
1771 431 53353
1312 12 53354
27 398 53355
431 1771 53356
1127 1771 53357
1127 1203 53358
172 1748 53359
1395 1772 53360
407 372 53361
429 191 53362
12 1312 53363
344 42 53364
1362 193 53365
1362 1748 53366
308 1118 53367
1771 1127 53368
652 862 53369
1343 12 53370
1312 12 53371
1127 36 53372
1772 1395 53373
1686 27 53374
1314 1346 53375
1758 1644 53376
1758 167 53377
105 852 53378
9 1338 53379
9 1313 53380
9 32 53381
12 1343 53382
12 1312 53383
1686 475 53384
557 302 53385
302 557 53386
557 302 53387
1313 9 53388
302 557 53389
621 593 53390
557 302 53391
1343 12 53392
431 495 53393
431 394 53394
557 302 53395
302 557 53396
398 27 53397
302 557 53398
1472 27 53399
1118 308 53400
36 1127 53401
191 429 53402
105 639 53403
105 639 53404
1349 1183 53405
561 431 53406
1585 3 53407
3 1585 53408
431 561 53409
32 9 53410
1127 36 53411
1312 12 53412
768 593 53413
768 1280 53414
431 969 53415
969 431 53416
431 969 53417
969 431 53418
969 431 53419
431 969 53420
431 1312 53421
271 277 53422
1624 1313 53423
1624 1052 53424
1716 1308 53425
1285 1624 53426
1285 1021 53427
1181 19 53428
1009 27 53429
1009 27 53430
1312 431 53431
1052 1624 53432
1624 1285 53433
1624 1052 53434
431 1312 53435
1285 1624 53436
1312 431 53437
431 1312 53438
1773 1253 53439
1624 1285 53440
19 1181 53441
1280 768 53442
1253 1773 53443
198 809 53444
431 1255 53445
9 1313 53446
1285 1624 53447
32 938 53448
32 67 53449
1313 9 53450
1624 1285 53451
642 711 53452
67 1304 53453
1533 594 53454
1686 358 53455
711 642 53456
358 1686 53457
1686 358 53458
431 358 53459
1686 1624 53460
358 1686 53461
358 431 53462
1686 358 53463
1758 474 53464
431 358 53465
642 711 53466
358 1686 53467
358 431 53468
711 642 53469
431 358 53470
474 1758 53471
19 447 53472
1052 1624 53473
812 1253 53474
1021 1285 53475
557 302 53476
377 32 53477
302 557 53478
809 198 53479
1346 1314 53480
271 27 53481
271 1644 53482
1675 67 53483
1312 431 53484
1644 12 53485
27 1686 53486
27 398 53487
27 1472 53488
27 1009 53489
561 431 53490
27 271 53491
431 1312 53492
431 561 53493
1161 257 53494
1314 1346 53495
1312 431 53496
431 1312 53497
1716 1775 53498
67 1775 53499
198 809 53500
9 1313 53501
431 1190 53502
1190 431 53503
431 1190 53504
1190 431 53505
431 1190 53506
809 198 53507
1775 1716 53508
1775 67 53509
12 1644 53510
12 1312 53511
12 1343 53512
42 1255 53513
95 561 53514
95 175 53515
95 44 53516
768 1280 53517
1255 431 53518
431 1255 53519
51 1775 53520
233 1676 53521
233 193 53522
1312 12 53523
1312 431 53524
1775 51 53525
1313 9 53526
1313 1034 53527
1285 1021 53528
95 868 53529
105 1312 53530
431 1312 53531
674 1724 53532
193 233 53533
44 1406 53534
1406 44 53535
175 95 53536
1313 1312 53537
1624 1686 53538
296 1565 53539
1565 296 53540
51 1775 53541
1343 12 53542
766 1513 53543
44 95 53544
1624 1781 53545
516 1724 53546
674 70 53547
19 1313 53548
620 1487 53549
1562 1565 53550
1034 1313 53551
1280 768 53552
1775 51 53553
1332 1342 53554
105 474 53555
474 105 53556
105 474 53557
639 105 53558
105 639 53559
639 105 53560
105 639 53561
639 105 53562
1440 1782 53563
483 431 53564
3 1461 53565
3 2 53565
3 234 53565
3 687 53565
3 754 53565
3 928 53565
105 639 53566
1675 32 53567
1551 1636 53568
1190 1285 53569
1021 1285 53570
1127 1350 53571
431 483 53572
1313 1034 53573
1517 1562 53574
198 809 53575
342 975 53576
1467 309 53577
1342 1332 53578
1676 233 53579
856 1398 53580
1562 1517 53581
1282 1741 53582
1332 1342 53583
234 1778 53584
1332 1545 53585
1332 1313 53586
1342 1332 53587
32 1675 53588
32 377 53589
32 1781 53590
32 1565 53591
1474 1493 53592
1474 598 53593
1647 749 53594
483 431 53595
1313 1332 53596
1313 19 53597
1255 431 53598
639 105 53599
105 639 53600
19 1313 53601
105 494 53602
51 1775 53603
494 105 53604
494 429 53605
1002 273 53606
1731 9 53607
105 494 53608
105 358 53609
260 430 53610
1493 1474 53611
12 1312 53612
1312 12 53613
12 1312 53614
1312 12 53615
12 1312 53616
1312 12 53617
1332 1313 53618
1332 1342 53619
561 431 53620
1741 1282 53621
1748 172 53622
431 561 53623
431 1255 53624
431 483 53625
494 105 53626
429 494 53627
1783 260 53628
144 1758 53629
1783 52 53630
1783 144 53631
144 1783 53632
105 494 53633
144 1783 53634
561 95 53635
1783 144 53636
1313 1332 53637
144 1472 53638
561 431 53639
1781 32 53640
431 561 53641
1313 1312 53642
1713 561 53643
144 1783 53644
561 431 53645
431 561 53646
144 142 53647
561 1713 53648
617 1713 53649
1713 617 53650
1724 516 53651
1783 212 53652
1724 674 53653
1332 1313 53654
868 95 53655
1332 1781 53656
1332 1781 53657
1781 1332 53658
1332 1781 53659
1781 1332 53660
1332 1781 53661
1255 431 53662
1781 1332 53663
32 1781 53664
1781 32 53665
1332 1781 53666
674 1724 53667
1781 1332 53668
1332 1781 53669
1332 1781 53670
431 1255 53671
938 32 53672
1781 1332 53673
1332 1781 53674
1332 1436 53675
1781 1332 53676
1332 1781 53677
1781 1332 53678
1332 1781 53679
398 27 53680
1472 144 53681
1675 32 53682
393 193 53683
1440 494 53684
1346 1314 53685
42 1440 53686
42 72 53687
72 42 53688
1440 42 53689
1545 1332 53690
1713 617 53691
483 431 53692
249 483 53693
1312 1313 53694
1756 483 53695
27 398 53696
1332 1545 53697
398 27 53698
1758 144 53699
494 429 53700
494 1440 53701
398 1738 53702
105 639 53703
1183 1349 53704
431 483 53705
105 308 53706
358 105 53707
483 1756 53708
483 249 53709
483 431 53710
431 483 53711
431 1748 53712
1748 431 53713
1748 431 53714
1748 1472 53715
1748 830 53716
1472 1748 53717
1748 1472 53718
1748 1472 53719
105 358 53720
358 105 53721
1713 1585 53722
1585 1713 53723
1713 1585 53724
1585 1713 53725
1713 1585 53726
483 431 53727
1313 1332 53728
642 36 53729
1783 1585 53730
1346 1783 53731
3 1784 53732
1783 1346 53733
105 1585 53734
1313 19 53735
1346 1783 53736
1013 398 53737
1034 1313 53738
172 1748 53739
398 1013 53740
1487 132 53741
105 1487 53742
1487 620 53743
1487 105 53744
105 398 53745
105 1487 53746
1783 1346 53746
431 483 53747
431 1748 53748
1783 1346 53749
398 105 53750
1346 1783 53751
1238 1052 53752
1434 1313 53753
1783 1346 53754
1346 1783 53755
36 642 53756
483 431 53757
27 398 53758
3 1748 53759
42 72 53760
431 483 53761
483 431 53762
353 1772 53763
1052 1238 53764
431 483 53765
431 353 53766
431 429 53767
431 773 53768
249 483 53769
483 431 53770
483 249 53771
9 1731 53772
9 1313 53773
9 1313 53774
1 312 53775
1756 483 53776
1748 431 53777
1517 1562 53778
1517 1562 53779
1313 1434 53780
431 483 53781
431 1748 53782
431 727 53783
1783 1346 53784
1373 710 53785
132 1487 53786
27 652 53787
19 1313 53788
483 431 53789
398 27 53790
483 1756 53791
308 105 53792
308 1762 53793
312 1 53794
431 483 53795
483 431 53796
642 36 53797
105 308 53798
105 398 53799
32 938 53800
1785 67 53801
32 1675 53802
319 1127 53803
1434 1313 53804
652 27 53805
1332 1313 53806
8 32 53807
12 1312 53808
1783 1724 53809
27 652 53810
27 398 53811
1772 353 53812
1285 32 53813
8 32 53814
398 27 53815
652 27 53816
271 27 53817
1748 431 53818
1785 32 53819
1724 1783 53820
1042 67 53821
32 8 53822
32 1285 53823
32 8 53824
32 1785 53825
1756 483 53826
483 1756 53827
431 1748 53828
768 1280 53829
710 1373 53830
132 1487 53831
809 198 53832
1585 1783 53833
557 302 53834
1762 308 53835
1647 494 53836
639 105 53837
384 1748 53838
1280 768 53839
105 639 53840
72 42 53841
1750 1338 53842
899 101 53843
1756 483 53844
1312 12 53845
27 652 53846
27 398 53847
27 271 53848
483 1756 53849
1312 1313 53850
1786 1624 53851
1786 1344 53852
1786 1231 53853
398 27 53854
652 27 53855
810 175 53856
494 1647 53857
1313 1312 53858
1313 9 53859
1313 1332 53860
1313 19 53861
70 674 53862
1748 384 53863
749 1647 53864
9 1313 53865
1312 1313 53866
975 342 53867
144 1758 53868
144 1472 53869
144 12 53870
969 1416 53871
969 1756 53872
1756 969 53873
969 1756 53874
1756 483 53875
1756 969 53876
969 1756 53877
1756 969 53878
969 1756 53879
1756 969 53880
1 312 53881
12 1312 53882
1312 12 53883
12 1312 53884
1312 12 53885
12 1312 53886
1312 12 53887
1487 132 53888
1487 132 53889
809 198 53890
1545 1332 53891
1545 1754 53892
1545 1754 53893
1545 1754 53894
1545 1754 53895
1772 1395 53896
95 1246 53897
768 1280 53898
1758 144 53899
12 1312 53900
1332 1313 53901
1313 1312 53902
1395 1772 53903
1313 1332 53904
1313 9 53905
1332 1313 53906
1313 1332 53907
1772 1395 53908
474 1786 53909
144 1758 53910
19 1313 53911
19 1645 53912
19 1645 53913
1312 1313 53914
1312 12 53915
468 1585 53916
1168 632 53917
595 1101 53918
12 1312 53919
12 144 53920
429 431 53921
1312 12 53922
1246 95 53923
271 27 53924
1783 1246 53925
585 495 53926
175 810 53927
12 1312 53928
1280 768 53929
233 1676 53930
438 319 53931
189 1749 53932
1 312 53933
1 3 53934
810 175 53935
1169 547 53936
997 1127 53937
997 1425 53938
431 429 53939
1231 1750 53940
652 105 53941
1127 997 53942
1127 319 53943
36 44 53944
1472 144 53945
495 585 53946
1215 194 53947
1731 9 53948
620 1487 53949
249 503 53950
443 32 53951
67 1781 53952
175 810 53953
1585 468 53954
27 398 53955
1487 620 53956
27 652 53957
27 271 53958
398 27 53959
1344 1786 53960
1647 494 53961
1786 1344 53962
1786 474 53963
429 494 53964
429 191 53965
429 431 53966
503 249 53967
1644 140 53968
1644 271 53969
1644 12 53970
431 429 53971
9 1731 53972
9 1313 53973
1675 32 53974
847 1675 53975
27 398 53976
95 175 53977
95 44 53978
398 27 53979
398 27 53980
95 561 53981
1342 942 53982
95 868 53983
95 1246 53984
342 975 53985
1349 1183 53986
1246 95 53987
652 27 53988
105 652 53989
105 1624 53990
105 1781 53991
1624 105 53992
1624 474 53993
27 398 53994
1127 1585 53995
431 1395 53996
810 175 53997
105 1624 53998
1624 105 53999
105 1624 54000
652 105 54001
494 1647 54002
494 429 54003
942 1342 54004
652 105 54005
27 652 54006
1342 942 54007
398 27 54008
561 95 54009
291 1787 54010
291 1787 54011
191 429 54012
1788 1771 54013
1771 1788 54014
1788 1771 54015
1771 1788 54016
1771 719 54017
1758 144 54018
674 1789 54019
97 871 54020
398 1013 54021
1312 12 54022
719 1771 54023
429 191 54024
1781 67 54025
1781 105 54026
652 27 54027
1771 719 54028
1013 398 54029
398 1013 54030
191 429 54031
12 1312 54032
975 342 54033
398 1397 54034
942 1342 54035
1013 398 54036
398 1013 54037
1013 398 54038
1013 398 54039
398 1013 54040
398 1013 54041
1562 898 54042
1013 398 54043
557 1338 54044
1338 557 54045
1 1790 54046
249 503 54047
1101 595 54048
1675 847 54049
1675 847 54050
1675 1 54051
1 1675 54052
1 3 54053
1675 1 54054
1 1675 54055
1675 1 54056
1676 233 54057
1312 12 54058
474 1786 54059
1543 70 54060
1543 109 54061
105 1781 54062
105 652 54063
1543 1768 54064
105 1771 54065
1395 431 54066
431 1395 54067
847 1675 54068
1786 474 54069
1342 942 54070
1786 474 54071
942 1342 54072
652 105 54073
27 398 54074
27 652 54075
105 652 54076
1397 502 54077
1585 1127 54078
319 438 54079
319 1127 54080
474 1786 54081
474 1786 54082
1771 105 54083
1771 105 54084
503 249 54085
1059 713 54086
398 27 54087
969 1756 54088
1756 969 54089
1771 1285 54090
1686 27 54091
1724 1786 54092
32 1791 54093
1786 1724 54094
1786 1255 54095
1255 1786 54096
1786 1603 54097
1786 1491 54098
1786 1344 54099
1786 1280 54100
1280 1786 54101
1 1675 54102
140 1644 54103
189 1749 54104
969 1756 54105
1675 1 54106
1675 847 54107
105 1675 54108
1168 1624 54109
1675 105 54110
175 810 54111
1644 140 54112
27 1686 54113
105 1675 54114
1491 1786 54115
1756 969 54116
1756 1603 54117
1756 1130 54118
105 97 54119
1724 1786 54120
105 1724 54121
1724 105 54122
1724 1791 54123
713 1059 54124
847 1675 54125
1624 1168 54126
1059 713 54127
1127 1603 54128
1127 1724 54129
1724 1127 54130
1127 840 54131
1724 1127 54132
1127 1724 54133
1724 1127 54134
431 1724 54135
1724 431 54136
105 1724 54137
1285 1771 54138
105 1724 54139
431 1724 54140
768 1280 54141
1436 1332 54142
639 105 54143
652 27 54144
1285 1190 54145
1626 1 54146
1313 9 54147
1313 9 54148
713 1059 54149
810 175 54150
105 639 54151
105 398 54152
494 1436 54153
1724 431 54154
398 105 54155
1724 105 54156
1509 199 54157
1509 193 54158
1792 1285 54159
1792 1168 54160
1168 1792 54161
1792 72 54162
172 1748 54163
1792 1168 54164
1792 520 54165
1792 1399 54166
1792 1310 54167
1792 278 54168
1792 1583 54169
1436 494 54170
1771 1285 54171
1346 1433 54172
1792 474 54173
1280 768 54174
431 1724 54175
175 810 54176
1285 1792 54177
1285 1771 54178
9 1313 54179
9 1313 54180
1 1626 54181
1314 1346 54182
72 1792 54183
12 1312 54184
1168 1792 54185
12 997 54186
12 9 54187
12 1343 54188
1 3 54189
1031 1739 54190
1031 707 54191
1031 831 54192
1344 1786 54193
1792 1285 54194
1792 72 54195
1792 1168 54196
1792 1373 54197
249 503 54198
1 3 54199
1 3 54200
1 3 54201
1 3 54202
1 3 54203
199 1509 54204
1748 172 54205
1793 1474 54206
1543 1215 54207
1786 1344 54208
1543 639 54209
1312 12 54210
105 1724 54211
105 398 54212
105 1792 54213
105 1756 54214
1059 713 54215
1059 713 54216
474 1792 54217
1792 474 54218
27 398 54219
27 652 54220
1756 105 54221
398 105 54222
398 27 54223
1127 1794 54224
1346 1314 54225
105 398 54226
105 1756 54227
27 398 54228
1756 105 54229
1756 105 54230
1756 105 54231
312 132 54232
749 1788 54233
303 1724 54234
211 1 54235
211 93 54236
1285 1792 54237
398 27 54238
398 105 54239
398 697 54240
1771 1285 54241
93 211 54242
1343 12 54243
1756 1346 54244
831 1031 54245
1031 831 54246
1031 651 54247
132 312 54248
1792 1285 54249
1792 620 54250
1346 1756 54251
1021 1449 54252
286 1756 54253
856 50 54254
1724 303 54255
1724 105 54256
1724 431 54257
1297 1771 54258
1786 1344 54259
1792 1042 54260
1792 341 54261
140 1644 54262
1 211 54263
1771 1297 54264
1 312 54265
431 1724 54266
72 1792 54267
1 1626 54268
1626 1 54269
1 1626 54270
1 1626 54271
1626 1 54272
1626 1 54273
1626 1 54274
1 1626 54275
1 1626 54276
1 1626 54277
1 1626 54278
1 3 54279
1756 1346 54280
1756 286 54281
1756 1644 54282
27 398 54283
1792 221 54284
1297 1771 54285
1543 483 54286
652 27 54287
652 105 54288
1346 1756 54289
1786 1308 54290
1543 893 54291
1543 335 54292
1543 256 54293
1543 588 54294
1543 1214 54295
1543 1029 54296
1543 1376 54297
1543 375 54298
1543 595 54299
1543 1255 54300
1543 561 54301
1543 874 54302
1543 840 54303
105 652 54304
105 1724 54305
105 398 54306
1543 657 54307
105 1756 54308
1543 600 54309
132 1491 54310
1543 190 54311
105 713 54312
105 1543 54313
1543 1260 54314
1543 697 54315
1543 105 54316
1543 1046 54317
1543 852 54318
1756 1346 54319
1543 523 54320
1543 1385 54321
1543 302 54322
1543 443 54323
1543 1675 54324
1543 553 54325
1543 943 54326
312 132 54327
312 1 54328
3 1793 54329
1 3 54330
1 3 54331
1 3 54332
1 312 54333
132 312 54334
1543 318 54335
768 1280 54336
1434 1344 54337
483 1543 54338
398 105 54339
398 27 54340
398 27 54341
286 1756 54342
1255 1543 54343
494 1436 54344
583 821 54345
697 1543 54346
1756 286 54347
1647 714 54348
1756 1436 54349
1491 132 54350
1285 1792 54351
1310 1792 54352
249 1489 54353
101 193 54354
342 588 54355
342 588 54356
342 588 54357
342 588 54358
342 588 54359
312 132 54360
105 1543 54361
105 398 54362
318 1543 54363
318 1285 54364
1285 318 54365
398 105 54366
1724 105 54367
1724 431 54368
431 1724 54369
620 1792 54370
193 101 54371
1436 494 54372
1436 1756 54373
847 818 54374
818 847 54375
398 1136 54376
443 1543 54377
847 818 54378
818 847 54379
898 1562 54380
1756 1436 54381
1756 105 54382
32 818 54383
1485 1756 54384
1436 1756 54385
1562 898 54386
874 1543 54387
1542 818 54388
852 1543 54389
105 1756 54390
105 1724 54391
105 398 54392
809 912 54393
847 818 54394
398 105 54395
144 1472 54396
144 1758 54397
1786 1255 54398
3 1795 54399
1750 1231 54400
1472 144 54401
818 1542 54402
818 32 54403
818 847 54404
547 1169 54405
898 1562 54406
847 818 54407
1724 105 54408
1724 431 54409
504 1740 54410
1167 713 54411
1750 1338 54412
1750 1246 54413
1280 768 54414
1416 969 54415
431 1724 54416
32 818 54417
494 1436 54418
1562 898 54419
652 1565 54420
1724 431 54421
1168 1750 54422
105 1724 54423
1750 1168 54424
105 398 54425
1168 1750 54426
1750 1168 54427
1542 818 54428
144 1472 54429
144 42 54430
1168 1750 54431
1183 1349 54432
1472 144 54433
105 1349 54434
95 1796 54435
95 561 54436
1786 1585 54437
1796 95 54438
95 1796 54439
105 140 54440
1786 1344 54441
67 1796 54442
302 1543 54443
1797 1798 54444
1 3 54445
1 44 54446
1 36 54447
1 3 54448
341 1792 54449
1 3 54450
713 105 54451
713 1167 54452
713 1756 54453
713 1059 54454
1750 393 54455
1167 713 54456
431 1724 54457
884 713 54458
561 1543 54459
342 561 54460
561 95 54461
561 342 54462
561 1310 54463
561 727 54464
1127 818 54465
67 1675 54466
105 713 54467
105 398 54468
1436 494 54469
997 1127 54470
997 12 54471
67 1781 54472
398 105 54473
1246 1750 54474
1543 483 54475
105 398 54476
1543 697 54477
1543 318 54478
27 652 54479
1543 443 54480
1543 852 54481
1543 561 54482
1543 1395 54483
1543 1553 54484
1342 1081 54485
697 1543 54486
1543 1282 54487
1543 697 54488
1543 952 54489
1543 974 54490
1543 735 54491
1543 39 54492
1698 605 54493
283 277 54494
1543 1565 54495
1543 697 54496
1543 798 54497
1543 835 54498
1741 784 54499
1543 617 54500
1741 840 54501
1059 713 54502
1741 277 54503
1741 1029 54504
1741 1029 54505
1741 391 54506
1741 975 54507
1741 59 54508
1741 626 54509
1741 523 54510
1059 713 54511
1750 1799 54512
1799 8 54513
969 1416 54514
1543 1788 54515
1799 1750 54516
494 1436 54517
342 561 54518
1792 1285 54519
1344 1434 54520
1344 1786 54521
1792 1310 54522
1792 620 54523
768 1280 54524
1792 341 54525
44 1800 54526
1724 431 54527
1724 105 54528
95 1788 54529
95 1789 54530
561 1543 54531
431 1724 54532
561 342 54533
1416 969 54534
105 1724 54535
652 27 54536
1436 494 54537
727 561 54538
969 1756 54539
342 561 54540
1724 105 54541
1724 431 54542
140 557 54543
557 140 54544
818 1127 54545
818 1542 54546
818 32 54547
818 847 54548
140 557 54549
483 1543 54550
557 140 54551
140 557 54552
140 1281 54553
1281 140 54554
140 1281 54555
140 1781 54556
144 1472 54557
140 557 54558
1281 140 54559
557 140 54560
140 557 54561
140 1281 54562
557 140 54563
1543 561 54564
105 1724 54565
341 1792 54566
1543 483 54567
1796 67 54568
1543 1255 54569
67 1796 54570
1281 140 54571
67 657 54572
657 67 54573
67 657 54574
1796 67 54575
657 67 54576
67 657 54577
67 1796 54578
1231 1750 54579
1786 1546 54580
318 1543 54581
1280 768 54582
8 1799 54583
221 1792 54584
847 818 54585
821 583 54586
755 697 54587
105 27 54588
105 72 54589
105 995 54590
105 353 54591
483 1543 54592
1675 105 54593
1675 847 54594
1675 1543 54595
1675 67 54596
1 312 54597
1675 32 54598
1756 1485 54599
1756 1436 54600
1756 105 54601
1756 969 54602
1756 713 54603
1127 818 54604
1127 1796 54605
1796 95 54606
1796 1127 54607
1543 318 54608
27 105 54609
1543 1675 54610
1675 1543 54611
1543 483 54612
561 727 54613
415 997 54614
561 342 54615
1750 1796 54616
1750 561 54617
561 1543 54618
561 1750 54619
342 561 54620
431 1724 54621
1 312 54622
312 1 54623
1169 547 54624
1434 1344 54625
847 1675 54626
713 1167 54627
1750 561 54628
713 1756 54629
727 561 54630
713 1059 54631
105 1756 54632
105 1675 54633
1167 713 54634
1626 312 54635
318 1543 54636
27 620 54637
286 1756 54638
995 105 54639
105 995 54640
1059 713 54641
105 1783 54642
1792 341 54643
1792 221 54644
1756 713 54645
1783 393 54646
1756 286 54647
1724 431 54648
1724 105 54649
561 342 54650
1781 140 54651
561 727 54652
561 1750 54653
1713 561 54654
561 431 54655
1713 561 54656
175 95 54657
561 1713 54658
561 557 54659
1713 561 54660
557 561 54661
818 1127 54662
1285 1792 54663
105 1724 54664
1190 1285 54665
1190 1111 54666
1792 1285 54667
847 1255 54668
1255 847 54669
431 561 54670
1796 221 54671
431 1796 54672
431 561 54673
342 561 54674
342 1585 54675
1750 561 54676
342 843 54677
843 342 54678
342 843 54679
342 843 54680
1756 1255 54681
1434 847 54682
749 1724 54683
1724 749 54684
1724 105 54685
561 1713 54686
561 557 54687
561 431 54688
561 431 54689
561 342 54690
727 561 54691
830 1748 54692
561 1750 54693
847 1434 54694
431 561 54695
620 27 54696
1750 561 54697
27 620 54698
557 302 54699
557 561 54700
1255 1756 54701
1756 1255 54702
1756 483 54703
1542 818 54704
1 3 54705
1543 1796 54706
847 152 54707
821 483 54708
1675 847 54709
847 843 54710
843 847 54711
1 652 54712
483 821 54713
483 1756 54714
1 3 54715
32 1675 54716
1756 483 54717
1750 561 54718
1127 818 54719
652 1 54720
1052 1796 54721
1543 1675 54722
342 561 54723
1543 561 54724
1543 318 54725
95 175 54726
95 561 54727
105 1724 54728
847 843 54729
12 997 54730
1059 713 54731
1724 105 54732
105 1724 54733
312 1626 54734
1 652 54735
105 1308 54736
1724 105 54737
503 1316 54738
713 1059 54739
1255 1756 54740
1756 1255 54741
1756 503 54742
520 1792 54743
361 1749 54744
1285 1190 54745
167 1758 54746
1543 1343 54747
1543 1582 54748
1543 1312 54749
561 727 54750
561 431 54751
1624 1543 54752
1716 1624 54753
1624 1716 54754
561 1750 54755
561 1750 54756
561 557 54757
1801 1802 54758
561 1750 54759
1801 1800 54760
561 342 54761
561 1543 54762
557 561 54763
561 95 54764
561 557 54765
431 561 54766
431 561 54767
843 847 54768
342 561 54769
1434 847 54770
1312 1543 54771
1312 1543 54772
1485 1756 54773
19 1803 54774
19 1246 54775
1246 19 54776
19 1246 54777
19 1246 54778
561 557 54779
561 431 54780
1246 19 54781
557 561 54782
1542 1246 54783
1246 1542 54784
1246 1542 54785
1542 1246 54786
1542 1246 54787
1246 1542 54788
1542 1246 54789
1246 1542 54790
1542 44 54791
1542 1246 54792
1246 1542 54793
1542 1246 54794
1542 1750 54795
1750 1542 54796
1246 1542 54797
1542 1246 54798
1542 1246 54799
1246 1542 54800
1542 1246 54801
1246 1542 54802
1542 1246 54803
1246 1542 54804
1542 1246 54805
1332 1624 54806
1246 1542 54807
1783 1246 54808
1542 1246 54809
105 1724 54810
1246 1542 54811
431 561 54812
1786 1517 54813
1517 1786 54814
1796 431 54815
1796 1052 54816
1343 1543 54817
431 1796 54818
1343 1517 54819
1786 1517 54820
1626 312 54821
847 1434 54822
847 843 54823
847 1675 54824
1771 1340 54825
1 3 54826
1796 67 54827
1675 847 54828
1675 32 54829
1675 1543 54830
1 3 54831
1762 1281 54832
105 1675 54833
1675 105 54834
1255 1756 54835
415 1343 54836
1756 1485 54837
1543 1312 54838
1543 1312 54839
1543 1624 54840
1543 561 54841
1312 1543 54842
95 1796 54843
95 1246 54844
1246 95 54845
1316 503 54846
1804 1543 54847
1543 1804 54848
1804 1543 54849
105 1675 54850
1543 1675 54851
847 8 54852
1543 1312 54853
312 1626 54854
1624 1332 54855
1624 1543 54856
1308 105 54857
1308 1716 54858
1543 1316 54859
1312 1543 54860
1730 1783 54861
1789 95 54862
1542 1246 54863
1246 1542 54864
1543 1312 54865
1542 1246 54866
1434 847 54867
1543 1624 54868
1246 1542 54869
1624 1543 54870
821 483 54871
27 1285 54872
483 821 54873
1796 1750 54874
105 1308 54875
125 1796 54876
1713 1246 54877
125 131 54878
1783 1730 54879
843 847 54880
1246 1713 54881
561 557 54882
561 431 54883
561 1543 54884
431 561 54885
561 431 54886
821 483 54887
1343 415 54888
1312 1543 54889
44 1542 54890
1796 1343 54891
431 561 54892
1686 1796 54893
1796 1686 54894
27 1686 54895
1686 27 54896
1686 1796 54897
1796 1686 54898
1713 868 54899
1756 144 54900
1542 44 54901
144 1756 54902
1542 1246 54903
1756 144 54904
415 1343 54905
1756 212 54906
95 1789 54907
634 1796 54908
1796 634 54909
193 1805 54910
193 1565 54911
131 125 54912
1796 95 54913
634 1796 54914
1332 1624 54915
847 1434 54916
1624 1332 54917
557 561 54918
1786 1280 54919
1332 1585 54920
27 1686 54921
145 810 54922
341 1338 54923
1308 105 54924
1 312 54925
1 3 54926
1626 312 54927
1081 1342 54928
1756 1255 54929
1543 1624 54930
1543 561 54931
1543 1312 54932
1804 1543 54933
1804 1543 54934
1804 1543 54935
1246 1542 54936
1624 1543 54937
1332 1246 54938
561 1543 54939
1 312 54940
681 1792 54941
681 1789 54942
1312 1543 54943
456 143 54944
727 561 54945
1312 1543 54946
1246 1332 54947
749 1724 54948
1280 1786 54949
95 1246 54950
95 561 54951
1111 1190 54952
95 1796 54953
1603 1127 54954
312 1626 54955
1052 1796 54956
1246 95 54957
1543 1312 54958
1543 1624 54959
1543 561 54960
36 1 54961
224 621 54962
105 1308 54963
1624 1543 54964
1332 1246 54965
1332 713 54966
1796 1052 54967
224 1796 54968
1312 1543 54969
1724 749 54970
494 1436 54971
1246 1332 54972
503 1756 54973
503 1316 54974
503 1316 54975
621 224 54976
1750 538 54977
67 1796 54978
1542 583 54979
1509 847 54980
1332 1246 54981
1285 27 54982
95 1246 54983
95 1246 54984
1127 1603 54985
1246 95 54986
224 770 54987
224 770 54988
224 621 54989
1756 503 54990
1565 193 54991
868 95 54992
95 868 54993
868 95 54994
95 868 54995
868 95 54996
95 868 54997
868 95 54998
95 868 54999
868 95 55000
95 868 55001
868 95 55002
95 868 55003
868 95 55004
1332 1246 55005
538 615 55006
1246 1332 55007
615 538 55008
105 1789 55009
1042 1792 55010
1624 1042 55011
1624 398 55012
1624 95 55013
749 1724 55014
12 1312 55015
503 1756 55016
398 1624 55017
1312 12 55018
1624 398 55019
1783 1624 55020
1624 1783 55021
1783 1624 55022
1783 1624 55023
1624 1783 55024
1624 1783 55025
1783 1624 55026
1624 1783 55027
1783 1624 55028
1542 1246 55029
1724 749 55030
1796 224 55031
193 1565 55032
1343 1796 55033
1343 415 55034
1756 503 55035
1246 1542 55036
1624 1756 55037
621 224 55038
1517 1786 55039
1517 1343 55040
175 95 55041
1796 125 55042
12 1312 55043
12 1343 55044
12 143 55045
415 997 55046
1716 1796 55047
125 1796 55048
503 1756 55049
1542 1246 55050
415 1343 55051
561 1543 55052
561 727 55053
561 95 55054
810 145 55055
810 175 55056
1285 393 55057
1343 12 55058
1343 415 55059
1343 1517 55060
95 1624 55061
1756 1624 55062
1624 95 55063
1624 1756 55064
1756 503 55065
1756 1624 55066
503 1756 55067
393 1285 55068
1285 393 55069
175 810 55070
415 1343 55071
105 615 55072
1781 1783 55073
19 1246 55074
1373 1792 55075
105 1373 55076
105 175 55077
1343 415 55078
105 1781 55079
105 783 55080
1312 12 55081
1781 105 55082
105 1781 55083
105 1624 55084
1624 105 55085
415 1343 55086
105 1624 55087
1781 105 55088
1624 105 55089
105 1781 55090
105 1624 55091
1796 95 55092
1796 1716 55093
105 32 55094
32 105 55095
105 32 55096
32 1675 55097
32 1789 55098
32 125 55099
1783 1781 55100
1781 1783 55101
1783 1781 55102
1781 1783 55103
1783 1781 55104
1781 1783 55105
615 105 55106
1783 1781 55107
1781 1783 55108
1783 1781 55109
105 615 55110
1781 1783 55111
1783 1781 55112
1781 1783 55113
1783 1781 55114
1781 1783 55115
1783 1781 55116
1781 1783 55117
1783 1781 55118
1781 1783 55119
1398 856 55120
1783 1781 55121
1781 1783 55122
1783 1781 55123
32 1255 55124
32 105 55125
105 32 55126
1585 1332 55127
1585 1280 55128
105 1585 55129
1585 105 55130
105 1585 55131
105 44 55132
1343 415 55133
1543 1312 55134
1312 1543 55135
1543 561 55136
1312 1543 55137
1543 1312 55138
1312 1543 55139
1543 1312 55140
1543 1312 55141
1312 1543 55142
1312 1543 55143
1543 1312 55144
1543 1312 55145
1312 1543 55146
95 1246 55147
1312 1543 55148
1543 1312 55149
1312 1543 55150
1312 1543 55151
1543 1312 55152
1312 1543 55153
1543 1312 55154
1312 1543 55155
1543 1312 55156
1312 1543 55157
95 1796 55158
1543 1312 55159
1312 1543 55160
1543 1312 55161
1312 1543 55162
1543 1312 55163
175 105 55164
615 105 55165
1253 492 55166
105 175 55167
105 615 55168
105 1730 55169
415 1343 55170
415 1781 55171
1688 277 55172
393 1285 55173
19 1624 55174
19 1046 55175
1624 19 55176
19 1624 55177
19 1624 55178
19 1806 55179
19 1806 55180
1624 19 55181
19 1624 55182
95 1624 55183
19 1645 55184
19 1645 55185
19 434 55186
615 105 55187
19 1624 55188
19 443 55189
19 443 55190
19 443 55191
105 615 55192
1749 361 55193
19 1749 55194
967 308 55195
1332 1585 55196
1546 1786 55197
1546 1554 55198
1280 1585 55199
1675 32 55200
1675 1543 55201
27 1285 55202
1543 1675 55203
523 585 55204
1624 19 55205
1624 95 55206
713 696 55207
713 1059 55208
639 105 55209
1791 574 55210
1783 523 55211
1059 713 55212
1436 518 55213
1807 3 55214
32 105 55215
1474 1493 55216
1474 1793 55217
1474 1375 55218
32 1675 55219
1756 503 55220
105 32 55221
105 639 55222
1807 3 55223
32 105 55224
95 1624 55225
1624 95 55226
32 1807 55227
1624 697 55228
1807 32 55229
1624 105 55230
1543 639 55231
1543 1808 55232
503 1756 55233
561 1543 55234
105 1624 55235
105 32 55236
1713 503 55237
105 367 55238
770 1021 55239
770 311 55240
105 595 55241
770 595 55242
1285 393 55243
1756 503 55244
1285 27 55245
503 1756 55246
503 1713 55247
1624 105 55248
1756 503 55249
105 1624 55250
1343 415 55251
415 1343 55252
1343 415 55253
1624 105 55254
415 1343 55255
105 1624 55256
415 1343 55257
1624 105 55258
105 1624 55259
1624 105 55260
1624 105 55261
1436 144 55262
105 1624 55263
105 1132 55264
1132 105 55265
105 1132 55266
1624 105 55267
856 1398 55268
105 1624 55269
1132 105 55270
1624 105 55271
144 1436 55272
105 1132 55273
105 1624 55274
105 1771 55275
1545 1332 55276
1332 1545 55277
1686 831 55278
1686 1132 55279
831 1686 55280
1686 831 55281
831 1686 55282
1487 1626 55283
1686 831 55284
831 1686 55285
1398 856 55286
1686 831 55287
105 1027 55288
1686 783 55289
393 1285 55290
831 1686 55291
831 1686 55292
32 105 55293
32 1807 55294
32 1749 55295
32 1809 55296
32 105 55297
105 32 55298
308 967 55299
1543 561 55300
19 1624 55301
503 1756 55302
105 697 55303
1624 19 55304
967 308 55305
105 180 55306
105 1168 55307
180 105 55308
105 180 55309
180 105 55310
105 180 55311
1756 503 55312
302 557 55313
27 1285 55314
586 396 55315
713 1059 55316
3 1807 55317
1 36 55318
1543 1618 55319
503 1756 55320
400 710 55321
1756 503 55322
503 1756 55323
1562 503 55324
1756 503 55325
810 175 55326
727 561 55327
105 1624 55328
1624 105 55329
1686 697 55330
1686 27 55331
27 1686 55332
1624 1810 55333
1373 105 55334
503 1756 55335
503 1562 55336
1756 503 55337
1289 639 55338
768 1280 55339
503 1756 55340
1280 768 55341
1756 503 55342
1717 1026 55343
583 1542 55344
1792 1644 55345
105 1373 55346
105 1624 55347
674 569 55348
1493 1474 55349
1285 1600 55350
1332 1545 55351
1603 1127 55352
431 983 55353
342 1603 55354
260 1783 55355
1132 1686 55356
357 525 55357
1756 245 55358
502 1397 55359
856 1398 55360
1343 415 55361
1343 415 55362
1582 1543 55363
415 1343 55364
1582 1585 55365
19 1624 55366
1730 105 55367
105 1730 55368
1783 1730 55369
1730 1783 55370
1783 1730 55371
1730 1783 55372
1783 1730 55373
1730 1783 55374
1783 1730 55375
605 1698 55376
1783 221 55377
1756 1485 55378
1543 1582 55379
710 400 55380
710 245 55381
503 1756 55382
1562 503 55383
1793 1474 55384
42 1280 55385
1713 3 55386
180 3 55387
67 180 55388
180 67 55389
3 1713 55390
67 180 55391
180 3 55392
3 180 55393
1713 3 55394
180 67 55395
67 180 55396
180 67 55397
67 180 55398
180 67 55399
67 180 55400
180 67 55401
180 67 55402
67 180 55403
105 1132 55404
3 180 55405
1756 503 55406
503 1756 55407
1756 503 55408
1397 502 55409
9 1190 55410
1585 1582 55411
713 1059 55412
63 494 55413
12 1312 55414
12 1343 55415
95 1624 55416
95 175 55417
95 561 55418
95 1190 55419
95 1322 55420
1312 12 55421
1811 525 55422
1543 1312 55423
503 1756 55424
67 697 55425
105 1624 55426
105 561 55427
1624 105 55428
561 95 55429
105 1624 55430
1624 105 55431
525 1811 55432
525 1811 55433
525 357 55434
1811 525 55435
105 1624 55436
1624 105 55437
1343 415 55438
1756 503 55439
105 1624 55440
415 1343 55441
1624 105 55442
105 1624 55443
1624 105 55444
105 1624 55445
1624 105 55446
105 1624 55447
1624 105 55448
105 1624 55449
1624 105 55450
105 1624 55451
1624 105 55452
1132 105 55453
105 1132 55454
105 1624 55455
1132 105 55456
1624 105 55457
105 1132 55458
105 1624 55459
1624 456 55460
1624 105 55461
456 1624 55462
1624 456 55463
105 1624 55464
1624 105 55465
456 1624 55466
456 1624 55467
1624 456 55468
105 1624 55469
1624 456 55470
456 1624 55471
456 1624 55472
1624 105 55473
1624 456 55474
1624 456 55475
105 1624 55476
1624 105 55477
456 1132 55478
456 1624 55479
105 1624 55480
1624 456 55481
1624 105 55482
456 1624 55483
456 1624 55484
1624 456 55485
105 1624 55486
1624 105 55487
105 1624 55488
1624 105 55489
105 1624 55490
1624 105 55491
105 1624 55492
561 1543 55493
1280 42 55494
561 105 55495
105 561 55496
561 727 55497
561 105 55498
1812 1813 55499
1029 1741 55500
105 561 55501
525 1811 55502
1802 1801 55503
1762 1281 55504
538 224 55505
224 538 55506
1190 9 55507
1783 538 55508
224 538 55509
969 1669 55510
1669 969 55511
1281 1762 55512
967 27 55513
538 224 55514
538 1783 55515
538 224 55516
503 1756 55517
1741 1796 55518
1472 847 55519
1756 503 55520
27 967 55521
1543 561 55522
143 12 55523
1042 1624 55524
503 1756 55525
224 538 55526
357 525 55527
357 525 55528
1756 503 55529
1624 1042 55530
1624 1340 55531
713 1059 55532
538 224 55533
12 1312 55534
224 538 55535
1312 12 55536
1312 1543 55537
538 224 55538
224 538 55539
1543 1312 55540
538 224 55541
224 538 55542
272 674 55543
1280 1287 55544
1585 1669 55545
503 1756 55546
1669 1585 55547
1811 1814 55548
244 142 55549
1624 1811 55550
1814 1811 55551
1756 503 55552
1811 1624 55553
1624 1811 55554
175 810 55555
1474 1793 55556
1474 1375 55557
503 1756 55558
1756 503 55559
245 710 55560
1756 1624 55561
1624 1756 55562
1624 105 55563
1756 1624 55564
105 1624 55565
1624 1756 55566
1624 105 55567
105 1624 55568
1756 1624 55569
1624 105 55570
585 523 55571
969 1669 55572
105 1624 55573
1624 1756 55574
1624 105 55575
396 586 55576
1624 224 55577
105 1624 55578
696 713 55579
561 1543 55580
561 105 55581
357 1796 55582
1488 298 55583
1343 415 55584
1343 12 55585
1796 67 55586
105 561 55587
1669 969 55588
1312 1543 55589
561 105 55590
105 561 55591
1582 1543 55592
105 874 55593
1762 1281 55594
1585 1669 55595
494 63 55595
1585 1349 55596
415 1343 55597
1026 1717 55598
423 1026 55599
1026 423 55600
1338 1815 55601
1669 1585 55602
105 1771 55603
105 474 55604
1186 1816 55605
1167 396 55606
1167 809 55607
1543 1582 55608
1543 1312 55609
1543 561 55610
1543 1624 55611
713 696 55612
1312 1543 55613
518 1436 55614
1624 1543 55615
1811 525 55616
298 1488 55617
1786 1344 55618
1436 518 55619
969 1669 55620
503 1756 55621
1543 1312 55622
1543 1624 55623
1756 503 55624
63 494 55625
525 1811 55626
1625 105 55627
1488 298 55628
847 1488 55629
503 1756 55630
1362 1608 55631
1756 503 55632
1603 342 55633
1312 1543 55634
342 1603 55635
456 1313 55636
503 1756 55637
696 713 55638
1312 1344 55639
105 1625 55640
525 357 55641
105 1731 55642
1756 503 55643
1756 1624 55644
1346 1314 55645
1313 456 55646
503 1756 55647
415 1467 55648
1669 969 55649
1756 503 55650
12 1343 55651
12 1312 55652
12 143 55653
1344 1312 55654
1344 1786 55655
1167 1050 55656
503 1756 55657
847 1280 55658
1756 503 55659
1543 1312 55660
494 63 55661
1312 1344 55662
1312 1543 55663
1312 1344 55664
1316 1543 55665
1316 503 55666
518 1436 55667
523 32 55668
523 182 55669
523 1635 55670
523 141 55671
523 1332 55672
523 1149 55673
523 1817 55674
523 629 55675
523 36 55676
523 875 55677
523 612 55678
523 89 55679
523 1806 55680
523 64 55681
523 1114 55682
523 899 55683
523 1818 55684
523 591 55685
523 15 55686
523 1380 55687
523 1182 55688
523 1819 55689
523 1820 55690
523 70 55691
523 44 55692
523 920 55693
523 111 55694
523 172 55695
523 137 55696
523 418 55697
523 1821 55698
523 298 55699
523 1822 55700
523 708 55701
523 1823 55702
523 799 55703
523 1137 55704
523 846 55705
523 1541 55706
523 1566 55707
523 1041 55708
523 1394 55709
523 328 55710
523 334 55711
523 812 55712
523 118 55713
523 1824 55714
523 1825 55715
523 122 55716
523 1592 55717
523 1826 55718
523 1827 55719
523 1343 55720
523 1022 55721
523 1814 55722
1032 523 55723
1624 1756 55724
1814 175 55725
1814 8 55726
1814 523 55727
12 1808 55728
1310 561 55729
105 1789 55730
357 525 55731
1310 1792 55732
396 1472 55733
525 357 55734
1344 1312 55735
431 561 55736
1472 396 55737
1608 1362 55738
143 12 55739
1436 518 55740
1312 1387 55741
12 143 55742
1641 1619 55743
1362 1608 55744
95 626 55745
105 1771 55746
105 367 55747
1808 12 55748
1808 95 55749
12 1808 55750
95 1808 55751
1789 681 55752
1789 1472 55753
1472 1789 55754
1771 105 55755
1789 1472 55756
105 1771 55757
1608 1362 55758
1472 1789 55759
1771 105 55760
105 1771 55761
1771 105 55762
105 1771 55763
1771 105 55764
105 1789 55765
105 1771 55766
1789 105 55767
105 1789 55768
1771 1789 55769
1771 105 55770
1686 1789 55771
105 1771 55772
1789 1686 55773
1789 1771 55774
1789 105 55775
105 1789 55776
1771 1789 55777
1789 1771 55778
1789 105 55779
1771 1789 55780
105 1789 55781
1789 105 55782
105 1789 55783
1789 105 55784
105 1789 55785
1789 105 55786
105 1789 55787
503 1756 55788
1686 27 55789
847 152 55790
152 847 55791
152 847 55792
847 152 55793
152 847 55794
1792 1310 55795
1280 847 55796
1669 1641 55797
1786 1280 55798
393 193 55799
1675 32 55800
1675 1543 55801
1783 1675 55802
1675 1783 55803
1783 1675 55804
95 1403 55805
1052 1796 55806
547 1246 55807
1052 1789 55808
809 1167 55809
1332 523 55810
1808 12 55811
1808 95 55812
1246 547 55813
1280 1786 55814
1783 1183 55815
193 393 55816
1387 1312 55817
561 431 55818
561 1310 55819
561 105 55820
105 561 55821
561 1543 55822
561 105 55823
12 1808 55824
175 1814 55825
1312 1387 55826
1648 719 55827
1167 809 55828
1808 12 55829
1167 809 55830
32 523 55831
32 1675 55832
12 1808 55833
12 32 55834
12 398 55835
431 561 55836
1543 52 55837
1310 561 55838
63 494 55839
1741 783 55840
523 32 55841
523 1332 55842
620 27 55843
809 1167 55844
582 27 55845
1 1626 55846
1675 32 55847
1675 1783 55848
27 620 55849
1808 12 55850
1488 847 55851
1167 809 55852
398 12 55853
398 12 55854
1485 1756 55855
547 1246 55856
1543 1675 55857
620 27 55858
847 1488 55859
1543 561 55860
27 620 55861
809 1167 55862
809 1167 55863
1756 503 55864
1756 1485 55865
1624 456 55866
105 561 55867
768 1280 55868
1167 809 55869
494 63 55870
1814 175 55871
32 1403 55872
105 1395 55873
1540 48 55874
1540 249 55875
12 398 55876
12 868 55877
12 1808 55878
12 1246 55879
1280 768 55880
620 27 55881
27 620 55882
105 697 55883
105 697 55883
1132 341 55884
398 12 55885
105 1624 55886
1624 105 55887
105 1624 55888
1624 105 55889
105 1624 55890
1624 105 55891
105 1624 55892
1624 105 55893
1713 561 55894
105 1624 55895
1756 1629 55896
1624 105 55897
175 1814 55898
105 1624 55899
1624 105 55900
105 1624 55901
1624 105 55902
105 1624 55903
1624 105 55904
105 1624 55905
1624 105 55906
105 1624 55907
868 12 55908
1624 105 55909
12 868 55910
12 868 55911
868 12 55912
12 398 55913
868 12 55914
12 868 55915
398 12 55916
105 1624 55917
12 868 55918
868 12 55919
12 868 55920
868 12 55921
1624 105 55922
12 868 55923
12 398 55924
868 12 55925
1624 398 55926
105 1624 55927
1624 105 55928
12 868 55929
105 1624 55930
868 12 55931
12 868 55932
868 12 55933
12 868 55934
1624 105 55935
398 12 55936
105 1624 55937
868 12 55938
1624 105 55939
12 1624 55940
1624 12 55941
398 1624 55942
12 868 55943
12 1624 55944
1624 398 55945
1624 12 55946
12 1624 55947
1624 12 55948
12 1624 55949
12 868 55950
1624 12 55951
868 12 55952
868 12 55953
398 1624 55954
105 1624 55955
1624 105 55956
1624 398 55957
398 1624 55958
398 1624 55959
1624 398 55960
1624 398 55961
398 1624 55962
1624 398 55963
398 1624 55964
1624 398 55965
398 1624 55966
1624 398 55967
398 1624 55968
1624 398 55969
398 1624 55970
1624 398 55971
398 1624 55972
1624 398 55973
398 1624 55974
398 1624 55975
398 1624 55976
105 1624 55977
1624 398 55978
1624 398 55979
1624 105 55980
105 1624 55981
398 1624 55982
1624 105 55983
1488 847 55984
105 1624 55985
32 12 55986
12 32 55987
1545 1332 55988
1545 1556 55989
1783 204 55990
1217 1344 55991
783 1741 55992
105 1743 55993
847 1021 55994
221 1783 55995
221 1796 55996
105 415 55997
415 105 55998
105 415 55999
105 927 56000
1314 1346 56001
32 12 56002
561 1713 56003
561 105 56004
561 1543 56005
713 696 56006
561 431 56007
561 1310 56008
1789 1052 56009
1789 36 56010
1789 456 56011
1624 456 56012
456 1789 56013
431 561 56014
1167 454 56015
105 561 56016
1362 1608 56017
681 1789 56018
810 175 56019
334 523 56020
1344 1217 56021
41 1828 56022
41 1807 56023
41 176 56024
41 176 56025
41 176 56026
41 176 56027
41 176 56028
41 176 56029
1713 495 56030
12 32 56031
456 1542 56032
1246 547 56033
1783 1246 56034
32 1829 56035
1713 617 56036
175 810 56037
1608 1362 56038
51 1436 56039
970 1641 56040
1698 605 56041
1542 456 56042
1310 561 56043
12 868 56044
1042 1624 56045
63 494 56046
456 1542 56047
456 415 56048
1585 1788 56049
1542 456 56050
1183 1783 56051
1798 1797 56052
503 1756 56053
298 970 56054
456 1542 56055
429 1167 56056
1543 561 56057
1167 429 56058
868 12 56059
1756 503 56060
1556 1545 56061
1237 843 56062
1542 456 56063
415 1676 56064
456 1542 56065
518 1830 56066
1624 1042 56067
193 393 56068
1246 547 56069
547 1246 56070
983 431 56071
249 1540 56072
1542 456 56073
494 63 56074
431 983 56075
456 1542 56076
1436 51 56077
95 1808 56078
582 1436 56079
1624 456 56080
456 1624 56081
1624 456 56082
1624 456 56083
1624 1398 56084
1398 1624 56085
1398 1624 56086
1624 1398 56087
1624 1398 56088
1398 1624 56089
1624 1398 56090
1398 1624 56091
1543 405 56092
1624 1398 56093
1398 1624 56094
1624 1398 56095
1624 719 56096
1127 1749 56097
51 1775 56098
1624 1398 56099
843 1237 56100
1542 456 56101
456 1542 56102
456 1097 56103
1246 547 56104
1783 405 56105
429 1167 56106
415 1343 56107
1624 456 56108
63 494 56109
673 1127 56110
51 1436 56111
1346 1314 56112
1592 523 56113
494 63 56114
673 415 56115
415 673 56116
673 415 56117
415 673 56118
673 415 56119
1815 1338 56120
1641 970 56121
201 143 56122
95 1624 56123
980 1603 56124
523 334 56125
547 1246 56126
1127 105 56127
1127 32 56128
561 1310 56129
561 431 56130
561 1543 56131
1042 1624 56132
1784 3 56133
1624 95 56134
1624 1042 56135
105 1127 56136
32 1127 56137
431 561 56138
431 1831 56139
1831 431 56140
431 1831 56141
145 810 56142
673 32 56143
509 1026 56144
1784 3 56145
1784 3 56146
1167 429 56147
1167 809 56148
810 145 56149
1807 41 56150
1807 289 56151
1807 32 56152
1314 1346 56153
1624 1626 56154
1624 1704 56155
1624 12 56156
1704 1624 56157
1624 1704 56158
809 1167 56159
1626 1624 56160
1026 509 56161
1624 1626 56162
1783 673 56163
1783 1624 56164
1624 1783 56165
1624 456 56166
1246 547 56167
32 673 56168
32 1807 56169
1807 32 56170
12 1831 56171
617 1543 56172
868 12 56173
617 1713 56174
1050 1049 56175
617 431 56176
1050 1454 56177
1783 1231 56178
1485 1756 56179
673 32 56180
673 1783 56181
503 1756 56182
1784 3 56183
431 617 56184
1375 1756 56185
1375 1474 56186
1375 1474 56187
719 1624 56188
1756 503 56189
12 868 56190
1762 1281 56191
1217 1344 56192
1585 393 56193
1285 1000 56194
32 673 56195
32 1831 56196
1543 617 56197
1543 561 56198
1543 1831 56199
95 1624 56200
95 1796 56201
673 32 56202
503 1756 56203
1436 582 56204
1436 51 56205
1624 719 56206
1624 95 56207
95 1624 56208
67 32 56209
308 415 56210
308 967 56211
1624 95 56212
1603 980 56213
1756 503 56214
582 1436 56215
51 1217 56216
1546 32 56217
1624 479 56218
32 1546 56219
32 67 56220
1436 582 56221
95 1624 56222
277 1688 56223
1624 95 56224
1332 1730 56225
1545 1332 56226
63 494 56227
51 1436 56228
1436 51 56229
51 1436 56230
95 1624 56231
12 1312 56232
3 36 56233
3 44 56234
1784 3 56235
1784 3 56236
1784 3 56237
1546 32 56238
799 523 56239
1 3 56240
1784 3 56241
32 1546 56242
443 1543 56243
1312 12 56244
398 673 56245
1042 1624 56246
398 1397 56247
398 1397 56248
1127 32 56249
1127 105 56250
1127 456 56251
582 1436 56252
1397 398 56253
398 1397 56254
456 1127 56255
768 1280 56256
1280 1403 56257
1403 95 56258
1403 1280 56259
1231 1783 56260
1784 3 56261
1784 3 56262
1783 1231 56263
1436 51 56264
1436 582 56265
1741 1832 56266
398 1013 56267
105 1127 56268
1280 1403 56269
1624 95 56270
1624 1042 56271
67 783 56272
617 431 56273
617 1713 56274
1535 1434 56275
1713 617 56276
431 617 56277
1127 105 56278
1543 443 56279
1565 67 56280
983 431 56281
189 44 56282
143 201 56283
1397 398 56284
1315 1724 56285
503 1756 56286
334 523 56287
1434 1535 56288
1343 415 56289
673 1403 56290
398 1397 56291
95 1624 56292
398 697 56293
1676 415 56294
398 1644 56295
398 1676 56296
398 1676 56297
1676 398 56298
398 1676 56299
1676 398 56300
1724 1315 56301
1783 1724 56302
1724 1783 56303
1546 1786 56304
1624 95 56305
398 1624 56306
1231 1783 56307
1796 95 56308
1587 673 56309
673 1587 56310
1403 673 56311
1756 503 56312
1786 1280 56313
809 308 56314
1644 398 56315
1644 456 56316
456 1644 56317
431 1587 56318
456 1644 56319
1644 456 56320
1644 456 56321
398 1644 56322
1783 1231 56323
357 1403 56324
1644 398 56325
1231 1783 56326
249 1026 56327
398 1644 56328
398 1644 56329
1783 1231 56330
1190 394 56331
1624 398 56332
1315 1724 56333
398 1624 56334
1013 398 56335
1403 357 56336
32 1127 56337
1783 697 56338
204 1783 56339
423 447 56340
429 1167 56341
9 1644 56342
1026 249 56343
1253 1168 56344
1167 429 56345
503 1756 56346
415 1343 56347
456 1132 56348
456 1132 56349
1624 456 56350
357 1403 56351
456 1132 56352
1168 1253 56353
105 1127 56354
1624 105 56355
198 1565 56356
970 1641 56357
1280 1786 56358
105 1624 56359
67 1809 56360
1562 1517 56361
1517 1562 56362
1231 1783 56363
289 1807 56364
970 1565 56365
557 302 56366
617 1713 56367
617 431 56368
1403 357 56369
3 32 56370
357 1403 56371
431 617 56372
95 1624 56373
95 1796 56374
95 561 56375
1644 9 56376
1644 398 56377
1624 95 56378
1756 1375 56379
1783 1231 56380
67 1403 56381
1756 503 56382
36 1789 56383
503 1756 56384
398 1644 56385
697 1783 56386
1403 67 56387
1127 1227 56388
12 1312 56389
1831 32 56390
12 1624 56391
1624 12 56392
1831 1543 56393
32 3 56394
12 1624 56395
1831 12 56396
398 1644 56397
1756 503 56398
1624 12 56399
183 1676 56400
105 1831 56401
1724 1315 56402
1312 12 56403
105 1624 56404
1624 105 56405
95 1624 56406
1624 95 56407
95 1624 56408
1831 105 56409
1808 95 56410
1624 95 56411
1783 697 56412
1713 617 56413
1831 1752 56414
105 1831 56415
105 1624 56416
1831 105 56417
105 1831 56418
357 1403 56419
456 1132 56420
67 1675 56421
398 1781 56422
1781 398 56423
447 423 56424
398 1781 56425
1079 27 56426
398 1781 56427
1079 27 56428
398 447 56429
398 90 56430
1517 710 56431
983 1079 56432
1231 1783 56433
1079 983 56434
710 1517 56435
27 1079 56436
1543 1831 56437
1789 456 56438
1789 681 56439
1789 36 56440
847 1132 56441
1644 398 56442
1132 456 56443
1132 847 56444
697 642 56445
67 1831 56446
67 1403 56447
1403 357 56448
1403 67 56449
67 1403 56450
642 697 56451
1403 67 56452
1079 27 56453
398 1644 56454
398 1644 56455
1644 398 56456
398 1644 56457
1752 1831 56458
1097 456 56459
1781 398 56460
1624 1781 56461
605 1698 56462
1624 520 56463
1676 183 56464
1676 183 56465
36 1789 56466
983 1079 56467
983 985 56468
1783 1231 56469
1783 1831 56470
1406 260 56471
1831 1783 56472
697 642 56473
1231 1783 56474
1248 131 56475
1783 1831 56476
1783 1231 56477
1789 36 56478
1789 32 56479
1789 44 56480
847 1132 56481
398 1781 56482
642 697 56483
32 1789 56484
67 32 56485
51 1436 56486
1517 710 56487
1 312 56488
1 132 56489
1675 67 56490
1756 1675 56491
697 642 56492
1079 983 56493
32 67 56494
1756 1624 56495
1624 1756 56496
1756 1624 56497
1831 1783 56498
1789 32 56499
1231 1783 56500
561 95 56501
1783 1831 56502
561 1543 56503
1543 561 56504
1624 1756 56505
1756 1624 56506
1624 1756 56507
1756 1624 56508
1624 1756 56509
1756 1624 56510
398 1624 56511
1624 398 56512
398 1624 56513
132 1 56514
1624 398 56515
398 1624 56516
1756 1624 56517
1624 398 56518
1624 1756 56519
1756 1624 56520
1624 1756 56521
1756 1624 56522
1624 1756 56523
398 1624 56524
1624 398 56525
398 1624 56526
32 1789 56527
1624 398 56528
1624 1398 56529
398 1624 56530
561 1750 56531
1543 1312 56532
1 132 56533
1562 1517 56534
1807 289 56535
1474 1375 56536
1644 1758 56537
617 1713 56538
1675 1756 56539
342 27 56540
1756 1675 56541
27 342 56542
132 1 56543
312 1 56544
557 561 56545
1624 557 56546
983 1079 56547
1127 1573 56548
342 561 56549
1758 1644 56550
847 1488 56551
1 312 56552
561 557 56553
561 342 56554
1756 1833 56555
843 1834 56556
843 1835 56557
1675 1756 56558
810 1792 56559
1042 1624 56560
1042 1675 56561
697 492 56562
1132 847 56563
42 1724 56564
42 27 56565
1644 1758 56566
1644 398 56567
1644 1758 56568
67 1403 56569
398 1644 56570
1434 1312 56571
710 1517 56572
1675 1042 56573
847 1132 56574
456 1132 56575
809 1167 56576
1359 1343 56577
620 27 56578
1713 617 56579
393 1585 56580
1836 1291 56581
1836 1321 56582
1836 1393 56583
1836 375 56584
1836 143 56585
1836 697 56586
1836 398 56587
1836 1340 56588
1836 699 56589
398 1836 56590
398 1836 56591
1629 1756 56592
1836 398 56593
398 1836 56594
1836 398 56595
95 1403 56596
398 1836 56597
1836 398 56598
398 1836 56599
95 1808 56600
95 1624 56601
1624 95 56602
95 1624 56603
1624 95 56604
95 1624 56605
1836 398 56606
1836 1249 56607
95 561 56608
95 1452 56609
681 1837 56610
557 1624 56611
145 810 56612
1332 1737 56613
557 561 56614
1281 1762 56615
1332 1312 56616
1624 557 56617
1312 1434 56618
1312 1332 56619
503 1756 56620
699 1836 56621
398 1836 56622
1758 1644 56623
1758 1644 56624
1758 1644 56625
260 1406 56626
67 1675 56627
617 1713 56628
770 639 56629
770 617 56630
617 770 56631
1167 809 56632
1750 561 56633
1675 67 56634
1132 847 56635
1132 456 56636
1 1626 56637
1 312 56638
1626 1 56639
1756 503 56640
1756 1675 56641
1756 1629 56642
312 1 56643
1626 312 56644
312 1626 56645
1626 312 56646
557 1624 56647
312 1626 56648
1626 312 56649
312 1626 56650
1626 312 56651
312 1626 56652
1624 557 56653
193 1565 56654
557 1624 56655
1624 557 56656
1624 557 56657
557 1624 56658
1626 312 56659
67 1675 56660
1624 341 56661
341 1624 56662
394 1190 56663
1624 341 56664
810 175 56665
1624 1052 56666
1624 810 56667
1052 1624 56668
1624 1052 56669
1624 755 56670
146 3 56671
1781 755 56672
1675 67 56673
1675 1756 56674
1675 67 56675
1624 105 56676
3 146 56677
3 146 56678
1 312 56679
1644 1758 56680
697 808 56681
1624 1811 56682
1624 95 56683
1756 1781 56684
95 1624 56685
1756 1675 56686
561 1750 56687
561 557 56688
1282 1543 56689
561 95 56690
431 561 56691
1 1626 56692
1 132 56693
697 95 56694
1783 710 56695
27 42 56696
27 620 56697
1724 42 56698
1811 1624 56699
1624 1811 56700
1800 44 56701
1332 1312 56702
1836 536 56703
1800 1801 56704
1657 1624 56705
1543 975 56706
1624 1657 56707
1624 725 56708
1781 1756 56709
429 1720 56710
429 1700 56711
429 372 56712
146 3 56713
44 1 56714
1 44 56715
44 1 56716
1 44 56717
44 1 56718
1406 843 56719
621 830 56720
621 1647 56721
32 1838 56722
1836 398 56723
843 1406 56724
398 1836 56725
1792 1052 56726
1 44 56727
1434 1312 56728
105 1624 56729
3 1649 56730
847 1132 56731
1750 561 56732
536 1836 56733
1756 429 56734
1127 1340 56735
52 1543 56736
1641 970 56737
1237 843 56738
1038 132 56739
1052 1792 56740
1756 1781 56741
557 561 56742
1543 1282 56743
1543 52 56744
1543 109 56745
1675 1543 56746
1771 1127 56747
1312 1434 56748
27 652 56749
9 1644 56750
9 1190 56751
9 1255 56752
9 1255 56753
9 1255 56754
9 1255 56755
9 1308 56756
9 1839 56757
9 1839 56758
561 557 56759
561 1750 56760
398 1624 56761
1624 398 56762
561 431 56763
1543 1675 56764
1750 561 56765
1543 1637 56766
557 561 56767
398 1624 56768
503 1756 56769
652 27 56770
27 652 56771
1644 9 56772
42 27 56773
1700 429 56774
1052 635 56775
1052 420 56776
1750 561 56777
697 1517 56778
652 27 56779
1756 503 56780
1791 1724 56781
1791 32 56782
1839 9 56783
620 27 56784
1839 681 56785
1079 983 56786
1624 398 56787
398 1624 56788
1624 398 56789
398 1624 56790
1700 1839 56791
1839 1700 56792
1700 1839 56793
1839 1700 56794
1700 1839 56795
1839 1700 56796
1700 1839 56797
503 1756 56798
398 1624 56799
1624 398 56800
1624 398 56801
398 1624 56802
1624 398 56803
398 1624 56804
398 1624 56805
1624 398 56806
1624 398 56807
398 1624 56808
398 1624 56809
1624 398 56810
1624 398 56811
1839 1700 56812
398 1624 56813
1624 398 56814
1406 843 56815
398 1624 56816
398 1624 56817
1624 346 56818
1624 398 56819
398 1624 56820
1624 398 56821
1624 1052 56822
1624 1700 56823
398 1624 56824
1624 398 56825
1700 1624 56826
1624 1700 56827
398 1624 56828
1619 1644 56829
1700 1624 56830
398 1624 56831
1644 1619 56832
1724 1791 56833
429 1700 56834
1700 429 56835
475 341 56836
1312 1 56837
1535 303 56838
1403 95 56839
1535 1434 56840
1756 503 56841
1 1312 56842
1657 1624 56843
1756 1565 56844
1783 536 56845
681 1839 56846
1657 536 56847
681 1839 56848
1789 32 56849
1543 1839 56850
1434 1312 56851
1789 1052 56852
1565 1756 56853
975 1543 56854
1624 1700 56855
1624 398 56856
1624 398 56857
1624 1657 56858
95 697 56859
1781 1756 56860
95 1649 56861
843 1237 56862
1227 1127 56863
431 561 56864
1756 1565 56865
1756 1781 56866
561 557 56867
398 1624 56868
27 652 56869
27 620 56870
1781 1756 56871
398 1781 56872
1781 398 56873
652 27 56874
1756 1781 56875
652 1565 56876
398 1781 56877
1543 975 56878
1312 1434 56879
1312 1 56880
652 1372 56881
652 1208 56882
1639 1737 56883
1474 1375 56884
1839 681 56885
557 561 56886
1624 398 56887
810 1624 56888
536 1783 56889
536 1657 56890
140 557 56891
809 1167 56892
303 1535 56893
27 42 56894
1167 809 56895
697 95 56896
95 1839 56897
95 697 56898
95 561 56899
561 557 56900
561 95 56901
1629 1756 56902
1291 1836 56903
27 652 56904
1291 1836 56905
1783 244 56906
1756 1629 56907
1781 1756 56908
1781 398 56909
1282 1543 56910
503 1756 56911
469 1781 56912
469 503 56913
469 1181 56914
469 175 56915
1783 1649 56916
1565 492 56917
1756 1781 56918
1756 503 56919
1624 810 56920
1624 1075 56921
398 1624 56922
398 1781 56923
1118 1737 56924
1052 1789 56925
1517 697 56926
710 1783 56927
681 1839 56928
697 95 56929
697 1517 56930
95 1840 56931
95 697 56932
32 1789 56933
697 95 56934
429 1700 56935
503 1756 56936
503 469 56937
447 398 56938
1836 1291 56939
398 447 56940
398 1836 56941
1158 1072 56942
1836 398 56943
1434 1312 56944
809 1167 56945
1756 1624 56946
1127 1227 56947
1167 809 56948
1237 843 56949
398 1836 56950
1237 398 56951
843 1237 56952
843 1406 56953
843 1237 56954
1781 469 56955
1781 1756 56956
1781 398 56957
652 27 56958
1543 1282 56959
812 523 56960
1434 1312 56961
1308 9 56962
1434 1535 56963
1624 1756 56964
1624 1168 56965
1168 1624 56966
1624 1168 56967
1619 143 56968
1624 1168 56969
1168 1624 56970
1624 1168 56971
1624 1052 56972
1624 805 56973
1624 1168 56974
1168 1624 56975
1168 1624 56976
1624 1168 56977
1624 1168 56978
1756 1624 56979
1168 1624 56980
1624 1756 56981
1624 1168 56982
1756 1781 56983
1756 1624 56984
1168 1624 56985
1624 1168 56986
1624 1756 56987
1756 503 56988
1756 1624 56989
1312 1434 56990
1312 1434 56991
509 1026 56992
1839 681 56993
1839 95 56994
1839 1397 56995
509 1839 56996
1839 509 56997
681 1839 56998
509 1839 56999
509 316 57000
1624 1626 57001
983 1079 57002
1624 1168 57003
1168 1624 57004
1624 1168 57005
1168 1624 57006
1624 1168 57007
1168 1624 57008
1624 1168 57009
1168 1624 57010
1168 1624 57011
1624 1168 57012
1624 95 57013
1168 1624 57014
1624 1168 57015
1624 1052 57016
1168 1624 57017
1624 1168 57018
1624 474 57019
474 1624 57020
1168 1624 57021
1624 1168 57022
474 105 57023
1168 1624 57024
1624 474 57025
1624 1168 57026
1168 1624 57027
809 1167 57028
1624 1168 57029
105 474 57030
1168 1624 57031
1624 1168 57032
1168 1624 57033
398 1781 57034
398 1237 57035
1168 1624 57036
1811 1624 57037
1624 1168 57038
1624 1811 57039
1624 1168 57040
1624 812 57041
9 1644 57042
9 1839 57043
1488 847 57044
1601 1402 57045
1811 525 57046
1601 1338 57047
1601 1279 57048
525 1811 57049
1644 9 57050
1601 114 57051
1601 318 57052
1781 398 57053
1781 1756 57054
12 1831 57055
398 1781 57056
12 1624 57057
9 1644 57058
12 1644 57059
9 1308 57060
12 974 57061
1601 1781 57062
1601 1505 57063
1781 1601 57064
1781 398 57065
1601 1781 57066
398 1781 57067
1601 1675 57068
1434 1312 57069
1601 553 57070
1836 1839 57071
469 1217 57072
469 1781 57073
469 503 57074
469 525 57075
341 475 57076
1720 429 57077
1565 652 57078
1644 9 57079
1644 12 57080
1624 12 57081
1406 1649 57082
970 1641 57083
1831 12 57084
1781 1601 57085
1781 398 57086
1781 469 57087
398 1781 57088
652 1565 57089
27 652 57090
652 27 57091
1781 398 57092
1000 1285 57093
1624 456 57094
456 1624 57095
1308 9 57096
652 585 57097
398 1781 57098
143 1619 57099
1255 9 57100
492 1565 57101
1452 95 57102
95 1452 57103
95 1839 57104
1452 95 57105
95 1403 57106
1452 346 57107
95 1452 57108
492 1565 57109
1452 95 57110
95 1452 57111
1624 456 57112
1540 1700 57113
1540 1725 57114
1314 1346 57115
456 105 57116
503 1756 57117
503 469 57118
1756 503 57119
1181 469 57120
1756 1781 57121
1181 469 57122
1181 9 57123
1781 398 57124
1781 1756 57125
1756 1781 57126
1624 1349 57127
525 469 57128
525 1811 57129
1624 492 57130
1624 652 57131
652 1624 57132
1624 652 57133
398 1781 57134
1811 525 57135
1217 1841 57136
1811 1624 57137
1624 1811 57138
1624 398 57139
398 1624 57140
1781 1756 57141
1781 398 57142
95 697 57143
398 1781 57144
398 1624 57145
398 1624 57146
105 456 57147
105 1831 57148
1675 1601 57149
821 483 57150
1601 1675 57151
1237 673 57152
1413 454 57153
1413 969 57154
1413 969 57155
1282 1543 57156
1565 652 57157
1231 1783 57158
483 821 57159
1756 1781 57160
1132 847 57161
27 652 57162
1624 398 57163
1624 1175 57164
1781 398 57165
1781 1756 57166
312 1 57167
312 1 57168
1756 1781 57169
1543 1282 57170
394 1190 57171
1282 1543 57172
557 561 57173
557 140 57174
1543 1312 57175
697 95 57176
652 1565 57177
652 27 57178
1397 1839 57179
710 1283 57180
1167 1540 57181
1624 544 57182
1624 1168 57183
1624 557 57184
1168 1624 57185
1839 1836 57186
1624 1168 57187
1839 509 57188
1168 1624 57189
1839 95 57190
1839 1397 57191
1168 1624 57192
1783 1231 57193
1540 1543 57194
1624 1168 57195
1624 1168 57196
1624 1168 57197
1168 1624 57198
1624 1168 57199
1168 1624 57200
1624 1168 57201
1168 1624 57202
1168 1624 57203
1168 1624 57204
1624 1168 57205
1624 1168 57206
1168 1624 57207
1624 1168 57208
1168 1624 57209
1624 1168 57210
1168 1624 57211
1624 1168 57212
1168 1624 57213
1624 1168 57214
1168 1624 57215
1624 1168 57216
1168 1624 57217
1624 1168 57218
1168 1624 57219
1052 1624 57220
1624 1168 57221
1624 1052 57222
1052 1624 57223
1624 1052 57224
1168 1624 57225
1624 1168 57226
1168 1624 57227
1624 1168 57228
1168 1624 57229
1624 1168 57230
1168 1624 57231
1624 1168 57232
1168 1624 57233
95 1839 57234
95 697 57235
1624 1168 57236
95 1842 57237
95 1837 57238
95 924 57239
95 1767 57240
1543 1540 57241
1624 155 57242
1175 1624 57243
211 1 57244
211 93 57245
211 673 57246
1 312 57247
1 312 57248
1 211 57249
1 312 57250
697 95 57251
1629 346 57252
398 1291 57253
1291 398 57254
398 1291 57255
1291 398 57256
398 1291 57257
1291 398 57258
1312 1543 57259
398 1291 57260
1291 398 57261
398 1291 57262
1291 398 57263
398 1291 57264
1291 398 57265
97 1748 57266
318 1601 57267
1338 1601 57268
1540 1167 57269
1540 1543 57270
585 652 57271
312 1 57272
1713 495 57273
1285 1000 57274
1285 27 57275
1836 1026 57276
1727 143 57277
1730 828 57278
1783 1626 57279
1540 1836 57280
346 1629 57281
95 1843 57282
652 585 57283
585 652 57284
652 585 57285
1844 1839 57286
1844 1845 57287
1844 1843 57288
821 483 57289
1624 1175 57290
1167 1540 57291
1167 1540 57292
503 1756 57293
244 1783 57294
143 1727 57295
95 561 57296
557 1624 57297
1727 143 57298
51 1436 57299
1626 1783 57300
44 1846 57301
1624 557 57302
398 1730 57303
398 1730 57304
1624 398 57305
398 1624 57306
1624 398 57307
398 1730 57308
398 1624 57309
398 1624 57310
1624 398 57311
1624 398 57312
1624 281 57313
1624 1758 57314
398 1624 57315
1624 398 57316
398 1624 57317
1624 398 57318
561 95 57319
1624 1349 57320
1624 398 57321
398 1624 57322
398 1624 57323
1624 398 57324
398 1624 57325
1624 398 57326
398 1624 57327
398 1624 57328
1624 398 57329
1624 398 57330
398 1624 57331
1624 398 57332
398 1624 57333
1624 398 57334
398 1624 57335
1624 398 57336
398 1624 57337
1624 398 57338
398 1624 57339
1624 398 57340
398 1624 57341
1624 398 57342
398 1624 57343
1624 398 57344
398 1624 57345
1624 398 57346
398 1624 57347
1624 398 57348
398 1624 57349
398 1624 57350
1624 398 57351
398 1624 57352
1624 398 57353
398 1624 57354
398 1624 57355
1624 398 57356
1624 398 57357
398 1624 57358
1624 398 57359
1624 271 57360
398 1624 57361
1624 398 57362
398 1624 57363
1403 95 57364
1543 1847 57365
1543 1848 57366
1758 1624 57367
492 145 57368
95 1849 57369
44 1850 57370
44 1851 57371
143 1727 57372
155 1624 57373
1624 155 57374
1730 398 57375
1730 398 57376
1730 398 57377
398 1730 57378
398 1730 57379
398 1730 57380
1540 1167 57381
1848 1543 57382
1852 44 57383
475 341 57384
323 298 57385
1167 1847 57386
1167 1848 57387
1167 97 57388
1167 1853 57389
1543 1848 57390
1543 1540 57391
27 652 57392
175 810 57393
1756 503 57394
509 1839 57395
509 1026 57396
1758 1845 57397
1543 710 57398
520 1624 57399
810 175 57400
1852 1344 57401
1601 1246 57402
44 1852 57403
1026 509 57404
492 710 57405
1854 224 57406
1624 520 57407
1624 1362 57408
1220 27 57409
1624 1601 57410
1391 1741 57411
1601 784 57412
755 1624 57413
1624 755 57414
755 1624 57415
1 3 57416
1 3 57417
710 492 57418
710 1281 57419
27 1220 57420
1291 1836 57421
557 1624 57422
1750 561 57423
1167 1280 57424
224 1854 57425
224 1644 57426
1724 1237 57427
1624 755 57428
1624 557 57429
1344 1852 57430
211 1 57431
1362 1624 57432
1362 1624 57433
561 1750 57434
1750 561 57435
1644 224 57436
1647 621 57437
281 1624 57438
1281 710 57439
1543 1855 57440
224 1644 57441
367 105 57442
367 317 57443
1343 1796 57444
97 1167 57445
492 1181 57446
1 211 57447
652 27 57448
1624 1362 57449
1624 1362 57450
1624 281 57451
561 1750 57452
492 1565 57453
492 1644 57454
1246 1601 57455
492 1021 57456
492 61 57457
1644 492 57458
1644 224 57459
492 1644 57460
1644 492 57461
1852 1344 57462
697 1472 57463
1472 697 57464
1601 711 57465
710 1281 57466
224 1644 57467
1657 36 57468
1657 36 57469
1657 1624 57470
1624 1657 57471
1624 1657 57472
1657 366 57473
1657 1675 57474
1657 1731 57475
1220 27 57476
1848 1543 57477
1344 1852 57478
105 367 57479
1543 1848 57480
509 1026 57481
1362 1624 57482
1 1626 57483
1644 224 57484
224 1644 57485
1626 1 57486
1644 224 57487
1237 1724 57488
32 1856 57489
32 1857 57490
1624 1362 57491
1852 1781 57492
1724 1237 57493
1852 1724 57494
1601 1118 57495
1601 1858 57496
1601 1768 57497
42 1724 57498
1181 492 57499
224 1644 57500
1724 42 57501
1724 1852 57502
1601 143 57503
1781 1852 57504
1781 1657 57505
792 1190 57506
443 520 57507
492 747 57508
523 812 57509
523 334 57510
652 1130 57511
95 1859 57512
1859 95 57513
95 1859 57514
1859 95 57515
95 1859 57516
1859 95 57517
95 1859 57518
1601 1859 57519
1859 95 57520
1859 1601 57521
1624 95 57522
95 1859 57523
95 1624 57524
1624 95 57525
1859 95 57526
1 1626 57527
95 1859 57528
1859 95 57529
95 1859 57530
1859 95 57531
95 1859 57532
1859 95 57533
143 1601 57534
843 1167 57535
1860 494 57536
1543 1861 57537
697 1472 57538
1052 1859 57539
12 1831 57540
12 1644 57541
199 959 57542
1852 1781 57543
1052 1624 57544
1781 1852 57545
1859 1052 57546
1624 1052 57547
1624 1862 57548
1852 697 57549
145 492 57550
1644 224 57551
1852 1781 57552
492 145 57553
1624 398 57554
398 1624 57555
1624 398 57556
398 1624 57557
398 1624 57558
9 1181 57559
1034 697 57560
9 1308 57561
95 697 57562
9 1644 57563
9 1255 57564
95 1403 57565
697 95 57566
697 95 57567
95 561 57568
95 697 57569
95 697 57570
697 95 57571
95 697 57572
1601 1859 57573
95 697 57574
1624 398 57575
1624 234 57576
398 1624 57577
334 523 57578
1781 1657 57579
1052 1859 57580
719 1641 57581
1624 1781 57582
1796 1343 57583
1181 9 57584
342 1848 57585
1601 973 57586
1472 697 57587
1836 1540 57588
398 828 57589
1836 1863 57590
9 1181 57591
1 312 57592
1859 1601 57593
1859 1052 57594
1860 993 57595
503 1756 57596
1601 1859 57597
1601 143 57598
1601 1246 57599
1601 1781 57600
1848 342 57601
1848 1543 57602
342 1848 57603
1859 1601 57604
143 1601 57605
1601 143 57606
1781 1601 57607
1308 9 57608
1237 1167 57609
9 1308 57610
586 396 57611
1644 9 57612
1624 105 57613
1624 1168 57614
1624 398 57615
1168 1624 57616
1624 95 57617
1624 1168 57618
1624 1168 57619
1168 1624 57620
1624 1168 57621
1168 1624 57622
1624 1168 57623
1168 1624 57624
398 1624 57625
1624 1168 57626
1624 398 57627
1168 1624 57628
398 1624 57629
1624 1168 57630
1624 398 57631
1624 1727 57632
1168 1624 57633
1624 1168 57634
1168 1624 57635
1624 1862 57636
1624 1168 57637
1727 1624 57638
1168 1624 57639
1624 1727 57640
1624 1168 57641
1168 1624 57642
1624 1168 57643
1727 1624 57644
1624 1626 57645
1624 1727 57646
1727 143 57647
1727 1624 57648
1727 1624 57649
1168 1624 57650
1624 1864 57651
1624 1727 57652
1624 1727 57653
1624 1168 57654
1168 1624 57655
1624 1864 57656
1624 1168 57657
1168 1624 57658
1624 1285 57659
1624 1168 57660
1168 1624 57661
1624 1168 57662
1168 1624 57663
1624 1168 57664
1168 1624 57665
1601 701 57666
1624 1168 57667
1624 1052 57668
1052 1859 57669
1052 1624 57670
1624 1052 57671
1168 1624 57672
1624 1168 57673
1052 1624 57674
1168 1624 57675
1624 1052 57676
1624 1168 57677
1052 1624 57678
1168 1624 57679
1626 1624 57680
1624 1052 57681
1624 1168 57682
1624 1626 57683
1168 1624 57684
1624 1168 57685
1168 1624 57686
1624 1168 57687
1168 1624 57688
1624 1168 57689
1168 1624 57690
1624 1168 57691
1168 1624 57692
1624 1168 57693
1168 1624 57694
1624 1168 57695
1168 1624 57696
1543 1848 57697
1543 1865 57698
1624 1168 57699
1168 1624 57700
1675 1657 57701
1624 1168 57702
1168 1624 57703
1624 1168 57704
1168 1624 57705
1624 1168 57706
1168 1624 57707
1624 1168 57708
1168 1624 57709
1624 1168 57710
1168 1624 57711
1624 1168 57712
1168 1624 57713
1624 1168 57714
1168 1624 57715
1624 1168 57716
1756 503 57717
1168 1624 57718
1624 1168 57719
1624 1866 57720
1168 1624 57721
1624 1168 57722
1866 1624 57723
1168 1624 57724
1624 1866 57725
1866 1624 57726
1624 1168 57727
1624 1866 57728
1168 1624 57729
1624 1168 57730
1866 1624 57731
1168 1624 57732
1624 1866 57733
1624 1168 57734
1866 1624 57735
1866 1624 57736
1168 1624 57737
1624 1866 57738
1624 1866 57739
1624 1168 57740
1866 1624 57741
1168 1624 57742
1866 1624 57743
1624 1866 57744
1624 1168 57745
1624 1866 57746
1866 1624 57747
1168 1624 57748
1624 1866 57749
1624 1168 57750
1866 1624 57751
520 443 57752
1866 1624 57753
1624 1866 57754
1624 1866 57755
1624 520 57756
1866 1624 57757
1624 1866 57758
1866 1624 57759
1866 1624 57760
1624 1866 57761
1624 1866 57762
1866 1624 57763
1866 1624 57764
1624 1866 57765
1866 1624 57766
1624 1866 57767
1624 1866 57768
1866 1624 57769
1866 1624 57770
1624 1866 57771
1624 1866 57772
1866 1624 57773
1624 1866 57774
1866 1624 57775
1624 1866 57776
1866 1624 57777
1866 1624 57778
1168 1624 57779
1624 1168 57780
1168 1624 57781
1624 1168 57782
1168 1624 57783
1168 1624 57784
1624 1168 57785
32 1675 57786
143 1727 57787
143 1601 57788
1862 1624 57789
1624 1862 57790
1231 1783 57791
509 1097 57792
509 1839 57793
1181 9 57794
398 1624 57795
1811 1624 57796
1783 1231 57797
843 1237 57798
1859 1052 57799
1280 1167 57800
1624 398 57801
1624 1811 57802
969 1867 57803
479 1540 57804
479 1546 57805
1546 479 57806
95 1624 57807
9 1181 57808
1052 1859 57809
1724 785 57810
1724 1836 57811
1624 95 57812
1601 143 57813
398 1624 57814
719 1868 57815
447 398 57816
398 447 57817
1869 1862 57818
1862 1869 57819
1859 1052 57820
1 36 57821
1624 1866 57822
36 1 57823
1 36 57824
36 1 57825
9 1644 57826
1543 256 57827
1783 645 57828
1868 719 57829
1675 32 57830
1675 32 57831
1868 719 57832
1868 1338 57833
1619 1343 57834
1750 561 57835
1543 1870 57836
1 312 57837
1836 1724 57838
32 1675 57839
536 927 57840
312 1 57841
711 1601 57842
711 1868 57843
557 1624 57844
1724 1836 57845
1308 9 57846
1246 1601 57847
95 1624 57848
1118 1601 57849
1624 95 57850
398 1624 57851
9 1308 57852
9 708 57853
9 899 57854
1624 398 57855
9 1380 57856
1624 810 57857
1624 1862 57858
1624 1781 57859
398 1624 57860
1624 398 57861
398 1624 57862
1624 398 57863
1781 1624 57864
398 1624 57865
1624 1781 57866
1624 1601 57867
398 1624 57868
1781 1624 57869
1624 398 57870
1624 1781 57871
1781 1624 57872
1624 1781 57873
1675 32 57874
1624 1781 57875
1624 1772 57876
1344 1312 57877
1624 810 57878
810 1624 57879
810 1624 57880
1624 810 57881
1624 810 57882
810 1624 57883
1624 645 57884
810 1624 57885
1624 810 57886
810 1624 57887
810 1624 57888
1624 810 57889
1624 810 57890
1624 1868 57891
810 1624 57892
1868 1624 57893
1387 1312 57894
1868 711 57895
810 1624 57896
1624 810 57897
1624 1868 57898
810 1624 57899
1624 810 57900
1624 810 57901
1868 1624 57902
1624 1868 57903
1624 1871 57904
810 1624 57905
1871 1624 57906
1624 810 57907
1868 1624 57908
1624 1871 57909
1624 1868 57910
1871 1624 57911
1624 1871 57912
1871 1624 57913
1624 1871 57914
1871 1624 57915
1624 1871 57916
1868 1624 57917
810 1624 57918
1624 1868 57919
1624 810 57920
810 1624 57921
1624 810 57922
1868 1624 57923
810 1624 57924
1624 1868 57925
1624 810 57926
1868 1624 57927
1624 1868 57928
810 1624 57929
1624 810 57930
1868 1624 57931
1624 1868 57932
810 1624 57933
1868 1624 57934
1624 810 57935
1624 1868 57936
810 1624 57937
1624 810 57938
1624 1868 57939
1868 1624 57940
810 1624 57941
1624 1868 57942
1624 810 57943
810 1624 57944
561 1750 57945
1868 1624 57946
1624 810 57947
398 1624 57948
398 1624 57949
1624 1868 57950
1624 398 57951
1624 1868 57952
1624 810 57953
398 1624 57954
810 1624 57955
1872 810 57956
1872 810 57957
1872 1868 57958
1836 1724 57959
1868 1872 57960
9 1781 57961
620 27 57962
494 1860 57963
443 520 57964
1190 792 57965
1190 9 57966
899 9 57967
1750 561 57968
821 483 57969
821 583 57970
821 483 57971
105 1624 57972
105 1127 57973
27 620 57974
9 899 57975
9 1190 57976
1312 1387 57977
1312 1344 57978
561 1750 57979
1052 711 57980
1052 701 57981
1 312 57982
768 1280 57983
145 492 57984
620 27 57985
1344 1312 57986
1601 711 57987
1601 711 57988
1 312 57989
1601 1118 57990
1181 9 57991
492 1181 57992
492 1181 57993
1601 1872 57994
9 1181 57995
1750 561 57996
1868 1052 57997
1624 810 57998
1624 1868 57999
1781 9 58000
1781 1624 58001
1624 1781 58002
1624 1052 58003
1624 1052 58004
312 1 58005
1724 1836 58006
1624 1601 58007
1624 1727 58008
785 1724 58009
1280 768 58010
1624 234 58011
1868 1624 58012
1346 1868 58013
492 463 58014
1190 9 58015
1190 394 58016
1724 785 58017
652 1644 58018
652 69 58019
9 1781 58020
9 1190 58021
1860 494 58022
1860 1873 58023
1644 652 58024
1312 1344 58025
27 620 58026
768 1280 58027
32 673 58028
32 1167 58029
1624 1868 58030
1601 1624 58031
431 561 58032
620 27 58033
1624 1601 58034
1868 1346 58035
1237 1236 58036
1237 843 58037
1852 1865 58038
673 32 58039
1874 451 58040
32 673 58041
1 312 58042
1836 1724 58043
193 393 58044
1601 1875 58045
697 1319 58046
393 193 58047
1491 847 58048
652 1644 58049
674 1865 58050
1624 95 58051
847 1491 58052
1346 1868 58053
1190 9 58054
843 1237 58055
843 1237 58056
697 492 58057
830 621 58058
1781 9 58059
234 1624 58060
1644 652 58061
1624 234 58062
234 1624 58063
234 1624 58064
847 1872 58065
652 278 58066
9 1781 58067
9 1190 58068
1167 32 58069
1167 809 58070
1167 1540 58071
1167 429 58072
1181 9 58073
1181 492 58074
1713 561 58075
1624 234 58076
1624 234 58077
1543 536 58078
1750 561 58079
1075 1624 58080
785 1724 58081
1724 1836 58082
1724 785 58083
1624 1075 58084
697 1866 58085
652 69 58086
1332 1565 58087
1332 1796 58088
1781 9 58089
621 830 58090
1308 9 58091
1565 1332 58092
785 1724 58093
1836 1724 58094
1713 1565 58095
808 697 58096
1565 1713 58097
1346 1713 58098
9 1781 58099
9 1308 58100
1773 673 58101
1866 1402 58102
1866 1768 58103
1713 1346 58104
673 1773 58105
536 1543 58106
1624 1678 58107
1543 536 58108
1864 1624 58109
1772 1624 58110
1864 1624 58111
1864 1624 58112
1346 1713 58113
697 808 58114
1713 617 58115
1781 9 58116
969 1669 58117
1724 1836 58118
1624 1772 58119
1624 1864 58120
1624 1864 58121
1624 1864 58122
1624 1168 58123
1624 9 58124
1 312 58125
1669 969 58126
1543 1724 58127
1543 969 58128
557 1624 58129
1491 847 58130
1624 557 58131
536 1543 58132
1865 674 58133
1865 1852 58134
9 1624 58135
12 1312 58136
1864 1624 58137
234 642 58138
1280 768 58139
1624 9 58140
1624 1864 58141
1836 1724 58142
1343 1619 58143
1312 12 58144
674 1865 58145
1866 1847 58146
1866 773 58147
540 615 58148
1168 1624 58149
1406 194 58150
1865 674 58151
1543 886 58152
1543 536 58153
652 1565 58154
557 1624 58155
9 1624 58156
9 1781 58157
1644 9 58158
674 1865 58159
1338 1868 58160
316 509 58161
509 316 58162
1190 9 58163
1624 1168 58164
1624 557 58165
1624 9 58166
1168 1624 58167
1624 1168 58168
27 620 58169
1852 1865 58170
768 1280 58171
12 1312 58172
1876 1865 58173
1624 557 58174
561 1750 58175
557 1624 58176
1624 557 58177
1624 557 58178
557 1624 58179
1624 557 58180
557 1624 58181
561 431 58182
561 1713 58183
561 95 58184
1285 1624 58185
536 1543 58186
423 1565 58187
1565 652 58188
642 234 58189
711 1601 58190
431 561 58191
1543 536 58192
847 1781 58193
9 1624 58194
95 1865 58195
9 1190 58196
539 710 58197
1781 9 58198
1781 847 58199
1624 9 58200
1724 1836 58201
1362 1624 58202
1624 1362 58203
1565 652 58204
847 1781 58205
809 1167 58206
652 1565 58207
1 312 58208
1601 1796 58209
1870 1543 58210
1783 1344 58211
652 27 58212
674 1877 58213
1678 1565 58214
601 1862 58215
583 821 58216
1175 1246 58217
821 583 58218
536 1543 58219
1713 536 58220
1167 809 58221
312 1 58222
620 27 58223
1783 697 58224
1 312 58225
1862 601 58226
1781 847 58227
1713 561 58228
1713 617 58229
1713 233 58230
233 1713 58231
1713 233 58232
561 1713 58233
1713 561 58234
1280 768 58235
1864 697 58236
1543 1870 58237
93 1624 58238
1624 93 58239
172 523 58240
1713 1117 58241
1601 1875 58242
27 652 58243
697 1864 58244
27 620 58245
1117 1713 58246
1876 868 58247
1876 27 58248
1876 1117 58249
1362 1624 58250
312 1 58251
620 27 58252
1864 697 58253
1878 1864 58254
1878 1865 58255
1624 1362 58256
1836 1724 58257
1700 429 58258
1700 1540 58259
27 1876 58260
27 620 58261
1730 1878 58262
536 1713 58263
620 27 58264
1878 1730 58265
652 1565 58266
27 620 58267
1724 1836 58268
1 312 58269
1624 1866 58270
1624 1727 58271
1781 1624 58272
1624 1781 58273
1781 1624 58274
1730 1878 58275
1781 1624 58276
1624 1781 58277
1624 1781 58278
1781 1624 58279
1713 536 58280
868 1876 58281
342 1362 58282
1836 1362 58283
1836 1724 58284
1864 1878 58285
1750 561 58286
9 1624 58287
1876 868 58288
1876 27 58289
1624 9 58290
27 1876 58291
312 1 58292
1601 711 58293
1565 652 58294
1338 1601 58295
1724 1836 58296
1344 1783 58297
9 1624 58298
1773 1282 58299
1362 342 58300
1362 1836 58301
536 1713 58302
697 645 58303
868 1876 58304
1624 9 58305
1836 1362 58306
1836 1724 58307
1836 536 58308
1724 1836 58309
536 1836 58310
809 1167 58311
1168 1624 58312
1168 1624 58313
1852 697 58314
1836 1724 58315
1836 536 58316
1362 1836 58317
1836 1362 58318
342 1362 58319
1158 1072 58320
42 323 58321
697 1852 58322
768 1280 58323
1713 536 58324
1713 987 58325
1543 1879 58326
1724 1836 58327
1876 868 58328
1866 868 58329
868 1876 58330
868 1866 58331
1866 868 58332
868 1866 58333
1866 868 58334
868 1866 58335
1866 868 58336
1866 868 58337
1876 1880 58338
1876 868 58339
193 393 58340
1866 44 58341
44 1866 58342
1866 44 58343
1866 44 58344
44 1866 58345
1866 44 58346
44 1866 58347
1866 44 58348
1876 983 58349
1876 1565 58350
44 1866 58351
1866 44 58352
1601 1338 58353
1624 1168 58354
1624 1168 58355
1836 1362 58356
536 1713 58357
536 1836 58358
868 1876 58359
393 193 58360
447 1866 58361
1866 447 58362
1836 536 58363
447 1866 58364
1866 447 58365
1852 697 58366
447 1866 58367
1866 447 58368
447 1866 58369
1866 447 58370
447 1866 58371
1866 447 58372
447 1866 58373
1866 447 58374
447 1866 58375
1866 447 58376
447 1866 58377
1866 447 58378
447 1866 58379
1866 447 58380
447 1866 58381
1866 447 58382
447 1866 58383
1866 447 58384
447 1866 58385
1866 447 58386
447 1866 58387
1866 447 58388
447 1866 58389
1866 447 58390
447 1866 58391
1866 447 58392
447 1866 58393
1866 447 58394
447 1866 58395
1866 447 58396
447 1866 58397
1866 447 58398
447 1866 58399
1866 447 58400
1 312 58401
536 1836 58402
469 1181 58403
652 1565 58404
1181 469 58405
342 561 58406
1565 652 58407
1836 536 58408
1546 1875 58409
1876 868 58410
312 1 58411
868 1876 58412
1282 1773 58413
1866 1644 58414
1878 1362 58415
1362 1836 58416
1773 1282 58417
1362 1878 58418
1878 1362 58419
224 1644 58420
1881 1750 58421
1676 1881 58422
1881 1676 58423
536 1836 58424
1713 536 58425
1881 1052 58426
983 1079 58427
1079 983 58428
1881 1642 58429
1079 983 58430
983 1079 58431
1642 1881 58432
983 1079 58433
1079 983 58434
1079 1881 58435
1079 983 58436
983 1079 58437
1881 1079 58438
1079 1881 58439
1079 983 58440
1881 1079 58441
1750 1881 58442
1881 1750 58443
1079 1881 58444
983 1079 58445
1750 1881 58446
1079 983 58447
1881 1079 58448
1881 1750 58449
1079 1881 58450
983 1079 58451
1881 1079 58452
1079 983 58453
1079 1881 58454
983 1079 58455
1881 1079 58456
1750 1881 58457
1079 983 58458
1079 1881 58459
983 1079 58460
1079 983 58461
983 1079 58462
1750 1881 58463
1079 983 58464
1881 1750 58465
983 1079 58466
1079 983 58467
983 1079 58468
1079 983 58469
1741 463 58470
983 1079 58471
1079 983 58472
983 1079 58473
1079 983 58474
1741 1792 58475
1741 475 58476
1741 773 58477
1741 1847 58478
1280 768 58479
536 1713 58480
302 557 58481
1 312 58482
1676 1881 58483
1644 1866 58484
1052 1881 58485
561 342 58486
561 1750 58487
1750 561 58488
1836 1362 58489
1362 1836 58490
557 302 58491
557 561 58492
1 132 58493
1866 1644 58494
1282 1773 58495
1881 1052 58496
1052 1881 58497
1836 1362 58498
1474 1793 58499
1474 1375 58500
652 1565 58501
652 1565 58502
1881 1052 58503
342 561 58504
1052 1881 58505
993 1860 58506
19 1882 58507
19 1882 58508
19 1882 58509
1644 224 58510
1375 1756 58511
1375 1474 58512
1713 697 58513
697 1713 58514
561 1750 58515
561 557 58516
561 342 58517
561 105 58518
1319 697 58519
1168 1883 58520
615 540 58521
557 561 58522
105 561 58523
1488 1724 58524
1488 1884 58525
1488 1885 58526
1488 1886 58527
1488 1887 58528
1488 1877 58529
1488 1875 58530
1488 1888 58531
1488 1865 58532
1488 1870 58533
1488 1889 58534
492 686 58535
492 536 58536
697 1319 58537
1 312 58538
312 1 58539
536 492 58540
1 312 58541
561 557 58542
431 561 58543
475 1741 58544
1332 1395 58545
1332 1395 58546
1332 1178 58547
492 536 58548
768 1280 58549
536 492 58550
1624 1878 58551
1724 1488 58552
1291 1836 58553
1487 1890 58554
342 561 58555
1052 1002 58556
1236 1237 58557
1280 768 58558
561 342 58559
1878 1624 58560
429 1700 58561
492 429 58562
1836 1291 58563
418 1565 58564
418 928 58565
1 312 58566
32 1878 58567
32 1034 58568
9 1624 58569
9 1644 58570
1624 1878 58571
1624 9 58572
1052 1865 58573
1878 32 58574
1878 1624 58575
1543 1395 58576
146 1 58577
1181 131 58578
1 146 58579
32 1878 58580
1624 1878 58581
1395 1543 58582
1395 1332 58583
312 1 58584
1079 27 58585
1079 1865 58586
1079 674 58587
1878 32 58588
1878 1624 58589
674 1079 58590
1079 674 58591
674 1079 58592
1079 868 58593
1079 674 58594
1681 1771 58595
1681 1771 58596
1681 1771 58597
1079 1644 58598
233 810 58599
342 561 58600
456 1132 58601
1792 1285 58602
27 1079 58603
1624 1878 58604
32 1878 58605
1888 1488 58606
810 233 58607
1644 1079 58608
1771 1681 58609
1878 1624 58610
1878 32 58611
1237 1236 58612
1237 843 58613
93 525 58614
1 312 58615
429 492 58616
189 712 58617
233 810 58618
828 398 58619
1624 1878 58620
1601 1891 58621
312 1 58622
1878 1624 58623
810 233 58624
1540 479 58625
1540 1167 58626
1 312 58627
1892 1280 58628
312 1 58629
1 312 58630
1557 673 58631
1624 1557 58632
1557 1624 58633
1557 1624 58634
673 1557 58635
1624 1557 58636
1167 1540 58637
768 1280 58638
843 1237 58639
1893 1840 58640
1893 868 58641
423 132 58642
131 1181 58643
686 492 58644
868 1079 58645
868 1893 58646
1543 1395 58647
193 773 58648
312 1 58649
1783 1792 58650
398 828 58651
828 398 58652
146 1 58653
469 1181 58654
1079 868 58655
469 1629 58656
469 1629 58657
469 1629 58658
492 686 58659
492 1629 58660
1079 1344 58661
1079 1344 58662
1079 1313 58663
1079 1644 58664
1644 1079 58665
1079 1644 58666
1644 1079 58667
1079 1644 58668
1079 1644 58669
1773 1282 58670
1748 97 58671
1178 1332 58672
1236 1237 58673
1 312 58674
1 146 58675
686 492 58676
1629 469 58677
1543 513 58678
1344 1079 58679
696 713 58680
561 342 58681
561 105 58682
1543 1487 58683
1543 69 58684
868 1079 58685
617 1713 58686
1878 617 58687
342 561 58688
105 561 58689
886 1543 58690
1713 617 58691
557 561 58692
1865 95 58693
431 561 58694
1548 1868 58695
1488 1888 58696
1487 1543 58697
1181 469 58698
1181 131 58699
1875 1546 58700
536 927 58701
1808 1876 58702
1280 1892 58703
1280 768 58704
686 492 58705
1002 1052 58706
1888 1488 58707
1713 144 58708
3 176 58709
3 242 58709
3 249 58709
3 249 58709
3 333 58709
3 338 58709
3 83 58709
3 9 58709
3 1042 58710
3 1180 58710
3 1187 58710
3 1189 58710
3 1196 58710
3 1262 58710
3 1419 58710
3 1463 58710
3 2 58710
3 2 58710
3 249 58710
3 249 58710
3 26 58710
3 281 58710
3 281 58710
3 283 58710
3 285 58710
3 346 58710
3 372 58710
3 372 58710
3 41 58710
3 41 58710
3 482 58710
3 545 58710
3 582 58710
3 610 58710
3 615 58710
3 640 58710
3 701 58710
3 740 58710
3 741 58710
3 752 58710
3 768 58710
3 800 58710
3 800 58710
3 800 58710
3 824 58710
3 893 58710
1488 1888 58711
1013 1889 58712
1013 1894 58713
582 1882 58714
1888 1488 58715
431 561 58716
1064 168 58717
1064 447 58718
1064 1375 58719
561 342 58720
561 105 58721
561 557 58722
561 431 58723
1313 1079 58724
447 1064 58725
1013 1346 58726
1892 1280 58727
72 1765 58728
105 561 58729
1013 773 58730
431 561 58731
144 1713 58732
768 1280 58733
1644 9 58734
1168 697 58735
1079 1644 58736
1673 844 58737
1280 768 58738
1079 1624 58739
1644 1079 58740
1079 1644 58741
1644 1079 58742
768 686 58743
1895 1021 58744
1520 1879 58745
1879 1520 58746
1879 1543 58747
1624 1079 58748
342 561 58749
1 312 58750
1079 1624 58751
1079 1644 58752
1624 1079 58753
686 768 58754
1079 1624 58755
1644 1079 58756
1079 1644 58757
1765 72 58758
1878 1346 58759
1878 1021 58760
492 967 58761
1700 429 58762
843 969 58763
843 1237 58764
67 697 58765
1644 1079 58766
1079 1644 58767
1644 1079 58768
1079 1644 58769
1079 1644 58770
768 686 58771
1624 1079 58772
557 561 58773
1079 1624 58774
1716 1308 58775
561 557 58776
561 431 58777
561 95 58778
1079 868 58779
1557 1808 58780
1557 868 58781
1543 1487 58782
1543 1879 58783
431 561 58784
342 969 58785
1416 969 58786
9 1644 58787
540 615 58788
1814 175 58789
1644 1079 58790
1876 1808 58791
1 312 58792
561 431 58793
431 561 58794
1896 221 58795
868 1557 58796
868 1079 58797
1808 1876 58798
1013 1894 58799
187 131 58800
1013 1291 58801
1291 1013 58802
1897 187 58803
187 1897 58804
1557 1291 58805
1557 868 58806
868 1557 58807
1557 868 58808
868 1557 58809
1557 868 58810
868 1557 58811
868 1557 58812
1557 1755 58813
312 1 58814
1 312 58815
843 1237 58816
1 32 58817
3 1626 58818
1876 1808 58819
1520 1879 58820
95 561 58821
95 1796 58822
1079 1616 58823
1079 1644 58824
32 1 58825
312 1 58826
1 312 58827
818 620 58828
768 1280 58829
93 1616 58830
1713 61 58831
211 415 58832
211 1546 58833
1546 211 58834
211 1546 58835
1546 211 58836
211 1546 58837
312 1 58838
1 312 58839
1118 1543 58840
1562 1879 58841
1280 768 58842
1783 1280 58843
312 1 58844
1783 617 58845
415 211 58846
42 1 58847
1 312 58848
1 42 58849
1808 1876 58850
711 642 58851
561 95 58852
561 431 58853
561 557 58854
561 105 58855
105 561 58856
642 711 58857
172 1724 58858
1280 1783 58859
1312 1344 58860
1344 1312 58861
1312 1344 58862
1344 1312 58863
711 642 58864
1724 172 58865
1724 172 58866
1543 561 58867
927 536 58868
1876 1808 58869
1543 1118 58870
561 1543 58871
431 561 58872
1868 1548 58873
711 1898 58874
1898 711 58875
620 818 58876
1543 561 58877
393 193 58878
818 620 58879
1899 987 58880
969 342 58881
969 1416 58882
1899 1372 58883
1899 713 58884
1899 1792 58885
1899 306 58886
1899 1215 58887
1899 447 58888
1899 204 58889
1899 1781 58890
1899 784 58891
1899 144 58892
1899 1497 58893
1899 314 58894
1899 61 58895
1899 8 58896
1416 969 58897
1899 1217 58898
1899 561 58899
1899 657 58900
1899 1436 58901
1899 1284 58902
1899 391 58903
1899 1417 58904
1899 311 58905
1899 1847 58906
1899 1097 58907
1899 277 58908
1878 1624 58909
1878 1624 58910
