428 538 0
374 538 1
231 452 2
2 538 3
187 538 4
196 705 5
792 538 6
676 538 7
732 538 8
374 878 9
732 878 10
428 878 11
187 878 12
706 538 13
871 308 14
179 538 15
179 878 16
692 656 17
252 656 18
252 656 19
252 656 20
672 656 21
252 656 22
252 656 23
252 656 24
687 387 25
374 387 26
428 387 27
672 387 28
732 387 29
2 387 30
395 386 31
2 390 32
428 390 33
193 389 34
643 387 35
95 389 36
184 387 37
871 308 38
333 386 39
220 394 40
870 308 41
870 878 42
870 391 43
774 308 44
231 308 45
545 538 46
788 538 47
243 308 48
512 387 49
871 308 50
388 538 51
338 387 52
323 308 53
636 387 54
636 388 55
636 388 56
39 387 57
777 308 58
353 308 59
492 389 60
871 390 61
492 705 62
445 705 63
190 308 64
190 389 65
494 237 66
494 387 67
677 538 68
432 241 69
432 102 70
332 389 71
887 389 72
352 389 73
887 240 74
389 394 75
196 387 76
791 393 77
791 236 78
791 452 79
791 148 80
193 393 81
193 102 82
193 389 83
79 389 84
79 389 85
127 389 86
731 387 87
127 387 88
731 390 89
731 308 90
871 484 91
731 389 92
731 484 93
257 389 94
98 389 95
295 308 96
871 389 97
251 387 98
631 389 99
359 387 100
153 393 101
871 389 102
737 388 103
244 393 104
677 245 105
244 388 106
184 244 107
290 308 108
447 389 109
193 393 110
236 390 111
236 484 112
236 392 113
728 240 114
512 389 115
431 387 116
592 308 117
592 241 118
431 394 119
431 388 120
152 386 121
152 388 122
243 106 123
637 395 124
124 389 125
194 389 126
871 389 127
871 484 128
372 387 129
372 452 130
705 308 131
418 240 132
636 387 133
418 240 134
592 388 135
592 99 136
395 386 137
95 389 138
443 386 139
791 239 140
592 875 141
432 874 142
418 484 143
432 873 144
127 389 145
152 386 146
152 388 147
193 389 148
520 484 149
520 484 150
190 389 151
152 452 152
443 656 153
443 656 154
443 388 155
152 388 156
432 237 157
432 237 158
98 389 159
98 389 160
386 386 161
631 389 162
631 389 163
204 308 164
872 99 165
233 484 166
55 389 167
443 386 168
395 388 169
395 386 170
395 656 171
395 395 172
395 395 173
443 389 174
5 395 175
519 538 175
95 389 176
95 389 177
95 389 178
95 389 179
492 392 180
352 395 181
492 393 182
618 308 183
371 387 184
121 389 185
121 389 186
71 705 187
709 874 188
443 389 189
443 389 190
443 656 191
95 389 192
95 389 193
95 389 194
95 389 195
95 389 196
31 389 197
237 452 198
102 869 199
237 308 200
102 869 201
395 389 202
395 656 203
395 389 204
235 386 205
235 388 206
235 395 207
81 386 208
540 388 209
540 237 210
764 388 211
102 386 212
540 870 213
81 386 214
352 389 215
6 452 216
6 242 217
102 869 218
392 388 219
102 386 220
395 867 221
81 867 222
443 386 223
190 389 224
395 386 225
395 388 226
443 389 227
636 390 228
888 394 229
333 386 230
242 308 231
242 308 232
98 389 233
220 394 234
395 386 235
102 386 236
395 386 237
443 386 238
102 386 239
709 392 240
64 394 241
100 869 242
102 869 243
443 869 244
420 871 245
102 869 246
149 392 247
100 869 248
420 394 249
149 392 250
190 308 251
420 867 252
65 740 253
102 869 254
369 452 255
420 868 256
13 242 257
149 740 258
750 387 259
220 394 260
149 392 261
750 100 262
34 394 263
55 393 264
524 394 265
55 389 266
65 484 267
156 705 268
64 391 269
374 105 270
640 452 271
512 389 272
640 148 273
709 868 274
127 237 275
517 387 276
127 867 277
871 484 278
149 240 279
83 740 280
444 874 281
444 736 282
444 394 283
444 705 284
444 740 285
444 868 286
709 874 287
709 868 288
395 386 289
389 736 290
389 868 291
51 387 292
709 868 293
226 237 294
226 387 295
194 389 296
422 240 297
226 388 298
51 387 299
153 868 300
55 389 301
495 389 302
231 148 303
231 308 304
332 104 305
332 393 306
332 484 307
332 734 308
709 868 309
728 240 310
728 242 311
492 392 312
395 734 313
395 386 314
149 392 315
193 393 316
728 242 317
728 240 318
422 585 319
704 538 320
204 867 321
51 538 322
728 101 323
100 735 324
149 867 325
871 392 326
447 242 327
422 871 328
422 388 329
418 484 330
98 389 331
418 874 332
609 240 333
636 734 334
395 585 335
395 867 336
389 735 337
728 242 338
728 240 339
709 874 340
333 386 341
713 387 342
124 389 343
442 237 344
871 484 345
494 104 346
51 740 347
870 734 348
447 242 349
226 390 350
5 388 351
5 388 352
289 100 353
447 243 354
389 868 355
389 868 356
728 242 357
31 389 358
554 734 359
432 101 360
894 387 361
432 874 362
432 874 363
445 245 364
288 245 365
592 736 366
422 412 367
98 392 368
709 874 369
709 868 370
98 392 371
102 386 372
224 389 373
447 242 374
224 387 375
692 656 376
395 386 377
395 734 378
122 538 379
193 740 380
193 389 381
39 387 382
31 868 383
636 388 384
748 387 385
548 389 386
62 734 387
51 387 388
39 387 389
442 389 390
728 242 391
254 656 392
254 656 393
728 101 394
95 743 395
442 237 396
442 740 397
851 389 398
747 874 399
709 868 400
887 389 401
692 656 402
887 392 403
886 386 404
637 389 405
447 308 406
887 389 407
98 389 408
637 245 409
98 392 410
226 734 411
178 743 412
224 389 413
677 538 414
224 387 415
389 868 416
636 237 417
193 105 418
5 394 419
506 244 420
637 412 421
5 386 422
5 386 423
442 237 424
5 594 425
348 391 426
153 740 427
120 484 428
120 241 429
538 393 430
887 392 431
899 593 432
637 873 433
5 395 434
39 387 435
886 447 436
244 388 437
132 308 438
392 869 439
519 734 440
132 741 441
354 734 442
245 395 443
358 100 444
132 388 445
120 874 446
120 105 447
232 389 448
120 741 449
132 741 450
232 389 451
548 389 452
232 389 453
232 389 454
374 736 455
65 388 456
749 100 457
522 388 458
250 393 459
250 734 460
371 389 461
371 741 462
250 484 463
98 389 464
856 394 465
250 389 466
672 734 467
422 594 468
672 388 469
124 389 470
672 656 471
232 389 472
832 100 473
832 387 474
5 394 475
5 394 476
832 393 477
832 734 478
637 443 479
56 389 480
883 870 481
39 387 482
122 538 483
179 878 484
358 874 485
156 394 486
358 105 487
540 870 488
590 308 489
34 740 490
747 484 491
448 392 492
238 308 493
747 241 494
448 450 495
238 393 496
747 874 497
31 868 498
871 484 499
74 388 500
251 386 501
251 394 502
709 874 503
592 874 504
744 390 505
709 868 506
592 590 507
592 105 508
592 484 509
524 395 510
857 705 511
857 105 512
524 394 513
237 148 514
237 594 515
744 390 516
636 237 517
187 443 518
636 388 519
237 308 520
231 452 521
187 387 522
445 389 523
708 293 524
237 394 525
871 390 526
871 484 527
709 592 528
709 874 529
777 293 530
777 593 531
777 735 532
724 394 533
393 734 534
120 874 535
678 395 536
731 740 537
55 389 538
1 741 539
691 538 540
746 538 541
538 296 542
538 743 543
538 395 544
538 291 545
244 412 546
538 291 547
395 386 548
538 412 549
395 869 550
244 392 551
395 446 552
422 412 553
395 386 554
495 389 555
235 394 556
120 484 557
747 443 558
333 386 559
838 244 560
5 594 561
188 99 562
395 734 563
395 452 564
395 452 565
747 874 566
435 240 567
587 244 568
587 736 569
435 239 570
372 237 571
587 389 572
422 451 573
435 244 574
435 244 575
5 395 576
133 592 577
369 452 578
336 734 579
124 389 580
709 592 581
709 736 582
286 393 583
876 290 584
883 387 585
286 394 586
375 241 587
375 590 588
286 395 589
227 244 590
227 240 591
120 874 592
791 393 593
55 389 594
791 388 595
791 148 596
791 395 597
308 585 598
791 392 599
434 290 600
55 284 601
838 394 602
227 244 603
308 388 604
838 290 605
55 388 606
71 387 607
71 105 608
392 388 609
156 394 610
71 592 611
393 290 612
120 241 613
97 592 614
388 538 615
744 153 616
744 240 617
56 284 618
744 240 619
395 388 620
395 452 621
39 387 622
154 389 623
395 442 624
392 290 625
395 290 626
375 241 627
392 388 628
392 388 629
392 388 630
395 388 631
392 869 632
434 446 633
392 388 634
395 869 635
395 388 636
392 388 637
395 388 638
543 388 639
392 388 640
395 388 640
392 388 641
392 388 642
392 869 643
395 242 644
392 157 645
395 157 646
392 157 647
395 388 648
434 734 649
636 387 650
744 157 651
744 390 652
548 156 653
5 388 654
395 157 655
395 656 656
538 284 657
395 734 658
434 244 659
434 295 660
371 387 661
98 389 662
98 392 663
395 869 664
250 412 665
98 99 666
98 99 667
871 390 668
435 734 669
871 392 670
435 240 671
435 295 672
392 388 673
871 389 674
392 157 675
445 389 676
392 869 677
871 99 678
871 296 679
392 242 680
392 450 681
392 735 682
119 294 683
392 412 684
375 294 685
643 705 686
709 592 687
709 392 688
333 393 689
187 867 690
560 290 691
134 593 692
560 387 693
187 150 694
560 295 695
243 293 696
560 393 697
237 148 698
560 236 699
237 452 700
243 290 701
560 245 702
395 867 703
560 742 704
838 290 705
395 734 706
243 290 707
838 295 708
838 290 709
395 242 710
395 452 711
637 412 712
363 867 713
392 290 714
395 290 715
631 236 716
392 290 717
395 157 718
363 871 719
392 157 720
395 388 721
363 152 722
395 869 723
392 242 724
447 242 725
392 869 726
363 446 727
392 388 728
40 295 729
744 157 729
744 240 730
744 390 731
363 93 732
838 448 733
40 290 734
98 392 735
98 392 736
744 157 737
40 867 738
747 241 739
127 94 740
375 150 741
395 388 742
395 869 743
395 242 744
395 290 745
395 157 746
5 388 747
744 393 748
127 389 749
245 395 750
395 93 751
31 106 752
745 538 753
435 240 754
753 236 755
148 290 756
442 237 757
40 94 758
40 94 759
393 290 760
887 94 761
40 295 762
56 389 763
194 105 764
194 705 765
102 386 766
5 594 767
5 594 768
71 592 768
154 705 769
154 445 770
766 290 771
154 94 772
744 240 773
678 451 774
709 592 775
678 388 776
878 290 777
98 99 778
709 392 779
871 91 780
102 388 781
766 290 782
5 594 783
98 91 784
871 91 785
392 388 786
392 388 787
392 290 788
392 242 789
766 290 790
392 386 791
392 386 792
392 386 793
392 386 794
392 386 795
870 734 796
870 293 797
392 386 798
392 386 799
870 843 800
870 290 801
428 734 802
871 392 803
393 290 804
392 290 805
422 451 806
422 412 807
133 868 808
898 236 809
100 869 810
485 97 811
395 386 812
395 388 813
709 868 814
395 242 815
512 97 816
395 290 817
395 157 818
766 290 819
447 308 820
393 734 821
187 150 822
338 97 823
8 244 824
308 290 825
434 95 826
363 95 827
434 244 828
445 94 829
236 734 830
880 102 831
880 244 832
375 150 833
445 393 834
393 388 835
522 446 836
435 734 837
445 94 838
880 394 839
880 388 840
40 94 841
102 386 842
703 237 843
308 236 844
445 94 845
133 592 846
31 868 847
880 387 848
880 734 849
395 92 850
878 446 851
291 394 852
8 152 853
709 592 854
435 762 855
886 93 856
435 388 857
511 100 858
511 387 859
269 96 860
226 387 861
269 90 862
764 446 863
31 761 864
511 758 865
856 442 866
587 244 867
100 869 868
540 237 869
587 736 870
8 90 871
435 869 872
540 295 873
8 757 874
56 393 875
486 97 876
486 705 877
486 245 878
870 734 879
870 734 880
428 387 881
870 240 882
390 538 883
506 295 884
339 761 885
435 734 886
709 736 887
886 448 888
424 388 889
887 95 890
102 869 891
102 388 892
395 386 893
887 94 894
395 869 895
395 93 896
8 412 897
395 443 898
8 412 899
538 759 900
3 157 901
424 388 902
3 395 903
3 759 904
100 869 905
434 95 906
62 292 907
434 95 908
395 766 909
362 767 910
3 387 911
362 244 912
363 767 913
3 586 914
3 244 915
443 766 916
49 236 917
362 448 918
3 90 919
49 106 920
554 443 921
3 90 922
8 90 923
98 240 924
437 767 925
3 451 926
8 387 927
362 394 928
362 387 929
851 388 930
747 154 931
362 90 932
8 244 933
178 743 934
554 290 935
31 106 936
362 758 937
127 94 938
3 412 939
8 90 940
127 237 941
3 296 942
872 99 943
3 392 944
435 871 945
3 757 946
8 490 947
371 308 948
435 767 949
435 767 950
3 766 951
70 389 952
538 490 953
3 93 954
538 759 955
548 295 956
435 869 957
443 452 958
8 244 959
766 290 960
3 490 961
538 490 962
8 759 963
371 393 964
3 244 965
3 759 966
363 767 967
3 387 968
8 244 969
538 296 970
548 388 971
538 759 972
8 244 973
90 867 974
49 290 975
8 759 976
90 392 977
3 244 978
587 736 978
8 244 979
3 244 980
759 740 981
125 757 982
247 763 983
767 394 984
767 242 985
8 387 986
3 90 987
31 495 988
776 395 989
220 767 990
759 493 991
8 90 992
759 493 993
709 392 994
767 392 995
709 736 996
767 392 997
3 395 998
102 869 999
3 490 1000
247 290 1001
102 386 1002
767 496 1003
149 759 1004
3 757 1005
8 244 1006
102 388 1007
102 388 1008
102 388 1009
102 388 1010
8 244 1011
776 395 1012
3 759 1013
220 496 1014
93 388 1015
3 244 1016
149 759 1017
759 496 1018
759 496 1019
93 395 1020
296 308 1021
296 308 1022
220 496 1023
296 395 1024
98 389 1025
98 392 1026
8 290 1027
93 104 1028
393 290 1029
8 759 1030
767 496 1031
149 759 1032
767 740 1033
93 295 1034
93 295 1035
93 244 1036
767 106 1037
93 452 1038
767 223 1039
93 100 1040
93 498 1041
93 101 1042
93 394 1043
220 496 1044
149 392 1045
751 152 1046
149 392 1047
93 484 1048
93 656 1049
108 589 1050
93 443 1051
98 392 1052
93 742 1053
93 90 1054
93 102 1055
149 392 1056
93 106 1057
362 244 1058
93 107 1059
93 107 1060
93 152 1061
93 870 1062
388 387 1063
93 585 1064
93 757 1065
93 734 1066
93 290 1067
362 867 1068
709 392 1069
375 97 1070
362 90 1071
134 308 1072
890 222 1073
499 495 1074
362 767 1075
362 767 1076
65 222 1077
833 391 1078
495 389 1079
833 388 1080
833 388 1081
156 387 1082
227 767 1083
359 97 1084
65 102 1085
708 221 1086
227 295 1087
522 154 1088
375 241 1089
747 220 1090
227 762 1091
236 290 1092
624 236 1093
560 762 1094
71 592 1095
560 387 1096
71 294 1097
71 443 1098
435 222 1099
435 222 1100
547 236 1101
560 152 1102
522 236 1103
445 152 1104
592 292 1105
592 220 1106
592 93 1107
869 294 1108
158 395 1109
592 870 1110
592 491 1111
158 734 1112
504 484 1113
504 484 1114
158 443 1115
158 290 1116
504 443 1117
540 237 1118
517 443 1119
158 594 1120
871 392 1121
121 734 1122
121 92 1123
224 389 1124
224 767 1125
224 226 1126
611 226 1127
244 92 1128
244 592 1129
244 90 1130
244 843 1131
244 585 1132
5 594 1133
244 392 1134
395 386 1135
395 157 1136
395 93 1137
395 443 1138
193 284 1139
870 759 1140
363 767 1141
363 867 1142
363 734 1143
363 244 1144
560 395 1145
560 762 1146
560 152 1147
237 762 1148
791 874 1149
791 222 1150
237 452 1151
791 497 1152
791 594 1153
237 452 1154
395 388 1155
677 387 1156
677 387 1157
478 387 1158
677 245 1159
395 762 1160
677 390 1161
677 538 1162
127 237 1163
395 734 1164
239 155 1165
81 734 1166
128 387 1167
128 390 1168
128 393 1169
709 874 1170
709 392 1171
709 736 1172
709 592 1173
557 393 1174
372 226 1175
81 386 1176
538 490 1177
538 490 1178
538 759 1179
538 412 1180
791 148 1181
357 443 1182
8 244 1183
88 484 1184
395 869 1185
395 452 1186
244 240 1187
362 767 1188
362 767 1189
286 152 1190
832 758 1191
362 244 1192
286 742 1193
362 244 1194
362 387 1195
362 758 1196
335 240 1197
239 290 1198
256 491 1199
435 762 1200
445 762 1200
435 244 1201
392 290 1202
395 386 1203
247 445 1204
247 296 1205
437 767 1206
244 240 1207
267 197 1208
237 452 1209
731 240 1210
870 734 1211
244 592 1212
870 395 1213
709 592 1214
870 308 1215
870 290 1216
694 244 1217
540 444 1218
102 869 1219
871 392 1220
56 284 1221
540 878 1222
244 240 1223
636 205 1224
540 205 1225
678 451 1226
226 387 1227
678 441 1228
886 93 1229
636 104 1230
636 491 1231
55 284 1232
3 90 1233
49 290 1234
363 734 1235
247 155 1236
363 93 1237
363 244 1238
393 290 1239
308 236 1240
704 443 1241
55 389 1242
8 290 1243
308 290 1244
375 491 1245
97 592 1246
750 443 1247
538 296 1248
8 244 1249
389 735 1250
171 871 1251
8 244 1252
285 296 1253
890 222 1254
631 236 1255
776 395 1256
538 296 1257
389 592 1258
389 868 1259
71 736 1260
389 392 1261
71 105 1261
247 296 1262
118 226 1263
118 484 1264
735 225 1265
118 390 1266
735 225 1267
851 445 1268
98 389 1269
98 392 1270
709 736 1271
709 592 1272
98 94 1273
709 392 1274
184 850 1275
445 196 1276
445 107 1277
118 850 1278
118 393 1279
434 290 1280
435 222 1281
121 226 1282
121 225 1283
832 850 1284
445 758 1285
434 767 1286
777 293 1287
638 308 1288
374 387 1289
871 296 1290
434 443 1291
374 878 1292
256 491 1293
434 443 1294
556 90 1295
429 95 1296
8 760 1297
686 388 1298
8 90 1299
706 387 1300
429 762 1301
374 387 1302
556 90 1303
8 90 1304
434 734 1305
31 495 1306
285 296 1307
445 391 1308
31 868 1309
364 90 1309
434 446 1310
766 290 1311
871 296 1312
434 295 1313
8 90 1314
393 290 1315
363 446 1316
348 445 1317
8 90 1317
445 290 1318
434 95 1319
127 205 1320
434 95 1321
348 391 1322
871 152 1323
637 290 1324
766 290 1325
637 107 1326
70 389 1327
247 290 1328
127 94 1329
764 446 1330
247 296 1331
540 205 1332
188 99 1333
429 852 1334
362 767 1335
364 767 1336
78 734 1337
362 767 1338
363 95 1339
364 767 1340
362 387 1341
363 852 1342
362 867 1343
362 767 1344
429 95 1345
364 767 1346
362 759 1347
445 152 1348
362 767 1349
870 878 1350
364 767 1351
870 290 1352
870 390 1353
98 94 1354
148 757 1355
363 767 1356
392 735 1357
392 290 1358
434 290 1359
735 855 1360
98 392 1361
512 97 1362
478 159 1363
708 245 1364
105 763 1365
478 734 1366
105 104 1367
838 244 1368
335 99 1369
392 412 1370
395 452 1371
395 869 1372
239 736 1373
93 290 1374
634 155 1375
395 734 1376
359 97 1377
634 484 1378
395 734 1379
227 244 1380
737 290 1381
424 388 1382
227 734 1383
102 869 1384
392 869 1385
102 388 1386
519 443 1387
709 738 1388
93 290 1389
3 451 1390
226 388 1391
554 443 1392
3 759 1393
3 759 1394
3 759 1395
637 99 1396
3 412 1397
226 387 1398
554 734 1399
3 490 1400
49 290 1401
3 90 1402
93 290 1403
149 759 1404
3 90 1405
395 869 1406
269 90 1407
3 244 1408
93 510 1409
3 759 1410
3 392 1411
149 759 1412
269 90 1412
133 592 1413
871 99 1414
127 205 1415
127 387 1416
435 734 1417
435 734 1418
637 741 1419
392 869 1420
392 869 1421
435 295 1422
392 412 1423
839 244 1424
435 244 1425
392 388 1426
3 96 1427
871 240 1428
871 240 1429
429 852 1430
393 290 1431
395 443 1432
433 97 1433
395 388 1434
395 734 1435
395 290 1436
433 443 1437
393 290 1438
486 94 1439
392 388 1440
395 388 1441
867 493 1442
392 388 1443
71 736 1444
395 388 1445
392 388 1446
71 592 1447
71 387 1448
395 388 1449
392 388 1450
395 388 1451
104 389 1452
392 388 1453
395 388 1454
5 388 1455
392 388 1456
395 388 1457
392 388 1458
395 388 1459
133 592 1460
119 90 1461
766 290 1462
437 766 1463
776 395 1464
55 284 1465
231 148 1466
51 387 1467
393 290 1468
624 236 1469
227 244 1470
5 388 1471
98 392 1472
98 855 1473
193 102 1474
193 740 1475
193 393 1476
424 388 1477
40 245 1478
40 867 1479
40 585 1480
389 592 1481
389 868 1482
372 452 1483
333 386 1484
363 244 1485
709 592 1486
363 867 1487
224 226 1488
124 389 1489
3 90 1490
486 443 1491
224 767 1492
3 759 1493
556 90 1494
3 412 1495
193 290 1496
3 96 1497
3 90 1498
760 108 1499
3 96 1500
98 389 1501
556 90 1502
395 766 1503
3 156 1504
395 295 1505
3 497 1506
193 284 1507
224 393 1508
362 759 1508
3 498 1509
224 387 1510
362 244 1511
362 767 1512
3 197 1513
193 284 1514
224 390 1515
362 867 1516
392 388 1517
362 90 1518
3 759 1519
412 637 1520
875 308 1521
392 412 1522
3 90 1523
167 105 1524
3 412 1525
3 392 1526
394 395 1527
412 152 1528
854 736 1529
123 106 1530
3 90 1531
3 759 1532
854 736 1533
3 759 1534
875 740 1535
394 585 1536
875 757 1537
519 538 1538
519 538 1539
224 767 1540
519 387 1541
538 296 1542
394 388 1543
519 443 1543
519 734 1544
445 389 1545
392 412 1546
363 767 1547
538 759 1548
538 490 1549
394 412 1550
898 236 1551
735 639 1552
735 855 1553
359 850 1554
247 763 1555
705 106 1556
375 196 1557
705 445 1558
375 760 1559
587 736 1560
445 196 1561
31 106 1562
31 868 1563
618 93 1564
554 642 1565
554 495 1566
244 230 1567
98 99 1568
618 448 1569
98 855 1570
392 388 1571
153 448 1572
618 102 1573
103 443 1574
618 757 1574
618 868 1575
244 643 1576
227 244 1577
220 154 1578
244 851 1579
103 386 1580
103 585 1581
103 155 1582
95 767 1582
227 734 1583
100 869 1584
709 736 1585
100 869 1586
709 868 1587
100 869 1588
3 640 1589
435 869 1590
3 639 1591
435 762 1592
362 387 1593
712 585 1594
389 636 1595
244 290 1596
133 592 1597
362 759 1598
559 870 1599
362 90 1600
393 734 1601
3 639 1602
362 244 1603
244 91 1604
149 759 1605
637 108 1606
1 741 1607
709 636 1608
637 741 1609
393 230 1610
712 290 1611
709 592 1612
31 594 1613
395 93 1614
395 395 1615
870 878 1616
395 388 1617
395 388 1618
494 443 1619
125 757 1620
227 244 1621
103 290 1622
227 95 1623
227 364 1624
821 104 1625
447 365 1626
363 767 1627
672 656 1628
437 766 1629
745 878 1630
709 642 1631
538 759 1632
821 762 1633
103 585 1634
437 364 1635
5 594 1636
437 295 1637
363 93 1638
120 241 1639
743 99 1640
349 761 1641
596 363 1642
428 387 1643
428 878 1644
308 290 1645
870 293 1646
435 295 1647
743 362 1648
308 236 1649
745 878 1650
153 363 1651
747 241 1652
444 494 1653
444 738 1654
444 758 1655
39 387 1656
126 874 1657
100 850 1658
127 868 1659
126 104 1660
709 868 1661
127 867 1662
372 90 1663
764 736 1664
126 103 1665
127 389 1666
873 589 1667
102 388 1668
126 735 1668
126 493 1669
120 241 1670
220 640 1671
319 363 1672
126 452 1673
596 94 1674
363 867 1675
126 635 1676
873 642 1677
389 868 1678
392 388 1678
126 159 1679
435 361 1680
31 360 1681
392 869 1682
126 868 1683
184 850 1684
362 90 1685
102 388 1686
887 392 1687
98 392 1688
887 389 1689
224 767 1690
362 244 1691
362 448 1692
392 388 1693
887 392 1694
887 392 1695
31 495 1696
887 94 1697
102 388 1698
392 388 1699
437 767 1700
372 90 1701
631 389 1702
554 495 1703
363 767 1704
3 412 1705
8 90 1706
3 759 1707
8 759 1708
3 759 1709
3 759 1710
3 759 1711
100 869 1712
587 736 1713
3 759 1714
8 757 1715
254 360 1716
8 412 1717
3 490 1718
374 878 1719
3 759 1720
193 102 1721
547 395 1722
3 90 1723
709 642 1724
894 222 1725
709 738 1726
3 156 1727
374 736 1728
3 412 1729
3 412 1730
308 358 1731
8 290 1732
547 451 1733
374 387 1734
547 498 1735
8 387 1736
8 244 1737
98 94 1738
8 760 1739
49 106 1740
432 876 1741
3 244 1742
388 387 1743
98 392 1744
8 90 1745
894 766 1746
388 638 1747
49 290 1748
3 90 1749
8 759 1750
547 236 1751
3 90 1752
495 443 1753
226 387 1754
3 639 1755
3 639 1756
149 759 1757
422 360 1758
3 640 1759
8 412 1760
3 759 1761
3 759 1762
547 297 1763
3 759 1764
149 759 1765
519 638 1766
486 538 1767
428 538 1768
823 484 1769
422 365 1770
792 387 1771
149 759 1772
422 589 1773
220 640 1774
285 296 1775
822 108 1776
335 99 1777
125 743 1778
422 412 1779
269 90 1780
871 91 1781
362 767 1782
821 104 1783
362 90 1784
226 642 1785
98 99 1786
8 90 1787
422 871 1788
362 759 1789
362 759 1790
8 490 1791
8 240 1792
422 451 1793
759 494 1794
8 759 1795
745 878 1796
870 878 1797
1 870 1798
870 878 1799
759 103 1800
8 152 1801
712 290 1802
547 641 1803
270 356 1804
827 290 1805
39 594 1806
422 91 1807
547 106 1808
547 106 1809
39 231 1810
708 484 1811
547 388 1812
270 371 1813
270 484 1814
422 594 1815
822 290 1816
39 152 1817
121 226 1818
270 495 1819
270 370 1820
39 290 1821
871 484 1822
270 290 1823
39 495 1824
270 395 1825
39 758 1826
871 91 1827
39 491 1828
270 484 1829
39 226 1830
333 386 1831
270 594 1832
190 389 1833
746 850 1834
270 388 1835
871 99 1836
270 740 1837
220 757 1838
871 240 1839
270 372 1840
371 443 1841
39 369 1842
871 296 1843
270 369 1844
333 92 1845
39 387 1846
39 308 1847
39 308 1848
270 387 1849
375 297 1850
375 241 1851
375 196 1852
261 369 1853
393 290 1854
261 495 1855
261 373 1856
812 387 1857
31 360 1858
31 495 1859
270 375 1860
31 594 1861
270 484 1862
31 448 1863
31 394 1864
261 356 1865
31 106 1866
270 379 1867
31 389 1868
261 370 1869
270 736 1870
8 290 1871
270 379 1872
270 376 1873
39 387 1874
635 108 1875
712 240 1876
31 360 1877
220 394 1878
712 388 1879
8 290 1880
363 759 1881
363 759 1882
363 759 1883
363 759 1884
363 759 1885
363 759 1886
363 759 1887
363 759 1888
149 759 1889
363 759 1890
363 759 1891
363 759 1892
363 759 1893
363 759 1894
363 759 1895
363 759 1896
363 759 1897
363 759 1898
363 759 1899
363 759 1900
166 538 1901
388 757 1902
712 290 1903
512 97 1904
428 538 1905
8 759 1906
587 736 1907
166 538 1908
712 585 1909
813 356 1910
8 290 1911
512 226 1912
8 290 1913
83 159 1914
494 104 1915
494 103 1916
434 222 1917
512 389 1918
813 369 1919
494 308 1920
434 767 1921
149 759 1922
434 295 1923
813 374 1924
149 759 1925
434 95 1926
826 762 1927
261 387 1928
580 443 1929
434 734 1930
514 445 1931
514 391 1932
514 394 1933
83 738 1934
8 96 1935
579 739 1936
434 290 1937
434 852 1938
93 290 1939
51 387 1940
435 767 1941
83 739 1942
93 388 1943
93 870 1944
93 870 1945
435 852 1946
8 759 1947
580 740 1948
579 738 1949
93 107 1950
435 871 1951
93 152 1952
580 389 1953
65 759 1954
435 388 1955
579 293 1956
609 92 1957
435 388 1958
93 102 1959
823 359 1960
435 869 1961
83 387 1962
826 443 1963
636 757 1964
34 740 1965
296 498 1966
764 736 1967
636 757 1968
359 734 1969
93 295 1970
826 387 1971
895 393 1972
686 389 1973
580 491 1974
435 290 1975
93 510 1976
686 389 1977
435 356 1978
686 92 1979
712 49 1980
435 375 1981
686 49 1982
579 53 1983
712 49 1984
149 759 1985
871 240 1986
871 240 1987
435 762 1988
712 95 1989
435 375 1990
712 364 1991
686 49 1992
686 49 1993
777 868 1994
90 393 1995
871 387 1996
871 445 1997
237 452 1998
579 159 1999
93 290 2000
93 290 2001
777 293 2002
777 593 2003
871 484 2004
777 735 2005
482 294 2006
226 222 2007
93 585 2008
93 388 2009
579 740 2010
83 740 2011
188 188 2012
712 290 2013
353 393 2014
353 875 2015
503 734 2016
353 55 2017
580 391 2018
712 585 2019
353 443 2020
373 734 2021
353 452 2022
83 636 2023
577 105 2024
90 867 2025
373 442 2026
373 393 2027
90 734 2028
90 737 2029
374 736 2030
373 739 2031
373 739 2032
187 387 2033
580 52 2034
187 387 2035
64 52 2036
580 51 2037
579 739 2038
373 236 2039
856 236 2040
831 387 2041
187 376 2042
706 159 2043
706 736 2044
706 105 2045
580 876 2046
437 767 2047
437 852 2048
854 736 2049
820 222 2050
820 395 2051
726 874 2052
726 308 2053
820 393 2054
766 874 2055
677 443 2056
335 99 2057
184 852 2058
118 850 2059
820 442 2060
833 642 2061
56 284 2062
631 389 2063
677 360 2064
631 236 2065
447 242 2066
64 737 2067
93 585 2068
747 850 2069
93 290 2070
93 290 2071
637 108 2072
747 874 2073
422 585 2074
434 95 2075
422 393 2076
267 159 2077
422 871 2078
395 869 2079
395 388 2080
422 594 2081
395 734 2082
267 197 2083
422 594 2084
422 594 2085
133 636 2086
93 585 2087
93 388 2088
267 159 2089
422 240 2090
422 240 2091
422 240 2092
538 490 2093
98 91 2094
709 105 2095
428 387 2096
428 387 2097
132 108 2098
709 636 2099
580 740 2100
709 736 2101
709 738 2102
709 642 2103
822 240 2104
826 762 2105
678 451 2106
826 443 2107
395 388 2108
93 388 2109
580 443 2110
221 428 2111
753 236 2112
580 52 2113
826 387 2114
678 395 2115
678 395 2116
285 296 2117
871 296 2118
871 99 2119
441 874 2120
871 392 2121
73 226 2122
389 736 2123
389 868 2124
441 738 2125
256 437 2126
256 492 2127
871 91 2128
495 447 2129
477 766 2130
435 222 2131
395 766 2132
477 294 2133
477 150 2134
435 91 2135
435 762 2136
477 594 2137
359 97 2138
435 290 2139
821 738 2140
477 295 2141
435 852 2142
375 150 2143
821 104 2144
709 736 2145
363 95 2146
363 95 2147
375 759 2148
374 736 2149
374 878 2150
435 436 2151
435 436 2152
435 436 2153
435 436 2154
435 295 2155
374 159 2156
374 105 2157
618 868 2158
592 45 2159
363 867 2160
618 393 2161
618 102 2162
871 91 2163
352 443 2164
538 759 2165
153 363 2166
583 870 2167
362 759 2168
538 743 2169
881 226 2170
583 734 2171
153 448 2172
538 412 2173
737 290 2174
362 448 2175
153 636 2176
583 387 2177
618 442 2178
618 757 2179
362 767 2180
39 375 2181
39 239 2182
39 510 2183
39 156 2184
709 105 2185
546 639 2186
270 356 2187
261 152 2188
270 484 2189
745 387 2190
39 387 2191
39 373 2192
881 225 2193
39 237 2194
745 380 2195
270 736 2196
270 394 2197
732 390 2198
735 851 2199
270 694 2200
735 639 2201
732 590 2202
735 855 2203
732 592 2204
39 290 2205
270 152 2206
39 386 2207
39 386 2208
39 238 2209
270 107 2210
39 742 2211
39 380 2212
39 538 2213
39 495 2214
636 757 2215
39 393 2216
690 225 2217
437 852 2218
548 156 2219
791 222 2220
690 394 2221
548 156 2222
690 757 2223
5 594 2224
597 297 2225
709 636 2226
5 594 2227
5 594 2228
822 108 2229
90 737 2230
512 97 2231
90 867 2232
5 594 2233
31 245 2234
308 290 2235
5 594 2236
435 759 2237
435 244 2238
226 757 2239
435 767 2239
5 594 2240
435 290 2241
478 159 2242
244 230 2243
820 222 2244
244 635 2245
128 55 2246
420 294 2247
375 297 2248
375 294 2249
428 387 2250
392 412 2251
375 437 2252
375 876 2253
239 857 2254
375 45 2255
375 443 2256
375 443 2257
239 290 2258
375 759 2259
478 159 2260
34 740 2261
548 295 2262
428 878 2263
428 878 2264
548 389 2265
62 510 2266
825 97 2267
51 369 2268
62 498 2269
239 290 2270
363 767 2271
363 767 2272
352 150 2273
62 45 2274
825 97 2275
435 767 2276
363 867 2277
435 734 2278
363 867 2279
62 734 2280
494 104 2281
435 766 2282
380 150 2283
308 290 2284
538 759 2285
538 412 2286
498 495 2287
363 767 2288
712 95 2289
362 767 2290
333 386 2291
362 244 2292
363 767 2293
745 380 2294
333 393 2295
745 380 2296
363 244 2297
712 394 2298
706 380 2299
493 393 2300
31 868 2301
609 443 2302
493 393 2303
363 95 2304
395 386 2305
395 734 2306
443 432 2307
706 736 2308
435 759 2309
371 850 2310
373 152 2311
745 878 2312
122 538 2313
745 380 2314
98 392 2315
392 412 2316
187 387 2317
392 290 2318
745 387 2319
64 391 2320
187 443 2321
187 387 2322
187 538 2323
187 878 2324
747 241 2325
747 484 2326
121 226 2327
121 225 2328
127 868 2329
106 290 2330
821 45 2331
244 639 2332
789 388 2333
244 585 2334
106 388 2335
308 290 2336
712 95 2337
226 387 2338
237 693 2339
437 244 2340
551 154 2341
551 297 2342
551 496 2343
3 156 2344
3 156 2345
712 290 2346
3 490 2347
833 363 2348
492 369 2349
792 380 2350
3 412 2351
3 759 2352
3 90 2353
492 690 2354
243 290 2355
492 103 2356
3 639 2357
3 639 2358
243 290 2359
551 223 2360
363 244 2361
363 95 2362
359 97 2363
363 95 2364
359 387 2365
745 380 2366
128 51 2367
709 868 2368
393 290 2369
322 363 2370
322 445 2371
322 484 2372
856 442 2373
56 284 2374
332 734 2375
364 389 2376
56 389 2377
548 156 2378
392 388 2379
392 388 2380
392 388 2381
56 393 2382
735 851 2383
392 290 2384
548 154 2385
353 388 2386
177 226 2387
395 388 2388
395 432 2389
395 734 2390
822 389 2391
90 734 2392
90 442 2393
424 388 2394
149 589 2395
424 737 2396
352 443 2397
554 642 2398
372 226 2399
424 389 2400
126 105 2401
389 868 2401
149 759 2402
149 759 2403
38 55 2404
813 380 2405
712 95 2406
493 94 2407
493 94 2408
493 242 2409
596 363 2410
712 95 2411
493 448 2412
100 868 2413
100 735 2414
102 388 2415
580 51 2416
105 388 2417
102 388 2418
580 498 2419
425 389 2420
105 388 2421
435 759 2422
363 95 2423
435 388 2424
627 107 2425
105 388 2426
435 734 2427
237 452 2428
709 868 2429
833 691 2430
389 735 2431
375 241 2432
375 294 2433
336 294 2434
39 369 2435
395 766 2436
39 369 2437
395 433 2438
395 734 2439
574 691 2440
737 238 2441
251 394 2442
244 636 2443
251 394 2444
120 241 2445
363 767 2446
87 290 2447
118 226 2448
261 152 2449
813 240 2450
813 369 2451
261 868 2452
87 222 2453
813 356 2454
121 226 2455
813 291 2456
813 835 2457
261 835 2458
813 835 2459
813 835 2460
813 835 2461
270 835 2462
261 237 2463
813 739 2464
261 835 2465
813 739 2466
261 835 2467
181 372 2468
270 154 2469
813 736 2470
554 760 2471
261 834 2472
813 834 2473
270 356 2474
538 490 2475
538 490 2476
813 834 2477
261 736 2478
261 736 2479
270 736 2480
813 152 2481
261 154 2482
181 443 2483
813 370 2484
261 452 2485
813 388 2486
261 370 2487
261 375 2488
261 379 2489
261 694 2490
261 740 2491
224 226 2492
813 222 2493
813 763 2494
737 238 2495
261 380 2496
737 442 2497
737 442 2498
261 374 2499
1 741 2500
813 295 2501
424 388 2502
308 290 2503
709 636 2504
376 388 2505
376 225 2506
87 294 2507
261 388 2508
813 388 2509
105 763 2510
813 379 2511
424 388 2512
133 592 2513
261 222 2514
709 636 2515
376 388 2516
424 388 2517
492 369 2518
578 831 2519
492 361 2520
239 736 2521
376 388 2522
424 388 2523
51 830 2524
193 393 2525
83 53 2526
313 150 2527
313 294 2528
220 394 2529
812 389 2530
83 105 2531
313 236 2532
313 433 2533
313 433 2534
313 245 2535
107 694 2536
83 636 2537
193 284 2538
193 740 2539
637 107 2540
319 363 2541
362 244 2542
362 387 2543
637 395 2544
362 759 2545
39 538 2546
39 356 2547
39 242 2548
39 240 2549
3 156 2550
220 740 2551
39 237 2552
39 156 2553
39 386 2554
3 490 2555
39 238 2556
73 241 2557
887 94 2558
39 495 2559
39 290 2560
3 640 2561
887 389 2562
745 380 2563
102 388 2564
392 290 2565
3 640 2566
3 640 2567
392 412 2568
3 640 2569
93 290 2570
442 226 2571
83 738 2572
90 734 2573
83 636 2574
260 370 2575
371 431 2576
102 412 2577
83 740 2578
674 448 2579
712 290 2580
712 290 2581
813 356 2582
538 490 2583
538 412 2584
859 452 2585
859 308 2586
764 736 2587
709 592 2588
282 495 2589
764 388 2590
295 154 2591
709 105 2592
243 393 2593
98 389 2594
872 99 2595
83 739 2596
820 442 2597
859 492 2598
859 185 2599
424 388 2600
127 389 2601
859 443 2602
127 389 2603
538 412 2604
583 242 2605
127 868 2606
509 108 2607
741 98 2608
392 412 2609
447 738 2610
83 701 2611
611 242 2612
392 290 2613
637 437 2614
445 853 2615
254 360 2616
254 394 2617
83 55 2618
83 55 2619
445 389 2620
872 362 2621
153 363 2622
763 389 2623
359 97 2624
424 389 2625
8 244 2626
672 388 2627
823 359 2628
823 875 2629
822 389 2630
8 90 2631
444 361 2632
359 387 2633
295 154 2634
8 412 2635
8 412 2636
83 105 2637
237 452 2638
764 388 2639
237 308 2640
631 389 2641
8 90 2642
237 762 2643
8 90 2644
8 90 2645
509 593 2646
424 389 2647
149 392 2648
98 99 2649
631 295 2650
6 443 2651
424 389 2652
220 640 2653
631 389 2654
434 852 2655
6 452 2656
187 183 2657
120 154 2658
631 236 2659
422 412 2660
148 182 2661
445 245 2662
260 373 2663
40 94 2664
50 444 2665
8 759 2666
637 412 2667
260 740 2668
8 759 2669
445 152 2670
310 445 2671
190 389 2672
826 431 2673
39 594 2674
39 389 2675
445 637 2676
39 387 2677
445 107 2678
826 430 2679
221 428 2680
631 389 2681
445 837 2682
78 179 2683
39 226 2684
826 240 2685
39 242 2686
388 638 2687
851 445 2688
98 392 2689
826 762 2690
41 735 2691
392 412 2692
547 242 2693
353 242 2694
353 55 2695
437 95 2696
712 734 2697
437 852 2698
431 179 2699
39 90 2700
39 55 2701
39 448 2702
39 186 2703
39 244 2704
39 689 2705
39 187 2706
577 493 2707
39 358 2708
313 225 2709
39 183 2710
39 692 2711
269 90 2712
117 394 2713
851 104 2714
577 242 2715
220 154 2716
851 104 2717
154 874 2718
64 737 2719
851 104 2720
577 105 2721
154 705 2722
149 357 2723
338 97 2724
93 510 2725
348 394 2726
90 702 2727
424 389 2728
102 412 2729
348 102 2730
93 102 2731
93 102 2732
1 325 2733
93 152 2734
249 325 2735
102 388 2736
93 107 2736
65 380 2737
826 443 2738
226 387 2739
93 388 2740
93 870 2741
150 443 2742
826 56 2743
286 394 2744
577 857 2745
93 290 2746
611 55 2747
348 102 2748
826 387 2749
315 694 2750
871 94 2751
827 363 2752
871 152 2753
359 373 2754
812 389 2755
372 226 2756
812 97 2757
447 321 2758
121 226 2759
372 369 2760
48 762 2761
48 149 2762
48 393 2763
435 762 2764
335 99 2765
747 484 2766
435 238 2767
435 238 2768
374 380 2769
435 244 2770
118 226 2771
435 290 2772
435 767 2773
374 878 2774
48 762 2775
224 226 2776
435 734 2777
372 226 2778
428 387 2779
374 105 2780
435 762 2781
48 393 2782
494 104 2783
48 762 2784
372 452 2785
353 443 2786
220 394 2787
60 45 2788
353 308 2789
71 294 2790
71 705 2791
445 389 2792
618 868 2793
611 154 2794
592 53 2795
592 372 2796
444 372 2797
444 437 2798
231 452 2799
444 186 2800
444 494 2801
444 45 2802
444 738 2803
444 324 2804
444 180 2805
237 452 2806
493 389 2807
237 452 2808
871 99 2809
444 874 2810
871 484 2811
444 736 2812
444 735 2813
444 448 2814
444 105 2815
444 740 2816
444 868 2817
376 104 2818
376 186 2819
376 876 2820
376 735 2821
376 448 2822
376 102 2823
376 868 2824
540 328 2825
376 372 2826
376 595 2827
56 389 2828
853 290 2829
791 55 2830
126 159 2831
126 105 2832
389 592 2833
820 393 2834
737 442 2835
271 106 2836
870 437 2837
31 389 2838
282 45 2839
76 97 2840
31 495 2841
31 868 2842
39 308 2843
39 373 2844
820 99 2845
335 99 2846
39 369 2847
39 369 2848
39 186 2849
39 244 2850
39 448 2851
41 324 2852
41 736 2853
443 432 2854
395 433 2855
395 734 2856
395 432 2857
637 180 2858
41 324 2859
41 239 2860
41 735 2861
395 386 2862
395 838 2863
395 388 2864
235 388 2865
709 592 2866
709 874 2867
709 738 2868
637 443 2869
445 389 2870
618 572 2871
363 244 2872
389 735 2873
389 636 2874
435 244 2875
389 592 2876
435 388 2877
372 452 2878
334 197 2879
443 388 2880
424 389 2881
334 45 2882
334 90 2883
424 388 2884
519 638 2885
898 236 2886
39 226 2887
509 290 2888
39 448 2889
39 238 2890
39 491 2891
39 239 2892
39 538 2893
39 55 2894
39 386 2895
412 637 2896
412 637 2897
247 763 2898
538 759 2899
538 490 2900
813 763 2901
126 152 2902
631 236 2903
445 389 2904
445 152 2905
636 328 2906
60 444 2907
602 297 2908
429 95 2909
60 444 2910
881 226 2911
40 328 2912
748 830 2913
813 838 2914
429 852 2915
226 387 2916
420 294 2917
495 599 2918
60 597 2919
359 387 2920
371 431 2921
226 237 2922
813 867 2923
420 154 2924
813 436 2925
813 735 2926
371 360 2927
371 443 2928
39 226 2929
813 495 2930
336 294 2931
813 451 2932
73 226 2933
826 431 2934
813 323 2935
124 389 2936
73 241 2937
60 329 2938
1 741 2939
420 394 2940
813 412 2941
60 572 2942
826 870 2943
497 149 2944
392 735 2945
120 874 2946
60 600 2947
48 149 2948
636 328 2949
392 388 2950
43 442 2951
374 159 2952
395 443 2953
373 98 2954
318 495 2955
364 90 2955
376 186 2955
373 734 2956
826 762 2957
364 389 2958
435 759 2959
237 762 2960
376 868 2961
435 436 2962
270 387 2963
270 694 2964
270 107 2965
120 442 2966
321 152 2967
8 90 2968
443 432 2969
424 595 2970
321 100 2971
270 356 2972
31 495 2973
270 736 2974
270 734 2975
313 433 2976
313 294 2977
270 394 2978
270 152 2979
183 642 2980
270 694 2981
577 105 2982
871 99 2983
270 736 2984
445 393 2985
321 387 2986
777 868 2987
313 236 2988
777 735 2989
313 740 2990
244 702 2991
313 186 2992
244 493 2993
424 595 2994
270 452 2995
743 362 2996
333 386 2997
243 106 2998
270 379 2999
244 45 3000
48 762 3001
678 451 3002
48 762 3003
244 90 3004
832 184 3005
592 850 3006
832 572 3007
313 326 3008
31 868 3009
313 701 3010
832 225 3011
592 241 3012
333 734 3013
313 225 3014
153 363 3015
884 390 3016
333 734 3017
229 442 3018
832 734 3019
313 387 3020
492 392 3021
244 762 3022
422 240 3023
244 431 3024
813 451 3025
813 436 3026
313 596 3027
422 412 3028
422 451 3029
871 392 3030
229 446 3031
229 593 3032
743 99 3033
106 388 3034
106 157 3035
106 308 3036
106 593 3037
677 491 3038
677 538 3039
777 868 3040
674 308 3041
884 757 3042
677 387 3043
677 360 3044
580 740 3045
71 387 3046
884 740 3047
580 102 3048
353 443 3049
747 452 3050
747 874 3051
546 245 3052
424 394 3053
269 395 3054
599 853 3055
580 94 3056
580 740 3057
363 867 3058
364 90 3059
580 443 3060
580 391 3061
599 572 3062
580 389 3063
424 389 3064
580 186 3065
8 90 3066
227 762 3067
434 734 3068
434 734 3069
546 639 3070
363 319 3071
785 692 3072
363 308 3073
363 767 3074
363 760 3075
363 760 3076
363 871 3077
363 852 3078
434 95 3078
47 450 3079
118 491 3080
60 387 3081
47 450 3082
389 735 3083
244 290 3084
60 370 3085
444 186 3086
363 759 3087
444 738 3088
834 734 3089
834 734 3090
244 52 3091
313 740 3092
244 636 3093
551 433 3094
149 759 3095
445 389 3096
445 853 3097
445 393 3098
126 452 3099
551 640 3100
149 392 3101
434 295 3102
631 389 3103
126 159 3104
149 392 3105
631 295 3106
745 380 3107
83 326 3108
83 294 3109
712 95 3110
631 226 3111
746 838 3112
434 446 3113
752 89 3114
540 444 3115
335 99 3116
712 392 3117
712 394 3118
39 226 3119
712 734 3120
3 156 3121
56 393 3122
3 490 3123
3 90 3124
3 90 3125
3 412 3126
822 389 3127
3 412 3128
434 95 3129
3 759 3130
3 497 3131
39 374 3132
39 370 3133
3 244 3134
3 639 3135
120 369 3136
3 640 3137
522 446 3138
576 742 3139
677 245 3140
709 592 3141
709 636 3142
709 642 3143
709 868 3144
540 237 3145
121 226 3146
813 451 3147
812 389 3148
392 157 3149
392 388 3150
121 225 3151
392 412 3152
424 389 3153
311 431 3154
311 393 3155
746 95 3156
102 388 3157
127 237 3158
235 388 3159
509 593 3160
374 159 3161
270 394 3162
424 388 3163
270 394 3164
119 294 3165
424 394 3166
102 869 3167
270 394 3168
127 389 3169
102 388 3170
424 394 3171
308 236 3172
127 867 3173
127 868 3174
65 221 3175
270 394 3176
48 762 3177
120 874 3178
270 372 3179
270 323 3180
39 226 3181
581 693 3182
424 394 3183
48 762 3184
268 492 3185
270 394 3186
443 869 3187
389 636 3188
93 388 3189
445 94 3190
93 388 3191
39 369 3192
39 380 3193
93 295 3194
39 380 3195
270 372 3196
39 308 3197
686 49 3198
39 104 3199
39 156 3200
424 394 3201
39 387 3202
93 152 3203
93 107 3204
93 585 3205
93 870 3206
624 236 3207
93 290 3208
93 290 3209
392 388 3210
791 596 3210
392 388 3211
881 226 3212
881 225 3213
329 237 3214
269 498 3215
424 388 3216
93 388 3217
3 639 3218
512 762 3219
424 388 3220
93 388 3221
424 388 3222
546 639 3223
120 241 3224
357 444 3225
93 388 3226
362 867 3227
583 387 3228
747 740 3229
747 874 3230
392 388 3231
424 388 3232
747 741 3233
102 388 3234
747 850 3235
392 388 3236
376 388 3237
392 388 3238
93 388 3239
102 388 3240
62 734 3241
102 388 3242
583 308 3243
392 388 3244
747 876 3244
102 388 3245
764 388 3246
392 388 3247
93 388 3248
392 388 3249
791 874 3250
747 443 3251
102 388 3252
102 388 3253
747 443 3254
392 388 3255
392 388 3256
747 394 3257
62 443 3258
102 388 3259
102 388 3260
424 388 3261
764 736 3262
392 388 3263
93 388 3264
392 388 3265
392 388 3266
102 388 3267
102 388 3268
764 388 3269
93 388 3270
392 388 3271
102 388 3272
747 726 3273
65 56 3274
62 875 3275
392 388 3276
102 388 3277
392 388 3278
424 388 3278
392 388 3279
3 639 3280
764 446 3281
424 388 3282
424 388 3283
764 446 3284
392 388 3285
132 491 3286
764 388 3287
62 395 3288
764 388 3289
62 292 3290
424 388 3291
93 388 3292
62 388 3293
546 639 3294
93 388 3295
102 388 3296
93 388 3297
93 388 3298
764 388 3299
102 388 3300
764 388 3301
93 394 3302
102 388 3303
93 388 3304
270 376 3305
270 107 3306
392 388 3307
102 388 3308
102 388 3309
424 388 3310
93 107 3311
270 388 3312
102 388 3313
270 388 3314
735 225 3315
102 388 3316
424 388 3317
48 105 3318
102 388 3319
424 388 3320
270 484 3321
102 388 3322
424 388 3323
102 388 3324
102 388 3325
424 388 3326
102 388 3327
424 388 3328
546 538 3329
102 388 3330
102 388 3331
424 737 3332
633 874 3333
392 446 3334
392 766 3335
633 357 3336
709 636 3337
709 868 3338
709 874 3339
822 108 3340
313 433 3341
388 387 3342
540 328 3343
435 762 3344
777 868 3345
121 226 3346
588 446 3347
709 45 3348
40 205 3349
435 869 3350
40 94 3351
709 868 3352
764 446 3353
389 636 3354
435 244 3355
260 373 3356
445 107 3357
334 57 3358
133 592 3359
270 373 3360
633 728 3361
495 436 3362
495 498 3363
495 597 3364
236 431 3365
45 237 3366
236 572 3367
93 107 3368
834 724 3369
834 725 3370
395 433 3371
445 393 3372
395 838 3373
395 432 3374
395 734 3375
395 290 3376
596 94 3377
220 394 3378
290 389 3379
334 388 3380
269 240 3381
712 95 3382
855 389 3383
220 640 3384
56 389 3385
116 390 3386
116 242 3387
712 394 3388
627 107 3389
712 290 3390
627 221 3391
627 55 3392
220 394 3393
861 62 3394
709 636 3395
709 592 3396
120 105 3397
709 158 3398
712 240 3399
712 394 3400
103 734 3401
220 394 3402
636 205 3403
873 182 3404
712 394 3405
861 99 3406
745 380 3407
873 642 3408
435 599 3409
103 237 3410
636 443 3411
767 55 3412
861 387 3412
767 55 3413
887 392 3414
712 328 3415
538 490 3416
741 98 3417
538 412 3418
759 759 3419
767 376 3420
767 376 3421
759 759 3422
767 323 3423
767 323 3424
767 323 3425
583 766 3426
887 853 3427
759 740 3428
826 431 3429
710 701 3430
637 851 3431
3 759 3432
710 155 3433
509 364 3434
826 762 3435
429 95 3436
767 64 3437
372 369 3438
759 837 3439
424 389 3440
393 230 3441
448 450 3442
730 389 3443
881 226 3444
710 390 3445
448 450 3446
268 729 3447
371 734 3448
448 242 3449
710 635 3450
393 290 3451
710 727 3452
826 387 3453
389 592 3454
371 443 3455
710 484 3456
448 236 3457
710 90 3458
393 230 3459
270 394 3460
103 328 3461
737 238 3462
710 491 3463
493 493 3464
710 390 3465
710 635 3466
444 874 3467
710 484 3468
710 727 3469
710 90 3470
437 95 3471
826 443 3472
437 852 3473
444 735 3474
493 393 3475
444 448 3476
624 236 3477
551 325 3478
898 236 3479
393 496 3480
389 636 3481
335 99 3482
437 244 3483
363 95 3484
389 868 3485
268 45 3486
870 878 3487
393 734 3488
190 389 3489
870 60 3490
200 443 3491
374 736 3492
127 205 3493
872 99 3494
201 370 3495
437 95 3496
767 733 3497
636 443 3498
444 105 3499
181 594 3500
636 443 3501
181 372 3502
437 95 3503
444 152 3504
95 94 3505
444 740 3506
483 437 3507
444 757 3508
200 443 3509
702 443 3510
201 370 3511
308 290 3512
702 387 3513
493 66 3514
757 197 3515
493 837 3516
444 868 3517
375 62 3518
420 868 3519
229 446 3520
41 324 3521
392 388 3522
36 372 3523
335 99 3524
551 833 3525
120 874 3526
709 636 3527
200 45 3528
120 225 3529
196 705 3530
200 484 3531
373 236 3532
35 369 3533
335 99 3534
434 852 3535
428 387 3536
624 450 3537
35 510 3538
373 98 3539
35 510 3540
712 95 3541
296 45 3542
244 230 3543
712 734 3544
375 241 3545
712 394 3546
270 394 3547
443 432 3548
443 432 3549
389 736 3550
498 442 3551
229 225 3552
200 764 3553
498 435 3554
701 244 3555
200 442 3556
336 245 3557
247 296 3558
737 290 3559
125 637 3560
125 637 3561
836 100 3562
737 442 3563
546 639 3564
200 442 3565
198 158 3566
83 53 3567
546 240 3568
395 388 3569
106 585 3570
395 734 3571
737 759 3572
712 734 3573
106 593 3574
106 157 3575
106 388 3576
709 874 3577
149 639 3578
637 107 3579
637 108 3580
363 95 3581
43 45 3582
43 442 3583
637 412 3584
637 443 3585
393 290 3586
580 727 3587
71 105 3588
194 105 3589
637 223 3590
8 197 3591
8 197 3592
437 95 3593
611 373 3594
8 183 3595
437 244 3596
611 832 3597
69 730 3598
48 762 3599
611 100 3600
611 387 3601
611 854 3602
637 637 3603
8 431 3604
393 484 3605
237 762 3606
237 762 3607
582 240 3608
237 308 3609
8 387 3610
8 90 3611
813 867 3612
583 308 3613
538 759 3614
39 226 3615
709 158 3616
49 155 3617
583 868 3618
709 736 3619
452 708 3620
445 853 3621
49 437 3622
49 437 3623
813 356 3624
445 107 3625
745 878 3626
49 876 3627
777 595 3628
269 90 3629
745 183 3630
745 183 3631
777 60 3632
826 510 3633
49 636 3634
393 766 3635
731 394 3636
731 757 3637
315 89 3638
233 105 3639
833 37 3640
833 395 3641
393 594 3642
833 445 3643
393 389 3644
833 642 3645
583 734 3646
363 244 3647
55 284 3648
363 867 3649
49 240 3650
444 183 3651
452 391 3652
282 435 3653
291 868 3654
747 105 3655
187 376 3656
8 490 3657
291 394 3658
187 183 3659
319 363 3660
62 510 3661
187 387 3662
49 704 3663
821 395 3664
49 704 3665
122 538 3666
55 389 3667
821 443 3668
154 445 3669
579 739 3670
62 388 3671
187 38 3672
290 734 3673
579 159 3674
126 159 3675
62 734 3676
579 738 3677
187 45 3678
326 446 3679
39 448 3680
187 60 3681
187 291 3682
187 180 3683
418 222 3684
745 35 3685
579 598 3686
788 380 3687
445 837 3688
193 284 3689
335 389 3690
745 35 3691
437 244 3692
418 36 3693
226 387 3694
290 149 3695
83 598 3696
579 33 3697
38 55 3698
588 183 3699
588 871 3700
709 636 3701
833 850 3702
353 55 3703
435 762 3704
353 34 3705
832 734 3706
429 95 3707
448 236 3708
187 183 3709
50 444 3710
50 360 3711
374 149 3712
445 831 3713
832 225 3714
149 363 3715
353 388 3716
629 293 3717
824 850 3718
353 55 3719
618 572 3720
250 222 3721
618 757 3722
618 442 3723
353 92 3724
392 388 3725
826 240 3726
708 245 3727
898 53 3728
192 92 3729
517 236 3730
221 871 3731
353 443 3732
577 105 3733
359 242 3734
577 493 3735
452 364 3736
243 106 3737
30 97 3738
3 90 3739
3 90 3740
3 639 3741
3 639 3742
3 639 3743
3 639 3744
3 490 3745
3 156 3746
3 244 3747
3 640 3748
308 236 3749
98 94 3750
395 766 3751
237 762 3752
237 762 3753
395 734 3754
395 388 3755
587 736 3756
587 736 3757
745 183 3758
244 731 3759
244 572 3760
244 369 3761
519 60 3762
747 740 3763
363 852 3764
395 446 3765
395 429 3766
395 386 3767
395 389 3768
395 867 3769
395 432 3770
709 868 3771
709 736 3772
334 388 3773
334 197 3774
334 389 3775
422 871 3776
422 871 3777
422 871 3778
422 871 3779
870 878 3780
752 290 3781
83 428 3782
870 734 3783
870 293 3784
752 364 3785
752 39 3786
752 154 3787
752 154 3788
326 446 3789
326 446 3790
326 446 3791
782 740 3792
120 442 3793
512 838 3794
290 878 3795
538 296 3796
538 412 3797
538 490 3798
538 291 3799
538 437 3800
588 871 3801
343 389 3802
538 38 3803
49 636 3804
709 595 3805
3 412 3806
538 40 3807
333 386 3808
3 197 3809
709 636 3810
395 386 3811
3 759 3812
395 734 3813
62 734 3814
62 395 3815
538 326 3816
49 636 3817
49 437 3818
333 386 3819
235 388 3820
538 759 3821
343 53 3822
93 510 3823
538 412 3824
93 107 3825
333 386 3826
495 436 3827
495 60 3828
395 858 3829
395 858 3830
538 412 3831
340 393 3832
709 636 3833
253 149 3834
592 736 3835
149 759 3836
741 98 3837
592 45 3838
343 45 3839
395 386 3840
395 734 3841
347 452 3842
588 183 3843
708 641 3844
435 762 3845
450 395 3846
450 245 3847
450 245 3848
450 854 3849
579 730 3850
435 871 3851
313 598 3852
148 182 3853
41 736 3854
313 433 3855
313 105 3856
435 852 3857
313 245 3858
495 389 3859
313 150 3860
495 59 3861
313 326 3862
495 599 3863
484 225 3864
313 326 3865
435 599 3866
313 326 3867
435 238 3868
495 724 3869
313 596 3870
313 740 3871
313 740 3872
495 443 3873
435 448 3874
495 737 3875
313 387 3876
495 230 3877
437 852 3878
495 437 3879
437 95 3880
437 766 3881
93 152 3882
30 242 3883
30 221 3884
478 730 3885
93 484 3886
93 484 3887
93 759 3888
93 102 3889
495 759 3890
93 585 3891
426 730 3892
93 187 3893
93 222 3894
495 389 3895
600 734 3896
134 593 3897
134 155 3898
343 389 3899
645 853 3900
495 594 3901
627 55 3902
495 59 3903
627 221 3904
443 432 3905
363 867 3906
495 599 3907
627 107 3908
432 782 3909
645 572 3910
48 878 3911
376 868 3912
376 102 3913
49 636 3914
93 389 3915
119 240 3916
48 762 3917
395 433 3918
395 452 3919
395 443 3920
100 789 3921
395 867 3922
93 102 3923
395 388 3924
495 704 3925
395 432 3926
93 107 3927
445 389 3928
48 762 3929
48 762 3930
100 869 3931
93 636 3932
445 245 3933
445 94 3934
93 783 3935
93 435 3936
495 520 3937
424 389 3938
424 388 3939
336 245 3940
93 394 3941
424 388 3942
89 45 3943
424 388 3944
31 389 3945
340 389 3946
93 759 3947
235 388 3948
340 724 3949
340 40 3950
340 735 3951
443 432 3952
38 55 3953
93 435 3954
424 388 3955
340 493 3956
424 595 3957
858 31 3958
340 66 3959
424 735 3960
340 364 3961
93 636 3962
340 294 3963
340 45 3964
340 443 3965
50 154 3966
340 644 3967
340 52 3968
330 590 3969
340 324 3970
187 150 3971
187 38 3972
187 60 3973
340 150 3974
187 291 3975
870 789 3976
445 389 3977
445 853 3978
395 432 3979
624 236 3980
343 389 3981
538 759 3982
538 759 3983
538 437 3984
538 40 3985
8 90 3986
538 291 3987
445 393 3988
751 152 3989
8 412 3990
538 326 3991
538 412 3992
692 734 3993
493 66 3994
376 595 3995
376 186 3996
493 853 3997
637 704 3998
376 735 3999
637 741 4000
376 102 4001
376 388 4002
745 878 4003
745 878 4004
49 437 4005
637 35 4006
751 155 4007
504 99 4008
424 595 4009
745 35 4010
517 443 4011
517 443 4012
751 734 4013
346 510 4014
517 236 4015
493 393 4016
493 837 4017
493 493 4018
588 591 4019
493 94 4020
493 94 4021
313 701 4022
313 150 4023
313 433 4024
313 245 4025
826 387 4026
313 186 4027
371 706 4028
313 326 4029
313 730 4030
313 294 4031
313 294 4032
93 510 4033
580 518 4034
627 107 4035
580 740 4036
93 102 4037
93 759 4038
93 152 4039
93 107 4040
93 290 4041
313 594 4042
580 94 4043
313 433 4044
435 762 4045
435 244 4046
233 105 4047
546 637 4048
435 388 4049
346 150 4050
538 518 4051
538 759 4052
346 184 4053
538 326 4054
709 636 4055
709 736 4056
709 595 4057
709 105 4058
346 53 4059
546 639 4060
392 388 4061
14 701 4062
346 179 4063
546 155 4064
334 197 4065
424 595 4066
290 387 4067
524 290 4068
363 446 4069
363 93 4070
346 491 4071
546 538 4072
363 93 4073
445 853 4074
62 388 4075
363 867 4076
524 179 4077
445 245 4078
363 759 4079
198 704 4080
445 389 4080
363 734 4081
363 244 4082
346 443 4083
745 35 4084
363 290 4085
62 484 4086
62 437 4087
731 152 4088
731 518 4089
731 226 4090
62 376 4091
731 92 4092
194 105 4093
62 759 4094
540 870 4095
579 596 4096
313 53 4097
39 369 4098
39 373 4099
39 323 4100
226 237 4101
552 92 4102
587 736 4103
201 786 4104
345 31 4105
418 290 4106
345 387 4107
678 451 4108
201 874 4109
39 517 4110
233 105 4111
233 709 4112
8 759 4113
344 103 4114
48 762 4115
62 395 4116
48 878 4117
48 762 4118
834 724 4119
747 443 4120
290 878 4121
290 308 4122
48 105 4123
429 852 4124
340 443 4125
290 393 4126
340 66 4127
62 759 4128
48 878 4129
340 40 4130
861 62 4131
340 393 4132
104 389 4133
340 735 4134
238 31 4135
324 484 4136
49 437 4137
8 759 4138
8 183 4139
49 636 4140
546 389 4141
340 389 4142
62 437 4143
56 284 4144
62 759 4145
56 389 4146
574 691 4147
201 329 4148
813 451 4149
375 62 4150
709 636 4151
813 867 4152
202 443 4153
861 295 4154
122 428 4155
290 878 4156
861 62 4157
49 437 4158
538 759 4159
49 155 4160
49 636 4161
202 443 4162
69 730 4163
861 437 4164
850 388 4165
412 637 4166
437 852 4167
375 62 4168
237 762 4169
264 31 4170
898 236 4171
334 395 4172
62 437 4173
592 585 4174
832 58 4175
860 858 4176
196 53 4177
592 870 4178
313 105 4179
239 155 4180
149 639 4181
379 290 4182
592 103 4183
244 589 4184
345 31 4185
619 94 4186
345 290 4187
237 34 4188
861 644 4189
62 759 4190
831 39 4191
334 395 4192
831 641 4193
250 364 4194
253 791 4195
508 742 4196
253 40 4197
103 237 4198
250 389 4199
103 387 4200
345 92 4201
549 572 4202
193 740 4203
549 388 4204
345 387 4205
345 387 4206
345 492 4207
103 290 4208
8 759 4209
220 394 4210
103 387 4211
333 386 4212
103 387 4213
313 732 4214
102 869 4215
313 150 4216
313 730 4217
103 92 4218
313 245 4219
103 443 4220
494 103 4221
677 290 4222
103 491 4223
83 53 4224
83 732 4225
677 387 4226
83 730 4227
677 245 4228
83 33 4229
345 92 4230
345 387 4231
772 150 4232
677 443 4233
709 636 4234
103 387 4235
389 636 4236
83 186 4237
622 31 4238
49 636 4239
839 244 4240
392 869 4241
870 878 4242
435 244 4243
8 412 4244
49 437 4245
435 290 4246
745 878 4247
48 762 4248
745 878 4249
435 852 4250
622 572 4251
435 759 4252
48 326 4253
745 387 4254
435 762 4255
193 59 4256
193 493 4257
745 538 4258
221 428 4259
345 387 4260
193 389 4261
435 762 4262
317 40 4263
340 40 4264
623 31 4265
395 433 4266
395 869 4267
395 858 4268
395 867 4269
395 734 4270
428 387 4271
428 878 4272
864 443 4273
359 734 4274
48 762 4275
48 105 4276
48 878 4277
53 55 4278
560 290 4279
777 595 4280
826 50 4281
826 762 4282
560 245 4283
625 150 4284
747 726 4285
560 767 4286
149 519 4287
39 692 4288
560 295 4289
418 290 4290
709 636 4291
826 388 4292
149 759 4293
435 95 4294
709 690 4295
452 39 4296
127 363 4297
747 394 4298
452 45 4299
435 95 4300
759 759 4301
674 867 4302
735 53 4303
492 690 4304
674 732 4305
521 443 4306
521 239 4307
435 762 4308
521 236 4309
777 293 4310
435 734 4311
772 524 4312
126 159 4313
193 36 4314
860 858 4315
51 387 4316
362 767 4317
41 324 4318
193 55 4319
362 90 4320
284 448 4321
100 789 4322
284 732 4323
709 690 4324
362 867 4325
672 388 4326
351 443 4327
540 328 4328
540 444 4329
362 759 4330
540 870 4331
362 758 4332
452 711 4333
48 762 4334
48 762 4335
374 387 4336
43 152 4337
345 290 4338
364 90 4339
109 50 4340
109 240 4341
753 35 4342
328 52 4343
110 726 4344
109 704 4345
515 360 4346
109 443 4347
418 36 4348
642 31 4349
508 149 4350
576 443 4351
47 450 4352
822 108 4353
287 854 4354
48 149 4355
418 874 4356
48 522 4357
418 240 4358
418 240 4359
418 152 4360
418 290 4361
418 221 4362
203 31 4363
345 31 4364
345 31 4365
745 35 4366
48 240 4367
187 376 4368
345 572 4369
187 538 4370
249 325 4371
1 325 4372
1 329 4373
166 538 4374
445 389 4375
629 34 4376
859 452 4377
112 185 4378
705 40 4379
705 106 4380
705 102 4381
882 870 4382
53 357 4383
882 484 4384
124 389 4385
747 874 4386
444 186 4387
444 394 4388
204 448 4389
444 105 4390
444 183 4391
444 868 4392
444 94 4393
204 361 4394
674 867 4395
133 636 4396
674 448 4397
882 759 4398
674 727 4399
133 592 4400
234 789 4401
352 150 4402
133 158 4403
352 150 4404
870 789 4405
870 290 4406
270 694 4407
870 60 4408
870 395 4409
870 437 4410
870 391 4411
870 376 4412
127 389 4413
882 365 4414
882 365 4415
424 735 4416
870 36 4417
870 706 4418
418 36 4419
270 519 4420
418 484 4421
418 240 4422
418 393 4423
62 484 4424
234 789 4425
588 290 4426
418 484 4427
418 96 4428
234 36 4429
547 152 4430
547 373 4431
547 594 4432
351 36 4433
547 726 4434
547 360 4435
547 388 4436
826 762 4437
321 100 4438
435 762 4439
435 762 4440
435 762 4441
452 787 4442
645 184 4443
645 853 4444
645 240 4445
645 393 4446
495 59 4447
743 99 4448
743 484 4449
743 99 4450
495 443 4451
645 644 4452
149 183 4453
645 762 4454
588 392 4455
890 709 4456
706 736 4457
363 867 4458
308 290 4459
363 734 4460
578 831 4461
526 843 4462
64 737 4463
193 102 4464
190 389 4465
122 428 4466
193 36 4467
546 637 4468
190 365 4469
743 854 4470
190 284 4471
637 704 4472
51 387 4473
546 245 4474
709 636 4475
709 868 4476
56 393 4477
667 443 4478
418 36 4479
418 290 4480
56 389 4481
418 240 4482
56 284 4483
546 538 4484
250 96 4485
50 55 4486
418 393 4487
351 443 4488
546 240 4489
861 644 4490
776 150 4491
861 362 4492
776 230 4493
314 55 4494
861 94 4495
861 437 4496
861 295 4497
124 389 4498
851 102 4499
239 290 4500
870 789 4501
352 230 4502
418 290 4503
870 878 4504
870 726 4505
418 240 4506
588 290 4507
418 389 4508
588 762 4509
861 52 4510
861 197 4511
353 34 4512
334 395 4513
776 395 4514
582 389 4515
90 867 4516
445 762 4517
861 36 4518
353 393 4519
861 728 4520
861 63 4521
445 389 4522
861 724 4523
418 36 4524
861 376 4525
93 295 4526
93 394 4527
93 484 4528
424 389 4529
93 102 4530
193 284 4531
124 757 4532
633 36 4533
193 706 4534
424 737 4535
93 152 4536
193 393 4537
62 437 4538
418 515 4539
62 376 4540
62 734 4541
49 437 4542
49 704 4543
592 292 4544
364 45 4545
592 736 4546
592 103 4547
592 324 4548
343 53 4549
343 855 4550
43 419 4551
343 94 4552
41 736 4553
583 185 4554
582 240 4555
418 874 4556
870 788 4557
239 183 4558
363 867 4559
576 290 4560
363 852 4561
363 759 4562
363 855 4563
363 734 4564
269 96 4565
269 240 4566
871 484 4567
270 572 4568
121 226 4569
592 93 4570
250 96 4571
250 240 4572
897 153 4573
49 290 4574
576 704 4575
205 50 4576
49 704 4577
333 420 4578
205 40 4579
49 788 4580
205 443 4581
813 370 4582
49 183 4583
49 515 4584
190 158 4585
332 420 4586
49 495 4587
49 495 4588
190 594 4589
753 35 4590
619 521 4591
352 418 4592
744 153 4593
190 94 4594
352 295 4595
8 90 4596
237 762 4597
778 376 4598
776 418 4599
776 295 4600
344 103 4601
744 222 4602
881 365 4603
881 388 4604
776 93 4605
269 96 4606
776 95 4607
269 90 4608
744 240 4609
776 876 4610
270 55 4611
744 155 4612
121 446 4613
445 393 4614
49 876 4615
49 515 4616
383 782 4617
776 515 4618
383 738 4619
492 393 4620
383 874 4621
308 290 4622
870 437 4623
492 389 4624
492 392 4625
308 236 4626
445 393 4627
49 182 4628
49 515 4629
115 572 4630
49 437 4631
668 91 4632
115 45 4633
115 851 4634
494 104 4635
239 433 4636
62 759 4637
62 759 4638
111 422 4639
193 389 4640
494 443 4641
100 789 4642
100 869 4643
153 421 4644
336 392 4645
336 592 4646
100 592 4647
420 53 4648
114 387 4649
624 701 4650
494 736 4651
115 702 4652
198 158 4653
198 50 4654
48 762 4655
198 787 4656
114 222 4657
198 704 4658
198 443 4659
198 853 4660
250 521 4661
494 735 4662
250 853 4663
395 443 4664
250 484 4665
445 853 4666
341 96 4667
334 197 4668
198 443 4669
198 853 4670
580 788 4671
580 727 4672
580 501 4673
580 101 4674
743 362 4675
580 443 4676
728 101 4677
340 735 4678
198 704 4679
669 360 4680
548 295 4681
579 598 4682
669 50 4683
579 33 4684
100 498 4685
340 443 4686
669 60 4687
382 52 4688
100 735 4689
579 730 4690
384 179 4691
420 428 4692
133 592 4693
579 738 4694
395 388 4695
579 739 4696
114 517 4697
382 56 4698
201 517 4699
153 786 4700
645 521 4701
153 55 4702
153 363 4703
560 852 4704
560 852 4705
560 592 4706
560 791 4707
560 791 4708
560 387 4709
560 767 4710
560 295 4711
181 372 4712
270 390 4713
127 94 4714
270 131 4715
270 370 4716
424 735 4717
669 387 4718
14 701 4719
435 35 4720
435 762 4721
221 428 4722
435 361 4723
39 517 4724
445 133 4725
253 128 4726
435 867 4727
98 49 4728
786 244 4729
98 703 4730
98 855 4731
435 95 4732
98 99 4733
445 45 4734
98 392 4735
709 592 4736
418 515 4737
418 495 4738
418 393 4739
125 757 4740
125 90 4741
639 444 4742
435 767 4743
49 515 4744
39 156 4745
227 295 4746
288 831 4747
772 328 4748
121 421 4749
121 424 4750
159 94 4751
616 152 4752
224 226 4753
93 295 4754
227 295 4755
540 40 4756
93 290 4757
14 242 4758
93 759 4759
93 870 4760
93 152 4761
547 152 4762
616 701 4763
616 373 4764
616 242 4765
125 197 4766
185 445 4767
5 594 4768
490 711 4769
125 587 4770
104 393 4771
579 419 4772
745 35 4773
619 853 4774
619 49 4775
619 762 4776
601 521 4777
576 704 4778
435 35 4779
435 295 4780
579 598 4781
579 598 4782
579 598 4783
338 740 4784
198 853 4785
198 704 4786
258 50 4787
382 222 4788
346 443 4789
871 91 4790
189 130 4791
382 426 4792
512 387 4793
751 155 4794
898 236 4795
346 150 4796
624 701 4797
522 55 4798
14 701 4799
578 831 4800
578 386 4801
578 386 4802
578 590 4803
14 701 4804
346 183 4805
14 519 4806
445 94 4807
418 515 4808
735 855 4809
812 290 4810
548 295 4811
812 388 4811
48 762 4812
48 521 4813
601 732 4814
31 389 4815
445 393 4816
90 388 4817
492 393 4818
492 392 4819
492 736 4820
583 766 4821
445 158 4822
826 762 4823
826 50 4824
826 538 4825
826 56 4826
826 392 4827
826 491 4828
102 789 4829
601 372 4830
601 129 4831
826 387 4832
102 789 4833
30 221 4834
30 242 4835
30 240 4836
30 45 4837
30 387 4838
30 443 4839
30 431 4840
540 444 4841
540 328 4842
114 61 4843
114 421 4844
62 498 4845
185 45 4846
185 387 4847
627 55 4848
185 102 4849
153 421 4850
359 242 4851
369 452 4852
519 538 4853
519 538 4854
870 734 4855
51 292 4856
285 296 4857
250 240 4858
250 443 4859
250 734 4860
94 386 4861
341 125 4862
578 510 4863
578 510 4864
578 186 4865
578 495 4866
870 789 4867
578 871 4868
234 789 4869
826 431 4870
578 238 4871
826 443 4872
201 370 4873
382 56 4874
507 425 4875
367 50 4876
367 446 4877
637 704 4878
239 417 4879
31 94 4880
677 538 4881
870 789 4882
239 290 4883
367 443 4884
239 5 4885
98 49 4886
826 395 4887
62 50 4888
62 734 4889
153 492 4890
153 40 4891
512 126 4892
153 702 4893
791 52 4894
239 857 4895
392 735 4896
392 735 4897
392 735 4898
392 412 4899
392 290 4900
76 126 4901
634 484 4902
634 155 4903
234 789 4904
30 126 4905
772 328 4906
634 518 4907
546 538 4908
548 156 4909
226 55 4910
871 296 4911
634 50 4912
51 831 4913
378 389 4914
418 290 4915
601 127 4916
418 393 4917
578 831 4918
601 424 4919
578 831 4920
51 831 4921
250 96 4922
492 6 4923
831 237 4924
554 642 4925
250 701 4926
250 50 4927
831 39 4928
445 393 4929
250 713 4930
578 7 4931
831 328 4932
445 831 4933
578 830 4934
250 418 4935
363 734 4936
363 867 4937
395 867 4938
250 187 4939
51 831 4940
250 183 4941
395 734 4942
381 40 4943
93 290 4944
250 431 4945
250 65 4946
93 152 4947
250 424 4948
250 495 4949
445 389 4950
492 393 4951
128 179 4952
333 386 4953
62 376 4954
62 759 4955
86 50 4956
424 735 4957
637 741 4958
812 387 4959
619 389 4960
812 874 4961
812 126 4962
619 49 4963
313 732 4964
345 492 4965
313 732 4966
619 762 4967
313 326 4968
512 45 4969
313 598 4970
313 740 4971
313 433 4972
345 387 4973
833 187 4974
384 492 4975
345 290 4976
313 150 4977
313 730 4978
601 732 4979
313 245 4980
619 853 4981
384 183 4982
833 644 4983
512 426 4984
352 150 4985
384 636 4985
313 186 4986
512 706 4987
313 186 4988
313 701 4989
384 450 4990
352 295 4991
313 701 4992
776 150 4993
512 597 4994
185 126 4995
49 515 4996
512 97 4997
49 704 4998
352 150 4999
49 495 5000
49 290 5001
745 183 5002
833 858 5002
833 641 5003
65 221 5004
776 150 5005
507 639 5006
546 538 5007
546 639 5008
776 418 5009
353 55 5010
870 789 5011
776 295 5012
870 843 5013
159 94 5014
424 451 5015
381 788 5016
745 35 5017
381 3 5018
870 290 5019
870 293 5020
381 291 5021
114 421 5022
745 35 5023
870 125 5024
870 179 5025
5 594 5026
892 854 5027
546 515 5028
892 854 5029
745 387 5030
674 4 5031
595 830 5032
637 58 5033
745 538 5034
65 132 5035
51 158 5036
490 443 5037
62 395 5038
645 127 5039
49 788 5040
431 45 5041
431 426 5042
51 830 5043
193 393 5044
601 127 5045
381 3 5046
637 829 5047
635 829 5048
637 704 5049
381 3 5050
635 181 5051
319 363 5052
270 373 5053
353 786 5054
172 179 5055
381 743 5056
515 443 5057
494 61 5058
283 183 5059
371 706 5060
40 94 5061
283 390 5062
870 423 5063
283 538 5064
283 380 5065
40 205 5066
40 245 5067
283 376 5068
445 393 5069
100 789 5070
40 389 5071
445 853 5072
47 492 5073
226 387 5074
445 705 5075
226 222 5076
47 183 5077
100 868 5078
100 735 5079
384 2 5080
40 585 5081
188 99 5082
519 2 5083
418 515 5084
418 240 5085
418 290 5086
445 831 5087
418 393 5088
49 183 5089
48 878 5090
341 125 5091
517 236 5092
435 867 5093
435 222 5094
226 179 5095
226 242 5096
517 443 5097
43 419 5098
104 49 5099
47 2 5100
47 743 5101
384 2 5102
492 393 5103
181 372 5104
633 728 5105
359 97 5106
48 731 5107
892 392 5108
247 515 5109
247 515 5110
49 515 5111
71 387 5112
49 290 5113
71 705 5114
134 637 5115
395 433 5116
636 678 5117
627 221 5118
745 380 5119
627 107 5120
357 443 5121
315 644 5122
870 290 5123
382 132 5124
315 694 5125
870 125 5126
870 293 5127
870 437 5128
870 434 5129
418 290 5130
49 437 5131
418 515 5132
582 853 5133
870 240 5134
870 878 5135
507 639 5136
100 498 5137
551 325 5138
384 639 5139
202 240 5140
62 388 5141
55 389 5142
62 510 5143
204 871 5144
515 360 5145
204 448 5146
204 867 5147
285 296 5148
196 705 5149
707 92 5150
55 284 5151
226 706 5152
226 706 5153
445 853 5154
418 515 5155
226 642 5156
678 395 5157
418 393 5158
445 290 5159
678 451 5160
445 393 5161
851 445 5162
445 152 5163
678 62 5164
150 443 5165
851 61 5166
546 639 5167
851 104 5168
153 40 5169
153 103 5170
424 451 5171
418 393 5172
48 878 5173
345 492 5174
359 443 5175
363 95 5176
445 245 5177
270 694 5178
345 178 5179
345 152 5180
429 95 5181
345 92 5182
578 831 5183
83 701 5184
429 852 5185
578 677 5186
83 53 5187
48 393 5188
83 738 5189
62 759 5190
193 102 5191
83 33 5192
864 593 5193
205 40 5194
731 448 5195
205 91 5196
193 393 5197
205 91 5198
193 740 5199
83 419 5200
193 706 5201
345 450 5202
389 592 5203
193 284 5204
383 2 5205
30 126 5206
71 443 5207
51 831 5208
424 737 5209
51 7 5210
338 126 5211
709 592 5212
83 730 5213
424 240 5214
253 50 5215
709 636 5216
83 636 5217
98 49 5218
745 35 5219
49 636 5220
393 290 5221
752 843 5222
669 443 5223
120 105 5224
120 874 5225
812 874 5226
351 637 5227
618 388 5228
247 515 5229
834 724 5230
200 101 5231
812 853 5232
834 389 5233
445 637 5234
39 703 5235
39 156 5236
270 372 5237
395 443 5238
395 386 5239
363 867 5240
395 388 5241
363 93 5242
678 869 5243
424 388 5244
346 150 5245
359 126 5246
185 126 5247
153 735 5248
448 450 5249
3 412 5250
435 388 5251
3 518 5252
3 498 5253
3 197 5254
3 197 5255
578 376 5256
65 293 5257
870 293 5258
870 293 5259
134 637 5260
65 293 5261
3 90 5262
777 293 5263
578 376 5264
412 637 5265
435 35 5266
578 831 5267
435 762 5268
435 869 5269
462 675 5270
435 734 5271
424 675 5272
424 675 5273
348 674 5274
389 592 5275
65 293 5276
65 293 5277
777 425 5278
389 736 5279
100 869 5280
247 437 5281
14 701 5282
881 421 5283
247 417 5284
190 389 5285
271 106 5286
247 704 5287
432 101 5288
388 538 5289
84 293 5290
870 734 5291
190 594 5292
582 389 5293
104 637 5294
870 293 5295
345 390 5296
432 782 5297
870 706 5298
447 741 5299
43 53 5300
56 393 5300
104 389 5301
44 297 5302
56 284 5303
776 93 5304
393 734 5305
65 293 5306
55 389 5307
445 853 5308
546 389 5309
777 293 5310
193 706 5311
100 498 5312
49 515 5313
181 594 5314
8 90 5315
492 393 5316
187 150 5317
44 495 5318
492 736 5319
187 538 5320
290 393 5321
8 412 5322
345 389 5323
345 295 5324
187 60 5325
494 101 5326
58 394 5327
560 61 5328
546 673 5329
560 245 5330
560 852 5331
560 128 5332
873 678 5333
51 831 5334
70 389 5335
249 325 5336
461 388 5337
39 290 5338
249 394 5339
70 290 5340
363 93 5341
291 242 5342
887 392 5343
173 50 5344
424 412 5345
64 437 5346
637 703 5347
870 789 5348
710 63 5349
173 36 5350
710 65 5351
429 852 5352
173 393 5353
461 434 5354
315 694 5355
173 227 5356
851 102 5357
781 701 5358
173 423 5359
495 60 5360
495 443 5361
445 521 5362
833 730 5363
833 391 5364
833 644 5365
745 538 5366
317 40 5367
833 240 5368
445 393 5369
833 363 5370
579 730 5371
833 96 5372
813 703 5373
833 517 5374
834 389 5375
813 703 5376
64 491 5377
579 596 5378
434 290 5379
243 293 5380
315 183 5381
315 640 5382
825 103 5383
153 492 5384
495 685 5385
378 686 5386
540 678 5387
173 671 5388
418 36 5389
291 394 5390
418 515 5391
291 308 5392
375 443 5393
834 484 5394
823 673 5395
47 729 5396
645 127 5397
375 150 5398
823 152 5399
375 591 5400
345 61 5401
418 290 5402
345 290 5403
686 49 5404
512 226 5405
418 484 5406
686 392 5407
507 639 5408
813 52 5409
813 52 5410
877 394 5411
65 51 5412
83 701 5413
512 126 5414
445 290 5415
50 55 5416
813 412 5417
351 45 5418
579 546 5419
83 730 5420
522 55 5421
315 596 5422
249 102 5423
83 636 5424
442 226 5425
315 851 5426
494 103 5427
636 443 5428
478 546 5429
126 103 5430
579 546 5431
47 496 5432
579 546 5433
249 394 5434
346 240 5435
592 484 5436
83 546 5437
351 637 5438
346 443 5439
50 444 5440
887 392 5441
887 392 5442
619 49 5443
346 644 5444
887 240 5445
592 105 5446
71 705 5447
887 49 5448
887 49 5449
202 448 5450
592 308 5451
592 103 5452
346 521 5453
887 703 5454
886 447 5455
44 36 5456
221 428 5457
412 572 5458
315 644 5459
678 850 5460
194 705 5461
412 572 5462
678 850 5463
592 292 5464
812 45 5465
592 53 5466
126 105 5467
224 510 5468
224 767 5469
224 226 5470
678 152 5471
224 387 5472
173 36 5473
118 850 5474
745 546 5475
202 390 5476
435 388 5477
156 105 5478
435 448 5479
98 392 5480
678 387 5481
435 158 5482
98 49 5483
678 197 5484
192 157 5485
678 708 5486
359 126 5487
359 387 5488
592 92 5489
495 40 5490
592 870 5491
495 676 5492
418 495 5493
371 706 5494
592 105 5495
577 394 5496
669 60 5497
820 99 5498
686 49 5499
346 644 5500
346 240 5501
521 443 5502
371 850 5503
601 127 5504
371 443 5505
371 387 5506
686 392 5507
371 741 5508
686 290 5509
250 187 5510
669 443 5511
686 734 5512
492 393 5513
250 495 5514
492 392 5515
192 545 5516
353 55 5517
121 421 5518
121 424 5519
102 789 5520
870 293 5521
102 789 5522
121 226 5523
83 159 5524
678 393 5525
870 789 5526
102 789 5527
102 789 5528
592 850 5529
870 789 5529
102 789 5530
173 389 5531
1 741 5532
675 448 5533
662 388 5534
353 50 5535
83 739 5536
83 546 5537
173 393 5538
662 154 5539
662 394 5540
348 101 5541
662 60 5542
662 444 5543
348 102 5544
71 705 5545
662 543 5546
764 736 5547
618 154 5548
861 197 5549
861 99 5550
861 724 5551
861 240 5552
861 240 5553
861 63 5554
861 389 5555
861 644 5556
861 52 5557
861 728 5558
861 36 5559
30 547 5560
494 61 5561
826 50 5562
826 56 5563
870 547 5564
326 674 5565
334 197 5566
334 389 5567
334 388 5568
184 850 5569
521 443 5570
521 236 5571
752 154 5572
243 290 5573
871 99 5574
247 515 5575
747 50 5576
731 850 5577
678 451 5578
193 36 5579
193 393 5580
193 706 5581
127 205 5582
777 293 5583
812 388 5584
592 178 5585
185 387 5586
789 428 5587
592 182 5588
709 425 5589
709 125 5590
825 540 5591
592 673 5592
644 672 5593
244 731 5594
341 125 5595
221 290 5596
592 358 5597
592 220 5598
418 36 5599
34 391 5600
194 389 5601
34 740 5602
592 540 5603
592 590 5604
194 105 5605
134 637 5606
538 743 5607
538 40 5608
538 726 5609
870 789 5610
592 875 5611
592 874 5612
592 133 5613
538 412 5614
721 590 5615
422 585 5616
592 590 5617
709 874 5618
639 444 5619
592 372 5620
639 444 5621
422 594 5622
592 736 5623
833 853 5624
375 590 5625
445 393 5626
422 365 5627
359 387 5628
833 637 5629
538 545 5630
512 389 5631
737 388 5632
512 387 5633
447 242 5634
833 60 5635
833 735 5636
512 126 5637
359 126 5638
445 853 5639
39 703 5640
512 388 5641
512 126 5642
753 35 5643
4 443 5644
538 264 5645
39 789 5646
257 389 5647
463 101 5648
538 296 5649
538 703 5650
463 538 5651
463 875 5652
39 35 5653
39 35 5654
463 484 5655
463 387 5656
100 592 5657
100 850 5658
49 290 5659
481 45 5660
432 874 5661
669 360 5662
639 220 5663
777 265 5664
777 264 5665
777 546 5666
587 736 5667
813 323 5668
813 323 5669
752 284 5670
56 389 5671
56 284 5672
98 49 5673
578 677 5674
56 393 5675
578 831 5676
434 95 5677
90 737 5678
632 415 5679
632 50 5680
632 45 5681
722 851 5682
3 197 5683
722 92 5684
618 522 5685
722 179 5686
3 156 5687
3 640 5688
3 640 5689
3 90 5690
14 701 5691
3 90 5692
203 290 5693
3 490 5694
203 152 5695
203 788 5696
203 492 5697
359 387 5698
3 759 5699
3 759 5700
119 850 5701
203 221 5702
745 35 5703
203 499 5704
3 639 5705
3 639 5706
203 40 5707
722 443 5708
203 387 5709
14 701 5710
103 290 5711
745 35 5712
3 244 5713
345 492 5714
345 390 5715
722 858 5716
56 389 5717
319 363 5718
345 572 5719
709 592 5720
345 389 5721
709 874 5722
122 152 5723
345 40 5724
722 40 5725
345 40 5726
823 673 5727
345 290 5728
823 415 5729
722 50 5730
823 415 5731
171 390 5732
823 178 5733
345 266 5734
722 266 5735
623 266 5736
345 445 5737
171 96 5738
345 156 5739
623 445 5740
434 222 5741
623 156 5742
100 592 5743
623 674 5744
445 133 5745
345 266 5746
418 515 5747
203 266 5748
519 40 5749
134 103 5750
171 240 5751
134 297 5752
392 157 5753
623 157 5754
171 737 5755
392 766 5756
623 876 5757
418 376 5758
83 701 5759
556 90 5760
601 372 5761
192 545 5762
14 701 5763
538 264 5764
712 95 5765
203 519 5766
538 490 5767
418 786 5768
14 326 5769
203 94 5769
334 197 5770
203 94 5771
538 545 5772
148 182 5773
14 326 5774
14 326 5775
538 759 5776
14 326 5777
203 363 5778
743 99 5779
424 737 5780
203 55 5781
14 701 5782
203 394 5783
434 852 5783
422 158 5784
743 99 5785
422 37 5786
538 326 5787
601 868 5788
345 60 5789
712 392 5790
203 183 5791
203 759 5792
269 240 5793
93 510 5794
345 374 5795
93 295 5796
93 394 5797
313 433 5798
93 484 5799
313 732 5800
93 187 5801
313 732 5802
203 421 5803
93 102 5804
203 546 5805
171 737 5806
93 759 5807
313 326 5808
313 245 5809
93 152 5810
313 150 5811
100 789 5812
93 107 5813
722 183 5814
313 33 5815
313 596 5816
132 34 5817
250 544 5818
313 53 5819
83 701 5820
83 701 5821
192 545 5822
93 290 5823
132 178 5824
338 97 5825
791 596 5826
132 388 5827
192 92 5828
83 150 5829
338 105 5830
338 126 5831
48 240 5832
83 53 5833
171 445 5834
171 240 5835
83 33 5836
171 706 5837
203 31 5838
171 34 5839
171 268 5840
578 92 5841
870 789 5842
171 871 5843
601 732 5844
125 743 5845
203 94 5846
345 374 5847
345 60 5848
345 92 5849
345 31 5850
345 498 5851
203 498 5852
776 93 5853
751 242 5854
14 701 5855
247 515 5856
269 419 5857
290 734 5858
14 701 5859
671 237 5860
753 596 5861
753 596 5862
363 93 5863
291 741 5864
93 270 5865
153 103 5866
674 40 5867
445 94 5868
59 50 5869
495 759 5870
671 261 5871
362 244 5872
362 767 5873
362 448 5874
362 197 5875
418 515 5876
362 197 5877
205 40 5878
328 52 5878
723 156 5879
887 319 5880
205 99 5881
328 701 5882
49 788 5883
39 242 5884
49 515 5885
173 50 5886
723 40 5887
49 290 5888
359 126 5889
48 240 5890
48 731 5891
192 92 5892
547 788 5893
576 290 5894
777 264 5895
547 788 5896
764 736 5897
777 546 5898
128 701 5899
40 572 5900
583 868 5901
583 185 5902
393 290 5903
14 701 5904
70 154 5905
237 308 5906
40 572 5907
40 585 5908
40 205 5909
133 636 5910
70 389 5911
41 736 5912
133 592 5913
288 7 5914
41 736 5915
166 389 5916
100 592 5917
120 242 5918
120 242 5919
637 672 5920
173 393 5921
871 240 5922
345 266 5923
198 443 5924
345 290 5925
345 40 5926
315 596 5927
345 92 5928
445 393 5929
776 869 5930
381 40 5931
381 179 5932
43 419 5933
863 832 5934
863 55 5935
871 99 5936
732 590 5937
247 515 5938
759 636 5939
709 636 5940
764 242 5941
747 874 5942
747 437 5943
35 510 5944
35 510 5945
717 261 5946
863 236 5947
863 105 5948
863 854 5949
592 93 5950
744 222 5951
592 437 5952
351 62 5953
171 240 5954
269 240 5955
721 734 5956
540 40 5957
833 851 5958
247 290 5959
351 36 5960
351 637 5961
351 94 5962
351 62 5963
190 389 5964
203 492 5965
352 150 5966
870 290 5967
619 49 5968
345 388 5969
619 853 5970
326 96 5971
716 220 5972
247 159 5973
98 703 5974
395 766 5975
395 433 5976
716 131 5977
229 319 5978
395 443 5979
722 290 5980
633 728 5981
395 734 5982
716 851 5983
395 442 5984
181 726 5985
463 100 5986
463 31 5987
633 521 5988
463 742 5989
463 106 5990
463 843 5991
463 830 5992
633 240 5993
495 59 5994
463 705 5995
463 107 5996
776 93 5997
463 591 5998
463 328 5999
229 517 6000
735 421 6001
716 735 6002
445 853 6003
714 220 6004
445 637 6005
445 126 6006
521 741 6007
374 878 6008
716 291 6009
716 155 6010
587 736 6011
522 446 6012
716 152 6013
716 572 6014
424 675 6015
716 6 6016
716 675 6017
714 45 6018
714 373 6019
871 152 6020
424 675 6021
714 152 6022
714 675 6023
395 93 6024
424 675 6025
714 437 6026
714 492 6027
221 544 6028
8 197 6029
3 244 6030
611 554 6031
3 197 6032
31 389 6033
48 878 6034
3 90 6035
127 205 6036
3 490 6037
345 492 6038
221 549 6039
595 831 6040
3 759 6041
345 290 6042
374 878 6043
825 178 6044
374 878 6045
184 538 6046
825 97 6047
825 871 6048
351 126 6049
601 868 6050
363 93 6051
464 265 6052
464 595 6053
464 791 6054
464 791 6055
464 423 6056
721 572 6057
363 734 6058
244 92 6059
721 590 6060
721 40 6061
506 538 6062
578 831 6063
637 829 6064
418 515 6065
434 290 6066
418 240 6067
494 103 6068
721 734 6069
434 50 6070
592 675 6071
173 428 6072
674 40 6073
674 290 6074
39 572 6075
830 444 6076
173 585 6077
722 290 6078
173 442 6079
62 292 6080
62 50 6081
887 703 6082
40 245 6083
270 131 6084
645 127 6085
887 49 6086
887 49 6087
595 831 6088
62 734 6089
270 152 6090
887 392 6091
393 290 6092
887 240 6093
39 373 6094
51 7 6095
39 437 6096
62 759 6097
39 131 6098
62 395 6099
51 831 6100
49 515 6101
39 543 6102
39 555 6103
579 596 6104
49 636 6105
711 428 6106
98 703 6107
98 392 6108
39 46 6109
49 290 6110
193 393 6111
838 178 6112
98 644 6113
512 97 6114
538 264 6115
538 545 6116
502 155 6117
538 490 6118
506 178 6119
871 152 6120
193 59 6121
247 515 6122
813 376 6123
43 442 6124
220 394 6125
813 266 6126
338 547 6127
776 93 6128
813 267 6129
579 546 6130
712 392 6131
171 871 6132
588 290 6133
579 739 6134
813 328 6135
824 32 6136
686 49 6137
813 236 6138
712 734 6139
270 152 6140
173 393 6141
813 594 6142
686 290 6143
428 878 6144
428 538 6145
813 221 6146
173 290 6147
8 90 6148
813 186 6149
813 782 6150
712 585 6151
86 443 6151
686 392 6152
428 538 6153
686 392 6154
813 40 6155
173 640 6156
93 290 6157
428 380 6158
173 290 6159
712 394 6160
813 270 6161
49 290 6162
93 510 6163
686 388 6164
712 388 6165
8 244 6166
428 742 6167
429 852 6168
93 759 6169
428 701 6170
686 734 6171
712 734 6172
93 152 6172
153 786 6173
66 734 6174
686 290 6175
345 266 6176
93 394 6177
813 519 6178
114 421 6179
712 388 6180
93 636 6181
114 434 6182
674 672 6183
93 585 6184
93 585 6185
712 388 6186
715 61 6187
359 97 6188
686 388 6189
114 132 6190
187 150 6191
283 387 6192
93 870 6193
342 105 6194
712 290 6195
712 328 6196
428 701 6197
93 270 6198
674 290 6199
715 428 6200
715 260 6201
871 178 6202
872 736 6203
35 510 6204
424 388 6205
239 290 6206
715 58 6207
100 133 6208
715 524 6209
715 484 6210
8 759 6211
686 388 6212
8 759 6213
838 178 6214
8 244 6215
495 59 6216
215 96 6217
838 290 6218
215 154 6219
56 393 6220
215 484 6221
521 236 6222
838 244 6223
551 549 6224
93 484 6225
838 244 6226
863 236 6227
173 290 6228
715 290 6229
93 510 6229
234 789 6230
686 290 6231
686 290 6232
93 222 6233
100 789 6234
173 393 6235
173 183 6236
173 585 6237
100 869 6238
173 388 6239
579 260 6240
363 93 6241
173 423 6242
50 444 6243
712 388 6244
813 270 6245
825 126 6246
363 244 6247
813 594 6248
825 855 6249
712 290 6250
261 261 6251
777 264 6252
770 701 6253
592 45 6254
117 394 6255
117 394 6256
601 127 6257
117 394 6258
424 388 6259
745 538 6260
620 261 6261
620 373 6262
221 549 6263
14 701 6264
574 388 6265
271 290 6266
203 266 6267
574 428 6268
70 558 6269
203 492 6270
211 245 6271
216 874 6272
203 499 6273
492 6 6274
211 245 6275
518 446 6276
685 245 6277
1 741 6278
216 739 6279
270 222 6280
826 443 6281
31 557 6282
173 388 6283
492 392 6284
210 40 6285
196 705 6286
492 690 6287
133 45 6288
98 392 6289
78 97 6290
833 40 6291
203 31 6292
64 391 6293
871 45 6294
196 53 6295
812 126 6296
173 388 6297
64 674 6298
517 741 6299
291 242 6300
812 389 6301
578 92 6302
639 444 6303
359 97 6304
578 7 6305
318 839 6306
712 290 6307
712 290 6308
712 290 6309
70 839 6310
70 154 6311
206 326 6312
192 92 6313
770 557 6314
192 93 6315
737 283 6316
578 871 6317
250 127 6318
250 393 6319
712 585 6320
192 545 6321
118 59 6322
348 102 6323
250 734 6324
445 389 6325
185 445 6326
203 61 6327
445 245 6328
38 55 6329
577 515 6330
833 261 6331
721 734 6332
580 51 6333
580 788 6334
552 152 6335
580 102 6336
357 40 6337
833 594 6338
580 740 6339
717 373 6340
226 55 6341
540 237 6342
580 387 6343
435 869 6344
540 444 6345
540 444 6346
580 268 6347
31 557 6348
552 54 6349
31 557 6350
580 5 6351
64 282 6352
618 442 6353
445 831 6354
31 389 6355
580 282 6356
345 266 6357
833 858 6358
833 183 6359
833 644 6360
345 492 6361
346 376 6362
345 92 6363
93 290 6364
833 282 6365
833 60 6366
93 585 6366
221 871 6367
119 282 6368
833 735 6369
540 40 6370
93 152 6371
833 391 6372
580 282 6373
833 240 6374
345 388 6375
93 759 6376
313 326 6377
618 93 6378
313 269 6379
93 197 6380
288 831 6381
93 197 6381
288 831 6382
345 290 6383
93 102 6384
93 394 6385
313 433 6386
93 270 6387
93 270 6388
93 222 6389
93 437 6390
773 387 6391
774 240 6392
93 133 6393
93 154 6394
315 94 6395
93 376 6396
694 152 6397
93 782 6398
773 285 6399
93 839 6400
866 484 6401
93 395 6402
93 594 6403
866 197 6404
93 594 6405
93 92 6406
256 437 6407
72 297 6408
93 266 6409
866 542 6410
93 543 6411
315 572 6412
93 836 6413
93 836 6414
93 371 6415
93 60 6416
866 96 6417
93 4 6418
866 390 6419
93 183 6420
30 412 6421
93 444 6422
93 761 6423
93 703 6424
93 412 6425
72 484 6426
93 328 6427
93 678 6428
374 736 6429
866 734 6430
468 740 6431
374 538 6432
823 178 6433
34 282 6434
34 282 6435
468 220 6436
34 287 6437
93 290 6438
93 484 6439
93 197 6440
93 152 6441
93 435 6442
211 245 6443
173 585 6444
173 290 6445
173 40 6446
173 585 6447
871 644 6448
632 415 6449
632 50 6450
632 484 6451
632 832 6452
632 55 6453
632 854 6454
632 179 6455
490 701 6456
490 701 6457
632 853 6458
632 853 6459
632 711 6460
166 389 6461
166 152 6462
93 290 6463
490 50 6464
39 437 6465
592 105 6466
592 362 6467
872 736 6468
752 267 6469
395 433 6470
395 442 6471
371 850 6472
363 93 6473
62 376 6474
62 443 6475
171 543 6476
43 442 6477
395 734 6478
546 673 6479
870 789 6480
832 421 6481
64 737 6482
65 51 6483
821 357 6484
244 545 6485
51 158 6486
117 394 6487
244 839 6488
93 437 6489
93 839 6490
51 292 6491
93 394 6492
93 484 6493
244 183 6494
244 369 6495
93 152 6496
244 431 6497
93 585 6498
580 644 6499
244 585 6500
580 543 6501
580 186 6502
93 863 6503
244 326 6504
577 242 6505
244 731 6506
428 387 6507
743 362 6508
743 99 6509
295 154 6510
743 179 6511
469 183 6512
93 543 6513
469 390 6514
49 644 6515
709 636 6516
318 839 6517
447 242 6518
49 636 6519
762 373 6520
49 495 6521
762 102 6522
776 93 6523
634 155 6524
577 152 6525
762 435 6526
30 412 6527
30 431 6528
634 484 6529
247 515 6530
49 240 6531
49 240 6532
318 558 6533
49 876 6534
250 65 6535
49 876 6536
49 788 6537
203 492 6538
49 515 6539
51 831 6540
203 266 6541
49 290 6542
645 127 6543
495 759 6544
618 572 6545
395 386 6546
395 838 6547
395 442 6548
832 260 6549
435 734 6550
825 288 6551
435 759 6552
51 546 6553
244 731 6554
244 92 6555
244 183 6556
244 4 6557
244 557 6558
244 493 6559
645 572 6560
737 556 6561
737 556 6562
592 220 6563
592 388 6564
283 40 6565
813 594 6566
813 270 6567
813 782 6568
548 543 6569
620 159 6570
639 40 6571
282 495 6572
731 491 6573
620 491 6574
731 226 6575
731 226 6576
620 635 6577
620 484 6578
639 220 6579
540 444 6580
620 152 6581
472 676 6582
472 869 6583
99 45 6584
676 380 6585
472 290 6586
472 708 6587
472 222 6588
424 737 6589
881 226 6590
472 782 6591
472 636 6592
83 546 6593
870 878 6594
813 266 6595
98 5 6596
98 5 6597
98 853 6598
379 290 6599
578 831 6600
592 220 6601
662 543 6602
578 186 6603
214 499 6604
551 549 6605
709 636 6606
203 55 6607
392 869 6608
392 766 6609
392 735 6610
678 393 6611
678 869 6612
395 93 6613
65 184 6614
342 757 6615
49 183 6616
192 93 6617
342 360 6618
418 495 6619
674 4 6620
418 96 6621
418 786 6622
418 222 6623
870 290 6624
870 726 6625
870 293 6626
420 428 6627
49 290 6628
267 270 6629
543 388 6630
735 639 6631
92 357 6632
49 290 6633
92 91 6634
267 197 6635
735 392 6636
171 178 6637
171 445 6638
92 49 6639
267 152 6640
171 240 6641
851 61 6642
92 99 6643
171 543 6644
92 130 6645
383 782 6646
418 290 6647
383 782 6648
418 874 6649
470 730 6650
383 222 6651
710 65 6652
383 186 6653
192 545 6654
244 183 6655
362 380 6656
347 556 6657
383 293 6658
362 538 6659
49 290 6660
288 831 6661
383 394 6662
383 869 6663
384 869 6664
348 102 6665
383 587 6666
124 839 6667
346 183 6668
546 45 6669
92 836 6670
512 226 6671
346 544 6672
721 734 6673
820 99 6674
346 40 6675
51 831 6676
92 99 6677
346 644 6678
346 184 6679
346 419 6680
418 240 6681
208 587 6682
418 251 6683
773 387 6684
773 288 6685
823 415 6686
374 878 6687
185 445 6688
346 546 6689
374 538 6690
157 293 6691
374 736 6692
580 51 6693
823 673 6694
374 380 6695
823 491 6696
580 5 6697
445 853 6698
823 491 6699
445 521 6700
445 393 6701
445 758 6702
580 644 6703
353 786 6704
580 102 6705
353 34 6706
580 102 6707
631 236 6708
637 672 6709
31 495 6710
624 701 6711
637 181 6712
14 701 6713
345 61 6714
14 373 6715
345 492 6716
14 433 6717
353 242 6718
83 428 6719
345 92 6720
353 308 6720
93 270 6721
345 60 6722
93 759 6723
93 154 6724
345 572 6725
93 222 6726
93 376 6727
353 92 6728
93 782 6729
83 326 6730
495 759 6731
93 839 6732
345 290 6733
93 92 6734
345 92 6735
93 594 6736
93 92 6737
98 5 6738
434 734 6739
601 127 6740
93 543 6741
93 543 6742
98 99 6743
120 154 6744
98 853 6744
98 392 6745
719 265 6746
8 197 6747
361 597 6748
871 99 6749
157 597 6750
39 369 6751
157 559 6752
813 495 6753
362 538 6754
813 222 6755
362 244 6756
719 249 6757
733 31 6758
184 244 6759
777 265 6760
363 446 6761
813 376 6762
362 435 6763
392 869 6764
363 244 6765
362 867 6766
98 546 6767
719 265 6768
813 735 6769
362 759 6770
362 758 6771
315 644 6772
428 701 6773
361 790 6774
428 701 6775
721 734 6776
315 644 6777
157 484 6778
851 388 6779
315 851 6780
602 762 6781
362 197 6782
474 150 6783
813 236 6784
435 759 6785
362 197 6786
157 183 6787
361 642 6788
506 538 6789
813 236 6790
201 786 6791
98 546 6792
362 90 6793
364 839 6794
362 538 6795
428 538 6796
315 572 6797
201 587 6798
157 676 6799
361 678 6800
362 759 6801
776 869 6802
270 694 6803
813 374 6804
362 538 6805
157 430 6806
428 538 6807
184 852 6808
361 424 6809
361 423 6810
577 515 6811
428 850 6812
362 501 6813
577 515 6814
362 5 6815
201 260 6816
577 437 6817
318 839 6818
820 99 6819
39 374 6820
361 31 6821
267 197 6822
201 288 6823
39 437 6824
345 31 6825
345 374 6826
39 308 6827
345 572 6828
345 388 6829
308 358 6830
39 543 6831
39 543 6832
308 290 6833
521 236 6834
863 105 6835
863 324 6836
619 853 6837
863 58 6838
315 572 6839
361 266 6840
315 694 6841
361 543 6842
353 92 6843
471 179 6844
90 45 6845
347 641 6846
308 236 6847
353 308 6848
471 757 6849
270 380 6850
395 766 6851
209 597 6852
44 495 6853
395 433 6854
209 152 6855
395 93 6856
332 493 6857
395 790 6857
578 34 6858
578 34 6859
371 183 6860
478 510 6861
478 394 6862
790 58 6863
578 831 6864
623 674 6865
623 674 6866
93 154 6867
623 876 6868
93 222 6869
93 510 6870
578 590 6871
93 376 6872
93 839 6873
623 266 6874
93 92 6875
686 92 6876
93 266 6877
93 92 6878
478 387 6879
623 31 6880
93 543 6880
93 394 6881
209 394 6882
346 179 6883
93 4 6884
390 858 6885
93 60 6886
623 387 6887
93 484 6888
723 4 6889
93 197 6890
209 836 6891
93 4 6892
93 836 6893
345 92 6894
346 644 6895
478 546 6896
209 836 6897
345 266 6898
345 31 6899
345 387 6900
93 290 6901
346 150 6902
93 290 6903
392 766 6904
93 678 6905
345 572 6906
345 290 6907
478 510 6908
185 674 6909
203 387 6910
393 290 6911
686 154 6912
777 265 6913
686 92 6914
93 836 6915
93 836 6916
93 836 6917
686 290 6918
70 839 6919
93 836 6920
93 836 6921
70 839 6922
70 154 6923
70 154 6924
62 437 6925
62 376 6926
773 288 6927
456 572 6928
31 495 6929
62 434 6930
712 394 6931
62 875 6932
712 585 6933
70 444 6934
618 572 6935
395 290 6936
62 45 6937
247 515 6938
77 519 6939
62 759 6940
62 443 6941
290 878 6942
62 292 6943
49 876 6944
62 388 6945
49 515 6946
418 493 6947
418 484 6948
588 524 6949
49 644 6950
418 495 6951
62 484 6952
98 546 6953
418 495 6954
418 484 6955
98 853 6956
62 484 6957
98 99 6958
98 5 6959
49 676 6960
551 260 6961
98 644 6962
551 726 6963
193 493 6964
395 867 6965
193 59 6966
49 290 6967
395 443 6968
313 732 6969
313 326 6970
745 878 6971
49 96 6972
313 433 6973
467 590 6974
313 236 6975
235 388 6976
834 389 6977
467 290 6978
395 433 6979
313 596 6980
313 433 6981
467 757 6982
313 421 6983
551 640 6984
745 538 6985
62 443 6986
351 387 6987
351 443 6988
395 433 6989
395 443 6990
395 443 6991
313 433 6992
313 387 6993
92 99 6994
351 443 6995
149 740 6996
49 387 6997
193 740 6998
521 239 6999
495 133 7000
464 541 7001
466 541 7002
521 443 7003
39 437 7004
39 543 7005
295 155 7006
44 495 7007
62 443 7008
267 635 7009
315 572 7010
464 13 7011
464 40 7012
464 541 7013
495 38 7013
464 265 7014
721 247 7015
464 13 7016
49 247 7017
464 287 7018
39 308 7019
464 54 7020
583 387 7021
619 853 7022
49 387 7023
719 265 7024
254 240 7025
464 265 7026
619 2 7027
719 5 7028
279 2 7029
185 133 7030
351 443 7031
234 789 7032
464 572 7033
98 5 7034
464 249 7035
618 572 7036
464 249 7037
315 644 7038
464 572 7039
362 5 7040
98 644 7041
719 249 7042
618 13 7043
362 380 7044
618 572 7045
98 99 7046
362 867 7047
574 428 7048
464 13 7049
362 759 7050
464 249 7051
618 13 7052
362 387 7053
362 197 7054
386 98 7055
464 13 7056
464 13 7057
546 639 7058
546 673 7059
221 428 7060
887 323 7061
540 444 7062
464 252 7063
715 293 7064
231 308 7065
342 743 7066
342 596 7067
342 596 7068
719 248 7069
464 128 7070
345 92 7071
464 248 7072
345 387 7073
709 874 7074
709 736 7075
361 597 7076
887 260 7077
383 874 7078
70 444 7079
383 782 7080
361 266 7081
361 782 7082
383 587 7083
171 445 7084
202 50 7085
738 491 7086
383 2 7087
361 4 7088
361 387 7089
383 726 7090
315 644 7091
196 152 7092
47 743 7093
62 759 7094
361 759 7095
384 2 7096
383 450 7097
98 546 7098
383 450 7099
47 2 7100
48 149 7101
48 149 7102
48 878 7103
383 2 7104
384 2 7105
319 363 7106
47 726 7107
149 639 7108
383 782 7109
384 507 7110
383 782 7111
395 433 7112
383 507 7113
47 495 7114
50 444 7115
790 740 7116
47 271 7117
65 184 7118
424 394 7119
47 2 7120
522 394 7121
296 498 7122
445 853 7123
361 290 7124
445 152 7125
512 152 7126
445 290 7127
445 152 7128
624 519 7129
435 759 7130
308 290 7131
512 152 7132
452 711 7133
122 152 7134
592 491 7135
452 711 7136
98 644 7137
31 495 7138
452 711 7139
487 730 7140
49 644 7141
64 737 7142
224 226 7143
452 39 7144
452 448 7145
220 154 7146
512 226 7147
64 52 7148
34 740 7149
64 391 7150
787 284 7151
452 38 7152
424 737 7153
452 436 7154
55 284 7155
117 394 7156
295 154 7157
389 636 7158
452 858 7159
452 45 7160
318 839 7161
363 867 7162
460 442 7163
62 759 7164
452 872 7165
64 737 7166
363 867 7167
452 706 7168
538 264 7169
363 290 7170
538 743 7171
64 282 7172
196 152 7173
424 737 7174
452 517 7175
48 878 7176
222 445 7177
47 743 7178
428 878 7179
737 290 7180
393 290 7181
522 394 7182
452 293 7183
522 55 7184
49 290 7185
460 510 7186
395 442 7187
424 675 7188
363 290 7189
363 290 7190
70 154 7191
47 495 7192
363 152 7193
70 839 7194
220 394 7195
62 510 7196
434 443 7197
49 290 7198
434 290 7199
290 878 7200
363 290 7201
290 878 7202
871 152 7203
737 290 7204
870 878 7205
395 290 7206
434 446 7207
601 732 7208
326 674 7209
343 389 7210
782 740 7211
326 96 7212
14 326 7213
49 96 7214
14 709 7215
326 54 7216
871 389 7217
720 518 7218
279 2 7219
326 152 7220
343 94 7221
14 433 7222
318 389 7223
14 242 7224
220 757 7225
47 2 7226
125 587 7227
49 290 7228
250 701 7229
619 389 7230
62 395 7231
250 127 7232
674 732 7233
551 128 7234
48 878 7235
279 35 7236
250 65 7237
62 759 7238
201 587 7239
637 154 7240
61 736 7241
95 94 7242
279 182 7243
280 493 7244
395 433 7245
61 497 7246
201 726 7247
637 395 7248
49 182 7249
551 726 7250
517 443 7251
279 851 7252
201 517 7253
551 395 7254
645 51 7255
371 443 7256
201 726 7257
279 182 7258
579 260 7259
371 493 7260
279 428 7261
517 443 7261
201 260 7262
551 260 7263
279 94 7264
315 596 7265
201 260 7266
737 290 7267
14 433 7268
538 743 7269
14 701 7270
201 260 7271
551 260 7272
14 701 7273
737 759 7274
412 572 7275
645 853 7276
395 433 7277
579 260 7278
517 443 7279
645 184 7280
813 519 7281
720 31 7282
813 519 7283
77 519 7284
745 878 7285
584 505 7286
577 493 7287
62 759 7288
813 519 7289
125 743 7290
62 395 7291
813 495 7292
426 850 7293
745 878 7294
279 572 7295
426 387 7296
870 878 7297
104 389 7298
426 542 7299
418 874 7300
552 290 7301
393 290 7302
426 730 7303
393 290 7304
8 244 7305
31 389 7306
782 705 7307
426 734 7308
49 290 7309
14 433 7310
8 197 7311
870 706 7312
445 94 7313
552 290 7314
782 45 7315
49 290 7316
870 240 7317
686 388 7318
782 426 7318
269 240 7319
49 240 7319
49 240 7320
686 734 7321
8 90 7322
279 94 7323
243 290 7324
371 734 7325
478 546 7326
460 850 7327
712 394 7328
371 706 7329
269 90 7330
125 637 7331
712 240 7332
269 394 7333
552 290 7334
243 290 7335
371 443 7336
371 443 7337
686 290 7338
552 544 7339
269 240 7340
737 388 7341
552 290 7342
98 5 7343
98 94 7344
686 290 7345
98 644 7346
686 290 7347
737 290 7348
363 734 7349
98 853 7350
356 100 7351
686 734 7352
686 290 7353
552 290 7354
712 388 7355
601 839 7356
686 290 7357
712 290 7358
49 290 7359
426 734 7360
8 290 7361
431 97 7362
870 240 7363
870 734 7364
49 290 7365
686 290 7366
226 734 7367
268 729 7368
148 182 7369
786 244 7370
786 244 7371
686 734 7372
712 734 7373
49 182 7374
148 757 7375
426 734 7376
686 734 7377
712 734 7378
274 244 7379
49 285 7380
863 236 7380
148 182 7381
764 319 7382
47 729 7383
49 182 7383
426 734 7384
8 222 7385
579 596 7386
870 734 7387
49 558 7388
185 736 7389
50 55 7390
363 244 7391
601 735 7392
8 90 7393
1 741 7394
125 587 7395
468 866 7396
468 740 7397
61 736 7398
3 640 7399
522 55 7400
61 735 7401
47 507 7402
39 248 7403
3 640 7404
39 248 7404
61 325 7405
3 197 7406
522 388 7407
8 759 7408
353 55 7409
3 197 7410
14 222 7411
786 775 7411
522 55 7412
274 775 7413
61 636 7414
3 197 7415
148 589 7416
39 323 7417
3 490 7418
823 673 7419
8 197 7420
49 636 7421
220 261 7422
148 829 7423
8 757 7424
601 735 7425
786 775 7426
353 786 7427
103 585 7428
124 709 7429
345 374 7430
148 839 7431
393 734 7432
764 388 7433
3 759 7434
353 55 7435
61 372 7436
48 731 7437
48 731 7438
786 775 7439
61 636 7440
601 372 7441
3 759 7442
220 640 7443
786 244 7444
786 244 7445
3 759 7446
3 759 7447
3 90 7448
209 786 7449
3 197 7450
3 156 7451
833 641 7452
833 445 7453
670 498 7454
833 54 7455
833 187 7456
3 639 7457
833 644 7458
61 372 7459
239 5 7460
833 858 7461
239 5 7462
185 445 7463
522 55 7464
833 96 7465
50 757 7466
70 839 7467
601 372 7468
833 222 7468
434 222 7469
83 874 7470
833 445 7471
185 178 7472
102 789 7473
50 55 7474
827 546 7475
833 282 7476
269 90 7477
318 839 7478
14 388 7479
833 391 7480
185 126 7481
215 125 7482
3 640 7483
522 55 7484
3 640 7485
3 640 7486
833 363 7487
215 96 7488
601 839 7489
833 60 7490
61 372 7491
220 640 7492
50 154 7493
318 542 7494
3 90 7495
215 154 7496
424 388 7497
637 829 7498
833 96 7499
777 265 7500
833 517 7501
837 150 7502
83 493 7503
831 39 7504
215 96 7505
102 869 7506
83 55 7507
51 158 7508
826 443 7509
637 741 7510
83 732 7511
833 388 7512
826 387 7513
83 387 7514
51 387 7515
833 96 7516
8 90 7517
269 90 7518
51 292 7519
362 5 7520
148 839 7521
362 244 7522
827 290 7523
424 388 7524
51 830 7525
837 292 7526
833 543 7527
601 839 7528
148 839 7529
83 740 7530
522 546 7531
362 197 7532
833 242 7533
98 5 7534
318 839 7535
870 734 7536
239 5 7537
833 242 7538
669 50 7539
362 387 7540
83 326 7541
870 290 7542
827 546 7543
837 546 7544
669 443 7545
362 759 7546
827 290 7547
361 187 7548
827 546 7549
522 546 7550
522 546 7551
98 5 7552
126 103 7553
393 290 7553
393 734 7554
827 395 7555
83 554 7556
345 266 7557
361 395 7558
837 294 7559
827 546 7560
51 831 7561
827 395 7562
361 266 7563
831 387 7564
579 776 7565
827 257 7566
345 498 7567
83 776 7568
345 387 7569
827 328 7570
837 290 7571
833 260 7572
619 94 7573
388 387 7574
576 150 7575
353 55 7576
275 293 7577
619 853 7578
623 31 7579
772 328 7580
623 387 7581
833 395 7582
275 701 7583
577 437 7583
426 197 7584
833 388 7585
328 701 7586
445 853 7586
83 701 7587
14 701 7588
445 94 7589
83 701 7590
678 197 7591
786 244 7592
678 395 7593
328 701 7594
236 432 7595
825 178 7596
65 293 7597
825 288 7598
236 376 7599
92 290 7600
494 736 7601
328 52 7602
236 776 7603
92 854 7604
122 428 7605
540 585 7606
92 854 7607
236 839 7608
70 839 7609
122 152 7610
424 388 7611
601 853 7612
83 776 7613
70 839 7614
579 260 7615
130 428 7616
231 185 7617
122 853 7618
122 853 7619
286 510 7620
70 154 7621
601 839 7622
122 759 7623
231 185 7624
318 839 7625
460 393 7626
92 854 7627
50 154 7628
540 92 7629
859 185 7630
50 154 7631
14 701 7632
863 554 7633
601 839 7634
579 776 7635
220 154 7636
859 308 7637
346 376 7638
635 829 7639
635 829 7640
579 743 7641
576 779 7642
130 523 7643
610 257 7644
83 776 7645
83 776 7646
83 701 7647
130 642 7648
859 492 7649
280 35 7650
361 642 7651
346 183 7652
83 33 7653
576 496 7654
424 35 7655
833 642 7656
833 853 7657
424 35 7658
833 183 7659
833 152 7660
833 388 7661
276 779 7662
579 776 7663
424 388 7664
524 55 7665
424 357 7666
231 572 7667
220 496 7668
276 497 7668
576 254 7669
328 445 7670
887 94 7671
497 878 7672
833 445 7673
83 776 7674
887 319 7675
870 878 7676
833 388 7677
576 779 7678
870 293 7679
870 734 7680
831 328 7681
276 436 7682
281 504 7683
276 436 7684
579 33 7685
579 776 7686
424 388 7687
281 740 7688
1 741 7689
276 572 7690
764 319 7691
487 730 7692
764 388 7693
281 50 7694
424 388 7695
357 443 7696
357 50 7697
276 779 7698
357 40 7699
281 850 7700
374 538 7701
445 94 7702
357 538 7703
609 92 7704
345 31 7705
345 492 7706
345 40 7707
281 781 7708
345 92 7709
345 572 7710
345 388 7711
345 388 7712
70 154 7713
374 878 7714
345 266 7715
328 445 7716
280 35 7717
328 674 7718
70 444 7719
50 154 7720
552 290 7721
494 308 7722
171 96 7723
50 444 7724
552 757 7725
171 240 7726
859 148 7727
623 445 7728
277 106 7729
623 674 7730
712 734 7730
623 31 7731
623 96 7732
870 878 7733
277 868 7734
623 437 7735
720 31 7736
859 374 7737
686 290 7738
712 283 7739
277 372 7740
281 868 7741
712 290 7742
328 445 7743
629 293 7744
686 283 7745
712 49 7746
277 447 7747
192 93 7748
686 544 7749
592 388 7750
92 290 7751
764 388 7752
686 544 7753
524 55 7754
192 92 7755
712 686 7756
870 789 7757
552 290 7758
870 133 7759
577 493 7760
686 290 7761
192 545 7762
192 545 7763
686 290 7764
552 92 7765
280 504 7766
92 290 7767
192 838 7768
38 55 7769
92 290 7770
686 290 7771
686 290 7772
345 92 7773
870 265 7774
552 544 7775
224 226 7776
686 388 7777
712 388 7778
345 31 7779
577 515 7780
345 374 7781
345 388 7782
281 264 7783
812 126 7784
345 290 7785
583 185 7786
764 388 7787
92 290 7788
92 290 7789
712 388 7790
277 504 7791
812 97 7792
686 290 7793
764 388 7794
686 290 7795
92 290 7796
577 701 7797
712 290 7798
281 504 7799
686 388 7800
712 290 7801
712 290 7802
192 92 7803
764 388 7804
92 290 7805
686 290 7806
192 388 7807
552 290 7808
277 593 7809
712 290 7810
92 290 7811
686 388 7812
712 388 7813
870 395 7814
712 290 7815
686 290 7816
686 290 7817
92 290 7818
686 290 7819
552 290 7820
92 290 7820
712 290 7821
92 290 7822
712 290 7823
598 572 7824
686 290 7825
92 290 7826
92 99 7827
686 290 7828
712 290 7829
92 99 7830
686 290 7831
764 388 7832
92 290 7833
686 388 7834
712 388 7835
712 290 7836
686 290 7837
92 290 7838
712 290 7839
764 388 7840
92 290 7841
686 290 7842
712 388 7843
92 290 7844
712 290 7845
764 388 7846
686 290 7847
686 290 7848
622 572 7849
686 290 7850
712 388 7851
686 388 7852
764 388 7853
92 290 7854
716 572 7855
712 290 7856
712 290 7857
92 290 7858
686 388 7859
686 388 7860
92 290 7861
712 290 7862
716 851 7863
764 388 7864
712 388 7865
712 703 7866
764 388 7867
92 290 7868
712 703 7869
686 703 7870
173 389 7871
173 585 7872
92 290 7873
716 288 7874
764 388 7875
622 387 7876
764 876 7877
203 31 7878
353 55 7879
353 786 7880
194 705 7881
395 433 7882
395 93 7883
777 265 7884
777 264 7885
777 546 7886
777 293 7887
14 701 7888
392 388 7889
747 726 7890
375 437 7891
601 839 7892
369 738 7893
3 640 7894
264 31 7895
478 546 7896
521 443 7897
98 853 7898
361 266 7899
98 703 7900
279 182 7901
361 31 7902
279 851 7903
98 546 7904
120 738 7905
279 428 7906
361 387 7907
361 183 7908
279 94 7909
395 443 7910
395 388 7911
341 125 7912
256 734 7913
217 31 7914
217 31 7915
870 265 7916
217 387 7917
39 374 7918
620 261 7919
264 387 7920
870 293 7921
247 515 7922
122 428 7923
361 759 7924
538 759 7925
122 759 7926
538 264 7927
478 546 7928
478 546 7929
538 640 7930
538 743 7931
538 40 7932
538 490 7933
70 154 7934
221 549 7935
721 734 7936
244 326 7937
326 96 7938
244 731 7939
244 545 7940
244 493 7941
244 702 7942
359 126 7943
359 242 7944
14 388 7945
14 154 7946
14 326 7947
14 326 7948
445 126 7949
244 290 7950
244 326 7951
389 736 7952
244 592 7953
244 92 7954
244 4 7955
244 839 7956
424 388 7957
150 387 7958
43 152 7959
464 265 7960
745 35 7961
538 270 7962
578 831 7963
538 559 7964
363 734 7965
745 387 7966
495 447 7967
464 128 7968
717 261 7969
256 734 7970
464 248 7971
464 248 7972
256 734 7973
538 518 7974
342 874 7975
395 388 7976
395 734 7977
764 242 7978
721 734 7979
432 876 7980
432 101 7981
432 102 7982
432 873 7983
432 782 7984
432 241 7985
4 443 7986
395 388 7987
424 388 7988
424 388 7989
395 388 7990
578 831 7991
578 831 7992
65 56 7993
346 40 7994
39 248 7995
39 248 7995
346 544 7996
122 92 7997
122 152 7998
318 558 7999
271 757 8000
83 701 8001
445 387 8002
538 40 8003
619 94 8004
619 389 8005
631 236 8005
3 90 8006
3 640 8007
106 593 8008
538 640 8009
3 490 8010
3 490 8011
538 490 8012
3 640 8013
538 640 8014
777 265 8015
239 290 8016
620 105 8017
777 264 8018
538 264 8019
777 264 8020
239 5 8021
106 423 8022
762 424 8023
538 264 8024
56 493 8025
777 425 8026
813 236 8027
3 53 8028
274 775 8029
3 701 8030
55 250 8031
56 250 8032
56 250 8033
55 250 8034
56 250 8035
709 636 8036
55 250 8037
392 388 8038
709 874 8039
56 250 8040
709 425 8041
392 290 8042
719 248 8043
777 264 8044
424 388 8045
424 780 8046
719 249 8047
83 874 8048
435 436 8049
83 326 8050
83 326 8051
777 595 8052
388 242 8053
33 50 8054
434 290 8055
712 388 8056
244 636 8057
424 388 8058
686 544 8059
686 92 8060
712 388 8061
507 639 8062
359 387 8063
359 242 8064
623 437 8065
78 390 8066
623 96 8067
623 445 8068
49 558 8069
49 515 8070
623 876 8071
49 876 8072
623 266 8073
623 40 8074
261 517 8075
244 4 8076
575 359 8077
78 179 8078
78 395 8079
859 185 8080
261 261 8081
78 387 8082
78 388 8083
424 388 8084
49 183 8085
78 97 8086
424 388 8087
78 388 8088
118 59 8089
424 388 8090
93 270 8091
93 123 8092
93 290 8093
93 510 8094
619 2 8095
93 782 8096
870 423 8097
226 179 8098
93 484 8099
93 152 8100
93 107 8101
226 55 8102
870 265 8103
226 242 8104
226 642 8105
226 387 8106
445 94 8107
269 90 8108
428 538 8109
495 59 8110
552 572 8111
428 878 8112
674 40 8113
552 544 8114
674 40 8115
40 94 8116
209 786 8117
837 373 8118
395 388 8119
395 869 8120
546 389 8121
538 264 8122
546 673 8123
538 40 8124
71 705 8125
267 270 8126
538 270 8127
71 387 8128
267 270 8129
686 96 8130
424 388 8131
267 388 8132
870 789 8133
686 388 8134
43 53 8135
686 388 8136
43 36 8137
470 542 8138
686 544 8139
62 437 8140
62 437 8141
870 544 8142
833 642 8143
870 437 8144
833 96 8145
833 261 8146
833 261 8147
833 261 8148
623 543 8149
833 242 8150
62 395 8151
833 395 8152
44 36 8153
62 759 8154
93 270 8155
93 376 8156
250 96 8157
250 50 8158
93 839 8159
371 387 8160
250 94 8161
62 388 8162
634 484 8163
93 222 8164
634 484 8165
250 393 8166
93 92 8167
538 759 8168
93 266 8169
44 122 8170
250 187 8171
93 187 8172
538 270 8173
277 447 8174
538 543 8175
93 270 8176
62 734 8177
250 544 8178
62 376 8179
92 99 8180
92 91 8181
93 759 8182
93 703 8183
93 183 8184
62 759 8185
93 120 8186
93 759 8187
637 107 8188
521 443 8189
712 388 8190
62 4 8191
93 107 8192
93 376 8193
194 105 8194
93 395 8195
98 5 8196
93 636 8197
53 154 8198
93 435 8199
62 120 8200
837 443 8201
538 759 8202
93 120 8203
538 270 8204
93 270 8205
98 389 8205
93 759 8206
538 183 8207
93 412 8208
93 154 8209
538 759 8210
93 437 8211
93 543 8212
538 412 8213
53 832 8214
837 389 8215
435 762 8216
93 759 8217
62 376 8218
93 4 8219
538 759 8220
73 241 8221
62 395 8222
538 120 8223
93 376 8224
93 120 8225
288 705 8226
93 395 8227
93 759 8228
93 60 8229
495 447 8230
93 183 8231
288 677 8232
619 762 8233
686 96 8234
712 290 8235
93 412 8235
495 120 8236
93 328 8237
825 326 8238
93 120 8239
93 585 8240
538 120 8241
53 40 8242
62 4 8243
93 4 8244
538 40 8245
93 120 8246
719 672 8247
346 40 8248
119 437 8249
98 389 8250
62 4 8251
194 705 8252
220 261 8253
346 179 8254
62 759 8255
93 4 8256
93 437 8257
98 495 8258
93 759 8259
712 290 8260
825 288 8261
93 863 8262
93 290 8263
62 4 8264
552 290 8265
39 373 8266
73 236 8267
39 248 8268
53 154 8269
825 260 8270
62 759 8271
93 759 8272
93 154 8273
73 241 8274
39 248 8275
53 357 8276
93 4 8277
636 686 8278
53 597 8279
39 437 8280
73 236 8281
751 734 8282
719 248 8283
39 517 8284
712 686 8285
93 437 8286
39 35 8287
633 521 8288
633 357 8289
395 734 8290
633 96 8291
62 734 8292
62 4 8293
712 290 8294
93 4 8295
580 282 8296
61 40 8297
825 254 8298
825 254 8299
27 150 8300
49 96 8301
62 4 8302
825 178 8303
178 743 8304
93 4 8305
49 290 8306
580 501 8307
519 638 8308
580 51 8309
580 5 8310
256 734 8311
580 498 8312
624 519 8313
49 290 8314
226 832 8315
718 55 8316
93 290 8317
62 644 8318
125 152 8319
117 452 8320
62 498 8321
49 290 8322
98 644 8323
185 178 8324
93 290 8325
34 740 8326
62 120 8327
837 389 8328
49 290 8329
49 290 8330
34 287 8331
837 389 8332
93 120 8333
345 266 8334
93 266 8335
715 293 8336
30 387 8337
345 498 8338
62 120 8339
871 91 8340
93 120 8341
715 58 8342
62 498 8343
30 434 8344
712 394 8345
345 498 8346
123 446 8347
751 734 8348
123 446 8349
871 484 8350
30 443 8351
62 498 8352
576 254 8353
62 484 8354
93 484 8355
62 484 8356
62 734 8357
173 443 8358
592 777 8359
93 484 8360
62 443 8361
715 290 8362
712 290 8363
395 734 8364
715 290 8365
49 290 8366
62 734 8367
334 222 8368
98 91 8369
93 222 8370
62 388 8371
62 388 8372
64 496 8373
63 124 8374
185 117 8375
512 387 8376
313 326 8377
173 290 8378
313 433 8379
49 290 8380
64 391 8381
313 294 8382
595 831 8383
313 387 8384
619 521 8385
49 387 8386
313 150 8387
391 863 8388
313 596 8389
313 33 8390
777 265 8391
53 832 8392
53 832 8393
313 387 8394
777 264 8395
395 734 8396
93 863 8397
313 53 8398
578 92 8399
63 495 8400
215 96 8401
351 387 8401
49 387 8402
49 495 8403
452 293 8404
276 436 8405
276 781 8406
345 498 8407
345 387 8408
452 39 8409
452 39 8410
422 158 8411
345 388 8412
503 226 8413
345 266 8414
639 444 8415
393 290 8416
761 703 8417
62 734 8418
49 290 8419
393 290 8420
361 387 8421
812 126 8422
49 290 8423
361 187 8424
619 158 8425
393 290 8426
634 484 8427
326 152 8428
583 387 8429
452 391 8430
78 179 8431
78 395 8432
743 99 8433
743 99 8434
743 484 8435
361 387 8436
361 642 8437
452 702 8438
519 773 8439
361 423 8440
424 388 8441
173 423 8442
712 388 8443
185 126 8444
395 388 8445
712 388 8446
452 291 8447
452 183 8448
452 183 8449
395 388 8450
3 640 8451
3 640 8452
452 713 8453
424 388 8454
745 35 8455
395 388 8456
395 734 8457
551 549 8458
288 705 8459
3 90 8460
125 155 8461
452 497 8462
578 376 8463
452 791 8464
452 858 8465
97 596 8466
578 677 8467
221 549 8468
578 517 8469
837 294 8470
424 388 8471
551 640 8472
551 549 8473
871 91 8474
203 266 8475
315 596 8476
452 247 8477
686 154 8478
837 388 8479
336 84 8480
686 96 8481
237 308 8482
452 785 8483
452 785 8484
279 35 8485
686 283 8486
92 357 8487
392 869 8488
452 713 8489
346 376 8490
747 391 8491
5 58 8492
346 53 8493
747 105 8494
747 154 8495
452 391 8496
14 154 8497
14 53 8498
747 391 8499
253 128 8500
346 150 8501
445 853 8502
253 149 8503
747 484 8504
253 791 8505
153 702 8506
452 83 8507
452 702 8508
100 850 8509
452 702 8510
712 388 8511
452 391 8512
100 498 8513
452 791 8514
100 592 8515
602 762 8516
39 830 8517
100 789 8518
452 702 8519
747 391 8520
452 702 8521
870 789 8521
452 702 8522
747 850 8523
343 853 8524
709 636 8525
100 869 8526
678 542 8527
100 868 8528
708 242 8529
709 592 8530
100 850 8531
24 730 8532
25 730 8533
837 572 8534
452 558 8535
516 50 8536
516 730 8537
343 853 8538
424 388 8539
709 874 8540
823 178 8541
47 152 8542
577 437 8543
823 437 8544
823 240 8545
577 437 8546
823 437 8547
639 572 8548
823 152 8549
735 53 8550
395 790 8551
686 389 8552
49 247 8553
56 389 8554
49 387 8555
779 741 8556
639 675 8557
735 53 8558
281 264 8559
620 394 8560
735 124 8561
620 874 8562
194 705 8563
375 437 8564
226 179 8565
464 265 8566
464 222 8567
226 832 8568
90 702 8569
445 853 8570
452 183 8571
375 150 8572
464 40 8573
395 790 8574
464 260 8575
280 504 8576
392 157 8577
281 50 8578
452 702 8579
464 595 8580
424 595 8581
464 757 8582
464 595 8583
452 702 8584
261 261 8585
125 183 8586
464 423 8587
424 595 8588
464 595 8589
445 152 8590
412 637 8591
445 387 8592
392 869 8593
813 519 8594
412 81 8595
383 2 8596
392 388 8597
100 869 8598
472 869 8599
870 265 8599
100 869 8600
100 708 8601
100 708 8602
256 437 8603
472 782 8604
256 734 8605
40 94 8606
464 506 8607
83 53 8607
171 96 8608
83 33 8609
281 690 8610
472 507 8611
472 708 8612
171 178 8613
83 387 8614
40 585 8615
273 222 8616
100 708 8617
464 737 8618
582 853 8619
90 737 8620
633 544 8621
686 544 8622
753 596 8623
744 152 8624
744 155 8625
712 154 8626
551 40 8627
744 155 8628
551 260 8629
452 708 8630
623 157 8631
215 118 8632
623 266 8633
273 242 8634
623 266 8635
623 266 8636
623 266 8637
273 876 8638
273 394 8639
273 387 8640
522 546 8641
273 152 8642
392 157 8643
522 55 8644
551 546 8645
392 766 8646
864 50 8647
522 777 8648
296 498 8649
296 395 8650
345 266 8651
522 308 8652
296 45 8653
93 782 8654
522 546 8655
345 40 8656
93 395 8657
445 107 8658
93 484 8659
503 767 8660
93 152 8661
353 786 8662
834 484 8663
592 63 8664
93 290 8665
345 498 8666
93 484 8667
392 86 8668
49 290 8669
592 776 8670
93 703 8671
343 853 8672
445 290 8672
93 107 8673
345 387 8674
93 636 8675
288 705 8676
93 585 8677
345 572 8678
870 290 8679
93 290 8680
870 149 8681
93 290 8682
93 444 8683
62 734 8684
345 388 8685
49 636 8686
361 782 8687
361 782 8688
686 508 8689
361 266 8690
361 790 8691
279 572 8692
686 778 8693
361 498 8694
62 388 8695
93 782 8696
686 388 8697
279 290 8698
361 387 8699
426 850 8700
188 671 8701
173 290 8702
198 96 8703
93 290 8704
62 484 8705
426 387 8706
173 671 8707
361 183 8708
62 498 8709
426 542 8710
93 484 8711
279 290 8712
93 290 8713
686 290 8714
93 290 8715
361 498 8716
62 395 8717
269 90 8718
93 395 8719
712 388 8720
764 388 8721
62 388 8722
712 388 8723
686 388 8724
62 395 8725
62 50 8726
361 395 8727
361 388 8728
472 636 8729
445 853 8730
62 437 8731
198 2 8732
361 61 8733
445 853 8734
288 196 8735
445 196 8736
198 13 8737
361 640 8738
361 597 8739
361 40 8740
445 387 8741
198 671 8742
361 92 8743
471 81 8744
361 790 8745
198 264 8746
62 772 8747
84 790 8748
8 222 8749
173 671 8750
374 878 8751
361 31 8752
361 790 8753
274 60 8754
813 266 8755
198 671 8756
361 197 8757
721 247 8758
361 266 8759
274 704 8760
361 187 8761
3 90 8762
361 759 8763
623 157 8764
361 123 8765
623 876 8766
370 388 8767
361 424 8768
62 759 8769
8 90 8769
61 157 8770
274 758 8771
623 266 8772
471 179 8773
3 640 8774
634 155 8775
8 759 8776
8 759 8777
548 119 8778
623 157 8779
274 120 8780
100 850 8781
877 372 8782
686 92 8783
274 324 8784
374 878 8785
623 387 8786
712 96 8787
361 92 8788
361 790 8789
274 596 8790
712 96 8791
823 152 8792
384 869 8793
274 598 8794
753 85 8795
424 388 8796
712 96 8797
592 187 8798
198 704 8799
376 595 8800
538 759 8801
709 636 8802
592 362 8803
361 387 8804
709 595 8805
538 264 8806
198 96 8807
538 640 8808
376 675 8809
592 437 8810
376 675 8811
424 675 8812
538 40 8813
376 675 8814
424 675 8815
775 850 8816
274 264 8817
538 546 8818
62 437 8819
712 287 8820
552 572 8821
538 264 8822
712 96 8823
777 265 8824
62 759 8825
428 387 8826
98 546 8827
231 572 8828
552 92 8829
592 308 8830
592 777 8831
777 264 8832
325 237 8833
777 595 8834
592 372 8835
446 117 8836
428 878 8837
777 868 8838
446 117 8839
220 394 8840
39 572 8841
424 595 8842
274 264 8843
315 572 8844
592 124 8844
580 740 8845
51 830 8846
825 254 8847
90 437 8848
777 264 8849
747 154 8850
353 308 8851
269 90 8852
220 496 8853
90 240 8854
186 81 8855
90 759 8856
446 434 8857
712 82 8858
592 590 8859
446 434 8860
100 850 8861
737 290 8861
825 326 8862
220 261 8863
198 96 8864
592 851 8865
878 80 8866
100 868 8867
637 856 8868
100 868 8869
446 80 8870
446 79 8871
719 265 8872
274 264 8873
825 673 8873
267 197 8874
446 348 8875
279 2 8876
555 257 8877
267 519 8878
279 572 8879
446 547 8880
279 572 8881
712 424 8882
346 179 8883
709 868 8884
637 672 8885
100 6 8886
637 704 8887
637 107 8888
8 90 8889
3 90 8890
478 546 8891
592 328 8892
84 96 8893
3 90 8894
512 126 8895
719 541 8896
322 363 8897
522 777 8897
8 197 8898
3 662 8899
49 704 8900
49 96 8901
322 484 8902
3 759 8903
322 445 8904
3 412 8905
576 254 8906
3 197 8907
712 328 8908
8 759 8909
548 257 8910
8 197 8911
712 328 8912
77 519 8913
250 94 8914
97 592 8914
256 437 8915
745 35 8916
8 662 8917
125 183 8918
745 260 8919
8 197 8920
745 878 8921
777 265 8922
345 61 8923
777 264 8924
8 197 8925
220 154 8926
764 388 8927
551 260 8928
495 60 8929
709 595 8930
712 154 8931
777 868 8932
8 183 8933
361 61 8934
39 239 8935
274 264 8936
8 662 8937
709 868 8938
623 543 8939
361 40 8940
326 96 8941
295 686 8942
521 239 8943
361 543 8944
277 504 8945
777 264 8946
522 239 8947
709 642 8948
274 264 8949
460 395 8950
601 868 8951
274 183 8952
780 242 8953
363 767 8954
547 437 8955
19 373 8956
780 373 8957
19 590 8958
273 388 8959
547 373 8960
345 92 8961
43 36 8962
547 498 8963
345 498 8964
345 498 8965
19 729 8966
39 373 8967
824 850 8968
345 387 8969
39 239 8970
19 45 8971
503 767 8972
224 767 8973
19 387 8974
224 226 8975
887 49 8976
887 703 8977
637 594 8978
887 703 8979
345 388 8980
503 767 8981
712 388 8982
887 319 8983
224 767 8984
48 731 8985
712 686 8986
887 260 8987
712 96 8988
196 53 8989
359 387 8990
363 767 8991
49 96 8992
19 734 8993
78 395 8994
359 126 8995
887 853 8996
719 265 8997
624 519 8998
538 40 8999
78 387 9000
361 40 9001
772 328 9002
538 412 9003
424 388 9004
61 157 9005
185 254 9006
538 662 9007
446 222 9008
446 222 9009
351 126 9010
61 183 9011
361 253 9012
637 395 9013
61 324 9014
777 265 9015
19 491 9016
279 240 9017
274 324 9018
446 543 9019
747 484 9020
747 50 9021
49 240 9022
503 767 9023
157 559 9024
688 445 9025
249 325 9026
712 388 9027
91 154 9028
619 240 9029
424 388 9030
538 559 9031
49 240 9032
637 133 9033
772 685 9034
61 324 9035
193 493 9036
279 240 9037
90 867 9038
49 240 9039
62 395 9040
269 240 9041
274 324 9042
712 388 9043
688 388 9044
688 388 9045
503 226 9046
62 388 9047
712 388 9048
49 240 9049
510 91 9050
637 518 9051
424 388 9052
712 240 9053
637 245 9054
93 120 9055
712 388 9056
62 388 9057
715 61 9058
712 388 9059
424 388 9060
688 86 9061
62 120 9062
93 222 9063
688 388 9064
825 254 9064
712 388 9065
93 120 9066
712 388 9067
62 120 9068
93 92 9068
93 120 9069
688 445 9070
269 240 9071
93 395 9072
688 829 9073
274 120 9074
712 240 9075
93 197 9076
616 594 9077
342 701 9078
93 120 9079
759 636 9080
313 326 9081
93 759 9082
688 843 9083
313 598 9084
20 56 9085
269 96 9086
313 701 9087
93 152 9088
313 53 9089
342 493 9090
39 242 9091
93 107 9092
313 53 9093
93 290 9094
313 294 9095
688 635 9096
8 395 9097
279 240 9098
93 395 9099
8 197 9100
20 290 9101
8 197 9102
93 133 9103
720 31 9104
239 155 9105
239 183 9106
313 245 9106
688 388 9107
8 395 9108
20 290 9109
93 290 9110
744 155 9111
313 105 9112
93 395 9113
239 155 9114
93 412 9115
313 596 9116
239 5 9117
712 686 9118
93 484 9118
688 290 9119
274 183 9120
93 197 9121
8 395 9122
495 120 9123
93 290 9124
712 388 9125
294 352 9126
294 352 9127
641 352 9128
92 91 9129
8 197 9130
274 596 9131
827 257 9132
641 352 9133
827 257 9134
313 732 9135
61 324 9136
877 360 9137
93 120 9138
688 388 9139
90 388 9140
93 395 9141
499 495 9142
39 830 9143
712 388 9144
274 120 9145
764 242 9146
712 388 9147
8 395 9148
226 242 9149
93 395 9150
93 120 9151
688 388 9152
510 91 9153
827 395 9154
712 388 9155
93 395 9156
618 388 9157
712 388 9158
315 596 9159
92 91 9160
103 443 9161
688 388 9162
871 91 9163
315 183 9164
712 388 9165
827 395 9166
274 270 9167
8 759 9168
877 325 9168
688 388 9169
877 394 9170
93 270 9171
8 244 9172
274 183 9173
83 53 9174
424 388 9175
464 265 9176
190 389 9177
877 183 9178
93 395 9179
318 839 9180
83 701 9181
313 596 9182
464 287 9183
688 388 9184
712 395 9185
424 388 9186
719 265 9187
827 328 9188
291 496 9189
712 388 9190
274 123 9191
688 388 9192
291 242 9193
424 388 9194
291 242 9195
445 107 9196
464 40 9196
274 596 9197
753 596 9198
464 265 9199
464 265 9200
291 446 9201
20 572 9202
712 328 9203
83 732 9204
712 328 9205
83 732 9206
688 388 9207
313 443 9208
712 388 9209
827 395 9210
712 388 9211
260 740 9212
712 395 9213
753 773 9213
464 13 9214
39 242 9215
688 388 9216
118 850 9217
712 154 9217
813 519 9218
712 388 9219
464 572 9220
313 740 9221
424 388 9222
243 260 9223
464 595 9224
813 270 9225
291 394 9226
712 395 9227
827 328 9228
712 388 9229
554 247 9230
688 388 9231
720 443 9232
20 572 9233
554 50 9234
712 388 9235
464 260 9236
8 395 9237
827 260 9238
712 328 9239
827 395 9240
813 703 9241
313 596 9242
48 559 9243
827 395 9244
827 328 9245
712 395 9246
83 636 9247
464 572 9248
764 242 9249
719 265 9250
712 395 9251
274 596 9252
688 388 9253
93 759 9254
190 250 9255
813 412 9256
712 388 9257
313 596 9258
554 290 9259
753 596 9260
20 572 9261
291 868 9262
363 867 9263
93 270 9264
827 395 9265
601 839 9266
291 242 9267
464 265 9268
554 443 9269
637 50 9270
712 395 9271
48 40 9272
31 761 9273
637 829 9274
83 33 9275
274 596 9276
688 703 9277
827 395 9278
274 270 9279
291 878 9280
424 388 9281
712 395 9282
688 829 9283
84 790 9284
827 395 9285
84 790 9286
86 790 9287
745 878 9288
270 261 9289
712 395 9290
313 596 9291
187 734 9292
688 388 9293
291 878 9294
448 450 9295
464 572 9296
464 572 9297
499 220 9298
753 596 9298
813 270 9299
464 572 9300
712 395 9301
675 295 9302
187 776 9303
464 672 9304
383 701 9305
98 5 9306
434 290 9307
499 641 9308
20 572 9309
464 868 9310
313 776 9311
464 572 9312
190 596 9313
813 703 9314
464 423 9315
83 776 9316
889 290 9316
50 154 9317
499 241 9318
274 874 9319
173 443 9320
619 780 9321
198 13 9322
827 395 9323
383 782 9324
813 295 9325
313 596 9326
313 443 9327
464 541 9328
198 734 9329
827 290 9330
83 701 9331
50 444 9332
187 269 9333
274 596 9334
313 269 9335
8 395 9335
370 546 9336
434 290 9337
274 596 9338
313 596 9339
50 757 9340
313 596 9341
39 248 9342
287 357 9343
14 701 9344
313 596 9344
383 701 9345
313 701 9346
187 269 9347
274 596 9348
552 290 9349
313 701 9350
434 290 9351
190 596 9352
313 701 9353
712 395 9354
274 596 9355
313 596 9356
499 179 9357
187 786 9358
753 596 9359
20 853 9360
8 395 9361
424 874 9362
313 596 9363
371 850 9364
274 596 9365
287 854 9365
20 393 9366
383 701 9367
313 596 9368
274 596 9369
712 395 9370
190 596 9371
637 703 9372
313 596 9373
827 395 9374
753 596 9375
712 395 9376
274 874 9377
313 596 9378
827 395 9379
313 596 9380
870 878 9381
753 596 9382
859 452 9383
424 874 9384
313 701 9385
712 395 9386
522 446 9387
313 596 9388
461 484 9389
662 283 9390
827 395 9391
712 283 9392
461 484 9393
821 357 9394
753 596 9395
712 395 9396
274 596 9397
313 596 9398
827 395 9399
712 395 9400
777 265 9401
424 780 9402
827 395 9403
92 854 9404
626 510 9405
845 493 9406
510 91 9407
291 446 9408
753 596 9409
92 91 9410
618 93 9411
274 874 9412
313 596 9413
256 734 9414
424 874 9415
671 261 9416
92 357 9417
445 853 9418
371 443 9419
671 261 9420
434 353 9421
8 395 9422
274 874 9423
431 597 9424
20 853 9425
222 445 9426
753 596 9427
479 325 9428
826 56 9429
719 248 9430
445 853 9431
686 388 9432
777 264 9433
764 446 9434
827 395 9435
313 596 9436
8 395 9437
39 248 9438
61 874 9438
447 389 9439
313 740 9440
20 290 9441
20 290 9442
20 290 9443
712 395 9444
712 395 9445
712 395 9446
20 853 9447
753 596 9448
827 395 9449
548 388 9450
827 388 9451
552 290 9452
261 261 9453
83 740 9453
92 91 9454
50 152 9455
452 247 9456
8 395 9457
452 247 9458
8 395 9459
833 445 9460
552 152 9461
261 261 9462
712 395 9463
833 644 9464
313 596 9465
833 642 9466
827 395 9467
351 443 9468
8 395 9469
521 443 9470
281 491 9471
521 741 9472
83 701 9473
92 91 9474
827 290 9475
47 450 9476
552 290 9477
833 261 9478
637 395 9479
833 242 9480
712 395 9481
40 94 9482
383 701 9483
833 850 9484
833 282 9485
8 395 9486
827 395 9487
268 729 9488
712 395 9488
827 395 9489
833 391 9490
8 395 9491
14 701 9492
833 240 9493
827 395 9494
712 395 9495
833 637 9496
833 81 9497
833 81 9498
281 766 9499
8 395 9500
452 391 9501
712 395 9502
833 395 9503
8 395 9504
20 371 9505
827 395 9506
452 179 9507
712 395 9508
833 395 9509
827 395 9510
833 730 9511
434 86 9512
833 183 9513
833 388 9514
33 282 9515
827 388 9516
833 152 9517
8 395 9518
274 373 9519
31 389 9520
712 389 9521
434 290 9522
291 446 9523
452 642 9524
274 183 9525
786 775 9526
747 220 9527
274 775 9528
626 391 9529
20 290 9530
55 389 9531
494 61 9532
827 852 9533
708 242 9534
20 218 9535
626 641 9536
889 218 9537
827 290 9538
552 290 9539
93 270 9540
20 218 9541
93 123 9542
190 389 9543
83 739 9544
93 510 9544
83 739 9545
274 261 9546
93 395 9547
434 290 9548
274 270 9549
31 389 9550
274 123 9551
20 290 9552
188 671 9553
83 261 9554
464 265 9555
434 227 9556
261 156 9557
620 4 9558
261 231 9559
827 290 9560
261 46 9561
90 240 9562
83 355 9563
173 290 9564
827 290 9565
188 219 9566
552 290 9567
274 261 9568
93 290 9569
173 227 9570
20 290 9571
20 290 9572
55 389 9573
274 497 9574
430 491 9575
464 595 9575
93 123 9576
833 641 9577
8 290 9578
93 270 9579
233 452 9580
93 197 9581
93 120 9582
833 642 9583
827 389 9584
93 107 9585
8 197 9586
827 290 9587
359 443 9588
827 290 9589
464 791 9590
833 261 9591
274 120 9592
220 261 9593
288 517 9594
93 290 9595
833 242 9596
833 261 9597
552 290 9598
93 290 9599
833 261 9600
833 391 9601
270 46 9602
351 443 9602
93 120 9603
764 242 9604
512 389 9605
351 389 9606
577 242 9607
173 671 9608
274 261 9609
93 290 9610
8 290 9611
220 261 9612
93 290 9613
93 761 9614
863 703 9615
93 782 9616
512 126 9617
31 761 9618
833 261 9619
8 290 9620
93 290 9621
827 389 9622
777 595 9623
190 389 9624
93 839 9625
444 361 9626
686 389 9627
93 197 9628
391 290 9629
274 155 9630
552 863 9631
93 761 9632
93 863 9633
444 874 9634
391 290 9635
93 295 9636
276 778 9637
188 671 9638
274 874 9639
444 186 9640
93 290 9641
601 127 9642
93 152 9643
391 120 9644
276 497 9645
424 874 9646
391 290 9647
93 120 9648
31 389 9649
291 878 9650
276 497 9651
686 778 9652
93 290 9653
444 738 9654
93 412 9655
552 152 9656
93 152 9657
391 120 9658
274 412 9659
774 786 9660
774 786 9661
623 157 9662
93 371 9663
31 761 9664
274 497 9665
445 389 9666
274 435 9667
715 484 9668
577 155 9669
276 778 9670
857 372 9671
587 736 9672
274 120 9673
629 572 9674
857 372 9675
93 120 9676
276 572 9677
521 443 9678
276 152 9679
552 572 9680
276 495 9681
857 242 9682
276 572 9683
274 120 9684
31 389 9685
552 863 9686
276 868 9687
93 120 9688
857 50 9689
93 120 9690
577 242 9691
686 389 9691
274 120 9692
31 495 9693
93 863 9694
93 120 9695
34 287 9696
435 869 9697
276 236 9698
686 778 9699
552 863 9700
435 852 9701
93 863 9702
281 236 9703
435 388 9704
435 290 9705
20 572 9706
276 778 9707
93 290 9708
93 120 9709
190 389 9710
274 120 9711
31 389 9712
445 389 9713
93 120 9714
445 290 9715
576 254 9716
274 120 9717
445 389 9718
93 290 9719
93 120 9720
194 705 9721
31 389 9722
20 388 9723
633 283 9724
374 878 9725
576 388 9726
250 94 9727
93 120 9728
93 120 9729
250 187 9730
93 266 9731
250 544 9732
392 86 9733
194 389 9734
392 869 9735
250 495 9736
512 389 9737
31 495 9738
392 766 9739
30 547 9740
392 766 9740
812 97 9741
812 97 9742
93 761 9743
30 97 9744
540 328 9745
392 556 9746
93 594 9747
20 86 9748
93 543 9749
93 4 9750
392 389 9751
93 60 9752
392 86 9753
20 86 9754
93 703 9755
392 703 9756
93 435 9757
392 703 9758
20 86 9759
392 179 9760
392 295 9761
281 766 9762
392 86 9763
392 766 9764
281 295 9765
70 444 9766
521 236 9767
281 4 9768
70 154 9769
20 86 9770
593 386 9771
281 236 9772
635 829 9773
592 178 9774
592 328 9775
592 133 9776
592 103 9777
592 736 9778
93 133 9779
93 4 9780
627 55 9781
627 107 9782
519 757 9783
39 517 9784
39 133 9785
39 632 9786
39 632 9787
39 831 9788
93 107 9789
870 423 9790
93 133 9791
423 872 9792
62 120 9793
62 644 9794
62 50 9795
62 759 9796
93 120 9797
93 120 9798
50 444 9799
97 33 9800
93 759 9801
47 495 9802
93 120 9803
93 120 9804
184 852 9805
93 120 9806
93 120 9807
93 120 9808
764 388 9809
870 734 9810
395 386 9811
870 434 9812
395 434 9813
395 86 9814
740 516 9815
14 484 9816
14 53 9817
14 373 9818
363 244 9819
8 244 9820
14 557 9821
93 484 9822
434 290 9823
825 97 9824
434 290 9825
93 290 9826
737 283 9827
708 242 9828
378 686 9829
290 878 9830
290 393 9831
637 117 9832
538 264 9833
709 642 9834
538 559 9835
538 40 9836
538 270 9837
424 389 9838
209 86 9839
277 372 9840
209 786 9841
593 843 9842
538 518 9843
538 412 9844
619 853 9845
619 780 9846
318 839 9847
619 389 9848
330 117 9849
424 780 9850
330 247 9851
740 179 9852
838 244 9853
634 362 9854
359 126 9855
437 295 9856
359 97 9857
361 597 9858
361 61 9859
634 393 9860
361 92 9861
499 220 9862
837 294 9863
633 544 9864
361 31 9865
388 757 9866
483 220 9867
49 290 9868
813 266 9869
56 250 9870
361 395 9871
499 220 9872
56 393 9873
499 179 9874
361 790 9875
499 495 9876
51 830 9877
56 493 9878
93 270 9879
637 120 9880
538 266 9881
93 120 9882
51 292 9883
538 120 9884
226 179 9885
221 544 9886
393 290 9887
637 349 9888
39 830 9889
715 484 9890
637 81 9891
93 120 9892
637 260 9893
499 179 9894
56 389 9895
93 290 9896
56 94 9897
221 290 9898
56 543 9899
221 549 9900
93 92 9901
93 395 9902
519 757 9903
93 395 9904
39 231 9905
39 242 9906
39 369 9907
519 676 9908
93 270 9909
260 596 9910
220 632 9911
93 290 9912
618 757 9913
384 179 9914
93 266 9915
93 266 9916
83 33 9917
384 869 9918
83 55 9919
134 81 9920
384 2 9921
522 388 9922
871 81 9923
83 740 9924
552 544 9925
615 45 9926
203 519 9927
83 33 9928
83 33 9929
93 839 9930
93 295 9931
276 495 9932
318 839 9933
276 781 9934
580 5 9934
580 543 9935
84 790 9936
93 412 9937
203 498 9938
445 393 9939
461 498 9940
546 673 9941
127 94 9942
93 839 9943
871 780 9944
127 363 9945
461 498 9946
93 759 9947
737 290 9948
341 96 9949
149 759 9950
515 443 9951
737 388 9952
435 244 9953
93 290 9954
837 389 9955
49 290 9956
445 853 9957
435 759 9958
499 627 9959
93 290 9960
93 759 9961
93 759 9962
361 266 9963
155 572 9964
93 266 9965
361 790 9966
148 829 9967
155 93 9968
461 290 9969
63 96 9970
155 188 9971
517 443 9971
361 266 9972
270 371 9973
270 628 9974
93 266 9975
627 388 9976
93 290 9977
361 270 9978
627 538 9979
737 238 9980
580 852 9981
627 107 9982
361 759 9983
63 53 9984
361 546 9985
93 270 9986
461 290 9987
580 40 9988
361 123 9989
44 495 9989
637 829 9990
93 123 9991
361 123 9992
63 495 9993
361 290 9994
93 270 9995
361 863 9996
461 270 9997
580 282 9998
39 596 9999
93 270 10000
580 498 10001
93 270 10002
620 498 10003
39 371 10004
93 270 10005
361 270 10006
39 572 10007
93 270 10008
93 123 10009
93 863 10010
93 371 10011
93 759 10012
48 522 10013
93 107 10014
517 50 10015
203 498 10016
93 290 10017
93 270 10018
203 31 10019
361 123 10020
764 388 10021
639 675 10022
361 31 10023
93 270 10024
203 387 10025
639 444 10026
346 240 10027
93 123 10028
153 702 10029
93 270 10030
418 96 10031
56 393 10032
56 389 10033
418 493 10034
148 829 10035
93 270 10036
93 270 10037
871 240 10038
777 265 10039
346 544 10040
93 270 10041
346 240 10042
538 120 10043
93 270 10044
777 53 10045
279 240 10046
887 703 10046
871 240 10047
346 443 10048
601 839 10049
279 2 10050
318 839 10051
601 732 10052
671 261 10053
678 708 10053
346 183 10054
445 393 10055
149 662 10056
538 270 10057
538 662 10058
841 94 10059
841 431 10060
841 393 10061
601 839 10062
677 290 10063
351 443 10064
97 33 10065
239 60 10066
623 266 10067
601 372 10068
345 266 10069
345 61 10070
93 270 10071
363 244 10072
93 120 10073
93 839 10074
93 266 10075
93 290 10076
538 270 10077
93 270 10078
538 270 10079
841 357 10080
538 120 10081
93 270 10082
93 120 10083
677 270 10084
93 270 10085
288 705 10086
538 120 10087
93 120 10088
841 597 10089
361 270 10090
93 270 10091
841 40 10092
98 853 10093
98 703 10094
98 546 10095
841 521 10096
193 250 10097
841 120 10098
848 31 10099
512 97 10100
841 780 10101
49 96 10102
93 120 10103
841 152 10104
93 120 10105
622 31 10106
431 97 10107
361 61 10108
361 270 10109
73 241 10110
361 266 10111
53 55 10112
93 270 10113
73 236 10114
674 672 10115
424 388 10116
73 241 10117
392 86 10118
361 431 10119
361 642 10120
392 179 10121
361 642 10122
674 179 10123
93 270 10124
49 236 10125
39 371 10126
551 549 10127
418 251 10128
512 97 10129
279 290 10130
343 853 10131
93 270 10132
418 96 10133
93 270 10134
361 270 10135
93 270 10136
49 290 10137
361 270 10138
49 290 10139
93 290 10140
49 96 10141
93 290 10142
49 290 10143
514 674 10144
712 328 10145
546 81 10146
93 270 10147
560 852 10148
514 101 10149
560 61 10150
93 270 10151
712 283 10152
712 703 10153
93 266 10154
712 686 10155
445 152 10156
40 328 10157
445 94 10158
712 154 10159
560 295 10160
428 878 10161
428 878 10162
452 702 10163
834 389 10164
274 183 10165
538 40 10166
452 38 10167
50 154 10168
538 120 10169
834 491 10170
274 412 10171
345 61 10172
274 596 10173
538 412 10174
841 759 10175
318 839 10176
677 270 10177
351 637 10178
841 45 10179
345 156 10180
93 270 10181
274 270 10182
345 92 10183
445 637 10184
93 270 10185
345 498 10186
93 120 10187
345 60 10188
173 393 10189
93 92 10190
560 152 10191
93 839 10192
560 128 10193
93 759 10194
93 152 10195
560 791 10196
384 152 10197
92 49 10198
560 791 10199
93 290 10200
674 893 10201
552 572 10202
93 152 10203
437 852 10204
552 544 10205
779 88 10206
93 371 10207
273 388 10208
53 154 10209
209 86 10210
838 244 10211
93 412 10212
753 600 10213
483 627 10214
50 444 10215
93 154 10216
524 88 10217
846 388 10218
580 282 10219
524 832 10220
93 270 10221
331 701 10222
14 701 10223
173 585 10224
357 444 10225
669 60 10226
555 549 10227
555 833 10228
335 780 10229
712 394 10230
712 394 10231
712 154 10232
551 549 10233
731 627 10234
592 328 10235
712 154 10236
104 637 10237
612 88 10238
849 417 10239
712 328 10240
849 117 10241
49 558 10242
775 850 10243
619 240 10244
623 266 10245
623 674 10246
318 558 10247
747 220 10248
849 443 10249
522 388 10250
619 778 10251
601 839 10252
49 558 10253
49 558 10254
601 732 10255
770 701 10256
495 120 10257
637 672 10258
78 179 10259
770 557 10260
627 388 10261
677 270 10262
428 701 10263
627 107 10264
677 538 10265
78 97 10266
677 387 10267
539 637 10268
677 245 10269
424 388 10270
871 81 10271
519 387 10272
286 437 10273
39 437 10274
887 260 10275
887 49 10276
887 853 10277
39 572 10278
887 703 10279
392 86 10280
887 389 10281
592 328 10282
634 393 10283
887 81 10284
712 686 10285
83 33 10286
686 389 10287
308 236 10288
83 33 10289
49 236 10290
592 850 10291
592 220 10292
686 49 10293
592 437 10294
592 362 10295
592 241 10296
887 251 10297
592 182 10298
871 81 10299
592 45 10300
445 853 10301
92 49 10302
592 92 10303
871 45 10304
592 484 10305
887 65 10306
592 45 10307
273 388 10308
887 81 10309
273 154 10310
592 675 10311
519 491 10312
887 49 10313
592 673 10314
887 853 10314
887 389 10315
639 444 10316
445 780 10317
50 154 10318
592 585 10319
639 675 10320
552 572 10321
848 387 10322
592 675 10323
777 264 10324
738 731 10325
777 425 10326
198 443 10327
848 266 10328
44 495 10329
712 154 10330
510 130 10331
93 270 10332
187 183 10333
871 81 10334
345 266 10335
93 270 10336
187 38 10337
291 394 10338
187 538 10339
420 53 10340
345 546 10341
745 183 10342
345 388 10343
187 60 10344
187 387 10345
93 270 10346
887 81 10347
745 387 10348
745 387 10349
187 734 10350
861 63 10351
50 154 10352
93 270 10353
812 126 10354
39 572 10355
745 878 10356
90 702 10357
23 766 10358
93 120 10359
93 839 10360
90 240 10361
93 92 10362
93 266 10363
93 107 10364
93 703 10365
345 266 10366
887 703 10367
445 387 10368
345 387 10369
239 388 10370
239 388 10371
170 709 10372
345 388 10373
785 445 10374
706 159 10375
512 126 10376
706 538 10377
48 731 10378
639 675 10379
785 387 10380
478 546 10381
705 282 10382
705 445 10383
785 387 10384
378 686 10385
395 790 10386
478 159 10387
20 86 10388
318 839 10389
624 236 10390
50 444 10391
239 266 10392
318 495 10393
43 53 10394
435 266 10395
552 572 10396
848 266 10397
98 546 10398
874 781 10399
98 94 10400
19 221 10401
866 96 10402
62 183 10403
827 260 10404
464 572 10405
124 839 10406
827 395 10407
93 270 10408
813 556 10409
813 556 10410
392 86 10411
443 431 10412
392 86 10413
64 282 10414
887 94 10415
887 260 10416
361 270 10417
887 855 10418
827 852 10419
64 391 10420
580 282 10421
827 260 10422
359 850 10423
359 126 10424
472 222 10425
346 269 10426
472 782 10427
346 40 10428
384 222 10429
472 507 10430
173 40 10431
688 388 10432
472 636 10433
619 49 10434
346 546 10435
392 766 10436
392 389 10437
392 556 10438
688 703 10439
392 703 10440
93 270 10441
472 222 10442
274 60 10443
50 360 10444
48 105 10445
826 387 10446
497 878 10447
83 53 10448
48 105 10449
48 878 10450
104 49 10451
343 389 10452
861 99 10453
343 94 10454
363 86 10455
688 86 10456
93 395 10457
343 81 10458
706 159 10459
83 159 10460
359 105 10461
706 105 10462
861 387 10463
194 105 10464
49 96 10465
861 52 10466
194 705 10467
62 388 10468
861 65 10469
424 780 10470
706 105 10471
49 236 10472
250 443 10473
239 60 10474
343 853 10475
861 94 10476
813 270 10477
106 423 10478
250 431 10479
445 780 10480
848 422 10481
848 390 10482
848 390 10483
546 81 10484
709 425 10485
785 598 10486
709 642 10487
546 673 10488
841 484 10489
812 387 10490
424 780 10491
359 387 10492
861 546 10493
424 890 10494
383 222 10495
102 869 10496
102 869 10497
552 133 10498
777 546 10499
383 2 10500
98 49 10501
241 6 10502
443 431 10503
98 546 10504
39 133 10505
546 245 10506
522 105 10507
39 572 10508
592 388 10509
522 388 10510
592 673 10511
822 389 10512
592 92 10513
592 372 10514
241 739 10515
592 105 10516
592 373 10517
578 831 10518
592 38 10519
592 349 10520
592 329 10521
471 81 10522
592 156 10523
359 105 10524
578 780 10525
592 361 10526
592 356 10527
578 780 10528
592 230 10529
445 245 10530
18 897 10531
592 126 10532
445 389 10533
592 415 10534
592 431 10535
592 835 10536
53 154 10537
592 517 10538
636 734 10539
592 60 10540
717 897 10541
230 896 10542
50 154 10543
56 389 10544
592 524 10545
634 415 10546
592 638 10547
898 236 10548
185 126 10549
592 790 10550
56 393 10551
592 4 10552
764 876 10553
62 759 10554
592 260 10555
592 502 10556
720 31 10557
720 31 10558
592 735 10559
592 133 10560
720 443 10561
720 50 10562
669 559 10563
308 236 10564
720 236 10565
308 290 10566
877 394 10567
56 493 10568
688 394 10569
359 443 10570
484 6 10571
98 546 10572
134 81 10573
249 393 10574
606 452 10574
606 185 10575
393 290 10576
320 92 10577
239 290 10578
552 290 10579
460 393 10580
712 154 10581
70 444 10582
97 33 10583
20 86 10584
592 394 10585
20 572 10586
418 251 10587
316 88 10588
49 236 10589
313 294 10590
834 484 10591
464 572 10592
39 373 10593
50 444 10594
774 220 10595
464 287 10596
50 154 10597
834 389 10598
464 265 10599
39 133 10600
752 788 10601
552 133 10602
20 572 10603
721 247 10604
767 788 10605
31 495 10606
767 788 10607
39 133 10608
39 894 10609
767 788 10610
552 894 10611
64 52 10612
346 53 10613
64 52 10614
64 88 10615
825 260 10616
825 260 10617
786 775 10618
418 290 10619
721 734 10620
93 782 10621
889 290 10622
93 92 10623
20 290 10624
93 4 10625
326 446 10626
220 154 10627
93 290 10628
767 394 10629
211 245 10630
774 424 10631
211 245 10632
277 372 10633
245 743 10634
239 290 10635
70 154 10636
239 290 10637
619 49 10638
220 154 10639
848 896 10639
49 495 10640
39 894 10641
50 154 10641
39 831 10642
49 290 10643
774 56 10644
211 290 10645
230 896 10646
211 290 10647
619 780 10648
552 290 10649
848 896 10650
49 290 10651
49 290 10652
230 896 10653
743 99 10654
743 249 10655
743 349 10656
538 264 10657
538 559 10658
538 40 10659
848 896 10660
538 266 10661
848 266 10662
538 546 10663
538 266 10664
619 895 10665
434 290 10666
230 896 10667
220 154 10668
848 896 10669
230 896 10670
230 896 10671
159 94 10672
349 761 10673
870 423 10674
230 633 10675
645 51 10676
230 701 10677
50 154 10678
777 546 10679
777 265 10680
50 376 10681
777 60 10682
499 627 10683
499 220 10684
499 241 10685
41 324 10686
499 179 10687
41 324 10688
239 290 10689
41 735 10690
239 5 10691
777 264 10692
826 431 10693
41 736 10694
338 547 10695
338 387 10696
153 702 10697
274 775 10698
83 53 10699
83 739 10700
83 33 10701
499 832 10702
507 425 10703
499 60 10704
338 126 10705
338 97 10706
871 417 10707
288 831 10708
712 424 10709
712 154 10710
813 376 10711
351 389 10712
712 154 10713
712 389 10714
871 389 10715
239 627 10716
90 702 10717
777 425 10718
61 324 10719
775 850 10720
362 501 10721
775 876 10722
478 159 10723
98 5 10724
773 260 10725
362 244 10726
362 244 10727
499 627 10728
478 546 10729
98 389 10730
620 899 10731
98 49 10732
777 546 10733
620 889 10734
426 734 10735
620 888 10736
243 290 10737
391 290 10738
424 388 10739
478 734 10740
514 152 10741
592 627 10742
592 220 10743
593 388 10744
269 240 10745
592 894 10746
644 388 10747
592 736 10748
269 391 10749
592 60 10750
445 389 10751
743 179 10752
269 90 10753
538 264 10754
185 734 10755
538 546 10756
39 831 10757
592 324 10758
445 853 10759
8 90 10760
274 596 10761
592 53 10762
644 556 10763
445 831 10764
274 324 10765
274 546 10766
615 743 10767
592 4 10768
173 290 10769
592 324 10770
777 53 10771
592 241 10772
274 324 10773
777 546 10774
499 241 10775
434 227 10776
295 154 10777
601 732 10778
434 227 10779
49 876 10780
274 546 10781
93 290 10782
473 359 10783
41 324 10784
274 598 10785
269 90 10786
363 244 10787
93 4 10788
434 850 10789
173 227 10790
93 759 10791
592 324 10792
434 850 10793
93 183 10794
841 734 10795
340 735 10796
274 324 10797
211 290 10798
93 703 10799
592 735 10800
173 290 10801
582 94 10802
274 183 10803
93 290 10804
592 4 10805
340 294 10806
373 105 10807
373 734 10808
93 290 10809
737 290 10810
8 90 10811
93 270 10812
712 154 10813
582 853 10814
93 636 10815
340 735 10816
393 290 10817
393 734 10818
93 290 10819
601 735 10820
247 417 10821
256 734 10822
93 4 10823
35 60 10824
579 743 10825
582 251 10826
19 734 10827
582 45 10828
335 780 10829
61 735 10830
582 81 10831
579 53 10832
362 759 10833
595 831 10834
7 547 10835
362 867 10836
753 596 10837
362 435 10838
274 596 10839
499 60 10840
274 435 10841
362 394 10842
362 435 10843
579 739 10844
274 435 10845
7 296 10846
49 636 10847
49 183 10848
499 868 10849
70 154 10850
51 831 10851
499 491 10852
70 154 10853
712 154 10854
777 735 10855
712 154 10856
8 558 10857
712 154 10858
833 445 10859
61 627 10860
49 558 10861
51 387 10862
582 503 10863
499 627 10864
274 183 10865
49 183 10866
281 868 10867
709 636 10868
579 33 10869
275 644 10870
49 636 10871
833 222 10872
49 644 10873
833 644 10874
98 389 10875
281 735 10876
595 831 10877
61 636 10878
98 546 10879
275 293 10880
7 644 10881
281 766 10882
269 90 10883
499 868 10884
833 81 10885
719 249 10886
276 868 10887
833 644 10888
276 781 10889
51 831 10889
51 7 10890
777 735 10891
499 868 10892
586 241 10893
274 546 10894
833 735 10895
274 874 10896
833 735 10897
276 868 10898
64 887 10899
499 241 10900
775 897 10901
499 887 10902
363 887 10903
833 60 10904
499 887 10905
7 868 10906
499 60 10907
64 887 10908
499 868 10909
499 887 10910
346 53 10911
579 598 10912
7 448 10913
276 236 10914
775 850 10915
61 644 10916
346 179 10917
61 546 10918
775 876 10919
7 36 10920
499 179 10921
7 868 10922
833 850 10922
276 868 10923
346 644 10924
624 53 10925
276 868 10926
499 868 10927
346 53 10928
7 644 10929
508 516 10930
61 627 10931
619 94 10932
499 627 10933
579 419 10934
7 868 10935
346 644 10936
274 627 10937
619 389 10938
7 885 10938
499 868 10939
586 241 10940
499 627 10941
61 627 10942
7 627 10943
775 491 10944
357 40 10945
833 644 10946
276 868 10947
445 780 10948
346 419 10949
194 105 10950
276 105 10951
274 627 10952
499 627 10953
7 627 10954
637 829 10955
194 547 10956
499 885 10957
104 49 10958
269 419 10959
346 419 10960
870 734 10961
871 417 10962
499 868 10963
276 497 10964
346 895 10965
7 547 10966
871 36 10967
7 885 10968
499 627 10969
276 868 10970
499 868 10971
499 627 10972
871 780 10973
592 627 10974
445 831 10975
499 627 10976
445 780 10977
576 448 10978
424 874 10979
592 850 10980
870 434 10981
18 121 10982
592 627 10983
499 627 10984
601 735 10985
592 4 10986
499 885 10987
813 356 10988
371 850 10989
61 735 10990
576 735 10991
346 4 10992
592 735 10993
592 356 10994
813 556 10995
61 735 10996
61 4 10997
592 133 10998
7 885 10999
194 547 11000
592 4 11001
18 843 11002
592 183 11003
580 644 11004
346 4 11005
592 258 11006
592 4 11007
346 644 11008
346 4 11009
346 258 11010
592 880 11011
592 553 11012
445 133 11013
592 133 11014
678 395 11015
227 35 11016
173 671 11017
576 150 11018
678 197 11019
18 897 11020
374 878 11021
592 258 11022
592 4 11023
424 35 11024
346 150 11025
346 4 11026
592 632 11027
346 258 11028
227 35 11029
592 4 11030
592 258 11031
592 4 11032
592 675 11033
576 150 11034
348 152 11035
447 600 11036
424 35 11037
346 258 11038
346 150 11039
619 495 11040
592 258 11041
60 600 11042
346 258 11043
188 671 11044
209 597 11045
220 154 11046
93 395 11047
93 435 11048
592 258 11049
7 644 11050
93 152 11051
346 644 11052
93 759 11053
148 887 11054
93 197 11055
173 671 11056
346 258 11057
93 133 11058
93 894 11059
848 394 11060
93 4 11061
592 258 11062
253 882 11063
346 258 11064
173 862 11065
173 862 11066
7 295 11067
592 258 11068
50 154 11069
601 881 11070
288 831 11071
346 258 11072
373 734 11073
83 636 11074
313 598 11075
313 701 11076
313 294 11077
580 546 11078
313 245 11079
692 548 11080
313 596 11081
313 596 11082
313 269 11083
345 388 11084
369 369 11085
369 369 11086
313 53 11087
313 105 11088
515 360 11089
361 395 11090
209 81 11091
361 759 11092
209 638 11093
209 129 11094
361 423 11095
361 388 11096
361 270 11097
424 388 11098
361 270 11099
361 270 11100
361 270 11101
361 270 11102
361 270 11103
361 270 11104
361 270 11105
361 270 11106
361 270 11107
361 270 11108
361 270 11109
392 869 11110
361 270 11111
392 869 11111
361 270 11112
361 388 11113
747 105 11114
883 635 11115
48 105 11116
883 159 11116
883 585 11117
370 88 11118
353 443 11119
435 222 11120
435 361 11121
435 295 11122
435 244 11123
435 266 11124
435 35 11125
497 878 11126
435 759 11127
435 867 11128
435 852 11129
353 786 11130
174 152 11131
424 35 11132
353 777 11133
353 252 11134
353 523 11135
827 852 11136
827 395 11137
662 257 11138
662 444 11139
662 725 11140
573 493 11141
14 701 11142
43 419 11143
49 876 11144
49 876 11145
418 240 11146
193 393 11147
731 736 11148
851 445 11149
753 868 11150
737 759 11151
737 759 11152
209 786 11153
743 179 11154
418 495 11155
361 395 11156
743 249 11157
361 678 11158
538 296 11159
538 759 11160
538 759 11161
538 743 11162
538 40 11163
538 270 11164
478 546 11165
383 701 11166
3 662 11167
190 389 11168
3 662 11169
3 545 11170
3 558 11171
538 545 11172
434 887 11173
705 40 11174
434 850 11175
538 40 11176
538 40 11177
53 154 11178
357 444 11179
538 662 11180
434 852 11181
434 227 11182
357 538 11183
49 644 11184
53 558 11185
721 247 11186
49 558 11187
49 247 11188
418 376 11189
56 393 11190
56 389 11191
418 251 11192
253 556 11193
341 179 11194
62 510 11195
597 297 11196
499 887 11197
499 885 11198
574 428 11199
721 247 11200
499 179 11201
434 387 11202
190 389 11203
639 444 11204
276 495 11205
639 675 11206
276 868 11207
870 60 11208
237 887 11209
237 252 11210
39 369 11211
220 154 11212
39 632 11213
435 759 11214
70 154 11215
70 154 11216
637 521 11217
56 389 11218
386 559 11219
386 103 11220
620 222 11221
220 154 11222
620 376 11223
424 675 11224
30 126 11225
93 270 11226
637 549 11227
93 270 11228
435 227 11229
184 850 11230
184 852 11231
645 895 11232
53 154 11233
220 154 11234
645 523 11235
93 395 11236
93 152 11237
93 266 11238
221 549 11239
435 852 11240
93 290 11241
499 60 11242
291 868 11243
93 376 11244
499 868 11245
93 394 11246
93 60 11247
291 868 11248
93 759 11249
499 60 11250
93 60 11251
499 868 11252
418 495 11253
418 222 11254
93 759 11255
499 60 11256
418 376 11257
124 389 11258
93 233 11259
499 512 11260
93 376 11261
93 376 11262
435 222 11263
93 222 11264
93 60 11265
435 266 11266
371 443 11267
93 627 11268
499 60 11269
435 759 11270
93 266 11271
93 60 11272
93 759 11273
118 850 11274
295 154 11275
93 183 11276
118 491 11277
93 678 11278
871 296 11279
93 636 11280
93 585 11281
209 597 11282
715 293 11283
715 547 11284
715 61 11285
518 540 11286
837 389 11287
639 675 11288
871 178 11289
686 49 11290
518 431 11291
100 735 11292
686 389 11293
295 686 11294
743 179 11295
50 154 11296
686 388 11297
295 676 11298
100 708 11299
743 362 11300
100 869 11301
50 154 11302
295 154 11303
50 444 11304
50 154 11305
686 154 11306
1 741 11307
185 126 11308
592 362 11309
592 632 11310
619 49 11311
592 126 11312
220 632 11313
291 868 11314
580 644 11315
269 240 11316
149 662 11317
580 644 11318
592 178 11319
592 632 11320
56 389 11321
149 376 11322
378 686 11323
686 49 11324
378 389 11325
100 40 11326
279 428 11327
295 154 11328
848 266 11329
848 266 11330
848 266 11331
686 389 11332
295 686 11333
149 392 11334
848 387 11335
70 154 11336
686 154 11337
260 740 11338
295 234 11339
686 392 11340
220 154 11341
98 49 11342
50 376 11343
98 644 11344
295 154 11345
619 49 11346
100 868 11347
295 376 11348
100 290 11349
98 49 11350
98 49 11351
70 154 11352
212 88 11353
745 387 11354
50 154 11355
689 244 11356
552 894 11357
445 389 11358
472 222 11359
753 868 11360
472 782 11361
47 636 11362
472 708 11363
361 290 11364
712 395 11365
47 776 11366
361 782 11367
735 887 11368
472 869 11369
472 869 11370
712 686 11371
233 452 11372
49 636 11373
70 389 11374
712 686 11375
608 235 11376
472 676 11377
70 558 11378
472 636 11379
70 558 11379
47 636 11380
49 636 11381
49 676 11382
712 686 11382
8 90 11383
472 676 11384
4 443 11385
83 776 11386
472 701 11387
418 290 11388
445 389 11389
49 676 11390
49 676 11391
341 179 11392
49 290 11393
83 355 11394
8 558 11395
8 558 11396
712 154 11397
871 644 11398
83 232 11399
345 61 11400
785 445 11401
328 52 11402
55 89 11403
752 89 11404
93 894 11405
752 788 11406
817 851 11407
93 290 11408
752 154 11409
205 443 11410
93 222 11411
205 417 11412
205 417 11413
50 154 11414
752 154 11415
752 154 11416
719 249 11417
392 86 11418
639 444 11419
392 869 11420
190 389 11421
392 869 11422
558 388 11423
205 229 11424
50 154 11425
100 869 11426
871 417 11427
817 491 11428
100 290 11429
848 394 11430
50 444 11431
848 422 11432
848 422 11433
424 675 11434
269 90 11435
871 229 11436
357 491 11437
39 632 11438
825 126 11439
886 447 11440
445 389 11441
269 419 11442
70 389 11443
538 296 11444
712 154 11445
392 556 11446
886 526 11447
538 559 11448
538 559 11449
538 40 11450
93 290 11451
346 40 11452
50 154 11453
712 154 11454
93 782 11455
43 350 11456
90 442 11457
374 878 11458
231 452 11459
90 868 11460
190 389 11461
346 644 11462
315 644 11463
190 389 11464
346 644 11465
606 788 11466
315 644 11467
166 389 11468
315 154 11469
871 296 11470
313 421 11471
745 878 11472
345 40 11473
667 548 11474
173 227 11475
186 484 11476
345 152 11477
825 260 11478
445 389 11479
753 421 11480
445 152 11481
53 558 11482
186 757 11483
186 222 11484
428 387 11485
190 389 11486
186 876 11487
825 899 11488
98 389 11489
635 585 11490
834 725 11491
834 389 11492
277 447 11493
578 831 11494
295 686 11495
777 868 11496
295 676 11497
578 780 11498
319 363 11499
578 780 11500
645 780 11501
601 868 11502
445 389 11503
445 780 11504
578 231 11505
578 231 11506
871 780 11507
578 590 11508
871 152 11509
499 627 11510
518 387 11511
578 517 11512
499 887 11513
499 60 11514
445 780 11515
499 868 11516
295 424 11517
218 896 11518
499 437 11519
548 283 11520
90 437 11521
93 152 11522
351 389 11523
499 437 11524
49 676 11525
395 887 11526
395 887 11527
90 319 11528
102 869 11529
90 737 11530
392 290 11531
392 869 11532
245 417 11533
353 523 11534
102 869 11535
418 290 11536
49 290 11537
392 86 11538
392 869 11539
392 290 11540
102 869 11541
392 290 11542
392 869 11543
102 869 11544
826 431 11545
392 869 11546
102 869 11547
245 777 11548
826 538 11549
424 737 11550
156 394 11551
90 737 11552
738 512 11553
102 869 11554
424 737 11555
336 734 11556
313 421 11557
336 357 11558
8 558 11559
49 558 11560
351 637 11561
336 729 11562
274 376 11563
375 362 11564
90 737 11565
336 35 11566
14 242 11567
63 268 11568
345 290 11569
49 290 11570
833 644 11571
14 390 11572
833 644 11573
14 53 11574
14 53 11575
833 222 11576
49 644 11577
833 850 11578
14 484 11579
833 851 11580
14 222 11581
14 850 11582
833 391 11583
14 388 11584
104 637 11585
833 240 11586
375 880 11587
472 222 11588
49 240 11589
871 417 11590
472 782 11591
61 636 11592
378 686 11593
824 850 11594
871 780 11595
833 395 11596
445 780 11597
833 60 11598
63 240 11599
833 517 11600
833 183 11601
93 395 11602
239 417 11603
833 388 11604
93 290 11605
833 222 11606
93 222 11607
63 644 11608
93 782 11609
833 850 11610
712 686 11611
93 394 11612
63 880 11613
712 686 11614
712 585 11615
833 240 11616
712 424 11617
786 775 11618
786 244 11619
363 734 11620
871 417 11621
363 86 11622
351 637 11623
245 417 11624
351 734 11625
288 705 11626
848 896 11627
848 896 11628
435 266 11629
276 868 11630
276 49 11631
19 729 11632
706 105 11633
825 183 11634
435 290 11635
825 530 11636
825 627 11637
706 105 11638
132 388 11639
706 159 11640
42 484 11641
61 627 11642
519 538 11643
412 232 11644
250 431 11645
250 495 11646
126 635 11647
478 546 11648
126 159 11649
478 159 11650
592 894 11651
592 484 11652
744 155 11653
48 762 11654
624 186 11655
624 186 11656
20 86 11657
499 627 11658
194 705 11659
274 60 11660
274 627 11661
825 832 11662
499 182 11663
464 757 11664
464 392 11665
50 757 11666
775 876 11667
77 129 11668
522 777 11669
78 179 11670
539 376 11671
39 894 11672
539 743 11673
39 242 11674
395 50 11675
395 442 11676
395 434 11677
239 417 11678
121 421 11679
395 790 11680
538 296 11681
395 443 11682
604 867 11683
538 40 11684
637 107 11685
460 442 11686
637 58 11687
395 869 11688
637 266 11689
891 106 11690
434 708 11691
637 362 11692
434 850 11693
434 227 11694
576 868 11695
822 672 11696
494 60 11697
637 672 11698
281 868 11699
637 248 11700
245 417 11701
637 249 11702
475 628 11703
764 876 11704
870 434 11705
475 128 11706
495 60 11707
871 417 11708
288 705 11709
475 774 11710
495 50 11711
576 853 11712
495 447 11713
7 644 11714
495 627 11715
7 295 11716
47 128 11717
7 627 11718
247 417 11719
279 851 11720
495 389 11721
601 129 11722
601 868 11723
132 178 11724
281 868 11725
578 780 11726
604 179 11727
507 425 11728
735 887 11729
604 53 11730
507 762 11731
604 734 11732
604 858 11733
495 759 11734
635 851 11735
253 128 11736
39 248 11737
250 734 11738
343 853 11739
237 887 11740
343 45 11741
844 40 11742
637 503 11743
637 704 11744
637 775 11745
375 45 11746
308 290 11747
637 38 11748
49 704 11749
637 437 11750
253 884 11751
253 732 11752
253 544 11753
759 759 11754
351 734 11755
93 894 11756
887 526 11757
887 49 11758
887 319 11759
887 703 11760
887 251 11761
887 260 11762
887 81 11763
418 495 11764
688 703 11765
93 290 11766
418 376 11767
418 290 11768
49 290 11769
383 636 11770
227 290 11771
47 128 11772
870 789 11773
49 290 11774
153 448 11775
51 387 11776
618 448 11777
827 395 11778
688 290 11779
688 843 11780
827 852 11781
418 229 11782
49 290 11783
827 290 11784
593 443 11785
827 260 11786
418 290 11787
342 597 11788
286 387 11789
286 240 11790
764 106 11791
193 55 11792
618 572 11793
688 290 11794
539 662 11795
592 777 11796
592 45 11797
592 590 11798
286 96 11799
721 590 11800
297 50 11801
592 38 11802
34 287 11803
619 49 11804
592 437 11805
607 287 11806
574 428 11807
295 686 11808
295 376 11809
637 732 11810
592 851 11811
49 290 11812
295 424 11813
39 35 11814
580 268 11815
580 740 11816
154 517 11817
619 762 11818
827 290 11819
622 387 11820
622 506 11821
494 388 11822
269 701 11823
3 662 11824
3 662 11825
3 662 11826
49 290 11827
3 662 11828
49 96 11829
14 701 11830
14 701 11831
3 558 11832
3 640 11833
3 759 11834
3 759 11835
3 90 11836
49 558 11837
274 60 11838
93 395 11839
3 701 11840
517 236 11841
274 704 11842
420 428 11842
882 388 11843
274 775 11844
882 870 11845
93 627 11846
3 545 11847
3 545 11848
420 53 11849
274 627 11850
93 627 11851
3 197 11852
93 627 11853
827 376 11854
274 627 11855
813 295 11856
813 376 11857
871 229 11858
93 290 11859
827 376 11860
14 701 11861
813 543 11862
813 222 11863
580 543 11864
63 495 11865
245 156 11866
93 627 11867
274 627 11868
813 52 11869
444 874 11870
444 186 11871
93 627 11872
719 672 11873
735 851 11874
93 759 11875
3 701 11876
719 249 11877
735 887 11878
447 741 11879
274 701 11880
49 704 11881
49 236 11882
274 4 11883
864 523 11884
601 732 11885
43 153 11886
60 597 11887
60 741 11888
274 267 11889
60 572 11890
360 387 11891
618 572 11892
278 597 11893
360 738 11894
14 701 11895
60 572 11896
269 701 11897
773 222 11898
773 484 11899
773 387 11900
420 355 11901
48 762 11902
637 704 11903
245 270 11904
64 52 11905
360 874 11906
64 391 11907
360 876 11908
418 229 11908
360 106 11909
418 376 11910
348 388 11911
418 484 11912
418 36 11913
580 391 11914
348 391 11915
871 484 11916
348 52 11917
351 387 11918
844 673 11919
844 502 11920
871 36 11921
844 866 11922
871 229 11923
135 701 11924
637 437 11925
861 99 11926
392 179 11927
392 703 11928
135 491 11929
253 239 11930
253 496 11931
8 290 11932
253 50 11933
135 484 11934
775 876 11935
135 572 11936
392 86 11937
64 391 11938
135 510 11939
392 869 11940
253 240 11941
135 437 11942
871 240 11943
253 260 11944
777 425 11945
637 437 11946
637 851 11947
637 637 11948
268 729 11949
412 572 11950
637 349 11951
637 556 11952
618 572 11953
392 556 11954
392 556 11955
582 240 11956
392 556 11957
378 686 11958
215 96 11959
215 96 11960
215 96 11961
135 437 11962
135 572 11963
135 155 11964
135 329 11965
870 544 11966
522 105 11967
192 545 11968
552 894 11969
192 93 11970
582 510 11971
192 157 11972
90 388 11973
20 86 11974
346 179 11975
194 705 11976
392 157 11977
392 86 11978
250 701 11979
250 96 11980
487 387 11981
445 705 11982
577 155 11983
83 738 11984
83 355 11985
294 887 11986
841 431 11987
494 757 11988
494 60 11989
269 701 11990
494 740 11991
841 437 11992
635 851 11993
288 7 11994
173 388 11995
173 290 11996
615 874 11997
62 759 11998
62 183 11999
678 708 12000
62 759 12001
62 4 12002
395 734 12003
395 388 12004
187 183 12005
864 593 12006
187 538 12007
187 878 12008
870 734 12009
870 878 12010
43 36 12011
362 538 12012
362 244 12013
362 448 12014
362 394 12015
362 197 12016
362 387 12017
362 90 12018
98 49 12019
362 759 12020
362 867 12021
362 435 12022
362 380 12023
98 644 12024
362 5 12025
187 387 12026
98 392 12027
187 734 12028
362 387 12029
362 387 12030
362 387 12031
98 546 12032
362 887 12033
77 129 12034
49 240 12035
817 876 12036
41 736 12037
737 759 12038
552 290 12039
827 290 12040
517 239 12041
361 61 12042
361 782 12043
361 597 12044
90 388 12045
822 290 12046
813 556 12047
588 392 12048
588 319 12049
495 392 12050
285 296 12051
861 644 12052
861 644 12053
861 387 12054
297 443 12055
361 270 12056
872 99 12057
861 636 12058
297 242 12059
872 91 12060
861 759 12061
318 839 12062
392 556 12063
30 126 12064
295 686 12065
19 734 12066
62 734 12067
19 734 12068
392 703 12069
499 627 12070
360 874 12071
861 62 12072
360 242 12073
360 876 12074
360 738 12075
156 887 12076
156 105 12077
831 39 12078
281 874 12079
592 126 12080
592 517 12081
378 686 12082
592 437 12083
777 425 12084
593 673 12085
592 183 12086
592 182 12087
592 590 12088
592 736 12089
592 4 12090
281 740 12091
705 40 12092
705 445 12093
705 434 12094
705 106 12095
705 52 12096
360 106 12097
173 437 12098
47 729 12099
360 572 12100
499 437 12101
499 182 12102
871 644 12103
499 60 12104
49 106 12105
49 644 12106
49 437 12107
239 736 12108
731 291 12109
360 106 12110
731 308 12111
499 437 12112
731 850 12113
49 106 12114
731 390 12115
731 390 12116
49 106 12117
731 226 12118
52 419 12119
871 644 12120
70 839 12121
478 546 12122
52 52 12123
52 742 12124
164 99 12125
52 100 12126
731 152 12127
52 443 12128
288 705 12129
636 757 12130
552 757 12131
164 224 12132
615 874 12133
164 874 12134
243 81 12135
164 155 12136
494 60 12137
164 738 12138
281 874 12139
243 152 12140
615 874 12141
164 874 12142
281 874 12143
615 874 12144
164 508 12145
281 874 12146
243 887 12147
220 154 12148
164 156 12149
164 81 12150
164 637 12151
552 155 12152
552 290 12153
375 45 12154
841 127 12155
164 450 12156
522 308 12157
164 94 12158
164 554 12159
164 544 12160
164 320 12161
132 297 12162
49 876 12163
827 290 12164
62 4 12165
827 260 12166
341 544 12167
164 98 12168
164 734 12169
552 257 12170
539 876 12171
827 257 12172
171 240 12173
552 257 12174
827 257 12175
49 876 12176
487 508 12177
741 98 12178
345 266 12179
345 387 12180
345 572 12181
345 572 12182
445 637 12182
789 618 12183
552 560 12184
639 675 12184
47 495 12185
639 222 12186
381 40 12187
106 50 12188
381 437 12189
639 444 12190
494 60 12191
318 839 12192
392 290 12193
624 186 12194
624 496 12195
744 153 12196
744 153 12197
395 50 12198
395 290 12199
838 244 12200
639 152 12201
392 290 12202
186 152 12203
53 154 12204
203 387 12205
106 50 12206
345 290 12207
345 387 12208
250 183 12209
375 437 12210
578 830 12211
49 437 12212
49 437 12213
351 62 12214
360 572 12215
237 308 12216
552 496 12217
375 437 12218
552 152 12219
499 437 12220
39 830 12221
735 851 12222
813 186 12223
134 593 12224
3 197 12225
813 222 12226
3 701 12227
106 593 12228
3 90 12229
205 229 12230
3 156 12231
205 417 12232
3 244 12233
592 99 12234
3 775 12235
686 49 12236
205 615 12237
686 544 12238
274 775 12239
592 182 12240
3 775 12241
3 662 12242
445 853 12243
360 106 12244
721 590 12245
49 106 12246
363 887 12247
363 244 12248
243 887 12249
645 853 12250
360 106 12251
744 153 12252
243 887 12253
181 242 12254
826 437 12255
826 124 12256
72 437 12257
826 701 12258
835 153 12259
50 444 12260
274 60 12261
274 387 12262
50 154 12263
744 153 12264
677 538 12265
346 544 12266
362 887 12267
362 538 12268
362 244 12269
362 387 12270
592 437 12271
592 60 12272
592 258 12273
592 880 12274
497 878 12275
497 705 12276
62 437 12277
49 106 12278
49 437 12279
345 156 12280
93 270 12281
98 49 12282
98 49 12283
345 572 12284
345 152 12285
192 157 12286
93 290 12287
93 894 12288
93 152 12289
98 644 12290
93 627 12291
98 703 12292
52 183 12293
518 431 12294
518 673 12295
52 81 12296
518 673 12297
52 514 12298
835 153 12299
98 240 12300
835 154 12301
392 157 12302
392 703 12303
50 154 12304
753 228 12305
360 572 12306
49 644 12307
835 154 12308
499 627 12309
494 60 12310
733 31 12311
428 387 12312
428 538 12313
215 154 12314
546 380 12315
494 60 12316
619 49 12317
817 228 12318
592 508 12319
184 244 12320
98 49 12321
345 387 12322
345 572 12323
592 613 12324
817 876 12325
395 50 12326
870 878 12327
51 387 12328
362 244 12329
362 387 12330
362 380 12331
744 153 12332
870 544 12333
71 105 12334
346 240 12335
538 545 12336
71 387 12337
538 640 12338
346 183 12339
346 521 12340
345 387 12341
499 60 12342
346 376 12343
269 240 12344
499 241 12345
362 387 12346
464 506 12347
345 387 12348
420 355 12349
192 157 12350
49 387 12351
49 240 12352
825 673 12353
375 880 12354
815 100 12355
825 254 12356
825 97 12357
274 376 12358
624 519 12359
775 876 12360
288 705 12361
775 832 12362
815 758 12363
274 376 12364
51 517 12365
420 868 12366
601 839 12367
33 634 12368
194 705 12369
637 133 12370
106 50 12371
313 732 12372
25 40 12373
871 229 12374
164 156 12375
313 740 12376
420 154 12377
164 81 12378
164 637 12379
269 876 12380
420 740 12381
34 287 12382
164 99 12383
164 544 12384
164 853 12385
164 155 12386
313 421 12387
57 292 12388
579 419 12389
580 634 12390
345 701 12391
343 853 12392
269 96 12393
753 228 12394
346 544 12395
345 392 12396
592 99 12397
592 880 12398
753 421 12399
98 392 12400
34 674 12401
34 446 12402
34 740 12403
345 376 12404
871 392 12405
345 781 12406
345 392 12407
592 241 12408
592 156 12409
98 392 12410
515 387 12411
345 392 12412
515 757 12413
362 758 12414
636 757 12415
98 392 12416
345 392 12417
288 705 12418
39 437 12419
758 240 12420
269 419 12421
221 428 12422
64 496 12423
49 240 12424
64 81 12425
49 437 12426
579 355 12427
83 428 12428
83 355 12429
194 705 12430
64 850 12431
64 40 12432
221 544 12433
362 867 12434
579 355 12435
64 373 12436
221 428 12437
14 887 12438
64 355 12439
83 355 12440
64 887 12441
552 544 12442
552 544 12443
83 355 12444
362 887 12445
579 355 12446
539 637 12447
579 355 12448
64 887 12449
362 887 12450
539 662 12451
196 705 12452
420 355 12453
83 355 12454
83 355 12455
580 5 12456
64 355 12457
64 887 12458
83 355 12459
64 355 12460
552 92 12461
83 355 12462
83 355 12463
64 887 12464
420 355 12465
64 355 12466
83 355 12467
83 355 12468
64 868 12469
71 705 12470
83 53 12471
64 355 12472
445 133 12473
71 387 12474
445 705 12475
64 94 12476
619 853 12477
281 740 12478
445 853 12479
64 391 12480
281 105 12481
186 876 12482
83 355 12483
269 876 12484
192 152 12485
281 423 12486
668 417 12487
64 673 12488
668 49 12489
192 395 12490
418 36 12491
64 152 12492
64 736 12493
420 355 12494
64 737 12495
418 229 12496
418 240 12497
75 391 12498
186 759 12499
871 229 12500
281 86 12501
50 154 12502
601 732 12503
281 628 12504
281 497 12505
418 229 12506
601 868 12507
281 159 12508
601 372 12509
574 428 12510
83 732 12511
871 229 12512
871 240 12513
827 290 12514
827 395 12515
512 97 12516
418 290 12517
418 240 12518
221 428 12519
814 360 12520
601 732 12521
814 443 12522
592 673 12523
592 53 12524
418 240 12525
202 183 12526
576 443 12527
370 88 12528
392 86 12529
392 157 12530
173 50 12531
633 96 12532
633 544 12533
171 240 12534
737 40 12535
737 283 12536
360 572 12537
279 851 12538
279 240 12539
279 428 12540
279 35 12541
49 96 12542
49 240 12543
49 876 12544
588 446 12545
411 856 12546
716 851 12547
41 736 12548
411 101 12549
418 240 12550
411 107 12551
411 832 12552
870 868 12553
56 389 12554
870 133 12555
276 781 12556
276 105 12557
63 96 12558
276 572 12559
276 495 12560
276 868 12561
39 133 12562
39 133 12563
276 49 12564
276 49 12565
237 887 12566
592 133 12567
592 736 12568
592 105 12569
276 105 12570
345 572 12571
592 611 12572
592 105 12573
592 239 12574
592 222 12575
592 873 12576
592 54 12577
592 286 12578
1 741 12579
592 881 12580
592 612 12581
592 373 12582
592 854 12583
156 105 12584
93 290 12584
156 105 12585
93 627 12586
60 741 12587
156 235 12588
871 240 12589
443 386 12590
53 558 12591
633 96 12592
392 290 12593
593 597 12594
362 5 12595
362 387 12596
362 759 12597
149 662 12598
291 741 12599
201 517 12600
291 373 12601
149 392 12602
83 105 12603
522 105 12604
83 186 12605
83 33 12606
686 544 12607
149 90 12608
814 629 12609
872 99 12610
814 387 12611
814 559 12612
814 150 12613
227 244 12614
405 102 12615
362 244 12616
362 90 12617
405 590 12618
731 270 12619
731 850 12620
405 391 12621
576 391 12622
405 740 12623
576 868 12624
731 222 12625
149 4 12626
633 544 12627
731 395 12628
383 738 12629
633 283 12630
627 107 12631
592 99 12632
814 254 12633
20 843 12634
149 639 12635
405 850 12636
362 361 12637
383 869 12638
429 708 12639
731 594 12640
274 4 12641
274 183 12642
593 56 12643
777 868 12644
548 257 12645
418 290 12646
637 107 12647
637 290 12648
702 55 12649
622 506 12650
47 495 12651
134 40 12652
515 395 12653
418 240 12654
93 270 12655
39 133 12656
93 290 12657
627 786 12658
93 759 12659
93 484 12660
553 887 12661
93 782 12662
553 596 12663
552 257 12664
553 370 12665
428 380 12666
583 242 12667
52 616 12668
52 4 12669
60 596 12670
779 88 12671
779 540 12672
346 40 12673
149 514 12674
346 544 12675
209 295 12676
842 293 12677
126 555 12678
842 159 12679
842 102 12680
126 552 12681
194 705 12682
126 609 12683
51 542 12684
601 881 12685
51 639 12686
601 868 12687
274 240 12688
39 370 12689
39 380 12690
39 242 12691
39 35 12692
39 555 12693
279 851 12694
369 369 12695
279 240 12696
39 369 12697
279 333 12698
290 870 12699
39 628 12700
39 628 12701
132 741 12702
414 261 12703
290 424 12704
829 428 12705
39 129 12706
62 4 12707
829 855 12708
62 376 12709
290 424 12710
414 261 12711
62 759 12712
872 99 12713
775 876 12714
18 107 12715
62 292 12716
779 87 12717
779 741 12718
62 443 12719
374 878 12720
290 585 12721
41 736 12722
418 240 12723
418 290 12724
351 387 12725
686 544 12726
227 244 12727
775 832 12728
93 290 12729
237 60 12730
538 369 12731
237 887 12732
93 107 12733
445 107 12734
93 107 12735
367 444 12736
812 389 12737
281 86 12738
281 242 12739
209 786 12740
39 369 12741
585 105 12742
818 675 12743
551 40 12744
376 595 12745
424 675 12746
636 360 12747
97 33 12748
376 675 12749
826 431 12750
585 874 12751
826 56 12752
814 360 12753
826 437 12754
826 701 12755
585 738 12756
424 675 12757
253 240 12758
424 738 12759
816 97 12760
592 292 12761
585 736 12762
826 240 12763
345 701 12764
826 395 12765
585 738 12766
345 40 12767
816 530 12768
826 701 12769
744 786 12770
592 133 12771
424 738 12772
826 387 12773
445 107 12774
345 152 12775
345 701 12776
592 675 12777
424 675 12778
592 736 12779
592 60 12780
585 736 12781
816 370 12782
193 740 12783
585 324 12784
816 491 12785
418 290 12786
411 832 12787
411 107 12788
592 81 12789
345 60 12790
592 832 12791
411 538 12792
418 65 12793
411 832 12794
411 102 12795
592 60 12796
826 701 12797
826 392 12798
826 248 12799
39 248 12800
39 437 12801
637 617 12802
158 701 12803
555 283 12804
269 240 12805
518 742 12806
538 40 12807
153 40 12808
538 369 12809
392 86 12810
158 557 12811
158 227 12812
627 107 12813
384 179 12814
392 179 12815
384 152 12816
194 105 12817
384 179 12818
384 636 12819
384 676 12820
384 2 12821
825 530 12822
384 179 12823
825 673 12824
464 287 12825
464 672 12826
719 248 12827
719 672 12828
719 541 12829
464 40 12830
464 541 12831
719 265 12832
464 248 12833
371 850 12834
41 324 12835
593 673 12836
411 107 12837
585 105 12838
47 152 12839
362 244 12840
362 387 12841
585 324 12842
362 380 12843
134 103 12844
499 832 12845
384 735 12846
428 538 12847
93 92 12848
93 290 12849
93 376 12850
239 60 12851
93 133 12852
93 839 12853
269 876 12854
330 876 12855
93 437 12856
424 735 12857
93 154 12858
239 60 12859
93 594 12859
93 394 12860
276 105 12861
276 105 12862
346 376 12863
721 290 12864
351 387 12865
346 240 12866
721 335 12867
153 557 12868
586 105 12869
540 870 12870
637 672 12871
153 786 12872
637 107 12873
637 829 12874
585 105 12875
721 247 12876
39 369 12877
39 380 12878
39 133 12879
39 437 12880
50 154 12881
209 829 12882
39 538 12883
295 424 12884
585 183 12885
585 835 12886
553 50 12887
39 742 12888
553 443 12889
383 412 12890
548 833 12891
326 152 12892
553 370 12892
553 887 12893
585 738 12894
93 290 12895
93 376 12896
93 107 12897
93 60 12898
411 388 12899
424 412 12900
411 538 12901
93 102 12902
62 376 12903
93 759 12904
585 152 12905
93 376 12906
93 152 12907
93 435 12908
62 183 12909
93 636 12910
62 759 12911
585 183 12912
93 759 12913
201 786 12914
39 370 12915
93 154 12916
62 759 12917
39 206 12918
201 206 12919
62 388 12920
93 759 12921
50 376 12922
592 870 12923
201 324 12924
93 870 12925
592 735 12926
201 254 12927
50 360 12928
424 735 12929
201 178 12930
592 92 12931
592 585 12932
592 850 12933
39 183 12934
592 735 12935
592 673 12936
592 870 12937
551 833 12938
39 133 12939
192 92 12940
435 867 12941
592 835 12942
721 290 12943
592 133 12944
39 104 12945
721 178 12946
592 178 12947
346 183 12948
592 832 12949
470 178 12950
592 183 12951
552 92 12952
201 56 12953
552 544 12954
592 92 12955
592 133 12956
552 92 12957
346 183 12958
93 290 12959
243 290 12960
435 852 12961
93 290 12962
93 133 12963
221 544 12964
764 106 12965
721 178 12966
585 324 12967
552 544 12968
346 544 12969
274 412 12970
552 544 12971
424 412 12972
585 835 12973
243 106 12974
538 369 12975
221 257 12976
585 835 12977
538 412 12978
552 257 12979
221 544 12980
424 412 12981
764 106 12982
274 412 12983
221 257 12984
551 549 12985
243 106 12986
346 544 12987
777 265 12988
181 242 12989
169 152 12990
764 106 12991
552 544 12992
777 868 12993
243 106 12994
181 372 12995
346 544 12996
221 544 12997
764 106 12998
424 412 12999
579 738 13000
274 412 13001
169 40 13002
169 40 13003
424 412 13004
164 156 13005
705 40 13006
705 40 13007
705 40 13008
705 40 13009
243 152 13010
705 106 13011
274 412 13012
164 99 13013
164 738 13014
164 544 13015
546 673 13016
546 673 13017
271 106 13018
164 853 13019
164 508 13020
813 370 13021
428 380 13022
717 897 13023
782 2 13024
822 558 13025
153 103 13026
347 556 13027
418 290 13028
418 515 13029
253 50 13030
601 129 13031
601 839 13032
30 97 13033
633 544 13034
686 544 13035
147 431 13036
253 393 13037
633 240 13038
362 867 13039
362 380 13040
633 644 13041
686 544 13042
253 339 13043
269 240 13044
633 557 13045
136 339 13046
184 244 13047
269 240 13048
538 412 13049
686 94 13050
424 412 13051
274 412 13052
269 240 13053
90 737 13054
90 868 13055
48 393 13056
134 853 13057
83 105 13057
424 737 13058
39 370 13059
318 558 13060
826 431 13061
39 129 13062
221 544 13063
39 183 13064
39 369 13065
826 387 13066
592 99 13067
592 508 13068
826 762 13069
592 103 13070
592 92 13071
592 431 13072
71 105 13073
719 265 13074
552 92 13075
552 544 13076
592 105 13077
693 102 13078
362 387 13079
842 159 13080
346 491 13081
295 183 13082
295 154 13083
362 387 13084
813 370 13085
813 370 13086
842 102 13087
592 790 13088
360 572 13089
512 97 13090
346 544 13091
813 835 13092
813 835 13093
50 554 13094
592 835 13095
50 154 13096
39 370 13097
39 183 13098
592 324 13099
842 701 13100
345 92 13101
346 240 13102
345 60 13103
295 154 13104
153 557 13105
552 92 13106
221 544 13107
345 392 13108
134 103 13109
842 843 13110
204 35 13111
592 103 13112
842 319 13113
204 54 13114
592 60 13115
842 178 13116
204 81 13117
592 220 13118
842 152 13119
158 596 13120
842 233 13121
435 759 13122
592 81 13123
592 491 13124
560 295 13125
592 183 13125
842 183 13126
560 395 13127
592 183 13128
842 484 13129
560 387 13130
560 245 13131
560 393 13132
842 635 13133
346 183 13134
560 152 13135
346 491 13136
842 183 13137
592 484 13138
842 127 13139
592 491 13140
842 484 13141
552 133 13142
84 555 13143
592 484 13144
842 876 13145
98 644 13146
592 133 13147
552 876 13148
552 133 13149
842 876 13150
552 547 13151
592 133 13152
592 92 13153
552 876 13154
552 133 13155
346 644 13156
592 388 13156
552 92 13157
346 491 13158
592 133 13159
592 92 13160
552 133 13161
592 491 13162
552 92 13163
592 92 13164
592 133 13165
552 92 13166
552 133 13167
842 107 13168
696 889 13169
552 92 13170
842 876 13171
592 133 13172
552 133 13173
552 876 13174
552 257 13175
592 92 13176
136 544 13177
552 92 13178
592 133 13179
552 133 13180
552 291 13181
61 324 13182
136 686 13183
61 874 13184
592 874 13185
61 372 13186
592 133 13187
136 40 13188
592 92 13189
136 319 13190
445 245 13191
445 107 13192
269 876 13193
552 133 13194
552 92 13195
592 133 13196
592 92 13197
345 92 13198
552 133 13199
345 60 13200
552 92 13201
345 388 13202
237 887 13203
592 133 13204
592 92 13205
48 762 13206
346 491 13207
136 149 13208
842 319 13209
552 133 13210
744 153 13211
552 92 13212
552 894 13213
346 183 13214
592 133 13215
592 894 13216
744 240 13217
592 92 13218
744 152 13219
592 491 13220
192 92 13221
592 388 13222
552 133 13223
552 894 13224
192 152 13225
136 319 13226
346 240 13227
552 92 13228
84 293 13229
136 240 13230
744 240 13231
744 240 13232
318 839 13233
592 133 13234
136 240 13235
744 152 13236
136 283 13237
346 491 13238
744 240 13239
136 290 13240
192 703 13241
192 703 13242
136 543 13243
192 152 13244
552 133 13245
192 92 13246
592 92 13247
192 388 13248
192 92 13249
85 40 13250
192 545 13251
346 240 13252
552 92 13253
187 150 13254
592 133 13255
552 133 13256
592 92 13257
552 92 13258
592 133 13259
744 240 13260
592 92 13261
592 491 13262
675 448 13263
619 762 13264
346 491 13265
872 99 13266
592 179 13267
592 491 13268
346 491 13269
181 295 13270
250 222 13271
250 393 13272
250 544 13273
250 65 13274
237 308 13275
490 701 13276
503 103 13277
825 673 13278
825 97 13279
825 178 13280
279 2 13281
627 107 13282
627 388 13283
270 694 13284
577 515 13285
627 786 13286
627 390 13287
627 206 13288
627 53 13289
239 290 13290
693 102 13291
693 102 13292
153 448 13293
176 107 13294
176 231 13295
176 231 13296
52 183 13297
39 127 13298
39 555 13299
39 206 13300
39 206 13301
52 81 13302
39 231 13303
52 387 13304
383 2 13305
383 2 13306
405 850 13307
405 102 13308
405 737 13309
870 293 13310
185 254 13311
209 236 13312
209 541 13313
383 738 13314
637 829 13315
362 387 13316
637 829 13317
546 673 13318
209 786 13319
362 448 13320
383 81 13321
234 789 13322
383 412 13323
383 293 13324
519 387 13325
134 308 13326
383 782 13327
134 40 13328
18 897 13329
813 370 13330
710 65 13331
342 596 13332
342 493 13333
637 133 13334
62 388 13335
62 759 13336
62 376 13337
343 853 13338
62 183 13339
56 543 13340
62 395 13341
56 94 13342
494 103 13343
35 369 13344
247 515 13345
247 290 13346
733 394 13347
538 545 13348
538 291 13349
538 412 13350
822 558 13351
418 515 13352
418 376 13353
418 786 13354
49 290 13355
870 789 13356
870 290 13357
134 853 13358
367 50 13359
367 50 13360
149 759 13361
49 495 13362
49 515 13363
618 393 13364
859 452 13365
383 412 13366
671 261 13367
859 308 13368
84 293 13369
90 737 13370
585 183 13371
585 324 13372
585 835 13373
512 97 13374
585 868 13375
47 495 13376
731 395 13377
731 594 13378
731 627 13379
250 701 13380
585 105 13381
47 81 13382
585 105 13383
395 50 13384
73 241 13385
627 786 13386
627 332 13387
383 293 13388
627 34 13389
627 206 13390
52 133 13391
627 221 13392
717 261 13393
591 890 13394
591 352 13395
52 419 13396
717 897 13397
52 81 13398
209 786 13399
744 726 13400
52 100 13401
209 493 13402
209 81 13403
70 154 13404
62 395 13405
209 206 13406
70 839 13407
47 81 13408
62 50 13409
62 759 13410
52 4 13411
52 81 13412
70 839 13413
70 558 13414
52 387 13415
499 627 13416
153 786 13417
499 491 13418
753 868 13419
395 93 13420
224 226 13421
392 179 13422
392 179 13423
392 703 13424
842 102 13425
842 102 13426
842 319 13427
842 178 13428
369 452 13429
209 102 13430
369 369 13431
842 897 13431
369 369 13432
827 852 13433
369 226 13434
326 673 13435
93 233 13436
253 40 13437
840 50 13438
840 50 13439
253 50 13440
98 644 13441
253 283 13442
424 412 13443
192 545 13444
424 890 13445
276 105 13446
192 92 13447
424 738 13448
93 894 13449
392 556 13450
437 708 13451
93 759 13452
93 290 13453
93 290 13454
362 387 13455
93 152 13456
93 782 13457
437 708 13458
93 839 13459
345 152 13460
93 92 13461
345 388 13462
93 295 13463
392 556 13464
93 484 13465
93 152 13466
93 107 13467
93 133 13468
93 102 13469
733 387 13470
371 618 13471
93 183 13472
190 735 13473
190 45 13474
93 60 13475
357 102 13476
209 102 13477
759 493 13478
209 786 13479
209 493 13480
274 376 13481
637 107 13482
418 515 13483
418 290 13484
385 549 13485
14 557 13486
136 50 13487
385 222 13488
418 376 13489
136 40 13490
274 412 13491
14 701 13492
274 376 13493
385 365 13494
136 283 13495
274 701 13496
500 290 13497
385 103 13498
759 493 13499
49 290 13500
385 49 13501
14 701 13502
56 493 13503
47 152 13504
586 726 13505
546 673 13506
546 389 13507
153 557 13508
56 389 13509
848 394 13510
674 40 13511
153 735 13512
593 50 13513
326 673 13514
181 295 13515
546 673 13516
633 283 13517
555 833 13518
555 257 13519
149 706 13520
149 706 13521
422 600 13522
422 589 13523
422 589 13524
422 589 13524
18 897 13525
424 412 13526
70 874 13527
274 874 13528
813 835 13529
14 887 13530
274 412 13531
272 105 13532
336 729 13533
705 308 13534
164 508 13535
124 897 13536
164 81 13537
124 897 13538
164 738 13539
515 395 13540
592 491 13541
592 491 13542
553 887 13543
164 544 13544
553 50 13545
553 370 13546
592 133 13547
221 544 13548
164 853 13549
592 508 13550
221 257 13551
592 308 13552
746 850 13553
164 99 13554
591 74 13555
592 388 13556
164 508 13557
592 99 13558
209 897 13559
592 508 13560
592 894 13561
592 103 13562
385 518 13563
44 589 13564
385 735 13565
592 53 13566
592 627 13567
592 394 13568
592 2 13569
825 627 13570
585 874 13571
592 92 13572
592 874 13573
825 97 13574
5 596 13575
592 673 13576
274 874 13577
552 133 13577
825 673 13578
5 596 13579
592 133 13580
552 894 13581
592 673 13582
585 874 13583
592 874 13583
637 133 13584
592 894 13585
464 868 13586
552 92 13587
93 894 13588
552 894 13589
552 544 13590
592 133 13591
93 627 13592
592 894 13593
385 388 13594
552 133 13595
5 179 13596
552 894 13597
93 290 13598
592 92 13599
5 832 13600
592 133 13601
626 81 13601
585 105 13602
825 832 13603
825 103 13604
592 324 13605
825 540 13606
552 133 13607
585 835 13608
592 894 13608
93 290 13609
592 179 13610
825 288 13611
385 887 13612
464 349 13613
585 874 13614
93 894 13615
70 874 13616
592 133 13617
592 105 13618
592 60 13619
385 290 13620
552 133 13621
585 874 13622
552 894 13623
592 874 13624
49 290 13625
585 324 13626
592 627 13627
592 103 13628
385 829 13629
592 324 13630
871 81 13631
93 290 13632
592 81 13633
592 894 13634
371 706 13635
414 261 13636
585 874 13637
735 53 13638
274 874 13639
592 53 13640
735 887 13641
274 627 13642
592 874 13643
585 874 13644
735 53 13645
592 627 13646
592 870 13647
136 544 13648
585 874 13649
375 706 13650
136 50 13651
136 283 13652
626 81 13653
136 240 13654
147 431 13655
585 105 13656
147 431 13657
49 240 13658
371 222 13659
552 894 13660
592 894 13661
221 544 13662
592 133 13663
585 611 13664
552 133 13665
93 152 13666
552 894 13667
93 894 13668
552 544 13669
592 133 13670
93 107 13671
700 858 13672
93 102 13673
700 387 13674
445 107 13675
700 36 13676
93 627 13677
238 308 13678
700 734 13679
700 895 13680
700 155 13681
190 596 13682
93 107 13683
93 870 13684
700 178 13685
227 763 13686
221 544 13687
93 60 13688
745 538 13689
552 544 13690
753 596 13691
546 673 13692
93 92 13693
753 596 13694
346 895 13695
395 858 13696
93 295 13697
395 734 13698
204 308 13699
227 503 13700
637 206 13701
150 548 13702
552 92 13703
637 107 13704
346 544 13705
274 874 13706
111 422 13707
274 627 13708
552 544 13709
604 850 13710
274 596 13711
264 387 13712
18 897 13713
346 544 13714
39 369 13715
39 370 13716
243 293 13717
39 894 13718
39 206 13719
346 258 13720
39 183 13721
604 290 13722
842 293 13722
243 549 13723
243 293 13724
842 233 13725
604 387 13726
842 701 13727
133 636 13728
326 673 13729
744 240 13730
604 197 13731
842 102 13732
842 183 13733
190 596 13734
842 178 13735
134 503 13736
126 897 13737
705 102 13738
593 492 13739
274 596 13740
39 183 13741
124 897 13742
126 897 13743
126 104 13744
39 596 13745
274 596 13746
126 103 13747
39 596 13748
546 673 13749
58 395 13750
274 596 13751
445 389 13752
39 596 13753
39 596 13754
288 705 13755
637 133 13756
18 897 13757
274 596 13758
637 349 13759
637 544 13760
637 372 13761
637 851 13762
124 897 13763
637 240 13764
637 443 13765
592 870 13766
592 258 13767
637 120 13768
592 851 13769
49 240 13770
592 349 13771
637 349 13772
592 178 13773
592 894 13774
592 183 13775
744 240 13776
592 627 13777
592 60 13778
552 894 13779
592 894 13780
460 850 13781
552 894 13782
274 627 13783
895 560 13784
592 894 13785
552 560 13786
592 627 13787
685 72 13788
274 627 13789
209 102 13790
8 90 13791
209 102 13792
29 443 13793
592 590 13794
326 673 13795
326 673 13796
39 894 13797
445 853 13798
29 242 13799
39 290 13800
39 242 13801
842 104 13802
552 894 13803
313 355 13804
313 433 13805
313 387 13806
842 183 13807
842 178 13808
313 701 13809
274 387 13810
39 894 13810
274 701 13811
313 421 13812
39 387 13813
842 701 13814
313 740 13815
842 876 13816
39 183 13817
631 492 13818
39 133 13819
842 897 13820
134 308 13821
478 546 13822
39 285 13823
84 330 13824
39 323 13825
313 701 13826
313 701 13827
592 242 13828
313 701 13829
313 701 13830
274 701 13831
592 178 13832
313 701 13833
313 245 13834
592 673 13835
238 308 13836
313 598 13837
592 308 13838
478 868 13839
313 387 13840
313 387 13841
313 736 13842
313 150 13843
313 150 13844
274 701 13845
274 598 13846
5 596 13847
5 596 13848
392 179 13849
5 596 13850
5 179 13851
424 394 13852
522 394 13852
522 394 13853
411 832 13854
67 888 13855
424 394 13856
147 388 13857
411 326 13858
39 242 13859
424 394 13860
147 388 13861
411 326 13862
383 738 13863
522 394 13864
411 102 13865
39 596 13866
735 851 13867
238 132 13868
826 492 13869
39 133 13870
67 685 13871
424 394 13872
411 388 13873
411 614 13874
411 332 13875
383 186 13876
411 354 13877
411 354 13878
411 354 13879
826 491 13880
688 394 13881
383 703 13882
411 435 13883
98 240 13884
825 832 13885
411 774 13886
695 549 13886
39 703 13887
825 627 13888
18 897 13889
18 843 13890
825 178 13891
255 552 13892
383 738 13893
411 774 13894
255 46 13895
552 133 13896
411 832 13897
825 326 13898
222 35 13899
49 240 13900
522 394 13901
362 90 13902
98 240 13903
237 308 13904
362 435 13905
98 703 13906
411 435 13907
411 388 13908
592 133 13909
424 394 13910
255 776 13911
499 627 13912
411 517 13913
411 517 13914
499 491 13915
371 850 13916
411 542 13917
552 133 13918
39 133 13919
592 627 13920
326 673 13921
39 517 13922
39 35 13923
371 741 13924
39 46 13925
411 686 13926
39 491 13927
384 152 13928
592 133 13929
31 868 13930
346 240 13931
411 517 13932
700 77 13933
346 491 13934
31 627 13935
478 868 13936
411 222 13937
592 394 13938
592 222 13939
700 503 13940
592 627 13941
154 705 13942
700 503 13942
411 222 13943
592 517 13944
384 782 13945
578 855 13945
18 523 13946
578 855 13947
411 437 13948
592 222 13949
411 437 13950
592 491 13951
332 782 13952
700 390 13953
411 222 13954
411 517 13955
424 35 13956
592 222 13957
777 265 13958
411 222 13959
424 394 13960
18 238 13961
371 390 13962
777 868 13963
592 394 13964
546 673 13965
592 675 13966
546 673 13967
700 644 13968
592 673 13969
424 394 13970
424 675 13971
18 290 13972
592 675 13973
546 673 13974
551 833 13975
592 673 13976
424 675 13977
592 675 13978
698 337 13979
546 673 13980
147 157 13981
424 675 13982
546 245 13983
49 240 13984
51 517 13985
326 673 13986
255 739 13987
378 686 13988
574 428 13989
247 515 13990
546 673 13991
255 35 13992
255 35 13993
593 843 13994
417 290 13995
8 197 13996
585 874 13997
417 308 13998
221 544 13999
221 544 14000
818 675 14001
601 868 14002
18 843 14003
637 423 14004
417 593 14005
637 544 14006
424 675 14007
376 675 14008
418 36 14009
552 544 14010
424 675 14011
552 92 14012
546 511 14013
546 511 14014
392 157 14015
546 511 14015
418 874 14016
546 511 14017
392 92 14018
369 730 14019
392 179 14020
392 703 14021
279 428 14022
369 369 14023
98 703 14024
363 93 14025
842 152 14026
842 178 14027
842 897 14028
579 776 14029
747 242 14030
369 748 14031
369 749 14032
39 77 14033
392 703 14034
237 308 14035
39 369 14036
585 874 14037
250 495 14038
785 387 14038
369 369 14039
585 868 14040
39 78 14041
871 36 14042
39 369 14043
39 437 14044
245 777 14045
871 78 14046
686 544 14047
39 242 14048
238 78 14049
346 544 14050
623 445 14051
245 308 14052
190 78 14053
460 437 14054
39 78 14055
238 78 14056
623 156 14057
245 308 14058
83 186 14059
623 157 14060
627 388 14061
371 178 14062
346 53 14063
77 519 14064
39 437 14065
627 786 14066
627 786 14067
39 308 14068
39 242 14069
39 156 14070
39 78 14071
39 387 14072
39 517 14073
3 90 14074
620 888 14075
623 876 14076
623 876 14077
39 35 14078
39 152 14079
623 266 14080
39 491 14081
39 290 14082
346 854 14083
39 133 14084
872 880 14085
623 31 14086
39 186 14087
585 186 14088
5 179 14089
3 662 14090
50 376 14091
627 673 14092
3 412 14093
39 373 14094
50 154 14095
90 734 14096
326 673 14097
39 77 14098
39 495 14099
39 90 14100
39 238 14101
83 186 14102
83 701 14103
346 179 14104
39 703 14105
539 662 14106
221 544 14107
465 337 14108
522 777 14109
827 852 14110
827 290 14111
686 544 14112
125 637 14113
435 852 14114
83 326 14115
699 2 14116
269 876 14117
238 492 14118
546 673 14119
827 852 14120
51 387 14121
203 266 14122
435 852 14123
313 701 14124
686 734 14125
203 31 14126
546 673 14127
134 308 14128
546 673 14129
238 308 14130
827 852 14131
238 31 14132
238 393 14133
313 730 14134
65 293 14135
270 155 14136
51 610 14137
83 355 14138
100 40 14139
270 746 14140
678 197 14141
825 178 14142
745 183 14143
825 78 14144
827 852 14145
136 240 14146
32 393 14147
221 544 14148
435 852 14149
39 183 14150
552 544 14151
47 495 14152
826 437 14153
326 673 14154
39 437 14155
93 233 14156
5 596 14157
363 867 14158
826 492 14159
238 492 14160
93 290 14161
826 701 14162
826 492 14163
579 355 14164
101 338 14165
14 326 14166
14 326 14167
39 596 14168
359 97 14169
19 221 14170
14 701 14171
19 102 14172
192 92 14173
209 786 14174
353 50 14175
437 852 14176
538 545 14177
32 293 14178
353 34 14179
856 235 14180
538 662 14181
856 235 14182
608 235 14183
538 412 14184
32 224 14185
424 451 14186
424 412 14187
238 37 14188
871 78 14189
19 206 14190
39 78 14191
405 850 14192
842 178 14192
134 308 14193
8 558 14194
507 762 14195
39 78 14196
405 102 14197
209 206 14198
842 701 14199
871 78 14200
435 852 14201
842 876 14202
209 102 14203
552 92 14204
552 78 14205
842 102 14205
552 133 14206
842 233 14206
209 102 14207
134 308 14208
14 701 14209
826 437 14210
548 833 14211
58 862 14212
238 78 14213
871 78 14214
494 103 14215
775 832 14216
238 78 14217
775 832 14218
871 78 14219
552 78 14220
367 50 14221
367 224 14222
392 92 14223
747 242 14224
371 308 14225
826 701 14226
371 50 14227
14 701 14228
512 97 14229
775 876 14230
153 786 14231
619 240 14232
147 157 14233
424 773 14234
269 876 14235
871 240 14236
253 50 14237
552 876 14238
204 706 14239
204 224 14240
552 133 14241
627 673 14242
243 308 14243
204 308 14244
593 50 14245
593 492 14246
526 843 14247
863 554 14247
582 853 14248
593 843 14249
435 867 14250
582 503 14251
863 552 14252
826 492 14253
871 484 14253
204 35 14254
164 81 14255
147 751 14256
147 337 14257
164 637 14258
428 538 14259
147 106 14260
735 887 14261
39 78 14262
698 106 14263
164 155 14264
698 517 14265
348 445 14266
698 751 14267
552 751 14268
824 850 14269
318 839 14270
824 850 14271
348 102 14272
392 157 14273
392 157 14274
737 238 14275
747 443 14276
392 179 14277
392 389 14278
209 597 14279
737 238 14280
735 183 14281
842 701 14282
392 510 14283
392 412 14284
579 874 14285
579 183 14286
860 858 14287
825 78 14288
601 839 14289
825 78 14290
825 183 14291
39 78 14292
825 97 14293
747 50 14294
93 233 14295
93 870 14296
19 206 14297
371 50 14298
245 308 14299
19 102 14300
93 510 14301
93 782 14302
93 839 14303
747 308 14304
93 107 14305
93 107 14306
93 636 14307
93 60 14308
93 60 14309
93 197 14310
93 102 14311
93 703 14312
149 90 14313
842 233 14314
835 154 14315
281 781 14316
190 78 14317
274 701 14318
221 544 14319
835 394 14320
870 293 14321
18 238 14322
359 97 14323
706 159 14324
359 437 14325
93 233 14326
411 686 14327
418 376 14328
93 376 14329
411 538 14330
359 88 14331
592 78 14332
549 415 14333
592 880 14334
418 376 14335
250 892 14336
592 133 14337
592 437 14338
237 887 14339
237 308 14340
418 36 14341
277 106 14342
827 852 14343
592 870 14344
31 887 14345
592 675 14346
592 673 14347
592 104 14348
712 424 14349
712 424 14350
418 515 14351
522 308 14352
712 283 14353
592 517 14354
592 178 14355
712 686 14356
712 686 14357
712 686 14358
253 2 14359
712 154 14360
619 2 14361
50 154 14362
50 154 14363
871 308 14364
345 266 14365
518 178 14366
619 240 14367
70 154 14368
346 544 14369
92 130 14370
346 183 14371
92 99 14372
92 99 14373
346 240 14374
346 179 14375
346 4 14376
592 183 14377
645 762 14378
592 179 14379
592 4 14380
197 446 14381
592 127 14382
136 544 14383
346 179 14384
592 51 14385
221 544 14386
346 183 14386
346 544 14387
221 544 14388
592 183 14389
871 78 14390
592 179 14391
346 179 14392
592 78 14393
274 376 14394
592 179 14395
93 870 14396
871 78 14397
93 133 14398
274 183 14399
93 437 14400
93 376 14401
274 376 14402
346 376 14403
93 376 14404
346 376 14405
93 183 14406
93 376 14407
93 376 14408
93 4 14409
662 257 14410
60 435 14411
93 435 14412
93 120 14413
392 179 14414
585 186 14415
546 673 14416
677 538 14417
677 245 14418
274 183 14419
14 701 14420
41 324 14421
41 738 14422
295 424 14423
250 127 14424
362 867 14425
777 293 14426
153 40 14427
250 389 14428
250 495 14429
250 495 14430
279 2 14431
279 35 14432
699 747 14433
478 546 14434
478 546 14435
699 442 14436
705 308 14437
705 106 14438
363 867 14439
699 662 14440
709 636 14441
199 219 14442
870 293 14443
538 40 14444
538 412 14445
360 395 14446
51 517 14447
519 387 14448
39 206 14449
39 127 14450
39 78 14451
873 589 14452
873 678 14453
873 181 14454
580 437 14455
478 387 14456
472 222 14457
710 727 14458
838 387 14459
472 782 14460
375 150 14461
472 869 14462
472 676 14463
838 244 14464
838 244 14465
580 727 14466
472 636 14467
872 687 14468
580 51 14469
376 675 14470
580 5 14471
580 876 14472
472 412 14473
472 786 14474
376 186 14475
580 543 14476
78 179 14477
376 876 14478
411 832 14479
376 876 14480
376 448 14481
376 735 14482
580 52 14483
385 452 14484
376 868 14485
105 763 14486
376 40 14487
411 517 14488
376 372 14489
762 102 14490
64 391 14491
753 35 14492
580 634 14493
768 222 14494
762 444 14495
237 452 14496
411 222 14497
237 308 14498
635 181 14499
168 516 14500
768 832 14501
546 538 14502
635 678 14503
580 897 14504
19 206 14505
737 238 14506
592 78 14507
635 108 14508
593 492 14509
593 50 14510
733 31 14511
635 70 14512
93 782 14513
269 876 14514
318 389 14515
645 127 14516
871 78 14517
698 517 14518
395 442 14519
395 452 14520
279 35 14521
686 389 14522
602 762 14523
435 867 14524
435 762 14525
437 244 14526
838 244 14527
478 676 14528
435 544 14529
49 515 14530
627 206 14531
627 614 14532
627 332 14533
49 636 14534
49 387 14535
634 50 14536
445 245 14537
634 415 14538
634 393 14539
92 99 14540
619 762 14541
289 393 14542
36 155 14543
62 4 14544
842 293 14545
62 388 14546
39 127 14547
627 388 14548
62 434 14549
250 222 14550
250 127 14551
709 636 14552
346 376 14553
540 444 14554
826 492 14555
826 387 14556
346 4 14557
93 376 14558
289 182 14559
346 544 14560
709 868 14561
148 182 14562
627 498 14563
709 595 14564
29 443 14565
346 183 14566
712 424 14567
592 127 14568
636 443 14569
712 154 14570
592 832 14571
636 443 14572
592 870 14573
93 543 14574
592 4 14575
592 388 14576
346 269 14577
592 517 14578
775 876 14579
592 183 14580
592 675 14581
91 154 14582
203 31 14583
592 673 14584
775 832 14585
592 415 14586
29 443 14587
279 182 14588
29 443 14589
751 155 14590
93 4 14591
346 443 14592
359 126 14593
346 4 14594
392 869 14595
392 179 14596
346 179 14597
623 157 14598
392 389 14599
93 870 14600
623 876 14601
85 68 14602
623 266 14603
623 31 14604
346 546 14605
85 331 14606
85 443 14607
134 155 14608
93 678 14608
85 40 14609
98 495 14610
98 389 14611
18 897 14612
98 546 14613
85 290 14614
777 735 14615
209 376 14616
526 843 14617
777 595 14618
209 543 14619
257 389 14620
247 515 14621
209 206 14622
546 673 14623
257 362 14624
709 738 14625
677 245 14626
543 388 14627
546 245 14628
677 245 14629
546 245 14630
32 747 14631
743 362 14632
743 249 14633
743 99 14634
697 491 14635
827 395 14636
424 675 14637
601 127 14638
19 206 14639
424 763 14640
721 442 14641
253 2 14642
418 515 14643
418 495 14644
353 786 14645
353 50 14646
747 50 14647
418 389 14648
233 519 14649
50 444 14650
50 376 14651
747 443 14652
752 267 14653
50 154 14654
39 183 14655
156 235 14656
194 389 14657
842 843 14658
498 495 14659
842 701 14659
771 596 14660
8 490 14661
8 490 14662
842 876 14663
8 662 14664
842 127 14665
842 159 14666
842 102 14667
156 103 14668
842 102 14669
173 389 14670
156 387 14671
842 183 14672
604 395 14673
773 288 14674
411 832 14675
842 107 14676
842 897 14677
538 490 14678
538 662 14679
411 102 14680
411 435 14681
411 326 14682
411 332 14683
411 614 14684
842 96 14685
70 154 14686
19 102 14687
375 443 14688
769 117 14689
243 106 14690
376 675 14691
149 503 14692
376 40 14693
243 290 14694
376 876 14695
247 515 14696
376 876 14697
56 543 14698
192 92 14699
192 703 14700
346 443 14701
346 183 14702
634 415 14703
98 389 14704
346 491 14705
710 635 14706
274 244 14707
104 389 14708
710 886 14709
710 886 14710
710 886 14711
610 257 14712
871 389 14713
871 389 14714
91 154 14715
91 154 14716
91 152 14717
560 387 14718
560 245 14719
132 443 14720
274 183 14721
560 852 14722
560 791 14723
445 245 14724
91 686 14725
362 387 14726
91 686 14727
777 392 14728
435 762 14729
91 734 14730
785 387 14731
783 491 14732
745 35 14733
91 734 14734
181 372 14735
269 876 14736
435 544 14737
560 884 14738
560 496 14739
560 339 14740
560 592 14741
560 882 14742
560 40 14743
560 883 14744
764 876 14745
560 260 14746
560 260 14747
560 2 14748
253 883 14749
560 544 14750
443 386 14751
345 31 14752
745 748 14753
560 543 14754
745 662 14755
709 592 14756
709 736 14757
709 425 14758
510 130 14759
3 662 14760
346 644 14761
822 235 14762
822 235 14763
745 662 14764
745 35 14765
369 748 14766
827 395 14767
369 748 14768
764 736 14769
424 675 14770
777 425 14771
777 522 14772
333 572 14773
552 572 14774
1 741 14775
250 127 14776
360 876 14777
360 395 14778
360 572 14779
777 868 14780
50 154 14781
50 154 14782
288 245 14783
53 152 14784
378 686 14785
478 546 14786
478 868 14787
26 40 14788
478 387 14789
279 2 14790
26 393 14791
418 393 14792
418 389 14793
14 326 14794
35 510 14795
333 572 14796
185 133 14797
842 876 14798
539 876 14799
619 895 14800
333 572 14801
842 152 14802
842 152 14803
333 572 14804
842 876 14805
871 152 14806
842 635 14807
842 102 14808
842 152 14809
105 763 14810
848 31 14811
539 876 14812
90 867 14813
848 394 14814
513 294 14815
49 515 14816
130 183 14817
405 102 14818
405 491 14819
106 157 14820
104 389 14821
93 290 14822
135 572 14823
135 491 14824
871 389 14825
699 747 14826
325 288 14827
164 738 14828
164 544 14829
93 510 14830
93 152 14831
93 102 14832
93 107 14833
250 393 14834
250 544 14835
439 50 14836
634 393 14837
250 389 14838
719 249 14839
250 393 14840
719 442 14841
719 541 14842
247 515 14843
552 442 14844
250 349 14845
552 572 14846
460 442 14847
250 234 14848
711 589 14849
698 152 14850
585 324 14851
435 572 14852
698 70 14853
253 2 14854
619 393 14855
19 102 14856
435 867 14857
551 154 14858
619 389 14859
19 734 14860
295 686 14861
627 673 14862
552 572 14863
627 388 14864
627 388 14865
62 734 14866
93 435 14867
62 510 14868
367 50 14869
367 443 14870
185 102 14871
775 832 14872
424 763 14873
775 491 14874
62 395 14875
185 736 14876
779 88 14877
209 152 14878
209 376 14879
50 152 14880
346 546 14881
350 447 14882
326 673 14883
50 294 14884
350 271 14885
62 50 14886
295 234 14887
350 372 14888
756 102 14889
50 154 14890
552 152 14891
346 544 14892
350 874 14893
825 260 14894
460 395 14895
812 126 14896
578 590 14897
350 554 14898
91 686 14899
93 376 14900
93 510 14901
83 387 14902
350 767 14903
93 703 14904
429 852 14905
363 767 14906
83 636 14907
363 867 14908
363 867 14909
363 244 14910
363 446 14911
552 451 14912
363 734 14913
362 5 14914
747 874 14915
62 376 14916
745 748 14917
362 244 14918
350 704 14919
378 686 14920
362 394 14921
362 197 14922
709 636 14923
842 876 14924
362 867 14925
362 435 14926
709 868 14927
842 102 14928
842 183 14929
709 425 14930
192 157 14931
83 636 14932
478 868 14933
62 183 14934
295 686 14935
709 636 14936
295 376 14937
709 868 14938
764 446 14939
709 738 14940
705 102 14941
686 734 14942
478 868 14943
712 686 14944
478 868 14945
712 686 14946
712 96 14947
712 240 14948
712 394 14949
395 442 14950
395 446 14951
149 183 14952
181 372 14953
395 386 14954
295 686 14955
395 867 14956
126 46 14957
552 442 14958
395 734 14959
295 686 14960
126 635 14961
126 159 14962
395 442 14963
552 442 14964
62 183 14964
495 447 14965
495 704 14966
149 183 14967
98 91 14968
14 701 14969
435 244 14970
435 244 14971
443 386 14972
435 867 14973
443 386 14974
395 386 14975
395 867 14976
411 832 14977
287 672 14978
253 240 14979
411 326 14980
709 868 14981
386 92 14982
756 102 14983
117 394 14984
756 102 14985
97 592 14986
209 102 14987
97 592 14988
825 103 14989
209 376 14990
618 442 14991
209 597 14992
362 244 14993
362 867 14994
756 445 14995
478 868 14996
134 503 14997
596 672 14998
133 636 14999
257 503 15000
19 734 15001
19 734 15002
53 672 15003
376 876 15004
592 99 15005
592 870 15006
592 133 15007
376 40 15008
48 522 15009
378 686 15010
585 874 15011
376 675 15012
592 736 15013
48 522 15014
376 372 15015
592 388 15016
376 868 15017
48 326 15018
592 179 15019
585 736 15020
30 373 15021
257 62 15022
712 686 15023
585 868 15024
93 376 15025
712 686 15026
712 686 15027
48 762 15028
392 157 15029
712 686 15030
295 154 15031
712 154 15032
264 31 15033
367 541 15034
756 49 15035
640 730 15036
295 686 15037
295 686 15038
756 154 15039
295 154 15040
93 870 15041
546 245 15042
295 686 15043
7 644 15044
360 395 15045
604 895 15046
604 387 15047
348 445 15048
185 126 15049
348 102 15050
604 850 15051
49 644 15052
14 326 15053
604 850 15054
62 734 15055
604 104 15056
777 425 15057
777 522 15058
227 763 15059
743 99 15060
363 446 15061
743 249 15062
62 376 15063
743 179 15064
363 734 15065
173 50 15066
628 672 15067
363 867 15068
173 442 15069
582 503 15070
378 686 15071
743 350 15072
363 244 15073
363 887 15074
173 393 15075
353 55 15076
743 124 15077
295 686 15078
309 354 15079
19 734 15080
510 99 15080
173 389 15081
19 102 15082
764 446 15083
173 388 15084
267 159 15085
267 197 15086
566 592 15087
269 90 15088
478 387 15089
164 99 15090
579 159 15091
269 662 15092
616 242 15093
712 686 15094
8 90 15095
712 686 15096
392 86 15097
712 686 15098
625 220 15099
519 538 15100
519 390 15101
519 443 15102
8 197 15103
519 734 15104
148 68 15105
519 676 15106
712 154 15107
8 395 15108
712 388 15109
712 585 15110
825 126 15111
712 734 15112
895 560 15113
93 376 15114
93 585 15115
745 538 15116
93 183 15117
47 271 15118
93 133 15119
243 887 15120
47 2 15121
136 96 15122
47 495 15123
275 886 15124
93 290 15124
198 704 15125
136 544 15126
149 183 15127
443 386 15128
891 106 15129
243 290 15130
243 106 15131
184 850 15132
678 393 15133
891 106 15134
136 686 15135
209 86 15136
136 686 15137
136 40 15138
136 240 15139
709 868 15140
49 676 15141
617 618 15142
700 644 15143
49 106 15144
266 65 15145
132 178 15146
266 63 15147
700 895 15148
202 387 15149
712 686 15150
777 868 15151
295 686 15152
712 686 15153
712 686 15154
49 704 15155
266 689 15156
295 686 15157
266 61 15158
755 388 15159
359 126 15160
266 437 15161
424 675 15162
266 508 15163
426 197 15164
566 735 15165
295 376 15166
424 451 15167
266 390 15168
645 2 15169
566 749 15170
266 233 15171
56 393 15172
266 233 15173
544 124 15174
266 91 15175
369 749 15176
266 863 15177
266 90 15178
478 676 15179
826 443 15179
266 222 15180
266 451 15181
478 868 15182
266 558 15183
833 445 15184
266 559 15185
478 387 15186
198 2 15187
266 418 15188
198 704 15189
424 451 15190
710 497 15191
43 350 15192
833 152 15193
77 129 15194
512 126 15195
848 70 15196
14 242 15197
891 106 15198
822 672 15199
478 734 15200
822 389 15201
32 49 15202
113 155 15203
32 747 15204
70 839 15205
712 686 15206
833 242 15207
147 751 15208
737 388 15209
70 558 15210
147 446 15211
592 437 15212
737 40 15213
592 124 15214
136 319 15215
369 730 15216
592 870 15217
842 159 15218
592 508 15219
842 635 15220
347 556 15221
280 227 15222
593 597 15223
842 183 15224
753 596 15225
50 376 15226
842 152 15227
163 442 15228
132 443 15229
698 517 15230
719 249 15231
871 91 15232
753 35 15233
753 85 15234
375 319 15235
347 452 15236
835 394 15237
824 32 15238
158 227 15239
14 242 15240
14 242 15241
785 387 15242
561 237 15243
785 394 15244
562 72 15245
637 672 15246
275 61 15247
637 704 15248
592 133 15249
275 293 15250
592 585 15251
275 701 15252
318 558 15253
14 701 15254
275 644 15255
568 445 15256
50 154 15257
592 126 15258
274 244 15259
359 437 15260
568 628 15261
592 517 15262
592 60 15263
359 126 15264
852 729 15265
274 155 15266
592 437 15267
275 701 15268
495 634 15269
580 644 15270
580 634 15271
478 387 15272
338 97 15273
323 308 15274
592 126 15275
568 226 15276
318 389 15277
445 389 15278
275 221 15279
495 704 15280
378 686 15281
275 512 15282
580 543 15283
568 360 15284
712 686 15285
564 830 15286
348 152 15287
91 154 15288
378 686 15289
721 442 15290
721 442 15291
777 293 15292
564 152 15293
277 447 15294
85 294 15295
712 686 15296
91 686 15297
346 376 15298
85 60 15299
580 282 15300
712 686 15301
91 686 15302
712 686 15303
564 387 15304
712 686 15305
712 686 15306
85 60 15307
346 179 15308
91 686 15309
712 686 15310
712 686 15311
91 686 15312
712 686 15313
346 443 15314
91 686 15315
85 443 15316
712 686 15317
91 152 15318
712 686 15319
91 152 15320
91 734 15321
346 644 15322
91 686 15323
187 38 15324
346 183 15325
523 446 15326
437 690 15327
85 56 15328
85 68 15329
712 686 15330
350 271 15331
706 635 15332
706 159 15333
856 235 15334
856 235 15335
238 75 15336
231 308 15337
231 452 15338
238 392 15339
231 887 15340
238 56 15341
494 103 15342
192 157 15343
863 554 15344
494 736 15345
90 319 15346
158 596 15347
158 596 15348
158 596 15349
158 596 15350
158 596 15351
173 393 15352
173 72 15353
173 585 15354
173 388 15355
173 290 15356
274 319 15357
274 596 15358
158 596 15359
662 394 15360
295 686 15361
48 491 15362
243 152 15363
56 543 15364
627 618 15365
97 592 15366
677 245 15367
677 538 15368
49 106 15369
705 445 15370
705 282 15371
49 644 15372
349 446 15373
19 56 15374
49 515 15375
378 686 15376
378 686 15377
340 735 15378
164 508 15379
580 282 15380
340 52 15381
326 446 15382
164 544 15383
164 155 15384
580 81 15385
47 56 15386
164 81 15387
580 644 15388
580 852 15389
395 452 15390
580 514 15391
395 734 15392
268 492 15393
383 782 15394
383 412 15395
585 736 15396
395 734 15397
395 386 15398
395 867 15399
255 552 15400
592 508 15401
279 2 15402
255 776 15403
255 592 15404
255 35 15405
255 46 15406
83 776 15407
538 40 15408
255 552 15409
255 776 15410
567 36 15411
567 36 15412
341 544 15413
567 757 15414
737 40 15415
83 387 15416
341 672 15417
83 636 15418
478 159 15419
570 788 15420
83 636 15421
384 157 15422
250 644 15423
250 65 15424
83 636 15425
83 636 15426
83 159 15427
842 701 15428
164 508 15429
842 159 15430
842 635 15431
164 544 15432
842 319 15433
842 152 15434
148 68 15435
519 538 15436
91 686 15437
637 133 15438
91 152 15439
709 636 15440
709 690 15441
785 445 15442
30 437 15443
91 734 15444
785 445 15445
785 387 15446
870 734 15447
418 290 15448
418 65 15449
418 376 15450
418 96 15451
221 544 15452
48 878 15453
259 572 15454
14 701 15455
226 237 15456
57 742 15457
745 538 15458
709 736 15459
226 431 15460
478 159 15461
592 508 15462
478 546 15463
592 851 15464
630 94 15465
861 62 15466
630 558 15467
733 387 15468
63 240 15469
380 294 15470
630 268 15471
392 86 15472
63 495 15473
4 443 15474
630 737 15475
519 443 15476
388 538 15477
863 552 15478
359 739 15479
52 4 15480
341 544 15481
630 557 15482
630 357 15483
424 737 15484
513 294 15485
150 319 15486
150 734 15487
630 319 15488
630 319 15489
346 376 15490
630 737 15491
777 392 15492
346 240 15493
630 417 15494
705 52 15495
346 491 15496
831 394 15497
435 572 15498
50 154 15499
50 294 15500
98 91 15501
424 737 15502
209 86 15503
98 546 15504
209 268 15505
630 268 15506
871 417 15507
49 96 15508
630 417 15509
764 446 15510
395 867 15511
625 437 15512
305 240 15513
257 62 15514
147 517 15515
257 503 15516
26 117 15517
305 179 15518
560 883 15519
26 70 15520
305 854 15521
560 245 15522
305 90 15523
560 508 15524
305 507 15525
26 705 15526
305 393 15527
699 628 15528
560 290 15529
478 734 15530
131 443 15531
131 546 15532
243 152 15533
478 546 15534
856 767 15534
136 319 15535
870 878 15536
131 224 15537
239 417 15538
870 734 15539
630 417 15540
239 155 15541
131 530 15542
131 431 15543
625 387 15543
131 50 15544
64 52 15545
64 282 15546
131 387 15547
734 446 15548
328 52 15549
64 394 15550
606 484 15551
328 484 15552
305 94 15553
49 290 15554
777 264 15555
392 157 15556
567 253 15557
384 157 15558
384 412 15559
247 763 15560
384 412 15561
472 701 15561
472 222 15562
384 222 15563
472 786 15564
384 786 15565
383 507 15566
383 782 15567
472 222 15568
383 412 15569
384 412 15570
384 222 15571
712 686 15572
472 782 15573
833 851 15574
472 869 15575
833 60 15576
712 154 15577
472 507 15578
384 869 15579
383 782 15580
472 676 15581
383 412 15582
350 530 15583
472 782 15583
472 782 15584
384 507 15585
384 782 15586
383 507 15587
472 869 15588
384 507 15589
384 676 15590
472 507 15591
714 373 15592
737 290 15593
472 676 15594
383 736 15595
384 412 15596
842 701 15597
560 387 15598
383 507 15599
384 676 15600
472 636 15600
209 786 15601
478 510 15602
842 96 15603
472 412 15604
560 558 15605
472 701 15606
478 394 15607
842 484 15608
472 786 15609
472 507 15610
478 676 15611
472 676 15612
383 869 15613
472 676 15614
384 507 15615
83 636 15616
472 869 15617
478 734 15618
472 869 15619
560 557 15620
316 297 15621
384 869 15622
383 676 15623
478 730 15623
472 507 15624
384 676 15625
478 676 15626
383 507 15627
39 373 15627
472 869 15628
383 676 15629
383 676 15630
472 507 15631
478 676 15632
384 507 15633
384 676 15634
472 676 15634
83 734 15635
383 412 15636
472 507 15637
383 676 15638
201 56 15639
472 636 15640
49 290 15641
472 676 15642
383 676 15643
478 676 15644
538 264 15645
478 676 15646
472 412 15647
384 676 15648
472 676 15649
383 869 15650
538 40 15651
478 734 15652
384 412 15653
383 676 15654
472 869 15655
472 676 15656
630 786 15657
384 869 15658
472 412 15659
842 319 15660
478 676 15661
384 676 15662
383 450 15663
472 786 15664
384 412 15665
383 676 15666
472 676 15667
472 676 15668
384 676 15669
472 412 15670
122 428 15671
383 676 15672
472 676 15673
122 92 15674
478 676 15675
871 484 15676
383 676 15677
472 676 15678
478 676 15679
122 759 15680
122 538 15681
3 662 15682
383 546 15683
93 233 15684
93 863 15685
424 412 15686
29 484 15687
3 558 15688
478 546 15688
424 763 15689
383 293 15690
472 546 15691
3 639 15692
3 156 15693
383 412 15694
333 572 15695
333 572 15696
3 545 15697
630 558 15697
384 412 15698
3 545 15699
472 412 15700
383 869 15701
383 412 15702
83 546 15703
384 546 15704
83 739 15705
383 546 15706
39 572 15707
472 546 15708
383 546 15709
3 759 15710
478 546 15711
383 546 15712
384 546 15713
472 546 15714
538 759 15715
478 868 15716
104 389 15717
478 546 15718
318 389 15719
134 155 15720
134 297 15721
192 157 15722
192 157 15723
269 391 15724
269 240 15725
269 78 15726
269 90 15727
269 662 15728
671 261 15729
305 510 15730
437 767 15731
437 690 15732
83 261 15733
326 445 15734
83 33 15735
369 730 15736
19 52 15737
369 748 15738
85 294 15739
369 748 15740
48 105 15741
756 445 15742
85 56 15743
359 105 15744
85 40 15745
285 512 15746
395 734 15747
448 450 15748
375 297 15749
448 450 15750
777 868 15751
777 264 15752
478 734 15753
19 56 15754
538 264 15755
538 40 15756
538 78 15757
538 662 15758
247 763 15759
737 290 15760
838 290 15761
49 290 15762
173 428 15763
371 431 15764
438 874 15765
737 40 15766
371 360 15767
777 264 15768
438 329 15769
709 636 15770
709 874 15771
709 690 15772
438 81 15773
438 148 15774
715 886 15775
567 49 15776
438 498 15777
393 290 15778
438 229 15779
829 412 15780
715 484 15781
438 45 15782
538 264 15782
393 290 15783
743 124 15784
743 350 15785
871 229 15786
438 283 15787
743 249 15788
49 290 15789
438 392 15790
438 6 15791
756 179 15792
420 428 15793
104 392 15794
777 264 15795
104 392 15796
279 428 15797
353 786 15798
105 763 15799
353 629 15800
420 355 15801
429 52 15802
360 572 15803
360 874 15804
552 544 15805
552 572 15806
552 560 15807
156 235 15808
562 247 15809
671 261 15810
628 672 15811
64 391 15812
134 297 15813
274 319 15814
269 391 15815
503 734 15816
698 56 15817
698 517 15818
698 60 15819
675 448 15820
764 446 15821
433 222 15822
102 869 15823
221 428 15824
221 544 15825
3 662 15826
552 544 15827
3 662 15828
102 869 15829
375 297 15830
36 50 15831
102 789 15832
576 672 15833
102 86 15834
221 544 15835
578 871 15836
51 831 15837
102 869 15838
395 86 15839
269 662 15840
582 503 15841
582 503 15842
582 503 15843
582 503 15844
50 154 15845
411 354 15846
424 412 15847
50 444 15848
411 388 15849
50 283 15850
424 763 15851
50 55 15851
14 701 15852
283 538 15853
424 874 15854
863 55 15855
209 86 15856
50 55 15857
892 81 15858
209 81 15859
892 392 15860
359 437 15861
359 446 15862
91 154 15863
91 734 15864
47 546 15865
91 727 15866
287 357 15867
595 831 15868
395 734 15869
499 512 15870
395 86 15871
43 350 15872
381 788 15873
381 788 15874
381 96 15875
381 96 15876
247 763 15877
98 546 15878
381 88 15879
381 88 15880
381 597 15881
346 544 15882
381 597 15883
381 559 15884
381 559 15885
135 152 15886
346 880 15887
135 510 15888
381 295 15889
381 295 15890
381 735 15891
381 610 15892
842 701 15893
102 86 15894
392 556 15895
135 484 15896
392 556 15897
392 556 15898
392 157 15899
48 105 15900
392 86 15901
424 763 15902
623 445 15903
51 610 15904
623 157 15905
623 31 15906
392 869 15907
392 157 15908
392 92 15909
392 412 15910
392 389 15911
392 389 15912
616 706 15913
392 389 15914
863 55 15915
424 412 15916
460 510 15917
418 96 15918
102 86 15919
392 869 15920
102 86 15921
102 869 15922
60 104 15923
300 887 15924
122 428 15925
247 763 15926
19 734 15927
122 759 15928
122 538 15929
424 763 15930
118 850 15931
19 56 15932
91 152 15933
493 493 15934
91 734 15935
493 837 15936
493 393 15937
91 290 15938
429 690 15939
245 417 15940
91 424 15941
578 831 15942
269 240 15943
383 874 15944
384 157 15945
743 350 15946
91 424 15946
91 542 15947
384 869 15948
733 31 15949
102 869 15950
349 446 15951
62 510 15952
43 350 15953
384 869 15954
43 36 15955
392 869 15956
733 394 15957
392 157 15958
19 734 15959
102 869 15960
14 701 15961
733 627 15962
384 157 15963
733 221 15964
43 442 15965
259 572 15966
628 672 15967
383 450 15968
733 782 15969
93 290 15970
438 874 15971
438 738 15972
628 672 15973
269 240 15974
383 874 15975
581 689 15976
634 393 15977
93 290 15978
291 868 15979
448 450 15980
291 496 15981
93 290 15982
494 782 15983
93 627 15984
630 874 15985
384 593 15986
395 442 15987
264 387 15988
383 874 15989
395 295 15990
395 869 15991
592 880 15992
592 437 15993
395 790 15994
592 491 15995
592 627 15996
49 240 15997
438 874 15998
829 412 15999
93 133 16000
93 222 16001
93 376 16002
93 295 16003
93 782 16004
556 90 16005
891 290 16006
91 734 16007
756 36 16008
85 40 16009
384 290 16010
269 240 16011
91 290 16012
737 556 16013
384 290 16014
568 776 16015
91 686 16016
43 442 16017
737 290 16018
737 290 16019
28 729 16020
384 290 16020
85 290 16021
43 53 16022
383 874 16023
686 544 16024
62 388 16025
871 81 16026
686 49 16027
3 90 16028
19 729 16029
383 450 16030
3 662 16031
395 442 16032
261 261 16033
384 2 16034
392 869 16035
39 133 16036
3 759 16037
383 869 16038
507 425 16039
39 572 16040
709 690 16040
39 789 16041
245 308 16042
395 869 16043
49 290 16044
261 543 16045
392 869 16046
261 543 16047
83 355 16048
705 40 16049
83 636 16050
261 835 16051
48 393 16052
163 734 16053
261 835 16054
395 734 16055
505 386 16056
83 261 16057
295 686 16058
384 131 16059
100 40 16060
842 701 16061
247 763 16062
384 701 16063
83 701 16064
100 869 16065
83 701 16066
271 106 16067
56 493 16068
538 264 16069
424 412 16070
538 662 16071
424 738 16072
384 545 16073
48 521 16074
424 874 16075
777 425 16076
424 763 16077
777 264 16078
162 226 16079
662 444 16080
274 701 16081
295 154 16082
438 874 16083
274 874 16084
434 290 16085
384 701 16086
162 850 16087
49 290 16088
162 387 16089
438 40 16090
438 676 16091
438 546 16092
295 676 16093
438 874 16094
49 290 16095
162 373 16096
49 290 16097
125 743 16098
85 40 16099
85 40 16100
438 676 16101
438 776 16102
678 197 16103
582 81 16104
829 412 16104
438 738 16105
424 874 16106
162 388 16107
295 676 16108
438 357 16109
424 412 16110
737 759 16111
438 676 16112
51 831 16113
438 874 16114
438 874 16115
162 50 16116
438 572 16117
438 437 16118
424 874 16119
417 507 16120
438 392 16121
842 701 16122
325 5 16123
438 874 16124
362 867 16125
93 290 16126
424 874 16127
709 738 16128
83 776 16129
783 491 16130
83 701 16131
438 874 16132
221 428 16133
438 776 16134
44 880 16135
19 734 16136
19 393 16137
221 257 16138
221 871 16139
306 247 16140
29 443 16141
434 222 16142
301 554 16143
149 90 16144
434 852 16145
434 852 16146
49 290 16147
301 554 16148
564 517 16149
149 376 16150
434 86 16151
552 257 16152
562 247 16153
392 86 16154
392 86 16155
299 102 16156
299 387 16157
299 830 16158
743 350 16159
299 572 16160
102 789 16161
552 572 16162
592 206 16163
299 52 16164
564 830 16165
209 206 16166
564 387 16167
592 880 16168
579 355 16169
8 90 16170
185 445 16171
592 874 16172
185 102 16173
564 434 16174
579 33 16175
424 738 16176
592 373 16177
719 5 16178
424 874 16179
592 373 16180
564 512 16181
164 94 16182
580 282 16183
592 222 16184
630 94 16185
8 222 16186
592 81 16187
592 222 16188
424 388 16189
164 81 16190
164 544 16191
346 376 16192
592 2 16193
592 517 16194
592 53 16195
346 393 16196
346 53 16197
39 206 16198
580 727 16199
580 788 16200
39 789 16201
51 830 16202
43 53 16203
564 830 16204
153 448 16205
153 448 16206
760 108 16207
564 830 16208
39 596 16209
346 880 16210
346 491 16211
346 53 16212
582 81 16213
765 442 16213
8 412 16214
522 55 16215
19 102 16216
43 53 16217
682 54 16218
19 206 16219
19 706 16220
506 226 16221
19 706 16222
443 432 16223
162 492 16224
268 729 16225
268 492 16226
826 50 16227
346 544 16228
346 544 16229
826 492 16230
335 392 16231
682 558 16232
682 180 16233
682 180 16234
494 443 16235
734 222 16236
209 102 16237
8 517 16238
443 157 16239
359 88 16240
872 880 16241
19 393 16242
619 106 16243
359 105 16244
249 70 16245
359 443 16246
682 673 16247
734 855 16248
249 774 16249
8 558 16250
494 102 16251
249 325 16252
494 735 16253
8 197 16254
494 443 16255
249 325 16256
827 852 16257
353 443 16258
519 443 16259
747 484 16260
837 686 16261
747 50 16262
842 701 16263
641 352 16264
826 431 16265
887 49 16266
826 701 16267
842 484 16268
871 392 16269
887 392 16270
221 544 16271
348 102 16272
887 703 16273
221 257 16274
351 94 16275
887 319 16276
392 157 16277
392 703 16278
887 853 16279
50 154 16280
887 260 16281
238 56 16282
887 94 16283
50 444 16284
887 703 16285
50 55 16286
238 355 16287
50 554 16288
192 92 16289
98 392 16290
298 830 16291
238 729 16292
192 157 16293
98 49 16294
19 102 16295
19 729 16296
243 152 16297
856 235 16298
392 157 16299
712 686 16300
619 49 16301
424 703 16302
14 484 16303
712 686 16304
14 701 16305
712 424 16306
712 424 16307
477 269 16308
833 261 16309
833 850 16310
477 269 16311
34 287 16312
833 391 16313
392 157 16314
630 94 16315
630 558 16316
240 437 16317
14 850 16318
637 672 16319
637 180 16320
477 230 16321
240 724 16322
477 523 16323
494 443 16324
392 735 16325
494 735 16326
392 703 16327
424 703 16328
494 388 16329
250 96 16330
530 641 16331
477 634 16332
250 222 16333
427 491 16334
221 544 16335
281 690 16336
353 55 16337
93 290 16338
93 627 16339
281 295 16340
250 393 16341
250 65 16342
392 703 16343
630 376 16343
871 180 16344
93 507 16345
93 376 16346
250 495 16347
93 870 16348
93 197 16349
313 269 16350
630 376 16351
392 388 16352
313 701 16353
392 735 16354
313 150 16355
378 686 16356
392 412 16357
313 294 16358
313 294 16359
435 572 16360
281 50 16361
435 222 16362
93 376 16363
135 572 16364
135 484 16365
859 452 16366
580 634 16367
435 388 16368
580 52 16369
34 740 16370
585 105 16371
540 444 16372
370 88 16373
30 97 16374
753 596 16375
346 544 16376
346 269 16377
346 644 16378
434 222 16379
678 197 16380
432 874 16381
871 91 16382
48 393 16383
48 105 16384
97 33 16385
14 701 16386
49 290 16387
49 290 16388
395 734 16389
395 442 16390
395 295 16391
395 443 16392
395 388 16393
235 388 16394
257 503 16395
395 86 16396
257 558 16397
49 558 16398
257 636 16399
870 789 16400
429 52 16401
429 690 16402
870 734 16403
19 734 16404
56 393 16405
295 154 16406
538 759 16407
709 636 16408
538 264 16409
295 424 16410
149 392 16411
133 592 16412
318 558 16413
424 890 16414
395 734 16415
279 2 16416
445 853 16417
318 839 16418
19 127 16419
51 830 16420
627 388 16421
627 221 16422
414 261 16423
627 673 16424
627 206 16425
414 543 16426
825 627 16427
825 97 16428
83 776 16429
426 850 16430
83 33 16431
414 234 16432
618 572 16433
619 2 16434
5 388 16435
715 867 16436
414 889 16437
83 701 16438
437 690 16439
83 33 16440
83 261 16441
83 355 16442
418 495 16443
637 703 16444
235 388 16445
777 264 16446
39 206 16447
671 261 16448
19 206 16449
238 266 16450
83 261 16451
762 395 16452
134 853 16453
762 585 16454
420 355 16455
762 444 16456
384 2 16457
119 240 16458
119 240 16459
671 261 16460
671 237 16461
119 106 16462
93 290 16463
119 90 16464
93 266 16465
83 261 16466
49 290 16467
228 415 16468
546 673 16469
662 283 16470
575 260 16471
100 290 16472
596 672 16473
477 290 16474
891 106 16475
238 758 16476
891 290 16477
477 269 16478
238 287 16479
567 295 16480
567 389 16481
201 2 16482
49 106 16483
495 60 16484
619 240 16485
891 106 16486
418 484 16487
870 878 16488
49 240 16489
49 106 16490
477 290 16491
477 295 16492
483 220 16493
49 290 16494
438 874 16495
438 776 16496
477 290 16497
438 283 16498
93 627 16499
124 839 16500
276 49 16500
477 290 16501
49 290 16502
671 261 16503
858 31 16504
627 206 16505
392 86 16506
538 264 16507
499 627 16508
499 220 16509
521 236 16510
62 388 16511
247 763 16512
395 86 16513
395 429 16514
166 853 16515
424 763 16516
299 102 16517
299 830 16518
117 394 16519
299 52 16520
285 512 16521
765 442 16522
438 517 16523
733 31 16524
50 444 16525
747 220 16526
733 221 16527
50 154 16528
747 484 16529
737 388 16530
898 236 16531
733 596 16532
477 290 16533
359 97 16534
477 290 16535
98 49 16536
98 703 16537
753 897 16538
383 507 16539
257 36 16540
434 86 16541
383 636 16542
257 91 16543
861 83 16544
257 636 16545
709 592 16546
563 443 16547
53 152 16548
91 727 16549
53 392 16550
91 734 16551
73 236 16552
73 241 16553
392 86 16554
392 86 16555
779 389 16556
271 106 16557
271 290 16558
789 618 16559
107 268 16560
846 388 16561
14 484 16562
14 701 16563
789 518 16564
789 703 16565
870 734 16566
117 242 16567
870 290 16568
134 297 16569
118 226 16570
710 65 16571
710 63 16572
829 412 16572
710 63 16573
437 295 16574
494 443 16575
435 572 16576
34 394 16577
710 701 16578
710 497 16579
846 617 16579
710 497 16580
846 548 16581
417 507 16582
515 360 16583
417 152 16584
515 443 16585
205 417 16586
205 229 16587
313 740 16588
313 596 16589
313 105 16590
29 484 16591
51 517 16592
375 241 16593
375 241 16594
637 133 16595
619 49 16596
346 443 16597
102 86 16598
102 86 16599
405 850 16600
861 187 16601
405 319 16602
712 686 16603
247 763 16604
247 290 16605
247 445 16606
517 236 16607
3 662 16608
443 157 16609
585 105 16610
83 261 16611
49 290 16612
556 90 16613
362 759 16614
362 758 16615
392 703 16616
362 90 16617
362 387 16618
822 389 16619
362 197 16620
345 388 16621
822 558 16622
362 767 16623
362 767 16624
362 244 16625
362 538 16626
301 554 16627
639 222 16628
83 33 16629
639 87 16630
83 33 16631
257 558 16632
639 444 16633
39 133 16634
679 2 16635
39 517 16636
639 435 16637
49 558 16638
92 99 16639
601 839 16640
92 91 16641
8 90 16642
274 261 16643
39 226 16644
192 703 16645
495 96 16646
639 675 16647
326 673 16648
50 554 16649
50 444 16650
639 444 16651
186 484 16652
395 443 16653
556 90 16654
395 86 16655
438 229 16656
360 158 16657
744 40 16658
360 226 16659
580 727 16660
669 60 16660
164 94 16661
164 99 16662
360 874 16663
671 261 16664
363 767 16665
363 767 16666
202 96 16667
64 394 16668
376 675 16669
679 743 16670
454 732 16671
248 70 16672
777 264 16673
384 2 16674
48 105 16675
679 2 16676
29 443 16677
437 86 16678
628 672 16679
628 672 16680
392 86 16681
255 592 16682
495 627 16683
392 86 16684
392 86 16685
437 767 16686
445 853 16687
842 484 16688
154 517 16689
392 86 16690
392 86 16691
392 86 16692
392 86 16693
53 558 16694
393 734 16695
395 734 16696
392 86 16697
424 675 16698
266 390 16699
395 867 16700
383 507 16701
266 91 16702
266 91 16703
472 412 16704
306 247 16705
472 701 16706
326 674 16707
705 751 16708
887 49 16709
472 786 16710
887 319 16711
737 247 16712
472 782 16713
185 102 16714
887 703 16715
887 260 16716
688 445 16717
887 392 16718
472 869 16719
306 247 16720
887 389 16721
259 572 16722
472 507 16723
887 240 16724
472 636 16725
472 676 16726
255 674 16727
255 674 16728
21 424 16729
21 286 16730
67 417 16731
680 636 16732
98 240 16733
98 853 16734
98 392 16735
229 435 16736
238 758 16737
149 392 16738
426 197 16739
395 869 16740
255 886 16741
255 867 16742
679 886 16743
255 886 16744
350 554 16745
350 767 16746
253 2 16747
67 431 16748
363 767 16749
363 867 16750
363 867 16751
47 435 16752
812 389 16753
39 517 16754
50 444 16755
630 558 16756
291 394 16757
506 538 16758
255 867 16759
255 867 16760
733 178 16761
521 236 16762
521 443 16763
53 558 16764
630 558 16765
19 734 16766
250 96 16767
67 297 16768
250 234 16769
67 888 16770
333 386 16771
250 240 16772
250 484 16773
250 393 16774
333 572 16775
250 443 16776
250 644 16777
552 572 16778
333 572 16779
153 786 16780
630 786 16781
552 572 16782
300 183 16783
19 183 16784
745 538 16785
209 102 16786
19 102 16787
164 320 16788
698 751 16789
19 56 16790
19 56 16791
209 52 16792
102 86 16793
438 874 16794
3 197 16795
438 392 16796
93 290 16797
93 290 16797
678 850 16798
19 52 16799
737 247 16800
698 70 16801
102 412 16802
424 763 16803
97 33 16804
97 592 16805
736 388 16806
209 86 16807
539 636 16808
91 734 16809
424 412 16810
269 782 16811
295 234 16812
392 869 16813
35 510 16814
295 676 16815
102 869 16816
679 2 16817
295 424 16818
187 538 16819
187 387 16820
295 426 16821
187 291 16822
187 180 16823
392 412 16824
829 120 16825
414 261 16826
424 412 16827
347 556 16828
378 686 16829
705 445 16830
315 644 16831
347 556 16832
395 386 16833
392 556 16834
83 33 16835
209 52 16836
392 556 16837
47 636 16838
238 56 16839
45 237 16840
326 674 16841
747 484 16842
899 325 16843
347 452 16844
180 386 16845
347 641 16846
130 523 16847
130 538 16848
53 558 16849
247 763 16850
102 412 16851
259 572 16852
579 33 16853
680 636 16854
28 729 16855
8 197 16856
414 261 16857
498 435 16858
745 183 16859
458 60 16860
698 60 16861
538 759 16862
538 264 16863
891 290 16864
538 662 16865
871 484 16866
680 222 16867
458 293 16868
871 417 16869
871 853 16870
756 445 16871
871 389 16872
881 226 16873
83 261 16874
680 759 16875
65 293 16876
149 759 16877
363 867 16878
756 592 16879
383 897 16880
680 36 16881
680 81 16882
351 389 16883
255 674 16884
351 36 16885
255 592 16886
735 183 16887
680 295 16888
255 739 16889
680 759 16890
680 389 16891
255 491 16892
680 897 16893
891 290 16894
18 897 16895
91 154 16896
19 590 16897
378 389 16898
680 437 16899
383 412 16900
91 424 16901
49 240 16902
680 858 16903
49 290 16904
539 759 16905
14 484 16906
14 850 16907
91 290 16908
14 222 16909
53 154 16910
91 154 16911
49 290 16912
91 290 16913
53 154 16914
91 444 16915
680 897 16916
383 157 16917
393 290 16918
91 154 16918
220 261 16919
91 290 16920
383 869 16921
220 394 16922
50 154 16923
393 290 16924
185 52 16925
91 154 16926
435 388 16927
747 388 16928
435 734 16929
435 388 16930
871 240 16931
50 154 16932
220 154 16933
49 240 16934
435 240 16935
243 290 16936
85 60 16937
18 843 16938
837 424 16939
777 293 16940
18 55 16941
50 444 16942
443 157 16943
756 222 16944
91 444 16945
756 36 16946
756 389 16947
255 886 16948
756 444 16949
91 444 16950
8 517 16951
539 183 16952
53 55 16953
8 412 16954
53 154 16955
351 389 16956
363 734 16957
236 506 16958
747 437 16959
747 874 16960
747 373 16961
747 242 16962
747 776 16963
281 373 16964
393 290 16965
236 706 16966
393 734 16967
747 105 16968
569 88 16969
393 544 16970
393 484 16971
393 389 16972
747 484 16973
4 443 16974
747 443 16975
247 417 16976
247 290 16977
3 662 16978
3 412 16979
393 290 16980
3 90 16981
3 197 16982
3 197 16983
238 96 16984
3 558 16985
3 558 16986
3 759 16987
3 759 16988
238 96 16989
3 759 16990
3 759 16991
3 759 16992
3 759 16993
3 759 16994
737 388 16995
393 40 16996
393 388 16997
3 759 16998
538 759 16999
3 759 17000
538 662 17001
494 443 17002
582 240 17003
538 759 17004
494 556 17005
3 759 17006
393 432 17007
3 759 17008
538 759 17009
435 734 17010
269 90 17011
269 662 17012
635 388 17013
635 388 17014
353 786 17015
755 426 17016
19 590 17017
508 105 17018
392 869 17019
392 157 17020
18 55 17021
181 242 17022
181 105 17023
709 636 17024
14 484 17025
562 70 17026
681 730 17027
562 886 17028
579 759 17029
392 890 17030
353 55 17031
164 853 17032
477 295 17033
477 523 17034
477 443 17035
831 237 17036
477 290 17037
424 890 17038
477 290 17039
477 634 17040
477 230 17041
424 157 17042
477 294 17043
477 150 17044
619 2 17045
346 544 17046
431 426 17047
512 426 17048
435 544 17049
512 226 17050
376 40 17051
376 675 17052
833 641 17053
833 445 17054
424 675 17055
833 222 17056
833 261 17057
833 240 17058
833 735 17059
833 735 17060
833 60 17061
833 730 17062
833 183 17063
833 152 17064
593 388 17065
593 443 17066
645 2 17067
494 735 17068
714 220 17069
714 373 17070
667 548 17071
526 843 17072
898 236 17073
429 690 17074
295 424 17075
747 105 17076
438 676 17077
347 556 17078
363 734 17079
91 734 17080
117 242 17081
117 437 17082
737 290 17083
392 157 17084
621 767 17085
621 242 17086
3 662 17087
3 90 17088
3 490 17089
3 244 17090
3 775 17091
3 640 17092
435 240 17093
3 545 17094
438 572 17095
464 506 17096
464 287 17097
255 886 17098
684 50 17099
684 50 17100
438 389 17101
566 592 17102
566 592 17103
566 789 17104
255 592 17105
255 592 17106
83 261 17107
438 636 17108
83 730 17109
49 290 17110
538 545 17111
83 636 17112
538 640 17113
634 362 17114
49 240 17115
538 40 17116
14 701 17117
538 490 17118
538 662 17119
83 701 17120
83 701 17121
149 759 17122
83 776 17123
438 484 17124
98 853 17125
438 81 17126
580 740 17127
580 740 17128
580 644 17129
424 157 17130
34 287 17131
34 740 17132
34 674 17133
733 782 17134
896 388 17135
14 484 17136
14 701 17137
274 261 17138
606 452 17139
274 240 17140
126 104 17141
274 758 17142
274 706 17143
274 435 17144
560 852 17145
274 412 17146
592 99 17147
279 2 17148
592 133 17149
560 544 17150
592 362 17151
592 484 17152
871 484 17153
592 220 17154
375 744 17155
231 452 17156
861 362 17157
244 585 17158
861 266 17158
592 373 17159
592 388 17160
50 154 17161
360 242 17162
306 499 17163
538 412 17164
495 59 17165
634 362 17166
634 484 17167
871 484 17168
126 552 17169
91 154 17170
247 290 17171
8 558 17172
19 744 17173
383 869 17174
50 154 17175
93 120 17176
39 133 17177
93 290 17178
592 133 17179
392 157 17180
392 869 17181
592 133 17182
392 412 17183
392 290 17184
393 290 17185
592 362 17186
29 242 17187
29 484 17188
634 362 17189
626 781 17190
626 391 17191
634 484 17192
744 153 17193
626 593 17194
626 107 17195
744 431 17196
678 197 17197
619 49 17198
83 701 17199
678 869 17200
744 673 17201
747 242 17202
39 133 17203
383 293 17204
618 388 17205
394 637 17206
383 2 17207
383 157 17208
679 2 17209
679 886 17210
381 284 17211
472 412 17212
472 701 17213
472 222 17214
47 776 17215
472 786 17216
472 782 17217
472 869 17218
472 676 17219
383 869 17220
472 636 17221
472 636 17222
472 869 17223
679 45 17224
756 222 17225
472 222 17226
424 157 17227
257 853 17228
628 672 17229
257 636 17230
383 636 17231
418 484 17232
464 287 17233
472 897 17234
842 183 17235
733 31 17236
237 83 17237
383 897 17238
842 484 17239
472 897 17240
842 293 17240
842 701 17241
842 701 17242
628 672 17243
464 40 17244
383 897 17245
705 40 17246
833 261 17247
47 636 17248
833 735 17249
833 767 17250
833 767 17251
833 183 17252
298 292 17253
833 388 17254
619 853 17255
619 895 17256
392 869 17257
392 869 17258
295 154 17259
392 157 17260
392 735 17261
392 412 17262
295 426 17263
392 869 17264
193 284 17265
552 572 17266
392 869 17267
392 869 17268
291 394 17269
546 673 17270
546 673 17271
405 850 17272
546 81 17273
624 236 17274
64 152 17275
627 673 17276
281 593 17277
281 391 17278
281 106 17279
698 153 17280
298 390 17281
213 237 17282
744 153 17283
744 673 17284
706 105 17285
634 484 17286
572 548 17287
572 387 17288
669 50 17289
298 774 17290
64 737 17291
62 510 17292
64 391 17293
62 183 17294
50 154 17295
744 40 17296
34 287 17297
395 388 17298
709 592 17299
744 517 17300
203 499 17301
375 590 17302
715 886 17303
715 293 17304
546 673 17305
14 242 17306
424 388 17307
14 701 17308
14 701 17309
306 499 17310
735 96 17311
181 443 17312
539 183 17313
93 290 17314
93 222 17315
443 386 17316
93 782 17317
375 776 17318
29 242 17319
445 853 17320
207 50 17321
48 96 17322
786 775 17323
83 701 17324
346 544 17325
83 261 17326
346 644 17327
83 355 17328
353 786 17329
395 386 17330
395 388 17331
83 355 17332
85 294 17333
619 853 17334
4 183 17335
83 355 17336
592 60 17337
592 627 17338
592 790 17339
592 260 17340
592 675 17341
592 585 17342
601 732 17343
592 388 17344
592 92 17345
592 127 17346
592 81 17347
592 744 17348
495 759 17349
592 540 17349
592 776 17350
592 517 17351
539 127 17352
698 153 17353
592 850 17354
499 627 17355
499 220 17356
605 674 17357
499 512 17358
359 105 17359
744 153 17360
698 153 17361
744 153 17362
304 388 17363
709 158 17364
698 153 17365
744 153 17366
744 153 17367
709 158 17368
102 869 17369
420 355 17370
346 546 17371
49 290 17372
679 674 17373
679 674 17374
698 153 17375
102 869 17376
744 153 17377
420 294 17378
102 412 17379
744 546 17380
698 153 17381
744 517 17382
744 153 17383
744 153 17384
698 153 17385
546 880 17386
49 644 17387
744 431 17388
49 236 17389
39 789 17390
102 789 17391
238 96 17392
494 735 17393
298 294 17394
83 355 17395
420 355 17396
420 355 17397
83 636 17398
83 355 17399
360 242 17400
360 158 17401
495 627 17402
326 673 17403
326 674 17404
546 673 17405
709 158 17406
392 869 17407
326 673 17408
680 830 17409
848 388 17410
848 388 17411
546 673 17412
308 236 17413
418 484 17414
677 443 17415
424 388 17416
276 874 17417
842 222 17418
842 843 17419
842 319 17420
437 690 17421
437 767 17422
560 558 17423
435 153 17424
560 260 17425
435 92 17426
209 897 17427
435 544 17428
435 759 17429
637 672 17430
552 92 17431
435 92 17432
552 92 17433
435 92 17434
698 153 17435
509 750 17436
326 673 17437
51 830 17438
556 90 17439
552 92 17440
566 592 17441
566 789 17442
679 596 17443
744 153 17444
51 830 17445
8 90 17446
51 7 17447
870 789 17448
861 63 17449
861 295 17450
556 90 17451
861 895 17452
68 640 17453
892 81 17454
892 81 17455
383 412 17456
424 412 17457
346 544 17458
346 376 17459
709 636 17460
295 154 17461
383 869 17462
259 572 17463
259 388 17464
383 157 17465
383 701 17466
827 388 17467
383 271 17468
424 388 17469
93 290 17470
842 361 17471
445 853 17472
47 271 17473
385 395 17474
98 853 17475
385 93 17476
44 880 17477
385 452 17478
385 484 17479
385 388 17480
347 452 17481
14 484 17482
14 701 17483
745 387 17484
745 183 17485
135 152 17486
348 445 17487
149 376 17488
348 391 17489
348 152 17490
499 627 17491
499 627 17492
785 445 17493
238 387 17494
18 897 17495
552 544 17496
494 627 17497
367 50 17498
393 544 17499
393 585 17500
18 843 17501
393 484 17502
203 31 17503
606 452 17504
209 152 17505
392 869 17506
50 154 17507
392 157 17508
53 55 17509
53 55 17510
362 538 17511
362 361 17512
362 244 17513
585 105 17514
362 767 17515
362 867 17516
445 152 17517
362 759 17518
576 742 17519
619 853 17520
362 758 17521
362 435 17522
362 90 17523
585 105 17524
362 387 17525
759 103 17526
362 197 17527
18 55 17528
759 759 17529
18 867 17530
445 853 17531
193 102 17532
83 636 17533
193 102 17534
193 740 17535
564 512 17536
564 387 17537
564 517 17538
238 758 17539
564 759 17540
564 830 17541
19 102 17542
564 152 17543
564 673 17544
438 676 17545
435 153 17546
435 295 17547
93 197 17548
84 293 17549
149 759 17550
281 740 17551
747 220 17552
881 226 17553
747 105 17554
185 102 17555
714 373 17556
634 362 17557
92 99 17558
48 105 17559
353 55 17560
592 362 17561
592 880 17562
592 835 17563
592 585 17564
592 388 17565
592 431 17566
592 361 17567
592 45 17568
592 63 17569
592 222 17570
592 230 17571
592 206 17572
194 387 17573
737 388 17574
825 744 17575
737 290 17576
737 556 17577
737 238 17578
679 45 17579
464 40 17580
464 265 17581
621 767 17582
621 767 17583
621 767 17584
621 767 17585
405 102 17586
621 767 17587
363 767 17588
405 850 17589
621 242 17590
710 63 17591
627 206 17592
851 104 17593
234 789 17594
234 789 17595
743 362 17596
582 853 17597
582 81 17598
362 767 17599
362 867 17600
556 197 17601
362 758 17602
362 197 17603
362 387 17604
743 249 17605
360 264 17606
360 874 17607
580 51 17608
360 158 17609
360 876 17610
360 395 17611
360 738 17612
360 706 17613
719 294 17614
585 105 17615
737 388 17616
585 835 17617
585 736 17618
777 265 17619
118 226 17620
51 517 17621
43 152 17622
447 242 17623
709 158 17624
604 197 17625
872 880 17626
870 789 17627
365 706 17628
693 291 17629
350 874 17630
437 767 17631
365 178 17632
365 154 17633
350 767 17634
365 50 17635
365 538 17636
369 452 17637
585 105 17638
365 873 17639
365 881 17640
477 295 17641
365 242 17642
369 850 17643
365 390 17644
585 874 17645
365 285 17646
365 428 17647
365 237 17648
365 100 17649
365 594 17650
365 484 17651
365 387 17652
365 618 17653
365 730 17654
365 443 17655
365 325 17656
365 742 17657
365 843 17658
118 850 17659
365 389 17660
365 423 17661
611 437 17662
670 88 17663
670 88 17664
670 88 17665
411 222 17666
102 412 17667
625 150 17668
566 789 17669
315 644 17670
670 120 17671
510 99 17672
510 320 17673
346 521 17674
871 521 17675
747 105 17676
510 91 17677
782 426 17678
91 152 17679
753 596 17680
753 596 17681
556 197 17682
619 521 17683
585 105 17684
709 874 17685
64 706 17686
747 105 17687
346 521 17688
445 853 17689
552 572 17690
414 261 17691
156 394 17692
192 545 17693
164 81 17694
164 320 17695
192 157 17696
85 294 17697
416 734 17698
164 544 17699
192 92 17700
164 99 17701
8 90 17702
392 157 17703
8 197 17704
53 55 17705
50 294 17706
720 236 17707
53 294 17708
8 545 17709
633 544 17710
8 244 17711
8 517 17712
3 662 17713
3 545 17714
3 490 17715
515 498 17716
3 558 17717
3 558 17718
3 640 17719
3 759 17720
515 369 17721
3 90 17722
515 221 17723
515 637 17724
3 197 17725
515 393 17726
3 775 17727
515 53 17728
3 412 17729
515 428 17730
3 412 17731
515 290 17732
515 50 17733
515 518 17734
53 558 17735
238 758 17736
347 556 17737
193 740 17738
347 452 17739
118 70 17740
118 493 17741
578 590 17742
578 7 17743
279 428 17744
118 708 17745
118 694 17746
269 90 17747
118 154 17748
118 750 17749
872 99 17750
395 734 17751
395 388 17752
619 853 17753
619 895 17754
10 293 17755
680 290 17756
193 493 17757
443 734 17758
14 484 17759
14 850 17760
193 102 17761
679 886 17762
43 757 17763
154 517 17764
556 90 17765
298 294 17766
363 767 17767
835 153 17768
383 157 17769
835 295 17770
737 388 17771
383 869 17772
435 388 17773
744 153 17774
744 153 17775
744 431 17776
281 740 17777
786 775 17778
744 40 17779
744 673 17780
744 81 17781
281 740 17782
434 244 17783
395 734 17784
585 105 17785
621 242 17786
595 831 17787
618 393 17788
435 244 17789
546 673 17790
515 393 17791
149 90 17792
645 853 17793
104 389 17794
445 853 17795
538 759 17796
538 545 17797
538 640 17798
538 490 17799
538 662 17800
538 412 17801
93 120 17802
601 750 17803
221 257 17804
630 558 17805
556 90 17806
9 119 17807
9 224 17808
9 873 17809
9 530 17810
630 558 17811
9 107 17812
104 853 17813
104 853 17814
9 597 17815
9 179 17816
9 335 17817
351 637 17818
50 154 17819
445 853 17820
619 853 17821
416 390 17822
619 853 17823
416 390 17824
104 853 17825
416 734 17826
367 230 17827
48 521 17828
392 157 17829
91 734 17830
445 853 17831
134 853 17832
8 90 17833
8 197 17834
504 45 17835
149 90 17836
164 99 17837
86 442 17838
39 373 17839
313 732 17840
313 269 17841
494 308 17842
83 53 17843
193 740 17844
164 81 17845
224 226 17846
164 544 17847
164 853 17848
83 734 17849
224 767 17850
438 40 17851
133 592 17852
237 308 17852
133 636 17853
710 749 17854
180 386 17855
710 507 17856
710 254 17857
180 117 17858
671 261 17859
671 261 17860
298 830 17861
83 261 17862
383 2 17863
149 77 17864
39 77 17865
39 77 17866
719 249 17867
39 789 17868
250 96 17869
250 96 17870
250 50 17871
383 2 17872
627 107 17873
383 636 17874
250 644 17875
383 81 17876
250 585 17877
846 692 17878
747 105 17879
510 320 17880
98 853 17881
98 389 17882
285 296 17883
98 91 17883
39 517 17884
281 373 17885
48 393 17886
619 853 17887
564 521 17888
592 590 17889
564 673 17890
279 2 17891
747 105 17892
345 266 17893
345 701 17894
445 853 17895
345 40 17896
345 92 17897
345 31 17898
645 853 17899
345 572 17900
825 530 17901
626 81 17902
274 627 17903
274 261 17904
207 498 17905
696 392 17906
238 96 17907
447 242 17908
274 120 17909
238 84 17910
696 235 17911
238 266 17912
274 60 17913
445 853 17914
561 148 17915
445 107 17916
585 105 17917
656 154 17918
656 394 17919
274 264 17920
619 853 17921
434 86 17922
434 244 17923
48 762 17924
777 264 17925
362 244 17926
362 758 17927
362 867 17928
437 244 17929
437 86 17930
847 751 17931
231 308 17932
56 389 17933
870 789 17934
435 762 17935
435 244 17936
315 694 17937
315 596 17938
426 197 17939
679 2 17940
679 2 17941
679 81 17942
838 244 17943
838 394 17944
49 644 17945
551 640 17946
93 120 17947
538 296 17948
538 264 17949
418 389 17950
360 264 17951
418 376 17952
285 512 17953
333 386 17954
434 767 17955
434 767 17956
645 853 17957
645 127 17958
445 2 17959
590 757 17960
445 2 17961
759 493 17962
8 759 17963
395 734 17964
318 389 17965
395 442 17966
621 242 17967
250 96 17968
621 749 17969
621 518 17970
50 154 17971
621 598 17972
705 152 17973
621 86 17974
207 242 17975
279 2 17976
621 451 17977
72 325 17978
621 498 17979
621 35 17980
621 98 17981
49 451 17982
238 96 17983
238 96 17984
49 96 17985
49 96 17986
131 530 17987
238 96 17988
238 708 17989
856 442 17990
556 90 17991
238 96 17992
679 530 17993
621 295 17994
50 152 17995
56 493 17996
621 451 17997
848 31 17998
639 220 17999
395 86 18000
777 264 18001
628 672 18002
715 260 18003
133 158 18004
628 672 18005
281 376 18006
628 672 18007
237 308 18008
383 2 18009
628 706 18010
383 2 18011
383 2 18012
628 611 18013
454 732 18014
679 2 18015
628 55 18016
269 90 18017
149 90 18018
132 329 18019
556 90 18020
445 2 18021
555 257 18022
593 843 18023
601 127 18024
601 732 18025
49 451 18026
93 133 18027
383 2 18028
93 222 18029
93 266 18030
130 428 18031
709 158 18032
239 736 18033
362 244 18034
362 244 18035
337 224 18036
337 224 18037
588 183 18038
190 706 18039
134 895 18040
376 876 18041
376 675 18042
592 611 18043
418 376 18044
592 220 18045
733 31 18046
733 31 18047
744 40 18048
744 673 18049
733 394 18050
871 392 18051
733 782 18052
552 257 18053
18 843 18054
538 759 18055
98 392 18056
721 734 18057
149 90 18058
745 35 18059
149 392 18060
149 392 18061
556 90 18062
19 393 18063
121 226 18064
121 421 18065
627 498 18066
604 197 18067
121 424 18068
255 592 18069
255 886 18070
634 393 18071
621 451 18072
621 498 18073
346 376 18074
370 868 18075
221 257 18076
592 744 18077
861 895 18078
592 627 18079
592 63 18080
239 183 18081
239 240 18082
837 424 18083
592 308 18084
592 431 18085
445 2 18086
100 708 18087
861 266 18088
264 31 18089
19 744 18090
498 492 18091
326 673 18092
362 759 18093
564 152 18094
564 673 18095
445 152 18096
375 744 18097
8 90 18098
8 244 18099
8 517 18100
8 183 18101
7 644 18102
7 296 18103
7 868 18104
601 868 18105
31 750 18106
416 734 18107
582 240 18108
185 102 18109
582 240 18110
601 750 18111
637 133 18112
637 107 18113
556 90 18114
637 437 18115
49 451 18116
363 244 18117
49 240 18118
363 867 18119
733 154 18120
621 451 18121
546 673 18122
43 153 18123
602 762 18124
281 868 18125
637 38 18126
492 392 18127
645 127 18127
492 392 18128
19 744 18129
43 81 18130
43 725 18131
43 92 18132
43 419 18133
51 517 18134
39 517 18135
637 627 18136
621 394 18137
637 851 18138
637 294 18139
53 152 18140
513 394 18141
637 873 18142
62 759 18143
395 734 18144
637 437 18145
62 734 18146
395 734 18147
326 673 18148
62 183 18149
552 257 18150
274 245 18151
19 183 18152
674 732 18153
274 183 18154
126 104 18155
434 86 18156
744 153 18157
498 56 18158
126 159 18159
892 183 18160
395 394 18161
892 81 18162
97 592 18163
395 86 18164
892 81 18165
362 244 18166
68 308 18166
39 437 18167
892 759 18168
679 81 18169
52 81 18170
445 245 18171
14 701 18172
98 392 18173
52 183 18174
52 419 18175
134 81 18176
134 81 18177
209 759 18178
538 296 18179
134 631 18180
3 558 18181
3 775 18182
3 759 18183
3 662 18184
3 90 18185
492 392 18186
3 244 18187
8 90 18188
274 245 18189
3 412 18190
274 245 18191
679 81 18192
679 392 18193
8 244 18194
3 197 18195
3 490 18196
3 545 18197
491 102 18198
3 640 18199
3 640 18200
8 197 18201
3 244 18202
98 392 18203
3 197 18204
8 490 18205
8 197 18206
3 490 18207
8 490 18208
8 244 18209
360 264 18210
556 197 18211
8 197 18212
8 662 18213
556 197 18214
250 96 18215
8 197 18216
8 412 18217
8 412 18218
3 782 18219
250 183 18220
8 759 18221
637 117 18222
735 421 18223
161 117 18224
698 153 18225
8 197 18226
134 357 18227
551 260 18228
50 154 18229
345 266 18230
447 242 18231
318 839 18232
833 445 18233
851 104 18234
833 242 18235
833 391 18236
833 81 18237
833 735 18238
833 152 18239
833 60 18240
8 240 18241
833 853 18242
833 240 18243
346 419 18244
556 197 18245
363 244 18246
98 853 18247
8 197 18248
203 31 18249
362 244 18250
135 91 18251
8 244 18252
777 264 18253
556 197 18254
135 152 18255
8 197 18256
134 853 18257
336 394 18257
98 91 18258
706 102 18259
362 759 18260
98 853 18261
249 394 18262
630 102 18263
698 56 18264
164 81 18265
164 320 18266
8 759 18267
8 244 18268
336 357 18269
582 853 18270
698 492 18271
582 81 18272
268 706 18273
313 598 18274
268 729 18275
313 701 18276
405 102 18277
270 376 18278
270 131 18279
270 694 18280
270 133 18281
569 88 18281
270 373 18282
313 421 18283
270 77 18284
270 226 18285
270 572 18286
637 437 18287
270 389 18288
270 596 18289
268 45 18290
270 390 18291
270 154 18292
270 107 18293
270 835 18294
313 596 18295
270 484 18296
270 55 18297
268 492 18298
270 387 18299
270 782 18300
270 152 18301
313 740 18302
295 686 18303
270 222 18304
270 46 18305
270 736 18306
270 261 18307
313 294 18308
728 352 18309
51 357 18310
118 708 18311
118 750 18312
871 81 18313
392 869 18314
118 13 18315
83 701 18316
19 373 18317
411 102 18318
19 387 18319
14 701 18320
14 701 18321
118 154 18322
50 154 18323
132 617 18324
871 91 18325
510 320 18326
83 355 18327
149 418 18328
871 514 18329
85 154 18330
274 701 18331
879 352 18332
153 363 18333
50 235 18334
891 790 18335
153 702 18336
50 446 18337
630 702 18338
153 610 18339
744 153 18340
891 560 18341
281 735 18342
635 790 18343
891 432 18344
243 290 18345
231 308 18346
443 432 18347
351 853 18348
637 639 18349
522 55 18350
134 103 18351
522 308 18352
348 391 18353
759 493 18354
165 850 18355
251 394 18356
590 308 18357
522 308 18358
238 708 18359
443 389 18360
98 91 18361
747 850 18362
355 235 18363
355 235 18364
291 868 18365
871 91 18366
619 895 18367
619 853 18368
134 895 18369
134 853 18370
68 308 18371
645 853 18372
68 777 18372
522 308 18373
281 868 18374
91 734 18375
98 91 18376
231 308 18377
871 91 18378
68 308 18379
68 308 18380
98 91 18381
15 50 18382
871 91 18383
98 91 18384
231 308 18385
871 91 18386
98 91 18387
374 159 18388
68 308 18389
871 91 18390
231 308 18391
98 91 18392
735 639 18393
822 235 18394
696 394 18395
833 391 18396
871 91 18397
719 672 18398
837 686 18399
494 104 18400
335 91 18401
68 297 18402
98 91 18403
64 887 18404
335 91 18405
494 60 18406
494 735 18407
856 235 18408
98 392 18409
871 91 18410
785 692 18411
785 598 18412
68 308 18413
895 560 18414
231 308 18415
231 308 18416
281 596 18417
237 308 18418
237 308 18419
281 881 18420
435 222 18421
435 759 18422
435 869 18423
56 493 18424
395 446 18425
519 538 18426
592 308 18427
592 521 18428
592 585 18429
891 560 18430
91 686 18431
752 788 18432
762 585 18433
592 627 18434
592 81 18435
737 290 18436
592 187 18437
592 127 18438
592 777 18439
405 850 18440
825 260 18441
14 701 18442
556 197 18443
826 431 18444
826 431 18445
873 68 18446
346 4 18447
346 544 18448
679 2 18449
363 446 18450
363 446 18451
363 446 18452
122 759 18453
122 428 18454
454 732 18455
90 702 18456
454 732 18457
395 446 18458
53 759 18459
52 290 18460
52 514 18461
326 446 18462
627 206 18463
247 290 18464
153 702 18465
824 850 18466
255 592 18467
504 45 18468
255 867 18469
824 850 18470
231 148 18471
639 220 18472
623 445 18473
679 445 18474
623 157 18475
623 876 18476
715 290 18477
623 266 18478
623 266 18479
326 445 18480
715 363 18481
623 31 18482
16 293 18483
679 445 18484
734 446 18485
383 869 18486
641 352 18487
43 81 18488
861 886 18489
326 445 18490
16 323 18491
16 149 18492
165 850 18493
138 106 18494
16 706 18495
16 352 18496
58 233 18497
274 592 18498
274 596 18499
384 2 18500
274 183 18501
43 757 18502
50 757 18503
635 585 18504
619 2 18505
176 231 18506
176 241 18507
346 897 18508
434 750 18508
176 107 18509
434 750 18510
709 592 18511
253 2 18512
620 159 18513
620 159 18514
153 594 18515
434 850 18516
601 750 18517
601 750 18518
279 428 18519
434 86 18520
601 750 18521
699 2 18522
434 750 18523
477 290 18524
477 290 18525
601 732 18526
699 2 18527
434 750 18528
269 240 18529
619 895 18530
213 31 18531
213 130 18532
510 130 18533
861 725 18534
861 81 18535
255 886 18536
319 363 18537
538 545 18538
538 640 18539
538 490 18540
3 545 18541
538 662 18542
538 545 18543
538 412 18544
424 412 18545
420 355 18546
8 490 18547
538 490 18548
538 412 18549
281 596 18550
85 68 18551
85 68 18552
424 412 18553
337 496 18554
337 496 18555
699 747 18556
747 241 18557
639 672 18558
747 220 18559
39 323 18560
337 706 18561
621 598 18562
171 445 18563
62 734 18564
62 759 18565
384 2 18566
637 672 18567
871 81 18568
395 734 18569
679 2 18570
275 886 18571
275 886 18572
679 445 18573
275 61 18574
275 512 18575
275 221 18576
337 737 18577
619 2 18578
743 99 18579
747 373 18580
747 154 18581
639 220 18582
308 743 18583
679 2 18584
747 50 18585
308 290 18586
383 2 18587
679 743 18588
747 220 18589
747 838 18590
747 391 18591
747 105 18592
192 838 18593
3 490 18594
3 545 18595
3 640 18596
47 743 18597
715 363 18598
4 50 18599
472 701 18600
472 222 18601
472 786 18602
472 782 18603
790 58 18604
472 869 18605
472 507 18606
472 676 18607
472 636 18608
173 50 18609
4 60 18610
472 556 18611
472 412 18612
392 735 18613
472 897 18614
153 363 18615
153 886 18616
381 418 18617
552 560 18618
97 592 18619
102 412 18620
29 484 18621
824 850 18622
737 556 18623
733 394 18624
688 445 18625
375 706 18626
250 897 18627
512 838 18628
592 53 18629
592 260 18630
592 517 18631
592 179 18632
190 706 18633
592 790 18634
630 706 18635
281 735 18636
592 45 18637
592 60 18638
592 4 18639
240 308 18640
240 878 18641
698 517 18642
63 96 18643
472 556 18644
472 556 18645
472 412 18646
472 897 18647
472 782 18648
472 782 18649
630 517 18650
734 706 18651
522 308 18652
395 790 18653
395 394 18654
395 442 18655
522 394 18656
424 412 18657
560 40 18658
560 295 18659
560 767 18660
634 50 18661
634 484 18662
679 445 18663
694 775 18664
281 50 18665
560 245 18666
560 544 18667
154 747 18668
560 152 18669
737 556 18670
737 388 18671
102 412 18672
395 394 18673
237 308 18674
349 446 18675
538 545 18676
538 640 18677
538 490 18678
538 412 18679
19 152 18680
522 394 18681
395 394 18682
238 308 18683
487 730 18684
424 412 18685
566 592 18686
93 233 18687
93 290 18688
237 308 18689
805 282 18690
679 2 18691
712 394 18692
14 701 18693
34 154 18694
805 446 18695
43 81 18696
62 734 18697
237 308 18698
384 224 18699
134 308 18700
887 392 18701
326 242 18702
33 282 18703
392 412 18704
62 759 18705
365 730 18706
870 878 18707
424 412 18708
8 508 18709
348 370 18710
437 852 18711
50 154 18712
805 370 18713
551 640 18714
348 370 18715
237 308 18716
392 412 18717
392 290 18718
193 493 18719
30 373 18720
62 4 18721
264 31 18722
16 373 18723
829 428 18724
630 268 18725
371 183 18726
395 734 18727
279 2 18728
395 394 18729
395 290 18730
51 610 18731
579 743 18732
521 50 18733
221 428 18734
393 734 18735
552 290 18736
552 894 18737
279 428 18738
743 124 18739
539 637 18740
392 290 18741
539 4 18742
130 428 18743
538 743 18744
50 360 18745
510 99 18746
637 672 18747
745 878 18748
747 373 18749
745 878 18750
353 786 18751
580 282 18752
198 853 18753
628 672 18754
109 634 18755
172 549 18756
153 610 18757
628 672 18758
153 786 18759
221 549 18760
134 637 18761
109 443 18762
628 672 18763
58 81 18764
480 880 18765
313 732 18766
313 598 18767
395 734 18768
85 60 18769
85 60 18770
737 290 18771
19 373 18772
83 355 18773
83 730 18774
175 637 18775
512 373 18776
83 636 18777
152 880 18778
747 373 18779
134 837 18780
870 330 18781
240 308 18782
696 183 18783
18 897 18784
637 388 18785
580 634 18786
580 634 18787
347 556 18788
522 308 18789
688 445 18790
580 154 18791
209 786 18792
522 154 18793
259 572 18794
259 572 18795
259 92 18796
522 239 18797
522 105 18798
253 2 18799
243 290 18800
253 2 18801
134 388 18802
348 445 18803
4 60 18804
4 50 18805
236 506 18806
19 373 18807
445 2 18808
515 50 18809
445 2 18810
445 245 18811
30 547 18812
747 50 18813
30 373 18814
747 373 18815
494 60 18816
30 373 18817
30 221 18818
118 850 18819
619 2 18820
34 370 18821
231 308 18822
197 446 18823
871 392 18824
34 379 18825
19 373 18826
743 99 18827
197 242 18828
90 867 18829
353 786 18830
345 701 18831
345 40 18832
238 221 18833
353 50 18834
345 572 18835
149 392 18836
173 50 18837
173 50 18838
173 442 18839
173 295 18840
679 2 18841
395 442 18842
678 197 18843
44 880 18844
403 887 18845
255 592 18846
255 886 18847
306 247 18848
466 49 18849
363 867 18850
737 388 18851
384 2 18852
384 412 18853
454 732 18854
699 2 18855
764 242 18856
308 290 18857
729 70 18858
308 743 18859
383 412 18860
383 224 18861
560 245 18862
560 295 18863
560 592 18864
560 852 18865
560 36 18866
747 242 18867
782 2 18868
560 557 18869
560 183 18870
392 412 18871
516 730 18872
237 308 18873
637 549 18874
243 549 18875
243 290 18876
243 290 18877
833 242 18878
833 391 18879
833 735 18880
833 60 18881
833 730 18882
91 290 18882
346 183 18883
175 637 18884
445 637 18885
255 592 18886
255 867 18887
231 308 18888
31 495 18889
62 183 18890
347 433 18891
62 498 18892
62 443 18893
62 50 18894
556 197 18895
556 90 18896
326 391 18897
347 831 18898
279 428 18899
8 90 18900
856 442 18901
376 40 18902
376 876 18903
376 868 18904
715 363 18905
394 240 18906
842 159 18907
842 293 18908
842 701 18909
472 701 18910
472 701 18911
842 701 18912
472 786 18913
14 242 18914
472 701 18915
362 759 18916
14 701 18917
472 636 18918
842 361 18919
842 127 18920
842 484 18921
472 556 18922
3 545 18923
842 102 18924
472 897 18925
3 782 18926
3 90 18927
3 90 18928
3 197 18929
14 484 18930
3 759 18931
3 759 18932
3 775 18933
3 490 18934
3 490 18935
3 662 18936
3 662 18937
3 662 18938
100 290 18939
3 640 18940
416 773 18941
495 418 18942
810 705 18943
495 737 18944
172 549 18945
98 392 18946
734 446 18947
420 355 18948
420 428 18949
412 637 18950
346 183 18951
445 152 18952
785 445 18953
39 369 18954
39 369 18955
593 50 18956
522 777 18957
785 598 18958
785 692 18959
522 308 18960
19 102 18961
4 50 18962
744 40 18963
308 290 18964
332 104 18965
487 730 18966
621 598 18967
556 90 18968
83 355 18969
556 197 18970
83 636 18971
345 40 18972
173 295 18973
739 206 18974
237 308 18975
43 442 18976
739 206 18977
134 637 18978
281 868 18979
234 789 18980
395 433 18981
44 880 18982
395 442 18983
805 492 18984
848 31 18985
18 523 18986
35 510 18987
62 510 18988
164 508 18989
420 355 18990
164 637 18991
164 99 18992
486 45 18993
93 290 18994
231 308 18995
480 880 18996
424 773 18997
424 737 18998
480 258 18999
121 421 19000
28 254 19001
34 287 19002
250 96 19003
250 127 19004
250 484 19005
9 530 19006
34 433 19007
9 81 19008
34 282 19009
9 876 19010
9 179 19011
9 92 19012
9 627 19013
9 45 19014
9 387 19015
9 183 19016
9 759 19017
9 431 19018
9 152 19019
9 107 19020
739 180 19021
9 740 19022
9 432 19023
743 99 19024
9 290 19025
739 180 19026
739 180 19027
679 45 19028
552 92 19029
494 50 19030
3 197 19031
3 90 19032
739 776 19033
3 759 19034
739 776 19035
622 31 19036
622 31 19037
739 124 19038
279 428 19039
200 50 19040
281 50 19041
392 86 19042
392 157 19043
62 183 19044
62 50 19045
805 282 19046
805 740 19047
556 197 19048
588 392 19049
556 90 19050
805 851 19051
601 127 19052
517 387 19053
517 492 19054
805 52 19055
805 387 19056
362 81 19057
362 759 19058
601 732 19059
739 293 19060
322 363 19061
322 445 19062
739 293 19063
739 293 19064
739 293 19065
322 484 19066
394 637 19067
153 363 19068
238 96 19069
83 776 19070
582 81 19071
328 445 19072
795 226 19073
173 50 19074
395 432 19075
395 433 19076
382 221 19077
764 388 19078
699 443 19079
445 107 19080
548 289 19081
237 308 19082
346 258 19083
346 376 19084
870 789 19085
395 388 19086
892 743 19087
195 855 19088
892 392 19089
538 545 19090
538 490 19091
538 662 19092
291 242 19093
827 852 19094
14 484 19095
14 242 19096
132 782 19097
265 874 19098
265 517 19099
265 632 19100
265 632 19101
386 103 19102
265 508 19103
764 388 19104
437 852 19105
437 86 19106
265 738 19107
265 497 19108
637 107 19109
363 734 19110
265 595 19111
265 595 19112
871 484 19113
125 637 19114
3 662 19115
3 197 19116
3 90 19117
743 124 19118
3 545 19119
3 490 19120
3 759 19121
363 244 19122
363 244 19123
3 244 19124
3 782 19125
363 244 19126
16 293 19127
438 776 19128
363 86 19129
438 676 19130
133 592 19131
392 86 19132
637 511 19133
538 490 19134
538 662 19135
8 90 19136
392 388 19137
274 701 19138
764 388 19139
405 102 19140
274 96 19141
363 86 19142
627 221 19143
8 197 19144
351 637 19145
363 86 19146
623 31 19147
578 831 19148
164 508 19149
100 592 19150
392 86 19151
274 592 19152
384 271 19153
274 737 19154
164 637 19155
255 776 19156
164 99 19157
91 734 19158
91 734 19159
164 320 19160
255 592 19161
91 734 19162
424 737 19163
562 247 19164
274 737 19165
279 2 19166
279 851 19167
363 86 19168
97 592 19169
424 737 19170
371 850 19171
645 127 19172
363 119 19173
34 740 19174
34 855 19175
34 152 19176
34 445 19177
34 154 19178
34 433 19179
34 391 19180
50 152 19181
83 776 19182
782 2 19183
255 592 19184
255 592 19185
851 104 19186
274 737 19187
274 592 19188
630 376 19189
250 96 19190
250 734 19191
144 36 19192
50 376 19193
744 40 19194
165 850 19195
580 282 19196
144 124 19197
424 737 19198
144 257 19199
580 740 19200
144 221 19201
274 737 19202
328 484 19203
144 837 19204
144 388 19205
548 119 19206
144 290 19207
580 52 19208
424 737 19209
435 852 19210
238 96 19211
243 290 19212
274 96 19213
376 595 19214
376 40 19215
274 737 19216
376 868 19217
592 308 19218
592 777 19219
424 737 19220
274 737 19221
592 60 19222
499 627 19223
463 444 19224
50 444 19225
50 444 19226
463 444 19227
463 444 19228
424 737 19229
592 183 19230
221 549 19231
274 737 19232
826 431 19233
826 387 19234
826 443 19235
8 759 19236
629 293 19237
8 662 19238
144 224 19239
85 443 19240
128 2 19241
856 235 19242
128 51 19243
887 392 19244
887 392 19245
856 242 19246
856 236 19247
887 81 19248
833 282 19249
833 391 19250
84 330 19251
833 81 19252
833 363 19253
833 60 19254
747 443 19255
84 96 19256
833 183 19257
274 183 19258
369 749 19259
833 183 19260
274 587 19261
346 376 19262
274 376 19263
274 335 19264
494 735 19265
833 735 19266
274 72 19267
494 60 19268
494 735 19269
274 233 19270
565 388 19271
274 884 19272
67 230 19273
67 4 19274
568 222 19275
494 308 19276
833 222 19277
568 226 19278
833 735 19279
833 60 19280
259 92 19281
568 222 19282
833 388 19283
833 222 19284
259 572 19285
494 387 19286
568 628 19287
568 222 19288
494 735 19289
231 308 19290
494 308 19291
881 226 19292
424 388 19293
833 388 19294
744 40 19295
494 388 19296
281 740 19297
568 445 19298
568 776 19299
568 850 19300
568 788 19301
281 740 19302
34 740 19303
34 282 19304
679 2 19305
679 2 19306
679 2 19307
383 2 19308
383 2 19309
383 2 19310
97 592 19311
383 587 19312
472 222 19313
472 676 19314
472 636 19315
679 2 19316
14 242 19317
363 119 19318
363 734 19319
420 154 19320
679 2 19321
39 628 19322
64 282 19323
43 81 19324
48 762 19325
255 81 19326
510 320 19327
255 876 19328
618 388 19329
255 739 19330
510 99 19331
3 197 19332
3 490 19333
3 759 19334
679 2 19335
556 197 19336
556 90 19337
3 639 19338
796 734 19339
3 662 19340
753 236 19341
620 261 19342
538 490 19343
538 662 19344
743 99 19345
580 282 19346
332 104 19347
637 639 19348
826 388 19349
826 395 19350
826 762 19351
510 99 19352
826 443 19353
826 491 19354
826 387 19355
826 390 19356
83 776 19357
126 782 19358
639 152 19359
264 31 19360
464 265 19361
93 233 19362
464 506 19363
464 287 19364
93 290 19364
773 289 19365
773 492 19366
376 876 19367
376 672 19368
360 874 19369
238 96 19370
256 492 19371
238 152 19372
238 492 19373
745 88 19374
90 442 19375
363 290 19376
39 206 19377
39 517 19378
50 154 19379
255 876 19380
3 197 19381
255 776 19382
255 491 19383
3 662 19384
255 776 19385
3 490 19386
3 90 19387
255 776 19388
3 639 19389
395 442 19390
205 880 19391
274 96 19392
274 96 19393
205 99 19394
785 598 19395
785 437 19396
785 686 19397
274 233 19398
785 492 19399
274 598 19400
785 782 19401
785 598 19402
785 2 19403
785 850 19404
9 224 19405
9 81 19406
9 92 19407
9 36 19408
9 627 19409
9 335 19410
9 45 19411
9 183 19412
9 759 19413
9 52 19414
9 431 19415
833 222 19416
833 261 19417
833 152 19418
274 335 19419
593 492 19420
237 308 19421
237 762 19422
538 490 19423
538 662 19424
9 107 19425
621 598 19426
9 335 19427
864 855 19428
864 40 19429
9 740 19430
102 412 19431
9 432 19432
9 290 19433
144 36 19434
383 412 19435
383 412 19436
435 244 19437
435 767 19438
548 257 19439
548 119 19440
393 484 19441
392 412 19442
9 119 19443
9 36 19444
371 850 19445
371 50 19446
363 244 19447
363 290 19448
367 224 19449
753 596 19450
384 412 19451
367 868 19452
747 50 19453
747 484 19454
472 222 19455
472 782 19456
747 105 19457
747 762 19458
564 517 19459
747 154 19460
747 220 19461
384 412 19462
472 412 19463
384 412 19464
3 490 19465
3 662 19466
3 759 19467
14 484 19468
538 490 19469
538 662 19470
3 662 19471
3 490 19472
443 432 19473
678 451 19474
678 542 19475
250 431 19476
64 391 19477
134 593 19478
737 759 19479
64 674 19480
363 437 19481
735 639 19482
64 737 19483
363 349 19484
892 392 19485
363 71 19486
454 236 19486
363 390 19487
363 639 19488
363 81 19489
363 40 19490
122 393 19491
9 759 19492
420 154 19493
9 431 19494
104 393 19495
363 295 19496
9 290 19497
262 742 19498
363 92 19499
262 764 19500
262 5 19501
262 5 19502
363 13 19503
363 836 19504
363 248 19505
739 293 19506
91 154 19507
744 40 19508
384 179 19509
363 283 19510
91 152 19511
739 293 19512
363 219 19513
91 734 19514
362 244 19515
91 290 19516
739 124 19517
362 759 19518
517 236 19519
362 81 19520
257 389 19521
739 776 19522
363 244 19523
363 734 19524
144 492 19525
826 431 19526
739 776 19527
144 492 19528
384 492 19529
238 96 19530
739 776 19531
98 389 19532
345 492 19533
429 852 19534
445 389 19535
345 40 19536
345 92 19537
345 31 19538
156 6 19539
285 598 19540
156 6 19541
345 572 19542
345 392 19543
363 92 19544
733 31 19545
552 257 19546
637 107 19547
3 759 19548
93 233 19549
93 290 19550
739 776 19551
93 290 19552
276 495 19553
308 290 19554
715 290 19555
308 236 19556
715 428 19557
715 222 19558
420 154 19559
827 852 19560
420 154 19561
279 2 19562
257 636 19563
50 154 19564
420 868 19565
420 154 19566
499 220 19567
274 96 19568
39 248 19569
274 737 19570
274 233 19571
274 596 19572
363 248 19573
392 412 19574
619 389 19575
747 220 19576
274 412 19577
777 595 19578
256 492 19579
383 412 19580
50 154 19581
192 92 19582
383 782 19583
383 2 19584
3 639 19585
409 843 19586
384 412 19587
91 154 19588
384 492 19589
91 290 19590
50 154 19591
383 412 19592
91 154 19593
384 412 19594
91 154 19595
91 154 19596
91 154 19597
747 154 19598
363 290 19599
50 154 19600
326 437 19601
424 737 19602
281 391 19603
735 389 19604
363 437 19605
424 412 19606
43 442 19607
43 81 19608
43 92 19609
43 92 19610
83 53 19611
424 412 19612
43 53 19613
409 270 19614
221 257 19615
871 780 19616
522 308 19617
522 105 19618
363 81 19619
522 388 19620
838 244 19621
18 897 19622
747 154 19623
838 290 19624
346 376 19625
346 179 19626
346 393 19627
870 290 19628
363 244 19629
8 197 19630
548 887 19631
838 734 19632
424 388 19633
409 152 19634
8 759 19635
409 224 19636
838 244 19637
91 154 19638
838 244 19639
8 662 19640
214 499 19641
62 4 19642
363 244 19643
548 257 19644
231 777 19645
375 880 19646
214 55 19647
214 31 19648
264 31 19649
264 31 19650
313 732 19651
438 776 19652
264 266 19653
753 236 19654
522 55 19655
83 636 19656
735 53 19657
83 53 19658
306 499 19659
735 53 19660
49 290 19661
83 53 19662
499 220 19663
83 53 19664
891 290 19665
83 33 19666
480 880 19667
384 636 19668
384 897 19669
614 150 19670
614 843 19671
214 499 19672
214 31 19673
384 69 19674
14 701 19675
679 2 19676
744 40 19677
478 730 19678
336 84 19679
326 437 19680
279 2 19681
556 197 19682
546 639 19683
546 639 19684
164 81 19685
435 545 19686
164 99 19687
164 320 19688
435 266 19689
435 852 19690
62 388 19691
255 776 19692
164 99 19693
255 81 19694
435 734 19695
32 55 19696
424 388 19697
255 81 19698
144 36 19699
861 785 19700
193 102 19701
144 257 19702
144 257 19703
679 81 19704
861 266 19705
259 572 19706
173 393 19707
250 96 19708
424 393 19709
62 388 19710
522 388 19711
424 388 19712
250 431 19713
62 388 19714
348 391 19715
4 858 19716
259 92 19717
498 253 19718
580 876 19719
556 90 19720
350 874 19721
91 734 19722
62 734 19723
582 389 19724
582 81 19725
582 895 19726
634 874 19727
50 154 19728
634 484 19729
582 895 19730
634 393 19731
267 388 19732
267 424 19733
267 197 19734
47 69 19735
267 585 19736
472 701 19737
256 734 19738
43 92 19739
472 782 19740
472 636 19741
39 248 19742
39 437 19743
39 632 19744
472 412 19745
891 106 19746
39 156 19747
39 127 19748
384 412 19749
555 257 19750
384 636 19751
384 69 19752
39 831 19753
805 282 19754
39 517 19755
805 492 19755
628 672 19756
601 732 19757
102 71 19758
747 220 19759
91 154 19760
548 257 19761
522 105 19762
91 734 19763
144 257 19764
805 387 19765
257 636 19766
393 290 19767
892 297 19768
805 391 19769
250 127 19770
424 412 19771
328 52 19772
255 593 19773
274 96 19774
813 556 19775
50 154 19776
494 308 19777
747 154 19778
243 887 19779
50 154 19780
353 786 19781
243 290 19782
243 290 19783
44 297 19784
102 869 19785
576 150 19786
601 127 19787
747 154 19788
367 868 19789
50 154 19790
565 412 19791
494 388 19792
384 412 19793
863 55 19794
826 50 19795
8 90 19796
8 197 19797
510 320 19798
510 320 19799
424 412 19800
827 852 19801
709 595 19802
124 70 19803
838 244 19804
395 734 19805
506 244 19806
838 244 19807
347 556 19808
838 244 19809
737 290 19810
637 412 19811
347 831 19812
384 412 19813
395 442 19814
85 290 19815
181 391 19816
834 389 19817
247 290 19818
424 412 19819
134 881 19820
747 154 19821
747 391 19822
541 492 19823
541 56 19824
50 154 19825
522 868 19826
541 729 19827
279 2 19828
416 734 19829
579 739 19830
392 869 19831
392 556 19832
197 446 19833
579 33 19834
134 297 19835
392 412 19836
392 412 19837
637 371 19838
388 538 19839
121 226 19840
519 538 19841
346 150 19842
432 105 19843
39 371 19844
39 371 19845
494 78 19846
424 412 19847
392 412 19848
637 786 19849
65 221 19850
825 254 19851
373 105 19852
122 393 19853
122 393 19854
173 393 19855
1 850 19856
308 290 19857
308 236 19858
881 226 19859
824 850 19860
824 850 19861
856 442 19862
315 596 19863
315 572 19864
315 325 19865
315 644 19866
528 874 19867
383 412 19868
383 2 19869
383 897 19870
383 222 19871
383 786 19872
895 560 19873
395 442 19874
395 869 19875
395 556 19876
395 290 19877
255 739 19878
891 290 19879
777 595 19880
47 729 19881
47 56 19882
454 732 19883
16 639 19884
156 105 19885
424 412 19886
898 236 19887
898 236 19888
392 869 19889
861 224 19890
414 261 19891
392 556 19892
861 90 19893
592 99 19894
592 60 19895
619 895 19896
335 392 19897
335 790 19898
238 729 19899
538 759 19900
538 662 19901
538 490 19902
53 392 19903
619 631 19904
753 596 19905
472 412 19906
472 556 19907
93 270 19908
93 233 19909
472 222 19910
472 786 19911
93 290 19912
856 442 19913
472 869 19914
388 538 19915
472 636 19916
472 897 19917
518 742 19918
518 540 19919
785 598 19920
395 442 19921
395 556 19922
785 437 19923
395 222 19924
9 224 19925
9 81 19926
395 290 19927
564 222 19928
247 290 19929
785 394 19930
785 152 19931
785 152 19932
564 152 19933
9 290 19934
412 572 19935
346 644 19936
43 92 19937
424 394 19938
91 154 19939
392 869 19940
91 734 19941
326 437 19942
91 290 19943
777 593 19944
39 437 19945
887 392 19946
392 556 19947
392 412 19948
392 92 19949
39 572 19950
392 92 19951
887 389 19952
887 81 19953
743 99 19954
743 124 19955
257 636 19956
257 636 19957
592 220 19958
592 241 19959
556 90 19960
384 222 19961
256 734 19962
8 90 19963
639 672 19964
534 239 19965
435 222 19966
639 572 19967
39 68 19968
639 572 19969
494 60 19970
494 389 19971
384 222 19972
435 222 19973
384 222 19974
435 222 19975
639 762 19976
639 762 19977
119 224 19978
249 325 19979
315 644 19980
39 369 19981
236 572 19982
363 734 19983
393 734 19984
272 40 19985
50 154 19986
313 732 19987
313 598 19988
313 598 19989
308 290 19990
363 290 19991
308 290 19992
53 885 19993
93 290 19994
93 290 19995
351 389 19996
90 737 19997
351 389 19998
90 867 19999
861 224 20000
861 644 20001
871 644 20002
432 874 20003
97 596 20004
97 33 20005
424 737 20006
829 412 20007
829 233 20008
472 222 20009
472 869 20010
871 81 20011
90 737 20012
678 197 20013
173 290 20014
1 850 20015
871 36 20016
93 233 20017
93 290 20018
435 852 20019
834 724 20020
9 40 20021
9 36 20022
733 394 20023
91 154 20024
274 737 20025
91 290 20026
274 598 20027
580 282 20028
813 556 20029
98 392 20030
98 392 20031
83 776 20032
424 737 20033
541 729 20034
164 81 20035
164 99 20036
164 320 20037
19 729 20038
347 556 20039
637 672 20040
454 732 20041
555 283 20042
371 850 20043
255 776 20044
375 150 20045
392 869 20046
844 154 20047
568 222 20048
844 93 20049
528 874 20050
568 776 20051
844 706 20052
345 92 20053
827 852 20054
777 265 20055
3 662 20056
3 197 20057
3 490 20058
3 90 20059
3 759 20060
674 732 20061
3 639 20062
568 226 20063
3 782 20064
335 392 20065
363 93 20066
363 92 20067
861 62 20068
83 33 20069
83 33 20070
83 881 20071
522 394 20072
47 776 20073
200 362 20074
47 729 20075
383 782 20076
796 734 20077
473 235 20078
383 897 20079
473 373 20080
117 593 20081
796 734 20082
445 49 20083
473 593 20084
473 484 20085
473 297 20086
510 320 20087
546 81 20088
510 362 20089
102 869 20090
102 869 20091
510 99 20092
104 393 20093
98 49 20094
384 869 20095
510 130 20096
510 91 20097
43 36 20098
102 869 20099
43 81 20100
546 81 20101
98 91 20102
429 52 20103
546 81 20104
93 290 20105
3 782 20106
376 595 20107
376 40 20108
376 876 20109
376 876 20110
53 40 20111
91 290 20112
565 868 20113
764 876 20114
506 244 20115
234 789 20116
9 81 20117
445 853 20118
582 853 20119
595 831 20120
480 258 20121
534 388 20122
373 394 20123
259 92 20124
257 853 20125
384 869 20126
541 729 20127
522 394 20128
135 390 20129
871 91 20130
424 394 20131
135 572 20132
528 491 20133
90 394 20134
645 895 20135
362 759 20136
556 90 20137
871 853 20138
314 772 20139
493 179 20140
454 595 20141
539 183 20142
384 179 20143
98 853 20144
409 224 20145
384 224 20146
392 869 20147
384 412 20148
636 836 20149
392 389 20150
512 373 20151
512 226 20152
313 492 20153
384 869 20154
313 150 20155
64 394 20156
98 389 20157
743 362 20158
134 853 20159
424 412 20160
28 106 20161
250 393 20162
250 183 20163
274 183 20164
494 491 20165
274 412 20166
539 183 20167
539 183 20168
363 836 20169
367 224 20170
367 868 20171
117 394 20172
117 394 20173
887 392 20174
578 590 20175
824 850 20176
288 831 20177
164 99 20178
164 320 20179
164 853 20180
327 325 20181
285 598 20182
93 290 20183
395 734 20184
395 394 20185
395 394 20186
313 598 20187
833 261 20188
833 391 20189
833 81 20190
8 90 20191
833 388 20192
735 53 20193
34 282 20194
833 282 20195
568 49 20196
392 869 20197
34 394 20198
144 492 20199
705 40 20200
34 287 20201
360 106 20202
705 106 20203
384 869 20204
4 183 20205
392 869 20206
303 93 20207
538 490 20208
538 662 20209
392 869 20210
384 869 20211
532 499 20212
392 869 20213
4 492 20214
303 428 20215
4 492 20216
443 93 20217
303 778 20218
753 236 20219
4 222 20220
102 869 20221
97 33 20222
102 869 20223
4 253 20224
257 49 20225
833 222 20226
50 154 20227
30 373 20228
392 869 20229
623 876 20230
392 869 20231
392 556 20232
568 49 20233
43 66 20234
521 236 20235
637 511 20236
637 775 20237
238 729 20238
637 639 20239
568 222 20240
4 222 20241
747 220 20242
98 49 20243
274 775 20244
274 598 20245
564 759 20246
73 241 20247
346 183 20248
619 49 20249
747 105 20250
274 183 20251
353 786 20252
353 55 20253
568 373 20254
770 557 20255
770 701 20256
350 447 20257
881 226 20258
98 49 20259
590 757 20260
274 701 20261
870 789 20262
870 734 20263
870 878 20264
213 130 20265
48 878 20266
214 499 20267
445 389 20268
18 428 20269
18 428 20270
783 491 20271
871 853 20272
383 869 20273
383 556 20274
395 394 20275
395 556 20276
395 290 20277
473 319 20278
255 876 20279
81 446 20280
235 388 20281
747 726 20282
93 290 20283
445 853 20284
247 290 20285
164 81 20286
164 853 20287
164 99 20288
164 155 20289
277 447 20290
56 389 20291
363 446 20292
43 81 20293
337 224 20294
805 282 20295
805 282 20296
375 590 20297
805 282 20298
375 62 20299
805 492 20300
337 776 20301
357 40 20302
743 99 20303
743 179 20304
743 349 20305
743 750 20306
117 394 20307
737 290 20308
509 545 20309
861 99 20310
509 750 20311
601 750 20312
509 593 20313
861 895 20314
445 389 20315
250 349 20316
83 776 20317
83 33 20318
83 636 20319
90 737 20320
418 484 20321
134 593 20322
134 881 20323
134 857 20324
509 750 20325
131 224 20326
585 874 20327
131 197 20328
838 244 20329
509 70 20330
601 750 20331
509 858 20332
538 545 20333
384 869 20334
395 394 20335
395 290 20336
395 290 20337
156 394 20338
383 874 20339
871 853 20340
619 853 20341
383 869 20342
871 853 20343
384 869 20344
48 40 20345
838 515 20346
367 224 20347
367 446 20348
376 595 20349
376 40 20350
376 876 20351
494 446 20352
838 71 20353
838 81 20354
464 265 20355
777 265 20356
719 349 20357
861 497 20358
424 595 20359
220 394 20360
257 636 20361
645 895 20362
645 521 20363
395 394 20364
395 869 20365
509 545 20366
764 876 20367
346 491 20368
39 789 20369
164 99 20370
743 750 20371
743 99 20372
164 99 20373
47 776 20374
117 394 20375
363 244 20376
739 878 20377
682 180 20378
739 878 20379
494 491 20380
98 853 20381
98 853 20382
739 776 20383
518 446 20384
739 99 20385
582 853 20386
739 180 20387
739 180 20388
739 180 20389
535 220 20390
739 180 20391
870 789 20392
739 91 20393
98 853 20394
842 127 20395
223 206 20396
19 206 20397
98 853 20398
811 119 20399
699 443 20400
538 545 20401
619 853 20402
891 560 20403
891 560 20404
621 394 20405
582 853 20406
90 442 20407
8 197 20408
518 542 20409
8 244 20410
8 490 20411
8 319 20412
376 876 20413
39 789 20414
891 247 20415
891 432 20416
62 388 20417
83 636 20418
679 432 20419
679 155 20420
871 91 20421
721 247 20422
538 490 20423
93 290 20424
281 497 20425
281 443 20426
710 63 20427
346 491 20428
710 636 20429
395 432 20430
395 442 20431
395 388 20432
395 290 20433
81 446 20434
383 293 20435
62 388 20436
637 703 20437
77 881 20438
351 389 20439
98 703 20440
395 388 20441
861 497 20442
861 295 20443
861 503 20444
106 308 20445
257 503 20446
891 247 20447
281 295 20448
216 497 20449
281 497 20450
281 497 20451
281 497 20452
216 497 20453
98 853 20454
861 418 20455
826 492 20456
85 443 20457
255 491 20458
892 392 20459
459 448 20460
861 636 20461
328 52 20462
593 484 20463
593 492 20464
238 308 20465
9 703 20466
9 290 20467
259 388 20468
247 515 20469
208 288 20470
395 388 20471
728 352 20472
255 598 20473
43 442 20474
43 442 20475
154 517 20476
337 776 20477
593 236 20478
376 421 20479
870 265 20480
281 236 20481
838 244 20482
47 776 20483
443 432 20484
443 432 20485
560 884 20486
560 36 20487
90 737 20488
634 484 20489
560 896 20490
291 878 20491
237 308 20492
376 876 20493
580 282 20494
777 265 20495
250 127 20496
250 484 20497
568 776 20498
580 81 20499
362 759 20500
362 759 20501
362 90 20502
362 387 20503
362 197 20504
362 197 20505
362 81 20506
699 349 20507
699 349 20508
699 2 20509
861 197 20510
861 853 20511
861 853 20512
614 484 20513
454 236 20514
645 127 20515
14 701 20516
14 530 20517
699 530 20518
699 443 20519
568 282 20520
699 443 20521
699 747 20522
361 253 20523
361 253 20524
47 2 20525
14 530 20526
637 412 20527
509 545 20528
509 290 20529
255 598 20530
234 789 20531
255 776 20532
255 776 20533
255 876 20534
637 498 20535
637 220 20536
257 544 20537
870 789 20538
870 878 20539
637 349 20540
528 874 20541
306 247 20542
637 786 20543
472 701 20544
472 222 20545
637 507 20546
472 782 20547
39 517 20548
472 869 20549
39 789 20550
257 389 20551
699 530 20552
580 282 20553
62 388 20554
62 759 20555
592 220 20556
592 99 20557
592 437 20558
592 349 20559
376 598 20560
592 362 20561
592 239 20562
376 736 20563
592 632 20564
216 853 20565
679 432 20566
90 867 20567
184 244 20568
363 867 20569
48 878 20570
363 244 20571
376 732 20572
548 283 20573
166 538 20574
435 759 20575
247 515 20576
395 867 20577
360 876 20578
281 236 20579
395 442 20580
281 740 20581
395 869 20582
395 388 20583
395 290 20584
274 736 20585
592 308 20586
8 90 20587
272 50 20588
8 197 20589
375 759 20590
255 739 20591
395 50 20592
527 93 20593
47 759 20594
592 491 20595
592 388 20596
592 585 20597
4 50 20598
592 389 20599
592 183 20600
592 431 20601
592 105 20602
363 867 20603
250 544 20604
592 4 20605
592 206 20606
9 876 20607
592 60 20608
250 431 20609
592 484 20610
592 517 20611
47 69 20612
592 373 20613
62 759 20614
592 590 20615
47 759 20616
592 63 20617
592 736 20618
393 389 20619
592 2 20620
592 179 20621
592 92 20622
592 627 20623
861 252 20624
493 179 20625
578 831 20626
493 837 20627
39 632 20628
39 206 20629
39 517 20630
39 517 20631
639 672 20632
639 444 20633
635 290 20634
592 127 20635
592 206 20636
592 431 20637
601 732 20638
418 515 20639
418 36 20640
418 484 20641
445 2 20642
392 869 20643
445 389 20644
580 184 20645
392 869 20646
637 672 20647
279 428 20648
279 2 20649
593 236 20650
193 393 20651
193 740 20652
102 71 20653
861 389 20654
102 869 20655
445 389 20656
43 350 20657
47 450 20658
281 740 20659
527 732 20660
635 181 20661
395 766 20662
395 434 20663
313 732 20664
395 429 20665
313 326 20666
247 515 20667
313 326 20668
1 741 20669
247 763 20670
313 598 20671
9 543 20672
9 854 20673
313 421 20674
313 492 20675
9 251 20676
725 830 20677
9 870 20678
639 87 20679
639 87 20680
298 101 20681
200 362 20682
601 129 20683
279 182 20684
789 703 20685
871 853 20686
789 585 20687
764 876 20688
588 871 20689
588 524 20690
789 290 20691
588 183 20692
588 591 20693
98 389 20694
105 763 20695
62 292 20696
62 759 20697
98 853 20698
62 183 20699
384 869 20700
424 890 20701
62 644 20702
62 4 20703
62 498 20704
62 875 20705
47 759 20706
14 709 20707
14 484 20708
14 326 20709
14 701 20710
281 740 20711
187 183 20712
237 252 20713
237 83 20714
637 498 20715
315 644 20716
50 444 20717
238 75 20718
637 78 20719
634 415 20720
601 372 20721
637 50 20722
637 220 20723
39 78 20724
758 69 20725
861 759 20726
44 589 20727
861 62 20728
326 54 20729
593 492 20730
62 50 20731
367 446 20732
367 541 20733
367 444 20734
62 443 20735
509 863 20736
509 678 20737
509 108 20738
509 498 20739
326 446 20740
83 186 20741
83 428 20742
772 524 20743
47 69 20744
418 515 20745
735 737 20746
418 251 20747
418 229 20748
418 484 20749
735 421 20750
472 556 20751
472 701 20752
472 897 20753
185 126 20754
62 484 20755
62 484 20756
185 387 20757
418 752 20758
384 897 20759
418 484 20760
383 782 20761
445 126 20762
383 897 20763
509 671 20764
336 394 20765
383 222 20766
509 387 20767
721 247 20768
129 70 20769
813 834 20770
813 295 20771
813 763 20772
813 356 20773
129 94 20774
870 878 20775
510 130 20776
510 320 20777
510 91 20778
129 247 20779
510 362 20780
268 706 20781
637 108 20782
268 729 20783
268 492 20784
148 182 20785
509 108 20786
637 706 20787
637 108 20788
14 484 20789
14 701 20790
739 362 20791
637 50 20792
739 878 20793
9 876 20794
9 703 20795
448 450 20796
756 445 20797
185 126 20798
185 445 20799
28 182 20800
28 106 20801
756 445 20802
890 709 20803
51 831 20804
739 2 20805
739 2 20806
756 222 20807
739 91 20808
756 389 20809
725 387 20810
255 876 20811
756 389 20812
580 727 20813
580 727 20814
580 501 20815
319 363 20816
348 445 20817
346 854 20818
346 644 20819
753 228 20820
351 126 20821
580 516 20822
539 492 20823
777 425 20824
192 545 20825
192 93 20826
588 251 20827
376 598 20828
306 247 20829
306 247 20830
637 388 20831
98 644 20832
16 352 20833
630 418 20834
630 737 20835
630 94 20836
154 747 20837
154 705 20838
22 241 20839
22 484 20840
359 126 20841
73 241 20842
62 50 20843
881 870 20844
279 182 20845
336 734 20846
279 2 20847
91 727 20848
445 2 20849
445 389 20850
445 126 20851
417 593 20852
592 292 20853
592 875 20854
592 362 20855
21 424 20856
592 372 20857
36 504 20858
36 372 20859
592 484 20860
568 776 20861
345 701 20862
22 241 20863
22 484 20864
62 875 20865
568 222 20866
48 559 20867
48 522 20868
295 234 20869
438 776 20870
438 229 20871
892 591 20872
892 81 20873
62 376 20874
39 127 20875
62 759 20876
538 559 20877
85 443 20878
62 443 20879
63 495 20880
395 93 20881
14 484 20882
395 394 20883
14 701 20884
395 290 20885
829 395 20886
371 706 20887
756 445 20888
568 445 20889
756 786 20890
493 66 20891
493 94 20892
493 493 20893
62 395 20894
493 853 20895
630 706 20896
493 389 20897
870 390 20898
18 897 20899
493 36 20900
50 376 20901
247 445 20902
393 389 20903
247 515 20904
541 152 20905
185 126 20906
326 445 20907
18 428 20908
756 222 20909
825 530 20910
825 288 20911
825 326 20912
825 183 20913
870 557 20914
870 179 20915
588 737 20916
588 591 20917
493 236 20918
568 445 20919
861 418 20920
861 387 20921
250 222 20922
250 713 20923
861 222 20924
250 127 20925
250 892 20926
346 443 20927
870 788 20928
250 443 20929
870 627 20930
346 897 20931
250 183 20932
861 725 20933
383 897 20934
250 65 20935
392 703 20936
601 127 20937
250 127 20938
346 443 20939
601 127 20940
250 443 20941
250 127 20942
326 445 20943
346 443 20944
424 780 20945
826 762 20946
346 544 20947
30 373 20948
30 50 20949
568 373 20950
756 445 20951
48 762 20952
371 734 20953
371 443 20954
872 362 20955
371 493 20956
509 545 20957
509 108 20958
509 290 20959
509 388 20960
362 759 20961
826 492 20962
362 244 20963
362 867 20964
582 251 20965
826 390 20966
362 90 20967
9 530 20968
582 81 20969
362 759 20970
9 395 20971
362 387 20972
362 387 20973
362 387 20974
362 197 20975
274 736 20976
362 197 20977
869 294 20978
445 389 20979
869 269 20980
445 126 20981
30 759 20982
30 126 20983
30 37 20984
494 329 20985
870 734 20986
493 892 20987
493 424 20988
281 504 20989
353 34 20990
281 868 20991
48 878 20992
48 878 20993
48 96 20994
826 492 20995
48 731 20996
48 522 20997
48 559 20998
48 762 20999
18 428 21000
18 428 21001
747 443 21002
16 878 21003
16 706 21004
62 395 21005
62 734 21006
510 91 21007
829 395 21008
255 867 21009
383 222 21010
383 786 21011
637 108 21012
512 126 21013
19 734 21014
480 589 21015
363 867 21016
363 867 21017
285 598 21018
473 359 21019
285 296 21020
473 319 21021
243 290 21022
564 376 21023
564 830 21024
564 388 21025
637 50 21026
870 290 21027
870 706 21028
335 99 21029
870 395 21030
335 91 21031
39 373 21032
838 244 21033
302 829 21034
495 447 21035
891 290 21036
838 515 21037
838 71 21038
257 544 21039
637 829 21040
247 515 21041
247 290 21042
395 388 21043
637 107 21044
60 572 21045
509 108 21046
132 741 21047
132 617 21048
359 126 21049
132 388 21050
132 178 21051
132 873 21052
132 705 21053
134 867 21054
568 388 21055
538 296 21056
255 867 21057
255 598 21058
255 598 21059
384 222 21060
4 443 21061
350 704 21062
73 241 21063
148 182 21064
350 554 21065
861 197 21066
148 829 21067
861 387 21068
739 776 21069
696 357 21070
90 867 21071
739 2 21072
62 50 21073
341 478 21074
637 704 21075
637 829 21076
739 91 21077
698 153 21078
619 2 21079
826 437 21080
601 732 21081
29 443 21082
257 478 21083
363 867 21084
255 867 21085
18 238 21086
870 423 21087
870 643 21088
231 185 21089
18 843 21090
247 417 21091
237 762 21092
48 762 21093
48 878 21094
347 556 21095
18 897 21096
132 55 21097
347 641 21098
347 504 21099
134 297 21100
347 185 21101
522 546 21102
395 394 21103
636 237 21104
395 388 21105
395 869 21106
634 362 21107
634 155 21108
156 870 21109
285 296 21110
30 373 21111
30 97 21112
39 373 21113
48 790 21114
637 14 21115
637 856 21116
415 53 21117
415 53 21118
281 504 21119
279 224 21120
279 781 21121
279 776 21122
415 394 21123
637 703 21124
243 549 21125
237 762 21126
637 549 21127
637 50 21128
47 546 21129
637 376 21130
637 741 21131
9 395 21132
637 636 21133
9 107 21134
637 107 21135
9 870 21136
9 107 21137
62 395 21138
62 376 21139
48 762 21140
295 155 21141
62 50 21142
822 389 21143
30 373 21144
30 178 21145
822 290 21146
371 618 21147
30 443 21148
601 70 21149
30 423 21150
822 558 21151
699 349 21152
375 297 21153
91 734 21154
756 782 21155
205 615 21156
205 229 21157
637 107 21158
756 183 21159
637 50 21160
637 349 21161
756 854 21162
637 6 21163
756 444 21164
299 830 21165
564 387 21166
109 349 21167
637 349 21168
637 434 21169
392 703 21170
770 557 21171
770 701 21172
435 762 21173
392 556 21174
538 296 21175
435 871 21176
435 544 21177
283 183 21178
392 290 21179
31 448 21180
31 757 21181
9 395 21182
34 394 21183
435 636 21184
34 287 21185
405 737 21186
405 491 21187
637 873 21188
637 875 21189
637 870 21190
637 181 21191
250 734 21192
637 61 21193
637 498 21194
1 741 21195
345 376 21196
1 741 21197
1 329 21198
628 832 21199
345 572 21200
65 132 21201
628 502 21202
65 390 21203
193 740 21204
359 97 21205
870 878 21206
870 636 21207
870 290 21208
819 791 21209
91 444 21210
91 734 21211
91 154 21212
887 251 21213
247 290 21214
592 875 21215
47 636 21216
509 70 21217
472 701 21218
50 154 21219
509 498 21220
367 224 21221
50 444 21222
472 222 21223
472 782 21224
472 869 21225
117 394 21226
345 498 21227
393 290 21228
313 732 21229
313 269 21230
233 870 21231
313 326 21232
336 394 21233
313 598 21234
313 421 21235
193 740 21236
313 105 21237
813 295 21238
395 790 21239
395 734 21240
345 290 21241
313 294 21242
313 294 21243
395 394 21244
395 394 21245
153 557 21246
153 886 21247
318 897 21248
416 178 21249
892 81 21250
844 154 21251
892 155 21252
892 124 21253
62 50 21254
892 637 21255
166 389 21256
8 197 21257
556 197 21258
892 335 21259
62 875 21260
193 284 21261
416 782 21262
445 637 21263
153 776 21264
153 498 21265
630 418 21266
735 53 21267
582 389 21268
582 81 21269
281 295 21270
393 734 21271
347 740 21272
8 197 21273
8 244 21274
281 740 21275
8 387 21276
719 541 21277
8 96 21278
719 541 21279
719 248 21280
363 244 21281
747 105 21282
627 617 21283
521 236 21284
363 219 21285
3 662 21286
9 155 21287
3 197 21288
3 490 21289
803 672 21290
637 637 21291
363 855 21292
555 549 21293
39 248 21294
803 737 21295
593 236 21296
803 502 21297
281 236 21298
3 90 21299
637 672 21300
85 443 21301
85 443 21302
47 776 21303
85 546 21304
738 154 21305
47 224 21306
274 183 21307
383 782 21308
47 546 21309
313 740 21310
132 741 21311
347 740 21312
47 2 21313
829 395 21314
383 556 21315
194 105 21316
243 549 21317
237 762 21318
281 740 21319
237 762 21320
257 544 21321
204 448 21322
204 308 21323
747 105 21324
204 871 21325
281 740 21326
204 867 21327
384 2 21328
47 2 21329
383 636 21330
383 897 21331
735 53 21332
3 775 21333
223 388 21334
223 206 21335
8 90 21336
747 443 21337
296 498 21338
296 498 21339
8 662 21340
296 498 21341
296 45 21342
204 243 21343
510 91 21344
8 244 21345
881 870 21346
135 390 21347
135 484 21348
135 491 21349
11 50 21350
509 498 21351
11 50 21352
11 50 21353
446 80 21354
204 349 21355
446 290 21356
747 50 21357
383 546 21358
134 81 21359
134 637 21360
362 759 21361
362 197 21362
362 197 21363
362 197 21364
362 387 21365
371 741 21366
362 244 21367
362 81 21368
362 538 21369
57 292 21369
392 556 21370
231 308 21371
589 106 21372
11 880 21373
392 388 21374
164 81 21375
392 290 21376
164 637 21377
383 556 21378
164 99 21379
164 320 21380
164 544 21381
164 853 21382
886 526 21383
164 155 21384
346 897 21385
346 853 21386
718 618 21387
383 897 21388
346 897 21389
29 443 21390
590 757 21391
83 53 21392
39 206 21393
30 50 21394
30 97 21395
104 637 21396
4 50 21397
4 443 21398
376 886 21399
60 600 21400
60 365 21401
383 897 21402
775 876 21403
346 897 21404
870 789 21405
250 61 21406
345 387 21407
250 96 21408
346 376 21409
250 443 21410
346 240 21411
346 443 21412
90 867 21413
346 880 21414
250 734 21415
346 544 21416
346 895 21417
346 269 21418
195 70 21419
195 70 21420
585 324 21421
345 290 21422
885 247 21423
740 516 21424
71 105 21425
18 897 21426
601 853 21427
62 388 21428
62 292 21429
62 759 21430
62 183 21431
62 498 21432
62 376 21433
93 863 21434
437 637 21435
93 290 21436
437 86 21437
209 541 21438
209 295 21439
592 880 21440
592 124 21441
592 870 21442
237 308 21443
627 206 21444
257 544 21445
790 740 21446
153 886 21447
435 871 21448
306 247 21449
435 867 21450
384 2 21451
395 446 21452
395 388 21453
172 549 21454
172 549 21455
264 31 21456
679 2 21457
392 556 21458
383 556 21459
124 389 21460
383 222 21461
49 515 21462
9 870 21463
480 880 21464
326 446 21465
22 241 21466
336 59 21467
336 59 21468
336 245 21469
384 2 21470
463 555 21471
47 2 21472
813 295 21473
509 863 21474
345 31 21475
733 178 21476
733 31 21477
716 103 21478
716 851 21479
803 236 21480
538 662 21481
538 490 21482
209 295 21483
276 239 21484
276 497 21485
276 436 21486
276 436 21487
276 236 21488
193 740 21489
276 105 21490
85 443 21491
276 868 21492
160 734 21493
85 443 21494
255 867 21495
255 776 21496
255 886 21497
255 552 21498
98 389 21499
472 222 21500
447 308 21501
472 782 21502
447 600 21503
347 556 21504
472 636 21505
347 740 21506
472 546 21507
346 443 21508
472 556 21509
346 897 21510
472 897 21511
350 874 21512
363 867 21513
363 86 21514
844 360 21515
715 886 21516
243 549 21517
19 734 21518
715 524 21519
715 363 21520
715 132 21521
243 290 21522
39 831 21523
39 206 21524
39 555 21525
39 789 21526
715 290 21527
166 538 21528
166 240 21529
144 618 21530
14 701 21531
19 206 21532
510 320 21533
510 99 21534
18 897 21535
898 236 21536
173 443 21537
805 740 21538
805 2 21539
637 290 21540
756 876 21541
1 741 21542
90 867 21543
737 290 21544
129 247 21545
362 867 21546
90 867 21547
363 867 21548
529 90 21549
362 867 21550
285 598 21551
637 703 21552
285 394 21553
764 876 21554
375 880 21555
375 269 21556
90 737 21557
891 290 21558
891 247 21559
216 497 21560
156 394 21561
156 105 21562
193 740 21563
363 867 21564
363 867 21565
363 867 21566
90 702 21567
209 394 21568
281 236 21569
383 636 21570
383 874 21571
382 132 21572
9 876 21573
203 31 21574
383 897 21575
509 290 21576
3 90 21577
3 244 21578
3 244 21579
3 78 21580
153 702 21581
50 360 21582
39 206 21583
39 78 21584
592 880 21585
592 851 21586
4 443 21587
153 886 21588
592 324 21589
562 247 21590
592 356 21591
562 873 21592
562 760 21593
562 70 21594
562 776 21595
98 853 21596
281 740 21597
562 490 21598
562 886 21599
562 870 21600
680 101 21601
785 387 21602
437 86 21603
705 319 21604
437 690 21605
637 875 21606
18 867 21607
564 376 21608
257 853 21609
19 206 21610
363 867 21611
375 880 21612
564 446 21613
98 853 21614
509 70 21615
635 70 21616
121 446 21617
637 376 21618
637 206 21619
121 226 21620
173 290 21621
90 868 21622
604 730 21623
872 880 21624
872 365 21625
562 70 21626
891 290 21627
844 360 21628
395 394 21629
39 206 21630
424 394 21631
838 515 21632
870 636 21633
363 446 21634
870 390 21635
9 870 21636
247 515 21637
333 420 21638
367 541 21639
367 446 21640
367 443 21641
539 637 21642
135 390 21643
9 703 21644
9 395 21645
376 886 21646
829 395 21647
376 736 21648
376 516 21649
756 876 21650
582 853 21651
582 389 21652
153 886 21653
173 290 21654
345 31 21655
345 290 21656
62 734 21657
93 863 21658
9 395 21659
464 349 21660
93 290 21661
804 510 21662
50 360 21663
637 703 21664
93 894 21665
173 290 21666
744 153 21667
546 637 21668
346 853 21669
257 443 21670
257 853 21671
383 556 21672
255 886 21673
255 598 21674
885 247 21675
123 287 21676
802 546 21677
509 70 21678
803 236 21679
237 600 21680
448 450 21681
214 31 21682
135 258 21683
135 560 21684
135 557 21685
135 748 21686
135 435 21687
135 673 21688
435 436 21689
313 598 21690
231 308 21691
313 269 21692
313 186 21693
313 701 21694
313 776 21695
435 636 21696
313 245 21697
313 105 21698
362 435 21699
362 244 21700
592 373 21701
892 637 21702
384 636 21703
747 373 21704
562 70 21705
562 870 21706
562 247 21707
562 391 21708
747 391 21709
562 558 21710
562 391 21711
546 673 21712
546 673 21713
347 518 21714
637 117 21715
637 617 21716
851 424 21717
822 247 21718
851 424 21719
91 424 21720
91 444 21721
91 444 21722
91 444 21723
53 597 21724
245 417 21725
245 308 21726
844 360 21727
56 94 21728
443 386 21729
739 2 21730
823 359 21731
705 751 21732
823 673 21733
39 373 21734
715 132 21735
739 91 21736
383 450 21737
164 637 21738
164 320 21739
233 870 21740
164 544 21741
247 417 21742
634 415 21742
164 323 21743
164 738 21744
31 757 21745
601 839 21746
424 738 21747
833 641 21748
387 418 21749
833 445 21750
833 643 21751
536 349 21752
833 858 21753
833 282 21754
833 391 21755
833 240 21756
50 757 21757
30 373 21758
833 81 21759
833 60 21760
833 691 21761
858 757 21762
132 741 21763
132 617 21764
132 782 21765
132 108 21766
132 319 21767
250 701 21768
891 560 21769
250 349 21770
250 418 21771
415 53 21772
375 319 21773
134 197 21774
415 53 21775
34 287 21776
50 757 21777
303 855 21778
19 787 21779
838 244 21780
881 870 21781
346 546 21782
552 751 21783
287 854 21784
314 854 21785
314 179 21786
314 49 21787
499 220 21788
564 376 21789
98 49 21790
18 60 21791
18 60 21792
709 595 21793
30 597 21794
281 504 21795
345 60 21796
345 376 21797
11 880 21798
870 390 21799
34 282 21800
445 2 21801
1 741 21802
825 97 21803
825 126 21804
801 788 21805
801 294 21806
801 106 21807
801 150 21808
39 323 21809
39 370 21810
47 546 21811
39 448 21812
14 701 21813
580 282 21814
580 282 21815
829 855 21816
4 858 21817
710 701 21818
710 749 21819
710 558 21820
710 727 21821
710 557 21822
91 727 21823
383 738 21824
805 282 21825
193 59 21826
285 598 21827
285 296 21828
326 391 21829
153 448 21830
395 386 21831
868 442 21832
64 391 21833
395 442 21834
813 295 21835
813 370 21836
813 370 21837
539 637 21838
822 108 21839
395 858 21840
392 157 21841
578 7 21842
578 831 21843
578 780 21844
578 92 21845
392 869 21846
637 108 21847
392 869 21848
637 220 21849
637 38 21850
699 2 21851
392 869 21852
637 775 21853
637 870 21854
844 782 21855
680 127 21856
699 349 21857
637 376 21858
699 349 21859
680 222 21860
53 597 21861
53 597 21862
472 701 21863
472 222 21864
472 782 21865
680 81 21866
680 222 21867
472 869 21868
699 747 21869
472 222 21870
595 831 21871
472 636 21872
472 546 21873
472 546 21874
680 498 21875
472 897 21876
255 445 21877
255 81 21878
255 598 21879
680 81 21880
680 81 21881
680 81 21882
631 295 21883
18 843 21884
93 120 21885
802 546 21886
384 897 21887
564 376 21888
415 492 21889
564 446 21890
695 858 21891
802 706 21892
392 869 21893
392 869 21894
18 708 21895
363 446 21896
346 294 21897
619 49 21898
62 498 21899
838 81 21900
424 703 21901
376 876 21902
102 869 21903
679 445 21904
250 897 21905
538 296 21906
250 585 21907
39 370 21908
383 869 21909
509 117 21910
509 108 21911
509 108 21912
383 157 21913
509 70 21914
383 703 21915
509 858 21916
509 863 21917
509 498 21918
628 672 21919
268 492 21920
326 446 21921
93 863 21922
362 197 21923
562 247 21924
562 70 21925
562 70 21926
285 296 21927
562 391 21928
285 512 21929
868 442 21930
562 92 21931
362 244 21932
362 81 21933
4 492 21934
392 703 21935
19 492 21936
392 157 21937
392 869 21938
4 492 21939
209 597 21940
392 869 21941
395 442 21942
395 446 21943
395 858 21944
637 108 21945
424 703 21946
326 446 21947
371 390 21948
743 349 21949
743 350 21950
229 319 21951
347 504 21952
347 504 21953
375 294 21954
805 492 21955
564 446 21956
546 673 21957
432 241 21958
432 241 21959
564 673 21960
395 394 21961
395 394 21962
637 376 21963
637 703 21964
102 869 21965
102 869 21966
546 538 21967
510 320 21968
756 445 21969
510 91 21970
637 349 21971
719 349 21972
363 390 21973
255 81 21974
556 197 21975
556 90 21976
394 637 21977
495 59 21978
495 59 21979
537 572 21980
564 376 21981
132 319 21982
132 873 21983
132 782 21984
132 108 21985
132 108 21986
28 182 21987
10 391 21988
281 504 21989
28 776 21990
526 843 21991
526 843 21992
745 538 21993
124 839 21994
10 293 21995
10 757 21996
148 182 21997
472 869 21998
148 673 21999
472 897 22000
60 597 22001
375 241 22002
747 241 22003
50 757 22004
3 90 22005
637 108 22006
637 376 22007
637 873 22008
418 251 22009
710 418 22010
14 701 22011
418 229 22012
283 221 22013
283 538 22014
283 376 22015
50 376 22016
826 492 22017
826 701 22018
826 431 22019
192 545 22020
760 108 22021
92 91 22022
635 108 22023
18 843 22024
635 585 22025
62 510 22026
62 376 22027
62 498 22028
281 690 22029
50 154 22030
392 703 22031
9 873 22032
9 431 22033
621 749 22034
54 45 22035
856 323 22036
383 157 22037
383 869 22038
383 703 22039
424 703 22040
250 701 22041
3 759 22042
556 90 22043
3 78 22044
250 431 22045
250 585 22046
250 897 22047
336 84 22048
3 90 22049
336 394 22049
373 394 22050
3 90 22051
415 394 22052
123 287 22053
415 492 22054
825 786 22055
117 394 22056
637 376 22057
637 133 22058
435 244 22059
435 244 22060
50 154 22061
296 498 22062
637 78 22063
637 498 22064
314 49 22065
637 703 22066
635 594 22067
510 445 22068
363 244 22069
392 869 22070
392 703 22071
538 296 22072
803 197 22073
198 2 22074
164 81 22075
164 637 22076
255 445 22077
255 46 22078
164 323 22079
164 320 22080
743 349 22081
395 394 22082
202 390 22083
510 673 22084
872 323 22085
733 394 22086
164 323 22087
872 323 22088
164 323 22089
164 94 22090
395 394 22091
220 394 22092
733 394 22093
209 394 22094
209 597 22095
802 736 22096
22 241 22097
220 394 22098
588 871 22099
803 502 22100
865 593 22101
395 394 22102
899 593 22103
85 154 22104
369 748 22105
43 68 22106
180 386 22107
134 593 22108
180 117 22109
180 152 22110
291 394 22111
802 152 22112
34 287 22113
747 154 22114
865 293 22115
39 77 22116
614 843 22117
39 323 22118
39 231 22119
735 53 22120
362 197 22121
362 244 22122
362 759 22123
362 81 22124
562 391 22125
799 437 22126
799 593 22127
799 786 22128
799 530 22129
457 883 22130
637 437 22131
799 782 22132
34 445 22133
799 484 22134
865 484 22135
191 242 22136
799 197 22137
799 484 22138
457 560 22139
562 873 22140
314 94 22141
799 726 22142
799 762 22143
799 762 22144
801 294 22145
799 858 22146
250 187 22147
865 242 22148
799 52 22149
799 507 22150
799 184 22151
799 491 22152
705 445 22153
892 81 22154
275 644 22155
432 241 22156
630 644 22157
275 221 22158
275 512 22159
275 644 22160
275 644 22161
393 585 22162
238 221 22163
275 2 22164
539 759 22165
346 53 22166
392 157 22167
392 86 22168
392 766 22169
392 735 22170
392 703 22171
346 294 22172
392 92 22173
392 179 22174
392 179 22175
346 184 22176
346 491 22177
392 373 22178
65 221 22179
392 373 22180
392 373 22181
392 324 22182
65 132 22183
392 395 22184
65 184 22185
382 132 22186
392 498 22187
861 521 22188
630 644 22189
861 197 22190
628 502 22191
628 502 22192
92 373 22193
92 373 22194
285 394 22195
92 242 22196
92 242 22197
92 319 22198
92 319 22199
92 319 22200
92 297 22201
92 297 22202
628 502 22203
92 319 22204
92 297 22205
92 297 22206
92 596 22207
92 596 22208
50 395 22209
432 102 22210
134 297 22211
134 197 22212
134 593 22213
89 498 22214
754 492 22215
132 741 22216
132 108 22217
635 108 22218
84 293 22219
376 598 22220
285 6 22221
18 523 22222
18 55 22223
47 492 22224
47 6 22225
395 766 22226
395 386 22227
70 839 22228
395 394 22229
395 394 22230
395 858 22231
472 701 22232
472 786 22233
472 782 22234
472 507 22235
383 507 22236
472 897 22237
472 507 22238
279 182 22239
279 776 22240
453 593 22241
279 2 22242
510 870 22243
593 492 22244
91 152 22245
91 154 22246
395 703 22247
318 839 22248
285 394 22249
4 858 22250
4 492 22251
4 294 22252
93 123 22253
518 431 22254
93 222 22255
347 452 22256
498 492 22257
281 264 22258
743 179 22259
9 395 22260
216 247 22261
48 878 22262
829 395 22263
538 264 22264
250 701 22265
865 593 22266
250 431 22267
705 308 22268
250 897 22269
9 395 22270
392 869 22271
392 766 22272
392 179 22273
395 452 22274
205 229 22275
205 417 22276
255 876 22277
255 598 22278
192 703 22279
601 839 22280
392 703 22281
601 853 22282
132 108 22283
153 786 22284
132 394 22285
825 260 22286
437 244 22287
392 395 22288
437 690 22289
346 294 22290
346 184 22291
420 94 22292
739 293 22293
8 244 22294
739 293 22295
8 759 22296
797 504 22297
871 521 22298
871 853 22299
797 703 22300
797 703 22301
797 703 22302
739 878 22303
739 2 22304
362 759 22305
362 244 22306
362 197 22307
362 197 22308
362 81 22309
739 91 22310
271 106 22311
135 390 22312
135 673 22313
135 748 22314
135 152 22315
135 484 22316
359 881 22317
90 867 22318
216 853 22319
216 395 22320
216 627 22321
797 386 22322
9 395 22323
9 627 22324
216 627 22325
564 376 22326
9 627 22327
216 395 22328
216 738 22329
9 395 22330
9 395 22331
306 247 22332
623 157 22333
4 294 22334
801 294 22335
50 395 22336
216 395 22337
753 236 22338
62 395 22339
62 498 22340
62 644 22341
62 759 22342
510 91 22343
531 323 22344
870 726 22345
345 92 22346
346 644 22347
345 152 22348
83 701 22349
362 867 22350
445 853 22351
564 759 22352
39 323 22353
39 127 22354
392 395 22355
392 498 22356
384 157 22357
384 157 22358
383 157 22359
345 498 22360
803 236 22361
64 594 22362
803 502 22363
64 394 22364
14 484 22365
134 197 22366
14 701 22367
345 701 22368
448 450 22369
237 452 22370
237 308 22371
153 594 22372
546 673 22373
803 701 22374
363 244 22375
255 867 22376
580 282 22377
580 727 22378
756 876 22379
281 236 22380
347 504 22381
803 96 22382
803 96 22383
347 452 22384
353 786 22385
803 96 22386
562 247 22387
803 236 22388
347 185 22389
250 96 22390
733 394 22391
353 523 22392
353 308 22393
250 96 22394
250 96 22395
250 96 22396
281 504 22397
250 484 22398
250 644 22399
803 96 22400
274 96 22401
250 502 22402
83 355 22403
274 96 22404
539 876 22405
22 241 22406
418 229 22407
418 484 22408
539 759 22409
827 77 22410
803 502 22411
250 502 22412
62 498 22413
8 197 22414
62 644 22415
8 244 22416
134 197 22417
8 759 22418
592 133 22419
3 197 22420
8 197 22421
62 759 22422
392 498 22423
392 556 22424
8 662 22425
3 545 22426
592 220 22427
3 244 22428
62 498 22428
392 498 22429
8 244 22430
8 244 22431
8 244 22432
8 244 22433
3 244 22434
592 308 22435
3 244 22436
3 244 22437
3 78 22438
231 308 22439
592 627 22440
231 452 22441
8 244 22442
333 386 22443
592 61 22444
592 308 22445
274 244 22446
592 222 22447
552 133 22448
764 876 22449
592 182 22450
592 133 22451
3 244 22452
592 179 22453
592 81 22454
592 484 22455
592 242 22456
592 491 22457
592 776 22458
347 452 22459
592 206 22460
592 127 22461
134 857 22462
346 491 22463
753 236 22464
326 673 22465
564 222 22466
592 502 22467
239 857 22468
239 857 22469
538 662 22470
19 206 22471
422 258 22472
813 370 22473
564 673 22474
62 484 22475
801 150 22476
362 244 22477
326 673 22478
803 236 22479
803 672 22480
838 244 22481
822 247 22482
346 150 22483
346 258 22484
753 236 22485
8 244 22486
203 887 22487
216 247 22488
592 53 22489
592 735 22490
592 92 22491
281 236 22492
592 2 22493
592 484 22494
592 790 22495
592 394 22496
592 540 22497
592 258 22498
274 206 22499
255 876 22500
592 491 22501
592 673 22502
592 324 22503
592 585 22504
326 673 22505
802 152 22506
592 870 22507
326 673 22508
592 415 22509
592 673 22510
592 431 22511
281 236 22512
592 556 22513
592 556 22514
592 133 22515
797 556 22516
326 673 22517
562 247 22518
580 644 22519
592 556 22520
592 673 22521
803 295 22522
892 743 22523
326 673 22524
797 556 22525
797 556 22526
43 92 22527
630 644 22528
43 53 22529
797 504 22530
449 105 22531
637 108 22532
797 504 22533
753 236 22534
362 759 22535
472 869 22536
39 77 22537
637 703 22538
472 701 22539
579 739 22540
216 247 22541
833 644 22542
45 247 22543
579 355 22544
833 858 22545
833 853 22546
281 504 22547
562 92 22548
346 53 22549
562 247 22550
281 236 22551
346 644 22551
281 236 22552
346 258 22553
346 491 22554
346 376 22555
18 96 22556
346 240 22557
346 40 22558
18 96 22559
777 735 22560
346 544 22561
777 264 22562
18 96 22563
499 627 22564
499 241 22565
274 96 22566
18 96 22567
803 96 22568
18 96 22569
803 96 22570
274 96 22571
18 96 22572
803 96 22573
764 446 22574
274 96 22575
803 96 22576
274 96 22577
783 491 22578
803 96 22579
803 96 22580
803 236 22581
803 236 22582
274 96 22583
148 182 22584
803 632 22585
518 540 22586
518 431 22587
18 96 22588
9 179 22589
274 96 22590
345 376 22591
345 40 22592
345 92 22593
345 498 22594
257 644 22595
83 701 22596
48 491 22597
345 152 22598
345 701 22599
861 376 22600
345 376 22601
281 236 22602
861 644 22603
630 644 22604
861 260 22605
623 157 22606
899 593 22607
72 593 22608
899 593 22609
72 593 22610
72 593 22611
528 876 22612
39 127 22613
528 876 22614
494 491 22615
346 491 22616
809 391 22617
83 355 22618
156 105 22619
592 632 22620
592 241 22621
353 92 22622
592 491 22623
592 627 22624
353 308 22625
592 258 22626
592 556 22627
592 260 22628
592 127 22629
592 105 22630
592 179 22631
592 92 22632
592 431 22633
592 673 22634
353 92 22635
825 260 22636
630 418 22637
528 491 22638
250 644 22639
250 431 22640
250 585 22641
92 242 22642
92 91 22643
801 150 22644
822 240 22645
822 247 22646
255 593 22647
255 491 22648
257 644 22649
346 150 22650
346 897 22651
825 97 22652
383 869 22653
742 428 22654
744 224 22655
742 598 22656
742 546 22657
285 546 22658
395 867 22659
83 428 22660
395 887 22661
395 452 22662
395 394 22663
395 394 22664
153 40 22665
630 644 22666
518 431 22667
518 540 22668
37 786 22669
438 776 22670
37 776 22671
639 220 22672
237 452 22673
438 546 22674
257 644 22675
237 308 22676
438 738 22677
438 498 22678
438 897 22679
274 598 22680
472 701 22681
472 222 22682
472 786 22683
472 869 22684
472 546 22685
472 556 22686
472 897 22687
153 40 22688
65 184 22689
803 701 22690
873 182 22691
326 638 22692
873 589 22693
805 282 22694
346 184 22695
346 546 22696
405 319 22697
747 220 22698
405 491 22699
538 759 22700
842 701 22701
842 701 22702
538 264 22703
538 743 22704
250 701 22705
250 240 22706
250 431 22707
250 897 22708
9 179 22709
250 892 22710
797 556 22711
797 492 22712
464 265 22713
464 595 22714
464 128 22715
231 308 22716
156 394 22717
592 517 22718
592 540 22719
592 220 22720
592 220 22721
592 242 22722
363 867 22723
592 222 22724
592 308 22725
592 179 22726
237 308 22727
346 240 22728
346 491 22729
586 241 22730
580 51 22731
589 106 22732
3 662 22733
3 244 22734
3 759 22735
135 786 22736
3 224 22737
135 491 22738
582 240 22739
719 249 22740
486 538 22741
486 538 22742
346 491 22743
539 738 22744
259 92 22745
494 308 22746
494 491 22747
281 628 22748
8 662 22749
803 737 22750
281 242 22751
384 222 22752
231 308 22753
148 589 22754
747 242 22755
424 737 22756
527 236 22757
737 238 22758
499 241 22759
538 759 22760
538 662 22761
221 887 22762
510 870 22763
383 222 22764
383 738 22765
347 452 22766
281 236 22767
91 152 22768
8 244 22769
8 244 22770
871 484 22770
546 673 22771
546 880 22772
546 895 22773
546 81 22774
871 392 22775
275 644 22776
220 394 22777
39 628 22778
39 242 22779
39 594 22780
275 2 22781
747 242 22782
747 484 22783
39 517 22784
39 242 22785
39 831 22786
275 221 22787
39 373 22788
281 628 22789
231 452 22790
308 236 22791
395 433 22792
395 452 22793
395 452 22794
395 452 22795
395 394 22796
39 628 22797
395 556 22798
274 737 22799
200 388 22800
255 592 22801
255 592 22802
747 242 22803
255 592 22804
255 598 22805
803 737 22806
62 644 22807
744 224 22808
274 737 22809
3 662 22810
3 759 22811
3 244 22812
3 224 22813
3 224 22814
62 759 22815
744 896 22816
744 512 22817
744 512 22818
637 507 22819
791 881 22820
9 224 22821
696 392 22822
32 738 22823
735 737 22824
376 595 22825
376 876 22826
376 672 22827
376 598 22828
424 388 22829
345 392 22830
803 737 22831
803 595 22832
274 737 22833
734 881 22834
216 738 22835
47 592 22836
8 662 22837
8 851 22838
39 242 22839
85 492 22840
85 154 22841
34 282 22842
579 355 22843
579 260 22844
747 242 22845
281 242 22846
538 759 22847
538 662 22848
705 676 22849
274 737 22850
590 222 22851
592 373 22852
709 592 22853
709 595 22854
592 308 22855
709 636 22856
833 644 22857
29 484 22858
833 242 22859
833 224 22860
833 594 22861
833 517 22862
833 152 22863
833 388 22864
735 851 22865
636 205 22866
592 517 22867
592 230 22868
592 491 22869
592 491 22870
592 851 22871
592 484 22872
592 241 22873
592 870 22874
592 242 22875
592 431 22876
592 388 22877
592 556 22878
281 242 22879
494 308 22880
90 737 22881
495 737 22882
495 183 22883
405 491 22884
274 737 22885
90 737 22886
405 491 22887
274 183 22888
274 737 22889
405 776 22890
405 737 22891
370 388 22892
274 737 22893
495 737 22894
274 737 22895
472 701 22896
472 222 22897
472 786 22898
495 737 22899
472 507 22900
472 676 22901
472 636 22902
472 546 22903
472 556 22904
472 897 22905
495 4 22906
274 737 22907
495 737 22908
274 737 22909
531 323 22910
495 737 22911
274 737 22912
495 737 22913
274 737 22914
495 737 22915
274 737 22916
48 790 22917
454 236 22918
347 556 22919
347 452 22920
783 491 22921
424 388 22922
384 507 22923
384 222 22924
237 452 22925
237 308 22926
39 323 22927
39 632 22928
438 40 22929
39 517 22930
39 517 22931
39 594 22932
438 738 22933
438 676 22934
438 392 22935
777 264 22936
639 220 22937
777 595 22938
538 264 22939
62 4 22940
62 183 22941
472 222 22942
472 556 22943
237 83 22944
5 596 22945
580 282 22946
580 644 22947
346 546 22948
495 183 22949
803 595 22950
521 741 22951
255 867 22952
39 242 22953
871 484 22954
8 759 22955
255 867 22956
395 790 22957
395 452 22958
395 388 22959
341 479 22960
341 479 22961
185 126 22962
237 452 22963
347 556 22964
347 452 22965
805 492 22966
805 282 22967
60 597 22968
60 596 22969
257 479 22970
510 870 22971
383 507 22972
383 224 22973
383 556 22974
383 636 22975
173 183 22976
395 452 22977
395 452 22978
363 867 22979
363 867 22980
237 452 22981
336 59 22982
472 507 22983
472 636 22984
472 546 22985
472 556 22986
447 388 22987
538 759 22988
90 867 22989
807 359 22990
807 730 22991
807 516 22992
53 152 22993
362 244 22994
62 484 22995
62 759 22996
753 897 22997
9 597 22998
9 107 22999
345 92 23000
596 363 23001
744 40 23002
834 484 23003
47 897 23004
243 887 23005
844 154 23006
777 264 23007
220 394 23008
91 154 23009
18 897 23010
285 512 23011
285 546 23012
538 759 23013
538 264 23014
92 373 23015
92 319 23016
296 498 23017
135 786 23018
296 389 23019
39 373 23020
50 154 23021
5 596 23022
5 596 23023
5 373 23024
5 373 23025
5 388 23026
739 2 23027
871 484 23028
153 40 23029
739 91 23030
822 388 23031
739 91 23032
739 91 23033
283 538 23034
283 538 23035
30 373 23036
53 597 23037
739 2 23038
739 2 23039
627 538 23040
627 394 23041
679 2 23042
405 491 23043
813 370 23044
813 370 23045
844 154 23046
844 154 23047
844 394 23048
376 595 23049
376 595 23050
376 516 23051
472 786 23052
472 546 23053
472 897 23054
668 417 23055
285 106 23056
285 546 23057
285 183 23058
285 394 23059
9 40 23060
91 154 23061
277 106 23062
277 106 23063
277 106 23064
825 126 23065
627 394 23066
705 40 23067
705 40 23068
39 370 23069
39 594 23070
237 887 23071
516 730 23072
744 776 23073
777 264 23074
538 264 23075
255 776 23076
803 183 23077
753 897 23078
472 546 23079
472 897 23080
592 790 23081
592 126 23082
153 594 23083
844 394 23084
844 782 23085
274 183 23086
395 790 23087
733 394 23088
592 388 23089
592 870 23090
592 491 23091
592 556 23092
842 127 23093
842 484 23094
274 546 23095
842 843 23096
580 282 23097
580 51 23098
274 596 23099
870 149 23100
72 593 23101
72 423 23102
823 359 23103
271 106 23104
813 370 23105
808 596 23106
313 598 23107
39 594 23108
39 127 23109
39 46 23110
627 394 23111
50 55 23112
547 270 23113
194 705 23114
164 81 23115
164 323 23116
164 94 23117
164 99 23118
164 738 23119
164 853 23120
826 538 23121
826 701 23122
39 323 23123
39 369 23124
91 542 23125
91 686 23126
91 686 23127
308 236 23128
308 852 23129
515 387 23130
579 33 23131
579 33 23132
194 387 23133
635 119 23134
369 748 23135
3 662 23136
3 224 23137
3 851 23138
3 759 23139
3 759 23140
255 46 23141
777 264 23142
363 767 23143
346 491 23144
822 558 23145
538 759 23146
538 264 23147
538 264 23148
538 662 23149
360 876 23150
360 738 23151
360 264 23152
164 323 23153
582 853 23154
60 597 23155
538 264 23156
384 2 23157
679 2 23158
360 264 23159
628 502 23160
538 264 23161
164 853 23162
628 502 23163
247 417 23164
628 502 23165
628 502 23166
628 502 23167
628 502 23168
628 502 23169
318 897 23170
472 701 23171
472 782 23172
472 546 23173
628 502 23174
628 502 23175
472 897 23176
472 869 23177
472 869 23178
744 224 23179
376 40 23180
376 876 23181
376 598 23182
378 686 23183
51 387 23184
39 323 23185
360 264 23186
360 546 23187
844 394 23188
277 106 23189
8 851 23190
383 492 23191
548 156 23192
8 662 23193
8 490 23194
8 244 23195
8 244 23196
124 897 23197
392 869 23198
538 264 23199
538 490 23200
538 662 23201
135 748 23202
250 701 23203
250 502 23204
216 738 23205
445 245 23206
196 705 23207
313 387 23208
313 105 23209
630 558 23210
318 897 23211
565 247 23212
861 724 23213
861 62 23214
861 119 23215
743 249 23216
802 105 23217
434 244 23218
645 853 23219
9 40 23220
345 31 23221
871 484 23222
153 40 23223
345 40 23224
424 738 23225
681 730 23226
18 897 23227
592 222 23228
65 221 23229
592 127 23230
592 776 23231
32 738 23232
592 502 23233
592 777 23234
518 742 23235
592 484 23236
592 644 23237
871 392 23238
592 644 23239
592 394 23240
592 105 23241
592 51 23242
592 491 23243
83 738 23244
83 33 23245
83 701 23246
83 261 23247
494 104 23248
83 387 23249
83 730 23250
493 853 23251
353 55 23252
264 387 23253
437 767 23254
744 776 23255
801 150 23256
742 261 23257
341 479 23258
341 240 23259
472 701 23260
472 222 23261
472 869 23262
472 546 23263
376 40 23264
472 897 23265
214 31 23266
592 790 23267
384 2 23268
863 236 23269
863 58 23270
250 240 23271
250 644 23272
250 502 23273
65 843 23274
126 104 23275
671 261 23276
834 724 23277
97 33 23278
395 790 23279
97 592 23280
445 853 23281
417 507 23282
417 507 23283
743 99 23284
142 387 23285
592 502 23286
592 502 23287
142 355 23288
142 355 23289
578 831 23290
578 92 23291
50 154 23292
62 498 23293
62 484 23294
432 102 23295
83 33 23296
83 701 23297
83 355 23298
83 387 23299
345 92 23300
142 510 23301
142 183 23302
18 843 23303
18 843 23304
420 355 23305
392 869 23306
164 323 23307
164 99 23308
164 738 23309
164 853 23310
65 843 23311
216 738 23312
892 287 23313
892 854 23314
892 187 23315
892 762 23316
892 183 23317
892 297 23318
424 738 23319
892 392 23320
802 546 23321
257 479 23322
613 370 23323
457 69 23324
47 69 23325
582 853 23326
634 484 23327
367 224 23328
510 99 23329
9 224 23330
9 854 23331
870 60 23332
463 593 23333
194 421 23334
858 387 23335
134 297 23336
346 854 23337
346 546 23338
531 323 23339
153 40 23340
683 855 23341
107 388 23342
821 104 23343
1 741 23344
592 99 23345
821 357 23346
821 365 23347
821 222 23348
72 297 23349
898 236 23350
494 104 23351
494 104 23352
341 479 23353
743 99 23354
432 101 23355
578 7 23356
578 855 23357
578 855 23358
192 545 23359
383 224 23360
383 738 23361
383 738 23362
39 323 23363
39 370 23364
480 880 23365
134 593 23366
480 428 23367
134 853 23368
39 127 23369
336 357 23370
480 258 23371
405 491 23372
198 227 23373
417 593 23374
8 662 23375
711 871 23376
91 154 23377
90 867 23378
725 421 23379
538 662 23380
194 421 23381
98 392 23382
98 853 23383
14 701 23384
420 867 23385
347 556 23386
733 387 23387
201 370 23388
871 392 23389
1 221 23390
276 778 23391
194 387 23392
345 387 23393
744 224 23394
744 224 23395
744 627 23396
744 627 23397
39 370 23398
858 387 23399
472 701 23400
472 222 23401
472 869 23402
725 421 23403
472 507 23404
725 390 23405
472 546 23406
472 556 23407
153 627 23408
274 264 23409
274 546 23410
288 705 23411
288 7 23412
72 222 23413
72 593 23414
72 627 23415
83 186 23416
383 186 23417
83 186 23418
405 133 23419
193 105 23420
285 546 23421
798 60 23422
250 127 23423
510 99 23424
538 264 23425
268 729 23426
443 386 23427
274 264 23428
274 546 23429
601 127 23430
3 662 23431
3 851 23432
3 224 23433
3 244 23434
3 759 23435
376 186 23436
531 870 23437
531 99 23438
538 759 23439
538 264 23440
538 662 23441
395 386 23442
14 390 23443
106 157 23444
578 7 23445
567 637 23446
870 789 23447
813 370 23448
83 881 23449
83 881 23450
51 387 23451
185 387 23452
562 247 23453
562 558 23454
562 870 23455
562 70 23456
562 70 23457
435 867 23458
322 363 23459
39 370 23460
745 538 23461
39 127 23462
743 99 23463
802 105 23464
705 186 23465
62 183 23466
395 867 23467
443 386 23468
445 705 23469
172 549 23470
345 387 23471
250 127 23472
765 790 23473
870 627 23474
417 507 23475
51 69 23476
395 790 23477
744 543 23478
744 543 23479
865 54 23480
619 778 23481
98 392 23482
806 759 23483
255 867 23484
285 546 23485
861 724 23486
436 244 23487
367 224 23488
196 705 23489
142 387 23490
39 127 23491
538 759 23492
142 183 23493
538 546 23494
501 572 23495
194 705 23496
501 62 23497
233 870 23498
233 226 23499
758 69 23500
424 780 23501
539 738 23502
164 323 23503
164 99 23504
164 738 23505
164 853 23506
595 830 23507
871 392 23508
164 99 23509
271 106 23510
83 186 23511
347 831 23512
47 69 23513
815 100 23514
800 829 23515
899 593 23516
276 778 23517
137 443 23518
383 224 23519
378 686 23520
378 389 23521
134 853 23522
592 99 23523
806 706 23524
460 686 23525
509 863 23526
445 780 23527
627 107 23528
827 852 23529
200 443 23530
193 559 23531
747 443 23532
813 370 23533
813 370 23534
813 379 23535
578 831 23536
164 853 23537
412 107 23538
624 236 23539
347 831 23540
39 323 23541
135 572 23542
747 236 23543
39 370 23544
345 572 23545
624 236 23546
392 869 23547
137 443 23548
93 863 23549
756 49 23550
636 443 23551
743 99 23552
833 222 23553
833 224 23554
833 183 23555
345 183 23556
345 392 23557
796 734 23558
90 867 23559
91 734 23560
846 617 23561
255 867 23562
134 867 23563
367 224 23564
865 593 23565
637 180 23566
205 99 23567
637 107 23568
142 830 23569
619 853 23570
619 778 23571
134 593 23572
134 853 23573
29 443 23574
494 443 23575
29 443 23576
9 224 23577
9 627 23578
9 107 23579
383 224 23580
134 81 23581
134 637 23582
134 881 23583
383 222 23584
134 297 23585
164 99 23586
870 734 23587
333 734 23588
733 31 23589
733 387 23590
90 867 23591
137 388 23592
137 443 23593
137 593 23594
213 31 23595
137 230 23596
194 387 23597
637 107 23598
637 852 23599
137 102 23600
412 222 23601
739 224 23602
739 776 23603
295 686 23604
739 881 23605
739 180 23606
216 627 23607
51 387 23608
739 392 23609
739 149 23610
345 31 23611
83 881 23612
83 881 23613
238 492 23614
562 706 23615
255 776 23616
255 867 23617
153 776 23618
578 831 23619
185 387 23620
717 261 23621
1 388 23622
578 830 23623
725 830 23624
135 572 23625
378 686 23626
72 593 23627
72 706 23628
19 706 23629
346 443 23630
870 149 23631
637 180 23632
747 220 23633
538 546 23634
592 99 23635
383 222 23636
278 40 23637
347 831 23638
194 734 23639
531 706 23640
359 126 23641
637 388 23642
499 627 23643
637 549 23644
637 507 23645
637 369 23646
637 617 23647
637 853 23648
637 786 23649
637 762 23650
637 851 23651
637 371 23652
637 627 23653
637 498 23654
637 133 23655
91 686 23656
264 31 23657
405 776 23658
295 686 23659
51 830 23660
383 507 23661
797 386 23662
797 504 23663
393 290 23664
393 734 23665
345 388 23666
345 290 23667
255 593 23668
592 133 23669
592 104 23670
592 851 23671
592 230 23672
205 99 23673
412 222 23674
137 387 23675
137 443 23676
137 388 23677
257 479 23678
53 230 23679
285 546 23680
285 598 23681
345 388 23682
90 867 23683
376 598 23684
106 388 23685
378 686 23686
744 119 23687
93 290 23688
363 867 23689
346 443 23690
592 776 23691
592 292 23692
592 230 23693
200 362 23694
264 31 23695
405 776 23696
405 590 23697
405 102 23698
455 443 23699
501 727 23700
268 492 23701
255 867 23702
255 776 23703
510 99 23704
393 290 23705
745 69 23706
259 107 23707
259 724 23708
601 127 23709
137 443 23710
418 786 23711
221 544 23712
395 867 23713
395 388 23714
39 369 23715
295 686 23716
194 734 23717
274 240 23718
216 627 23719
578 831 23720
578 831 23721
393 734 23722
393 388 23723
393 544 23724
393 585 23725
538 546 23726
891 60 23727
891 96 23728
628 706 23729
274 627 23730
628 854 23731
142 133 23732
153 786 23733
274 96 23734
424 388 23735
142 387 23736
166 240 23737
274 240 23738
142 830 23739
592 362 23740
274 387 23741
592 362 23742
592 590 23743
592 546 23744
592 101 23745
375 590 23746
375 241 23747
375 443 23748
19 734 23749
185 387 23750
194 387 23751
19 102 23752
447 242 23753
47 776 23754
47 69 23755
17 730 23756
197 242 23757
90 867 23758
90 734 23759
194 734 23760
405 590 23761
405 590 23762
106 423 23763
556 90 23764
405 776 23765
51 387 23766
51 830 23767
828 31 23768
255 592 23769
870 706 23770
384 2 23771
881 226 23772
63 49 23773
833 261 23774
833 242 23775
833 388 23776
62 498 23777
62 292 23778
62 388 23779
62 734 23780
234 789 23781
205 776 23782
205 40 23783
739 99 23784
205 615 23785
164 362 23786
739 149 23787
739 776 23788
164 99 23789
164 544 23790
164 853 23791
164 323 23792
164 323 23793
193 260 23794
39 323 23795
134 853 23796
72 706 23797
72 240 23798
72 222 23799
72 96 23800
637 498 23801
637 617 23802
90 867 23803
637 672 23804
231 452 23805
231 308 23806
134 867 23807
231 881 23808
231 185 23809
53 672 23810
238 31 23811
255 867 23812
891 96 23813
209 102 23814
630 102 23815
723 260 23816
619 49 23817
619 853 23818
216 853 23819
592 99 23820
592 292 23821
592 875 23822
592 222 23823
592 590 23824
592 308 23825
592 60 23826
592 362 23827
592 105 23828
592 126 23829
9 627 23830
405 102 23831
637 362 23832
637 222 23833
637 627 23834
496 227 23835
375 590 23836
630 102 23837
185 126 23838
135 362 23839
135 786 23840
135 99 23841
618 102 23842
72 627 23843
405 102 23844
39 593 23845
39 261 23846
347 185 23847
347 831 23848
510 99 23849
592 126 23850
592 627 23851
592 92 23852
592 187 23853
592 222 23854
592 790 23855
106 593 23856
592 183 23857
9 92 23858
578 871 23859
18 867 23860
214 31 23861
39 593 23862
858 31 23863
106 593 23864
204 777 23865
39 593 23866
825 126 23867
871 99 23868
645 895 23869
645 521 23870
645 644 23871
72 319 23872
346 240 23873
346 895 23874
822 247 23875
346 544 23876
346 443 23877
822 290 23878
83 261 23879
378 686 23880
791 596 23881
601 895 23882
142 387 23883
142 183 23884
142 830 23885
142 776 23886
90 867 23887
90 240 23888
345 31 23889
345 183 23890
375 241 23891
134 895 23892
173 227 23893
405 776 23894
870 149 23895
264 31 23896
705 186 23897
216 627 23898
578 590 23899
743 99 23900
367 443 23901
285 546 23902
367 230 23903
639 672 23904
193 706 23905
445 107 23906
753 596 23907
205 106 23908
756 512 23909
276 778 23910
395 790 23911
395 442 23912
448 450 23913
255 867 23914
623 31 23915
623 157 23916
623 157 23917
345 31 23918
860 858 23919
255 876 23920
164 450 23921
9 627 23922
119 546 23923
383 450 23924
18 523 23925
18 708 23926
493 66 23927
9 873 23928
9 530 23929
9 179 23930
9 395 23931
9 36 23932
9 726 23933
9 45 23934
9 251 23935
9 52 23936
9 431 23937
9 703 23938
106 703 23939
49 515 23940
64 887 23941
64 737 23942
64 52 23943
319 363 23944
756 288 23945
634 415 23946
634 362 23947
39 373 23948
39 77 23949
39 628 23950
39 248 23951
39 555 23952
39 206 23953
39 78 23954
39 371 23955
39 632 23956
39 156 23957
39 356 23958
39 517 23959
39 129 23960
39 231 23961
326 446 23962
891 60 23963
891 106 23964
796 734 23965
747 373 23966
747 726 23967
9 703 23968
671 261 23969
134 197 23970
134 857 23971
739 293 23972
106 703 23973
345 156 23974
345 60 23975
739 776 23976
106 593 23977
739 91 23978
739 878 23979
9 703 23980
9 726 23981
872 323 23982
72 437 23983
72 593 23984
494 61 23985
494 329 23986
72 627 23987
494 391 23988
62 376 23989
494 736 23990
494 735 23991
62 875 23992
494 443 23993
62 498 23993
72 431 23994
72 706 23995
68 395 23996
494 757 23997
62 4 23998
72 435 23999
62 4 24000
62 395 24001
395 766 24002
62 45 24003
395 433 24004
62 443 24005
395 434 24006
395 429 24007
62 644 24008
395 86 24009
39 373 24010
44 495 24011
39 323 24012
277 447 24013
153 363 24014
834 725 24015
132 178 24016
797 703 24017
216 395 24018
216 627 24019
711 589 24020
418 36 24021
382 132 24022
418 515 24023
582 853 24024
582 102 24025
806 392 24026
243 887 24027
418 493 24028
216 853 24029
376 186 24030
376 876 24031
185 102 24032
299 830 24033
568 776 24034
568 776 24035
359 97 24036
276 239 24037
276 497 24038
735 53 24039
9 395 24040
9 627 24041
9 703 24042
601 839 24043
601 732 24044
601 372 24045
142 776 24046
216 395 24047
142 497 24048
142 739 24049
142 183 24050
142 52 24051
216 627 24052
637 856 24053
637 108 24054
870 265 24055
290 734 24056
185 126 24057
185 387 24058
538 296 24059
221 257 24060
510 673 24061
510 320 24062
90 737 24063
90 240 24064
83 53 24065
645 895 24066
83 739 24066
645 184 24067
83 261 24068
645 762 24069
645 51 24070
346 376 24071
346 53 24072
346 179 24073
346 294 24074
194 387 24075
64 435 24076
64 887 24077
64 737 24078
64 391 24079
422 258 24080
64 282 24081
346 443 24082
346 184 24083
135 329 24084
135 442 24085
135 99 24086
135 152 24087
135 673 24088
135 560 24089
135 557 24090
135 91 24091
227 244 24092
630 376 24093
784 830 24094
360 264 24095
209 102 24096
318 495 24097
137 424 24098
802 105 24099
134 895 24100
822 108 24101
531 91 24102
592 540 24103
592 875 24104
531 320 24105
592 99 24106
592 78 24107
870 636 24108
564 830 24109
564 673 24110
93 120 24111
93 123 24112
93 290 24113
595 830 24114
173 442 24115
205 229 24116
173 288 24117
548 257 24118
9 395 24119
9 627 24120
9 152 24121
395 442 24122
173 442 24123
173 395 24124
328 52 24125
705 445 24126
705 751 24127
705 676 24128
193 706 24129
193 284 24130
619 895 24131
39 78 24132
679 743 24133
43 442 24134
679 530 24135
43 350 24136
745 538 24137
679 206 24138
43 153 24139
679 517 24140
679 392 24141
135 442 24142
135 706 24143
756 49 24144
193 706 24145
645 895 24146
14 242 24147
14 709 24148
176 231 24149
137 759 24150
326 673 24151
72 183 24152
72 627 24153
137 452 24154
9 395 24155
9 627 24156
9 183 24157
9 759 24158
9 52 24159
130 523 24160
257 636 24161
592 61 24162
592 362 24163
592 632 24164
105 763 24165
347 452 24166
347 556 24167
62 759 24168
62 395 24169
392 86 24170
392 869 24171
231 452 24172
803 706 24173
392 395 24174
796 734 24175
161 117 24176
134 895 24177
164 323 24178
164 320 24179
62 395 24180
1 329 24181
274 264 24182
420 556 24183
106 157 24184
106 388 24185
394 491 24186
637 703 24187
285 788 24188
536 349 24189
548 154 24190
139 641 24191
49 515 24192
39 323 24193
39 517 24194
34 287 24195
34 855 24196
725 830 24197
307 788 24198
307 724 24199
57 292 24200
307 855 24201
383 874 24202
307 40 24203
307 247 24204
135 329 24205
825 97 24206
825 855 24207
62 292 24208
250 349 24209
515 360 24210
515 518 24211
250 240 24212
250 418 24213
216 874 24214
250 892 24215
216 739 24216
250 521 24217
216 627 24218
250 544 24219
216 395 24220
250 431 24221
250 495 24222
858 183 24223
635 181 24224
635 181 24225
83 739 24226
83 33 24227
216 739 24228
367 157 24229
861 62 24230
405 102 24231
405 102 24232
861 62 24233
480 495 24234
405 776 24235
336 84 24236
336 59 24237
438 874 24238
438 6 24239
634 362 24240
214 31 24241
784 830 24242
53 672 24243
579 743 24244
579 739 24245
579 33 24246
395 442 24247
139 247 24248
395 452 24249
418 515 24250
395 869 24251
395 86 24252
185 102 24253
418 874 24254
139 484 24255
418 376 24256
870 240 24257
637 518 24258
805 391 24259
392 157 24260
392 157 24261
744 153 24262
744 153 24263
392 556 24264
142 874 24265
142 776 24266
142 739 24267
142 443 24268
142 52 24269
142 830 24270
346 376 24271
346 240 24272
346 521 24273
346 544 24274
295 234 24275
141 92 24276
141 617 24277
141 97 24278
141 70 24279
141 597 24280
141 183 24281
137 452 24282
137 443 24283
137 102 24284
137 759 24285
137 703 24286
137 388 24287
592 292 24288
592 38 24289
395 452 24290
743 362 24291
747 443 24292
106 703 24293
307 247 24294
9 597 24295
9 92 24296
9 703 24297
91 154 24298
91 444 24299
383 874 24300
898 236 24301
422 880 24302
422 880 24303
478 730 24304
422 37 24305
134 895 24306
422 589 24307
50 444 24308
422 871 24309
494 104 24310
91 444 24311
422 251 24312
39 156 24313
39 242 24314
39 231 24315
39 68 24316
730 240 24317
62 759 24318
813 556 24319
432 241 24320
578 92 24321
784 830 24322
447 600 24323
582 851 24324
582 851 24325
307 897 24326
137 92 24327
137 452 24328
137 443 24329
578 92 24330
307 558 24331
307 558 24332
106 703 24333
631 36 24334
739 776 24335
739 776 24336
739 776 24337
255 445 24338
263 734 24339
255 776 24340
255 876 24341
719 541 24342
719 294 24343
719 248 24344
50 444 24345
871 36 24346
347 556 24347
347 641 24348
347 452 24349
686 49 24350
139 748 24351
686 778 24352
231 452 24353
637 703 24354
18 238 24355
18 867 24356
592 880 24357
645 895 24358
592 239 24359
592 437 24360
592 874 24361
645 521 24362
333 420 24363
140 106 24364
51 830 24365
51 830 24366
140 119 24367
384 2 24368
383 897 24369
420 428 24370
164 362 24371
420 53 24372
711 428 24373
164 323 24374
420 829 24375
548 119 24376
858 31 24377
209 236 24378
548 295 24379
395 452 24380
548 154 24381
142 830 24382
359 97 24383
359 126 24384
43 442 24385
383 293 24386
871 521 24387
679 2 24388
60 329 24389
60 329 24390
50 154 24391
307 897 24392
637 829 24393
243 887 24394
797 556 24395
797 556 24396
797 703 24397
797 703 24398
9 437 24399
9 703 24400
797 386 24401
797 390 24402
797 390 24403
100 260 24404
100 288 24405
39 323 24406
39 248 24407
39 437 24408
872 323 24409
872 362 24410
351 36 24411
139 876 24412
328 52 24413
150 760 24414
139 431 24415
347 556 24416
347 556 24417
420 829 24418
64 391 24419
64 445 24420
274 703 24421
348 445 24422
64 445 24423
898 236 24424
367 443 24425
367 157 24426
216 874 24427
582 853 24428
216 739 24429
420 355 24430
91 154 24431
91 444 24432
91 734 24433
83 53 24434
510 362 24435
83 33 24436
83 355 24437
637 437 24438
747 443 24439
494 437 24440
705 445 24441
50 444 24442
50 154 24443
686 734 24444
135 437 24445
135 329 24446
135 390 24447
686 154 24448
721 734 24449
823 178 24450
366 282 24451
580 501 24452
64 445 24453
72 431 24454
141 97 24455
141 545 24456
753 236 24457
57 292 24458
285 6 24459
285 788 24460
90 867 24461
531 323 24462
531 362 24463
531 75 24464
283 538 24465
730 437 24466
9 222 24467
9 349 24468
326 437 24469
318 558 24470
134 895 24471
62 292 24472
62 734 24473
39 323 24474
39 437 24475
205 106 24476
205 417 24477
205 615 24478
480 880 24479
619 895 24480
9 880 24481
231 881 24482
90 867 24483
624 53 24484
194 734 24485
345 31 24486
93 290 24487
796 734 24488
645 895 24489
62 759 24490
39 369 24491
72 222 24492
139 706 24493
843 34 24494
733 31 24495
705 445 24496
834 545 24497
822 558 24498
739 881 24499
326 673 24500
231 881 24501
231 777 24502
214 31 24503
872 880 24504
531 880 24505
137 443 24506
733 31 24507
733 31 24508
859 185 24509
859 452 24510
224 226 24511
622 31 24512
141 545 24513
141 545 24514
392 157 24515
392 556 24516
709 595 24517
784 830 24518
870 290 24519
153 776 24520
255 776 24521
255 876 24522
255 739 24523
844 673 24524
259 724 24525
259 92 24526
539 876 24527
287 357 24528
287 854 24529
209 236 24530
281 690 24531
322 363 24532
9 880 24533
9 290 24534
695 106 24535
783 491 24536
345 156 24537
345 183 24538
345 40 24539
164 362 24540
164 323 24541
164 895 24542
347 185 24543
164 99 24544
347 452 24545
637 290 24546
637 371 24547
142 874 24548
142 739 24549
142 294 24550
142 830 24551
346 880 24552
283 183 24553
637 222 24554
9 222 24555
231 452 24556
463 444 24557
637 627 24558
28 52 24559
637 222 24560
637 349 24561
637 376 24562
173 437 24563
898 236 24564
747 236 24565
29 443 24566
243 290 24567
637 290 24568
83 874 24569
637 875 24570
531 880 24571
422 880 24572
555 257 24573
216 874 24574
83 874 24575
141 477 24576
141 476 24577
846 617 24578
846 477 24579
846 476 24580
47 2 24581
72 222 24582
1 329 24583
193 706 24584
631 36 24585
744 119 24586
744 40 24587
9 437 24588
9 222 24589
9 36 24590
9 627 24591
9 880 24592
9 52 24593
9 706 24594
9 290 24595
192 545 24596
283 557 24597
562 558 24598
562 92 24599
383 874 24600
318 839 24601
710 260 24602
494 443 24603
193 518 24604
193 627 24605
9 627 24606
205 99 24607
898 236 24608
173 437 24609
39 323 24610
39 437 24611
747 241 24612
747 220 24613
634 415 24614
634 362 24615
47 729 24616
198 787 24617
422 880 24618
198 264 24619
862 55 24620
9 437 24621
141 759 24622
141 178 24623
538 264 24624
62 759 24625
307 557 24626
307 376 24627
405 437 24628
834 545 24629
834 545 24630
637 372 24631
891 290 24632
141 759 24633
637 498 24634
360 264 24635
345 290 24636
623 31 24637
173 437 24638
367 157 24639
538 264 24640
538 264 24641
823 516 24642
63 240 24643
797 556 24644
834 477 24645
14 222 24646
345 31 24647
858 31 24648
637 627 24649
637 706 24650
371 618 24651
601 839 24652
134 491 24653
784 830 24654
770 557 24655
420 53 24656
420 881 24657
237 83 24658
237 252 24659
142 183 24660
142 830 24661
318 839 24662
420 868 24663
895 560 24664
141 477 24665
609 386 24666
827 257 24667
348 391 24668
90 240 24669
90 737 24670
90 522 24671
307 557 24672
90 737 24673
345 31 24674
72 222 24675
137 443 24676
307 418 24677
255 739 24678
313 732 24679
93 290 24680
871 392 24681
214 31 24682
250 521 24683
250 484 24684
62 388 24685
62 498 24686
172 549 24687
39 437 24688
53 392 24689
623 31 24690
476 359 24691
135 673 24692
135 101 24693
784 830 24694
803 732 24695
624 883 24696
825 178 24697
825 126 24698
173 437 24699
51 830 24700
870 734 24701
346 53 24702
194 734 24703
62 734 24704
285 598 24705
14 701 24706
182 477 24707
637 388 24708
637 549 24709
233 226 24710
106 388 24711
637 294 24712
699 747 24713
699 747 24714
124 839 24715
846 477 24716
733 31 24717
870 734 24718
870 878 24719
493 66 24720
624 851 24721
601 839 24722
395 734 24723
395 388 24724
602 308 24725
276 868 24726
784 830 24727
283 183 24728
142 183 24729
142 830 24730
592 362 24731
592 126 24732
164 99 24733
592 590 24734
863 554 24735
592 736 24736
592 206 24737
185 736 24738
298 830 24739
298 101 24740
29 443 24741
202 448 24742
619 895 24743
619 853 24744
285 512 24745
494 736 24746
97 33 24747
686 734 24748
686 392 24749
870 734 24750
671 261 24751
83 874 24752
83 739 24753
637 512 24754
472 701 24755
637 853 24756
472 507 24757
472 636 24758
472 676 24759
472 897 24760
83 261 24761
637 507 24762
205 99 24763
205 91 24764
805 851 24765
805 391 24766
395 734 24767
395 388 24768
637 851 24769
744 153 24770
280 504 24771
280 227 24772
313 598 24773
313 596 24774
313 294 24775
313 701 24776
313 443 24777
805 851 24778
805 2 24779
384 2 24780
318 839 24781
62 734 24782
636 205 24783
560 558 24784
560 742 24785
560 767 24786
870 789 24787
560 852 24788
870 636 24789
560 260 24790
560 791 24791
526 843 24792
560 883 24793
560 557 24794
637 870 24795
560 128 24796
164 99 24797
560 152 24798
560 183 24799
560 592 24800
560 896 24801
383 874 24802
383 874 24803
383 897 24804
560 61 24805
83 701 24806
624 851 24807
637 775 24808
637 703 24809
637 786 24810
637 297 24811
47 2 24812
47 2 24813
637 437 24814
287 357 24815
881 226 24816
881 870 24817
72 183 24818
328 52 24819
637 369 24820
637 518 24821
9 512 24822
9 870 24823
571 153 24824
744 153 24825
424 737 24826
637 234 24827
637 870 24828
132 108 24829
132 782 24830
132 617 24831
132 178 24832
135 362 24833
346 183 24834
601 868 24835
859 452 24836
859 308 24837
496 227 24838
405 530 24839
637 108 24840
637 617 24841
234 789 24842
637 713 24843
637 127 24844
39 369 24845
62 183 24846
145 387 24847
62 388 24848
145 387 24849
39 437 24850
145 387 24851
39 632 24852
145 387 24853
39 127 24854
39 206 24855
369 748 24856
872 99 24857
510 99 24858
510 362 24859
510 320 24860
142 874 24861
510 91 24862
142 739 24863
142 830 24864
494 387 24865
525 40 24866
9 530 24867
141 617 24868
141 152 24869
141 492 24870
422 880 24871
805 851 24872
871 392 24873
137 851 24874
525 324 24875
624 851 24876
57 742 24877
457 560 24878
196 705 24879
39 371 24880
39 596 24881
578 831 24882
255 867 24883
255 598 24884
414 261 24885
414 543 24886
9 543 24887
384 897 24888
630 357 24889
881 365 24890
65 484 24891
578 7 24892
578 556 24893
91 154 24894
91 444 24895
59 227 24896
91 152 24897
59 221 24898
634 484 24899
825 530 24900
870 734 24901
622 31 24902
496 376 24903
135 560 24904
134 895 24905
735 421 24906
333 386 24907
134 94 24908
637 362 24909
637 369 24910
405 530 24911
405 133 24912
326 437 24913
645 853 24914
645 895 24915
813 556 24916
637 741 24917
392 556 24918
618 868 24919
345 388 24920
345 40 24921
255 365 24922
585 874 24923
205 99 24924
205 776 24925
822 388 24926
637 388 24927
39 369 24928
784 830 24929
141 152 24930
341 479 24931
578 556 24932
743 362 24933
743 99 24934
190 389 24935
90 867 24936
345 388 24937
637 362 24938
637 388 24939
637 187 24940
822 388 24941
142 830 24942
756 445 24943
216 739 24944
216 874 24945
623 31 24946
83 739 24947
93 290 24948
422 365 24949
422 365 24950
216 739 24951
44 880 24952
152 492 24953
83 739 24954
83 874 24955
637 672 24956
870 290 24957
870 878 24958
307 557 24959
858 31 24960
858 31 24961
307 40 24962
307 40 24963
345 40 24964
83 874 24965
345 388 24966
634 362 24967
50 55 24968
383 874 24969
383 874 24970
637 362 24971
18 867 24972
83 874 24973
187 183 24974
187 150 24975
187 180 24976
187 443 24977
187 734 24978
187 786 24979
637 180 24980
637 831 24981
91 152 24982
29 443 24983
91 290 24984
91 154 24985
539 874 24986
348 445 24987
460 510 24988
137 851 24989
627 55 24990
93 290 24991
743 362 24992
283 557 24993
283 183 24994
283 221 24995
547 857 24996
547 423 24997
3 662 24998
3 90 24999
733 31 25000
345 290 25001
895 560 25002
870 423 25003
383 874 25004
585 874 25005
383 874 25006
90 737 25007
173 437 25008
777 264 25009
395 734 25010
752 741 25011
752 559 25012
752 284 25013
105 763 25014
752 743 25015
789 618 25016
152 492 25017
185 445 25018
50 154 25019
745 878 25020
9 376 25021
243 290 25022
64 445 25023
538 264 25024
64 324 25025
538 559 25026
538 662 25027
90 749 25028
345 376 25029
496 376 25030
216 739 25031
216 874 25032
806 392 25033
870 240 25034
637 240 25035
756 445 25036
18 96 25037
756 445 25038
18 708 25039
753 236 25040
274 96 25041
93 290 25042
628 502 25043
83 739 25044
347 726 25045
870 290 25046
627 618 25047
91 154 25048
91 154 25049
848 896 25050
91 290 25051
624 236 25052
346 443 25053
510 362 25054
346 183 25055
346 150 25056
813 370 25057
50 757 25058
64 445 25059
870 726 25060
73 241 25061
898 236 25062
367 444 25063
367 868 25064
367 224 25065
169 40 25066
822 240 25067
822 290 25068
595 831 25069
375 150 25070
322 484 25071
92 373 25072
92 373 25073
92 357 25074
92 319 25075
92 297 25076
47 224 25077
72 297 25078
873 589 25079
91 290 25080
873 182 25081
873 181 25082
873 676 25083
873 68 25084
873 829 25085
424 737 25086
91 686 25087
91 727 25088
91 542 25089
91 444 25090
91 152 25091
91 424 25092
91 734 25093
91 152 25094
91 542 25095
39 370 25096
699 530 25097
699 747 25098
274 240 25099
47 2 25100
784 830 25101
509 863 25102
405 319 25103
345 376 25104
383 224 25105
803 96 25106
525 2 25107
98 392 25108
98 853 25109
247 290 25110
247 515 25111
247 417 25112
142 874 25113
247 763 25114
142 443 25115
142 830 25116
345 290 25117
539 376 25118
628 672 25119
216 739 25120
216 874 25121
783 491 25122
274 557 25123
420 355 25124
420 53 25125
438 874 25126
345 376 25127
637 831 25128
29 443 25129
735 2 25130
346 53 25131
619 853 25132
861 62 25133
861 197 25134
216 874 25135
601 868 25136
806 392 25137
637 197 25138
83 874 25139
102 71 25140
510 445 25141
336 357 25142
336 734 25143
336 245 25144
521 239 25145
164 362 25146
48 105 25147
164 99 25148
164 320 25149
645 853 25150
4 443 25151
895 349 25152
383 874 25153
895 349 25154
47 2 25155
135 557 25156
274 557 25157
50 446 25158
72 491 25159
93 863 25160
93 863 25161
93 290 25162
93 290 25163
448 450 25164
870 557 25165
91 734 25166
91 290 25167
82 91 25168
637 349 25169
637 443 25170
770 557 25171
578 831 25172
719 349 25173
719 541 25174
719 249 25175
132 741 25176
39 437 25177
39 594 25178
39 156 25179
39 68 25180
39 46 25181
194 105 25182
205 417 25183
205 91 25184
205 99 25185
141 585 25186
871 229 25187
257 479 25188
645 521 25189
756 445 25190
756 222 25191
556 90 25192
737 290 25193
737 238 25194
784 830 25195
105 763 25196
539 874 25197
326 445 25198
806 90 25199
395 734 25200
395 446 25201
637 437 25202
180 386 25203
180 117 25204
634 362 25205
231 452 25206
743 349 25207
743 249 25208
231 452 25209
326 446 25210
64 445 25211
822 240 25212
870 240 25213
637 349 25214
637 240 25215
383 874 25216
9 437 25217
247 290 25218
247 763 25219
247 417 25220
637 437 25221
420 94 25222
756 445 25223
274 240 25224
274 557 25225
870 149 25226
395 386 25227
395 452 25228
9 437 25229
351 62 25230
637 437 25231
360 264 25232
50 446 25233
510 320 25234
510 362 25235
274 594 25236
725 830 25237
832 100 25238
870 557 25239
102 869 25240
748 221 25241
274 557 25242
83 738 25243
748 830 25244
895 270 25245
274 270 25246
705 445 25247
748 387 25248
274 738 25249
153 594 25250
274 594 25251
295 686 25252
18 238 25253
399 70 25254
538 264 25255
65 221 25256
496 227 25257
91 686 25258
637 362 25259
51 830 25260
813 834 25261
143 386 25262
833 641 25263
833 643 25264
833 187 25265
833 261 25266
833 282 25267
833 735 25268
833 594 25269
833 363 25270
833 543 25271
833 691 25272
833 853 25273
345 290 25274
645 853 25275
645 127 25276
645 895 25277
378 686 25278
634 362 25279
393 585 25280
64 445 25281
396 829 25282
396 58 25283
422 589 25284
326 446 25285
8 90 25286
8 490 25287
8 662 25288
205 229 25289
130 379 25290
395 386 25291
39 127 25292
39 594 25293
748 221 25294
65 221 25295
274 594 25296
394 270 25297
846 476 25298
384 869 25299
412 637 25300
412 81 25301
509 593 25302
141 476 25303
274 270 25304
383 869 25305
401 590 25306
401 117 25307
748 221 25308
401 615 25309
401 417 25310
401 54 25311
401 637 25312
401 62 25313
401 152 25314
637 829 25315
83 261 25316
705 445 25317
134 62 25318
538 490 25319
538 662 25320
216 738 25321
143 386 25322
645 81 25323
739 224 25324
739 180 25325
739 149 25326
619 853 25327
739 149 25328
83 738 25329
233 226 25330
739 362 25331
98 853 25332
98 392 25333
47 224 25334
394 585 25335
777 593 25336
777 264 25337
777 868 25338
777 265 25339
347 831 25340
384 869 25341
216 738 25342
580 282 25343
205 615 25344
83 738 25345
538 264 25346
578 831 25347
134 853 25348
39 593 25349
39 594 25350
846 476 25351
268 729 25352
846 638 25353
274 738 25354
873 482 25355
134 593 25356
383 869 25357
383 738 25358
582 81 25359
822 389 25360
498 247 25361
498 493 25362
498 62 25363
283 221 25364
283 538 25365
283 538 25366
283 557 25367
870 183 25368
609 386 25369
846 617 25370
141 476 25371
539 738 25372
865 293 25373
274 738 25374
83 738 25375
347 389 25376
216 738 25377
65 843 25378
805 851 25379
805 851 25380
748 221 25381
173 437 25382
686 94 25383
422 594 25384
91 477 25385
91 290 25386
91 433 25387
91 152 25388
102 869 25389
822 389 25390
193 493 25391
359 437 25392
359 97 25393
9 152 25394
9 290 25395
567 36 25396
480 495 25397
141 477 25398
43 442 25399
375 62 25400
91 477 25401
318 495 25402
347 389 25403
141 477 25404
117 593 25405
117 394 25406
164 362 25407
164 81 25408
164 99 25409
164 320 25410
164 323 25411
485 572 25412
856 442 25413
395 433 25414
395 442 25415
395 442 25416
39 594 25417
578 92 25418
392 869 25419
870 437 25420
418 515 25421
418 493 25422
238 75 25423
238 729 25424
382 221 25425
756 445 25426
813 370 25427
813 370 25428
813 370 25429
813 370 25430
219 323 25431
18 897 25432
91 433 25433
510 320 25434
510 362 25435
510 362 25436
346 183 25437
346 897 25438
298 830 25439
46 780 25440
366 282 25441
164 362 25442
164 323 25443
164 320 25444
846 476 25445
846 477 25446
745 538 25447
812 126 25448
745 69 25449
397 672 25450
438 874 25451
438 738 25452
531 320 25453
531 75 25454
744 673 25455
65 518 25456
531 762 25457
531 595 25458
531 628 25459
531 45 25460
531 870 25461
274 775 25462
47 69 25463
806 759 25464
188 855 25465
188 671 25466
870 395 25467
870 706 25468
384 507 25469
283 538 25470
283 538 25471
283 51 25472
283 390 25473
283 221 25474
9 790 25475
578 855 25476
578 871 25477
395 766 25478
18 762 25479
18 60 25480
18 428 25481
18 523 25482
97 592 25483
97 33 25484
447 242 25485
447 738 25486
172 549 25487
43 350 25488
719 249 25489
719 672 25490
719 294 25491
205 106 25492
719 248 25493
164 320 25494
164 544 25495
135 329 25496
398 45 25497
398 437 25498
276 778 25499
538 296 25500
538 759 25501
134 4 25502
438 738 25503
438 676 25504
438 546 25505
813 703 25506
728 101 25507
142 874 25508
838 244 25509
838 515 25510
838 290 25511
119 546 25512
119 294 25513
119 543 25514
822 389 25515
9 4 25516
9 45 25517
9 759 25518
9 703 25519
367 230 25520
1 741 25521
1 741 25522
63 49 25523
141 545 25524
141 597 25525
141 295 25526
141 759 25527
743 362 25528
743 99 25529
743 249 25530
141 178 25531
743 179 25532
743 349 25533
346 4 25534
346 854 25535
346 544 25536
346 644 25537
346 184 25538
220 394 25539
347 433 25540
347 504 25541
347 185 25542
347 389 25543
347 518 25544
102 869 25545
450 245 25546
102 86 25547
744 153 25548
392 86 25549
392 157 25550
842 104 25551
274 4 25552
274 738 25553
806 644 25554
285 788 25555
285 512 25556
285 296 25557
259 724 25558
259 388 25559
637 672 25560
637 856 25561
91 433 25562
637 180 25563
637 107 25564
91 234 25564
91 881 25565
18 96 25566
57 292 25567
891 60 25568
891 106 25569
892 743 25570
395 433 25571
395 86 25572
892 81 25573
892 81 25574
892 297 25575
752 54 25576
805 282 25577
405 102 25578
811 119 25579
531 320 25580
48 762 25581
48 790 25582
164 362 25583
870 60 25584
485 97 25585
9 759 25586
538 296 25587
538 759 25588
538 545 25589
538 743 25590
64 887 25591
619 96 25592
383 507 25593
383 157 25594
383 738 25595
383 738 25596
383 869 25597
181 372 25598
695 549 25599
695 858 25600
695 431 25601
695 725 25602
695 260 25603
752 284 25604
752 559 25605
752 559 25606
752 154 25607
395 790 25608
395 386 25609
510 320 25610
394 725 25611
384 157 25612
510 362 25613
509 545 25614
243 549 25615
243 498 25616
243 290 25617
243 152 25618
538 559 25619
91 433 25620
91 290 25621
438 738 25622
438 6 25623
438 389 25624
695 549 25625
321 734 25626
821 104 25627
216 738 25628
216 738 25629
216 874 25630
813 834 25631
264 31 25632
872 323 25633
735 855 25634
756 288 25635
834 725 25636
238 75 25637
173 759 25638
141 759 25639
141 545 25640
393 734 25641
164 362 25642
397 672 25643
164 323 25644
164 320 25645
870 734 25646
870 636 25647
394 725 25648
870 627 25649
231 452 25650
601 839 25651
601 732 25652
274 627 25653
422 589 25654
422 589 25655
221 257 25656
531 75 25657
531 320 25658
580 501 25659
580 282 25660
516 730 25661
392 869 25662
872 323 25663
817 851 25664
255 592 25665
255 876 25666
91 734 25667
51 830 25668
529 96 25669
634 362 25670
318 839 25671
318 558 25672
512 126 25673
592 292 25674
592 540 25675
592 875 25676
592 99 25677
592 880 25678
592 220 25679
592 45 25680
432 873 25681
432 782 25682
432 876 25683
432 101 25684
432 102 25685
578 881 25686
39 77 25687
39 628 25688
39 323 25689
39 248 25690
39 703 25691
39 370 25692
39 555 25693
39 78 25694
39 231 25695
39 242 25696
39 517 25697
39 129 25698
47 729 25699
244 230 25700
105 763 25701
735 507 25702
645 81 25703
645 184 25704
645 521 25705
287 357 25706
743 362 25707
743 99 25708
422 829 25709
637 829 25710
838 178 25711
637 362 25712
347 556 25713
809 418 25714
803 96 25715
231 777 25716
274 96 25717
739 224 25718
91 154 25719
739 224 25720
375 107 25721
739 224 25722
739 224 25723
870 734 25724
173 759 25725
164 323 25726
164 99 25727
509 545 25728
164 320 25729
142 874 25730
813 703 25731
813 370 25732
141 545 25733
351 62 25734
395 734 25735
351 637 25736
556 90 25737
92 357 25738
62 292 25739
92 357 25740
421 437 25741
91 734 25742
844 881 25743
637 437 25744
50 154 25745
141 437 25746
18 96 25747
842 701 25748
842 854 25749
231 881 25750
813 379 25751
345 701 25752
624 701 25753
18 96 25754
871 81 25755
871 484 25756
346 854 25757
216 874 25758
274 96 25759
274 96 25760
395 734 25761
395 858 25762
395 389 25763
539 597 25764
83 186 25765
83 738 25766
268 729 25767
268 729 25768
725 830 25769
83 33 25770
268 776 25771
268 706 25772
494 104 25773
494 782 25774
494 61 25775
494 736 25776
295 234 25777
367 224 25778
582 851 25779
394 389 25780
747 220 25781
60 600 25782
705 760 25783
705 751 25784
705 106 25785
705 52 25786
531 320 25787
18 96 25788
90 867 25789
193 559 25790
891 106 25791
870 734 25792
870 706 25793
192 545 25794
383 507 25795
99 855 25796
742 261 25797
194 734 25798
336 84 25799
813 356 25800
336 394 25801
283 38 25802
142 874 25803
142 782 25804
578 881 25805
578 830 25806
578 830 25807
283 184 25808
3 662 25809
3 90 25810
3 490 25811
3 558 25812
3 545 25813
64 52 25814
247 290 25815
247 515 25816
18 96 25817
62 759 25818
39 323 25819
39 703 25820
39 370 25821
39 437 25822
39 356 25823
39 389 25824
384 224 25825
197 106 25826
59 227 25827
274 96 25828
59 221 25829
59 757 25830
274 96 25831
274 261 25832
247 417 25833
531 320 25834
247 763 25835
538 490 25836
538 662 25837
525 394 25838
556 90 25839
797 386 25840
797 703 25841
421 557 25842
870 789 25843
870 734 25844
870 557 25845
91 290 25846
124 389 25847
871 417 25848
336 394 25849
274 557 25850
336 59 25851
395 386 25852
395 867 25853
395 734 25854
135 362 25855
29 443 25856
296 498 25857
376 876 25858
91 734 25859
805 282 25860
805 851 25861
489 182 25862
525 394 25863
126 897 25864
126 104 25865
126 104 25866
489 296 25867
141 295 25868
538 296 25869
870 734 25870
637 362 25871
637 498 25872
637 443 25873
637 703 25874
637 518 25875
164 323 25876
164 320 25877
443 386 25878
816 370 25879
18 96 25880
18 96 25881
18 897 25882
18 867 25883
274 96 25884
274 96 25885
274 96 25886
274 96 25887
346 184 25888
346 897 25889
346 443 25890
756 592 25891
531 320 25892
803 96 25893
742 261 25894
637 443 25895
405 417 25896
405 437 25897
405 590 25898
405 530 25899
405 737 25900
283 184 25901
283 221 25902
83 874 25903
83 734 25904
274 261 25905
619 853 25906
745 69 25907
359 97 25908
205 417 25909
345 290 25910
64 737 25911
18 96 25912
229 435 25913
421 557 25914
421 394 25915
559 244 25916
137 545 25917
137 851 25918
813 370 25919
274 96 25920
498 637 25921
699 442 25922
870 734 25923
699 747 25924
65 293 25925
686 734 25926
686 96 25927
686 389 25928
686 388 25929
686 388 25930
238 75 25931
238 729 25932
62 734 25933
709 874 25934
274 96 25935
274 96 25936
18 96 25937
443 389 25938
18 96 25939
628 502 25940
346 443 25941
274 96 25942
83 734 25943
83 734 25944
822 389 25945
871 417 25946
18 96 25947
637 443 25948
30 126 25949
753 236 25950
861 558 25951
861 759 25952
237 83 25953
237 252 25954
531 75 25955
861 644 25956
645 644 25957
405 417 25958
9 759 25959
292 482 25960
91 290 25961
274 96 25962
873 482 25963
873 589 25964
873 706 25965
62 644 25966
871 417 25967
522 388 25968
18 96 25969
194 734 25970
424 737 25971
733 394 25972
367 443 25973
752 788 25974
752 559 25975
90 734 25976
29 443 25977
134 870 25978
134 627 25979
405 102 25980
405 102 25981
367 443 25982
870 557 25983
870 706 25984
153 627 25985
346 443 25986
346 644 25987
285 627 25988
268 729 25989
435 762 25990
435 545 25991
443 734 25992
401 481 25993
531 762 25994
531 870 25995
633 357 25996
582 240 25997
803 96 25998
803 96 25999
803 236 26000
580 282 26001
347 556 26002
239 857 26003
359 126 26004
870 293 26005
870 878 26006
870 240 26007
628 672 26008
595 830 26009
142 874 26010
142 294 26011
142 830 26012
142 389 26013
18 96 26014
18 96 26015
298 294 26016
298 830 26017
243 293 26018
347 556 26019
727 637 26020
727 81 26021
733 31 26022
861 418 26023
861 418 26024
870 437 26025
861 197 26026
861 895 26027
173 290 26028
173 759 26029
637 672 26030
637 437 26031
805 282 26032
805 851 26033
805 370 26034
805 370 26035
39 323 26036
39 370 26037
93 270 26038
93 290 26039
93 290 26040
574 691 26041
72 593 26042
72 222 26043
619 895 26044
813 370 26045
92 357 26046
39 370 26047
264 360 26048
709 739 26049
709 595 26050
709 690 26051
582 895 26052
582 851 26053
582 240 26054
375 590 26055
268 729 26056
192 545 26057
384 2 26058
30 126 26059
794 257 26060
794 572 26061
336 357 26062
47 2 26063
865 593 26064
276 236 26065
397 672 26066
137 851 26067
510 320 26068
368 881 26069
494 391 26070
777 522 26071
777 293 26072
737 238 26073
813 370 26074
395 386 26075
742 257 26076
395 734 26077
395 442 26078
395 443 26079
9 437 26080
9 759 26081
9 706 26082
405 437 26083
405 590 26084
822 558 26085
822 389 26086
787 615 26087
619 895 26088
619 357 26089
634 362 26090
846 477 26091
346 443 26092
164 895 26093
164 320 26094
619 895 26095
777 593 26096
134 895 26097
205 615 26098
64 391 26099
64 887 26100
509 593 26101
677 538 26102
435 240 26103
173 759 26104
173 389 26105
435 636 26106
55 284 26107
578 590 26108
435 852 26109
55 389 26110
797 390 26111
797 390 26112
243 887 26113
231 452 26114
231 308 26115
619 895 26116
173 389 26117
93 290 26118
735 389 26119
9 437 26120
9 290 26121
367 483 26122
705 40 26123
435 759 26124
435 759 26125
279 182 26126
383 222 26127
216 874 26128
216 738 26129
870 636 26130
435 222 26131
762 373 26132
762 424 26133
173 437 26134
173 290 26135
296 498 26136
397 672 26137
142 443 26138
142 389 26139
142 294 26140
443 734 26141
805 851 26142
394 389 26143
367 443 26144
686 96 26145
173 389 26146
686 734 26147
394 389 26148
93 290 26149
164 99 26150
373 236 26151
121 226 26152
121 421 26153
443 734 26154
443 734 26155
36 94 26156
881 226 26157
881 226 26158
881 421 26159
531 595 26160
345 498 26161
603 493 26162
9 437 26163
9 759 26164
9 290 26165
603 448 26166
194 389 26167
220 394 26168
220 394 26169
93 290 26170
117 394 26171
367 444 26172
870 789 26173
870 734 26174
336 394 26175
39 373 26176
39 370 26177
102 789 26178
39 437 26179
62 734 26180
62 759 26181
62 443 26182
62 498 26183
625 150 26184
56 389 26185
56 493 26186
85 294 26187
613 370 26188
582 389 26189
582 851 26190
382 132 26191
525 394 26192
367 443 26193
375 150 26194
870 734 26195
9 222 26196
383 222 26197
752 284 26198
733 394 26199
279 713 26200
360 572 26201
834 389 26202
50 294 26203
489 182 26204
797 437 26205
395 734 26206
870 734 26207
637 437 26208
637 498 26209
394 389 26210
31 557 26211
193 559 26212
548 257 26213
153 518 26214
83 739 26215
861 62 26216
861 492 26217
173 448 26218
47 729 26219
447 357 26220
870 423 26221
220 394 26222
141 545 26223
141 759 26224
57 292 26225
57 292 26226
93 123 26227
93 120 26228
742 598 26229
91 734 26230
91 734 26231
91 734 26232
91 734 26233
91 734 26234
91 444 26235
9 133 26236
9 437 26237
9 251 26238
9 759 26239
435 222 26240
264 31 26241
192 545 26242
283 705 26243
803 197 26244
803 96 26245
803 595 26246
803 595 26247
57 742 26248
247 290 26249
220 632 26250
861 197 26251
62 292 26252
62 498 26253
62 510 26254
62 437 26255
803 197 26256
92 357 26257
539 759 26258
345 133 26259
50 444 26260
686 96 26261
803 96 26262
336 394 26263
336 357 26264
686 96 26265
686 94 26266
709 636 26267
709 739 26268
363 767 26269
803 96 26270
803 96 26271
313 732 26272
313 598 26273
313 598 26274
313 421 26275
313 433 26276
313 186 26277
313 736 26278
313 53 26279
313 294 26280
313 730 26281
313 245 26282
313 105 26283
313 443 26284
313 150 26285
313 596 26286
285 788 26287
285 546 26288
752 788 26289
9 759 26290
752 843 26291
752 789 26292
752 789 26293
564 830 26294
194 421 26295
420 394 26296
178 743 26297
624 851 26298
624 883 26299
345 546 26300
435 244 26301
318 389 26302
392 869 26303
392 157 26304
443 386 26305
321 100 26306
321 100 26307
435 869 26308
18 96 26309
102 869 26310
392 869 26311
102 869 26312
102 869 26313
392 869 26314
654 869 26315
654 641 26316
392 869 26317
705 434 26318
705 258 26319
725 387 26320
725 830 26321
102 869 26322
102 869 26323
383 293 26324
216 739 26325
276 497 26326
190 389 26327
200 362 26328
98 389 26329
628 672 26330
628 672 26331
367 443 26332
367 444 26333
367 546 26334
510 99 26335
709 739 26336
83 53 26337
268 729 26338
392 869 26339
39 369 26340
39 370 26341
47 128 26342
594 370 26343
47 729 26344
594 786 26345
164 99 26346
346 240 26347
346 294 26348
631 389 26349
346 258 26350
582 851 26351
531 320 26352
582 851 26353
39 370 26354
582 389 26355
39 437 26356
39 632 26357
39 206 26358
39 371 26359
531 362 26360
872 99 26361
609 107 26362
861 387 26363
871 91 26364
871 484 26365
871 392 26366
533 572 26367
533 181 26368
533 222 26369
635 181 26370
861 759 26371
187 150 26372
29 443 26373
90 737 26374
90 734 26375
93 290 26376
392 389 26377
9 107 26378
255 365 26379
603 288 26380
367 443 26381
745 387 26382
538 546 26383
654 869 26384
435 222 26385
247 290 26386
91 290 26387
106 388 26388
135 362 26389
135 510 26390
135 572 26391
135 748 26392
135 258 26393
135 91 26394
283 387 26395
283 387 26396
752 60 26397
19 787 26398
347 641 26399
422 437 26400
510 99 26401
510 320 26402
422 258 26403
510 362 26404
65 843 26405
719 541 26406
645 895 26407
645 521 26408
531 320 26409
870 240 26410
870 843 26411
318 389 26412
102 869 26413
637 437 26414
384 869 26415
173 759 26416
173 290 26417
483 287 26418
102 869 26419
533 222 26420
533 181 26421
695 392 26422
695 392 26423
3 662 26424
3 490 26425
686 392 26426
891 60 26427
539 105 26428
538 490 26429
538 662 26430
745 387 26431
601 127 26432
601 732 26433
601 732 26434
725 830 26435
856 442 26436
9 437 26437
346 521 26438
346 258 26439
194 389 26440
57 292 26441
190 389 26442
190 284 26443
190 284 26444
98 392 26445
238 75 26446
238 729 26447
803 732 26448
803 96 26449
803 672 26450
742 546 26451
742 261 26452
742 261 26453
742 703 26454
268 729 26455
742 428 26456
383 703 26457
634 484 26458
47 729 26459
62 292 26460
62 759 26461
345 387 26462
345 290 26463
9 703 26464
285 546 26465
285 598 26466
538 546 26467
752 789 26468
752 559 26469
351 62 26470
752 843 26471
752 182 26472
57 292 26473
383 546 26474
384 703 26475
62 292 26476
164 99 26477
164 320 26478
164 323 26479
494 104 26480
806 759 26481
498 492 26482
259 725 26483
394 725 26484
806 392 26485
628 672 26486
346 546 26487
805 492 26488
890 709 26489
435 759 26490
435 762 26491
802 437 26492
863 554 26493
627 107 26494
62 759 26495
285 546 26496
285 6 26497
285 6 26498
645 127 26499
645 521 26500
538 546 26501
164 734 26502
91 734 26503
91 290 26504
164 734 26505
141 759 26506
806 392 26507
216 739 26508
802 40 26509
870 60 26510
278 516 26511
383 392 26512
489 643 26513
367 546 26514
825 530 26515
825 540 26516
825 178 26517
825 97 26518
825 97 26519
861 68 26520
861 759 26521
861 94 26522
861 187 26523
861 759 26524
861 81 26525
435 153 26526
274 261 26527
861 724 26528
538 759 26529
567 637 26530
567 36 26531
274 244 26532
567 757 26532
579 738 26533
579 33 26534
579 598 26535
274 546 26536
861 759 26537
274 598 26538
285 546 26539
285 598 26540
285 598 26541
83 33 26542
173 290 26543
806 759 26544
392 869 26545
392 869 26546
871 81 26547
705 308 26548
635 851 26549
39 323 26550
870 643 26551
870 759 26552
495 447 26553
164 81 26554
164 323 26555
268 729 26556
164 94 26557
216 738 26558
255 593 26559
255 776 26560
383 869 26561
383 738 26562
634 362 26563
283 387 26564
200 881 26565
392 869 26566
392 703 26567
435 869 26568
709 739 26569
739 776 26570
405 530 26571
489 290 26572
367 522 26573
392 869 26574
345 290 26575
813 703 26576
383 703 26577
489 290 26578
173 290 26579
865 593 26580
592 292 26581
62 292 26582
592 78 26583
592 540 26584
592 292 26585
592 61 26586
592 133 26587
592 45 26588
592 491 26589
592 543 26590
592 874 26591
592 437 26592
592 239 26593
592 632 26594
395 433 26595
592 881 26596
395 429 26597
395 386 26598
592 182 26599
592 53 26600
592 38 26601
395 734 26602
395 290 26603
592 220 26604
592 373 26605
592 222 26606
592 372 26607
592 51 26608
592 349 26609
592 870 26610
592 329 26611
592 735 26612
592 590 26613
592 356 26614
592 517 26615
592 179 26616
592 4 26617
592 851 26618
592 242 26619
592 241 26620
592 776 26621
592 127 26622
592 484 26623
592 260 26624
592 206 26625
592 81 26626
592 388 26627
592 60 26628
538 546 26629
592 230 26630
592 2 26631
592 736 26632
592 585 26633
592 101 26634
592 556 26635
592 627 26636
592 790 26637
592 502 26638
592 546 26639
592 854 26640
592 644 26641
592 105 26642
592 178 26643
592 389 26644
592 829 26645
592 187 26646
592 126 26647
592 431 26648
592 777 26649
592 258 26650
592 183 26651
592 673 26652
592 415 26653
592 324 26654
744 153 26655
870 734 26656
602 240 26657
489 290 26658
602 96 26659
602 737 26660
602 99 26661
85 294 26662
85 68 26663
85 68 26664
185 126 26665
85 290 26666
59 329 26667
164 738 26668
383 738 26669
510 362 26670
392 703 26671
298 294 26672
725 734 26673
9 133 26674
9 530 26675
18 96 26676
686 96 26677
686 96 26678
686 96 26679
383 703 26680
435 222 26681
435 153 26682
686 94 26683
686 94 26684
871 644 26685
686 49 26686
346 4 26687
346 546 26688
579 738 26689
83 738 26690
9 759 26691
9 703 26692
579 738 26693
579 33 26694
579 598 26695
435 759 26696
861 644 26697
861 759 26698
555 257 26699
861 68 26700
93 290 26701
861 853 26702
861 94 26703
861 81 26704
384 546 26705
279 182 26706
333 386 26707
742 703 26708
742 546 26709
742 261 26710
221 544 26711
424 522 26712
47 729 26713
383 738 26714
47 776 26715
47 2 26716
62 644 26717
62 437 26718
62 4 26719
62 45 26720
405 590 26721
405 776 26722
515 221 26723
421 359 26724
93 222 26725
93 507 26726
93 435 26727
93 510 26728
93 133 26729
93 376 26730
93 627 26731
93 839 26732
93 437 26733
93 154 26734
93 782 26735
93 295 26736
93 92 26737
93 594 26738
93 543 26739
93 394 26740
93 4 26741
93 60 26742
93 371 26743
93 484 26744
93 197 26745
93 187 26746
93 102 26747
93 183 26748
93 759 26749
93 703 26750
93 389 26751
93 152 26752
93 107 26753
93 636 26754
93 585 26755
93 870 26756
367 522 26757
367 522 26758
367 92 26759
742 703 26760
135 362 26761
9 376 26762
9 782 26763
135 673 26764
9 703 26765
9 107 26766
9 290 26767
405 102 26768
405 133 26769
742 703 26770
538 759 26771
538 543 26772
285 394 26773
121 421 26774
47 776 26775
93 133 26776
47 69 26777
121 734 26778
93 376 26779
93 782 26780
121 226 26781
93 92 26782
93 543 26783
121 424 26784
93 394 26785
93 102 26786
93 759 26787
93 703 26788
93 107 26789
93 290 26790
813 703 26791
744 153 26792
744 153 26793
194 734 26794
510 362 26795
91 154 26796
91 290 26797
91 290 26798
62 759 26799
9 782 26800
383 782 26801
383 703 26802
538 759 26803
538 543 26804
457 517 26805
383 183 26806
347 556 26807
347 389 26808
9 703 26809
9 290 26810
285 546 26811
285 788 26812
18 96 26813
19 221 26814
200 362 26815
562 70 26816
870 60 26817
50 154 26818
891 60 26819
392 869 26820
392 556 26821
489 182 26822
420 94 26823
489 290 26824
307 558 26825
307 558 26826
307 105 26827
307 543 26828
435 869 26829
62 759 26830
62 183 26831
102 869 26832
395 480 26833
395 790 26834
579 738 26835
602 96 26836
395 386 26837
405 102 26838
395 388 26839
194 105 26840
392 869 26841
392 92 26842
392 92 26843
392 703 26844
18 96 26845
397 853 26846
9 790 26847
9 703 26848
83 738 26849
307 105 26850
307 238 26851
601 521 26852
346 4 26853
346 544 26854
346 546 26855
83 734 26856
538 543 26857
392 869 26858
861 759 26859
93 154 26860
93 782 26861
93 290 26862
93 703 26863
93 92 26864
93 543 26865
93 4 26866
93 60 26867
93 389 26868
93 759 26869
93 183 26870
93 102 26871
762 373 26872
762 444 26873
762 424 26874
194 105 26875
881 226 26876
531 55 26877
531 320 26878
333 386 26879
742 703 26880
803 96 26881
803 183 26882
891 247 26883
891 560 26884
9 759 26885
9 703 26886
538 759 26887
93 863 26888
93 183 26889
93 703 26890
93 759 26891
868 442 26892
567 81 26893
567 81 26894
405 319 26895
285 543 26896
93 543 26897
345 156 26898
405 102 26899
205 229 26900
383 782 26901
383 738 26902
383 450 26903
93 102 26904
93 782 26905
579 355 26906
579 260 26907
579 264 26908
579 759 26909
579 730 26910
634 415 26911
405 102 26912
787 615 26913
93 759 26914
93 102 26915
47 495 26916
39 323 26917
39 632 26918
39 206 26919
39 78 26920
39 127 26921
56 94 26922
870 734 26923
52 100 26924
9 81 26925
9 759 26926
9 703 26927
538 759 26928
538 264 26929
173 442 26930
173 290 26931
686 94 26932
686 544 26933
858 31 26934
394 782 26935
870 265 26936
870 759 26937
62 759 26938
345 31 26939
538 759 26940
268 729 26941
268 776 26942
268 706 26943
18 708 26944
18 96 26945
405 776 26946
3 759 26947
9 759 26948
3 224 26949
360 264 26950
538 759 26951
538 759 26952
538 264 26953
91 686 26954
91 727 26955
91 542 26956
91 444 26957
93 782 26958
91 290 26959
93 759 26960
93 703 26961
93 290 26962
400 96 26963
833 445 26964
833 643 26965
538 759 26966
400 260 26967
50 444 26968
50 154 26969
400 741 26970
400 242 26971
375 590 26972
870 706 26973
870 878 26974
870 788 26975
216 739 26976
529 96 26977
383 782 26978
383 224 26979
686 96 26980
861 295 26981
62 759 26982
861 759 26983
861 187 26984
861 94 26985
62 759 26986
205 615 26987
861 759 26988
861 521 26989
9 759 26990
9 703 26991
803 96 26992
861 252 26993
861 881 26994
861 759 26995
861 183 26996
394 782 26997
541 706 26998
443 706 26999
341 479 27000
83 355 27001
83 730 27002
141 476 27003
141 295 27004
141 92 27005
141 617 27006
141 178 27007
141 97 27008
363 446 27009
655 853 27010
619 853 27011
39 46 27012
742 703 27013
243 308 27014
91 154 27015
91 290 27016
9 703 27017
538 759 27018
548 257 27019
548 156 27020
619 389 27021
510 362 27022
871 780 27023
392 869 27024
742 703 27025
98 853 27026
313 732 27027
313 598 27028
313 421 27029
313 150 27030
313 596 27031
313 736 27032
313 105 27033
435 759 27034
49 247 27035
62 759 27036
285 598 27037
285 546 27038
202 448 27039
285 788 27040
285 512 27041
813 370 27042
56 94 27043
383 782 27044
400 96 27045
383 556 27046
383 556 27047
132 107 27048
9 512 27049
538 546 27050
538 759 27051
392 556 27052
90 737 27053
90 749 27054
871 81 27055
871 389 27056
90 737 27057
392 389 27058
367 224 27059
861 759 27060
634 362 27061
698 153 27062
383 556 27063
870 183 27064
861 295 27065
709 739 27066
345 183 27067
151 855 27068
733 394 27069
538 759 27070
233 709 27071
787 615 27072
233 83 27073
216 739 27074
435 759 27075
326 446 27076
579 739 27077
579 596 27078
579 759 27079
141 295 27080
744 153 27081
686 94 27082
686 389 27083
443 157 27084
173 448 27085
173 183 27086
164 362 27087
164 81 27088
164 323 27089
164 320 27090
395 442 27091
627 673 27092
872 323 27093
216 739 27094
496 227 27095
634 362 27096
264 31 27097
562 391 27098
562 880 27099
562 870 27100
337 260 27101
337 737 27102
861 759 27103
247 515 27104
422 258 27105
422 437 27106
422 594 27107
280 504 27108
422 880 27109
422 589 27110
803 737 27111
422 829 27112
173 759 27113
392 157 27114
31 868 27115
392 869 27116
9 437 27117
367 157 27118
9 880 27119
367 546 27120
367 546 27121
135 362 27122
742 546 27123
135 442 27124
135 782 27125
135 58 27126
742 452 27127
538 546 27128
141 585 27129
205 615 27130
205 880 27131
383 157 27132
803 362 27133
742 546 27134
92 373 27135
742 261 27136
92 596 27137
62 183 27138
47 157 27139
538 546 27140
384 157 27141
510 320 27142
510 362 27143
872 880 27144
531 880 27145
531 595 27146
531 75 27147
871 81 27148
419 448 27149
803 595 27150
861 759 27151
618 102 27152
803 595 27153
173 759 27154
62 759 27155
395 442 27156
812 126 27157
448 450 27158
448 450 27159
448 450 27160
93 437 27161
93 154 27162
93 782 27163
93 92 27164
93 594 27165
93 394 27166
93 290 27167
93 870 27168
93 585 27169
93 107 27170
47 450 27171
93 759 27172
93 183 27173
93 187 27174
93 102 27175
93 671 27176
9 437 27177
93 437 27178
173 671 27179
93 671 27180
173 671 27181
93 671 27182
173 437 27183
173 437 27184
173 895 27185
93 437 27186
56 389 27187
698 153 27188
93 349 27189
93 517 27190
9 437 27191
173 437 27192
93 437 27193
579 598 27194
579 759 27195
93 759 27196
346 546 27197
83 598 27198
9 437 27199
93 437 27200
129 70 27201
93 40 27202
435 153 27203
93 597 27204
93 512 27205
93 251 27206
62 759 27207
93 52 27208
698 153 27209
93 706 27210
93 759 27211
616 593 27212
220 394 27213
93 394 27214
62 759 27215
93 759 27216
93 127 27217
432 873 27218
744 153 27219
698 153 27220
744 153 27221
9 873 27222
93 881 27223
538 546 27224
285 546 27225
134 593 27226
134 881 27227
134 870 27228
686 389 27229
538 546 27230
709 739 27231
709 357 27232
861 724 27233
861 759 27234
93 870 27235
93 389 27236
93 759 27237
592 78 27238
592 133 27239
592 437 27240
592 870 27241
592 632 27242
742 598 27243
742 222 27244
742 883 27245
742 883 27246
745 538 27247
192 92 27248
395 388 27249
395 734 27250
93 92 27251
93 222 27252
93 437 27253
93 870 27254
62 437 27255
93 133 27256
93 437 27257
645 780 27258
146 725 27259
83 598 27260
803 897 27261
803 863 27262
9 133 27263
9 437 27264
9 222 27265
9 376 27266
9 224 27267
9 530 27268
9 597 27269
62 437 27270
93 863 27271
93 133 27272
9 437 27273
62 376 27274
9 133 27275
93 133 27276
9 376 27277
9 133 27278
9 512 27279
9 876 27280
9 395 27281
9 627 27282
9 703 27283
93 437 27284
9 870 27285
9 437 27286
93 133 27287
62 437 27288
9 880 27289
93 437 27289
9 133 27290
62 395 27291
9 437 27292
9 395 27293
62 437 27294
9 290 27295
62 395 27296
9 437 27297
9 395 27298
62 437 27299
9 431 27300
173 437 27301
9 437 27302
9 437 27303
9 437 27304
12 229 27305
62 437 27306
9 437 27307
62 437 27308
9 107 27309
9 437 27310
12 857 27311
62 437 27312
12 99 27313
9 437 27314
9 287 27315
62 437 27316
93 290 27317
285 512 27318
93 512 27319
337 395 27320
9 512 27321
9 395 27322
9 290 27323
383 222 27324
383 703 27325
9 703 27326
618 442 27327
93 222 27328
93 512 27329
93 703 27330
93 290 27331
448 450 27332
285 296 27333
64 391 27334
579 546 27335
579 759 27336
579 598 27337
93 759 27338
846 476 27339
861 895 27340
846 617 27341
861 187 27342
861 759 27343
861 52 27344
285 598 27345
18 96 27346
50 154 27347
93 52 27348
93 759 27349
93 154 27350
93 187 27351
83 759 27352
579 759 27353
83 759 27354
579 759 27355
83 759 27356
134 857 27357
803 96 27358
861 362 27359
861 52 27360
861 662 27361
394 725 27362
721 247 27363
279 428 27364
538 662 27365
405 102 27366
405 417 27367
405 530 27368
400 543 27369
384 222 27370
93 222 27371
93 543 27372
93 102 27373
93 759 27374
93 52 27375
871 417 27376
394 388 27377
322 363 27378
205 417 27379
205 229 27380
196 705 27381
255 46 27382
12 229 27383
870 290 27384
870 627 27385
93 290 27386
93 627 27387
185 126 27388
283 538 27389
285 546 27390
18 96 27391
803 96 27392
489 643 27393
616 593 27394
367 224 27395
367 546 27396
861 52 27397
861 662 27398
861 662 27399
861 546 27400
400 96 27401
400 543 27402
777 265 27403
400 40 27404
777 264 27405
538 264 27406
538 662 27407
538 546 27408
367 546 27409
392 869 27410
803 96 27411
803 96 27412
285 546 27413
18 96 27414
803 96 27415
803 96 27416
579 759 27417
18 96 27418
4 492 27419
18 96 27420
4 222 27421
18 96 27422
18 96 27423
494 757 27424
83 759 27425
806 759 27426
871 417 27427
803 96 27428
803 96 27429
803 96 27430
803 96 27431
803 96 27432
18 96 27433
515 221 27434
515 443 27435
515 360 27436
72 491 27437
72 423 27438
72 706 27439
72 319 27440
72 431 27441
72 627 27442
72 390 27443
671 261 27444
93 222 27445
93 40 27446
93 543 27447
93 627 27448
93 759 27449
93 52 27450
93 706 27451
870 423 27452
870 643 27453
62 759 27454
62 376 27455
489 643 27456
205 417 27457
400 96 27458
93 376 27459
93 759 27460
395 442 27461
239 417 27462
91 290 27463
752 60 27464
752 60 27465
752 60 27466
871 229 27467
624 883 27468
18 96 27469
443 734 27470
60 329 27471
243 290 27472
752 788 27473
752 154 27474
18 96 27475
18 96 27476
18 96 27477
18 96 27478
18 96 27479
9 703 27480
9 706 27481
395 734 27482
395 869 27483
395 388 27484
12 229 27485
443 388 27486
443 157 27487
443 386 27488
347 556 27489
861 376 27490
347 556 27491
861 759 27492
383 556 27493
435 734 27494
686 96 27495
686 96 27496
686 96 27497
686 96 27498
529 90 27499
529 790 27500
686 96 27501
9 376 27502
9 790 27503
62 759 27504
655 637 27505
18 96 27506
93 154 27507
93 376 27508
93 60 27509
93 290 27510
93 759 27511
93 706 27512
93 703 27513
287 357 27514
9 703 27515
287 357 27516
9 290 27517
62 759 27518
62 376 27519
870 240 27520
420 94 27521
53 40 27522
762 585 27523
400 96 27524
392 869 27525
141 70 27526
141 70 27527
141 92 27528
395 386 27529
395 388 27530
395 480 27531
243 887 27532
871 229 27533
525 394 27534
813 556 27535
813 388 27536
686 96 27537
141 545 27538
686 96 27539
686 96 27540
637 437 27541
216 739 27542
62 437 27543
92 99 27544
92 91 27545
39 373 27546
39 323 27547
39 370 27548
579 759 27549
394 388 27550
861 376 27551
861 90 27552
188 99 27553
806 759 27554
803 96 27555
742 222 27556
742 883 27557
742 759 27558
742 703 27559
742 636 27560
742 182 27561
742 703 27562
510 362 27563
538 759 27564
742 261 27565
384 703 27566
742 703 27567
443 388 27568
742 546 27569
394 388 27570
742 598 27571
806 759 27572
1 741 27573
538 759 27574
392 556 27575
93 437 27576
93 376 27577
93 394 27578
93 92 27579
93 759 27580
93 703 27581
93 636 27582
93 585 27583
93 290 27584
387 593 27585
345 60 27586
345 388 27587
783 491 27588
783 491 27589
742 636 27590
578 881 27591
346 443 27592
637 437 27593
62 437 27594
395 858 27595
4 222 27596
367 443 27597
422 594 27598
422 703 27599
655 853 27600
384 703 27601
135 437 27602
135 362 27603
141 92 27604
141 759 27605
383 703 27606
383 556 27607
733 394 27608
93 437 27609
93 222 27610
93 881 27611
93 92 27612
93 594 27613
383 222 27614
93 394 27615
93 222 27616
93 60 27617
93 759 27618
93 703 27619
93 636 27620
62 759 27621
62 437 27622
345 60 27623
384 703 27624
384 703 27625
383 222 27626
383 703 27627
383 507 27628
18 96 27629
18 96 27630
870 734 27631
93 437 27632
93 222 27633
93 60 27634
93 759 27635
93 507 27636
93 703 27637
383 507 27638
383 703 27639
860 858 27640
93 703 27641
93 507 27642
93 507 27643
383 507 27644
243 887 27645
274 96 27646
686 96 27647
274 261 27648
739 293 27649
739 878 27650
739 878 27651
274 775 27652
739 878 27653
739 878 27654
633 357 27655
18 96 27656
83 759 27657
739 99 27658
83 734 27659
9 703 27660
739 99 27661
93 703 27662
93 507 27663
93 759 27664
185 734 27665
9 507 27666
9 703 27667
652 81 27668
652 787 27669
700 734 27670
9 81 27671
336 357 27672
652 81 27673
336 394 27674
9 81 27675
9 133 27676
9 437 27677
9 376 27678
62 437 27679
367 224 27680
336 874 27681
336 96 27682
336 96 27683
488 90 27684
336 523 27685
579 759 27686
93 376 27687
93 759 27688
93 703 27689
93 507 27690
93 437 27691
93 133 27692
336 737 27693
93 394 27694
135 442 27695
336 102 27696
336 759 27697
336 264 27698
336 868 27699
367 357 27700
62 437 27701
141 92 27702
141 759 27703
538 759 27704
538 264 27705
93 437 27706
93 92 27707
93 102 27708
93 759 27709
424 522 27710
62 437 27711
194 734 27712
62 734 27713
62 759 27714
93 759 27715
93 437 27716
671 261 27717
709 357 27718
709 739 27719
709 739 27720
686 96 27721
62 875 27722
62 875 27723
90 442 27724
90 867 27725
93 270 27726
18 96 27727
742 418 27728
742 636 27729
742 703 27730
742 222 27731
742 261 27732
742 81 27733
742 759 27734
742 557 27735
742 53 27736
742 871 27737
742 257 27738
283 184 27739
870 734 27740
870 789 27741
870 434 27742
578 871 27743
578 830 27744
752 287 27745
538 759 27746
695 549 27747
383 224 27748
861 119 27749
861 376 27750
861 418 27751
93 222 27752
93 376 27753
93 759 27754
93 636 27755
93 703 27756
9 437 27757
9 376 27758
9 81 27759
9 676 27760
686 778 27761
93 376 27762
93 437 27763
9 376 27764
247 763 27765
367 224 27766
367 522 27767
367 86 27768
742 418 27769
742 81 27770
753 897 27771
274 96 27772
274 557 27773
205 106 27774
395 766 27775
395 867 27776
395 734 27777
395 442 27778
395 858 27779
395 86 27780
9 81 27781
283 858 27782
283 442 27783
173 442 27784
805 282 27785
739 776 27786
384 222 27787
709 592 27788
709 636 27789
671 261 27790
255 739 27791
336 84 27792
336 96 27793
185 676 27794
742 261 27795
585 874 27796
742 557 27797
742 636 27798
830 373 27799
830 760 27800
93 222 27801
830 154 27802
93 376 27803
830 743 27804
830 643 27805
93 636 27806
830 387 27807
830 858 27808
830 444 27809
830 152 27810
830 873 27811
830 54 27812
830 390 27813
830 282 27814
830 186 27815
830 597 27816
830 512 27817
830 628 27818
830 81 27819
830 40 27820
830 49 27821
830 323 27822
830 881 27823
830 735 27824
830 94 27825
830 589 27826
830 179 27827
830 395 27828
830 395 27829
830 270 27830
830 594 27831
830 498 27832
9 376 27833
830 83 27834
830 627 27835
830 448 27836
830 252 27837
830 523 27838
830 4 27839
830 206 27840
830 521 27841
830 371 27842
803 96 27843
830 484 27844
803 96 27845
830 618 27846
803 875 27847
830 106 27848
803 868 27849
830 431 27850
830 518 27851
830 662 27852
830 706 27853
830 557 27854
830 757 27855
830 421 27856
830 596 27857
830 423 27858
830 123 27859
229 435 27860
141 92 27861
91 234 27862
18 96 27863
18 96 27864
336 96 27865
861 418 27866
797 386 27867
93 435 27868
93 376 27869
93 92 27870
797 388 27871
367 86 27872
292 482 27873
18 96 27874
865 293 27875
90 867 27876
686 96 27877
593 856 27878
243 549 27879
243 776 27880
18 96 27881
18 96 27882
283 442 27883
173 442 27884
3 662 27885
3 90 27886
3 759 27887
3 759 27888
3 224 27889
3 775 27890
400 543 27891
62 437 27892
62 376 27893
806 759 27894
62 875 27895
62 759 27896
9 437 27897
367 437 27898
733 106 27899
9 152 27900
395 386 27901
395 858 27902
585 739 27903
579 759 27904
141 92 27905
367 870 27906
9 759 27907
9 870 27908
846 638 27909
846 421 27910
870 395 27911
307 376 27912
135 442 27913
307 418 27914
135 759 27915
197 446 27916
93 870 27917
93 437 27918
93 376 27919
93 92 27920
93 543 27921
93 152 27922
375 297 27923
93 759 27924
709 636 27925
709 874 27926
709 739 27927
709 690 27928
637 856 27929
637 437 27930
173 585 27931
742 636 27932
742 222 27933
742 53 27934
742 81 27935
742 871 27936
62 437 27937
62 376 27938
283 858 27939
283 442 27940
578 881 27941
283 379 27942
9 437 27943
173 442 27944
9 376 27945
9 81 27946
9 395 27947
9 759 27948
9 152 27949
9 870 27950
173 448 27951
742 357 27952
49 247 27953
580 282 27954
580 501 27955
400 627 27956
135 442 27957
135 759 27958
92 357 27959
141 92 27960
346 53 27961
346 184 27962
93 437 27963
435 222 27964
93 222 27965
93 376 27966
93 881 27967
93 92 27968
93 627 27969
93 759 27970
93 152 27971
93 636 27972
93 585 27973
93 870 27974
742 357 27975
336 357 27976
192 92 27977
93 92 27978
538 543 27979
93 543 27980
686 96 27981
62 395 27982
62 376 27983
62 437 27984
274 96 27985
274 96 27986
91 152 27987
18 96 27988
865 593 27989
865 242 27990
865 491 27991
18 96 27992
18 96 27993
93 376 27994
93 152 27995
8 90 27996
8 244 27997
8 197 27998
8 319 27999
283 437 28000
93 437 28001
865 437 28002
803 197 28003
62 376 28004
686 96 28005
216 739 28006
579 739 28007
383 874 28008
93 437 28009
93 376 28010
803 96 28011
601 129 28012
870 70 28013
870 290 28014
93 290 28015
164 323 28016
735 53 28017
62 376 28018
891 96 28019
602 297 28020
83 53 28021
709 874 28022
709 739 28023
709 479 28024
709 883 28025
709 522 28026
709 6 28027
709 868 28028
336 96 28029
336 96 28030
336 96 28031
695 549 28032
624 701 28033
742 53 28034
742 883 28035
192 92 28036
383 701 28037
870 706 28038
285 106 28039
822 247 28040
9 395 28041
173 442 28042
173 442 28043
135 442 28044
173 442 28045
709 883 28046
686 96 28047
93 706 28048
93 376 28049
93 92 28050
395 388 28051
395 86 28052
395 869 28053
395 556 28054
367 86 28055
62 376 28056
255 776 28057
336 96 28058
435 92 28059
435 388 28060
435 153 28061
345 376 28062
326 446 28063
62 376 28064
709 776 28065
447 600 28066
345 376 28067
870 133 28068
395 388 28069
395 86 28070
742 883 28071
739 2 28072
367 86 28073
739 776 28074
624 53 28075
18 96 28076
744 153 28077
400 96 28078
652 585 28079
652 81 28080
653 96 28081
420 53 28082
336 96 28083
336 96 28084
336 2 28085
336 2 28086
579 759 28087
579 546 28088
18 96 28089
891 96 28090
18 96 28091
671 261 28092
18 96 28093
371 706 28094
346 53 28095
698 153 28096
93 376 28097
93 585 28098
259 725 28099
93 92 28100
93 706 28101
93 759 28102
259 92 28103
134 297 28104
420 53 28105
861 376 28106
443 585 28107
72 585 28108
93 376 28109
93 92 28110
93 585 28111
742 261 28112
742 53 28113
742 759 28114
62 376 28115
336 759 28116
496 349 28117
384 2 28118
255 739 28119
255 776 28120
93 376 28121
93 759 28122
133 776 28123
133 883 28124
133 592 28125
637 133 28126
742 883 28127
861 376 28128
619 895 28129
861 62 28130
709 776 28131
709 883 28132
709 739 28133
488 543 28134
733 394 28135
733 394 28136
268 492 28137
268 706 28138
392 869 28139
268 776 28140
392 86 28141
198 2 28142
720 236 28143
744 153 28144
135 442 28145
243 549 28146
243 776 28147
243 290 28148
870 290 28149
624 53 28150
624 53 28151
742 53 28152
624 53 28153
742 53 28154
742 557 28155
255 739 28156
255 592 28157
255 776 28158
579 759 28159
384 869 28160
102 869 28161
384 869 28162
102 869 28163
384 869 28164
72 706 28165
72 585 28166
164 362 28167
164 99 28168
164 320 28169
283 557 28170
164 323 28171
283 557 28172
173 585 28173
709 592 28174
870 706 28175
400 543 28176
238 729 28177
345 290 28178
83 33 28179
268 60 28180
173 290 28181
102 869 28182
83 33 28183
367 92 28184
383 869 28185
383 869 28186
39 77 28187
39 323 28188
39 248 28189
205 99 28190
62 376 28191
9 376 28192
62 376 28193
9 376 28194
679 445 28195
392 869 28196
384 869 28197
43 442 28198
42 484 28199
173 442 28200
422 388 28201
400 788 28202
400 257 28203
102 869 28204
822 290 28205
578 881 28206
384 869 28207
515 360 28208
283 442 28209
283 557 28210
102 869 28211
420 53 28212
346 895 28213
383 869 28214
383 869 28215
188 99 28216
579 33 28217
239 857 28218
193 706 28219
193 260 28220
43 53 28221
367 868 28222
367 94 28223
752 284 28224
752 559 28225
709 868 28226
62 376 28227
538 284 28228
786 775 28229
161 117 28230
83 33 28231
134 857 28232
268 729 28233
834 94 28234
59 227 28235
59 329 28236
59 221 28237
18 96 28238
645 895 28239
9 376 28240
400 96 28241
283 221 28242
283 748 28243
813 379 28244
562 247 28245
870 868 28246
135 442 28247
392 869 28248
392 388 28249
392 388 28250
392 388 28251
579 636 28252
579 759 28253
83 759 28254
686 96 28255
806 392 28256
806 392 28257
686 96 28258
686 96 28259
686 94 28260
686 392 28261
43 442 28262
279 182 28263
126 555 28264
126 46 28265
49 106 28266
742 598 28267
9 759 28268
806 392 28269
742 759 28270
445 133 28271
445 705 28272
721 247 28273
891 106 28274
891 106 28275
555 257 28276
93 376 28277
93 92 28278
93 543 28279
93 290 28280
93 585 28281
93 759 28282
93 706 28283
93 394 28284
93 636 28285
510 320 28286
510 362 28287
395 442 28288
395 869 28289
395 388 28290
135 442 28291
709 636 28292
9 376 28293
742 703 28294
742 81 28295
686 392 28296
686 392 28297
93 376 28298
93 636 28299
220 394 28300
93 703 28301
97 592 28302
93 394 28303
9 376 28304
9 703 28305
92 357 28306
742 703 28307
742 636 28308
786 775 28309
786 293 28310
384 869 28311
525 394 28312
705 751 28313
9 703 28314
83 636 28315
400 96 28316
83 636 28317
400 788 28318
400 257 28319
102 869 28320
400 242 28321
400 741 28322
400 81 28323
400 543 28324
400 40 28325
173 442 28326
400 260 28327
400 627 28328
400 585 28329
173 759 28330
400 442 28331
870 290 28332
742 703 28333
742 636 28334
367 94 28335
59 221 28336
375 297 28337
43 442 28338
49 106 28339
392 869 28340
102 869 28341
49 106 28342
686 94 28343
579 636 28344
673 84 28345
579 759 28346
891 106 28347
673 676 28348
49 106 28349
891 106 28350
802 706 28351
102 869 28352
49 106 28353
173 442 28354
367 94 28355
367 230 28356
709 636 28357
435 492 28358
435 887 28359
346 895 28360
164 99 28361
164 320 28362
164 853 28363
164 323 28364
742 636 28365
531 320 28366
62 388 28367
62 376 28368
93 376 28369
93 290 28370
93 543 28371
93 543 28372
9 376 28373
9 290 28374
9 290 28375
255 445 28376
135 99 28377
496 530 28378
283 221 28379
19 442 28380
367 92 28381
806 392 28382
400 543 28383
238 308 28384
43 442 28385
618 868 28386
618 572 28387
383 869 28388
624 53 28389
83 759 28390
742 759 28391
62 759 28392
9 759 28393
686 392 28394
153 40 28395
499 627 28396
499 220 28397
3 68 28398
742 68 28399
337 260 28400
93 376 28401
93 40 28402
93 92 28403
93 543 28404
93 394 28405
93 290 28406
93 759 28407
93 703 28408
806 392 28409
93 706 28410
93 636 28411
395 388 28412
870 734 28413
9 40 28414
9 759 28415
9 703 28416
9 290 28417
83 759 28418
9 133 28419
9 119 28420
9 437 28421
9 287 28422
9 222 28423
9 349 28424
9 376 28425
9 224 28426
9 873 28427
9 530 28428
9 782 28429
9 597 28430
9 512 28431
9 81 28432
9 40 28433
9 876 28434
9 94 28435
9 179 28436
9 92 28437
9 395 28438
9 790 28439
9 36 28440
9 543 28441
9 627 28442
9 4 28443
9 726 28444
9 45 28445
9 725 28446
9 387 28447
9 854 28448
9 251 28449
9 183 28450
9 759 28451
9 52 28452
9 507 28453
9 431 28454
9 703 28455
9 676 28456
9 152 28457
9 107 28458
9 706 28459
9 870 28460
9 290 28461
19 734 28462
93 290 28463
19 442 28464
62 734 28465
62 759 28466
62 437 28467
93 222 28468
93 870 28469
93 133 28470
93 92 28471
93 107 28472
93 512 28473
93 376 28474
93 782 28475
346 53 28476
93 152 28477
346 179 28478
93 4 28478
346 854 28479
93 703 28480
93 437 28481
93 349 28482
346 853 28483
93 597 28484
93 40 28485
93 543 28486
93 627 28487
346 40 28488
93 40 28489
93 507 28490
93 52 28491
93 759 28492
93 183 28493
510 320 28494
141 387 28495
141 585 28496
141 585 28497
93 585 28498
480 179 28499
709 636 28500
786 775 28501
742 53 28502
742 703 28503
93 703 28504
93 636 28505
93 897 28506
93 557 28507
478 730 28508
478 868 28509
742 557 28510
283 557 28511
62 437 28512
538 40 28513
9 133 28514
9 437 28515
9 222 28516
9 349 28517
9 782 28518
9 597 28519
9 40 28520
9 92 28521
9 387 28522
9 759 28523
9 703 28524
346 179 28525
346 897 28526
705 40 28527
752 788 28528
752 708 28529
752 708 28530
93 133 28531
93 222 28532
347 556 28533
93 437 28534
93 349 28535
93 782 28536
93 597 28537
93 40 28538
93 92 28539
93 759 28540
93 703 28541
93 557 28542
93 897 28543
742 703 28544
742 557 28545
671 261 28546
742 182 28547
383 556 28548
742 759 28549
93 557 28550
93 703 28551
93 759 28552
141 437 28553
548 257 28554
806 759 28555
405 776 28556
870 734 28557
367 92 28558
367 897 28559
650 437 28560
803 701 28561
803 868 28562
9 703 28563
18 897 28564
548 543 28565
268 492 28566
268 776 28567
400 788 28568
268 45 28569
345 492 28570
745 538 28571
392 869 28572
392 869 28573
250 713 28574
395 734 28575
102 869 28576
48 878 28576
48 559 28577
48 105 28578
392 556 28579
392 703 28580
250 502 28581
102 789 28582
102 789 28583
102 789 28584
102 789 28585
102 789 28586
102 789 28587
392 869 28588
250 495 28589
871 853 28590
228 415 28591
83 730 28592
83 636 28593
47 868 28594
709 868 28595
18 96 28596
18 96 28597
742 703 28598
742 636 28599
193 706 28600
742 788 28601
193 559 28602
531 320 28603
91 734 28604
164 99 28605
164 320 28606
93 897 28607
93 706 28608
93 92 28609
93 543 28610
93 636 28611
93 703 28612
93 759 28613
93 598 28614
93 644 28615
93 91 28616
93 373 28617
870 789 28618
870 734 28619
870 878 28620
62 644 28621
62 759 28622
696 357 28623
696 49 28624
392 703 28625
696 394 28626
696 394 28627
752 843 28628
752 788 28629
742 357 28630
752 60 28631
742 788 28632
696 357 28633
696 558 28634
9 759 28635
9 703 28636
283 373 28637
742 357 28638
93 373 28639
93 394 28640
93 644 28641
93 759 28642
93 60 28643
93 703 28644
686 49 28645
686 96 28646
392 703 28647
363 734 28648
363 867 28649
363 446 28650
9 759 28651
742 703 28652
696 734 28653
873 482 28654
39 323 28655
39 703 28656
39 703 28657
748 830 28658
742 636 28659
742 759 28660
742 883 28661
83 636 28662
742 636 28663
742 81 28664
813 703 28665
872 323 28666
585 874 28667
585 105 28668
585 868 28669
47 759 28670
285 598 28671
106 94 28672
196 705 28673
196 705 28674
196 705 28675
488 62 28676
333 420 28677
333 734 28678
90 867 28679
141 92 28680
9 81 28681
9 94 28682
9 759 28683
9 703 28684
510 320 28685
510 91 28686
415 53 28687
415 53 28688
336 96 28689
336 84 28690
336 357 28691
336 105 28692
336 734 28693
336 868 28694
336 748 28695
336 759 28696
47 81 28697
383 869 28698
721 734 28699
18 96 28700
777 293 28701
579 183 28702
579 759 28703
777 264 28704
133 883 28705
363 867 28706
777 868 28707
194 105 28708
39 323 28709
39 632 28710
39 78 28711
39 543 28712
39 555 28713
673 84 28714
709 868 28715
709 883 28716
695 549 28717
742 557 28718
742 759 28719
192 92 28720
90 867 28721
384 869 28722
384 703 28723
363 867 28724
62 734 28725
538 264 28726
346 183 28727
64 445 28728
93 598 28729
93 543 28730
93 92 28731
93 703 28732
93 759 28733
93 636 28734
93 183 28735
93 557 28736
173 183 28737
742 222 28738
803 96 28739
803 96 28740
803 96 28741
803 96 28742
83 636 28743
141 92 28744
141 183 28745
255 598 28746
255 445 28747
383 869 28748
777 868 28749
9 376 28750
9 395 28751
777 739 28752
777 790 28753
274 96 28754
777 265 28755
400 96 28756
62 183 28757
62 395 28758
8 662 28759
451 376 28760
8 662 28761
451 434 28762
451 873 28763
451 743 28764
451 782 28765
451 512 28766
9 395 28767
102 789 28768
102 789 28769
102 789 28770
173 376 28771
539 759 28772
803 96 28773
18 96 28774
18 96 28775
742 759 28776
525 394 28777
3 662 28778
3 662 28779
3 662 28780
3 775 28781
3 68 28782
3 558 28783
742 68 28784
742 68 28785
742 68 28786
135 557 28787
742 53 28788
742 53 28789
400 96 28790
538 743 28791
538 662 28792
579 759 28793
220 394 28794
579 183 28795
83 759 28796
83 186 28797
579 636 28798
579 738 28799
861 62 28800
861 62 28801
367 92 28802
367 549 28803
435 492 28804
435 759 28805
861 725 28806
435 734 28807
435 734 28808
435 867 28809
861 295 28810
435 636 28811
285 512 28812
803 96 28813
803 96 28814
216 739 28815
861 644 28816
803 96 28817
803 96 28818
802 706 28819
709 636 28820
709 739 28821
90 867 28822
93 759 28823
93 376 28824
93 706 28825
93 222 28826
62 759 28827
62 376 28828
9 725 28829
9 759 28830
400 559 28831
62 510 28832
753 713 28833
451 376 28834
451 512 28835
451 743 28836
870 265 28837
9 376 28838
141 295 28839
451 627 28840
451 708 28841
451 52 28842
451 676 28843
451 857 28844
451 388 28845
9 627 28846
9 52 28847
18 708 28848
18 96 28849
18 708 28850
18 96 28851
451 708 28852
451 708 28853
451 52 28854
18 708 28855
538 743 28856
9 52 28857
686 734 28858
283 748 28859
400 96 28860
400 96 28861
803 96 28862
803 96 28863
395 734 28864
194 734 28865
515 498 28866
18 96 28867
18 96 28868
18 96 28869
870 627 28870
870 868 28871
153 498 28872
686 96 28873
90 737 28874
90 240 28875
786 775 28876
259 708 28877
93 759 28878
93 92 28879
93 376 28880
93 183 28881
93 510 28882
90 734 28883
47 743 28884
870 734 28885
18 96 28886
62 734 28887
62 759 28888
62 376 28889
62 498 28890
9 376 28891
9 627 28892
9 183 28893
9 759 28894
93 759 28895
93 376 28896
451 743 28897
243 549 28898
538 743 28899
400 96 28900
400 96 28901
18 96 28902
9 376 28903
9 759 28904
451 743 28905
400 96 28906
400 96 28907
62 376 28908
18 96 28909
18 96 28910
18 96 28911
173 183 28912
336 96 28913
336 240 28914
478 730 28915
478 676 28916
478 868 28917
90 867 28918
346 183 28919
538 743 28920
395 734 28921
400 96 28922
173 183 28923
93 376 28924
93 759 28925
93 183 28926
93 782 28927
93 512 28928
93 295 28929
62 376 28930
93 627 28931
93 557 28932
93 376 28933
9 376 28934
9 759 28935
93 394 28936
93 376 28937
93 759 28938
93 636 28939
93 598 28940
400 627 28941
83 730 28942
345 492 28943
141 183 28944
93 627 28945
93 644 28946
93 183 28947
802 105 28948
802 40 28949
93 290 28950
250 713 28951
250 897 28952
141 183 28953
93 897 28954
93 40 28955
93 183 28956
141 183 28957
141 183 28958
173 376 28959
744 153 28960
686 96 28961
686 96 28962
686 734 28963
579 636 28964
579 759 28965
579 105 28966
579 730 28967
806 759 28968
93 636 28969
93 759 28970
93 183 28971
395 442 28972
398 437 28973
62 734 28974
62 644 28975
478 730 28976
478 387 28977
18 96 28978
752 96 28979
752 284 28980
752 858 28981
18 96 28982
803 96 28983
93 437 28984
803 96 28985
93 644 28986
62 644 28987
18 96 28988
752 741 28989
220 394 28990
18 96 28991
393 290 28992
173 290 28993
135 442 28994
93 394 28995
93 644 28996
93 290 28997
803 96 28998
803 96 28999
803 96 29000
803 708 29001
803 868 29002
752 60 29003
803 240 29004
803 240 29005
395 442 29006
395 858 29007
752 708 29008
141 387 29009
141 759 29010
803 708 29011
646 437 29012
696 394 29013
62 759 29014
696 394 29015
93 394 29016
93 60 29017
696 778 29018
646 290 29019
47 2 29020
47 2 29021
9 437 29022
9 759 29023
9 133 29024
9 437 29025
9 376 29026
9 703 29027
9 627 29028
83 730 29029
239 857 29030
239 417 29031
173 437 29032
585 186 29033
585 739 29034
585 105 29035
93 133 29036
93 437 29037
93 376 29038
93 290 29039
93 627 29040
93 703 29041
93 759 29042
259 388 29043
336 105 29044
91 154 29045
91 433 29046
91 881 29047
91 686 29048
91 727 29049
283 858 29050
283 183 29051
382 52 29052
92 91 29053
18 708 29054
18 708 29055
18 96 29056
50 154 29057
173 437 29058
398 417 29059
9 133 29060
9 437 29061
9 376 29062
9 627 29063
9 759 29064
870 627 29065
870 395 29066
870 557 29067
753 897 29068
12 417 29069
870 734 29070
134 857 29071
62 734 29072
451 52 29073
451 388 29074
802 437 29075
173 437 29076
173 759 29077
93 133 29078
93 154 29079
93 437 29080
93 376 29081
93 627 29082
93 96 29083
93 759 29084
93 183 29085
400 96 29086
93 96 29087
93 557 29088
93 897 29089
646 492 29090
870 557 29091
870 556 29092
646 240 29093
18 96 29094
93 96 29095
93 557 29096
742 703 29097
742 598 29098
742 883 29099
742 883 29100
870 183 29101
870 557 29102
478 730 29103
478 387 29104
742 557 29105
742 636 29106
742 261 29107
742 81 29108
400 96 29109
400 81 29110
742 759 29111
742 759 29112
18 96 29113
283 557 29114
135 442 29115
9 437 29116
822 389 29117
9 627 29118
9 759 29119
9 703 29120
205 417 29121
803 96 29122
62 437 29123
803 708 29124
803 708 29125
124 389 29126
285 598 29127
90 734 29128
709 883 29129
742 598 29130
93 437 29131
93 627 29132
93 759 29133
93 636 29134
93 183 29135
93 703 29136
93 389 29137
9 627 29138
93 557 29139
93 627 29140
9 703 29141
93 598 29142
93 703 29143
696 154 29144
696 734 29145
9 627 29146
9 703 29147
18 708 29148
742 703 29149
18 96 29150
432 241 29151
742 703 29152
742 636 29153
742 759 29154
742 557 29155
93 627 29156
93 703 29157
93 636 29158
93 557 29159
9 759 29160
9 703 29161
705 186 29162
705 52 29163
705 676 29164
742 703 29165
90 734 29166
742 257 29167
742 507 29168
93 759 29169
93 507 29170
93 703 29171
93 52 29172
871 81 29173
786 775 29174
119 517 29175
4 858 29176
239 857 29177
239 417 29178
336 96 29179
93 517 29180
400 96 29181
673 676 29182
93 96 29183
400 627 29184
93 627 29185
283 538 29186
83 186 29187
83 387 29188
83 730 29189
739 2 29190
585 186 29191
9 81 29192
9 759 29193
9 52 29194
9 703 29195
62 734 29196
18 96 29197
285 598 29198
18 708 29199
18 897 29200
47 2 29201
870 627 29202
50 154 29203
400 96 29204
753 236 29205
740 516 29206
221 544 29207
740 179 29208
777 541 29209
777 593 29210
861 725 29211
579 236 29212
579 730 29213
579 33 29214
579 636 29215
800 395 29216
18 96 29217
395 433 29218
395 734 29219
395 442 29220
395 858 29221
742 759 29222
742 636 29223
742 81 29224
752 60 29225
742 507 29226
822 389 29227
9 725 29228
9 759 29229
870 734 29230
193 260 29231
478 730 29232
478 387 29233
371 493 29234
93 154 29235
93 60 29236
93 759 29237
93 507 29238
93 703 29239
93 389 29240
93 636 29241
93 598 29242
93 249 29243
93 897 29244
198 2 29245
239 443 29246
742 636 29247
742 598 29248
742 507 29249
803 96 29250
803 708 29251
93 507 29252
93 636 29253
93 598 29254
579 759 29255
579 598 29256
384 507 29257
93 507 29258
93 759 29259
93 598 29260
405 133 29261
405 437 29262
9 133 29263
9 759 29264
495 59 29265
495 447 29266
806 759 29267
255 593 29268
255 598 29269
742 759 29270
742 636 29271
9 759 29272
395 734 29273
39 593 29274
83 33 29275
83 387 29276
83 730 29277
83 598 29278
742 598 29279
742 355 29280
742 222 29281
742 597 29282
384 507 29283
742 671 29284
742 858 29285
243 549 29286
383 507 29287
383 222 29288
393 290 29289
393 734 29290
259 585 29291
231 185 29292
141 597 29293
141 585 29294
93 437 29295
93 222 29296
93 597 29297
93 671 29298
93 759 29299
93 507 29300
93 636 29301
420 881 29302
93 290 29302
93 598 29303
346 179 29304
538 759 29305
93 759 29306
285 598 29307
870 734 29308
83 355 29309
83 598 29310
538 759 29311
420 355 29312
579 636 29313
579 759 29314
579 730 29315
579 355 29316
443 157 29317
93 636 29318
93 759 29319
93 598 29320
142 874 29321
142 52 29322
142 830 29323
290 878 29324
742 759 29325
742 507 29326
742 598 29327
742 222 29328
870 878 29329
752 788 29330
383 507 29331
384 507 29332
478 730 29333
742 507 29334
345 388 29335
93 222 29336
93 759 29337
93 507 29338
93 598 29339
647 238 29340
216 874 29341
216 874 29342
9 222 29343
9 597 29344
9 507 29345
173 671 29346
742 222 29347
742 788 29348
742 418 29349
742 394 29350
585 874 29351
742 883 29352
235 388 29353
173 388 29354
395 442 29355
405 437 29356
405 258 29357
173 442 29358
395 388 29359
395 442 29360
395 443 29361
91 154 29362
91 433 29363
173 443 29364
259 585 29365
259 585 29366
9 222 29367
777 593 29368
709 883 29369
96 242 29370
93 507 29371
93 394 29372
93 585 29373
93 437 29374
93 671 29375
93 222 29376
93 154 29377
93 597 29378
90 319 29379
83 730 29380
447 242 29381
216 874 29382
9 597 29383
9 507 29384
90 240 29385
90 737 29386
259 585 29387
55 284 29388
96 242 29389
141 759 29390
141 585 29391
9 759 29392
133 883 29393
398 417 29394
579 759 29395
124 389 29396
585 874 29397
585 105 29398
628 672 29399
12 417 29400
4 222 29401
4 443 29402
173 585 29403
806 759 29404
709 874 29405
255 739 29406
742 222 29407
742 597 29408
742 883 29409
742 428 29410
742 418 29411
742 703 29412
742 636 29413
742 546 29414
613 370 29415
613 387 29416
613 734 29417
613 221 29418
613 868 29419
613 437 29420
742 222 29421
383 507 29422
9 597 29423
239 417 29424
239 443 29425
422 437 29426
422 703 29427
478 387 29428
742 703 29429
400 585 29430
739 878 29431
422 395 29432
18 708 29433
18 96 29434
9 395 29435
9 703 29436
742 703 29437
141 437 29438
141 597 29439
141 759 29440
870 788 29441
9 597 29442
9 759 29443
9 703 29444
9 703 29445
50 154 29446
50 154 29447
336 759 29448
336 96 29449
518 540 29450
93 437 29451
141 437 29452
141 178 29453
141 92 29454
141 70 29455
141 97 29456
367 92 29457
93 759 29458
141 585 29459
141 92 29460
141 92 29461
141 759 29462
367 92 29463
141 92 29464
141 545 29465
93 507 29466
367 92 29467
9 437 29468
9 759 29469
9 507 29470
696 734 29471
56 284 29472
383 507 29473
400 96 29474
786 775 29475
784 830 29476
39 370 29477
39 543 29478
93 759 29479
93 507 29480
18 96 29481
400 96 29482
9 507 29483
18 96 29484
400 96 29485
259 585 29486
259 388 29487
18 96 29488
400 96 29489
141 585 29490
141 388 29491
173 437 29492
405 319 29493
18 96 29494
315 644 29495
141 437 29496
9 437 29497
752 559 29498
752 788 29499
752 843 29500
141 437 29501
813 370 29502
9 703 29503
383 703 29504
336 96 29505
9 703 29506
742 703 29507
285 788 29508
400 96 29509
400 788 29510
742 395 29511
9 703 29512
367 549 29513
39 370 29514
39 242 29515
39 242 29516
93 507 29517
93 703 29518
93 585 29519
93 96 29520
93 437 29521
93 437 29522
93 636 29523
93 222 29524
93 154 29525
93 597 29526
93 92 29527
93 543 29528
93 644 29529
93 389 29530
9 597 29531
93 868 29532
93 597 29533
9 597 29534
9 251 29535
93 786 29536
93 251 29537
93 597 29538
18 96 29539
9 251 29540
9 597 29541
336 96 29542
333 734 29543
333 420 29544
93 597 29545
9 597 29546
93 96 29547
93 597 29548
9 597 29549
102 869 29550
268 729 29551
93 597 29552
9 597 29553
870 482 29554
870 376 29555
870 96 29556
400 96 29557
384 869 29558
400 242 29559
39 437 29560
39 543 29561
742 597 29562
285 788 29563
742 703 29564
742 788 29565
9 597 29566
742 507 29567
742 597 29568
9 703 29569
9 597 29570
9 507 29571
742 355 29572
742 703 29573
400 96 29574
9 703 29575
813 370 29576
803 708 29577
803 708 29578
259 585 29579
259 708 29580
259 708 29581
259 708 29582
259 708 29583
141 585 29584
259 585 29585
742 703 29586
742 788 29587
18 708 29588
83 355 29589
742 355 29590
742 222 29591
9 703 29592
9 287 29593
9 222 29594
9 349 29595
9 376 29596
9 224 29597
9 873 29598
9 530 29599
9 782 29600
9 512 29601
9 81 29602
9 179 29603
9 92 29604
9 395 29605
9 790 29606
9 543 29607
9 627 29608
9 4 29609
9 45 29610
9 759 29611
102 869 29612
102 869 29613
102 869 29614
395 734 29615
478 868 29616
164 81 29617
164 323 29618
164 320 29619
422 703 29620
164 99 29621
134 81 29622
400 788 29623
400 543 29624
400 585 29625
9 703 29626
861 644 29627
579 874 29628
579 105 29629
579 759 29630
786 293 29631
579 636 29632
83 759 29633
579 738 29634
579 738 29635
579 759 29636
861 759 29637
579 759 29638
742 788 29639
742 759 29640
870 734 29641
259 585 29642
259 92 29643
870 293 29644
870 183 29645
870 734 29646
91 154 29647
870 395 29648
803 708 29649
91 708 29650
803 708 29651
803 708 29652
872 99 29653
367 234 29654
367 234 29655
367 686 29656
367 379 29657
285 788 29658
285 512 29659
363 734 29660
268 45 29661
9 92 29662
9 45 29663
18 708 29664
18 708 29665
18 708 29666
400 788 29667
400 585 29668
259 708 29669
259 708 29670
243 549 29671
555 257 29672
239 45 29673
870 179 29674
285 788 29675
744 153 29676
93 222 29677
93 349 29678
93 376 29679
93 597 29680
93 782 29681
93 627 29682
93 92 29683
93 512 29684
93 543 29685
9 349 29686
9 782 29687
9 597 29688
9 92 29689
9 45 29690
93 349 29691
93 597 29692
18 96 29693
93 782 29694
93 782 29695
93 507 29696
93 92 29697
93 759 29698
93 703 29699
93 636 29700
93 4 29701
93 585 29702
93 183 29703
93 868 29704
93 644 29705
239 182 29706
239 182 29706
802 105 29707
384 507 29708
93 507 29709
9 349 29710
9 92 29711
93 92 29712
395 734 29713
216 874 29714
216 739 29715
777 264 29716
9 703 29717
93 703 29718
216 738 29719
653 855 29720
93 388 29721
93 388 29722
9 703 29723
861 759 29724
93 703 29725
43 81 29726
9 81 29727
9 759 29728
93 786 29729
93 759 29730
9 759 29731
861 68 29732
861 36 29733
93 759 29734
93 686 29735
93 757 29736
384 507 29737
861 99 29738
93 507 29739
9 395 29740
9 36 29741
653 395 29742
19 52 29743
870 627 29744
870 36 29745
870 759 29746
93 759 29747
93 627 29748
9 395 29749
9 759 29750
93 287 29751
93 759 29752
9 287 29753
9 759 29754
93 282 29755
510 320 29756
93 287 29757
93 759 29758
9 287 29759
9 759 29760
93 287 29761
93 759 29762
93 759 29763
630 186 29764
510 99 29765
709 874 29766
709 739 29767
727 81 29768
630 556 29769
367 686 29770
346 376 29771
93 376 29772
93 686 29773
742 759 29774
742 507 29775
742 703 29776
742 68 29777
192 545 29778
588 446 29779
239 376 29780
239 45 29781
742 597 29782
742 788 29783
742 257 29784
9 45 29785
478 868 29786
671 261 29787
870 556 29788
870 395 29789
585 186 29790
205 99 29791
9 395 29792
93 376 29793
93 597 29794
93 759 29795
93 507 29796
93 703 29797
93 868 29798
489 182 29799
489 643 29800
742 182 29801
742 703 29802
742 479 29803
9 703 29804
742 887 29805
742 703 29806
9 703 29807
742 703 29808
9 703 29809
742 703 29810
9 703 29811
346 376 29812
872 99 29813
786 293 29814
93 376 29815
93 703 29816
173 437 29817
93 437 29818
353 786 29819
49 106 29820
93 786 29821
173 437 29822
173 437 29823
93 437 29824
93 101 29825
93 515 29826
285 788 29827
813 676 29828
742 788 29829
742 373 29830
742 597 29831
50 154 29832
742 81 29833
742 179 29834
93 373 29835
93 597 29836
478 676 29837
686 96 29838
686 96 29839
686 96 29840
93 96 29841
870 179 29842
9 376 29843
686 96 29844
9 597 29845
9 81 29846
9 703 29847
93 376 29848
93 597 29849
93 96 29850
93 703 29851
686 778 29852
471 179 29853
9 597 29854
9 179 29855
141 545 29856
9 703 29857
141 585 29858
93 585 29859
93 597 29860
93 703 29861
742 179 29862
624 186 29863
400 96 29864
164 99 29865
164 738 29866
164 320 29867
164 895 29868
872 99 29869
164 94 29870
548 257 29871
93 96 29872
255 598 29873
12 99 29874
255 598 29875
872 99 29876
93 598 29877
832 58 29878
12 99 29879
395 734 29880
585 186 29881
435 759 29882
93 759 29883
285 788 29884
619 389 29885
800 782 29886
18 96 29887
18 96 29888
18 96 29889
18 96 29890
18 96 29891
18 96 29892
93 782 29893
93 96 29894
9 782 29895
9 94 29896
9 759 29897
93 759 29898
93 782 29899
173 585 29900
197 446 29901
93 585 29902
197 106 29903
477 290 29904
477 290 29905
39 373 29906
39 437 29907
39 231 29908
197 70 29909
197 855 29910
93 290 29911
93 373 29912
93 437 29913
93 270 29914
93 123 29915
93 863 29916
93 287 29917
742 703 29918
742 598 29919
742 557 29920
742 597 29921
742 206 29922
192 545 29923
870 734 29924
870 557 29925
585 739 29926
870 179 29927
742 179 29928
18 240 29929
395 734 29930
9 597 29931
9 703 29932
9 703 29933
742 703 29934
205 99 29935
141 545 29936
49 106 29937
686 734 29938
97 33 29939
97 592 29940
93 598 29941
93 597 29942
93 703 29943
9 597 29944
93 557 29945
9 703 29946
93 703 29947
93 703 29948
93 597 29949
39 373 29950
742 597 29951
858 31 29952
742 788 29953
742 759 29954
742 759 29955
9 597 29956
9 759 29957
9 703 29958
585 739 29959
800 829 29960
742 759 29961
709 592 29962
400 96 29963
400 96 29964
400 788 29965
405 776 29966
18 96 29967
18 96 29968
395 734 29969
93 597 29970
93 703 29971
93 373 29972
93 759 29973
197 106 29974
9 597 29975
652 870 29976
673 676 29977
686 96 29978
188 99 29979
153 395 29980
686 96 29981
18 96 29982
686 96 29983
18 96 29984
686 96 29985
18 96 29986
686 96 29987
686 96 29988
18 96 29989
367 870 29990
18 96 29991
686 96 29992
686 96 29993
18 96 29994
93 597 29995
93 870 29996
829 428 29997
283 184 29998
49 106 29999
630 855 30000
39 373 30001
135 782 30002
630 357 30003
834 290 30004
239 290 30005
579 738 30006
833 643 30007
833 445 30008
833 54 30009
579 33 30010
579 759 30011
141 759 30012
833 858 30013
833 261 30014
141 545 30015
35 369 30016
35 369 30017
400 96 30018
400 96 30019
400 96 30020
624 186 30021
93 782 30022
93 290 30023
93 759 30024
592 540 30025
592 875 30026
592 99 30027
592 78 30028
592 292 30029
592 220 30030
592 60 30031
197 855 30032
93 60 30033
83 186 30034
83 33 30035
870 789 30036
871 392 30037
18 96 30038
834 290 30039
834 545 30040
360 387 30041
360 738 30042
255 776 30043
585 186 30044
630 186 30045
630 855 30046
9 703 30047
478 387 30048
93 96 30049
93 703 30050
93 290 30051
345 392 30052
9 387 30053
9 703 30054
39 369 30055
39 242 30056
39 78 30057
362 244 30058
362 867 30059
362 759 30060
362 435 30061
362 90 30062
362 197 30063
362 767 30064
205 99 30065
870 240 30066
573 493 30067
102 789 30068
518 387 30069
518 446 30070
268 776 30071
376 595 30072
173 36 30073
376 876 30074
93 197 30075
93 435 30076
93 759 30077
742 557 30078
93 703 30079
93 557 30080
376 598 30081
742 598 30082
742 858 30083
18 240 30084
93 598 30085
239 431 30086
562 247 30086
9 703 30087
93 703 30088
696 392 30089
141 545 30090
285 788 30091
742 598 30092
742 703 30093
9 703 30094
93 703 30095
93 598 30096
742 703 30097
93 703 30098
742 703 30099
870 240 30100
742 222 30101
742 373 30102
742 598 30103
9 703 30104
742 154 30105
742 703 30106
742 597 30107
742 81 30108
279 182 30109
9 597 30110
93 373 30111
93 222 30112
93 597 30113
93 703 30114
9 222 30115
93 598 30116
9 597 30117
9 81 30118
93 222 30119
93 597 30120
9 597 30121
363 867 30122
363 867 30123
9 703 30124
363 867 30125
93 703 30126
93 597 30127
742 597 30128
9 597 30129
93 597 30130
9 597 30131
93 597 30132
742 597 30133
742 703 30134
742 373 30135
9 597 30136
742 81 30137
9 703 30138
9 81 30139
326 446 30140
742 81 30141
742 81 30142
9 81 30143
93 373 30144
93 597 30145
93 597 30146
93 703 30147
9 597 30148
93 597 30149
730 391 30150
400 788 30151
832 100 30152
347 556 30153
518 431 30154
834 545 30155
12 876 30156
624 186 30157
18 240 30158
630 186 30159
630 557 30160
686 96 30161
686 96 30162
686 96 30163
18 96 30164
18 96 30165
861 36 30166
861 119 30167
861 62 30168
742 557 30169
742 636 30170
742 759 30171
742 507 30172
742 671 30173
742 81 30174
870 557 30175
870 240 30176
870 36 30177
531 320 30178
531 870 30179
478 387 30180
478 387 30181
585 105 30182
285 788 30183
9 119 30184
9 81 30185
9 507 30186
9 636 30187
9 870 30188
18 240 30189
18 96 30190
102 869 30191
871 36 30192
93 96 30193
93 671 30194
93 759 30195
93 507 30196
93 636 30197
93 557 30198
93 870 30199
870 557 30200
9 636 30201
9 870 30202
870 240 30203
870 96 30204
695 106 30205
93 870 30206
93 636 30207
93 557 30208
742 557 30209
742 557 30210
93 557 30211
93 557 30212
131 224 30213
362 759 30214
362 197 30215
686 96 30216
18 240 30217
346 240 30218
686 96 30219
18 96 30220
18 96 30221
93 197 30222
93 759 30223
18 240 30224
400 96 30225
400 96 30226
742 788 30227
400 296 30228
400 788 30229
742 81 30230
538 296 30231
742 557 30232
742 597 30233
742 507 30234
742 703 30235
742 636 30236
9 507 30237
9 703 30238
9 376 30239
870 240 30240
285 788 30241
93 96 30242
9 288 30243
93 96 30244
93 96 30245
93 96 30246
50 154 30247
93 376 30248
93 597 30249
93 507 30250
93 557 30251
93 636 30252
93 703 30253
686 96 30254
686 96 30255
18 96 30256
686 96 30257
9 376 30258
9 597 30259
686 96 30260
742 154 30261
742 557 30262
93 96 30263
870 96 30264
93 96 30265
870 96 30266
93 96 30267
870 96 30268
93 376 30269
93 597 30270
93 557 30271
811 119 30272
9 119 30273
742 557 30274
870 734 30275
9 597 30276
742 597 30277
9 597 30278
742 597 30279
9 597 30280
515 518 30281
93 597 30282
93 557 30283
384 869 30284
18 96 30285
18 96 30286
9 597 30287
18 96 30288
18 96 30289
870 96 30290
93 96 30291
93 96 30292
93 96 30293
18 96 30294
93 96 30295
93 597 30296
870 96 30297
870 556 30298
870 376 30299
18 96 30300
363 734 30301
164 99 30302
164 320 30303
164 94 30304
405 530 30305
870 734 30306
696 154 30307
872 99 30308
844 360 30309
188 99 30310
686 240 30311
18 240 30312
93 96 30313
93 96 30314
173 288 30315
93 376 30316
93 240 30317
90 867 30318
550 641 30319
550 479 30320
742 479 30321
742 257 30322
742 154 30323
742 597 30324
742 222 30325
193 260 30326
400 96 30327
400 296 30328
91 154 30329
400 296 30330
91 686 30331
18 96 30332
276 391 30333
538 296 30334
18 240 30335
173 895 30336
164 637 30337
93 240 30338
93 222 30339
93 597 30340
93 686 30341
742 597 30342
93 597 30343
630 417 30344
686 96 30345
844 782 30346
255 867 30347
18 96 30348
800 782 30349
198 734 30350
93 782 30351
264 31 30352
870 734 30353
346 376 30354
50 154 30355
858 31 30356
870 391 30357
92 99 30358
93 376 30359
872 99 30360
870 497 30361
400 96 30362
205 417 30363
250 349 30364
93 349 30365
250 349 30366
250 544 30367
250 431 30368
18 96 30369
93 349 30370
686 96 30371
686 544 30372
686 154 30373
686 94 30374
18 240 30375
18 96 30376
18 708 30377
164 99 30378
12 417 30379
12 99 30380
164 362 30381
630 417 30382
443 431 30383
394 725 30384
93 96 30385
93 154 30386
93 240 30387
394 240 30388
686 240 30389
90 81 30390
742 154 30391
870 240 30392
870 96 30393
18 240 30394
18 240 30395
18 240 30396
18 240 30397
872 99 30398
872 362 30399
91 154 30400
91 686 30401
91 734 30402
239 240 30403
239 240 30404
205 417 30405
205 99 30406
394 240 30407
394 240 30408
9 349 30409
363 734 30410
18 240 30411
18 240 30412
18 240 30413
18 240 30414
384 2 30415
394 240 30416
285 598 30417
285 296 30418
394 240 30419
394 240 30420
634 362 30421
18 240 30422
538 296 30423
406 81 30424
686 240 30425
686 240 30426
686 240 30427
686 154 30428
201 370 30429
201 288 30430
201 206 30431
18 240 30432
91 734 30433
91 734 30434
18 240 30435
18 240 30436
259 708 30437
201 288 30438
753 713 30439
93 96 30440
93 349 30441
93 686 30442
93 686 30443
93 598 30444
47 2 30445
679 530 30446
679 81 30447
400 96 30448
846 154 30449
870 240 30450
870 240 30451
93 96 30452
255 876 30453
393 734 30454
18 240 30455
141 585 30456
870 240 30457
870 240 30458
870 734 30459
489 182 30460
400 296 30461
400 585 30462
18 240 30463
93 585 30464
898 236 30465
806 759 30466
696 392 30467
696 357 30468
696 94 30469
696 154 30470
93 759 30471
538 296 30472
871 417 30473
871 81 30474
39 370 30475
12 99 30476
12 229 30477
363 734 30478
870 734 30479
870 240 30480
205 229 30481
205 99 30482
624 53 30483
18 96 30484
18 240 30485
515 53 30486
247 417 30487
588 549 30488
337 703 30489
752 788 30490
752 708 30491
752 858 30492
752 858 30493
752 741 30494
752 284 30495
752 559 30496
18 708 30497
173 423 30498
367 703 30499
367 379 30500
405 417 30501
48 105 30502
870 423 30503
825 288 30504
825 855 30505
812 734 30506
846 154 30507
585 105 30508
585 105 30509
93 96 30510
93 703 30511
9 349 30512
9 530 30513
9 81 30514
9 703 30515
730 431 30516
686 96 30517
686 154 30518
870 734 30519
696 154 30520
107 829 30521
395 858 30522
102 869 30523
102 388 30524
102 86 30525
102 515 30526
164 362 30527
164 81 30528
164 99 30529
50 154 30530
50 444 30531
187 150 30532
496 182 30533
39 156 30534
39 206 30535
582 81 30536
592 372 30537
844 782 30538
745 538 30539
239 182 30540
496 182 30541
753 236 30542
93 349 30543
93 782 30544
93 515 30545
93 703 30546
93 388 30547
753 236 30548
400 96 30549
812 734 30550
93 96 30551
173 388 30552
395 734 30553
395 386 30554
93 388 30555
173 388 30556
93 388 30557
102 515 30558
102 388 30559
346 376 30560
346 150 30561
93 376 30562
93 515 30563
93 388 30564
247 515 30565
93 515 30566
49 515 30567
336 240 30568
93 515 30569
93 515 30570
164 81 30571
870 734 30572
870 240 30573
870 388 30574
393 734 30575
93 388 30576
102 515 30577
102 388 30578
102 388 30579
93 388 30580
93 388 30581
102 388 30582
93 515 30583
93 388 30584
205 99 30585
205 99 30586
395 734 30587
12 99 30588
742 598 30589
164 99 30590
93 598 30591
247 515 30592
742 598 30593
652 92 30594
742 703 30595
870 734 30596
652 703 30597
652 62 30598
742 759 30599
652 81 30600
742 703 30601
652 703 30602
696 734 30603
742 703 30604
93 92 30605
93 515 30606
93 759 30607
93 703 30608
93 598 30609
499 627 30610
93 627 30611
686 734 30612
49 515 30613
259 96 30614
49 515 30615
239 627 30616
400 96 30617
259 96 30618
259 96 30619
259 96 30620
259 708 30621
141 92 30622
347 556 30623
93 92 30624
93 515 30625
870 734 30626
870 627 30627
93 627 30628
742 598 30629
742 703 30630
742 507 30631
752 788 30632
283 538 30633
730 240 30634
730 240 30635
730 240 30636
730 240 30637
730 240 30638
730 96 30639
247 515 30640
730 84 30641
730 84 30642
730 84 30643
730 84 30644
400 96 30645
259 96 30646
696 734 30647
259 96 30648
259 96 30649
255 598 30650
346 734 30651
50 360 30652
515 360 30653
515 360 30654
363 734 30655
12 91 30656
237 452 30657
237 777 30658
12 486 30659
49 515 30660
91 154 30661
91 686 30662
91 444 30663
91 734 30664
730 389 30665
173 389 30666
730 96 30667
730 96 30668
521 239 30669
730 96 30670
730 96 30671
395 734 30672
686 96 30673
870 734 30674
686 708 30675
686 96 30676
686 96 30677
686 389 30678
395 734 30679
93 507 30680
93 703 30681
686 734 30682
395 734 30683
93 686 30684
870 734 30685
93 389 30686
93 515 30687
93 598 30688
395 734 30689
870 96 30690
834 734 30691
383 507 30692
91 686 30693
91 734 30694
91 734 30695
803 240 30696
393 734 30697
803 708 30698
803 595 30699
395 734 30700
630 556 30701
336 96 30702
803 96 30703
259 96 30704
803 96 30705
803 96 30706
259 96 30707
259 96 30708
259 96 30709
259 708 30710
259 96 30711
540 91 30712
39 129 30713
592 415 30714
259 708 30715
400 96 30716
400 96 30717
696 734 30718
259 240 30719
400 727 30720
259 96 30721
259 96 30722
400 96 30723
686 96 30724
686 96 30725
686 96 30726
686 708 30727
730 96 30728
730 96 30729
730 96 30730
730 240 30731
259 96 30732
259 240 30733
259 708 30734
274 598 30735
274 96 30736
50 360 30737
50 444 30738
542 251 30739
173 895 30740
725 734 30741
478 730 30742
313 598 30743
313 732 30744
313 433 30745
313 701 30746
313 186 30747
313 776 30748
313 387 30749
313 730 30750
313 33 30751
313 596 30752
351 36 30753
351 94 30754
91 727 30755
91 444 30756
91 734 30757
804 542 30758
384 507 30759
259 96 30760
259 96 30761
363 734 30762
730 96 30763
730 96 30764
730 240 30765
730 240 30766
730 240 30767
730 240 30768
730 708 30769
91 734 30770
9 94 30771
9 251 30772
588 251 30773
259 96 30774
259 240 30775
696 94 30776
90 867 30777
686 96 30778
686 96 30779
9 251 30780
9 94 30781
367 444 30782
283 387 30783
173 376 30784
395 433 30785
395 867 30786
9 376 30787
173 376 30788
9 376 30789
173 376 30790
730 240 30791
730 240 30792
696 154 30793
9 376 30794
363 867 30795
730 96 30796
730 96 30797
93 376 30798
93 686 30799
93 686 30800
93 251 30801
93 507 30802
93 598 30803
9 376 30804
686 96 30805
686 94 30806
141 759 30807
686 708 30808
686 708 30809
9 759 30810
173 759 30811
9 759 30812
421 154 30813
555 257 30814
400 96 30815
93 96 30816
93 154 30817
93 376 30818
93 759 30819
752 481 30820
752 481 30821
400 96 30822
515 360 30823
93 96 30824
515 437 30825
515 222 30826
515 390 30827
515 240 30828
515 81 30829
515 40 30830
515 94 30831
515 395 30832
515 498 30833
515 226 30834
515 45 30835
515 387 30836
515 443 30837
515 183 30838
515 759 30839
515 389 30840
515 388 30841
93 437 30842
93 222 30843
93 40 30844
93 388 30845
601 129 30846
705 431 30847
742 257 30848
742 154 30849
742 222 30850
742 598 30851
9 222 30852
259 96 30853
259 96 30854
83 186 30855
83 730 30856
259 240 30857
259 708 30858
93 154 30859
93 222 30860
93 598 30861
730 96 30862
730 96 30863
400 96 30864
730 240 30864
730 240 30865
50 154 30866
582 240 30867
870 734 30868
164 94 30869
268 776 30870
501 36 30871
870 36 30872
686 96 30873
686 708 30874
686 734 30875
395 734 30876
395 867 30877
367 224 30878
400 96 30879
870 222 30880
515 557 30881
870 557 30882
133 595 30883
630 418 30884
4 222 30885
811 119 30886
93 154 30887
93 222 30888
93 557 30889
730 559 30890
153 498 30891
478 387 30892
478 734 30893
478 730 30894
515 387 30895
363 867 30896
363 867 30897
752 788 30898
752 62 30899
742 557 30900
752 789 30901
752 708 30902
752 388 30903
752 96 30904
752 284 30905
360 387 30906
730 708 30907
745 387 30908
9 222 30909
93 222 30910
93 557 30911
91 734 30912
91 708 30913
91 686 30914
91 154 30915
91 433 30916
255 598 30917
395 433 30918
395 734 30919
395 388 30920
730 708 30921
686 708 30922
141 759 30923
478 387 30924
478 734 30925
9 387 30926
367 686 30927
132 107 30928
9 107 30929
739 99 30930
12 99 30931
9 376 30932
80 319 30933
3 90 30934
3 90 30935
3 662 30936
3 68 30937
3 244 30938
153 376 30939
3 224 30940
742 68 30941
276 239 30942
276 105 30943
83 33 30944
83 730 30945
83 598 30946
90 81 30947
90 867 30948
538 662 30949
83 523 30950
555 257 30951
742 257 30952
742 222 30953
742 222 30954
742 597 30955
742 418 30956
742 53 30957
742 395 30958
742 598 30959
742 636 30960
742 703 30961
336 96 30962
336 240 30963
421 437 30964
686 240 30965
742 206 30966
742 154 30967
813 703 30968
141 759 30969
141 759 30970
443 323 30971
730 240 30972
730 708 30973
730 708 30974
730 708 30975
730 708 30976
730 708 30977
730 708 30978
730 708 30979
730 240 30980
585 105 30981
585 186 30982
730 240 30983
730 96 30984
395 867 30985
255 598 30986
395 703 30987
107 585 30988
686 240 30989
283 387 30990
645 523 30991
515 395 30992
515 759 30993
515 107 30994
363 867 30995
870 395 30996
83 186 30997
515 395 30998
205 99 30999
400 323 31000
846 319 31001
686 49 31002
9 437 31003
9 376 31004
9 597 31005
9 81 31006
9 395 31007
9 703 31008
9 107 31009
51 830 31010
51 183 31011
51 292 31012
51 542 31013
51 369 31014
51 713 31015
51 357 31016
51 517 31017
51 546 31018
435 759 31019
247 515 31020
742 395 31021
742 703 31022
422 703 31023
49 515 31024
164 323 31025
164 99 31026
141 759 31027
141 759 31028
153 376 31029
56 284 31030
56 431 31031
362 90 31032
142 874 31033
142 830 31034
142 52 31035
9 376 31036
80 319 31037
478 730 31038
250 222 31039
250 418 31040
400 323 31041
83 598 31042
83 523 31043
102 515 31044
102 515 31045
102 515 31046
102 515 31047
295 376 31048
295 686 31049
871 484 31050
673 84 31051
871 417 31052
730 84 31053
709 739 31054
49 515 31055
336 96 31056
246 641 31057
205 417 31058
870 395 31059
90 867 31060
50 154 31061
196 481 31062
630 417 31063
630 186 31064
279 428 31065
363 867 31066
190 389 31067
12 417 31068
695 49 31069
91 154 31070
279 182 31071
279 52 31072
870 437 31073
622 31 31074
737 238 31075
515 389 31076
737 388 31077
93 703 31078
93 585 31079
83 186 31080
871 229 31081
12 229 31082
12 229 31083
515 107 31084
631 389 31085
3 68 31086
3 90 31087
3 759 31088
3 759 31089
3 759 31090
3 759 31091
216 739 31092
216 874 31093
205 417 31094
531 595 31095
531 320 31096
50 154 31097
686 49 31098
257 94 31099
870 308 31100
247 417 31101
279 389 31102
279 572 31103
279 282 31104
279 592 31105
279 880 31106
279 482 31107
695 49 31108
695 49 31109
141 759 31110
141 759 31111
707 92 31112
515 759 31113
548 257 31114
346 376 31115
871 417 31116
871 229 31117
871 229 31118
742 257 31119
418 251 31120
418 251 31121
418 290 31122
418 493 31123
418 222 31124
418 251 31125
418 251 31126
435 867 31127
12 229 31128
12 417 31129
435 395 31130
515 222 31131
91 154 31132
91 154 31133
91 290 31134
49 290 31135
91 734 31136
91 734 31137
91 290 31138
134 867 31139
249 92 31140
367 686 31141
49 290 31142
730 751 31143
730 559 31144
9 251 31145
255 598 31146
407 572 31147
395 734 31148
395 222 31149
395 703 31150
279 572 31151
499 627 31152
398 417 31153
515 222 31154
392 86 31155
686 49 31156
861 62 31157
383 703 31158
383 703 31159
861 99 31160
861 362 31161
395 222 31162
395 388 31163
239 417 31164
239 417 31165
861 36 31166
786 775 31167
398 417 31168
91 734 31169
398 417 31170
126 452 31171
93 290 31172
394 703 31173
443 434 31174
50 154 31175
742 703 31176
742 775 31177
3 759 31178
395 434 31179
395 86 31180
871 417 31181
400 627 31182
400 257 31183
870 627 31184
564 830 31185
131 530 31186
742 598 31187
742 68 31188
256 734 31189
91 290 31190
93 282 31191
93 437 31192
93 597 31193
93 686 31194
93 92 31195
93 627 31196
93 484 31197
93 515 31198
93 251 31199
93 759 31200
93 703 31201
93 703 31202
93 636 31203
93 290 31204
93 598 31205
742 636 31206
398 417 31207
93 636 31208
786 775 31209
822 389 31210
630 417 31211
752 55 31212
742 636 31213
742 775 31214
9 636 31215
9 437 31216
93 437 31217
93 636 31218
622 442 31219
12 417 31220
12 99 31221
1 741 31222
404 387 31223
696 734 31224
696 357 31225
283 184 31226
395 442 31227
395 703 31228
249 92 31229
92 91 31230
93 92 31231
93 703 31232
515 387 31233
447 741 31234
447 357 31235
346 184 31236
515 389 31237
752 226 31238
752 510 31239
752 154 31240
752 154 31241
752 60 31242
752 743 31243
9 703 31244
394 703 31245
394 703 31246
255 739 31247
400 442 31248
132 617 31249
132 178 31250
846 617 31251
686 96 31252
686 734 31253
478 734 31254
363 734 31255
43 442 31256
283 184 31257
283 442 31258
12 229 31259
395 734 31260
395 442 31261
395 703 31262
9 703 31263
173 227 31264
400 442 31265
652 703 31266
9 703 31267
8 90 31268
8 197 31269
8 490 31270
91 734 31271
395 734 31272
9 759 31273
153 448 31274
274 387 31275
709 739 31276
134 197 31277
585 739 31278
216 739 31279
164 362 31280
164 320 31281
164 323 31282
164 99 31283
158 227 31284
93 703 31285
93 759 31286
93 197 31287
531 91 31288
531 880 31289
91 734 31290
742 636 31291
93 636 31292
742 703 31293
742 636 31294
742 703 31295
332 104 31296
255 739 31297
9 636 31298
478 734 31299
418 251 31300
418 229 31301
742 636 31302
418 222 31303
216 739 31304
418 175 31305
538 490 31306
290 734 31307
742 222 31308
362 867 31309
362 356 31310
362 759 31311
362 90 31312
362 387 31313
362 197 31314
362 197 31315
255 739 31316
255 739 31317
216 739 31318
239 857 31319
363 734 31320
634 362 31321
395 734 31322
395 222 31323
395 703 31324
141 387 31325
141 387 31326
141 617 31327
141 759 31328
141 178 31329
515 222 31330
410 157 31331
410 69 31332
255 598 31333
255 739 31334
216 739 31335
861 197 31336
861 759 31337
141 759 31338
346 184 31339
255 739 31340
519 538 31341
406 442 31342
205 99 31343
871 417 31344
871 229 31345
90 749 31346
395 442 31347
742 557 31348
585 739 31349
686 734 31350
742 81 31351
742 81 31352
742 557 31353
870 60 31354
12 99 31355
12 417 31356
274 557 31357
480 258 31358
480 880 31359
64 52 31360
754 386 31361
333 290 31362
93 290 31363
592 99 31364
49 290 31365
142 874 31366
142 52 31367
142 734 31368
871 417 31369
674 308 31370
400 81 31371
709 636 31372
709 739 31373
363 734 31374
268 437 31375
719 541 31376
393 734 31377
90 81 31378
132 617 31379
134 197 31380
752 510 31381
752 128 31382
752 788 31383
651 238 31384
255 739 31385
249 154 31386
249 154 31387
377 31 31388
255 739 31389
400 81 31390
255 592 31391
216 739 31392
65 184 31393
858 31 31394
3 759 31395
3 490 31396
43 442 31397
787 615 31398
478 734 31399
345 392 31400
346 184 31401
346 734 31402
141 759 31403
287 854 31404
785 387 31405
592 362 31406
538 490 31407
395 442 31408
91 734 31409
347 556 31410
39 369 31411
164 99 31412
12 99 31413
142 734 31414
652 749 31415
9 119 31416
9 437 31417
9 287 31418
9 222 31419
9 376 31420
363 734 31421
9 94 31422
648 387 31423
28 776 31424
28 776 31425
802 437 31426
725 830 31427
249 70 31428
141 437 31429
141 70 31430
141 387 31431
93 222 31432
93 287 31433
766 290 31434
766 123 31435
93 123 31436
93 510 31437
93 376 31438
93 60 31439
93 251 31440
93 636 31441
93 759 31442
93 52 31443
93 557 31444
93 290 31445
93 598 31446
742 598 31447
742 636 31448
332 493 31449
332 389 31450
332 420 31451
313 598 31452
313 433 31453
422 395 31454
422 880 31455
422 703 31456
422 703 31457
49 290 31458
422 320 31459
9 437 31460
9 395 31461
742 395 31462
422 258 31463
422 395 31464
422 91 31465
9 395 31466
742 395 31467
91 734 31468
91 290 31469
91 290 31470
91 290 31471
686 96 31472
141 437 31473
9 437 31474
141 759 31475
141 545 31476
141 437 31477
255 776 31478
255 598 31479
173 759 31480
9 437 31481
173 376 31482
398 417 31483
786 775 31484
802 736 31485
93 636 31486
93 290 31487
93 598 31488
393 290 31489
255 598 31490
872 736 31491
872 91 31492
742 598 31493
742 507 31494
742 703 31495
742 759 31496
742 222 31497
9 703 31498
393 734 31499
188 91 31500
585 736 31501
861 759 31502
49 290 31503
363 734 31504
742 703 31505
742 179 31506
742 373 31507
742 479 31508
686 734 31509
742 261 31510
395 433 31511
871 417 31512
9 759 31513
48 522 31514
696 734 31515
870 734 31516
478 734 31517
755 734 31518
406 437 31519
406 788 31520
478 734 31521
9 437 31522
239 417 31523
91 734 31524
173 437 31525
141 437 31526
141 759 31527
870 734 31528
93 373 31529
93 222 31530
93 759 31531
93 507 31532
93 703 31533
91 734 31534
93 290 31535
93 598 31536
395 734 31537
255 739 31538
255 598 31539
255 598 31540
393 734 31541
686 734 31542
362 197 31543
315 596 31544
709 739 31545
480 258 31546
742 507 31547
742 598 31548
255 598 31549
255 739 31550
313 596 31551
742 175 31552
422 703 31553
422 395 31554
422 258 31555
400 543 31556
9 437 31557
173 437 31558
9 437 31559
5 594 31560
393 734 31561
422 594 31562
753 596 31563
9 376 31564
742 703 31565
742 598 31566
742 373 31567
742 788 31568
742 81 31569
62 734 31570
742 179 31571
742 395 31572
742 395 31573
742 206 31574
742 759 31575
742 775 31576
422 395 31577
422 829 31578
91 734 31579
9 703 31580
9 829 31581
93 437 31582
93 373 31583
93 376 31584
93 594 31585
93 543 31586
93 197 31587
93 703 31588
93 759 31589
93 507 31590
93 598 31591
173 395 31592
870 734 31593
255 598 31594
255 598 31595
65 184 31596
102 869 31597
164 320 31598
392 869 31599
392 869 31600
392 869 31601
102 869 31602
268 437 31603
268 776 31604
268 128 31605
18 708 31606
18 96 31607
18 96 31608
274 96 31609
274 598 31610
9 437 31611
5 594 31612
742 598 31613
742 598 31614
585 739 31615
395 734 31616
395 556 31617
422 594 31618
422 320 31619
420 355 31620
422 395 31621
422 703 31622
422 829 31623
422 418 31624
422 388 31625
742 355 31626
398 417 31627
12 417 31628
709 739 31629
709 128 31630
742 703 31631
9 829 31632
730 708 31633
255 739 31634
630 417 31635
630 418 31636
630 206 31637
422 829 31638
422 498 31639
422 365 31640
585 739 31641
50 154 31642
400 96 31643
400 788 31644
107 829 31645
274 96 31646
274 206 31647
274 598 31648
9 829 31649
93 270 31650
93 437 31651
93 437 31652
93 703 31653
93 96 31654
93 594 31655
93 388 31656
93 598 31657
92 91 31658
9 437 31659
742 598 31660
255 739 31661
255 365 31662
255 598 31663
742 598 31664
422 594 31665
422 270 31666
164 320 31667
153 776 31668
93 270 31669
93 437 31670
93 594 31671
93 598 31672
777 541 31673
369 748 31674
313 355 31675
313 598 31676
313 33 31677
274 598 31678
281 106 31679
173 437 31680
834 734 31681
59 227 31682
18 708 31683
18 96 31684
709 739 31685
395 734 31686
478 734 31687
255 598 31688
585 739 31689
9 437 31690
585 105 31691
573 725 31692
205 417 31693
205 99 31694
205 615 31695
51 830 31696
395 734 31697
422 437 31698
422 365 31699
422 388 31700
733 31 31701
422 96 31702
478 734 31703
478 734 31704
9 437 31705
83 33 31706
83 355 31707
83 734 31708
9 870 31709
9 287 31710
9 222 31711
9 349 31712
9 376 31713
9 224 31714
9 530 31715
262 742 31716
90 734 31717
400 96 31718
861 197 31719
861 197 31720
737 238 31721
873 482 31722
873 829 31723
395 734 31724
395 388 31725
12 99 31726
834 734 31727
49 106 31728
247 417 31729
383 703 31730
18 240 31731
18 240 31732
18 240 31733
18 240 31734
18 240 31735
18 240 31736
18 240 31737
158 227 31738
510 91 31739
510 320 31740
510 99 31741
510 362 31742
510 673 31743
205 417 31744
281 881 31745
188 99 31746
164 362 31747
164 320 31748
164 734 31749
164 323 31750
91 734 31751
408 484 31752
90 734 31753
347 556 31754
141 492 31755
451 734 31756
422 703 31757
422 437 31758
18 84 31759
422 388 31760
395 734 31761
395 388 31762
268 437 31763
47 2 31764
283 184 31765
283 538 31766
510 362 31767
510 320 31768
510 99 31769
268 776 31770
268 128 31771
268 729 31772
408 435 31773
408 485 31774
478 734 31775
630 417 31776
630 206 31777
709 739 31778
395 734 31779
395 485 31780
395 556 31781
395 734 31782
395 734 31783
478 734 31784
154 391 31785
154 881 31786
154 747 31787
154 270 31788
154 790 31789
154 320 31790
154 107 31791
393 734 31792
255 776 31793
255 776 31794
711 238 31795
673 84 31796
673 84 31797
673 84 31798
422 556 31799
422 91 31800
422 388 31801
395 734 31802
173 437 31803
9 437 31804
9 376 31805
9 703 31806
9 395 31807
652 870 31808
652 703 31809
9 870 31810
9 703 31811
395 734 31812
737 238 31813
3 490 31814
62 734 31815
413 868 31816
413 495 31817
777 790 31818
777 265 31819
93 270 31820
93 270 31821
93 376 31822
93 703 31823
93 107 31824
93 598 31825
93 222 31826
93 349 31827
93 287 31828
93 437 31829
93 96 31830
93 240 31831
93 484 31832
93 197 31833
93 197 31834
93 435 31835
93 388 31836
93 870 31837
93 868 31838
422 388 31839
205 99 31840
478 868 31841
510 91 31842
247 417 31843
274 96 31844
274 240 31845
274 240 31846
274 240 31847
498 495 31848
498 492 31849
255 598 31850
59 227 31851
173 227 31852
313 598 31853
313 492 31854
313 105 31855
313 33 31856
255 593 31857
255 776 31858
255 876 31859
255 739 31860
255 598 31861
255 598 31862
255 445 31863
9 876 31864
9 703 31865
9 107 31866
141 759 31867
413 495 31868
18 240 31869
18 240 31870
255 876 31871
62 388 31872
93 96 31873
93 240 31874
93 759 31875
93 703 31876
93 107 31877
93 388 31878
93 868 31879
93 598 31880
93 290 31881
18 96 31882
18 84 31883
153 395 31884
153 776 31885
395 790 31886
856 442 31887
413 495 31888
395 734 31889
673 84 31890
673 84 31891
673 84 31892
239 857 31893
440 476 31894
18 84 31895
18 84 31896
9 790 31897
9 759 31898
9 703 31899
65 388 31900
286 394 31901
671 261 31902
83 33 31903
274 240 31904
274 240 31905
274 240 31906
276 495 31907
276 868 31908
93 759 31909
93 703 31910
93 868 31911
90 734 31912
742 394 31913
742 759 31914
478 868 31915
478 734 31916
752 510 31917
346 734 31918
12 99 31919
93 868 31920
205 99 31921
18 240 31922
18 240 31923
371 734 31924
805 492 31925
255 776 31926
255 739 31927
609 107 31928
255 876 31929
255 598 31930
90 240 31931
560 742 31932
742 598 31933
285 106 31934
274 240 31935
274 240 31936
274 240 31937
274 598 31938
18 240 31939
154 517 31940
154 445 31941
18 240 31942
154 445 31943
154 705 31944
18 240 31945
106 106 31946
422 388 31947
9 107 31948
39 373 31949
39 323 31950
39 593 31951
422 91 31952
39 55 31953
39 129 31954
403 829 31955
246 876 31956
631 492 31957
91 734 31958
91 154 31959
158 227 31960
158 227 31961
153 776 31962
896 388 31963
18 240 31964
463 444 31965
164 362 31966
164 323 31967
164 99 31968
164 320 31969
164 734 31970
164 99 31971
164 362 31972
173 227 31973
173 388 31974
478 734 31975
62 388 31976
62 644 31977
274 240 31978
274 240 31979
274 240 31980
158 227 31981
274 240 31982
400 96 31983
891 247 31984
891 495 31985
274 96 31986
274 96 31987
673 84 31988
18 96 31989
18 96 31990
18 84 31991
18 240 31992
18 240 31993
585 739 31994
737 238 31995
737 238 31996
188 91 31997
47 69 31998
274 96 31999
274 96 32000
274 96 32001
18 96 32002
274 240 32003
18 96 32004
274 240 32005
274 96 32006
18 240 32007
274 240 32008
274 240 32009
18 96 32010
18 96 32011
274 96 32012
18 240 32013
274 96 32014
18 96 32015
274 240 32016
274 96 32017
18 96 32018
18 96 32019
274 96 32020
93 290 32021
93 290 32022
274 96 32023
274 96 32024
18 96 32025
274 96 32026
18 96 32027
274 96 32028
274 96 32029
18 96 32030
18 96 32031
18 96 32032
216 739 32033
422 829 32034
395 388 32035
422 123 32036
49 290 32037
49 290 32038
97 868 32039
97 592 32040
9 290 32041
9 703 32042
336 84 32043
255 776 32044
4 492 32045
255 876 32046
4 593 32047
255 739 32048
255 593 32049
255 598 32050
255 876 32051
255 598 32052
336 96 32053
18 84 32054
18 96 32055
585 739 32056
578 831 32057
274 96 32058
274 96 32059
274 96 32060
274 96 32061
313 492 32062
313 33 32063
313 730 32064
510 91 32065
400 96 32066
510 362 32067
18 96 32068
400 96 32069
18 96 32070
18 96 32071
18 96 32072
480 880 32073
870 734 32074
673 84 32075
673 84 32076
395 734 32077
395 290 32078
49 290 32079
652 388 32080
501 734 32081
50 154 32082
421 492 32083
50 360 32084
413 495 32085
50 360 32086
413 868 32087
393 734 32088
12 99 32089
93 123 32090
93 373 32091
93 517 32092
93 644 32093
93 703 32094
93 107 32095
93 388 32096
93 868 32097
93 290 32098
453 389 32099
393 389 32100
9 703 32101
9 107 32102
659 732 32103
421 517 32104
651 238 32105
83 33 32106
417 507 32107
417 179 32108
417 541 32109
347 556 32110
400 179 32111
336 96 32112
422 880 32113
422 91 32114
422 389 32115
336 84 32116
336 96 32117
59 227 32118
393 389 32119
709 776 32120
709 739 32121
709 636 32122
255 739 32123
164 81 32124
164 895 32125
870 734 32126
478 868 32127
660 557 32128
630 868 32129
870 706 32130
661 417 32131
661 247 32132
661 247 32133
49 247 32134
422 706 32135
395 556 32136
422 96 32137
417 179 32138
367 444 32139
9 706 32140
478 868 32141
62 388 32142
134 881 32143
32 46 32144
463 444 32145
892 637 32146
892 297 32147
892 297 32148
892 392 32149
631 389 32150
822 388 32151
395 290 32152
18 96 32153
18 96 32154
392 71 32155
392 71 32156
9 290 32157
18 240 32158
65 293 32159
65 221 32160
660 417 32161
660 226 32162
660 392 32163
660 484 32164
660 881 32165
870 789 32166
870 878 32167
47 743 32168
742 597 32169
721 590 32170
239 182 32171
239 627 32172
239 4 32173
239 443 32174
239 183 32175
239 431 32176
239 319 32177
49 515 32178
49 290 32179
292 589 32180
50 444 32181
755 873 32182
625 220 32183
12 486 32184
538 296 32185
538 264 32186
538 559 32187
538 40 32188
43 350 32189
18 897 32190
18 523 32191
18 843 32192
18 84 32193
313 732 32194
313 492 32195
313 186 32196
313 701 32197
313 53 32198
313 294 32199
313 236 32200
313 245 32201
313 443 32202
313 443 32203
313 150 32204
313 421 32205
418 36 32206
418 251 32207
418 290 32208
418 229 32209
392 86 32210
418 177 32210
418 177 32211
91 424 32212
498 101 32213
91 477 32214
783 491 32215
93 863 32216
93 290 32217
9 251 32218
9 290 32219
454 732 32220
298 292 32221
377 371 32222
377 31 32223
141 477 32224
141 390 32225
141 92 32226
141 585 32227
141 388 32228
9 92 32229
347 556 32230
347 388 32231
47 450 32232
90 737 32233
395 766 32234
395 434 32235
395 429 32236
395 446 32237
395 388 32238
705 282 32239
705 751 32240
871 780 32241
871 853 32242
753 713 32243
871 392 32244
53 881 32245
652 388 32246
141 92 32247
861 62 32248
247 763 32249
861 897 32250
861 546 32251
83 738 32252
861 497 32253
861 295 32254
83 730 32255
861 558 32256
861 521 32257
861 853 32258
861 895 32259
861 197 32260
861 197 32261
861 644 32262
861 759 32263
861 759 32264
861 36 32265
421 492 32266
463 444 32267
733 31 32268
9 92 32269
9 759 32270
777 595 32271
777 541 32272
759 759 32273
164 544 32274
164 853 32275
164 362 32276
164 99 32277
164 320 32278
432 241 32279
172 549 32280
432 241 32281
432 873 32282
432 782 32283
432 101 32284
432 102 32285
658 257 32286
626 530 32287
624 851 32288
624 883 32289
624 53 32290
624 236 32291
712 240 32292
18 240 32293
787 284 32294
709 357 32295
709 738 32296
709 6 32297
480 880 32298
463 555 32299
499 627 32300
499 241 32301
205 229 32302
673 84 32303
673 84 32304
673 84 32305
673 84 32306
673 84 32307
9 530 32308
786 775 32309
786 244 32310
786 293 32311
283 51 32312
283 662 32313
283 858 32314
283 183 32315
657 227 32316
657 437 32317
9 437 32318
673 676 32319
652 585 32320
652 703 32321
102 869 32322
393 389 32323
742 703 32324
9 703 32325
164 738 32326
9 530 32327
141 437 32328
141 183 32329
62 388 32330
861 853 32331
674 448 32332
173 183 32333
9 437 32334
326 446 32335
392 869 32336
285 296 32337
510 320 32338
510 99 32339
658 549 32340
18 84 32341
90 734 32342
281 881 32343
281 236 32344
18 240 32345
276 778 32346
276 49 32347
454 738 32348
737 238 32349
737 238 32350
740 516 32351
740 359 32352
709 324 32353
709 690 32354
377 242 32355
395 734 32356
395 869 32357
777 357 32358
205 99 32359
134 297 32360
552 572 32361
552 560 32362
55 284 32363
517 741 32364
517 105 32365
517 236 32366
517 742 32367
517 443 32368
517 492 32369
517 239 32370
91 444 32371
91 734 32372
91 290 32373
164 99 32374
164 320 32375
588 871 32376
164 853 32377
588 319 32378
164 734 32379
873 589 32380
873 871 32381
873 829 32382
744 153 32383
18 240 32384
652 703 32385
742 703 32386
742 703 32387
652 870 32388
9 703 32389
9 870 32390
652 870 32391
652 703 32392
686 734 32393
871 36 32394
80 152 32395
742 703 32396
652 703 32397
384 2 32398
9 703 32399
9 870 32400
488 62 32401
488 90 32402
652 870 32403
9 870 32404
652 870 32405
488 759 32406
488 558 32407
488 725 32408
488 197 32409
488 197 32410
9 376 32411
742 703 32412
472 869 32413
472 636 32414
472 636 32415
472 782 32416
472 701 32417
472 897 32418
9 782 32419
9 703 32420
652 703 32421
9 703 32422
285 6 32423
652 703 32424
489 99 32425
18 240 32426
488 99 32427
488 91 32428
239 319 32429
392 869 32430
478 734 32431
59 227 32432
59 757 32433
432 782 32434
432 782 32435
432 241 32436
578 590 32437
861 62 32438
861 197 32439
861 90 32440
861 558 32441
861 759 32442
861 897 32443
346 179 32444
346 294 32445
102 869 32446
102 869 32447
517 387 32448
274 240 32449
274 240 32450
274 497 32451
18 897 32452
93 290 32453
93 703 32454
18 240 32455
18 708 32456
872 99 32457
510 91 32458
510 320 32459
313 294 32460
255 598 32461
659 732 32462
422 589 32463
422 829 32464
422 829 32465
422 558 32466
422 627 32467
422 880 32468
422 880 32469
337 737 32470
395 734 32471
395 446 32472
422 871 32473
144 618 32474
861 497 32475
392 869 32476
105 763 32477
413 423 32478
53 881 32479
53 881 32480
102 869 32481
326 446 32482
383 507 32483
392 556 32484
107 260 32485
255 739 32486
742 598 32487
205 91 32488
652 870 32489
9 870 32490
753 596 32491
753 236 32492
247 763 32493
833 445 32494
548 257 32495
422 497 32496
12 99 32497
709 739 32498
872 99 32499
255 739 32500
825 97 32501
255 598 32502
742 598 32503
91 734 32504
91 734 32505
478 734 32506
395 703 32507
844 766 32508
844 154 32509
395 766 32510
238 308 32511
495 447 32512
400 627 32513
480 880 32514
480 179 32515
585 739 32516
255 739 32517
255 598 32518
313 732 32519
313 598 32520
313 596 32521
313 881 32522
753 596 32523
753 596 32524
742 179 32525
742 598 32526
742 154 32527
400 179 32528
134 308 32529
844 766 32530
448 450 32531
274 737 32532
274 598 32533
395 766 32533
844 766 32534
62 734 32535
62 183 32536
336 96 32537
83 739 32538
83 701 32539
856 442 32540
18 96 32541
142 355 32542
142 830 32543
652 870 32544
281 881 32545
90 737 32546
709 357 32547
709 739 32548
478 734 32549
478 734 32550
255 598 32551
216 739 32552
91 734 32553
91 734 32554
91 881 32555
822 389 32556
777 357 32557
418 36 32558
418 36 32559
395 734 32560
395 734 32561
9 36 32562
9 177 32563
478 734 32564
510 91 32565
510 320 32566
515 757 32567
85 68 32568
62 734 32569
62 45 32570
62 875 32571
62 376 32572
62 395 32573
501 734 32574
9 395 32575
91 734 32576
793 53 32577
422 703 32578
422 320 32579
422 395 32580
709 739 32581
422 433 32582
274 737 32583
274 598 32584
62 395 32585
586 241 32586
586 726 32587
92 99 32588
92 91 32589
573 36 32590
400 96 32591
400 442 32592
383 897 32593
527 876 32594
83 53 32595
686 389 32596
281 881 32597
281 881 32598
281 881 32599
18 96 32600
281 881 32601
255 598 32602
777 739 32603
445 245 32604
752 60 32605
868 185 32606
274 598 32607
861 36 32608
861 62 32609
709 484 32610
73 241 32611
164 320 32612
346 376 32613
346 294 32614
346 734 32615
198 734 32616
336 734 32617
478 734 32618
313 596 32619
395 703 32620
832 58 32621
47 729 32622
890 709 32623
14 701 32624
14 222 32625
14 709 32626
14 390 32627
14 484 32628
400 96 32629
609 92 32630
93 703 32631
93 376 32632
39 373 32633
39 77 32634
39 628 32635
39 323 32636
39 248 32637
39 370 32638
39 133 32639
39 632 32640
39 308 32641
39 593 32642
39 242 32643
39 127 32644
39 156 32645
39 329 32646
39 226 32647
39 555 32648
39 206 32649
39 78 32650
39 371 32651
39 789 32652
39 387 32653
39 517 32654
39 231 32655
39 572 32656
39 152 32657
652 585 32658
517 387 32659
274 596 32660
62 734 32661
422 585 32662
62 376 32663
422 703 32664
18 96 32665
392 703 32666
392 389 32667
91 881 32668
91 734 32669
91 734 32670
753 596 32671
418 177 32672
93 703 32673
93 507 32674
510 320 32675
634 415 32676
9 703 32677
443 389 32678
257 62 32679
257 389 32680
422 703 32681
50 444 32682
9 703 32683
420 355 32684
686 389 32685
752 481 32686
400 96 32687
649 734 32688
655 133 32689
655 853 32690
18 96 32691
18 96 32692
447 600 32693
205 99 32694
822 389 32695
400 96 32696
480 179 32697
255 739 32698
18 96 32699
153 428 32700
395 734 32701
312 590 32702
312 727 32703
312 727 32704
153 363 32705
417 507 32706
395 734 32707
417 179 32708
194 734 32709
221 428 32710
221 544 32711
521 236 32712
752 284 32713
752 788 32714
478 730 32715
243 290 32716
686 96 32717
686 493 32718
686 94 32719
515 389 32720
173 290 32721
12 99 32722
517 734 32723
62 734 32724
91 727 32725
91 734 32726
18 96 32727
346 544 32728
346 853 32729
346 734 32730
422 320 32731
501 734 32732
400 727 32733
91 727 32734
91 734 32735
742 68 32736
745 538 32737
205 99 32738
164 323 32739
164 320 32740
164 853 32741
93 703 32742
93 703 32743
204 871 32744
204 557 32745
204 777 32746
204 323 32747
204 308 32748
585 739 32749
93 127 32750
93 597 32751
93 782 32752
93 686 32753
93 92 32754
93 154 32755
93 786 32756
93 376 32757
93 376 32758
93 512 32759
93 40 32760
93 839 32761
93 295 32762
93 881 32763
93 627 32764
93 515 32765
93 101 32766
93 4 32767
93 60 32768
93 371 32769
93 484 32770
93 197 32771
93 517 32772
93 251 32773
93 251 32774
93 187 32775
93 644 32776
93 102 32777
93 183 32778
93 759 32779
93 249 32780
93 507 32781
93 290 32782
93 388 32783
93 152 32784
93 585 32785
93 870 32786
93 598 32787
872 323 32788
255 739 32789
9 703 32790
422 703 32791
134 637 32792
134 853 32793
663 867 32794
93 703 32795
93 107 32796
93 636 32797
93 706 32798
93 557 32799
93 757 32800
93 868 32801
93 897 32802
9 703 32803
9 107 32804
255 739 32805
613 370 32806
686 96 32807
686 389 32808
281 106 32809
83 730 32810
93 703 32811
93 107 32812
121 424 32813
121 421 32814
255 739 32815
313 355 32816
313 421 32817
313 701 32818
255 739 32819
12 99 32820
9 437 32821
216 739 32822
216 739 32823
400 727 32824
400 585 32825
188 99 32826
205 99 32827
164 323 32828
164 99 32829
164 853 32830
296 446 32831
296 498 32832
400 323 32833
400 96 32834
686 96 32835
9 498 32836
49 515 32837
567 36 32838
872 99 32839
12 99 32840
18 96 32841
281 881 32842
281 881 32843
400 96 32844
12 99 32845
93 515 32846
93 585 32847
868 789 32848
62 388 32849
62 759 32850
872 99 32851
538 759 32852
661 2 32853
91 881 32854
91 727 32855
12 99 32856
47 2 32857
49 515 32858
663 867 32859
686 96 32860
686 96 32861
83 701 32862
83 355 32863
861 62 32864
205 99 32865
861 644 32866
861 644 32867
861 759 32868
861 897 32869
861 387 32870
861 636 32871
12 99 32872
663 247 32873
93 515 32874
93 388 32875
592 292 32876
592 127 32877
93 127 32878
345 701 32879
345 133 32880
93 897 32881
585 739 32882
585 739 32883
255 739 32884
49 515 32885
709 739 32886
709 636 32887
395 867 32888
417 507 32889
93 515 32890
93 507 32891
93 507 32892
93 636 32893
255 739 32894
753 713 32895
102 869 32896
753 596 32897
709 739 32898
18 867 32899
8 490 32900
8 244 32901
255 739 32902
173 759 32903
257 389 32904
164 323 32905
164 99 32906
93 759 32907
90 734 32908
283 538 32909
12 99 32910
686 389 32911
93 389 32912
395 867 32913
665 671 32914
173 671 32915
419 518 32916
62 734 32917
257 389 32918
870 878 32919
870 789 32920
93 671 32921
844 154 32922
844 641 32923
93 154 32924
173 671 32925
93 671 32926
478 734 32927
18 96 32928
18 708 32929
18 240 32930
18 84 32931
415 851 32932
415 851 32933
415 53 32934
415 394 32935
39 323 32936
39 370 32937
39 789 32938
39 517 32939
346 53 32940
346 4 32941
346 734 32942
274 387 32943
274 596 32944
650 437 32945
164 323 32946
93 4 32947
93 517 32948
686 389 32949
93 389 32950
93 389 32951
422 703 32952
400 323 32953
541 593 32954
205 91 32955
872 323 32956
93 703 32957
673 84 32958
673 84 32959
518 540 32960
518 742 32961
868 789 32962
383 507 32963
18 84 32964
494 61 32965
709 739 32966
709 484 32967
255 739 32968
510 99 32969
510 320 32970
510 362 32971
134 593 32972
783 437 32973
93 484 32974
91 734 32975
62 292 32976
62 875 32977
62 734 32978
62 759 32979
62 388 32980
280 504 32981
803 197 32982
803 732 32983
164 362 32984
164 323 32985
164 320 32986
62 644 32987
62 484 32988
62 498 32989
9 498 32990
336 357 32991
336 84 32992
141 759 32993
36 504 32994
91 734 32995
872 99 32996
295 234 32997
733 31 32998
62 734 32999
283 387 33000
18 96 33001
18 240 33002
18 708 33003
709 739 33004
709 484 33005
93 507 33006
93 484 33007
93 197 33008
93 644 33009
93 759 33010
93 388 33011
93 759 33012
422 437 33013
18 84 33014
18 84 33015
336 96 33016
336 2 33017
47 2 33018
402 229 33019
402 174 33020
451 734 33021
451 873 33022
673 84 33023
673 84 33024
673 84 33025
673 84 33026
673 84 33027
673 84 33028
673 84 33029
62 388 33030
62 484 33031
62 437 33032
91 734 33033
91 734 33034
664 734 33035
93 484 33036
93 388 33037
255 739 33038
730 751 33039
53 94 33040
395 734 33041
711 881 33042
650 437 33043
711 871 33044
711 871 33045
861 644 33046
313 701 33047
97 33 33048
392 869 33049
102 869 33050
102 515 33051
686 94 33052
664 734 33053
336 84 33054
93 515 33055
93 881 33056
93 644 33057
313 33 33058
281 881 33059
281 881 33060
281 504 33061
336 96 33062
418 515 33063
418 36 33064
418 290 33065
418 240 33066
418 240 33067
833 858 33068
9 36 33069
93 515 33070
93 290 33071
392 869 33072
392 869 33073
173 36 33074
83 53 33075
83 53 33076
83 33 33077
83 701 33078
9 36 33079
18 240 33080
18 96 33081
18 84 33082
18 84 33083
97 33 33084
588 873 33085
39 323 33086
39 789 33087
39 517 33088
893 734 33089
893 734 33090
893 734 33091
893 741 33092
83 33 33093
205 99 33094
205 91 33095
673 84 33096
673 84 33097
673 84 33098
49 515 33099
794 572 33100
400 96 33101
664 734 33102
293 258 33103
891 560 33104
891 495 33105
336 84 33106
336 96 33107
18 96 33108
18 84 33109
90 522 33110
336 84 33111
336 84 33112
336 96 33113
336 96 33114
673 84 33115
673 84 33116
62 443 33117
62 510 33118
498 492 33119
498 220 33120
205 417 33121
205 615 33122
579 546 33123
579 874 33124
579 743 33125
579 776 33126
579 53 33127
579 355 33128
579 260 33129
579 738 33130
579 236 33131
579 730 33132
579 105 33133
579 33 33134
579 183 33135
579 759 33136
579 264 33137
579 636 33138
47 69 33139
538 264 33140
538 559 33141
538 543 33142
538 662 33143
538 545 33144
49 182 33145
18 762 33146
18 238 33147
18 843 33148
18 523 33149
752 60 33150
752 388 33151
18 84 33152
18 96 33153
624 53 33154
255 776 33155
239 857 33156
239 736 33157
239 431 33158
239 319 33159
625 150 33160
421 221 33161
744 153 33162
310 617 33163
83 53 33164
62 759 33165
83 186 33166
62 183 33167
62 183 33168
83 883 33169
83 759 33170
686 49 33171
83 636 33172
686 96 33173
686 778 33174
686 521 33175
686 392 33176
400 96 33177
250 349 33178
250 713 33179
250 240 33180
250 418 33181
250 94 33182
250 521 33183
250 502 33184
250 431 33185
250 585 33186
250 897 33187
12 486 33188
102 869 33189
141 476 33190
141 477 33191
141 617 33192
141 617 33193
3 490 33194
663 857 33195
538 490 33196
673 84 33197
673 84 33198
673 84 33199
451 734 33200
451 873 33201
336 96 33202
93 270 33203
93 123 33204
93 863 33205
93 287 33206
93 349 33207
93 510 33208
93 594 33209
93 543 33210
93 515 33211
93 60 33212
93 517 33213
93 183 33214
93 759 33215
93 52 33216
93 636 33217
93 435 33218
93 585 33219
93 388 33220
93 897 33221
400 543 33222
18 240 33223
18 84 33224
673 84 33225
93 543 33226
673 84 33227
803 595 33228
268 729 33229
268 492 33230
268 776 33231
752 789 33232
752 741 33233
478 734 33234
18 96 33235
313 443 33236
313 150 33237
785 445 33238
785 598 33239
93 598 33240
686 96 33241
686 96 33242
686 521 33243
308 743 33244
308 290 33245
609 386 33246
538 743 33247
400 96 33248
164 81 33249
164 323 33250
164 895 33251
164 738 33252
400 559 33253
400 543 33254
318 558 33255
80 360 33256
488 90 33257
488 725 33258
488 558 33259
9 725 33260
510 99 33261
510 99 33262
283 51 33263
283 184 33264
12 99 33265
18 96 33266
661 417 33267
538 559 33268
90 734 33269
686 96 33270
686 96 33271
686 96 33272
18 96 33273
308 743 33274
451 734 33275
400 96 33276
18 96 33277
595 831 33278
595 830 33279
488 725 33280
709 592 33281
709 479 33282
709 739 33283
47 356 33284
47 450 33285
47 676 33286
47 128 33287
635 181 33288
635 672 33289
635 119 33290
18 84 33291
395 766 33292
395 434 33293
395 790 33294
395 386 33295
478 734 33296
686 96 33297
686 96 33298
686 96 33299
686 96 33300
255 592 33301
777 541 33302
777 264 33303
777 293 33304
777 357 33305
777 735 33306
777 265 33307
777 522 33308
538 264 33309
742 479 33310
742 257 33311
742 261 33312
742 182 33313
742 883 33314
742 81 33315
742 759 33316
742 775 33317
742 636 33318
742 546 33319
742 598 33320
742 222 33321
400 96 33322
18 96 33323
18 96 33324
220 394 33325
871 392 33326
673 84 33327
673 84 33328
673 84 33329
531 320 33330
673 84 33331
93 222 33332
93 543 33333
93 543 33334
93 394 33335
93 759 33336
93 636 33337
93 290 33338
93 598 33339
255 598 33340
705 423 33341
705 282 33342
538 543 33343
538 392 33344
443 323 33345
93 543 33346
93 598 33347
424 780 33348
478 734 33349
538 543 33350
164 320 33351
164 734 33352
164 99 33353
346 521 33354
346 895 33355
346 854 33356
346 491 33357
783 491 33358
400 543 33359
518 431 33360
518 178 33361
686 392 33362
531 320 33363
871 392 33364
609 92 33365
664 734 33366
93 92 33367
93 543 33368
91 290 33369
91 734 33370
91 542 33371
686 96 33372
686 96 33373
686 96 33374
686 96 33375
220 394 33376
673 84 33377
673 84 33378
673 84 33379
18 96 33380
93 290 33381
93 394 33382
18 96 33383
521 239 33384
521 391 33385
395 734 33386
239 443 33387
18 84 33388
673 84 33389
673 84 33390
673 84 33391
400 96 33392
18 96 33393
624 53 33394
229 68 33395
313 598 33396
538 543 33397
93 543 33398
93 598 33399
83 53 33400
92 99 33401
90 734 33402
255 598 33403
538 543 33404
93 598 33405
93 543 33406
510 91 33407
510 320 33408
759 759 33409
759 55 33410
538 543 33411
531 320 33412
47 729 33413
93 543 33414
93 759 33415
870 878 33416
709 357 33417
709 6 33418
709 484 33419
18 84 33420
538 543 33421
424 737 33422
93 543 33423
93 484 33424
205 91 33425
164 895 33426
164 320 33427
90 737 33428
225 743 33429
666 743 33430
90 867 33431
90 867 33432
91 734 33433
346 734 33434
395 867 33435
395 869 33436
510 320 33437
164 320 33438
164 734 33439
92 99 33440
555 257 33441
510 320 33442
102 869 33443
91 734 33444
451 734 33445
870 734 33446
451 734 33447
451 881 33448
91 734 33449
346 734 33450
424 737 33451
243 290 33452
93 290 33453
384 2 33454
102 869 33455
753 713 33456
753 596 33457
753 236 33458
753 897 33459
93 897 33460
83 881 33461
83 186 33462
83 776 33463
83 53 33464
83 739 33465
83 738 33466
83 33 33467
93 881 33468
531 320 33469
531 75 33470
531 874 33471
268 729 33472
268 128 33473
538 881 33474
709 324 33475
709 690 33476
47 729 33477
93 881 33478
91 290 33479
19 729 33480
19 734 33481
19 206 33482
478 734 33483
12 91 33484
164 99 33485
164 320 33486
164 734 33487
383 869 33488
870 734 33489
446 390 33490
446 290 33491
336 240 33492
336 84 33493
336 96 33494
336 759 33495
47 2 33496
47 69 33497
448 450 33498
83 881 33499
451 734 33500
548 257 33501
93 881 33502
93 290 33503
93 290 33504
510 320 33505
510 99 33506
83 881 33507
90 734 33508
531 99 33509
18 240 33510
18 96 33511
346 734 33512
268 729 33513
268 729 33514
